Time;[11:7];[23:228];[30.5];[31:115];[32:15];[32:24];[32:77];[32:124];[33:337];[33:338];[33:339];[33:340];[33:341];[33:342];[33:343];[33:344];[33:345];[34.275];[37:11];[37:12];[37:13];[37:14];[37:15];[37:16];[37:27];[37:34]
time;Banddicke;MON Verzinnungsstation Pd;OFI Start;Verzinnungsstation_ Temp. Zinnbad Sollwert;Laufprogramm Istwerte Zug / Abhaspel Istzug absolut [N];Laufprogramm Istwerte Zug / Verzinnung Istzug absolut [N];Laufprogramm Istwerte Abstreifer US / Istposition;Laufprogramm Istwerte Bandgeschwindigkeit / Sollwert [m/min];Wannentemperatur außen (WSP);Zinnbadtemperatur Wanne (WSP);Temperatur unter der Zinnbadrolle 1 (WSP);Temperatur unter der Zinnbadrolle 2 (WSP);Reglerausgang Y-Out (WSP);P-Anteil von Y-Out (WSP);I-Anteil von Y-Out (WSP);D-Anteil von Y-Out (WSP);Wirksame Soll-Temperatur (WSP);MON Sicherheit Schallschutzkabine Hubtor geöffnet;DB912_Istwerte\reP-Anteil_YOUT_Wanne;DB912_Istwerte\reI-Anteil_YOUT_Wanne;DB912_Istwerte\reD-Anteil_YOUT_Wanne;DB912_Istwerte\reP-Anteil_YOUT_Rolle;DB912_Istwerte\reI-Anteil_YOUT_Rolle;DB912_Istwerte\reD-Anteil_YOUT_Rolle;DB912_Istwerte\RCV.reV_Ist;DB912_Istwerte\reWirksameSolltemperaturWanneInnen
0;0,5;7;0;270,1;1062,32;232,231;28,6;0;281,337;273,9;270,04;269,8;2,08216;0;5,78997;0,000139328;270,1;0;-0,740149;2,82098;0;0;5,78997;0,000129256;0;280,89
1;0,5;7;0;270,1;1153,03;233,081;28,6;0;281,272;273,9;270,035;269,8;2,26877;0;5,78997;8,23998e-05;270,1;0;-0,544867;2,81364;0;0;5,78997;8,23998e-05;0;280,89
2;0,5;7;0;270,1;1236,01;233,789;28,6;0;281,207;273,8;270,032;269,8;2,26323;0;5,78997;5,25294e-05;270,1;0;-0,349768;2,80744;0;0;5,78997;4,87321e-05;0;280,89
3;0,5;7;0;270,1;1301,69;234,399;28,6;0;281,142;273,8;270,031;269,8;2,64984;0;5,78997;3,10664e-05;270,1;0;-0,154486;2,80407;0;0;5,78997;2,88206e-05;0;280,89
4;0,5;7;0;270,1;1350,67;234,998;28,6;0;281,076;273,8;270,03;269,8;2,80371;0;5,78997;1,8373e-05;270,1;0;0;2,80371;0;0;5,78997;1,8373e-05;0;280,89
5;0,5;8;0;270,1;1391,63;235,396;28,6;0;281,033;273,9;270,029;269,9;2,80371;0;5,78997;1,17126e-05;270,1;0;0;2,80371;0;0;5,78997;1,08659e-05;0;280,89
6;0,5;11;0;270,1;1423,48;235,533;28,6;0;280,968;274;270,028;269,9;2,80371;0;5,78997;6,92697e-06;270,1;0;0;2,80371;0;0;5,78997;6,42622e-06;0;280,89
7;0,5;11;0;270,1;1448,28;235,606;28,6;0;280,924;274,1;270,027;269,9;2,80371;0;5,78997;4,09668e-06;270,1;0;0;2,80371;0;0;5,78997;4,09668e-06;0;280,89
8;0,5;11;0;270,1;1466,1;235,777;28,6;0;280,903;274,2;270,026;269,9;2,80371;0;5,78997;2,61161e-06;270,1;0;0;2,80371;0;0;5,78997;2,42281e-06;0;280,89
9;0,5;12;0;270,1;1482,37;235,833;28,6;0;280,773;274,4;270,026;269,9;2,80371;0;5,78997;1,66488e-06;270,1;0;0;2,80371;0;0;5,78997;1,43288e-06;0;280,89
10;0,5;11;0;270,1;1498,67;235,732;28,6;0;280,686;274,5;270,025;269,9;2,81641;0;5,78997;9,84627e-07;270,1;0;0,0126709;2,80376;0;0;5,78997;9,13449e-07;0;280,89
11;0,5;12;0;270,1;1510,81;234,955;28,534;0;280,621;274,5;270,028;270;2,88186;0;5,78997;5,82318e-07;270,1;0;0,207953;2,80433;0;0;5,78997;5,40223e-07;0;280,89
12;0,5;11;0;270,1;1520,89;232,933;27,082;0;280,686;274,4;270,03;270;2,81825;0;5,78997;3,71224e-07;270,1;0;0,0126709;2,8056;0;0;5,78997;3,44388e-07;0;280,89
13;0,5;12;0;270,1;1535,3;269,551;23,618;0;280,642;274,4;270,032;270;2,94906;0;5,78997;2,19545e-07;270,1;0;0,142859;2,80644;0;0;5,78997;2,03675e-07;0;280,89
14;0,5;11;0;270,1;1588,88;553,275;18,914;0;280,642;274,3;270,036;270;2,9504;0;5,78997;1,29841e-07;270,1;0;0,207953;2,80784;0;0;5,78997;1,20455e-07;0;280,89
15;0,5;12;0;270,1;1645,3;907,197;14,303;0;280,664;274,3;270,041;270,1;2,88703;0;5,78997;7,67894e-08;270,1;0;0,0777649;2,8094;0;0;5,78997;7,12384e-08;0;280,89
16;0,5;11;0;270,1;1688,59;1200,04;13,288;0;280,621;274,2;270,046;270,1;3,01941;0;5,78997;4,89528e-08;270,1;0;0,403235;2,81196;0;0;5,78997;4,5414e-08;0;280,89
17;0,5;11;0;270,1;1721,15;1429,51;13,286;0;280,556;274,2;270,054;270,1;3,21869;0;5,78997;2,89511e-08;270,1;0;0,338232;2,81607;0;0;5,78997;2,68583e-08;0;280,89
18;0,5;12;0;270,1;1749,91;1639,84;13,286;0;280,534;274,3;270,063;270,2;3,48286;0;5,78997;1,84562e-08;270,1;0;0,46842;2,82089;0;0;5,78997;1,58842e-08;0;280,89
19;0,5;11;0;270,1;1770,99;1805,54;13,286;0;280,534;274,3;270,071;270,2;3,29354;0;5,78997;1,09152e-08;270,1;0;0,46842;2,8259;0;0;5,78997;1,01261e-08;0;280,89
20;0,5;14;0;270,1;1786,07;1936,58;13,286;0;280,556;274,3;270,08;270,3;3,23419;0;5,78997;6,45533e-09;270,1;0;0,403235;2,83163;0;0;5,78997;5,98868e-09;0;280,89
21;0,5;14;0;270,1;1794,22;2025,33;13,286;0;280,469;274,3;270,091;270,3;3,5011;0;5,78997;3,81774e-09;270,1;0;0,663702;2,83851;0;0;5,78997;3,54176e-09;0;280,89
22;0,5;16;0;270,1;1801,14;2107,23;13,286;0;280,404;274,2;270,103;270,3;3,50774;0;5,78997;2,43379e-09;270,1;0;0,859076;2,84531;0;0;5,78997;2,25785e-09;0;280,89
23;0,5;16;0;270,1;1807,85;2187,97;13,286;0;280,469;274,2;270,114;270,4;3,51592;0;5,78997;1,43936e-09;270,1;0;0,663702;2,85332;0;0;5,78997;1,33531e-09;0;280,89
24;0,5;16;0;270,1;1814,54;2263,77;13,286;0;280,447;274,1;270,128;270,4;3,5887;0;5,78997;8,51254e-10;270,1;0;0,728796;2,8599;0;0;5,78997;8,51254e-10;0;280,89
25;0,5;16;0;270,1;1817,01;2315,65;13,286;0;280,469;274,1;270,139;270,4;3,5303;0;5,78997;5,42669e-10;270,1;0;0,663702;2,8677;0;0;5,78997;5,0344e-10;0;280,89
26;0,5;16;0;270,1;1821,02;2372,81;13,286;0;280,447;274,1;270,153;270,5;3,60308;0;5,78997;3,2094e-10;270,1;0;0,728796;2,8755;0;0;5,78997;2,97739e-10;0;280,89
27;0,5;16;0;270,1;1826,88;2437,81;13,286;0;280,425;274,1;270,169;270,5;3,67586;0;5,78997;1,89807e-10;270,1;0;0,598608;2,88313;0;0;5,78997;1,76086e-10;0;280,89
28;0,5;16;0;270,1;1827,35;2472,39;13,286;0;280,469;274,2;270,184;270,6;3,55253;0;5,78997;1,21001e-10;270,1;0;0,663702;2,88993;0;0;5,78997;1,12254e-10;0;280,89
29;0,5;16;0;270,1;1832;2530,66;13,286;0;280,534;274,2;270,196;270,6;3,36396;0;5,78997;7,1561e-11;270,1;0;0,663702;2,89648;0;0;5,78997;6,63879e-11;0;280,89
30;0,5;16;0;270,1;1832,36;2566,27;13,286;0;280,49;274,1;270,213;270,6;2,90032;-0,0526367;5,78984;-0,216478;270,1;0;0;2,90032;0;-0,0622803;5,78978;-0,247304;0;280,621
31;0,5;16;0;270,1;1835,98;2615,88;13,286;0;280,425;274,1;270,23;270,7;2,90032;-0,11001;5,78938;-0,368831;270,1;0;0;2,90032;0;-0,119409;5,78927;-0,387467;0;280,411
32;0,5;16;0;270,1;1837,23;2646,92;13,286;0;280,404;274,1;270,244;270,7;2,90032;-0,174829;5,78844;-0,469978;270,1;0;0;2,90032;0;-0,183862;5,78827;-0,479537;0;280,244
33;0,5;16;0;270,1;1839,51;2682,17;13,286;0;280,36;274,1;270,259;270,7;2,84843;-0,237329;5,78709;-0,520764;270,1;0;-0,354163;2,89949;0;-0,248193;5,78686;-0,535476;0;280,129
34;0,5;16;0;270,1;1841,74;2717,99;13,286;0;280,447;274,1;270,278;270,8;2,13425;-0,312036;5,78528;-0,598272;270,1;0;-0,760107;2,89436;0;-0,312036;5,78528;-0,598272;0;279,994
35;0,5;14;0;270,1;1842,97;2746,39;13,286;0;280,382;274,1;270,296;270,8;2,02006;-0,374048;5,78335;-0,630916;270,1;0;-0,910712;2,88517;0;-0,38418;5,783;-0,634135;0;279,878
36;0,5;11;0;270,1;1837,48;2739,19;13,286;0;280,447;274;270,311;270,8;1,53984;-0,444116;5,78067;-0,645434;270,1;0;-1,36774;2,87128;0;-0,453882;5,78025;-0,64584;0;279,791
37;0,5;10;0;270,1;1832,25;2733,44;13,286;0;280,425;274;270,328;270,9;1,37322;-0,511621;5,77753;-0,644046;270,1;0;-1,48264;2,85586;0;-0,511621;5,77753;-0,644046;0;279,731
38;0,5;8;0;270,1;1823,85;2703,77;13,286;0;280,447;273,9;270,342;270,9;1,13412;-0,567773;5,77449;-0,636495;270,1;0;-1,73047;2,83655;0;-0,576929;5,77396;-0,634605;0;279,67
39;0,5;0;0;270,1;1818,65;2692,71;13,286;0;280,339;273,9;270,358;270,9;1,27818;-0,631006;5,77056;-0,622133;270,1;0;-1,56339;2,81711;0;-0,64187;5,76996;-0,629518;0;279,617
40;0,5;0;0;270,1;1812,25;2674,53;13,286;0;280,447;274;270,376;270,9;0,608399;-0,705591;5,76617;-0,657677;270,1;0;-2,18906;2,79746;0;-0,705591;5,76617;-0,657677;0;279,517
41;0,5;0;0;270,1;1808,58;2674,7;13,286;0;280,295;273,9;270,394;270,9;0,804042;-0,76748;5,76203;-0,668198;270,1;0;-2,00632;2,77281;0;-0,777612;5,7613;-0,668722;0;279,426
42;0,5;0;0;270,1;1802,86;2658,74;13,286;0;280,36;273,9;270,409;270,9;0,521609;-0,827539;5,75754;-0,667585;270,1;0;-2,22834;2,74709;0;-0,847192;5,75597;-0,665825;0;279,352
43;0,5;0;0;270,1;1798,21;2656,48;13,286;0;280,252;273,9;270,425;270,9;0,529964;-0,899072;5,75105;-0,63054;270,1;0;-2,19511;2,72507;0;-0,899072;5,75105;-0,63054;0;279,32
44;0,5;0;0;270,1;1796,17;2668,85;13,286;0;280,143;273,9;270,436;270,9;0,84279;-0,943628;5,74587;-0,581191;270,1;0;-1,86652;2,70327;0;-0,950952;5,74498;-0,574474;0;279,321
45;0,5;0;0;270,1;1792,16;2661,67;13,286;0;280,056;274;270,449;270,9;0,921911;-0,986963;5,74044;-0,544812;270,1;0;-1,45618;2,68294;0;-1,00112;5,73857;-0,534666;0;279,306
46;0,5;0;0;270,1;1792,48;2682,07;13,286;0;279,905;274;270,461;270,8;1,42651;-1,03579;5,7338;-0,51193;270,1;0;-1,25532;2,6694;0;-1,04263;5,73282;-0,507867;0;279,286
47;0,5;0;0;270,1;1790,92;2689,24;13,286;0;279,926;274;270,471;270,8;1,26353;-1,08291;5,72685;-0,485833;270,1;0;-1,46937;2,65351;0;-1,0895;5,72583;-0,48248;0;279,258
48;0,5;0;0;270,1;1789,86;2697,18;13,286;0;279,753;274;270,479;270,8;1,82587;-1,11172;5,72067;-0,4241;270,1;0;-0,856146;2,64083;0;-1,12051;5,71858;-0,405827;0;279,289
49;0,5;0;0;270,1;1791,55;2721,46;13,286;0;279,796;274,1;270,487;270,7;1,75042;-1,14199;5,71327;-0,368411;270,1;0;-0,879401;2,63192;0;-1,14626;5,7122;-0,362369;0;279,303
50;0,5;0;0;270,1;1789,77;2726,13;13,286;0;279,666;274,1;270,491;270,7;2,204;-1,16543;5,70569;-0,305469;270,1;0;-0,262793;2,62379;0;-1,16763;5,7046;-0,293976;0;279,335
51;0,5;0;0;270,1;1789,72;2744,12;13,286;0;279,709;274,2;270,495;270,6;2,20258;-1,17825;5,6991;-0,246196;270,1;0;-0,403601;2,62115;0;-1,18032;5,69799;-0,2384;0;279,375
52;0,5;0;0;270,1;1790,2;2760,7;13,286;0;279,579;274,2;270,495;270,6;2,61915;-1,18105;5,69135;-0,154928;270,1;0;0;2,61915;0;-1,18118;5,69024;-0,144317;0;279,455
53;0,5;1;0;270,1;1788,77;2763,21;13,286;0;279,514;274,2;270,494;270,6;2,61915;-1,17776;5,6836;-0,0756723;270,1;0;0;2,61915;0;-1,17581;5,6825;-0,0607893;0;279,53
54;0,5;3;0;270,1;1788,95;2776,84;13,286;0;279,536;274,2;270,491;270,6;2,61915;-1,16445;5,67592;0,00680843;270,1;0;0;2,61915;0;-1,16262;5,67483;0,0151404;0;279,618
55;0,5;6;0;270,1;1787,98;2780,11;13,286;0;279,34;274,2;270,488;270,6;2,97364;-1,15347;5,6694;0,0485914;270,1;0;0,372748;2,6209;0;-1,15164;5,66832;0,0539033;0;279,665
56;0,5;8;0;270,1;1785,53;2771,78;13,286;0;279,47;274,2;270,485;270,5;2,69505;-1,14102;5,66187;0,0769736;270,1;0;0,0820679;2,62373;0;-1,13931;5,6608;0,0796456;0;279,698
57;0,5;9;0;270,1;1786,06;2782,85;13,286;0;279,319;274,2;270,479;270,5;3,36821;-1,11746;5,65445;0,138688;270,1;0;0,771368;2,62832;0;-1,11392;5,65341;0,145723;0;279,776
58;0,5;11;0;270,1;1784,87;2783,13;13,286;0;279,427;274,2;270,473;270,5;3,23161;-1,0928;5,6472;0,177861;270,1;0;0,596686;2,63493;0;-1,0928;5,6472;0,177861;0;279,826
59;0,5;11;0;270,1;1781,86;2769,31;13,286;0;279,362;274,3;270,469;270,5;3,46936;-1,07815;5,6411;0,169742;270,1;0;0,812201;2,64306;0;-1,07668;5,64009;0,164531;0;279,833
60;0,5;14;0;270,1;1781,82;2770,88;13,286;0;279,405;274,3;270,467;270,6;3,25888;-1,06826;5,63406;0,138648;270,1;0;0,466956;2,65201;0;-1,06692;5,63306;0,135097;0;279,804
61;0,5;14;0;270,1;1781,57;2772,79;13,286;0;279,384;274,3;270,465;270,6;3,27266;-1,05886;5,62708;0,118574;270,1;0;0,615088;2,65757;0;-1,05886;5,62708;0,118574;0;279,789
62;0,5;15;0;270,1;1779,69;2762,05;13,286;0;279,384;274,3;270,466;270,7;3,0896;-1,06326;5,62111;0,0578898;270,1;0;0,396185;2,66398;0;-1,06399;5,62012;0,0501753;0;279,716
63;0,5;16;0;270,1;1779,98;2766,6;13,286;0;279,384;274,3;270,469;270,7;2,81872;-1,0762;5,6141;-0,0194751;270,1;0;0,104224;2,66637;0;-1,07876;5,61309;-0,0304216;0;279,618
64;0,5;16;0;270,1;1780,8;2775,24;13,286;0;279,319;274,3;270,476;270,8;2,67438;-1,09939;5,60799;-0,108128;270,1;0;0;2,66693;0;-1,10378;5,60696;-0,12149;0;279,5
65;0,5;16;0;270,1;1778,48;2768,46;13,286;0;279,384;274,2;270,486;270,9;2,66693;-1,13821;5,60066;-0,21839;270,1;0;0;2,66693;0;-1,14456;5,59959;-0,233193;0;279,344
66;0,5;16;0;270,1;1778,3;2773,48;13,286;0;279,319;274,1;270,5;271,1;2,66684;-1,19973;5,59301;-0,373471;270,1;0;0;2,66684;0;-1,19973;5,59301;-0,373471;0;279,155
67;0,5;16;0;270,1;1774,44;2747,45;13,286;0;279,34;274,1;270,521;271,2;1,90728;-1,28433;5,58487;-0,554106;270,1;0;-0,755621;2,6629;0;-1,28433;5,58487;-0,554106;0;278,888
68;0,5;12;0;270,1;1774,36;2750,89;13,286;0;279,275;274,1;270,548;271,3;1,06664;-1,37466;5,5774;-0,720662;270,1;0;-1,47925;2,64845;0;-1,39175;5,5761;-0,750927;0;278,582
69;0,5;0;0;270,1;1772;2738,65;13,286;0;279,362;274;270,577;271,4;0;-1,50674;5,56796;-0,945312;270,1;0;-3,09864;2,62794;0;-1,52725;5,56796;-0,975809;0;278,216
70;0,5;0;0;270,1;1774,36;2758,1;13,286;0;279,514;274;270,615;271,6;0;-1,63577;5,56796;-1,12399;270,1;0;-4,21705;2,62794;0;-1,65957;5,56796;-1,15745;0;277,908
71;0,5;0;0;270,1;1772,92;2753,6;13,286;0;279,514;273,9;270,658;271,7;0;-1,8063;5,56796;-1,33096;270,1;0;-5,34955;2,62794;0;-1,8312;5,56796;-1,35476;0;277,531
72;0,5;0;0;270,1;1771,17;2749,94;13,286;0;279,514;273,9;270,698;271,8;0;-1,99197;5,56796;-1,51451;270,1;0;-6,45716;2,62794;0;-2,02004;5,56796;-1,54033;0;277,161
73;0,5;0;0;270,1;1772,44;2767,34;13,286;0;279,297;273,9;270,748;271,9;0;-2,19326;5,56796;-1,68115;270,1;0;-6,76075;2,62794;0;-2,19326;5,56796;-1,68115;0;276,843
74;0,5;0;0;270,1;1770,28;2757,48;13,286;0;279,405;273,9;270,8;271,9;0;-2,37136;5,56796;-1,79117;270,1;0;-8,0998;2,62794;0;-2,40151;5,56796;-1,80699;0;276,505
75;0,5;0;0;270,1;1769,01;2751,36;13,286;0;279,253;273,8;270,843;272;0;-2,57327;5,56796;-1,84012;270,1;0;-8,3967;2,62794;0;-2,60037;5,56796;-1,8377;0;276,255
76;0,5;0;0;270,1;1769,85;2760,94;13,286;0;279,275;273,7;270,888;272;0;-2,75063;5,56796;-1,77474;270,1;0;-8,75889;2,62794;0;-2,75063;5,56796;-1,77474;0;276,156
77;0,5;0;0;270,1;1768,07;2749,01;13,286;0;279,145;273,6;270,924;272;0;-2,89456;5,56796;-1,71043;270,1;0;-8,64591;2,62794;0;-2,91812;5,56796;-1,70033;0;276,063
78;0,5;0;0;270,1;1765,73;2734,21;13,286;0;279,145;273,7;270,963;271,9;0;-3,05068;5,56796;-1,61446;270,1;0;-8,76127;2,62794;0;-3,07144;5,56796;-1,59776;0;276,003
79;0,5;0;0;270,1;1763,75;2723,95;13,286;0;279,08;273,8;270,993;271,9;0;-3,17336;5,56796;-1,5227;270,1;0;-8,72391;2,62794;0;-3,19338;5,56796;-1,50911;0;275,972
80;0,5;0;0;270,1;1755,2;2669,88;13,286;0;278,971;273,8;271,028;271,9;0;-3,31179;5,56796;-1,43843;270,1;0;-8,56077;2,62794;0;-3,33328;5,56796;-1,43799;0;275,918
81;0,5;0;0;270,1;1743,42;2571,68;13,286;0;278,95;273,8;271,065;271,9;0;-3,45974;5,56796;-1,42554;270,1;0;-8,84623;2,62794;0;-3,45974;5,56796;-1,42554;0;275,801
82;0,5;0;0;270,1;1734,59;2486,4;13,286;0;278,993;273,8;271,096;271,9;0;-3,58254;5,56796;-1,40286;270,1;0;-9,33155;2,62794;0;-3,60269;5,56796;-1,39851;0;275,683
83;0,5;0;0;270,1;1727,42;2417,09;13,286;0;278,906;273,8;271,133;271,9;0;-3,73269;5,56796;-1,41454;270,1;0;-9,62159;2,62794;0;-3,75613;5,56796;-1,42524;0;275,521
84;0,5;0;0;270,1;1722,05;2361,03;13,286;0;278,885;273,7;271,174;271,9;0;-3,89419;5,56796;-1,46403;270,1;0;-10,2546;2,62794;0;-3,91677;5,56796;-1,46703;0;275,31
85;0,5;0;0;265;1741,26;2313,54;13,286;1,53664;278,863;273,7;271,212;271,9;64,2887;0;5,56796;16,5447;271,143;0;58,0057;0;0;0;5,56796;15,3487;0,46656;298,398
86;0,5;0;0;265;1853,04;2492,4;13,286;4,93381;278,776;273,7;271,238;271,8;44,7495;-0,163354;5,56766;9,07656;271,097;0;42,7489;0;0;-0,204858;5,56749;8,2204;4,23565;293,247
87;0,5;3;0;265;1851,11;2841,99;13,286;5;278,776;273,7;271,26;271,9;33,7127;-0,402002;5,56607;4,82676;271,057;0;29,8616;0,424025;0;-0,476465;5,56524;3,80825;5;288,908
88;0,5;40;0;265;1775,57;2989,92;13,286;5;278,754;273,7;271,279;271,8;23,4197;-0,661768;5,56258;1,84418;271,011;0;21,7033;0,678386;0;-0,698633;5,56194;1,5332;5;286,189
89;0,5;102;0;265;1708,63;2985,78;13,286;5;278,819;273,7;271,294;271,6;16,9114;-0,916895;5,55739;0,100234;270,965;0;15,552;0,893303;0;-0,951318;5,55651;-0,0729101;5;284,138
90;0,5;116;0;265;1690,62;2894,23;13,286;5;278,754;273,7;271,308;271,6;13,6222;-1,12319;5,55165;-0,766855;270,925;0;11,7425;1,05092;0;-1,19155;5,54948;-0,977527;5;282,868
91;0,5;102;0;265;1714,38;2694,74;13,286;5;278,819;273,7;271,32;271,5;10,7455;-1,36196;5,5435;-1,38233;270,879;0;8,94932;1,15489;0;-1,3959;5,5422;-1,44595;5;282,111
92;0,5;79;0;265;1764,22;2508,35;13,286;5;279,188;273,7;271,333;271,5;7,6984;-1,59878;5,53378;-1,7387;270,833;0;6,22095;1,24412;0;-1,63247;5,53226;-1,77537;5;281,462
93;0,5;67;0;265;1805,04;2385,84;13,286;5;279,492;273,7;271,345;271,4;5,30891;-1,83389;5,52251;-1,9428;270,787;0;4,01179;1,29713;0;-1,83389;5,52251;-1,9428;5;281,029
94;0,5;49;0;265;1819,5;2244,88;13,286;5;279,731;273,7;271,356;271,3;3,53923;-2,03408;5,51163;-2,04466;270,747;0;1,85041;1,33231;0;-2,06729;5,50971;-2,05686;5;280,613
95;0,5;37;0;265;1841,18;2129,77;13,286;5;280,013;273,7;271,367;271,1;1,64278;-2,26223;5,49753;-2,09395;270,701;0;0,186255;1,34185;0;-2,29324;5,49539;-2,09201;5;280,275
96;0,5;21;0;265;1871,91;2058,72;13,286;5;280,469;273,7;271,375;271;0,672386;-2,47915;5,48197;-2,08237;270,655;0;-0,847266;1,3394;0;-2,51003;5,47963;-2,08068;5;280,008
97;0,5;0;0;265;1907,76;2021,74;13,286;5;280,686;273,6;271,381;271;0;-2,6603;5,47487;-2,05468;270,615;0;-2,03361;1,33593;0;-2,68911;5,47487;-2,04498;5;279,808
98;0,5;0;0;265;1947,08;1997,47;13,286;5;280,881;273,6;271,385;271;0;-2,86392;5,47487;-2,0093;270,569;0;-3,23276;1,33593;0;-2,89456;5,47487;-2,01171;5;279,603
99;0,5;0;0;265;1972,67;1963,34;13,286;5,69696;281,033;273,6;271,393;271,1;0;-3,07827;5,47487;-2,02237;270,523;0;-0,749213;1,33593;0;-3,10879;5,47487;0;5,05184;280,67
100;0,5;0;0;265;1993,83;1933,86;13,286;10,8982;281,142;273,6;271,401;271,1;9,68962;-3,29751;5,45686;0;270,477;0;8,30158;1,38804;0;-3,29751;5,45686;0;8,31776;284,109
101;0,5;0;0;265;2039,48;1946,47;13,286;20,4374;281,207;273,6;271,41;271,1;22,7605;-3,49087;5,43776;0;270,437;0;23,3123;1,56317;0;-3,5231;5,43448;0;16,6;289,199
102;0,5;11;0;265;2101,31;1948,08;13,286;27,7068;281,207;273,5;271,42;271,2;42,5435;-3,71536;5,41412;0;270,391;0;42,4152;1,95463;0;-3,74746;5,41062;0;25,6973;295,567
103;0,5;37;0;265;2149,05;1928,43;13,286;30;281,185;273,5;271,43;271,2;50,8125;-3,93838;5,389;0;270,345;0;50,8125;0;0;-3,93838;5,389;0;29,7538;298,322
104;0,5;170;0;265;2192,38;1956,04;13,286;30;281,163;273,4;271,437;271,2;51,2517;-4,12856;5,36631;0;270,305;0;51,1206;0;0;-4,16018;5,36243;0;30;298,403
105;0,5;271;0;265;2223,5;1985,85;13,286;30;281,207;273,4;271,446;271,2;50,2025;-4,34731;5,3385;0;270,259;0;50,0123;0;0;-4,37673;5,33441;0;30;298,099
106;0,5;333;0;265;2239,05;1989,3;13,286;30;281,554;273,3;271,454;271,2;48,2594;-4,56289;5,30927;0;270,213;0;48,2594;0;0;-4,56289;5,30927;0;30;297,84
107;0,5;337;0;265;2253,3;2007,5;13,286;30;282,01;273,3;271,459;270,8;46,517;-4,74062;5,2831;0;270,173;0;46,0008;0;0;-4,7698;5,27864;0;30;297,543
108;0,5;321;0;265;2264,37;2021;13,286;30;283,095;273,2;271,438;269,9;42,4052;-4,84145;5,25149;0;270,127;0;42,1878;0,217344;0;-4,84145;5,25149;0;30;297,357
109;0,5;305;0;265;2270,54;2019,56;13,286;30;284,18;273,2;271,332;268,2;39,9486;-4,60427;5,22032;0;270,081;0;39,2505;0,698023;0;-4,60427;5,22032;0;30;297,463
110;0,5;284;0;265;2276,66;2026,08;13,286;30;285,352;273,2;271,161;265,7;37,7574;-4,1874;5,19552;0;270,041;0;36,8769;1,13917;0;-4,1061;5,19164;0;30;297,844
111;0,5;268;0;265;2281,99;2035,7;13,286;30;286,632;273,1;270,987;264,3;36,3723;-3,66165;5,17341;0;270,002;0;34,6451;1,55055;0;-3,47036;5,16673;0;30;298,38
112;0,5;255;0;265;2284,24;2032,21;13,286;30;287,869;273;270,76;263;34,4475;-2,84548;5,14891;0;269,949;0;32,5626;1,88488;0;-2,84548;5,14891;0;30;298,923
113;0,5;246;0;265;2282,38;2039,03;13,286;30;288,889;273;270,528;262,1;33,755;-2,074;5,13501;0;269,91;0;31,9288;2,25343;0;-1,93582;5,13313;0;30;299,732
114;0,5;231;0;265;2278,82;2050,7;13,286;30;290,343;273;270,23;261,3;33,4345;-1,21511;5,12574;0;269,87;0;29,9245;2,61023;0;-0,921899;5,12373;0;30;300,67
115;0,5;224;0;265;2272,47;2039,29;13,286;30;291,406;272,9;269,972;261;32,0995;-0,193994;5,12111;0;269,824;0;29,6535;2,90724;0;-0,0470215;5,121;0;30;301,491
116;0,5;220;0;265;2268,33;2032,58;13,286;30;292,556;272,9;269,668;260,8;29,8253;0,039209;5,121;0;269,778;0;26,0781;3,23312;0;0,18606;5,1211;0;30;301,666
117;0,5;212;0;265;2265,31;2040,75;13,286;30;293,663;272,8;269,369;261,2;28,9201;0,908105;5,12368;0;269,738;0;25,875;3,49354;0;1,04995;5,12459;0;30;302,488
118;0,5;202;0;265;2262,13;2035,26;13,286;30;294,553;272,8;269,125;261,6;29,3093;1,86733;5,13282;0;269,692;0;25,9378;3,79357;0;1,99746;5,13463;0;30;303,399
119;0,5;201;0;265;2249,56;2007,88;13,286;30;295,595;272,7;268,865;262;28,9722;2,72415;5,14795;0;269,646;0;24,8648;4,08821;0;2,83706;5,15056;0;30;304,213
120;0,5;200;0;265;2233,2;1941,38;13,286;30;296,398;272,7;268,622;261,6;29,1047;3,51187;5,16841;0;269,6;0;24,7072;4,3772;0;3,62795;5,17175;0;30;304,964
121;0,5;197;0;265;2222,57;1861,4;13,286;30;297,309;272,6;268,37;261,1;29,5371;4,2134;5,19013;0;269,56;0;24,3848;4,62457;0;4,33315;5,19413;0;30;305,637
122;0,5;196;0;265;2217,5;1805,14;13,286;30;297,895;272,5;268,15;261;29,5862;5,05447;5,22052;0;269,514;0;24,8728;4,9129;0;5,1752;5,22532;0;30;306,451
123;0,5;196;0;265;2218,48;1781,16;13,286;30;298,481;272,3;267,894;261;30,1959;5,77749;5,251;0;269,474;0;25,1831;5,20615;0;6,01333;5,26205;0;30;307,271
124;0,5;198;0;265;2284,26;1786,41;13,286;30;299,284;272,1;267,642;261;30,8828;6,71707;5,29785;0;269,421;0;25,4235;5,45927;0;6,71707;5,29785;0;30;307,958
125;0,5;203;0;265;2347,08;1741,93;13,286;30;299,783;271,9;267,428;260,9;31,7238;7,41702;5,33761;0;269,382;0;26,2181;5,75963;0;7,53311;5,34462;0;30;308,766
126;0,5;206;0;265;2408,08;1725,35;13,286;30;300,412;271,9;267,182;260,7;32,5244;8,21487;5,38892;0;269,336;0;26,8345;6,06842;0;8,32815;5,39668;0;30;309,557
127;0,5;211;0;265;2469,97;1727,88;13,286;30;300,825;271,8;266,938;260,6;33,9028;8,89199;5,43703;0;269,296;0;27,6248;6,34032;0;9,00515;5,44542;0;30;310,233
128;0,5;219;0;265;2517,83;1712,36;13,286;30;301,28;271,8;266,725;260,2;34,9557;9,69876;5,49801;0;269,25;0;28,6877;6,66837;0;9,81484;5,50716;0;30;311,043
129;0,5;227;0;265;2562,63;1712,82;13,286;30;301,866;271,9;266,475;259,6;36,0102;10,5147;5,56434;0;269,204;0;29,4035;7,00767;0;10,6298;5,57425;0;30;311,867
130;0,5;238;0;265;2601,4;1720,54;13,286;30;302,257;271,9;266,226;259,1;20;11,3274;5,62543;0;269,158;0;30,3482;7,25566;0;11,3274;5,62543;0;30;312,573
131;0,5;229;0;265;2621,11;1707,66;13,286;30;302,843;272;265,976;259;20;12,0271;5,62543;0;269,118;0;30,8727;7,25566;0;12,143;5,62543;0;30;313,334
132;0,5;167;0;265;2645,54;1703,58;13,286;30;303,299;272;265,757;258,3;20;12,861;5,62543;0;269,072;0;31,4944;7,25566;0;12,861;5,62543;0;30;313,997
133;0,5;149;0;265;2668,95;1711,56;13,286;30;303,754;272,1;265,486;258;20;13,6282;5,62543;0;269,032;0;32,6201;7,25566;0;13,7583;5,62543;0;30;314,828
134;0,5;137;0;265;2681,16;1709,33;13,286;30;304,188;272,2;265,253;258,1;20;14,5344;5,62543;0;268,986;0;33,1235;7,25566;0;14,6652;5,62543;0;30;315,516
135;0,5;134;0;265;2696,35;1706,52;13,286;30;304,492;272,3;264,981;258,4;20;15,4348;5,62543;0;268,94;0;32,324;7,25566;0;15,4348;5,62543;0;30;315,467
136;0,5;133;0;265;2709,17;1713,07;13,286;30;304,688;272,4;264,729;259;20;16,2598;5,62543;0;268,894;0;31,5649;7,25566;0;16,2598;5,62543;0;30;315,409
137;0,5;133;0;265;2713,16;1706,47;13,286;30;304,796;272,5;264,505;259,4;20;16,8732;5,62543;0;268,854;0;31,0663;7,25566;0;16,9716;5,62543;0;30;315,351
138;0,5;132;0;265;2713,73;1672,78;13,286;30;304,753;272,5;264,326;259,9;20;17,5286;5,62543;0;268,808;0;30,9581;7,25566;0;17,6148;5,62543;0;30;315,294
139;0,5;132;0;265;2723,11;1683,89;13,286;30;304,753;272,7;264,144;260,5;20;18,072;5,62543;0;268,762;0;30,8748;7,25566;0;18,072;5,62543;0;30;315,244
140;0,5;132;0;265;2724,76;1674,99;13,286;30;304,905;272,7;263,996;261;20;18,4303;5,62543;0;268,722;0;30,2459;7,25566;0;18,4802;5,62543;0;30;315,186
141;0,5;132;0;265;2727,45;1650,54;13,286;30;304,948;272,3;263,895;261,3;20;18,7261;5,62543;0;268,676;1;29,9425;7,25566;0;18,7595;5,62543;0;30;315,129
142;0,5;132;0;265;2735,99;1656,05;13,286;30;304,948;271,9;263,797;261,6;20;18,9308;5,62543;0;268,63;1;29,794;7,25566;0;18,9308;5,62543;0;30;315,079
143;0,5;132;0;265;2744,74;1669,37;13,286;30;304,926;271,5;263,715;261,6;20;19,0565;5,62543;0;268,59;1;29,6861;7,25566;0;19,0747;5,62543;0;30;315,022
144;0,5;132;0;265;2743,74;1664,8;13,286;30;304,861;271,3;263,651;261,2;20;19,1728;5,62543;0;268,544;0;29,7082;7,25566;0;19,1914;5,62543;0;30;314,964
145;0,5;132;0;265;2748,68;1681,75;13,286;30;304,818;271,1;263,563;260,8;20;19,3384;5,62543;0;268,498;0;29,6899;7,25566;0;19,3384;5,62543;0;30;314,914
146;0,5;132;0;265;2751,27;1694,77;13,286;30;304,774;270,9;263,468;260,9;20;19,5078;5,62543;0;268,458;0;29,647;7,25566;0;19,5352;5,62543;0;30;314,857
147;0,5;132;0;265;2741,79;1685,24;13,286;30;304,601;270,4;263,389;260,9;20;19,6934;5,62543;0;268,412;0;30,0194;7,25566;0;19,6934;5,62543;0;30;314,807
148;0,5;131;0;265;2744,31;1696,5;13,286;30;304,579;269,8;263,303;260,6;20;19,8517;5,62543;0;268,366;0;29,9112;7,25566;0;19,8517;5,62543;0;30;314,749
149;0,5;131;0;265;2745,68;1711,78;13,286;30;304,47;269,7;263,23;260,5;20;19,9484;5,62543;0;268,327;0;30,0636;7,25566;0;19,9608;5,62543;0;30;314,692
150;0,5;132;0;265;2739,73;1705,29;13,286;30;304,405;269,9;263,175;260,7;20;20,0232;5,62543;0;268,28;0;30,2159;0;0;20,0323;5,62543;0;30;314,634
151;0,5;132;0;265;2745,08;1709,37;13,286;30;304,319;270,3;263,116;260,9;20;20,0735;5,62543;0;268,234;0;30,1978;0;0;20,0735;5,62543;0;30;314,585
152;0,5;132;0;265;2746,02;1721,02;13,286;30;304,297;270,6;263,068;260,9;20;20,1048;5,62543;0;268,195;0;30,1549;0;0;20,1077;5,62543;0;30;314,527
153;0,5;132;0;265;2739,79;1715,08;13,286;30;304,21;270,8;263,012;260,3;20;20,1443;5,62543;0;268,148;0;30,2421;0;0;20,1602;5,62543;0;30;314,469
154;0,5;131;0;265;2740,73;1711,61;13,286;30;304,232;270,7;262,918;259,5;20;20,3379;5,62543;0;268,102;0;29,9634;0;0;20,3379;5,62543;0;30;314,42
155;0,5;132;0;265;2740,56;1722,95;13,286;30;304,145;270,6;262,817;259,2;48,7972;20,5828;5,72142;0;268,063;0;49,0284;0;0;20,6267;5,74073;0;30;320,666
156;0,5;166;0;265;2737,44;1723,75;13,286;30;304,102;270,5;262,698;259,1;49,8913;20,8333;5,83791;0;268,023;0;50,4601;0;0;20,9127;5,87705;0;30;321,035
157;0,5;212;0;265;2738,93;1720,59;13,286;30;303,971;270,5;262,591;259,1;51,3694;21,0861;5,9755;0;267,977;0;51,4346;0;0;21,1157;5,99528;0;30;321,316
158;0,5;306;0;265;2740,4;1731,53;13,286;30;303,928;270,2;262,511;258,9;52,2725;21,2803;6,11452;0;267,931;0;52,1309;0;0;21,3081;6,13448;0;30;321,592
159;0,5;338;0;265;2743,21;1739,48;13,286;30;304,123;269,2;262,413;259;52,4866;21,4572;6,23471;0;267,891;0;52,6744;0;0;21,5171;6,275;0;30;321,881
160;0,5;353;0;265;2742,47;1743,6;13,286;30;304,601;268,1;262,318;259,4;52,5003;21,6564;6,37619;0;267,845;0;51,9649;0;0;21,6806;6,39651;0;30;322,122
161;0,5;356;0;265;2744,35;1756,53;13,286;30;304,926;267,2;262,254;260,1;51,5473;21,7809;6,51878;0;267,799;0;51,1607;0;0;21,7876;6,5392;0;30;322,332
162;0,5;353;0;265;2744,38;1758,59;13,286;30;305,751;266,9;262,205;260,6;49,8349;21,7947;6,64137;0;267,759;0;49,4273;0;0;21,7863;6,68222;0;30;322,427
163;0,5;346;0;265;2737,79;1749,5;13,286;30;306,38;267,1;262,176;261;48,2458;21,7355;6,78424;0;267,713;0;47,593;0;0;21,7206;6,80461;0;30;322,445
164;0,5;333;0;265;2742,65;1764,42;13,286;30;307,01;267,1;262,163;261,2;45,623;21,6166;6,92651;0;267,667;0;45,602;0;0;21,5976;6,94677;0;30;322,41
165;0,5;319;0;265;2743,93;1776,98;13,286;30;307,834;267;262,151;261,4;43,209;21,4781;7,06793;0;267,621;0;42,9634;0,288787;0;21,4567;7,08805;0;30;322,355
166;0,5;300;0;265;2739,41;1770,48;13,286;30;308,485;266,8;262,147;261,7;41,4815;21,3375;7,18836;0;267,581;0;40,8016;0,706612;0;21,3122;7,20835;0;30;322,286
167;0,5;292;0;265;2746,27;1774,58;13,286;30;309,158;266,6;262,146;261,8;39,6354;21,1555;7,3278;0;267,535;0;38,4825;1,16905;0;21,1281;7,34762;0;30;322,185
168;0,5;279;0;265;2747,27;1779,7;13,286;30;309,635;266,5;262,15;261,9;38,2988;20,9574;7,466;0;267,489;0;36,6974;1,60864;0;20,928;7,48563;0;30;322,068
169;0,5;273;0;265;2743,58;1780,11;13,286;30;310,026;266,6;262,156;262;37,1453;20,7732;7,58337;0;267,449;0;35,1766;1,96707;0;20,742;7,60283;0;30;321,952
170;0,5;258;0;265;2747,45;1785,27;13,286;30;310,438;266,7;262,167;262;35,8639;20,5449;7,71895;0;267,403;0;33,2931;2,36512;0;20,5119;7,7382;0;30;321,801
171;0,5;251;0;265;2743,87;1788,05;13,286;30;310,851;267,2;262,178;262,1;34,5449;20,3142;7,85302;0;267,357;0;31,2674;2,74313;0;20,2814;7,87205;0;30;321,647
172;0,5;243;0;265;2742,4;1787,15;13,286;30;311,285;267,5;262,188;262,3;33,155;20,1198;7,96674;0;267,317;0;30,0955;3,0497;0;20,0891;7,98559;0;30;321,517
173;0,5;234;0;265;2745,4;1786,14;13,286;30;311,675;267,4;262,196;262,4;32,1012;19,9054;8,09807;0;267,271;0;28,5014;3,39206;0;19,8749;8,11672;0;30;321,376
174;0,5;222;0;265;2745,39;1791,34;13,286;30;311,936;267,5;262,203;262,6;31,0225;19,6881;8,22799;0;267,225;0;27,1547;3,71667;0;19,6558;8,24644;0;30;321,231
175;0,5;213;0;265;2748,34;1797,36;13,286;30;312,24;267,7;262,215;262,9;29,9405;19,4547;8,35644;0;267,179;0;25,9575;3,98292;0;19,4547;8,35644;0;30;321,092
176;0,5;203;0;265;2748,26;1794,98;13,286;30;312,478;267,8;262,235;263,1;29,1933;19,229;8,46525;0;267,139;0;24,6702;4,2787;0;19,1891;8,48326;0;30;320,902
177;0,5;202;0;265;2752,06;1798,92;13,286;30;312,543;267,8;262,258;263;28,3585;18,9834;8,57273;0;267,1;0;23,8111;4,56092;0;18,8969;8,60824;0;30;320,68
178;0,5;196;0;265;2752,81;1801,74;13,286;30;312,695;267,7;262,281;262,8;27,6231;18,69;8,69633;0;267,054;0;22,8387;4,79272;0;18,6492;8,71384;0;30;320,487
179;0,5;192;0;265;2747,2;1798,5;13,286;30;312,739;267,7;262,306;262,8;27,0941;18,406;8,81805;0;267,007;0;21,8533;5,05341;0;18,3657;8,83529;0;30;320,267
180;0,5;187;0;265;2751,21;1806,2;12,792;30;312,804;267,8;262,331;262,8;26,5532;18,1634;8,92091;0;266,968;0;21,1213;5,30447;0;18,0799;8,95489;0;30;320,044
181;0,5;184;0;265;2750,23;1811,76;10,404;30;312,782;267,9;262,354;262,9;26,1704;17,8722;9,03915;0;266,922;0;20,3984;5,51261;0;17,831;9,05588;0;30;319,847
182;0,5;175;0;265;2744,63;1801,76;5,978;30;312,891;267,9;262,381;263;25,3803;17,5786;9,15548;0;266,875;0;19,5631;5,7461;0;17,5358;9,17194;0;30;319,612
183;0,5;174;0;265;2751,1;1793,55;1,579;30;312,869;267,9;262,409;263,1;24,9462;17,2805;9,26986;0;266,829;0;18,9039;5,97081;0;17,2383;9,28604;0;30;319,37
184;0,5;172;0;265;2749,97;1784,87;-0,993;30;312,804;268;262,439;263;24,6958;17,0205;9,36634;0;266,79;0;18,4601;6,1587;0;16,9768;9,38227;0;30;319,157
185;0,5;169;0;265;2749,58;1784,26;-3,423;30;312,76;268,1;262,467;263;24,2567;16,705;9,477;0;266,743;0;17,8026;6,37069;0;16,6601;9,49264;0;30;318,895
186;0,5;165;0;265;2750,56;1778,05;-5,933;30;312,674;268,2;262,498;263,2;24,0191;16,4385;9,57021;0;266,704;0;17,6138;6,57636;0;16,3535;9,60096;0;30;318,636
187;0,5;161;0;265;2744,9;1761,87;-7,822;30;312,522;268,3;262,526;263,3;23,9372;16,1427;9,67712;0;266,658;0;17,1108;6,74987;0;16,1007;9,69223;0;30;318,425
188;0,5;160;0;265;2743,83;1752,33;-7,923;30;312,457;268,1;262,55;263,5;23,5836;15,845;9,78209;0;266,612;0;16,7499;6,94679;0;15,8017;9,79692;0;30;318,175
189;0,5;160;0;265;2746,91;1742,61;-9,37;30;312,348;268,2;262,58;263,6;23,3332;15,5435;9,88508;0;266,565;0;16,3067;7,13951;0;15,4987;9,89963;0;30;317,919
190;0,5;158;0;265;2745,04;1732,77;-11,082;30;312,305;268,4;262,615;263,7;22,8189;15,2157;9,98603;0;266,519;0;15,5203;7,29856;0;15,2157;9,98603;0;30;317,678
191;0,5;157;0;265;2748,45;1725,54;-11,104;30;312,153;268,5;262,654;263,8;22,6066;14,9031;10,0708;0;266,48;0;15,3371;7,47726;0;14,8478;10,0847;0;30;317,357
192;0,5;155;0;265;2749,44;1718,47;-11,24;30;312,088;268,5;262,707;264;21,9122;14,5049;10,1673;0;266,434;0;14,2875;7,62468;0;14,5049;10,1673;0;30;317,05
193;0,5;150;0;265;2751,19;1708,49;-11,736;30;311,957;268,3;262,765;264,1;21,5997;14,1481;10,2479;0;266,394;0;13,5422;7,78727;0;14,0889;10,2611;0;30;316,672
194;0,5;147;0;265;2754,63;1709,26;-11,738;30;311,871;268,2;262,814;264;20,7452;13,7349;10,3393;0;266,348;0;12,6642;7,94165;0;13,6768;10,3522;0;30;316,292
195;0,5;143;0;265;2752,52;1708,67;-11,738;30;311,654;268,3;262,863;263,7;20,4757;13,355;10,4282;0;266,302;0;12,269;8,0864;0;13,3058;10,4407;0;30;315,943
196;0,5;140;0;265;2751,24;1700,13;-11,738;30;311,545;268,4;262,897;263,5;20,04;13,0332;10,5148;0;266,255;0;11,8315;8,20851;0;13,0332;10,5148;0;30;315,689
197;0,5;140;0;265;2750,64;1686,55;-11,738;30;311,306;268,2;262,923;263,5;19,8023;12,7857;10,5874;0;266,216;0;11,7586;8,34443;0;12,7458;10,5993;0;30;315,426
198;0,5;135;0;265;2753,54;1691,79;-11,738;30;311,068;268,3;262,944;263,5;20,2793;12,5031;10,6704;0;266,17;0;11,7027;8,48144;0;12,4616;10,6821;0;30;315,169
199;0,5;135;0;265;2757,74;1693,68;-11,738;30;311,046;268,4;262,97;263,5;19,6783;12,2139;10,7515;0;266,124;0;11,0842;8,59402;0;12,2139;10,7515;0;30;314,941
200;0,5;133;0;265;2755,67;1687,03;-11,738;30;310,59;268,6;262,995;263,4;20,4774;11,9688;10,8195;0;266,084;0;11,6578;8,72613;0;11,9282;10,8307;0;30;314,676
201;0,5;133;0;265;2759,87;1698,15;-11,738;30;310,525;268,7;263,013;263,4;20,0478;11,7005;10,8971;0;266,038;0;11,2083;8,83951;0;11,7005;10,8971;0;30;314,461
202;0,5;133;0;265;2760,09;1703,2;-11,738;30;310,308;268,9;263,028;263,3;20,1331;11,4525;10,9731;0;265,992;0;11,1639;8,96922;0;11,4525;10,9731;0;30;314,229
203;0,5;133;0;265;2753,17;1691,23;-11,738;30;310,113;269,1;263,039;263,1;20,2828;11,2564;11,0369;0;265,952;0;11,1106;9,10289;0;11,2248;11,0475;0;30;314,016
204;0,5;136;0;265;2758,65;1701,18;-11,738;30;309,809;269;263,047;263,1;20,71;11,0355;11,1101;0;265,906;0;11,471;9,23516;0;11,0042;11,1204;0;30;313,811
205;0,5;136;0;265;2762,99;1714,04;-11,738;30;309,483;268,7;263,056;263;21,2073;10,8161;11,1818;0;265,86;0;11,854;9,35331;0;10,8161;11,1818;0;30;313,635
206;0,5;136;0;265;2776,69;1761,97;-11,738;30;309,223;268,3;263,061;262,9;21,3945;10,6367;11,2421;0;265,82;0;11,896;9,3731;0;10,7848;11,1919;0;30;313,605
207;0,5;139;0;265;2811;1913,2;-11,738;30;308,854;267,7;263,06;262,8;22,3275;10,4567;11,3113;0;265,774;0;12,7729;9,63537;0;10,4315;11,3211;0;30;313,268
208;0,5;142;0;265;2836,4;2141,4;-11,738;30;308,746;267,3;263,058;262,8;22,3031;10,2802;11,3794;0;265,728;0;12,5413;9,76178;0;10,2802;11,3794;0;30;313,126
209;0,5;142;0;265;2852,21;2408,27;-11,738;30;308,29;267,3;263,058;262,8;23,0844;10,1208;11,4367;0;265,688;0;13,3823;9,91266;0;10,0954;11,4462;0;30;312,951
210;0,5;147;0;265;2860,19;2708,35;-11,738;30;308,16;267,3;263,057;262,9;23,3848;9,9418;11,5026;0;265,642;0;13,1953;10,0681;0;9,91445;11,5119;0;30;312,78
211;0,5;150;0;265;2853,64;2944,27;-11,738;30;307,856;267,1;263,058;263;23,9004;9,75112;11,5672;0;265,596;0;13,6994;10,201;0;9,75112;11,5672;0;30;312,622
212;0,5;154;0;265;2840,56;3102,96;-11,738;30;307,661;266,9;263,059;263;24,1499;9,58792;11,6216;0;265,556;0;13,8618;10,3625;0;9,56082;11,6305;0;30;312,438
213;0,5;155;0;265;2829,52;3234,36;-11,738;30;307,465;266,6;263,059;262,8;24,2083;9,4291;11,675;0;265,517;0;13,7794;10,523;0;9,37881;11,6927;0;30;312,258
214;0,5;155;0;265;2822,93;3372,43;-11,738;30;307,118;266,4;263,057;262,8;25,0922;9,25247;11,7363;0;265,47;0;14,3105;10,6661;0;9,2272;11,745;0;30;312,11
215;0,5;159;0;265;2812,79;3468,84;-11,738;30;307,031;266,3;263,055;263;24,6686;9,07546;11,7965;0;265,424;0;14,1122;10,8302;0;9,0502;11,805;0;30;311,935
216;0,5;162;0;265;2794,12;3496,75;-11,738;31,6;306,836;266,3;263,055;263,2;30,1847;8,89065;11,8554;0;265,378;0;19,6562;11,0149;0;8,86135;11,8638;0;30,5382;313,588
217;0,5;166;0;265;2798,84;3575,83;-11,738;38,1722;306,901;267;263,064;263,5;35,5943;8,70522;11,9049;0;265,339;0;26,3652;11,2371;0;8,67007;11,9131;0;34,8442;315,889
218;0,5;200;0;265;2809,01;3632,77;-11,738;48,16;306,793;267,3;263,081;263,6;53,9151;8,44619;11,9612;0;265,292;0;44,5322;11,6436;0;8,40737;11,9691;0;44;321,837
219;0,5;244;0;265;2830;3665,65;-11,738;56,4671;306,727;267,5;263,102;263,6;61,9813;8,17581;12,0158;0;265,246;0;65,0053;0;0;8,13748;12,0234;0;53,5484;328,596
220;0,5;335;0;265;2854,72;3722,02;-11,738;59,891;306,684;267,5;263,122;263,5;74,3515;7,94656;12,0611;0;265,207;0;75,6809;0;0;7,91055;12,0686;0;59,1168;332,111
221;0,5;398;0;265;2879,8;3791,97;-11,738;60;306,706;267,8;263,139;263,5;77,5199;7,69583;12,1124;0;265,16;0;77,4089;0;0;7,66006;12,1196;0;60;332,709
222;0,5;495;0;265;2878,82;3851,15;-11,738;60;307,031;268;263,152;263,1;75,7717;7,4512;12,1621;0;265,114;0;75,5363;0;0;7,41995;12,1691;0;60;332,453
223;0,5;517;0;265;2884,61;3909,07;-11,738;60;307,574;268,1;263,15;262,5;73,5282;7,27395;12,2104;0;265,068;0;73,5282;0;0;7,27395;12,2104;0;60;332,283
224;0,5;511;0;265;2889,61;3958,56;-11,738;60;308,398;268,1;263,116;261,6;71,2166;7,22427;12,2511;0;265,029;0;70,815;0;0;7,22439;12,2579;0;60;332,203
225;0,5;499;0;265;2884,28;3995,5;-11,738;60;309,115;267,9;263,071;261;68,8416;7,31423;12,2987;0;265;0;67,6487;0;0;7,34573;12,3055;0;60;332,298
226;0,5;480;0;265;2884,53;4017,97;-11,738;60;310,308;267,6;263,018;260,8;65,9105;7,49844;12,3403;0;265;0;66,0112;0;0;7,52688;12,3474;0;60;332,512
227;0,5;466;0;265;2878,08;4043,52;-11,738;60;311,523;267,4;262,969;260,9;63,4834;7,6946;12,3902;0;265;0;63,0609;0;0;7,72207;12,3974;0;60;332,744
228;0,5;441;0;265;2869,19;4061,36;-11,738;60;312,37;267,3;262,932;261,2;61,0762;7,87063;12,4413;0;265;0;61,0762;0;0;7,87063;12,4413;0;60;332,929
229;0,5;427;0;265;2868,46;4074,71;-11,738;60;313,455;267,2;262,902;261,5;58,3224;7,99124;12,4934;0;265;0;58,3224;0;0;7,99124;12,4934;0;60;333,096
230;0,5;410;0;265;2865,09;4090,6;-11,738;60;314,41;267;262,88;261,6;56,3814;8,06851;12,5385;0;265;0;55,8472;0;0;8,08022;12,5461;0;60;333,225
231;0,5;394;0;265;2854,55;4087,47;-11,738;60;315,082;266,9;262,859;261,7;54,1663;8,16274;12,5918;0;265;0;54,229;0;0;8,178;12,5995;0;60;333,359
232;0,5;382;0;265;2855,26;4100,89;-11,738;60;315,755;267,2;262,833;261,7;52,5837;8,26785;12,6457;0;265;0;52,5837;0;0;8,26785;12,6457;0;60;333,483
233;0,5;372;0;265;2848,11;4097,25;-11,738;60;316,363;267,3;262,813;261,9;51,546;8,33877;12,6924;0;265;0;51,1388;0;0;8,34707;12,7002;0;60;333,609
234;0,5;358;0;265;2841,84;4095,02;-11,738;60;316,927;267,3;262,806;262,2;49,6569;8,37625;12,7473;0;265;0;49,6805;0;0;8,37832;12,7551;0;60;333,687
235;0,5;350;0;265;2844,12;4103;-11,738;60;317,47;267,2;262,808;262,3;48,1472;8,3688;12,8023;0;265;0;48,1472;0;0;8,3688;12,8023;0;60;333,719
236;0,5;334;0;265;2834,45;4098,92;-11,738;60;318,121;267,6;262,819;262,5;46,1823;8,32424;12,8492;0;265;0;46,1706;0;0;8,3146;12,857;0;60;333,711
237;0,5;323;0;265;2834,53;4098,64;-11,738;60;318,815;267,9;262,834;262,5;44,0315;8,26577;12,9036;0;265;0;44,0315;0;0;8,26577;12,9036;0;60;333,692
238;0,5;307;0;265;2832,93;4090,77;-11,738;60;319,444;267,8;262,841;262,3;42,6684;8,23513;12,9578;0;265;0;42,1649;0,50352;0;8,23513;12,9578;0;60;333,699
239;0,5;297;0;265;2823,37;4088,49;-11,738;60;319,944;267,7;262,84;262;41,6736;8,23611;13,0041;0;265;0;40,7805;0,986577;0;8,24099;13,0118;0;60;333,737
240;0,5;287;0;265;2825,88;4084,43;-11,738;60;320,53;267,8;262,833;262;40,8907;8,26492;13,0505;0;265;0;39,1131;1,45067;0;8,27432;13,066;0;60;333,811
241;0,5;284;0;265;2820,19;4083,82;-11,738;60;321,05;268,5;262,83;262,1;39,5799;8,28115;13,1048;0;265;0;37,8186;1,83719;0;8,28176;13,1126;0;60;333,857
242;0,5;274;0;265;2816,49;4076,27;-11,738;60;321,549;269;262,825;261,7;38,6748;8,29922;13,1592;0;265;0;36,7563;2,27081;0;8,30569;13,167;0;60;333,915
243;0,5;269;0;265;2814,73;4067,4;-11,738;60;321,897;269,5;262,818;261,6;38,2703;8,32827;13,2138;0;265;0;35,3371;2,69111;0;8,33059;13,2216;0;60;333,984
244;0,5;263;0;265;2811,7;4072,63;-11,738;60;322,244;269,8;262,816;261,7;37,709;8,33438;13,2606;0;265;0;34,7434;3,04204;0;8,33474;13,2685;0;60;334,025
245;0,5;259;0;265;2805,78;4059,86;-11,738;60;322,526;269,9;262,811;261,6;37,4343;8,35647;13,3154;0;265;0;34,3304;3,1571;0;8,33938;13,2841;0;60;334,039
246;0,5;257;0;265;2806,98;4057,82;-11,738;60;322,613;269,2;262,791;261,5;37,7952;8,423;13,3626;0;265;0;33,7979;3,83915;0;8,45083;13,3784;0;60;334,209
247;0,5;257;0;265;2802,04;4051,19;-11,738;60;322,786;268,1;262,765;261,4;38,22;8,52297;13,4182;0;265;0;34,0325;4,17838;0;8,53835;13,4262;0;60;334,331
248;0,5;257;0;265;2796,92;4040,95;-11,738;60;322,938;267,4;262,741;261,4;38,5899;8,62136;13,4744;0;265;0;33,9983;4,57562;0;8,6343;13,4825;0;60;334,471
249;0,5;258;0;265;2802,64;4045,32;-11,738;60;323,155;267,1;262,724;261,4;38,5832;8,70254;13,5313;0;265;0;33,7188;4,97035;0;8,71511;13,5394;0;60;334,595
250;0,5;258;0;265;2795,51;4034,23;-11,738;60;323,242;266,9;262,706;261,4;39,0355;8,76663;13,5804;0;265;0;33,7616;5,30826;0;8,77481;13,5886;0;60;334,696
251;0,5;258;0;265;2795,47;4029,26;-11,738;60;323,416;266,9;262,689;261,5;39,1907;8,8428;13,6382;0;265;0;33,4698;5,70079;0;8,85464;13,6465;0;60;334,816
252;0,5;258;0;265;2794,08;4020,9;-11,738;60;323,633;267,2;262,674;261,6;39,2644;8,9042;13,6965;0;265;0;33,2654;6,08982;0;8,90957;13,7048;0;60;334,921
253;0,5;258;1;265;2791,17;4019,79;-11,738;60;323,763;268;262,671;261,9;39,4403;8,91665;13,7466;0;265;0;33,0261;6,42128;0;8,91604;13,755;0;60;334,972
254;0,5;266;0;265;2803,16;4048,46;-11,738;60;323,893;268,7;262,68;262,1;39,4173;8,88088;13,805;0;265;0;32,661;6,80441;0;8,87246;13,8133;0;60;334,98
255;0,5;266;0;265;2802,7;4121,86;-11,738;60;323,958;269;262,693;262,1;39,5656;8,82693;13,8631;0;265;0;32,4355;7,1843;0;8,82083;13,8714;0;60;334,97
256;0,5;266;0;265;2800,61;4169,86;-11,738;60;324,045;269,4;262,706;262,2;39,6671;8,77676;13,9209;0;265;0;32,1606;7,50655;0;8,77676;13,9209;0;60;334,965
257;0,5;266;0;265;2798,13;4196,73;-11,738;60;324,175;269,1;262,726;262,3;39,513;8,7084;13,9701;0;265;0;31,6707;7,87876;0;8,69485;13,9782;0;60;334,932
258;0,5;266;0;265;2794,25;4218,03;-11,738;60;324,284;269,7;262,749;262,4;39,555;8,62014;14,0188;0;265;0;31,0978;8,24604;0;8,58999;14,0349;0;60;334,871
259;0,5;266;0;265;2785,73;4207,71;-11,738;60;324,262;270,7;262,774;262,4;39,6255;8,50332;14,083;0;265;0;31,0687;8,55676;0;8,50332;14,083;0;60;334,818
260;0,5;266;0;265;2785,98;4212,64;-11,738;60;324,327;271,2;262,791;262,3;39,6402;8,43716;14,1307;0;265;0;30,7615;8,91682;0;8,42703;14,1386;0;60;334,781
261;0,5;266;0;265;2780,84;4206,08;-11,738;60;324,392;270,9;262,809;262,4;39,675;8,37686;14,1779;0;265;0;30,4075;9,27378;0;8,3533;14,1936;0;60;334,75
262;0,5;266;0;265;2776,9;4197,45;-11,738;60;324,414;270,5;262,83;262,6;39,8467;8,29324;14,2326;0;265;0;30,2962;9,57753;0;8,27969;14,2404;0;60;334,713
263;0,5;266;0;265;2778,44;4193,12;-11,738;60;324,457;270,2;262,855;262,9;39,8668;8,18032;14,2867;0;265;0;30,1423;9,92971;0;8,15945;14,2944;0;60;334,64
264;0,5;266;0;265;2772,22;4187,91;-11,738;60;324,436;270,5;262,896;263,4;39,9291;8,0165;14,3399;0;265;0;29,833;10,2788;0;7,99038;14,3474;0;60;334,515
265;0,5;266;0;265;2775,2;4178,67;-11,738;60;324,392;270,4;262,937;263,6;39,9639;7,85183;14,3845;0;265;0;29,6967;10,5755;0;7,82266;14,3919;0;60;334,383
266;0,5;272;0;265;2772,71;4167,92;-11,738;60;324,371;269,6;262,987;263,7;39,8854;7,65225;14,4354;0;265;0;28,8175;10,9165;0;7,62405;14,4426;0;60;334,22
267;0,5;272;0;265;2769,18;4162,54;-11,738;60;324,392;268,9;263,038;263,8;39,7478;7,47878;14,478;0;265;0;28,4534;11,2033;0;7,44937;14,485;0;60;334,077
268;0,5;271;0;265;2769,31;4146,73;-11,738;60;324,392;268,5;263,083;263,9;39,4919;7,26797;14,5264;0;265;0;27,7934;11,5318;0;7,23354;14,5332;0;60;333,9
269;0,5;270;0;265;2771,33;4150,23;-11,738;60;324,436;268,1;263,155;264;39,2464;7,01907;14,5733;0;265;0;27,1449;11,8534;0;6,98196;14,5798;0;60;333,684
270;0,5;269;0;265;2768,61;4133,13;-11,738;60;324,414;268;263,211;264,1;38,7349;6,75515;14,6185;0;265;0;26,5112;12,167;0;6,71731;14,6248;0;60;333,451
271;0,5;264;0;265;2767,79;4125,86;-11,738;60;324,371;268,6;263,272;264,2;38,505;6,51052;14,662;0;265;0;26,0755;12,4295;0;6,51052;14,662;0;60;333,263
272;0,5;263;0;265;2766,68;4120,4;-11,738;60;324,327;269,1;263,322;264,2;38,4442;6,33962;14,6981;0;265;0;25,6851;12,7303;0;6,31204;14,704;0;60;333,089
273;0,5;263;0;265;2763,83;4105,9;-11,738;60;324,132;269,1;263,361;264,2;38,8477;6,15493;14,7391;0;265;0;25,7321;13,0299;0;6,13015;14,7448;0;60;332,931
274;0,5;263;0;265;2769,51;4102,21;-11,738;60;324,002;269,2;263,407;264,2;39,0778;5,97219;14,7789;0;265;0;25,79;13,2878;0;5,97219;14,7789;0;60;332,798
275;0,5;263;0;265;2764,34;4092,75;-11,738;60;323,785;269,1;263,463;264,2;39,4932;5,7814;14,8119;0;265;0;25,8579;13,5894;0;5,74844;14,8174;0;60;332,604
276;0,5;263;0;265;2766,76;4087,38;-11,738;60;323,611;268,9;263,51;264,2;39,7135;5,5602;14,8491;0;265;0;25,9797;13,892;0;5,5303;14,8543;0;60;332,406
277;0,5;266;0;265;2768,13;4078,44;-11,738;60;323,546;268,4;263,553;264;39,7269;5,3865;14,885;0;265;0;25,5775;14,1494;0;5,3865;14,885;0;60;332,272
278;0,5;266;0;265;2766,35;4077,95;-11,738;60;323,459;268,3;263,586;263,9;39,9525;5,27407;14,915;0;265;0;25,5002;14,448;0;5,25564;14,9199;0;60;332,159
279;0,5;266;0;265;2763,87;4059,89;-11,738;60;323,589;269,2;263,617;264;39,5144;5,1553;14,9443;0;265;0;24,8782;14,7413;0;5,11196;14,954;0;60;332,039
280;0,5;266;0;265;2766,08;4065,05;-11,738;60;323,524;269,4;263,657;264;39,5729;4,97244;14,9823;0;265;0;24,5841;14,9889;0;4,97244;14,9823;0;60;331,919
281;0,5;266;0;265;2766,32;4055,01;-11,738;60;323,546;269;263,695;263,9;39,343;4,81936;15,0099;0;265;0;24,0388;15,2731;0;4,79324;15,0144;0;60;331,759
282;0,5;266;0;265;2766,48;4045,33;-11,738;60;323,438;268,4;263,744;263,8;39,4622;4,65469;15,0365;0;265;0;23,8982;15,553;0;4,59646;15,0452;0;60;331,582
283;0,5;266;0;265;2767,92;4044,53;-11,738;60;323,394;268,1;263,787;263,8;39,3155;4,45107;15,0664;0;265;0;23,4802;15,7897;0;4,4208;15,0706;0;60;331,421
284;0,5;266;0;265;2762,22;4036,89;-11,738;60;323,394;267,9;263,841;263,9;38,9893;4,23635;15,0949;0;265;0;22,8139;16,0602;0;4,20522;15,0989;0;60;331,22
285;0,5;264;0;265;2768;4040,12;-11,738;60;323,372;267,8;263,895;264,2;38,7107;4,01931;15,122;0;265;0;22,3317;16,3246;0;3,98721;15,1258;0;60;331,016
286;0,5;263;0;265;2766,09;4039,22;-11,738;60;323,307;267,9;263,951;264,4;38,3883;3,82876;15,1441;0;265;0;21,9851;16,5457;0;3,79751;15,1477;0;60;330,836
287;0,5;263;0;265;2763,96;4035,78;-11,738;60;323,264;268,1;263,998;264,4;38,3447;3,60964;15,1685;0;265;0;21,4887;16,7994;0;3,57754;15,1719;0;60;330,627
288;0,5;263;0;265;2766,05;4029,81;-11,738;60;323,22;268,1;264,049;264,5;38,1197;3,40444;15,1915;0;265;0;21,0297;17,0473;0;3,37747;15,1947;0;60;330,43
289;0,5;262;0;265;2766,02;4035,67;-11,738;60;323,199;268;264,096;264,6;37,9313;3,24441;15,2102;0;265;0;20,6343;17,2555;0;3,21609;15,2132;0;60;330,277
290;0,5;258;0;265;2763,6;4021,08;-11,738;60;323,177;268,1;264,139;264,6;37,6561;3,04348;15,2308;0;265;0;20,116;17,4938;0;3,01833;15,2337;0;60;330,082
291;0,5;257;0;265;2762,5;4022,24;-11,738;60;323,22;269,3;264,177;264,3;37,2915;2,89163;15,2503;0;265;0;19,6111;17,7246;0;2,87319;15,253;0;60;329,936
292;0,5;257;0;265;2763,17;4014,34;-11,738;60;323,155;269,6;264,206;264,3;37,3728;2,77578;15,2688;0;265;0;19,4533;17,9196;0;2,77578;15,2688;0;60;329,84
293;0,5;257;0;265;2762,64;4005,01;-11,738;60;323,09;269,3;264,231;264,3;37,4813;2,67739;15,2842;0;265;0;19,3167;18,1459;0;2,65811;15,2867;0;60;329,729
294;0,5;257;0;265;2767,27;4007,09;-11,738;60;323,003;268,9;264,267;264,5;37,554;2,53384;15,3013;0;265;0;19,1553;18,3696;0;2,51516;15,3037;0;60;329,589
295;0,5;257;0;265;2760,32;4000,67;-11,738;60;323,025;268,7;264,296;264,6;37,3628;2,43118;15,3153;0;265;0;18,7876;18,5587;0;2,41506;15,3175;0;60;329,488
296;0,5;257;0;265;2763,11;3994,17;-11,738;60;323,025;268,4;264,328;264,7;37,2259;2,30801;15,3308;0;265;0;18,4222;18,776;0;2,28848;15,333;0;60;329,366
297;0,5;257;0;265;2762,75;3991,03;-11,738;60;323,047;268,3;264,354;264,7;36,9936;2,18508;15,3455;0;265;0;17,9248;18,9887;0;2,17019;15,3476;0;60;329,243
298;0,5;249;0;265;2763,17;3990,5;-11,738;60;322,96;268,5;264,379;264,5;37,1523;2,08206;15,3595;0;265;0;17,9846;19,1677;0;2,08206;15,3595;0;60;329,155
299;0,5;250;0;265;2761,81;3981,58;-11,738;60;322,7;268,9;264,403;264,3;37,5298;1,99856;15,371;0;265;0;18,4694;19,3797;0;1,98647;15,3729;0;60;329,056
300;0,5;252;0;265;2763,27;3988,96;-11,738;60;322,591;269;264,418;264,2;38,1665;1,92764;15,3839;0;265;0;18,602;19,5645;0;1,92764;15,3839;0;60;328,992
301;0,5;253;0;265;2761,77;3975,38;-11,738;60;322,352;269,1;264,428;264,3;38,9707;1,88711;15,3964;0;265;0;19,1847;19,7859;0;1,88711;15,3964;0;60;328,947
302;0,5;257;0;265;2764,33;3976,86;-11,738;60;322,201;269,2;264,44;264,3;39,3174;1,8511;15,4069;0;265;0;19,5106;20,0117;0;1,84182;15,4086;0;60;328,904
303;0,5;258;0;265;2762,67;3974,54;-11,738;60;322,114;268,8;264,457;264,4;39,7839;1,77322;15,4188;0;265;0;19,5305;20,2401;0;1,75845;15,4205;0;60;328,824
304;0,5;266;0;265;2762,12;3970,96;-11,738;60;322,027;268,4;264,489;264,5;39,8955;1,6448;15,4301;0;265;0;19,4595;20,436;0;1,6448;15,4301;0;60;328,713
305;0,5;266;0;265;2766,64;3968,42;-11,738;60;321,853;268,1;264,534;264,4;40,1687;1,49331;15,4389;0;265;0;19,4533;20,6633;0;1,46389;15,4403;0;60;328,538
306;0,5;267;0;265;2763,07;3969,28;-11,738;60;321,832;268,1;264,58;264,5;40,0782;1,31277;15,4468;0;265;0;18,8638;20,8875;0;1,24783;15,4492;0;60;328,32
307;0,5;273;0;265;2763,59;3961,98;-11,738;60;321,766;268,2;264,638;264,7;39,5231;1,04861;15,4557;0;265;0;18,4483;21,0748;0;1,04861;15,4557;0;60;328,116
308;0,5;271;0;265;2763,62;3964,37;-11,738;60;321,81;268,3;264,693;264,8;38,9129;0,82998;15,461;0;265;0;17,5382;21,2854;0;0,789819;15,4617;0;60;327,856
309;0,5;271;0;265;2764,66;3963,41;-11,738;60;321,81;268,4;264,771;264,9;38,1848;0,517358;15,4654;0;265;0;16,441;21,4844;0;0,466821;15,4659;0;60;327,534
310;0,5;263;0;265;2761,86;3954,31;-11,738;60;321,853;268,3;264,863;265;37,2412;0,199854;15,4674;0;265;0;15,4581;21,644;0;0,146875;15,4676;0;60;327,206
311;0,5;259;0;265;2764,27;3962,77;-11,738;60;321,918;268,2;264,939;265;36,4203;0;15,4678;0;265;0;14,6217;21,8169;0;0;15,4678;0;60;326,992
312;0,5;250;0;265;2759,8;3955,88;-11,738;60;321,875;268,1;265,029;265,3;36,6785;0;15,4678;0;265;0;14,7155;21,963;0;0;15,4678;0;60;326,98
313;0,5;249;0;265;2765,11;3958,22;-11,738;60;321,94;268,1;265,118;265,8;36,5925;-0,020166;15,4678;0;265;0;14,417;22,133;0;-0,0700928;15,4678;0;60;326,946
314;0,5;249;0;265;2762,53;3956,47;-11,738;60;321,788;268,1;265,194;266,1;36,1924;-0,376245;15,4665;0;265;0;14,0836;22,2992;0;-0,426416;15,4661;0;60;326,574
315;0,5;249;0;265;2761,78;3956,87;-11,738;60;321,658;268,1;265,282;266,4;35,63;-0,727808;15,4629;0;265;0;13,2359;22,4576;0;-0,776147;15,4622;0;60;326,205
316;0,5;245;0;265;2764,13;3950,59;-11,738;60;321,311;268,1;265,354;266,5;35,8516;-1,01565;15,4571;0;265;0;13,2611;22,5905;0;-1,01565;15,4571;0;60;325,931
317;0,5;244;0;265;2762,83;3956,54;-11,738;60;321,246;268,1;265,377;266,2;35,726;-1,10183;15,451;0;265;0;13,0411;22,7431;0;-1,10635;15,45;0;60;325,793
318;0,5;244;0;265;2760,28;3944,98;-11,738;60;321,072;268,1;265,377;266,1;36,3616;-1,10745;15,4438;0;265;0;13,5459;22,8986;0;-1,10793;15,4427;0;60;325,766
319;0,5;245;0;265;2762,06;3951,78;-11,738;60;320,964;269;265,382;265,9;36,7424;-1,12869;15,4365;0;265;0;13,7064;23,036;0;-1,12869;15,4365;0;60;325,732
320;0,5;244;0;265;2761,01;3949,44;-11,738;60;320,898;269,7;265,414;265,9;36,7629;-1,22964;15,4299;0;265;0;13,5142;23,1958;0;-1,25552;15,4287;0;60;325,603
321;0,5;244;0;265;2762;3945,47;-11,738;60;320,768;269,7;265,463;266;36,5843;-1,4147;15,4225;0;265;0;13,291;23,3301;0;-1,45156;15,4211;0;60;325,399
322;0,5;244;0;265;2765,08;3943,98;-11,738;60;320,79;269,4;265,528;266,2;35,8825;-1,71108;15,4123;0;265;0;12,2635;23,4796;0;-1,76052;15,4106;0;60;325,078
323;0,5;244;0;265;2759,95;3946,11;-11,738;60;320,812;268,9;265,645;266,1;34,699;-2,11746;15,3998;0;265;0;10,8994;23,6148;0;-2,18081;15,3978;0;60;324,645
324;0,5;239;0;265;2764,63;3945,12;-11,738;60;320,768;269,4;265,737;266;33,5455;-2,54666;15,3844;0;265;0;9,65336;23,7344;0;-2,59402;15,382;0;60;324,186
325;0,5;233;0;265;2762,59;3946,18;-11,738;60;320,66;270,1;265,793;265,9;33,1233;-2,77322;15,3694;0;265;0;9,02238;23,828;0;-2,79934;15,3668;0;60;323,932
326;0,5;225;0;265;2759,98;3940,69;-11,738;60;320,595;270,3;265,823;266;32,9138;-2,89395;15,3507;0;265;0;8,95234;23,9333;0;-2,90151;15,348;0;60;323,779
327;0,5;223;0;265;2757,19;3936,93;-11,738;60;320,573;270;265,837;266,2;32,8415;-2,9385;15,3343;0;265;0;8,8205;24,0366;0;-2,95718;15,3288;0;60;323,691
328;0,5;223;0;265;2759,31;3947,81;-11,738;60;320,638;269,7;265,857;266,2;32,4343;-3,01479;15,3148;0;265;0;8,27274;24,1221;0;-3,02773;15,312;0;60;323,596
329;0,5;223;0;265;2755,07;3942;-11,738;60;320,508;269,6;265,879;266,4;32,5194;-3,11794;15,2947;0;265;0;8,25104;24,2179;0;-3,1343;15,2918;0;60;323,458
330;0,5;223;0;265;2757,76;3942,65;-11,738;60;320,508;269,7;265,911;266,8;32,1434;-3,24331;15,2738;0;265;0;7,70475;24,3116;0;-3,26309;15,2708;0;60;323,298
331;0,5;223;0;265;2752,96;3941,41;-11,738;60;320,443;269,3;265,948;267;31,9458;-3,37039;15,2552;0;265;0;7,49161;24,3875;0;-3,3915;15,2521;0;60;323,14
332;0,5;217;0;265;2755,36;3943,51;-11,738;60;320,312;268,8;265,982;267,1;31,85;-3,52615;15,2326;0;265;0;7,30457;24,474;0;-3,54861;15,2293;0;60;322,947
333;0,5;217;0;265;2758,95;3942,48;-11,738;60;320,139;268,5;266,021;267,1;31,8708;-3,68472;15,209;0;265;0;7,32361;24,5472;0;-3,68472;15,209;0;60;322,78
334;0,5;217;0;265;2756,58;3945,76;-11,738;60;319,944;268,1;266,068;267,1;31,8857;-3,871;15,1842;0;265;0;7,25605;24,6296;0;-3,871;15,1842;0;60;322,562
335;0,5;217;0;265;2755,75;3935,51;-11,738;60;319,878;268,1;266,13;267,2;31,3095;-4,08047;15,1619;0;265;0;6,60996;24,7102;0;-4,11807;15,158;0;60;322,282
336;0,5;215;0;265;2760,08;3945,66;-11,738;60;319,705;268,1;266,188;267,3;30,5504;-4,35391;15,1342;-0,367732;265;0;5,16489;24,7825;0;-4,39419;15,1301;-0,535285;60;321,605
337;0,5;210;0;265;2758,38;3941,24;-11,738;60;319,596;268,2;266,258;267,2;27,3038;-4,59243;15,109;-1,19414;265;0;2,155;20;0;-4,63149;15,1047;-1,29608;60;320,515
338;0,5;194;0;265;2760,75;3942,4;-11,738;60;319,466;268,1;266,321;267;20;-4,85208;15,1047;-1,71237;265;0;0,199072;20;0;-4,88577;15,1047;-1,75095;60;319,733
339;0,5;179;0;265;2758,42;3938,59;-11,738;60;319,336;268;266,372;267;20;-5,08669;15,1047;-1,92623;265;0;0;20;0;-5,12136;15,1047;-1,95406;60;319,284
340;0,5;148;0;265;2757,06;3941,61;-11,738;60;319,336;267,9;266,436;267,1;19,1987;-5,34292;15,0898;-2,13981;265;0;-0,798468;19,9972;0;-5,34292;15,0898;-2,13981;60;318,87
341;0,5;139;0;265;2761,22;3936,16;-11,738;60;319,01;268;266,496;267,2;19,1279;-5,55398;15,0592;-2,20824;265;0;-0,963721;19,9872;0;-5,58425;15,0539;-2,1945;60;318,489
342;0,5;129;0;265;2760,6;3945,95;-11,738;60;319,032;268,1;266,538;267,2;18,812;-5,72341;15,0274;-2,08806;265;0;-1,34861;19,9738;0;-5,78408;15,0167;-2,07921;60;318,383
343;0,5;125;0;265;2757,9;3937,62;-11,738;60;318,75;268;266,591;267,4;18,6705;-5,96365;14,9891;-2,18407;265;0;-0,8328;19,9628;0;-6,00588;14,9835;-2,22974;60;318,034
344;0,5;125;0;265;2760,23;3940,91;-11,738;60;318,294;267,7;266,683;267,8;17,9444;-6,2825;14,949;-2,54334;265;0;-2,33655;19,9469;0;-6,33108;14,9431;-2,59362;60;317,315
345;0,5;125;0;265;2761,4;3940,97;-11,738;60;317,882;267,5;266,759;268,1;16,888;-6,63735;14,9066;-2,88789;265;0;-3,03309;19,9211;0;-6,63735;14,9066;-2,88789;60;316,671
346;0,5;116;0;265;2758,04;3939,97;-11,738;60;317,296;267,5;266,839;268,3;16,8547;-6,95413;14,8684;-3,1181;265;0;-3,32267;19,8879;0;-7,00735;14,8618;-3,14919;60;315,988
347;0,5;112;0;265;2762,35;3938,29;-11,738;60;316,97;267,6;266,93;268,3;16,0198;-7,31924;14,8215;-3,26075;265;0;-4,01005;19,844;0;-7,36855;14,8147;-3,26271;60;315,434
348;0,5;110;0;265;2757,92;3941,3;-11,738;60;316,341;267,6;267,006;268,2;17,1866;-7,58401;14,7796;-3,13511;265;1;-2,96616;19,8058;0;-7,66396;14,7653;-3,06961;60;315,239
349;0,5;109;0;265;2761,91;3933,74;-11,738;60;316,059;267,5;267,065;268,1;17,6638;-7,8605;14,7289;-2,92849;265;1;-2,18055;19,7796;0;-7,89919;14,7215;-2,90328;60;315,132
350;0,5;109;0;265;2761,53;3934,71;-11,738;60;315,451;267,5;267,132;267,8;18,9988;-8,12747;14,6764;-2,76924;265;1;-0,51264;19,7617;0;-8,16482;14,6688;-2,74907;60;314,972
351;0,5;115;0;265;2758,43;3931,47;-11,738;60;315,299;267,6;267,195;267,6;19,0222;-8,34512;14,6301;-2,63869;265;1;-0,31214;19,7541;0;-8,4136;14,6144;-2,58906;60;314,822
352;0,5;120;0;265;2757,52;3926,91;-11,738;60;314,692;268,6;267,245;267,5;19,7528;-8,58181;14,5746;-2,48026;265;1;0;19,7528;0;-8,61502;14,5665;-2,46098;60;314,705
353;0,5;124;0;265;2764,38;3933;-11,738;60;314,345;269,7;267,305;267,3;19,7535;-8,82009;14,5175;-2,39905;265;1;0,0332703;19,7536;0;-8,85598;14,5092;-2,39859;60;314,491
354;0,5;128;0;265;2758,54;3927,18;-11,738;60;313,997;270;267,376;266,9;19,754;-9,10525;14,4671;-2,5401;265;1;0;19,754;0;-9,15176;14,4586;-2,58061;60;314,014
355;0,5;127;0;265;2763,55;3923,99;-11,738;60;313,52;270,1;267,456;266,7;19,754;-9,38259;14,4151;-2,73344;265;1;0;19,754;0;-9,42373;14,4063;-2,7341;60;313,491
356;0,5;128;0;265;2760,62;3922,67;-11,738;60;313,346;270,3;267,498;266,3;19,754;-9,59072;14,3528;-2,39655;265;1;0,0341858;19,754;0;-9,60879;14,3438;-2,31037;60;313,558
357;0,5;128;0;265;2761,52;3923,78;-11,738;60;312,956;271;267,51;265,8;20;-9,63992;14,3348;-1,58197;265;1;3,44819;19,7548;0;-9,63564;14,3348;-1,58197;60;314,305
358;0,5;128;0;265;2761,07;3919,59;-11,738;60;312,739;271,5;267,494;265,6;20;-9,58926;14,3348;-0,797782;265;1;6,60383;19,7548;0;-9,5773;14,3348;-0,682459;60;315,14
359;0,5;128;0;265;2763,03;3924,2;-11,738;60;312,305;271,5;267,477;265,6;20;-9,50698;14,3348;-0,152147;265;1;10,0896;19,7548;0;-9,49551;14,3348;-0,0858491;60;315,868
360;0,5;128;0;265;2759,96;3913,23;-11,738;60;312,174;271,2;267,463;265,6;20;-9,45132;14,3348;0,116596;265;1;11,4535;19,7548;0;-9,44412;14,3348;0,142876;60;316,192
361;0,5;128;0;265;2767,55;3921,8;-11,738;60;311,719;271,1;267,448;265,8;20;-9,39346;14,3348;0,294734;265;1;13,4682;19,7548;0;-9,39346;14,3348;0,294734;60;316,408
362;0,5;128;0;265;2760,87;3922,77;-11,738;60;311,372;270,8;267,444;266,1;20;-9,37405;14,3348;0,257828;265;1;14,5178;19,7548;0;-9,37722;14,3348;0,223895;60;316,411
363;0,5;128;0;265;2763,3;3924,28;-11,738;60;311,133;270,9;267,451;266,2;20;-9,40371;14,3348;0,0339094;265;1;15,2546;19,7548;0;-9,41067;14,3348;-0,00207281;60;316,157
364;0,5;129;0;265;2764,37;3920,75;-11,738;60;310,699;271,3;267,466;266,6;20;-9,46377;14,3348;-0,219814;265;1;14,9822;19,7548;0;-9,46377;14,3348;-0,219814;60;315,893
365;0,5;128;0;265;2764,92;3928,87;-11,738;60;310,417;271,6;267,495;266,9;20;-9,56082;14,3348;-0,538778;265;1;14,4323;19,7548;0;-9,58096;14,3348;-0,596899;60;315,427
366;0,5;128;0;265;2763,72;3924,8;-11,738;60;310,091;271,7;267,53;267,2;20;-9,71804;14,3348;-0,935869;265;1;14,0062;19,7548;0;-9,74343;14,3348;-0,99058;60;314,873
367;0,5;128;0;265;2767,87;3934,11;-11,738;60;309,918;271,8;267,573;267,2;20;-9,89321;14,3348;-1,23414;265;1;13,0162;19,7548;0;-9,89321;14,3348;-1,23414;60;314,456
368;0,5;128;0;265;2760,76;3924,66;-11,738;60;309,483;271,7;267,616;267,2;20;-10,0386;14,3348;-1,3717;265;1;13,2997;19,7548;0;-10,0624;14,3348;-1,38726;60;314,117
369;0,5;128;0;265;2765,37;3928,81;-11,738;60;309,375;271,4;267,651;267,4;20;-10,2027;14,3348;-1,44867;265;1;12,9922;19,7548;0;-10,2027;14,3348;-1,44867;60;313,876
370;0,5;128;0;265;2762,88;3930,6;-11,738;60;309,223;271;267,682;267,6;20;-10,3291;14,3348;-1,43396;265;0;13,2829;19,7548;0;-10,3515;14,3348;-1,43796;60;313,764
371;0,5;128;0;265;2762,64;3934,24;-11,738;60;308,963;270,7;267,728;267,9;20;-10,5111;14,3348;-1,56462;265;0;12,6705;19,7548;0;-10,5426;14,3348;-1,60329;60;313,451
372;0,5;128;0;265;2765,86;3925,86;-11,738;60;308,854;270,3;267,785;267,8;20;-10,7073;14,3348;-1,79062;265;0;11,9075;19,7548;0;-10,776;14,3348;-1,86031;60;312,958
373;0,5;128;0;265;2765,53;3930,63;-11,738;60;308,55;270,2;267,85;267,7;20;-10,961;14,3348;-2,05108;265;0;11,2939;19,7548;0;-10,9982;14,3348;-2,08224;60;312,515
374;0,5;128;0;265;2761,11;3925,41;-11,738;60;308,529;270,2;267,901;267,7;20;-11,2036;14,3348;-2,14743;265;0;10,6023;19,7548;0;-11,2316;14,3348;-2,12691;60;312,176
375;0,5;129;0;265;2768,23;3935,41;-11,738;60;308,203;270,1;267,931;267,4;20;-11,3217;14,3348;-1,82508;265;0;12,2676;19,7548;0;-11,3285;14,3348;-1,6025;60;312,492
376;0,5;129;0;265;2764,56;3930,52;-11,738;60;308,181;270;267,927;267;20;-11,3075;14,3348;-1,00879;265;0;14,5531;19,7548;0;-11,297;14,3348;-0,885267;60;313,211
377;0,5;128;0;265;2766,5;3929,25;-11,738;60;307,943;270,2;267,895;266,6;20;-11,1795;14,3348;-0,0811611;265;0;18,3711;19,7548;0;-11,1536;14,3348;0,0494256;60;314,266
378;0,5;128;0;265;2766,99;3928,67;-11,738;60;307,878;270,3;267,854;266,5;20;-11,032;14,3348;0,537514;265;0;20,8647;19,7548;0;-11,0148;14,3348;0,581608;60;315,033
379;0,5;129;0;265;2764,13;3936,13;-11,738;60;307,704;270,4;267,846;266,2;20;-10,979;14,3348;0,495304;265;0;21,418;19,7548;0;-10,9842;14,3348;0,434788;60;315,043
380;0,5;129;0;265;2764,6;3930,06;-11,738;60;307,509;270,3;267,861;266,1;40,3648;-11,0438;14,3348;0,0381148;265;0;20,4377;19,789;0;-11,0547;14,3244;-0,0170007;60;314,521
381;0,5;136;0;265;2766,68;3936,27;-11,738;60;307,444;270;267,884;266,2;39,3696;-11,1157;14,2724;-0,269143;265;0;19,3395;20,0195;0;-11,1525;14,2516;-0,402294;60;313,982
382;0,5;149;0;265;2760,08;3934,48;-11,738;60;307,227;269,6;267,925;266,2;38,2652;-11,2707;14,199;-0,773915;265;0;17,7604;20,2052;0;-11,3002;14,1884;-0,860338;60;313,347
383;0,5;183;0;265;2766,83;3939,92;-11,738;60;307,205;269,5;267,977;266,4;35,785;-11,5088;14,1243;-1,39408;265;0;15,0915;20,3969;0;-11,5473;14,1135;-1,47862;60;312,414
384;0,5;233;0;265;2767,26;3941,01;-11,738;60;307,053;269,9;268,056;266,6;33,8015;-11,7725;14,0589;-1,96179;265;0;12,3871;20,5592;0;-11,8784;14,0367;-2,18055;60;311,339
385;0,5;233;0;265;2762,21;3940,46;-11,738;60;306,923;270;268,161;267,1;30,5609;-12,1787;13,9803;-2,75804;265;0;9,33915;20,6686;0;-12,2438;13,9689;-2,87223;60;310,236
386;0,5;214;0;265;2764,38;3936,27;-11,738;60;306,944;270;268,25;267,2;27,2593;-12,6017;13,899;-3,26153;265;0;6,31571;20,7573;0;-12,6507;13,8871;-3,26166;60;309,228
387;0,5;196;0;265;2766,22;3943,36;-11,738;60;307,01;270,1;268,328;267,2;26,2137;-12,8721;13,8273;-3,16048;265;0;5,15867;20,8236;0;-12,9512;13,8031;-3,08745;60;308,973
388;0,5;182;0;265;2763,4;3936,1;-11,738;60;307,227;269,5;268,396;267,3;25,1567;-13,1455;13,7419;-2,93154;265;0;4,29166;20,8711;0;-13,1839;13,7296;-2,90435;60;308,857
389;0,5;174;0;265;2768,84;3938,55;-11,738;60;307,357;269,1;268,448;267,4;24,5758;-13,3919;13,6548;-2,68558;265;0;3,63871;20,9164;0;-13,423;13,6423;-2,64146;60;308,77
390;0,5;168;0;265;2763,1;3936,79;-11,738;60;307,422;268,8;268,496;267,5;24,5712;-13,5843;13,5663;-2,32772;265;0;3,61957;20,9516;0;-13,5843;13,5663;-2,32772;60;308,828
391;0,5;167;0;265;2763,61;3936,39;-11,738;60;307,552;268,6;268,532;267,6;24,7047;-13,7287;13,4766;-1,93434;265;0;3,71085;20,9939;0;-13,7287;13,4766;-1,93434;60;308,989
392;0,5;167;0;265;2766,83;3936,04;-11,738;60;307,595;268,5;268,556;267,4;25,2841;-13,8194;13,3991;-1,59059;265;0;4,1579;21,0402;0;-13,8223;13,3862;-1,48973;60;309,181
393;0,5;167;0;265;2763,58;3939,72;-11,738;60;307,509;268,5;268,541;267,3;27,6679;-13,7622;13,3086;-0,69319;265;0;7,01014;21,1055;0;-13,7434;13,2957;-0,552483;60;310,045
394;0,5;174;0;265;2762,67;3933,79;-11,738;60;307,465;269;268,506;267;30,659;-13,6226;13,2187;0,135555;265;0;9,46943;21,1896;0;-13,6226;13,2187;0,135555;60;310,822
395;0,5;185;0;265;2769,66;3941,77;-11,738;60;307,378;269,7;268,466;266,6;32,7217;-13,4876;13,1424;0,636218;265;0;11,7146;21,3138;0;-13,4622;13,1298;0,712595;60;311,483
396;0,5;206;0;265;2762,18;3936,33;-11,738;60;307,335;269,9;268,425;266,6;34,786;-13,3007;13,0545;1,10413;265;0;13,5455;21,462;0;-13,2742;13,0421;1,15197;60;312,05
397;0,5;218;0;265;2766,42;3938,24;-11,738;60;307,378;269,8;268,383;266,5;35,7694;-13,1334;12,9678;1,29659;265;0;14,1682;21,6012;0;-13,1334;12,9678;1,29659;60;312,301
398;0,5;230;0;265;2764,61;3939,03;-11,738;60;307,444;269,6;268,352;266,5;35,7933;-13,0248;12,8943;1,26139;265;0;14,0386;21,7665;0;-13,0098;12,8821;1,24257;60;312,323
399;0,5;236;0;265;2763,77;3936,67;-11,738;60;307,661;269,5;268,332;266,6;34,9763;-12,9268;12,8091;1,12342;265;0;12,7519;21,9226;0;-12,9142;12,797;1,10281;60;312,198
400;0,5;236;0;265;2766,75;3933,76;-11,738;60;307,921;269,4;268,312;266,8;33,8406;-12,8494;12,7245;0,962476;265;0;11,795;22,0456;0;-12,8494;12,7245;0,962476;60;312,053
401;0,5;235;0;265;2766,77;3935,25;-11,738;60;308,268;269,3;268,309;267,1;32,3181;-12,8305;12,6524;0,677361;265;0;9,66993;22,1736;0;-12,8344;12,6403;0,609575;60;311,692
402;0,5;224;0;265;2759,2;3932,15;-11,738;60;308,377;269,6;268,324;267,4;29,838;-12,8947;12,568;0,142008;265;0;7,0972;22,2727;0;-12,9082;12,5559;0,0664447;60;311,008
403;0,5;210;0;265;2767,7;3932,89;-11,738;60;308,702;270,8;268,345;267,6;27,1841;-12,9783;12,4831;-0,240441;265;0;4,85196;22,3322;0;-12,9783;12,4831;-0,240441;60;310,52
404;0,5;190;0;265;2764,69;3934,7;-11,738;60;308,984;270,9;268,365;267,4;25,4691;-13,0484;12,4099;-0,437651;265;0;2,79523;22,376;0;-13,0612;12,3976;-0,467788;60;310,116
405;0,5;179;0;265;2763,23;3928,73;-11,738;60;309,136;270,8;268,378;267,1;24,2061;-13,1062;12,3363;-0,507971;265;0;1,60065;22,4007;0;-13,115;12,3117;-0,478009;60;309,913
406;0,5;168;0;265;2767,24;3935,67;-11,738;60;309,353;270,4;268,388;267;23,2783;-13,1532;12,2379;-0,463306;265;0;0,863837;22,4145;0;-13,1532;12,2379;-0,463306;60;309,841
407;0,5;161;0;265;2763,19;3932,56;-11,738;60;309,397;270,2;268,406;267,1;22,7838;-13,2101;12,1637;-0,526653;265;0;0,0676025;22,4211;0;-13,2221;12,1513;-0,546232;60;309,619
408;0,5;156;0;265;2762,19;3934,37;-11,738;60;309,462;270;268,427;267,3;22,4212;-13,2888;12,0892;-0,656826;265;0;0;22,4212;0;-13,3258;12,0643;-0,737422;60;309,269
409;0,5;155;0;265;2764,76;3933,38;-11,738;60;309,483;269,7;268,46;267,6;21,1116;-13,4417;12,0015;-0,993439;265;0;-1,63956;22,413;0;-13,4684;11,9889;-1,05046;60;308,759
410;0,5;143;0;265;2758,25;3934,84;-11,738;60;309,549;269,5;268,512;268,2;18,8184;-13,6481;11,9127;-1,39892;265;0;-3,87208;22,3809;0;-13,6819;11,8999;-1,46075;60;308,058
411;0,5;135;0;265;2764;3931,16;-11,738;60;309,483;269,5;268,574;268,5;16,9643;-13,8582;11,8353;-1,74089;265;0;-5,56489;22,3333;0;-13,8948;11,8223;-1,79153;60;307,429
412;0,5;118;0;265;2768,52;3940,24;-11,738;60;309,462;270,1;268,631;268,4;14,9926;-14,1233;11,7435;-2,06152;265;0;-7,27216;22,2566;0;-14,1608;11,7303;-2,0931;60;306,751
413;0,5;107;0;265;2761,17;3929,34;-11,738;60;309,288;270,4;268,695;268,3;13,8261;-14,3814;11,65;-2,22176;265;0;-8,54731;22,1645;0;-14,4154;11,6365;-2,22528;60;306,239
414;0,5;96;0;265;2766,52;3935,22;-11,738;60;309,18;270,3;268,754;268,2;13,1376;-14,5812;11,5685;-2,21876;265;0;-9,19404;22,0609;0;-14,6492;11,5411;-2,22572;60;305,915
415;0,5;90;0;265;2767,38;3932,75;-11,738;60;309,006;270,1;268,811;268,1;12,5372;-14,8153;11,472;-2,21861;265;0;-9,5272;21,9675;0;-14,8433;11,4581;-2,19295;60;305,63
416;0,5;84;0;265;2764,66;3936,11;-11,738;60;308,767;269,8;268,848;268,3;12,9236;-14,9922;11,3742;-1,99306;265;0;-8,95856;21,8599;0;-15,0153;11,3601;-1,96018;60;305,581
417;0,5;84;0;265;2768,42;3933,51;-11,738;60;308,55;269,7;268,89;268,7;13,3036;-15,1347;11,2895;-1,84636;265;0;-8,28968;21,7597;0;-15,1831;11,2611;-1,81415;60;305,479
418;0,5;84;0;265;2769,31;3939,73;-11,738;60;308,268;269,6;268,926;268,9;13,57;-15,3042;11,1896;-1,75269;265;0;-8,2298;21,6765;0;-15,3297;11,1752;-1,74894;60;305,325
419;0,5;84;0;265;2765,16;3930,75;-11,738;60;308,03;269,4;268,967;269,1;13,609;-15,4678;11,0886;-1,67038;265;0;-7,93024;21,5812;0;-15,4904;11,0741;-1,65847;60;305,143
420;0,5;86;0;265;2772,81;3940,99;-11,738;60;307,856;269,4;269,005;269,2;13,5585;-15,6182;10,9866;-1,56876;265;0;-7,92686;21,488;0;-15,6381;10,972;-1,55125;60;304,992
421;0,5;87;0;265;2765,51;3935,24;-11,738;60;307,595;269,9;269,037;269,1;13,9702;-15,7322;10,8984;-1,45619;265;0;-7,47962;21,4113;0;-15,7495;10,8837;-1,43446;60;304,902
422;0,5;87;0;265;2766,05;3936,23;-11,738;60;307,378;270,7;269,059;269;14,4694;-15,836;10,7948;-1,25976;265;0;-6,47071;21,3291;0;-15,8488;10,78;-1,23046;60;304,891
423;0,5;89;0;265;2770,06;3937,16;-11,738;60;306,966;270,7;269,081;269;15,5985;-15,9246;10,6906;-1,08939;265;0;-5,67026;21,2688;0;-15,9246;10,6906;-1,08939;60;304,876
424;0,5;92;0;265;2765,98;3938,31;-11,738;60;306,597;270,4;269,099;268,9;16,4788;-15,9879;10,6009;-0,947925;265;0;-4,61997;21,2094;0;-15,9979;10,5859;-0,927638;60;304,857
425;0,5;98;0;265;2763,57;3935,45;-11,738;60;306,359;270;269,098;268,9;17,8372;-15,9937;10,4958;-0,555907;265;0;-2,66944;21,1632;0;-15,9837;10,4808;-0,46748;60;305,138
426;0,5;105;0;265;2770,88;3939,16;-11,738;60;305,903;269,6;269,064;268,8;21,1495;-15,8577;10,3912;0,220756;265;0;0;21,1495;0;-15,8305;10,3764;0,335987;60;305,947
427;0,5;117;0;265;2762,68;3930,47;-11,738;60;305,664;269,5;269,015;268,6;22,93;-15,6864;10,3025;0,831314;265;0;2,32685;21,1594;0;-15,6601;10,2878;0,898292;60;306,64
428;0,5;136;0;265;2769,92;3934,28;-11,738;60;305,49;269,5;268,982;268,5;24,9747;-15,5281;10,2001;1,0968;265;0;4,00721;21,1981;0;-15,5105;10,1856;1,10223;60;306,961
429;0,5;147;0;265;2770,6;3939,99;-11,738;60;305,165;269,5;268,961;268,4;25,7037;-15,4441;10,0986;0,961818;265;0;4,33076;21,2482;0;-15,4368;10,0841;0,927587;60;306,809
430;0,5;163;0;265;2764,45;3930,78;-11,738;60;304,991;269,8;268,953;268,4;25,2596;-15,4121;9,99733;0,687854;265;0;3,96949;21,2901;0;-15,4121;9,99733;0,687854;60;306,514
431;0,5;167;0;265;2768,41;3936,73;-11,738;60;304,97;269,8;268,951;268,3;24,4856;-15,4041;9,91067;0,466969;265;0;2,98859;21,3315;0;-15,4051;9,89623;0,42851;60;306,166
432;0,5;167;0;265;2767,1;3932,34;-11,738;60;304,774;269,6;268,955;268,3;23,9824;-15,4187;9,80954;0,215811;265;0;2,47379;21,3647;0;-15,4217;9,79509;0,186088;60;305,799
433;0,5;163;0;265;2762,65;3936,38;-11,738;60;304,731;269,3;268,962;268,2;23,1374;-15,4468;9,70828;0,0149095;265;0;1,7508;21,3866;0;-15,4468;9,70828;0,0149095;60;305,515
434;0,5;159;0;265;2768,43;3935,18;-11,738;60;304,688;269;268,969;268,2;22,5439;-15,4752;9,62131;-0,104959;265;0;1,0376;21,4029;0;-15,4799;9,6068;-0,119731;60;305,233
435;0,5;157;0;265;2765,6;3938,01;-11,738;60;304,688;268,9;268,98;268,1;21,753;-15,5191;9,51963;-0,238694;265;0;0;21,4091;0;-15,5274;9,50507;-0,261445;60;304,954
436;0,5;148;0;265;2761,12;3928,33;-11,738;60;304,709;268,9;268,997;267,9;21,4091;-15,5868;9,41757;-0,407309;265;0;0;21,4091;0;-15,5868;9,41757;-0,407309;60;304,661
437;0,5;146;0;265;2769,48;3942,22;-11,738;60;304,753;268,8;269,014;267,8;21,0514;-15,6466;9,32972;-0,500327;265;0;-0,53269;21,4076;0;-15,6564;9,31505;-0,511225;60;304,375
438;0,5;145;0;265;2765,68;3935,18;-11,738;60;304,753;268,7;269,026;267,6;20,3751;-15,7058;9,22684;-0,522356;265;0;-0,95484;21,3981;0;-15,7133;9,21211;-0,520481;60;304,191
439;0,5;142;0;265;2765,2;3936,14;-11,738;60;304,709;268,6;269,036;267,1;20,2224;-15,7454;9,12363;-0,461018;265;0;-1,16505;21,3875;0;-15,7454;9,12363;-0,461018;60;304,121
440;0,5;140;0;265;2768,71;3934,81;-11,738;60;304,688;268,6;269,042;266,9;20,2364;-15,7649;9,035;-0,369428;265;0;-1,18372;21,3747;0;-15,766;9,02022;-0,348015;60;304,093
441;0,5;140;0;265;2765,19;3933,09;-11,738;60;304,666;268,9;269,042;267;20,3153;-15,7687;8,93152;-0,230265;265;0;-1,02296;21,3619;0;-15,7678;8,91674;-0,2095;60;304,125
442;0,5;140;0;265;2766,44;3931,06;-11,738;60;304,644;269,4;269,041;267,2;20,4557;-15,7627;8,82806;-0,112906;265;0;-0,896063;21,3518;0;-15,7627;8,82806;-0,112906;60;304,145
443;0,5;140;0;265;2770,89;3936,48;-11,738;60;304,688;269,4;269,039;267,3;20,3905;-15,758;8,73941;-0,0529645;265;0;-1,10032;21,3404;0;-15,7572;8,72463;-0,0456063;60;304,121
444;0,5;139;0;265;2761,18;3928,98;-11,738;60;304,666;269,3;269,04;267,1;20,086;-15,7587;8,636;-0,0376184;265;0;-1,30155;21,3272;0;-15,7599;8,62123;-0,0407851;60;304,032
445;0,5;139;0;265;2769,43;3934,56;-11,738;60;304,622;269,2;269,041;266,9;19,8695;-15,7655;8,54734;-0,0513743;265;0;-1,43403;21,3134;0;-15,7666;8,53256;-0,0529553;60;303,923
446;0,5;135;0;265;2769,52;3937,55;-11,738;60;304,579;269,1;269,028;266,8;20,0091;-15,7298;8,44393;0,130991;265;0;-1,02479;21,2967;0;-15,7132;8,42919;0,201531;60;304,037
447;0,5;133;0;265;2762,23;3929,17;-11,738;60;304,47;269,1;268,994;266,8;21,2925;-15,6033;8,35577;0,603816;265;0;0;21,2925;0;-15,5475;8,32656;0,778782;60;304,653
448;0,5;135;0;265;2764,63;3940,14;-11,738;60;304,47;269,1;268,951;266,7;22,2885;-15,4239;8,25398;1,04871;265;0;1,20185;21,2983;0;-15,4027;8,23953;1,07467;60;305,071
449;0,5;138;0;265;2765,8;3935,52;-11,738;60;304,492;269,2;268,913;266,1;23,2314;-15,2523;8,15329;1,29895;265;0;2,09989;21,3169;0;-15,224;8,139;1,34154;60;305,392
450;0,5;146;0;265;2764,33;3937,78;-11,738;60;304,47;269,3;268,869;266;24,071;-15,0968;8,06796;1,44692;265;0;2,8021;21,3468;0;-15,058;8,03968;1,42561;60;305,605
451;0,5;152;0;265;2767,69;3938,01;-11,738;60;304,449;269,3;268,848;266,4;23,7398;-14,9983;7,96926;1,22223;265;0;2,20994;21,3736;0;-14,9933;7,9552;1,15799;60;305,385
452;0,5;154;0;265;2765,77;3943,16;-11,738;60;304,427;269,7;268,853;266,9;21,9864;-15,0116;7,87085;0,653687;265;0;0,23432;21,3899;0;-15,0225;7,85677;0,554073;60;304,705
453;0,5;150;0;265;2763,51;3933,83;-11,738;60;304,362;269,6;268,879;267,4;20,7228;-15,1168;7,77202;-0,0339646;265;0;-1,04557;21,3875;0;-15,1353;7,75784;-0,120338;60;303,813
454;0,5;142;0;265;2772,82;3944,65;-11,738;60;304,405;269,4;268,913;268;18,4779;-15,2356;7,68666;-0,500962;265;0;-3,18909;21,3664;0;-15,2534;7,67237;-0,55064;60;303,142
455;0,5;132;0;265;2765,55;3935,24;-11,738;60;304,384;269,4;268,942;268,3;17,1259;-15,3509;7,58628;-0,74069;265;0;-4,49006;21,3226;0;-15,3661;7,57189;-0,760683;60;302,687
456;0,5;123;0;265;2766,49;3940,52;-11,738;60;304,362;269,8;268,968;268,3;15,8431;-15,4718;7,48516;-0,912659;265;0;-5,73728;21,2637;0;-15,4904;7,47065;-0,936104;60;302,293
457;0,5;111;0;265;2768,92;3941,12;-11,738;60;304,253;270;269,005;268,2;14,9448;-15,5982;7,39779;-1,09428;265;0;-6,46769;21,2032;0;-15,6201;7,38315;-1,12107;60;301,898
458;0,5;101;0;265;2767,41;3935,98;-11,738;60;304,232;270;269,04;268,3;13,5349;-15,7598;7,29489;-1,27487;265;0;-7,86808;21,1189;0;-15,781;7,28011;-1,28507;60;301,452
459;0,5;96;0;265;2766,1;3939,31;-11,738;60;304,167;269,8;269,075;268,5;12,8197;-15,8982;7,191;-1,2884;265;0;-8,245;21,0254;0;-15,9168;7,17608;-1,28468;60;301,197
460;0,5;87;0;265;2770,35;3942,41;-11,738;60;304,058;269,7;269,109;268,6;12,3454;-16,0177;7,10124;-1,30361;265;0;-8,6579;20,9417;0;-16,0376;7,08621;-1,30526;60;300,972
461;0,5;85;0;265;2765,75;3937,73;-11,738;60;303,863;269,8;269,14;268,5;12,081;-16,1431;6,99569;-1,25337;265;0;-8,61405;20,8398;0;-16,1583;6,98055;-1,2363;60;300,792
462;0,5;80;0;265;2770,63;3933,85;-11,738;60;303,754;269,6;269,159;268,4;12,3513;-16,2348;6,88943;-1,09182;265;0;-8,39771;20,7404;0;-16,2436;6,87421;-1,05526;60;300,755
463;0,5;81;0;265;2770,61;3938,82;-11,738;60;303,581;269,4;269,172;268,4;12,9759;-16,2896;6,7827;-0,855191;265;0;-7,68323;20,6591;0;-16,2896;6,7827;-0,855191;60;300,82
464;0,5;78;0;265;2764,23;3927,12;-11,738;60;303,277;269,2;269,184;268,2;13,7846;-16,3286;6,69096;-0,702373;265;0;-6,67414;20,5757;0;-16,335;6,67565;-0,682196;60;300,852
465;0,5;84;0;265;2769,12;3939,15;-11,738;60;303,125;269;269,193;267,8;14,2115;-16,3726;6,58366;-0,586186;265;0;-6,32358;20,4998;0;-16,3766;6,56831;-0,563224;60;300,817
466;0,5;86;0;265;2766,41;3927,08;-11,738;60;302,821;268,9;269,198;267,1;15,1139;-16,3909;6,4915;-0,444794;265;0;-5,12397;20,4439;0;-16,393;6,47614;-0,422641;60;300,848
467;0,5;91;0;265;2764,94;3928,55;-11,738;60;302,409;269,3;269,204;266,7;16,2164;-16,4168;6,38387;-0,368206;265;0;-4,25312;20,3911;0;-16,4228;6,36847;-0,370421;60;300,791
468;0,5;96;0;265;2768,53;3932,72;-11,738;60;302,127;269,7;269,214;266,9;16,5367;-16,4577;6,276;-0,376607;265;0;-3,8783;20,3437;0;-16,4634;6,26057;-0,37703;60;300,634
469;0,5;100;0;265;2769,03;3931,54;-11,738;60;301,931;269,7;269,222;267,3;16,8058;-16,4833;6,18334;-0,340758;265;0;-3,53965;20,3071;0;-16,4868;6,16789;-0,333184;60;300,552
470;0,5;106;0;265;2764,37;3924,62;-11,738;60;301,758;269,3;269,222;267,6;17,2757;-16,4865;6,07514;-0,206996;265;0;-2,9517;20,2698;0;-16,484;6,05968;-0,180265;60;300,574
471;0,5;108;0;265;2769,12;3932,25;-11,738;60;301,606;269,1;269,213;267,9;18,1329;-16,4521;5,96704;0,0163986;265;0;-2,11234;20,2452;0;-16,4521;5,96704;0,0163986;60;300,702
472;0,5;112;0;265;2763,85;3926,56;-11,738;60;301,454;269;269,206;268,2;18,7358;-16,4269;5,87459;0,106894;265;0;-1,52155;20,2244;0;-16,4247;5,85919;0,109753;60;300,747
473;0,5;117;0;265;2766,25;3927,44;-11,738;60;301,345;269,2;269,208;268,4;18,5602;-16,4318;5,76679;0,0391581;265;0;-1,60706;20,2053;0;-16,4336;5,75138;0,0275026;60;300,566
474;0,5;118;0;265;2768,19;3935,65;-11,738;60;301,259;269,3;269,215;268,5;18,0768;-16,458;5,65888;-0,082278;265;0;-1,91807;20,1833;0;-16,4638;5,64344;-0,10398;60;300,311
475;0,5;119;0;265;2763,82;3919,51;-11,738;60;301,042;269,4;269,224;268,5;17,8696;-16,4976;5,55074;-0,2024;265;0;-2,29243;20,162;0;-16,4976;5,55074;-0,2024;60;300,078
476;0,5;116;0;265;2765,39;3928,35;-11,738;60;301,042;269,6;269,23;268,3;17,2452;-16,5203;5,45786;-0,215158;265;0;-2,78095;20,1305;0;-16,5197;5,44237;-0,196664;60;299,915
477;0,5;118;0;265;2764,9;3925,87;-11,738;60;300,911;269,5;269,213;267,9;18,3847;-16,4524;5,34956;0,170788;265;0;-1,15855;20,1035;0;-16,4241;5,33415;0,294927;60;300,26
478;0,5;116;0;265;2762,81;3924,04;-11,738;60;300,933;268,9;269,141;267,5;20,1002;-16,2194;5,2576;1,07096;265;0;0,504858;20,1007;0;-16,1643;5,24242;1,25886;60;301,301
479;0,5;121;0;265;2764,62;3923,97;-11,738;60;300,89;268,8;269,049;267,1;24,765;-15,7959;5,1525;2,29787;265;0;5,20582;20,1344;0;-15,731;5,13772;2,44473;60;302,847
480;0,5;140;0;265;2767,27;3927,85;-11,738;60;300,89;269,1;268,94;267;28,4155;-15,36;5,0503;3,04554;265;0;8,21085;20,2047;0;-15,36;5,0503;3,04554;60;303,827
481;0,5;159;0;265;2763,41;3921,13;-11,738;60;300,825;269,6;268,857;267;29,8279;-15,0277;4,95066;3,07171;265;0;9,51667;20,3112;0;-15,0277;4,95066;3,07171;60;304,197
482;0,5;186;0;265;2766,43;3930,64;-11,738;60;300,825;269,9;268,797;266,8;29,9349;-14,8178;4,86674;2,79676;265;0;9,04004;20,4231;0;-14,7876;4,85286;2,73989;60;304,038
483;0,5;194;0;265;2763,31;3925,59;-11,738;60;300,89;269,9;268,762;266,7;28,3346;-14,646;4,77011;2,30864;265;0;7,60569;20,5214;0;-14,6288;4,75638;2,2247;60;303,625
484;0,5;194;0;265;2766,3;3921,05;-11,738;60;300,868;269,7;268,737;266,5;26,8415;-14,5473;4,67436;1,73726;265;0;6,24933;20,5921;0;-14,5473;4,67436;1,73726;60;303,151
485;0,5;188;0;265;2768,03;3934,16;-11,738;60;301,107;269,7;268,727;266,1;24,5619;-14,5094;4,59265;1,25465;265;0;3,67002;20,648;0;-14,5069;4,57905;1,17631;60;302,53
486;0,5;167;0;265;2765,02;3926,82;-11,738;60;301,215;269,6;268,726;266;22,475;-14,5058;4,49746;0,750415;265;0;1,16669;20,6768;0;-14,5093;4,48386;0,679108;60;301,934
487;0,5;159;0;265;2765,44;3929,48;-11,738;60;301,606;269,4;268,734;266,3;20,6797;-14,5344;4,4158;0,358816;265;0;0;20,6797;0;-14,5438;4,40217;0,287578;60;301,432
488;0,5;144;0;265;2766,81;3928,11;-11,738;60;301,736;269,3;268,752;266,5;18,7906;-14,6068;4,32019;-0,0724103;265;0;-2,10877;20,6677;0;-14,6198;4,30649;-0,129534;60;300,833
489;0,5;136;0;265;2766,35;3928,49;-11,738;60;301,953;269,1;268,777;266,7;17,1107;-14,6916;4,23779;-0,389421;265;0;-4,35749;20,6311;0;-14,7185;4,21022;-0,460108;60;300,279
490;0,5;117;0;265;2765,21;3928,94;-11,738;60;302,062;268,4;268,795;266,8;15,2112;-14,7699;4,14111;-0,530335;265;0;-5,48551;20,5818;0;-14,7801;4,12726;-0,540828;60;300,033
491;0,5;107;0;265;2767,9;3934,6;-11,738;60;302,018;268;268,806;267;14,7919;-14,822;4,04398;-0,50616;265;0;-5,92588;20,5169;0;-14,826;4,03008;-0,488396;60;299,908
492;0,5;95;0;265;2765,69;3924,64;-11,738;60;302,127;267,9;268,809;267,5;14,5016;-14,8374;3,94665;-0,357414;265;0;-5,95582;20,4574;0;-14,8374;3,94665;-0,357414;60;299,941
493;0,5;96;0;265;2769,62;3930,28;-11,738;60;301,931;267,9;268,815;267,7;14,8754;-14,8581;3,84921;-0,292578;265;0;-5,51435;20,3898;0;-14,8581;3,84921;-0,292578;60;299,893
494;0,5;97;0;265;2764,12;3934,28;-11,738;60;301,975;267,9;268,815;268;14,6847;-14,8621;3,76562;-0,199931;265;0;-5,63685;20,3239;0;-14,8617;3,75168;-0,183712;60;299,896
495;0,5;94;0;265;2765,75;3925,67;-11,738;60;301,758;268,2;268,818;268;15,1221;-14,872;3,66806;-0,158416;265;0;-5,05338;20,2607;0;-14,8737;3,65412;-0,155203;60;299,83
496;0,5;96;0;265;2769,68;3932,99;-11,738;60;301,693;268,7;268,822;268,1;15,0373;-14,8842;3,58437;-0,151705;265;0;-5,2559;20,2101;0;-14,8877;3,57042;-0,1578;60;299,741
497;0,5;96;0;265;2766,81;3925,34;-11,738;60;301,497;268,7;268,835;268,4;14,5992;-14,9286;3,48657;-0,269515;265;0;-5,44999;20,1468;0;-14,938;3,47257;-0,295327;60;299,481
498;0,5;95;0;265;2770,15;3932,56;-11,738;60;301,454;268,6;268,854;268,6;13,7233;-15,0149;3,38834;-0,50172;265;0;-6,57014;20,0787;0;-15,0298;3,37426;-0,53722;60;299,064
499;0,5;95;0;265;2769;3930,98;-11,738;60;301,324;268,8;268,882;268,8;12,6311;-15,1299;3,28943;-0,745249;265;0;-7,37717;20,0083;0;-15,1299;3,28943;-0,745249;60;298,665
500;0,5;85;0;265;2768,32;3929,05;-11,738;60;301,063;269;268,904;268,9;12,4982;-15,2089;3,20407;-0,78324;265;0;-7,37754;19,9213;0;-15,2168;3,18981;-0,764861;60;298,404
501;0,5;83;0;265;2767,93;3925,53;-11,738;60;300,998;268,8;268,91;268,8;12,555;-15,2362;3,11843;-0,602662;265;0;-6,92353;19,8354;0;-15,2399;3,08985;-0,535689;60;298,49
502;0,5;85;0;265;2769,76;3935,34;-11,738;60;300,651;268,6;268,907;268,3;14,2722;-15,229;3,00414;-0,290441;265;0;-5,49933;19,7716;0;-15,229;3,00414;-0,290441;60;298,618
503;0,5;80;0;265;2769,19;3931,96;-11,738;60;300,651;268,4;268,877;267,8;15,913;-15,1093;2,91877;0,31247;265;0;-3,41047;19,7168;0;-15,0817;2,90461;0,422834;60;299,314
504;0,5;91;0;265;2776,19;3929,54;-11,738;60;300,456;268,3;268,818;266,7;18,8798;-14,9123;2,8343;1,00357;265;0;0;19,6982;0;-14,8354;2,80641;1,22091;60;300,256
505;0,5;97;0;265;2770,97;3934,32;-11,738;60;300,26;268,6;268,764;265,8;20,6794;-14,6562;2,7373;1,58333;265;0;1,18894;19,7025;0;-14,6249;2,72357;1,61948;60;300,857
506;0,5;120;0;265;2767,53;3925,94;-11,738;60;300,043;268,4;268,712;265;22,271;-14,4481;2,6418;1,74596;265;0;2,66532;19,726;0;-14,4159;2,62827;1,77506;60;301,132
507;0,5;133;0;265;2771,88;3938,23;-11,738;60;299,848;267,9;268,648;264,4;24,1455;-14,1922;2,54777;2,04358;265;0;4,82541;19,7699;0;-14,1472;2,53449;2,11234;60;301,591
508;0,5;145;0;265;2766,14;3929,24;-11,738;60;299,718;267,7;268,563;264,3;26,4633;-13,9021;2,46874;2,47619;265;0;6,95154;19,8284;0;-13,8506;2,45573;2,54545;60;302,235
509;0,5;156;0;265;2768,31;3931,44;-11,738;60;299,588;267,6;268,473;264,3;28,7419;-13,547;2,37866;2,851;265;0;9,26169;19,9235;0;-13,4912;2,36599;2,91375;60;302,875
510;0,5;177;0;265;2769;3934,25;-11,738;60;299,609;267,6;268,386;264,7;31,0964;-13,1449;2,29107;3,25456;265;0;11,2857;20,044;0;-13,0893;2,27877;3,28755;60;303,593
511;0,5;188;0;265;2767,34;3937,7;-11,738;60;299,653;267,6;268,298;265,2;32,2455;-12,7923;2,20601;3,28058;265;0;12,0832;20,1624;0;-12,7923;2,20601;3,28058;60;303,88
512;0,5;204;0;265;2765,3;3932,85;-11,738;60;299,805;267,6;268,236;265,5;31,5054;-12,5755;2,13469;2,95698;265;0;11,1113;20,2985;0;-12,5426;2,12292;2,90147;60;303,708
513;0,5;210;0;265;2768,41;3932,61;-11,738;60;300;267,7;268,187;265,8;30,4363;-12,349;2,05291;2,62859;265;0;10,1695;20,4217;0;-12,3173;2,04135;2,59153;60;303,525
514;0,5;206;0;265;2763,49;3933,52;-11,738;60;300,13;268;268,143;265,9;29,7848;-12,1709;1,98396;2,3884;265;0;8,99518;20,5183;0;-12,1461;1,97256;2,33517;60;303,394
515;0,5;204;0;265;2769,51;3929,29;-11,738;60;300,434;268,2;268,102;266,1;28,3958;-12,0214;1,90462;1,98249;265;0;7,27189;20,6153;0;-12,0093;1,89335;1,89742;60;303,058
516;0,5;197;0;265;2769,06;3936,42;-11,738;60;300,673;268,2;268,093;266,3;26,2138;-11,9737;1,83717;1,44423;265;0;4,56687;20,6858;0;-11,9721;1,81472;1,24998;60;302,395
517;0,5;182;0;265;2762,9;3926,38;-11,738;60;300,825;268,3;268,1;266,6;23,0849;-11,9987;1,75855;0,743705;265;0;1,49271;20,7172;0;-12,0067;1,7473;0,651114;60;301,696
518;0,5;164;0;265;2770,58;3935,14;-11,738;60;301,15;268,1;268,12;266,9;20,7224;-12,0817;1,67957;0,107942;265;0;-0,221411;20,7222;0;-12,0973;1,66823;0,0248415;60;300,898
519;0,5;146;0;265;2766,93;3935,95;-11,738;60;301,454;267,6;268,146;267;17,9897;-12,1835;1,59993;-0,328101;265;0;-2,9202;20,7027;0;-12,1966;1,58851;-0,367328;60;300,281
520;0,5;131;0;265;2764,63;3933,42;-11,738;60;301,584;267,2;268,164;267,1;16,5543;-12,2571;1,5312;-0,506652;265;0;-4,33854;20,6665;0;-12,2698;1,5197;-0,531208;60;299,96
521;0,5;120;0;265;2768,25;3935,11;-11,738;60;301,78;267,1;268,189;267,3;14,8367;-12,3549;1,45045;-0,682537;265;0;-5,92267;20,6067;0;-12,3711;1,43886;-0,711441;60;299,605
522;0,5;106;0;265;2766,64;3932,4;-11,738;60;301,845;267,3;268,216;267,4;13,5067;-12,4649;1,369;-0,829196;265;0;-7,00208;20,5297;0;-12,4785;1,35731;-0,835143;60;299,267
523;0,5;97;0;265;2765,82;3936,92;-11,738;60;301,801;267,5;268,235;267,3;13,1537;-12,534;1,29868;-0,801757;265;0;-7,33808;20,457;0;-12,5413;1,28692;-0,779094;60;299,155
524;0,5;89;0;265;2769,85;3935,29;-11,738;60;301,845;267,8;268,239;267,3;13,3007;-12,5547;1,21633;-0,546917;265;0;-7,01298;20,3718;0;-12,5559;1,20456;-0,513265;60;299,307
525;0,5;86;0;265;2764,1;3934,67;-11,738;60;301,801;267,9;268,231;266,8;14,0838;-12,5255;1,13397;-0,191608;265;0;-5,71586;20,2958;0;-12,513;1,12224;-0,191608;60;299,609
526;0,5;88;0;265;2765,3;3928,16;-11,738;60;301,714;268;268,198;265,9;16,2527;-12,3913;1,05217;0,421386;265;0;-3,99439;20,2471;0;-12,3913;1,05217;0,421386;60;300,183
527;0,5;90;0;265;2771,31;3937,84;-11,738;60;301,367;268,2;268,156;265,6;18,464;-12,251;0,982865;0,834504;265;0;-1,22565;20,2186;0;-12,2257;0,971392;0,895953;60;300,759
528;0,5;103;0;265;2761,83;3931,8;-11,738;60;301,345;268;268,12;265,7;20,1959;-12,0786;0,903042;1,16145;265;0;0;20,2122;0;-12,0562;0,891729;1,18574;60;301,178
529;0,5;119;0;265;2768,25;3933,18;-11,738;60;301,107;267,9;268,076;265,8;20,5853;-11,9043;0,824326;1,37224;265;0;0,372473;20,2128;0;-11,9043;0,824326;1,37224;60;301,431
530;0,5;129;0;265;2771,24;3937,25;-11,738;60;300,998;267,9;268,006;265,9;22,6997;-11,6719;0,757977;1,82401;265;0;2,71229;20,2304;0;-11,6255;0,747056;1,9157;60;302,102
531;0,5;137;0;265;2764,12;3927,81;-11,738;60;300,89;268;267,938;265,9;25,2697;-11,3521;0,682435;2,32148;265;0;5,13276;20,2775;0;-11,3073;0,671813;2,36956;60;302,844
532;0,5;149;0;265;2769,18;3939,12;-11,738;60;300,825;268,2;267,861;265,8;26,8516;-11,0888;0,619325;2,5391;265;0;6,71177;20,3382;0;-11,0453;0,608949;2,56498;60;303,262
533;0,5;163;0;265;2768,88;3931,79;-11,738;60;300,846;268,4;267,798;265,7;27,9556;-10,7931;0,54754;2,64731;265;0;7,57776;20,4224;0;-10,7552;0,537439;2,63889;60;303,594
534;0,5;176;0;265;2764,96;3929,16;-11,738;60;300,89;268,4;267,74;265,6;28,0261;-10,559;0,477517;2,46487;265;0;7,52604;20,5;0;-10,559;0,477517;2,46487;60;303,598
535;0,5;182;0;265;2768,06;3930,26;-11,738;60;300,955;268,1;267,701;265,5;27,0957;-10,4203;0,418542;2,12019;265;0;6,46741;20,5823;0;-10,4022;0,408782;2,05399;60;303,311
536;0,5;182;0;265;2769,05;3935,85;-11,738;60;301,02;267,7;267,676;265,7;25,7973;-10,3173;0,350521;1,64733;265;0;4,95862;20,6485;0;-10,3057;0,340854;1,58413;60;302,873
537;0,5;177;0;265;2763,95;3930,37;-11,738;60;301,063;267,5;267,662;265,9;24,4366;-10,2492;0,283045;1,23728;265;0;3,60007;20,6969;0;-10,2399;0,27344;1,19255;60;302,463
538;0,5;170;0;265;2772,47;3933,19;-11,738;60;301,259;267,4;267,648;266,3;23,3023;-10,1983;0,225544;0,991141;265;0;2,25608;20,7262;0;-10,1912;0,215987;0,953615;60;302,211
539;0,5;162;0;265;2765,61;3932,33;-11,738;60;301,259;267,3;267,645;266,5;22,0264;-10,1798;0,158711;0,647892;265;0;1,08109;20,7468;0;-10,1829;0,149166;0,586351;60;301,819
540;0,5;150;0;265;2764,72;3927,97;-11,738;60;301,302;267,2;267,655;266,7;20,7501;-10,2191;0,0918028;0,222158;265;0;0;20,7501;0;-10,2281;0,0822182;0,163154;60;301,287
541;0,5;143;0;265;2771,13;3939,17;-11,738;60;301,432;267,2;267,672;267;19,5991;-10,2887;0,0245213;-0,142412;265;0;-1,14701;20,7461;0;-10,2887;0,0245213;-0,142412;60;300,85
542;0,5;136;0;265;2765,56;3925,01;-11,738;60;301,454;267,3;267,692;267,2;18,3754;-10,3611;-0,0335529;-0,3834;265;0;-2,51948;20,7244;0;-10,3694;-0,0432703;-0,39569;60;300,414
543;0,5;129;0;265;2765,57;3929,86;-11,738;60;301,454;268,1;267,702;267,2;17,8137;-10,4077;-0,101711;-0,404988;265;0;-2,92853;20,6916;0;-10,4137;-0,111471;-0,404537;60;300,278
544;0,5;121;0;265;2768,07;3933,62;-11,738;60;301,432;268,7;267,712;267,2;17,5283;-10,4489;-0,170148;-0,399307;265;0;-3,13251;20,6608;0;-10,4489;-0,170148;-0,399307;60;300,188
545;0,5;120;0;265;2767,2;3928,99;-11,738;60;301,389;268,8;267,721;267,1;17,369;-10,4829;-0,229019;-0,391572;265;0;-3,36551;20,6216;0;-10,4866;-0,238849;-0,380914;60;300,089
546;0,5;115;0;265;2765,96;3931,61;-11,738;60;301,345;268,7;267,725;266,6;17,4022;-10,5003;-0,288043;-0,316735;265;0;-3,12711;20,5837;0;-10,4973;-0,307729;-0,25865;60;300,103
547;0,5;114;0;265;2768,66;3931,65;-11,738;60;301,302;268,7;267,72;266,4;17,9483;-10,479;-0,356898;-0,0995222;265;0;-2,47068;20,5554;0;-10,4746;-0,36672;-0,0711464;60;300,257
548;0,5;116;0;265;2765,69;3933,74;-11,738;60;301,215;268,6;267,71;266,1;18,6795;-10,4387;-0,425551;0,102969;265;0;-1,62281;20,5305;0;-10,4304;-0,435333;0,135527;60;300,431
549;0,5;117;0;265;2769,52;3933,78;-11,738;60;301,237;268,2;267,688;265,9;19,3809;-10,3662;-0,484084;0,363853;265;0;-0,533057;20,5158;0;-10,3385;-0,503495;0,441843;60;300,751
550;0,5;121;0;265;2769,84;3938,2;-11,738;60;301,085;267,7;267,664;265,7;20,514;-10,2667;-0,551782;0,601012;265;0;0;20,514;0;-10,2555;-0,561402;0,611689;60;300,975
551;0,5;128;0;265;2763,73;3928,68;-11,738;60;301,02;267,3;267,65;265,5;20,514;-10,2006;-0,618919;0,606206;265;0;0;20,514;0;-10,1935;-0,628479;0,596504;60;300,979
552;0,5;135;0;265;2770,71;3939,24;-11,738;60;300,911;267,6;267,644;265,3;20,514;-10,1762;-0,685754;0,44523;265;0;0;20,514;0;-10,1773;-0,695294;0,40775;60;300,776
553;0,5;136;0;265;2768,77;3936,64;-11,738;60;300,911;267,8;267,648;265,3;19,9928;-10,1886;-0,743021;0,231033;265;0;-0,659399;20,5117;0;-10,1917;-0,752575;0,199628;60;300,492
554;0,5;136;0;265;2766,91;3929,35;-11,738;60;300,846;268;267,652;265,3;19,3472;-10,2094;-0,809953;0,0560531;265;0;-1,2522;20,5011;0;-10,2123;-0,819526;0,037885;60;300,229
555;0,5;133;0;265;2769,05;3939,58;-11,738;60;300,781;268,5;267,655;265,2;19,0574;-10,218;-0,876995;0,00408127;265;0;-1,4398;20,4856;0;-10,2171;-0,886574;0,00849345;60;300,101
556;0,5;128;0;265;2768,28;3929,92;-11,738;60;300,716;268,8;267,651;265,1;19,2091;-10,205;-0,94402;0,0569033;265;0;-1,26273;20,4718;0;-10,205;-0,94402;0,0569033;60;300,095
557;0,5;125;0;265;2771,11;3934,16;-11,738;60;300,673;268,8;267,646;265;19,38;-10,1869;-1,00137;0,108894;265;0;-1,07963;20,4581;0;-10,182;-1,01092;0,124552;60;300,113
558;0,5;126;0;265;2769,81;3935,79;-11,738;60;300,586;268,7;267,638;264,8;19,7629;-10,1579;-1,05859;0,186286;265;0;-0,686224;20,4486;0;-10,1442;-1,07762;0,223835;60;300,179
559;0,5;127;0;265;2768,78;3934,79;-11,738;60;300,521;268,6;267,622;264,7;20,3931;-10,0884;-1,13455;0,373822;265;0;-0,0510315;20,4441;0;-10,0884;-1,13455;0,373822;60;300,304
560;0,5;128;0;265;2767,43;3933,92;-11,738;60;300,434;268,5;267,598;264,7;20,4441;-10,0067;-1,19107;0,569148;265;0;0;20,4441;0;-9,9927;-1,20045;0,595658;60;300,564
561;0,5;134;0;265;2768,39;3936,83;-11,738;60;300,456;268,3;267,581;264,6;20,474;-9,9335;-1,24714;0,653549;265;0;0,157233;20,4443;0;-9,91628;-1,26575;0,642064;60;300,665
562;0,5;136;0;265;2766,17;3937,05;-11,738;60;300,391;267,9;267,572;264,6;20,4452;-9,88674;-1,31215;0,56116;265;0;0;20,4452;0;-9,88333;-1,32142;0,537068;60;300,555
563;0,5;136;0;265;2766,69;3931,88;-11,738;60;300,434;267,2;267,568;264,7;20,4452;-9,87112;-1,37697;0,389108;265;0;0;20,4452;0;-9,86978;-1,38622;0,367452;60;300,333
564;0,5;137;0;265;2767,42;3939,81;-11,738;60;300,412;266,7;267,565;264,9;20,4083;-9,86306;-1,43247;0,280504;265;0;-0,0402283;20,445;0;-9,86038;-1,45096;0,253889;60;300,156
565;0,5;138;0;265;2764,64;3930,23;-11,738;60;300,477;266,3;267,563;265,3;19,7913;-9,85366;-1,49717;0,202468;265;0;-0,635504;20,4408;0;-9,85232;-1,50641;0,194306;60;300,044
566;0,5;135;0;265;2767,74;3938,1;-11,738;60;300,434;266,3;267,561;265,7;19,5882;-9,845;-1,56181;0,153369;265;0;-0,950629;20,4315;0;-9,84377;-1,57103;0,148167;60;299,939
567;0,5;133;0;265;2763,94;3939,02;-11,738;60;300,434;266,5;267,556;266;19,4746;-9,82791;-1,61714;0,168008;265;0;-1,22767;20,4196;0;-9,8218;-1,63556;0,172944;60;299,912
568;0,5;131;0;265;2766,56;3930,9;-11,738;60;300,477;267,3;267,551;266,2;19,3169;-9,80654;-1,68157;0,18249;265;0;-1,17246;20,4087;0;-9,80349;-1,69076;0,184002;60;299,887
569;0,5;131;0;265;2766,51;3938,64;-11,738;60;300,456;267,7;267,547;266,4;19,1588;-9,78982;-1,74586;0,169961;265;0;-1,41782;20,395;0;-9,78884;-1,75503;0,162377;60;299,827
570;0,5;126;0;265;2764,53;3932,92;-11,738;60;300,456;267,7;267,546;266,5;18,831;-9,78506;-1,81008;0,117116;265;0;-1,62446;20,3774;0;-9,78616;-1,81925;0,103355;60;299,714
571;0,5;124;0;265;2768,65;3937,47;-11,738;60;300,434;267,7;267,548;266,5;18,4052;-9,79165;-1,86514;0,0481111;265;0;-1,9513;20,3592;0;-9,79275;-1,87432;0,0393373;60;299,584
572;0,5;123;0;265;2765,86;3933,75;-11,738;60;300,521;267,6;267,55;266,2;17,8075;-9,79934;-1,92942;-0,00147532;265;0;-2,57642;20,3321;0;-9,80044;-1,93861;-0,00665963;60;299,462
573;0,5;122;0;265;2764,29;3934,15;-11,738;60;300,499;267,3;267,55;266,1;17,6028;-9,80068;-1,99375;-0,00240372;265;0;-2,71119;20,3006;0;-9,79971;-2,00294;0,00247725;60;299,395
574;0,5;119;0;265;2767,45;3934,14;-11,738;60;300,434;267,3;267,548;266,3;17,4422;-9,79482;-2,04886;0,0220655;265;0;-2,59016;20,2738;0;-9,79385;-2,05804;0,025177;60;299,371
575;0,5;118;0;265;2768,54;3936,89;-11,738;60;300,456;267,5;267,544;266,4;17,6427;-9,77639;-2,11308;0,0862627;265;0;-2,60004;20,2429;0;-9,77358;-2,12225;0,0935612;60;299,389
576;0,5;118;0;265;2763,71;3936,67;-11,738;60;300,434;267,2;267,539;266,5;17,6789;-9,75674;-2,17718;0,127494;265;0;-2,54456;20,2141;0;-9,75393;-2,18632;0,131809;60;299,386
577;0,5;118;0;265;2766,44;3931,52;-11,738;60;300,347;266,6;267,533;266,5;17,8836;-9,73367;-2,24114;0,16821;265;0;-2,30643;20,19;0;-9,73367;-2,24114;0,16821;60;299,378
578;0,5;118;0;265;2764,87;3938,76;-11,738;60;300,26;266,4;267,524;266,3;18,212;-9,70571;-2,29581;0,21974;265;0;-1,94993;20,1661;0;-9,69729;-2,30491;0,244449;60;299,41
579;0,5;118;0;265;2764,04;3931,93;-11,738;60;300,195;266,7;267,506;266;19,0428;-9,62344;-2,35927;0,459432;265;0;-0,783728;20,1488;0;-9,60732;-2,36828;0,503875;60;299,669
580;0,5;120;0;265;2769,19;3937,6;-11,738;60;300,174;266,7;267,472;265,8;20,1287;-9,50808;-2,41309;0,762406;265;0;0;20,1456;0;-9,4866;-2,42199;0,81083;60;300,034
581;0,5;123;0;265;2761,05;3933,21;-11,738;60;300,087;266,5;267,44;265,9;20,1605;-9,37332;-2,47502;0,968671;265;0;0,0773987;20,1457;0;-9,35842;-2,4838;0,970418;60;300,313
582;0,5;132;0;265;2766,15;3930,09;-11,738;60;300;266,6;267,42;266;20,5029;-9,27883;-2,53621;0,936481;265;0;0,275977;20,1487;0;-9,26846;-2,5449;0,918786;60;300,314
583;0,5;135;0;265;2770,47;3939,46;-11,738;60;299,978;266,6;267,404;266,2;20,1836;-9,21694;-2,59689;0,791559;265;0;0,0340027;20,1496;0;-9,21694;-2,59689;0,791559;60;300,19
584;0,5;135;0;265;2762,36;3929,61;-11,738;60;299,978;266,4;267,39;266,3;20,1497;-9,16897;-2,6486;0,697681;265;0;0;20,1497;0;-9,16104;-2,65719;0,685483;60;300,072
585;0,5;136;0;265;2766,66;3932,75;-11,738;60;299,957;266,3;267,379;266,4;20,1497;-9,11453;-2,70859;0,624158;265;0;0;20,1497;0;-9,10696;-2,71713;0,615508;60;299,993
586;0,5;136;0;265;2768,94;3931,06;-11,738;60;299,978;266,3;267,367;266,3;20,1497;-9,06948;-2,75973;0,579163;265;0;0;20,1497;0;-9,06216;-2,76823;0,572591;60;299,942
587;0,5;137;0;265;2766,97;3931,7;-11,738;60;299,913;267,5;267,353;265,6;20,1497;-9,01858;-2,81908;0,540386;265;0;0;20,1497;0;-9,0115;-2,82754;0,535446;60;299,895
588;0,5;137;0;265;2767,68;3933,58;-11,738;60;299,935;268;267,338;264,9;20,1497;-8,95181;-2,87808;0,589035;265;0;0;20,1497;0;-8,93704;-2,88647;0,617636;60;299,951
589;0,5;137;0;265;2769,94;3931,08;-11,738;60;299,957;267,7;267,307;264,4;20,1844;-8,84841;-2,92815;0,795613;265;0;0,164099;20,1499;0;-8,82827;-2,93644;0,835166;60;300,211
590;0,5;136;0;265;2766,34;3931,29;-11,738;60;300,065;267,4;267,274;264,2;20,9502;-8,69497;-2,98573;1,07258;265;0;0,957129;20,1572;0;-8,67153;-2,99388;1,108;60;300,584
591;0,5;137;0;265;2771,29;3930,64;-11,738;60;300,043;267;267,234;264,1;21,8608;-8,55813;-3,03425;1,23275;265;0;1,76765;20,1718;0;-8,53738;-3,04227;1,24365;60;300,833
592;0,5;140;0;265;2768,75;3936,18;-11,738;60;300,022;266,8;267,205;264,1;22,3284;-8,4208;-3,08995;1,25901;265;0;2,02628;20,1954;0;-8,40273;-3,09784;1,25507;60;300,941
593;0,5;141;0;265;2762,58;3926;-11,738;60;300,087;266,6;267,178;264,3;22,0945;-8,31179;-3,14484;1,16364;265;0;1,83741;20,2188;0;-8,29824;-3,15262;1,14482;60;300,899
594;0,5;142;0;265;2771,34;3932,29;-11,738;60;300,108;266,7;267,155;264,4;21,8689;-8,2333;-3,19137;1,05675;265;0;1,59049;20,2387;0;-8,20693;-3,20678;1,03197;60;300,817
595;0,5;142;0;265;2769,1;3936,31;-11,738;60;300,022;267,1;267,128;264,5;22,0196;-8,13442;-3,24509;1,01505;265;0;1,81827;20,2549;0;-8,11379;-3,25271;1,0411;60;300,828
596;0,5;143;0;265;2764,98;3927,49;-11,738;60;300;267,4;267,081;264,5;23,5906;-7,92275;-3,29785;1,44647;265;0;3,65436;20,2848;0;-7,8832;-3,30526;1,53251;60;301,418
597;0,5;144;0;265;2772,14;3937,18;-11,738;60;300,022;267,4;267,007;264,5;26,0034;-7,62991;-3,34889;1,99852;265;0;5,77555;20,3406;0;-7,58779;-3,35603;2,05701;60;302,212
598;0,5;156;0;265;2767,5;3925,21;-11,738;60;300,087;267,1;266,944;264,5;27,0946;-7,40798;-3,39116;2,15799;265;0;6,79297;20,4046;0;-7,37698;-3,39809;2,15142;60;302,551
599;0,5;167;0;265;2767,76;3929,14;-11,738;60;300,195;267;266,909;264,1;26,7257;-7,2377;-3,43916;1,9218;265;0;6,45121;20,4813;0;-7,21951;-3,44594;1,87053;60;302,437
600;0,5;176;0;265;2771,04;3935,21;-11,738;60;300,195;266,7;266,88;263,8;26,0127;-7,11819;-3,48625;1,59724;265;0;5,36924;20,5494;0;-7,10256;-3,49292;1,55708;60;302,185
601;0,5;175;0;265;2769,68;3928,14;-11,738;60;300,26;266,6;266,858;263,8;25,0548;-7,03262;-3,53266;1,27003;265;0;4,45627;20,5986;0;-7,03262;-3,53266;1,27003;60;301,946
602;0,5;173;0;265;2769,6;3930,68;-11,738;60;300,369;266,6;266,848;264,1;23,874;-6,99209;-3,57209;0,96877;265;0;3,08381;20,6424;0;-6,98916;-3,57864;0,912857;60;301,597
603;0,5;166;0;265;2772,27;3930,83;-11,738;60;300,477;266,5;266,844;264,4;22,4488;-6,97781;-3,61792;0,624857;265;0;1,63187;20,67;0;-6,97695;-3,61792;0,624857;60;301,221
604;0,5;157;0;265;2768,65;3930,52;-11,738;60;300,586;266,1;266,837;264,9;21,5958;-6,95876;-3,65712;0,478777;265;0;0,807623;20,6815;0;-6,94998;-3,66364;0,486523;60;301,055
605;0,5;149;0;265;2767,71;3928,23;-11,738;60;300,738;265,9;266,816;265,2;21,6013;-6,8644;-3,70252;0,660761;265;0;0,914557;20,6905;0;-6,84609;-3,70894;0,70124;60;301,286
606;0,5;146;0;265;2772,26;3933,99;-11,738;60;300,803;265,8;266,783;265,4;22,4503;-6,73037;-3,74713;0,914886;265;0;1,88007;20,7056;0;-6,70864;-3,75343;0,953465;60;301,63
607;0,5;146;0;265;2766,29;3927,9;-11,738;60;300,933;265,9;266,747;265,3;23,2806;-6,60598;-3,78463;1,08105;265;0;2,24857;20,728;0;-6,58694;-3,79081;1,09468;60;301,883
608;0,5;148;0;265;2769,94;3929,43;-11,738;60;300,977;266,3;266,714;264,8;23,2809;-6,475;-3,82755;1,14823;265;0;2,58411;20,7569;0;-6,45461;-3,83361;1,16347;60;302,038
609;0,5;149;0;265;2770,54;3934,43;-11,738;60;300,933;266,6;266,677;264,3;24,272;-6,30923;-3,86952;1,33061;265;0;3,63285;20,7927;0;-6,28372;-3,87542;1,35738;60;302,344
610;0,5;153;0;265;2765,17;3921,68;-11,738;60;300,998;267,1;266,623;263,4;25,4889;-6,09158;-3,91027;1,65243;265;0;4,65659;20,8323;0;-6,09158;-3,91027;1,65243;60;302,75
611;0,5;157;0;265;2768,26;3934,27;-11,738;60;300,933;267;266,531;262,5;28,3541;-5,78066;-3,94371;2,32039;265;0;7,96531;20,9046;0;-5,72378;-3,9491;2,42679;60;303,788
612;0,5;172;0;265;2766,14;3928,97;-11,738;60;301,128;267,1;266,448;262,3;30,8307;-5,39065;-3,98035;2,88586;265;0;9,83674;20,9939;0;-5,39065;-3,98035;2,88586;60;304,607
613;0,5;186;0;265;2769,96;3927,94;-11,738;60;301,063;267,1;266,361;261,9;32,7235;-5,04543;-4,01456;3,03858;265;0;11,6031;21,1205;0;-5,04543;-4,01456;3,03858;60;305,131
614;0,5;205;0;265;2769,32;3936,03;-11,738;60;301,172;267;266,288;261,7;32,8969;-4,79543;-4,04222;2,94026;265;0;11,769;21,2581;0;-4,75356;-4,0467;2,92949;60;305,295
615;0,5;213;0;265;2768,22;3927,05;-11,738;60;301,237;266,9;266,222;261,6;33,6428;-4,48831;-4,0727;2,93741;265;0;12,6555;21,3994;0;-4,44387;-4,07688;2,9392;60;305,569
616;0,5;221;0;265;2771,4;3930,04;-11,738;60;301,324;266,6;266,148;261,8;34,2257;-4,19399;-4,10116;2,87422;265;0;12,7004;21,5253;0;-4,19399;-4,10116;2,87422;60;305,757
617;0,5;224;0;265;2768,17;3928,65;-11,738;60;301,541;266,5;266,097;262;33,6558;-3,98892;-4,12415;2,65232;265;0;11,9721;21,6689;0;-3,95706;-4,12788;2,61413;60;305,732
618;0,5;226;0;265;2767,14;3928,2;-11,738;60;301,693;266,4;266,029;262,1;33,6076;-3,76211;-4,14599;2,61521;265;0;11,6726;21,8061;0;-3,66677;-4,15295;2,69394;60;305,979
619;0,5;226;0;265;2767,75;3929,11;-11,738;60;301,997;266,3;265,958;262,2;34,4078;-3,43362;-4,16958;2,8197;265;0;12,3763;21,9283;0;-3,39041;-4,17278;2,82413;60;306,409
620;0,5;227;0;265;2769,29;3926,95;-11,738;60;302,192;265,9;265,896;262,2;34,2933;-3,18362;-4,19123;2,62023;265;0;11,7468;22,0738;0;-3,15774;-4,1942;2,55553;60;306,438
621;0,5;229;0;265;2769,37;3927,75;-11,738;60;302,626;265,7;265,861;262;32,1292;-3,05984;-4,20876;2,15977;265;0;9,49708;22,1978;0;-3,03127;-4,21447;1,99115;60;306,013
622;0,5;220;0;265;2769,55;3926,79;-11,738;60;302,843;265,6;265,84;261,9;29,9755;-2,97012;-4,22853;1,62115;265;0;7,71564;22,2826;0;-2,95925;-4,23131;1,55632;60;305,615
623;0,5;209;0;265;2770,05;3933,91;-11,738;60;303,212;265,7;265,81;261,8;28,7684;-2,83987;-4,24767;1,49034;265;0;6,15915;22,3606;0;-2,81167;-4,25032;1,5185;60;305,595
624;0,5;197;0;265;2770,97;3926,01;-11,738;60;303,559;265,9;265,766;261,7;28,5861;-2,66531;-4,2657;1,54897;265;0;6,15348;22,4339;0;-2,64797;-4,26819;1,52053;60;305,81
625;0,5;195;0;265;2775,67;3929,44;-11,738;60;303,798;266,2;265,749;262;27,4001;-2,59658;-4,28046;1,25264;265;0;4,51505;22,4883;0;-2,59365;-4,2829;1,17621;60;305,568
626;0,5;188;0;265;2772,35;3934,75;-11,738;60;304,036;266,4;265,75;262,7;25,0851;-2,6;-4,29748;0,717778;265;0;2,32822;22,529;0;-2,605;-4,29992;0,64177;60;305,013
627;0,5;176;0;265;2774,69;3926,31;-11,738;60;304,145;266,6;265,764;263,1;23,453;-2,64541;-4,31222;0,27078;265;0;0,225439;22,5441;0;-2,66702;-4,3172;0,132703;60;304,42
628;0,5;161;0;265;2778,63;3934;-11,738;60;304,384;266,9;265,784;262,6;22,3973;-2,72207;-4,32983;-0,139557;265;0;-0,548712;22,5436;0;-2,73452;-4,33239;-0,189474;60;304,001
629;0,5;153;0;265;2771,94;3925,92;-11,738;60;304,449;267,1;265,784;261,6;21,6378;-2,73611;-4,34784;-0,105045;265;0;-0,736578;22,5328;0;-2,72439;-4,3504;-0,040977;60;304,003
630;0,5;147;0;265;2778,8;3931,47;-11,738;60;304,666;267,1;265,739;260,2;22,5298;-2,55422;-4,36532;0,682979;265;0;0,139471;22,53;0;-2,5054;-4,36769;0,868924;60;304,956
631;0,5;145;0;265;2778,19;3937,13;-11,738;60;304,709;266,8;265,631;259,4;26,532;-2,19583;-4,37875;1,89935;265;0;4,82349;22,5541;0;-2,12283;-4,38077;2,11384;60;306,517
632;0,5;158;0;265;2772,76;3925,11;-11,738;60;304,796;266,7;265,522;259,4;31,698;-1,68667;-4,39148;3,10139;265;0;9,4632;22,6408;0;-1,61819;-4,39302;3,20723;60;308,216
633;0,5;175;0;265;2778,68;3933,32;-11,738;60;304,774;266,6;265,415;259,7;34,6759;-1,25833;-4,40108;3,48228;265;0;11,9272;22,7696;0;-1,20815;-4,40223;3,47234;60;309,015
634;0,5;213;0;265;2776,26;3928,96;-11,738;60;304,688;266,3;265,339;260,2;35,4725;-0,957422;-4,40827;3,20692;265;0;12,5778;22,8947;0;-0,957422;-4,40827;3,20692;60;309,08
635;0,5;227;0;265;2773,24;3929,78;-11,738;60;304,948;266,5;265,281;261;34,3982;-0,75918;-4,41311;2,84568;265;0;11,1532;23,0318;0;-0,725366;-4,41381;2,80293;60;308,866
636;0,5;229;0;265;2775,17;3930,15;-11,738;60;304,948;266,6;265,233;261,7;34,0785;-0,532251;-4,41735;2,56551;265;0;10,9156;23,1612;0;-0,495508;-4,41783;2,55712;60;308,808
637;0,5;232;0;265;2774,91;3926,75;-11,738;60;305,252;266,4;265,165;262,4;34,0925;-0,25979;-4,41995;2,57839;265;0;10,8246;23,2679;0;-0,25979;-4,41995;2,57839;60;309,06
638;0,5;230;0;265;2774,44;3930,87;-11,738;60;305,317;266,4;265,121;262,9;34,0523;-0,0824219;-4,42086;2,34322;265;0;10,2856;23,3932;0;-0,060083;-4,42093;2,28149;60;309,032
639;0,5;229;0;265;2778,89;3930,31;-11,738;60;305,773;266,7;265,096;263,3;31,3018;0;-4,42104;1,67658;265;0;7,36051;23,4969;0;0;-4,42104;1,55538;60;308,448
640;0,5;218;0;265;2772,62;3930,83;-11,738;60;305,99;266,4;265,094;263,4;28,5096;0;-4,42104;0,991544;265;0;4,9513;23,5583;0;0;-4,42104;0,991544;60;307,84
641;0,5;203;0;265;2768,53;3923,65;-11,738;60;306,272;265,7;265,104;263,6;26,9176;-0,00893554;-4,42104;0,589346;265;0;2,63978;23,6046;0;-0,0169922;-4,42106;0,507916;60;307,352
642;0,5;184;0;265;2777,9;3930,45;-11,738;60;306,359;265,3;265,117;263,4;24,5785;-0,0660644;-4,42129;0,126846;265;0;0,819708;23,6238;0;-0,0676514;-4,42135;0,110028;60;306,832
643;0,5;175;0;265;2771,06;3929,97;-11,738;60;306,662;265;265,099;263;24,2397;0;-4,42158;0,355074;265;0;0,609686;23,63;0;0;-4,42158;0,355074;60;307,066
644;0,5;164;0;265;2770,3;3923,2;-11,738;60;306,793;265;265,052;262,6;23,7;0;-4,42158;0,226357;265;0;0,0134949;23,6337;0;0;-4,42158;0,209994;60;306,997
645;0,5;160;0;265;2776,35;3933,33;-11,738;60;306,814;265,2;265,014;262,5;23,6337;0;-4,42158;0,13387;265;0;0;23,6337;0;0;-4,42158;0,13387;60;306,915
646;0,5;158;0;265;2769,38;3923,45;-11,738;60;306,944;265,3;264,988;262,6;23,6337;0;-4,42158;0,0853411;265;0;0;23,6337;0;0;-4,42158;0,0791719;60;306,856
647;0,5;158;0;265;2769,69;3927,94;-11,738;60;306,858;265,6;264,965;262,7;23,6337;0;-4,42158;0,0504716;265;0;0;23,6337;0;0;-4,42158;0,046823;60;306,821
648;0,5;158;0;265;2770,35;3933,83;-11,738;60;306,858;266,1;264,955;262,6;23,6337;0;-4,42158;0,0298494;265;0;0;23,6337;0;0;-4,42158;0,0276916;60;306,801
649;0,5;156;0;265;2766,34;3920,63;-11,738;60;306,836;266,3;264,952;262,2;23,6337;0;-4,42158;0,0176532;265;0;0;23,6337;0;0;-4,42158;0,0176532;60;306,79
650;0,5;157;0;265;2769,92;3931,58;-11,738;60;306,836;266,2;264,934;261,9;23,6337;0;-4,42158;0,0112538;265;0;0;23,6337;0;0;-4,42158;0,0104403;60;306,782
651;0,5;157;0;265;2768,3;3929,51;-11,738;60;306,793;266,2;264,878;261,8;23,6337;0,0541016;-4,42154;0,26156;265;0;1,24003;23,6352;0;0,125391;-4,42137;0,556212;60;307,276
652;0,5;157;0;265;2766,08;3927,06;-11,738;60;306,619;266,3;264,827;261,8;27,2998;0,292505;-4,42038;1,0755;265;0;3,9629;23,662;0;0,321069;-4,42009;1,13541;60;308,14
653;0,5;165;0;265;2767,62;3932,17;-11,738;60;306,641;266,3;264,792;261,9;28,3759;0,433618;-4,41792;1,16027;265;0;4,71299;23,7146;0;0,439355;-4,41751;1,10404;60;308,368
654;0,5;177;0;265;2767,91;3927,41;-11,738;60;306,532;266,3;264,79;261,9;27,5119;0,440088;-4,41501;0,698889;265;0;3,55237;23,7627;0;0,439844;-4,4146;0,647191;60;307,916
655;0,5;181;0;265;2766,96;3931,96;-11,738;60;306,554;266,5;264,779;262,1;27,0697;0,472681;-4,41248;0,587149;265;0;3,25739;23,7959;0;0,482324;-4,41203;0,59118;60;307,84
656;0,5;181;0;265;2769,49;3931,45;-11,738;60;306,51;267,2;264,762;262,4;27,5969;0,550562;-4,40912;0,651483;265;0;3,75919;23,8369;0;0,561792;-4,4086;0,658511;60;307,985
657;0,5;183;0;265;2771,15;3931,79;-11,738;60;306,597;267,9;264,749;262,9;27,6849;0,599146;-4,40587;0,603252;265;0;3,57471;23,8746;0;0,60415;-4,4053;0,583763;60;307,989
658;0,5;182;0;265;2765,29;3926,27;-11,738;60;306,489;268,3;264,751;263,5;27,1619;0,59585;-4,4019;0,330684;265;0;2,82407;23,9139;0;0,588892;-4,40135;0,273247;60;307,717
659;0,5;182;0;265;2767,48;3930,67;-11,738;60;306,554;268,6;264,772;263,9;25,4677;0,513818;-4,39822;-0,136136;265;0;1,38395;23,9389;0;0,497217;-4,39775;-0,206302;60;307,172
660;0,5;172;0;265;2766,01;3932,37;-11,738;60;306,597;268,4;264,807;264,4;23,9439;0,371729;-4,39528;-0,6453;265;0;0;23,9439;0;0,34585;-4,39494;-0,72337;60;306,523
661;0,5;167;0;265;2768,14;3925,31;-11,738;60;306,597;268,1;264,857;264,8;22,5508;0,202417;-4,39365;-1,09681;265;0;-1,47898;23,9374;0;0,173364;-4,39347;-1,15753;60;305,904
662;0,5;157;0;265;2766,56;3932,24;-11,738;60;306,619;267,5;264,906;265,1;20,9701;0,00197753;-4,39298;-1,42743;265;0;-3,13535;23,91;0;0;-4,39298;-1,33377;60;305,374
663;0,5;148;0;265;2763,03;3924,77;-11,738;60;306,641;267;264,941;265,4;22,2133;0;-4,39298;-0,850271;265;0;-1,47486;23,8842;0;0;-4,39298;-0,788806;60;305,949
664;0,5;144;0;265;2768,69;3928,36;-11,738;60;306,554;266,5;264,971;265,5;23,5868;0;-4,39298;-0,502859;265;0;-0,289709;23,8765;0;0;-4,39298;-0,502859;60;306,257
665;0,5;148;0;265;2767,08;3934,88;-11,738;60;306,467;266,4;264,989;265,5;23,8761;0;-4,39298;-0,320569;265;0;0;23,8761;0;0;-4,39298;-0,297396;60;306,479
666;0,5;154;0;265;2764,8;3923,2;-11,738;60;306,315;266,7;264,998;265,3;24,1159;0;-4,39298;-0,189588;265;0;0,239447;23,8764;0;0;-4,39298;-0,189588;60;306,595
667;0,5;154;0;265;2769,44;3931,26;-11,738;60;306,163;266,6;264,999;264,8;24,8289;0;-4,39298;-0,112124;265;0;0,945685;23,8832;0;0;-4,39298;-0,112124;60;306,678
668;0,5;158;0;265;2764,23;3928,36;-11,738;60;306,098;266,2;265,003;264,3;25,1663;0;-4,39298;-0,0714783;265;0;1,28919;23,896;0;0;-4,39298;-0,0663112;60;306,728
669;0,5;161;0;265;2766,87;3926,26;-11,738;60;306,033;266,4;265,002;263,3;25,472;0;-4,39298;-0,042273;265;0;1,37681;23,9123;0;0;-4,39298;-0,0392171;60;306,757
670;0,5;165;0;265;2767,66;3933,7;-11,738;60;305,99;266,9;264,974;262,2;25,6771;0;-4,39298;-0,0250007;265;0;1,74824;23,9288;0;0;-4,39298;-0,0250007;60;306,772
671;0,5;167;0;265;2762,43;3923,21;-11,738;60;306,055;266,7;264,945;262;25,6593;0;-4,39298;-0,0159378;265;0;1,58591;23,9496;0;0;-4,39298;-0,0147856;60;306,783
672;0,5;169;0;265;2768,49;3930,65;-11,738;60;305,99;266,3;264,934;261,8;25,7662;0;-4,39298;-0,00942574;265;0;1,86597;23,9706;0;0;-4,39298;-0,00874436;60;306,79
673;0,5;169;0;265;2768,72;3932,73;-11,738;60;306,076;265,9;264,942;261,8;25,538;0;-4,39298;-0,00557448;265;0;1,55067;23,9873;0;0;-4,39298;-0,00557448;60;306,793
674;0,5;169;0;265;2764,49;3927,22;-11,738;60;306,011;265,7;264,965;262,3;25,6902;0;-4,39298;-0,00355369;265;0;1,75327;24,0057;0;0;-4,39298;-0,0032968;60;306,796
675;0,5;168;0;265;2768,11;3929,51;-11,738;60;305,903;265,6;264,99;262,6;26,1069;0;-4,39298;-0,00210169;265;0;2,08259;24,0243;0;0;-4,39298;-0,00210169;60;306,797
676;0,5;170;0;265;2766,11;3924,44;-11,738;60;305,903;265,6;265,014;262,9;26,1296;0;-4,39298;-0,00133981;265;0;2,34598;24,0482;0;0;-4,39298;-0,00124296;60;306,798
677;0,5;170;0;265;2759,93;3927,86;-11,738;60;305,859;266,1;265,044;263;26,2875;0;-4,39298;-0,000792378;265;0;2,28245;24,0741;0;0;-4,39298;-0,000735098;60;306,798
678;0,5;169;0;265;2762,64;3925,85;-11,738;60;305,707;266;265,074;263,3;26,7725;0;-4,39298;-0,00046862;265;0;2,67402;24,103;0;0;-4,39298;-0,000434744;60;306,799
679;0,5;173;0;265;2764,88;3924,85;-11,738;60;305,729;265,7;265,098;263,6;26,7389;0;-4,39298;-0,000277146;265;0;2,60947;24,1294;0;0;-4,39298;-0,000277146;60;306,799
680;0,5;176;0;265;2757,94;3923,65;-11,738;60;305,599;265,4;265,113;263,6;26,5138;-0,0468994;-4,39312;-0,187858;265;0;2,29636;24,1585;0;-0,0526367;-4,39316;-0,201927;60;306,564
681;0,5;177;0;265;2763,36;3925,51;-11,738;60;305,621;265,3;265,118;263,6;26,1716;-0,0711914;-4,39346;-0,213516;265;0;2,0987;24,1835;0;-0,0743652;-4,3936;-0,198505;60;306,52
682;0,5;175;0;265;2762,83;3929,69;-11,738;60;305,556;265,2;265,119;263,6;26,6624;-0,0744873;-4,39395;-0,135741;265;0;2,4975;24,2073;0;-0,0741211;-4,39402;-0,124163;60;306,588
683;0,5;176;0;265;2757,56;3919,76;-11,738;60;305,599;265,5;265,115;263,5;26,9051;-0,060083;-4,39441;-0,0195688;265;0;2,75779;24,2379;0;-0,0558105;-4,39446;0,00243602;60;306,718
684;0,5;177;0;265;2764,23;3928,14;-11,738;60;305,642;265,5;265,104;263,3;27,4608;-0,0165039;-4,39468;0,163684;265;0;3,2421;24,2727;0;-0,00832519;-4,39469;0,191267;60;306,945
685;0,5;177;0;265;2761,46;3931,93;-11,738;60;305,686;265,6;265,08;263,1;27,5254;0;-4,39469;0,149571;265;0;3,21912;24,3062;0;0;-4,39469;0,149571;60;306,959
686;0,5;182;0;265;2762,26;3924,56;-11,738;60;305,729;265,7;265,042;262,8;27,2504;0;-4,39469;0,0953505;265;0;2,82609;24,3416;0;0;-4,39469;0,0884577;60;306,893
687;0,5;182;0;265;2768,92;3933,53;-11,738;60;305,773;265,7;264,988;262,4;27,0267;0;-4,39469;0,0563912;265;0;2,65726;24,3695;0;0;-4,39469;0,0563912;60;306,858
688;0,5;182;0;265;2761,76;3924,99;-11,738;60;305,816;265,4;264,931;262,3;26,8561;0;-4,39469;0,035949;265;0;2,45273;24,3991;0;0;-4,39469;0,0333503;60;306,834
689;0,5;181;0;265;2764,39;3930,44;-11,738;60;305,859;265,6;264,888;262,6;26,8497;0,0301758;-4,39467;0,163828;265;0;2,7967;24,4275;0;0,047998;-4,39464;0,237876;60;306,992
690;0,5;180;0;265;2765,45;3936,82;-11,738;60;305,946;266,2;264,87;262,9;28,0286;0,119409;-4,39414;0,430784;265;0;3,73658;24,4663;0;0,126733;-4,39402;0,43494;60;307,348
691;0,5;181;0;265;2761,31;3923,29;-11,738;60;305,968;266,6;264,862;263,2;28,0085;0,150415;-4,39322;0,365909;265;0;3,50495;24,5036;0;0,150415;-4,39322;0,365909;60;307,336
692;0,5;182;0;265;2762,12;3930,02;-11,738;60;306,098;266,6;264,867;263,5;27,5044;0,13772;-4,3924;0,176748;265;0;2,44871;24,5401;0;0,133081;-4,39227;0,141616;60;307,114
693;0,5;182;0;265;2763;3930,45;-11,738;60;306,055;266,4;264,874;263,8;26,5067;0,10354;-4,39161;-0,0271579;265;0;1,86707;24,5655;0;0,0990234;-4,39151;-0,0469615;60;306,877
694;0,5;181;0;265;2764,78;3927,02;-11,738;60;306,033;266,1;264,882;264;26,1422;0,07229;-4,39103;-0,13745;265;0;1,55854;24,5837;0;0,07229;-4,39103;-0,13745;60;306,753
695;0,5;179;0;265;2764,12;3932,83;-11,738;60;305,946;265,8;264,887;264;26,1568;0,0560547;-4,39068;-0,151453;265;0;1,68003;24,6021;0;0,0537353;-4,39062;-0,151682;60;306,706
696;0,5;173;0;265;2763,52;3927,26;-11,738;60;305,946;265,4;264,89;264;26,2536;0,0398193;-4,39036;-0,152748;265;0;1,62839;24,6206;0;0,0376221;-4,39032;-0,152295;60;306,689
697;0,5;172;0;265;2765,02;3928,47;-11,738;60;305,946;265,5;264,896;263,9;26,1353;0,016626;-4,39016;-0,18395;265;0;1,49985;24,6354;0;0,016626;-4,39016;-0,18395;60;306,646
698;0,5;172;0;265;2764,47;3928,78;-11,738;60;305,968;265,8;264,903;263,9;25,9718;0;-4,39013;-0,179347;265;0;1,36472;24,6512;0;0;-4,39013;-0,166382;60;306,623
699;0,5;173;0;265;2764,38;3929,45;-11,738;60;305,99;265,6;264,909;263,9;26,1592;0;-4,39013;-0,106067;265;0;1,49464;24,6645;0;0;-4,39013;-0,106067;60;306,688
700;0,5;173;0;265;2766,98;3931;-11,738;60;305,99;265,6;264,916;264;26,318;0;-4,39013;-0,0627292;265;0;1,63471;24,6833;0;0;-4,39013;-0,0627292;60;306,734
701;0,5;173;0;265;2765,77;3927,41;-11,738;60;305,99;266,1;264,923;264,1;26,4089;0;-4,39013;-0,0399895;265;0;1,71766;24,7034;0;0;-4,39013;-0,0370987;60;306,762
702;0,5;174;0;265;2762,92;3932,01;-11,738;60;305,99;266,4;264,929;264,3;26,4824;0;-4,39013;-0,0236502;265;0;1,83182;24,7243;0;0;-4,39013;-0,0219405;60;306,778
703;0,5;176;0;265;2764,2;3929,42;-11,738;60;305,924;266,6;264,946;264,4;26,7304;0;-4,39013;-0,0139869;265;0;1,98774;24,7426;0;0;-4,39013;-0,0139869;60;306,787
704;0,5;176;0;265;2767,14;3933,31;-11,738;60;305,924;266,4;264,959;264,2;26,767;0;-4,39013;-0,00891658;265;0;1,94114;24,7662;0;0;-4,39013;-0,00827201;60;306,793
705;0,5;176;0;265;2764,54;3934,43;-11,738;60;306,011;265,9;264,943;263,9;26,5405;0;-4,39013;-0,00527335;265;0;1,62647;24,7879;0;0;-4,39013;-0,00489215;60;306,797
706;0,5;177;0;265;2767,15;3930,41;-11,738;60;306,055;265,4;264,905;263,6;26,4362;0;-4,39013;-0,00311871;265;0;1,63224;24,804;0;0;-4,39013;-0,00311871;60;306,799
707;0,5;178;0;265;2765,33;3940,11;-11,738;60;306,163;265,1;264,868;263,4;27,5726;0,10769;-4,38988;0,446914;265;0;2,98145;24,8282;0;0,129175;-4,38977;0,518146;60;307,357
708;0,5;178;0;265;2762,34;3931,75;-11,738;60;306,185;265,6;264,836;263,3;28,975;0,234766;-4,38892;0,798541;265;0;4,58134;24,8723;0;0,280298;-4,38844;0,898742;60;307,912
709;0,5;182;0;265;2767,54;3930,51;-11,738;60;306,25;266,4;264,797;263,2;30,3132;0,391992;-4,38686;1,08309;265;0;5,49146;24,9242;0;0,412012;-4,38648;1,10128;60;308,28
710;0,5;190;0;265;2763,2;3937,52;-11,738;60;306,163;266,1;264,763;263,1;31,4189;0,530054;-4,38383;1,17701;265;0;6,45698;24,9947;0;0,549341;-4,38333;1,18488;60;308,516
711;0,5;199;0;265;2761,76;3930,53;-11,738;60;306,142;266,1;264,74;263;31,7578;0,639673;-4,37997;1,11578;265;0;6,6973;25,0605;0;0,639673;-4,37997;1,11578;60;308,574
712;0,5;208;0;265;2769,02;3938,72;-11,738;60;306,142;266;264,721;263;31,6255;0,717676;-4,37551;0,960094;265;0;6,48865;25,1368;0;0,717676;-4,37551;0,960094;60;308,504
713;0,5;212;0;265;2759,89;3931,2;-11,738;60;306,163;266,3;264,709;262,9;31,312;0,763452;-4,37133;0,793785;265;0;6,04499;25,2095;0;0,769678;-4,37062;0,766406;60;308,378
714;0,5;211;0;265;2763,33;3930,55;-11,738;60;306,207;266,7;264,701;262,7;30,8128;0,792017;-4,36695;0,618506;265;0;5,39203;25,2759;0;0,79812;-4,36546;0,561007;60;308,204
715;0,5;209;0;265;2769,15;3942,03;-11,738;60;306,315;266,6;264,691;262,4;30,3235;0,835718;-4,36165;0,548546;265;0;5,09934;25,3267;0;0,847559;-4,36086;0,565957;60;308,215
716;0,5;208;0;265;2762,93;3928,96;-11,738;60;306,424;265,9;264,665;262,3;30,7779;0,926904;-4,35587;0,678546;265;0;5,45466;25,3895;0;0,938257;-4,35499;0,684206;60;308,442
717;0,5;207;0;265;2766,76;3932,61;-11,738;60;306,554;265,4;264,662;262,4;30,1875;0,953638;-4,34963;0,484979;265;0;4,58234;25,4501;0;0,948877;-4,34874;0,426977;60;308,281
718;0,5;204;0;265;2767,43;3935,17;-11,738;60;306,641;265;264,679;262,5;28,7009;0,899439;-4,34439;0,0823521;265;0;2,96708;25,4886;0;0,884912;-4,34355;0,0063922;60;307,83
719;0,5;200;0;265;2762,83;3926,8;-11,738;60;306,749;264,8;264,705;262,5;26,557;0,781397;-4,33886;-0,415112;265;0;0,811743;25,5103;0;0,763452;-4,33814;-0,471583;60;307,22
720;0,5;185;0;265;2765,02;3935,16;-11,738;60;306,706;265;264,738;262,8;25,5133;0,646265;-4,33417;-0,772166;265;0;0;25,5133;0;0,6271;-4,33358;-0,808709;60;306,732
721;0,5;179;0;265;2766,18;3929,98;-11,738;60;306,771;265,4;264,769;263,2;25,2898;0,538355;-4,33085;-0,922384;265;0;-0,28028;25,5124;0;0,525659;-4,33036;-0,916888;60;306,477
722;0,5;171;0;265;2764,82;3927,79;-11,738;60;306,858;265,3;264,784;263,7;24,9959;0,462549;-4,32758;-0,838469;265;0;-0,506598;25,5061;0;0,452173;-4,32715;-0,827862;60;306,489
723;0,5;167;0;265;2767,2;3933,47;-11,738;60;306,858;265,3;264,809;264,2;24,6712;0,365625;-4,32483;-0,88105;265;0;-0,851843;25,4987;0;0,347803;-4,3245;-0,90325;60;306,352
724;0,5;166;0;265;2766,97;3930,44;-11,738;60;306,901;265,6;264,845;264,5;23,5567;0,22085;-4,32289;-1,09053;265;0;-1,9286;25,4853;0;0,22085;-4,32289;-1,09053;60;306,058
725;0,5;163;0;265;2764,94;3933,29;-11,738;60;306,793;265,5;264,89;264,7;22,5491;0,0678955;-4,32207;-1,31305;265;0;-2,90253;25,457;0;0,0415283;-4,32202;-1,3452;60;305,625
726;0,5;155;0;265;2765,7;3930,58;-11,738;60;306,749;265,5;264,927;264,7;23,1602;0;-4,32199;-0,999027;265;0;-2,03361;25,4238;0;0;-4,32199;-0,926808;60;305,871
727;0,5;154;0;265;2767,04;3930,75;-11,738;60;306,662;265,8;264,962;264,5;24,7235;0;-4,32199;-0,590834;265;0;-0,686774;25,4103;0;0;-4,32199;-0,590834;60;306,233
728;0,5;155;0;265;2762,42;3929,18;-11,738;60;306,619;265,9;264,988;264,5;25,4078;0;-4,32199;-0,376653;265;0;0;25,4078;0;0;-4,32199;-0,349425;60;306,494
729;0,5;160;0;265;2766,42;3930,28;-11,738;60;306,467;266,2;265,023;264,5;25,4078;0;-4,32199;-0,222756;265;0;0;25,4078;0;0;-4,32199;-0,206653;60;306,648
730;0,5;166;0;265;2767,88;3933,55;-11,738;60;306,293;266,5;265,066;264,5;26,1156;0;-4,32199;-0,13174;265;0;0,704626;25,4109;0;0;-4,32199;-0,13174;60;306,728
731;0,5;168;0;265;2764,58;3925,23;-11,738;60;306,163;266,8;265,112;264,6;26,6042;-0,0213867;-4,322;-0,187052;265;0;0,895972;25,4212;0;-0,0492187;-4,32203;-0,30766;60;306,662
732;0,5;169;0;265;2767,79;3933,39;-11,738;60;306,098;267,2;265,154;264,7;25,3901;-0,217676;-4,32278;-0,876473;265;0;-0,368262;25,4224;0;-0,246606;-4,32299;-0,952538;60;305,775
733;0,5;169;0;265;2766,67;3935,11;-11,738;60;305,968;267,4;265,204;265;23,7984;-0,417261;-4,32486;-1,2938;265;0;-1,61411;25,4125;0;-0,417261;-4,32486;-1,2938;60;305,23
734;0,5;161;0;265;2769,09;3927,14;-11,738;60;305,881;267,2;265,253;265,2;22,8779;-0,58291;-4,32768;-1,4912;265;0;-2,67182;25,3865;0;-0,61001;-4,32824;-1,51401;60;304,79
735;0,5;157;0;265;2767,46;3935,37;-11,738;60;305,794;267;265,29;265,2;22,2343;-0,761743;-4,33211;-1,57325;265;0;-3,46769;25,3504;0;-0,785913;-4,33211;-1,57325;60;304,525
736;0,5;150;0;265;2765,97;3930,46;-11,738;60;305,794;266,7;265,297;265;23,3024;-0,787866;-4,33735;-0,982703;265;0;-2,01823;25,3206;0;-0,787866;-4,33735;-0,982703;60;304,922
737;0,5;147;0;265;2771,16;3931,27;-11,738;60;305,838;266,5;265,259;264,7;25,3139;-0,655786;-4,34143;-0,0893598;265;0;0,204016;25,314;0;-0,634546;-4,34203;0,0194624;60;306,106
738;0,5;156;0;265;2767,52;3936,15;-11,738;60;305,729;266,5;265,236;264,5;27,4898;-0,542871;-4,34531;0,370575;265;0;2,56196;25,3324;0;-0,534204;-4,34581;0,385555;60;306,675
739;0,5;165;0;265;2764,14;3922,53;-11,738;60;305,664;266,4;265,232;264,4;27,6087;-0,528589;-4,34877;0,257833;265;0;2,25132;25,3573;0;-0,528589;-4,34877;0,257833;60;306,615
740;0,5;179;0;265;2771,05;3932,05;-11,738;60;305,512;266,2;265,236;264,3;27,1695;-0,548608;-4,35181;0,0885791;265;0;2,00486;25,381;0;-0,54397;-4,35233;0,104531;60;306,38
741;0,5;181;0;265;2765,06;3930,98;-11,738;60;305,512;265,9;265,219;264;27,9739;-0,4927;-4,35478;0,292407;265;0;2,93284;25,4082;0;-0,459863;-4,35567;0,404168;60;306,711
742;0,5;183;0;265;2766,94;3922,18;-11,738;60;305,556;265,7;265,19;263,6;29,2579;-0,3771;-4,35763;0,622049;265;0;3,97205;25,443;0;-0,36123;-4,35797;0,65356;60;307,08
743;0,5;187;0;265;2771,95;3931,19;-11,738;60;305,577;265,8;265,159;262,8;30,4885;-0,235742;-4,35968;0,931778;265;0;5,05878;25,4962;0;-0,208521;-4,35989;0,99561;60;307,529
744;0,5;195;0;265;2766,04;3925,62;-11,738;60;305,642;266,4;265,1;261,8;32,0756;-0,0449463;-4,36051;1,37559;265;0;7,36802;25,5678;0;0;-4,36054;1,38511;60;308,32
745;0,5;201;0;265;2769,36;3929,64;-11,738;60;305,621;266,6;265,02;261,3;31,7358;0;-4,36054;0,951804;265;0;5,9538;25,6348;0;0;-4,36054;0,882999;60;307,784
746;0,5;209;0;265;2770,16;3934,04;-11,738;60;305,686;266,6;264,91;261,5;30,3455;0;-4,36054;0,562906;265;0;4,46149;25,6949;0;0,0221191;-4,36052;0,628812;60;307,395
747;0,5;208;0;265;2764,87;3923,3;-11,738;60;305,794;266,6;264,812;261,7;33,2828;0,30459;-4,35974;1,60317;265;0;8,70322;25,7721;0;0,397363;-4,35908;1,81066;60;308,895
748;0,5;212;0;265;2769,62;3932,33;-11,738;60;305,903;266,4;264,758;261,9;35,5213;0,569482;-4,35678;1,95173;265;0;9,76166;25,8656;0;0,594629;-4,35624;1,93183;60;309,357
749;0,5;224;0;265;2767,27;3930,08;-11,738;60;306,033;266,2;264,724;262,1;34,9965;0,703272;-4,35257;1,66318;265;0;9,04966;25,9752;0;0,717676;-4,3519;1,61237;60;309,206
750;0,5;231;0;265;2763,58;3926,01;-11,738;60;306,098;266,1;264,701;262,3;34,1627;0,79519;-4,34765;1,34215;265;0;8,05164;26,0739;0;0,809229;-4,3469;1,31278;60;308,982
751;0,5;230;0;265;2769,38;3934,65;-11,738;60;306,293;265,9;264,677;262,5;33,4934;0,878076;-4,34295;1,18908;265;0;7,26923;26,1499;0;0,891626;-4,34212;1,16843;60;308,916
752;0,5;231;0;265;2769,46;3928,69;-11,738;60;306,402;265,8;264,662;262,5;32,88;0,953882;-4,33692;0,992461;265;0;6,59943;26,2325;0;0,965112;-4,33602;0,97484;60;308,802
753;0,5;230;0;265;2764,6;3928,93;-11,738;60;306,641;265,5;264,633;262,2;32,7304;1,05007;-4,33131;1,02827;265;0;6,33695;26,307;0;1,0873;-4,3293;1,0579;60;308,975
754;0,5;223;0;265;2768,13;3931,53;-11,738;60;306,814;265,5;264,608;262,1;32,4732;1,16958;-4,32292;0,9965;265;0;6,10267;26,3705;0;1,16958;-4,32292;0,9965;60;309,048
755;0,5;222;0;265;2771,09;3928,24;-11,738;60;307,053;265,5;264,602;262,3;31,1859;1,19192;-4,31626;0,717041;265;0;4,59608;26,4334;0;1,18997;-4,31514;0,655794;60;308,785
756;0,5;215;0;265;2768,02;3929,86;-11,738;60;307,205;265,8;264,613;262,7;29,3271;1,14858;-4,30855;0,245814;265;0;2,61973;26,4762;0;1,13882;-4,30747;0,18098;60;308,278
757;0,5;205;0;265;2769,32;3930,88;-11,738;60;307,378;266;264,629;263,2;27,6281;1,0928;-4,30225;-0,0662097;265;0;1,01435;26,4934;0;1,08523;-4,30123;-0,0978975;60;307,917
758;0,5;191;0;265;2769,81;3933,22;-11,738;60;307,509;265,9;264,636;263,4;26,7389;1,05703;-4,29522;-0,171705;265;0;0,416418;26,5003;0;1,05374;-4,29423;-0,175177;60;307,782
759;0,5;187;0;265;2767,22;3932,97;-11,738;60;307,509;265,6;264,638;263,5;26,7917;1,04641;-4,28832;-0,141175;265;0;0,0410522;26,5038;0;1,04519;-4,28734;-0,136852;60;307,809
760;0,5;181;0;265;2768,83;3933,8;-11,738;60;307,595;265,2;264,642;263,6;26,5407;1,03201;-4,28149;-0,142989;265;0;0,0355591;26,5052;0;1,03201;-4,28149;-0,142989;60;307,807
761;0,5;181;0;265;2768,09;3937,35;-11,738;60;307,509;265,1;264,657;263,5;26,5055;0,983423;-4,2758;-0,292356;265;0;0;26,5055;0;0,972559;-4,27489;-0,323579;60;307,608
762;0,5;181;0;265;2768,06;3934,82;-11,738;60;307,595;265;264,677;263,5;26,309;0,892114;-4,26964;-0,532359;265;0;-0,274145;26,5049;0;0,875635;-4,26881;-0,573294;60;307,282
763;0,5;179;0;265;2770,93;3940,26;-11,738;60;307,422;264,9;264,708;263,2;25,6668;0,766504;-4,26417;-0,809261;265;0;-0,831244;26,498;0;0,766504;-4,26417;-0,809261;60;306,945
764;0,5;173;0;265;2766,83;3936,25;-11,738;60;307,509;265,4;264,745;262,7;24,2947;0,640894;-4,26021;-1,02378;265;0;-2,2786;26,4788;0;0,619653;-4,25962;-1,05213;60;306,549
765;0,5;169;0;265;2768,23;3931,92;-11,738;60;307,378;265,6;264,771;262,3;24,0245;0,516504;-4,25645;-1,07751;265;0;-2,41099;26,4512;0;0,503931;-4,25597;-1,06021;60;306,375
766;0,5;161;0;265;2768,38;3942,23;-11,738;60;307,357;265,7;264,793;262,4;24,1444;0,429956;-4,25335;-0,973544;265;0;-2,2862;26,4306;0;0,429956;-4,25335;-0,973544;60;306,395
767;0,5;160;0;265;2765,45;3935,21;-11,738;60;307,292;265,5;264,803;262,2;24,8723;0,389917;-4,25108;-0,769173;265;0;-1,5893;26,4082;0;0,389917;-4,25072;-0,71357;60;306,562
768;0,5;161;0;265;2769,47;3935,77;-11,738;60;307,227;265,4;264,797;261,9;26,1359;0,412012;-4,24846;-0,3646;265;0;-0,106055;26,4007;0;0,415918;-4,24808;-0,319418;60;306,991
769;0,5;164;0;265;2767,57;3942,1;-11,738;60;307,205;265,2;264,789;261,9;26,4006;0,443018;-4,24567;-0,0922134;265;0;0;26,4006;0;0,443018;-4,24567;-0,0922134;60;307,254
770;0,5;168;0;265;2767,39;3932,98;-11,738;60;307,075;265,3;264,779;262;27,0036;0,477075;-4,24308;0,0782281;265;0;0,689429;26,4027;0;0,48269;-4,24263;0,0996345;60;307,504
771;0,5;173;0;265;2770,35;3940,65;-11,738;60;307,096;265,4;264,776;262,2;27,2077;0,494043;-4,23987;0,105307;265;0;0,896338;26,4107;0;0,493555;-4,23941;0,095341;60;307,552
772;0,5;178;0;265;2766,31;3938,13;-11,738;60;306,923;265,4;264,776;262,4;27,5934;0,494775;-4,23664;0,0682578;265;0;1,17274;26,4207;0;0,494775;-4,23664;0,0682578;60;307,514
773;0,5;181;0;265;2769,48;3927,31;-11,738;60;306,814;265,2;264,761;262,7;28,4957;0,543359;-4,23375;0,249466;265;0;2,21131;26,4399;0;0,556665;-4,23323;0,295556;60;307,751
774;0,5;185;0;265;2772,45;3938,11;-11,738;60;306,749;265,3;264,745;262,8;29,6312;0,620752;-4,22991;0,442356;265;0;3,55448;26,4717;0;0,62771;-4,22932;0,443911;60;308,025
775;0,5;190;0;265;2763,87;3927,53;-11,738;60;306,749;266,1;264,736;262,9;29,7494;0,654443;-4,2257;0,384178;265;0;3,24256;26,5068;0;0,654443;-4,2257;0,384178;60;308,03
776;0,5;196;0;265;2769,17;3925,79;-11,738;60;306,727;266,4;264,739;263,2;29,2371;0,643579;-4,22142;0,178767;265;0;2,69617;26,541;0;0,643579;-4,22142;0,178767;60;307,826
777;0,5;196;0;265;2769,99;3933,9;-11,738;60;306,727;266,3;264,746;263,4;28,627;0,614404;-4,21787;-0,00488471;265;0;2,0618;26,5652;0;0,614404;-4,21787;-0,00488471;60;307,615
778;0,5;194;0;265;2763,67;3923,86;-11,738;60;306,858;266,1;264,754;263,2;27,7234;0,583154;-4,21396;-0,119843;265;0;1,14042;26,583;0;0,583154;-4,21396;-0,119843;60;307,438
779;0,5;190;0;265;2768,74;3931,05;-11,738;60;306,771;265,9;264,753;263;28,2183;0,589624;-4,21067;-0,0486199;265;0;1,19947;26,5987;0;0,590723;-4,21011;-0,0398104;60;307,523
780;0,5;187;0;265;2769,87;3931,66;-11,738;60;306,944;265,7;264,754;262,9;27,7407;0,583032;-4,2068;-0,0602521;265;0;0,961249;26,6123;0;0,578027;-4,20626;-0,0800164;60;307,508
781;0,5;187;0;265;2765,79;3921,99;-11,738;60;306,966;265,4;264,763;263,1;27,2946;0,549585;-4,20361;-0,175398;265;0;0,720282;26,6212;0;0,542871;-4,2031;-0,195075;60;307,363
782;0,5;186;0;265;2769,67;3934,32;-11,738;60;307,01;265,2;264,776;263,4;26,6252;0,495264;-4,20017;-0,318146;265;0;0;26,6252;0;0,486841;-4,19971;-0,33574;60;307,169
783;0,5;183;0;265;2767,47;3929,93;-11,738;60;307,14;265,1;264,789;263,6;26,6252;0,451074;-4,19752;-0,378016;265;0;0;26,6252;0;0,440576;-4,19668;-0,373763;60;307,059
784;0,5;181;0;265;2766,14;3927,63;-11,738;60;307,183;265,2;264,796;263,5;26,6252;0,419458;-4,19467;-0,344808;265;0;0;26,6252;0;0,415308;-4,19427;-0,339884;60;307,072
785;0,5;181;0;265;2769,26;3933,59;-11,738;60;307,227;265,2;264,808;263,5;26,5204;0,369287;-4,19205;-0,407004;265;0;-0,192206;26,6248;0;0,359399;-4,19171;-0,425234;60;306,962
786;0,5;181;0;265;2766,98;3923,34;-11,738;60;307,161;265,2;264,832;263,4;25,8437;0,273462;-4,18992;-0,620977;265;0;-0,919959;26,6201;0;0,256128;-4,18967;-0,659625;60;306,655
787;0,5;179;0;265;2767,01;3930,36;-11,738;60;307,248;265,2;264,862;263,4;24,5528;0,153833;-4,18852;-0,83213;265;0;-2,05036;26,6032;0;0,153833;-4,18852;-0,83213;60;306,365
788;0,5;170;0;265;2767,66;3932,68;-11,738;60;307,227;265,2;264,886;263,7;23,9753;0,0547119;-4,18793;-0,929319;265;0;-2,6905;26,5748;0;0,0384766;-4,18789;-0,940382;60;306,13
789;0,5;163;0;265;2765,5;3925,82;-11,738;60;307,378;265,8;264,914;264;23,6461;0;-4,18785;-0,734418;265;0;-2,66028;26,5386;0;0;-4,18785;-0,681327;60;306,27
790;0,5;160;0;265;2766,16;3930,88;-11,738;60;307,27;266,4;264,941;264,2;24,8082;0;-4,18785;-0,468187;265;0;-1,6012;26,5161;0;0;-4,18785;-0,434342;60;306,536
791;0,5;160;0;265;2767,95;3930,11;-11,738;60;307,357;266,8;264,965;264,3;25,1495;0;-4,18785;-0,27689;265;0;-1,28763;26,4996;0;0;-4,18785;-0,256874;60;306,728
792;0,5;162;0;265;2767,3;3929,59;-11,738;60;307,378;266,8;264,994;264,3;25,4358;0;-4,18785;-0,163755;265;0;-0,818152;26,4859;0;0;-4,18785;-0,151918;60;306,841
793;0,5;166;0;265;2765,97;3928,79;-11,738;60;307,335;266,3;265,022;264,2;25,7732;0;-4,18785;-0,0968466;265;0;-0,705084;26,4783;0;0;-4,18785;-0,0968466;60;306,9
794;0,5;168;0;265;2767,3;3925,55;-11,738;60;307,292;266,2;265,05;264,1;25,9449;0;-4,18785;-0,0617391;265;0;-0,446997;26,4707;0;0;-4,18785;-0,057276;60;306,943
795;0,5;167;0;265;2768,04;3929,07;-11,738;60;307,248;266,2;265,075;263,9;26,217;0;-4,18785;-0,0365131;265;0;-0,436468;26,4661;0;0;-4,18785;-0,0338736;60;306,968
796;0,5;169;0;265;2765,71;3929,11;-11,738;60;307,248;266,2;265,104;264;26,2616;-0,0160156;-4,18785;-0,0987779;265;0;-0,201361;26,463;0;-0,0160156;-4,18785;-0,0987779;60;306,981
797;0,5;169;0;265;2765,51;3926,43;-11,738;60;307,161;266,5;265,135;264,3;25,0265;-0,121851;-4,18824;-0,488798;265;0;-1,70429;26,4525;0;-0,139185;-4,18836;-0,537001;60;306,393
798;0,5;169;0;265;2768,5;3928,48;-11,738;60;307,161;266,8;265,162;264,5;23,6054;-0,249658;-4,18945;-0,789283;265;0;-2,86252;26,4256;0;-0,268457;-4,18969;-0,822823;60;305,964
799;0,5;163;0;265;2769,08;3926,94;-11,738;60;306,988;266,7;265,195;264,8;23,0975;-0,379175;-4,19152;-0,969999;265;0;-3,29648;26,394;0;-0,379175;-4,19152;-0,969999;60;305,689
800;0,5;156;0;265;2767,21;3933,45;-11,738;60;307,01;266,4;265,218;264,9;22,588;-0,470483;-4,19392;-0,983256;265;0;-3,72962;26,351;0;-0,484155;-4,19436;-0,978066;60;305,545
801;0,5;154;0;265;2767,11;3929,03;-11,738;60;306,901;266,4;265,239;265;22,7815;-0,556909;-4,1973;-0,913965;265;0;-3,53086;26,3076;0;-0,566064;-4,19783;-0,892017;60;305,524
802;0,5;154;0;265;2771,3;3927,65;-11,738;60;306,836;266,6;265,253;264,8;23,2282;-0,610498;-4,20114;-0,746044;265;0;-3,04746;26,2756;0;-0,610498;-4,20114;-0,746044;60;305,62
803;0,5;154;0;265;2766,72;3932,72;-11,738;60;306,749;266,8;265,262;264,6;23,7849;-0,642114;-4,20467;-0,60138;265;0;-2,41501;26,2439;0;-0,646997;-4,20527;-0,581438;60;305,744
804;0,5;155;0;265;2768,46;3929,45;-11,738;60;306,424;266,7;265,267;264,3;24,9139;-0,664697;-4,20835;-0,471383;265;0;-1,07386;26,2259;0;-0,670068;-4,2096;-0,430643;60;305,866
805;0,5;156;0;265;2772,59;3933,16;-11,738;60;306,272;266,5;265,268;264,1;25,9322;-0,671533;-4,21275;-0,30061;265;0;-0,19303;26,2204;0;-0,67019;-4,21338;-0,272408;60;306,007
806;0,5;165;0;265;2766,88;3932,61;-11,738;60;305,99;266,1;265,262;264,1;26,2696;-0,648462;-4,2171;-0,0823294;265;0;0,164282;26,2204;0;-0,641138;-4,21771;-0,0410804;60;306,244
807;0,5;169;0;265;2768,3;3927,67;-11,738;60;305,946;265,5;265,244;264;27,4477;-0,58645;-4,22117;0,198678;265;0;1,31144;26,2294;0;-0,575464;-4,22172;0,237262;60;306,583
808;0,5;176;0;265;2771,95;3936,87;-11,738;60;305,838;265,4;265,226;264;28,7201;-0,505884;-4,22426;0,454804;265;0;2,63776;26,2489;0;-0,491357;-4,22473;0,491933;60;306,917
809;0,5;182;0;265;2765,91;3932,02;-11,738;60;305,729;265,4;265,202;263,9;30,0349;-0,40603;-4,22725;0,65694;265;0;3,86027;26,2871;0;-0,393945;-4,22762;0,667691;60;307,216
810;0,5;193;0;265;2770,57;3929,95;-11,738;60;305,773;266,6;265,183;263,9;30,3195;-0,338525;-4,22933;0,687934;265;0;4,26383;26,3335;0;-0,323267;-4,22995;0,662926;60;307,307
811;0,5;197;0;265;2770,33;3936,18;-11,738;60;305,707;266,7;265,174;263,8;30,3807;-0,297632;-4,2314;0,559209;265;0;3,94495;26,3743;0;-0,294214;-4,23168;0,535256;60;307,222
812;0,5;201;0;265;2765,68;3928,09;-11,738;60;305,859;266,2;265,174;263,7;29,3463;-0,295312;-4,23332;0,332861;265;0;3,00663;26,4136;0;-0,299829;-4,2336;0,287032;60;306,996
813;0,5;200;0;265;2771,38;3936,38;-11,738;60;305,881;265,6;265,188;263,5;28,1224;-0,352563;-4,23542;-0,035532;265;0;1,65842;26,4404;0;-0,364893;-4,23575;-0,0923807;60;306,569
814;0,5;194;0;265;2765,98;3935,72;-11,738;60;305,968;265,3;265,212;263,4;26,5753;-0,43313;-4,23762;-0,349051;265;0;0,0137695;26,4486;0;-0,446924;-4,23803;-0,390295;60;306,172
815;0,5;186;0;265;2763,38;3923,23;-11,738;60;306,076;265,1;265,232;263,4;26,4486;-0,526636;-4,24078;-0,567983;265;0;-0,0585388;26,4485;0;-0,537988;-4,24128;-0,581635;60;305,857
816;0,5;181;0;265;2770,23;3935,03;-11,738;60;306,12;264,6;265,248;263,4;26,0046;-0,591089;-4,24446;-0,582884;265;0;-0,56803;26,4447;0;-0,598169;-4,24502;-0,574869;60;305,774
817;0,5;175;0;265;2765,74;3933,61;-11,738;60;306,207;264,5;265,26;263,6;25,6711;-0,632959;-4,2479;-0,539991;265;0;-0,705542;26,4379;0;-0,639795;-4,2485;-0,5339;60;305,771
818;0,5;173;0;265;2766,1;3926,72;-11,738;60;306,272;265,2;265,272;263,9;25,6883;-0,6802;-4,25221;-0,502864;265;0;-0,944128;26,4288;0;-0,686792;-4,25285;-0,49828;60;305,757
819;0,5;172;0;265;2768,79;3935,44;-11,738;60;306,25;265,2;265,279;264,1;25,6353;-0,714258;-4,25679;-0,428113;265;0;-0,770728;26,4202;0;-0,714258;-4,25679;-0,428113;60;305,793
820;0,5;171;0;265;2765,32;3925,12;-11,738;60;306,142;265,2;265,283;264,3;26,0176;-0,730615;-4,26086;-0,337153;265;0;-0,233679;26,4145;0;-0,732935;-4,26155;-0,323958;60;305,864
821;0,5;170;0;265;2769,36;3931,29;-11,738;60;306,098;265,5;265,287;264,4;26,4125;-0,746851;-4,26571;-0,262573;265;0;0;26,4125;0;-0,749048;-4,26641;-0,254181;60;305,917
822;0,5;171;0;265;2767,64;3936,9;-11,738;60;306,163;266,1;265,291;264,4;26,3472;-0,762231;-4,27066;-0,21514;265;0;-0,0568909;26,4112;0;-0,764429;-4,27138;-0,210177;60;305,944
823;0,5;171;0;265;2768,68;3924,86;-11,738;60;306,228;266,6;265,296;264,5;26,1097;-0,781397;-4,27499;-0,217004;265;0;-0,328345;26,4088;0;-0,785547;-4,27573;-0,221319;60;305,919
824;0,5;171;0;265;2773,13;3934,08;-11,738;60;306,25;266,8;265,308;264,6;25,712;-0,823633;-4,28025;-0,295896;265;0;-0,772559;26,4027;0;-0,831445;-4,28103;-0,312157;60;305,792
825;0,5;171;0;265;2770,39;3937,07;-11,738;60;306,228;266,9;265,32;264,6;25,2929;-0,879785;-4,28584;-0,395106;265;0;-0,929938;26,3922;0;-0,889429;-4,28666;-0,413019;60;305,632
826;0,5;171;0;265;2770,12;3926,18;-11,738;60;306,098;267,1;265,335;264,1;25,2368;-0,932764;-4,29094;-0,462411;265;0;-1,17585;26,3801;0;-0,940088;-4,29182;-0,464281;60;305,506
827;0,5;170;0;265;2773,95;3935,42;-11,738;60;306,12;267,1;265,346;263,9;25,0263;-0,977319;-4,29722;-0,443056;265;0;-1,33542;26,3651;0;-0,982446;-4,29814;-0,435736;60;305,475
828;0,5;167;0;265;2766,28;3929,13;-11,738;60;306,142;266,8;265,349;263,9;25,1788;-0,994897;-4,30371;-0,324954;265;0;-0,923071;26,3505;0;-0,993921;-4,30464;-0,296757;60;305,569
829;0,5;167;0;265;2768,96;3929,7;-11,738;60;306,033;266,4;265,347;263,7;25,9734;-0,988306;-4,31022;-0,166714;265;0;-0,370001;26,3434;0;-0,988306;-4,31022;-0,166714;60;305,71
830;0,5;168;0;265;2771,21;3940,2;-11,738;60;305,968;266,8;265,347;263,4;26,232;-0,985132;-4,31576;-0,0950414;265;0;0;26,3409;0;-0,98623;-4,31669;-0,0934655;60;305,796
831;0,5;169;0;265;2762,87;3927,82;-11,738;60;305,968;267;265,348;263,5;26,3409;-0,992578;-4,32225;-0,0850002;265;0;0;26,3409;0;-0,993555;-4,32318;-0,083562;60;305,792
832;0,5;169;0;265;2766,96;3932,15;-11,738;60;305,968;267,5;265,35;263,6;26,3407;-0,998438;-4,32785;-0,0777879;265;0;0;26,3407;0;-0,999414;-4,32879;-0,076871;60;305,788
833;0,5;169;0;265;2769,58;3936,16;-11,738;60;305,946;267,5;265,351;263,6;26,3407;-1,00332;-4,33443;-0,0631927;265;0;0;26,3407;0;-1,00234;-4,33537;-0,0539182;60;305,791
834;0,5;169;0;265;2764,86;3927,73;-11,738;60;305,903;267,1;265,33;263,2;26,4398;-0,919092;-4,34083;0,318463;265;0;0,378973;26,3411;0;-0,894434;-4,34168;0,414277;60;306,251
835;0,5;171;0;265;2767,54;3935,24;-11,738;60;305,903;266,8;265,287;262,8;28,6384;-0,749414;-4,34554;0,894568;265;0;2,60224;26,3561;0;-0,717676;-4,34623;0,982856;60;306,992
836;0,5;182;0;265;2768,01;3932,66;-11,738;60;305,924;266,4;265,225;262,5;31,2271;-0,500635;-4,34967;1,50365;265;0;5,4238;26,402;0;-0,464136;-4,35012;1,57085;60;307,846
837;0,5;192;0;265;2766,66;3926,98;-11,738;60;305,881;265,9;265,168;262,5;33,1445;-0,270898;-4,35216;1,77062;265;0;6,77622;26,4751;0;-0,245508;-4,3524;1,76499;60;308,34
838;0,5;210;0;265;2769,34;3936,46;-11,738;60;305,903;265,4;265,13;262,9;33,4545;-0,138696;-4,35328;1,65296;265;0;6,75132;26,5446;0;-0,12002;-4,35341;1,62348;60;308,353
839;0,5;216;0;265;2766,99;3929,61;-11,738;60;305,903;265,2;265,107;263,2;33,0115;-0,0274902;-4,35381;1,4046;265;0;6,33832;26,6208;0;-0,0154053;-4,35383;1,36131;60;308,216
840;0,5;218;0;265;2766,92;3927,3;-11,738;60;306,033;264,9;265,089;263,3;31,4675;0;-4,35384;0,919697;265;0;4,57538;26,685;0;0;-4,35384;0,853213;60;307,758
841;0,5;216;0;265;2771,05;3935,11;-11,738;60;306,12;264,5;265,08;263,3;30,4315;0;-4,35384;0,586301;265;0;3,3147;26,7252;0;0;-4,35384;0,543918;60;307,425
842;0,5;207;0;265;2770,51;3929,37;-11,738;60;306,185;264,5;265,075;263,2;29,236;0;-4,35384;0,346744;265;0;2,40082;26,7581;0;0;-4,35384;0,321678;60;307,185
843;0,5;202;0;265;2768,77;3930,56;-11,738;60;306,293;264,6;265,069;263;28,4765;0;-4,35384;0,205068;265;0;1,4549;26,7809;0;0;-4,35384;0,190244;60;307,043
844;0,5;196;0;265;2769,65;3931,63;-11,738;60;306,445;264,7;265,063;262,7;27,7639;0;-4,35384;0,121279;265;0;0,971503;26,7924;0;0;-4,35384;0,121279;60;306,969
845;0,5;191;0;265;2767,83;3925,13;-11,738;60;306,597;264,8;265,057;262,8;27,171;0;-4,35384;0,0773146;265;0;0,355536;26,7981;0;0;-4,35384;0,0717256;60;306,916
846;0,5;187;0;265;2767,88;3929,79;-11,738;60;306,727;264,6;265,052;262,9;26,7987;0;-4,35384;0,0457246;265;0;0;26,7987;0;0;-4,35384;0,0424192;60;306,884
847;0,5;183;0;265;2767,16;3927,69;-11,738;60;306,793;265;265,041;262,9;26,7987;0;-4,35384;0,0291492;265;0;0;26,7987;0;0;-4,35384;0,027042;60;306,868
848;0,5;181;0;265;2768,64;3924,9;-11,738;60;306,836;265,8;265,039;263,2;26,7987;0;-4,35384;0,0172391;265;0;0;26,7987;0;0;-4,35384;0,0159929;60;306,856
849;0,5;180;0;265;2769,73;3930,42;-11,738;60;306,858;266;265,046;263,4;26,7987;0;-4,35384;0,0101954;265;0;0;26,7987;0;0;-4,35384;0,00945835;60;306,849
850;0,5;180;0;265;2768,88;3927,42;-11,738;60;306,858;266;265,058;263,5;26,7987;0;-4,35384;0,00602964;265;0;0;26,7987;0;0;-4,35384;0,00602964;60;306,845
851;0,5;181;0;265;2768,7;3930,3;-11,738;60;306,858;265,7;265,066;263,4;26,7987;0;-4,35384;0,00384386;265;0;0;26,7987;0;0;-4,35384;0,00356599;60;306,842
852;0,5;181;0;265;2768,39;3930,88;-11,738;60;306,858;265,4;265,067;263,4;26,7987;0;-4,35384;0,00227329;265;0;0;26,7987;0;0;-4,35384;0,00210896;60;306,841
853;0,5;180;0;265;2765,88;3928,28;-11,738;60;306,944;265;265,063;263,6;26,7987;0;-4,35384;0,00134445;265;0;0;26,7987;0;0;-4,35384;0,00134445;60;306,84
854;0,5;180;0;265;2767,47;3931,86;-11,738;60;306,988;266,1;265,062;263,6;26,7987;0;-4,35384;0,000857077;265;0;0;26,7987;0;0;-4,35384;0,000795119;60;306,839
855;0,5;180;0;265;2772,12;3931,77;-11,738;60;307,031;266,8;265,067;263,5;26,7983;0;-4,35384;0,000506883;265;0;0;26,7983;0;0;-4,35384;0,000506883;60;306,839
856;0,5;180;0;265;2767,22;3931,32;-11,738;60;307,031;266,9;265,077;263,5;26,7981;0;-4,35384;0,000323135;265;0;-0,0426086;26,7981;0;0;-4,35384;0,000299776;60;306,839
857;0,5;180;0;265;2766,34;3934,22;-11,738;60;307,053;266,6;265,089;263,5;26,7548;0;-4,35384;0,000191105;265;0;-0,0429748;26,7977;0;0;-4,35384;0,00017729;60;306,839
858;0,5;181;0;265;2769,76;3930,76;-11,738;60;307,075;266,5;265,099;263,4;26,6238;0;-4,35384;0,000121828;265;0;-0,108435;26,7967;0;-2,44081e-05;-4,35384;-1,27782e-05;60;306,839
859;0,5;179;0;265;2766,09;3934,35;-11,738;60;307,14;266,4;265,109;263,4;26,0089;-0,0378662;-4,35393;-0,158985;265;0;-0,699591;26,7921;0;-0,0458008;-4,35397;-0,185731;60;306,641
860;0,5;176;0;265;2764,19;3936,31;-11,738;60;307,096;266,3;265,123;263,4;25,4841;-0,0923096;-4,35435;-0,305568;265;0;-1,36893;26,7791;0;-0,0998779;-4,35444;-0,319952;60;306,44
861;0,5;173;0;265;2768,58;3931,08;-11,738;60;307,118;266,3;265,13;263,4;25,327;-0,119287;-4,35496;-0,299528;265;0;-1,45746;26,7618;0;-0,121973;-4,35519;-0,270263;60;306,432
862;0,5;173;0;265;2766,21;3931,68;-11,738;60;307,161;266,3;265,126;263,2;25,5457;-0,109033;-4,35574;-0,129225;265;0;-1,08961;26,7495;0;-0,104517;-4,35584;-0,0981165;60;306,598
863;0,5;173;0;265;2763,95;3930,84;-11,738;60;307,14;266,3;265,118;263,1;26,3305;-0,0718018;-4,35634;0,0717163;265;0;-0,116492;26,7428;0;-0,0654541;-4,35641;0,0971231;60;306,836
864;0,5;174;0;265;2768,95;3932,02;-11,738;60;307,14;266,1;265,107;263,2;26,7425;-0,0342041;-4,35664;0,197013;265;0;0;26,7425;0;-0,0219971;-4,35669;0,226261;60;307,02
865;0,5;176;0;265;2767,41;3932,73;-11,738;60;307,118;266;265,098;263,3;26,7425;0;-4,35673;0,24259;265;0;0;26,7425;0;0;-4,35673;0,225053;60;307,078
866;0,5;176;0;265;2767,64;3929,7;-11,738;60;307,075;265,7;265,092;263,4;26,7425;0;-4,35673;0,14347;265;0;0;26,7425;0;0;-4,35673;0,133099;60;306,979
867;0,5;176;0;265;2772,52;3932,91;-11,738;60;307,118;265,6;265,083;263,5;26,7425;0;-4,35673;0,0914612;265;0;0;26,7425;0;0;-4,35673;0,0848496;60;306,927
868;0,5;177;0;265;2769,95;3932,48;-11,738;60;307,205;265,6;265,074;263,6;26,3948;0;-4,35673;0,0501809;265;0;-0,34574;26,7406;0;0;-4,35673;0,0501809;60;306,89
869;0,5;176;0;265;2769,66;3928;-11,738;60;307,161;265,6;265,063;263,5;26,4637;0;-4,35673;0,03199;265;0;-0,34693;26,7375;0;0;-4,35673;0,0296775;60;306,868
870;0,5;176;0;265;2769,53;3933,66;-11,738;60;307,227;265,5;265,044;263,2;26,2215;0;-4,35673;0,0189192;265;0;-0,451208;26,7326;0;0;-4,35673;0,0175515;60;306,854
871;0,5;175;0;265;2766,63;3928,25;-11,738;60;307,248;265,4;265,014;263;26,1288;0;-4,35673;0,0120609;265;0;-0,601996;26,727;0;0;-4,35673;0,011189;60;306,848
872;0,5;173;0;265;2770,9;3928,74;-11,738;60;307,248;265,6;264,982;262,7;26,1061;0;-4,35673;0,00713291;265;0;-0,486639;26,7203;0;0;-4,35673;0,00661728;60;306,843
873;0,5;173;0;265;2768,13;3933,69;-11,738;60;307,161;266;264,932;262,4;26,3508;0;-4,35673;0,00421847;265;0;-0,365149;26,7144;0;0;-4,35673;0,00391352;60;306,84
874;0,5;174;0;265;2767,28;3927,95;-11,738;60;307,161;266,1;264,877;262,3;26,711;0,061792;-4,35667;0,290054;265;0;0;26,711;0;0,0935303;-4,3566;0,422042;60;307,187
875;0,5;174;0;265;2769,64;3926,31;-11,738;60;307,183;266,1;264,831;262,3;28,6236;0,276514;-4,35556;1,00514;265;0;2,20554;26,7226;0;0,3052;-4,35528;1,07073;60;308,118
876;0,5;182;0;265;2768,83;3932,55;-11,738;60;307,227;266,2;264,784;262,2;30,2011;0,465967;-4,35311;1,32748;265;0;3,61811;26,7585;0;0,489648;-4,35266;1,34564;60;308,633
877;0,5;192;0;265;2768,88;3926,9;-11,738;60;307,161;266,5;264,747;262,3;31,0935;0,61123;-4,34954;1,34075;265;0;4,29386;26,7996;0;0,61123;-4,34954;1,34075;60;308,793
878;0,5;202;0;265;2771,19;3930,41;-11,738;60;307,14;267,1;264,728;262,5;30,9928;0,687524;-4,34586;1,15318;265;0;4,04209;26,8487;0;0,694116;-4,34521;1,10159;60;308,687
879;0,5;204;0;265;2769,02;3929,96;-11,738;60;307,14;266,8;264,722;262,8;30,0402;0,712915;-4,34124;0,771345;265;0;3,05176;26,8895;0;0,713403;-4,34057;0,717938;60;308,335
880;0,5;203;0;265;2773,07;3926,01;-11,738;60;307,183;266,3;264,725;263;28,9593;0,705469;-4,33724;0,460249;265;0;1,91266;26,9148;0;0,701929;-4,33658;0,409917;60;308,021
881;0,5;201;0;265;2770,79;3934,26;-11,738;60;307,227;266,1;264,729;263,1;27,9354;0,68313;-4,33268;0,184345;265;0;0,901465;26,9308;0;0,677637;-4,33204;0,144546;60;307,727
882;0,5;190;0;265;2766,12;3929,5;-11,738;60;307,27;266,5;264,738;263;27,0579;0,647363;-4,32832;-0,0306529;265;0;0;26,9351;0;0,642114;-4,32771;-0,0537335;60;307,481
883;0,5;187;0;265;2772,91;3927,67;-11,738;60;307,313;266,7;264,746;262,8;26,9351;0,615015;-4,32417;-0,143824;265;0;0;26,9351;0;0,615015;-4,32417;-0,143824;60;307,359
884;0,5;182;0;265;2770,42;3934,23;-11,738;60;307,422;266,8;264,755;262,4;26,9351;0,584619;-4,3208;-0,21395;265;0;0;26,9351;0;0,581689;-4,32025;-0,212603;60;307,242
885;0,5;181;0;265;2766,44;3929,68;-11,738;60;307,444;266,7;264,754;262,1;26,935;0,584375;-4,317;-0,115608;265;0;0;26,935;0;0,58938;-4,31645;-0,0831311;60;307,344
886;0,5;181;0;265;2772,73;3931,62;-11,738;60;307,335;266,6;264,745;262,3;26,9465;0,619043;-4,31305;0,0663174;265;0;0,0115723;26,935;0;0,619043;-4,31305;0,0663174;60;307,539
887;0,5;181;0;265;2769,61;3934,3;-11,738;60;307,313;266,8;264,742;262,7;27,161;0,632349;-4,30953;0,0932938;265;0;0,284949;26,9373;0;0,631128;-4,30893;0,0806668;60;307,608
888;0,5;180;0;265;2763,9;3922,63;-11,738;60;307,27;266,9;264,745;263,2;27,0896;0,618189;-4,30541;-0,0031882;265;0;0,149908;26,9397;0;0,618189;-4,30541;-0,0031882;60;307,52
889;0,5;181;0;265;2771,52;3931,48;-11,738;60;307,335;266,6;264,753;263,5;26,94;0,586816;-4,30145;-0,126652;265;0;0;26,94;0;0,586816;-4,30145;-0,126652;60;307,372
890;0,5;180;0;265;2769,21;3931,84;-11,738;60;307,335;266,3;264,763;263,3;26,94;0,549463;-4,29825;-0,233345;265;0;0;26,94;0;0,542749;-4,29773;-0,248832;60;307,21
891;0,5;181;0;265;2768,21;3924,67;-11,738;60;307,335;265,8;264,774;263,1;26,94;0,509424;-4,29527;-0,309876;265;0;-0,161993;26,9396;0;0,496362;-4,29433;-0,327345;60;307,081
892;0,5;181;0;265;2771,1;3931,69;-11,738;60;307,335;265,5;264,786;263,2;26,5499;0,45791;-4,29164;-0,363394;265;0;-0,388037;26,9379;0;0,45791;-4,29164;-0,363394;60;307,006
893;0,5;181;0;265;2768,69;3929,65;-11,738;60;307,27;265,4;264,795;263,4;26,5723;0,420557;-4,28917;-0,381932;265;0;-0,384741;26,9334;0;0,414453;-4,28878;-0,383737;60;306,942
894;0,5;180;0;265;2769,28;3927,77;-11,738;60;307,335;265,3;264,803;263,4;26,3103;0,390161;-4,2869;-0,363097;265;0;-0,598334;26,9273;0;0,382104;-4,28618;-0,349922;60;306,936
895;0,5;180;0;265;2770,44;3937,86;-11,738;60;307,4;265,3;264,81;263,6;26,098;0,362573;-4,28443;-0,321922;265;0;-0,755072;26,9205;0;0,358667;-4,28409;-0,317476;60;306,948
896;0,5;174;0;265;2780,36;3982,54;-11,738;60;307,574;265,3;264,816;263,7;25,6451;0,33584;-4,28214;-0,294246;265;0;-1,26612;26,9086;0;0,332056;-4,28183;-0,291212;60;306,952
897;0,5;173;0;265;2798,6;4130,85;-11,738;60;307,595;265,3;264,822;263,8;25,5576;0,310083;-4,28002;-0,274148;265;0;-1,34193;26,8942;0;0,306421;-4,27973;-0,271979;60;306,948
898;0,5;173;0;265;2795,4;4274,5;-11,738;60;307,574;265,3;264,829;263,8;25,5916;0,288721;-4,27834;-0,260724;265;0;-1,29551;26,8809;0;0,285181;-4,27807;-0,258937;60;306,942
899;0,5;173;0;265;2795,03;4368,13;-11,738;60;307,552;265,6;264,834;263,6;25,6133;0,264551;-4,27652;-0,248078;265;0;-0,999152;26,8663;0;0,261133;-4,27628;-0,246616;60;306,932
900;0,5;173;0;265;2800,48;4455,47;-11,738;60;307,487;265,9;264,839;263,4;25,8001;0,245386;-4,27486;-0,217994;265;0;-0,831244;26,854;0;0,246118;-4,27463;-0,198706;60;306,945
901;0,5;173;0;265;2791,78;4528,56;-11,738;60;307,465;265,8;264,828;263,2;26,4534;0,277734;-4,27342;0,00271237;265;0;-0,197974;26,8484;0;0,288354;-4,27316;0,0536976;60;307,199
902;0,5;173;0;265;2789,45;4577,4;-11,738;60;307,27;265,5;264,81;263,1;27,107;0,360376;-4,27134;0,325428;265;0;0,475378;26,8491;0;0,372461;-4,27099;0,360144;60;307,607
903;0,5;175;0;265;2790,75;4629,58;-11,738;60;307,227;265,1;264,785;263,1;28,2948;0,458276;-4,26866;0,576438;265;0;1,59525;26,8612;0;0,473901;-4,26822;0,610069;60;307,958
904;0,5;180;0;265;2781,68;4662,92;-11,738;60;307,096;264,8;264,758;263,2;29,5983;0,55105;-4,26582;0,740748;265;0;2,76566;26,8841;0;0,566309;-4,2653;0,760736;60;308,218
905;0,5;186;0;265;2781,1;4687,51;-11,738;60;307,031;264,8;264,741;263,3;30,2172;0,636133;-4,2619;0,7615;265;0;3,09498;26,9193;0;0,642969;-4,2613;0,739396;60;308,328
906;0,5;195;0;265;2781,63;4721,26;-11,738;60;306,988;265;264,737;263,4;29,7786;0,651392;-4,25764;0,498515;265;0;2,69013;26,9534;0;0,648096;-4,25703;0,446594;60;308,085
907;0,5;195;0;265;2774,43;4736,65;-11,738;60;306,966;265;264,748;263,5;28,6782;0,609033;-4,25347;0,120917;265;0;1,70219;26,976;0;0,609033;-4,25347;0,120917;60;307,734
908;0,5;195;0;265;2775,56;4752,25;-11,738;60;306,879;264,8;264,767;263,7;27,7277;0,545435;-4,25022;-0,182827;265;0;0,67597;26,9892;0;0,532739;-4,24971;-0,230792;60;307,305
909;0,5;190;0;265;2773,03;4771,05;-11,738;60;306,944;264,5;264,79;263,8;26,9916;0,4396;-4,24697;-0,524545;265;0;0;26,9916;0;0,4396;-4,24697;-0,524545;60;306,92
910;0,5;185;0;265;2765,99;4773;-11,738;60;307,01;264,6;264,823;264;26,0238;0,30813;-4,24451;-0,824691;265;0;-0,963538;26,9873;0;0,30813;-4,24451;-0,824691;60;306,488
911;0,5;180;0;265;2768,77;4789,55;-11,738;60;307,031;265,1;264,856;264,2;25,0484;0,192163;-4,2431;-0,992276;265;0;-2,04661;26,9703;0;0,175195;-4,24293;-1,00232;60;306,149
912;0,5;172;0;265;2765,76;4799,82;-11,738;60;307,118;265,5;264,881;264,2;24,2089;0,0772949;-4,24222;-1,03135;265;0;-2,76621;26,9419;0;0,0628906;-4,24216;-1,02621;60;305,996
913;0,5;167;0;265;2763,02;4791,68;-11,738;60;307,031;265,7;264,9;264,1;24,4525;0,00197753;-4,24202;-0,885739;265;0;-2,46281;26,9153;0;0,00197753;-4,24202;-0,885739;60;306,01
914;0,5;162;0;265;2765,93;4805,4;-11,738;60;307,161;265,7;264,893;263,9;25,305;0,023706;-4,24197;-0,469288;265;0;-1,37031;26,8915;0;0,0295654;-4,24195;-0,407126;60;306,505
915;0,5;163;0;265;2763,12;4815,21;-11,738;60;306,923;266;264,885;263,9;26,8863;0,0603271;-4,24169;-0,138191;265;0;0;26,8863;0;0,0620361;-4,24163;-0,119965;60;306,873
916;0,5;170;0;265;2763,25;4804,91;-11,738;60;306,966;266;264,883;264;26,8863;0,0698486;-4,24125;-0,0466985;265;0;0;26,8863;0;0,0698486;-4,24125;-0,0466985;60;306,973
917;0,5;174;0;265;2767,55;4813,71;-11,738;60;306,662;265,7;264,884;264,1;26,8863;0,0676514;-4,24087;-0,0386203;265;0;0,354346;26,8866;0;0,06521;-4,2408;-0,0475942;60;306,98
918;0,5;175;0;265;2763,8;4813,67;-11,738;60;306,684;265,5;264,889;264,1;26,9145;0,0434814;-4,24049;-0,120154;265;0;0;26,8902;0;0,0372559;-4,24045;-0,120154;60;306,875
919;0,5;179;0;265;2767,18;4812,84;-11,738;60;306,597;265,1;264,9;263,8;26,8903;0;-4,24035;-0,240793;265;0;0;26,8903;0;0;-4,24035;-0,240793;60;306,735
920;0,5;179;0;265;2768,67;4824,33;-11,738;60;306,554;264,7;264,914;263,4;27,3159;0;-4,24035;-0,153504;265;0;0,133795;26,893;0;0;-4,24035;-0,142407;60;306,798
921;0,5;179;0;265;2764,85;4817,38;-11,738;60;306,576;264,8;264,926;263,3;27,1304;0;-4,24035;-0,0907836;265;0;0,256842;26,8952;0;0;-4,24035;-0,0842209;60;306,861
922;0,5;179;0;265;2767,77;4814,74;-11,738;60;306,532;264,9;264,938;263,5;27,3699;0;-4,24035;-0,057874;265;0;0,550909;26,8984;0;0;-4,24035;-0,0536903;60;306,894
923;0,5;181;0;265;2765,89;4827,36;-11,738;60;306,662;265,2;264,956;263,6;27,0596;0;-4,24035;-0,0342272;265;0;0,361395;26,9019;0;0;-4,24035;-0,031753;60;306,918
924;0,5;182;0;265;2760,21;4817,02;-11,738;60;306,51;265,6;264,978;263,6;27,1031;0;-4,24035;-0,0218196;265;0;0,663794;26,9066;0;0;-4,24035;-0,018779;60;306,932
925;0,5;182;0;265;2765,38;4818,81;-11,738;60;306,641;265,8;264,996;263,5;27,2028;0;-4,24035;-0,0129043;265;0;0,295111;26,9111;0;0;-4,24035;-0,0119715;60;306,939
926;0,5;182;0;265;2759,67;4821,16;-11,738;60;306,532;265,4;265,014;263,1;27,5506;0;-4,24035;-0,00763175;265;0;0,506232;26,9168;0;0;-4,24035;-0,00708006;60;306,944
927;0,5;182;0;265;2756,97;4812,54;-11,738;60;306,576;265,4;265,025;262,6;27,6974;0;-4,24035;-0,00486519;265;0;0,51557;26,9256;0;0;-4,24035;-0,00418722;60;306,947
928;0,5;182;0;265;2765,14;4823,11;-11,738;60;306,641;265,5;265,024;262,4;27,3848;0;-4,24035;-0,00287732;265;0;0,325232;26,9307;0;0;-4,24035;-0,00266932;60;306,949
929;0,5;182;0;265;2759,76;4823,59;-11,738;60;306,554;265,4;265,022;262,2;27,5243;0;-4,24035;-0,00170168;265;0;0,58927;26,9365;0;0;-4,24035;-0,00157866;60;306,95
930;0,5;182;0;265;2756,61;4807,29;-11,738;60;306,706;265,7;265,018;262,1;27,074;0;-4,24035;-0,00100639;265;0;0,135443;26,939;0;0;-4,24035;-0,000933637;60;306,951
931;0,5;181;0;265;2765,58;4819,22;-11,738;60;306,641;265,7;265,01;262;27,2719;0;-4,24035;-0,000641566;265;0;0,331915;26,9406;0;0;-4,24035;-0,000595188;60;306,951
932;0,5;181;0;265;2762,14;4820,36;-11,738;60;306,749;265,4;265,003;262,1;26,9483;0;-4,24035;-0,000379428;265;0;0,00726928;26,9411;0;0;-4,24035;-0,000352;60;306,952
933;0,5;180;0;265;2761,77;4811,78;-11,738;60;306,706;265,4;265;262,2;27,0794;0;-4,24035;-0,000224398;265;0;0,137823;26,9419;0;0;-4,24035;-0,000208176;60;306,952
934;0,5;180;0;265;2763,74;4818,93;-11,738;60;306,749;265,2;264,993;262,3;26,951;0;-4,24035;-0,000143052;265;0;0,0080017;26,9431;0;0;-4,24035;-0,000132711;60;306,952
935;0,5;181;0;265;2759,54;4812,44;-11,738;60;306,727;265,2;264,98;262,5;26,9431;0;-4,24035;-8,46023e-05;265;0;0,0731872;26,9432;0;0;-4,24035;-7,84865e-05;60;306,952
936;0,5;180;0;265;2761,98;4814,06;-11,738;60;306,858;265,2;264,953;262,4;26,9434;0;-4,24035;-5,00346e-05;265;0;0;26,9434;0;0;-4,24035;-4,64177e-05;60;306,952
937;0,5;180;0;265;2763,41;4821,79;-11,738;60;306,988;265,3;264,927;262,5;26,9434;0;-4,24035;-3,18968e-05;265;0;0;26,9434;0;0;-4,24035;-2,9591e-05;60;306,952
938;0,5;180;0;265;2762,83;4810,21;-11,738;60;306,966;265,2;264,915;262,6;26,9434;0;-4,24035;-1,88641e-05;265;0;0;26,9434;0;0;-4,24035;-1,75004e-05;60;306,952
939;0,5;180;0;265;2764,89;4811,85;-11,738;60;307,031;265,4;264,911;262,7;26,9434;0;-4,24035;-1,11564e-05;265;0;0;26,9434;0;0;-4,24035;-1,03499e-05;60;306,952
940;0,5;180;0;265;2761,2;4820,64;-11,738;60;306,966;266,4;264,914;263;26,9434;0;-4,24035;-6,59799e-06;265;0;0;26,9434;0;0;-4,24035;-6,59799e-06;60;306,952
941;0,5;180;0;265;2761,5;4808,68;-11,738;60;307,118;266,9;264,92;263,4;26,9434;0;-4,24035;-4,20618e-06;265;0;0;26,9434;0;0;-4,24035;-3,90212e-06;60;306,952
942;0,5;180;0;265;2768,3;4812,39;-11,738;60;307,096;267;264,926;263,6;26,9434;0;-4,24035;-2,48757e-06;265;0;0;26,9434;0;0;-4,24035;-2,30775e-06;60;306,952
943;0,5;181;0;265;2761,89;4812,21;-11,738;60;307,096;266,9;264,932;263,9;26,9434;0;-4,24035;-1,47118e-06;265;0;0;26,9434;0;0;-4,24035;-1,47118e-06;60;306,952
944;0,5;180;0;265;2764,49;4803,67;-11,738;60;307,053;266,6;264,933;264;26,9434;0;-4,24035;-8,70067e-07;265;0;0;26,9434;0;0;-4,24035;-8,70067e-07;60;306,952
945;0,5;180;0;265;2770,38;4813,7;-11,738;60;307,01;266,6;264,93;264;26,9434;0;-4,24035;-5,54662e-07;265;0;0;26,9434;0;0;-4,24035;-5,14566e-07;60;306,952
946;0,5;180;0;265;2761,52;4809,81;-11,738;60;307,053;266,5;264,923;263,8;26,9434;0;-4,24035;-3,28033e-07;265;0;0;26,9434;0;0;-4,24035;-3,28033e-07;60;306,952
947;0,5;180;0;265;2762,52;4799,92;-11,738;60;307,075;266,3;264,919;263,8;26,9433;0;-4,24035;-2,09119e-07;265;0;0;26,9433;0;0;-4,24035;-1,94002e-07;60;306,952
948;0,5;180;0;265;2766,91;4810,1;-11,738;60;307,14;266;264,916;263,8;26,9431;0;-4,24035;-1,23675e-07;265;0;0;26,9431;0;0;-4,24035;-1,14734e-07;60;306,952
949;0,5;180;0;265;2760,63;4807,63;-11,738;60;307,075;265,9;264,915;263,8;26,9431;0;-4,24035;-7,31425e-08;265;0;0;26,9431;0;0;-4,24035;-7,31425e-08;60;306,952
950;0,5;180;0;265;2762,7;4802,21;-11,738;60;307,161;265,7;264,915;263,9;26,9144;0;-4,24035;-4,66279e-08;265;0;-0,0286926;26,9431;0;0;-4,24035;-4,32572e-08;60;306,952
951;0,5;180;0;265;2765,82;4808,75;-11,738;60;307,161;265,3;264,914;263,9;26,943;0;-4,24035;-2,9725e-08;265;0;0;26,943;0;0;-4,24035;-2,55827e-08;60;306,952
952;0,5;180;0;265;2761,8;4802,05;-11,738;60;307,053;265;264,917;263,8;26,9429;0;-4,24035;-1,75796e-08;265;0;0;26,9429;0;0;-4,24035;-1,63088e-08;60;306,952
953;0,5;180;0;265;2764,28;4806,32;-11,738;60;307,031;264,8;264,923;263,5;26,9429;0;-4,24035;-1,03968e-08;265;0;0;26,9429;0;0;-4,24035;-9,64519e-09;60;306,952
954;0,5;180;0;265;2764,93;4810,55;-11,738;60;306,966;264,8;264,928;263,2;26,9429;0;-4,24035;-6,14875e-09;265;0;0;26,9429;0;0;-4,24035;-5,70426e-09;60;306,952
955;0,5;180;0;265;2763,91;4799,45;-11,738;60;306,966;265;264,907;262,9;26,9429;0;-4,24035;-3,91979e-09;265;0;0;26,9429;0;0;-4,24035;-3,63643e-09;60;306,952
956;0,5;180;0;265;2766,64;4802,86;-11,738;60;306,858;265,6;264,851;263;28,7063;0,162988;-4,23997;0,68194;265;0;2,21873;26,9512;0;0,196069;-4,2398;0,79207;60;307,797
957;0,5;182;0;265;2766,22;4810,19;-11,738;60;306,836;265,7;264,81;263,3;31,1388;0,359888;-4,23821;1,15481;265;0;4,23334;26,9912;0;0,381982;-4,23786;1,17781;60;308,469
958;0,5;194;0;265;2766,98;4798,34;-11,738;60;306,793;265,6;264,782;263,6;31,594;0,461572;-4,23587;1,13675;265;0;4,68653;27,0373;0;0,473169;-4,23543;1,11047;60;308,555
959;0,5;201;0;265;2769,11;4802,16;-11,738;60;306,727;265,5;264,769;263,7;31,529;0,522363;-4,23262;0,903531;265;0;4,30924;27,0906;0;0,527734;-4,23213;0,8641;60;308,386
960;0,5;209;0;265;2764,28;4805,19;-11,738;60;306,727;265,4;264,762;263,7;30,9441;0,553491;-4,22908;0,65187;265;0;3,7233;27,1375;0;0,556787;-4,22856;0,620631;60;308,169
961;0,5;209;0;265;2766,54;4797,93;-11,738;60;306,749;265,4;264,762;263,7;30,1652;0,553857;-4,22542;0,379865;265;0;2,99372;27,1715;0;0,553857;-4,22542;0,379865;60;307,947
962;0,5;207;0;265;2770,35;4806,67;-11,738;60;306,901;265,4;264,773;263,7;28,9077;0,515527;-4,22241;0,0841185;265;0;1,40537;27,1977;0;0,506982;-4,22193;0,0368572;60;307,569
963;0,5;201;0;265;2761,91;4804,15;-11,738;60;306,966;265,4;264,786;263,7;27,5705;0,456567;-4,21922;-0,17933;265;0;0,252356;27,2076;0;0,448267;-4,21879;-0,20637;60;307,25
964;0,5;190;0;265;2765,55;4795,59;-11,738;60;307,118;265,4;264,8;263,6;27,2079;0,399561;-4,21641;-0,327575;265;0;0;27,2079;0;0,399561;-4,21641;-0,327575;60;307,072
965;0,5;187;0;265;2770,13;4805,47;-11,738;60;307,183;265,4;264,812;263,5;27,1033;0,350244;-4,2143;-0,408943;265;0;-0,191748;27,2076;0;0,340479;-4,21397;-0,426444;60;306,919
966;0,5;186;0;265;2765,42;4804,92;-11,738;60;307,205;265,4;264,835;263,5;26,2688;0,261133;-4,21227;-0,59632;265;0;-0,819708;27,2019;0;0,245752;-4,21203;-0,627337;60;306,645
967;0,5;181;0;265;2768,48;4797,84;-11,738;60;307,161;265,8;264,868;263,7;25,3671;0,148462;-4,2111;-0,839726;265;0;-2,01465;27,1874;0;0,12771;-4,21097;-0,879032;60;306,29
968;0,5;172;0;265;2768,88;4801,54;-11,738;60;307,205;265,9;264,903;264,2;24,0782;0,0053955;-4,21059;-1,05256;265;0;-3,21107;27,1558;0;0;-4,21059;-1,00248;60;305,935
969;0,5;164;0;265;2765,6;4799,58;-11,738;60;307,292;265,7;264,924;264,5;24,7314;0;-4,21059;-0,639073;265;0;-2,11701;27,1244;0;0;-4,21059;-0,592875;60;306,343
970;0,5;162;0;265;2770,52;4802,2;-11,738;60;307,27;265,6;264,934;264,6;25,619;0;-4,21059;-0,377954;265;0;-1,48704;27,106;0;0;-4,21059;-0,377954;60;306,574
971;0,5;162;0;265;2768;4803,13;-11,738;60;307,205;265,4;264,932;264,6;26,2449;0;-4,21059;-0,240943;265;0;-0,727332;27,0924;0;0;-4,21059;-0,223525;60;306,741
972;0,5;167;0;265;2764,34;4796,07;-11,738;60;307,14;265,3;264,924;264,4;26,7517;0;-4,21059;-0,142496;265;0;-0,171515;27,0863;0;0;-4,21059;-0,132195;60;306,839
973;0,5;172;0;265;2767,9;4800,21;-11,738;60;307,118;265,2;264,914;264,2;26,9821;0;-4,21059;-0,0908403;265;0;-0,0816101;27,0848;0;0;-4,21059;-0,0842735;60;306,891
974;0,5;176;0;265;2768,42;4806,94;-11,738;60;307,031;265,1;264,905;263,7;27,0847;0;-4,21059;-0,0537238;265;0;0;27,0847;0;0;-4,21059;-0,0498402;60;306,928
975;0,5;176;0;265;2768,82;4799,82;-11,738;60;307,053;265;264,899;263,2;27,0847;0,00234374;-4,21059;-0,0206137;265;0;0;27,0847;0;0,00429687;-4,21059;-0,00971094;60;306,963
976;0,5;176;0;265;2771,69;4802,82;-11,738;60;307,075;264,8;264,899;262,6;27,0847;0,0020996;-4,21056;-0,0190015;265;0;0;27,0847;0;0,0020996;-4,21056;-0,0190015;60;306,976
977;0,5;176;0;265;2767,32;4802,65;-11,738;60;307,053;264,7;264,905;262,4;27,0847;0;-4,21055;-0,0190728;265;0;0;27,0847;0;0;-4,21055;-0,017694;60;306,963
978;0,5;176;0;265;2769,34;4797,35;-11,738;60;307,096;264,9;264,912;262,5;27,0847;0;-4,21055;-0,0112798;265;0;0;27,0847;0;0;-4,21055;-0,0104644;60;306,97
979;0,5;176;0;265;2772,34;4803,86;-11,738;60;307,01;265,3;264,922;263;27,0847;0;-4,21055;-0,006671;265;0;0;27,0847;0;0;-4,21055;-0,006671;60;306,975
980;0,5;176;0;265;2768,27;4802,31;-11,738;60;307,031;265,9;264,935;263,5;27,0847;0;-4,21055;-0,00425272;265;0;0;27,0847;0;0;-4,21055;-0,0039453;60;306,977
981;0,5;176;0;265;2770,64;4795,93;-11,738;60;307,053;265,9;264,943;263,8;27,0847;0;-4,21055;-0,0025151;265;0;0;27,0847;0;0;-4,21055;-0,00233329;60;306,979
982;0,5;177;0;265;2771,15;4802,8;-11,738;60;307,031;265,8;264,955;263,9;27,0847;0;-4,21055;-0,00148746;265;0;0;27,0847;0;0;-4,21055;-0,00148746;60;306,98
983;0,5;177;0;265;2769,42;4803,71;-11,738;60;307,031;265,5;264,969;263,7;27,0847;0;-4,21055;-0,000948243;265;0;0;27,0847;0;0;-4,21055;-0,000879695;60;306,981
984;0,5;176;0;265;2771,53;4795,4;-11,738;60;307,096;265,3;264,978;263,3;27,0847;0;-4,21055;-0,0005608;265;0;0;27,0847;0;0;-4,21055;-0,0005608;60;306,981
985;0,5;176;0;265;2770,17;4797,01;-11,738;60;307,075;265,2;264,979;263;27,0847;0;-4,21055;-0,000331663;265;0;0;27,0847;0;0;-4,21055;-0,000331663;60;306,981
986;0,5;177;0;265;2770,58;4801,21;-11,738;60;307,161;265,2;264,973;262,9;27,0847;0;-4,21055;-0,000211433;265;0;0;27,0847;0;0;-4,21055;-0,000196149;60;306,982
987;0,5;176;0;265;2773,81;4799,9;-11,738;60;307,161;265,2;264,964;262,9;27,0847;0;-4,21055;-0,000125043;265;0;0;27,0847;0;0;-4,21055;-0,000116004;60;306,982
988;0,5;176;0;265;2769,44;4798,58;-11,738;60;307,118;265,8;264,963;263;27,0847;0;-4,21055;-7,97144e-05;265;0;0;27,0847;0;0;-4,21055;-7,39519e-05;60;306,982
989;0,5;176;0;265;2769,36;4799,22;-11,738;60;307,096;266;264,982;263,4;27,0847;0;-4,21055;-4,37359e-05;265;0;0;27,0847;0;0;-4,21055;-4,37359e-05;60;306,982
990;0,5;176;0;265;2772,2;4796,82;-11,738;60;307,096;265,8;265,001;263,8;27,0847;0;-4,21055;-3,00539e-05;265;0;0;27,0847;0;0;-4,21055;-2,58658e-05;60;306,982
991;0,5;176;0;265;2769,25;4799,05;-11,738;60;306,988;265,6;265,021;264;27,0847;0;-4,21055;-1,77742e-05;265;0;0;27,0847;0;0;-4,21055;-1,64893e-05;60;306,982
992;0,5;177;0;265;2768,27;4798,24;-11,738;60;306,966;265,4;265,037;264,2;27,0847;0;-4,21055;-1,05118e-05;265;0;0;27,0847;0;0;-4,21055;-9,75193e-06;60;306,982
993;0,5;177;0;265;2768,66;4795,46;-11,738;60;306,836;265,2;265,051;264,3;27,0847;0;-4,21055;-6,21679e-06;265;0;0;27,0847;0;0;-4,21055;-5,76738e-06;60;306,982
994;0,5;177;0;265;2766,21;4796,73;-11,738;60;306,749;265,3;265,062;264,3;27,1827;0;-4,21055;-3,67667e-06;265;0;0,0977234;27,0849;0;0;-4,21055;-3,67667e-06;60;306,982
995;0,5;177;0;265;2767,5;4798,2;-11,738;60;306,706;266,1;265,068;264,1;27,2491;0;-4,21055;-2,34385e-06;265;0;0,22782;27,0867;0;0;-4,21055;-2,17442e-06;60;306,982
996;0,5;181;0;265;2768,5;4796,57;-11,738;60;306,771;266,5;265,065;263,8;27,1208;0;-4,21055;-1,38618e-06;265;0;0,0327209;27,0881;0;0;-4,21055;-1,28597e-06;60;306,982
997;0,5;181;0;265;2768,39;4799,16;-11,738;60;306,706;266,3;265,06;263,7;27,3173;0;-4,21055;-8,19799e-07;265;0;0,227911;27,0894;0;0;-4,21055;-8,19799e-07;60;306,982
998;0,5;182;0;265;2768,98;4798,03;-11,738;60;306,793;266;265,063;263,8;27,0901;0;-4,21055;-5,22616e-07;265;0;0;27,0901;0;0;-4,21055;-4,84837e-07;60;306,982
999;0,5;182;0;265;2768,1;4799,11;-11,738;60;306,814;266;265,075;263,6;27,0901;0;-4,21055;-3,0908e-07;265;0;0;27,0901;0;0;-4,21055;-2,86737e-07;60;306,982
1000;0,5;181;0;265;2769,58;4804,64;-11,738;60;306,879;266,1;265,097;263,5;27,0901;0;-4,21055;-1,82793e-07;265;0;0;27,0901;0;0;-4,21055;-1,82793e-07;60;306,982
1001;0,5;181;0;265;2769,26;4799,63;-11,738;60;306,858;266,3;265,123;263,8;26,8786;-0,0916992;-4,21081;-0,370572;265;0;-0,21134;27,0899;0;-0,0916992;-4,21081;-0,370572;60;306,587
1002;0,5;181;0;265;2766,49;4797,59;-11,738;60;306,858;266,3;265,148;264,1;25,9712;-0,174463;-4,21143;-0,601437;265;0;-1,5265;27,0799;0;-0,208521;-4,21179;-0,675805;60;306,149
1003;0,5;176;0;265;2768,72;4805,17;-11,738;60;306,901;266,2;265,174;264,4;24,6645;-0,296411;-4,21297;-0,832656;265;0;-2,55244;27,0595;0;-0,316919;-4,21325;-0,871297;60;305,85
1004;0,5;169;0;265;2769,01;4800,52;-11,738;60;306,836;266,2;265,216;264,4;23,4217;-0,465601;-4,21544;-1,16025;265;0;-3,85486;27,0231;0;-0,493311;-4,21588;-1,20992;60;305,351
1005;0,5;162;0;265;2767,46;4796,24;-11,738;60;306,793;266;265,263;264,5;22,1035;-0,650415;-4,21911;-1,40049;265;0;-5,0109;26,9713;0;-0,675073;-4,21973;-1,41808;60;304,922
1006;0,5;154;0;265;2771,43;4804,14;-11,738;60;306,771;265,8;265,301;264,7;21,5138;-0,785181;-4,22316;-1,4322;265;0;-5,45731;26,9181;0;-0,805322;-4,22391;-1,42573;60;304,752
1007;0,5;148;0;265;2771,27;4797,73;-11,738;60;306,771;265,5;265,327;264,9;21,2866;-0,909692;-4,22875;-1,32231;265;0;-5,51792;26,8523;0;-0,92312;-4,22961;-1,29144;60;304,732
1008;0,5;146;0;265;2770,08;4798,48;-11,738;60;306,793;265,3;265,348;265;21,5645;-0,990503;-4,235;-1,09145;265;0;-5,08652;26,7898;0;-0,999536;-4,23594;-1,05609;60;304,875
1009;0,5;146;0;265;2772,06;4807,05;-11,738;60;306,684;265,3;265,366;265;22,01;-1,05203;-4,24074;-0,945632;265;0;-4,59049;26,7415;0;-1,06277;-4,24173;-0,929043;60;304,954
1010;0,5;146;0;265;2772,47;4798,71;-11,738;60;306,532;265,5;265,386;265,1;22,4812;-1,13198;-4,2479;-0,873338;265;0;-4,17914;26,6903;0;-1,14431;-4,24896;-0,869622;60;304,939
1011;0,5;146;0;265;2771,92;4798,51;-11,738;60;306,445;265,8;265,4;264,5;22,7785;-1,19937;-4,25557;-0,773241;265;0;-3,71342;26,6435;0;-1,20535;-4,25669;-0,746171;60;304,964
1012;0,5;149;0;265;2773,19;4807,2;-11,738;60;306,315;266,1;265,407;263,2;23,5678;-1,22891;-4,26355;-0,567541;265;0;-3,04142;26,6092;0;-1,22891;-4,26355;-0,567541;60;305,101
1013;0,5;149;0;265;2772,22;4799,87;-11,738;60;306,25;266,1;265,408;262,8;24,2952;-1,23037;-4,27048;-0,363722;265;0;-2,10181;26,5786;0;-1,2283;-4,27163;-0,327427;60;305,328
1014;0,5;153;0;265;2770,94;4799,71;-11,738;60;306,098;266,2;265,402;262,5;25,5155;-1,20754;-4,27849;-0,12271;265;0;-0,943671;26,56;0;-1,20156;-4,27962;-0,0850132;60;305,584
1015;0,5;158;0;265;2769,67;4805,57;-11,738;60;306,076;266;265,387;262,4;26,4634;-1,16006;-4,28516;0,118368;265;0;-0,032904;26,5552;0;-1,14626;-4,28624;0,176288;60;305,865
1016;0,5;167;0;265;2767,91;4798,46;-11,738;60;305,968;265,6;265,345;262,1;27,3206;-1,01113;-4,29237;0,673908;265;0;1,18445;26,5582;0;-0,978174;-4,2933;0,784031;60;306,563
1017;0,5;172;0;265;2769,69;4802,64;-11,738;60;305,881;265,2;265,286;261,8;30,6859;-0,74563;-4,29818;1,44581;265;0;4,53959;26,5915;0;-0,701929;-4,29885;1,5519;60;307,594
1018;0,5;188;0;265;2768,5;4802,88;-11,738;60;305,707;265;265,204;261,6;34,4149;-0,414331;-4,302;2,15028;265;0;7,76179;26,6531;0;-0,414331;-4,302;2,15028;60;308,495
1019;0,5;204;0;265;2767,73;4794,78;-11,738;60;305,664;264,8;265,123;261,6;36,7454;-0,129663;-4,30351;2,50935;265;0;10,2131;26,7584;0;-0,0910889;-4,30361;2,51385;60;309,268
1020;0,5;228;0;265;2774,89;4803,67;-11,738;60;305,664;264,8;265,074;261,8;36,1498;0;-4,30372;1,92236;265;0;8,84055;26,875;0;0;-4,30372;1,78339;60;308,811
1021;0,5;240;0;265;2770,53;4803,07;-11,738;60;305,686;265,2;265,04;262,2;33,6372;0;-4,30372;1,1369;265;0;6,68485;26,9524;0;0;-4,30372;1,1369;60;308,114
1022;0,5;234;0;265;2767,22;4795,14;-11,738;60;305,751;266;265,026;262,6;32,1671;0;-4,30372;0,724767;265;0;4,98728;27,0189;0;0;-4,30372;0,672374;60;307,613
1023;0,5;224;0;265;2774,69;4806,86;-11,738;60;306,011;266,6;265,02;263,3;30,4787;0;-4,30372;0,428634;265;0;3,5781;27,0666;0;0;-4,30372;0,397648;60;307,317
1024;0,5;212;0;265;2772,04;4802,1;-11,738;60;306,098;266,5;265,022;263,7;29,7469;0;-4,30372;0,273251;265;0;2,59116;27,0963;0;0;-4,30372;0,253498;60;307,162
1025;0,5;205;0;265;2771,32;4796,71;-11,738;60;306,272;266,5;265,029;263,6;28,8909;0;-4,30372;0,161604;265;0;1,60514;27,1205;0;0;-4,30372;0,149921;60;307,05
1026;0,5;199;0;265;2776,45;4809,86;-11,738;60;306,445;266,4;265,043;263,1;28,1729;0;-4,30372;0,0955739;265;0;1,01646;27,1358;0;0;-4,30372;0,088665;60;306,984
1027;0,5;195;0;265;2771,85;4802,14;-11,738;60;306,554;266,2;265,054;262,5;27,9397;0;-4,30372;0,0609278;265;0;0,586981;27,1444;0;0;-4,30372;0,0565233;60;306,949
1028;0,5;186;0;265;2769,91;4794,46;-11,738;60;306,641;266,3;265,057;262,5;27,409;0;-4,30372;0,0360333;265;0;0,186713;27,1491;0;0;-4,30372;0,0334285;60;306,925
1029;0,5;186;0;265;2773,71;4810,67;-11,738;60;306,706;266,3;265,058;262,7;27,167;0;-4,30372;0,0213104;265;0;0;27,1498;0;0;-4,30372;0,0197699;60;306,91
1030;0,5;186;0;265;2768,9;4800,39;-11,738;60;306,858;265,9;265,062;263,2;27,1498;0;-4,30372;0,0126032;265;0;0;27,1498;0;0;-4,30372;0,0126032;60;306,902
1031;0,5;186;0;265;2770,33;4796,86;-11,738;60;306,944;265,2;265,07;263,6;27,1498;0;-4,30372;0,00803445;265;0;0;27,1498;0;0;-4,30372;0,00745365;60;306,897
1032;0,5;185;0;265;2770,67;4809,29;-11,738;60;306,988;265,1;265,085;263,9;27,1498;0;-4,30372;0,00475165;265;0;0;27,1498;0;0;-4,30372;0,00440816;60;306,893
1033;0,5;185;0;265;2766,67;4799,36;-11,738;60;307,031;265,6;265,107;263,7;27,0613;-0,0274902;-4,30375;-0,123029;265;0;-0,088385;27,1497;0;-0,0274902;-4,30375;-0,123029;60;306,802
1034;0,5;184;0;265;2770,7;4800,25;-11,738;60;307,075;266,4;265,124;263,5;25,9638;-0,0954834;-4,30417;-0,33124;265;0;-1,17649;27,1403;0;-0,0954834;-4,30417;-0,33124;60;306,483
1035;0,5;178;0;265;2770,14;4809,94;-11,738;60;307,053;266,8;265,13;263,5;25,9406;-0,118066;-4,30479;-0,296752;265;0;-1,14088;27,1237;0;-0,119409;-4,3049;-0,281771;60;306,473
1036;0,5;173;0;265;2768,16;4798,54;-11,738;60;307,118;267;265,129;263,6;26,1402;-0,116357;-4,30545;-0,180895;265;0;-0,985419;27,1122;0;-0,115747;-4,30556;-0,164877;60;306,59
1037;0,5;173;0;265;2775,9;4799;-11,738;60;307,161;267,1;265,128;263,6;26,2376;-0,112085;-4,3062;-0,0903576;265;0;-0,833533;27,1019;0;-0,111475;-4,30631;-0,0808843;60;306,684
1038;0,5;173;0;265;2771,8;4806,28;-11,738;60;307,205;266,6;265,127;263,7;26,4512;-0,108911;-4,30682;-0,044962;265;0;-0,541479;27,0926;0;-0,107935;-4,30703;-0,0341602;60;306,738
1039;0,5;173;0;265;2766,55;4795,09;-11,738;60;307,118;266;265,125;263,6;26,6867;-0,0996338;-4,30752;0,0129553;265;0;-0,35993;27,088;0;-0,0971924;-4,30761;0,0237846;60;306,798
1040;0,5;176;0;265;2773,13;4799,2;-11,738;60;307,096;265,4;265,115;263,6;27,0867;-0,0587402;-4,30806;0,17294;265;0;0;27,0867;0;-0,0504394;-4,30811;0,200442;60;306,998
1041;0,5;176;0;265;2769,11;4801,84;-11,738;60;307,14;265,2;265,101;263,7;27,0867;-0,0113769;-4,30825;0,299212;265;0;0;27,0867;0;0;-4,30826;0,310261;60;307,185
1042;0,5;175;0;265;2765,39;4795,35;-11,738;60;306,966;265,4;265,094;263,8;27,0867;0;-4,30826;0,213202;265;0;0;27,0867;0;0;-4,30826;0,19779;60;307,097
1043;0,5;175;0;265;2772,94;4804,51;-11,738;60;307,053;265,1;265,092;263,9;27,0867;0;-4,30826;0,12609;265;0;0;27,0867;0;0;-4,30826;0,116975;60;307,01
1044;0,5;176;0;265;2768,13;4803,38;-11,738;60;307,053;264,6;265,094;263,9;27,0867;0;-4,30826;0,0745706;265;0;0;27,0867;0;0;-4,30826;0,06918;60;306,959
1045;0,5;176;0;265;2766,54;4795,46;-11,738;60;307,096;264,5;265,087;264;27,0866;0;-4,30826;0,0475383;265;0;0;27,0866;0;0;-4,30826;0,0441018;60;306,932
1046;0,5;176;0;265;2770,6;4805,85;-11,738;60;307,161;264,4;265,06;263,3;26,9445;0;-4,30826;0,0281146;265;0;0;27,0859;0;0;-4,30826;0,0260822;60;306,912
1047;0,5;176;0;265;2765,53;4803,56;-11,738;60;307,161;264,3;265,017;262,9;26,906;0;-4,30826;0,0166272;265;0;-0,247595;27,0844;0;0;-4,30826;0,0154253;60;306,901
1048;0,5;176;0;265;2765,35;4797,32;-11,738;60;307,161;264,5;264,988;262,5;26,8809;0;-4,30826;0,00983351;265;0;-0,200629;27,0815;0;0;-4,30826;0,00983351;60;306,895
1049;0,5;176;0;265;2768,61;4806,69;-11,738;60;307,118;264,9;264,975;262,5;27,0801;0;-4,30826;0,0062688;265;0;-0,0833496;27,08;0;0;-4,30826;0,00581563;60;306,89
1050;0,5;176;0;265;2766,75;4804,62;-11,738;60;307,118;265,2;264,973;262,6;26,9894;0;-4,30826;0,00370743;265;0;-0,09104;27,0794;0;0;-4,30826;0,00343942;60;306,888
1051;0,5;176;0;265;2767,42;4798,78;-11,738;60;307,096;265,3;264,977;263;26,9842;0;-4,30826;0,00236346;265;0;-0,0299744;27,0786;0;0;-4,30826;0,00219261;60;306,886
1052;0,5;176;0;265;2766,25;4805,16;-11,738;60;307,183;265,3;264,984;263,3;26,7845;0;-4,30826;0,00139777;265;0;-0,29328;27,077;0;0;-4,30826;0,00129673;60;306,885
1053;0,5;176;0;265;2764,9;4803,33;-11,738;60;307,14;265,4;264,991;263,6;26,9092;0;-4,30826;0,000826658;265;0;-0,16474;27,0735;0;0;-4,30826;0,000766899;60;306,885
1054;0,5;176;0;265;2766,81;4795,01;-11,738;60;307,205;266,2;265,002;263,8;26,7114;0;-4,30826;0,000488893;265;0;-0,361029;27,0724;0;0;-4,30826;0,000488893;60;306,885
1055;0,5;176;0;265;2764,91;4803,76;-11,738;60;307,227;266,2;265,012;263,9;26,6427;0;-4,30826;0,000311666;265;0;-0,426764;27,0687;0;0;-4,30826;0,000289136;60;306,884
1056;0,5;176;0;265;2764,96;4804,57;-11,738;60;307,075;265,9;265,017;264;27,0661;0;-4,30826;0,000184322;265;0;-0,296942;27,0658;0;0;-4,30826;0,000170998;60;306,884
1057;0,5;176;0;265;2769,08;4798,87;-11,738;60;307,205;265,5;265,022;264,1;26,7008;0;-4,30826;0,000117504;265;0;-0,362219;27,0625;0;0;-4,30826;0,00010901;60;306,884
1058;0,5;176;0;265;2766,38;4802,26;-11,738;60;307,01;265;265,022;264,2;27,0596;0;-4,30826;6,94932e-05;265;0;0;27,0596;0;0;-4,30826;6,44696e-05;60;306,884
1059;0,5;176;0;265;2765,2;4806,28;-11,738;60;307,161;264,7;265,007;263,7;26,8266;0;-4,30826;4,43015e-05;265;0;-0,232306;27,0581;0;0;-4,30826;3,8128e-05;60;306,884
1060;0,5;176;0;265;2767,95;4800,52;-11,738;60;307,118;264,7;264,955;263,2;26,9551;0;-4,30826;2,62003e-05;265;0;-0,102026;27,057;0;0;-4,30826;2,43063e-05;60;306,884
1061;0,5;176;0;265;2764,95;4801,53;-11,738;60;307,096;264,8;264,876;262,7;27,0569;0,094751;-4,30817;0,43863;265;0;0,428412;27,0572;0;0,140283;-4,30806;0,626354;60;307,417
1062;0,5;178;0;265;2765,29;4804,78;-11,738;60;307,075;264,9;264,807;262,6;30,6839;0,372827;-4,30659;1,32711;265;0;3,93278;27,0856;0;0,404932;-4,30622;1,38589;60;308,586
1063;0,5;185;0;265;2768,24;4799,94;-11,738;60;307,031;265,4;264,76;262,7;32,382;0,539331;-4,30399;1,50609;265;0;5,10731;27,1344;0;0,558618;-4,30348;1,49017;60;308,934
1064;0,5;206;0;265;2768,76;4802,01;-11,738;60;307,14;265,5;264,739;262,5;31,7337;0,644556;-4,30006;1,28667;265;0;4,45106;27,1908;0;0,653345;-4,29945;1,23601;60;308,823
1065;0,5;211;0;265;2768,79;4804,67;-11,738;60;306,966;265,7;264,726;262,3;31,4765;0,695337;-4,29566;0,95554;265;0;4,14399;27,2407;0;0,701929;-4,295;0,918232;60;308,547
1066;0,5;211;0;265;2768,01;4798,28;-11,738;60;307,161;265,7;264,715;262,2;30,3922;0,740503;-4,29094;0,740588;265;0;3,11594;27,2763;0;0,740503;-4,29094;0,740588;60;308,4
1067;0,5;209;0;265;2769,1;4800,46;-11,738;60;307,075;265,8;264,707;262,5;30,2344;0,767725;-4,2867;0,580135;265;0;2,93622;27,3117;0;0,771875;-4,28597;0,558199;60;308,253
1068;0,5;209;0;265;2769,92;4809;-11,738;60;307,292;265,8;264,701;262,9;29,372;0,796167;-4,28156;0,453606;265;0;2,00632;27,3401;0;0,800195;-4,28082;0,440228;60;308,16
1069;0,5;205;0;265;2766,24;4800,89;-11,738;60;307,422;265,6;264,694;263,2;28,8497;0,823633;-4,27625;0,375046;265;0;1,49125;27,3585;0;0,823633;-4,27625;0,375046;60;308,119
1070;0,5;201;0;265;2768,54;4802,16;-11,738;60;307,509;265,3;264,689;263,3;28,4791;0,840479;-4,27156;0,304296;265;0;1,07038;27,3758;0;0,84231;-4,27077;0,291123;60;308,065
1071;0,5;197;0;265;2769,56;4806,56;-11,738;60;307,53;265,2;264,68;262,9;28,4362;0,878809;-4,26597;0,346944;265;0;1,26493;27,3871;0;0,900415;-4,26514;0,425991;60;308,152
1072;0,5;195;0;265;2766,8;4801,32;-11,738;60;307,661;264,9;264,632;262,7;30,3912;1,07156;-4,25962;0,968009;265;0;2,9842;27,407;0;1,07156;-4,25962;0,968009;60;308,855
1073;0,5;195;0;265;2772,56;4806,04;-11,738;60;307,878;264,4;264,578;262,7;31,6454;1,2571;-4,25306;1,3624;265;0;4,44327;27,4502;0;1,28689;-4,25187;1,40746;60;309,559
1074;0,5;202;0;265;2775,76;4809,49;-11,738;60;307,899;264,1;264,539;262,8;32,8771;1,44412;-4,24417;1,52421;265;0;5,45127;27,509;0;1,46487;-4,2428;1,51403;60;309,916
1075;0,5;213;0;265;2773,35;4801,13;-11,738;60;308,095;264,2;264,508;262,9;32,4692;1,5552;-4,23571;1,41377;265;0;4,89261;27,5603;0;1,56936;-4,23425;1,37981;60;309,926
1076;0,5;218;0;265;2778,12;4809,35;-11,738;60;308,03;264,1;264,489;262,6;32,359;1,64541;-4,2252;1,18329;265;0;4,6988;27,6162;0;1,65725;-4,22365;1,15482;60;309,796
1077;0,5;218;0;265;2779,12;4810,42;-11,738;60;308,203;263,9;264,455;262;32,1157;1,75503;-4,21568;1,21026;265;0;4,76362;27,6701;0;1,80325;-4,21235;1,2659;60;309,991
1078;0,5;218;0;265;2775,25;4799,77;-11,738;60;308,225;263,9;264,42;261,9;33,1029;1,91885;-4,20362;1,35059;265;0;5,49979;27,7215;0;1,93936;-4,20181;1,35179;60;310,258
1079;0,5;218;0;265;2777,48;4806,32;-11,738;60;308,42;263,8;264,389;262;32,9149;2,04385;-4,19059;1,27542;265;0;5,03736;27,7848;0;2,05752;-4,18866;1,24911;60;310,321
1080;0,5;218;0;265;2776,01;4808,32;-11,738;60;308,485;264;264,369;262;32,4223;2,12295;-4,17689;1,05554;265;0;4,33048;27,84;0;2,13027;-4,1749;1,01454;60;310,194
1081;0,5;218;0;265;2774,46;4802,2;-11,738;60;308,659;264,3;264,357;262,1;31,9376;2,16653;-4,16483;0,848267;265;0;3,55018;27,8797;0;2,17361;-4,16279;0,821068;60;310,042
1082;0,5;216;0;265;2776,66;4811,18;-11,738;60;308,746;264,8;264,35;262,4;30,82;2,20181;-4,15047;0,630437;265;0;2,85016;27,9166;0;2,20278;-4,1484;0,589569;60;309,874
1083;0,5;212;0;265;2771,96;4804,92;-11,738;60;308,832;265,3;264,36;262,8;29,329;2,16104;-4,1361;0,198308;265;0;1,40958;27,9402;0;2,14822;-4,13408;0,122201;60;309,415
1084;0,5;202;0;265;2771,72;4796,54;-11,738;60;308,919;265,3;264,392;263,2;27,9438;2,05532;-4,12422;-0,30575;265;0;0;27,9438;0;2,03298;-4,1223;-0,391305;60;308,818
1085;0,5;193;0;265;2773,3;4810,33;-11,738;60;308,963;265,1;264,429;263,5;26,2565;1,88394;-4,11128;-0,851798;265;0;-2,14393;27,9323;0;1,85854;-4,10953;-0,912588;60;308,113
1086;0,5;182;0;265;2767,58;4801,94;-11,738;60;309,136;264,6;264,476;263,9;23,9599;1,69644;-4,09953;-1,23398;265;0;-4,14335;27,8952;0;1,66995;-4,09795;-1,27244;60;307,555
1087;0,5;169;0;265;2772,55;4793,74;-11,738;60;309,201;264,7;264,521;264,1;22,5468;1,51772;-4,089;-1,42109;265;0;-5,30085;27,8477;0;1,51772;-4,089;-1,42109;60;307,234
1088;0,5;157;0;265;2775,27;4806,47;-11,738;60;309,223;264,9;264,529;263,8;22,9616;1,47305;-4,08066;-1,06029;265;0;-4,49619;27,7883;0;1,48367;-4,07928;-0,932464;60;307,524
1089;0,5;154;0;265;2768,87;4803,84;-11,738;60;309,288;265;264,506;263,3;25,5469;1,57595;-4,0707;-0,214484;265;0;-1,81553;27,7517;0;1,59414;-4,06921;-0,111324;60;308,483
1090;0,5;154;0;265;2773,14;4797,27;-11,738;60;309,136;265,2;264,481;263,1;27,7458;1,67703;-4,05999;0,254668;265;0;0;27,7458;0;1,67703;-4,05999;0,254668;60;309,022
1091;0,5;162;0;265;2774,67;4807;-11,738;60;309,115;265,1;264,468;263,2;27,7458;1,72219;-4,05043;0,34412;265;0;0;27,7458;0;1,72756;-4,04881;0,345129;60;309,208
1092;0,5;179;0;265;2767,25;4799,7;-11,738;60;308,941;265,2;264,464;263,5;27,9185;1,74539;-4,03903;0,286864;265;0;0,198614;27,7481;0;1,74465;-4,03739;0,262597;60;309,185
1093;0,5;182;0;265;2769,42;4799,08;-11,738;60;308,898;265,6;264,468;263,8;27,7485;1,72659;-4,02762;0,0908254;265;0;0;27,7485;0;1,72659;-4,02762;0,0908254;60;309,016
1094;0,5;183;0;265;2767,25;4809,48;-11,738;60;308,789;265,7;264,48;264;27,7485;1,68911;-4,01801;-0,0943477;265;0;0;27,7485;0;1,68069;-4,01643;-0,128119;60;308,769
1095;0,5;182;0;265;2762,39;4800,38;-11,738;60;308,724;265,5;264,495;264,2;27,7254;1,6188;-4,00713;-0,335568;265;0;-0,362128;27,7481;0;1,60671;-4,00562;-0,36955;60;308,468
1096;0,5;182;0;265;2765,05;4793,45;-11,738;60;308,702;265,2;264,52;264,3;26,767;1,51968;-3,99682;-0,588335;265;0;-0,975623;27,7427;0;1,51968;-3,99682;-0,588335;60;308,177
1097;0,5;182;0;265;2763,08;4803,85;-11,738;60;308,55;264,9;264,548;264,1;26,2915;1,40798;-3,98721;-0,784924;265;0;-1,43659;27,7281;0;1,40798;-3,98721;-0,784924;60;307,871
1098;0,5;180;0;265;2760,07;4800,78;-11,738;60;308,572;264,8;264,573;264;25,6305;1,32375;-3,9808;-0,890471;265;0;-2,14466;27,7064;0;1,29067;-3,97835;-0,920025;60;307,614
1099;0,5;174;0;265;2762,34;4796,82;-11,738;60;308,529;265;264,597;263,9;25,1433;1,21328;-3,97249;-0,952147;265;0;-2,348;27,6838;0;1,20718;-3,97136;-0,912731;60;307,481
1100;0,5;174;0;265;2760,07;4803,65;-11,738;60;308,529;265,1;264,592;263,8;26,3323;1,23086;-3,96454;-0,474552;265;0;-1,03376;27,6622;0;1,2427;-3,96338;-0,383183;60;307,984
1101;0,5;174;0;265;2760,26;4804,22;-11,738;60;308,529;265,5;264,569;263,7;27,6595;1,32449;-3,95617;0,0897034;265;0;0;27,6595;0;1,33987;-3,95492;0,157344;60;308,65
1102;0,5;179;0;265;2762,7;4801,85;-11,738;60;308,42;265,7;264,545;263,7;28,7747;1,40786;-3,94848;0,39036;265;0;1,26557;27,6664;0;1,41885;-3,94715;0,415088;60;309,042
1103;0,5;182;0;265;2758,42;4801,7;-11,738;60;308,312;265,6;264,534;263,6;29,6255;1,4634;-3,93903;0,438457;265;0;1,86524;27,6861;0;1,46804;-3,93766;0,429117;60;309,155
1104;0,5;192;0;265;2759,13;4800,16;-11,738;60;308,225;265,3;264,528;263,3;29,7468;1,48794;-3,92935;0,356018;265;0;2,04615;27,709;0;1,49246;-3,92795;0,352048;60;309,107
1105;0,5;196;0;265;2762,79;4795,51;-11,738;60;308,225;265,4;264,511;262,9;30,2665;1,54263;-3,92085;0,456013;265;0;2,53568;27,7318;0;1,55496;-3,9194;0,482466;60;309,27
1106;0,5;197;0;265;2762;4801,75;-11,738;60;308,095;265,6;264,494;262,7;31,2179;1,61733;-3,91047;0,554595;265;0;3,4773;27,7688;0;1,62319;-3,90895;0,542742;60;309,454
1107;0,5;203;0;265;2762,45;4804,33;-11,738;60;308,16;265,6;264,49;262,6;30,8685;1,64199;-3,89974;0,415044;265;0;2,96955;27,807;0;1,64175;-3,89821;0,383865;60;309,35
1108;0,5;204;0;265;2763,91;4798,15;-11,738;60;308,181;265,7;264,497;262,7;29,947;1,61086;-3,88904;0,114712;265;0;2,11408;27,8329;0;1,61086;-3,88904;0,114712;60;309,086
1109;0,5;204;0;265;2763,59;4799,16;-11,738;60;308,138;265,8;264,521;263;28,8404;1,53152;-3,88019;-0,25145;265;0;0,762305;27,8499;0;1,51577;-3,87876;-0,309162;60;308,592
1110;0,5;200;0;265;2765,31;4806,52;-11,738;60;308,095;265,6;264,543;263,3;27,8525;1,42739;-3,87049;-0,550101;265;0;0;27,8525;0;1,41433;-3,86916;-0,573282;60;308,199
1111;0,5;192;0;265;2764,7;4800,48;-11,738;60;308,116;265;264,561;263,6;27,8525;1,35647;-3,86137;-0,595973;265;0;0;27,8525;0;1,35647;-3,86137;-0,595973;60;308,099
1112;0,5;187;0;265;2766,17;4800,88;-11,738;60;308,16;264,5;264,574;263,8;27,8525;1,31448;-3,85387;-0,547416;265;0;0;27,8525;0;1,30581;-3,85264;-0,549612;60;308,105
1113;0,5;187;0;265;2765,78;4806,7;-11,738;60;308,247;264,1;264,584;263,8;27,8525;1,26321;-3,84542;-0,519369;265;0;0;27,8525;0;1,25686;-3,84424;-0,512415;60;308,091
1114;0,5;187;0;265;2762,78;4802,25;-11,738;60;308,333;263,9;264,591;263,7;27,8525;1,23745;-3,83723;-0,402028;265;0;0;27,8525;0;1,23745;-3,83723;-0,402028;60;308,172
1115;0,5;187;0;265;2765,38;4804,81;-11,738;60;308,29;264;264,587;263,4;27,8525;1,24636;-3,83027;-0,214207;265;0;0;27,8525;0;1,2521;-3,82909;-0,171072;60;308,394
1116;0,5;187;0;265;2765,9;4806,8;-11,738;60;308,355;264,3;264,578;263,2;28,3995;1,28408;-3,82196;0,0180739;265;0;0,35224;27,8549;0;1,28774;-3,82075;0,0344162;60;308,672
1117;0,5;187;0;265;2761,96;4795,27;-11,738;60;308,268;265;264,578;263,1;28,5816;1,28933;-3,8147;0,0259491;265;0;0,673865;27,8611;0;1,28689;-3,81349;0,0123076;60;308,693
1118;0,5;190;0;265;2766,33;4800,42;-11,738;60;308,16;264,9;264,587;263,2;28,3896;1,25063;-3,80634;-0,141935;265;0;0,209418;27,8679;0;1,24233;-3,80517;-0,171679;60;308,495
1119;0,5;190;0;265;2767,31;4807,73;-11,738;60;308,138;264,6;264,602;263,3;27,8686;1,19143;-3,79833;-0,314471;265;0;0;27,8686;0;1,18337;-3,79722;-0,330565;60;308,271
1120;0,5;187;0;265;2761,55;4795,17;-11,738;60;308,181;264,5;264,614;263,5;27,8686;1,14395;-3,79176;-0,391499;265;0;0;27,8686;0;1,13613;-3,79069;-0,400848;60;308,153
1121;0,5;187;0;265;2766,73;4801,67;-11,738;60;308,138;265;264,632;263,7;27,8686;1,08071;-3,78445;-0,479898;265;0;0;27,8686;0;1,07131;-3,78344;-0,490505;60;308,009
1122;0,5;187;0;265;2767,81;4802,87;-11,738;60;308,073;265,5;264,648;263,9;27,8517;1,00625;-3,7776;-0,575809;265;0;-0,0834412;27,8683;0;0,995264;-3,77666;-0,587131;60;307,845
1123;0,5;187;0;265;2764;4794,6;-11,738;60;308,095;266,2;264,667;264,1;27,427;0,941064;-3,77212;-0,629338;265;0;-0,488287;27,8647;0;0,930444;-3,77125;-0,635025;60;307,732
1124;0,5;187;0;265;2767,98;4803,83;-11,738;60;308,116;266,3;264,683;264,1;27,0511;0,867456;-3,76619;-0,658237;265;0;-0,843146;27,8563;0;0,857202;-3,76538;-0,660071;60;307,635
1125;0,5;187;0;265;2768,27;4805,21;-11,738;60;308,116;266,2;264,698;264;26,8754;0,816064;-3,76147;-0,622615;265;0;-0,845526;27,8459;0;0,803857;-3,75995;-0,592555;60;307,634
1126;0,5;181;0;265;2768,54;4796,75;-11,738;60;308,203;266,5;264,708;264;26,9746;0,773706;-3,75625;-0,532836;265;0;-0,978735;27,8371;0;0,767725;-3,75553;-0,523144;60;307,677
1127;0,5;181;0;265;2769,91;4810,7;-11,738;60;308,181;266,8;264,714;263,9;27,1372;0,745142;-3,75127;-0,424365;265;0;-0,659033;27,8283;0;0,74148;-3,75058;-0,411337;60;307,762
1128;0,5;182;0;265;2766,81;4809,67;-11,738;60;308,138;266,9;264,718;263,7;27,5616;0,729272;-3,74645;-0,309994;265;0;-0,218848;27,8228;0;0,727564;-3,74576;-0,295821;60;307,865
1129;0,5;182;0;265;2767,1;4796,91;-11,738;60;308,138;266,5;264,723;263,6;27,7098;0,713525;-3,74238;-0,263526;265;0;-0,114478;27,8219;0;0,709985;-3,74171;-0,261536;60;307,9
1130;0,5;183;0;265;2767,77;4805,24;-11,738;60;307,986;266,2;264,728;263,6;27,8217;0,689111;-3,73778;-0,25064;265;0;0;27,8217;0;0,685693;-3,73713;-0,248993;60;307,893
1131;0,5;183;0;265;2764,08;4805,94;-11,738;60;307,921;266,1;264,731;263,3;27,8217;0,677026;-3,73331;-0,1906;265;0;0;27,8217;0;0,677637;-3,73268;-0,17388;60;307,945
1132;0,5;183;0;265;2767,73;4799,28;-11,738;60;307,834;266,1;264,725;262,6;27,8912;0,692529;-3,72948;-0,0523642;265;0;0,206213;27,8219;0;0,699121;-3,72883;-0,0168111;60;308,103
1133;0,5;183;0;265;2768,1;4804,51;-11,738;60;307,812;266,9;264,714;262,3;28,8503;0,74563;-3,72477;0,178669;265;0;1,13785;27,8287;0;0,753931;-3,72407;0,205757;60;308,392
1134;0,5;187;0;265;2764,86;4802,64;-11,738;60;307,791;267,9;264,699;262,3;29,603;0,802637;-3,71969;0,327184;265;0;1,96494;27,8468;0;0,810571;-3,71893;0,341771;60;308,602
1135;0,5;193;0;265;2770,11;4798,82;-11,738;60;307,661;268;264,686;262,5;30,4641;0,857568;-3,71424;0,406934;265;0;2,59556;27,8686;0;0,857568;-3,71424;0,406934;60;308,726
1136;0,5;197;0;265;2770,9;4807,91;-11,738;60;307,639;267,4;264,659;262,8;31,2207;0,946802;-3,7092;0,631491;265;0;3,66736;27,9028;0;0,965967;-3,70831;0,678203;60;309,061
1137;0,5;202;0;265;2764,94;4803,9;-11,738;60;307,595;266,9;264,628;263;32,9122;1,08743;-3,70252;0,918367;265;0;5,10016;27,9536;0;1,10403;-3,7015;0,931987;60;309,496
1138;0,5;211;0;265;2768,56;4798,15;-11,738;60;307,595;266,3;264,603;263,1;33,4735;1,18777;-3,69503;0,924624;265;0;5,46692;28,0066;0;1,18777;-3,69503;0,924624;60;309,618
1139;0,5;216;0;265;2772,91;4804,48;-11,738;60;307,639;266;264,592;263,4;33,1256;1,23342;-3,6882;0,767996;265;0;4,73936;28,0669;0;1,23733;-3,68704;0,731303;60;309,505
1140;0,5;218;0;265;2767,65;4805,39;-11,738;60;307,791;265,6;264,59;263;31,9275;1,23977;-3,68007;0,473741;265;0;3,70472;28,1173;0;1,23757;-3,67891;0,428905;60;309,226
1141;0,5;218;0;265;2768,89;4798,83;-11,738;60;307,856;265,3;264,594;263;30,9747;1,22292;-3,67198;0,212868;265;0;2,82398;28,1507;0;1,22292;-3,67198;0,212868;60;308,997
1142;0,5;216;0;265;2770,41;4801,15;-11,738;60;307,899;265,2;264,603;263,2;30,1782;1,19253;-3,66518;0,0107938;265;0;1,89326;28,1779;0;1,18655;-3,66407;-0,0188132;60;308,73
1143;0,5;210;0;265;2768,74;4803,3;-11,738;60;307,899;265;264,614;263,3;29,4419;1,14541;-3,65752;-0,173416;265;0;1,22227;28,1951;0;1,1437;-3,65645;-0,169117;60;308,507
1144;0,5;202;0;265;2769,47;4801,57;-11,738;60;307,986;265,1;264,612;263,5;29,438;1,15103;-3,65;-0,0756649;265;0;1,23279;28,2052;0;1,15103;-3,65;-0,0756649;60;308,597
1145;0,5;201;0;265;2769,31;4802,34;-11,738;60;308,051;265,2;264,612;263,8;29,4446;1,15249;-3,64351;-0,0470403;265;0;1,20899;28,2202;0;1,14871;-3,64243;-0,0618768;60;308,654
1146;0,5;201;0;265;2768,64;4803,71;-11,738;60;308,073;265,1;264,623;264;28,8809;1,10647;-3,63607;-0,214806;265;0;0,589911;28,2313;0;1,09695;-3,63504;-0,245164;60;308,448
1147;0,5;201;0;265;2767,47;4798,64;-11,738;60;308,073;265;264,644;264,2;28,2337;1,03823;-3,63003;-0,414534;265;0;0;28,2337;0;1,02505;-3,62907;-0,448103;60;308,186
1148;0,5;195;0;265;2766,52;4799,05;-11,738;60;308,16;265,1;264,663;264,3;28,1989;0,947046;-3,62352;-0,599497;265;0;0;28,2337;0;0,934229;-3,62264;-0,617931;60;307,916
1149;0,5;192;0;265;2769,23;4807,54;-11,738;60;308,181;265,1;264,687;264,4;27,4937;0,853052;-3,6176;-0,723149;265;0;-0,830603;28,2291;0;0,83877;-3,61681;-0,739703;60;307,705
1150;0,5;187;0;265;2766,06;4799,58;-11,738;60;308,16;265,1;264,711;264,4;27,0518;0,768579;-3,61304;-0,800843;265;0;-1,2382;28,2188;0;0,754785;-3,61233;-0,809427;60;307,547
1151;0,5;187;0;265;2765,81;4796,3;-11,738;60;308,181;265;264,732;264,5;26,5472;0,67312;-3,60832;-0,84459;265;0;-1,64167;28,2011;0;0,659814;-3,60769;-0,847659;60;307,412
1152;0,5;182;0;265;2770,48;4808,1;-11,738;60;308,116;265;264,753;264,5;26,4475;0,586939;-3,6042;-0,827787;265;0;-1,57712;28,1818;0;0,57998;-3,60366;-0,80148;60;307,347
1153;0,5;182;0;265;2766,91;4801,35;-11,738;60;308,051;265,1;264,757;264,4;27,2363;0,569727;-3,60098;-0,589004;265;0;-0,837561;28,1693;0;0,570947;-3,60044;-0,540542;60;307,572
1154;0,5;182;0;265;2765,35;4794,91;-11,738;60;308,008;265,1;264,756;264,4;28,1652;0,574121;-3,59721;-0,33437;265;0;-0,0492004;28,1651;0;0,573267;-3,59667;-0,314317;60;307,835
1155;0,5;183;0;265;2769,04;4808,02;-11,738;60;308,073;265,1;264,767;264,1;27,902;0,530542;-3,59354;-0,38038;265;0;-0,372107;28,1643;0;0,5198;-3,59305;-0,404652;60;307,749
1156;0,5;182;0;265;2764,72;4799,92;-11,738;60;308,051;265,2;264,794;264;27,1357;0,443384;-3,59078;-0,600939;265;0;-1,2219;28,1571;0;0,42312;-3,59038;-0,655154;60;307,444
1157;0,5;182;0;265;2765,61;4798,48;-11,738;60;308,03;265,3;264,828;264,1;25,6691;0,287866;-3,58836;-0,96852;265;0;-2,78388;28,1344;0;0,262354;-3,5881;-1,02146;60;306,923
1158;0,5;176;0;265;2767,76;4810,97;-11,738;60;308,03;265,4;264,874;264;24,0678;0,104517;-3,58706;-1,28842;265;0;-4,22465;28,0926;0;0,0780273;-3,58698;-1,32294;60;306,421
1159;0,5;166;0;265;2763,01;4798,07;-11,738;60;308,008;265,4;264,917;263,8;23,2739;0;-3,58687;-1,20961;265;0;-4,23609;28,0458;0;0;-3,58687;-1,12217;60;306,396
1160;0,5;160;0;265;2767,99;4794,26;-11,738;60;308,051;265,3;264,95;263,8;24,9581;0;-3,58687;-0,715375;265;0;-2,88358;28,004;0;0;-3,58687;-0,663661;60;306,89
1161;0,5;161;0;265;2771,29;4810,68;-11,738;60;308,03;265,3;264,982;263,8;25,9389;0;-3,58687;-0,42308;265;0;-1,9416;27,9761;0;0;-3,58687;-0,392496;60;307,182
1162;0,5;166;0;265;2764,53;4800,9;-11,738;60;307,943;265,4;265,01;263,8;26,7394;0;-3,58687;-0,250213;265;0;-1,22098;27,9604;0;0;-3,58687;-0,250213;60;307,336
1163;0,5;168;0;265;2768,97;4797,05;-11,738;60;307,899;265,1;265,017;263,5;27,1529;0;-3,58687;-0,159509;265;0;-0,760291;27,9492;0;0;-3,58687;-0,147979;60;307,446
1164;0,5;176;0;265;2771,82;4807,61;-11,738;60;307,812;264,7;265,007;263,3;27,6191;0;-3,58687;-0,0943354;265;0;-0,304358;27,945;0;0;-3,58687;-0,087516;60;307,511
1165;0,5;181;0;265;2766,93;4800,25;-11,738;60;307,747;264,6;264,986;263,3;27,9363;0;-3,58687;-0,0557909;265;0;-0,0064453;27,9428;0;0;-3,58687;-0,0557909;60;307,545
1166;0,5;182;0;265;2770,12;4798,59;-11,738;60;307,812;264,5;264,963;263,3;27,8062;0;-3,58687;-0,0355663;265;0;0;27,9425;0;0;-3,58687;-0,0329953;60;307,57
1167;0,5;182;0;265;2769,79;4805,04;-11,738;60;307,769;264,5;264,938;263,3;27,9419;0;-3,58687;-0,0210343;265;0;0;27,9419;0;0;-3,58687;-0,0195137;60;307,584
1168;0,5;182;0;265;2765,88;4800,08;-11,738;60;307,726;264,6;264,921;263,4;27,9419;0;-3,58687;-0,0124399;265;0;0;27,9419;0;0;-3,58687;-0,0124399;60;307,592
1169;0,5;182;0;265;2769,11;4796,99;-11,738;60;307,747;265;264,911;263,3;27,9419;0;-3,58687;-0,00793034;265;0;0;27,9419;0;0;-3,58687;-0,0107063;60;307,594
1170;0,5;182;0;265;2769,6;4805;-11,738;60;307,726;265,4;264,903;262,9;27,9419;0;-3,58687;-0,00469008;265;0;0;27,9419;0;0;-3,58687;-0,00435104;60;307,601
1171;0,5;183;0;265;2767,53;4802,15;-11,738;60;307,682;265,6;264,882;262,4;27,9967;0,0726562;-3,58669;0,296764;265;0;0,0546936;27,942;0;0,0726562;-3,58669;0,296764;60;307,901
1172;0,5;183;0;265;2767,55;4797,11;-11,738;60;307,682;266;264,844;262,4;29,4018;0,198999;-3,58595;0,70576;265;0;1,88639;27,9512;0;0,224023;-3,58575;0,77534;60;308,511
1173;0,5;186;0;265;2767,1;4801,94;-11,738;60;307,617;266,5;264,808;262,6;31,4955;0,367456;-3,58407;1,06879;265;0;3,68174;27,9838;0;0,387598;-3,58372;1,0886;60;309,044
1174;0,5;200;0;265;2768,98;4805,51;-11,738;60;307,661;266,6;264,779;263;31,9575;0,482446;-3,58125;1,06772;265;0;3,93442;28,0231;0;0,482446;-3,58125;1,06772;60;309,172
1175;0,5;207;0;265;2767,29;4798,49;-11,738;60;307,704;266;264,767;263,3;31,4659;0,527246;-3,57838;0,853145;265;0;3,27085;28,0661;0;0,530664;-3,57789;0,807944;60;308,994
1176;0,5;211;0;265;2767,36;4802,01;-11,738;60;307,726;265,3;264,769;263,6;30,3616;0,524683;-3,5749;0,485981;265;0;2,10703;28,0985;0;0,522119;-3,57441;0,438496;60;308,628
1177;0,5;209;0;265;2770,94;4806,46;-11,738;60;307,769;265,1;264,774;263,8;29,3099;0,504663;-3,57153;0,210179;265;0;1,1948;28,1151;0;0,504663;-3,57153;0,210179;60;308,367
1178;0,5;201;0;265;2770,56;4798,73;-11,738;60;307,769;265,3;264,774;263,6;29,0041;0,503931;-3,5687;0,134998;265;0;0,880133;28,1248;0;0,507471;-3,56823;0,1423;60;308,262
1179;0,5;196;0;265;2766,4;4798,48;-11,738;60;307,943;265,8;264,768;263,3;28,7671;0,524561;-3,56581;0,169067;265;0;0,556677;28,1322;0;0,531397;-3,56482;0,177261;60;308,328
1180;0,5;196;0;265;2770,36;4804,78;-11,738;60;308,008;265,6;264,763;262,8;28,5992;0,547876;-3,56229;0,190545;265;0;0,481696;28,1365;0;0,551172;-3,56178;0,192655;60;308,368
1181;0,5;195;0;265;2769,14;4792,91;-11,738;60;307,964;265,1;264,757;262,9;28,847;0,570337;-3,55862;0,199923;265;0;0,718451;28,1435;0;0,571558;-3,55809;0,191353;60;308,404
1182;0,5;196;0;265;2768,37;4795,16;-11,738;60;307,943;264,7;264,757;263,1;28,7659;0,570703;-3,55486;0,114188;265;0;0,603918;28,1508;0;0,567896;-3,55433;0,0924033;60;308,322
1183;0,5;196;0;265;2771,25;4808,17;-11,738;60;307,964;264,6;264,766;263,6;28,1739;0,541772;-3,55172;-0,0484854;265;0;0;28,1537;0;0,535059;-3,55121;-0,0773364;60;308,134
1184;0,5;195;0;265;2767,51;4795,79;-11,738;60;308,051;264,5;264,779;263,9;28,1537;0,483911;-3,54835;-0,255078;265;0;0;28,1537;0;0,475488;-3,5479;-0,27723;60;307,873
1185;0,5;189;0;265;2766,94;4791,76;-11,738;60;308,095;264,6;264,793;264,2;27,6212;0,42605;-3,54536;-0,375698;265;0;-0,592108;28,1495;0;0,417993;-3,54497;-0,387366;60;307,697
1186;0,5;187;0;265;2770,52;4805,88;-11,738;60;308,225;265,2;264,807;264,4;26,8969;0,378076;-3,5431;-0,43257;265;0;-1,29047;28,14;0;0,370264;-3,54275;-0,438951;60;307,595
1187;0,5;187;0;265;2767,43;4795,46;-11,738;60;308,268;265,7;264,822;264,5;26,3209;0,31167;-3,54083;-0,515541;265;0;-1,60157;28,1222;0;0,302026;-3,54055;-0,524748;60;307,448
1188;0,5;181;0;265;2770,34;4794,12;-11,738;60;308,29;266,2;264,842;264,4;25,7328;0,233911;-3,53904;-0,608587;265;0;-2,62952;28,0969;0;0,222803;-3,53882;-0,618127;60;307,279
1189;0,5;175;0;265;2771,54;4807,19;-11,738;60;308,333;266,1;264,863;264;25,0429;0,146875;-3,53778;-0,701015;265;0;-3,02512;28,068;0;0,146875;-3,53778;-0,701015;60;307,125
1190;0,5;173;0;265;2767,31;4797,76;-11,738;60;308,398;265,9;264,886;264;24,5483;0,0691162;-3,53717;-0,761289;265;0;-3,70655;28,0292;0;0,0547119;-3,53711;-0,775675;60;306,963
1191;0,5;169;0;265;2772,13;4797,26;-11,738;60;308,42;265,6;264,91;264,2;24,047;0;-3,53702;-0,695331;265;0;-3,78071;27,9838;0;0;-3,53702;-0,645066;60;306,96
1192;0,5;161;0;265;2772,03;4808,62;-11,738;60;308,312;265,4;264,944;264,4;25,2546;0;-3,53702;-0,411225;265;0;-2,69892;27,9535;0;0;-3,53702;-0,411225;60;307,212
1193;0,5;162;0;265;2766,12;4799,94;-11,738;60;308,333;265,3;264,97;264,3;25,7122;0;-3,53702;-0,262154;265;0;-2,22074;27,9254;0;0;-3,53702;-0,243203;60;307,393
1194;0,5;168;0;265;2770,78;4795,26;-11,738;60;308,225;265,1;264,984;264,3;26,2974;0;-3,53702;-0,15504;265;0;-1,57383;27,9048;0;0;-3,53702;-0,143832;60;307,5
1195;0,5;168;0;265;2771,3;4807,56;-11,738;60;308,116;265;264,992;263,9;26,8137;0;-3,53702;-0,0916923;265;0;-1,07981;27,8935;0;0;-3,53702;-0,0916923;60;307,556
1196;0,5;175;0;265;2766,43;4800,61;-11,738;60;308,116;265;264,991;263,5;26,9105;0;-3,53702;-0,0584532;265;0;-0,958594;27,8812;0;0;-3,53702;-0,0542277;60;307,597
1197;0,5;177;0;265;2769,74;4795,51;-11,738;60;307,986;265,1;264,984;263,3;27,3693;0;-3,53702;-0,0345698;265;0;-0,496344;27,8729;0;0;-3,53702;-0,0320708;60;307,621
1198;0,5;178;0;265;2769,33;4803,03;-11,738;60;308,03;265,3;264,976;263,1;27,2785;0;-3,53702;-0,0204449;265;0;-0,588904;27,8674;0;0;-3,53702;-0,0204449;60;307,633
1199;0,5;182;0;265;2768,5;4802,5;-11,738;60;307,812;265,7;264,963;263,2;27,864;0;-3,53702;-0,0130335;265;0;0;27,864;0;0;-3,53702;-0,0120913;60;307,642
1200;0,5;183;0;265;2770,82;4800,07;-11,738;60;307,856;266,1;264,946;263,3;27,641;0;-3,53702;-0,00770814;265;0;-0,0251221;27,8629;0;0;-3,53702;-0,00715092;60;307,648
1201;0,5;182;0;265;2769,43;4804,32;-11,738;60;307,791;266,3;264,93;263,3;27,8626;0;-3,53702;-0,00455867;265;0;0;27,8626;0;0;-3,53702;-0,00455867;60;307,65
1202;0,5;183;0;265;2769,14;4803,94;-11,738;60;307,899;266,2;264,911;263,4;27,7202;0;-3,53702;-0,00290612;265;0;-0,140936;27,8617;0;0;-3,53702;-0,00269604;60;307,652
1203;0,5;183;0;265;2769,34;4798;-11,738;60;307,791;266,2;264,897;263,5;27,8609;0,0139404;-3,53701;0,0633717;265;0;0;27,8609;0;0,0239502;-3,53699;0,10703;60;307,733
1204;0,5;183;0;265;2766,07;4802,74;-11,738;60;307,812;266,8;264,877;263,4;27,8774;0,0906006;-3,53668;0,342048;265;0;0,0165161;27,8609;0;0,0906006;-3,53668;0,342048;60;308,018
1205;0,5;183;0;265;2768,03;4806,89;-11,738;60;307,856;267,2;264,842;263,2;29,2928;0,210352;-3,53586;0,708825;265;0;1,559;27,8697;0;0,233301;-3,53565;0,768183;60;308,576
1206;0,5;188;0;265;2767,05;4796,63;-11,738;60;307,726;267,3;264,805;263;31,0711;0,356592;-3,53427;1,04175;265;0;3,20054;27,9013;0;0,405054;-3,53356;1,12167;60;309,123
1207;0,5;198;0;265;2765,67;4797,87;-11,738;60;307,899;267,1;264,766;262,8;31,7758;0,517847;-3,53139;1,23894;265;0;3,95502;27,9383;0;0,537256;-3,53089;1,24292;60;309,418
1208;0,5;209;0;265;2769,23;4810,39;-11,738;60;307,834;266,7;264,739;262,7;32,4602;0,645776;-3,52755;1,22631;265;0;4,57291;27,9882;0;0,660547;-3,52694;1,20885;60;309,537
1209;0,5;213;0;265;2768,55;4799,87;-11,738;60;307,943;266,3;264,719;262,5;31,9205;0,723779;-3,52303;1,02018;265;0;3,81147;28,0355;0;0,730249;-3,52235;0,977611;60;309,413
1210;0,5;213;0;265;2767,61;4796,37;-11,738;60;308,03;266;264,71;262,6;31,1606;0,761743;-3,51885;0,803033;265;0;3,4817;28,0702;0;0,767969;-3,51814;0,774985;60;309,238
1211;0,5;213;0;265;2769,77;4808,52;-11,738;60;308,073;265,8;264,695;263;30,7851;0,820337;-3,51293;0,664564;265;0;2,6796;28,1055;0;0,820337;-3,51293;0,664564;60;309,166
1212;0,5;210;0;265;2768,38;4800,45;-11,738;60;308,116;265,6;264,68;263,2;30,9181;0,869043;-3,50897;0,659635;265;0;2,71467;28,1374;0;0,888208;-3,50733;0,656715;60;309,221
1213;0,5;209;0;265;2771,11;4798,92;-11,738;60;308,073;265,5;264,666;263,3;31,1338;0,935205;-3,50305;0,64715;265;0;2,67045;28,1663;0;0,944482;-3,50217;0,645078;60;309,272
1214;0,5;209;0;265;2771,85;4811,13;-11,738;60;308,225;265,8;264,652;263,2;30,8054;0,993189;-3,49671;0,604604;265;0;2,60554;28,1973;0;1,00015;-3,49578;0,59443;60;309,293
1215;0,5;209;0;265;2767,15;4799,46;-11,738;60;308,16;266,2;264,642;263,1;30,8876;1,03384;-3,49006;0,514645;265;0;2,47764;28,2285;0;1,04263;-3,48908;0,519799;60;309,251
1216;0,5;209;0;265;2771,34;4796,28;-11,738;60;308,268;266,1;264,622;262,9;30,9046;1,09792;-3,48408;0,592841;265;0;2,79221;28,2537;0;1,11245;-3,48305;0,619992;60;309,399
1217;0,5;209;0;265;2770,89;4810,83;-11,738;60;308,203;265,8;264,6;262,6;31,946;1,19827;-3,47655;0,740511;265;0;3,75406;28,2915;0;1,21023;-3,47542;0,744632;60;309,654
1218;0,5;212;0;265;2765,91;4799,44;-11,738;60;308,355;265,9;264,587;262,6;31,5897;1,2532;-3,46847;0,640889;265;0;3,05836;28,3304;0;1,25491;-3,46729;0,602796;60;309,618
1219;0,5;213;0;265;2772,32;4793,24;-11,738;60;308,355;266,1;264,592;262,8;30,833;1,23977;-3,46143;0,346678;265;0;2,28675;28,3571;0;1,23147;-3,46027;0,281613;60;309,317
1220;0,5;208;0;265;2773,3;4806,42;-11,738;60;308,572;266,2;264,612;262,7;28,6966;1,16543;-3,45352;-0,0888778;265;0;0,129675;28,3713;0;1,15359;-3,45244;-0,139517;60;308,815
1221;0,5;201;0;265;2767,15;4802,36;-11,738;60;308,615;266,2;264,623;262,4;28,3714;1,10964;-3,4461;-0,257657;265;0;0;28,3714;0;1,10818;-3,44506;-0,246092;60;308,598
1222;0,5;196;0;265;2772,23;4796,65;-11,738;60;308,746;266,2;264,619;262,2;28,3714;1,12271;-3,43879;-0,0954812;265;0;0;28,3714;0;1,12271;-3,43879;-0,0954812;60;308,745
1223;0,5;196;0;265;2772,01;4804,1;-11,738;60;308,746;266,5;264,615;262,2;28,3714;1,14077;-3,43242;0,00946321;265;0;0;28,3714;0;1,14297;-3,43135;0,0193682;60;308,91
1224;0,5;195;0;265;2767,29;4800,59;-11,738;60;308,789;266,9;264,616;262,2;28,3714;1,13467;-3,42493;-0,0249265;265;0;0;28,3714;0;1,12905;-3,42387;-0,0501857;60;308,877
1225;0,5;195;0;265;2770,95;4797,7;-11,738;60;308,876;267,1;264,63;262,5;28,3714;1,09097;-3,41866;-0,195744;265;0;-0,0210937;28,3714;0;1,08145;-3,41764;-0,227481;60;308,669
1226;0,5;196;0;265;2772,44;4805,7;-11,738;60;309,028;266,7;264,643;262,6;27,3078;1,02957;-3,41171;-0,351331;265;0;-0,781531;28,3644;0;1,02236;-3,41075;-0,360642;60;308,459
1227;0,5;192;0;265;2769,4;4802,97;-11,738;60;309,071;265,9;264,655;262,7;26,8715;0,979883;-3,40512;-0,400828;265;0;-1,51496;28,3511;0;0,975;-3,4042;-0,395384;60;308,366
1228;0,5;187;0;265;2770,59;4796,25;-11,738;60;309,093;265,5;264,666;262,9;26,6399;0,935938;-3,39882;-0,410639;265;0;-1,69623;28,3361;0;0,935938;-3,39882;-0,410639;60;308,327
1229;0,5;183;0;265;2769,85;4802,7;-11,738;60;309,115;266,2;264,679;263,4;26,4428;0,892114;-3,39368;-0,440539;265;0;-1,99323;28,3144;0;0,883691;-3,39284;-0,449285;60;308,25
1230;0,5;181;0;265;2769,72;4806,6;-11,738;60;309,136;266,7;264,692;263,7;25,9696;0,833765;-3,38801;-0,487274;265;0;-2,3567;28,2866;0;0,825586;-3,38724;-0,491465;60;308,151
1231;0,5;175;0;265;2769,19;4798,84;-11,738;60;309,18;266,7;264,704;263,6;25,6538;0,783228;-3,38272;-0,481036;265;0;-2,60737;28,2611;0;0,783228;-3,38272;-0,481036;60;308,111
1232;0,5;174;0;265;2768,09;4799,07;-11,738;60;309,18;266,9;264,717;263,4;25,5382;0,740137;-3,37843;-0,482274;265;0;-2,72401;28,2296;0;0,730493;-3,37774;-0,493886;60;308,072
1233;0,5;174;0;265;2771,57;4808,59;-11,738;60;309,093;267,1;264,734;263,1;25,3123;0,665308;-3,37381;-0,579591;265;0;-3,03116;28,1975;0;0,652002;-3,37319;-0,601816;60;307,904
1234;0,5;174;0;265;2773,59;4803,16;-11,738;60;309,049;267,2;264,759;262,8;24,6798;0,563257;-3,36976;-0,744707;265;0;-3,48572;28,1655;0;0,563257;-3,36976;-0,744707;60;307,688
1235;0,5;171;0;265;2774;4796,89;-11,738;60;308,898;266,8;264,786;262,7;24,4973;0,471216;-3,36685;-0,845217;265;0;-3,73841;28,1222;0;0,454858;-3,36642;-0,862948;60;307,451
1236;0,5;167;0;265;2776,74;4806,03;-11,738;60;308,854;266,7;264,812;262,9;23,8426;0,35061;-3,36415;-0,971907;265;0;-4,40711;28,0744;0;0,33291;-3,36383;-0,986951;60;307,207
1237;0,5;162;0;265;2775,33;4800,93;-11,738;60;308,767;267;264,843;262,8;23,3961;0,226343;-3,36226;-1,05706;265;0;-4,63215;28,0282;0;0,226343;-3,36226;-1,05706;60;307,023
1238;0,5;161;0;265;2776,3;4798,25;-11,738;60;308,724;266,5;264,842;262,8;24,0004;0,219995;-3,36106;-0,680987;265;0;-3,46128;27,9784;0;0,232812;-3,36085;-0,569989;60;307,37
1239;0,5;161;0;265;2776,46;4808,3;-11,738;60;308,724;266,1;264,818;263,2;26,6129;0,326562;-3,35928;0,0175265;265;0;-0,780249;27,9526;0;0,34292;-3,35897;0,0950905;60;308,177
1240;0,5;167;0;265;2772,2;4800,8;-11,738;60;308,594;265,7;264,798;263,4;27,9496;0,407739;-3,35684;0,316082;265;0;0;27,9496;0;0,407739;-3,35684;0,316082;60;308,534
1241;0,5;177;0;265;2775,08;4793,93;-11,738;60;308,485;265,3;264,79;263,6;27,9496;0,437036;-3,35445;0,31373;265;0;0;27,9496;0;0,438867;-3,35404;0,299875;60;308,589
1242;0,5;183;0;265;2775,9;4806,26;-11,738;60;308,333;265,1;264,789;263,9;27,9692;0,445947;-3,35196;0,234251;265;0;0;27,9497;0;0,445459;-3,35112;0,19934;60;308,503
1243;0,5;183;0;265;2770,03;4801,97;-11,738;60;308,29;265,1;264,79;263,9;27,9497;0,440332;-3,34905;0,115055;265;0;0;27,9497;0;0,440088;-3,34863;0,105561;60;308,399
1244;0,5;183;0;265;2772,42;4792,88;-11,738;60;308,138;265,3;264,793;263,6;27,9497;0,427148;-3,34619;0,0153272;265;0;0;27,9497;0;0,427026;-3,34579;0,0136309;60;308,289
1245;0,5;183;0;265;2773,63;4803,67;-11,738;60;308,138;265,6;264,789;263,2;28,0055;0,444116;-3,34336;0,0811394;265;0;0,108343;27,9499;0;0,451929;-3,34294;0,112925;60;308,374
1246;0,5;183;0;265;2767,11;4802,57;-11,738;60;308,116;265,7;264,774;262,7;28,3655;0,494165;-3,34073;0,256671;265;0;0,858069;27,9523;0;0,503687;-3,34026;0,284003;60;308,602
1247;0,5;183;0;265;2769,78;4796,11;-11,738;60;308,116;265,8;264,764;262,6;29,1807;0,542017;-3,33731;0,332389;265;0;1,23911;27,9651;0;0,545313;-3,3368;0,324245;60;308,729
1248;0,5;190;0;265;2772,04;4802,32;-11,738;60;308,03;265,9;264,756;262,8;29,5226;0,574731;-3,33366;0,330241;265;0;1,60221;27,9813;0;0,581934;-3,33312;0,341077;60;308,764
1249;0,5;196;0;265;2767,97;4802,1;-11,738;60;308,03;265,7;264,743;263,1;30,1;0,620996;-3,3303;0,395389;265;0;1,94654;28,0001;0;0,627954;-3,32971;0,400339;60;308,878
1250;0,5;196;0;265;2771,91;4800,02;-11,738;60;308,03;265,9;264,739;263,4;29,8755;0,6448;-3,32612;0,318361;265;0;1,79941;28,0225;0;0,643579;-3,32551;0,289464;60;308,829
1251;0,5;196;0;265;2772,96;4805,86;-11,738;60;308,073;265,9;264,745;263,6;29,0941;0,620264;-3,32194;0,0839704;265;0;1,23041;28,0393;0;0,613184;-3,32136;0,0437794;60;308,575
1252;0,5;196;0;265;2768,55;4803,9;-11,738;60;307,964;266,1;264,761;264;28,5285;0,566309;-3,31859;-0,168386;265;0;0,32157;28,0466;0;0,555444;-3,31806;-0,208571;60;308,272
1253;0,5;196;0;265;2767,54;4798,97;-11,738;60;307,856;265,8;264,784;264,1;28,0472;0,479517;-3,31514;-0,44148;265;0;0;28,0472;0;0,465112;-3,3147;-0,478984;60;307,915
1254;0,5;190;0;265;2766,3;4799,28;-11,738;60;307,986;265,1;264,806;264,1;27,5647;0,374048;-3,31233;-0,674385;265;0;-0,619574;28,0449;0;0,358179;-3,31199;-0,702112;60;307,58
1255;0,5;187;0;265;2767,81;4805,2;-11,738;60;307,921;264,8;264,831;264,1;27,0286;0,274316;-3,31022;-0,781147;265;0;-1,00748;28,0361;0;0,274316;-3,31022;-0,781147;60;307,385
1256;0,5;187;0;265;2770,08;4802,66;-11,738;60;307,899;264,9;264,846;264,2;27,0133;0,214746;-3,30886;-0,735329;265;0;-1,0095;28,0235;0;0,205591;-3,30866;-0,726294;60;307,363
1257;0,5;182;0;265;2767,87;4797,29;-11,738;60;308,008;265,2;264,861;264,3;26,701;0,15603;-3,30765;-0,659806;265;0;-1,02048;28,01;0;0,149316;-3,30751;-0,644466;60;307,381
1258;0,5;182;0;265;2767,77;4802,77;-11,738;60;307,986;266,2;264,871;264,3;26,9556;0,121973;-3,30688;-0,554991;265;0;-1,00126;27,999;0;0,117334;-3,30676;-0,537226;60;307,452
1259;0,5;182;0;265;2768,61;4805,89;-11,738;60;307,986;266,7;264,872;264,3;27,2387;0,11001;-3,30613;-0,369399;265;0;-0,478125;27,9887;0;0,111475;-3,30603;-0,335636;60;307,627
1260;0,5;182;0;265;2764,34;4797,02;-11,738;60;308,03;267;264,867;264,4;27,9869;0,133936;-3,30536;-0,117246;265;0;0;27,9869;0;0,14126;-3,30523;-0,0734728;60;307,904
1261;0,5;183;0;265;2764,35;4801,46;-11,738;60;307,986;267;264,849;264,5;28,1762;0,204248;-3,30426;0,208901;265;0;0,189185;27,9871;0;0,204248;-3,30426;0,208901;60;308,249
1262;0,5;183;0;265;2765,65;4806,85;-11,738;60;307,986;266,6;264,833;264,5;28,7603;0,261499;-3,30295;0,361239;265;0;0,97782;27,9938;0;0,268091;-3,3027;0,366893;60;308,512
1263;0,5;186;0;265;2762,78;4798,33;-11,738;60;307,986;266;264,824;264,4;29,1527;0,303369;-3,30108;0,373411;265;0;1,14554;28,0066;0;0,307886;-3,3008;0,368185;60;308,568
1264;0,5;191;0;265;2764,25;4802,91;-11,738;60;307,986;265,4;264,819;264;29,0406;0,324609;-3,29901;0,300589;265;0;1,02094;28,0197;0;0,324609;-3,29901;0,300589;60;308,526
1265;0,5;196;0;265;2763,95;4807,54;-11,738;60;307,943;264,9;264,816;263,4;29,0759;0,335107;-3,29717;0,236345;265;0;0,971594;28,032;0;0,337427;-3,29685;0,230438;60;308,467
1266;0,5;196;0;265;2761,92;4794,03;-11,738;60;307,964;265;264,814;263,1;28,8712;0,345239;-3,29492;0,174263;265;0;0,757269;28,0438;0;0,34353;-3,2946;0,153429;60;308,417
1267;0,5;196;0;265;2764,36;4800,74;-11,738;60;307,834;265,3;264,823;263,1;28,5759;0,317163;-3,29303;-0,00933782;265;0;0,518591;28,0509;0;0,309595;-3,29274;-0,0451368;60;308,207
1268;0,5;196;0;265;2763,04;4808,01;-11,738;60;307,834;266,2;264,836;263,4;28,0523;0,254785;-3,29115;-0,250773;265;0;0;28,0523;0;0,247583;-3,29091;-0,267354;60;307,905
1269;0,5;192;0;265;2761,63;4796,01;-11,738;60;307,878;266,4;264,852;263,6;28,0523;0,202783;-3,28964;-0,352382;265;0;0;28,0523;0;0,19375;-3,28945;-0,370442;60;307,753
1270;0,5;187;0;265;2766,27;4797,2;-11,738;60;307,856;265,9;264,864;263,5;27,916;0,143335;-3,28866;-0,466495;265;0;-0,226355;28,0518;0;0,132593;-3,28853;-0,484542;60;307,58
1271;0,5;187;0;265;2764,83;4804,76;-11,738;60;307,921;265,2;264,885;263,4;27,0455;0,0592285;-3,28799;-0,605585;265;0;-1,08924;28,0433;0;0,0468994;-3,28794;-0,621225;60;307,358
1272;0,5;187;0;265;2763,34;4799,28;-11,738;60;307,964;264,9;264,905;263,2;26,6085;0;-3,28785;-0,569576;265;0;-1,28873;28,0281;0;0;-3,28785;-0,528401;60;307,335
1273;0,5;183;0;265;2767,02;4797,1;-11,738;60;308,03;264,9;264,921;263,1;27,0695;0;-3,28785;-0,363101;265;0;-0,864569;28,0175;0;0;-3,28785;-0,336852;60;307,541
1274;0,5;182;0;265;2763,4;4802,41;-11,738;60;308,051;265,2;264,931;262,7;27,4756;0;-3,28785;-0,214741;265;0;-0,419531;28,0096;0;0;-3,28785;-0,199218;60;307,69
1275;0,5;183;0;265;2762,45;4801,97;-11,738;60;308,073;265,1;264,924;262,6;27,658;0;-3,28785;-0,136896;265;0;-0,351691;28,0051;0;0;-3,28785;-0,117819;60;307,777
1276;0,5;183;0;265;2766,24;4800,06;-11,738;60;308,116;264,6;264,915;262,7;27,705;0;-3,28785;-0,0809617;265;0;-0,278632;28,0021;0;0;-3,28785;-0,0751091;60;307,823
1277;0,5;183;0;265;2763,7;4800,74;-11,738;60;308,116;264,4;264,912;262,7;27,8093;0;-3,28785;-0,0478816;265;0;-0,179388;27,9997;0;0;-3,28785;-0,0444202;60;307,857
1278;0,5;183;0;265;2763,23;4802,67;-11,738;60;308,138;264,6;264,917;262,3;27,8053;0;-3,28785;-0,0283176;265;0;-0,315985;27,9973;0;0;-3,28785;-0,0262706;60;307,876
1279;0,5;183;0;265;2762,93;4796,69;-11,738;60;308,116;264,9;264,922;262,1;27,9047;0;-3,28785;-0,0167473;265;0;-0,0899414;27,9946;0;0;-3,28785;-0,0167473;60;307,886
1280;0,5;183;0;265;2763,43;4798,86;-11,738;60;308,181;264,8;264,925;262,2;27,727;0;-3,28785;-0,0106763;265;0;-0,263068;27,9921;0;0;-3,28785;-0,00990452;60;307,894
1281;0,5;183;0;265;2766,19;4807,43;-11,738;60;308,181;264,7;264,93;262,5;27,7381;0;-3,28785;-0,00631407;265;0;-0,249976;27,9891;0;0;-3,28785;-0,00585763;60;307,898
1282;0,5;183;0;265;2761,29;4795,98;-11,738;60;308,116;264,7;264,944;263;27,9402;0;-3,28785;-0,0037342;265;0;-0,0478271;27,9881;0;0;-3,28785;-0,0037342;60;307,9
1283;0,5;183;0;265;2762,24;4796,56;-11,738;60;308,095;264,7;264,964;263,6;27,9876;0;-3,28785;-0,00238053;265;0;0;27,9876;0;0;-3,28785;-0,00220844;60;307,902
1284;0,5;183;0;265;2767,95;4809,86;-11,738;60;308,03;264,9;264,989;264,1;27,9874;0;-3,28785;-0,00140787;265;0;0;27,9874;0;0;-3,28785;-0,00130609;60;307,903
1285;0,5;183;0;265;2763,54;4798,7;-11,738;60;308,051;265,4;265,001;264,1;27,9874;0;-3,28785;-0,000897507;265;0;0;27,9874;0;0;-3,28785;-0,000832627;60;307,904
1286;0,5;183;0;265;2763,47;4794,05;-11,738;60;308,03;265,7;265,015;264,2;27,9874;0;-3,28785;-0,000530794;265;0;0;27,9874;0;0;-3,28785;-0,000492424;60;307,904
1287;0,5;183;0;265;2767,43;4809,12;-11,738;60;308,095;265,7;265,036;264,4;27,9874;0;-3,28785;-0,000313917;265;0;0;27,9874;0;0;-3,28785;-0,000291224;60;307,904
1288;0,5;183;0;265;2764,53;4799,44;-11,738;60;308,073;265,8;265,067;264,7;27,9874;0;-3,28785;-0,000185653;265;0;0;27,9874;0;0;-3,28785;-0,000185653;60;307,904
1289;0,5;183;0;265;2765,04;4795,27;-11,738;60;308,073;265,9;265,102;264,6;27,9874;0;-3,28785;-0,000118353;265;0;0;27,9874;0;-0,00820312;-3,28786;-0,0396429;60;307,904
1290;0,5;183;0;265;2767,16;4807,49;-11,738;60;307,964;266,2;265,137;264,4;26,5076;-0,146509;-3,28828;-0,58414;265;0;-1,83832;27,9787;0;-0,169824;-3,28843;-0,654277;60;307,173
1291;0,5;183;0;265;2764,57;4797,74;-11,738;60;307,878;266,2;265,177;264,3;25,2029;-0,28457;-3,2895;-0,927833;265;0;-3,28577;27,9489;0;-0,329614;-3,29008;-1,00775;60;306,626
1292;0,5;174;0;265;2768,51;4794,36;-11,738;60;307,943;265,7;265,207;264,1;24,1442;-0,416528;-3,29186;-1,04448;265;0;-3,90989;27,9117;0;-0,426416;-3,29225;-1,01663;60;306,439
1293;0,5;166;0;265;2768,85;4807,89;-11,738;60;307,899;265,4;265,212;263,8;24,7827;-0,449487;-3,29473;-0,734455;265;0;-3,08729;27,8712;0;-0,449243;-3,29516;-0,680185;60;306,714
1294;0,5;162;0;265;2765,48;4802,52;-11,738;60;307,812;265,1;265,21;263,8;26,0879;-0,438013;-3,29766;-0,38698;265;0;-1,75876;27,8467;0;-0,438013;-3,29766;-0,38698;60;307,026
1295;0,5;165;0;265;2768,21;4794,89;-11,738;60;307,769;265,1;265,203;263,8;27,0103;-0,413477;-3,30005;-0,148035;265;0;-0,519873;27,8327;0;-0,409448;-3,30044;-0,11792;60;307,331
1296;0,5;173;0;265;2768,64;4803,06;-11,738;60;307,726;265,8;265,196;264;27,6873;-0,389673;-3,30231;0,00134118;265;0;0;27,8304;0;-0,38186;-3,30303;0,0374441;60;307,524
1297;0,5;178;0;265;2766,3;4802,99;-11,738;60;307,552;266,3;265,192;264,1;27,8304;-0,366724;-3,30478;0,0869421;265;0;0;27,8304;0;-0,366846;-3,30512;0,0800687;60;307,608
1298;0,5;183;0;265;2768,44;4797,65;-11,738;60;307,487;266,3;265,194;264,1;27,8304;-0,375879;-3,30721;0,012222;265;0;0;27,8304;0;-0,378076;-3,30756;0,000749151;60;307,521
1299;0,5;182;0;265;2767,16;4800,29;-11,738;60;307,487;266;265,193;264,1;27,8304;-0,370874;-3,30968;0,0347346;265;0;0;27,8304;0;-0,365015;-3,31003;0,0604615;60;307,546
1300;0,5;183;0;265;2767,49;4803,74;-11,738;60;307,53;265,6;265,179;263,6;27,8527;-0,326196;-3,31165;0,205869;265;0;0,0896667;27,8305;0;-0,3146;-3,31195;0,246874;60;307,76
1301;0,5;183;0;265;2767,23;4799,35;-11,738;60;307,552;265,3;265,159;263,2;28,8019;-0,234155;-3,31351;0,485905;265;0;1,1352;27,8377;0;-0,218896;-3,31372;0,524315;60;308,13
1302;0,5;188;0;265;2767,33;4797,07;-11,738;60;307,487;265,6;265,129;262,8;30,0815;-0,134302;-3,31455;0,712877;265;0;2,44285;27,86;0;-0,0991455;-3,31477;0,777179;60;308,501
1303;0,5;193;0;265;2768,57;4802,51;-11,738;60;307,465;266,3;265,104;262,8;31,0212;-0,0156494;-3,31504;0,88088;265;0;3,16648;27,8884;0;0;-3,31504;0,892621;60;308,742
1304;0,5;201;0;265;2766,82;4800,11;-11,738;60;307,487;267,3;265,081;262,9;30,3282;0;-3,31504;0,56904;265;0;2,27787;27,9212;0;0;-3,31504;0,527905;60;308,446
1305;0,5;205;0;265;2767,57;4795,07;-11,738;60;307,509;267,3;265,068;263,2;29,5344;0;-3,31504;0,336536;265;0;1,38495;27,943;0;0;-3,31504;0,312208;60;308,214
1306;0,5;202;0;265;2771,49;4802,42;-11,738;60;307,53;266,9;265,065;263,4;29,0873;0;-3,31504;0,214539;265;0;1,08411;27,9549;0;0;-3,31504;0,19903;60;308,092
1307;0,5;201;0;265;2770,95;4805,28;-11,738;60;307,552;266,3;265,067;263,6;28,748;0;-3,31504;0,126881;265;0;0,755988;27,9637;0;0;-3,31504;0,117709;60;308,004
1308;0,5;196;0;265;2767,33;4795,67;-11,738;60;307,682;265,5;265,074;263,4;28,1949;0;-3,31504;0,0750384;265;0;0,209967;27,9678;0;0;-3,31504;0,069614;60;307,952
1309;0,5;196;0;265;2773,77;4806,72;-11,738;60;307,769;265,3;265,085;263,2;27,9692;0;-3,31504;0,0478365;265;0;0;27,9692;0;0;-3,31504;0,0411704;60;307,922
1310;0,5;189;0;265;2770,33;4808,59;-11,738;60;307,769;265,8;265,1;263,1;27,9692;0;-3,31504;0,028291;265;0;0;27,9692;0;0;-3,31504;0,0262459;60;307,906
1311;0,5;188;0;265;2764,62;4799,04;-11,738;60;307,834;266,2;265,102;263,2;27,9692;-0,00832519;-3,3151;-0,00771667;265;0;0;27,9692;0;-0,00429687;-3,3151;0,0122548;60;307,861
1312;0,5;188;0;265;2767,86;4803,77;-11,738;60;307,834;266,1;265,094;263,5;27,9692;0;-3,3151;0,0238343;265;0;0;27,9692;0;0;-3,3151;0,0221114;60;307,901
1313;0,5;188;0;265;2769,29;4808,75;-11,738;60;307,791;265,7;265,088;263,8;27,9692;0;-3,3151;0,0140959;265;0;0;27,9692;0;0;-3,3151;0,0130769;60;307,891
1314;0,5;188;0;265;2767,36;4800,2;-11,738;60;307,812;265,4;265,081;264;27,9692;0;-3,3151;0,00833643;265;0;0;27,9692;0;0;-3,3151;0,00773379;60;307,885
1315;0,5;188;0;265;2770,25;4803,83;-11,738;60;307,878;265,3;265,075;264,1;27,9692;0;-3,3151;0,00531442;265;0;0;27,9692;0;0;-3,3151;0,00493024;60;307,882
1316;0,5;188;0;265;2769,73;4808,52;-11,738;60;307,921;265,2;265,065;264,2;27,9692;0;-3,3151;0,003143;265;0;0;27,9692;0;0;-3,3151;0,00291579;60;307,88
1317;0,5;188;0;265;2769,27;4804,43;-11,738;60;307,986;265,2;265,054;264,2;27,9692;0;-3,3151;0,0018588;265;0;0;27,9692;0;0;-3,3151;0,00172443;60;307,879
1318;0,5;187;0;265;2770,83;4802,46;-11,738;60;308,073;265,2;265,043;264,1;27,9692;0;-3,3151;0,00109931;265;0;0;27,9692;0;0;-3,3151;0,00109931;60;307,878
1319;0,5;187;0;265;2768,64;4806,15;-11,738;60;307,964;265,1;265,034;263,9;27,9692;0;-3,3151;0,000700804;265;0;0;27,9692;0;0;-3,3151;0,000650144;60;307,878
1320;0,5;187;0;265;2769;4807,04;-11,738;60;307,986;264,8;265,026;263,9;27,9692;0;-3,3151;0,000414462;265;0;0;27,9692;0;0;-3,3151;0,000384501;60;307,878
1321;0,5;188;0;265;2771,3;4800,56;-11,738;60;308,03;264,5;265,015;263,8;27,9692;0;-3,3151;0,000245117;265;0;0;27,9692;0;0;-3,3151;0,000245117;60;307,877
1322;0,5;188;0;265;2770,62;4801,71;-11,738;60;308,051;264,2;265,014;263,7;27,9692;0;-3,3151;0,000156261;265;0;0;27,9692;0;0;-3,3151;0,000144965;60;307,877
1323;0,5;187;0;265;2770,97;4810,82;-11,738;60;308,181;264,2;265,02;263,8;27,6554;0;-3,3151;9,2414e-05;265;0;0;27,9676;0;0;-3,3151;8,57335e-05;60;307,877
1324;0,5;188;0;265;2769,04;4801,11;-11,738;60;308,116;264,4;265,029;263,8;27,8493;0;-3,3151;5,46546e-05;265;0;-0,117316;27,9666;0;0;-3,3151;5,46546e-05;60;307,877
1325;0,5;188;0;265;2770,45;4798,43;-11,738;60;308,203;265;265,041;263,9;27,5874;0;-3,3151;3,48419e-05;265;0;-0,377783;27,9645;0;0;-3,3151;3,23232e-05;60;307,877
1326;0,5;188;0;265;2771,41;4809,59;-11,738;60;308,181;265,8;265,051;263,9;27,6486;0;-3,3151;2,06059e-05;265;0;-0,247595;27,9609;0;0;-3,3151;1,91163e-05;60;307,877
1327;0,5;188;0;265;2765,95;4799,51;-11,738;60;308,16;266,9;265,044;263;27,7108;0;-3,3151;1,21865e-05;265;0;-0,247595;27,9584;0;0;-3,3151;1,21865e-05;60;307,877
1328;0,5;188;0;265;2768,45;4795,18;-11,738;60;308,16;267,5;264,983;262,3;27,7744;0;-3,3151;7,76882e-06;265;0;-0,247595;27,9566;0;0;-3,3151;7,20721e-06;60;307,877
1329;0,5;188;0;265;2771,17;4807,56;-11,738;60;308,095;267,2;264,922;262,2;27,9025;0;-3,3151;4,59455e-06;265;0;-0,117499;27,9548;0;0;-3,3151;4,26242e-06;60;307,877
1330;0,5;188;0;265;2764,51;4795,9;-11,738;60;308,073;266,3;264,872;262,6;28,2375;0,112329;-3,31486;0,473776;265;0;0,283026;27,9544;0;0,112329;-3,31486;0,473776;60;308,367
1331;0,5;188;0;265;2767,62;4790,54;-11,738;60;308,073;265,8;264,849;263,1;29,3245;0,203638;-3,31394;0,661426;265;0;1,15104;27,9652;0;0,212671;-3,31375;0,657146;60;308,743
1332;0,5;192;0;265;2771,01;4807,08;-11,738;60;308,16;265,4;264,837;263,5;29,1138;0,249658;-3,31243;0,561112;265;0;0,992743;27,9795;0;0,252466;-3,31219;0,534081;60;308,691
1333;0,5;193;0;265;2765,24;4800,46;-11,738;60;308,095;265,4;264,837;263,9;28,6252;0,253076;-3,31076;0,3388;265;0;0,637427;27,9878;0;0,253076;-3,31076;0,3388;60;308,507
1334;0,5;195;0;265;2770,85;4795,5;-11,738;60;308,138;265,3;264,837;264,1;28,0538;0,251611;-3,30934;0,212728;265;0;0,157874;27,9908;0;0,252344;-3,30911;0,20088;60;308,347
1335;0,5;192;0;265;2773,14;4806,98;-11,738;60;308,051;264,9;264,836;264,3;28,1189;0,256738;-3,30768;0,14576;265;0;0,107611;27,9917;0;0,257471;-3,30744;0,138753;60;308,287
1336;0,5;188;0;265;2767,81;4805,88;-11,738;60;308,225;264,5;264,836;264,5;27,9918;0,257227;-3,30622;0,0924767;265;0;0;27,9918;0;0,256006;-3,30598;0,0799087;60;308,236
1337;0,5;188;0;265;2770,17;4798,7;-11,738;60;308,225;264,3;264,838;264,6;27,9918;0,248682;-3,30456;0,0214404;265;0;0;27,9918;0;0,247461;-3,30433;0,0140077;60;308,158
1338;0,5;188;0;265;2771,67;4801,9;-11,738;60;308,225;264,3;264,84;264,6;27,9918;0,240137;-3,30296;-0,0205711;265;0;0;27,9918;0;0,238916;-3,30273;-0,0249669;60;308,109
1339;0,5;187;0;265;2771,27;4803,71;-11,738;60;308,16;264,6;264,838;264,1;27,9918;0,246851;-3,30161;0,0190326;265;0;0;27,9918;0;0,249658;-3,30137;0,0311874;60;308,157
1340;0,5;188;0;265;2771,73;4800,22;-11,738;60;308,16;265,4;264,838;264,1;27,9918;0,24624;-3,29996;0,000692491;265;0;0;27,9918;0;0,240991;-3,29973;-0,0246541;60;308,139
1341;0,5;188;0;265;2769,43;4799,29;-11,738;60;308,203;266,2;264,853;264,1;27,7741;0,19729;-3,2987;-0,200318;265;0;-0,451483;27,9903;0;0,179224;-3,29835;-0,256324;60;307,853
1342;0,5;188;0;265;2768,81;4801,82;-11,738;60;308,03;266,7;264,868;264,1;27,5844;0,135034;-3,29761;-0,360343;265;0;-0,480505;27,9854;0;0,126367;-3,29749;-0,376062;60;307,669
1343;0,5;188;0;265;2771,34;4802,07;-11,738;60;308,116;266,8;264,877;263,6;27,0494;0,0910889;-3,29689;-0,377558;265;0;-0,922339;27,9748;0;0,0925537;-3,29681;-0,343206;60;307,609
1344;0,5;185;0;265;2768,01;4795,89;-11,738;60;307,964;266,5;264,859;262,8;27,9712;0,165063;-3,29612;0,0869304;265;0;0;27,9712;0;0,186182;-3,29596;0,182421;60;308,148
1345;0,5;184;0;265;2768,26;4802,11;-11,738;60;308,051;266,1;264,821;262,5;29,2804;0,294458;-3,29483;0,577143;265;0;1,55341;27,9786;0;0,314966;-3,29455;0,634254;60;308,769
1346;0,5;189;0;265;2771,37;4805,81;-11,738;60;308,116;265,7;264,797;262,5;30,2743;0,412134;-3,29248;0,788827;265;0;2,80897;28,0029;0;0,423975;-3,29209;0,788867;60;309,101
1347;0,5;195;0;265;2766,86;4792,46;-11,738;60;308,051;265,4;264,783;262,7;30,5323;0,462915;-3,29;0,701836;265;0;2,39451;28,0347;0;0,472192;-3,28913;0,646787;60;309,049
1348;0,5;204;0;265;2767,98;4798,2;-11,738;60;308,116;265,3;264,779;262,9;29,6409;0,484399;-3,28688;0,493447;265;0;1,70072;28,0537;0;0,485986;-3,28642;0,465424;60;308,883
1349;0,5;203;0;265;2767,88;4805,55;-11,738;60;308,051;265,2;264,779;263;29,448;0,485132;-3,28369;0,291777;265;0;0,977362;28,0712;0;0,484644;-3,28323;0,268331;60;308,685
1350;0,5;202;0;265;2767,51;4794,64;-11,738;60;308,203;265,1;264,782;263,2;28,4255;0,470483;-3,28055;0,114168;265;0;0,344824;28,0778;0;0,466089;-3,28011;0,0847363;60;308,496
1351;0,5;197;0;265;2770,52;4796,5;-11,738;60;308,116;265,3;264,793;263,3;28,1791;0,436548;-3,27798;-0,0679463;265;0;0;28,0795;0;0,420312;-3,27718;-0,133871;60;308,241
1352;0,5;192;0;265;2770,03;4807,53;-11,738;60;308,203;265,6;264,81;263,5;28,0381;0,360132;-3,27534;-0,346592;265;0;-0,15293;28,0793;0;0,346216;-3,27501;-0,388602;60;307,93
1353;0,5;188;0;265;2767,7;4800,8;-11,738;60;308,116;266;264,839;263,7;27,0125;0,245142;-3,27334;-0,656733;265;0;-1,22703;28,0697;0;0,225854;-3,27312;-0,702209;60;307,507
1354;0,5;188;0;265;2773,1;4800,3;-11,738;60;308,247;266,4;264,872;263,6;25,5757;0,130884;-3,27228;-0,878398;265;0;-2,62229;28,0501;0;0,112207;-3,27217;-0,904908;60;307,172
1355;0,5;181;0;265;2772,25;4806,08;-11,738;60;308,312;266,7;264,904;263,1;24,4895;0,00197753;-3,27185;-1,0204;265;0;-3,62891;28,0129;0;0;-3,27185;-0,956168;60;306,902
1356;0,5;171;0;265;2768,46;4802,55;-11,738;60;308,312;266,7;264,931;262,8;25,4396;0;-3,27185;-0,609551;265;0;-2,40229;27,9802;0;0;-3,27185;-0,565487;60;307,311
1357;0,5;170;0;265;2771,29;4799,96;-11,738;60;308,355;266,5;264,961;262,8;26,0896;0;-3,27185;-0,360494;265;0;-1,86964;27,9592;0;0;-3,27185;-0,360494;60;307,532
1358;0,5;170;0;265;2772,16;4806,76;-11,738;60;308,138;266,3;264,992;262,9;27,1505;0;-3,27185;-0,229813;265;0;-0,742255;27,9452;0;0;-3,27185;-0,2132;60;307,691
1359;0,5;172;0;265;2771,12;4807,82;-11,738;60;308,225;266,2;265,018;262,9;27,1838;0;-3,27185;-0,135914;265;0;-0,65592;27,9355;0;0;-3,27185;-0,126088;60;307,784
1360;0,5;178;0;265;2769,45;4799,85;-11,738;60;308,051;266,1;265,044;262,9;27,8795;0;-3,27185;-0,0803806;265;0;-0,0523132;27,9318;0;0;-3,27185;-0,0803806;60;307,834
1361;0,5;182;0;265;2770,47;4802,36;-11,738;60;308,051;266,1;265,062;263;27,778;0;-3,27185;-0,0512421;265;0;0;27,9314;0;0;-3,27185;-0,0475378;60;307,869
1362;0,5;183;0;265;2772,49;4808,84;-11,738;60;308,03;266,2;265,068;263,1;27,9314;0;-3,27185;-0,0303051;265;0;0;27,9314;0;0;-3,27185;-0,0281143;60;307,89
1363;0,5;183;0;265;2768,96;4799,71;-11,738;60;307,943;266,3;265,058;263,4;27,9314;0;-3,27185;-0,0193193;265;0;0;27,9314;0;0;-3,27185;-0,0179227;60;307,901
1364;0,5;183;0;265;2768,25;4795,37;-11,738;60;307,878;266,3;265,047;263,8;27,9314;0;-3,27185;-0,0114256;265;0;0;27,9314;0;0;-3,27185;-0,0105997;60;307,909
1365;0,5;183;0;265;2773,33;4809,67;-11,738;60;307,791;266,5;265,044;263,5;27,9314;0;-3,27185;-0,00675722;265;0;0;27,9314;0;0;-3,27185;-0,00626874;60;307,914
1366;0,5;183;0;265;2769,74;4806,57;-11,738;60;307,812;266,6;265,023;263,1;27,9314;0;-3,27185;-0,00430768;265;0;0;27,9314;0;0;-3,27185;-0,00399628;60;307,916
1367;0,5;183;0;265;2768,97;4796,13;-11,738;60;307,726;266,7;264,989;262,8;27,9314;0;-3,27185;-0,00254761;265;0;0;27,9314;0;0;-3,27185;-0,00236344;60;307,918
1368;0,5;183;0;265;2773,84;4806,62;-11,738;60;307,791;266,7;264,936;261,9;27,9314;0;-3,27185;-0,00150668;265;0;0;27,9314;0;0;-3,27185;-0,00139776;60;307,919
1369;0,5;183;0;265;2770,66;4805,94;-11,738;60;307,834;266,7;264,889;261,2;27,9314;0,016748;-3,27184;0,079753;265;0;0;27,9314;0;0,0426269;-3,27181;0,198705;60;308,017
1370;0,5;184;0;265;2769,28;4798,31;-11,738;60;307,943;266,7;264,853;261,2;29,7205;0,189111;-3,27115;0,713236;265;0;2,1724;27,944;0;0,212061;-3,27096;0,772276;60;308,823
1371;0,5;192;0;265;2774,02;4806,56;-11,738;60;307,921;266,8;264,811;262;30,8514;0,331689;-3,26969;1,03128;265;0;3,69721;27,9756;0;0,382349;-3,26902;1,1232;60;309,353
1372;0,5;201;0;265;2769,72;4804,43;-11,738;60;308,051;266,6;264,767;262,8;32,3211;0,509302;-3,26693;1,29964;265;0;4,38257;28,0221;0;0,556055;-3,26593;1,33568;60;309,777
1373;0,5;207;0;265;2770,29;4796,44;-11,738;60;308,138;266,3;264,735;263,2;32,8046;0,65896;-3,26307;1,3437;265;0;4,78147;28,0682;0;0,677637;-3,26245;1,33657;60;309,932
1374;0,5;218;0;265;2771,96;4802,09;-11,738;60;308,268;265,8;264,709;263,5;32,4063;0,762109;-3,25838;1,18681;265;0;4,24378;28,1212;0;0,772241;-3,25766;1,14985;60;309,883
1375;0,5;219;0;265;2767,21;4804,05;-11,738;60;308,398;265,8;264,696;263,5;31,7205;0,808618;-3,25395;0,939865;265;0;3,26508;28,1595;0;0,8146;-3,25319;0,900749;60;309,687
1376;0,5;218;0;265;2768,68;4799,87;-11,738;60;308,485;265,8;264,681;263,4;31,0411;0,877344;-3,24845;0,834574;265;0;2,91141;28,1959;0;0,892969;-3,24762;0,849545;60;309,656
1377;0,5;212;0;265;2770,27;4796,96;-11,738;60;308,594;265,9;264,653;263,2;31,3804;0,98916;-3,24233;0,928428;265;0;3,35151;28,2315;0;1,0043;-3,24139;0,934261;60;309,868
1378;0,5;210;0;265;2766,26;4801,88;-11,738;60;308,615;265,6;264,632;263,3;31,5217;1,06265;-3,23654;0,883378;265;0;3,25886;28,2643;0;1,07131;-3,23554;0,861288;60;309,902
1379;0,5;213;0;265;2769,03;4806,15;-11,738;60;308,811;265,1;264,625;263,5;30,7346;1,09854;-3,22942;0,651792;265;0;2,10721;28,2956;0;1,09902;-3,22839;0,607028;60;309,713
1380;0,5;209;0;265;2771,21;4798,06;-11,738;60;308,789;265,1;264,63;263,5;29,5476;1,07827;-3,22225;0,29706;265;0;0,873541;28,3143;0;1,07083;-3,22124;0,2397;60;309,345
1381;0,5;206;0;265;2769,87;4797,61;-11,738;60;308,876;265,3;264,65;263,8;28,317;0,999658;-3,2154;-0,138999;265;0;0;28,317;0;0,999658;-3,2154;-0,138999;60;308,919
1382;0,5;196;0;265;2771,88;4810,79;-11,738;60;309,049;265;264,678;264,2;27,0698;0,904565;-3,21004;-0,474038;265;0;-1,31025;28,3106;0;0,887964;-3,2092;-0,519777;60;308,413
1383;0,5;189;0;265;2770,2;4800,46;-11,738;60;309,223;264,9;264,702;264,5;25,5052;0,790064;-3,20448;-0,725277;265;0;-3,04178;28,2843;0;0,774072;-3,20374;-0,749914;60;308,053
1384;0,5;178;0;265;2772,51;4795,23;-11,738;60;309,375;264,8;264,726;264,7;24,35;0,695093;-3,2003;-0,844482;265;0;-3,86704;28,2498;0;0,67959;-3,19966;-0,858148;60;307,843
1385;0,5;171;0;265;2775,36;4806,01;-11,738;60;309,44;264,5;264,749;264,6;23,7233;0,602197;-3,19607;-0,854511;265;0;-4,48859;28,1994;0;0,591211;-3,19551;-0,845685;60;307,744
1386;0,5;161;0;265;2769,67;4798,39;-11,738;60;309,505;264,4;264,764;264,5;23,6192;0,542139;-3,19233;-0,732403;265;0;-4,48667;28,1464;0;0,535425;-3,19183;-0,711814;60;307,81
1387;0,5;160;0;265;2771,87;4795,26;-11,738;60;309,527;264,7;264,776;264,3;23,6725;0,502344;-3,1894;-0,627047;265;0;-4,34623;28,102;0;0,495874;-3,18893;-0,612898;60;307,878
1388;0,5;160;0;265;2775,35;4806,57;-11,738;60;309,483;265,1;264,792;264,2;23,6341;0,431665;-3,18631;-0,653;265;0;-4,56183;28,0502;0;0,419458;-3,18591;-0,664624;60;307,785
1389;0,5;160;0;265;2768,98;4795,88;-11,738;60;309,397;265,3;264,82;264,1;23,2329;0,335596;-3,18378;-0,762793;265;0;-4,84629;27,994;0;0,321802;-3,18347;-0,774128;60;307,581
1390;0,5;159;0;265;2771,62;4791,52;-11,738;60;309,397;265,8;264,831;263,4;22,9765;0,27627;-3,1821;-0,713548;265;0;-5,06675;27,9436;0;0,27688;-3,18184;-0,659024;60;307,573
1391;0,5;156;0;265;2775,67;4805,75;-11,738;60;309,397;266,1;264,822;262,4;24,2424;0,31228;-3,1802;-0,272367;265;0;-3,43418;27,894;0;0,320703;-3,1799;-0,212086;60;308,052
1392;0,5;156;0;265;2771,2;4802,26;-11,738;60;309,223;265,5;264,802;261,9;26,2091;0,390283;-3,17793;0,153807;265;0;-1,39402;27,865;0;0,406274;-3,17755;0,219755;60;308,558
1393;0,5;163;0;265;2769,6;4794,12;-11,738;60;309,136;265;264,776;262,2;27,7831;0,481348;-3,17547;0,462029;265;0;0;27,8588;0;0,494897;-3,17501;0,493929;60;308,96
1394;0,5;173;0;265;2769,54;4800,84;-11,738;60;308,898;264,7;264,763;262,8;27,8588;0,547144;-3,17206;0,519626;265;0;0;27,8588;0;0,550439;-3,17155;0,497946;60;309,087
1395;0,5;179;0;265;2768,57;4803,46;-11,738;60;308,789;264,3;264,761;263,2;27,8588;0,558496;-3,16894;0,372553;265;0;0;27,8588;0;0,556787;-3,16789;0,312699;60;308,923
1396;0,5;183;0;265;2769,35;4797,61;-11,738;60;308,594;264,1;264,763;263,4;27,8588;0,54873;-3,16529;0,179499;265;0;0;27,8588;0;0,546045;-3,16478;0,153581;60;308,755
1397;0,5;182;0;265;2768,13;4795,02;-11,738;60;308,594;264,1;264,771;263,6;27,8588;0,515894;-3,16178;-0,0272848;265;0;0;27,8588;0;0,509302;-3,1613;-0,05708;60;308,519
1398;0,5;183;0;265;2769,93;4800,06;-11,738;60;308,55;264,1;264,787;263,8;27,5941;0,450708;-3,15859;-0,276513;265;0;-0,49259;27,8577;0;0,438501;-3,15817;-0,315354;60;308,208
1399;0,5;182;0;265;2773,07;4805,34;-11,738;60;308,572;264,2;264,811;263,9;26,5826;0,369897;-3,15628;-0,503911;265;0;-1,41022;27,8486;0;0,354028;-3,15594;-0,543961;60;307,902
1400;0,5;182;0;265;2771,71;4797,05;-11,738;60;308,594;264,2;264,838;263,7;25,3667;0,248682;-3,15423;-0,773728;265;0;-2,44697;27,8258;0;0,229395;-3,15401;-0,810746;60;307,513
1401;0,5;175;0;265;2774,22;4797,99;-11,738;60;308,485;264,1;264,871;263,7;24,6035;0,115747;-3,15304;-0,9741;265;0;-3,37815;27,7922;0;0,0970703;-3,15294;-0,993692;60;307,181
1402;0,5;171;0;265;2774,7;4804,55;-11,738;60;308,42;264;264,9;263,7;24,0383;0,0154053;-3,15269;-1,01943;265;0;-3,57773;27,7506;0;0;-3,15268;-0,946721;60;307,028
1403;0,5;165;0;265;2772,33;4795,03;-11,738;60;308,377;263,9;264,918;263,7;25,2098;0;-3,15268;-0,650557;265;0;-2,4282;27,721;0;0;-3,15268;-0,603529;60;307,389
1404;0,5;163;0;265;2777,93;4798,11;-11,738;60;308,355;263,9;264,935;263,7;26,1107;0;-3,15268;-0,384746;265;0;-1,50059;27,6987;0;0;-3,15268;-0,356933;60;307,655
1405;0,5;167;0;265;2778,15;4809,63;-11,738;60;308,312;264,2;264,948;263,6;26,7345;0;-3,15268;-0,227542;265;0;-0,95191;27,6864;0;0;-3,15268;-0,227542;60;307,794
1406;0,5;173;0;265;2773,62;4799,46;-11,738;60;308,116;264,3;264,96;263,8;27,5822;0;-3,15268;-0,145057;265;0;-0,0654053;27,6814;0;0;-3,15268;-0,134571;60;307,895
1407;0,5;178;0;265;2777,59;4796,21;-11,738;60;308,008;265,4;264,966;263,8;27,6814;0;-3,15268;-0,085788;265;0;0;27,6814;0;0;-3,15268;-0,0795864;60;307,954
1408;0,5;183;0;265;2774,72;4807,6;-11,738;60;307,899;266,5;264,955;263,6;27,6814;0;-3,15268;-0,0507358;265;0;0;27,6814;0;0;-3,15268;-0,0507358;60;307,985
1409;0,5;183;0;265;2769,64;4800,41;-11,738;60;307,856;267;264,933;263,6;27,6814;0;-3,15268;-0,0323438;265;0;0;27,6814;0;0;-3,15268;-0,0300057;60;308,007
1410;0,5;183;0;265;2773,82;4792,72;-11,738;60;307,791;267,3;264,91;263,5;27,7663;0;-3,15268;-0,0191284;265;0;0,0889343;27,682;0;0;-3,15268;-0,0177456;60;308,02
1411;0,5;183;0;265;2772,83;4801,32;-11,738;60;307,726;267,2;264,881;263,4;28,9835;0,0772949;-3,15251;0,313768;265;0;1,29597;27,6876;0;0,0772949;-3,15251;0,313768;60;308,358
1412;0,5;186;0;265;2770,93;4804,88;-11,738;60;307,682;266,7;264,857;263,2;30,1578;0,161646;-3,15183;0,53699;265;0;2,57038;27,7115;0;0,172876;-3,15167;0,552294;60;308,739
1413;0,5;192;0;265;2773,57;4797,47;-11,738;60;307,639;265,9;264,843;263,2;30,7371;0,227075;-3,15053;0,567109;265;0;3,25144;27,7463;0;0,233911;-3,15032;0,559058;60;308,836
1414;0,5;202;0;265;2771,89;4797,54;-11,738;60;307,574;265,2;264,832;263,3;30,9345;0,272241;-3,1489;0,511494;265;0;3,15632;27,7782;0;0,272241;-3,1489;0,511494;60;308,826
1415;0,5;204;0;265;2772,84;4803,21;-11,738;60;307,552;265,1;264,805;263,4;31,7221;0,36123;-3,14716;0,698736;265;0;4,05894;27,8189;0;0,381372;-3,14681;0,745293;60;309,105
1416;0,5;205;0;265;2772,66;4801,97;-11,738;60;307,509;265,3;264,773;263,4;33,2223;0,508203;-3,1443;0,982921;265;0;5,16572;27,8746;0;0,525659;-3,14382;0,995992;60;309,539
1417;0,5;213;0;265;2768,86;4798,07;-11,738;60;307,595;265,2;264,748;263,3;33,4292;0,608667;-3,1406;0,962207;265;0;5,50016;27,9291;0;0,608667;-3,1406;0,962207;60;309,629
1418;0,5;218;0;265;2771,65;4802,51;-11,738;60;307,682;265,3;264,733;263,2;33,282;0,661523;-3,13702;0,823114;265;0;4,97281;27,9916;0;0,668237;-3,1364;0,795968;60;309,54
1419;0,5;218;0;265;2769,36;4800,81;-11,738;60;307,661;265,2;264,721;262,8;32,7307;0,70791;-3,13253;0,666981;265;0;4,72205;28,0478;0;0,716333;-3,13186;0,659357;60;309,435
1420;0,5;218;0;265;2764,85;4794,13;-11,738;60;307,639;265,3;264,704;262,7;33,1492;0,784082;-3,12765;0,696816;265;0;5,05375;28,0955;0;0,784082;-3,12765;0,696816;60;309,523
1421;0,5;218;0;265;2769,17;4803,06;-11,738;60;307,661;265,8;264,689;262,5;33,1959;0,837793;-3,12308;0,656536;265;0;5,10868;28,1547;0;0,845605;-3,12229;0,646726;60;309,564
1422;0,5;219;0;265;2767,85;4806,46;-11,738;60;307,791;266,2;264,668;262,4;33,336;0,927393;-3,11732;0,749248;265;0;5,28235;28,2142;0;0,944727;-3,11645;0,778622;60;309,752
1423;0,5;218;0;265;2762,57;4794,36;-11,738;60;307,878;266,1;264,639;262,3;33,9228;1,02822;-3,11182;0,88182;265;0;5,73856;28,2694;0;1,04312;-3,11085;0,889845;60;309,99
1424;0,5;226;0;265;2766,05;4799,1;-11,738;60;307,964;266,2;264,621;262,5;34,0262;1,11685;-3,10476;0,85887;265;0;5,56626;28,3367;0;1,12515;-3,1037;0,836787;60;310,063
1425;0,5;227;0;265;2764,69;4807,51;-11,738;60;308,095;266,6;264,613;263;33,2442;1,14895;-3,09729;0,622757;265;0;4,7161;28,3982;0;1,14919;-3,09621;0,578915;60;309,867
1426;0,5;227;0;265;2761,06;4797,34;-11,738;60;308,138;266,6;264,618;263,3;32,2415;1,12856;-3,09086;0,306727;265;0;3,46577;28,4401;0;1,12087;-3,0898;0,247492;60;309,537
1427;0,5;225;0;265;2764,43;4794,49;-11,738;60;308,333;266,4;264,635;263,7;30,2847;1,05996;-3,08366;-0,0913804;265;0;1,63151;28,4694;0;1,04873;-3,08267;-0,138897;60;309,077
1428;0,5;211;0;265;2763,23;4803,93;-11,738;60;308,485;266,2;264,654;263,9;28,7671;0,984277;-3,07696;-0,346355;265;0;0,203925;28,4794;0;0,975366;-3,07604;-0,364263;60;308,753
1429;0,5;203;0;265;2762,29;4807,18;-11,738;60;308,55;266,1;264,664;263,7;28,4799;0,945215;-3,07154;-0,374033;265;0;0;28,4799;0;0,942407;-3,07066;-0,360525;60;308,692
1430;0,5;196;0;265;2764,78;4799;-11,738;60;308,659;265,8;264,668;263,3;28,4799;0,926294;-3,0654;-0,294734;265;0;0;28,4799;0;0,925684;-3,06453;-0,27637;60;308,758
1431;0,5;196;0;265;2762,72;4799,27;-11,738;60;308,702;266;264,669;263,1;28,4799;0,925928;-3,05933;-0,172789;265;0;0;28,4799;0;0,927271;-3,05847;-0,153827;60;308,886
1432;0,5;196;0;265;2764,33;4807,93;-11,738;60;308,789;266,3;264,659;263,1;28,8146;0,962915;-3,05317;0,0519839;265;0;0,334113;28,4805;0;0,962915;-3,05317;0,0519839;60;309,1
1433;0,5;196;0;265;2765,24;4800,54;-11,738;60;308,789;266,4;264,644;263,1;29,5829;1,01699;-3,0476;0,250716;265;0;1,26987;28,4899;0;1,0259;-3,04664;0,275537;60;309,412
1434;0,5;196;0;265;2765,72;4796,52;-11,738;60;308,746;266,2;264,631;263,3;30,4078;1,07412;-3,04073;0,367216;265;0;1,94169;28,509;0;1,08071;-3,03972;0,372438;60;309,593
1435;0,5;196;0;265;2767,79;4805,65;-11,738;60;308,767;265,9;264,623;263,4;30,4652;1,1061;-3,03356;0,337889;265;0;1,93647;28,5287;0;1,1061;-3,03356;0,337889;60;309,613
1436;0,5;204;0;265;2765,8;4800,68;-11,738;60;308,659;266;264,621;263,4;30,4723;1,11489;-3,02731;0,248158;265;0;2,00751;28,5525;0;1,11538;-3,02626;0,232572;60;309,528
1437;0,5;205;0;265;2766,55;4793,73;-11,738;60;308,746;266,2;264,624;263,3;29,9563;1,10439;-3,02001;0,102457;265;0;1,30036;28,5714;0;1,10085;-3,01898;0,0779899;60;309,379
1438;0,5;202;0;265;2767,99;4803,5;-11,738;60;308,724;265,8;264,631;263,2;29,4729;1,07412;-3,01286;-0,06044;265;0;0,890021;28,5828;0;1,07412;-3,01286;-0,06044;60;309,221
1439;0,5;201;0;265;2764,63;4803,11;-11,738;60;308,876;265,3;264,643;263,3;28,5881;1,02896;-3,00594;-0,214787;265;0;0;28,5881;0;1,02896;-3,00594;-0,214787;60;309,027
1440;0,5;198;0;265;2763,41;4792,79;-11,738;60;308,898;265,1;264,653;263,5;28,5881;0,993311;-3,0012;-0,296158;265;0;0;28,5881;0;0,979272;-2,99936;-0,320075;60;308,869
1441;0,5;196;0;265;2769,4;4802,28;-11,738;60;308,919;265;264,661;263,5;28,5881;0,957056;-2,99482;-0,311232;265;0;0;28,5881;0;0,954248;-2,99393;-0,302264;60;308,843
1442;0,5;196;0;265;2769,2;4806,3;-11,738;60;308,919;265,1;264,666;263,4;28,5881;0,937647;-2,98861;-0,259409;265;0;0;28,5881;0;0,934961;-2,98773;-0,253599;60;308,882
1443;0,5;196;0;265;2765,2;4795,32;-11,738;60;308,898;265,3;264,67;263,5;28,5881;0,918848;-2,98251;-0,22657;265;0;0;28,5881;0;0,916284;-2,98165;-0,222545;60;308,902
1444;0,5;196;0;265;2767,33;4796,93;-11,738;60;308,832;265,5;264,676;263,7;28,5881;0,896997;-2,97655;-0,221968;265;0;0;28,5881;0;0,896997;-2,97655;-0,221968;60;308,901
1445;0,5;196;0;265;2768,11;4802,49;-11,738;60;308,854;265,7;264,684;263,9;28,5881;0,864404;-2,97159;-0,274786;265;0;0;28,5881;0;0,858057;-2,97078;-0,285513;60;308,81
1446;0,5;195;0;265;2766,11;4800,3;-11,738;60;308,876;266,1;264,699;264,1;28,5881;0,814966;-2,96685;-0,378844;265;0;-0,169501;28,5879;0;0,790796;-2,96534;-0,438323;60;308,619
1447;0,5;195;0;265;2765,24;4796,12;-11,738;60;308,941;266,8;264,723;264,4;27,5915;0,723657;-2,96179;-0,582226;265;0;-1,10728;28,581;0;0,708032;-2,96112;-0,615438;60;308,372
1448;0,5;189;0;265;2766,1;4798,59;-11,738;60;309,093;266,6;264,746;264,4;26,2454;0,615503;-2,9574;-0,764628;265;0;-2,42142;28,5598;0;0,600366;-2,95683;-0,782302;60;308,086
1449;0,5;183;0;265;2768,79;4804,47;-11,738;60;309,18;266,1;264,769;264,4;25,5009;0,523462;-2,95367;-0,808177;265;0;-3,0774;28,5277;0;0,512842;-2,95318;-0,800936;60;307,954
1450;0,5;175;0;265;2766,79;4796,97;-11,738;60;309,158;266,1;264,786;264,4;25,4564;0,454126;-2,95047;-0,74429;265;0;-3,04014;28,4965;0;0,454126;-2,95047;-0,74429;60;307,945
1451;0,5;174;0;265;2765,71;4794,46;-11,738;60;309,245;266,4;264,789;264,1;25,5717;0,438745;-2,94799;-0,528169;265;0;-2,66981;28,4608;0;0,442529;-2,94757;-0,471751;60;308,155
1452;0,5;174;0;265;2766,24;4806,16;-11,738;60;309,223;266,6;264,781;264;26,7563;0,47085;-2,94501;-0,18476;265;0;-1,46918;28,4368;0;0,474512;-2,94457;-0,153755;60;308,533
1453;0,5;174;0;265;2763,3;4798,81;-11,738;60;309,136;266,6;264,777;264,1;27,6786;0,490503;-2,9423;-0,0403337;265;0;-0,708472;28,4261;0;0,49209;-2,94184;-0,0297701;60;308,7
1454;0,5;180;0;265;2766,06;4793,39;-11,738;60;309,093;266,5;264,778;264,2;27,9052;0,489282;-2,93907;-0,033319;265;0;-0,48609;28,4193;0;0,486841;-2,93861;-0,0426762;60;308,709
1455;0,5;183;0;265;2768,5;4805,18;-11,738;60;309,006;266,6;264,783;264,2;27,8844;0,468408;-2,93593;-0,101159;265;0;-0,807806;28,4126;0;0,466089;-2,93549;-0,105024;60;308,624
1456;0,5;183;0;265;2765,62;4801,18;-11,738;60;308,984;266,6;264,789;264,3;27,7315;0,444116;-2,93292;-0,157741;265;0;-0,674689;28,4062;0;0,444116;-2,93292;-0,157741;60;308,559
1457;0,5;183;0;265;2766,83;4792,06;-11,738;60;308,984;266,1;264,796;264,3;27,3786;0,418848;-2,9305;-0,202172;265;0;-0,917761;28,3963;0;0,416772;-2,9301;-0,197558;60;308,478
1458;0,5;182;0;265;2768,85;4803,48;-11,738;60;308,963;265,5;264,799;264,3;27,5733;0,404443;-2,92779;-0,175505;265;0;-0,807806;28,3856;0;0,40249;-2,92742;-0,17223;60;308,493
1459;0,5;183;0;265;2764,61;4804,5;-11,738;60;308,941;265,4;264,802;264,1;27,6546;0,390771;-2,92518;-0,156997;265;0;-0,72193;28,3766;0;0,390771;-2,92518;-0,156997;60;308,5
1460;0,5;183;0;265;2767,08;4797,32;-11,738;60;308,876;265,3;264,806;264;27,6505;0,379175;-2,92302;-0,146698;265;0;-0,522436;28,3686;0;0,377344;-2,92267;-0,144917;60;308,502
1461;0,5;183;0;265;2769,49;4799,05;-11,738;60;308,919;265,3;264,808;264;27,7111;0,366357;-2,92057;-0,136635;265;0;-0,653632;28,3626;0;0,364526;-2,92023;-0,135582;60;308,501
1462;0,5;183;0;265;2767,94;4804,18;-11,738;60;308,919;265,4;264,813;263,9;27,6396;0,347803;-2,91823;-0,152855;265;0;-0,717261;28,3569;0;0,347803;-2,91823;-0,152855;60;308,48
1463;0,5;183;0;265;2768,73;4805,23;-11,738;60;308,876;265,8;264,817;263,7;27,6754;0,331323;-2,91631;-0,166632;265;0;-0,705634;28,3495;0;0,327661;-2,916;-0,172235;60;308,441
1464;0,5;183;0;265;2767;4800,26;-11,738;60;308,876;266,4;264,823;263,4;27,5578;0,309839;-2,91421;-0,181615;265;0;-0,939002;28,3404;0;0,306177;-2,91392;-0,186135;60;308,406
1465;0,5;183;0;265;2767,91;4800,4;-11,738;60;308,811;266,8;264,827;263,1;27,7016;0,293237;-2,91224;-0,168341;265;0;-0,630469;28,3321;0;0,293237;-2,91224;-0,168341;60;308,401
1466;0,5;183;0;265;2771,07;4806,66;-11,738;60;308,789;266,7;264,825;262,9;28,0105;0,300317;-2,91058;-0,0762371;265;0;-0,249884;28,3263;0;0,302881;-2,9103;-0,0583719;60;308,506
1467;0,5;183;0;265;2767,74;4798,48;-11,738;60;308,811;266,4;264,816;262,5;28,3251;0,337305;-2,90851;0,103593;265;0;0;28,3251;0;0,34353;-2,90819;0,126107;60;308,725
1468;0,5;183;0;265;2768,17;4797,53;-11,738;60;308,811;266,4;264,803;262;28,3251;0,386743;-2,90613;0,255077;265;0;0;28,3251;0;0,386743;-2,90613;0,255077;60;308,91
1469;0,5;184;0;265;2769,82;4808,92;-11,738;60;308,789;265,9;264,783;261,5;28,6575;0,452173;-2,9038;0,43271;265;0;0,552832;28,3269;0;0,46792;-2,90336;0,477319;60;309,173
1470;0,5;187;0;265;2763,29;4798,25;-11,738;60;308,767;265,7;264,754;261,6;30,1855;0,584497;-2,90042;0,777416;265;0;2,18934;28,342;0;0,605493;-2,89986;0,822404;60;309,654
1471;0,5;192;0;265;2765,12;4792,69;-11,738;60;308,659;266,2;264,725;262,1;31,3848;0,687524;-2,89682;0,903919;265;0;3,08408;28,3686;0;0,698022;-2,89617;0,889168;60;309,887
1472;0,5;203;0;265;2770,68;4806,39;-11,738;60;308,572;266,4;264,721;262,7;31,2055;0,716821;-2,89216;0,632288;265;0;2,63145;28,4033;0;0,713281;-2,89149;0,56952;60;309,649
1473;0,5;205;0;265;2765,48;4799,57;-11,738;60;308,529;266,7;264,727;263,2;30,192;0,692285;-2,88753;0,278647;265;0;1,57593;28,427;0;0,688867;-2,88689;0,242031;60;309,276
1474;0,5;205;0;265;2766,98;4791,99;-11,738;60;308,507;267;264,73;263,7;29,6586;0,67959;-2,88368;0,128794;265;0;1,23014;28,4402;0;0,678125;-2,88305;0,112424;60;309,117
1475;0,5;202;0;265;2771,21;4803,77;-11,738;60;308,529;266,9;264,733;263,8;29,3603;0,667871;-2,87926;0,0289661;265;0;1,03879;28,4521;0;0,664575;-2,87863;0,0109885;60;309,01
1476;0,5;202;0;265;2767,79;4802,66;-11,738;60;308,572;266,7;264,741;263,4;28,7527;0,63479;-2,87497;-0,116797;265;0;0,189734;28,4586;0;0,627588;-2,87437;-0,143063;60;308,835
1477;0,5;199;0;265;2768,52;4794,75;-11,738;60;308,572;266,4;264,756;262,7;28,4594;0,586328;-2,87152;-0,27206;265;0;0;28,4594;0;0,577417;-2,87098;-0,295338;60;308,635
1478;0,5;196;0;265;2768,81;4796,72;-11,738;60;308,485;266,9;264,771;262,4;28,4594;0,514795;-2,8679;-0,441733;265;0;-0,184241;28,4592;0;0,504175;-2,86742;-0,460981;60;308,397
1479;0,5;196;0;265;2767,1;4800,94;-11,738;60;308,637;267,5;264,79;262,4;27,8778;0,441675;-2,86477;-0,545352;265;0;-0,63999;28,455;0;0,431421;-2,86436;-0,555345;60;308,224
1480;0,5;189;0;265;2769,73;4802,38;-11,738;60;308,659;267,8;264,811;262,8;27,4432;0,371118;-2,86247;-0,635547;265;0;-1,18043;28,4454;0;0,357202;-2,86213;-0,656669;60;308,065
1481;0,5;187;0;265;2767,71;4795,15;-11,738;60;308,724;267,6;264,835;263,4;26,5073;0,275171;-2,86035;-0,748738;265;0;-1,99689;28,4249;0;0,261743;-2,8601;-0,759324;60;307,858
1482;0,5;182;0;265;2767,49;4797,62;-11,738;60;308,681;267,3;264,851;263,7;26,2825;0,194604;-2,85882;-0,751107;265;0;-2,56663;28,3978;0;0,185571;-2,85865;-0,740344;60;307,777
1483;0,5;176;0;265;2771,78;4805,81;-11,738;60;308,854;266,8;264,868;264;25,6915;0,126733;-2,85776;-0,711338;265;0;-2,68207;28,3736;0;0,126733;-2,85776;-0,711338;60;307,76
1484;0,5;174;0;265;2770,11;4797,03;-11,738;60;308,854;266,4;264,887;264;25,4333;0,0533691;-2,85719;-0,699902;265;0;-2,90638;28,3397;0;0,0533691;-2,85719;-0,699902;60;307,685
1485;0,5;173;0;265;2770,83;4796,77;-11,738;60;308,854;266;264,901;264,2;25,6942;0,0041748;-2,85703;-0,64409;265;0;-2,87653;28,3066;0;0;-2,85703;-0,617649;60;307,695
1486;0,5;174;0;265;2772,13;4810,78;-11,738;60;308,919;265,7;264,913;264,3;25,8542;0;-2,85703;-0,393747;265;0;-2,42545;28,2796;0;0;-2,85703;-0,393747;60;307,911
1487;0,5;174;0;265;2766,16;4799,88;-11,738;60;308,681;265,6;264,929;264,4;27,0694;0;-2,85703;-0,232866;265;0;-1,18903;28,2584;0;0;-2,85703;-0,232866;60;308,084
1488;0,5;176;0;265;2768,21;4792,92;-11,738;60;308,724;265,5;264,943;264,5;27,2012;0;-2,85703;-0,148451;265;0;-0,881323;28,2459;0;0;-2,85703;-0,137719;60;308,187
1489;0,5;177;0;265;2771,82;4807,97;-11,738;60;308,442;266,1;264,959;264,7;27,7585;0;-2,85703;-0,0946362;265;0;-0,00369872;28,2397;0;0;-2,85703;-0,0877951;60;308,241
1490;0,5;182;0;265;2765,78;4802,9;-11,738;60;308,507;266,3;264,972;264,7;28,1433;0;-2,85703;-0,0559688;265;0;-0,0829834;28,2392;0;0;-2,85703;-0,0519229;60;308,279
1491;0,5;183;0;265;2768,18;4795,52;-11,738;60;308,507;266,1;264,984;264,6;28,2165;0;-2,85703;-0,0331005;265;0;0;28,2386;0;0;-2,85703;-0,0307077;60;308,302
1492;0,5;183;0;265;2771,85;4804,28;-11,738;60;308,355;265,8;265,001;264,6;28,2386;0;-2,85703;-0,0211013;265;0;0;28,2386;0;0;-2,85703;-0,0195759;60;308,314
1493;0,5;183;0;265;2766,22;4801,99;-11,738;60;308,485;265,6;265,023;264,7;28,2386;0;-2,85703;-0,0124795;265;0;0;28,2386;0;0;-2,85703;-0,0115774;60;308,323
1494;0,5;183;0;265;2766,38;4798,86;-11,738;60;308,333;265,6;265,052;264,8;28,2386;0;-2,85703;-0,00738052;265;0;0;28,2386;0;0;-2,85703;-0,00684699;60;308,328
1495;0,5;182;0;265;2767,84;4799,07;-11,738;60;308,442;265,9;265,075;264,8;28,2386;0;-2,85703;-0,00470504;265;0;0;28,2386;0;0;-2,85703;-0,00436491;60;308,331
1496;0,5;183;0;265;2768,69;4802;-11,738;60;308,442;266;265,088;264,4;28,2386;0;-2,85703;-0,0027826;265;0;0;28,2386;0;0;-2,85703;-0,00258145;60;308,332
1497;0,5;183;0;265;2770,66;4808,16;-11,738;60;308,377;266;265,093;264,1;28,2386;0;-2,85703;-0,00164566;265;0;0;28,2386;0;0;-2,85703;-0,0015267;60;308,334
1498;0,5;183;0;265;2766,95;4799,28;-11,738;60;308,377;266,1;265,094;263,8;28,2386;0;-2,85703;-0,000973258;265;0;0;28,2386;0;0;-2,85703;-0,000973258;60;308,334
1499;0,5;183;0;265;2767,74;4800,21;-11,738;60;308,247;266,3;265,094;263,6;28,2386;0;-2,85703;-0,000620446;265;0;0;28,2386;0;0;-2,85703;-0,000575594;60;308,335
1500;0,5;183;0;265;2772,03;4809,94;-11,738;60;308,312;266,4;265,094;263,6;28,2386;0;-2,85703;-0,000366938;265;0;0;28,2386;0;0;-2,85703;-0,000340412;60;308,335
1501;0,5;183;0;265;2767,77;4797,06;-11,738;60;308,16;266,2;265,099;263,7;28,2386;0;-2,85703;-0,000217011;265;0;0;28,2386;0;0;-2,85703;-0,000217011;60;308,335
1502;0,5;184;0;265;2768,69;4797,08;-11,738;60;308,225;266;265,107;264;28,2386;-0,0204102;-2,85708;-0,084856;265;0;0;28,2386;0;-0,0262695;-2,8571;-0,10696;60;308,23
1503;0,5;183;0;265;2772,24;4812,01;-11,738;60;308,073;266,1;265,115;264,2;28,2386;-0,0610596;-2,85734;-0,20815;265;0;0;28,2386;0;-0,0688721;-2,8574;-0,230754;60;308,066
1504;0,5;183;0;265;2768,22;4799,64;-11,738;60;308,203;267,4;265,13;264,3;27,9894;-0,110986;-2,85782;-0,335965;265;0;-0,34693;28,2371;0;-0,120508;-2,85793;-0,357565;60;307,887
1505;0,5;183;0;265;2768,84;4793,06;-11,738;60;308,116;267,2;265,149;264,4;27,4452;-0,196924;-2,85897;-0,509928;265;0;-0,784186;28,2294;0;-0,196924;-2,85897;-0,509928;60;307,655
1506;0,5;183;0;265;2771,03;4807,65;-11,738;60;308,203;266,8;265,169;264,5;26,5621;-0,274194;-2,86029;-0,63596;265;0;-1,80903;28,2152;0;-0,28689;-2,86056;-0,65117;60;307,422
1507;0,5;181;0;265;2768,78;4804,16;-11,738;60;308,247;266,3;265,19;264,6;26,0749;-0,349268;-2,86205;-0,707455;265;0;-2,31916;28,1954;0;-0,361597;-2,86238;-0,715731;60;307,273
1508;0,5;178;0;265;2771,51;4796,65;-11,738;60;308,247;266,1;265,21;264,7;25,4208;-0,441919;-2,86463;-0,781799;265;0;-3,02311;28,1668;0;-0,455713;-2,86506;-0,791761;60;307,104
1509;0,5;174;0;265;2773,44;4802,66;-11,738;60;308,355;266;265,237;264,4;24,4418;-0,548486;-2,86788;-0,878015;265;0;-3,70637;28,1273;0;-0,563745;-2,8684;-0,88808;60;306,898
1510;0,5;169;0;265;2769,24;4802,99;-11,738;60;308,29;265,9;265,263;264,2;24,3633;-0,638696;-2,87122;-0,922699;265;0;-3,99082;28,0896;0;-0,653467;-2,87183;-0,927181;60;306,76
1511;0,5;166;0;265;2770,05;4801,82;-11,738;60;308,312;265,9;265,285;264,3;23,6665;-0,740381;-2,87575;-0,940744;265;0;-4,4939;28,0402;0;-0,754663;-2,87645;-0,941568;60;306,635
1512;0,5;161;0;265;2771,31;4796,87;-11,738;60;308,181;266,3;265,308;264,3;23,7921;-0,830957;-2,88092;-0,904942;265;0;-4,21796;27,99;0;-0,842798;-2,8817;-0,896589;60;306,575
1513;0,5;161;0;265;2770,87;4798,64;-11,738;60;308,247;266,3;265,326;264,4;23,5461;-0,902734;-2,88663;-0,807428;265;0;-4,40107;27,9472;0;-0,902734;-2,88663;-0,807428;60;306,58
1514;0,5;161;0;265;2770,53;4807,45;-11,738;60;308,225;265,9;265,333;264,3;23,9753;-0,931421;-2,89179;-0,627699;265;0;-3,85047;27,8998;0;-0,934839;-2,89267;-0,598795;60;306,741
1515;0,5;160;0;265;2768,4;4796,82;-11,738;60;308,116;265,7;265,337;264,2;24,7759;-0,948633;-2,89798;-0,434334;265;0;-3,01505;27,862;0;-0,9479;-2,89886;-0,399407;60;306,911
1516;0,5;162;0;265;2771,63;4796,19;-11,738;60;308,03;265,7;265,332;264,2;25,7675;-0,929468;-2,90416;-0,176629;265;0;-2,0727;27,8314;0;-0,922876;-2,90502;-0,132093;60;307,182
1517;0,5;165;0;265;2772,6;4806,83;-11,738;60;307,921;265,7;265,319;264,1;26,897;-0,886255;-2,90927;0,0638738;265;0;-0,781165;27,8181;0;-0,877832;-2,9101;0,0998483;60;307,461
1518;0,5;172;0;265;2766,98;4796,01;-11,738;60;307,834;265,7;265,304;264,1;27,8143;-0,815942;-2,91488;0,318096;265;0;0;27,8143;0;-0,801904;-2,91564;0,362755;60;307,78
1519;0,5;178;0;265;2769,25;4795,25;-11,738;60;307,704;265,7;265,28;264;28,2125;-0,732446;-2,91923;0,5388;265;0;0,52619;27,8154;0;-0,718774;-2,91991;0,565739;60;308,079
1520;0,5;183;0;265;2772,15;4808,89;-11,738;60;307,726;265,7;265,262;264;28,8033;-0,648218;-2,92374;0,639346;265;0;1,0019;27,8241;0;-0,639063;-2,92434;0,63725;60;308,26
1521;0,5;186;0;265;2769,05;4800,77;-11,738;60;307,639;265,3;265,255;264;28,7689;-0,620264;-2,92786;0,475371;265;0;0,906958;27,8362;0;-0,619165;-2,92844;0,446301;60;308,12
1522;0,5;191;0;265;2769,81;4795,29;-11,738;60;307,661;265,2;265,248;264,1;28,4192;-0,590845;-2,93187;0,406736;265;0;0,575903;27,8433;0;-0,590845;-2,93187;0,406736;60;308,053
1523;0,5;191;0;265;2770,15;4803,45;-11,738;60;307,617;265,7;265,23;264,1;28,7014;-0,529688;-2,93503;0,507821;265;0;1,25449;27,8535;0;-0,521021;-2,93552;0,512879;60;308,235
1524;0,5;191;0;265;2769,17;4802,96;-11,738;60;307,726;265,7;265,222;264,3;28,8392;-0,490015;-2,93835;0,445059;265;0;0,849829;27,8658;0;-0,489526;-2,93881;0,415239;60;308,209
1525;0,5;192;0;265;2768,72;4797,73;-11,738;60;307,769;265,4;265,23;264,4;27,8699;-0,511377;-2,94114;0,191184;265;0;0;27,8699;0;-0,518823;-2,94162;0,141478;60;307,931
1526;0,5;189;0;265;2766,63;4798,13;-11,738;60;307,899;265,3;265,246;264,6;27,461;-0,582544;-2,94471;-0,170584;265;0;-0,744818;27,8679;0;-0,597559;-2,94526;-0,230613;60;307,494
1527;0,5;188;0;265;2767,71;4803,67;-11,738;60;308,03;265,2;265,275;264,6;25,5108;-0,700342;-2,9489;-0,565613;265;0;-2,68647;27,8484;0;-0,72085;-2,94956;-0,623558;60;306,977
1528;0,5;177;0;265;2769,8;4807,21;-11,738;60;308,051;265,2;265,316;264,7;24,0162;-0,837793;-2,95321;-0,917695;265;0;-4,10297;27,815;0;-0,863672;-2,95401;-0,976074;60;306,484
1529;0,5;168;0;265;2769,13;4796,5;-11,738;60;308,138;265,2;265,355;264,8;22,0081;-1,022;-2,95931;-1,2618;265;0;-6,03162;27,7557;0;-1,04885;-2,96028;-1,30001;60;305,949
1530;0,5;154;0;265;2771,22;4799,33;-11,738;60;308,051;265,3;265,399;265,1;21,0629;-1,19766;-2,9666;-1,42607;265;0;-6,74784;27,6803;0;-1,21963;-2,96774;-1,42887;60;305,602
1531;0,5;147;0;265;2771,73;4812;-11,738;60;308,051;265,6;265,432;265,2;20,5102;-1,32778;-2,97371;-1,43269;265;0;-7,24451;27,6095;0;-1,34915;-2,97496;-1,43208;60;305,458
1532;0,5;142;0;265;2768,07;4798,87;-11,738;60;307,964;265,8;265,468;265,3;20,2817;-1,47097;-2,9829;-1,40068;265;0;-7,28013;27,5237;0;-1,48965;-2,98429;-1,38943;60;305,338
1533;0,5;141;0;265;2769,99;4795,18;-11,738;60;307,878;266;265,495;265,3;20,491;-1,57986;-2,99295;-1,24208;265;0;-6,90073;27,4392;0;-1,58987;-2,99443;-1,20053;60;305,377
1534;0,5;141;0;265;2769,78;4807,15;-11,738;60;307,812;265,9;265,5;265,1;21,3366;-1,60403;-3,00193;-0,879596;265;0;-5,71741;27,3755;0;-1,60195;-3,00343;-0,80601;60;305,707
1535;0,5;141;0;265;2766,07;4800,1;-11,738;60;307,617;265,8;265,494;264,8;23,4673;-1,5762;-3,01239;-0,406208;265;0;-3,65912;27,3219;0;-1,57021;-3,01386;-0,348018;60;306,197
1536;0,5;146;0;265;2769,74;4794,7;-11,738;60;307,617;265,4;265,484;264,5;24,5773;-1,5353;-3,02259;-0,0813892;265;0;-2,39735;27,287;0;-1,52957;-3,02403;-0,0478561;60;306,553
1537;0,5;152;0;265;2771,06;4805,2;-11,738;60;307,378;265,1;265,474;264,2;25,8892;-1,50137;-3,03113;0,0846587;265;0;-1,30219;27,2694;0;-1,49795;-3,03254;0,0950112;60;306,744
1538;0,5;164;0;265;2767,89;4801,19;-11,738;60;307,335;264,8;265,467;263,7;26,4107;-1,46731;-3,04088;0,185316;265;0;-0,797003;27,2587;0;-1,45999;-3,04226;0,207217;60;306,869
1539;0,5;168;0;265;2769,77;4797,19;-11,738;60;307,161;264,9;265,451;263,5;27,2562;-1,40493;-3,05033;0,358465;265;0;0;27,2562;0;-1,39395;-3,05164;0,385498;60;307,095
1540;0,5;177;0;265;2770,82;4800,95;-11,738;60;307,01;265,9;265,432;263,3;27,4064;-1,3395;-3,05805;0,491798;265;0;0,230841;27,2567;0;-1,32876;-3,0593;0,508016;60;307,286
1541;0,5;182;0;265;2770,23;4803,31;-11,738;60;306,966;266,2;265,414;262,9;28,1161;-1,25588;-3,06658;0,621032;265;0;1,16944;27,2627;0;-1,2416;-3,06775;0,644969;60;307,491
1542;0,5;183;0;265;2769,96;4803,87;-11,738;60;306,879;266,1;265,394;262,7;28,8687;-1,17739;-3,07454;0,66515;265;0;1,38303;27,2791;0;-1,16958;-3,07564;0,654718;60;307,605
1543;0,5;189;0;265;2767,44;4797,19;-11,738;60;306,858;265,8;265,385;262,8;28,8317;-1,1426;-3,08105;0,559288;265;0;1,41077;27,2946;0;-1,13882;-3,08212;0,537094;60;307,528
1544;0,5;191;0;265;2770,63;4802,31;-11,738;60;306,879;265,6;265,385;262,8;28,1031;-1,13894;-3,08851;0,337824;265;0;0,735022;27,3069;0;-1,14126;-3,08958;0,302225;60;307,303
1545;0,5;191;0;265;2770,78;4809,28;-11,738;60;306,814;265,3;265,393;262,9;27,4177;-1,1708;-3,09606;0,067195;265;0;0,000128165;27,3118;0;-1,17898;-3,09716;0,0229221;60;306,993
1546;0,5;188;0;265;2766,55;4795,43;-11,738;60;306,771;265,1;265,409;263,2;27,3118;-1,23696;-3,10395;-0,220097;265;0;0;27,3118;0;-1,24673;-3,10512;-0,251249;60;306,631
1547;0,5;187;0;265;2771,17;4796,04;-11,738;60;306,858;265,2;265,426;263,4;26,7311;-1,29507;-3,11108;-0,374088;265;0;-0,736853;27,3085;0;-1,30459;-3,11229;-0,392932;60;306,412
1548;0,5;185;0;265;2773,78;4811,65;-11,738;60;306,901;265,7;265,434;263,5;26,2209;-1,33706;-3,11975;-0,374273;265;0;-1,01957;27,2974;0;-1,3384;-3,121;-0,353688;60;306,361
1549;0,5;182;0;265;2769,5;4801,68;-11,738;60;306,879;266,7;265,429;263,5;26,9834;-1,31436;-3,12848;-0,123397;265;0;-0,307562;27,291;0;-1,31436;-3,12848;-0,123397;60;306,577
1550;0,5;183;0;265;2771,17;4794,47;-11,738;60;306,944;267;265,411;263,4;27,2905;-1,25564;-3,13571;0,160032;265;0;0;27,2905;0;-1,24539;-3,13688;0,197881;60;306,961
1551;0,5;182;0;265;2771,54;4804,4;-11,738;60;306,966;266,7;265,396;263,3;27,4003;-1,18459;-3,14372;0,37071;265;0;0,205481;27,2911;0;-1,17471;-3,14482;0,391564;60;307,235
1552;0,5;182;0;265;2770;4803,04;-11,738;60;306,966;266,3;265,381;263,2;27,8642;-1,12222;-3,15128;0,460008;265;0;0,569311;27,2949;0;-1,12222;-3,15128;0,460008;60;307,356
1553;0,5;183;0;265;2772,48;4796,75;-11,738;60;306,944;266,2;265,368;263,1;28,138;-1,07937;-3,15747;0,464046;265;0;0,825018;27,3026;0;-1,074;-3,15848;0,456385;60;307,419
1554;0,5;183;0;265;2770,87;4799,64;-11,738;60;306,923;266,4;265,368;263,2;27,7774;-1,07388;-3,1645;0,284741;265;0;0,217383;27,3109;0;-1,07852;-3,16551;0,241802;60;307,239
1555;0,5;183;0;265;2770,19;4802,13;-11,738;60;306,923;266,8;265,38;263,3;27,3118;-1,11331;-3,17063;0,0180175;265;0;0;27,3118;0;-1,12173;-3,17168;-0,0238769;60;306,926
1556;0,5;183;0;265;2770;4801,62;-11,738;60;306,836;267;265,398;263,6;27,1419;-1,19106;-3,17818;-0,296496;265;0;-0,328253;27,3111;0;-1,20303;-3,1793;-0,332715;60;306,527
1557;0,5;183;0;265;2767,97;4794,57;-11,738;60;306,793;266,8;265,416;263,6;26,5449;-1,2543;-3,18507;-0,441117;265;0;-0,951636;27,3025;0;-1,2698;-3,18743;-0,451637;60;306,297
1558;0,5;182;0;265;2770,32;4798,49;-11,738;60;306,793;266,4;265,427;263,6;26,2167;-1,30789;-3,19347;-0,469098;265;0;-1,11222;27,2924;0;-1,31533;-3,1947;-0,471073;60;306,222
1559;0,5;180;0;265;2769,62;4805,82;-11,738;60;306,858;266;265,438;263,6;25,8931;-1,35134;-3,20221;-0,44275;265;0;-1,18976;27,2781;0;-1,35867;-3,20348;-0,446041;60;306,196
1560;0,5;174;0;265;2766,88;4794,64;-11,738;60;306,793;265,7;265,45;263,6;25,8823;-1,39956;-3,21124;-0,447268;265;0;-1,30988;27,2627;0;-1,40457;-3,21256;-0,439056;60;306,134
1561;0,5;174;0;265;2772,94;4798,26;-11,738;60;306,793;265,5;265,458;263,6;25,7637;-1,4291;-3,2192;-0,403974;265;0;-1,35767;27,2489;0;-1,43398;-3,22054;-0,398303;60;306,14
1562;0,5;174;0;265;2771,83;4808,79;-11,738;60;306,793;265,4;265,451;263,5;26,5574;-1,40518;-3,22856;-0,127636;265;0;-0,484991;27,2352;0;-1,39419;-3,22987;-0,0654634;60;306,431
1563;0,5;174;0;265;2765,8;4797,13;-11,738;60;306,771;265,4;265,431;263,5;27,2342;-1,32314;-3,23752;0,246777;265;0;0;27,2342;0;-1,3085;-3,23876;0,299532;60;306,878
1564;0,5;176;0;265;2771,43;4793,47;-11,738;60;306,749;265,3;265,399;263,1;28,1647;-1,21646;-3,24469;0,595689;265;0;1,13309;27,2385;0;-1,19436;-3,24582;0,659107;60;307,327
1565;0,5;181;0;265;2771,54;4806,14;-11,738;60;306,727;265;265,363;262,9;29,9102;-1,05264;-3,25214;0,990375;265;0;2,72117;27,2622;0;-1,0314;-3,25312;1,02114;60;307,878
1566;0,5;192;0;265;2768,18;4801,92;-11,738;60;306,749;264,9;265,331;263,1;30,6563;-0,925928;-3,2586;1,06866;265;0;3,38181;27,2999;0;-0,913232;-3,25946;1,05259;60;308,076
1567;0,5;198;0;265;2770,24;4793,36;-11,738;60;306,706;264,8;265,316;263,4;30,502;-0,862695;-3,26443;0,867844;265;0;3,16904;27,333;0;-0,862695;-3,26443;0,867844;60;307,962
1568;0,5;205;0;265;2772,51;4797,02;-11,738;60;306,814;264,9;265,311;263,7;29,5244;-0,844873;-3,26923;0,622737;265;0;2,05997;27,3632;0;-0,842554;-3,27002;0,588897;60;307,701
1569;0,5;203;0;265;2775,5;4801,99;-11,738;60;306,793;265,2;265,31;264;28,8535;-0,841821;-3,27476;0,378368;265;0;1,3845;27,3828;0;-0,843652;-3,27555;0,342192;60;307,454
1570;0,5;199;0;265;2776,94;4802,29;-11,738;60;306,858;266,2;265,316;264,3;27,9281;-0,862207;-3,28033;0,139141;265;0;0,263525;27,3935;0;-0,867944;-3,28114;0,139141;60;307,189
1571;0,5;194;0;265;2774,93;4794,85;-11,738;60;306,901;267,3;265,324;264,4;27,3944;-0,896143;-3,28528;-0,0478426;265;0;0;27,3944;0;-0,901636;-3,28612;-0,0708571;60;306,963
1572;0,5;188;0;265;2778,61;4799,67;-11,738;60;307,01;267,7;265,333;264,6;27,3944;-0,930322;-3,29128;-0,15814;265;0;0;27,3944;0;-0,93374;-3,29216;-0,16318;60;306,813
1573;0,5;188;0;265;2779,17;4809,67;-11,738;60;307,053;267,1;265,335;264,6;27,2599;-0,9396;-3,29744;-0,120971;265;0;0;27,3937;0;-0,936914;-3,29832;-0,0992838;60;306,834
1574;0,5;188;0;265;2774,76;4797,03;-11,738;60;307,161;266,6;265,321;264,4;27,3937;-0,895898;-3,30263;0,107721;265;0;0;27,3937;0;-0,8854;-3,30347;0,150527;60;307,101
1575;0,5;188;0;265;2778,39;4800,38;-11,738;60;307,27;266,8;265,301;264,2;27,3937;-0,803735;-3,30823;0,426797;265;0;0,17655;27,3939;0;-0,789697;-3,30897;0,463598;60;307,507
1576;0,5;188;0;265;2776,71;4811,54;-11,738;60;307,313;267,2;265,279;264,1;28,0595;-0,714746;-3,3132;0,594845;265;0;0,66059;27,3989;0;-0,714746;-3,3132;0,594845;60;307,734
1577;0,5;188;0;265;2771,27;4799,95;-11,738;60;307,422;267,3;265,256;264;28,4339;-0,622217;-3,31698;0,758016;265;0;1,03742;27,4089;0;-0,605127;-3,31755;0,785581;60;308,011
1578;0,5;188;0;265;2774,96;4796,5;-11,738;60;307,465;266,9;265,223;263,7;29,3074;-0,492456;-3,32064;0,954131;265;0;1,87385;27,4268;0;-0,474023;-3,32109;0,97399;60;308,333
1579;0,5;192;0;265;2773,9;4806,76;-11,738;60;307,53;266,5;265,196;263,6;29,6378;-0,385034;-3,32349;0,974586;265;0;2,19034;27,4474;0;-0,385034;-3,32349;0,974586;60;308,461
1580;0,5;196;0;265;2770,77;4801,99;-11,738;60;307,617;266,6;265,179;263,7;29,2434;-0,314355;-3,32578;0,849391;265;0;1,77323;27,4702;0;-0,314355;-3,32578;0,849391;60;308,408
1581;0,5;196;0;265;2772,76;4794,41;-11,738;60;307,682;266,7;265,162;263,9;29,2427;-0,257349;-3,32739;0,770858;265;0;1,48832;27,4905;0;-0,248071;-3,32762;0,759844;60;308,378
1582;0,5;197;0;265;2770,71;4799,39;-11,738;60;307,726;266,7;265,145;264;28,9832;-0,181421;-3,32885;0,757264;265;0;1,47779;27,5055;0;-0,181421;-3,32885;0,757264;60;308,418
1583;0,5;196;0;265;2769,14;4803,14;-11,738;60;307,747;266,2;265,123;263,9;29,3216;-0,0927978;-3,32974;0,792216;265;0;1,79767;27,5239;0;-0,0927978;-3,32974;0,792216;60;308,547
1584;0,5;196;0;265;2770,8;4803,16;-11,738;60;307,878;265,7;265,105;263,7;29,2039;-0,0191894;-3,33006;0,801167;265;0;1,69971;27,5443;0;-0,00710449;-3,33007;0,801492;60;308,644
1585;0,5;197;0;265;2770,58;4798,85;-11,738;60;307,921;265,3;265,085;263,6;28,5107;0;-3,33007;0,534473;265;0;0,631659;27,5601;0;0;-3,33007;0,495837;60;308,397
1586;0,5;196;0;265;2771,35;4802,06;-11,738;60;307,986;265;265,068;263,3;27,6933;0;-3,33007;0,340723;265;0;0,0503906;27,5634;0;0;-3,33007;0,316093;60;308,203
1587;0,5;191;0;265;2769,27;4811,16;-11,738;60;308,073;265;265,058;263;27,5635;0;-3,33007;0,201507;265;0;0;27,5635;0;0;-3,33007;0,18694;60;308,064
1588;0,5;188;0;265;2762,68;4795,51;-11,738;60;308,138;266,2;265,056;262,9;27,5635;0;-3,33007;0,128459;265;0;0;27,5635;0;0;-3,33007;0,119173;60;307,991
1589;0,5;188;0;265;2766,16;4795,61;-11,738;60;308,16;267;265,06;262,8;27,5166;0;-3,33007;0,0759722;265;0;-0,0645813;27,5633;0;0;-3,33007;0,0704802;60;307,938
1590;0,5;188;0;265;2766,98;4810,59;-11,738;60;308,138;267,4;265,07;263;27,361;0;-3,33007;0,0484318;265;0;-0,222968;27,5616;0;0;-3,33007;0,0416827;60;307,907
1591;0,5;188;0;265;2760,52;4800,57;-11,738;60;308,116;267,2;265,084;263,2;27,4897;0;-3,33007;0,028643;265;0;-0,0764831;27,5594;0;0;-3,33007;0,0265724;60;307,891
1592;0,5;188;0;265;2763,19;4794,48;-11,738;60;308,181;266,8;265,097;263,4;27,2535;0;-3,33007;0,0169398;265;0;-0,372015;27,5558;0;0;-3,33007;0,0157152;60;307,879
1593;0,5;188;0;265;2764,11;4803,33;-11,738;60;308,268;266,3;265,111;263,8;26,4039;-0,0454346;-3,33019;-0,177583;265;0;-1,35255;27,5469;0;-0,0552002;-3,33023;-0,211809;60;307,639
1594;0,5;183;0;265;2760,98;4800,48;-11,738;60;308,312;265,9;265,132;264,1;25,4068;-0,115137;-3,33063;-0,396705;265;0;-2,28547;27,5292;0;-0,128564;-3,33074;-0,432739;60;307,35
1595;0,5;177;0;265;2762,68;4792,94;-11,738;60;308,398;265,8;265,152;264,3;24,1818;-0,209985;-3,33169;-0,605016;265;0;-3,19816;27,4968;0;-0,224878;-3,3319;-0,633051;60;307,046
1596;0,5;170;0;265;2763,88;4796,6;-11,738;60;308,377;265,9;265,176;264,6;23,5562;-0,292749;-3,33311;-0,716114;265;0;-3,97928;27,4531;0;-0,317896;-3,33369;-0,73313;60;306,829
1597;0,5;163;0;265;2765,91;4800,72;-11,738;60;308,355;265,9;265,186;264,7;23,5482;-0,34353;-3,33526;-0,603716;265;0;-3,73585;27,4134;0;-0,341821;-3,33558;-0,551838;60;306,91
1598;0,5;161;0;265;2766,14;4802,51;-11,738;60;308,398;265,7;265,177;264,5;24,6001;-0,309839;-3,33742;-0,221652;265;0;-2,42994;27,3764;0;-0,304224;-3,3377;-0,178568;60;307,323
1599;0,5;160;0;265;2761,76;4796,71;-11,738;60;308,29;265,4;265,172;264,2;25,5889;-0,289331;-3,33935;-0,0613438;265;0;-1,89335;27,3533;0;-0,291895;-3,33962;-0,0692635;60;307,502
1600;0,5;166;0;265;2762,98;4800,9;-11,738;60;308,225;265,2;265,186;264;25,186;-0,342798;-3,34138;-0,256854;265;0;-2,1485;27,3345;0;-0,342798;-3,34138;-0,256854;60;307,309
1601;0,5;169;0;265;2764,8;4809,65;-11,738;60;308,16;265,1;265,211;264;24,1293;-0,445215;-3,34358;-0,581614;265;0;-3,34858;27,3023;0;-0,46499;-3,34401;-0,634873;60;306,822
1602;0,5;164;0;265;2761,63;4795,36;-11,738;60;308,051;265,4;265,245;263,8;23,0356;-0,581445;-3,34696;-0,873313;265;0;-4,38202;27,2568;0;-0,600488;-3,34751;-0,901955;60;306,391
1603;0,5;160;0;265;2765,66;4796,5;-11,738;60;307,943;265,7;265,275;263,7;22,6415;-0,686548;-3,35054;-0,975378;265;0;-4,68863;27,2111;0;-0,699121;-3,35119;-0,965462;60;306,18
1604;0,5;156;0;265;2764,58;4809,5;-11,738;60;307,878;265,7;265,285;263,7;22,982;-0,741602;-3,35526;-0,779873;265;0;-4,08631;27,16;0;-0,743921;-3,35595;-0,734674;60;306,316
1605;0,5;155;0;265;2761,03;4798,46;-11,738;60;307,791;265,7;265,291;263,8;23,8281;-0,765527;-3,36019;-0,557727;265;0;-3,24595;27,1174;0;-0,771753;-3,36091;-0,547412;60;306,509
1606;0,5;156;0;265;2765,19;4793,21;-11,738;60;307,726;265,6;265,307;264;23,8512;-0,828027;-3,3654;-0,580853;265;0;-3,23423;27,0855;0;-0,828027;-3,3654;-0,580853;60;306,448
1607;0,5;155;0;265;2763,87;4804,28;-11,738;60;307,639;265,3;265,328;263,9;23,46;-0,91189;-3,37029;-0,709312;265;0;-3,71433;27,0434;0;-0,927393;-3,37115;-0,732749;60;306,201
1608;0,5;156;0;265;2760,64;4803,19;-11,738;60;307,574;265,4;265,355;263,6;22,8573;-1,01858;-3,37662;-0,834059;265;0;-4,10215;26,9958;0;-1,03347;-3,37758;-0,845537;60;305,963
1609;0,5;155;0;265;2763,02;4798,55;-11,738;60;307,487;265,5;265,381;263,4;22,6094;-1,10708;-3,3826;-0,887785;265;0;-4,41654;26,9531;0;-1,12356;-3,38365;-0,903027;60;305,815
1610;0,5;156;0;265;2764,76;4797,62;-11,738;60;307,465;265,3;265,406;263,2;21,9994;-1,22256;-3,39025;-0,974272;265;0;-4,71985;26,8988;0;-1,23647;-3,3914;-0,970908;60;305,605
1611;0,5;153;0;265;2764,91;4801,99;-11,738;60;307,313;265,5;265,416;263;22,6906;-1,26479;-3,39851;-0,709588;265;0;-3,68668;26,8463;0;-1,25845;-3,39969;-0,627702;60;305,819
1612;0,5;150;0;265;2762,64;4804,98;-11,738;60;307,183;265,8;265,401;262,8;24,6524;-1,21365;-3,40548;-0,245308;265;0;-1,96604;26,8186;0;-1,20559;-3,40662;-0,188748;60;306,328
1613;0,5;154;0;265;2759,98;4792,76;-11,738;60;306,966;265,6;265,398;262,8;26,2101;-1,18972;-3,41334;-0,0617883;265;0;-0,716254;26,8061;0;-1,1918;-3,41445;-0,0673225;60;306,527
1614;0,5;164;0;265;2765,15;4796,91;-11,738;60;306,793;265,6;265,405;262,8;26,2454;-1,2217;-3,42123;-0,165928;265;0;-0,82273;26,7982;0;-1,22756;-3,42238;-0,182171;60;306,383
1615;0,5;168;0;265;2764,77;4808,86;-11,738;60;306,727;266,1;265,418;262,9;25,8918;-1,27041;-3,4294;-0,29091;265;0;-0,899268;26,7911;0;-1,27041;-3,4294;-0,29091;60;306,228
1616;0,5;169;0;265;2758,89;4796,16;-11,738;60;306,684;266,5;265,432;263,1;25,5056;-1,32729;-3,43791;-0,395994;265;0;-1,27308;26,7786;0;-1,32729;-3,43791;-0,395994;60;306,06
1617;0,5;170;0;265;2763,44;4794,88;-11,738;60;306,532;266,7;265,447;263,4;25,4617;-1,38674;-3,44554;-0,494065;265;0;-1,3986;26,7632;0;-1,39773;-3,44685;-0,511296;60;305,866
1618;0,5;170;0;265;2766,75;4807,97;-11,738;60;306,424;267;265,465;263,7;24,9502;-1,45193;-3,45353;-0,577227;265;0;-1,54206;26,7462;0;-1,46072;-3,45489;-0,577856;60;305,71
1619;0,5;169;0;265;2763,17;4801,59;-11,738;60;306,315;266,8;265,468;263,8;25,8655;-1,47146;-3,46456;-0,368808;265;0;-0,864844;26,7303;0;-1,47146;-3,46456;-0,368808;60;305,827
1620;0,5;170;0;265;2764,42;4796,06;-11,738;60;306,228;266,2;265,448;263,8;26,7271;-1,39395;-3,47266;0,0909857;265;0;0;26,7271;0;-1,37502;-3,47396;0,175593;60;306,417
1621;0,5;172;0;265;2765,93;4803,77;-11,738;60;306,12;265,6;265,416;263,9;28,5707;-1,26565;-3,48015;0,578413;265;0;2,18037;26,7375;0;-1,24331;-3,48133;0,644257;60;307,025
1622;0,5;180;0;265;2766,96;4804,83;-11,738;60;306,055;265,1;265,388;263,9;29,9719;-1,15127;-3,48803;0,770757;265;0;3,20713;26,7705;0;-1,14358;-3,48911;0,752102;60;307,324
1623;0,5;190;0;265;2765,43;4799,77;-11,738;60;305,968;265,1;265,382;263,9;29,7491;-1,12759;-3,49547;0,536212;265;0;2,81263;26,806;0;-1,12795;-3,49653;0,495685;60;307,105
1624;0,5;197;0;265;2763,72;4796,88;-11,738;60;305,99;265,6;265,388;263,9;28,8944;-1,14578;-3,50185;0,26459;265;0;1,85892;26,8291;0;-1,15005;-3,50293;0,224873;60;306,809
1625;0,5;197;0;265;2764,65;4802,48;-11,738;60;306,011;265,7;265,394;263,9;27,9465;-1,17532;-3,50947;0,0417428;265;0;1,0138;26,8443;0;-1,17947;-3,51057;0,018723;60;306,549
1626;0,5;193;0;265;2765,88;4809,99;-11,738;60;306,142;265,4;265,401;263,9;27,0391;-1,20583;-3,51728;-0,0956696;265;0;0,160986;26,8513;0;-1,21182;-3,51841;-0,11758;60;306,373
1627;0,5;188;0;265;2763,39;4795,14;-11,738;60;306,142;265,3;265,417;263,5;26,8516;-1,25515;-3,52418;-0,265837;265;0;0;26,8516;0;-1,27847;-3,52655;-0,337073;60;306,097
1628;0,5;183;0;265;2766,74;4796,65;-11,738;60;306,12;265,3;265,439;263,3;26,5296;-1,35574;-3,53272;-0,556183;265;0;-0,907141;26,8492;0;-1,37502;-3,534;-0,608927;60;305,748
1629;0,5;181;0;265;2767,9;4809,32;-11,738;60;306,25;265,8;265,476;263,6;24,6308;-1,5021;-3,54208;-0,903344;265;0;-2,61112;26,8299;0;-1,52664;-3,5435;-0,956288;60;305,245
1630;0,5;172;0;265;2765,09;4799,02;-11,738;60;306,337;265,6;265,518;264,2;23,0697;-1,64749;-3,55094;-1,16082;265;0;-3,91144;26,7969;0;-1,67129;-3,5525;-1,19163;60;304,833
1631;0,5;164;0;265;2767,64;4794,52;-11,738;60;306,25;265,3;265,552;264,7;22,2127;-1,80959;-3,56229;-1,31454;265;0;-4,63251;26,7473;0;-1,83059;-3,564;-1,3207;60;304,506
1632;0,5;153;0;265;2767,12;4805,38;-11,738;60;306,272;265,1;265,582;265;21,843;-1,92642;-3,57459;-1,22205;265;0;-4,547;26,6915;0;-1,93875;-3,5764;-1,19313;60;304,469
1633;0,5;149;0;265;2764,29;4804,67;-11,738;60;306,142;265,1;265,597;265,1;22,5119;-1,98367;-3,5856;-1,0027;265;0;-3,96363;26,6492;0;-1,98977;-3,58747;-0,959634;60;304,62
1634;0,5;149;0;265;2765,3;4796,2;-11,738;60;306,098;265,5;265,604;265;23,3881;-2,01797;-3,59875;-0,722957;265;0;-3,07136;26,6079;0;-2,0198;-3,60064;-0,679519;60;304,853
1635;0,5;150;0;265;2769,19;4798,62;-11,738;60;305,881;265,7;265,601;264,7;24,973;-2,0032;-3,61198;-0,357157;265;0;-1,38349;26,5815;0;-1,99319;-3,61386;-0,283099;60;305,22
1636;0,5;158;0;265;2769,52;4803,03;-11,738;60;305,859;266,1;265,582;264,7;26,3332;-1,93801;-3,62307;0,0372232;265;0;0;26,5747;0;-1,92642;-3,62489;0,0904198;60;305,668
1637;0,5;166;0;265;2768,24;4803,69;-11,738;60;305,512;266,1;265,569;264,6;27,221;-1,87539;-3,63556;0,25724;265;0;0,679175;26,5772;0;-1,87002;-3,63732;0,264529;60;305,939
1638;0,5;173;0;265;2766,69;4795,08;-11,738;60;305,469;266;265,564;264,4;27,339;-1,85635;-3,64779;0,220806;265;0;0,720557;26,5855;0;-1,85513;-3,64953;0,210727;60;305,909
1639;0,5;178;0;265;2768,29;4798,2;-11,738;60;305,187;265,9;265,564;264,3;27,8754;-1,85757;-3,65996;0,123105;265;0;1,28113;26,5943;0;-1,85757;-3,65996;0,123105;60;305,814
1640;0,5;183;0;265;2768,08;4805,58;-11,738;60;305,208;265,8;265,571;263,6;27,3553;-1,87966;-3,67047;-0,0131756;265;0;0,661871;26,6062;0;-1,8843;-3,67223;-0,0345782;60;305,629
1641;0,5;183;0;265;2763,36;4795,18;-11,738;60;305,143;265,9;265,581;262,8;26,8854;-1,92336;-3,68294;-0,179238;265;0;0,190466;26,6115;0;-1,92971;-3,68475;-0,196872;60;305,407
1642;0,5;183;0;265;2764,29;4794,95;-11,738;60;305,035;266;265,59;262,3;26,7914;-1,96145;-3,6957;-0,250553;265;0;0,175818;26,6156;0;-1,96145;-3,6957;-0,250553;60;305,293
1643;0,5;183;0;265;2768,18;4806,98;-11,738;60;305,056;266;265,596;262,1;26,6185;-1,98245;-3,7068;-0,24159;265;0;0,0149597;26,6158;0;-1,98452;-3,70866;-0,234126;60;305,261
1644;0,5;182;0;265;2764,72;4800,13;-11,738;60;304,905;265,8;265,597;262,3;27,256;-1,98721;-3,71983;-0,158672;265;0;0,470709;26,62;0;-1,98733;-3,7217;-0,14779;60;305,327
1645;0,5;182;0;265;2764,32;4791,56;-11,738;60;304,991;265,9;265,597;262,8;27,1583;-1,98806;-3,73288;-0,0971656;265;0;0,533697;26,6246;0;-1,98806;-3,73288;-0,0971656;60;305,369
1646;0,5;183;0;265;2767,62;4800,89;-11,738;60;304,883;266,9;265,594;263,3;27,7189;-1,97512;-3,74589;-0,00358719;265;0;1,08668;26,6323;0;-1,97512;-3,74589;-0,00358719;60;305,445
1647;0,5;183;0;265;2767,82;4806,35;-11,738;60;304,991;266,7;265,583;263,7;27,8411;-1,93826;-3,75691;0,150018;265;0;1,36747;26,6456;0;-1,93057;-3,75873;0,176236;60;305,647
1648;0,5;183;0;265;2767,38;4799,97;-11,738;60;305,056;266,2;265,571;263,9;28,3273;-1,88503;-3,76946;0,295506;265;0;1,66657;26,6608;0;-1,88503;-3,76946;0,295506;60;305,812
1649;0,5;183;0;265;2767,82;4798,15;-11,738;60;305,143;265,8;265,56;263,8;28,4494;-1,84487;-3,77994;0,347419;265;0;1,71491;26,6834;0;-1,83962;-3,78166;0,347601;60;305,915
1650;0,5;190;0;265;2764,85;4804,61;-11,738;60;305,1;265,6;265,552;263,7;28,6013;-1,80911;-3,79193;0,344363;265;0;1,6468;26,7044;0;-1,80203;-3,79362;0,35359;60;305,936
1651;0,5;191;0;265;2767,43;4807,65;-11,738;60;305,23;265,5;265,54;263,5;28,4692;-1,76028;-3,80364;0,393382;265;0;1,74503;26,7242;0;-1,76028;-3,80364;0,393382;60;306,012
1652;0,5;192;0;265;2769,4;4797,46;-11,738;60;305,23;265,5;265,528;263,6;28,8445;-1,71975;-3,81342;0,413873;265;0;1,92887;26,747;0;-1,71316;-3,81503;0,415722;60;306,073
1653;0,5;192;0;265;2769,17;4798,93;-11,738;60;305,165;265,7;265,518;263,7;29,0058;-1,67202;-3,82456;0,432097;265;0;2,28849;26,7719;0;-1,66372;-3,82612;0,440865;60;306,128
1654;0,5;192;0;265;2769,64;4808,38;-11,738;60;305,339;265,5;265,5;263,7;28,8987;-1,61465;-3,83382;0,510671;265;0;2,14777;26,7923;0;-1,60061;-3,83532;0,541409;60;306,254
1655;0,5;192;0;265;2768,79;4801,92;-11,738;60;305,317;265,7;265,473;263,8;29,9987;-1,4938;-3,84404;0,781312;265;0;3,55201;26,8239;0;-1,47231;-3,84543;0,828371;60;306,636
1656;0,5;196;0;265;2768,99;4793,28;-11,738;60;305,295;265,9;265,431;264;31,3325;-1,34548;-3,85336;1,03844;265;0;4,61017;26,8713;0;-1,32473;-3,85461;1,06338;60;307,032
1657;0,5;203;0;265;2771,44;4802,82;-11,738;60;305,273;266,3;265,401;264,1;31,9925;-1,22244;-3,86058;1,15713;265;0;5,37885;26,9203;0;-1,20229;-3,86172;1,17055;60;307,266
1658;0,5;209;0;265;2766,03;4806;-11,738;60;305,36;266,4;265,37;264,1;32,6148;-1,08157;-3,86814;1,23354;265;0;5,74753;26,9845;0;-1,06021;-3,86915;1,24732;60;307,476
1659;0,5;217;0;265;2765;4795,94;-11,738;60;305,36;265,9;265,326;263,6;33,6751;-0,902246;-3,8747;1,44402;265;0;6,89725;27,0546;0;-0,865747;-3,87553;1,51553;60;307,859
1660;0,5;220;0;265;2771,59;4799,35;-11,738;60;305,556;265,7;265,256;262,7;35,0889;-0,66604;-3,87913;1,87629;265;0;8,30341;27,1298;0;-0,62478;-3,87973;1,93949;60;308,523
1661;0,5;227;0;265;2768,7;4803,43;-11,738;60;305,686;266,3;265,196;262,2;36,7936;-0,383081;-3,88255;2,20241;265;0;9,72989;27,2354;0;-0,34707;-3,88289;2,21675;60;309,129
1662;0,5;241;0;265;2766,91;4801,33;-11,738;60;305,903;266,6;265,14;262;36,9276;-0,161157;-3,88429;2,15307;265;0;9,72156;27,35;0;-0,136255;-3,88443;2,11744;60;309,3
1663;0,5;246;0;265;2767,93;4797,78;-11,738;60;305,99;266,3;265,109;262,2;36,3838;-0,0359131;-3,88482;1,87005;265;0;8,85593;27,4435;0;-0,0197998;-3,88485;1,81252;60;309,142
1664;0,5;247;0;265;2767,75;4801,8;-11,738;60;306,207;265,7;265,088;262,4;34,1779;0;-3,88486;1,22249;265;0;5,97925;27,5328;0;0;-3,88486;1,13412;60;308,53
1665;0,5;247;0;265;2769,05;4806,18;-11,738;60;306,445;265,1;265,08;262,8;31,9083;0;-3,88486;0,722995;265;0;3,76459;27,5908;0;0;-3,88486;0,67073;60;308,03
1666;0,5;227;0;265;2765,01;4798,02;-11,738;60;306,662;264,9;265,082;263;30,3407;0;-3,88486;0,427586;265;0;2,71796;27,6227;0;0;-3,88486;0,427586;60;307,768
1667;0,5;213;0;265;2761,16;4794,01;-11,738;60;306,988;264,8;265,084;263,1;28,8808;0;-3,88486;0,272583;265;0;0,850928;27,6423;0;0;-3,88486;0,252879;60;307,58
1668;0,5;201;0;265;2765,94;4805,71;-11,738;60;307,161;264,8;265,074;263,3;28,0064;0;-3,88486;0,161208;265;0;0;27,6476;0;0;-3,88486;0,149555;60;307,469
1669;0,5;192;0;265;2764,01;4804,07;-11,738;60;307,487;265;265,063;263,3;27,6476;0;-3,88486;0,102769;265;0;0;27,6476;0;0;-3,88486;0,0953402;60;307,41
1670;0,5;188;0;265;2763,91;4793,16;-11,738;60;307,574;265,4;265,054;263,3;27,6451;0;-3,88486;0,0607788;265;0;0;27,6476;0;0;-3,88486;0,0563851;60;307,368
1671;0,5;188;0;265;2768,4;4803,08;-11,738;60;307,617;265,6;265,039;263;27,4333;0;-3,88486;0,0359452;265;0;-0,221503;27,6461;0;0;-3,88486;0,0333467;60;307,343
1672;0,5;188;0;265;2765,06;4808,15;-11,738;60;307,747;265,7;265,02;263;26,9908;0;-3,88486;0,0212583;265;0;-0,651251;27,6421;0;0;-3,88486;0,0212583;60;307,33
1673;0,5;188;0;265;2765,68;4799,09;-11,738;60;307,834;265,8;265,001;263,1;27,1545;0;-3,88486;0,013552;265;0;-0,939734;27,6341;0;0;-3,88486;0,0125724;60;307,321
1674;0,5;183;0;265;2769,56;4797,03;-11,738;60;307,812;265,8;264,979;263,3;26,7363;0;-3,88486;0,00801481;265;0;-0,891303;27,6242;0;0;-3,88486;0,00743543;60;307,315
1675;0,5;183;0;265;2764,63;4804,24;-11,738;60;307,856;265,7;264,95;263,4;26,5859;0;-3,88486;0,00510939;265;0;-1,03019;27,6131;0;0;-3,88486;0,00474004;60;307,312
1676;0,5;183;0;265;2765,49;4803,79;-11,738;60;307,921;265,8;264,922;263,4;26,371;0;-3,88486;0,00302174;265;0;-1,2317;27,5999;0;0;-3,88486;0,0028033;60;307,31
1677;0,5;182;0;265;2770,72;4796,54;-11,738;60;307,921;266,3;264,89;263,2;26,7286;0,0395752;-3,88482;0,183702;265;0;-0,570776;27,5866;0;0,0554443;-3,88477;0,2469;60;307,531
1678;0,5;183;0;265;2770,04;4792,97;-11,738;60;307,943;266,5;264,867;262,9;27,5851;0,132593;-3,88423;0,462347;265;0;0;27,5851;0;0,132593;-3,88423;0,462347;60;307,903
1679;0,5;183;0;265;2772,72;4803,59;-11,738;60;307,921;266,8;264,853;262,6;27,5851;0,179956;-3,88336;0,487893;265;0;0;27,5851;0;0,189111;-3,88318;0,496745;60;307,977
1680;0,5;183;0;265;2767,17;4803,55;-11,738;60;307,986;266,7;264,841;262,3;27,5851;0,236719;-3,88198;0,505452;265;0;0;27,5851;0;0,241479;-3,88175;0,491856;60;308,052
1681;0,5;183;0;265;2766,38;4790,8;-11,738;60;308,03;266,3;264,837;262,3;27,5851;0,250024;-3,88035;0,342591;265;0;0;27,5851;0;0,250024;-3,88035;0,342591;60;307,939
1682;0,5;183;0;265;2772,9;4801,21;-11,738;60;308,095;265,8;264,844;262,3;26,8381;0,22854;-3,879;0,128063;265;0;-0,674322;27,5818;0;0,223413;-3,87878;0,0940975;60;307,67
1683;0,5;184;0;265;2769,79;4809,39;-11,738;60;308,16;265,5;264,853;262,4;26,0438;0,189111;-3,87762;-0,077893;265;0;-1,66675;27,5683;0;0,184106;-3,87745;-0,0963821;60;307,426
1684;0,5;179;0;265;2763,65;4797,51;-11,738;60;308,16;265,4;264,863;262,8;25,4978;0,147241;-3,87651;-0,212074;265;0;-2,05155;27,5494;0;0,147241;-3,87651;-0,212074;60;307,276
1685;0,5;175;0;265;2769,42;4800,68;-11,738;60;308,203;265,3;264,876;263,3;24,8225;0,0971924;-3,87582;-0,338031;265;0;-2,65232;27,5211;0;0,0886475;-3,87573;-0,354775;60;307,076
1686;0,5;172;0;265;2768,09;4805,73;-11,738;60;308,247;266,1;264,89;263,7;24,1871;0,0384766;-3,87537;-0,428082;265;0;-3,42283;27,4852;0;0,0302978;-3,87534;-0,436552;60;306,927
1687;0,5;167;0;265;2766,96;4801,72;-11,738;60;308,225;266,2;264,903;264;23,9739;0;-3,87529;-0,420373;265;0;-3,57993;27,451;0;0;-3,87529;-0,389985;60;306,897
1688;0,5;161;0;265;2766,09;4798,72;-11,738;60;308,247;266,2;264,916;264,1;24,425;0;-3,87529;-0,248613;265;0;-2,93458;27,4127;0;0;-3,87529;-0,230641;60;307,068
1689;0,5;161;0;265;2765,22;4799,77;-11,738;60;308,268;266,2;264,928;264,1;24,6556;0;-3,87529;-0,147032;265;0;-2,6948;27,3803;0;0;-3,87529;-0,136403;60;307,17
1690;0,5;164;0;265;2769,99;4807,97;-11,738;60;308,203;266,6;264,937;264,1;25,0635;0;-3,87529;-0,093732;265;0;-2,33967;27,3561;0;0;-3,87529;-0,0869562;60;307,223
1691;0,5;164;0;265;2767,97;4805,3;-11,738;60;308,203;266,8;264,942;263,9;25,0962;0;-3,87529;-0,055434;265;0;-2,22477;27,3302;0;0;-3,87529;-0,0514267;60;307,262
1692;0,5;164;0;265;2764,53;4795,99;-11,738;60;308,095;266,6;264,948;263,8;25,4705;0;-3,87529;-0,0327842;265;0;-1,83137;27,3064;0;0;-3,87529;-0,0304143;60;307,284
1693;0,5;165;0;265;2767,53;4805,58;-11,738;60;307,986;266,2;264,953;263,7;25,3599;0;-3,87529;-0,0208997;265;0;-1,4701;27,2878;0;0;-3,87529;-0,0193889;60;307,296
1694;0,5;170;0;265;2766,53;4809,61;-11,738;60;307,986;265,9;264,961;263,8;25,824;0;-3,87529;-0,0123603;265;0;-1,44446;27,269;0;0;-3,87529;-0,0114668;60;307,305
1695;0,5;170;0;265;2766,18;4791,47;-11,738;60;307,943;265,4;264,974;264;25,9545;0;-3,87529;-0,00731;265;0;-1,29908;27,2532;0;0;-3,87529;-0,00678157;60;307,31
1696;0,5;170;0;265;2770,88;4796,77;-11,738;60;307,878;265,2;264,986;263,8;26,1468;0;-3,87529;-0,00466008;265;0;-1,09592;27,242;0;0;-3,87529;-0,0043232;60;307,312
1697;0,5;170;0;265;2766,63;4805,59;-11,738;60;307,878;265;264,991;263,5;26,1409;0;-3,87529;-0,00275601;265;0;-1,09025;27,2299;0;0;-3,87529;-0,00255679;60;307,314
1698;0,5;170;0;265;2766,49;4798,56;-11,738;60;307,878;264,9;264,99;263,5;26,1319;0;-3,87529;-0,00162993;265;0;-1,02167;27,2174;0;0;-3,87529;-0,00151211;60;307,315
1699;0,5;170;0;265;2769,63;4795,62;-11,738;60;307,856;264,8;265,003;263,7;26,1887;0;-3,87529;-0,00103907;265;0;-1,01993;27,2071;0;0;-3,87529;-0,000963959;60;307,316
1700;0,5;170;0;265;2768,47;4798,17;-11,738;60;307,899;264,9;265,022;264;26,0477;0;-3,87529;-0,000614518;265;0;-1,08384;27,1948;0;0;-3,87529;-0,000570095;60;307,316
1701;0,5;170;0;265;2768,46;4804,74;-11,738;60;307,856;264,9;265,044;264,3;26,1664;0;-3,87529;-0,000363432;265;0;-0,952734;27,1827;0;0;-3,87529;-0,000337159;60;307,317
1702;0,5;170;0;265;2766,18;4802,39;-11,738;60;307,812;266,1;265,061;264,4;26,2882;0;-3,87529;-0,000231685;265;0;-0,887274;27,1741;0;0;-3,87529;-0,000214937;60;307,317
1703;0,5;170;0;265;2767,84;4792,39;-11,738;60;307,726;267,1;265,074;264,2;26,5398;0;-3,87529;-0,000137021;265;0;-0,691718;27,1652;0;0;-3,87529;-0,000127116;60;307,317
1704;0,5;173;0;265;2771,62;4802,38;-11,738;60;307,661;267,3;265,089;263,9;26,728;0;-3,87529;-8,10355e-05;265;0;-0,626349;27,1583;0;0;-3,87529;-7,51775e-05;60;307,317
1705;0,5;177;0;265;2768,72;4806,9;-11,738;60;307,595;266,7;265,094;263,7;26,919;0;-3,87529;-4,79252e-05;265;0;-0,235693;27,1546;0;0;-3,87529;-4,79252e-05;60;307,317
1706;0,5;178;0;265;2766,21;4792,34;-11,738;60;307,552;266,2;265,108;263,8;26,8734;-0,0239502;-3,87532;-0,108613;265;0;-0,503119;27,1524;0;-0,0338379;-3,87535;-0,148413;60;307,184
1707;0,5;178;0;265;2771,06;4800,41;-11,738;60;307,53;266,1;265,129;264;25,6217;-0,117944;-3,87576;-0,436874;265;0;-1,70612;27,1388;0;-0,135278;-3,87588;-0,48883;60;306,762
1708;0,5;174;0;265;2771,06;4808,85;-11,738;60;307,465;266,3;265,16;264,5;24,4245;-0,222925;-3,87672;-0,702533;265;0;-2,62559;27,1157;0;-0,241846;-3,87693;-0,742933;60;306,39
1709;0,5;170;0;265;2767,18;4800,53;-11,738;60;307,422;266,5;265,192;264,7;23,5294;-0,353296;-3,87861;-0,922019;265;0;-3,55063;27,0786;0;-0,369531;-3,87895;-0,93361;60;306,038
1710;0,5;162;0;265;2766,84;4799,22;-11,738;60;307,357;266,6;265,214;264,6;23,303;-0,457178;-3,88129;-0,943603;265;0;-3,73969;27,0357;0;-0,466821;-3,88172;-0,921865;60;305,91
1711;0,5;161;0;265;2765,26;4802,79;-11,738;60;307,313;266,6;265,22;264,2;23,9314;-0,484888;-3,88399;-0,697422;265;0;-2,96223;27,0017;0;-0,480493;-3,88444;-0,625827;60;306,126
1712;0,5;161;0;265;2768,44;4805,08;-11,738;60;307,313;266,3;265,188;263,9;26,5396;-0,353418;-3,88722;0,138872;265;0;-0,441229;26,9809;0;-0,353418;-3,88722;0,138872;60;306,966
1713;0,5;164;0;265;2771,38;4802,46;-11,738;60;307,27;266;265,156;263,7;27,3815;-0,224268;-3,88885;0,608172;265;0;0,717169;26,9822;0;-0,205225;-3,88905;0,655981;60;307,687
1714;0,5;175;0;265;2771,44;4796,44;-11,738;60;307,227;265,6;265,13;263,5;28,5974;-0,119165;-3,8898;0,806352;265;0;1,86378;26,9973;0;-0,0941406;-3,89;0,810204;60;308,004
1715;0,5;181;0;265;2772,11;4803,54;-11,738;60;307,14;265,2;265,115;263,3;28,8813;-0,060083;-3,89034;0,693786;265;0;1,7876;27,016;0;-0,0558105;-3,8904;0,664223;60;307,936
1716;0,5;190;0;265;2774,4;4804,28;-11,738;60;307,096;265,5;265,116;263,1;28,1609;-0,0643555;-3,89072;0,382766;265;0;0,840674;27,0317;0;-0,0699707;-3,89078;0,328035;60;307,62
1717;0,5;191;0;265;2774,48;4792,7;-11,738;60;307,053;265,8;265,124;263;27,4077;-0,0920654;-3,89116;0,135141;265;0;0,273688;27,037;0;-0,0956055;-3,89125;0,108311;60;307,344
1718;0,5;188;0;265;2775,61;4799,7;-11,738;60;307,031;265,7;265,131;263,2;27,0376;-0,124414;-3,89186;-0,0491318;265;0;0;27,0376;0;-0,13186;-3,89198;-0,0814659;60;307,127
1719;0,5;187;0;265;2775,24;4808,19;-11,738;60;307,053;265,7;265,145;263,6;27,0376;-0,17959;-3,89285;-0,246354;265;0;0;27,0376;0;-0,188745;-3,89303;-0,272667;60;306,873
1720;0,5;183;0;265;2770,4;4796,23;-11,738;60;307,075;265,7;265,161;264;26,5603;-0,233667;-3,89402;-0,374626;265;0;-0,554205;27,0349;0;-0,242456;-3,89424;-0,389901;60;306,69
1721;0,5;183;0;265;2776,14;4794,28;-11,738;60;307,053;265,5;265,175;264,4;26,0862;-0,300439;-3,89576;-0,484513;265;0;-0,959143;27,0262;0;-0,310937;-3,89605;-0,500081;60;306,512
1722;0,5;179;0;265;2776,1;4801,67;-11,738;60;307,053;265,3;265,196;264,6;25,4457;-0,382837;-3,89799;-0,609591;265;0;-1,5882;27,0109;0;-0,394922;-3,89836;-0,623765;60;306,302
1723;0,5;175;0;265;2770,37;4804,01;-11,738;60;307,053;265;265,217;264,8;24,9137;-0,454614;-3,90035;-0,677424;265;0;-2,0792;26,9917;0;-0,466333;-3,90078;-0,68493;60;306,16
1724;0,5;172;0;265;2770,51;4797,54;-11,738;60;307,075;264,8;265,234;264,9;24,5027;-0,535791;-3,9036;-0,716167;265;0;-2,44871;26,9652;0;-0,547144;-3,90411;-0,719107;60;306,037
1725;0,5;169;0;265;2771,49;4795,99;-11,738;60;307,01;264,6;265,251;264,9;24,4729;-0,605981;-3,90735;-0,694596;265;0;-2,47571;26,9372;0;-0,614893;-3,90793;-0,68733;60;305,984
1726;0,5;169;0;265;2771,51;4806,05;-11,738;60;306,923;264,7;265,265;264,8;24,7901;-0,653223;-3,9109;-0,630271;265;0;-2,17469;26,9145;0;-0,66189;-3,91152;-0,626478;60;305,998
1727;0,5;168;0;265;2771,19;4807,11;-11,738;60;306,879;265,3;265,276;264,6;24,869;-0,703638;-3,91537;-0,565988;265;0;-1,82093;26,8898;0;-0,710107;-3,91603;-0,556253;60;306,007
1728;0,5;168;0;265;2764,71;4797,88;-11,738;60;306,749;266,1;265,287;264,3;25,2703;-0,748438;-3,92013;-0,508852;265;0;-1,60285;26,8694;0;-0,754663;-3,92084;-0,50207;60;306,015
1729;0,5;169;0;265;2765,59;4801,52;-11,738;60;306,727;265,8;265,292;264;25,4641;-0,769922;-3,92442;-0,405419;265;0;-1,30485;26,8548;0;-0,768091;-3,92514;-0,367288;60;306,092
1730;0,5;170;0;265;2768,88;4810,07;-11,738;60;306,662;265,7;265,277;263,5;26,7498;-0,719629;-3,92936;-0,02724;265;0;0;26,8469;0;-0,706079;-3,93003;0,0400293;60;306,516
1731;0,5;172;0;265;2762,2;4799,27;-11,738;60;306,662;265,9;265,255;263,6;27,1372;-0,618066;-3,93376;0,381965;265;0;0,480231;26,8479;0;-0,605005;-3,93433;0,4173;60;307,022
1732;0,5;178;0;265;2762,79;4794,19;-11,738;60;306,597;266,5;265,233;263,7;28,243;-0,531641;-3,93752;0,558766;265;0;1,38642;26,8566;0;-0,531641;-3,93752;0,558766;60;307,259
1733;0,5;182;0;265;2764,16;4804,65;-11,738;60;306,662;267,1;265,221;264;28,1938;-0,488428;-3,94038;0,525739;265;0;1,28058;26,8727;0;-0,484033;-3,94083;0,508912;60;307,289
1734;0,5;183;0;265;2762,64;4807,62;-11,738;60;306,727;267,4;265,218;263,8;27,5903;-0,473779;-3,94351;0,361542;265;0;0,757452;26,8852;0;-0,473413;-3,94396;0,337171;60;307,137
1735;0,5;183;0;265;2764,3;4797,22;-11,738;60;306,662;267,3;265,214;263,3;27,4781;-0,455469;-3,94659;0,2957;265;0;0,58689;26,8912;0;-0,455469;-3,94659;0,2957;60;307,058
1736;0,5;183;0;265;2762,57;4797,69;-11,738;60;306,706;266,9;265,186;263,2;28,1057;-0,362817;-3,94892;0,57035;265;0;1,63535;26,9033;0;-0,343042;-3,94925;0,624423;60;307,451
1737;0,5;184;0;265;2760;4803,19;-11,738;60;306,727;266,5;265,147;262,9;29,829;-0,210596;-3,95082;0,935124;265;0;3,11558;26,9303;0;-0,187524;-3,95101;0,978712;60;307,966
1738;0,5;193;0;265;2764,8;4803,26;-11,738;60;306,858;266,6;265,107;262,6;20;-0,0299316;-3,95152;1,2623;265;0;4,24644;20;0;-0,00185546;-3,95152;1,30636;60;308,473
1739;0,5;178;0;265;2766,11;4797,94;-11,738;60;306,879;266,7;265,064;262,4;20;0;-3,95152;0,838941;265;0;3,19715;20;0;0;-3,95152;0,838941;60;308,145
1740;0,5;148;0;265;2768,36;4798,77;-11,738;60;306,923;266,9;265,036;262,2;20;0;-3,95152;0,534819;265;0;1,63288;20;0;0;-3,95152;0,496158;60;307,776
1741;0,5;143;0;265;2769,17;4808,11;-11,738;60;306,988;267,1;264,984;261,8;20;0;-3,95152;0,316297;265;0;1,18162;20;0;0;-3,95152;0,316297;60;307,582
1742;0,5;135;0;265;2764,08;4800,38;-11,738;60;306,988;267;264,922;261,8;20;0;-3,95152;0,201638;265;0;0,958868;20;0;0;-3,95152;0,187061;60;307,442
1743;0,5;134;0;265;2768,09;4792,58;-11,738;60;306,879;266,6;264,845;262,1;20;0,188379;-3,95152;0,900493;265;0;3,75086;20;0;0,221338;-3,95152;0,994236;60;308,33
1744;0,5;134;0;265;2771;4804,22;-11,738;60;306,706;266;264,798;262;20;0,376245;-3,95152;1,32767;265;0;6,11667;20;0;0,40835;-3,95152;1,38641;60;308,945
1745;0,5;134;0;265;2764,6;4806,52;-11,738;60;306,749;265,6;264,754;262,1;20;0,585596;-3,95152;1,59026;265;0;7,793;20;0;0,61062;-3,95152;1,5959;60;309,417
1746;0,5;134;0;265;2764,98;4794,84;-11,738;60;306,489;265,3;264,717;262,2;20;0,730371;-3,95152;1,48644;265;0;8,30643;20;0;0,7427;-3,95152;1,43841;60;309,458
1747;0,5;134;0;265;2768,5;4801,45;-11,738;60;306,38;265,5;264,71;262,7;20;0,761865;-3,95152;1,06213;265;0;7,45353;20;0;0,758081;-3,95152;0,967112;60;309,065
1748;0,5;134;0;265;2769,58;4806,05;-11,738;60;306,228;265,9;264,729;263,1;20;0,683984;-3,95152;0,307409;265;1;5,41144;20;0;0,664575;-3,95152;0,191649;60;308,232
1749;0,5;134;0;265;2769,81;4803,98;-11,738;60;306,076;266,6;264,766;263,6;20;0,536035;-3,95152;-0,398984;265;1;3,30417;20;0;0,515283;-3,95152;-0,470151;60;307,378
1750;0,5;134;0;265;2766,97;4798,56;-11,738;60;305,903;266,9;264,802;263,7;20;0,393213;-3,95152;-0,78837;265;1;2,37977;20;0;0,393213;-3,95152;-0,78837;60;306,896
1751;0,5;134;0;265;2765,69;4797,88;-11,738;60;305,773;266,4;264,83;263,9;20;0,280786;-3,95152;-0,953865;265;1;1,78522;20;0;0,263452;-3,95152;-0,968448;60;306,568
1752;0,5;134;0;265;2769,83;4810,31;-11,738;60;305,686;265,7;264,862;264,2;20;0,152734;-3,95152;-1,06528;265;1;1,39237;20;0;0,133936;-3,95152;-1,07887;60;306,328
1753;0,5;134;0;265;2766,74;4802,65;-11,738;60;305,447;265,3;264,9;264,3;20;0,00161132;-3,95152;-1,22419;265;1;1,27637;20;0;0,00161132;-3,95152;-1,22419;60;306,073
1754;0,5;134;0;265;2764,73;4792,21;-11,738;60;305,36;265,1;264,939;264,5;20;0;-3,95152;-0,785749;265;1;2,68427;20;0;0;-3,95152;-0,728947;60;306,455
1755;0,5;134;0;265;2767,08;4805,72;-11,738;60;305,208;264,9;264,99;264,7;20;0;-3,95152;-0,464699;265;1;4,10306;20;0;0;-3,95152;-0,431107;60;306,776
1756;0,5;134;0;265;2764,1;4805,29;-11,738;60;305,1;264,9;265,042;264,8;20;0;-3,95152;-0,296243;265;1;4,934;20;0;0;-3,95152;-0,274828;60;306,944
1757;0,5;134;0;265;2765,18;4794,83;-11,738;60;304,905;264,8;265,091;264,6;20;0;-3,95152;-0,175201;265;1;5,88312;20;0;0;-3,95152;-0,162536;60;307,066
1758;0,5;134;0;265;2769,22;4801,68;-11,738;60;304,861;264,8;265,128;264,6;20;-0,112573;-3,95152;-0,576663;265;1;4,86176;20;0;-0,136011;-3,95152;-0,647929;60;306,552
1759;0,5;134;0;265;2765,29;4804,7;-11,738;60;304,666;264,9;265,168;264,8;20;-0,270532;-3,95152;-0,955651;265;1;3,64704;20;0;-0,270532;-3,95152;-0,955651;60;306,081
1760;0,5;133;0;265;2765,58;4806,68;-11,738;60;304,492;265,1;265,198;264,8;20;-0,380884;-3,95152;-1,04532;265;1;3,36707;20;0;-0,392969;-3,95152;-1,028;60;305,815
1761;0,5;133;0;265;2768,72;4801,29;-11,738;60;304,362;265,6;265,21;264,6;20;-0,438501;-3,95152;-0,83282;265;1;4,22227;20;0;-0,44436;-3,95152;-0,800854;60;305,969
1762;0,5;134;0;265;2767,09;4798,78;-11,738;60;304,275;266,2;265,217;264,7;20;-0,469141;-3,95152;-0,654288;265;1;5,12177;20;0;-0,476831;-3,95152;-0,644053;60;306,117
1763;0,5;133;0;265;2766,74;4808,04;-11,738;60;304,102;266,6;265,236;264,8;20;-0,543359;-3,95152;-0,645215;265;1;5,31193;20;0;-0,543359;-3,95152;-0,645215;60;306,072
1764;0,5;133;0;265;2763,36;4802,37;-11,738;60;303,971;266,3;265,256;264,9;20;-0,607202;-3,95152;-0,712548;265;1;5,14347;20;0;-0,636987;-3,95152;-0,751607;60;305,886
1765;0,5;133;0;265;2762,49;4793,87;-11,738;60;303,798;265,8;265,279;265;20;-0,714258;-3,95152;-0,841608;265;1;5,19163;20;0;-0,730737;-3,95152;-0,860188;60;305,685
1766;0,5;134;0;265;2769,86;4805,92;-11,738;60;303,602;265,4;265,307;265,2;20;-0,827661;-3,95152;-0,938355;265;1;5,01694;20;0;-0,84353;-3,95152;-0,947;60;305,475
1767;0,5;133;0;265;2767,9;4807,32;-11,738;60;303,429;265,2;265,332;265,3;20;-0,929102;-3,95152;-0,943541;265;1;5,15272;20;0;-0,940454;-3,95152;-0,930044;60;305,368
1768;0,5;133;0;265;2762,8;4795,59;-11,738;60;303,342;265,3;265,341;265;20;-0,962793;-3,95152;-0,725374;265;1;6,03171;20;0;-0,962061;-3,95152;-0,669407;60;305,553
1769;0,5;134;0;265;2766,6;4799,69;-11,738;60;303,103;265,3;265,33;264,3;20;-0,919824;-3,95152;-0,249867;265;1;8,30323;20;0;-0,907129;-3,95152;-0,170622;60;306,071
1770;0,5;134;0;265;2766,43;4806,16;-11,738;60;302,973;265;265,305;263,7;20;-0,818994;-3,95152;0,247364;265;1;10,6182;20;0;-0,803003;-3,95152;0,306548;60;306,669
1771;0,5;134;0;265;2767,98;4806,51;-11,738;60;302,691;264,9;265,277;263,3;20;-0,723901;-3,95152;0,540321;265;1;12,4985;20;0;-0,708276;-3,95152;0,576563;60;307,057
1772;0,5;134;0;265;2767,54;4797,85;-11,738;60;302,713;264,8;265,254;263;20;-0,61648;-3,95152;0,736896;265;1;13,6058;20;0;-0,601465;-3,95152;0,755986;60;307,361
1773;0,5;134;0;265;2764,43;4798,06;-11,738;60;302,582;264,7;265,23;263;20;-0,518457;-3,95152;0,818521;265;1;14,7959;20;0;-0,503931;-3,95152;0,829357;60;307,541
1774;0,5;134;0;265;2766,36;4805,74;-11,738;60;302,431;264,7;265,206;263,1;20;-0,423975;-3,95152;0,847734;265;1;15,0732;20;0;-0,423975;-3,95152;0,847734;60;307,655
1775;0,5;134;0;265;2766;4801,28;-11,738;60;302,409;265,1;265,195;263,2;20;-0,379907;-3,95152;0,711054;265;1;14,9542;20;0;-0,377954;-3,95152;0,669065;60;307,572
1776;0,5;134;0;265;2764,55;4791,25;-11,738;60;302,257;266,2;265,196;263,4;20;-0,38479;-3,95152;0,393332;265;1;14,1166;20;0;-0,388818;-3,95152;0,345485;60;307,249
1777;0,5;133;0;265;2767,43;4799,93;-11,738;60;302,235;266,4;265,209;263,5;20;-0,434717;-3,95152;0,0293469;265;1;13,3909;20;0;-0,434717;-3,95152;0,0293469;60;306,899
1778;0,5;134;0;265;2764,69;4803,68;-11,738;60;302,083;266,2;265,228;263,4;20;-0,51272;-3,95152;-0,300507;265;1;12,3023;20;0;-0,528101;-3,95152;-0,352909;60;306,428
1779;0,5;134;0;265;2764,15;4794,11;-11,738;60;302,105;265,8;265,257;263,4;20;-0,629053;-3,95152;-0,632678;265;1;11,0219;20;0;-0,645898;-3,95152;-0,668126;60;305,979
1780;0,5;134;0;265;2769,06;4790,46;-11,738;60;301,866;265,5;265,28;263,4;20;-0,721582;-3,95152;-0,723962;265;1;11,2125;20;0;-0,721582;-3,95152;-0,723962;60;305,804
1781;0,5;134;0;265;2767,37;4802,46;-11,738;60;301,91;266,2;265,295;263,5;20;-0,771143;-3,95152;-0,660891;265;1;11,097;20;0;-0,779199;-3,95152;-0,651943;60;305,809
1782;0,5;134;0;265;2763,07;4800,64;-11,738;60;301,78;266,8;265,31;263,8;20;-0,839258;-3,95152;-0,657222;265;1;11,2943;20;0;-0,84707;-3,95152;-0,647363;60;305,744
1783;0,5;134;0;265;2764,53;4794,24;-11,738;60;301,758;267,3;265,322;263,9;20;-0,886987;-3,95152;-0,570659;265;1;11,4468;20;0;-0,886987;-3,95152;-0,570659;60;305,773
1784;0,5;134;0;265;2767,16;4796,67;-11,738;60;301,736;267,6;265,326;263,8;20;-0,902246;-3,95152;-0,422298;265;1;11,9403;20;0;-0,903711;-3,95152;-0,398829;60;305,916
1785;0,5;134;0;265;2768,68;4801,15;-11,738;60;301,693;267,3;265,325;263,9;20;-0,898706;-3,95152;-0,23245;265;1;12,7157;20;0;-0,896143;-3,95152;-0,203292;60;306,11
1786;0,5;134;0;265;2769,09;4801,58;-11,738;60;301,606;266,7;265,32;263,7;20;-0,88125;-3,95152;-0,0697558;265;1;13,3898;20;0;-0,88125;-3,95152;-0,0697558;60;306,269
1787;0,5;133;0;265;2765,71;4794,08;-11,738;60;301,476;266,4;265,316;263,2;20;-0,862329;-3,95152;0,0340726;265;1;14,139;20;0;-0,862329;-3,95152;0,0340726;60;306,389
1788;0,5;134;0;265;2767,6;4797,36;-11,738;60;301,476;266;265,306;263;20;-0,83291;-3,95152;0,142531;265;1;14,624;20;0;-0,824731;-3,95152;0,171643;60;306,55
1789;0,5;134;0;265;2769,79;4806,08;-11,738;60;301,367;265,9;265,286;263;20;-0,7427;-3,95152;0,458169;265;1;15,8318;20;0;-0,7427;-3,95152;0,458169;60;306,844
1790;0,5;134;0;265;2764,6;4795,69;-11,738;60;301,367;265,8;265,234;263,3;20;-0,568628;-3,95152;1,0004;265;1;18,316;20;0;-0,537866;-3,95152;1,07633;60;307,673
1791;0,5;134;0;265;2765,66;4794,26;-11,738;60;301,28;265,8;265,195;263,4;20;-0,381738;-3,95152;1,30782;265;1;20,3848;20;0;-0,361841;-3,95152;1,30917;60;308,167
1792;0,5;134;0;265;2767,65;4811,02;-11,738;60;301,172;265,6;265,169;263,5;20;-0,276147;-3,95152;1,1703;265;1;20,3857;20;0;-0,276147;-3,95152;1,1703;60;308,167
1793;0,5;134;0;265;2764,63;4805,67;-11,738;60;301,15;265,7;265,162;263,6;20;-0,248437;-3,95152;0,848506;265;1;19,5371;20;0;-0,24917;-3,95152;0,783638;60;307,841
1794;0,5;134;0;265;2768,39;4797,83;-11,738;60;301,042;266,2;265,167;263,5;20;-0,267725;-3,95152;0,423434;265;0;18,5946;20;0;-0,272363;-3,95152;0,370469;60;307,396
1795;0,5;134;0;265;2768,54;4799,78;-11,738;60;300,89;266,8;265,177;263,6;20;-0,299463;-3,95152;0,139688;265;0;17,9737;20;0;-0,306055;-3,95152;0,0978226;60;307,081
1796;0,5;134;0;265;2765,36;4803,4;-11,738;60;300,781;266,8;265,189;263,8;20;-0,354517;-3,95152;-0,133997;265;0;17,5082;20;0;-0,362817;-3,95152;-0,164314;60;306,752
1797;0,5;134;0;265;2768,68;4806,06;-11,738;60;300,694;266,1;265,205;264;20;-0,419214;-3,95152;-0,333937;265;0;16,7795;20;0;-0,429102;-3,95152;-0,357449;60;306,488
1798;0,5;134;0;265;2767,24;4794,21;-11,738;60;300,651;265,2;265,222;264,2;20;-0,477686;-3,95152;-0,44816;265;0;16,3915;20;0;-0,487207;-3,95152;-0,461649;60;306,315
1799;0,5;134;0;265;2769,29;4794,66;-11,738;60;300,586;264,8;265,238;264,1;20;-0,55398;-3,95152;-0,56444;265;1;16,0091;20;0;-0,559229;-3,95152;-0,548934;60;306,122
1800;0,5;134;0;265;2769,4;4808,12;-11,738;60;300,412;264,4;265,235;263,8;20;-0,540552;-3,95152;-0,265432;265;1;17,4673;20;0;-0,527856;-3,95152;-0,185062;60;306,435
1801;0,5;134;0;265;2762,9;4797,65;-11,738;60;300,347;264,2;265,201;263,2;20;-0,405298;-3,95152;0,384973;265;1;19,6218;20;0;-0,405298;-3,95152;0,384973;60;307,088
1802;0,5;134;0;265;2768,55;4793,83;-11,738;60;300,26;264,2;265,15;262,6;20;-0,199487;-3,95152;1,087;265;0;23,0035;20;0;-0,158472;-3,95152;1,20609;60;308,128
1803;0,5;134;0;265;2770,89;4806,09;-11,738;60;300,174;264,1;265,066;262;20;0;-3,95152;1,34675;265;0;24,6416;20;0;0;-3,95152;1,24939;60;308,587
1804;0,5;134;0;265;2766,58;4803,94;-11,738;60;300,174;264,2;264,984;261,8;20;0;-3,95152;0,796479;265;0;23,1209;20;0;0;-3,95152;0,738902;60;308,037
1805;0,5;134;0;265;2766,16;4795,9;-11,738;60;300,087;264,3;264,93;261,9;20;0;-3,95152;0,50775;265;0;22,385;20;0;0;-3,95152;0,471045;60;307,748
1806;0,5;134;0;265;2765,71;4795,21;-11,738;60;300,043;264,2;264,906;262;20;0;-3,95152;0,300288;265;0;21,958;20;0;0;-3,95152;0,278581;60;307,541
1807;0,5;134;0;265;2767,73;4800,75;-11,738;60;299,935;264,2;264,894;262,2;20;0,0229736;-3,95152;0,271075;265;0;22,229;20;0;0,0229736;-3,95152;0,271075;60;307,545
1808;0,5;134;0;265;2770,6;4805,97;-11,738;60;299,978;264,3;264,897;262,7;20;0,0160156;-3,95152;0,137268;265;0;21,6471;20;0;0,0119873;-3,95152;0,107931;60;307,394
1809;0,5;134;0;265;2764,8;4795,06;-11,738;60;299,892;264,6;264,914;263,2;20;0;-3,95152;0,0275577;265;0;21,5303;20;0;0;-3,95152;0,0255656;60;307,268
1810;0,5;134;0;265;2765,71;4796,13;-11,738;60;299,892;264,7;264,934;263,6;20;0;-3,95152;0,0162979;265;0;21,5004;20;0;0;-3,95152;0,0162979;60;307,258
1811;0,5;134;0;265;2768,06;4810,17;-11,738;60;299,805;264,6;264,951;263,8;20;0;-3,95152;0,00963874;265;0;21,7393;20;0;0;-3,95152;0,00963874;60;307,251
1812;0,5;133;0;265;2766,99;4803,41;-11,738;60;299,826;264,5;264,944;263,9;41,6991;0;-3,95152;0,00614464;265;0;21,5964;20,0722;0;0;-3,95152;0,00570045;60;307,247
1813;0,5;134;0;265;2767,57;4795,02;-11,738;60;299,848;264,3;264,914;263,3;41,8427;0;-3,95152;0,00391717;265;0;21,5897;20,2881;0;0;-3,95152;0,003634;60;307,245
1814;0,5;160;0;265;2770,2;4803,86;-11,738;60;299,718;264,3;264,886;263;43,1513;0,0556885;-3,95144;0,248498;265;0;22,6861;20,5447;0;0,0714355;-3,95138;0,306424;60;307,545
1815;0,5;216;0;265;2766,67;4805,46;-11,738;60;299,718;264,3;264,862;262,9;44,6667;0,152002;-3,95074;0,51643;265;0;23,9761;20,8188;0;0,163232;-3,95059;0,53322;60;307,91
1816;0,5;284;0;265;2766,16;4797,6;-11,738;60;299,696;264,3;264,846;262,8;45,5115;0,208765;-3,94972;0,556215;265;0;24,3341;21,0613;0;0,217798;-3,94952;0,559541;60;308,008
1817;0,5;302;0;265;2768,78;4794,94;-11,738;60;299,74;264,4;264,832;262,9;45,7118;0,270776;-3,94814;0,569831;265;0;24,4355;21,3456;0;0,281396;-3,94788;0,57982;60;308,085
1818;0,5;312;0;265;2767,34;4799,79;-11,738;60;299,957;264,4;264,813;263;45,7722;0,349878;-3,94612;0,64776;265;0;24,2615;21,6274;0;0,362085;-3,94578;0,659763;60;308,244
1819;0,5;312;0;265;2766,07;4804,1;-11,738;60;300,347;264,4;264,792;263,2;45,4428;0,422021;-3,94394;0,703177;265;0;23,0444;21,9036;0;0,441675;-3,94313;0,696457;60;308,381
1820;0,5;313;0;265;2765,95;4797,69;-11,738;60;300,781;264,4;264,778;263,3;44,3588;0,48623;-3,94095;0,662465;265;0;22,2562;22,129;0;0,493799;-3,94049;0,65105;60;308,4
1821;0,5;309;0;265;2766,8;4794,96;-11,738;60;301,411;264,4;264,769;263,4;42,5072;0,524439;-3,93762;0,534411;265;0;19,8484;22,3719;0;0,527856;-3,93712;0,512251;60;308,314
1822;0,5;300;0;265;2771,29;4803,09;-11,738;60;302,04;264,4;264,766;263,5;40,4203;0,536646;-3,93462;0,387415;265;0;17,8253;22,5608;0;0,537988;-3,93412;0,36588;60;308,182
1823;0,5;291;0;265;2769,17;4804,37;-11,738;60;302,648;264,6;264,763;263,5;38,4426;0,546045;-3,93107;0,265697;265;0;15,6762;22,757;0;0,549341;-3,93056;0,262374;60;308,073
1824;0,5;273;0;265;2763,54;4793,29;-11,738;60;303,147;264,4;264,753;263,3;37,2982;0,586572;-3,92739;0,324596;265;0;13,9021;22,9297;0;0,595605;-3,92683;0,344665;60;308,176
1825;0,5;264;0;265;2770,07;4800,08;-11,738;60;303,602;264,3;264,737;263,2;36,5941;0,642114;-3,92393;0,430051;265;0;13,6142;23,0671;0;0,650903;-3,92332;0,44132;60;308,34
1826;0,5;254;0;265;2768,21;4806,78;-11,738;60;304,232;264,3;264,722;263,3;35,7707;0,702661;-3,91952;0,489559;265;0;12,0996;23,2171;0;0,711084;-3,91885;0,494761;60;308,465
1827;0,5;252;0;265;2764,97;4797,98;-11,738;60;304,384;264,4;264,714;263,5;35,0208;0,745142;-3,91474;0,448233;265;0;11,0105;23,3548;0;0,747461;-3,91404;0,427008;60;308,471
1828;0,5;241;0;265;2766,88;4795,96;-11,738;60;304,905;264,4;264,719;263,7;32,8744;0,723413;-3,90988;0,165921;265;0;9,41761;23,4568;0;0,723413;-3,90988;0,165921;60;308,244
1829;0,5;234;0;265;2764,1;4803,07;-11,738;60;305,23;264,5;264,737;263,8;30,6853;0,650537;-3,906;-0,191629;265;0;6,35947;23,5504;0;0,637354;-3,9054;-0,241312;60;307,745
1830;0,5;213;0;265;2767,02;4805,79;-11,738;60;305,599;264,8;264,756;263,8;28,6494;0,57522;-3,90201;-0,397198;265;0;4,55213;23,6146;0;0,568384;-3,90147;-0,401429;60;307,468
1831;0,5;203;0;265;2767,66;4800,31;-11,738;60;306,12;265;264,763;263,8;27,1507;0,547632;-3,89835;-0,333962;265;0;3,49726;23,6534;0;0,547632;-3,89835;-0,333962;60;307,486
1832;0,5;191;0;265;2764,41;4793,66;-11,738;60;306,402;265,1;264,749;263,7;27,248;0,589136;-3,89519;-0,0341637;265;0;3,75049;23,6933;0;0,60415;-3,89463;0,0406656;60;307,852
1833;0,5;189;0;265;2766,51;4803,54;-11,738;60;306,706;265,1;264,721;263,5;28,2214;0,714746;-3,89094;0,476038;265;0;4,75904;23,7419;0;0,735132;-3,89026;0,53987;60;308,492
1834;0,5;189;0;265;2765,11;4811,25;-11,738;60;306,966;265,1;264,684;263,1;29,2151;0,865503;-3,88576;0,870272;265;0;5,42335;23,7917;0;0,865503;-3,88576;0,870272;60;308,974
1835;0,5;192;0;265;2764,38;4794,28;-11,738;60;307,14;265,2;264,648;263;29,7833;0,989893;-3,88053;1,05261;265;0;6,04352;23,8603;0;1,00894;-3,87959;1,06829;60;309,354
1836;0,5;197;0;265;2769,32;4796,85;-11,738;60;307,27;265,3;264,62;262,9;30,1446;1,121;-3,8736;1,13191;265;0;6,30482;23,9313;0;1,13931;-3,87254;1,13833;60;309,572
1837;0,5;197;0;265;2766,44;4807,52;-11,738;60;307,465;265,4;264,591;262,9;30,0153;1,23782;-3,86585;1,12057;265;0;6,02219;23,9931;0;1,23782;-3,86585;1,12057;60;309,673
1838;0,5;197;0;265;2761,6;4800,46;-11,738;60;307,552;265,4;264,566;263;29,9538;1,33718;-3,85739;1,04615;265;0;5,88962;24,0642;0;1,33718;-3,85739;1,04615;60;309,715
1839;0,5;197;0;265;2763,4;4796,89;-11,738;60;307,661;265,2;264,543;263;29,8875;1,41628;-3,84964;0,985229;265;0;5,65058;24,1325;0;1,42922;-3,84831;0,976367;60;309,744
1840;0,5;198;0;265;2766,76;4798,8;-11,738;60;307,682;265,6;264,526;263;29,7537;1,49539;-3,84008;0,887083;265;0;5,42692;24,1977;0;1,50588;-3,83867;0,87355;60;309,735
1841;0,5;198;0;265;2767,9;4802,93;-11,738;60;307,769;265,7;264,513;263;29,4352;1,54971;-3,83151;0,781776;265;0;4,9741;24,2501;0;1,55801;-3,83005;0,765266;60;309,692
1842;0,5;198;0;265;2767,2;4802,95;-11,738;60;307,878;265,8;264,502;263;28,8633;1,59048;-3,82119;0,616078;265;0;4,30485;24,306;0;1,59451;-3,81969;0,590955;60;309,578
1843;0,5;198;0;265;2763,39;4791,37;-11,738;60;308,073;265,4;264,5;263;27,8498;1,60073;-3,8122;0,430086;265;0;3,41395;24,3455;0;1,60073;-3,8107;0,398995;60;309,411
1844;0,5;198;0;265;2767,15;4799,49;-11,738;60;308,116;265,1;264,503;263,1;27,0682;1,58901;-3,80173;0,207156;265;0;2,54603;24,3812;0;1,58901;-3,80024;0,19218;60;309,187
1845;0,5;192;0;265;2770,98;4811,67;-11,738;60;308,312;264,8;264,482;262,9;27,1947;1,67251;-3,79113;0,479053;265;0;3,31846;24,4116;0;1,70022;-3,78955;0,577965;60;309,553
1846;0,5;186;0;265;2765,8;4796,24;-11,738;60;308,377;264,9;264,421;262,1;29,5362;1,87405;-3,7812;1,13284;265;0;5,5236;24,4545;0;1,91458;-3,77943;1,24626;60;310,418
1847;0,5;188;0;265;2767,08;4793,54;-11,738;60;308,398;265,1;264,366;261,3;32,2167;2,13638;-3,76801;1,68119;265;0;7,86506;24,5341;0;2,16567;-3,766;1,70084;60;311,242
1848;0,5;206;0;265;2767,36;4802,66;-11,738;60;308,42;265,5;264,324;260,9;32,9215;2,30471;-3,7534;1,63559;265;0;8,21195;24,6293;0;2,32119;-3,75123;1,59677;60;311,379
1849;0,5;217;0;265;2764,94;4802,91;-11,738;60;308,442;265,8;264,302;261,2;32,5333;2,38235;-3,74018;1,34594;265;0;7,61558;24,7095;0;2,39053;-3,73795;1,28806;60;311,18
1850;0,5;219;0;265;2769,76;4797,25;-11,738;60;308,442;265,6;264,297;261,8;31,4414;2,41226;-3,72442;0,90345;265;0;6,42512;24,7917;0;2,41213;-3,72216;0,837552;60;310,784
1851;0,5;220;0;265;2769,29;4795,06;-11,738;60;308,464;265,5;264,3;262,3;30,137;2,39993;-3,70862;0,48189;265;0;5,10566;24,8592;0;2,3959;-3,70637;0,427641;60;310,365
1852;0,5;214;0;265;2768,24;4801,68;-11,738;60;308,594;265,3;264,307;262,9;29,0138;2,376;-3,69519;0,210983;265;0;3,87089;24,9041;0;2,37209;-3,69296;0,176905;60;310,084
1853;0,5;205;0;265;2769,65;4804,79;-11,738;60;308,594;265,2;264,315;263,3;28,1468;2,33926;-3,67971;-0,0207189;265;0;3,11201;24,9449;0;2,33547;-3,67751;-0,0374587;60;309,831
1854;0,5;195;0;265;2768,41;4795,25;-11,738;60;308,681;265,2;264,322;263,6;27,5539;2,3135;-3,66444;-0,112382;265;0;2,54511;24,9778;0;2,30984;-3,66227;-0,121907;60;309,729
1855;0,5;189;0;265;2772,21;4798,9;-11,738;60;308,724;265;264,328;263,9;27,144;2,29214;-3,65149;-0,1576;265;0;2,25407;25,0014;0;2,2886;-3,64934;-0,163267;60;309,675
1856;0,5;189;0;265;2771,44;4807,07;-11,738;60;308,789;264,8;264,333;263,9;26,9778;2,27004;-3,63652;-0,177088;265;0;1,97886;25,025;0;2,2687;-3,6344;-0,170757;60;309,649
1857;0,5;186;0;265;2765,11;4799,64;-11,738;60;308,811;264,7;264,333;263,8;27,1339;2,26846;-3,62165;-0,105649;265;0;2,03782;25,048;0;2,27102;-3,61952;-0,0856572;60;309,733
1858;0,5;183;0;265;2766,65;4790,92;-11,738;60;308,919;264,5;264,326;263,7;27,4002;2,29458;-3,60669;0,0426281;265;0;2,33005;25,0701;0;2,29458;-3,60669;0,0426281;60;309,896
1859;0,5;183;0;265;2771,49;4800,17;-11,738;60;308,963;264,6;264,32;263,5;27,7156;2,32144;-3,5937;0,135194;265;0;2,80768;25,0992;0;2,32583;-3,59152;0,1466;60;310,055
1860;0,5;183;0;265;2770;4804,26;-11,738;60;308,941;264,4;264,318;263,3;27,903;2,32998;-3,57842;0,106335;265;0;2,79267;25,1323;0;2,32632;-3,57624;0,0809991;60;310,05
1861;0,5;183;0;265;2767,84;4795,51;-11,738;60;308,919;264,3;264,331;263;27,2277;2,277;-3,56327;-0,153488;265;0;2,07059;25,1571;0;2,277;-3,56327;-0,153488;60;309,809
1862;0,5;183;0;265;2768,66;4796,6;-11,738;60;308,811;264,3;264,358;262,9;26,3764;2,18777;-3,55069;-0,463051;265;0;1,06653;25,176;0;2,16885;-3,54865;-0,520764;60;309,366
1863;0,5;182;0;265;2768,71;4800,41;-11,738;60;308,832;264,2;264,385;262,8;25,1805;2,06106;-3,53676;-0,763083;265;0;0;25,1805;0;2,04678;-3,53484;-0,77675;60;308,953
1864;0,5;175;0;265;2773,05;4806,53;-11,738;60;308,767;264;264,412;262,9;25,1805;1,95254;-3,52358;-0,878305;265;0;0;25,1805;0;1,95254;-3,52358;-0,878305;60;308,784
1865;0,5;174;0;265;2774,58;4800,52;-11,738;60;308,681;263,7;264,447;263;25,1805;1,83511;-3,51291;-1,03729;265;0;-0,010199;25,1805;0;1,81387;-3,5112;-1,06467;60;308,477
1866;0,5;172;0;265;2771,51;4792,42;-11,738;60;308,55;263,6;264,481;262,8;24,6984;1,67715;-3,50138;-1,2318;265;0;-0,642371;25,1765;0;1,65273;-3,49982;-1,26041;60;308,136
1867;0,5;170;0;265;2774,99;4803,79;-11,738;60;308,464;263,5;264,523;262,6;23,9712;1,50881;-3,49093;-1,38255;265;0;-1,19526;25,1664;0;1,50881;-3,49093;-1,38255;60;307,865
1868;0,5;163;0;265;2774,04;4803,1;-11,738;60;308,42;263,6;264,555;261,9;23,5892;1,38125;-3,48282;-1,38715;265;0;-1,48466;25,1493;0;1,37039;-3,48153;-1,33923;60;307,704
1869;0,5;161;0;265;2777,18;4789,44;-11,738;60;308,355;263,9;264,557;261,9;24,9118;1,37002;-3,47513;-0,91623;265;0;0;25,1409;0;1,37832;-3,47255;-0,749653;60;308,257
1870;0,5;162;0;265;2784,79;4797,91;-11,738;60;308,203;264,3;264,554;262,3;25,8372;1,38479;-3,46476;-0,458751;265;0;0,694556;25,1426;0;1,38479;-3,46476;-0,458751;60;308,635
1871;0,5;165;0;265;2779,61;4803,1;-11,738;60;308,181;264,9;264,568;262,7;25,7819;1,32888;-3,45582;-0,50003;265;0;0,63056;25,1513;0;1,32888;-3,45582;-0,50003;60;308,592
1872;0,5;170;0;265;2775,85;4795,94;-11,738;60;308,095;265,2;264,591;262,3;25,3921;1,24807;-3,44857;-0,642793;265;0;0,163;25,1563;0;1,23782;-3,44741;-0,645742;60;308,349
1873;0,5;170;0;265;2778,14;4793,64;-11,738;60;308,008;265;264,596;262,1;25,6452;1,21499;-3,44168;-0,531916;265;0;0,677527;25,1592;0;1,21487;-3,44054;-0,494053;60;308,434
1874;0,5;170;0;265;2778,88;4796,48;-11,738;60;307,921;264,5;264,598;262,2;26,6321;1,20852;-3,43372;-0,343017;265;0;1,50919;25,1727;0;1,20657;-3,43259;-0,327634;60;308,624
1875;0,5;171;0;265;2779,35;4805,93;-11,738;60;307,878;264,1;264,606;262,6;26,789;1,17483;-3,42588;-0,338844;265;0;1,63938;25,1912;0;1,16897;-3,42478;-0,342587;60;308,602
1876;0,5;178;0;265;2773,16;4803,22;-11,738;60;307,812;263,9;264,619;262,8;26,7275;1,12991;-3,4194;-0,398196;265;0;1,47623;25,2071;0;1,12222;-3,41834;-0,406473;60;308,505
1877;0,5;178;0;265;2768;4792,19;-11,738;60;307,812;264,1;264,632;262,9;26,3969;1,07107;-3,41216;-0,467545;265;0;1,11341;25,2231;0;1,06167;-3,41116;-0,479045;60;308,384
1878;0,5;178;0;265;2771,65;4803,5;-11,738;60;307,726;264,6;264,65;263,2;26,2309;1,00063;-3,40536;-0,553612;265;0;0,924719;25,2358;0;0,989648;-3,40442;-0,566538;60;308,234
1879;0,5;178;0;265;2771,88;4811,18;-11,738;60;307,747;264,9;264,669;263,5;25,7945;0,935693;-3,39991;-0,614245;265;0;0,499182;25,2428;0;0,925073;-3,39904;-0,621023;60;308,097
1880;0,5;174;0;265;2768,88;4797,23;-11,738;60;307,661;265,1;264,684;263,6;25,7409;0,862329;-3,39401;-0,648369;265;0;0,324683;25,2479;0;0,852075;-3,39321;-0,650916;60;308,012
1881;0,5;174;0;265;2769,1;4798,55;-11,738;60;307,617;265,1;264,702;263,6;25,6398;0,791528;-3,38859;-0,658576;265;0;0,358282;25,2523;0;0,779565;-3,38785;-0,66862;60;307,937
1882;0,5;174;0;265;2768,24;4806,51;-11,738;60;307,552;264,9;264,723;263,6;25,3869;0,720483;-3,38434;-0,705702;265;0;0,211798;25,2548;0;0,708887;-3,38367;-0,710575;60;307,823
1883;0,5;174;0;265;2767,26;4806,82;-11,738;60;307,53;264,8;264,738;263,5;25,3749;0,648462;-3,37986;-0,693694;265;0;0,305731;25,2565;0;0,639307;-3,37925;-0,687669;60;307,767
1884;0,5;174;0;265;2770,25;4799,24;-11,738;60;307,422;264,9;264,754;263,5;25,6369;0,58291;-3,37581;-0,666943;265;0;0,331641;25,2593;0;0,571924;-3,37527;-0,671677;60;307,732
1885;0,5;174;0;265;2769,19;4794,61;-11,738;60;307,357;265;264,773;263,8;25,6473;0,507471;-3,37223;-0,687503;265;0;0,284949;25,2623;0;0,507471;-3,37223;-0,687503;60;307,652
1886;0,5;174;0;265;2766,95;4804,04;-11,738;60;307,292;265,1;264,791;264,1;25,7455;0,444849;-3,36956;-0,690162;265;0;0,257117;25,2657;0;0,434595;-3,36915;-0,689687;60;307,577
1887;0,5;174;0;265;2767,44;4807,14;-11,738;60;307,161;265,2;264,806;264,2;25,7597;0,374048;-3,36687;-0,683292;265;0;0,464026;25,2712;0;0,36416;-3,36653;-0,681549;60;307,516
1888;0,5;174;0;265;2765,14;4793,03;-11,738;60;307,096;265,4;264,826;264,4;25,6505;0,294214;-3,36468;-0,715867;265;0;0,373846;25,2767;0;0,294214;-3,36468;-0,715867;60;307,421
1889;0,5;174;0;265;2769,38;4794,87;-11,738;60;306,901;265,8;264,843;264,6;26,0603;0,234277;-3,3632;-0,693235;265;0;0,807166;25,2832;0;0,227197;-3,36299;-0,677243;60;307,37
1890;0,5;174;0;265;2770,24;4806,6;-11,738;60;306,814;265,8;264,848;264,7;26,7365;0,206689;-3,36179;-0,507936;265;0;1,54499;25,2952;0;0,205713;-3,36159;-0,475924;60;307,529
1891;0,5;174;0;265;2764,28;4801,34;-11,738;60;306,771;265,6;264,847;264,6;27,608;0,211572;-3,36042;-0,279798;265;0;2,29426;25,3137;0;0,211572;-3,36042;-0,279798;60;307,736
1892;0,5;180;0;265;2767,08;4793,53;-11,738;60;306,662;265,3;264,846;264,5;28,3775;0,216821;-3,35921;-0,157314;265;0;3,09067;25,3453;0;0,217676;-3,35901;-0,141824;60;307,893
1893;0,5;183;0;265;2769,56;4800,8;-11,738;60;306,619;265,1;264,844;264,5;28,8505;0,222803;-3,35777;-0,0697613;265;0;3,50577;25,3833;0;0,223657;-3,35756;-0,0606003;60;307,988
1894;0,5;189;0;265;2769,18;4805,54;-11,738;60;306,554;265;264,843;264,4;29,2785;0,226831;-3,35629;-0,0273944;265;0;3,85816;25,4204;0;0,226831;-3,35629;-0,0273944;60;308,04
1895;0,5;192;0;265;2769,84;4801,29;-11,738;60;306,554;264,8;264,846;264,4;29,1736;0,21499;-3,35484;-0,0640126;265;0;3,70865;25,465;0;0,21499;-3,35484;-0,0640126;60;307,99
1896;0,5;196;0;265;2765,9;4798,96;-11,738;60;306,51;264,7;264,837;263,8;29,5164;0,238306;-3,3536;0,0649307;265;0;4,2945;25,5101;0;0,251001;-3,35337;0,121419;60;308,142
1897;0,5;197;0;265;2765,17;4800,58;-11,738;60;306,597;264,9;264,813;263,4;30,9473;0,346216;-3,35169;0,460365;265;0;5,38874;25,5586;0;0,346216;-3,35169;0,460365;60;308,593
1898;0,5;201;0;265;2767,82;4810,61;-11,738;60;306,576;265,1;264,8;263,2;31,5161;0,398828;-3,34957;0,49855;265;0;5,89365;25,6281;0;0,402856;-3,34919;0,481924;60;308,74
1899;0,5;206;0;265;2766,96;4800,54;-11,738;60;306,619;265,7;264,799;263,5;31,0105;0,404687;-3,3469;0,308305;265;0;5,08808;25,6937;0;0,402734;-3,34652;0,276605;60;308,558
1900;0,5;209;0;265;2767,18;4792,23;-11,738;60;306,727;266;264,809;263,9;30,1576;0,372949;-3,3447;0,0634764;265;0;4,06965;25,7407;0;0,365137;-3,34435;0,0212372;60;308,284
1901;0,5;208;0;265;2769,08;4807,55;-11,738;60;306,662;265,7;264,824;263,9;29,1164;0,304834;-3,34246;-0,233011;265;0;2,98255;25,7836;0;0,293359;-3,34218;-0,271466;60;307,922
1902;0,5;201;0;265;2764,42;4805,61;-11,738;60;306,771;265,6;264,846;263,8;27,7903;0,21731;-3,34073;-0,481463;265;0;1,84968;25,812;0;0,204126;-3,34054;-0,510194;60;307,587
1903;0,5;195;0;265;2767,39;4797,5;-11,738;60;306,814;265,5;264,868;263,4;27,0534;0,139307;-3,33973;-0,620764;265;0;1,07047;25,8271;0;0,126489;-3,33961;-0,63766;60;307,371
1904;0,5;187;0;265;2772,21;4801,62;-11,738;60;306,858;265,5;264,887;262,5;26,3122;0,051416;-3,33911;-0,708538;265;0;0,480231;25,8345;0;0,0390869;-3,33907;-0,716736;60;307,196
1905;0,5;182;0;265;2766,27;4802,73;-11,738;60;306,966;265,5;264,905;261,6;25,9608;0;-3,339;-0,598773;265;0;0,26499;25,8361;0;0;-3,339;-0,555488;60;307,254
1906;0,5;174;0;265;2765,46;4806,72;-11,738;60;306,966;265,5;264,913;261,7;26,5369;0;-3,339;-0,381714;265;0;0,803687;25,843;0;0;-3,339;-0,328521;60;307,499
1907;0,5;175;0;265;2763,12;4797,78;-11,738;60;307,096;265,5;264,905;262,1;26,7921;0;-3,339;-0,225749;265;0;0,993475;25,853;0;0;-3,339;-0,20943;60;307,628
1908;0,5;178;0;265;2766,47;4796,36;-11,738;60;307,031;266,2;264,89;262,4;27,7603;0,039331;-3,33894;0,0397871;265;0;2,10355;25,8709;0;0,0511719;-3,3389;0,0939751;60;307,932
1909;0,5;181;0;265;2772,36;4809;-11,738;60;307,01;266,5;264,867;262,7;29,0261;0,116968;-3,33851;0,339963;265;0;3,30344;25,8985;0;0,130273;-3,33839;0,379511;60;308,311
1910;0,5;186;0;265;2766,37;4802,6;-11,738;60;306,988;266,4;264,848;262,7;30,1303;0,209009;-3,33744;0,558721;265;0;4,3042;25,9435;0;0,221948;-3,33723;0,58069;60;308,623
1911;0,5;194;0;265;2764,34;4794,24;-11,738;60;306,966;266;264,826;262,4;30,908;0,297998;-3,33577;0,676113;265;0;4,79804;25,997;0;0,310449;-3,33548;0,687243;60;308,831
1912;0,5;202;0;265;2768,77;4806,06;-11,738;60;306,988;266,1;264,804;262,3;31,3561;0,383691;-3,33353;0,732827;265;0;5,3079;26,0483;0;0,383691;-3,33353;0,732827;60;308,957
1913;0,5;205;0;265;2768,29;4809,8;-11,738;60;307,031;266,1;264,789;262,5;31,3482;0,443018;-3,3308;0,657292;265;0;5,2374;26,1108;0;0,443018;-3,3308;0,657292;60;308,977
1914;0,5;205;0;265;2767,91;4801,32;-11,738;60;306,988;266;264,786;263;31,3599;0,457544;-3,32825;0,473091;265;0;4,82047;26,1713;0;0,457178;-3,32782;0,437127;60;308,795
1915;0,5;206;0;265;2768;4797,1;-11,738;60;307,053;265,9;264,786;263,4;30,3032;0,455225;-3,32526;0,270949;265;0;3,89048;26,2225;0;0,453027;-3,32483;0,240773;60;308,593
1916;0,5;205;0;265;2766,52;4802,88;-11,738;60;307,031;265,7;264,79;263,8;29,8561;0,442041;-3,32273;0,119627;265;0;3,5998;26,2598;0;0,439844;-3,32232;0,10039;60;308,431
1917;0,5;203;0;265;2765,51;4809,62;-11,738;60;307,118;265,5;264,793;263,8;29,3124;0,426904;-3,31988;0,0120305;265;0;2,84952;26,2973;0;0,424829;-3,31948;0,00115992;60;308,311
1918;0,5;201;0;265;2767,73;4801,94;-11,738;60;307,118;265,5;264,784;263,2;29,7295;0,463892;-3,31703;0,173266;265;0;3,40442;26,3251;0;0,463892;-3,31703;0,173266;60;308,453
1919;0,5;201;0;265;2769,26;4794,2;-11,738;60;307,248;265,4;264,762;263,2;30,5458;0,552759;-3,31418;0,470288;265;0;4,35859;26,3694;0;0,568018;-3,31365;0,509827;60;308,901
1920;0,5;203;0;265;2771,67;4801,33;-11,738;60;307,183;265,4;264,737;263,4;31,6677;0,643823;-3,31023;0,626035;265;0;5,30616;26,4254;0;0,652612;-3,30962;0,623137;60;309,152
1921;0,5;205;0;265;2771,28;4808,67;-11,738;60;307,227;265,2;264,727;263,5;31,8695;0,687769;-3,30647;0,571573;265;0;5,15574;26,4796;0;0,692285;-3,30583;0,552021;60;309,145
1922;0,5;212;0;265;2764,42;4794,07;-11,738;60;307,335;265,4;264,724;263,7;30,9617;0,703394;-3,30189;0,392444;265;0;4,41846;26,5349;0;0,703882;-3,30123;0,366428;60;308,986
1923;0,5;210;0;265;2769,99;4793,04;-11,738;60;307,378;265,5;264,726;263,8;30,2975;0,69668;-3,29728;0,20325;265;0;3,64933;26,5816;0;0,693262;-3,29663;0,172085;60;308,795
1924;0,5;207;0;265;2768,79;4802,6;-11,738;60;307,574;265,3;264,733;264;29,3839;0,672022;-3,29343;0,0276896;265;0;2,57166;26,6162;0;0,661279;-3,29218;-0,0260675;60;308,566
1925;0,5;203;0;265;2765,19;4800,9;-11,738;60;307,595;265,1;264,743;264,2;28,4472;0,626978;-3,28915;-0,16205;265;0;1,71766;26,6383;0;0,619775;-3,28857;-0,185045;60;308,368
1926;0,5;197;0;265;2765,82;4795,42;-11,738;60;307,639;265,1;264,756;264,1;27,7898;0,577661;-3,2852;-0,287429;265;0;1,07523;26,656;0;0,570825;-3,28466;-0,299596;60;308,197
1927;0,5;191;0;265;2763,59;4796,6;-11,738;60;307,682;264,9;264,77;263,7;27,1908;0,520532;-3,28159;-0,3947;265;0;0,527747;26,663;0;0,520532;-3,28159;-0,3947;60;308,058
1928;0,5;188;0;265;2767,8;4803,89;-11,738;60;307,769;264,8;264,785;263,7;26,6669;0,469873;-3,27881;-0,455426;265;0;0;26,6669;0;0,461572;-3,27837;-0,462508;60;307,928
1929;0,5;184;0;265;2770,88;4806,63;-11,738;60;307,791;264,7;264,797;263,7;26,6669;0,412622;-3,27591;-0,491771;265;0;0;26,6669;0;0,406519;-3,27553;-0,485636;60;307,837
1930;0,5;183;0;265;2766,26;4792,72;-11,738;60;307,769;264,9;264,807;263,8;26,6669;0,370874;-3,27334;-0,45301;265;0;0;26,6669;0;0,370874;-3,27334;-0,45301;60;307,837
1931;0,5;182;0;265;2768,49;4794,12;-11,738;60;307,769;264,9;264,812;263,8;26,6669;0,353906;-3,27131;-0,354174;265;0;0;26,6669;0;0,352197;-3,27098;-0,336807;60;307,921
1932;0,5;182;0;265;2768,66;4810,57;-11,738;60;307,704;264,9;264,811;263,7;27,1422;0,357812;-3,26899;-0,189533;265;0;0,758002;26,6689;0;0,362085;-3,26865;-0,155242;60;308,092
1933;0,5;182;0;265;2765,97;4798,79;-11,738;60;307,812;265,2;264,799;263,4;27,668;0,402734;-3,26652;0,0712633;265;0;1,35703;26,6788;0;0,412744;-3,26614;0,114352;60;308,4
1934;0,5;183;0;265;2771,35;4791,87;-11,738;60;307,595;265,2;264,777;263,1;28,9209;0,475732;-3,26407;0,34421;265;0;2,85795;26,6979;0;0,491357;-3,26361;0,394628;60;308,748
1935;0,5;184;0;265;2771,08;4797,75;-11,738;60;307,726;264,7;264,752;262,9;30,3258;0,591455;-3,26058;0,656785;265;0;3,89295;26,7373;0;0,608545;-3,26001;0,691667;60;309,18
1936;0,5;195;0;265;2765,94;4801,09;-11,738;60;307,747;264,2;264,721;262,7;31,3958;0,717065;-3,25629;0,879872;265;0;4,61539;26,7804;0;0,717065;-3,25629;0,879872;60;309,486
1937;0,5;201;0;265;2766,85;4802,1;-11,738;60;307,639;263,9;264,682;262,8;33,0985;0,847803;-3,25191;1,09311;265;0;6,12711;26,8454;0;0,871484;-3,2511;1,12822;60;309,881
1938;0,5;212;0;265;2766,81;4792,36;-11,738;60;307,682;263,8;264,651;263;33,7238;0,997705;-3,24582;1,22067;265;0;6,84763;26,9226;0;1,01467;-3,24488;1,2142;60;310,165
1939;0,5;218;0;265;2769,2;4796,38;-11,738;60;307,617;263,7;264,629;263,1;34,2311;1,07656;-3,23996;1,08713;265;0;6,89643;26,9938;0;1,08315;-3,23895;1,04031;60;310,116
1940;0,5;227;0;265;2772,98;4806,98;-11,738;60;307,617;263,9;264,625;263;33,0882;1,09829;-3,23279;0,717534;265;0;5,67905;27,0681;0;1,09683;-3,23176;0,658604;60;309,775
1941;0,5;226;0;265;2764,54;4794,86;-11,738;60;307,791;264,3;264,631;263,2;31,4492;1,07607;-3,22564;0,333403;265;0;4,15589;27,1257;0;1,0707;-3,22464;0,283417;60;309,376
1942;0,5;219;0;265;2765,02;4789,47;-11,738;60;307,921;264,7;264,64;263,6;30,3427;1,04434;-3,21968;0,0848489;265;0;2,94236;27,1609;0;1,03909;-3,2187;0,053419;60;309,102
1943;0,5;212;0;265;2769,18;4799,39;-11,738;60;308,073;265;264,652;263,8;28,935;0,992334;-3,21298;-0,15824;265;0;1,62144;27,1883;0;0,98147;-3,21205;-0,199159;60;308,813
1944;0,5;203;0;265;2768,33;4801,42;-11,738;60;308,138;265,6;264,674;264;27,6732;0,902856;-3,20674;-0,447112;265;0;0,049292;27,2011;0;0,88833;-3,2059;-0,484797;60;308,441
1945;0,5;194;0;265;2768,44;4792,9;-11,738;60;308,268;266,4;264,699;264,3;27,2012;0,802881;-3,20115;-0,652826;265;0;0;27,2012;0;0,788843;-3,2004;-0,673287;60;308,141
1946;0,5;188;0;265;2767,54;4792,58;-11,738;60;308,355;266;264,723;264,6;26,7076;0,719873;-3,19687;-0,750112;265;0;-0,569678;27,1997;0;0,706323;-3,1962;-0,761187;60;307,965
1947;0,5;187;0;265;2764,54;4801,75;-11,738;60;308,464;265,7;264,742;264,7;26,0052;0,633936;-3,19244;-0,774176;265;0;-1,34202;27,1891;0;0,62478;-3,19185;-0,762333;60;307,86
1948;0,5;179;0;265;2765,76;4803,46;-11,738;60;308,42;265;264,754;264,7;26,292;0,584619;-3,18846;-0,64377;265;0;-0,885626;27,1776;0;0,584619;-3,18846;-0,64377;60;307,925
1949;0,5;175;0;265;2768,68;4795,1;-11,738;60;308,55;264,5;264,758;264;26,187;0,567285;-3,18523;-0,475227;265;0;-0,75379;27,1664;0;0,566431;-3,1847;-0,444991;60;308,099
1950;0,5;174;0;265;2768,88;4789,95;-11,738;60;308,594;264,3;264,753;263,4;27,0768;0,589136;-3,18146;-0,188333;265;0;0;27,1619;0;0,594141;-3,18091;-0,150599;60;308,412
1951;0,5;177;0;265;2770,36;4800,9;-11,738;60;308,572;264,1;264,744;263,3;27,1619;0,625757;-3,17747;0,0297101;265;0;0;27,1619;0;0,625757;-3,17747;0,0297101;60;308,642
1952;0,5;178;0;265;2765,85;4802,33;-11,738;60;308,594;264;264,738;263,4;27,1619;0,648584;-3,17388;0,108152;265;0;0;27,1619;0;0,651392;-3,17327;0,113864;60;308,775
1953;0,5;181;0;265;2764,19;4790,84;-11,738;60;308,615;264,1;264,736;263,6;27,1619;0,657739;-3,16958;0,0967563;265;0;0;27,1619;0;0,656397;-3,16897;0,0832908;60;308,777
1954;0,5;183;0;265;2771,36;4796,22;-11,738;60;308,572;264,2;264,737;263,6;27,1619;0,65188;-3,16591;0,0398199;265;0;0;27,1619;0;0,652612;-3,16529;0,0404711;60;308,718
1955;0,5;183;0;265;2768,15;4804,13;-11,738;60;308,615;264,4;264,737;263,6;27,1619;0,652856;-3,16162;0,0242216;265;0;0;27,1619;0;0,651514;-3,161;0,0159993;60;308,708
1956;0,5;183;0;265;2764,65;4798,67;-11,738;60;308,637;264,5;264,741;263,7;27,1619;0,634302;-3,15738;-0,0604388;265;0;0;27,1619;0;0,631128;-3,15679;-0,0713653;60;308,609
1957;0,5;183;0;265;2766,13;4796,14;-11,738;60;308,681;264,6;264,749;264;27,1619;0,607324;-3,15388;-0,149463;265;0;-0,00836791;27,1619;0;0,597192;-3,15276;-0,175677;60;308,478
1958;0,5;183;0;265;2764,31;4798,82;-11,738;60;308,746;265;264,756;264,1;26,7304;0,574365;-3,15001;-0,214509;265;0;-0,300513;27,16;0;0,571558;-3,14948;-0,212533;60;308,402
1959;0,5;183;0;265;2770,36;4805,58;-11,738;60;308,659;265,2;264,761;264,2;26,976;0,554712;-3,14631;-0,20334;265;0;-0,184515;27,1572;0;0,551904;-3,14579;-0,202172;60;308,397
1960;0,5;182;0;265;2769,72;4804,35;-11,738;60;308,746;265,2;264,763;264,3;27,0186;0,548242;-3,14321;-0,154201;265;0;-0,307654;27,1547;0;0,54751;-3,1427;-0,146584;60;308,443
1961;0,5;182;0;265;2765,54;4791,04;-11,738;60;308,702;265,1;264,764;264,2;27,085;0,54519;-3,13963;-0,101146;265;0;-0,0167908;27,1518;0;0,546533;-3,13912;-0,0873629;60;308,497
1962;0,5;183;0;265;2767,1;4800,28;-11,738;60;308,789;265,1;264,763;263,9;27,0447;0,548364;-3,13603;-0,0511284;265;0;0;27,1514;0;0,547632;-3,13552;-0,0509621;60;308,553
1963;0,5;182;0;265;2766,5;4808,95;-11,738;60;308,767;265,2;264,765;263,8;27,0735;0,539331;-3,13245;-0,0683336;265;0;-0,0772156;27,1507;0;0,539331;-3,13245;-0,0683336;60;308,542
1964;0,5;182;0;265;2765,66;4797,89;-11,738;60;308,724;265,3;264,773;263,8;26,8703;0,507349;-3,12949;-0,17766;265;0;-0,394537;27,1485;0;0,498804;-3,12902;-0,205998;60;308,392
1965;0,5;182;0;265;2769,68;4792,8;-11,738;60;308,746;265,4;264,792;263,7;25,9253;0,432642;-3,12639;-0,401705;265;0;-1,3465;27,138;0;0,420435;-3,12599;-0,431495;60;308,097
1966;0,5;176;0;265;2769,66;4800,62;-11,738;60;308,767;265,3;264,809;263,3;25,2261;0,368433;-3,12415;-0,510071;265;0;-1,92264;27,1207;0;0,362573;-3,12381;-0,501437;60;307,926
1967;0,5;174;0;265;2764,16;4802,57;-11,738;60;308,789;265,3;264,804;263,5;25,8157;0,383569;-3,12174;-0,22551;265;0;-1,14655;27,1009;0;0,391626;-3,12137;-0,170381;60;308,229
1968;0,5;174;0;265;2765,5;4799,7;-11,738;60;308,702;265,6;264,792;263,8;27,0953;0,433252;-3,11904;0,0560927;265;0;0;27,0953;0;0,437036;-3,11864;0,0702747;60;308,563
1969;0,5;174;0;265;2767,1;4791,38;-11,738;60;308,637;266;264,792;264;27,0953;0,435937;-3,11658;0,0411941;265;0;0;27,0953;0;0,431665;-3,11618;0,017626;60;308,553
1970;0,5;178;0;265;2772,13;4799,23;-11,738;60;308,724;266,2;264,803;264,3;26,5475;0,389307;-3,11386;-0,161784;265;0;-0,133337;27,0926;0;0,379297;-3,1135;-0,198328;60;308,306
1971;0,5;178;0;265;2775,44;4805,67;-11,738;60;308,55;266,3;264,821;264,5;26,2094;0,316553;-3,11154;-0,381306;265;0;-1,00318;27,0855;0;0,304956;-3,11124;-0,40963;60;308,016
1972;0,5;176;0;265;2768,31;4793,72;-11,738;60;308,42;266,5;264,841;264,3;25,8493;0,236841;-3,10972;-0,5352;265;0;-1,30787;27,0721;0;0,227563;-3,1095;-0,541221;60;307,784
1973;0,5;174;0;265;2768,89;4790,89;-11,738;60;308,355;266,6;264,855;264;25,7173;0,186304;-3,10854;-0,541928;265;0;-1,28086;27,0589;0;0,179468;-3,10837;-0,535697;60;307,728
1974;0,5;174;0;265;2773,05;4803,88;-11,738;60;308,268;266,1;264,859;263,5;26,2941;0,162256;-3,10743;-0,404327;265;0;-0,676337;27,0483;0;0,165552;-3,10728;-0,359215;60;307,843
1975;0,5;174;0;265;2771,4;4804,78;-11,738;60;308,138;265,5;264,841;262,2;27,0467;0,235742;-3,10619;0,0665881;265;0;0;27,0467;0;0,235742;-3,10619;0,0665881;60;308,289
1976;0,5;177;0;265;2770,32;4792,04;-11,738;60;308,03;264,8;264,797;261,1;29,3361;0,383203;-3,10447;0,643646;265;0;2,65543;27,0617;0;0,413232;-3,1041;0,741837;60;309,115
1977;0,5;182;0;265;2769,01;4794,64;-11,738;60;308,008;264,3;264,754;260,3;31,7461;0,582666;-3,10128;1,15029;265;0;4,84839;27,1057;0;0,60769;-3,10072;1,18773;60;309,824
1978;0,5;196;0;265;2765,17;4800,94;-11,738;60;308,008;264;264,718;260,2;32,6867;0,711328;-3,09762;1,24442;265;0;5,52772;27,1589;0;0,727808;-3,09694;1,23388;60;310,05
1979;0,5;208;0;265;2767,27;4802,96;-11,738;60;307,943;264;264,696;260,3;32,9389;0,816797;-3,0926;1,14479;265;0;5,75568;27,2247;0;0,834741;-3,09182;1,14851;60;310,061
1980;0,5;218;0;265;2769,94;4794,71;-11,738;60;307,921;264,3;264,658;260,6;33,8284;0,969995;-3,08677;1,28401;265;0;6,71552;27,2961;0;0,995142;-3,08585;1,31238;60;310,359
1981;0,5;220;0;265;2768,63;4790,43;-11,738;60;307,964;265;264,612;261,3;34,7767;1,12686;-3,08088;1,45201;265;0;7,57749;27,3678;0;1,15127;-3,07981;1,4647;60;310,69
1982;0,5;230;0;265;2772,52;4805,29;-11,738;60;307,921;265,1;264,578;261,8;35,6744;1,28689;-3,07294;1,47691;265;0;8,28638;27,4617;0;1,30642;-3,07173;1,46428;60;310,883
1983;0,5;232;0;265;2765,89;4804,27;-11,738;60;307,986;265,3;264,548;262,1;35,6642;1,40981;-3,06407;1,34458;265;0;8,02436;27,5569;0;1,42471;-3,06274;1,31915;60;310,883
1984;0,5;240;0;265;2764,85;4789,78;-11,738;60;308,073;265,5;264,526;262,4;35,1411;1,49502;-3,05452;1,121;265;0;7,50535;27,6357;0;1,49502;-3,05452;1,121;60;310,775
1985;0,5;240;0;265;2772,05;4799,7;-11,738;60;308,116;265,5;264,517;262,6;34,5105;1,53359;-3,04599;0,86501;265;0;6,68567;27,7199;0;1,53591;-3,04455;0,813657;60;310,545
1986;0,5;237;0;265;2769,76;4804,81;-11,738;60;308,203;265,2;264,515;262,8;33,3656;1,53958;-3,03589;0,530149;265;0;5,40384;27,7907;0;1,53982;-3,03444;0,493001;60;310,226
1987;0,5;234;0;265;2768,34;4801,61;-11,738;60;308,377;264,8;264,507;263,1;32,6239;1,57327;-3,02572;0,459637;265;0;4,78284;27,8411;0;1,57327;-3,02572;0,459637;60;310,171
1988;0,5;226;0;265;2765,55;4797,55;-11,738;60;308,572;264,5;264,481;262,8;33,1833;1,65908;-3,01664;0,642127;265;0;5,11436;27,8994;0;1,67678;-3,01508;0,681011;60;310,477
1989;0,5;223;0;265;2765,67;4798,71;-11,738;60;308,615;264,4;264,446;262,5;34,2673;1,8168;-3,00528;1,00656;265;0;6,38932;27,9665;0;1,84377;-3,00356;1,06381;60;311,01
1990;0,5;227;0;265;2769,96;4808,15;-11,738;60;308,789;264,4;264,397;262,4;35,5696;2,01235;-2,99272;1,35779;265;0;7,5319;28,0377;0;2,01235;-2,99272;1,35779;60;311,5
1991;0,5;231;0;265;2769,49;4803,94;-11,738;60;308,898;265,2;264,341;262,6;37,0042;2,23647;-2,97879;1,68006;265;0;8,87131;28,1329;0;2,23647;-2,97879;1,68006;60;312,055
1992;0,5;241;0;265;2767,14;4791,39;-11,738;60;309,028;266,4;264,302;262,6;37,3868;2,37295;-2,96797;1,71757;265;0;9,24695;28,2396;0;2,40908;-2,96349;1,64534;60;312,31
1993;0,5;245;0;265;2769,23;4800,86;-11,738;60;309,115;268,1;264,285;262,6;36,4239;2,45986;-2,94975;1,24024;265;0;8,09687;28,327;0;2,45986;-2,94975;1,24024;60;312,014
1994;0,5;246;0;265;2766,02;4806,16;-11,738;60;309,245;268,7;264,292;262,5;34,4463;2,43228;-2,93597;0,671643;265;0;5,61597;28,4076;0;2,42214;-2,93369;0,574261;60;311,36
1995;0,5;240;0;265;2764,03;4797,73;-11,738;60;309,44;268,6;264,314;262,4;31,7913;2,34426;-2,92028;0,049976;265;0;3,07841;28,4569;0;2,33254;-2,91809;-0,0101124;60;310,666
1996;0,5;225;0;265;2771,09;4793,02;-11,738;60;309,592;268,2;264,336;262,6;30,248;2,26882;-2,9073;-0,274461;265;0;1,2934;28,4819;0;2,24209;-2,90307;-0,360372;60;310,223
1997;0,5;219;0;265;2770,61;4799,55;-11,738;60;309,787;268,1;264,358;262,7;28,4879;2,16873;-2,89273;-0,554554;265;0;0;28,4879;0;2,15383;-2,8907;-0,586237;60;309,914
1998;0,5;202;0;265;2766,85;4805,51;-11,738;60;309,874;267,8;264,385;262,5;28,4358;2,06057;-2,87886;-0,746318;265;0;-0,0743774;28,4878;0;2,04629;-2,87693;-0,761198;60;309,628
1999;0,5;197;0;265;2764,11;4798,62;-11,738;60;309,961;267,5;264,398;262,2;28,2064;2,00759;-2,86557;-0,628197;265;0;-0,278448;28,4848;0;2,00759;-2,86557;-0,628197;60;309,668
2000;0,5;190;0;265;2763,3;4792,48;-11,738;60;310,048;267,1;264,397;262,2;28,4839;2,00747;-2,85429;-0,39793;265;0;0;28,4839;0;2,01138;-2,85241;-0,35034;60;309,948
2001;0,5;191;0;265;2770,97;4798,67;-11,738;60;310,069;266,8;264,389;262,4;28,4839;2,0447;-2,841;-0,0877679;265;0;0,116309;28,484;0;2,05044;-2,83908;-0,0537734;60;310,308
2002;0,5;191;0;265;2774,71;4809,03;-11,738;60;310,048;266,6;264,375;262,6;29,3556;2,09084;-2,82939;0,134609;265;0;1,02177;28,4891;0;2,10049;-2,82742;0,171353;60;310,588
2003;0,5;192;0;265;2771,88;4798,38;-11,738;60;310,113;266,3;264,362;262,2;30,0373;2,14675;-2,81546;0,291361;265;0;1,50617;28,504;0;2,152;-2,81345;0,295595;60;310,815
2004;0,5;196;0;265;2773,35;4792,02;-11,738;60;310,2;265,9;264,349;261,6;30,1849;2,20291;-2,80122;0,39983;265;0;1,78239;28,5223;0;2,21389;-2,79915;0,423873;60;310,994
2005;0,5;196;0;265;2776,48;4806,8;-11,738;60;310,156;265,6;264,333;261,7;30,8876;2,26699;-2,78655;0,483931;265;0;2,34461;28,543;0;2,26699;-2,78655;0,483931;60;311,138
2006;0,5;203;0;265;2774,23;4805,58;-11,738;60;310,135;265,4;264,316;262,1;31,4126;2,32437;-2,77364;0,541977;265;0;2,85126;28,5737;0;2,33474;-2,77146;0,552802;60;311,285
2007;0,5;205;0;265;2777,78;4798,29;-11,738;60;310,135;265,2;264,301;262,2;31,833;2,3959;-2,75815;0,59839;265;0;3,60712;28,61;0;2,40591;-2,7559;0,603374;60;311,428
2008;0,5;210;0;265;2777,89;4799,41;-11,738;60;310,091;265,4;264,28;261,9;32,1627;2,46316;-2,7445;0,65638;265;0;3,82841;28,6455;0;2,47878;-2,74218;0,684231;60;311,567
2009;0,5;214;0;265;2773,18;4802,57;-11,738;60;310,135;265,5;264,256;261,8;33,2085;2,57729;-2,72796;0,831426;265;0;4,68049;28,6949;0;2,59048;-2,72553;0,834859;60;311,873
2010;0,5;218;0;265;2774,05;4809,72;-11,738;60;310,113;265,4;264,239;262,1;33,4757;2,64395;-2,71079;0,739446;265;0;4,65604;28,7506;0;2,64675;-2,70831;0,699522;60;311,865
2011;0,5;219;0;265;2769,52;4798,25;-11,738;60;310,156;265,3;264,241;262,4;32,7054;2,64065;-2,6959;0,451574;265;0;3,69703;28,7926;0;2,63748;-2,69343;0,403634;60;311,589
2012;0,5;219;0;265;2773,78;4794,08;-11,738;60;310,156;265,4;264,242;262,3;31,9224;2,63027;-2,67863;0,233064;265;0;3,0622;28,8319;0;2,63101;-2,67616;0,219746;60;311,377
2013;0,5;218;0;265;2775,93;4808,41;-11,738;60;310,135;265,5;264,236;262,3;32,1059;2,65774;-2,6613;0,251701;265;0;3,31754;28,8695;0;2,66445;-2,6588;0,265861;60;311,44
2014;0,5;218;0;265;2769,6;4805,02;-11,738;60;310,113;265,4;264,228;262,5;32,4686;2,68545;-2,64626;0,268887;265;0;3,56244;28,9044;0;2,68801;-2,64374;0,261803;60;311,5
2015;0,5;218;0;265;2765,79;4794,93;-11,738;60;310,091;265,3;264,224;262,7;32,5522;2,70339;-2,62858;0,22885;265;0;3,61426;28,9456;0;2,70779;-2,62604;0,233485;60;311,496
2016;0,5;219;0;265;2768,11;4798,89;-11,738;60;310,091;265,3;264,214;262,8;32,9219;2,74429;-2,61071;0,297192;265;0;3,67011;28,9888;0;2,75259;-2,60814;0,315713;60;311,623
2017;0,5;219;0;265;2767,77;4805,23;-11,738;60;310,178;264,9;264,2;262,6;33,225;2,80129;-2,59252;0,39728;265;0;4,19636;29,0287;0;2,80129;-2,59252;0,39728;60;311,777
2018;0,5;218;0;265;2767,02;4807,08;-11,738;60;310,2;264,5;264,186;262,6;33,5464;2,84854;-2,57663;0,443378;265;0;4,52375;29,0798;0;2,85427;-2,57395;0,438977;60;311,908
2019;0,5;221;0;265;2766,98;4798,08;-11,738;60;310,286;264,7;264,182;262,7;33,2733;2,87246;-2,55783;0,348974;265;0;4,10828;29,1302;0;2,87209;-2,55514;0,321982;60;311,856
2020;0,5;226;0;265;2762,76;4795,07;-11,738;60;310,352;264,7;264,186;262,8;32,5579;2,85623;-2,53902;0,137534;265;0;3,38987;29,168;0;2,85623;-2,53902;0,137534;60;311,682
2021;0,5;224;0;265;2765,93;4806,16;-11,738;60;310,308;264,7;264,199;262,8;31,8779;2,803;-2,52308;-0,133038;265;0;2,49293;29,2037;0;2,79092;-2,52046;-0,181661;60;311,339
2022;0,5;222;0;265;2764,35;4805,3;-11,738;60;310,352;264,8;264,229;262,9;30,2569;2,68447;-2,50504;-0,550519;265;0;0,678625;29,2229;0;2,66299;-2,50253;-0,614262;60;310,821
2023;0,5;217;0;265;2764,03;4793,77;-11,738;60;310,417;265;264,269;262,8;29,2245;2,52493;-2,48794;-0,947035;265;0;0;29,2245;0;2,52493;-2,48794;-0,947035;60;310,347
2024;0,5;204;0;265;2767,55;4798,02;-11,738;60;310,525;265,4;264,303;262,5;28,638;2,40273;-2,4741;-1,08994;265;0;-0,882697;29,2212;0;2,38674;-2,47186;-1,08822;60;310,031
2025;0,5;199;0;265;2763,43;4808,34;-11,738;60;310,482;265,6;264,313;262,7;28,9822;2,34963;-2,45856;-0,835141;265;0;-0,165747;29,2142;0;2,34585;-2,45636;-0,793005;60;310,248
2026;0,5;196;0;265;2759,09;4801,62;-11,738;60;310,547;265,7;264,319;262,8;29,2135;2,32546;-2,44322;-0,588982;265;0;0;29,2135;0;2,32546;-2,44322;-0,588982;60;310,46
2027;0,5;196;0;265;2764,17;4799,07;-11,738;60;310,59;265,7;264,33;263;29,2135;2,27822;-2,43025;-0,571989;265;0;0;29,2135;0;2,26687;-2,42812;-0,585351;60;310,468
2028;0,5;197;0;265;2766,57;4801,69;-11,738;60;310,612;265,1;264,36;263,3;28,5741;2,16189;-2,41564;-0,803552;265;0;-0,831061;29,2099;0;2,13906;-2,41363;-0,855475;60;310,135
2029;0,5;196;0;265;2767,08;4802,8;-11,738;60;310,612;264,7;264,405;263,5;26,9832;2,0071;-2,4039;-1,1404;265;0;-2,50794;29,1898;0;1,95107;-2,40019;-1,24173;60;309,576
2030;0,5;188;0;265;2766,02;4804,19;-11,738;60;310,655;264,8;264,444;263,8;25,6609;1,82534;-2,39135;-1,37424;265;0;-3,61005;29,1581;0;1,80215;-2,38965;-1,38667;60;309,252
2031;0,5;179;0;265;2759,25;4790,08;-11,738;60;310,569;265,2;264,479;263,7;25,4788;1,68545;-2,37985;-1,35106;265;0;-3,66535;29,1138;0;1,66897;-2,37828;-1,33281;60;309,147
2032;0,5;174;0;265;2763,55;4798,26;-11,738;60;310,634;265,5;264,508;263,1;25,2485;1,58584;-2,37065;-1,26364;265;0;-3,8696;29,0758;0;1,5679;-2,36917;-1,25877;60;309,144
2033;0,5;174;0;265;2768,52;4809,88;-11,738;60;310,612;265,8;264,527;263;25,3861;1,49392;-2,36059;-1,09093;265;0;-3,53196;29,0329;0;1,48647;-2,35919;-1,04796;60;309,235
2034;0,5;174;0;265;2767,38;4798,17;-11,738;60;310,547;266;264,526;263,4;26,886;1,49783;-2,35084;-0,609358;265;0;-1,65568;29,0007;0;1,5043;-2,34943;-0,534128;60;309,73
2035;0,5;174;0;265;2772,1;4793,01;-11,738;60;310,417;265,9;264,515;263,6;28,6208;1,5342;-2,34231;-0,24363;265;0;-0,228369;28,9916;0;1,53848;-2,34086;-0,205428;60;310,141
2036;0,5;183;0;265;2770,12;4801,23;-11,738;60;310,395;266,1;264,517;263,7;28,9913;1,53225;-2,33221;-0,162577;265;0;0;28,9913;0;1,52651;-2,33077;-0,178474;60;310,23
2037;0,5;189;0;265;2768,17;4805,6;-11,738;60;310,221;266,2;264,531;264;28,9913;1,47708;-2,32231;-0,316966;265;0;-0,0390381;28,9912;0;1,46572;-2,32093;-0,348763;60;310,03
2038;0,5;191;0;265;2768,45;4805,1;-11,738;60;310,178;265,8;264,552;264,2;28,5247;1,40383;-2,3142;-0,499423;265;0;-0,586432;28,9882;0;1,39089;-2,31289;-0,525679;60;309,782
2039;0,5;192;0;265;2771,03;4795,99;-11,738;60;310,135;265,4;264,571;264,4;27,9298;1,31436;-2,30529;-0,643052;265;0;-1,12879;28,9772;0;1,30178;-2,30406;-0,65716;60;309,558
2040;0,5;188;0;265;2772,61;4799,85;-11,738;60;310,156;264,8;264,593;264,5;27,3708;1,22781;-2,29695;-0,716599;265;0;-1,77936;28,9613;0;1,21768;-2,2958;-0,713625;60;309,407
2041;0,5;188;0;265;2771,57;4808,54;-11,738;60;310,048;264,5;264,605;264,5;27,7767;1,17971;-2,28908;-0,601359;265;0;-1,1699;28,9466;0;1,17971;-2,28908;-0,601359;60;309,458
2042;0,5;188;0;265;2763,67;4798,19;-11,738;60;310,069;264,4;264,611;264,4;28,0506;1,1564;-2,28251;-0,477177;265;0;-0,906592;28,9349;0;1,15066;-2,28143;-0,470332;60;309,589
2043;0,5;187;0;265;2764,2;4793,35;-11,738;60;310,048;264,7;264,622;264,2;28,1046;1,1105;-2,27506;-0,464264;265;0;-0,98313;28,9247;0;1,10293;-2,27402;-0,467176;60;309,563
2044;0,5;187;0;265;2771,24;4804,33;-11,738;60;309,983;265,1;264,636;264,2;28,0627;1,06545;-2,26894;-0,47723;265;0;-0,8133;28,916;0;1,05618;-2,26794;-0,487441;60;309,512
2045;0,5;187;0;265;2769,15;4807,7;-11,738;60;309,939;265,1;264,65;264;27,9258;1,00112;-2,26216;-0,532249;265;0;-0,955573;28,9043;0;0,99209;-2,26123;-0,537306;60;309,399
2046;0,5;187;0;265;2771,83;4798,3;-11,738;60;309,809;265;264,665;263,8;28,0562;0,938989;-2,25579;-0,556245;265;0;-0,869421;28,8935;0;0,930322;-2,25492;-0,557804;60;309,319
2047;0,5;187;0;265;2771,13;4796,56;-11,738;60;309,787;265,2;264,677;263,5;28,0748;0,892603;-2,2498;-0,50574;265;0;-0,810828;28,8856;0;0,892603;-2,2498;-0,50574;60;309,317
2048;0,5;187;0;265;2768,51;4803,49;-11,738;60;309,657;265,7;264,681;263,3;28,7458;0,876245;-2,24484;-0,383084;265;0;-0,0496582;28,8805;0;0,877832;-2,24402;-0,347744;60;309,441
2049;0,5;190;0;265;2770,16;4809,59;-11,738;60;309,57;265,7;264,669;262,9;28,9204;0,925073;-2,23898;-0,0211687;265;0;0,260596;28,8808;0;0,936426;-2,2381;0,0350725;60;309,857
2050;0,5;191;0;265;2771,77;4804,01;-11,738;60;309,483;265,1;264,647;262,7;30,5418;1,00027;-2,23357;0,29138;265;0;1,99625;28,8944;0;1,02615;-2,23167;0,370985;60;310,306
2051;0,5;195;0;265;2771,33;4791,12;-11,738;60;309,44;264,6;264,63;262,7;31,4795;1,07998;-2,22673;0,47928;265;0;2,65406;28,9182;0;1,0906;-2,22571;0,495814;60;310,525
2052;0,5;204;0;265;2774,11;4804,86;-11,738;60;309,353;264,3;264,612;262,6;32,3099;1,15322;-2,2194;0,567961;265;0;3,35709;28,9543;0;1,16348;-2,21832;0,57632;60;310,694
2053;0,5;209;0;265;2768,29;4808,01;-11,738;60;309,288;264,5;264,594;262,3;32,927;1,2239;-2,2116;0,610433;265;0;3,93589;28,9911;0;1,2239;-2,2116;0,610433;60;310,8
2054;0,5;217;0;265;2765,4;4793,4;-11,738;60;309,18;264,8;264,579;262,3;33,5039;1,27834;-2,20455;0,605581;265;0;4,47587;29,0383;0;1,28591;-2,20335;0,598278;60;310,872
2055;0,5;219;0;265;2772,68;4797,73;-11,738;60;309,267;265,1;264,572;262,5;33,1189;1,31106;-2,19604;0,47831;265;0;4,02241;29,0874;0;1,3124;-2,19481;0,450204;60;310,786
2056;0,5;219;0;265;2774,39;4802,83;-11,738;60;309,31;265,2;264,572;262,6;32,4785;1,31069;-2,18742;0,276279;265;0;3,35425;29,1242;0;1,31069;-2,18742;0,276279;60;310,628
2057;0,5;219;0;265;2775,42;4805,69;-11,738;60;309,375;265,2;264,584;262,9;31,3848;1,27371;-2,18014;0,0233949;265;0;2,2027;29,1577;0;1,26528;-2,17895;-0,0188879;60;310,309
2058;0,5;218;0;265;2771,49;4799,96;-11,738;60;309,418;264,9;264,598;263,2;30,3603;1,2156;-2,17197;-0,211917;265;0;1,21668;29,1768;0;1,20742;-2,17083;-0,236013;60;310,024
2059;0,5;214;0;265;2768,13;4792,54;-11,738;60;309,462;265;264,61;263,3;29,7968;1,16738;-2,16527;-0,329072;265;0;0,61051;29,1851;0;1,15945;-2,16418;-0,343522;60;309,865
2060;0,5;205;0;265;2770,24;4803,02;-11,738;60;309,57;265,5;264,619;263;29,2759;1,12319;-2,15776;-0,363385;265;0;0;29,1878;0;1,11758;-2,15671;-0,364178;60;309,794
2061;0,5;202;0;265;2773,98;4810,32;-11,738;60;309,701;266,1;264,612;262,8;29,3772;1,14138;-2,15144;-0,142191;265;0;0,470343;29,1892;0;1,1658;-2,14928;-0,00897143;60;310,122
2062;0,5;202;0;265;2770,66;4794,11;-11,738;60;309,766;266;264,592;262,7;30,7197;1,22195;-2,14368;0,226087;265;0;1,59296;29,2009;0;1,23184;-2,14253;0,257395;60;310,497
2063;0,5;202;0;265;2770,31;4793,37;-11,738;60;309,852;265,8;264,584;262,7;30,8924;1,26235;-2,1355;0,281468;265;0;1,57932;29,2202;0;1,26394;-2,13431;0,268769;60;310,601
2064;0,5;205;0;265;2767,34;4804,51;-11,738;60;309,787;265,3;264,586;262,7;30,7196;1,25613;-2,12722;0,137376;265;0;1,4137;29,2389;0;1,25393;-2,12604;0,116856;60;310,459
2065;0,5;205;0;265;2761,2;4804,63;-11,738;60;309,896;264,9;264,592;262,8;29,886;1,23464;-2,1202;-0,00139604;265;0;0,624792;29,2491;0;1,22634;-2,1179;-0,0397596;60;310,282
2066;0,5;202;0;265;2767,82;4798,06;-11,738;60;309,831;264,6;264,599;262,9;29,724;1,20571;-2,1122;-0,113291;265;0;0,425299;29,2545;0;1,20168;-2,11107;-0,124515;60;310,172
2067;0,5;201;0;265;2773,13;4797,43;-11,738;60;309,939;264,4;264,607;263;29,255;1,1719;-2,10438;-0,201842;265;0;0;29,255;0;1,16396;-2,10329;-0,22549;60;310,058
2068;0,5;202;0;265;2775,11;4804,2;-11,738;60;309,874;264,1;264,624;263,1;29,255;1,11721;-2,09793;-0,352843;265;0;0;29,255;0;1,10562;-2,09689;-0,383224;60;309,859
2069;0,5;201;0;265;2774,33;4807,96;-11,738;60;310,026;263,9;264,643;263,2;28,6184;1,0292;-2,09088;-0,554238;265;0;-0,74903;29,2516;0;1,01406;-2,08992;-0,58712;60;309,576
2070;0,5;197;0;265;2767,43;4796,42;-11,738;60;310,113;263,7;264,669;262,9;27,4959;0,924829;-2,08447;-0,733313;265;0;-1,44996;29,2357;0;0,910181;-2,08361;-0,750898;60;309,299
2071;0,5;191;0;265;2767,4;4789,67;-11,738;60;310,069;263,8;264,691;262,7;27,1865;0,848047;-2,0795;-0,772411;265;0;-2,04313;29,2186;0;0,837793;-2,07871;-0,76599;60;309,188
2072;0,5;188;0;265;2773,62;4808,4;-11,738;60;310,2;263,8;264,712;262,7;26,5443;0,765283;-2,0742;-0,780078;265;0;-2,68912;29,1911;0;0,753442;-2,07349;-0,780751;60;309,103
2073;0,5;185;0;265;2770,12;4804,73;-11,738;60;310,048;263,9;264,73;262,8;26,7343;0,681543;-2,06945;-0,78852;265;0;-2,62595;29,1625;0;0,668115;-2,06882;-0,796231;60;309,016
2074;0,5;182;0;265;2770,76;4793,95;-11,738;60;310,113;264,4;264,756;262,8;25,9486;0,574976;-2,06531;-0,886237;265;0;-3,18497;29,1336;0;0,574976;-2,06531;-0,886237;60;308,851
2075;0,5;177;0;265;2770,79;4797,71;-11,738;60;309,918;264,3;264,784;262,8;25,8145;0,463159;-2,06238;-1,01793;265;0;-3,29713;29,0944;0;0,442773;-2,06196;-1,04259;60;308,575
2076;0,5;174;0;265;2766,18;4803,19;-11,738;60;309,896;264,4;264,819;262,3;24,9918;0,322778;-2,05981;-1,14747;265;0;-4,22922;29,0508;0;0,303125;-2,05951;-1,15924;60;308,308
2077;0,5;174;0;265;2769,67;4808,41;-11,738;60;309,722;264,6;264,851;262,1;24,995;0,197534;-2,05811;-1,16242;265;0;-4,05894;29,0019;0;0,180566;-2,05793;-1,16016;60;308,169
2078;0,5;169;0;265;2769,77;4799,45;-11,738;60;309,744;264,6;264,878;262,1;24,7667;0,102808;-2,05728;-1,11953;265;0;-4,27701;28,9613;0;0,0882812;-2,05719;-1,10861;60;308,118
2079;0,5;169;0;265;2772;4794,19;-11,738;60;309,614;264,4;264,903;262,4;24,8903;0,00258788;-2,05693;-1,0516;265;0;-3,98212;28,9136;0;0;-2,05693;-0,988049;60;308,086
2080;0,5;169;0;265;2775,36;4806,53;-11,738;60;309,44;264,1;264,924;262,9;26,5338;0;-2,05693;-0,629875;265;0;-2,20389;28,8812;0;0;-2,05693;-0,584342;60;308,505
2081;0,5;170;0;265;2769,78;4804,54;-11,738;60;309,332;263,8;264,944;263,2;27,5146;0;-2,05693;-0,401541;265;0;-1,19334;28,8648;0;0;-2,05693;-0,372514;60;308,734
2082;0,5;178;0;265;2768,05;4793,06;-11,738;60;309,071;263,7;264,961;263,5;28,8582;0;-2,05693;-0,237475;265;0;0;28,8582;0;0;-2,05693;-0,220309;60;308,898
2083;0,5;183;0;265;2773,43;4799,1;-11,738;60;309,115;263,8;264,979;263,8;28,858;0;-2,05693;-0,140445;265;0;0;28,858;0;0;-2,05693;-0,140445;60;308,984
2084;0,5;190;0;265;2773,92;4805,58;-11,738;60;308,876;263,9;264,993;264,1;28,858;0;-2,05693;-0,0830607;265;0;0;28,858;0;0;-2,05693;-0,0830607;60;309,046
2085;0,5;191;0;265;2770,91;4805,3;-11,738;60;308,941;264,2;265,01;264,3;28,8583;0;-2,05693;-0,0529507;265;0;0;28,8583;0;0;-2,05693;-0,0491229;60;309,082
2086;0,5;192;0;265;2769,25;4796,8;-11,738;60;308,811;265,3;265,025;264,5;29,1242;0;-2,05693;-0,0337557;265;0;0,272406;28,8601;0;0;-2,05693;-0,0313155;60;309,102
2087;0,5;192;0;265;2765,26;4797,96;-11,738;60;308,681;266,3;265,047;264,5;29,5671;0;-2,05693;-0,0199635;265;0;0,704352;28,8685;0;0;-2,05693;-0,0185203;60;309,115
2088;0,5;197;0;265;2767,72;4807;-11,738;60;308,681;266,5;265,07;264,5;29,6012;0;-2,05693;-0,0118066;265;0;0,5987;28,8763;0;0;-2,05693;-0,0109531;60;309,124
2089;0,5;197;0;265;2769,12;4808,2;-11,738;60;308,659;266,6;265,09;264,6;29,6872;0;-2,05693;-0,00752662;265;0;0,806891;28,8834;0;0;-2,05693;-0,00698252;60;309,128
2090;0,5;196;0;265;2768,18;4792,87;-11,738;60;308,746;266,6;265,097;264,6;29,4445;0;-2,05693;-0,00445131;265;0;0,425482;28,8907;0;0;-2,05693;-0,00412953;60;309,131
2091;0,5;196;0;265;2771,52;4794,62;-11,738;60;308,702;266,2;265,079;263,8;29,5874;0;-2,05693;-0,00263255;265;0;0,36579;28,8976;0;0;-2,05693;-0,00244225;60;309,133
2092;0,5;197;0;265;2770,43;4808,03;-11,738;60;308,832;265,5;265,029;263;29,2037;0;-2,05693;-0,00167823;265;0;0,238806;28,9016;0;0;-2,05693;-0,00144437;60;309,134
2093;0,5;196;0;265;2763,27;4800,32;-11,738;60;308,898;265,1;264,981;262,9;29,0147;0;-2,05693;-0,000992524;265;0;0,175452;28,9048;0;0;-2,05693;-0,000920775;60;309,134
2094;0,5;196;0;265;2767,54;4796,07;-11,738;60;308,876;265,1;264,935;263,1;29,0833;0;-2,05693;-0,000586988;265;0;0,176642;28,907;0;0;-2,05693;-0,000544555;60;309,135
2095;0,5;196;0;265;2767,92;4798,21;-11,738;60;308,854;265,5;264,892;263,2;29,2807;0,00686035;-2,05693;0,0326877;265;0;0,362219;28,9089;0;0,0307861;-2,05691;0,14563;60;309,175
2096;0,5;196;0;265;2769,52;4804,55;-11,738;60;308,811;265,8;264,859;263,3;31,4225;0,163965;-2,05635;0,626325;265;0;2,81144;28,9294;0;0,185083;-2,05619;0,682823;60;309,926
2097;0,5;201;0;265;2769,3;4809,84;-11,738;60;308,854;266,2;264,826;263,3;32,5965;0,294092;-2,05483;0,86961;265;0;3,5456;28,9677;0;0,308618;-2,05454;0,876753;60;310,301
2098;0,5;212;0;265;2762,33;4797,41;-11,738;60;308,876;266,4;264,805;263,2;32,8734;0,378198;-2,05259;0,833358;265;0;3,86786;29,0056;0;0,378198;-2,05259;0,833358;60;310,365
2099;0,5;218;0;265;2764,16;4796,68;-11,738;60;308,919;266,5;264,797;263;32,5507;0,410425;-2,05035;0,654252;265;0;3,26188;29,0487;0;0,412378;-2,04997;0,616369;60;310,207
2100;0,5;219;0;265;2767,48;4810,65;-11,738;60;308,984;266,6;264,799;263,1;31,3888;0,403833;-2,04766;0,353092;265;0;2,15143;29,0825;0;0,399805;-2,04728;0,308153;60;309,902
2101;0,5;218;0;265;2767,21;4803,14;-11,738;60;309,071;266,5;264,81;263,2;30,0665;0,360376;-2,04513;0,0353871;265;0;0,967474;29,099;0;0,360376;-2,04513;0,0353871;60;309,594
2102;0,5;209;0;265;2770,14;4795,52;-11,738;60;309,18;266,5;264,825;263,3;29,1035;0,298608;-2,04296;-0,222572;265;0;0;29,1035;0;0,298608;-2,04296;-0,222572;60;309,267
2103;0,5;204;0;265;2773,75;4801,07;-11,738;60;309,267;266,5;264,842;263,3;28,9104;0,230493;-2,04148;-0,415952;265;0;-0,303534;29,1028;0;0,219385;-2,04126;-0,439417;60;308,965
2104;0,5;201;0;265;2767,6;4806,99;-11,738;60;309,418;266,4;264,862;263,1;27,7967;0,153711;-2,04022;-0,544397;265;0;-1,56641;29,0913;0;0,144922;-2,04008;-0,5474;60;308,761
2105;0,5;193;0;265;2767,38;4805,12;-11,738;60;309,549;266,2;264,877;263,1;27,1521;0,101587;-2,0395;-0,556758;265;0;-1,95304;29,0736;0;0,093042;-2,03941;-0,55769;60;308,698
2106;0,5;188;0;265;2767,65;4796,25;-11,738;60;309,635;266;264,889;262,9;26,6819;0,0426269;-2,03903;-0,55835;265;0;-2,52387;29,048;0;0,0343262;-2,03899;-0,557991;60;308,638
2107;0,5;185;0;265;2769,26;4796,86;-11,738;60;309,701;266,4;264,902;262,8;26,4116;0;-2,03892;-0,485304;265;0;-2,61085;29,0224;0;0;-2,03892;-0,485304;60;308,63
2108;0,5;183;0;265;2773,26;4806,5;-11,738;60;309,722;266,7;264,902;262,6;26,8278;0;-2,03892;-0,309378;265;0;-2,0348;28,9965;0;0;-2,03892;-0,287014;60;308,844
2109;0,5;182;0;265;2768,5;4806,12;-11,738;60;309,679;266,7;264,886;262,6;28,1065;0,0578857;-2,03882;0,0684716;265;0;-0,401678;28,9793;0;0,0736328;-2,03875;0,139411;60;309,28
2110;0,5;183;0;265;2763,6;4790,23;-11,738;60;309,57;267;264,859;262,9;28,9787;0,162256;-2,03808;0,442867;265;0;0;28,9787;0;0,162256;-2,03808;0,442867;60;309,712
2111;0,5;188;0;265;2767,77;4798,69;-11,738;60;309,483;267,1;264,848;263,2;29,4259;0,206812;-2,03702;0,453369;265;0;0,330634;28,9821;0;0,207788;-2,03682;0,425302;60;309,815
2112;0,5;196;0;265;2768,3;4809,25;-11,738;60;309,418;266,5;264,853;263,8;28,984;0,189722;-2,03568;0,191878;265;0;0;28,984;0;0,182764;-2,03551;0,144474;60;309,538
2113;0,5;196;0;265;2768,61;4801,72;-11,738;60;309,332;265,9;264,87;263,9;28,984;0,132593;-2,03477;-0,111679;265;0;0;28,984;0;0,119897;-2,03465;-0,164788;60;309,178
2114;0,5;196;0;265;2773,91;4796,57;-11,738;60;309,353;266,3;264,89;263,7;27,9744;0,0389648;-2,03419;-0,433332;265;0;-1,36417;28,9772;0;0,0248047;-2,03416;-0,470248;60;308,764
2115;0,5;191;0;265;2769,34;4796,22;-11,738;60;309,375;267,2;264,917;263,6;27,6683;0;-2,03414;-0,384672;265;0;-1,20469;28,9608;0;0;-2,03414;-0,356864;60;308,773
2116;0,5;188;0;265;2770,79;4807,52;-11,738;60;309,375;267,6;264,941;263,7;28,0434;0;-2,03414;-0,245226;265;0;-0,733099;28,9494;0;0;-2,03414;-0,211053;60;308,931
2117;0,5;188;0;265;2767,82;4809,43;-11,738;60;309,375;266,9;264,941;263,5;28,4246;0;-2,03414;-0,145029;265;0;-0,485724;28,9434;0;0;-2,03414;-0,134545;60;309,013
2118;0,5;189;0;265;2766,79;4793,69;-11,738;60;309,353;266,2;264,939;263,8;28,6766;0;-2,03414;-0,0857714;265;0;-0,242834;28,939;0;0;-2,03414;-0,0795711;60;309,072
2119;0,5;191;0;265;2773,14;4799,05;-11,738;60;309,353;266,1;264,951;264,1;28,7873;0;-2,03414;-0,0507261;265;0;-0,149542;28,9369;0;0;-2,03414;-0,0507261;60;309,103
2120;0,5;192;0;265;2773,4;4809,13;-11,738;60;309,397;266,1;264,97;264,2;28,7148;0;-2,03414;-0,0323375;265;0;-0,212714;28,9347;0;0;-2,03414;-0,0299999;60;309,126
2121;0,5;192;0;265;2765,94;4802,63;-11,738;60;309,353;266,1;264,983;264,2;28,8861;0;-2,03414;-0,0191247;265;0;-0,0428833;28,9334;0;0;-2,03414;-0,0177422;60;309,139
2122;0,5;191;0;265;2766,69;4795,69;-11,738;60;309,353;265,9;264,987;264;28,933;0;-2,03414;-0,0121919;265;0;-0,0221008;28,933;0;0;-2,03414;-0,0113106;60;309,146
2123;0,5;192;0;265;2767,04;4797,99;-11,738;60;309,245;265,4;264,983;263,7;28,933;0;-2,03414;-0,00668917;265;0;0;28,933;0;0;-2,03414;-0,00668917;60;309,151
2124;0,5;191;0;265;2769,73;4806,31;-11,738;60;309,158;264,9;264,98;263,5;28,933;0;-2,03414;-0,0042643;265;0;0;28,933;0;0;-2,03414;-0,00395604;60;309,154
2125;0,5;192;0;265;2774,77;4807,47;-11,738;60;309,136;264,7;264,974;263,3;28,933;0;-2,03414;-0,00252195;265;0;0;28,933;0;0;-2,03414;-0,00252195;60;309,155
2126;0,5;192;0;265;2773,62;4797,27;-11,738;60;309,093;264,6;264,96;263,2;28,933;0;-2,03414;-0,00160773;265;0;0;28,933;0;0;-2,03414;-0,00149151;60;309,157
2127;0,5;191;0;265;2772,63;4797,31;-11,738;60;309,049;264,6;264,932;262,8;28,933;0;-2,03414;-0,000950825;265;0;0;28,933;0;0;-2,03414;-0,000882091;60;309,157
2128;0,5;192;0;265;2772,9;4809,02;-11,738;60;309,006;264,9;264,885;262,4;29,3422;0,0598389;-2,03408;0,275357;265;0;0,408911;28,9333;0;0,0598389;-2,03408;0,275357;60;309,493
2129;0,5;192;0;265;2767,04;4803,73;-11,738;60;309,028;264,8;264,839;262,3;31,8322;0,242822;-2,03308;0,871504;265;0;2,87754;28,9547;0;0,242822;-2,03308;0,871504;60;310,187
2130;0,5;202;0;265;2770,77;4793,43;-11,738;60;308,984;265,1;264,801;262,3;33,2107;0,377588;-2,03131;1,093;265;0;4,34147;28,9985;0;0,397729;-2,03095;1,11105;60;310,632
2131;0,5;212;0;265;2778,07;4801,6;-11,738;60;308,984;265,6;264,776;262,3;33,7475;0,494409;-2,02843;1,09324;265;0;4,70374;29,0438;0;0,494409;-2,02843;1,09324;60;310,752
2132;0,5;220;0;265;2772,83;4804,75;-11,738;60;309,136;265,9;264,765;262,5;32,9139;0,538965;-2,0255;0,871302;265;0;3,85248;29,0934;0;0,540308;-2,025;0,814788;60;310,577
2133;0,5;224;0;265;2772,21;4803,18;-11,738;60;309,245;265,5;264,768;263;31,5096;0,532007;-2,02198;0,483576;265;0;2,2233;29,1288;0;0,529321;-2,02148;0,435677;60;310,186
2134;0,5;217;0;265;2766,89;4796,45;-11,738;60;309,31;265,2;264,775;263,5;30,2599;0,501367;-2,01858;0,165234;265;0;1,11451;29,1454;0;0,501367;-2,01858;0,165234;60;309,881
2135;0,5;211;0;265;2767,03;4794,41;-11,738;60;309,397;265,2;264,781;263,5;29,3835;0,47439;-2,01584;-0,00322957;265;0;0,022467;29,1515;0;0,469995;-2,01539;-0,0241746;60;309,648
2136;0,5;203;0;265;2773,24;4809,24;-11,738;60;309,592;265,6;264,787;263;29,1515;0,452051;-2,01281;-0,0851546;265;0;0;29,1515;0;0,449854;-2,01239;-0,0895881;60;309,546
2137;0,5;201;0;265;2773,2;4806,83;-11,738;60;309,722;266,5;264,791;262,7;29,1251;0,43667;-2,00989;-0,110213;265;0;-0,0264038;29,1515;0;0,43667;-2,00989;-0,110213;60;309,513
2138;0,5;201;0;265;2771,87;4792,5;-11,738;60;309,809;267,3;264,794;262,3;28,7925;0,423853;-2,00747;-0,121721;265;0;-0,366339;29,1493;0;0,42373;-2,00707;-0,113511;60;309,487
2139;0,5;198;0;265;2775,11;4800,34;-11,738;60;309,852;267,9;264,794;262,2;28,7777;0,425073;-2,00469;-0,0653115;265;0;-0,315344;29,1452;0;0,428979;-2,00429;-0,0417648;60;309,547
2140;0,5;196;0;265;2768,82;4806,19;-11,738;60;309,939;267,9;264,785;261,8;29,0859;0,459619;-2,0018;0,0984501;265;0;-0,0569824;29,1429;0;0,459619;-2,0018;0,0984501;60;309,72
2141;0,5;196;0;265;2769,19;4804,09;-11,738;60;309,961;267,7;264,769;261,7;29,142;0,515039;-1,99906;0,287121;265;0;0;29,142;0;0,524439;-1,99857;0,311664;60;309,995
2142;0,5;196;0;265;2773,61;4797,04;-11,738;60;310,048;267,4;264,755;261,9;29,142;0,57998;-1,99547;0,42216;265;0;0;29,142;0;0,589014;-1,99492;0,435176;60;310,199
2143;0,5;196;0;265;2776,11;4797,3;-11,738;60;310,113;267;264,742;262,2;29,142;0,630762;-1,99147;0,441121;265;0;0;29,142;0;0,630762;-1,99147;0,441121;60;310,276
2144;0,5;196;0;265;2776,98;4804,91;-11,738;60;310,135;266,3;264,73;262;29,142;0,667383;-1,98783;0,431003;265;0;0;29,142;0;0,680078;-1,9872;0,461028;60;310,303
2145;0,5;196;0;265;2773,78;4804,96;-11,738;60;310,265;266,1;264,701;262;29,869;0,796167;-1,98306;0,765898;265;0;1,04969;29,1462;0;0,818262;-1,9823;0,817013;60;310,771
2146;0,5;196;0;265;2768,2;4794,51;-11,738;60;310,286;266;264,665;262,4;31,0656;0,939966;-1,97735;1,00797;265;0;1,90378;29,1618;0;0,939966;-1,97735;1,00797;60;311,121
2147;0,5;201;0;265;2768,63;4794,04;-11,738;60;310,33;265,8;264,637;262,7;31,5174;1,05337;-1,97079;1,03187;265;0;2,3306;29,1868;0;1,05337;-1,97079;1,03187;60;311,307
2148;0,5;205;0;265;2771,95;4806,9;-11,738;60;310,33;265,7;264,621;263,1;31,4342;1,11086;-1,96469;0,883344;265;0;2,07572;29,2137;0;1,11733;-1,96364;0,850667;60;311,222
2149;0,5;209;0;265;2769,45;4799,5;-11,738;60;310,352;265,7;264,615;263,4;30,717;1,1415;-1,95728;0,635687;265;0;1,48411;29,2329;0;1,1415;-1,95728;0,635687;60;311,046
2150;0,5;210;0;265;2773,28;4791,09;-11,738;60;310,352;265,7;264,612;263,7;30,1507;1,15078;-1,95083;0,441514;265;0;0,781439;29,2464;0;1,15103;-1,94975;0,410774;60;310,834
2151;0,5;209;0;265;2772,27;4797,93;-11,738;60;310,352;265,5;264,611;263,7;29,7187;1,1564;-1,94325;0,282254;265;0;0,40827;29,253;0;1,15664;-1,94217;0,263026;60;310,688
2152;0,5;202;0;265;2769,03;4800,53;-11,738;60;310,33;265,4;264,612;263,6;29,4988;1,15591;-1,93674;0,176422;265;0;0,173987;29,2555;0;1,15212;-1,93566;0,145432;60;310,588
2153;0,5;201;0;265;2770,41;4805,59;-11,738;60;310,352;265,2;264,62;263,4;29,2559;1,11978;-1,92926;-0,0420392;265;0;0;29,2559;0;1,11208;-1,92821;-0,076063;60;310,341
2154;0,5;202;0;265;2769,28;4795,47;-11,738;60;310,373;265,3;264,639;263,4;28,8916;1,04556;-1,92213;-0,320129;265;0;-0,533148;29,2544;0;1,0303;-1,92116;-0,370524;60;309,996
2155;0,5;201;0;265;2772,65;4796,05;-11,738;60;310,352;265,6;264,667;263,3;27,7132;0,93252;-1,91563;-0,633996;265;0;-1,79429;29,2411;0;0,913843;-1,91476;-0,678173;60;309,575
2156;0,5;192;0;265;2776,01;4808,95;-11,738;60;310,395;265,9;264,696;263,3;26,4714;0,816064;-1,9107;-0,875399;265;0;-2,91819;29,2176;0;0,796045;-1,90995;-0,908597;60;309,222
2157;0,5;185;0;265;2768,81;4804,16;-11,738;60;310,352;265,9;264,733;263,6;25,4384;0,667505;-1,90583;-1,09789;265;0;-3,88654;29,1779;0;0,644189;-1,90521;-1,13089;60;308,856
2158;0,5;175;0;265;2766,66;4792,94;-11,738;60;310,308;265,3;264,774;263,6;24,5017;0,504785;-1,90198;-1,28343;265;0;-4,63279;29,1345;0;0,504785;-1,90198;-1,28343;60;308,564
2159;0,5;170;0;265;2770,55;4798,93;-11,738;60;310,308;264,8;264,813;263,4;23,7199;0,367334;-1,89954;-1,36893;265;0;-5,45109;29,0747;0;0,349512;-1,8992;-1,35586;60;308,291
2160;0,5;161;0;265;2771,97;4805,16;-11,738;60;310,243;264,7;264,818;263,2;24,6122;0,327539;-1,89734;-0,940025;265;0;-4,08191;29,0181;0;0,32998;-1,89703;-0,860306;60;308,682
2161;0,5;161;0;265;2776,8;4805,26;-11,738;60;310,2;264,9;264,814;263,3;26,2937;0,343774;-1,89512;-0,497822;265;0;-2,6915;28,9852;0;0,343774;-1,89512;-0,497822;60;309,102
2162;0,5;167;0;265;2780,14;4796,4;-11,738;60;310,178;265;264,821;263,6;26,7839;0,325464;-1,89321;-0,397634;265;0;-2,25324;28,9578;0;0,317896;-1,89291;-0,405364;60;309,227
2163;0,5;173;0;265;2779,07;4794,57;-11,738;60;310,069;265,1;264,837;263,8;26,5381;0,252954;-1,89129;-0,525119;265;0;-2,78232;28,9296;0;0,239648;-1,89106;-0,551282;60;309,029
2164;0,5;177;0;265;2782,15;4805,95;-11,738;60;310,069;265,2;264,864;263,5;25,6984;0,160425;-1,89012;-0,710859;265;0;-3,35316;28,8997;0;0,143701;-1,88998;-0,740067;60;308,752
2165;0,5;174;0;265;2776,5;4806,88;-11,738;60;310,026;265,2;264,89;263,3;24,848;0,0385986;-1,88946;-0,897458;265;0;-4,01609;28,8572;0;0,0204102;-1,88943;-0,920237;60;308,444
2166;0,5;170;0;265;2775,75;4793,7;-11,738;60;309,939;265,4;264,927;263,4;25,3935;0;-1,88942;-0,654306;265;0;-3,20695;28,813;0;0;-1,88942;-0,607006;60;308,649
2167;0,5;169;0;265;2782,42;4797,13;-11,738;60;309,831;265,4;264,974;263,5;26,1959;0;-1,88942;-0,417116;265;0;-2,14448;28,7811;0;0;-1,88942;-0,358989;60;308,916
2168;0,5;170;0;265;2781,74;4806,74;-11,738;60;309,874;265,2;265,016;263,7;26,8519;0;-1,88942;-0,246686;265;0;-1,65861;28,7605;0;0;-1,88942;-0,228853;60;309,056
2169;0,5;173;0;265;2777,25;4799,93;-11,738;60;309,809;265,2;265,064;264,2;27,355;0;-1,88942;-0,145893;265;0;-1,35621;28,7431;0;0;-1,88942;-0,135346;60;309,157
2170;0,5;179;0;265;2775,81;4797,02;-11,738;60;309,722;264,9;265,107;264,5;27,6441;-0,00478515;-1,88942;-0,116067;265;0;-1,02076;28,7315;0;-0,028833;-1,88944;-0,223569;60;309,182
2171;0,5;182;0;265;2769,68;4791,89;-11,738;60;309,679;264,9;265,139;264,6;25,9951;-0,154321;-1,88996;-0,645014;265;0;-2,79743;28,7077;0;-0,173608;-1,89011;-0,691337;60;308,503
2172;0,5;177;0;265;2770,95;4800,87;-11,738;60;309,614;265,4;265,17;264,6;25,0231;-0,278833;-1,8914;-0,861636;265;0;-3,75992;28,669;0;-0,293481;-1,89166;-0,869944;60;308,16
2173;0,5;174;0;265;2770,91;4804,67;-11,738;60;309,635;265,3;265,189;264,7;24,661;-0,355737;-1,89352;-0,79528;265;0;-3,96866;28,6296;0;-0,355737;-1,89352;-0,79528;60;308,113
2174;0,5;169;0;265;2769,29;4789,67;-11,738;60;309,657;265;265,186;264,6;25,6496;-0,343164;-1,89585;-0,408757;265;0;-2,93915;28,5887;0;-0,343164;-1,89585;-0,408757;60;308,477
2175;0,5;169;0;265;2772,95;4795,06;-11,738;60;309,549;265,1;265,17;264,3;27,2275;-0,289331;-1,89764;-0,0415519;265;0;-1,15461;28,5659;0;-0,27981;-1,89791;0,00733855;60;308,964
2176;0,5;171;0;265;2770,2;4807,04;-11,738;60;309,462;265,9;265,153;263,9;28,5614;-0,210352;-1,89929;0,28575;265;0;0;28,5614;0;-0,210352;-1,89929;0,28575;60;309,31
2177;0,5;179;0;265;2763,18;4801,19;-11,738;60;309,353;266,6;265,13;263,6;28,87;-0,121118;-1,90024;0,546049;265;0;0,490942;28,5624;0;-0,104517;-1,90034;0,586583;60;309,717
2178;0,5;188;0;265;2764,76;4793,36;-11,738;60;309,223;267,3;265,097;263,2;30,5925;0;-1,90061;0,786539;265;0;1,76993;28,5762;0;0;-1,90061;0,729681;60;310,078
2179;0,5;193;0;265;2766,22;4792,79;-11,738;60;309,136;267,7;265,059;263,1;30,076;0;-1,90061;0,501414;265;0;1,19645;28,593;0;0;-1,90061;0,43154;60;309,757
2180;0,5;197;0;265;2770,02;4803,42;-11,738;60;309,115;268;265,028;263,1;29,492;0;-1,90061;0,296541;265;0;0,885992;28,6033;0;0;-1,90061;0,275104;60;309,588
2181;0,5;197;0;265;2771,93;4806,2;-11,738;60;309,136;268;264,992;263;29,0423;0;-1,90061;0,175377;265;0;0,457434;28,6099;0;0;-1,90061;0,162699;60;309,467
2182;0,5;197;0;265;2767,37;4794,19;-11,738;60;309,158;268;264,965;263;28,7491;0;-1,90061;0,10372;265;0;0,136359;28,6128;0;0;-1,90061;0,10372;60;309,403
2183;0,5;196;0;265;2765,76;4789,99;-11,738;60;309,115;267,8;264,946;263;28,6945;0;-1,90061;0,0661207;265;0;0,129584;28,6148;0;0;-1,90061;0,0613409;60;309,358
2184;0,5;196;0;265;2768,72;4807,49;-11,738;60;309,115;267,7;264,937;263,1;28,6735;0;-1,90061;0,0391044;265;0;0,0485596;28,6158;0;0;-1,90061;0,0362776;60;309,331
2185;0,5;196;0;265;2765,83;4808,97;-11,738;60;309,18;267,6;264,94;263,3;28,6164;0;-1,90061;0,0231267;265;0;0;28,6164;0;0;-1,90061;0,0231267;60;309,317
2186;0,5;196;0;265;2769,21;4794,37;-11,738;60;309,223;267,5;264,954;263,6;28,7257;0;-1,90061;0,0147431;265;0;0;28,6167;0;0;-1,90061;0,0136774;60;309,306
2187;0,5;196;0;265;2775,07;4795,29;-11,738;60;309,267;267,5;264,971;263,6;28,6167;0;-1,90061;0,00871924;265;0;0;28,6167;0;0;-1,90061;0,00808893;60;309,3
2188;0,5;196;0;265;2771,78;4798,84;-11,738;60;309,245;267,4;264,993;263,6;28,6167;0;-1,90061;0,00515664;265;0;0;28,6167;0;0;-1,90061;0,00478387;60;309,297
2189;0,5;196;0;265;2770,02;4804,11;-11,738;60;309,245;267,4;265,009;263,5;28,6167;0;-1,90061;0,00328732;265;0;0;28,6167;0;0;-1,90061;0,00304969;60;309,295
2190;0,5;193;0;265;2765,36;4796,97;-11,738;60;309,353;266,8;265,025;263,6;20;0;-1,90061;0,00194416;265;0;0;20;0;0;-1,90061;0,00180361;60;309,294
2191;0,5;164;0;265;2765,73;4788,1;-11,738;60;309,31;266,5;265,035;263,5;20;0;-1,90061;0,00123939;265;0;0;20;0;0;-1,90061;0,00114979;60;309,293
2192;0,5;145;0;265;2773,41;4802,89;-11,738;60;309,332;266,2;265,051;263,8;20;0;-1,90061;0,000732985;265;0;0;20;0;0;-1,90061;0,000679998;60;309,292
2193;0,5;138;0;265;2775,65;4810,06;-11,738;60;309,245;266,4;265,083;264,3;20;0;-1,90061;0,000433495;265;0;0;20;0;0;-1,90061;0,000402158;60;309,292
2194;0,5;134;0;265;2770,72;4797,62;-11,738;60;309,136;266,3;265,127;264,9;20;-0,0797363;-1,90061;-0,355478;265;0;-0,239539;20;0;-0,107324;-1,90061;-0,462735;60;308,856
2195;0,5;134;0;265;2772,75;4795,44;-11,738;60;309,049;266,2;265,168;265;17,8957;-0,27395;-1,90168;-0,96791;265;0;-2,40229;19,9844;0;-0,300562;-1,90195;-1,02619;60;308,049
2196;0,5;128;0;265;2769,33;4802,45;-11,738;60;308,811;266,1;265,214;265,1;16,9423;-0,457422;-1,90408;-1,2852;265;0;-2,87012;19,9535;0;-0,483057;-1,90452;-1,31584;60;307,546
2197;0,5;122;0;265;2768,51;4806,38;-11,738;60;308,637;266,1;265,26;264,9;16,4464;-0,61355;-1,90709;-1,45009;265;0;-3,64686;19,921;0;-0,640527;-1,90768;-1,47527;60;307,222
2198;0,5;113;0;265;2770,38;4799,37;-11,738;60;308,398;266;265,302;264,5;15,9874;-0,809229;-1,91175;-1,62057;265;0;-3,78272;19,879;0;-0,839258;-1,91252;-1,64814;60;306,851
2199;0,5;112;0;265;2771,97;4791,53;-11,738;60;308,203;265,9;265,354;264,2;15,4471;-1,01626;-1,91774;-1,76289;265;0;-4,4582;19,8301;0;-1,04519;-1,91871;-1,77487;60;306,495
2200;0,5;107;0;265;2775,43;4797,37;-11,738;60;307,878;265,5;265,406;264,3;15,5646;-1,1957;-1,92396;-1,84815;265;1;-4,3595;19,7853;0;-1,22573;-1,9251;-1,85927;60;306,224
2201;0,5;105;0;265;2775,97;4808,08;-11,738;60;307,682;265,2;265,457;264,5;14,881;-1,4009;-1,93249;-1,8885;265;1;-4,53574;19,7312;0;-1,428;-1,93382;-1,88258;60;305,97
2202;0,5;100;0;265;2761,39;4797,68;-11,738;60;307,53;264,9;265,497;264,8;15,2194;-1,58743;-1,9423;-1,84154;265;1;-4,07248;19,6788;0;-1,61355;-1,9438;-1,83431;60;305,821
2203;0,5;98;0;265;2757,44;4789,87;-11,738;60;307,183;264,6;265,542;264,9;15,7926;-1,74233;-1,95167;-1,79727;265;1;-3,90494;19,6325;0;-1,79299;-1,95498;-1,78211;60;305,682
2204;0,5;100;0;265;2757,67;4805,68;-11,738;60;306,944;264,7;265,584;264,6;15,8008;-1,91543;-1,96368;-1,73358;265;1;-3,4946;19,595;0;-1,93789;-1,96548;-1,7165;60;305,58
2205;0,5;100;0;265;2756,3;4807,69;-11,738;60;306,597;265,1;265,613;264,6;17,1825;-2,05227;-1,97672;-1,55161;265;1;-2,3567;19,561;0;-2,06997;-1,97865;-1,52474;60;305,612
2206;0,5;104;0;265;2756,09;4801,15;-11,738;60;306,424;265,6;265,641;264,6;17,8988;-2,1647;-1,99057;-1,35176;265;1;-1,64149;19,5403;0;-2,1647;-1,99057;-1,35176;60;305,676
2207;0,5;107;0;265;2753,7;4791,2;-11,738;60;305,946;265,8;265,666;264,4;19,4579;-2,26553;-2,00511;-1,18829;265;1;-0,0717224;19,5296;0;-2,26553;-2,00511;-1,18829;60;305,722
2208;0,5;117;0;265;2751,31;4793,64;-11,738;60;305,838;265,7;265,682;264,1;19,5293;-2,32876;-2,01805;-1,00708;265;1;0;19,5293;0;-2,33718;-2,02024;-0,974868;60;305,838
2209;0,5;123;0;265;2753,41;4809,76;-11,738;60;305,295;265,5;265,695;263,8;20;-2,37832;-2,02906;-0,784566;265;1;1,44556;19,5309;0;-2,37832;-2,02906;-0,784566;60;305,977
2210;0,5;128;0;265;2747,74;4802,23;-11,738;60;305,187;265,5;265,709;263,6;20;-2,43643;-2,02906;-0,691605;265;1;1,96769;19,5309;0;-2,43643;-2,02906;-0,691605;60;306,043
2211;0,5;128;0;265;2748,35;4788,78;-11,738;60;304,905;265,4;265,72;263,5;20;-2,47878;-2,02906;-0,605835;265;1;3,63834;19,5309;0;-2,48049;-2,02906;-0,570276;60;306,079
2212;0,5;128;0;265;2757,04;4799,61;-11,738;60;304,579;265,3;265,72;263,6;20;-2,48013;-2,02906;-0,3891;265;1;4,5449;19,5309;0;-2,47964;-2,02906;-0,358619;60;306,294
2213;0,5;128;0;265;2757,09;4807,08;-11,738;60;304,297;265,3;265,721;263,8;20;-2,4833;-2,02906;-0,246116;265;1;5,81071;19,5309;0;-2,48489;-2,02906;-0,235971;60;306,434
2214;0,5;129;0;265;2753,71;4801,11;-11,738;60;303,993;265,3;265,727;264,1;20;-2,50613;-2,02906;-0,235983;265;1;6,35856;19,5309;0;-2,50955;-2,02906;-0,235396;60;306,421
2215;0,5;129;0;265;2753,72;4791,81;-11,738;60;303,971;265,6;265,733;264,4;20;-2,53005;-2,02906;-0,232665;265;1;6,69657;19,5309;0;-2,53005;-2,02906;-0,232665;60;306,404
2216;0,5;128;0;265;2749,64;4791,93;-11,738;60;303,646;265,8;265,735;264,7;20;-2,53811;-2,02906;-0,180774;265;1;7,79539;19,5309;0;-2,53945;-2,02906;-0,174178;60;306,444
2217;0,5;128;0;265;2754,68;4802,21;-11,738;60;303,602;265,8;265,738;264,8;20;-2,55142;-2,02906;-0,161633;265;1;8,07334;19,5309;0;-2,55471;-2,02906;-0,165832;60;306,45
2218;0,5;129;0;265;2760,4;4807;-11,738;60;303,299;266,1;265,747;264,8;20;-2,58047;-2,02906;-0,223908;265;1;8,50556;19,5309;0;-2,59463;-2,02906;-0,258481;60;306,334
2219;0,5;129;0;265;2759,44;4790,46;-11,738;60;303,277;266,1;265,759;264,4;20;-2,62954;-2,02906;-0,323168;265;1;8,20069;19,5309;0;-2,6343;-2,02906;-0,32275;60;306,21
2220;0,5;129;0;265;2764,33;4795,23;-11,738;60;303,277;266;265,76;263,6;20;-2,64114;-2,02906;-0,225134;265;1;9,046;19,5309;0;-2,63601;-2,02906;-0,184151;60;306,297
2221;0,5;129;0;265;2763,49;4808,52;-11,738;60;303,082;265,9;265,749;263;20;-2,59536;-2,02906;0,047678;265;1;9,88132;19,5309;0;-2,59536;-2,02906;0,047678;60;306,575
2222;0,5;129;0;265;2756,07;4799,44;-11,738;60;302,973;265,8;265,739;262,9;20;-2,55544;-2,02906;0,179747;265;1;10,7967;19,5309;0;-2,55544;-2,02906;0,179747;60;306,772
2223;0,5;129;0;265;2761,05;4796,08;-11,738;60;302,865;265,7;265,736;263,1;20;-2,54507;-2,02906;0,153648;265;1;11,1216;19,5309;0;-2,54641;-2,02906;0,13607;60;306,772
2224;0,5;130;0;265;2763,16;4795,09;-11,738;60;302,799;265,4;265,741;263,1;20;-2,56082;-2,02906;0,030428;265;1;10,9;19,5309;0;-2,56594;-2,02906;0,00352055;60;306,633
2225;0,5;129;0;265;2767,13;4801,33;-11,738;60;302,626;265,3;265,752;263,2;20;-2,60659;-2,02906;-0,162828;265;1;10,7687;19,5309;0;-2,6155;-2,02906;-0,194003;60;306,394
2226;0,5;129;0;265;2769,91;4806,6;-11,738;60;302,669;265,5;265,767;263,6;20;-2,66824;-2,02906;-0,335788;265;1;9,86979;19,5309;0;-2,6769;-2,02906;-0,353282;60;306,159
2227;0,5;129;0;265;2765,53;4791,59;-11,738;60;302,582;265,7;265,781;264,1;20;-2,72585;-2,02906;-0,420668;265;1;9,72458;19,5309;0;-2,72585;-2,02906;-0,420668;60;306,024
2228;0,5;129;0;265;2763,45;4791,42;-11,738;60;302,517;266,2;265,784;264,5;20;-2,73574;-2,02906;-0,299013;265;1;10,2333;19,5309;0;-2,73403;-2,02906;-0,269161;60;306,128
2229;0,5;129;0;265;2765,91;4806,58;-11,738;60;302,344;266,7;265,78;264,6;20;-2,71816;-2,02906;-0,107072;265;1;11,3175;19,5309;0;-2,71658;-2,02906;-0,0916849;60;306,338
2230;0,5;129;0;265;2763,14;4805,66;-11,738;60;302,257;266,8;265,778;264,6;20;-2,71328;-2,02906;-0,0479836;265;1;11,7699;19,5309;0;-2,71377;-2,02906;-0,0468679;60;306,402
2231;0,5;129;0;265;2768,14;4794,86;-11,738;60;302,192;267;265,783;264,6;20;-2,73171;-2,02906;-0,108781;265;1;11,7926;19,5309;0;-2,73599;-2,02906;-0,121507;60;306,323
2232;0,5;129;0;265;2773,26;4797,91;-11,738;60;302,062;266,5;265,792;264,4;20;-2,76748;-2,02906;-0,203073;265;1;11,9232;19,5309;0;-2,77163;-2,02906;-0,208395;60;306,193
2233;0,5;129;0;265;2770,04;4803;-11,738;60;301,975;266,1;265,795;264,2;20;-2,77834;-2,02906;-0,15716;265;1;12,1242;19,5309;0;-2,77834;-2,02906;-0,15716;60;306,216
2234;0,5;129;0;265;2769,78;4807,17;-11,738;60;301,736;265,6;265,795;264,2;20;-2,77908;-2,02906;-0,103138;265;1;13,0346;19,5309;0;-2,7792;-2,02906;-0,0962705;60;306,281
2235;0,5;129;0;265;2765,75;4798,29;-11,738;60;301,671;265,1;265,795;264,3;20;-2,77993;-2,02906;-0,0643225;265;1;13,3438;19,5309;0;-2,78005;-2,02906;-0,0602607;60;306,319
2236;0,5;129;0;265;2763,32;4790,54;-11,738;60;301,562;264,7;265,796;264,5;20;-2,78274;-2,02906;-0,050778;265;1;13,7283;19,5309;0;-2,78274;-2,02906;-0,050778;60;306,339
2237;0,5;129;0;265;2771,29;4807,92;-11,738;60;301,411;264,5;265,799;264,1;20;-2,79519;-2,02906;-0,0825227;265;1;14,0247;19,5309;0;-2,79727;-2,02906;-0,086558;60;306,285
2238;0,5;129;0;265;2770,89;4812,48;-11,738;60;301,215;264,4;265,8;263,8;20;-2,79922;-2,02906;-0,0616487;265;1;14,3356;19,5309;0;-2,79922;-2,02906;-0,0571917;60;306,302
2239;0,5;129;0;265;2771,39;4796,1;-11,738;60;301,215;264,6;265,797;263,6;20;-2,78726;-2,02906;0,011582;265;1;14,9166;19,5309;0;-2,78738;-2,02906;0,011582;60;306,388
2240;0,5;130;0;265;2775,32;4798,74;-11,738;60;301,15;264,8;265,797;263,8;20;-2,78799;-2,02906;0,00443401;265;1;15,0884;19,5309;0;-2,78811;-2,02906;0,00352515;60;306,38
2241;0,5;130;0;265;2768,23;4802,28;-11,738;60;301,085;264,8;265,801;263,6;20;-2,80044;-2,02906;-0,047316;265;1;15,0911;19,5309;0;-2,80239;-2,02906;-0,0533081;60;306,315
2242;0,5;130;0;265;2767,83;4808,93;-11,738;60;300,955;264,9;265,803;263,3;20;-2,81216;-2,02906;-0,0717726;265;1;15,3732;19,5309;0;-2,81216;-2,02906;-0,0665837;60;306,279
2243;0,5;130;0;265;2768,57;4803,52;-11,738;60;300,89;264,7;265,799;263,4;20;-2,8019;-2,02906;-0,000471092;265;1;15,8133;19,5309;0;-2,79788;-2,02906;0,018977;60;306,361
2244;0,5;130;0;265;2771,57;4795,54;-11,738;60;300,825;264,5;265,794;263,5;20;-2,77627;-2,02906;0,0974919;265;1;16,3794;19,5309;0;-2,77432;-2,02906;0,0998577;60;306,484
2245;0,5;130;0;265;2775,82;4802,23;-11,738;60;300,76;264,3;265,788;263,5;20;-2,75149;-2,02906;0,155516;265;1;16,7891;19,5309;0;-2,75149;-2,02906;0,155516;60;306,556
2246;0,5;129;0;265;2777,13;4812,14;-11,738;60;300,673;264,3;265,781;263,4;20;-2,72573;-2,02906;0,192102;265;1;17,2474;19,5309;0;-2,72573;-2,02906;0,192102;60;306,622
2247;0,5;130;0;265;2767,91;4800,67;-11,738;60;300,586;264,6;265,776;263,4;20;-2,70791;-2,02906;0,206271;265;1;17,5136;19,5309;0;-2,70083;-2,02906;0,210414;60;306,667
2248;0,5;130;0;265;2768,82;4793,67;-11,738;60;300,586;265,2;265,77;263,1;20;-2,6802;-2,02906;0,217145;265;1;17,7299;19,5309;0;-2,6802;-2,02906;0,217145;60;306,696
2249;0,5;129;0;265;2768,65;4804,62;-11,738;60;300,521;265,8;265,764;262,6;20;-2,66018;-2,02906;0,21892;265;1;18,0033;19,5309;0;-2,65688;-2,02906;0,218979;60;306,722
2250;0,5;129;0;265;2766,05;4806,98;-11,738;60;300,477;266,1;265,759;262,3;20;-2,6376;-2,02906;0,21714;265;1;18,3261;19,5309;0;-2,63442;-2,02906;0,216738;60;306,743
2251;0,5;129;0;265;2770,87;4803,16;-11,738;60;300,412;266,7;265,754;261,8;20;-2,6188;-2,02906;0,213993;265;1;18,3149;19,5309;0;-2,61074;-2,02906;0,221937;60;306,761
2252;0,5;129;0;265;2774,49;4795,49;-11,738;60;300,347;267;265,743;261,8;20;-2,57986;-2,02906;0,283133;265;1;18,9578;19,5309;0;-2,5729;-2,02906;0,296197;60;306,866
2253;0,5;129;0;265;2776,48;4796,63;-11,738;60;300,326;266,6;265,737;262,1;20;-2,54641;-2,02906;0,291472;265;1;18,9529;19,5309;0;-2,54373;-2,02906;0,283344;60;306,908
2254;0,5;129;0;265;2777,88;4810,55;-11,738;60;300,304;266,1;265,723;262;20;-2,49001;-2,02906;0,406236;265;1;19,5519;19,5309;0;-2,49001;-2,02906;0,406236;60;307,021
2255;0,5;129;0;265;2769,31;4802,87;-11,738;60;300,152;265,7;265,692;262,1;20;-2,38662;-2,02906;0,677572;265;1;21,3067;19,5309;0;-2,36868;-2,02906;0,71507;60;307,454
2256;0,5;129;0;265;2769,31;4792,16;-11,738;60;300,152;265,6;265,669;262,5;20;-2,27688;-2,02906;0,821232;265;1;22,2623;19,5309;0;-2,26357;-2,02906;0,82599;60;307,708
2257;0,5;129;0;265;2775,24;4804,74;-11,738;60;300,022;265,5;265,649;262,9;20;-2,20559;-2,02906;0,808084;265;1;22,632;19,5309;0;-2,19656;-2,02906;0,793202;60;307,766
2258;0,5;129;0;265;2774,72;4808,54;-11,738;60;299,913;265,4;265,634;263,1;20;-2,14309;-2,02906;0,720724;265;1;22,883;19,5309;0;-2,1343;-2,02906;0,71098;60;307,741
2259;0,5;129;0;265;2775,56;4804,81;-11,738;60;299,848;265,4;265,621;262,9;20;-2,08267;-2,02906;0,661061;265;0;23,0806;19,5309;0;-2,07424;-2,02906;0,653866;60;307,742
2260;0,5;129;0;265;2777,21;4796,32;-11,738;60;299,783;265,2;265,568;262;20;-1,87197;-2,02906;1,26043;265;0;25,706;19,5309;0;-1,81863;-2,02906;1,4264;60;308,552
2261;0,5;129;0;265;2773,16;4795,84;-11,738;60;299,74;265;265,464;261,6;20;-1,51821;-2,02906;2,23927;265;0;29,8341;19,5309;0;-1,45461;-2,02906;2,3839;60;309,884
2262;0,5;129;0;265;2772,61;4807,29;-11,738;60;299,761;265;265,368;261,6;20;-1,0718;-2,02906;3,06216;265;0;33,5768;19,5309;0;-1,00845;-2,02906;3,14612;60;311,154
2263;0,5;129;0;265;2770,01;4807,8;-11,738;60;299,653;265;265,268;261,2;20;-0,67251;-2,02906;3,34793;265;0;35,8168;19,5309;0;-0,67251;-2,02906;3,34793;60;311,792
2264;0,5;129;0;265;2767,08;4790,71;-11,738;60;299,631;265;265,206;261,1;20;-0,425684;-2,02906;3,11615;265;0;36,0678;19,5309;0;-0,393579;-2,02906;3,04561;60;311,854
2265;0,5;129;0;265;2775,92;4794,86;-11,738;60;299,653;265;265,16;261,2;20;-0,239771;-2,02906;2,54912;265;0;34,9245;19,5309;0;-0,220605;-2,02906;2,45721;60;311,473
2266;0,5;129;0;265;2777,69;4808,36;-11,738;60;299,566;264,9;265,135;261,6;20;-0,15188;-2,02906;1,97063;265;0;33,6479;19,5309;0;-0,141138;-2,02906;1,87994;60;310,982
2267;0,5;129;0;265;2773,9;4802,91;-11,738;60;299,566;265,2;265,125;262,2;20;-0,101465;-2,02906;1,35503;265;0;31,9524;19,5309;0;-0,0969482;-2,02906;1,27884;60;310,417
2268;0,5;129;0;265;2773,92;4796,03;-11,738;60;299,544;265,6;265,12;262,6;20;-0,0785156;-2,02906;0,886896;265;0;30,7471;19,5309;0;-0,0761963;-2,02906;0,833961;60;309,972
2269;0,5;129;0;265;2771,12;4793,32;-11,738;60;299,544;265,3;265,118;262,7;20;-0,0743652;-2,02906;0,580709;265;0;29,7758;19,5309;0;-0,073999;-2,02906;0,540495;60;309,67
2270;0,5;131;0;265;2771,63;4801,9;-11,738;60;299,523;265;265,116;262,8;49,0661;-0,0639893;-2,02932;0,387174;265;0;29,486;19,7768;0;-0,0595947;-2,02938;0,380363;60;309,486
2271;0,5;158;0;265;2776,54;4812,03;-11,738;60;299,392;264,9;265,104;263,1;49,9403;-0,0143066;-2,0296;0,429098;265;0;29,9553;20,1227;0;-0,0041748;-2,0296;0,446907;60;309,577
2272;0,5;229;0;265;2774,9;4795,44;-11,738;60;299,371;265;265,088;263,4;50,4497;0;-2,02961;0,322003;265;0;29,6721;20,4714;0;0;-2,02961;0,277131;60;309,461
2273;0,5;293;0;265;2781,44;4792,61;-11,738;60;299,392;264,9;265,079;263,6;50,1747;0;-2,02961;0,190436;265;0;29,2822;20,7668;0;0;-2,02961;0,176669;60;309,353
2274;0,5;332;0;265;2782,73;4806,33;-11,738;60;299,457;264,9;265,075;263,8;49,9377;0;-2,02961;0,112626;265;0;28,5279;21,1058;0;0;-2,02961;0,104484;60;309,275
2275;0,5;335;0;265;2774,19;4806,04;-11,738;60;299,913;264,7;265,075;263,9;48,7515;0;-2,02961;0,0666079;265;0;27,3639;21,3876;0;0;-2,02961;0,0666079;60;309,234
2276;0,5;336;0;265;2772,42;4798,96;-11,738;60;300,282;264,7;265,077;264;47,8343;0;-2,02961;0,0424621;265;0;25,9085;21,6988;0;0;-2,02961;0,0393926;60;309,205
2277;0,5;335;0;265;2772,33;4795,34;-11,738;60;300,955;264,7;265,081;264;46,0517;0;-2,02961;0,0251125;265;0;24,0987;21,9873;0;0;-2,02961;0,0232971;60;309,188
2278;0,5;323;0;265;2772,82;4801,86;-11,738;60;301,693;264,7;265,085;263,3;44,6922;0;-2,02961;0,0160091;265;0;21,8578;22,2165;0;0;-2,02961;0,0148518;60;309,179
2279;0,5;315;0;265;2778,36;4809,28;-11,738;60;302,279;264,7;265,076;262,3;42,5092;0;-2,02961;0,00946791;265;0;20,0804;22,46;0;0;-2,02961;0,00878349;60;309,172
2280;0,5;298;0;265;2776,23;4801,43;-11,738;60;302,973;264,7;265,019;262;40,6369;0;-2,02961;0,00559942;265;0;17,9854;22,6801;0;0;-2,02961;0,00519464;60;309,168
2281;0,5;288;0;265;2773,14;4788,6;-11,738;60;303,581;264,6;264,935;262,3;39,0064;0;-2,02961;0,00331155;265;0;16,1565;22,8499;0;0;-2,02961;0,00331155;60;309,166
2282;0,5;274;0;265;2778,54;4801,71;-11,738;60;304,102;264,7;264,88;263;38,1461;0,0575195;-2,02955;0,26777;265;0;15,5593;23,0309;0;0,079248;-2,02948;0,353129;60;309,488
2283;0,5;266;0;265;2769,83;4804,9;-11,738;60;304,622;265,1;264,861;263,4;38,2596;0,157617;-2,02878;0,529699;265;0;14,8899;23,2098;0;0,162866;-2,02863;0,516704;60;309,851
2284;0,5;263;0;265;2768,74;4794,78;-11,738;60;305,056;265,3;264,855;264;36,8633;0,179712;-2,02765;0,392056;265;0;13,2446;23,375;0;0,178857;-2,02749;0,359597;60;309,736
2285;0,5;255;0;265;2773,49;4793,07;-11,738;60;305,512;265,4;264,861;264,2;34,8411;0,155664;-2,02653;0,132138;265;0;11,3431;23,4981;0;0,155664;-2,02653;0,132138;60;309,493
2286;0,5;246;0;265;2775;4795,96;-11,738;60;305,903;265,2;264,872;264,3;32,9773;0,111597;-2,02577;-0,0956562;265;0;8,97852;23,6154;0;0,103052;-2,02567;-0,129922;60;309,182
2287;0,5;233;0;265;2779,14;4805,81;-11,738;60;306,272;264,7;264,887;264,4;31,1668;0,0523926;-2,02524;-0,286632;265;0;7,47037;23,6964;0;0,0523926;-2,02524;-0,286632;60;308,962
2288;0,5;220;0;265;2779,66;4804,23;-11,738;60;306,814;264,7;264,905;264,4;29,0678;0;-2,02511;-0,358852;265;0;5,29828;23,7695;0;0;-2,02511;-0,358852;60;308,78
2289;0,5;208;0;265;2773,09;4789,91;-11,738;60;307,075;264,6;264,918;263,8;28,7595;0;-2,02511;-0,228766;265;0;4,66566;23,8298;0;0;-2,02511;-0,212229;60;308,938
2290;0,5;198;0;265;2774,23;4796,64;-11,738;60;307,487;264,4;264,924;263,3;28,2924;0;-2,02511;-0,145837;265;0;4,003;23,8748;0;0;-2,02511;-0,135294;60;309,021
2291;0,5;196;0;265;2775;4810,31;-11,738;60;307,682;264,7;264,914;263,2;27,4893;0;-2,02511;-0,0862493;265;0;3,53077;23,9195;0;0;-2,02511;-0,0800144;60;309,081
2292;0,5;189;0;265;2769,71;4801,48;-11,738;60;307,943;264,9;264,897;263,2;26,9219;0,011499;-2,0251;0,00316651;265;0;3,1825;23,9564;0;0,0174805;-2,02509;0,0317638;60;309,182
2293;0,5;187;0;265;2777,06;4792,02;-11,738;60;308,095;264,7;264,888;263,2;27,1934;0,0428711;-2,02494;0,125882;265;0;3,12427;23,9873;0;0,0466553;-2,0249;0,135019;60;309,336
2294;0,5;183;0;265;2779,57;4794,25;-11,738;60;308,247;264,5;264,887;263,4;26,6645;0,0510498;-2,02462;0,101129;265;0;2,55482;24,021;0;0,0508057;-2,02457;0,0926421;60;309,32
2295;0,5;183;0;265;2780,32;4803,34;-11,738;60;308,464;264,4;264,891;263,6;25,7182;0,0370117;-2,02432;0,00359542;265;0;1,63499;24,0444;0;0,0348144;-2,02429;-0,00725372;60;309,209
2296;0,5;178;0;265;2779,23;4804,28;-11,738;60;308,55;264,4;264,895;263,6;25,2572;0,0238281;-2,02415;-0,0508095;265;0;1,17228;24,0579;0;0,0216309;-2,02413;-0,0577257;60;309,141
2297;0,5;174;0;265;2772,32;4792,83;-11,738;60;308,637;265;264,898;263,5;24,8405;0,00881347;-2,02404;-0,0882609;265;0;0,754889;24,069;0;0,00673828;-2,02404;-0,0918816;60;309,089
2298;0,5;170;0;265;2772,16;4787,35;-11,738;60;308,681;265,5;264,901;263,1;24,6648;0;-2,02402;-0,0848663;265;0;0,608405;24,0772;0;0;-2,02402;-0,0787314;60;309,083
2299;0,5;169;0;265;2775,49;4806,23;-11,738;60;308,724;265,4;264,899;263,1;24,659;0,00429687;-2,02402;-0,0295765;265;0;0,575171;24,0838;0;0,00429687;-2,02402;-0,0295765;60;309,116
2300;0,5;168;0;265;2773,12;4802,8;-11,738;60;308,746;265;264,888;263,3;25,2485;0,047876;-2,02389;0,163116;265;0;1,30118;24,0951;0;0,0576416;-2,02384;0,198387;60;309,379
2301;0,5;168;0;265;2779,32;4790,59;-11,738;60;308,746;264,6;264,868;263,2;26,2616;0,126855;-2,02332;0,404904;265;0;2,26514;24,1168;0;0,138208;-2,0232;0,430345;60;309,701
2302;0,5;169;0;265;2780,21;4790,86;-11,738;60;308,659;264,3;264,85;262,8;27,1237;0,190332;-2,02242;0,511093;265;0;3,0373;24,1427;0;0,199365;-2,02224;0,51768;60;309,871
2303;0,5;173;0;265;2774,39;4797,79;-11,738;60;308,615;264;264,828;262,4;27,9933;0,286523;-2,02091;0,692397;265;0;4,00446;24,1814;0;0,307031;-2,02063;0,741177;60;310,15
2304;0,5;181;0;265;2773,88;4808,22;-11,738;60;308,572;263,8;264,79;261,8;29,5762;0,438013;-2,01854;1,00082;265;0;5,58658;24,2372;0;0,459741;-2,01812;1,03319;60;310,613
2305;0,5;187;0;265;2772,49;4799,81;-11,738;60;308,485;263,7;264,756;261,6;30,7937;0,57644;-2,0152;1,12814;265;0;6,49515;24,2986;0;0,57644;-2,0152;1,12814;60;310,85
2306;0,5;197;0;265;2770,74;4790,4;-11,738;60;308,442;263,8;264,725;261,9;31,4733;0,682031;-2,01165;1,1417;265;0;7,0875;24,3783;0;0,698633;-2,011;1,13918;60;311,004
2307;0,5;204;0;265;2775,77;4800;-11,738;60;308,377;263,8;264,703;262,3;31,8589;0,786523;-2,00682;1,07836;265;0;7,61613;24,464;0;0,800562;-2,00608;1,06806;60;311,05
2308;0,5;210;0;265;2773,53;4807,43;-11,738;60;308,333;263,9;264,677;262,8;32,2257;0,875879;-2,00215;1,04982;265;0;7,79502;24,5539;0;0,907129;-2,00048;1,04868;60;311,132
2309;0,5;213;0;265;2768,79;4792,88;-11,738;60;308,29;264,1;264,651;263;32,7705;0,983789;-1,99605;1,04011;265;0;8,19062;24,6345;0;0,996851;-1,99512;1,02787;60;311,22
2310;0,5;218;0;265;2774,42;4789,5;-11,738;60;308,333;264,1;264,64;262,9;32,4147;1,03823;-1,98937;0,813941;265;0;7,43494;24,7269;0;1,03909;-1,9884;0,75922;60;311,055
2311;0,5;218;0;265;2771;4796,81;-11,738;60;308,507;264;264,647;262,9;30,6928;1,01223;-1,9826;0,366638;265;0;5,89777;24,795;0;1,01223;-1,9826;0,366638;60;310,673
2312;0,5;217;0;265;2767,81;4800,1;-11,738;60;308,594;263,9;264,668;262,9;29,1818;0,94082;-1,9771;-0,0564202;265;0;3,91739;24,8535;0;0,928125;-1,97622;-0,113524;60;310,1
2313;0,5;207;0;265;2766,96;4798,04;-11,738;60;308,681;263,9;264,687;263,3;27,483;0,853052;-1,97122;-0,374405;265;0;2,4574;24,8906;0;0,842798;-1,97042;-0,396756;60;309,7
2314;0,5;193;0;265;2764,77;4783,77;-11,738;60;308,702;264,3;264,702;263,7;26,9116;0,792139;-1,96584;-0,451755;265;0;1,99918;24,9125;0;0,792139;-1,96584;-0,451755;60;309,569
2315;0,5;186;0;265;2770,61;4788,72;-11,738;60;308,724;264,5;264,706;263,6;27,0578;0,776636;-1,96144;-0,346147;265;0;2,21204;24,9348;0;0,776758;-1,96071;-0,320536;60;309,661
2316;0,5;183;0;265;2779,48;4807,82;-11,738;60;308,854;264,5;264,699;263;27,4273;0,797022;-1,95629;-0,120427;265;0;2,57523;24,9616;0;0,803125;-1,95554;-0,082307;60;309,913
2317;0,5;183;0;265;2776,97;4800,94;-11,738;60;308,898;264,1;264,684;262,6;28,4329;0,86416;-1,95086;0,197069;265;0;3,44105;24,9919;0;0,86416;-1,95086;0,197069;60;310,245
2318;0,5;184;0;265;2778,11;4793,25;-11,738;60;308,941;263,9;264,668;262,4;29,204;0,927271;-1,94581;0,375372;265;0;4,22437;25,0376;0;0,934595;-1,94494;0,383534;60;310,549
2319;0,5;190;0;265;2773,81;4796,05;-11,738;60;308,811;264,2;264,662;262,6;29,3147;0,952173;-1,93962;0,310077;265;0;4,5124;25,088;0;0,95144;-1,93872;0,284132;60;310,515
2320;0,5;196;0;265;2770;4803,95;-11,738;60;308,876;264,3;264,668;262,7;28,9403;0,93374;-1,9343;0,119682;265;0;3,7613;25,1346;0;0,920313;-1,93256;0,0406308;60;310,265
2321;0,5;196;0;265;2773,49;4807,34;-11,738;60;308,811;264,3;264,681;263;28,2525;0,877588;-1,92834;-0,152576;265;0;2,99958;25,1684;0;0,867212;-1,92752;-0,191551;60;309,989
2322;0,5;195;0;265;2771,92;4794,77;-11,738;60;308,832;265,1;264,7;263,4;27,2474;0,799951;-1,92283;-0,395577;265;0;1,98911;25,1969;0;0,787866;-1,92208;-0,425222;60;309,674
2323;0,5;189;0;265;2775,87;4791,81;-11,738;60;308,876;265,3;264,721;263,7;26,4606;0,72854;-1,91853;-0,539462;265;0;1,16083;25,2121;0;0,716821;-1,91785;-0,556941;60;309,463
2324;0,5;183;0;265;2781,12;4806,44;-11,738;60;308,854;265,1;264,737;263,9;26,0389;0,652124;-1,91401;-0,612781;265;0;0,79032;25,2227;0;0,642847;-1,9134;-0,613194;60;309,318
2325;0,5;179;0;265;2776,62;4807,46;-11,738;60;308,854;264,7;264,753;264;25,8723;0,588525;-1,90994;-0,609465;265;0;0,556586;25,2302;0;0,579614;-1,90939;-0,608353;60;309,261
2326;0,5;174;0;265;2775;4792,32;-11,738;60;308,876;264,4;264,768;263,9;25,6879;0,535791;-1,90678;-0,600642;265;0;0,434363;25,2351;0;0,527124;-1,90628;-0,598991;60;309,221
2327;0,5;174;0;265;2776,93;4795,35;-11,738;60;308,854;264,1;264,78;263,8;25,6295;0,478174;-1,90346;-0,577306;265;0;0,276343;25,2395;0;0,471826;-1,90301;-0,566164;60;309,19
2328;0,5;174;0;265;2773,15;4802,56;-11,738;60;308,854;263,9;264,788;263,5;25,8484;0,446069;-1,90045;-0,45965;265;0;0,607123;25,245;0;0,443872;-1,90003;-0,437011;60;309,278
2329;0,5;174;0;265;2777,04;4807,21;-11,738;60;308,811;264;264,789;263,3;26,4175;0,442773;-1,89796;-0,302363;265;0;1,27189;25,2537;0;0,444604;-1,89754;-0,271681;60;309,435
2330;0,5;174;0;265;2781,46;4801,72;-11,738;60;308,832;264,5;264,786;263,2;26,9778;0,455591;-1,89501;-0,128944;265;0;2,0348;25,2722;0;0,457422;-1,89458;-0,110798;60;309,624
2331;0,5;177;0;265;2785,25;4790,96;-11,738;60;308,702;265,1;264,783;263,3;27,7623;0,467676;-1,89198;-0,0293319;265;0;2,50904;25,2973;0;0,471338;-1,89154;-0,00956288;60;309,739
2332;0,5;180;0;265;2790,95;4803,46;-11,738;60;308,681;265,5;264,775;263,3;28,3626;0,500757;-1,88882;0,114527;265;0;3,17966;25,3301;0;0,50625;-1,88834;0,132721;60;309,919
2333;0,5;183;0;265;2787,44;4811,9;-11,738;60;308,615;265,3;264,768;263,3;28,9188;0,527246;-1,88592;0,176972;265;0;3,58533;25,363;0;0,528711;-1,88542;0,171239;60;310,011
2334;0,5;188;0;265;2780,33;4796,77;-11,738;60;308,637;264,9;264,767;263,3;28,7895;0,530664;-1,88243;0,114133;265;0;3,35242;25,4039;0;0,527979;-1,88194;0,0929396;60;309,955
2335;0,5;191;0;265;2783,56;4792,16;-11,738;60;308,572;264,7;264,774;263,3;28,6085;0,508936;-1,8795;-0,0174835;265;0;3,09644;25,4365;0;0,504297;-1,87902;-0,0385747;60;309,804
2336;0,5;191;0;265;2783,6;4801,1;-11,738;60;308,55;264,5;264,785;263,2;28,0946;0,465723;-1,8763;-0,179812;265;0;2,55454;25,4697;0;0,459375;-1,87586;-0,197404;60;309,602
2337;0,5;191;0;265;2784,24;4808,65;-11,738;60;308,529;264,4;264,794;262,9;27,7494;0,422021;-1,87339;-0,276114;265;0;2,0131;25,4967;0;0,415918;-1,87299;-0,285569;60;309,465
2338;0,5;188;0;265;2789,92;4805,09;-11,738;60;308,485;264,5;264,806;262,5;27,5243;0,374048;-1,87077;-0,349442;265;0;2,00861;25,5157;0;0,374048;-1,87077;-0,349442;60;309,355
2339;0,5;189;0;265;2790,75;4794,21;-11,738;60;308,572;265,3;264,814;262,6;27,2693;0,345117;-1,86876;-0,336485;265;0;1,68021;25,5361;0;0,343408;-1,86844;-0,320397;60;309,332
2340;0,5;187;0;265;2790,12;4795,92;-11,738;60;308,485;266,1;264,814;262,5;27,8087;0,343042;-1,86652;-0,20179;265;0;2,34516;25,5586;0;0,345361;-1,8662;-0,176025;60;309,467
2341;0,5;187;0;265;2790,68;4811,57;-11,738;60;308,485;266,2;264,81;262,3;28,3654;0,359277;-1,86421;-0,0561634;265;0;2,83771;25,5896;0;0,361475;-1,86388;-0,0561634;60;309,631
2342;0,5;187;0;265;2780,6;4802,9;-11,738;60;308,464;266,1;264,803;262,2;28,9403;0,386377;-1,86177;0,0738378;265;0;3,32047;25,6199;0;0,386377;-1,86177;0,0738378;60;309,77
2343;0,5;189;0;265;2779,97;4788,97;-11,738;60;308,377;265,7;264,798;262,5;29,5128;0,406641;-1,85954;0,126279;265;0;3,86667;25,6628;0;0,408716;-1,85915;0,127151;60;309,866
2344;0,5;195;0;265;2785,73;4799,61;-11,738;60;308,42;265,8;264,797;262,9;29,382;0,412134;-1,85684;0,0923883;265;0;3,6594;25,706;0;0,410059;-1,85645;0,0757087;60;309,84
2345;0,5;196;0;265;2782,4;4806,22;-11,738;60;308,333;265,5;264,802;263,1;28,9907;0,395898;-1,85456;-0,00889301;265;0;3,57407;25,7413;0;0,39187;-1,85419;-0,0276637;60;309,725
2346;0,5;197;0;265;2785,67;4810,42;-11,738;60;308,485;265;264,811;263,2;28,4509;0,360254;-1,85207;-0,147109;265;0;2,60425;25,7776;0;0,354395;-1,85173;-0,164713;60;309,553
2347;0,5;196;0;265;2783,29;4797,53;-11,738;60;308,464;264,7;264,823;263,1;27,9694;0,306543;-1,84987;-0,299219;265;0;2,16691;25,8025;0;0,306543;-1,84987;-0,299219;60;309,386
2348;0,5;191;0;265;2777,59;4789,21;-11,738;60;308,442;264,6;264,839;262,9;27,8239;0,249902;-1,8483;-0,418628;265;0;1,6002;25,8274;0;0,2427;-1,84807;-0,423075;60;309,175
2349;0,5;188;0;265;2775,93;4801,97;-11,738;60;308,247;264,6;264,839;262,8;28,3542;0,243555;-1,84673;-0,257029;265;0;2,65653;25,8513;0;0,248315;-1,8465;-0,215506;60;309,332
2350;0,5;188;0;265;2771,07;4809,6;-11,738;60;308,16;264,7;264,826;263,2;29,7387;0,294458;-1,84499;0,0520458;265;0;3,85477;25,8839;0;0,294458;-1,84499;0,0520458;60;309,645
2351;0,5;191;0;265;2765,89;4793,66;-11,738;60;308,095;264,8;264,815;263,5;30,7005;0,340967;-1,84319;0,217707;265;0;4,83933;25,9349;0;0,347192;-1,84287;0,231972;60;309,908
2352;0,5;197;0;265;2770,76;4791,09;-11,738;60;307,812;264,9;264,804;263,6;32,0008;0,384058;-1,84081;0,296225;265;0;6,05771;25,9985;0;0,390039;-1,84045;0,303638;60;310,032
2353;0,5;204;0;265;2774,28;4804,87;-11,738;60;307,856;265,2;264,788;263,1;32,0377;0,435937;-1,83852;0,401787;265;0;6,40671;26,0579;0;0,449731;-1,8381;0,439219;60;310,191
2354;0,5;213;0;265;2775,06;4805,84;-11,738;60;307,791;265,5;264,753;262,6;34,1779;0,588647;-1,83523;0,855463;265;0;8,43104;26,1408;0;0,621729;-1,83467;0,953049;60;310,801
2355;0,5;217;0;265;2780,12;4803,52;-11,738;60;307,899;265,6;264,687;262,5;36,8094;0,850244;-1,83053;1,52843;265;0;10,8583;26,2547;0;0,885889;-1,82971;1,58972;60;311,74
2356;0,5;236;0;265;2773,49;4791,95;-11,738;60;307,878;265,4;264,633;262,5;38,4569;1,04202;-1,82517;1,73696;265;0;12,4286;26,3906;0;1,09341;-1,82317;1,73327;60;312,177
2357;0,5;247;0;265;2774,45;4799,81;-11,738;60;307,943;265,4;264,605;262,7;38,48;1,18093;-1,81782;1,55036;265;0;11,8891;26,5148;0;1,19302;-1,81671;1,49652;60;312,106
2358;0,5;258;0;265;2773,93;4813,08;-11,738;60;307,943;266,1;264,591;262,8;37,6144;1,23647;-1,80986;1,12345;265;0;10,4734;26,6469;0;1,24038;-1,8087;1,06107;60;311,742
2359;0,5;259;0;265;2767,27;4799,04;-11,738;60;308,03;265,8;264,589;262,5;36,3589;1,24514;-1,80287;0,745934;265;0;9,45286;26,7466;0;1,2449;-1,8017;0,690835;60;311,38
2360;0,5;250;0;265;2772,86;4792,92;-11,738;60;308,29;265,1;264,592;262,4;34,5404;1,23196;-1,79473;0,388436;265;0;7,45371;26,8432;0;1,22988;-1,79358;0,350355;60;311,018
2361;0,5;243;0;265;2778,35;4802,6;-11,738;60;308,377;264,5;264,593;262,4;33,7715;1,2272;-1,78667;0,21393;265;0;6,41935;26,9238;0;1,22708;-1,78552;0,197878;60;310,847
2362;0,5;233;0;265;2777,59;4807,39;-11,738;60;308,789;264;264,592;262,5;32,6799;1,22842;-1,77977;0,142842;265;0;5,38407;26,9837;0;1,23025;-1,77862;0,14134;60;310,784
2363;0,5;228;0;265;2777,66;4803,62;-11,738;60;308,876;263,9;264,588;262,7;32,2902;1,24917;-1,77165;0,168586;265;0;5,35267;27,0459;0;1,25295;-1,77048;0,174636;60;310,838
2364;0,5;224;0;265;2774,13;4792,46;-11,738;60;309,115;264,5;264,584;263;31,7142;1,26504;-1,76339;0,158369;265;0;4,6131;27,1048;0;1,26663;-1,76221;0,154568;60;310,852
2365;0,5;221;0;265;2769,54;4790,95;-11,738;60;309,288;265,3;264,578;263,2;31,2627;1,28286;-1,75623;0,175181;265;0;4,2176;27,1479;0;1,28652;-1,75503;0,180166;60;310,894
2366;0,5;218;0;265;2771,95;4807;-11,738;60;309,397;265,5;264,575;263,4;31,3293;1,29946;-1,74775;0,164536;265;0;3,93543;27,1976;0;1,29897;-1,74653;0,150289;60;310,909
2367;0,5;218;0;265;2765,6;4804,5;-11,738;60;309,505;265,4;264,579;263,6;30,4808;1,28213;-1,73926;0,0239958;265;0;3,16172;27,2384;0;1,27773;-1,73806;0,00108236;60;310,759
2368;0,5;211;0;265;2765,88;4787,37;-11,738;60;309,549;265,1;264,591;263,7;29,7041;1,23574;-1,73098;-0,172492;265;0;2,0022;27,2696;0;1,22561;-1,72982;-0,208851;60;310,525
2369;0,5;206;0;265;2776,81;4794,99;-11,738;60;309,766;265;264,608;263,9;28,2592;1,16763;-1,72421;-0,386352;265;0;0,851111;27,2832;0;1,15579;-1,72312;-0,415487;60;310,249
2370;0,5;197;0;265;2775,98;4803,03;-11,738;60;309,787;265,1;264,627;264,1;27,4917;1,09011;-1,71681;-0,52669;265;0;0,154669;27,2866;0;1,08474;-1,71579;-0,5145;60;310,039
2371;0,5;190;0;265;2777,86;4803,03;-11,738;60;309,918;265,1;264,624;264,1;27,712;1,1022;-1,70969;-0,241126;265;0;0,423834;27,2881;0;1,1022;-1,70969;-0,241126;60;310,259
2372;0,5;187;0;265;2777,87;4797,03;-11,738;60;309,896;265,4;264,601;264;29,316;1,18228;-1,70328;0,172257;265;0;2,24299;27,3027;0;1,19644;-1,70217;0,228046;60;310,844
2373;0,5;189;0;265;2773,74;4788,11;-11,738;60;309,983;265,5;264,58;263,6;30,4068;1,27969;-1,6952;0,480299;265;0;3,15806;27,3341;0;1,29336;-1,69399;0,511467;60;311,257
2374;0,5;197;0;265;2778,82;4804,86;-11,738;60;310,026;265,5;264,557;263,3;31,1819;1,3738;-1,68649;0,649684;265;0;3,81266;27,3692;0;1,3738;-1,68649;0,649684;60;311,497
2375;0,5;202;0;265;2776,41;4812,32;-11,738;60;310,048;265,5;264,534;263,2;32,0029;1,45181;-1,67854;0,728004;265;0;4,33744;27,4195;0;1,46255;-1,67718;0,727147;60;311,694
2376;0,5;209;0;265;2771,79;4797,24;-11,738;60;310,048;265,4;264,522;263,1;31,8303;1,51187;-1,6688;0,658086;265;0;4,33707;27,4712;0;1,51626;-1,66738;0,631693;60;311,693
2377;0,5;212;0;265;2780,08;4793,96;-11,738;60;309,896;265,4;264,52;263,2;31,7585;1,52078;-1,65882;0,41567;265;0;4,24451;27,514;0;1,52078;-1,65882;0,41567;60;311,511
2378;0,5;212;0;265;2783,7;4804,27;-11,738;60;310,048;265,8;264,528;263,3;30,3993;1,48989;-1,64893;0,120666;265;0;2,84458;27,5548;0;1,48989;-1,64893;0,120666;60;311,196
2379;0,5;209;0;265;2782,07;4809,21;-11,738;60;309,918;265,9;264,54;263,2;29,6345;1,44583;-1,64067;-0,100333;265;0;2,33875;27,5838;0;1,43862;-1,63932;-0,127789;60;310,897
2380;0,5;204;0;265;2780,39;4804,56;-11,738;60;310,004;265,4;264,547;263;29,3706;1,41396;-1,63132;-0,173182;265;0;1,79209;27,6055;0;1,41287;-1,62999;-0,165957;60;310,802
2381;0,5;201;0;265;2775,31;4795,69;-11,738;60;310,113;264,8;264,55;262,9;29,1193;1,40176;-1,62339;-0,162065;265;0;1,6825;27,6222;0;1,39675;-1,62208;-0,174469;60;310,809
2382;0,5;201;0;265;2771,48;4795,09;-11,738;60;310,069;264,3;264,565;263,2;28,8447;1,35122;-1,61433;-0,299961;265;0;1,07926;27,6394;0;1,34048;-1,61307;-0,330047;60;310,629
2383;0,5;201;0;265;2774,71;4813,94;-11,738;60;310,091;264,2;264,586;263,3;27,7921;1,25515;-1,60576;-0,557721;265;0;0,148352;27,6438;0;1,25515;-1,60576;-0,557721;60;310,341
2384;0,5;191;0;265;2770,27;4805,41;-11,738;60;310,2;264,2;264,616;263,7;27,6439;1,15457;-1,59898;-0,762845;265;0;-0,0438904;27,6439;0;1,13674;-1,5979;-0,79359;60;309,985
2385;0,5;187;0;265;2773,81;4790,13;-11,738;60;310,265;264,1;264,642;264;26,6537;1,03152;-1,59181;-0,929332;265;0;-1,08631;27,6363;0;1,01431;-1,59085;-0,9451;60;309,703
2386;0,5;183;0;265;2782,27;4799,89;-11,738;60;310,2;264,4;264,672;264,3;26,5609;0,929468;-1,58629;-1,00308;265;0;-1,40189;27,6243;0;0,912744;-1,58543;-1,01117;60;309,532
2387;0,5;182;0;265;2781,96;4806,61;-11,738;60;310,069;264,5;264,699;264,4;26,2233;0,804224;-1,57981;-1,01597;265;0;-1,38505;27,6083;0;0,804224;-1,57981;-1,01597;60;309,408
2388;0,5;176;0;265;2782,99;4808,14;-11,738;60;309,983;264,3;264,716;264,4;26,5038;0,737085;-1,5755;-0,911097;265;0;-1,01966;27,5938;0;0,731348;-1,57481;-0,872884;60;309,443
2389;0,5;176;0;265;2781,64;4797,6;-11,738;60;309,961;263,9;264,72;264,3;27,2841;0,721094;-1,57141;-0,641298;265;0;-0,180853;27,587;0;0,719507;-1,57073;-0,602587;60;309,701
2390;0,5;178;0;265;2774,49;4788,32;-11,738;60;309,852;263,7;264,724;264,1;27,5857;0,704004;-1,56672;-0,450642;265;0;0;27,5857;0;0,698389;-1,56606;-0,445127;60;309,879
2391;0,5;181;0;265;2778,41;4804,73;-11,738;60;309,787;263,8;264,743;263,8;27,5857;0,626245;-1,5623;-0,583756;265;0;0;27,5857;0;0,607202;-1,56173;-0,63333;60;309,672
2392;0,5;182;0;265;2779,57;4812,75;-11,738;60;309,744;264;264,784;263,4;26,7968;0,489038;-1,55914;-0,932068;265;0;-1,12513;27,5798;0;0,436182;-1,55828;-1,04768;60;309,104
2393;0,5;181;0;265;2773,41;4793,69;-11,738;60;309,549;263,9;264,822;263,4;25,7834;0,310449;-1,55653;-1,24199;265;0;-1,6728;27,5649;0;0,28689;-1,55625;-1,26575;60;308,704
2394;0,5;174;0;265;2780,07;4790,22;-11,738;60;309,462;263,9;264,853;263,5;25,5673;0,187524;-1,55495;-1,19697;265;0;-1,77167;27,5421;0;0,180566;-1,55478;-1,14398;60;308,628
2395;0,5;174;0;265;2781,59;4802,05;-11,738;60;309,44;264,1;264,854;263,5;26,6453;0,178247;-1,55396;-0,79016;265;0;-0,314703;27,5285;0;0,190454;-1,55361;-0,623006;60;309,114
2396;0,5;174;0;265;2781,27;4804,8;-11,738;60;309,353;264,4;264,842;263,5;27,5281;0,231226;-1,55263;-0,256246;265;0;0,183966;27,5282;0;0,240137;-1,55241;-0,194777;60;309,615
2397;0,5;179;0;265;2780,94;4803,69;-11,738;60;309,245;264,4;264,825;263,3;29,1882;0,298242;-1,5509;0,112255;265;0;1,69092;27,5394;0;0,306787;-1,55062;0,14532;60;310,052
2398;0,5;187;0;265;2773,1;4791,77;-11,738;60;309,201;264,4;264,811;263,2;30,1595;0,357202;-1,54875;0,295467;265;0;2,59821;27,5613;0;0,357202;-1,54875;0,295467;60;310,267
2399;0,5;192;0;265;2772,22;4796,21;-11,738;60;309,136;264,4;264,795;263,1;30,7351;0,410059;-1,5466;0,403429;265;0;3,36854;27,595;0;0,419946;-1,54621;0,421917;60;310,459
2400;0,5;201;0;265;2773,34;4811,58;-11,738;60;309,049;264,4;264,761;262,3;32,6295;0,554102;-1,54353;0,829557;265;0;5,34864;27,6438;0;0,58523;-1,543;0,919603;60;311,032
2401;0,5;207;0;265;2768,42;4801,12;-11,738;60;309,049;264,5;264,699;261,3;34,8954;0,764673;-1,53985;1,38415;265;0;7,65522;27,7085;0;0,802881;-1,53911;1,46822;60;311,801
2402;0,5;222;0;265;2771,74;4791,25;-11,738;60;308,984;264,8;264,646;260,8;37,4627;1,01602;-1,53397;1,78675;265;0;9,76496;27,8124;0;1,04495;-1,53301;1,79702;60;312,461
2403;0,5;234;0;265;2782,63;4798,54;-11,738;60;309,006;265,2;264,606;260,6;37,8725;1,17556;-1,52672;1,65739;265;0;9,87729;27,9293;0;1,18972;-1,52561;1,60582;60;312,499
2404;0,5;248;0;265;2781,71;4802,75;-11,738;60;309,028;265,5;264,593;261,1;37,1687;1,22537;-1,51993;1,24654;265;0;8,74936;28,0235;0;1,2272;-1,51878;1,16525;60;312,144
2405;0,5;249;0;265;2780,53;4800,25;-11,738;60;309,049;265,4;264,594;261,3;35,4937;1,22646;-1,51187;0,736944;265;0;7,1829;28,1156;0;1,22439;-1,51072;0,67367;60;311,644
2406;0,5;247;0;265;2777,19;4791,83;-11,738;60;309,18;265,2;264,589;261,3;34,3676;1,24355;-1,50382;0,519108;265;0;6,21427;28,1911;0;1,25332;-1,50265;0,528646;60;311,451
2407;0,5;239;0;265;2772,01;4785,58;-11,738;60;309,332;264,7;264,569;261,5;34,4928;1,32253;-1,4954;0,615442;265;0;6,11439;28,2641;0;1,33193;-1,49416;0,616251;60;311,635
2408;0,5;236;0;265;2781,18;4804,51;-11,738;60;309,462;264,2;264,554;261,7;34,3959;1,37612;-1,48781;0,606251;265;0;6,07511;28,3246;0;1,3832;-1,48651;0,596547;60;311,687
2409;0,5;236;0;265;2775,8;4806,79;-11,738;60;309,592;264;264,544;262;34,0629;1,42483;-1,47862;0,54772;265;0;5,61744;28,3928;0;1,42971;-1,47728;0,531657;60;311,686
2410;0,5;235;0;265;2773,73;4786,94;-11,738;60;309,744;263,9;264,535;262,3;33,5429;1,45364;-1,47052;0,465062;265;0;5,08954;28,4457;0;1,4584;-1,46915;0,454386;60;311,64
2411;0,5;231;0;265;2785,86;4793,85;-11,738;60;309,918;263,9;264,526;262,1;33,1676;1,49001;-1,46087;0,419328;265;0;4,56971;28,5019;0;1,49648;-1,45947;0,420194;60;311,641
2412;0,5;225;0;265;2785,78;4799,29;-11,738;60;309,961;263,9;264,516;261,7;33,1355;1,53481;-1,45094;0,422116;265;0;4,54682;28,5548;0;1,54104;-1,4495;0,421604;60;311,698
2413;0,5;223;0;265;2787,2;4802,84;-11,738;60;310,091;264;264,508;261,8;32,8208;1,56826;-1,44075;0,376851;265;0;4,223;28,5978;0;1,56826;-1,44075;0,376851;60;311,699
2414;0,5;223;0;265;2786,75;4799,48;-11,738;60;310,243;264,2;264,506;261,9;32,1995;1,57729;-1,4319;0,274062;265;0;3,50596;28,6421;0;1,57742;-1,43042;0,254839;60;311,612
2415;0,5;223;0;265;2778,26;4785,17;-11,738;60;310,352;264,8;264,509;262;31,4082;1,56252;-1,42158;0,100062;265;0;2,64509;28,6782;0;1,55874;-1,42012;0,0745917;60;311,433
2416;0,5;217;0;265;2778,48;4796,28;-11,738;60;310,395;265,6;264,519;262,3;30,6375;1,52432;-1,41145;-0,0909185;265;0;1,93656;28,701;0;1,52432;-1,41145;-0,0909185;60;311,24
2417;0,5;213;0;265;2776,72;4807,7;-11,738;60;310,438;265,8;264,532;262,7;29,6414;1,47927;-1,403;-0,239225;265;0;1,17274;28,7175;0;1,47195;-1,40162;-0,257229;60;311,029
2418;0,5;204;0;265;2768,83;4795,73;-11,738;60;310,569;265,4;264,546;262,9;28,9718;1,41616;-1,39349;-0,38844;265;0;0,173712;28,7231;0;1,40701;-1,39217;-0,404481;60;310,826
2419;0,5;201;0;265;2775,18;4789,22;-11,738;60;310,547;265,1;264,559;262,8;28,7236;1,3655;-1,38439;-0,419235;265;0;0,0218262;28,7236;0;1,3666;-1,38311;-0,383634;60;310,754
2420;0,5;196;0;265;2782,11;4798,67;-11,738;60;310,59;265;264,548;262,6;29,6313;1,40676;-1,37531;-0,0815684;265;0;0,903204;28,7281;0;1,40676;-1,37531;-0,0815684;60;311,091
2421;0,5;196;0;265;2783,77;4802,44;-11,738;60;310,655;264,9;264,54;262;30,0992;1,43606;-1,3673;0,0611156;265;0;1,40034;28,7431;0;1,43887;-1,36595;0,0702283;60;311,322
2422;0,5;196;0;265;2789,25;4804,26;-11,738;60;310,655;264,9;264,537;261,7;30,3084;1,45352;-1,35783;0,106641;265;0;1,55002;28,7584;0;1,45352;-1,35783;0,106641;60;311,372
2423;0,5;196;0;265;2783,51;4793,26;-11,738;60;310,547;264,9;264,511;261,3;31,9335;1,55715;-1,34801;0,484203;265;0;3,14844;28,785;0;1,55715;-1,34801;0,484203;60;311,796
2424;0,5;204;0;265;2780,62;4788,94;-11,738;60;310,59;264,7;264,472;261,5;33,4505;1,69094;-1,33887;0,845298;265;0;4,79804;28,8327;0;1,71047;-1,33727;0,878319;60;312,39
2425;0,5;213;0;265;2785,07;4809,07;-11,738;60;310,547;264,8;264,453;261,9;34,2355;1,78091;-1,32907;0,891072;265;0;5,36484;28,8849;0;1,78994;-1,3274;0,870192;60;312,535
2426;0,5;224;0;265;2775,42;4803,25;-11,738;60;310,569;264,9;264,451;262,3;33,5403;1,79592;-1,31729;0,570868;265;0;4,41956;28,9431;0;1,79104;-1,3156;0,506069;60;312,242
2427;0,5;225;0;265;2772,96;4790,49;-11,738;60;310,525;264,9;264,464;262,6;32,3321;1,74575;-1,30564;0,133629;265;0;2,99225;28,9867;0;1,73501;-1,30401;0,0721989;60;311,766
2428;0,5;222;0;265;2780,5;4794,08;-11,738;60;310,59;264,6;264,483;263;31,0062;1,67996;-1,296;-0,181134;265;0;1,81434;29,0107;0;1,6675;-1,29443;-0,228046;60;311,395
2429;0,5;214;0;265;2781,84;4801,74;-11,738;60;310,612;264,8;264,503;263,3;29,8219;1,58853;-1,28526;-0,46575;265;0;0,653448;29,0244;0;1,57461;-1,28378;-0,499146;60;311,03
2430;0,5;204;0;265;2784,93;4807,94;-11,738;60;310,72;265,9;264,524;263,5;29,0267;1,5043;-1,27513;-0,598172;265;0;0;29,0267;0;1,49478;-1,27373;-0,600818;60;310,823
2431;0,5;201;0;265;2785,17;4800,62;-11,738;60;310,851;265,9;264,539;263,5;29,0267;1,45168;-1,26683;-0,590518;265;0;0;29,0267;0;1,44448;-1,26547;-0,582539;60;310,787
2432;0,5;197;0;265;2780,16;4786,73;-11,738;60;310,916;266,1;264,547;263,3;29,0267;1,41152;-1,25744;-0,502577;265;0;0;29,0267;0;1,40444;-1,25612;-0,500367;60;310,844
2433;0,5;196;0;265;2784,27;4797,36;-11,738;60;310,981;266,1;264,564;263,3;28,9594;1,345;-1,24837;-0,563844;265;0;0;29,0266;0;1,33022;-1,24712;-0,594268;60;310,725
2434;0,5;196;0;265;2778,62;4808,42;-11,738;60;310,938;265,8;264,595;263,5;28,0415;1,22134;-1,23992;-0,823263;265;0;-1,16129;29,0202;0;1,2012;-1,23879;-0,860817;60;310,35
2435;0,5;196;0;265;2769,63;4793,58;-11,738;60;310,938;265,6;264,633;263,8;27,0328;1,09048;-1,23341;-1,0543;265;0;-2,22742;29,0034;0;1,06704;-1,2324;-1,09104;60;309,995
2436;0,5;188;0;265;2778,54;4789,33;-11,738;60;310,959;265,5;264,668;264;20;0,928247;-1,22679;-1,25393;265;0;-3,35828;23,2297;0;0,905542;-1,22679;-1,27271;60;309,64
2437;0,5;174;0;265;2782,35;4793,92;-11,738;60;310,981;265,3;264,704;264,3;19,2572;0,78396;-1,22206;-1,29566;265;0;-3,93653;23,1937;0;0,78396;-1,22206;-1,29566;60;309,469
2438;0,5;141;0;265;2783,65;4799,38;-11,738;60;310,872;265,3;264,729;264,4;19,4538;0,695459;-1,21791;-1,17923;265;0;-3,54542;23,1492;0;0,682031;-1,21726;-1,1587;60;309,491
2439;0,5;136;0;265;2789,82;4804,88;-11,738;60;310,742;265,3;264,744;264,3;20;0,624292;-1,21362;-0,961414;265;0;-2,70203;22,702;0;0,625269;-1,21362;-0,887208;60;309,642
2440;0,5;134;0;265;2786,51;4791,92;-11,738;60;310,655;265,3;264,731;264;20;0,674219;-1,21362;-0,355579;265;0;-0,793341;20,7933;0;0,674219;-1,21362;-0,355579;60;310,191
2441;0,5;134;0;265;2784,32;4787,03;-11,738;60;310,438;265,3;264,703;263,5;20;0,787256;-1,21362;0,230602;265;0;0,826575;20;0;0,787256;-1,21362;0,230602;60;310,914
2442;0,5;134;0;265;2787,28;4804,73;-11,738;60;310,069;265,4;264,684;263,5;20;0,85647;-1,21362;0,41904;265;0;2,95417;20;0;0,86416;-1,21362;0,42581;60;311,254
2443;0,5;134;0;265;2779,24;4804,76;-11,738;60;309,831;265,8;264,679;263,4;20;0,883936;-1,21362;0,345878;265;0;3,5846;20;0;0,883936;-1,21362;0,345878;60;311,226
2444;0,5;133;0;265;2775,87;4790,69;-11,738;60;309,592;265,7;264,672;263,1;20;0,910547;-1,21362;0,311228;265;0;4,23444;20;0;0,910547;-1,21362;0,311228;60;311,203
2445;0,5;133;0;265;2780,91;4791,82;-11,738;60;309,288;265,5;264,67;263;20;0,921045;-1,21362;0,236701;265;0;5,1399;20;0;0,920435;-1,21362;0,216648;60;311,136
2446;0,5;133;0;265;2779,3;4796,16;-11,738;60;308,984;265,5;264,675;263;20;0,901025;-1,21362;0,0576111;265;0;5,35615;20;0;0,901025;-1,21362;0,0576111;60;310,937
2447;0,5;133;0;265;2785,79;4802,99;-11,738;60;308,572;265,3;264,685;263,1;20;0,861841;-1,21362;-0,121695;265;0;5,92972;20;0;0,861841;-1,21362;-0,121695;60;310,749
2448;0,5;134;0;265;2788,13;4801,53;-11,738;60;308,268;265,5;264,696;263,1;20;0,824121;-1,21362;-0,229344;265;0;6,31562;20;0;0,817896;-1,21362;-0,242768;60;310,573
2449;0,5;133;0;265;2784,6;4784,67;-11,738;60;307,943;265,3;264,699;262,8;20;0,803735;-1,21362;-0,222689;265;0;7,25101;20;0;0,805689;-1,21362;-0,197178;60;310,56
2450;0,5;133;0;265;2794,27;4798,95;-11,738;60;307,552;265,2;264,68;262,4;20;0,860986;-1,21362;0,10983;265;0;9,59211;20;0;0,878687;-1,21362;0,187192;60;310,949
2451;0,5;133;0;265;2789,34;4806,53;-11,738;60;307,335;265,2;264,648;262;20;1,00881;-1,21362;0,646863;265;0;12,6232;20;0;1,03176;-1,21362;0,7107;60;311,634
2452;0,5;133;0;265;2777,84;4796,97;-11,738;60;306,944;265,2;264,616;261,6;20;1,13528;-1,21362;0,860384;265;0;14,4615;20;0;1,13528;-1,21362;0,860384;60;311,965
2453;0,5;133;0;265;2779,89;4794,2;-11,738;60;306,706;265,2;264,605;261,4;20;1,18044;-1,21362;0,721266;265;0;15,0541;20;0;1,18459;-1,21362;0,689128;60;311,88
2454;0,5;133;0;265;2779,29;4794,53;-11,738;60;306,38;265,2;264,602;261,6;20;1,19265;-1,21362;0,469212;265;0;15,1809;20;0;1,19265;-1,21362;0,435293;60;311,641
2455;0,5;133;0;265;2778,79;4802,06;-11,738;60;306,12;265,1;264,602;261,7;20;1,19265;-1,21362;0,299119;265;0;15,4518;20;0;1,19265;-1,21362;0,277496;60;311,47
2456;0,5;133;0;265;2785,36;4809,44;-11,738;60;305,946;264,9;264,604;261,7;20;1,18496;-1,21362;0,143729;265;0;15,809;20;0;1,18313;-1,21362;0,124515;60;311,307
2457;0,5;133;0;265;2783,6;4794,71;-11,738;60;305,512;264,9;264,598;261,5;20;1,20754;-1,21362;0,1885;265;0;16,9876;20;0;1,22158;-1,21362;0,242527;60;311,375
2458;0,5;133;0;265;2790,41;4792,1;-11,738;60;305,36;264,9;264,556;261,1;20;1,34377;-1,21362;0,68467;265;0;19,3406;20;0;1,37698;-1,21362;0,795191;60;312,007
2459;0,5;133;0;265;2795,35;4808,89;-11,738;60;305,078;265,2;264,502;261,2;20;1,5928;-1,21362;1,37752;265;0;23,0126;20;0;1,62881;-1,21362;1,45149;60;312,949
2460;0,5;133;0;265;2784,7;4805;-11,738;60;304,926;265,8;264,444;261,6;20;1,82327;-1,21362;1,702;265;0;25,4586;20;0;1,85208;-1,21362;1,7178;60;313,504
2461;0,5;134;0;265;2786,82;4799,05;-11,738;60;304,644;266,6;264,402;261,9;20;1,97036;-1,21362;1,66905;265;0;26,5068;20;0;2,00857;-1,21362;1,61358;60;313,615
2462;0,5;133;0;265;2784,71;4797,07;-11,738;60;304,362;267,1;264,382;262,2;20;2,07363;-1,21362;1,37186;265;0;26,5864;20;0;2,0812;-1,21362;1,30916;60;313,424
2463;0,5;134;0;265;2782,26;4798,6;-11,738;60;304,253;267,2;264,374;262,6;20;2,1022;-1,21362;0,912527;265;0;25,6848;20;0;2,10171;-1,21362;0,844208;60;312,993
2464;0,5;133;0;265;2786,65;4812,21;-11,738;60;304,036;267,1;264,377;262,9;20;2,09512;-1,21362;0,55065;265;0;25,1639;20;0;2,09255;-1,21362;0,498491;60;312,624
2465;0,5;134;0;265;2782,84;4807,13;-11,738;60;303,928;266,4;264,38;263,1;20;2,08193;-1,21362;0,277657;265;0;24,8261;20;0;2,08157;-1,21362;0,255821;60;312,338
2466;0,5;133;0;265;2783,74;4793,16;-11,738;60;303,711;265,5;264,375;262,9;20;2,10073;-1,21362;0,244064;265;0;25,3677;20;0;2,10623;-1,21362;0,252894;60;312,323
2467;0,5;133;0;265;2796,73;4803,89;-11,738;60;303,559;265,2;264,365;262,7;20;2,13333;-1,21362;0,286702;265;0;25,9189;20;0;2,1387;-1,21362;0,291861;60;312,399
2468;0,5;133;0;265;2793,67;4811,24;-11,738;60;303,385;265,3;264,359;262,6;20;2,16409;-1,21362;0,285431;265;0;26,7235;20;0;2,16726;-1,21362;0,280093;60;312,428
2469;0,5;133;0;265;2787,74;4803,93;-11,738;60;303,277;265,3;264,347;262,4;20;2,21377;-1,21362;0,372387;265;0;27,3939;20;0;2,22463;-1,21362;0,397826;60;312,565
2470;0,5;133;0;265;2790,44;4798,52;-11,738;60;303,082;265,1;264,329;262,2;20;2,27651;-1,21362;0,488311;265;0;28,431;20;0;2,29177;-1,21362;0,49078;60;312,759
2471;0,5;134;0;265;2783,14;4793,92;-11,738;60;302,973;264,8;264,323;262,3;20;2,30813;-1,21362;0,401118;265;0;28,4143;20;0;2,30666;-1,21362;0,365062;60;312,688
2472;0,5;133;0;265;2784,14;4802,53;-11,738;60;302,908;264,7;264,331;262,4;20;2,27786;-1,21362;0,110242;265;0;27,7762;20;0;2,26846;-1,21362;0,0569746;60;312,367
2473;0,5;133;0;265;2785,72;4814,07;-11,738;60;302,799;264,8;264,352;262,4;20;2,19119;-1,21362;-0,280811;265;0;26,6686;20;0;2,17422;-1,21362;-0,342284;60;311,889
2474;0,5;133;0;265;2780,41;4794,22;-11,738;60;302,778;264,8;264,386;262,4;20;2,07668;-1,21362;-0,643616;265;0;25,3018;20;0;2,05422;-1,21362;-0,705335;60;311,412
2475;0,5;133;0;265;2791,4;4795,05;-11,738;60;302,604;264,7;264,421;262,6;20;1,91616;-1,21362;-1,00774;265;0;24,2486;20;0;1,8926;-1,21362;-1,04843;60;310,887
2476;0,5;133;0;265;2797,92;4808,19;-11,738;60;302,582;264,7;264,463;262,8;20;1,74966;-1,21362;-1,24604;265;0;23,2709;20;0;1,74966;-1,21362;-1,24604;60;310,539
2477;0,5;133;0;265;2796,41;4805,13;-11,738;60;302,431;264,6;264,498;262,7;20;1,61733;-1,21362;-1,31713;265;0;22,9449;20;0;1,6072;-1,21362;-1,27074;60;310,279
2478;0,5;134;0;265;2803,53;4799,95;-11,738;60;302,365;264,4;264,495;262,3;20;1,62112;-1,21362;-0,732388;265;0;24,7756;20;0;1,63503;-1,21362;-0,612379;60;310,867
2479;0,5;133;0;265;2803,48;4790,01;-11,738;60;302,344;264,3;264,457;262;20;1,77249;-1,21362;0,170334;265;0;27,7033;20;0;1,77249;-1,21362;0,170334;60;311,778
2480;0,5;133;0;265;2803,59;4793,08;-11,738;60;302,257;265,3;264,42;262,2;20;1,90383;-1,21362;0,631306;265;0;30,1705;20;0;1,92031;-1,21362;0,665088;60;312,514
2481;0,5;133;0;265;2808,76;4808;-11,738;59,7926;302,214;265,9;264,396;262,5;20;2,01772;-1,21362;0,815872;265;0;31,4565;20;0;2,03164;-1,21362;0,823958;60;312,812
2482;0,5;132;0;265;2804,09;4815,46;-11,738;55,801;302,083;266;264,381;262,9;20;2,07778;-1,21362;0,702996;265;0;27,9941;20;0;2,07937;-1,21362;0,659825;58,064;311,571
2483;0,5;134;0;265;2800,43;4846,45;-11,738;47,44;301,953;265,9;264,385;263;20;2,06545;-1,21362;0,39033;265;0;14,8942;20;0;2,05923;-1,21362;0,33211;51,0886;307,118
2484;0,5;134;0;265;2786,47;4908,25;-11,738;37,36;301,801;265,5;264,394;263;18,0677;2,02224;-1,21362;0,0629046;265;0;-5,55518;19,9938;0;2,01614;-1,21172;0,0289423;41,2;299,706
2485;0,5;130;0;265;2760,59;4950,12;-11,738;27,76;301,78;265;264,402;262,9;0;1,99197;-1,20233;-0,0759567;265;0;-24,1976;19,8812;0;1,99197;-1,20233;-0,0759567;31,44;293,514
2486;0,5;88;0;265;2724,07;4961,36;-11,738;17,3865;301,606;264,5;264,402;262,6;0;1,99258;-1,20233;-0,0366998;265;0;-45,0451;19,8812;0;1,99258;-1,20233;-0,0366998;21,36;286,391
2487;0,5;0;0;265;2668,21;4937,47;-11,738;11,249;301,476;264,2;264,389;262;0;2,03225;-1,20233;0,144252;265;0;-62,6334;0;0;2,04409;-1,20233;0,190889;13,1613;280,398
2488;0,5;0;0;265;2608,57;4868,43;-11,738;10;301,259;264,2;264,356;261,8;0;2,1752;-1,20233;0,663817;265;0;-67,59;0;0;2,1752;-1,20233;0,663817;10,0316;278,529
2489;0,5;0;0;265;2563,9;4789,97;-11,738;10;300,998;264,8;264,298;261,8;0;2,40957;-1,20233;1,31314;265;0;-64,602;0;0;2,40957;-1,20233;1,31314;10;279,264
2490;0,5;0;0;265;2521,2;4726,38;-11,738;10;300,543;265,5;264,245;261,9;0;2,61868;-1,20233;1,67605;265;0;-61,1541;0;0;2,65164;-1,20233;1,71373;10;279,958
2491;0,5;0;0;265;2496,43;4677,69;-11,738;10;300,043;265,4;264,197;261,8;0;2,7897;-1,20233;1,74994;265;0;-58,9222;0;0;2,81375;-1,20233;1,73933;10;280,203
2492;0,5;0;0;265;2487,67;4637,96;-11,738;10;299,588;264,9;264,16;261,8;0;2,95937;-1,20233;1,69715;265;0;-57,2043;0;0;2,98452;-1,20233;1,69566;10;280,32
2493;0,5;0;0;265;2495,63;4618,01;-11,738;10;298,872;264,5;264,114;261,8;0;3,14517;-1,20233;1,72728;265;0;-54,4081;0;0;3,17141;-1,20233;1,7289;10;280,535
2494;0,5;0;0;265;2517,22;4607,14;-11,738;10;298,546;264,5;264,065;261,7;0;3,31057;-1,20233;1,76811;265;0;-51,61;0;0;3,36526;-1,20233;1,77571;10;280,774
2495;0,5;0;0;265;2540,3;4588,55;-11,738;10;297,765;264,4;264,026;261,7;0;3,49758;-1,20233;1,77294;265;0;-49,8934;0;0;3,52407;-1,20233;1,77243;10;280,934
2496;0,5;0;0;265;2561,18;4567,17;-11,738;10;297,244;264,3;263,98;261,7;0;3,68032;-1,20233;1,75853;265;0;-47,761;0;0;3,70583;-1,20233;1,75436;10;281,102
2497;0,5;0;0;265;2576,75;4564,95;-11,738;10;296,658;264,3;263,935;261,8;0;3,83157;-1,20233;1,7296;265;0;-44,6961;0;0;3,88516;-1,20233;1,73748;10;281,255
2498;0,5;0;0;265;2588,35;4571,11;-11,738;10;296,159;264,5;263,896;262;0;4,01492;-1,20233;1,73346;265;0;-43,6423;0;0;4,03884;-1,20233;1,72345;10;281,411
2499;0,5;0;0;265;2595,08;4574,62;-11,738;10;295,616;264,6;263,861;262,1;0;4,15408;-1,20233;1,55388;265;0;-41,9406;0;0;4,16531;-1,20233;1,49567;10;281,371
2500;0,5;0;0;265;2600,67;4570,18;-11,738;10;294,965;264,5;263,849;262,4;0;4,20071;-1,20233;1,16896;265;0;-41,1977;0;0;4,20364;-1,20233;1,09858;10;281,033
2501;0,5;0;0;265;2617,68;4582,7;-11,738;10;294,683;264,5;263,852;262,7;0;4,19351;-1,20233;0,652874;265;0;-40,9446;0;0;4,1885;-1,20233;0,58156;10;280,509
2502;0,5;0;0;265;2639,95;4605,53;-11,738;10;293,815;264,6;263,867;263;0;4,13345;-1,20233;0,145347;265;0;-40,8244;0;0;4,12075;-1,20233;0,0736581;10;279,942
2503;0,5;0;0;265;2664,41;4622,99;-11,738;10;293,446;264,5;263,895;263,4;0;4,03848;-1,20233;-0,298512;265;0;-41,5295;0;0;4,01833;-1,20233;-0,373999;10;279,403
2504;0,5;0;0;265;2685,08;4628,69;-11,738;10;292,882;264,6;263,933;263,6;0;3,8677;-1,20233;-0,84977;265;0;-41,1565;0;0;3,8384;-1,20233;-0,929531;10;278,681
2505;0,5;0;0;265;2695,42;4633,33;-11,738;10;292,47;265;263,991;263,8;0;3,63564;-1,20233;-1,41405;265;0;-42,4388;0;0;3,59939;-1,20233;-1,48656;10;277,885
2506;0,5;0;0;265;2693,46;4644,48;-11,738;10;291,819;265,5;264,056;264;0;3,41323;-1,20233;-1,79859;265;0;-43,0226;0;0;3,37612;-1,20233;-1,84742;10;277,278
2507;0,5;0;0;265;2687,91;4651,63;-11,738;10;291,319;265,6;264,11;264,2;0;3,15945;-1,20233;-2,04797;265;0;-42,9045;0;0;3,12563;-1,20233;-2,06288;10;276,775
2508;0,5;0;0;265;2683,31;4656,68;-11,738;10;290,907;265,6;264,163;264,4;0;2,94802;-1,20233;-2,02462;265;0;-42,3619;0;0;2,92324;-1,20233;-1,99769;10;276,586
2509;0,5;0;0;265;2681,03;4659,62;-11,738;10;290,343;265,4;264,202;264,7;0;2,79312;-1,20233;-1,79279;265;0;-40,4385;0;0;2,77517;-1,20233;-1,74967;10;276,663
2510;0,5;0;0;265;2630,84;4651,44;-11,738;10;289,952;265,1;264,233;264,8;0;2,68667;-1,20233;-1,57124;265;0;-38,9212;0;0;2,66921;-1,20233;-1,54178;10;276,779
2511;0,5;0;0;265;2204,66;4563,27;-11,738;0;289,323;264,7;264,258;264,9;0;2,56643;-1,20233;-1,39647;265;0;-46,8825;0;0;2,54958;-1,20233;-1,3767;3,21856;273,495
2512;0,5;0;0;270,1;1771,52;4420,9;-11,455;0;289,128;264,4;264,287;264,9;100;22,8502;-1,20233;71,5446;270,1;0;253,923;0;0;22,8502;-1,20233;71,5446;0;373,969
2513;0,5;0;0;270,1;1415,48;3958,91;-9,5;0;288,52;264,2;264,315;264,9;100;22,7538;-1,20233;45,2212;270,1;0;159,458;0;0;22,7381;-1,20233;41,8763;0;341,873
2514;0,5;6;0;270,1;1134,17;3505,83;-6,993;0;288,151;264;264,339;264,8;100;22,645;-1,20233;26,3217;270,1;0;103,54;0;0;22,6298;-1,20233;24,3454;0;322,864
2515;0,5;33;0;270,1;920,695;2990,68;-4,574;0;287,782;263,8;264,365;264,9;74,9142;22,5399;-1,0965;15,1586;270,1;0;74,9142;0;0;22,5399;-1,0965;15,1586;0;312,954
2516;0,5;154;0;270,1;744,521;2455,69;-2,063;0;287,305;263,8;264,39;265;55,1747;22,4386;-0,948915;8,57123;270,1;0;55,1747;0;0;22,4386;-0,948915;8,57123;0;305,896
2517;0,5;281;0;270,1;606,166;2026,61;0,457;0;287,001;263,9;264,415;264,8;44,8656;22,3545;-0,822935;5,12572;270,1;0;43,6693;0;0;22,3407;-0,801984;4,68871;0;301,757
2518;0,5;320;0;270,1;497,35;1684,96;2,966;0;286,871;264,1;264,438;264,8;37,8874;22,2479;-0,67658;2,61575;270,1;0;37,4818;0,405599;0;22,2479;-0,67658;2,61575;0;299,565
2519;0,5;289;0;270,1;411,945;1416,22;5,775;0;287,218;264,3;264,467;264,7;33,4717;22,1496;-0,551706;1,26927;270,1;0;31,6478;0,809326;0;22,1328;-0,530948;1,09692;0;297,967
2520;0,5;239;0;270,1;344,853;1207;10,123;0;287,63;264,5;264,492;264,7;28,9791;22,0301;-0,406734;0,283354;270,1;0;27,2039;1,15334;0;22,0119;-0,38609;0,175209;0;297,007
2521;0,5;214;0;270,1;292,192;1043,09;14,843;0;288,433;264,7;264,524;264,6;24,969;21,9029;-0,262576;-0,328533;270,1;0;23,3357;1,44552;0;21,8833;-0,242052;-0,398916;0;296,412
2522;0,5;182;0;270,1;250,784;915,592;19,563;0;288,932;264,8;264,553;264,6;22,582;21,7869;-0,139701;-0,675983;270,1;0;20,8819;1,66541;0;21,7678;-0,119284;-0,718891;0;296,071
2523;0,5;167;0;270,1;219,518;822,171;24,097;0;289,388;264,9;264,586;264,6;20,7156;21,6558;0,00284319;-0,909166;270,1;0;18,2635;1,89312;0;21,6375;0,0231369;-0,931687;0;295,849
2524;0,5;147;0;270,1;193,717;747,793;28,272;0;289,952;265;264,618;264,6;18,8761;21,5292;0,144542;-1,02957;270,1;0;16,8057;2,07036;0;21,5292;0,144542;-1,02957;0;295,754
2525;0,5;134;0;270,1;173,566;691,417;28,6;0;290,321;265,3;264,648;264,6;17,8293;21,4071;0,285424;-1,08321;270,1;0;15,571;2,2583;0;21,4071;0,285424;-1,08321;0;295,711
2526;0,5;124;0;270,1;158,278;651,78;28,6;0;290,712;265,5;264,673;264,6;16,8067;21,3079;0,405554;-1,08823;270,1;0;14,4402;2,43265;0;21,2934;0,425523;-1,07957;0;295,725
2527;0,5;118;0;270,1;145,662;621,482;28,6;0;290,972;265,5;264,698;264,6;16,4786;21,2078;0,545057;-1,0325;270,1;0;13,9042;2,57439;0;21,2078;0,545057;-1,0325;0;295,807
2528;0,5;112;0;270,1;135,301;598,933;28,6;0;291,168;265,2;264,721;264,6;16,3865;21,1168;0,683922;-0,960577;270,1;0;13,6518;2,73467;0;21,1168;0,683922;-0,960577;0;295,918
2529;0,5;111;0;270,1;127,848;585,324;28,6;0;291,298;264,9;264,741;264,6;16,5046;21,048;0,802509;-0,889376;270,1;0;13,6901;2,89337;0;21,0368;0,822237;-0,87921;0;296,061
2530;0,5;111;0;270,1;121,744;575,914;28,6;0;291,493;264,8;264,756;264,7;16,5422;20,9854;0,92072;-0,8164;270,1;0;13,49;3,0288;0;20,9765;0,940389;-0,800333;0;296,19
2531;0,5;110;0;270,1;117,161;570,815;28,6;0;291,645;264,9;264,769;264,7;16,6479;20,9241;1,05823;-0,720969;270,1;0;13,5492;3,18751;0;20,9156;1,07785;-0,71003;0;296,361
2532;0,5;111;0;270,1;113,242;568,801;28,6;0;291,732;265,2;264,784;264,7;16,9822;20,8649;1,19535;-0,65645;270,1;0;13,651;3,34679;0;20,8566;1,21491;-0,648995;0;296,504
2533;0,5;111;0;270,1;110,367;569,117;28,6;0;291,905;265,4;264,798;264,7;16,9271;20,8157;1,31258;-0,616391;270,1;0;13,7014;3,50561;0;20,7996;1,35159;-0,605342;0;296,629
2534;0,5;111;0;270,1;107,833;571,265;28,6;0;291,949;265,5;264,81;264,7;17,3116;20,7602;1,449;-0,580321;270,1;0;13,7402;3,64316;0;20,7523;1,46846;-0,576019;0;296,729
2535;0,5;111;0;270,1;99,9016;574,391;28,6;0;292,057;265,4;264,823;264,7;17,4833;20,7066;1,58506;-0,551421;270,1;0;13,6837;3,8039;0;20,6991;1,60447;-0,54745;0;296,84
2536;0,5;113;0;270,1;89,9898;578,719;28,6;0;292,122;265,2;264,836;264,7;17,776;20,6549;1,72078;-0,526842;270,1;0;13,8795;3,9647;0;20,6457;1,74014;-0,53346;0;296,949
2537;0,5;113;0;270,1;82,6173;583,475;28,6;0;292,318;264,9;264,852;264,8;17,485;20,5907;1,85611;-0,561045;270,1;0;13,383;4,10199;0;20,5907;1,85611;-0,561045;0;296,979
2538;0,5;113;0;270,1;76,2942;589,338;28,6;0;292,339;264,7;264,868;264,8;17,636;20,5374;1,97179;-0,572287;270,1;0;13,4924;4,25935;0;20,5287;1,99104;-0,572683;0;297,037
2539;0,5;114;0;270,1;71,7307;594,958;28,6;0;292,426;264,5;264,881;264,9;17,8167;20,4754;2,10636;-0,58125;270,1;0;13,4222;4,39445;0;20,4754;2,10636;-0,58125;0;297,1
2540;0,5;113;0;270,1;67,9915;600,829;28,6;0;292,47;264,7;264,899;264,9;17,7938;20,414;2,22136;-0,617622;270,1;0;13,3442;4,55027;0;20,404;2,2405;-0,621217;0;297,118
2541;0,5;113;0;270,1;65,2608;606,088;28,6;0;292,578;265,1;264,916;265;17,8194;20,3446;2,3551;-0,634683;270,1;0;13,1607;4,7046;0;20,3349;2,37417;-0,635869;0;297,165
2542;0,5;114;0;270,1;62,8561;612,232;28,6;0;292,752;265,5;264,931;265;17,6383;20,2776;2,48839;-0,635722;270,1;0;12,8047;4,83364;0;20,2776;2,48839;-0,635722;0;297,22
2543;0,5;114;0;270,1;61,0489;618,528;28,6;0;292,795;265,7;264,95;265;17,7247;20,2007;2,62122;-0,676507;270,1;0;12,7423;4,98234;0;20,2007;2,62122;-0,676507;0;297,243
2544;0,5;114;0;270,1;59,639;624,761;28,6;0;292,86;265,7;264,969;265;17,7319;20,1352;2,73466;-0,694955;270,1;0;12,6438;5,1286;0;20,1244;2,75353;-0,696481;0;297,275
2545;0,5;114;0;270,1;58,5211;630,604;28,6;0;292,969;265,6;264,985;265;17,7917;20,0714;2,84774;-0,699395;270,1;0;12,4531;5,25411;0;20,0611;2,86655;-0,698834;0;297,32
2546;0,5;114;0;270,1;57,5323;636,883;28,6;0;293,077;265,5;265,003;265,1;17,7242;19,9895;2,99797;-0,691159;270,1;0;12,3255;5,39873;0;19,9895;2,99797;-0,691159;0;297,386
2547;0,5;114;0;270,1;56,8123;642,869;28,6;0;293,229;265,4;265,02;265,1;17,5832;19,9302;3,11024;-0,679273;270,1;0;12,096;5,54073;0;19,9204;3,12892;-0,677233;0;297,461
2548;0,5;114;0;270,1;56,2798;648,514;28,6;0;293,294;265,4;265,037;265,1;17,72;19,8629;3,22216;-0,705002;270,1;0;11,903;5,68189;0;19,8404;3,25938;-0,711629;0;297,484
2549;0,5;114;0;270,1;55,7609;654,257;28,6;0;293,338;265,3;265,057;265,1;17,7364;19,7738;3,3708;-0,721391;270,1;0;11,9366;5,7998;0;19,7738;3,3708;-0,721391;0;297,517
2550;0,5;114;0;270,1;55,405;659,994;28,6;0;293,533;265,2;265,073;265,1;17,4071;19,7094;3,48184;-0,719194;270,1;0;11,5822;5,93543;0;19,6988;3,50031;-0,718386;0;297,572
2551;0,5;114;0;270,1;55,0801;665,328;28,6;0;293,642;265,3;265,091;265,2;17,3632;19,6468;3,59253;-0,71037;270,1;0;11,3622;6,05056;0;19,6365;3,61094;-0,708431;0;297,629
2552;0,5;114;0;270,1;54,8102;670,8;28,6;0;293,75;265,3;265,106;265,2;17,3874;19,5761;3,72123;-0,694652;270,1;0;11,258;6,18194;0;19,5662;3,73958;-0,692087;0;297,703
2553;0,5;114;0;270,1;54,6071;675,807;28,6;0;293,88;265,4;265,123;265,2;17,3639;19,5078;3,84947;-0,675974;270,1;0;11,2336;6,3127;0;19,4983;3,86776;-0,672995;0;297,781
2554;0,5;114;0;270,1;54,3684;680,397;28,6;0;293,945;265,6;265,142;265,2;17,366;19,4417;3,95902;-0,698522;270,1;0;10,9706;6,42299;0;19,4304;3,97724;-0,702152;0;297,802
2555;0,5;113;0;270,1;54,203;685,186;28,6;0;294,076;265,8;265,159;265,2;17,1997;19,3645;4,08635;-0,712834;270,1;0;10,6875;6,54915;0;19,3538;4,1045;-0,713073;0;297,838
2556;0,5;113;0;270,1;54,0638;690,114;28,6;0;294,206;266;265,179;265,2;17,0191;19,2838;4,21318;-0,738829;270,1;0;10,3574;6,67221;0;19,2714;4,23125;-0,745419;0;297,858
2557;0,5;111;0;270,1;54,0108;694,625;28,6;0;294,293;266,2;265,201;265,3;16,8855;19,1978;4,33944;-0,771341;270,1;0;10,1103;6,77525;0;19,1978;4,33944;-0,771341;0;297,863
2558;0,5;111;0;270,1;53,9641;699,013;28,6;0;294,423;266,3;265,221;265,3;16,6724;19,1264;4,44723;-0,779007;270,1;0;9,81559;6,89131;0;19,1146;4,46515;-0,779173;0;297,895
2559;0,5;111;0;270,1;53,9229;703,02;28,6;0;294,488;266,4;265,239;265,3;16,7349;19,0458;4,57248;-0,773731;270,1;0;9,6399;7,00443;0;19,0346;4,59033;-0,77192;0;297,945
2560;0,5;111;0;270,1;53,9036;706,953;28,6;0;294,683;266,4;265,258;265,3;16,4396;18,968;4,69721;-0,759823;270,1;0;9,33997;7,0996;0;18,968;4,69721;-0,759823;0;297,996
2561;0,5;111;0;270,1;53,9115;710,636;28,6;0;294,683;266,5;265,274;265,4;16,7057;18,9036;4,80372;-0,743691;270,1;0;9,4112;7,20972;0;18,893;4,82144;-0,741117;0;298,064
2562;0,5;111;0;270,1;53,9539;714,295;28,6;0;294,857;266,5;265,292;265,4;16,5082;18,8307;4,92754;-0,722917;270,1;0;9,23569;7,31923;0;18,8205;4,94519;-0,720077;0;298,135
2563;0,5;111;0;270,1;53,9617;717,801;28,6;0;294,922;266,6;265,31;265,4;16,6457;18,7604;5,05088;-0,700654;270,1;0;9,13608;7,42747;0;18,7505;5,06847;-0,697658;0;298,211
2564;0,5;111;0;270,1;53,9539;721,047;28,6;0;294,965;266,6;265,327;265,4;16,8547;18,6925;5,17377;-0,67806;270,1;0;9,33475;7,51993;0;18,6925;5,17377;-0,67806;0;298,277
2565;0,5;111;0;270,1;53,9448;724,447;28,6;0;295,009;266,7;265,343;265,3;17,0219;18,6363;5,27876;-0,658683;270,1;0;9,44297;7,62859;0;18,627;5,29623;-0,655779;0;298,356
2566;0,5;111;0;270,1;53,933;727,705;28,6;0;295,117;266,9;265,357;265,3;17,0457;18,5707;5,40085;-0,646026;270,1;0;9,19486;7,73748;0;18,5598;5,41826;-0,651688;0;298,426
2567;0,5;111;0;270,1;53,9127;730,828;28,6;0;295,117;267;265,376;265,3;17,2008;18,4959;5,52247;-0,672821;270,1;0;9,37082;7,82993;0;18,4959;5,52247;-0,672821;0;298,441
2568;0,5;111;0;270,1;53,8965;733,849;28,6;0;295,247;267,1;265,392;265,3;17,0028;18,4337;5,62634;-0,678952;270,1;0;9,16639;7,93682;0;18,4236;5,64361;-0,678694;0;298,481
2569;0,5;111;0;270,1;53,9718;736,609;28,6;0;295,421;267,1;265,409;265,3;16,7084;18,3736;5,72986;-0,674981;270,1;0;8,72236;8,0263;0;18,3637;5,74708;-0,673841;0;298,528
2570;0,5;111;0;270,1;53,9479;739,114;28,6;0;295,464;267,2;265,424;265,3;16,8688;18,3056;5,85021;-0,663344;270,1;0;8,84916;8,1291;0;18,296;5,86737;-0,661285;0;298,592
2571;0,5;111;0;270,1;53,8705;741,68;28,6;0;295,573;267,5;265,442;265,3;16,9863;18,2399;5,97012;-0,647478;270,1;0;8,6688;8,23193;0;18,2307;5,98722;-0,644803;0;298,663
2572;0,5;111;0;270,1;53,8168;744,32;28,6;0;295,595;267,8;265,458;265,3;17,0177;18,1687;6,0896;-0,662829;270,1;0;8,69855;8,31915;0;18,1687;6,0896;-0,662829;0;298,694
2573;0,5;111;0;270,1;53,8247;746,56;28,6;0;295,725;268;265,476;265,3;16,7945;18,0943;6,20858;-0,681369;270,1;0;8,37491;8,41954;0;18,0943;6,20858;-0,681369;0;298,716
2574;0,5;111;0;270,1;53,7301;749,002;28,6;0;295,725;268,3;265,492;265,3;16,9872;18,0325;6,31019;-0,682895;270,1;0;8,50492;8,5185;0;18,0224;6,32709;-0,682362;0;298,76
2575;0,5;111;0;270,1;53,7362;751,221;28,6;0;295,79;268,5;265,509;265,3;17,2123;17,9726;6,41145;-0,676525;270,1;0;8,45264;8,60343;0;17,9628;6,4283;-0,674677;0;298,807
2576;0,5;111;0;270,1;53,7199;753,256;28,6;0;295,877;268,7;265,524;265,3;17,0427;17,9049;6,52918;-0,662866;270,1;0;8,18824;8,70135;0;17,8954;6,54596;-0,660834;0;298,871
2577;0,5;111;0;270,1;53,7338;755,145;28,6;0;295,942;268,8;265,54;265,3;17,1494;17,8396;6,64646;-0,645741;270,1;0;8,39551;8,79884;0;17,8324;6,66318;-0,633764;0;298,94
2578;0,5;111;0;270,1;53,6793;756,737;28,6;0;296,029;268,8;265,552;265,3;17,5695;17,797;6,74669;-0,583014;270,1;0;8,55115;8,89852;0;17,7831;6,78005;-0,566404;0;299,079
2579;0,5;112;0;270,1;53,6385;758,4;28,6;0;296,029;268,8;265,563;265,3;17,7778;17,7488;6,86332;-0,532219;270,1;0;8,98392;8,98612;0;17,7421;6,87996;-0,526097;0;299,18
2580;0,5;114;0;270,1;53,7273;759,753;28,6;0;296,072;269;265,574;265,3;18,0748;17,7023;6,97965;-0,495534;270,1;0;9,04307;9,0899;0;17,6958;6,99624;-0,490892;0;299,286
2581;0,5;114;0;270,1;53,5977;761,027;28,6;0;296,072;269,2;265,586;265,3;18,4234;17,6637;7,07911;-0,47112;270,1;0;9,29905;9,18163;0;17,6574;7,09567;-0,467654;0;299,372
