time;Banddicke;Verzinnungsstation: Durchflussmenge;Verzinnungsstation: Rücklauftemperatur;Verzinnungsstation: Kühlleistung;Verzinnungsstation FU: Durchflussmenge;Verzinnungsstation FU: Rücklauftemperatur;Ofenleistung;Wannentemperatur außen;Wannentemperatur innen;Solltemperatur unter Zinnbadrolle;Bandbreite;Laufprogramm Online Zinnbad / Anlagenstartwert Rezept;Laufprogramm Online Zinnbad / Anlagenstartwert korrigiert;Abblasung OS Luftdruck;Abblasung US Luftdruck;Bandgeschwindigkeit;Temperatur unter Zinnbadrolle;Legierung;ChannelInfoFieldText([10:1], "$PDA_expression");Bandlänge auf Abhaspel;Hubtraverse unten;Bandtransport
0;1;52.3206;26.4;3.74836;39.783;27.3;1;280.469;281.272;270;343;278.6;278.6;0.578704;1.30208;5;274.682;;;1147.16;1;0
1;1;52.338;26.4;3.87761;39.9826;27.3;12;280.556;281.221;270;343;278.6;278.6;0.578704;1.30208;5;274.757;;;1148.19;1;0
2;1;52.1354;26.4;3.88082;39.9971;27.3;53;280.642;281.221;270;343;278.6;278.6;0.578704;1.15741;5;274.836;;;1149.28;1;0
3;1;52.2396;26.4;3.9251;39.9826;27.3;187;280.657;281.199;270;343;278.6;278.6;0.578704;1.30208;5;274.925;;;1154.19;1;0
4;1;52.0312;26.4;3.9458;39.7801;27.3;313;280.556;281.257;270;343;278.6;278.6;0.578704;1.30208;5;274.992;;;1158.84;1;0
5;1;52.1354;26.4;4.00834;39.4763;27.3;411;280.425;281.185;270;343;278.6;278.6;0.578704;1.15741;5;275.052;;;1162.13;1;0
6;1;52.0197;26.4;4.01761;39.5775;27.3;506;280.396;281.214;270;343;278.6;278.6;0.578704;1.15741;5;275.11;;;1162.58;1;0
7;1;52.3409;26.4;4.13386;39.5284;27.3;585;281.264;281.055;270;343;278.6;278.6;0.578704;1.15741;5;275.16;;;1163.12;1;0
8;1;52.1354;26.4;4.13585;39.6788;27.3;665;281.554;281.047;270;343;278.6;278.6;29.3692;14.1782;5;275.206;;;1162.85;1;0
9;1;51.93;26.4;4.21026;39.6788;27.3;701;282.335;281.047;270;343;278.6;278.6;187.066;212.529;5;275.231;;;1164.49;1;0
10;1;51.93;26.4;4.26471;39.8814;27.3;706;283.42;281.047;270;343;278.6;278.6;308.738;324.219;5;275.256;;;1163.12;1;0
11;1;51.8287;26.4;4.25639;39.9826;27.3;696;285.359;281.047;270;343;278.6;278.6;401.042;392.795;5;275.266;;;1163.67;1;0
12;1;51.8142;26.4;4.36381;39.8814;27.3;696;286.632;281.055;270;343;278.6;278.6;439.67;434.751;5;275.261;;;1160.66;1;0
13;1;51.6522;26.4;4.36823;39.7193;27.3;705;289.323;281.055;270;343;278.6;278.6;462.674;459.78;5;275.242;;;1160.11;1;0
14;1;52.0081;26.4;4.39833;39.8814;27.3;696;291.291;281.055;270;343;278.6;278.6;476.273;478.009;5;275.213;;;1161.48;1;0
15;1;51.8287;26.4;4.45558;39.8814;27.3;696;293.446;281.047;270;343;278.6;278.6;485.532;484.809;5;275.171;;;1160.11;1;0
16;1;51.93;26.5;4.87128;39.9855;27.4;697;295.616;281.047;270;343;278.6;278.6;488.571;488.281;5;275.12;;;1158.47;1;0
17;1;52.1354;26.5;4.927;40.0839;27.4;706;298.09;281.047;270;343;278.6;278.6;489.583;489.583;5;275.066;;;1157.65;1;0
18;1;52.1094;26.5;4.96095;39.9769;27.5;707;300.072;281.047;270;343;278.6;278.6;489.439;489.439;5;275.013;;;1156.56;1;0
19;1;52.0399;26.5;5.00888;40.0839;27.5;705;302.025;281.055;270;343;278.6;278.6;488.86;488.571;5.61504;274.969;;;1152.46;1;1
20;1;52.3264;26.6;5.39171;39.8235;27.6;708;304.572;281.055;270;343;278.6;278.6;486.979;487.268;10.655;274.939;;;1144.4;1;1
21;1;52.2367;26.6;5.40072;39.7801;27.7;692;306.539;281.047;270;343;278.6;278.6;485.388;485.822;18.3053;274.906;;;1137.88;1;1
22;1;52.1325;26.7;5.76213;39.8814;27.7;671;309.201;281.047;270;343;278.6;278.6;483.941;483.796;21.935;274.871;;;1147.8;1;1
23;1;52.0312;26.7;5.82364;39.5775;27.8;634;311.878;281.047;270;343;278.6;278.6;482.639;482.35;22;274.837;;;1148.89;1;1
24;1;52.0312;26.8;6.1769;39.6094;27.9;619;313.932;281.047;270;343;278.6;278.6;481.192;481.047;22;274.803;;;1148.08;1;1
25;1;52.1296;26.9;6.59716;39.6788;28;600;315.828;281.055;270;343;278.6;278.6;479.89;480.179;22;274.749;;;1149.26;1;1
26;1;52.0341;26.9;6.5669;39.7801;28.1;584;318.388;281.047;270;343;278.6;278.6;479.311;479.601;22;274.664;;;1148.44;1;1
27;1;51.93;27;6.88818;39.6788;28.1;562;319.835;281.047;270;343;278.6;278.6;479.022;479.167;22;274.574;;;1151.45;1;1
28;1;51.7188;27.1;7.22937;39.7801;28.2;556;321.904;281.047;270;343;278.6;278.6;478.877;478.877;22;274.469;;;1148.93;1;1
29;1;51.7159;27.2;7.61622;39.9855;28.3;554;323.597;281.047;270;343;278.6;278.6;478.733;478.877;22;274.308;;;1150.84;1;1
30;1;51.875;27.3;7.99185;39.8814;28.3;543;325.159;281.047;270;343;278.6;278.6;479.167;479.311;22;274.086;"CU-ETP      ";;1147.57;1;1
31;1;52.0399;27.4;8.40696;39.7801;28.4;537;326.736;281.055;270;343;278.6;278.6;479.89;480.179;22;273.67;;;1144.57;1;1
32;1;52.1354;27.5;8.70347;39.9826;28.5;514;328.168;281.055;270;343;278.6;278.6;480.613;480.903;22;273.419;"CU-ETP      ";;1142.91;1;1
33;1;52.338;27.6;9.1475;40.0868;28.5;499;329.688;281.047;270;343;278.6;278.6;481.337;481.337;22;273.184;;;1148.05;1;1
34;1;52.0341;27.7;9.44768;39.9855;28.6;513;330.7;281.047;270;343;278.6;278.6;481.771;481.915;22;272.921;;;1146.78;1;1
35;1;51.8461;27.8;9.76553;39.8814;28.6;532;332.48;281.047;270;343;278.6;278.6;482.06;482.35;22;272.587;;;1146.2;1;1
36;1;51.9329;27.9;10.1526;39.8814;28.7;552;333.695;281.047;270;343;278.6;278.6;482.494;482.639;22;272.288;;;1145.88;1;1
37;1;52.228;28;10.5284;40.0666;28.7;569;334.896;281.055;270;343;278.6;278.6;482.784;482.784;22;272.123;;;1146.38;1;1
38;1;52.2135;28.1;10.88;39.8814;28.8;595;336.777;281.055;270;343;278.6;278.6;482.928;482.928;22;272.028;;;1148.29;1;1
39;1;52.338;28.2;11.2613;39.7801;28.8;599;337.703;281.301;270;343;278.6;278.6;482.784;483.073;22;271.975;"CU-ETP      ";;1144.56;1;1
40;1;52.2367;28.3;11.5941;39.6788;28.8;602;339.685;281.301;270;343;278.6;278.6;483.073;483.073;22;271.95;;;1143.75;1;1
41;1;51.8258;28.4;11.891;39.6788;28.8;614;340.828;281.279;270;343;278.6;278.6;483.218;483.362;22;271.963;"CU-ETP      ";;1141.78;1;1
42;1;51.7274;28.5;12.2196;39.6788;28.9;606;341.826;281.272;270;343;278.6;278.6;483.362;483.362;22;272;;;1142.24;1;1
43;1;51.93;28.6;12.5838;39.5775;28.9;605;343.721;281.286;270;343;278.6;278.6;483.507;483.652;22;272.058;;;1141.94;1;1
44;1;52.0399;28.7;12.9092;39.6788;28.9;612;344.806;281.286;270;343;278.6;278.6;483.796;483.796;22;272.122;;;1142.72;1;1
45;1;52.0891;28.8;13.3114;39.7801;28.9;599;345.992;281.286;270;343;278.6;278.6;483.941;483.941;22;272.141;;;1142.88;1;1
46;1;52.0341;28.9;13.6325;39.5775;28.9;592;346.933;281.301;270;343;278.6;278.6;484.086;484.23;22;272.148;;;1140.49;1;1
47;1;51.9184;29;13.9728;39.7801;28.9;549;348.177;281.293;270;343;278.6;278.6;484.23;484.375;22;272.171;;;1141.85;1;1
48;1;51.6551;29;13.8658;39.9855;28.9;524;349.928;281.286;270;343;278.6;278.6;484.375;484.375;22;272.2;;;1140.51;1;1
49;1;52.0312;29.1;14.3201;40.0637;28.9;489;350.911;281.308;270;343;278.6;278.6;484.52;484.664;22;272.223;;;1147.32;1;1
50;1;52.2078;29.2;14.7596;39.7801;28.9;440;351.939;281.561;270;343;278.6;278.6;484.52;484.664;22;272.232;;;1144.06;1;1
51;1;51.8287;29.3;14.95;39.5775;28.9;410;353.009;281.568;270;343;278.6;278.6;484.809;484.809;22;272.245;;;1142.79;1;1
52;1;52.0341;29.4;15.3444;39.6788;28.9;374;353.299;281.561;270;343;278.6;278.6;485.098;484.954;22;272.257;;;1140.2;1;1
53;1;51.8721;29.5;15.7031;39.592;28.9;345;354.326;281.561;270;343;278.6;278.6;485.243;485.243;22;272.207;;;1140.91;1;1
54;1;51.7969;29.6;16.0139;39.6788;28.9;335;355.237;281.554;270;343;278.6;278.6;485.243;485.243;22;272.207;;;1137.92;1;1
55;1;52.0341;29.6;16.0146;39.7801;28.9;297;356.12;281.561;270;343;278.6;278.6;485.532;485.532;22;272.337;;;1137.15;1;1
56;1;51.8142;29.7;16.3349;39.5775;28.9;265;356.351;281.561;270;343;278.6;278.6;485.532;485.677;22;272.483;;;1138.51;1;1
57;1;51.7101;29.8;16.617;39.7801;28.8;235;357.306;281.561;270;343;278.6;278.6;485.677;485.822;22;272.612;;;1137.7;1;1
58;1;51.7043;29.9;16.9842;39.8814;28.8;202;357.827;281.561;270;343;278.6;278.6;485.822;485.966;22;272.728;;;1132.27;1;1
59;1;51.8287;30;17.3408;39.8611;28.8;157;358.116;281.554;270;343;278.6;278.6;486.111;486.111;22;272.82;;;1126.86;1;1
60;1;51.9271;30;17.3737;39.7801;28.8;118;358.42;281.547;270;343;278.6;278.6;486.111;486.256;22;272.842;;;1125.05;1;1
61;1;51.7274;30.1;17.6219;39.6499;28.7;95;358.406;281.547;270;343;278.6;278.6;486.256;486.256;22;272.833;"CU-ETP      ";;1123.43;1;1
62;1;52.0341;30.2;18.0615;39.5949;28.7;63;358.406;281.547;270;343;278.6;278.6;486.4;486.4;22;272.819;;;1120.73;1;1
63;1;51.8287;30.2;17.9902;39.7801;28.7;42;358.406;281.547;270;343;278.6;278.6;486.545;486.545;22;272.786;;;1118.31;1;1
64;1;52.1354;30.3;18.4688;39.5775;28.6;27;358.03;281.554;270;343;278.6;278.6;486.545;486.545;22;272.737;;;1118.31;1;1
65;1;52.0139;30.4;18.7244;39.5775;28.6;0;358.015;281.547;270;343;278.6;278.6;486.69;486.835;22;272.695;;;1116.96;1;1
66;1;52.1354;30.4;18.7317;39.6788;28.5;0;357.393;281.547;270;343;278.6;278.6;486.69;486.835;22;272.62;;;1115.35;1;1
67;1;51.9271;30.4;18.6569;39.5775;28.4;0;356.988;281.547;270;343;278.6;278.6;486.69;486.835;22;272.517;;;1114.54;1;1
68;1;51.8287;30.5;18.9372;39.5775;28.4;3;356.366;281.554;270;343;278.6;278.6;486.835;486.979;22;272.421;;;1113.47;1;1
69;1;52.0312;30.5;19.0112;39.5689;28.3;12;355.339;281.554;270;343;278.6;278.6;486.835;486.835;22;272.352;;;1112.12;1;1
70;1;52.0341;30.5;19.0486;39.5775;28.2;34;354.586;281.554;270;343;278.6;278.6;486.835;486.835;22;272.331;;;1110.78;1;1
71;1;52.1325;30.6;19.4022;39.4763;28.1;68;353.964;281.554;270;343;278.6;278.6;486.979;486.835;22;272.33;;;1109.98;1;1
72;1;51.93;30.6;19.3268;39.5718;28.1;104;352.879;281.547;270;343;278.6;278.6;486.979;486.979;22;272.321;;;1109.44;1;1
73;1;51.8287;30.6;19.2348;39.6817;28;143;352.228;281.547;270;343;278.6;278.6;486.835;486.979;22;272.313;;;1107.56;1;1
74;1;51.8229;30.6;19.2507;39.7801;27.9;170;351.317;281.547;270;343;278.6;278.6;486.979;486.979;22;272.306;;;1107.02;1;1
75;1;51.93;30.6;19.3268;39.6788;27.8;212;350.231;281.554;270;343;278.6;278.6;486.979;486.835;22;272.291;;;1106.76;1;1
76;1;52.1209;30.6;19.3432;39.8814;27.7;246;349.233;281.554;270;343;278.6;278.6;486.835;486.979;22;272.134;;;1106.76;1;1
77;1;52.1267;30.6;19.3089;39.8814;27.6;284;348.163;281.547;270;343;278.6;278.6;486.979;486.979;22;271.949;;;1106.21;1;1
78;1;52.0341;30.5;18.9395;39.5775;27.5;323;347.483;281.547;270;343;278.6;278.6;486.979;486.835;22;271.862;;;1105.68;1;1
79;1;51.6262;30.5;18.7369;39.5775;27.4;367;346.441;281.554;270;343;278.6;278.6;486.835;486.69;22;271.826;;;1105.41;1;1
80;1;51.6262;30.5;18.791;39.783;27.3;414;346.094;281.554;270;343;278.6;278.6;486.545;486.69;22;271.645;;;1104.19;1;1
81;1;51.7274;30.5;18.7556;39.6788;27.2;457;345.197;281.959;270;343;278.6;278.6;486.545;486.545;22;271.543;;;1103.12;1;1
82;1;51.8316;30.4;18.4596;39.7772;27.1;473;345.197;281.944;270;343;278.6;278.6;486.545;486.545;22;271.594;"CU-ETP      ";;1102.58;1;1
83;1;52.0139;30.4;18.5427;39.9826;27.1;526;344.459;281.944;270;343;278.6;278.6;486.545;486.545;22;271.79;;;1102.58;1;1
84;1;51.93;30.4;18.5128;39.7801;27;555;344.416;281.937;270;343;278.6;278.6;486.4;486.545;22;271.968;;;1102.05;1;1
85;1;51.6262;30.3;18.0359;39.5775;26.9;579;344.039;281.952;270;343;278.6;278.6;486.4;486.4;22;271.869;;;1101.51;1;1
86;1;51.5249;30.3;17.9105;39.6788;26.8;587;344.01;281.952;270;343;278.6;278.6;486.256;486.111;22;271.832;;;1101.51;1;1
87;1;51.6262;30.2;17.6493;39.7801;26.8;592;344.025;281.937;270;343;278.6;278.6;486.111;486.111;22;271.893;;;1101.51;1;1
88;1;52.0457;30.2;17.7382;39.7801;26.7;593;344.488;281.959;270;343;278.6;278.6;485.966;486.111;22;271.964;;;1100.98;1;1
89;1;51.93;30.1;17.328;39.8814;26.7;585;344.488;281.959;270;343;278.6;278.6;485.822;485.822;22;272.028;;;1100.98;1;1
90;1;51.93;30.1;17.4188;39.8148;26.6;582;345.168;281.966;270;343;278.6;278.6;485.677;485.677;22;272.131;;;1100.98;1;1
91;1;51.7274;30.1;17.2966;39.8814;26.6;561;345.139;282.082;270;343;278.6;278.6;485.532;485.532;22;272.335;;;1099.64;1;1
92;1;51.7274;30;16.9454;39.7772;26.5;529;345.515;282.075;270;343;278.6;278.6;485.532;485.532;22;272.532;;;1098.57;1;1
93;1;51.6175;30;16.9094;39.7396;26.5;508;346.065;282.067;270;343;278.6;278.6;485.532;485.388;22;272.633;;;1098.04;1;1
94;1;51.6233;29.9;16.4887;39.8814;26.5;476;346.557;282.075;270;343;278.6;278.6;485.532;485.388;22;272.702;;;1098.04;1;1
95;1;51.8258;29.9;16.5171;39.7801;26.5;426;347.656;282.075;270;343;278.6;278.6;485.388;485.388;22;272.752;;;1097.5;1;1
96;1;52.1354;29.9;16.5976;39.8814;26.5;380;348.206;282.082;270;343;278.6;278.6;485.098;485.243;22;272.789;;;1096.72;1;1
97;1;52.1354;29.8;16.2618;39.6759;26.5;336;348.77;282.082;270;343;278.6;278.6;485.098;484.954;22;272.783;;;1096.72;1;1
98;1;52.1354;29.8;16.2254;39.6788;26.5;285;349.233;282.075;270;343;278.6;278.6;485.098;485.098;22;272.783;;;1096.45;1;1
99;1;51.93;29.8;16.1252;39.7801;26.5;235;349.711;282.067;270;343;278.6;278.6;484.954;485.098;22;272.846;;;1096.45;1;1
100;1;51.93;29.8;16.1433;39.8293;26.5;200;349.711;282.075;270;343;278.6;278.6;484.954;485.098;22;272.88;;;1096.45;1;1
101;1;52.1036;29.8;16.1609;39.7801;26.5;172;350.174;282.444;270;343;278.6;278.6;484.954;484.954;22;272.882;;;1095.65;1;1
102;1;51.8287;29.8;16.0756;39.4763;26.5;147;350.203;282.444;270;343;278.6;278.6;484.809;484.809;22;272.872;;;1094.58;1;1
103;1;51.7245;29.7;15.6741;39.5833;26.5;121;350.897;282.407;270;343;278.6;278.6;484.664;484.809;22;272.857;;;1093.51;1;1
104;1;51.7274;29.7;15.6388;39.6788;26.5;104;350.883;282.407;270;343;278.6;278.6;484.664;484.664;22;272.835;;;1093.25;1;1
105;1;51.9329;29.7;15.6465;39.5775;26.5;88;350.203;282.357;270;343;278.6;278.6;484.52;484.664;22;272.817;;;1092.98;1;1
106;1;51.8287;29.7;15.5608;39.6788;26.5;82;350.188;282.393;270;343;278.6;278.6;484.375;484.52;22;272.793;;;1092.18;1;1
107;1;51.4265;29.7;15.4939;39.7772;26.5;79;350.174;282.386;270;343;278.6;278.6;484.375;484.375;22;272.771;;;1092.18;1;1
108;1;51.7303;29.7;15.4951;39.6209;26.5;79;349.87;282.574;270;343;278.6;278.6;484.23;484.23;22;272.736;;;1092.18;1;1
109;1;51.6262;29.6;15.1494;39.3027;26.5;82;349.262;282.581;270;343;278.6;278.6;484.086;484.086;22;272.698;;;1091.65;1;1
110;1;51.8287;29.6;15.1908;39.4734;26.4;91;348.409;282.617;270;343;278.6;278.6;483.941;483.941;22;272.676;;;1091.38;1;1
111;1;51.9473;29.6;15.1529;39.5775;26.4;105;348.163;282.61;270;343;278.6;278.6;483.941;483.941;22;272.673;;;1091.12;1;1
112;1;51.7274;29.6;15.0707;39.7801;26.4;122;347.309;282.595;270;343;278.6;278.6;483.796;483.796;22;272.717;;;1090.85;1;1
113;1;51.9242;29.5;14.8118;39.7801;26.4;139;347.063;282.559;270;343;278.6;278.6;483.796;483.796;22;272.758;;;1089.78;1;1
114;1;51.6262;29.5;14.6727;39.8351;26.3;156;346.065;282.581;270;343;278.6;278.6;483.652;483.796;22;272.755;;;1089.52;1;1
115;1;51.4207;29.5;14.5963;39.8698;26.3;170;345.312;282.61;270;343;278.6;278.6;483.652;483.652;22;272.735;;;1089.25;1;1
116;1;51.3137;29.4;14.2713;39.6788;26.3;191;344.85;282.588;270;343;278.6;278.6;483.507;483.652;22;272.716;;;1088.72;1;1
117;1;51.522;29.4;14.2572;39.7801;26.2;205;344.141;282.878;270;343;278.6;278.6;483.652;483.652;22;272.697;"CU-ETP      ";;1088.45;1;1
118;1;51.7303;29.3;13.9456;39.8814;26.2;235;343.851;282.82;270;343;278.6;278.6;483.652;483.652;22;272.684;;;1088.45;1;1
119;1;51.93;29.3;13.9631;39.6991;26.1;249;342.231;282.928;270;343;278.6;278.6;483.652;483.652;22;272.671;;;1088.45;1;1
120;1;52.1383;29.2;13.7016;39.5775;26.1;262;341.985;282.914;270;343;278.6;278.6;483.796;483.796;22;272.66;;;1088.45;1;1
121;1;51.7274;29.2;13.5394;39.6615;26;284;341.131;282.928;270;343;278.6;278.6;483.941;484.086;22;272.654;;;1088.45;1;1
122;1;51.9329;29.1;13.1862;39.6788;26;306;340.914;282.928;270;343;278.6;278.6;484.086;484.23;22;272.66;;;1088.45;1;1
123;1;51.8287;29;12.844;39.8843;25.9;333;340.249;282.935;270;343;278.6;278.6;484.23;484.375;22;272.656;;;1087.92;1;1
124;1;51.7274;29;12.8009;40.0839;25.9;346;340.046;282.928;270;343;278.6;278.6;484.23;484.375;22;272.644;;;1086.86;1;1
125;1;51.8316;28.9;12.4566;40.0839;25.9;362;340.003;283.102;270;343;278.6;278.6;484.23;484.23;22;272.639;;;1086.86;1;1
126;1;51.6262;28.9;12.4253;39.8843;25.8;367;339.164;283.087;270;343;278.6;278.6;484.23;484.375;22;272.646;;;1086.59;1;1
127;1;51.5249;28.8;12.0331;39.6788;25.8;373;339.135;283.095;270;343;278.6;278.6;484.23;484.375;22;272.667;;;1086.06;1;1
128;1;51.5249;28.7;11.6653;39.6788;25.8;393;338.86;283.095;270;343;278.6;278.6;484.375;484.375;22;272.72;;;1085.79;1;1
129;1;51.8287;28.7;11.7341;39.6788;25.8;377;338.845;283.102;270;343;278.6;278.6;484.375;484.375;22;272.824;;;1084.73;1;1
130;1;51.9589;28.6;11.3926;39.7772;25.7;384;338.976;283.109;270;343;278.6;278.6;484.375;484.375;22;272.938;;;1084.73;1;1
131;1;52.0341;28.5;11.0922;40.0839;25.7;388;338.99;283.095;270;343;278.6;278.6;484.23;484.375;22;273.061;;;1084.73;1;1
132;1;51.93;28.5;11.0156;39.8814;25.7;373;338.947;283.442;270;343;278.6;278.6;484.086;484.23;22;273.175;;;1084.73;1;1
133;1;51.93;28.4;10.6993;39.809;25.7;354;338.918;283.456;270;343;278.6;278.6;484.086;484.23;22;273.283;;;1084.46;1;1
134;1;51.8287;28.4;10.6241;39.7801;25.7;344;338.874;283.442;270;343;278.6;278.6;484.23;484.375;22;273.372;;;1083.93;1;1
135;1;51.6262;28.3;10.2501;39.6904;25.7;309;338.845;283.456;270;343;278.6;278.6;484.664;484.52;22;273.466;;;1083.14;1;1
136;1;51.2182;28.3;10.1512;39.5747;25.7;285;338.874;283.442;270;343;278.6;278.6;484.809;484.664;22;273.596;;;1082.34;1;1
137;1;51.3223;28.2;9.8234;39.6788;25.7;267;339.222;283.427;270;343;278.6;278.6;484.954;484.664;22;273.745;;;1081.54;1;1
138;1;51.522;28.2;9.82559;39.5457;25.7;240;339.742;283.37;270;343;278.6;278.6;484.954;484.809;22;273.869;;;1081.54;1;1
139;1;51.6262;28.1;9.51298;39.4734;25.7;207;339.193;283.413;270;343;278.6;278.6;484.809;484.664;22;273.959;;;1081.28;1;1
140;1;51.6262;28.1;9.45888;39.2708;25.7;167;339.164;283.42;270;343;278.6;278.6;484.664;484.52;22;274.001;;;1081.01;1;1
141;1;51.4612;28;9.1332;39.2766;25.7;129;339.135;283.579;270;343;278.6;278.6;484.375;484.23;22;274.021;;;1081.01;1;1
142;1;51.7274;28;9.12624;39.4734;25.7;94;339.627;283.615;270;343;278.6;278.6;484.375;484.086;22;274.019;;;1080.75;1;1
143;1;51.6319;28;9.05528;39.4763;25.7;65;339.598;283.623;270;343;278.6;278.6;484.23;484.086;22;273.984;;;1080.75;1;1
144;1;51.8287;27.9;8.79222;39.6817;25.7;42;339.685;283.615;270;343;278.6;278.6;484.23;483.796;22;273.937;;;1080.75;1;1
145;1;51.7303;27.9;8.72132;39.5775;25.7;25;338.976;283.594;270;343;278.6;278.6;484.086;483.796;22;273.887;;;1079.95;1;1
146;1;51.8287;27.8;8.42223;39.5775;25.7;0;338.976;283.601;270;343;278.6;278.6;483.941;483.796;22;273.843;;;1079.15;1;1
147;1;51.7188;27.8;8.3682;39.7801;25.7;0;338.701;283.608;270;343;278.6;278.6;483.796;483.652;22;273.791;;;1078.09;1;1
148;1;51.93;27.8;8.38424;39.6788;25.7;0;337.905;283.615;270;343;278.6;278.6;483.941;483.652;22;273.726;;;1077.83;1;1
149;1;51.7274;27.8;8.29733;39.6788;25.7;1;337.645;283.615;270;343;278.6;278.6;483.941;483.652;22;273.678;;;1077.3;1;1
150;1;51.7159;27.7;7.90823;39.6788;25.7;8;336.834;283.818;270;343;278.6;278.6;483.796;483.652;22;273.691;;;1077.3;1;1
151;1;51.3686;27.7;7.89102;39.6846;25.7;25;336.574;283.825;270;343;278.6;278.6;483.796;483.652;22;273.795;;;1076.77;1;1
152;1;51.4207;27.6;7.49599;39.8003;25.7;50;335.648;283.825;270;343;278.6;278.6;483.796;483.652;22;273.926;;;1076.77;1;1
153;1;51.6204;27.6;7.471;39.7801;25.7;77;334.896;283.854;270;343;278.6;278.6;483.941;483.652;22;274.114;;;1076.77;1;1
154;1;51.5191;27.6;7.36635;39.7801;25.6;88;333.869;283.847;270;343;278.6;278.6;483.796;483.652;22;274.268;;;1076.77;1;1
155;1;51.522;27.5;6.92695;39.6788;25.6;100;333.637;283.789;270;343;278.6;278.6;483.796;483.507;22;274.385;;;1076.24;1;1
156;1;51.7014;27.5;6.95107;39.6788;25.6;120;332.523;283.789;270;343;278.6;278.6;483.507;483.362;22;274.49;;;1075.71;1;1
157;1;51.7622;27.4;6.57164;39.7627;25.5;112;331.67;284.129;270;343;278.6;278.6;483.362;483.218;22;274.568;;;1074.71;1;1
158;1;51.739;27.4;6.46023;39.6991;25.5;114;330.628;284.136;270;343;278.6;278.6;483.507;483.218;22;274.643;;;1074.19;1;1
159;1;51.93;27.3;6.09522;39.6788;25.5;104;330.454;284.107;270;343;278.6;278.6;483.218;483.073;22;274.7;;;1073.52;1;1
160;1;51.5451;27.3;5.88796;39.4734;25.4;100;329.731;284.107;270;343;278.6;278.6;483.362;483.073;22;274.76;;;1073.25;1;1
161;1;51.4207;27.2;5.52462;39.5775;25.4;98;328.791;284.115;270;343;278.6;278.6;483.218;483.073;22;274.819;;;1072.46;1;1
162;1;51.3194;27.2;5.37032;39.6788;25.4;86;328.516;284.122;270;343;278.6;278.6;483.218;483.073;22;274.889;;;1072.46;1;1
163;1;51.4149;27.1;5.01325;39.7801;25.3;80;327.705;284.129;270;343;278.6;278.6;483.362;483.218;22;274.932;;;1072.2;1;1
164;1;51.5509;27.1;4.8644;39.8814;25.3;80;327.431;284.129;270;343;278.6;278.6;483.362;483.073;22;274.968;;;1071.93;1;1
165;1;51.93;27;4.45689;39.7801;25.3;80;326.577;284.259;270;343;278.6;278.6;483.218;483.073;22;274.939;;;1071.93;1;1
166;1;51.4207;27;4.34131;39.7309;25.2;69;326.201;284.216;270;343;278.6;278.6;483.073;483.073;22;274.865;;;1071.67;1;1
167;1;51.522;26.9;3.89204;39.783;25.2;72;325.159;284.209;270;343;278.6;278.6;483.073;482.928;22;274.762;;;1070.53;1;1
168;1;51.6233;26.9;3.75542;39.8814;25.2;77;324.624;284.252;270;343;278.6;278.6;483.073;482.784;22;274.69;;;1070;1;1
169;1;51.9387;26.8;3.26238;39.7801;25.2;88;324.334;284.259;270;343;278.6;278.6;482.928;482.639;22;274.692;;;1068.95;1;1
170;1;51.8316;26.8;3.11081;39.7801;25.2;100;323.683;284.238;270;343;278.6;278.6;482.784;482.639;22;274.735;;;1068.95;1;1
171;1;51.6551;26.7;2.73144;39.8814;25.1;120;323.206;284.245;270;343;278.6;278.6;482.784;482.494;22;274.753;;;1068.42;1;1
172;1;51.6262;26.7;2.60367;39.8814;25.1;135;322.541;284.245;270;343;278.6;278.6;482.784;482.494;22;274.73;;;1067.36;1;1
173;1;51.2789;26.6;2.05882;39.6788;25.1;152;322.121;284.238;270;343;278.6;278.6;482.639;482.494;22.9242;274.67;;;1066.83;1;1
174;1;51.1169;26.6;1.94517;39.375;25.1;155;321.412;284.628;270;343;278.6;278.6;482.639;482.494;28.7898;274.652;;;1066.83;1;1
175;1;51.4207;26.5;1.48185;39.783;25.1;165;321.007;284.628;270;343;278.6;278.6;482.639;482.35;38.56;274.802;;;1066.57;1;1
176;1;51.2153;26.5;1.38645;39.8814;25.1;183;321.094;284.621;270;343;278.6;278.6;482.639;482.35;48.48;274.961;;;1066.57;1;1
177;1;51.5249;26.4;0.973009;39.6788;25;200;320.602;284.643;270;343;278.6;278.6;482.494;482.35;56.4671;275.09;;;1066.57;1;1
178;1;51.5885;26.4;0.848033;39.6788;25;202;320.139;284.657;270;343;278.6;278.6;482.494;482.35;59.9219;275.19;;;1066.57;1;1
179;1;51.6262;26.3;0.335803;39.7801;25;205;320.081;284.657;270;343;278.6;278.6;482.35;482.205;60;275.259;;;1066.57;1;1
180;1;51.8287;26.3;0.246566;39.4763;25;197;319.473;284.628;270;343;278.6;278.6;482.205;482.06;60;275.268;;;1066.57;1;1
181;1;51.7274;26.2;0;39.4763;25;182;319.43;284.635;270;343;278.6;278.6;482.06;481.771;60;275.246;;;1066.57;1;1
182;1;51.6493;26.2;0;39.7251;25;170;319.401;284.643;270;343;278.6;278.6;481.915;481.626;60;275.207;"CU-ETP      ";;1066.57;1;1
183;1;51.8316;26.1;0;39.7801;24.9;155;318.793;284.65;270;343;278.6;278.6;481.626;481.482;60;275.129;;;1066.57;1;1
184;1;51.7245;26.1;0;39.6846;24.9;147;318.793;284.657;270;343;278.6;278.6;481.482;481.192;60;275.016;;;1066.57;1;1
185;1;51.9329;26;0;39.6788;24.9;147;318.909;284.628;270;343;278.6;278.6;481.337;481.192;60;274.894;;;1066.57;1;1
186;1;51.93;26;0;39.6788;24.9;147;318.981;284.635;270;343;278.6;278.6;481.337;481.047;60;274.75;;;1066.57;1;1
187;1;51.9936;26;0;39.6788;24.9;148;318.866;284.635;270;343;278.6;278.6;481.337;481.192;60;274.655;;;1066.57;1;1
188;1;51.5249;25.9;0;39.8843;24.9;159;318.388;285.026;270;343;278.6;278.6;481.337;481.047;60;274.605;;;1066.57;1;1
189;1;51.6956;25.9;0;39.5747;24.9;177;318.316;285.033;270;343;278.6;278.6;481.482;481.047;60;274.576;;;1066.31;1;1
190;1;51.8287;25.9;0;39.5226;24.9;197;318.359;285.041;270;343;278.6;278.6;481.482;481.192;60;274.544;;;1066.31;1;1
191;1;52.1296;25.8;0;39.8814;24.9;211;318.316;285.048;270;343;278.6;278.6;481.482;481.192;60;274.506;;;1066.31;1;1
192;1;52.0631;25.8;0;39.7801;24.9;228;318.432;285.048;270;343;278.6;278.6;481.482;481.192;60;274.452;;;1066.31;1;1
193;1;51.7882;25.8;0;39.6788;24.9;247;318.504;285.026;270;343;278.6;278.6;481.482;481.192;60;274.387;;;1066.04;1;1
194;1;51.6291;25.7;0;39.6788;24.9;257;318.519;284.99;270;343;278.6;278.6;481.626;481.192;60;274.31;;;1066.04;1;1
195;1;51.6262;25.7;0;39.3721;24.9;267;318.446;285.019;270;343;278.6;278.6;481.482;481.192;60;274.241;;;1065.9;1;1
196;1;51.8287;25.7;0;39.2708;24.9;286;318.359;285.026;270;343;278.6;278.6;481.337;481.047;60;274.146;;;1065.3;1;1
197;1;51.6262;25.7;0;39.2679;24.9;303;318.302;285.033;270;343;278.6;278.6;481.337;481.047;60;274.046;;;1064.77;1;1
198;1;51.4207;25.6;0;39.4763;24.9;313;318.692;285.041;270;343;278.6;278.6;481.192;480.903;60;273.965;;;1063.97;1;1
199;1;51.5393;25.6;0;39.6267;24.9;318;318.764;285.048;270;343;278.6;278.6;481.047;480.903;60;273.892;;;1063.18;1;1
200;1;51.522;25.6;0;39.6788;24.9;332;318.909;285.048;270;343;278.6;278.6;481.047;480.758;60;273.835;;;1062.39;1;1
201;1;51.6262;25.6;0;39.4763;24.9;350;319.589;285.019;270;343;278.6;278.6;481.047;480.758;60;273.808;;;1060.46;1;1
202;1;51.4178;25.5;0;39.2708;24.9;365;319.98;285.012;270;343;278.6;278.6;481.047;480.613;60;273.797;;;1059.41;1;1
203;1;51.1169;25.5;0;39.375;24.9;376;319.98;285.004;270;343;278.6;278.6;480.903;480.613;60;273.805;;;1057.83;1;1
204;1;51.4207;25.5;0;39.4763;24.9;382;320.833;285.026;270;343;278.6;278.6;480.903;480.613;60;273.816;;;1057.04;1;1
205;1;51.6406;25.5;0;39.375;24.9;380;320.79;285.033;270;343;278.6;278.6;480.758;480.613;60;273.825;;;1057.04;1;1
206;1;51.5191;25.5;0;39.3953;24.9;372;321.962;285.012;270;343;278.6;278.6;480.613;480.469;60;273.827;;;1057.04;1;1
207;1;51.9271;25.5;0;39.4734;24.9;367;322.063;285.026;270;343;278.6;278.6;480.613;480.324;60;273.823;;;1054.94;1;1
208;1;51.93;25.4;0;39.4763;25;358;323.163;284.997;270;343;278.6;278.6;480.469;480.324;60;273.831;;;1054.41;1;1
209;1;51.5249;25.4;0;39.4763;25;341;323.683;285.127;270;343;278.6;278.6;480.469;480.179;60;273.844;;;1053.69;1;1
210;1;51.4149;25.4;0;39.7801;25;328;324.19;285.142;270;343;278.6;278.6;480.469;480.179;60;273.862;;;1052.9;1;1
211;1;51.522;25.4;0;39.7801;25;311;324.609;285.149;270;343;278.6;278.6;480.469;480.324;60;273.877;;;1052.06;1;1
212;1;51.6638;25.4;0;39.5775;25;292;324.87;285.156;270;343;278.6;278.6;480.469;480.324;60;273.883;;;1050.75;1;1
213;1;51.4265;25.4;0;39.4618;25.1;266;326.143;285.156;270;343;278.6;278.6;480.469;480.324;60;273.864;;;1049.7;1;1
214;1;51.5249;25.4;0;39.375;25.1;242;326.519;285.127;270;343;278.6;278.6;480.469;480.179;60;273.835;;;1049.18;1;1
215;1;51.522;25.4;0;39.2708;25.1;227;326.823;285.127;270;343;278.6;278.6;480.324;480.035;60;273.794;;;1046.82;1;1
216;1;51.7274;25.4;0;39.375;25.1;211;327.72;285.135;270;343;278.6;278.6;480.179;480.035;60;273.787;;;1045.32;1;1
217;1;51.6522;25.4;0;39.7801;25.2;192;328.009;285.149;270;343;278.6;278.6;480.179;479.89;60;273.868;;;1045.32;1;1
218;1;51.4207;25.4;0;39.5775;25.2;180;327.966;285.156;270;343;278.6;278.6;480.179;479.89;60;273.977;;;1044.77;1;1
219;1;51.522;25.5;0;39.3721;25.2;165;328.718;285.163;270;343;278.6;278.6;480.179;479.745;60;274.056;;;1043.46;1;1
220;1;51.6262;25.5;0;39.5775;25.3;147;328.689;285.142;270;343;278.6;278.6;480.035;479.745;60;274.109;;;1042.06;1;1
221;1;51.6233;25.5;0;39.8495;25.3;120;328.892;285.127;270;343;278.6;278.6;479.89;479.601;60;274.148;;;1040.76;1;1
222;1;51.3194;25.5;0;39.6788;25.3;100;328.848;285.135;270;343;278.6;278.6;479.745;479.456;60;274.193;;;1040.49;1;1
223;1;51.14;25.5;0;39.5747;25.4;78;328.863;285.142;270;343;278.6;278.6;479.311;479.167;60;274.238;;;1039.45;1;1
224;1;51.6291;25.5;0;39.6788;25.4;65;329.745;285.149;270;343;278.6;278.6;479.167;478.877;60;274.279;;;1037.78;1;1
225;1;51.6233;25.5;0;39.6817;25.4;45;329.818;285.156;270;343;278.6;278.6;478.877;478.588;60;274.306;;;1037;1;1
226;1;51.522;25.5;0;39.8756;25.4;0;329.008;285.149;270;343;278.6;278.6;478.733;478.299;60;274.334;;;1036.48;1;1
227;1;51.522;25.6;0;39.6788;25.5;0;328.979;285.127;270;343;278.6;278.6;478.443;478.154;60;274.361;;;1034.82;1;1
228;1;51.5249;25.6;0;39.375;25.5;0;328.906;285.135;270;343;278.6;278.6;478.154;477.865;60;274.388;;;1033.1;1;1
229;1;51.765;25.6;0;39.3721;25.5;0;328.602;285.142;270;343;278.6;278.6;478.009;477.575;60;274.409;;;1032.65;1;1
230;1;51.7679;25.6;0;39.3721;25.5;0;327.778;285.149;270;343;278.6;278.6;477.72;477.431;60;274.411;;;1032.39;1;1
231;1;51.4815;25.6;0;39.4763;25.5;0;327.648;285.156;270;343;278.6;278.6;477.431;477.141;60;274.418;;;1031.87;1;1
232;1;51.7216;25.6;0;39.5515;25.6;0;326.91;285.156;270;343;278.6;278.6;477.286;476.997;60;274.42;;;1030.15;1;1
233;1;51.6262;25.6;0;39.3808;25.6;0;326.765;285.12;270;343;278.6;278.6;476.997;476.707;60;274.422;;;1029.64;1;1
234;1;51.4207;25.6;0;39.375;25.6;0;325.94;285.135;270;343;278.6;278.6;476.997;476.562;60;274.452;;;1029.64;1;1
235;1;51.4207;25.6;0;39.375;25.6;0;325.666;285.142;270;343;278.6;278.6;476.997;476.707;60;274.483;;;1027.83;1;1
236;1;51.3194;25.6;0;39.2737;25.6;0;324.682;285.149;270;343;278.6;278.6;476.997;476.707;60;274.507;;;1026.01;1;1
237;1;51.522;25.6;0;39.375;25.6;3;323.77;284.961;270;343;278.6;278.6;476.997;476.562;60;274.516;;;1025.75;1;1
238;1;51.5278;25.6;0;39.5775;25.6;7;323.495;284.961;270;343;278.6;278.6;476.997;476.562;60;274.515;;;1025.75;1;1
239;1;51.5249;25.6;0;39.4907;25.6;14;322.468;284.939;270;343;278.6;278.6;476.997;476.707;60;274.535;;;1024.52;1;1
240;1;51.7303;25.6;0;39.7801;25.6;26;321.629;284.918;270;343;278.6;278.6;476.852;476.562;60;274.588;;;1022.45;1;1
241;1;51.5249;25.5;0;39.7801;25.6;45;320.732;284.91;270;343;278.6;278.6;476.852;476.418;60;274.644;;;1021.67;1;1
242;1;51.2413;25.5;0;39.5775;25.6;65;320.645;284.867;270;343;278.6;278.6;476.707;476.562;60;274.556;;;1021.67;1;1
243;1;51.4207;25.5;0;39.6788;25.6;82;319.546;284.867;270;343;278.6;278.6;476.852;476.562;60;274.435;;;1021.4;1;1
244;1;51.3194;25.5;0;39.3866;25.6;96;318.75;284.968;270;343;278.6;278.6;476.852;476.562;60;274.395;;;1018.55;1;1
245;1;51.2182;25.5;0;39.375;25.6;118;318.171;284.932;270;343;278.6;278.6;476.707;476.562;60;274.387;;;1017.78;1;1
246;1;51.3223;25.5;0;39.5775;25.6;140;317.347;284.86;270;343;278.6;278.6;476.707;476.418;60;274.42;;;1017.35;1;1
247;1;51.4207;25.4;0;39.3721;25.6;152;316.291;284.845;270;343;278.6;278.6;476.707;476.418;60;274.44;;;1015.29;1;1
248;1;51.3194;25.4;0;39.5775;25.6;179;316.131;284.823;270;343;278.6;278.6;476.707;476.273;60;274.439;;;1014.51;1;1
249;1;51.0156;25.4;0;39.5775;25.6;214;315.422;284.628;270;343;278.6;278.6;476.562;476.273;60;274.418;;;1013.48;1;1
250;1;51.3194;25.4;0;39.3808;25.6;233;315.263;284.635;270;343;278.6;278.6;476.418;476.273;60;274.402;;;1012.96;1;1
251;1;51.522;25.3;0;39.4763;25.6;244;314.497;284.643;270;343;278.6;278.6;476.562;476.273;60;274.388;;;1011.67;1;1
252;1;51.4554;25.3;0;39.5747;25.7;266;314.41;284.643;270;343;278.6;278.6;476.562;476.273;60;274.295;;;1009.87;1;1
253;1;51.7274;25.3;0;39.6788;25.7;279;314.106;284.614;270;343;278.6;278.6;476.562;476.128;60;274.27;;;1009.61;1;1
254;1;51.93;25.3;0;39.6788;25.7;280;314.034;284.614;270;343;278.6;278.6;476.418;476.273;60;274.297;;;1008.58;1;1
255;1;51.7303;25.3;0;39.5775;25.7;293;313.99;284.266;270;343;278.6;278.6;476.562;476.128;60;274.334;;;1008.06;1;1
256;1;51.7274;25.2;0;39.4763;25.7;302;313.252;284.259;270;343;278.6;278.6;476.418;476.128;60;274.399;;;1007.89;1;1
257;1;51.7274;25.2;0;39.4213;25.7;299;314.164;284.266;270;343;278.6;278.6;476.562;476.273;60;274.438;;;1007.12;1;1
258;1;51.6291;25.2;0;39.783;25.8;306;314.149;284.245;270;343;278.6;278.6;476.562;476.273;60;274.459;;;1005.59;1;1
259;1;51.7274;25.2;0;39.9797;25.8;288;314.149;284.252;270;343;278.6;278.6;476.707;476.418;60;274.485;;;1004.51;1;1
260;1;51.5249;25.2;0;39.4763;25.8;286;314.062;284.107;270;343;278.6;278.6;476.707;476.418;60;274.488;;;1003.88;1;1
261;1;51.1632;25.2;0;39.3721;25.8;274;314.28;284.107;270;343;278.6;278.6;476.707;476.418;60;274.48;;;1002.6;1;1
262;1;50.9143;25.1;0;39.4763;25.9;268;314.222;284.115;270;343;278.6;278.6;476.707;476.273;60;274.441;;;1001.42;1;1
263;1;51.4439;25.1;0;39.4763;25.9;250;314.699;284.122;270;343;278.6;278.6;476.707;476.418;60;274.375;;;999.881;1;1
264;1;51.6262;25.1;0;39.4792;26;245;315.017;283.724;270;343;278.6;278.6;476.707;476.273;60;274.321;;;998.918;1;1
265;1;51.6233;25.1;0;39.566;26;224;315.451;283.731;270;343;278.6;278.6;476.562;476.273;60;274.268;;;998.405;1;1
266;1;51.4207;25.1;0;39.4763;26;223;315.495;283.731;270;343;278.6;278.6;476.562;476.273;60;274.198;;;997.635;1;1
267;1;51.6262;25.1;0;39.5775;26.1;218;316.204;283.746;270;343;278.6;278.6;476.562;476.273;60;274.146;;;995.584;1;1
268;1;51.4005;25.1;0;39.4734;26.1;217;316.435;283.587;270;343;278.6;278.6;476.562;476.128;60;274.103;;;994.559;1;1
269;1;51.3223;25.2;0;39.4763;26.2;218;316.348;283.594;270;343;278.6;278.6;476.562;476.128;60;274.054;"CU-ETP      ";;994.559;1;1
270;1;51.2182;25.2;0;39.4473;26.2;211;316.999;283.608;270;343;278.6;278.6;476.418;476.128;60;273.986;;;993.791;1;1
271;1;51.2182;25.2;0;39.4763;26.2;213;317.028;283.615;270;343;278.6;278.6;476.418;475.984;60;273.876;;;991.393;1;1
272;1;51.4439;25.2;0;39.4763;26.3;204;317.448;283.615;270;343;278.6;278.6;476.273;475.984;60;273.674;;;991.138;1;1
273;1;51.93;25.2;0;39.4531;26.3;209;317.549;283.608;270;343;278.6;278.6;476.418;476.128;60;273.56;;;990.37;1;1
274;1;51.7274;25.2;0;39.375;26.4;218;318.302;283.232;270;343;278.6;278.6;476.273;475.984;60;273.481;;;989.658;1;1
275;1;51.7274;25.2;0;39.4763;26.4;245;318.244;283.247;270;343;278.6;278.6;476.273;475.984;60;273.399;;;988.125;1;1
276;1;51.7274;25.3;0;39.4763;26.4;254;318.171;283.247;270;343;278.6;278.6;476.273;475.984;60;273.306;;;986.848;1;1
277;1;51.5249;25.3;0;39.2737;26.5;270;318.345;283.247;270;343;278.6;278.6;476.273;475.984;60;273.178;;;986.52;1;1
278;1;51.8287;25.3;0;39.375;26.5;287;318.359;283.261;270;343;278.6;278.6;476.273;475.984;60;272.991;;;986.009;1;1
279;1;51.7361;25.3;0;39.375;26.5;312;318.909;283.109;270;343;278.6;278.6;476.273;475.984;60;272.881;;;984.223;1;1
280;1;51.7274;25.3;0;39.4763;26.5;328;319.343;283.109;270;343;278.6;278.6;476.418;475.984;60;272.804;;;983.847;1;1
281;1;51.8287;25.4;0;39.4763;26.5;343;319.3;283.087;270;343;278.6;278.6;476.418;475.984;60;272.758;;;983.337;1;1
282;1;51.6262;25.4;0;39.5631;26.6;371;319.473;283.087;270;343;278.6;278.6;476.418;475.984;60;272.707;;;983.083;1;1
283;1;51.6869;25.4;0;39.783;26.6;391;319.878;283.102;270;343;278.6;278.6;476.273;475.984;60;272.643;;;982.318;1;1
284;1;51.4236;25.4;0;39.8814;26.6;408;319.748;282.993;270;343;278.6;278.6;476.273;475.839;60;272.573;;;980.79;1;1
285;1;51.5393;25.5;0;39.9826;26.6;412;320.356;282.993;270;343;278.6;278.6;476.273;475.984;60;272.492;;;980.061;1;1
286;1;51.6927;25.5;0;39.7917;26.6;432;320.964;282.993;270;343;278.6;278.6;476.273;475.839;60;272.378;;;978.999;1;1
287;1;51.93;25.5;0;39.7801;26.7;431;321.615;282.979;270;343;278.6;278.6;476.128;475.839;60;272.272;;;978.378;1;1
288;1;51.7969;25.5;0;39.6962;26.7;453;322.063;282.972;270;343;278.6;278.6;476.128;475.694;60;272.189;;;977.615;1;1
289;1;51.4931;25.6;0;39.945;26.7;456;322.555;282.979;270;343;278.6;278.6;475.984;475.694;60;272.139;;;976.184;1;1
290;1;51.4236;25.6;0;39.9826;26.7;468;322.931;282.979;270;343;278.6;278.6;476.128;475.694;60;272.09;;;975.422;1;1
291;1;51.6262;25.6;0;39.6788;26.8;467;323.944;282.979;270;343;278.6;278.6;476.128;475.55;60;272.021;;;974.66;1;1
292;1;51.6262;25.7;0;39.4763;26.8;466;324.537;282.979;270;343;278.6;278.6;475.984;475.405;60;271.953;;;973.644;1;1
293;1;51.5799;25.7;0;39.6499;26.8;462;325.506;282.603;270;343;278.6;278.6;475.839;475.55;60;271.871;;;972.122;1;1
294;1;51.8287;25.7;0;39.783;26.8;462;325.94;282.595;270;343;278.6;278.6;475.839;475.405;60;271.784;;;970.853;1;1
295;1;52.2367;25.8;0;39.5689;26.9;458;326.751;282.574;270;343;278.6;278.6;475.694;475.26;60;271.697;;;970.27;1;1
296;1;52.0341;25.8;0;39.375;26.9;456;327.705;282.574;270;343;278.6;278.6;475.694;475.26;60;271.586;;;968.64;1;1
297;1;52.147;25.9;0;39.5168;26.9;449;328.429;282.588;270;343;278.6;278.6;475.694;475.405;60;271.468;;;968.134;1;1
298;1;51.8287;25.9;0;39.7801;27;454;329.355;282.588;270;343;278.6;278.6;475.839;475.405;60;271.353;;;966.362;1;1
299;1;51.5249;26;0;39.7801;27;453;329.615;282.588;270;343;278.6;278.6;475.839;475.26;60;271.216;;;965.603;1;1
300;1;51.82;26;0;39.6788;27;454;330.686;282.595;270;343;278.6;278.6;475.839;475.405;60;271.088;;;965.092;1;1
301;1;52.1065;26.1;0;39.5775;27.1;453;331.597;282.581;270;343;278.6;278.6;475.984;475.55;60;270.965;;;964.784;1;1
302;1;51.93;26.1;0;39.7801;27.1;465;332.595;282.248;270;343;278.6;278.6;475.839;475.405;60;270.857;;;964.025;1;1
303;1;51.9329;26.2;0;39.7801;27.1;471;332.827;282.19;270;343;278.6;278.6;475.839;475.405;60;270.787;;;963.267;1;1
304;1;51.4728;26.2;0;39.4763;27.2;474;333.492;282.183;270;343;278.6;278.6;475.694;475.26;60;270.723;;;961.659;1;1
305;1;51.441;26.3;0;39.5573;27.2;477;334.52;282.219;270;343;278.6;278.6;475.55;475.116;60;270.661;;;959.639;1;1
306;1;51.5249;26.3;0.0471002;39.8814;27.2;485;334.78;282.219;270;343;278.6;278.6;475.694;475.116;60;270.616;;;958.378;1;1
307;1;51.5828;26.4;0.397367;39.8843;27.3;480;335.793;282.198;270;343;278.6;278.6;475.55;475.116;60;270.581;;;957.874;1;1
308;1;51.8316;26.4;0.417391;39.8958;27.3;478;336.806;282.19;270;343;278.6;278.6;475.55;475.116;60;270.542;;;956.614;1;1
309;1;51.9329;26.5;0.843391;39.7801;27.3;472;337.37;282.19;270;343;278.6;278.6;475.55;475.116;60;270.505;;;956.136;1;1
310;1;52.0457;26.6;1.25313;39.9855;27.4;472;338.498;282.183;270;343;278.6;278.6;475.405;474.971;60;270.475;;;955.21;1;1
311;1;52.0255;26.6;1.36171;39.9855;27.4;467;338.976;282.429;270;343;278.6;278.6;475.405;474.971;60;270.466;"CU-ETP      ";;954.455;1;1
312;1;51.8287;26.7;1.65413;39.7801;27.4;449;339.67;282.364;270;343;278.6;278.6;475.405;474.971;60;270.457;"CU-ETP      ";;952.945;1;1
313;1;51.7274;26.7;1.79548;39.7801;27.4;447;340.726;282.364;270;343;278.6;278.6;475.55;475.116;60;270.447;"CU-ETP      ";;951.687;1;1
314;1;51.7274;26.8;2.16474;40.0868;27.5;435;340.972;282.407;270;343;278.6;278.6;475.55;475.116;60;270.441;;;950.179;1;1
315;1;51.6262;26.9;2.56512;40.0839;27.5;425;341.291;282.075;270;343;278.6;278.6;475.55;475.116;60;270.435;;;949.425;1;1
316;1;51.8287;26.9;2.64763;39.9855;27.5;408;342.072;282.075;270;343;278.6;278.6;475.55;475.116;60;270.416;;;949.425;1;1
317;1;51.8084;27;3.05264;39.9855;27.6;389;343.07;282.067;270;343;278.6;278.6;475.55;474.971;60;270.402;;;948.421;1;1
318;1;51.8171;27.1;3.49549;39.8814;27.6;379;343.866;282.067;270;343;278.6;278.6;475.405;474.971;60;270.391;;;947.166;1;1
319;1;52.0747;27.1;3.56744;39.8814;27.6;358;344.054;282.075;270;343;278.6;278.6;475.405;474.826;60;270.388;;;946.413;1;1
320;1;52.0284;27.2;3.9175;39.9855;27.6;338;344.329;282.075;270;343;278.6;278.6;475.26;474.826;60;270.414;;;946.161;1;1
321;1;51.93;27.2;4.03711;39.8814;27.7;330;345.023;282.075;270;343;278.6;278.6;475.116;474.826;60;270.452;;;946.004;1;1
322;1;51.93;27.3;4.40782;39.7801;27.7;314;345.327;282.075;270;343;278.6;278.6;475.116;474.682;60;270.486;;;944.249;1;1
323;1;51.6233;27.4;4.6962;39.8814;27.7;305;345.385;282.067;270;343;278.6;278.6;475.26;474.826;60;270.507;;;942.495;1;1
324;1;51.9329;27.4;4.83325;39.8843;27.7;287;346.166;282.067;270;343;278.6;278.6;475.26;474.826;60;270.526;;;941.744;1;1
325;1;52.2396;27.5;5.28946;39.8814;27.7;270;346.137;282.075;270;343;278.6;278.6;475.116;474.682;60;270.538;;;941.493;1;1
326;1;52.1354;27.5;5.33358;39.9797;27.8;253;346.369;282.075;270;343;278.6;278.6;475.116;474.682;60;270.545;;;940.627;1;1
327;1;52.1354;27.6;5.74218;39.9855;27.8;231;346.34;281.785;270;343;278.6;278.6;474.971;474.682;60;270.571;;;938.781;1;1
328;1;52.147;27.7;6.15218;39.783;27.8;220;346.34;281.756;270;343;278.6;278.6;474.971;474.537;60;270.604;;;938.171;1;1
329;1;51.9329;27.7;6.21763;39.8872;27.8;208;346.311;281.8;270;343;278.6;278.6;474.826;474.392;60;270.626;;;937.671;1;1
330;1;51.93;27.8;6.64244;39.8987;27.8;200;346.369;281.778;270;343;278.6;278.6;474.826;474.392;60;270.634;;;936.672;1;1
331;1;52.0341;27.8;6.74665;39.8814;27.8;192;346.441;281.735;270;343;278.6;278.6;474.682;474.392;60;270.637;;;935.261;1;1
332;1;51.6233;27.9;7.11602;40.0868;27.8;184;346.166;281.72;270;343;278.6;278.6;474.682;474.248;60;270.633;;;934.762;1;1
333;1;51.8287;27.9;7.19866;40.0839;27.8;183;346.123;281.778;270;343;278.6;278.6;474.682;474.248;60;270.629;;;933.764;1;1
334;1;51.7274;28;7.53579;39.8814;27.8;183;345.37;281.764;270;343;278.6;278.6;474.682;474.248;60;270.633;;;932.268;1;1
335;1;51.93;28;7.63789;39.7627;27.8;183;345.341;281.72;270;343;278.6;278.6;474.682;474.248;60;270.632;;;932.268;1;1
336;1;51.8287;28;7.71352;39.9855;27.8;183;345.038;281.727;270;343;278.6;278.6;474.537;474.248;60;270.648;;;931.021;1;1
337;1;51.9387;28.1;8.08252;40.3299;27.8;192;344.343;281.706;270;343;278.6;278.6;474.537;474.103;60;270.667;;;930.691;1;1
338;1;51.6262;28.1;8.16016;40.3935;27.8;201;344.083;281.749;270;343;278.6;278.6;474.682;474.248;60;270.691;;;929.445;1;1
339;1;51.7477;28.1;8.2336;40.1881;27.8;211;343.374;281.626;270;343;278.6;278.6;474.682;474.248;60;270.692;;;927.744;1;1
340;1;51.6262;28.2;8.6189;40.1013;27.8;218;343.084;281.539;270;343;278.6;278.6;474.537;474.248;60;270.676;;;927.246;1;1
341;1;51.9329;28.2;8.70639;40.0492;27.8;226;343.056;281.539;270;343;278.6;278.6;474.537;474.103;60;270.668;;;926.323;1;1
342;1;51.6233;28.2;8.74468;39.7801;27.8;231;342.318;281.59;270;343;278.6;278.6;474.537;474.103;60;270.672;;;925.054;1;1
343;1;51.7274;28.2;8.81654;40.1881;27.8;238;341.985;281.583;270;343;278.6;278.6;474.537;474.103;60;270.659;;;924.371;1;1
344;1;51.5538;28.2;8.93105;40.0868;27.7;253;341.189;281.583;273;343;278.6;278.6;474.537;474.103;60;270.611;;;923.378;1;1
345;1;51.7882;28.2;8.97165;39.8814;27.7;276;340.987;281.554;273;343;278.6;278.6;474.392;474.103;60;270.55;;;921.144;1;1
346;1;51.8287;28.3;9.4211;39.9855;27.7;348;340.538;281.554;273;343;278.6;278.6;474.537;474.103;60;270.478;;;920.4;1;1
347;1;51.8287;28.3;9.47542;40.1881;27.7;430;340.046;281.576;273;343;278.6;278.6;474.537;474.248;60;270.399;;;919.656;1;1
348;1;51.8056;28.3;9.54358;39.9855;27.7;516;339.931;281.576;273;343;278.6;278.6;474.392;473.958;60;270.306;;;919.161;1;1
349;1;51.7274;28.3;9.54725;39.9826;27.7;601;339.627;281.554;273;343;278.6;278.6;474.392;473.814;60;270.198;;;918.417;1;1
350;1;51.8287;28.3;9.63839;39.5747;27.6;673;339.656;281.554;273;343;278.6;278.6;474.248;473.814;60;270.086;;;917.11;1;1
351;1;51.6262;28.3;9.6909;39.5255;27.6;691;338.874;281.395;273;343;278.6;278.6;474.103;473.669;60;269.977;;;916.863;1;1
352;1;51.4902;28.3;9.73735;39.592;27.6;695;339.612;281.192;273;343;278.6;278.6;474.103;473.524;60;269.872;;;915.039;1;1
353;1;51.5249;28.3;9.77991;39.6788;27.6;696;339.554;281.178;273;343;278.6;278.6;473.958;473.669;60;269.778;;;914.754;1;1
354;1;51.7593;28.3;9.91483;39.8814;27.6;697;339.988;281.17;273;343;278.6;278.6;473.958;473.524;60;269.708;;;913.271;1;1
355;1;52.1354;28.3;10.0233;40.0868;27.6;697;340.582;281.17;273;343;278.6;278.6;474.103;473.669;60;269.659;;;912.86;1;1
356;1;52.1123;28.3;10.0917;39.89;27.6;698;341.001;281.453;273;343;278.6;278.6;474.103;473.814;60;269.621;;;911.625;1;1
357;1;51.6262;28.3;10.0877;39.8843;27.6;696;341.363;281.445;273;343;278.6;278.6;474.248;473.814;60;269.593;;;911.131;1;1
358;1;51.5885;28.3;10.1525;39.9277;27.6;695;342.245;281.185;273;343;278.6;278.6;474.248;473.814;60;269.57;;;909.157;1;1
359;1;51.6262;28.3;10.1599;39.9855;27.6;696;342.983;281.221;273;343;278.6;278.6;474.103;473.814;60;269.546;;;908.664;1;1
360;1;51.6262;28.3;10.2681;39.8843;27.6;695;343.996;281.221;273;343;278.6;278.6;474.248;473.814;60;269.516;;;907.677;1;1
361;1;51.6001;28.3;10.281;39.8843;27.7;696;344.618;281.438;273;343;278.6;278.6;474.826;474.248;60;269.48;;;906.529;1;1
362;1;51.8316;28.3;10.3633;39.7859;27.7;696;345.718;281.438;273;343;278.6;278.6;476.418;476.273;60;269.45;;;906.43;1;1
363;1;51.6435;28.4;10.7305;39.8814;27.7;697;346.817;281.409;273;343;278.6;278.6;477.865;477.72;60;269.438;;;904.952;1;1
364;1;51.6262;28.4;10.8351;39.7801;27.8;696;347.83;281.402;273;343;278.6;278.6;479.311;478.877;60;269.422;;;903.968;1;1
365;1;51.5249;28.4;10.8498;39.6788;27.8;704;348.336;281.416;273;343;278.6;278.6;480.179;479.745;60;269.392;;;902.983;1;1
366;1;51.7274;28.5;11.2618;39.7801;27.9;701;349.407;281.286;273;343;278.6;278.6;480.758;480.469;60;269.368;;;902.246;1;1
367;1;52.0312;28.5;11.3824;39.7801;27.9;699;350.984;281.395;273;343;278.6;278.6;481.047;480.758;60;269.34;;;901.596;1;1
368;1;52.0949;28.5;11.5056;39.8843;28;697;351.881;281.402;273;343;278.6;278.6;483.507;483.796;60;269.301;;;899.876;1;1
369;1;52.1354;28.6;11.9231;39.7801;28;697;352.966;281.402;273;343;278.6;278.6;487.558;486.69;60;269.267;;;898.894;1;1
370;1;52.1354;28.6;11.9596;39.8843;28.1;698;354.008;281.395;273;343;278.6;278.6;489.728;489.005;60;269.227;;;897.421;1;1
371;1;52.0341;28.7;12.3987;39.7801;28.1;699;355.035;281.395;273;343;278.6;278.6;491.319;491.175;60;269.2;;;896.93;1;1
372;1;52.0341;28.7;12.4169;39.9363;28.2;699;355.556;281.38;273;343;278.6;278.6;492.477;492.332;60;269.182;;;896.757;1;1
373;1;52.0689;28.8;12.8151;39.8843;28.2;702;357.046;281.373;273;343;278.6;278.6;493.49;493.056;60;269.153;;;896.021;1;1
374;1;51.9271;28.9;13.1146;39.5775;28.3;701;358.073;281.38;273;343;278.6;278.6;494.068;493.634;60;269.122;;;895.286;1;1
375;1;51.9416;28.9;13.1908;39.7801;28.3;695;358.391;281.047;273;343;278.6;278.6;494.213;493.924;60;269.085;;;892.836;1;1
376;1;52.0023;29;13.6138;39.7078;28.4;685;359.389;281.055;273;343;278.6;278.6;494.502;494.068;60;269.056;;;891.612;1;1
377;1;52.1615;29.1;14.0279;39.5775;28.4;683;360.446;281.055;273;343;278.6;278.6;494.647;494.213;58.761;269.047;;;891.612;1;1
378;1;52.0312;29.1;14.0474;39.4763;28.5;684;361.198;281.055;273;343;278.6;278.6;494.792;494.213;53.0932;269.033;;;891.123;1;1
379;1;52.3322;29.2;14.5388;39.6788;28.5;682;361.719;281.047;273;343;278.6;278.6;494.792;494.213;50.0282;269.024;;;890.634;1;1
380;1;52.0341;29.3;14.7729;39.6788;28.6;682;362.5;281.047;273;343;278.6;278.6;494.936;494.358;50;269.065;;;889.773;1;1
381;1;52.338;29.3;14.914;39.6933;28.6;684;363.556;281.366;273;343;278.6;278.6;494.792;494.358;50;269.12;;;889.284;1;1
382;1;52.2338;29.4;15.2937;39.6788;28.6;679;363.802;281.366;273;343;278.6;278.6;494.792;494.502;50;269.163;;;888.551;1;1
383;1;52.1354;29.5;15.71;39.6759;28.7;680;364.815;281.373;273;343;278.6;278.6;494.936;494.502;50;269.193;;;887.329;1;1
384;1;52.0312;29.5;15.7149;39.7801;28.7;679;365.596;281.373;273;343;278.6;278.6;494.936;494.502;50;269.21;"CU-ETP      ";;886.597;1;1
385;1;51.9473;29.6;16.0604;39.6788;28.8;678;365.813;281.359;273;343;278.6;278.6;494.936;494.358;50;269.207;;;885.425;1;1
386;1;51.9155;29.7;16.4394;39.8698;28.8;684;366.826;281.366;273;343;278.6;278.6;494.792;494.358;50;269.194;;;885.181;1;1
387;1;51.6348;29.7;16.3866;39.8814;28.8;687;367.636;281.373;273;343;278.6;278.6;494.936;494.502;50;269.103;;;883.962;1;1
388;1;51.8924;29.8;16.8931;39.8814;28.9;687;367.882;281.366;273;343;278.6;278.6;494.936;494.502;50;268.995;;;882.987;1;1
389;1;52.1354;29.9;17.308;40.0868;28.9;689;368.663;281.373;273;343;278.6;278.6;495.081;494.647;50;268.947;;;880.706;1;1
390;1;51.93;29.9;17.2579;39.8843;28.9;693;368.924;281.373;273;343;278.6;278.6;495.226;494.792;50;268.841;;;880.219;1;1
391;1;51.6811;30;17.5442;39.5775;29;696;370.501;281.286;273;343;278.6;278.6;495.37;494.936;50;268.669;;;880.219;1;1
392;1;51.6262;30.1;17.9301;39.5775;29;696;370.66;281.387;273;343;278.6;278.6;495.37;494.936;50;268.556;;;878.516;1;1
393;1;51.9329;30.1;18.0367;39.6788;29;698;370.906;281.373;273;343;278.6;278.6;495.515;495.081;50;268.46;;;876.961;1;1
394;1;52.1354;30.2;18.4974;39.9884;29.1;697;371.73;281.301;273;343;278.6;278.6;495.515;495.081;50;268.399;;;876.719;1;1
395;1;51.93;30.3;18.7952;40.1881;29.1;698;372.526;281.293;273;343;278.6;278.6;495.66;495.226;50;268.343;;;875.99;1;1
396;1;51.8287;30.3;18.7767;40.0868;29.1;699;372.758;281.286;273;343;278.6;278.6;495.66;495.226;50;268.327;;;875.747;1;1
397;1;51.8287;30.4;19.1648;40.0868;29.1;696;373.611;281.286;273;343;278.6;278.6;495.804;495.37;50;268.338;;;875.504;1;1
398;1;51.93;30.5;19.573;39.8843;29.2;700;373.843;281.301;273;343;278.6;278.6;495.804;495.515;50;268.36;;;873.805;1;1
399;1;51.684;30.5;19.4622;39.5775;29.2;700;374.58;281.301;273;343;278.6;278.6;495.949;495.37;50;268.388;;;873.077;1;1
400;1;51.93;30.6;19.9255;39.5804;29.2;700;374.754;281.322;273;343;278.6;278.6;495.66;495.37;50;268.416;;;873.077;1;1
401;1;52.1325;30.7;20.3754;39.5775;29.2;701;375.564;281.561;273;343;278.6;278.6;495.66;495.226;50;268.448;;;872.834;1;1
402;1;52.0341;30.7;20.3551;39.6788;29.3;700;375.825;281.554;273;343;278.6;278.6;495.66;495.081;50;268.486;;;871.622;1;1
403;1;51.7911;30.8;20.6117;39.6933;29.3;700;376.606;281.554;273;343;278.6;278.6;495.66;495.226;50;268.522;;;870.895;1;1
404;1;52.0341;30.9;21.1163;39.6065;29.3;700;376.852;281.554;273;343;278.6;278.6;495.515;495.081;50;268.56;;;870.653;1;1
405;1;52.1354;30.9;21.1756;39.6788;29.3;700;376.881;281.561;273;343;278.6;278.6;495.515;495.081;50;268.61;;;869.621;1;1
406;1;52.0428;31;21.4549;39.6817;29.4;690;377.72;281.561;273;343;278.6;278.6;495.515;495.081;50;268.665;;;868.681;1;1
407;1;52.3148;31;21.6036;39.7801;29.4;688;377.951;281.561;273;343;278.6;278.6;495.66;495.226;50;268.706;;;868.278;1;1
408;1;52.0312;31.1;21.8398;39.8814;29.4;666;378.631;281.554;273;343;278.6;278.6;495.804;495.226;50;268.732;;;867.601;1;1
409;1;52.0399;31.2;22.1967;39.8814;29.4;647;378.834;281.554;273;343;278.6;278.6;495.66;495.37;50;268.741;;;865.594;1;1
410;1;52.0804;31.2;22.2322;39.7859;29.4;628;378.863;281.554;273;343;278.6;278.6;495.66;495.226;50;268.723;;;864.627;1;1
411;1;51.93;31.3;22.448;39.7801;29.5;607;379.716;281.561;273;343;278.6;278.6;495.66;495.226;50;268.689;;;863.902;1;1
412;1;52.0312;31.3;22.5463;39.9855;29.5;584;379.962;281.561;273;343;278.6;278.6;495.949;495.226;50;268.673;;;863.665;1;1
413;1;52.0573;31.4;22.911;40.0868;29.5;583;380.773;281.561;273;343;278.6;278.6;495.804;495.37;50;268.649;;;863.583;1;1
414;1;51.6233;31.4;22.72;39.8814;29.5;575;380.773;281.561;273;343;278.6;278.6;495.949;495.37;50;268.599;;;861.41;1;1
415;1;51.4236;31.5;22.9633;39.8872;29.6;562;380.917;281.554;273;343;278.6;278.6;495.949;495.515;50;268.569;;;859.583;1;1
416;1;51.6262;31.6;23.3501;39.8814;29.6;552;380.874;281.561;273;343;278.6;278.6;495.949;495.515;50;268.556;;;859.459;1;1
417;1;52.1354;31.6;23.6351;39.8814;29.6;551;381.727;281.785;273;343;278.6;278.6;495.949;495.515;50;268.565;;;858.977;1;1
418;1;51.7332;31.7;23.7859;39.8814;29.6;548;381.742;281.785;273;343;278.6;278.6;495.949;495.515;50;268.599;"CU-ETP      ";;857.465;1;1
419;1;51.93;31.7;23.8583;39.8843;29.6;546;381.771;281.742;273;343;278.6;278.6;496.094;495.515;50;268.648;;;856.714;1;1
420;1;51.8287;31.8;24.1274;39.8814;29.6;533;382.031;281.778;273;343;278.6;278.6;495.949;495.515;50;268.699;;;856.363;1;1
421;1;51.8779;31.8;24.2228;39.7801;29.7;543;382.06;281.771;273;343;278.6;278.6;495.949;495.66;50;268.76;;;856.123;1;1
422;1;52.2367;31.8;24.3538;39.8814;29.7;534;381.988;281.764;273;343;278.6;278.6;496.094;495.804;50;268.821;;;855.161;1;1
423;1;52.5376;31.9;24.7958;39.8843;29.7;511;381.916;281.756;273;343;278.6;278.6;496.094;495.66;50;268.877;;;854.49;1;1
424;1;52.1325;31.9;24.6592;39.6788;29.7;503;381.959;281.698;273;343;278.6;278.6;496.094;495.515;50;268.941;"CU-ETP      ";;853.769;1;1
425;1;51.93;32;24.8616;39.5775;29.7;496;381.988;282.075;273;343;278.6;278.6;496.238;495.66;50;269.01;;;853.048;1;1
426;1;52.1354;32;24.9781;39.6499;29.7;486;382.031;282.075;273;343;278.6;278.6;496.383;495.804;50;269.066;;;852.043;1;1
427;1;52.2685;32;25.0601;39.6788;29.7;468;382.06;282.075;273;343;278.6;278.6;496.238;495.804;50;269.134;;;851.459;1;1
428;1;52.1354;32.1;25.2957;39.5775;29.7;457;382.002;282.075;273;343;278.6;278.6;496.383;495.949;50;269.214;;;850.677;1;1
429;1;51.8287;32.1;25.1468;39.783;29.7;443;381.973;282.067;273;343;278.6;278.6;496.383;495.804;50;269.302;;;850.198;1;1
430;1;51.8287;32.1;25.1287;39.8814;29.8;434;381.901;282.067;273;343;278.6;278.6;496.383;495.949;50;269.373;;;849.238;1;1
431;1;51.8287;32.1;25.1106;39.8814;29.8;415;381.409;282.075;273;343;278.6;278.6;496.238;495.804;50;269.428;;;847.56;1;1
432;1;51.8721;32.2;25.4838;39.8495;29.8;402;381.554;282.075;273;343;278.6;278.6;496.238;495.66;50;269.491;;;846.86;1;1
433;1;51.93;32.2;25.476;39.7888;29.8;397;381.539;282.082;273;343;278.6;278.6;496.238;495.66;50;269.53;;;846.142;1;1
434;1;52.0312;32.2;25.5438;39.7801;29.8;380;381.004;282.075;273;343;278.6;278.6;496.238;495.66;50;269.527;;;845.295;1;1
435;1;52.1325;32.2;25.5389;39.7801;29.8;372;380.136;282.067;273;343;278.6;278.6;496.238;495.66;50;269.504;;;844.35;1;1
436;1;52.0341;32.2;25.4544;39.7801;29.8;379;380.049;282.35;273;343;278.6;278.6;496.094;495.66;50;269.466;;;843.858;1;1
437;1;52.1325;32.2;25.5207;39.6875;29.8;370;379.919;282.357;273;343;278.6;278.6;496.094;495.515;50;269.422;;;842.423;1;1
438;1;51.93;32.2;25.3853;39.8814;29.8;375;379.152;282.357;273;343;278.6;278.6;496.094;495.66;50;269.377;;;842.423;1;1
439;1;52.0312;32.2;25.4166;39.9855;29.8;383;378.921;282.364;273;343;278.6;278.6;496.238;495.66;50;269.319;;;841.282;1;1
440;1;51.8287;32.2;25.3176;40.0868;29.8;404;378.125;282.393;273;343;278.6;278.6;496.238;495.804;50;269.265;;;840.561;1;1
441;1;51.8403;32.3;25.6209;39.8814;29.8;415;377.966;282.393;273;343;278.6;278.6;496.383;495.804;50;269.22;;;840.561;1;1
442;1;52.0341;32.2;25.3816;39.8814;29.8;440;377.459;282.473;273;343;278.6;278.6;496.383;495.949;50;269.176;;;839.937;1;1
443;1;51.6985;32.2;25.236;39.9826;29.8;470;376.794;282.473;273;343;278.6;278.6;496.528;495.949;50;269.134;;;839.221;1;1
444;1;52.1152;32.2;25.3848;40.1881;29.8;485;376.823;282.436;273;343;278.6;278.6;496.528;495.949;50;269.096;;;837.571;1;1
445;1;52.0312;32.2;25.2893;39.9855;29.8;513;376.389;282.436;273;343;278.6;278.6;496.383;495.949;50;269.056;;;836.707;1;1
446;1;52.0341;32.2;25.2544;40.1881;29.8;536;375.897;282.581;273;343;278.6;278.6;496.383;495.949;50;269.026;;;836.231;1;1
447;1;52.338;32.2;25.3653;40.1881;29.8;565;375.434;282.603;273;343;278.6;278.6;496.383;495.949;50;269.028;;;835.516;1;1
448;1;52.2367;32.2;25.3162;40.0868;29.8;581;375.434;282.588;273;343;278.6;278.6;496.528;496.094;50;269.042;"CU-ETP      ";;833.373;1;1
449;1;51.93;32.2;25.095;40.3906;29.8;603;374.754;282.581;273;343;278.6;278.6;496.528;495.949;50;269.051;;;833.135;1;1
450;1;51.93;32.2;25.1675;40.0868;29.8;627;374.769;282.574;273;343;278.6;278.6;496.528;496.238;50;269.068;;;831.946;1;1
451;1;51.6262;32.1;24.5796;39.6788;29.8;635;374.797;282.581;273;343;278.6;278.6;496.817;496.238;50;269.11;;;830.995;1;1
452;1;51.4207;32.1;24.5177;39.8119;29.8;643;374.826;282.595;273;343;278.6;278.6;496.672;496.094;50;269.16;"CU-ETP      ";;830.758;1;1
453;1;51.522;32.1;24.476;40.2836;29.8;646;374.436;282.603;273;343;278.6;278.6;496.672;496.094;50;269.212;;;829.57;1;1
454;1;51.93;32.1;24.6335;40.1881;29.8;655;374.855;282.943;273;343;278.6;278.6;496.528;495.949;50;269.286;;;828.857;1;1
455;1;52.0833;32.1;24.6517;39.9797;29.8;654;374.769;282.935;273;343;278.6;278.6;496.528;495.804;50;269.378;;;828.62;1;1
456;1;52.3351;32;24.3972;39.783;29.8;641;374.754;282.935;273;343;278.6;278.6;496.528;495.804;50;269.452;;;827.433;1;1
457;1;52.2367;32;24.3696;40.0839;29.8;625;374.797;282.935;273;343;278.6;278.6;496.383;495.949;50;269.506;;;826.247;1;1
458;1;51.93;32;24.1902;40.2894;29.8;612;374.812;282.943;273;343;278.6;278.6;496.383;495.804;50;269.542;;;825.773;1;1
459;1;52.147;32;24.2549;40.0868;29.9;596;375.521;282.943;273;343;278.6;278.6;496.383;495.804;50;269.576;;;825.055;1;1
460;1;52.5376;32;24.3631;40.0839;29.9;574;375.535;282.935;273;343;278.6;278.6;496.383;495.804;50;269.629;;;824.582;1;1
461;1;52.6418;32;24.3747;39.8785;29.9;562;375.781;282.733;273;343;278.6;278.6;496.383;495.804;50;269.689;"CU-ETP      ";;823.3;1;1
462;1;52.6447;32;24.3024;39.8814;29.9;556;375.767;282.726;273;343;278.6;278.6;496.238;495.804;50;269.784;;;822.648;1;1
463;1;52.7459;32;24.2939;39.9855;30;532;376.157;283.087;273;343;278.6;278.6;496.238;495.66;50;269.916;;;822.648;1;1
464;1;52.4537;32;24.1226;40.0868;30;521;376.1;283.095;273;343;278.6;278.6;496.094;495.66;50;270.062;;;821.577;1;1
465;1;52.4392;32;24.0793;39.8785;30;500;376.186;283.102;273;343;278.6;278.6;496.383;495.804;50;270.212;;;819.965;1;1
466;1;52.0312;32;23.8556;39.9826;30.1;467;376.881;283.102;273;343;278.6;278.6;496.528;495.949;50;270.338;;;819.492;1;1
467;1;51.9271;32;23.7353;40.0868;30.1;446;376.895;283.109;273;343;278.6;278.6;496.528;495.949;50;270.465;;;818.783;1;1
468;1;51.93;32;23.7548;40.0868;30.1;406;376.881;283.095;273;343;278.6;278.6;496.383;495.804;50;270.521;;;818.075;1;1
469;1;51.93;32;23.6641;39.8814;30.2;368;376.794;283.297;273;343;278.6;278.6;496.238;495.804;50;270.544;;;817.602;1;1
470;1;52.2367;32;23.7856;39.7801;30.2;337;376.837;283.304;273;343;278.6;278.6;496.383;495.949;50;270.54;;;816.646;1;1
471;1;52.3495;32;23.7089;39.7541;30.2;314;377.112;283.312;273;343;278.6;278.6;496.383;495.804;50;270.515;;;815.819;1;1
472;1;52.0284;32;23.5635;39.7888;30.2;295;376.866;283.304;273;343;278.6;278.6;496.383;495.804;50;270.476;;;815.819;1;1
473;1;51.93;32;23.4463;39.9855;30.3;283;376.895;283.297;273;343;278.6;278.6;496.383;495.804;50;270.445;;;815.253;1;1
474;1;52.1354;32;23.4298;39.6788;30.3;279;376.895;283.312;273;343;278.6;278.6;496.238;495.804;50;270.435;;;813.763;1;1
475;1;52.7459;32;23.7779;39.6065;30.3;271;376.071;283.63;273;343;278.6;278.6;496.383;495.804;50;270.44;;;812.349;1;1
476;1;52.5405;32;23.5568;39.7801;30.3;267;375.767;283.623;273;343;278.6;278.6;496.383;495.804;50;270.458;;;812.009;1;1
477;1;52.338;32;23.4477;39.8814;30.3;283;375.029;283.579;273;343;278.6;278.6;496.383;495.949;50;270.529;;;811.303;1;1
478;1;52.1325;32.1;23.6003;39.9826;30.3;292;374.797;283.63;273;343;278.6;278.6;496.383;495.804;50;270.634;;;810.126;1;1
479;1;52.2309;32.1;23.6266;40.1881;30.3;307;374.045;283.637;273;343;278.6;278.6;496.383;495.804;50;270.755;;;809.421;1;1
480;1;52.2107;32.1;23.5444;40.1794;30.3;309;373.814;283.644;273;343;278.6;278.6;496.528;495.949;50;270.876;;;808.951;1;1
481;1;52.2367;32.1;23.5197;40.1881;30.3;319;373.003;283.861;273;343;278.6;278.6;496.672;496.094;50;271.012;;;807.838;1;1
482;1;52.0226;32.1;23.3142;40.1881;30.3;315;371.976;283.804;273;343;278.6;278.6;496.528;496.094;50;271.153;;;806.42;1;1
483;1;52.1325;32.1;23.3271;39.9826;30.3;323;370.92;283.832;273;343;278.6;278.6;496.528;496.094;50;271.3;;;805.358;1;1
484;1;52.2656;32.1;23.2771;39.8814;30.3;315;370.674;283.854;273;343;278.6;278.6;496.528;496.094;50;271.419;;;805.124;1;1
485;1;52.3293;32;22.8953;39.7801;30.3;314;369.661;284.115;273;343;278.6;278.6;496.528;495.949;50;271.531;;;804.42;1;1
486;1;52.338;32;22.8625;39.9826;30.3;314;368.909;284.122;273;343;278.6;278.6;496.672;495.949;50;271.628;;;803.697;1;1
487;1;52.6447;32;22.9597;39.8814;30.2;313;368.663;284.129;273;343;278.6;278.6;496.528;495.949;50;271.696;;;802.103;1;1
488;1;52.5984;32;22.8476;39.6788;30.2;297;367.65;284.136;273;343;278.6;278.6;496.528;495.949;50;271.765;;;801.635;1;1
489;1;52.338;32;22.6796;39.8611;30.2;285;366.884;284.115;273;343;278.6;278.6;496.528;495.949;50;271.837;;;800.932;1;1
490;1;52.2338;32;22.6163;39.9826;30.2;282;366.58;284.107;273;343;278.6;278.6;496.528;495.804;50;271.888;;;800.698;1;1
491;1;52.4392;32;22.6319;39.8814;30.2;276;365.784;284.332;273;343;278.6;278.6;496.528;496.094;50;271.93;;;799.434;1;1
492;1;52.5405;31.9;22.2455;39.9826;30.2;275;365.538;284.332;273;343;278.6;278.6;496.672;496.094;50;271.96;;;798.453;1;1
493;1;52.3351;31.9;22.0671;39.9595;30.1;270;364.554;284.339;273;343;278.6;278.6;496.672;496.094;50;271.986;;;798.219;1;1
494;1;52.5405;31.9;22.0803;39.8814;30.1;273;363.759;284.339;273;343;278.6;278.6;496.672;496.238;50;271.976;;;797.518;1;1
495;1;52.1354;31.9;21.8918;39.8351;30.1;284;363.527;284.303;273;343;278.6;278.6;496.817;496.383;50;271.933;;;795.532;1;1
496;1;52.147;31.9;21.8056;39.7859;30.1;294;362.746;284.353;273;343;278.6;278.6;496.962;496.383;50;271.88;;;794.832;1;1
497;1;52.2367;31.8;21.4519;39.6557;30.1;300;361.762;284.635;273;343;278.6;278.6;496.817;496.528;50;271.825;;;794.598;1;1
498;1;52.2338;31.8;21.396;39.5775;30.1;311;361.704;284.643;273;343;278.6;278.6;496.962;496.528;50;271.767;;;794.214;1;1
499;1;52.5405;31.8;21.4849;39.4792;30;336;361.473;284.65;273;343;278.6;278.6;496.817;496.383;50;271.711;;;792.348;1;1
500;1;52.3785;31.8;21.3271;39.6788;30;345;360.677;284.606;273;343;278.6;278.6;496.817;496.383;50;271.65;;;792.348;1;1
501;1;52.3409;31.8;21.2569;39.6788;30;367;360.33;284.621;273;343;278.6;278.6;496.962;496.383;50;271.593;;;791.417;1;1
502;1;52.1354;31.7;20.7467;39.5775;30;395;359.606;284.86;273;343;278.6;278.6;496.962;496.528;50;271.546;;;791.317;1;1
503;1;52.3235;31.7;20.7667;39.7859;30;424;359.375;284.874;273;343;278.6;278.6;496.962;496.383;50;271.52;;;790.618;1;1
504;1;51.8953;31.7;20.5242;39.8843;30;459;358.623;284.881;273;343;278.6;278.6;496.962;496.528;50;271.522;;;790.011;1;1
505;1;52.0428;31.7;20.5098;39.7772;30;476;358.42;284.932;273;343;278.6;278.6;496.817;496.383;50;271.552;;;788.149;1;1
506;1;52.4392;31.7;20.6111;39.8814;29.9;505;357.639;284.874;273;343;278.6;278.6;496.962;496.383;50;271.606;"CU-ETP      ";;787.675;1;1
507;1;52.4566;31.6;20.2251;39.9826;29.9;523;357.581;284.932;273;343;278.6;278.6;496.962;496.238;50;271.674;;;786.745;1;1
508;1;52.4971;31.6;20.094;39.7801;29.9;544;357.364;284.925;273;343;278.6;278.6;496.817;496.238;50;271.764;;;785.119;1;1
509;1;52.2367;31.6;19.9943;39.7801;29.9;545;357.35;285.156;273;343;278.6;278.6;496.962;496.383;50;271.897;;;783.726;1;1
510;1;52.0312;31.6;19.8248;40.1852;29.9;556;357.335;285.156;273;343;278.6;278.6;496.817;496.383;50;272.039;;;783.261;1;1
511;1;51.8258;31.5;19.3403;40.1881;29.9;554;357.364;285.135;273;343;278.6;278.6;496.962;496.383;50;272.201;;;783.117;1;1
512;1;52.0341;31.5;19.3271;40.0839;29.9;540;357.364;285.127;273;343;278.6;278.6;496.817;496.383;50;272.348;;;782.211;1;1
513;1;51.8374;31.5;19.1816;40.0231;29.8;521;358.174;285.135;273;343;278.6;278.6;496.962;496.238;50;272.476;;;781.979;1;1
514;1;52.0312;31.5;19.217;39.7801;29.8;489;358.174;285.417;273;343;278.6;278.6;496.672;496.094;50;272.597;;;781.515;1;1
515;1;51.8287;31.5;19.0335;39.7801;29.8;455;358.406;285.409;273;343;278.6;278.6;496.817;496.094;50;272.724;;;780.357;1;1
516;1;51.8287;31.4;18.6817;39.9826;29.8;420;358.391;285.366;273;343;278.6;278.6;496.817;496.238;50;272.838;;;779.682;1;1
517;1;52.1123;31.4;18.7293;40.0839;29.8;385;359.172;285.373;273;343;278.6;278.6;496.672;496.094;50.3098;272.93;;;779.218;1;1
518;1;52.2367;31.4;18.6827;39.6759;29.9;359;359.158;285.337;273;343;278.6;278.6;496.672;496.094;54.5158;273.028;;;778.135;1;1
519;1;52.1354;31.4;18.5554;39.6788;29.9;327;359.418;285.286;273;343;278.6;278.6;496.672;496.094;59.4633;273.105;;;776.495;1;1
520;1;52.1325;31.4;18.5362;39.8814;29.9;286;359.418;285.641;273;343;278.6;278.6;496.817;496.238;60;273.202;;;774.144;1;1
521;1;52.2338;31.4;18.4992;39.8611;29.9;240;359.823;285.634;273;343;278.6;278.6;496.672;496.094;60;273.333;;;772.529;1;1
522;1;52.5405;31.4;18.5894;39.8814;29.9;204;359.78;285.641;273;343;278.6;278.6;496.672;496.094;60;273.484;;;771.925;1;1
523;1;52.2193;31.4;18.3116;39.7801;29.9;172;359.766;285.648;273;343;278.6;278.6;496.528;495.949;60;273.587;;;771.918;1;1
524;1;52.1325;31.4;18.263;39.7801;29.9;143;359.751;285.648;273;343;278.6;278.6;496.528;495.949;60;273.666;;;771.227;1;1
525;1;51.93;31.4;18.1194;39.6788;30;117;359.418;285.612;273;343;278.6;278.6;496.528;495.949;60;273.742;;;769.613;1;1
526;1;51.7274;31.4;18.0126;39.8814;30;96;359.433;285.619;273;343;278.6;278.6;496.528;495.949;60;273.81;;;768.497;1;1
527;1;52.0312;31.4;18.0639;40.0839;30;78;358.724;285.793;273;343;278.6;278.6;496.528;495.949;60;273.894;;;767.81;1;1
528;1;51.9416;31.4;17.9601;39.9826;30;59;358.507;285.807;273;343;278.6;278.6;496.528;495.949;60;273.947;;;766.188;1;1
529;1;52.1354;31.5;18.2901;39.8814;30;40;358.406;285.815;273;343;278.6;278.6;496.672;496.094;60;273.996;;;765.269;1;1
530;1;51.8287;31.5;18.11;39.7801;30;30;357.378;285.829;273;343;278.6;278.6;496.528;496.094;60;273.997;;;764.579;1;1
531;1;51.8287;31.5;18.0738;39.6788;30;22;356.67;285.836;273;343;278.6;278.6;496.672;496.094;60;273.964;;;762.972;1;1
532;1;52.2367;31.5;18.1065;39.7135;30;24;356.337;285.836;273;343;278.6;278.6;496.672;495.949;60;273.95;;;762.054;1;1
533;1;52.2367;31.5;18.0883;39.783;29.9;23;355.339;285.8;273;343;278.6;278.6;496.672;495.949;60;273.945;;;761.22;1;1
534;1;52.011;31.5;17.9556;39.7801;29.9;26;354.326;285.981;273;343;278.6;278.6;496.528;495.804;60;273.942;;;759.615;1;1
535;1;52.1904;31.4;17.6085;39.6933;29.9;39;353.371;285.822;273;343;278.6;278.6;496.528;495.949;60;273.932;;;759.615;1;1
536;1;52.4363;31.4;17.5816;39.6846;29.9;59;352.271;286.169;273;343;278.6;278.6;496.528;495.949;60;273.926;;;759.615;1;1
537;1;52.1904;31.4;17.4991;39.6788;29.8;83;350.434;286.183;273;343;278.6;278.6;496.383;495.804;60;273.918;;;758.214;1;1
538;1;52.037;31.4;17.3932;39.7801;29.8;111;349.175;286.183;273;343;278.6;278.6;496.383;495.804;60;273.925;;;756.383;1;1
539;1;52.0197;31.4;17.3146;39.8814;29.7;151;348.119;286.147;273;343;278.6;278.6;496.238;495.804;60;274.006;;;755.543;1;1
540;1;52.1325;31.4;17.3158;39.7801;29.7;195;347.323;286.147;273;343;278.6;278.6;496.383;495.66;60;274.148;;;755.086;1;1
541;1;51.8258;31.3;16.8258;39.8814;29.7;228;346.354;286.162;273;343;278.6;278.6;496.238;495.66;60;274.284;"CU-ETP      ";;754.172;1;1
542;1;52.1325;31.3;16.9072;39.6788;29.6;259;345.385;286.176;273;343;278.6;278.6;496.238;495.66;60;274.39;;;752.573;1;1
543;1;52.0312;31.3;16.8198;39.6875;29.6;286;344.314;286.183;273;343;278.6;278.6;496.238;495.66;60;274.465;;;751.731;1;1
544;1;52.1354;31.2;16.4267;39.8814;29.5;297;343.287;286.183;273;343;278.6;278.6;496.383;495.804;60;274.514;;;750.472;1;1
545;1;52.1296;31.2;16.3702;39.9826;29.5;309;343.027;286.147;273;343;278.6;278.6;496.383;495.804;60;274.542;;;749.842;1;1
546;1;51.8287;31.2;16.2576;39.7801;29.4;312;342.737;286.162;273;343;278.6;278.6;496.383;495.804;60;274.573;;;748.931;1;1
547;1;51.9329;31.1;15.8288;39.8409;29.4;315;341.956;286.162;273;343;278.6;278.6;496.528;495.804;60;274.618;;;747.792;1;1
548;1;52.0312;31.1;15.8769;39.7801;29.3;316;341.826;286.176;273;343;278.6;278.6;496.528;495.949;60;274.588;;;747.379;1;1
549;1;51.8287;31;15.3727;39.7801;29.3;316;341.073;286.502;273;343;278.6;278.6;496.528;495.949;60;274.531;"CU-ETP      ";;746.626;1;1
550;1;51.7274;31;15.2885;39.4734;29.3;318;340.77;286.487;273;343;278.6;278.6;496.528;496.094;60;274.515;;;745.056;1;1
551;1;51.7274;31;15.2523;39.375;29.2;328;340.741;286.451;273;343;278.6;278.6;496.528;495.949;60;274.532;;;743.446;1;1
552;1;51.7419;30.9;14.8872;39.4734;29.2;338;339.931;286.473;273;343;278.6;278.6;496.528;495.949;60;274.562;;;743.218;1;1
553;1;52.0312;30.9;14.9159;39.6788;29.2;336;339.887;286.473;273;343;278.6;278.6;496.528;495.949;60;274.587;;;742.991;1;1
554;1;51.7274;30.8;14.4776;39.7801;29.2;345;339.916;286.48;273;343;278.6;278.6;496.383;495.804;60;274.587;"CU-ETP      ";;741.87;1;1
555;1;51.8287;30.8;14.4516;39.9392;29.1;343;339.771;286.509;273;343;278.6;278.6;496.383;495.804;60;274.579;;;740.735;1;1
556;1;52.2367;30.8;14.4742;39.9826;29.1;347;339.757;286.516;273;343;278.6;278.6;496.383;495.804;60;274.544;;;740.282;1;1
557;1;52.1325;30.7;14.1096;39.7801;29.1;352;339.757;286.48;273;343;278.6;278.6;496.383;495.804;60;274.484;;;739.828;1;1
558;1;52.0341;30.7;14.0102;39.6788;29.1;353;339.742;286.429;273;343;278.6;278.6;496.528;495.949;60;274.445;;;738.573;1;1
559;1;51.93;30.7;13.9277;39.8785;29.1;356;339.714;286.4;273;343;278.6;278.6;496.528;495.949;60;274.419;;;736.761;1;1
560;1;51.7274;30.7;13.8011;39.9826;29.1;363;339.685;286.386;273;343;278.6;278.6;496.528;495.949;60;274.416;;;735.404;1;1
561;1;52.1354;30.6;13.556;39.7801;29.1;377;339.656;286.364;273;343;278.6;278.6;496.528;495.949;60;274.424;;;734.499;1;1
562;1;52.1701;30.6;13.4921;39.5775;29.1;373;339.902;286.357;273;343;278.6;278.6;496.528;495.949;60;274.44;;;734.057;1;1
563;1;52.1354;30.6;13.4831;39.8814;29.1;379;340.032;286.357;273;343;278.6;278.6;496.528;495.804;60;274.46;;;733.605;1;1
564;1;51.93;30.6;13.3574;40.1881;29.1;380;340.003;286.343;273;343;278.6;278.6;496.383;495.949;60;274.518;;;732.024;1;1
565;1;51.93;30.6;13.2486;40.1389;29.1;378;339.959;286.343;273;343;278.6;278.6;496.528;495.949;60;274.53;;;731.364;1;1
566;1;51.7274;30.5;12.8999;39.9826;29.1;375;340.683;286.69;273;343;278.6;278.6;496.528;495.804;60;274.51;;;730.22;1;1
567;1;51.93;30.5;12.8597;39.8843;29.1;371;340.509;286.661;273;343;278.6;278.6;496.528;495.949;60;274.518;;;728.765;1;1
568;1;52.1759;30.5;12.8477;39.8814;29.1;365;340.929;286.675;273;343;278.6;278.6;496.528;495.949;60;274.556;;;727.151;1;1
569;1;52.1586;30.5;12.7888;39.8814;29.1;359;341.059;286.668;273;343;278.6;278.6;496.528;495.949;60;274.624;;;726.701;1;1
570;1;51.9329;30.5;12.679;39.9826;29.1;356;341.58;286.683;273;343;278.6;278.6;496.528;495.804;60;274.712;;;726.476;1;1
571;1;52.0312;30.5;12.6666;39.9826;29.1;339;341.493;286.704;273;343;278.6;278.6;496.528;495.804;60;274.822;;;726.026;1;1
572;1;52.0052;30.5;12.5876;39.7801;29.1;329;342.028;286.668;273;343;278.6;278.6;496.528;495.804;60;274.91;;;725.18;1;1
573;1;52.1354;30.5;12.6373;39.6788;29.1;299;341.985;286.668;273;343;278.6;278.6;496.672;495.804;60;275.009;;;724.955;1;1
574;1;52.0312;30.5;12.5212;39.6788;29.1;279;341.956;286.654;273;343;278.6;278.6;496.528;495.949;60;275.107;;;724.055;1;1
575;1;51.5249;30.4;12.0135;39.4734;29.1;261;342.665;286.675;273;343;278.6;278.6;496.672;495.949;60;275.199;;;722.328;1;1
576;1;51.3194;30.4;11.8939;39.3721;29.1;232;342.679;286.683;273;343;278.6;278.6;496.672;496.094;60;275.281;;;720.773;1;1
577;1;51.4207;30.4;11.8635;39.7801;29.1;208;343.084;286.704;273;343;278.6;278.6;496.528;496.094;60;275.337;;;719.876;1;1
578;1;51.7274;30.4;11.9162;39.8814;29.1;198;343.142;286.661;273;343;278.6;278.6;496.672;496.094;60;275.373;;;718.188;1;1
579;1;51.8287;30.4;11.8489;39.7598;29.1;180;343.056;286.654;273;343;278.6;278.6;496.672;496.094;60;275.436;;;718.188;1;1
580;1;52.1354;30.4;11.9008;39.6759;29.1;148;343.012;286.69;273;343;278.6;278.6;496.528;496.094;60;275.563;;;717.74;1;1
581;1;52.3293;30.4;11.9268;39.7801;29.1;123;342.983;286.704;273;343;278.6;278.6;496.672;496.094;60;275.692;;;715.949;1;1
582;1;52.0312;30.4;11.8044;39.8814;29.1;101;342.433;286.712;273;343;278.6;278.6;496.672;496.094;60;275.805;;;715.055;1;1
583;1;51.93;30.4;11.6906;39.6788;29.1;80;342.52;286.646;273;343;278.6;278.6;496.528;495.949;60;275.875;;;714.535;1;1
584;1;52.1325;30.4;11.7362;39.8814;29.1;65;342.086;286.646;273;343;278.6;278.6;496.383;495.949;60;275.904;;;713.641;1;1
585;1;51.9502;30.4;11.6045;40.0839;29.1;50;342.043;286.683;273;343;278.6;278.6;496.528;495.949;60;275.934;;;712.509;1;1
586;1;51.8287;30.4;11.5592;40.0839;29;37;341.435;286.697;273;343;278.6;278.6;496.528;495.949;60;275.913;;;711.766;1;1
587;1;52.1238;30.4;11.5704;40.0839;29;25;340.972;286.683;273;343;278.6;278.6;496.383;495.804;60;275.612;;;710.68;1;1
588;1;52.2107;30.4;11.5349;40.0839;29;18;340.336;286.675;273;343;278.6;278.6;496.528;495.949;60;275.341;;;709.451;1;1
589;1;52.1325;30.4;11.4448;40.1852;29;21;339.887;286.668;273;343;278.6;278.6;496.383;495.804;60;275.051;;;708.317;1;1
590;1;52.1991;30.4;11.4412;40.0839;29;30;339.236;286.683;273;343;278.6;278.6;496.383;495.949;60;274.904;;;707.649;1;1
591;1;52.1325;30.4;11.3902;40.0839;28.9;64;339.019;286.69;273;343;278.6;278.6;496.383;495.949;60;274.832;;;706.536;1;1
592;1;52.1325;30.4;11.3537;39.8814;28.9;112;337.977;286.661;273;343;278.6;278.6;496.383;495.804;60;274.798;;;705.423;1;1
593;1;52.4392;30.4;11.3106;39.9826;28.9;187;337.24;286.675;273;343;278.6;278.6;496.238;495.66;60;274.77;;;704.371;1;1
594;1;52.2396;30.4;11.231;40.0839;28.8;242;336.183;286.712;273;343;278.6;278.6;496.238;495.66;60;274.764;;;704.148;1;1
595;1;51.9271;30.3;10.8294;39.8814;28.8;298;335.822;286.675;273;343;278.6;278.6;496.238;495.66;60;274.778;;;703.037;1;1
596;1;52.1152;30.3;10.8141;39.9826;28.8;326;334.766;286.639;273;343;278.6;278.6;496.238;495.66;60;274.799;;;701.705;1;1
597;1;51.93;30.3;10.7575;40.0839;28.7;363;334.563;286.675;273;343;278.6;278.6;496.383;495.804;60;274.826;;;701.039;1;1
598;1;51.9618;30.3;10.6914;39.7801;28.7;399;333.825;286.697;273;343;278.6;278.6;496.383;495.804;60;274.854;;;698.99;1;1
599;1;52.2164;30.2;10.3893;39.8814;28.6;437;333.623;286.697;273;343;278.6;278.6;496.383;495.804;60;274.847;;;698.104;1;1
600;1;51.7245;30.2;10.2372;39.8814;28.6;458;333.608;286.661;273;343;278.6;278.6;496.383;495.949;60;274.847;;;697.661;1;1
601;1;51.9878;30.2;10.253;39.8814;28.5;484;332.856;286.654;273;343;278.6;278.6;496.528;495.804;60;274.881;;;697.341;1;1
602;1;52.338;30.2;10.2855;39.8409;28.5;495;332.827;286.668;273;343;278.6;278.6;496.383;495.949;60;274.94;;;695.824;1;1
603;1;52.3148;30.1;9.90748;39.6759;28.4;504;332.74;286.69;273;343;278.6;278.6;496.238;495.66;60;275.008;;;694.947;1;1
604;1;52.2164;30.1;9.79765;39.5747;28.4;502;332.697;286.697;273;343;278.6;278.6;496.094;495.515;60;275.081;;;694.063;1;1
605;1;52.3322;30.1;9.81936;39.7917;28.4;501;332.972;286.675;273;343;278.6;278.6;496.094;495.515;60;275.148;;;693.621;1;1
606;1;52.2367;30;9.46504;39.8814;28.3;492;332.957;286.654;273;343;278.6;278.6;496.094;495.515;60;275.214;;;692.443;1;1
607;1;52.6418;30;9.40969;39.7801;28.3;484;333.738;286.675;273;343;278.6;278.6;496.094;495.515;60;275.293;;;691.399;1;1
608;1;52.4392;30;9.35516;39.7975;28.3;460;334.057;286.69;273;343;278.6;278.6;496.238;495.515;60;275.392;;;689.657;1;1
609;1;52.338;30;9.3005;39.7801;28.3;433;334.925;286.704;273;343;278.6;278.6;496.238;495.515;60;275.472;;;688.115;1;1
610;1;52.3351;29.9;8.96295;39.6788;28.3;406;335.156;286.668;273;343;278.6;278.6;496.383;495.804;60;275.522;;;687.895;1;1
611;1;52.0312;29.9;8.87457;39.8814;28.3;371;335.851;286.675;273;343;278.6;278.6;496.383;495.804;60;275.571;;;687.134;1;1
612;1;51.9271;29.9;8.82052;39.9826;28.3;333;336.574;286.654;273;343;278.6;278.6;496.238;495.66;60;275.596;;;686.106;1;1
613;1;51.8982;29.9;8.72493;39.8785;28.3;308;336.849;286.683;273;343;278.6;278.6;496.238;495.66;60;275.59;;;685.437;1;1
614;1;51.9213;29.9;8.69254;39.9826;28.3;262;337.5;286.675;273;343;278.6;278.6;496.383;495.66;60;275.56;;;684.778;1;1
615;1;51.8287;29.9;8.58651;39.9537;28.3;232;337.847;286.69;273;343;278.6;278.6;496.383;495.804;60;275.512;;;682.8;1;1
616;1;52.1325;29.9;8.67327;39.8814;28.4;203;338.686;286.697;273;343;278.6;278.6;496.383;495.949;60;275.447;;;682.361;1;1
617;1;52.1325;29.9;8.61863;39.8814;28.4;190;339.005;286.69;273;343;278.6;278.6;496.383;495.949;60;275.376;;;681.381;1;1
618;1;52.1325;29.9;8.58218;39.9826;28.4;171;339.612;286.654;273;343;278.6;278.6;496.383;495.804;60;275.302;;;680.701;1;1
619;1;52.2135;29.9;8.55904;39.7801;28.4;161;339.511;286.661;273;343;278.6;278.6;496.383;495.66;60;275.239;;;679.691;1;1
620;1;51.8287;29.9;8.42354;39.4821;28.4;157;339.931;286.675;273;343;278.6;278.6;496.094;495.515;60;275.189;;;678.376;1;1
621;1;51.93;29.9;8.49442;39.4734;28.4;161;339.902;286.697;273;343;278.6;278.6;496.094;495.515;60;275.159;;;676.648;1;1
622;1;52.0312;29.9;8.42008;39.6788;28.4;158;339.887;286.704;273;343;278.6;278.6;496.094;495.515;60;275.153;;;675.992;1;1
623;1;51.9821;29.9;8.33948;39.7801;28.4;169;340.032;286.69;273;343;278.6;278.6;496.094;495.515;60;275.158;;;675.773;1;1
624;1;52.1354;29.9;8.36408;39.8814;28.4;167;340.017;286.646;273;343;278.6;278.6;496.238;495.66;60;275.157;;;675.467;1;1
625;1;52.2193;29.9;8.37754;39.9826;28.4;173;339.988;286.654;273;343;278.6;278.6;496.238;495.515;60;275.143;;;674.374;1;1
626;1;51.9387;29.9;8.25994;39.9855;28.4;180;339.424;286.683;273;343;278.6;278.6;496.094;495.515;60;275.119;;;673.937;1;1
627;1;51.8287;29.9;8.26056;40.1852;28.4;190;339.337;286.697;273;343;278.6;278.6;496.094;495.515;60;275.096;;;672.191;1;1
628;1;51.6262;29.9;8.15611;40.0868;28.4;202;339.323;286.69;273;343;278.6;278.6;495.949;495.37;60;275.062;;;670.663;1;1
629;1;51.4178;29.9;8.1232;39.9855;28.3;214;338.86;286.675;273;343;278.6;278.6;495.949;495.226;60;275.029;;;669.573;1;1
630;1;51.4178;29.9;8.03339;39.8438;28.3;234;338.383;286.668;273;343;278.6;278.6;495.949;495.37;60;274.997;;;669.356;1;1
631;1;51.8287;29.9;8.07948;39.6788;28.3;244;338.44;286.683;273;343;278.6;278.6;495.949;495.37;60;274.972;"CU-ETP      ";;668.501;1;1
632;1;52.2367;29.9;8.0883;39.6788;28.3;266;337.963;286.697;273;343;278.6;278.6;496.094;495.37;60;274.939;;;667.832;1;1
633;1;52.1325;29.9;8.03575;39.7598;28.2;274;337.92;286.683;273;343;278.6;278.6;496.094;495.37;60;274.908;;;666.527;1;1
634;1;51.6233;29.9;7.93922;39.6788;28.2;290;337.24;286.545;273;343;278.6;278.6;496.094;495.515;60;274.875;;;664.481;1;1
635;1;51.6001;29.9;7.91763;39.8814;28.2;306;337.211;286.545;273;343;278.6;278.6;496.094;495.515;60;274.841;;;664.128;1;1
636;1;51.7332;29.8;7.56875;39.8814;28.1;319;337.182;286.538;273;343;278.6;278.6;496.238;495.66;60;274.808;;;663.259;1;1
637;1;52.2367;29.8;7.56939;39.9826;28.1;341;336.806;286.509;273;343;278.6;278.6;496.238;495.804;60;274.768;;;662.608;1;1
638;1;51.9792;29.8;7.55023;40.0839;28.1;349;336.907;286.502;273;343;278.6;278.6;496.094;495.66;60;274.734;;;661.71;1;1
639;1;51.93;29.8;7.48866;40.0839;28.1;365;336.907;286.552;273;343;278.6;278.6;496.094;495.515;60;274.717;;;660.626;1;1
640;1;51.93;29.8;7.47052;39.8003;28;375;336.878;286.552;273;343;278.6;278.6;496.094;495.515;60;274.703;;;659.976;1;1
641;1;52.2338;29.7;7.1596;39.6788;28;384;336.834;286.581;273;343;278.6;278.6;496.094;495.37;60;274.683;;;657.54;1;1
642;1;52.1296;29.7;7.09067;39.7801;28;394;336.892;286.552;273;343;278.6;278.6;495.949;495.37;60;274.633;;;656.891;1;1
643;1;51.658;29.7;6.95433;39.9826;28;399;336.762;286.56;273;343;278.6;278.6;496.094;495.37;60;274.611;;;656.891;1;1
644;1;51.5249;29.7;6.88241;39.6759;27.9;399;337.211;286.545;273;343;278.6;278.6;496.094;495.37;60;274.625;;;655.611;1;1
645;1;51.8287;29.7;6.97731;39.6788;27.9;403;337.283;286.56;273;343;278.6;278.6;495.949;495.226;60;274.682;;;653.948;1;1
646;1;51.9242;29.7;6.93575;39.5341;27.9;415;337.514;286.169;273;343;278.6;278.6;495.949;495.226;60;274.771;;;653.228;1;1
647;1;51.7274;29.6;6.54017;39.4792;27.9;412;337.977;286.169;273;343;278.6;278.6;496.094;495.226;60;274.853;;;651.506;1;1
648;1;51.9821;29.6;6.48157;39.5747;27.9;390;337.934;286.176;273;343;278.6;278.6;495.949;495.226;60;274.937;;;650.857;1;1
649;1;51.8084;29.6;6.47802;39.592;27.9;378;338.383;286.191;273;343;278.6;278.6;495.949;495.37;60;275.001;;;650.426;1;1
650;1;51.6291;29.6;6.38342;39.7917;27.9;358;338.426;286.162;273;343;278.6;278.6;495.949;495.37;60;274.99;;;649.349;1;1
651;1;51.7766;29.6;6.41978;39.7801;27.9;332;338.903;286.147;273;343;278.6;278.6;495.949;495.37;60;274.99;;;649.134;1;1
652;1;51.93;29.6;6.40249;39.5747;27.9;318;339.395;286.155;273;343;278.6;278.6;495.949;495.37;60;275.036;;;648.208;1;1
653;1;52.0428;29.6;6.38004;39.5718;27.9;310;339.497;286.169;273;343;278.6;278.6;495.949;495.37;60;275.096;;;646.918;1;1
654;1;51.82;29.6;6.33462;39.5747;27.9;292;340.032;286.183;273;343;278.6;278.6;495.949;495.226;60;275.159;;;645.629;1;1
655;1;51.8287;29.5;5.9657;39.5255;27.9;268;339.988;286.191;273;343;278.6;278.6;495.804;495.226;60;275.214;;;644.689;1;1
656;1;51.93;29.5;5.88662;39.9826;27.9;244;340.509;286.155;273;343;278.6;278.6;495.804;495.226;60;275.245;;;644.259;1;1
657;1;51.6262;29.5;5.90631;39.8814;27.9;220;340.495;286.039;273;343;278.6;278.6;495.66;495.226;60;275.243;;;642.758;1;1
658;1;51.4207;29.5;5.84686;39.8814;27.9;201;340.885;286.039;273;343;278.6;278.6;495.804;495.226;60;275.215;;;641.043;1;1
659;1;51.6233;29.5;5.81579;39.8814;27.9;179;340.871;286.039;273;343;278.6;278.6;495.804;495.37;60;275.176;;;640.615;1;1
660;1;51.522;29.5;5.76838;39.8814;27.9;163;341.073;286.039;273;343;278.6;278.6;495.804;495.226;60;275.141;"CU-ETP      ";;639.58;1;1
661;1;51.9271;29.5;5.77745;39.7801;27.9;161;341.016;286.024;273;343;278.6;278.6;495.804;495.226;60;275.114;;;638.532;1;1
662;1;52.0284;29.5;5.73417;39.7801;27.9;160;340.972;286.01;273;343;278.6;278.6;495.804;495.226;60;275.09;;;637.677;1;1
663;1;51.4207;29.5;5.64924;39.6759;27.9;161;340.943;285.974;273;343;278.6;278.6;495.804;495.226;60;275.059;;;636.394;1;1
664;1;51.4207;29.5;5.6672;39.6672;27.9;160;340.9;285.959;273;343;278.6;278.6;495.804;495.226;60;275.031;;;635.723;1;1
665;1;52.0312;29.5;5.67996;39.6701;27.9;162;340.654;285.952;273;343;278.6;278.6;495.804;495.081;60;274.987;;;635.002;1;1
666;1;52.0341;29.5;5.62574;39.3721;27.9;170;340.668;285.952;273;343;278.6;278.6;495.804;495.081;60;274.936;;;634.148;1;1
667;1;52.4306;29.5;5.65028;39.2708;27.9;184;340.003;285.952;273;343;278.6;278.6;495.804;494.936;60;274.903;;;633.134;1;1
668;1;52.338;29.5;5.60371;39.5747;27.8;195;339.771;285.974;273;343;278.6;278.6;495.515;494.936;60;274.88;;;632.683;1;1
669;1;52.2801;29.5;5.48794;39.5747;27.8;210;339.771;285.974;273;343;278.6;278.6;495.515;494.936;60;274.862;;;631.089;1;1
670;1;51.9271;29.5;5.5053;39.6788;27.8;231;338.99;285.938;273;343;278.6;278.6;495.515;494.936;60;274.866;;;629.812;1;1
671;1;52.1354;29.4;5.137;39.7656;27.8;236;338.686;285.916;273;343;278.6;278.6;495.515;494.936;60;274.87;;;628.773;1;1
672;1;51.6985;29.4;5.03974;39.7801;27.8;249;337.876;285.641;273;343;278.6;278.6;495.37;494.792;60;274.888;;;627.552;1;1
673;1;51.8287;29.4;5.01622;39.7801;27.7;267;337.833;285.634;273;343;278.6;278.6;495.515;494.792;60;274.909;;;626.915;1;1
674;1;51.93;29.4;5.00788;39.9826;27.7;288;337.659;285.655;273;343;278.6;278.6;495.515;494.792;60;274.925;;;626.496;1;1
675;1;51.8287;29.4;4.9619;39.9826;27.7;304;337.76;285.663;273;343;278.6;278.6;495.37;494.792;60;274.93;;;625.435;1;1
676;1;51.8287;29.4;4.92569;40.0087;27.7;314;336.95;285.67;273;343;278.6;278.6;495.37;494.647;60;274.926;;;624.294;1;1
677;1;52.1354;29.3;4.58264;40.0839;27.6;319;336.921;285.677;273;343;278.6;278.6;495.37;494.792;60;274.917;;;622.965;1;1
678;1;51.93;29.3;4.49201;39.9161;27.6;323;336.921;285.655;273;343;278.6;278.6;495.37;494.792;60;274.893;;;622.596;1;1
679;1;51.7274;29.3;4.43835;39.5891;27.6;323;336.589;285.641;273;343;278.6;278.6;495.226;494.647;60;274.863;;;621.947;1;1
680;1;51.6262;29.3;4.41163;39.5573;27.6;323;336.56;285.648;273;343;278.6;278.6;495.226;494.647;60;274.841;;;620.187;1;1
681;1;51.5654;29.2;4.07436;39.5747;27.6;330;336.516;285.655;273;343;278.6;278.6;495.081;494.502;60;274.825;;;619.13;1;1
682;1;51.8287;29.2;4.05893;39.7801;27.5;337;336.502;285.655;273;343;278.6;278.6;495.226;494.502;60;274.815;;;618.592;1;1
683;1;51.6175;29.2;3.9342;39.7801;27.5;341;336.617;285.67;273;343;278.6;278.6;495.37;494.647;60;274.811;;;616.932;1;1
684;1;51.4207;29.2;3.97309;39.8814;27.5;350;336.646;285.67;273;343;278.6;278.6;495.37;494.792;60;274.813;;;616.51;1;1
685;1;51.5249;29.1;3.55929;39.8814;27.5;351;336.603;285.634;273;343;278.6;278.6;495.515;494.792;60;274.823;;;615.666;1;1
686;1;51.4207;29.1;3.53413;39.8872;27.5;350;336.675;285.641;273;343;278.6;278.6;495.515;494.792;60;274.823;;;614.787;1;1
687;1;51.4612;29.1;3.53692;39.8814;27.5;346;336.56;285.655;273;343;278.6;278.6;495.515;494.792;60;274.823;;;613.523;1;1
688;1;51.7274;29.1;3.46486;39.8958;27.5;345;336.806;285.663;273;343;278.6;278.6;495.37;494.647;60;274.83;;;612.681;1;1
689;1;51.8982;29.1;3.45817;39.7801;27.5;350;336.849;285.655;273;343;278.6;278.6;495.37;494.647;60;274.818;;;611.091;1;1
690;1;52.1557;29;3.10298;39.6788;27.5;345;336.806;285.344;273;343;278.6;278.6;495.226;494.647;60;274.786;;;610.493;1;1
691;1;51.93;29;3.05327;39.6817;27.5;332;337.023;285.518;273;343;278.6;278.6;495.226;494.647;60;274.748;;;609.863;1;1
692;1;52.0312;29;3.04105;39.6788;27.5;336;337.486;285.518;273;343;278.6;278.6;495.226;494.502;60;274.719;;;608.393;1;1
693;1;51.901;29;2.97904;39.6759;27.5;333;337.471;285.525;273;343;278.6;278.6;495.226;494.502;60;274.692;;;606.714;1;1
694;1;51.658;29;2.96509;39.7975;27.5;329;337.688;285.315;273;343;278.6;278.6;495.226;494.502;60;274.675;;;605.666;1;1
695;1;51.7274;29;2.8787;39.8698;27.5;326;337.891;285.54;273;343;278.6;278.6;495.226;494.502;60;274.653;;;604.828;1;1
696;1;51.4207;29;2.86163;39.5747;27.5;325;337.847;285.547;273;343;278.6;278.6;495.226;494.647;60;274.625;;;604.371;1;1
697;1;51.2211;28.9;2.48487;39.728;27.5;322;338.383;285.554;273;343;278.6;278.6;495.081;494.358;60;274.607;;;603.115;1;1
698;1;51.4439;28.9;2.47771;39.8669;27.5;322;338.44;285.547;273;343;278.6;278.6;494.792;494.213;60;274.61;;;602.331;1;1
699;1;51.6088;28.9;2.41351;39.8814;27.5;323;338.571;285.315;273;343;278.6;278.6;494.792;494.213;60;274.628;;;601.317;1;1
700;1;51.3166;28.9;2.36399;39.6759;27.6;323;338.932;285.294;273;343;278.6;278.6;494.936;494.213;60;274.649;;;600.896;1;1
701;1;51.93;28.9;2.39225;39.5747;27.6;318;339.005;285.518;273;343;278.6;278.6;494.792;494.213;60;274.652;;;600.421;1;1
702;1;51.794;28.9;2.34979;39.4734;27.6;311;338.961;285.532;273;343;278.6;278.6;494.936;494.358;60;274.646;;;598.751;1;1
703;1;51.8287;28.9;2.27895;39.6788;27.6;306;338.932;285.532;273;343;278.6;278.6;494.936;494.213;60;274.635;;;597.708;1;1
704;1;51.6233;28.9;2.23382;39.5775;27.6;312;339.395;285.149;273;343;278.6;278.6;494.936;494.358;60;274.639;;;597.413;1;1
705;1;51.4207;28.9;2.17117;39.5833;27.6;302;339.424;285.156;273;343;278.6;278.6;494.936;494.358;60;274.646;;;595.467;1;1
706;1;51.522;28.9;2.17544;39.5718;27.6;290;339.482;285.149;273;343;278.6;278.6;495.081;494.358;60;274.652;;;594.634;1;1
707;1;51.7245;28.9;2.14786;39.5775;27.6;284;339.67;285.127;273;343;278.6;278.6;494.936;494.358;60;274.653;;;594.15;1;1
708;1;51.522;28.9;2.10345;39.4734;27.6;281;339.497;285.135;273;343;278.6;278.6;494.936;494.358;60;274.633;"CU-ETP      ";;593.392;1;1
709;1;51.4207;28.9;2.06336;39.3721;27.6;282;339.959;285.142;273;343;278.6;278.6;494.936;494.358;60;274.595;;;591.937;1;1
710;1;51.4207;28.8;1.67832;39.4734;27.6;277;339.931;285.142;273;343;278.6;278.6;494.936;494.358;60;274.564;;;591.083;1;1
711;1;51.6175;28.8;1.68474;39.5747;27.6;274;339.887;285.156;273;343;278.6;278.6;494.936;494.358;60;274.562;;;589.469;1;1
712;1;51.4207;28.8;1.64239;39.5747;27.6;272;339.945;285.156;273;343;278.6;278.6;494.936;494.358;60;274.573;;;589.277;1;1
713;1;51.2645;28.8;1.60159;39.4734;27.6;274;340.017;285.127;273;343;278.6;278.6;495.081;494.502;60;274.578;;;588.655;1;1
714;1;51.6638;28.8;1.57794;39.6788;27.7;275;339.974;285.127;273;343;278.6;278.6;495.081;494.502;60;274.54;;;587.205;1;1
715;1;51.93;28.8;1.53165;39.6904;27.7;277;339.959;285.135;273;343;278.6;278.6;495.081;494.358;60;274.523;;;586.151;1;1
716;1;51.7245;28.8;1.50752;39.6788;27.7;278;339.916;285.142;273;343;278.6;278.6;494.936;494.358;60;274.509;;;585.915;1;1
717;1;51.4207;28.8;1.44477;39.7512;27.7;279;339.916;284.758;273;343;278.6;278.6;494.792;494.213;60;274.497;;;584.602;1;1
718;1;51.8287;28.8;1.45624;39.6788;27.7;281;340.032;284.758;273;343;278.6;278.6;494.792;494.213;60;274.486;;;583.361;1;1
719;1;52.0284;28.8;1.42547;39.4878;27.7;281;340.017;284.78;273;343;278.6;278.6;494.792;494.213;60;274.464;;;582.138;1;1
720;1;51.7245;28.8;1.41715;39.6846;27.7;282;339.974;284.751;273;343;278.6;278.6;494.792;494.068;60;274.438;;;580.694;1;1
721;1;51.8287;28.8;1.42;39.7801;27.7;285;339.931;284.729;273;343;278.6;278.6;494.792;494.068;60;274.409;;;580.487;1;1
722;1;51.8287;28.8;1.29326;39.4126;27.7;288;339.902;284.722;273;343;278.6;278.6;494.792;494.068;60;274.382;;;579.663;1;1
723;1;51.522;28.8;1.30361;39.1696;27.7;291;339.439;284.766;273;343;278.6;278.6;494.792;494.213;60;274.186;;;578.761;1;1
724;1;51.4265;28.8;1.26523;39.2708;27.7;301;339.54;284.766;273;343;278.6;278.6;494.792;494.068;60;273.891;;;577.637;1;1
725;1;51.7245;28.8;1.2545;39.4734;27.7;323;339.554;284.744;273;343;278.6;278.6;494.792;494.213;60;273.714;;;576.474;1;1
726;1;51.4178;28.8;1.19317;39.4734;27.7;349;339.511;284.744;273;343;278.6;278.6;494.792;494.068;60;273.505;;;576.269;1;1
727;1;51.522;28.8;1.14159;39.4792;27.7;389;339.482;284.65;273;343;278.6;278.6;494.792;494.068;60;273.401;;;574.624;1;1
728;1;51.9271;28.7;0.798024;39.6759;27.7;423;339.395;284.635;273;343;278.6;278.6;494.647;494.068;60;273.374;;;573.998;1;1
729;1;51.8287;28.7;0.832723;39.4734;27.7;449;339.308;284.599;273;343;278.6;278.6;494.647;493.924;60;273.364;;;572.767;1;1
730;1;51.522;28.7;0.773774;39.4589;27.7;478;339.28;284.614;273;343;278.6;278.6;494.792;493.924;60;273.041;;;571.536;1;1
731;1;51.9502;28.7;0.798379;39.6383;27.7;503;339.308;284.643;273;343;278.6;278.6;494.647;493.924;60;272.664;"CU-ETP      ";;570.825;1;1
732;1;51.9502;28.7;0.707613;39.7801;27.7;537;340.017;284.65;273;343;278.6;278.6;494.792;493.924;60;272.468;;;570.278;1;1
733;1;51.6233;28.7;0.667091;39.783;27.7;583;340.017;284.635;273;343;278.6;278.6;494.502;493.924;60;272.339;;;568.462;1;1
734;1;51.4178;28.7;0.682399;39.8843;27.7;625;340.422;284.614;273;343;278.6;278.6;494.502;493.924;60;272.301;;;567.848;1;1
735;1;51.7274;28.7;0.668438;39.5775;27.7;666;340.987;284.628;273;343;278.6;278.6;494.502;493.924;60;272.373;;;566.826;1;1
736;1;51.7274;28.7;0.57806;39.6788;27.7;688;340.958;284.635;273;343;278.6;278.6;494.502;493.924;60;272.481;;;565.192;1;1
737;1;51.9358;28.7;0.598532;39.8814;27.8;691;341.942;284.65;273;343;278.6;278.6;494.502;493.779;60;272.584;;;564.784;1;1
738;1;51.93;28.7;0.580324;40.0839;27.8;692;342.318;284.259;273;343;278.6;278.6;494.502;493.779;60;272.681;;;563.474;1;1
739;1;51.5972;28.7;0.540556;39.9826;27.8;703;343.07;284.266;273;343;278.6;278.6;494.502;493.924;60;272.779;;;562.455;1;1
740;1;51.93;28.7;0.489618;39.7801;27.8;695;344.126;284.259;273;343;278.6;278.6;494.502;493.924;60;272.785;;;561.436;1;1
741;1;51.93;28.7;0.525901;39.7801;27.8;703;345.124;284.252;273;343;278.6;278.6;494.647;493.924;60;272.832;"CU-ETP      ";;560.666;1;1
742;1;51.7448;28.7;0.469796;39.6788;27.9;669;346.123;284.245;273;343;278.6;278.6;494.647;493.924;60;272.904;;;560.463;1;1
743;1;51.9358;28.7;0.435218;39.5775;27.9;636;346.412;284.252;273;343;278.6;278.6;494.502;493.924;60;272.957;;;559.326;1;1
744;1;51.93;28.7;0.417028;39.7656;27.9;596;347.41;284.252;273;343;278.6;278.6;494.647;493.924;60;272.988;;;558.31;1;1
745;1;51.8287;28.7;0.398109;39.8814;28;555;348.423;284.274;273;343;278.6;278.6;494.502;493.924;60;272.996;;;557.091;1;1
746;1;51.8461;28.8;0.62343;39.5747;28;510;349.479;284.129;273;343;278.6;278.6;494.358;493.924;60;272.998;;;556.482;1;1
747;1;52.1181;28.8;0.699554;39.7801;28;468;350.579;284.129;273;343;278.6;278.6;494.358;493.779;60;272.997;;;555.41;1;1
748;1;52.147;28.8;0.681725;39.7772;28.1;428;351.259;284.122;273;343;278.6;278.6;494.358;493.634;60;273.003;;;553.679;1;1
749;1;51.8345;28.8;0.659532;39.6788;28.2;394;352.257;284.107;273;343;278.6;278.6;494.502;493.924;60;273.009;;;552.654;1;1
750;1;52.2338;28.9;0.946232;39.7801;28.2;376;352.532;284.115;273;343;278.6;278.6;494.502;493.924;60;273.009;;;552.047;1;1
751;1;52.4392;28.9;0.949954;39.5775;28.3;346;353.863;284.122;273;343;278.6;278.6;494.502;493.924;60;273.008;;;551.594;1;1
752;1;52.0312;29;1.24129;39.4734;28.3;312;354.282;284.129;273;343;278.6;278.6;494.502;493.924;60;273.012;;;549.893;1;1
753;1;51.8287;29;1.20025;39.6788;28.4;286;354.933;284.136;273;343;278.6;278.6;494.502;493.924;60;273.022;;;548.884;1;1
754;1;51.3194;29;1.1526;39.7801;28.4;265;355.31;284.115;273;343;278.6;278.6;494.358;493.924;60;273.045;;;548.048;1;1
755;1;51.6233;29.1;1.52795;39.7801;28.5;240;356.004;284.1;273;343;278.6;278.6;494.502;494.068;60;273.079;;;547.039;1;1
756;1;51.8287;29.1;1.47971;39.8814;28.5;226;355.975;283.984;273;343;278.6;278.6;494.502;494.068;60;273.102;;;546.233;1;1
757;1;52.0312;29.2;1.82058;39.8785;28.6;207;355.975;283.984;273;343;278.6;278.6;494.502;493.924;60;273.105;;;545.109;1;1
758;1;52.2367;29.2;1.79124;39.9826;28.6;205;356.351;283.999;273;343;278.6;278.6;494.502;494.068;60;273.099;;;543.902;1;1
759;1;52.338;29.3;2.15005;39.6788;28.6;201;356.337;283.999;273;343;278.6;278.6;494.358;493.779;60;273.091;;;543.7;1;1
760;1;51.8576;29.3;2.07597;39.6788;28.6;181;355.917;284.013;273;343;278.6;278.6;494.358;493.634;60;273.076;;;542.689;1;1
761;1;51.6291;29.4;2.39931;39.7801;28.7;179;355.946;284.013;273;343;278.6;278.6;494.213;493.779;60;273.051;;;541.658;1;1
762;1;52.1354;29.4;2.3682;39.7801;28.7;174;355.31;284.013;273;343;278.6;278.6;494.358;493.634;60;273.017;;;540.253;1;1
763;1;51.7245;29.4;2.3134;39.8727;28.7;186;355.295;283.984;273;343;278.6;278.6;494.358;493.634;60;272.991;;;539.45;1;1
764;1;51.8113;29.5;2.65095;39.7801;28.7;193;354.499;283.818;273;343;278.6;278.6;494.213;493.634;60;272.964;;;538.82;1;1
765;1;51.93;29.5;2.63885;39.7454;28.7;214;354.297;283.992;273;343;278.6;278.6;494.068;493.49;60;272.939;;;537.818;1;1
766;1;52.0341;29.5;2.64415;39.5775;28.7;228;353.472;283.789;273;343;278.6;278.6;493.924;493.49;60;272.905;;;535.834;1;1
767;1;52.0312;29.6;2.94273;39.7801;28.7;237;353.212;283.992;273;343;278.6;278.6;493.924;493.49;60;272.871;;;535.034;1;1
768;1;51.7245;29.6;2.87118;40.0376;28.7;262;352.286;283.854;273;343;278.6;278.6;494.068;493.49;58.4634;272.834;;;535.034;1;1
769;1;51.93;29.6;2.90072;39.8814;28.7;278;351.461;283.861;273;343;278.6;278.6;494.068;493.49;52.4938;272.791;;;534.657;1;1
770;1;51.8287;29.6;2.84075;39.8814;28.7;306;351.259;283.847;273;343;278.6;278.6;494.068;493.49;50;272.764;;;533.505;1;1
771;1;51.6233;29.6;2.84752;40.2402;28.7;332;350.42;283.861;273;343;278.6;278.6;494.213;493.49;50;272.748;;;532.676;1;1
772;1;51.522;29.6;2.82394;40.1852;28.7;352;350.188;283.869;273;343;278.6;278.6;494.213;493.634;50;272.722;;;532.476;1;1
773;1;51.6233;29.6;2.82949;40.0839;28.7;372;349.913;283.919;273;343;278.6;278.6;494.213;493.634;50;272.705;;;531.486;1;1
774;1;51.8171;29.6;2.80388;40.0868;28.6;397;349.117;283.941;273;343;278.6;278.6;494.213;493.634;50;272.704;;;530.489;1;1
775;1;51.93;29.6;2.77371;40.0839;28.6;410;349.103;283.919;273;343;278.6;278.6;494.213;493.779;50;272.69;;;529.677;1;1
776;1;52.0312;29.6;2.77912;40.0839;28.6;434;348.438;283.905;273;343;278.6;278.6;494.358;493.634;50;272.589;;;527.686;1;1
777;1;52.2396;29.6;2.75375;39.9826;28.6;449;348.206;283.963;273;343;278.6;278.6;494.213;493.634;50;272.523;;;527.289;1;1
778;1;52.338;29.6;2.75893;40.0839;28.6;475;348.163;283.912;273;343;278.6;278.6;494.213;493.49;50;272.5;;;526.891;1;1
779;1;51.7274;29.6;2.74482;40.0868;28.6;492;347.323;283.898;273;343;278.6;278.6;494.358;493.634;50;272.495;;;526.891;1;1
780;1;52.1325;29.6;2.72989;39.9826;28.6;500;347.338;283.883;273;343;278.6;278.6;494.358;493.634;50;272.493;;;525.102;1;1
781;1;51.9618;29.6;2.7028;39.8814;28.6;518;347.338;283.912;273;343;278.6;278.6;494.358;493.634;50;272.322;;;524.328;1;1
782;1;51.93;29.6;2.64669;40.0839;28.6;529;347.323;283.898;273;343;278.6;278.6;494.213;493.634;50;272.127;;;523.931;1;1
783;1;51.8895;29.6;2.69904;40.2778;28.6;543;347.41;283.876;273;343;278.6;278.6;494.358;493.779;50;271.954;;;522.616;1;1
784;1;52.1325;29.6;2.67525;40.0839;28.6;568;348.206;283.912;273;343;278.6;278.6;494.213;493.634;50;271.846;;;521.823;1;1
785;1;51.8258;29.6;2.64138;39.8814;28.6;591;348.177;283.963;273;343;278.6;278.6;494.213;493.49;50;271.778;;;521.572;1;1
786;1;51.8895;29.6;2.64463;40.1881;28.6;604;348.148;283.948;273;343;278.6;278.6;494.213;493.634;50;271.759;;;520.582;1;1
787;1;51.8287;29.6;2.60532;40.3299;28.7;627;348.423;283.941;273;343;278.6;278.6;494.213;493.634;50;271.641;;;519.593;1;1
788;1;51.8287;29.6;2.60532;40.2894;28.7;632;349.175;283.948;273;343;278.6;278.6;494.213;493.49;50;271.518;;;519.149;1;1
789;1;51.8287;29.6;2.60532;40.0839;28.7;645;349.523;283.963;273;343;278.6;278.6;494.213;493.634;50;271.449;;;518.33;1;1
790;1;51.7274;29.6;2.6183;39.8814;28.7;669;349.769;283.97;273;343;278.6;278.6;494.358;493.634;50;271.481;"CU-ETP      ";;516.634;1;1
791;1;52.0341;29.6;2.57929;39.9132;28.8;686;351.027;283.883;273;343;278.6;278.6;494.213;493.779;50;271.554;;;515.974;1;1
792;1;52.0312;29.6;2.6155;39.7801;28.8;695;351.288;283.941;273;343;278.6;278.6;494.502;493.924;50;271.644;;;515.681;1;1
793;1;52.0862;29.6;2.54548;39.783;28.8;689;351.562;283.984;273;343;278.6;278.6;494.502;493.924;50;271.734;;;515.484;1;1
794;1;52.2338;29.6;2.58919;40.1042;28.9;678;352.532;283.955;273;343;278.6;278.6;494.358;493.924;50;271.819;;;513.907;1;1
795;1;52.2396;29.6;2.55298;40.327;28.9;661;353.212;283.948;273;343;278.6;278.6;494.358;493.779;50;271.88;;;513.096;1;1
796;1;52.0312;29.7;2.87788;40.2894;28.9;634;354.311;283.623;273;343;278.6;278.6;494.213;493.779;50;271.925;;;512.554;1;1
797;1;51.9329;29.7;2.89058;40.0839;29;597;354.933;283.587;273;343;278.6;278.6;494.213;493.634;50;271.964;;;511.758;1;1
798;1;51.8287;29.7;2.86668;40.2865;29;561;355.686;283.63;273;343;278.6;278.6;494.068;493.634;50;271.996;"CU-ETP      ";;511.064;1;1
799;1;51.8287;29.7;2.86668;40.2894;29.1;523;356.351;283.637;273;343;278.6;278.6;494.068;493.49;50;272.015;;;510.043;1;1
800;1;51.8287;29.8;3.14611;40.1852;29.1;500;357.321;283.637;273;343;278.6;278.6;494.068;493.634;50;272.024;;;509.406;1;1
801;1;52.1325;29.8;3.23742;40.0839;29.2;459;357.755;283.579;273;343;278.6;278.6;494.213;493.49;50;272.007;;;507.854;1;1
802;1;52.0312;29.8;3.19478;40.0839;29.2;424;358.709;283.615;273;343;278.6;278.6;494.213;493.634;50;271.974;;;507.626;1;1
803;1;51.9473;29.9;3.52417;40.2865;29.3;397;358.999;283.623;273;343;278.6;278.6;494.213;493.779;50;271.955;;;506.646;1;1
804;1;51.8258;29.9;3.51592;40.2865;29.3;375;360.171;283.623;273;343;278.6;278.6;494.358;493.924;50;271.949;;;506.058;1;1
805;1;52.0312;30;3.84677;40.0839;29.4;358;360.46;283.637;273;343;278.6;278.6;494.502;493.924;50;271.94;;;504.914;1;1
806;1;51.8287;30;3.81366;40.1852;29.4;345;360.764;283.594;273;343;278.6;278.6;494.502;493.924;50;271.93;;;504.05;1;1
807;1;51.9821;30.1;4.10523;40.0839;29.4;330;361.183;283.601;273;343;278.6;278.6;494.502;493.779;50;271.927;;;503.616;1;1
808;1;52.1325;30.1;4.22641;40.0839;29.5;321;361.473;283.608;273;343;278.6;278.6;494.213;493.634;50;271.924;;;502.443;1;1
809;1;52.338;30.2;4.54356;40.0839;29.5;307;361.473;283.615;273;343;278.6;278.6;494.213;493.779;50;271.909;;;501.271;1;1
810;1;52.2367;30.2;4.51649;40.3906;29.6;297;362.225;283.615;273;343;278.6;278.6;494.213;493.634;50;271.897;;;501.271;1;1
811;1;52.0312;30.3;4.83381;40.4919;29.6;286;362.225;283.615;273;343;278.6;278.6;494.358;493.779;50;271.897;;;500.586;1;1
812;1;52.0341;30.3;4.85228;40.2894;29.6;279;361.907;283.608;273;343;278.6;278.6;494.358;493.924;50;271.906;;;499.611;1;1
813;1;51.9647;30.4;5.18046;40.0839;29.6;278;361.921;283.615;273;343;278.6;278.6;494.502;493.924;50;271.922;;;498.633;1;1
814;1;52.1325;30.4;5.23361;39.8814;29.7;284;361.921;283.775;273;343;278.6;278.6;494.647;494.068;50;271.939;;;498.243;1;1
815;1;52.3409;30.4;5.25453;40.1852;29.7;286;361.502;283.775;273;343;278.6;278.6;494.647;493.924;50;271.957;;;496.88;1;1
816;1;52.4392;30.5;5.60211;40.3906;29.7;286;361.473;283.76;273;343;278.6;278.6;494.502;493.779;50;271.974;;;496.102;1;1
817;1;52.4595;30.5;5.56762;40.3646;29.7;288;361.473;283.76;273;343;278.6;278.6;494.502;493.924;50;271.988;;;495.519;1;1
818;1;52.4363;30.5;5.56517;40.2865;29.7;292;361.082;283.76;273;343;278.6;278.6;494.502;493.779;50;271.993;;;495.302;1;1
819;1;52.4392;30.6;5.95814;40.3762;29.7;297;361.024;283.717;273;343;278.6;278.6;494.358;493.924;50;271.978;;;493.549;1;1
820;1;52.3409;30.6;5.89211;40.1852;29.7;296;360.46;283.724;273;343;278.6;278.6;494.502;493.779;50;271.947;;;492.571;1;1
821;1;52.2309;30.6;5.84321;40.2894;29.7;305;360.46;283.999;273;343;278.6;278.6;494.502;493.779;50;271.927;;;492.183;1;1
822;1;52.2483;30.6;5.89994;40.3906;29.7;313;360.446;283.724;273;343;278.6;278.6;494.502;493.779;50;271.907;;;491.159;1;1
823;1;52.1354;30.7;6.24116;40.4919;29.7;314;360.012;283.731;273;343;278.6;278.6;494.358;493.779;50;271.884;;;490.384;1;1
824;1;52.2367;30.7;6.25328;40.4919;29.7;324;359.433;283.724;273;343;278.6;278.6;494.358;493.779;50;271.853;;;490.083;1;1
825;1;52.2396;30.7;6.23538;40.3906;29.7;343;359.404;283.977;273;343;278.6;278.6;494.358;493.779;50;271.823;;;489.442;1;1
826;1;52.2164;30.7;6.30558;40.1881;29.7;355;358.811;283.717;273;343;278.6;278.6;494.502;493.924;50;271.799;;;488.618;1;1
827;1;52.1354;30.7;6.27759;39.9421;29.7;355;358.406;283.695;273;343;278.6;278.6;494.502;493.924;50;271.805;;;487.458;1;1
828;1;51.8287;30.7;6.20444;39.8814;29.7;367;358.406;283.695;273;343;278.6;278.6;494.502;493.779;50;271.807;;;486.299;1;1
829;1;52.1354;30.7;6.25937;39.9826;29.6;389;357.784;283.709;273;343;278.6;278.6;494.502;493.924;50;271.805;"CU-ETP      ";;484.977;1;1
830;1;52.5405;30.7;6.38143;40.0839;29.6;402;357.812;284.122;273;343;278.6;278.6;494.647;494.068;50;271.806;;;484.784;1;1
831;1;52.3351;30.7;6.35648;40.1852;29.6;423;357.364;284.129;273;343;278.6;278.6;494.647;493.924;50;271.82;;;484.734;1;1
832;1;52.2367;30.7;6.34453;40.1852;29.6;425;357.393;284.136;273;343;278.6;278.6;494.647;493.924;50;271.84;;;484.348;1;1
833;1;52.1325;30.8;6.6676;40.1852;29.6;430;356.771;284.115;273;343;278.6;278.6;494.502;493.924;50;271.839;;;482.162;1;1
834;1;52.338;30.8;6.69388;40.2894;29.6;438;356.742;284.107;273;343;278.6;278.6;494.502;494.068;50;271.819;;;481.311;1;1
835;1;52.1383;30.8;6.68656;40.2865;29.6;440;356.727;284.107;273;343;278.6;278.6;494.502;493.924;50;271.831;;;481.216;1;1
836;1;52.1354;30.8;6.72264;40.1881;29.6;445;356.742;284.115;273;343;278.6;278.6;494.502;493.924;50;271.859;;;480.005;1;1
837;1;52.4392;30.8;6.72515;40.0231;29.6;452;356.698;284.122;273;343;278.6;278.6;494.502;493.924;50;271.898;;;478.469;1;1
838;1;52.338;30.8;6.73047;39.7917;29.6;446;356.713;284.129;273;343;278.6;278.6;494.647;494.068;50;271.981;;;478.277;1;1
839;1;52.2367;30.8;6.71745;39.7801;29.6;446;356.67;284.129;273;343;278.6;278.6;494.647;494.068;50;272.091;;;477.126;1;1
840;1;52.1528;30.8;6.72488;39.8814;29.6;445;356.727;284.107;273;343;278.6;278.6;494.647;494.068;50;272.154;;;476.551;1;1
841;1;52.1701;30.8;6.81824;40.0868;29.6;433;356.771;284.107;273;343;278.6;278.6;494.647;494.068;50;272.185;;;475.56;1;1
842;1;52.1354;30.8;6.85013;39.8814;29.7;420;356.713;284.23;273;343;278.6;278.6;494.647;494.068;50;272.196;;;474.794;1;1
843;1;52.1325;30.8;6.81332;39.6759;29.7;402;356.698;284.238;273;343;278.6;278.6;494.647;493.924;50;272.188;;;474.22;1;1
844;1;51.7332;30.8;6.81538;39.7772;29.7;400;356.698;284.245;273;343;278.6;278.6;494.502;493.924;50;272.183;;;474.029;1;1
845;1;51.93;30.8;6.82313;39.8814;29.7;377;357.393;284.462;273;343;278.6;278.6;494.502;493.924;50;272.182;;;473.047;1;1
846;1;52.1325;30.8;6.84975;40.2286;29.7;382;357.364;284.238;273;343;278.6;278.6;494.502;493.924;50;272.187;;;471.769;1;1
847;1;52.5405;30.8;6.94009;40.2778;29.7;363;357.378;284.216;273;343;278.6;278.6;494.502;493.779;50;272.205;;;470.973;1;1
848;1;52.636;30.8;6.93431;40.1534;29.7;355;357.393;284.223;273;343;278.6;278.6;494.502;493.779;50;272.214;;;470.782;1;1
849;1;52.4392;30.8;6.94503;40.3906;29.8;347;357.378;284.23;273;343;278.6;278.6;494.502;493.924;50;272.17;;;469.48;1;1
850;1;52.338;30.8;6.96818;40.1852;29.8;345;357.378;284.23;273;343;278.6;278.6;494.502;493.924;50;272.123;;;468.146;1;1
851;1;52.338;30.8;6.98647;40.1128;29.8;345;357.378;284.238;273;343;278.6;278.6;494.647;493.924;50;272.111;;;467.385;1;1
852;1;52.338;30.8;6.93162;40.0839;29.8;346;357.364;284.245;273;343;278.6;278.6;494.502;493.779;50;272.126;;;467.385;1;1
853;1;52.1412;30.8;6.97842;40.0839;29.8;346;357.378;284.252;273;343;278.6;278.6;494.647;493.779;50;272.144;;;465.879;1;1
854;1;52.1325;30.8;6.99547;40.2894;29.9;346;357.407;284.426;273;343;278.6;278.6;494.502;493.779;50;272.173;;;464.934;1;1
855;1;52.0312;30.8;6.9637;40.5874;29.9;345;357.407;284.418;273;343;278.6;278.6;494.502;493.924;50;272.22;;;464.554;1;1
856;1;52.1354;30.8;7.03231;40.3906;29.9;345;356.698;284.223;273;343;278.6;278.6;494.502;493.924;50;272.273;;;463.834;1;1
857;1;52.2367;30.9;7.41887;40.0839;29.9;345;357.176;284.404;273;343;278.6;278.6;494.647;493.779;50;272.312;"CU-ETP      ";;462.885;1;1
858;1;52.338;30.9;7.43325;40.1881;29.9;346;357.161;284.397;273;343;278.6;278.6;494.647;493.924;50;272.351;"CU-ETP      ";;462.11;1;1
859;1;52.4392;30.9;7.46595;40.2865;29.9;337;357.176;284.397;273;343;278.6;278.6;494.647;493.924;50;272.391;;;461.352;1;1
860;1;52.1412;30.9;7.47817;40.3183;29.9;333;357.19;284.426;273;343;278.6;278.6;494.647;493.924;50;272.426;;;460.405;1;1
861;1;52.1701;30.9;7.50054;40.2865;29.9;333;356.366;284.418;273;343;278.6;278.6;494.647;493.924;50;272.457;"CU-ETP      ";;459.897;1;1
862;1;52.2135;30.9;7.50678;39.9826;29.9;334;356.366;284.404;273;343;278.6;278.6;494.792;494.068;50;272.476;;;458.763;1;1
863;1;51.93;30.9;7.48415;40.0839;29.9;325;356.351;284.389;273;343;278.6;278.6;494.647;494.068;50;272.49;;;458.385;1;1
864;1;52.1325;30.9;7.5498;40.1852;29.9;319;356.12;284.389;273;343;278.6;278.6;494.647;494.068;50;272.493;;;457.36;1;1
865;1;52.5405;30.9;7.62723;40.0839;30;313;355.57;284.65;273;343;278.6;278.6;494.792;494.068;50;272.494;;;456.982;1;1
866;1;52.6447;30.9;7.69753;39.9826;30;325;356.149;284.628;273;343;278.6;278.6;494.792;494.068;50;272.491;;;456.113;1;1
867;1;52.3409;30.9;7.68967;39.8814;30;324;355.367;284.635;273;343;278.6;278.6;494.792;494.068;50;272.486;;;454.274;1;1
868;1;52.1325;30.9;7.65907;39.7888;30;309;355.367;284.643;273;343;278.6;278.6;494.792;494.213;50;272.476;;;453.77;1;1
869;1;52.6418;30.9;7.77069;39.8814;30;319;354.543;284.635;273;343;278.6;278.6;494.792;494.068;50;272.468;;;453.394;1;1
870;1;52.4161;30.9;7.77399;39.7801;30;320;354.543;284.592;273;343;278.6;278.6;494.792;494.068;50;272.451;;;451.901;1;1
871;1;52.3553;30.9;7.76498;39.8814;30;328;354.297;284.621;273;343;278.6;278.6;494.792;494.068;50;272.417;;;451.613;1;1
872;1;52.4392;30.9;7.77743;39.9826;30;341;354.282;284.628;273;343;278.6;278.6;494.792;494.068;50;272.436;;;450.922;1;1
873;1;52.338;30.9;7.79898;40.0839;30;353;354.08;284.635;273;343;278.6;278.6;494.792;494.068;50;272.465;;;450.922;1;1
874;1;52.3061;30.9;7.84905;39.9826;30;356;354.109;284.643;273;343;278.6;278.6;494.792;494.068;50;272.49;;;449.719;1;1
875;1;52.1325;30.9;7.84121;39.9826;30;374;354.109;284.635;273;343;278.6;278.6;494.792;494.068;50;272.513;;;448.128;1;1
876;1;52.1354;30.9;7.84165;40.0839;30;377;353.313;284.614;273;343;278.6;278.6;494.792;494.068;50;272.523;;;447.379;1;1
877;1;52.1528;30.9;7.91716;39.8872;30;375;353.284;284.809;273;343;278.6;278.6;494.647;493.924;50;272.531;;;446.531;1;1
878;1;52.1325;31;8.2134;39.8814;30;378;353.053;284.874;273;343;278.6;278.6;494.647;493.924;50;272.54;;;445.076;1;1
879;1;52.338;30.9;7.94527;39.8814;30;375;352.445;284.867;273;343;278.6;278.6;494.792;494.068;50;272.547;;;444.695;1;1
880;1;52.6418;30.9;8.00978;39.6788;30;375;352.488;284.867;273;343;278.6;278.6;494.792;494.068;50;272.563;;;444.179;1;1
881;1;52.5405;31;8.35109;39.8814;30;376;353.009;284.816;273;343;278.6;278.6;494.936;494.213;50;272.578;;;443.575;1;1
882;1;52.4074;31;8.38486;39.9826;30;389;352.286;284.816;273;343;278.6;278.6;494.936;494.358;50;272.586;;;442.862;1;1
883;1;52.4392;31;8.38995;40.0839;30;376;352.271;284.881;273;343;278.6;278.6;494.936;494.358;50;272.596;;;441.929;1;1
884;1;52.2338;31;8.3936;39.8814;30;389;352.271;284.816;273;343;278.6;278.6;494.936;494.358;50;272.621;;;440.996;1;1
885;1;52.1181;31;8.41142;39.9826;30;391;352.242;284.766;273;343;278.6;278.6;494.792;494.213;50;272.657;;;440.624;1;1
886;1;51.93;31;8.38106;39.7801;30.1;387;352.228;284.766;273;343;278.6;278.6;494.792;494.358;50;272.708;;;439.693;1;1
887;1;52.228;31;8.50214;39.7801;30.1;381;352.228;284.802;273;343;278.6;278.6;494.792;494.213;50;272.8;;;438.204;1;1
888;1;52.3785;31;8.50834;40.0839;30.1;374;352.286;284.925;273;343;278.6;278.6;494.792;494.213;50;272.893;;;437.832;1;1
889;1;52.338;31;8.55663;40.1852;30.1;362;352.271;284.91;273;343;278.6;278.6;494.792;494.358;50;272.966;;;437.274;1;1
890;1;52.1325;31;8.52305;40.081;30.1;357;352.271;284.91;273;343;278.6;278.6;494.936;494.358;50;273.042;;;436.233;1;1
891;1;52.2367;31;8.5218;40.1244;30.1;345;352.257;284.903;273;343;278.6;278.6;494.792;494.358;50;273.118;;;435.12;1;1
892;1;52.5434;31;8.64529;39.6759;30.1;327;352.228;284.874;273;343;278.6;278.6;494.936;494.213;50;273.191;"CU-ETP      ";;434.192;1;1
893;1;52.2367;31;8.63132;39.6788;30.1;309;352.228;284.881;273;343;278.6;278.6;494.936;494.213;50;273.251;;;434.007;1;1
894;1;52.2338;31;8.63084;39.6788;30.1;295;352.271;284.881;273;343;278.6;278.6;494.936;494.358;50;273.299;;;432.525;1;1
895;1;52.4392;31;8.71974;39.6759;30.1;277;352.286;284.889;273;343;278.6;278.6;495.081;494.358;50;273.333;;;431.935;1;1
896;1;52.338;31;8.7029;39.5747;30.2;261;351.461;284.91;273;343;278.6;278.6;494.936;494.358;50;273.346;;;431.75;1;1
897;1;52.092;31;8.68023;39.566;30.2;254;351.447;284.918;273;343;278.6;278.6;494.936;494.213;50;273.346;"            ";;430.456;1;1
898;1;51.93;31;8.68951;39.5747;30.2;246;351.432;284.903;273;343;278.6;278.6;494.936;494.213;50;273.347;"CU-ETP      ";;429.153;1;1
899;1;52.338;31;8.79435;39.7801;30.2;230;351.432;285.149;273;343;278.6;278.6;494.936;494.068;50;273.35;;;428.442;1;1
900;1;52.338;31;8.75778;39.9826;30.2;221;351.432;285.127;273;343;278.6;278.6;494.936;494.213;50;273.372;;;427.705;1;1
901;1;52.1325;31;8.79625;40.3906;30.2;218;351.172;285.135;273;343;278.6;278.6;494.792;494.213;50;273.418;;;427.243;1;1
902;1;52.4855;31;8.91085;40.3212;30.2;217;351.23;285.142;273;343;278.6;278.6;494.936;494.213;50;273.479;;;426.322;1;1
903;1;52.4392;31;8.90298;39.9797;30.2;217;351.027;285.156;273;343;278.6;278.6;494.936;494.213;50;273.518;;;425.935;1;1
904;1;52.5376;31.1;9.29474;39.8814;30.2;212;350.998;285.163;273;343;278.6;278.6;494.936;494.213;50;273.521;"CU-ETP      ";;425.041;1;1
905;1;52.338;31.1;9.25942;39.8814;30.2;204;350.203;285.149;273;343;278.6;278.6;495.081;494.358;50;273.497;"CU-ETP      ";;424.122;1;1
906;1;52.0949;31.1;9.18002;39.8814;30.2;209;349.913;285.127;273;343;278.6;278.6;495.081;494.358;50;273.464;;;423.203;1;1
907;1;52.3148;31.1;9.2736;39.8814;30.2;223;349.117;285.135;273;343;278.6;278.6;495.226;494.358;50;273.432;;;422.468;1;1
908;1;52.5434;31.1;9.33247;39.8814;30.2;230;349.132;285.142;273;343;278.6;278.6;495.081;494.358;50;273.394;"CU-ETP      ";;422.066;1;1
909;1;52.7141;31.1;9.43645;39.8814;30.2;236;348.944;285.149;273;343;278.6;278.6;495.081;494.502;50;273.347;;;421.538;1;1
910;1;52.338;31.1;9.38743;39.9855;30.2;242;348.206;285.156;273;343;278.6;278.6;495.226;494.647;50;273.303;;;420.438;1;1
911;1;52.1354;31.1;9.31465;40.1013;30.2;251;347.859;285.156;273;343;278.6;278.6;495.37;494.647;50;273.26;;;419.284;1;1
912;1;52.2338;31.1;9.40524;40.0839;30.2;263;347.092;285.503;273;343;278.6;278.6;495.37;494.647;50;273.222;;;418.918;1;1
913;1;52.1383;31.1;9.40626;40.1852;30.2;297;346.788;285.525;273;343;278.6;278.6;495.226;494.502;50;273.19;;;418.121;1;1
914;1;52.3669;31.1;9.4475;40.1852;30.2;316;346.065;285.525;273;343;278.6;278.6;495.226;494.647;50;273.16;;;416.111;1;1
915;1;52.2367;31.1;9.44226;39.8814;30.2;345;346.05;285.511;273;343;278.6;278.6;495.081;494.502;50;273.141;;;415.746;1;1
916;1;52.4392;31.1;9.5155;39.8814;30.2;345;345.775;285.518;273;343;278.6;278.6;495.081;494.502;50;273.127;;;415.381;1;1
917;1;52.338;31;9.17835;39.8814;30.2;371;345.819;285.554;273;343;278.6;278.6;495.081;494.502;50;273.124;;;414.065;1;1
918;1;52.2367;31;9.17884;39.9826;30.2;403;345.081;285.554;273;343;278.6;278.6;495.081;494.502;50;273.125;;;413.518;1;1
919;1;52.2367;31;9.16059;40.1881;30.2;419;345.052;285.525;273;343;278.6;278.6;495.081;494.502;50;273.128;;;412.969;1;1
920;1;52.338;31;9.23323;40.0839;30.2;431;345.095;285.489;273;343;278.6;278.6;495.226;494.502;50;273.155;;;410.888;1;1
921;1;52.3351;31;9.17785;40.0839;30.2;433;344.994;285.482;273;343;278.6;278.6;495.226;494.502;50;273.218;;;410.56;1;1
922;1;52.2367;31;9.23361;40.1678;30.2;439;345.009;285.532;273;343;278.6;278.6;495.37;494.502;50;273.295;;;409.833;1;1
923;1;52.2627;31;9.25647;39.9826;30.2;437;345.095;285.54;273;343;278.6;278.6;495.226;494.502;50;273.377;;;409.47;1;1
924;1;52.2367;31;9.23361;39.9826;30.2;438;345.095;285.525;273;343;278.6;278.6;495.081;494.358;50;273.489;;;408.289;1;1
925;1;52.2338;31;9.32434;39.8814;30.2;436;345.052;285.525;273;343;278.6;278.6;494.936;494.502;50;273.618;;;407.745;1;1
926;1;52.1325;31;9.23341;39.7801;30.2;424;345.023;285.561;273;343;278.6;278.6;495.081;494.358;50;273.704;;;407.382;1;1
927;1;52.1296;31;9.26932;40.0839;30.2;403;345.689;285.569;273;343;278.6;278.6;494.936;494.358;50;273.784;;;406.283;1;1
928;1;52.338;31;9.34293;40.2431;30.2;389;345.718;285.496;273;343;278.6;278.6;495.226;494.502;50;273.832;;;405.216;1;1
929;1;51.93;31;9.2701;40.1128;30.2;364;345.804;285.547;273;343;278.6;278.6;495.081;494.358;50;273.866;;;404.752;1;1
930;1;51.7274;31;9.25202;40.1881;30.2;341;346.166;285.641;273;343;278.6;278.6;495.226;494.502;50;273.89;;;403.848;1;1
931;1;51.9329;31;9.25248;40.0839;30.2;307;346.137;285.663;273;343;278.6;278.6;495.37;494.502;50;273.905;;;402.584;1;1
932;1;52.1325;31;9.30626;40.0839;30.3;288;346.311;285.699;273;343;278.6;278.6;495.226;494.502;50;273.916;;;402.043;1;1
933;1;52.3409;31;9.39833;39.9826;30.3;273;346.296;285.684;273;343;278.6;278.6;495.226;494.502;50;273.906;;;401.104;1;1
934;1;52.1325;31;9.37913;40.1881;30.3;253;346.817;285.641;273;343;278.6;278.6;495.226;494.502;50;273.875;;;400.372;1;1
935;1;52.2338;31;9.39735;40.1852;30.3;244;346.354;285.67;273;343;278.6;278.6;495.226;494.647;50;273.731;;;399.906;1;1
936;1;52.0168;31;9.35831;40.055;30.4;227;346.427;285.677;273;343;278.6;278.6;495.226;494.647;50;273.62;;;399.248;1;1
937;1;52.1325;31;9.39734;39.8785;30.4;218;347.121;285.692;273;343;278.6;278.6;495.37;494.647;50;273.576;;;397.894;1;1
938;1;52.2859;31;9.44325;39.8814;30.4;229;346.369;285.699;273;343;278.6;278.6;495.37;494.647;50;273.552;;;397.534;1;1
939;1;52.5405;31;9.45253;39.9826;30.4;229;346.369;285.677;273;343;278.6;278.6;495.37;494.647;50;273.536;;;396.456;1;1
940;1;52.2338;31.1;9.73374;39.809;30.4;253;346.354;285.655;273;343;278.6;278.6;495.37;494.647;50;273.532;;;395.734;1;1
941;1;52.1354;31.1;9.69719;39.8785;30.5;265;346.325;285.67;273;343;278.6;278.6;495.37;494.647;50;273.54;"CU-ETP      ";;394.936;1;1
942;1;52.338;31.1;9.808;40.1852;30.5;262;346.05;285.677;273;343;278.6;278.6;495.37;494.647;50;273.569;;;394.085;1;1
943;1;52.2338;31.1;9.75199;40.1852;30.5;266;346.123;285.641;273;343;278.6;278.6;495.37;494.647;50;273.62;;;392.836;1;1
944;1;52.1412;31.1;9.75292;40.0839;30.5;289;346.166;285.692;273;343;278.6;278.6;495.37;494.647;50;273.673;;;392.204;1;1
945;1;51.9271;31.1;9.76729;40.0839;30.5;293;345.399;285.692;273;343;278.6;278.6;495.37;494.647;50;273.73;;;391.31;1;1
946;1;52.1325;31.1;9.75129;39.9826;30.5;293;345.356;285.663;273;343;278.6;278.6;495.37;494.647;50;273.781;;;390.416;1;1
947;1;52.1354;31.1;9.77004;39.9826;30.5;294;345.023;285.959;273;343;278.6;278.6;495.226;494.647;50;273.828;;;390.022;1;1
948;1;52.0312;31.1;9.71417;40.2691;30.5;304;345.067;285.93;273;343;278.6;278.6;495.226;494.647;50;273.867;;;389.601;1;1
949;1;51.9502;31.1;9.75349;40.1852;30.5;304;345.095;285.966;273;343;278.6;278.6;495.37;494.647;50;273.905;;;388.887;1;1
950;1;51.93;31.1;9.73155;40.0839;30.5;297;344.907;285.966;273;343;278.6;278.6;495.226;494.647;50;273.929;;;387.761;1;1
951;1;51.9387;31.1;9.78761;40.3877;30.5;292;344.893;285.966;273;343;278.6;278.6;495.37;494.647;50;273.944;;;387.405;1;1
952;1;52.338;31.2;10.1633;40.1823;30.5;299;344.864;285.981;273;343;278.6;278.6;495.37;494.792;50;273.958;;;386.87;1;1
953;1;52.1383;31.2;10.1246;39.7801;30.5;284;344.054;285.952;273;343;278.6;278.6;495.37;494.792;50;273.97;;;385.172;1;1
954;1;51.7274;31.2;10.0448;39.6759;30.5;283;344.039;285.952;273;343;278.6;278.6;495.37;494.792;50;273.954;;;384.148;1;1
955;1;51.93;31.2;10.066;39.8814;30.5;282;343.996;285.938;273;343;278.6;278.6;495.37;494.792;50;273.939;;;383.97;1;1
956;1;52.2367;31.2;10.1437;39.8814;30.5;279;343.953;285.938;273;343;278.6;278.6;495.515;494.792;50;273.934;;;382.018;1;1
957;1;52.3466;31.2;10.1285;39.9855;30.5;279;343.909;285.93;273;343;278.6;278.6;495.515;494.792;50;273.922;;;381.663;1;1
958;1;52.2367;31.2;10.1437;40.0839;30.5;290;343.895;285.93;273;343;278.6;278.6;495.37;494.936;50;273.906;;;381.017;1;1
959;1;52.3351;31.2;10.1445;40.0839;30.5;285;343.866;285.938;273;343;278.6;278.6;495.515;494.936;50;273.919;;;379.862;1;1
960;1;51.9763;31.2;10.0205;40.0839;30.5;292;342.998;286.003;273;343;278.6;278.6;495.515;494.936;50;273.961;;;379.509;1;1
961;1;52.0689;31.2;10.1293;39.9826;30.5;294;342.969;285.988;273;343;278.6;278.6;495.515;494.936;50;273.998;;;378.448;1;1
962;1;52.338;31.2;10.1268;39.9826;30.5;301;342.998;285.88;273;343;278.6;278.6;495.37;494.792;50;274.026;;;377.312;1;1
963;1;52.3785;31.2;10.1712;39.7772;30.5;297;343.027;285.865;273;343;278.6;278.6;495.515;494.792;50;274.073;;;377.136;1;1
964;1;52.4392;31.2;10.1464;39.89;30.5;292;342.824;285.865;273;343;278.6;278.6;495.515;494.792;50;274.121;;;376.426;1;1
965;1;52.4392;31.2;10.1097;39.9855;30.5;284;342.882;285.894;273;343;278.6;278.6;495.515;494.936;50;274.147;;;375.368;1;1
966;1;52.5405;31.2;10.166;39.8814;30.5;285;342.39;285.995;273;343;278.6;278.6;495.66;494.936;50;274.146;;;374.236;1;1
967;1;52.5492;31.2;10.186;39.8814;30.6;287;342.766;285.901;273;343;278.6;278.6;495.66;494.936;50;274.151;;;374.06;1;1
968;1;52.39;31.2;10.1003;39.8814;30.6;279;342.795;285.923;273;343;278.6;278.6;495.66;494.936;50;274.156;;;373.708;1;1
969;1;52.1325;31.2;10.0506;39.9769;30.6;272;341.956;285.901;273;343;278.6;278.6;495.515;494.792;50;274.176;;;372.184;1;1
970;1;51.93;31.2;10.0478;39.8814;30.6;264;341.97;285.909;273;343;278.6;278.6;495.515;494.792;50;274.201;;;371.13;1;1
971;1;51.8287;31.2;9.97392;39.9826;30.6;273;342.086;285.872;273;343;278.6;278.6;495.37;494.647;50;274.217;;;371.13;1;1
972;1;52.2338;31.2;10.0519;40.081;30.6;275;342.072;285.872;273;343;278.6;278.6;495.226;494.647;50;274.234;;;369.364;1;1
973;1;52.7459;31.2;10.132;39.9826;30.6;270;342.028;285.88;273;343;278.6;278.6;495.37;494.792;50;274.281;;;368.599;1;1
974;1;52.2714;31.2;10.0409;39.9653;30.6;263;341.84;285.887;273;343;278.6;278.6;495.515;494.792;50;274.331;;;368.248;1;1
975;1;52.1325;31.2;10.0506;39.9826;30.6;257;341.71;285.887;273;343;278.6;278.6;495.515;494.647;50;274.352;;;366.799;1;1
976;1;51.93;31.2;9.92082;40.0839;30.6;258;341.71;285.887;273;343;278.6;278.6;495.37;494.792;50;274.342;;;366.094;1;1
977;1;51.8258;31.2;9.91903;40.1881;30.6;265;341.667;285.872;273;343;278.6;278.6;495.37;494.792;50;274.309;;;366.067;1;1
978;1;51.2182;31.2;9.82062;40.0839;30.6;251;340.972;285.858;273;343;278.6;278.6;495.515;494.792;50;274.265;;;364.332;1;1
979;1;51.1198;31.2;9.74819;39.8814;30.6;249;341.045;285.822;273;343;278.6;278.6;495.66;494.936;50;274.222;;;363.606;1;1
980;1;51.114;31.2;9.80065;39.6701;30.7;257;341.03;285.807;273;343;278.6;278.6;495.66;494.936;50;274.187;;;363.257;1;1
981;1;51.4236;31.2;9.84205;39.4734;30.7;259;341.001;285.815;273;343;278.6;278.6;495.66;495.081;50;274.154;;;361.764;1;1
982;1;50.9115;31.2;9.70846;39.4734;30.7;266;340.596;285.836;273;343;278.6;278.6;495.66;495.081;50;274.136;;;361.242;1;1
983;1;51.1024;31.2;9.72702;39.1696;30.7;287;340.654;285.843;273;343;278.6;278.6;495.66;494.936;50;274.146;;;361.068;1;1
984;1;50.952;31.2;9.69838;39.3721;30.7;288;340.596;285.865;273;343;278.6;278.6;495.66;495.081;50;274.184;;;359.811;1;1
985;1;50.9491;31.2;9.66224;39.4734;30.7;300;339.931;285.843;273;343;278.6;278.6;495.66;495.226;50;274.211;;;358.867;1;1
986;1;51.4236;31.2;9.73426;39.3721;30.7;302;340.032;285.851;273;343;278.6;278.6;495.66;495.081;50;274.229;;;358.52;1;1
987;1;51.2442;31.2;9.61077;39.3721;30.7;306;340.003;285.822;273;343;278.6;278.6;495.66;495.081;50;274.183;;;357.818;1;1
988;1;50.8102;31.2;9.61814;39.5747;30.7;307;339.959;285.829;273;343;278.6;278.6;495.66;494.936;50;274.137;;;356.951;1;1
989;1;51.114;31.2;9.6578;39.5602;30.7;308;339.916;285.822;273;343;278.6;278.6;495.66;495.081;50;274.067;;;355.631;1;1
990;1;51.114;31.2;9.63992;39.4734;30.7;314;339.569;285.822;273;343;278.6;278.6;495.66;494.936;50;274.032;;;355.458;1;1
991;1;51.2182;31.2;9.65957;39.3721;30.7;315;339.569;285.829;273;343;278.6;278.6;495.66;494.936;50;274.036;;;354.074;1;1
992;1;51.4207;31.2;9.66184;39.3721;30.7;330;339.251;285.938;273;343;278.6;278.6;495.66;495.226;50;274.036;;;353.729;1;1
993;1;51.2153;31.2;9.58745;39.3721;30.7;346;339.28;285.923;273;343;278.6;278.6;495.66;495.081;50;274.035;;;353.383;1;1
994;1;51.1748;31.2;9.54412;39.2708;30.7;353;339.308;285.938;273;343;278.6;278.6;495.804;495.226;50;274.031;;;351.95;1;1
995;1;51.0127;31.2;9.49608;39.2708;30.7;354;339.627;285.793;273;343;278.6;278.6;495.949;495.37;50;274.034;;;351.168;1;1
996;1;51.1111;31.2;9.4608;39.0625;30.8;356;339.251;285.916;273;343;278.6;278.6;495.949;495.37;50;274.048;;;350.823;1;1
997;1;51.0156;31.2;9.44312;39.077;30.8;356;339.945;285.923;273;343;278.6;278.6;495.949;495.37;50;274.081;;;349.127;1;1
998;1;50.9549;31.2;9.41408;39.2708;30.8;350;339.902;285.916;273;343;278.6;278.6;495.804;495.226;50;274.127;;;348.439;1;1
999;1;50.9115;31.3;9.68057;39.2708;30.8;346;339.887;285.93;273;343;278.6;278.6;495.804;495.226;50;274.188;;;348.267;1;1
1000;1;51.1111;31.3;9.70067;39.3721;30.8;345;340.017;285.923;273;343;278.6;278.6;495.949;495.081;50;274.271;;;346.469;1;1
1001;1;50.8073;31.3;9.66076;39.5747;30.8;341;340.336;285.952;273;343;278.6;278.6;495.949;495.226;50;274.365;;;345.954;1;1
1002;1;51.0127;31.3;9.64636;39.4734;30.8;333;340.249;285.938;273;343;278.6;278.6;495.949;495.515;50;274.502;;;345.888;1;1
1003;1;51.114;31.3;9.62977;39.5747;30.8;317;340.234;285.923;273;343;278.6;278.6;495.949;495.226;50;274.653;;;344.22;1;1
1004;1;50.8102;31.3;9.57253;39.4734;30.8;292;340.987;285.88;273;343;278.6;278.6;495.949;495.37;50;274.791;"CU-ETP      ";;343.828;1;1
1005;1;50.9115;31.3;9.55604;39.5747;30.9;268;340.958;285.909;273;343;278.6;278.6;495.949;495.37;50;274.901;;;343.486;1;1
1006;1;50.6047;31.3;9.42776;39.4734;30.9;244;341.059;285.793;273;343;278.6;278.6;495.949;495.37;50;274.973;;;341.48;1;1
1007;1;50.9143;31.3;9.46766;39.3866;30.9;209;341.377;285.93;273;343;278.6;278.6;496.094;495.37;50;275.007;;;341.057;1;1
1008;1;51.1806;31.3;9.49925;39.3721;30.9;179;341.348;285.923;273;343;278.6;278.6;495.949;495.37;50;275.017;;;340.656;1;1
1009;1;50.9115;31.3;9.37817;39.3721;30.9;148;341.319;285.93;273;343;278.6;278.6;496.094;495.37;50;275.007;;;338.947;1;1
1010;1;51.0127;31.3;9.39682;39.4734;30.9;120;341.291;285.945;273;343;278.6;278.6;495.949;495.226;50;274.967;;;338.606;1;1
1011;1;51.114;31.4;9.69108;39.3721;31;102;341.291;285.945;273;343;278.6;278.6;495.949;495.37;50;274.902;;;337.835;1;1
1012;1;51.0156;31.4;9.65461;39.5775;31;90;341.305;285.974;273;343;278.6;278.6;495.804;495.226;50;274.831;;;336.474;1;1
1013;1;51.0243;31.4;9.60275;39.6759;31;78;340.987;285.945;273;343;278.6;278.6;495.804;495.226;50;274.774;;;336.304;1;1
1014;1;50.9172;31.4;9.56482;39.6759;31;77;340.958;285.945;273;343;278.6;278.6;495.804;495.226;50;274.732;;;335.567;1;1
1015;1;50.9115;31.4;9.56373;39.5775;31;84;340.394;285.974;273;343;278.6;278.6;495.804;495.226;50;274.7;;;334.492;1;1
1016;1;51.114;31.4;9.53035;39.3721;31;90;340.394;285.966;273;343;278.6;278.6;495.66;495.081;50;274.669;;;333.983;1;1
1017;1;51.0127;31.4;9.51147;39.4734;31;100;340.017;285.974;273;343;278.6;278.6;495.804;495.081;50;274.627;;;333.474;1;1
1018;1;50.9664;31.5;9.79543;39.4705;31;121;339.352;285.981;273;343;278.6;278.6;495.804;495.226;50;274.588;;;332.288;1;1
1019;1;51.088;31.5;9.76525;39.3866;31;144;338.976;286.01;273;343;278.6;278.6;495.804;495.226;50;274.55;;;331.924;1;1
1020;1;50.9115;31.5;9.73151;39.2708;31;161;338.31;286.024;273;343;278.6;278.6;495.804;495.226;50;274.503;;;331.001;1;1
1021;1;50.6366;31.5;9.59052;39.2622;31;180;337.833;286.01;273;343;278.6;278.6;495.949;495.226;50;274.471;;;330.242;1;1
1022;1;50.6337;31.5;9.53688;39.2708;31;213;337.283;285.981;273;343;278.6;278.6;495.804;495.226;50;274.449;;;329.398;1;1
1023;1;50.7089;31.5;9.55105;39.3721;31;240;337.008;285.988;273;343;278.6;278.6;495.949;495.226;50;274.425;;;328.419;1;1
1024;1;50.8102;31.5;9.49913;39.2622;31;266;336.415;285.995;273;343;278.6;278.6;495.949;495.226;50;274.401;;;327.914;1;1
1025;1;51.114;31.5;9.57378;39.1696;31;294;335.894;286.169;273;343;278.6;278.6;495.949;495.37;50;274.375;;;326.4;1;1
1026;1;50.8652;31.5;9.52717;39.1696;31;319;335.33;286.176;273;343;278.6;278.6;495.949;495.37;50;274.345;;;326.021;1;1
1027;1;50.7089;31.5;9.3916;39.3721;30.9;341;334.867;286.183;273;343;278.6;278.6;496.094;495.37;50;274.3;;;325.441;1;1
1028;1;50.9115;31.5;9.46468;39.3721;30.9;355;334.823;286.017;273;343;278.6;278.6;495.949;495.226;50;274.202;;;324.432;1;1
1029;1;51.2211;31.5;9.46856;39.0654;30.9;371;334.274;286.017;273;343;278.6;278.6;496.094;495.226;50;274.059;;;323.602;1;1
1030;1;51.0156;31.4;9.06639;39.2679;30.9;389;334.346;286.024;273;343;278.6;278.6;496.094;495.37;50;273.956;;;322.596;1;1
1031;1;51.0127;31.4;9.06588;39.4763;30.9;410;334.476;286.024;273;343;278.6;278.6;495.949;495.37;50;273.898;;;322.26;1;1
1032;1;51.0127;31.4;9.06588;39.1667;30.9;441;334.693;285.909;273;343;278.6;278.6;496.094;495.37;50;273.862;;;321.255;1;1
1033;1;51.0098;31.4;9.01191;39.0654;30.9;465;334.65;285.916;273;343;278.6;278.6;495.949;495.37;50;273.845;;;320.171;1;1
1034;1;51.114;31.4;9.03031;39.1696;30.9;480;334.592;285.966;273;343;278.6;278.6;495.949;495.37;50;273.837;;;319.677;1;1
1035;1;50.9086;31.4;8.94064;39.2708;30.9;493;334.433;286.068;273;343;278.6;278.6;495.804;495.37;50;273.832;;;318.969;1;1
1036;1;50.7089;31.4;8.92329;39.2737;30.9;507;334.751;285.815;273;343;278.6;278.6;495.804;495.226;50;273.815;;;318.182;1;1
1037;1;50.6076;31.4;8.88779;39.4763;30.9;514;334.823;285.843;273;343;278.6;278.6;495.949;495.226;50;273.804;;;316.938;1;1
1038;1;50.6858;31.4;8.90151;39.5747;30.9;517;335.706;285.916;273;343;278.6;278.6;495.804;495.226;50;273.792;;;316.567;1;1
1039;1;50.6076;31.4;8.85243;39.4936;30.9;516;335.923;285.843;273;343;278.6;278.6;495.804;495.226;50;273.756;;;315.696;1;1
1040;1;50.5093;31.4;8.79993;39.4734;30.9;505;336.111;285.843;273;343;278.6;278.6;495.66;495.081;50;273.707;;;314.863;1;1
1041;1;50.6047;31.4;8.83424;39.4734;30.9;504;336.863;285.851;273;343;278.6;278.6;495.804;495.226;50;273.668;;;314.364;1;1
1042;1;50.7697;31.4;8.86304;39.32;30.9;504;337.601;286.039;273;343;278.6;278.6;495.804;495.226;50;273.65;;;313.739;1;1
1043;1;51.114;31.4;8.86958;39.1667;31;484;338.079;285.836;273;343;278.6;278.6;495.949;495.226;50;273.648;;;312.166;1;1
1044;1;51.14;31.4;8.89196;39.1667;31;463;338.874;285.815;273;343;278.6;278.6;496.094;495.226;50;273.657;;;311.606;1;1
1045;1;50.8218;31.4;8.76558;39.1725;31;453;339.193;285.815;273;343;278.6;278.6;496.094;495.37;50;273.678;;;311.108;1;1
1046;1;51.0127;31.4;8.83416;39.1377;31.1;443;340.032;285.807;273;343;278.6;278.6;496.094;495.515;50;273.711;;;310.114;1;1
1047;1;51.114;31.5;9.12731;39.0596;31.1;429;341.016;285.815;273;343;278.6;278.6;496.094;495.515;50;273.749;;;309.186;1;1
1048;1;51.0127;31.5;9.07358;39.0654;31.1;424;341.233;285.807;273;343;278.6;278.6;496.094;495.515;50;273.789;;;308.194;1;1
1049;1;50.9867;31.5;9.08676;39.2593;31.1;407;341.985;285.807;273;343;278.6;278.6;496.094;495.37;50;273.824;;;307.23;1;1
1050;1;50.8102;31.5;9.07305;39.2708;31.2;374;342.983;285.8;273;343;278.6;278.6;495.949;495.226;50;273.857;;;306.243;1;1
1051;1;50.8681;31.6;9.39321;39.3721;31.2;350;343.229;285.786;273;343;278.6;278.6;495.949;495.226;50;273.885;;;305.824;1;1
1052;1;50.8102;31.6;9.36477;39.5747;31.3;323;344.126;286.032;273;343;278.6;278.6;495.949;495.37;50;273.918;"CU-ETP      ";;305;1;1
1053;1;51.114;31.6;9.40291;39.5689;31.3;288;344.734;285.634;273;343;278.6;278.6;495.949;495.37;50;273.947;;;304.543;1;1
1054;1;51.0127;31.7;9.74845;39.4734;31.3;267;345.11;285.626;273;343;278.6;278.6;495.949;495.37;50;273.97;;;303.555;1;1
1055;1;50.7089;31.7;9.61953;39.4734;31.3;242;345.616;285.677;273;343;278.6;278.6;495.949;495.37;50;273.991;;;302.569;1;1
1056;1;50.7118;31.7;9.60234;39.4734;31.4;229;346.079;285.677;273;343;278.6;278.6;496.094;495.37;50;274.015;;;301.747;1;1
1057;1;51.1169;31.8;10.0261;39.2708;31.4;209;346.05;285.655;273;343;278.6;278.6;495.949;495.37;50;274.041;;;300.763;1;1
1058;1;50.9462;31.8;9.99263;39.1985;31.4;191;346.455;285.634;273;343;278.6;278.6;495.949;495.37;50;274.068;;;300.236;1;1
1059;1;51.1574;31.8;10.0162;39.2708;31.5;173;346.513;285.648;273;343;278.6;278.6;496.094;495.37;50;274.09;;;299.691;1;1
1060;1;51.2182;31.9;10.34;39.3084;31.5;157;346.557;285.655;273;343;278.6;278.6;496.094;495.515;50;274.113;"CU-ETP      ";;298.218;1;1
1061;1;51.114;31.9;10.319;39.5747;31.5;151;346.528;285.663;273;343;278.6;278.6;495.949;495.515;50;274.134;;;297.564;1;1
1062;1;51.114;32;10.6482;39.5168;31.5;140;346.557;285.648;273;343;278.6;278.6;496.094;495.37;50;274.149;;;296.407;1;1
1063;1;51.0098;32;10.5908;39.4734;31.5;130;346.528;285.655;273;343;278.6;278.6;495.949;495.37;50;274.164;;;295.754;1;1
1064;1;50.9115;32;10.5526;39.4734;31.5;122;346.079;285.525;273;343;278.6;278.6;496.094;495.37;50;274.177;;;294.96;1;1
1065;1;50.842;32;10.4849;39.2708;31.5;123;346.05;285.532;273;343;278.6;278.6;496.094;495.37;50;274.19;;;293.982;1;1
1066;1;51.0127;32.1;10.8665;39.3721;31.5;124;345.616;285.518;273;343;278.6;278.6;495.949;495.37;50;274.203;;;293.103;1;1
1067;1;51.2211;32.1;10.893;39.4734;31.5;126;345.182;285.525;273;343;278.6;278.6;496.094;495.37;50;274.213;;;292.452;1;1
1068;1;51.0822;32.1;10.8991;39.3721;31.5;128;344.719;285.532;273;343;278.6;278.6;495.949;495.37;50;274.233;;;291.64;1;1
1069;1;51.0127;32.1;10.8308;39.3721;31.5;137;344.068;285.547;273;343;278.6;278.6;495.949;495.37;50;274.245;;;290.665;1;1
1070;1;50.9549;32.2;11.0933;39.4763;31.5;150;343.605;285.54;273;343;278.6;278.6;496.094;495.37;50;274.249;;;289.746;1;1
1071;1;50.8102;32.2;11.0795;39.2969;31.5;153;343.012;285.561;273;343;278.6;278.6;496.094;495.515;50;274.266;;;289.422;1;1
1072;1;51.2182;32.2;11.1327;39.2737;31.5;170;342.679;285.569;273;343;278.6;278.6;496.094;495.515;50;274.271;;;288.45;1;1
1073;1;51.1979;32.2;11.0925;39.2795;31.4;180;342.072;285.547;273;343;278.6;278.6;496.094;495.515;50;274.266;;;287.641;1;1
1074;1;51.1458;32.2;11.0813;39.3721;31.4;187;341.797;285.467;273;343;278.6;278.6;496.238;495.515;50;274.256;;;287.479;1;1
1075;1;51.114;32.2;11.0744;39.3721;31.4;194;340.987;285.438;273;343;278.6;278.6;496.383;495.66;50;274.233;;;286.166;1;1
1076;1;51.114;32.2;11.0208;39.1667;31.4;211;340.784;285.438;273;343;278.6;278.6;496.238;495.66;50;274.199;;;285.566;1;1
1077;1;50.9722;32.2;10.9724;39.3316;31.4;223;339.916;285.503;273;343;278.6;278.6;496.238;495.515;50;274.169;;;285.405;1;1
1078;1;50.7089;32.2;10.8626;39.1667;31.3;240;338.845;285.511;273;343;278.6;278.6;496.238;495.66;50;274.143;;;283.899;1;1
1079;1;51.195;32.2;11.0025;39.1696;31.3;255;338.845;285.467;273;343;278.6;278.6;496.238;495.66;50;274.118;;;283.185;1;1
1080;1;51.0938;32.2;10.9093;39.2679;31.3;284;338.802;285.453;273;343;278.6;278.6;496.238;495.66;50;274.096;;;282.058;1;1
1081;1;50.5324;32.2;10.8248;39.3721;31.3;292;337.992;285.496;273;343;278.6;278.6;496.238;495.66;50;274.074;;;281.094;1;1
1082;1;50.6684;32.2;10.8185;39.3721;31.2;319;337.688;285.467;273;343;278.6;278.6;496.238;495.66;50;273.994;;;280.773;1;1
1083;1;50.9259;32.2;10.8379;39.3721;31.2;332;336.863;285.366;273;343;278.6;278.6;496.383;495.66;50;273.917;;;279.489;1;1
1084;1;50.4398;32.2;10.6639;39.5457;31.2;351;336.82;285.46;273;343;278.6;278.6;496.238;495.515;50;273.868;;;279.329;1;1
1085;1;50.5064;32.2;10.6604;39.485;31.2;367;336.545;285.352;273;343;278.6;278.6;496.094;495.515;50;273.839;;;278.848;1;1
1086;1;50.9607;32.2;10.7206;39.4994;31.2;382;336.574;285.409;273;343;278.6;278.6;496.094;495.515;50;273.822;;;277.71;1;1
1087;1;50.6076;32.2;10.6817;39.4734;31.1;403;336.69;285.409;273;343;278.6;278.6;495.949;495.37;50;273.809;;;276.75;1;1
1088;1;50.7089;32.1;10.3588;39.2708;31.1;416;336.646;285.359;273;343;278.6;278.6;495.949;495.37;50;273.808;"CU-ETP      ";;276.111;1;1
1089;1;51.0041;32.1;10.3478;39.0654;31.1;426;336.617;285.323;273;343;278.6;278.6;495.949;495.226;50;273.807;;;275.153;1;1
1090;1;50.7292;32.1;10.2566;38.9641;31.1;439;336.574;285.359;273;343;278.6;278.6;495.949;495.37;50;273.813;;;274.207;1;1
1091;1;51.0127;32.1;10.2961;39.0509;31.1;452;336.516;285.373;273;343;278.6;278.6;495.949;495.37;50;273.828;;;273.728;1;1
1092;1;51.114;32.1;10.2273;39.1696;31.1;450;336.487;285.33;273;343;278.6;278.6;495.949;495.37;50;273.842;;;272.295;1;1
1093;1;51.0185;32.1;10.1547;39.1667;31.1;455;336.748;285.503;273;343;278.6;278.6;495.949;495.226;50;273.853;;;271.659;1;1
1094;1;51.2297;32.1;10.1788;39.0654;31.1;456;336.878;285.33;273;343;278.6;278.6;495.949;495.37;50;273.861;;;271.45;1;1
1095;1;50.8941;32.1;10.0944;39.1667;31.1;441;337.731;285.373;273;343;278.6;278.6;495.804;495.226;50;273.868;;;269.829;1;1
1096;1;50.7089;32.1;10.0399;39.1782;31.1;440;337.977;285.33;273;343;278.6;278.6;495.949;495.37;50;273.872;;;269.512;1;1
1097;1;50.7118;32.1;10.0228;39.2708;31.1;421;337.934;285.156;273;343;278.6;278.6;495.949;495.37;50;273.878;;;268.636;1;1
1098;1;50.6279;32.1;9.98849;39.1696;31.1;405;338.571;285.127;273;343;278.6;278.6;495.949;495.226;50;273.881;;;267.34;1;1
1099;1;50.6076;32.1;9.8784;39.375;31.2;397;338.874;285.127;273;343;278.6;278.6;495.804;495.515;50;273.883;;;267.023;1;1
1100;1;50.9115;32.1;9.95549;39.4734;31.2;385;339.468;285.135;273;343;278.6;278.6;495.949;495.37;50;273.885;;;266.064;1;1
1101;1;50.8102;32.1;9.88243;39.5747;31.2;370;339.945;285.149;273;343;278.6;278.6;495.949;495.37;50;273.887;;;265.158;1;1
1102;1;51.1314;32.1;9.87343;39.4734;31.2;358;340.032;285.156;273;343;278.6;278.6;496.094;495.37;50;273.879;;;264.685;1;1
1103;1;50.9115;32.1;9.77761;39.3721;31.2;340;340.611;285.156;273;343;278.6;278.6;496.094;495.515;50;273.844;;;263.472;1;1
1104;1;51.114;32.1;9.81651;39.2448;31.3;334;341.016;285.127;273;343;278.6;278.6;496.094;495.515;50;273.818;;;262.791;1;1
1105;1;51.114;32.2;10.1635;39.1696;31.3;322;341.565;285.135;273;343;278.6;278.6;496.094;495.66;50;273.799;;;261.893;1;1
1106;1;50.8102;32.2;10.0499;39.3721;31.3;310;341.508;285.135;273;343;278.6;278.6;496.094;495.66;50;273.79;;;261.185;1;1
1107;1;51.3194;32.2;10.0968;39.2708;31.3;299;341.942;285.149;273;343;278.6;278.6;496.094;495.515;50;273.79;;;260.322;1;1
1108;1;51.2182;32.2;10.0232;39.3721;31.3;297;341.97;285.156;273;343;278.6;278.6;496.238;495.515;50;273.791;;;259.959;1;1
1109;1;51.1545;32.2;9.975;39.375;31.3;288;342.679;285.156;273;343;278.6;278.6;496.094;495.66;50;273.792;;;258.587;1;1
1110;1;50.923;32.2;9.8765;39.4734;31.4;284;342.723;285.135;273;343;278.6;278.6;496.094;495.515;50;273.792;;;257.691;1;1
1111;1;51.0185;32.3;10.2414;39.4734;31.4;266;343.012;285.127;273;343;278.6;278.6;496.094;495.515;50;273.802;;;257.25;1;1
1112;1;51.4178;32.3;10.2497;39.4734;31.4;262;343.041;285.127;273;343;278.6;278.6;496.094;495.66;50;273.809;;;255.657;1;1
1113;1;50.9115;32.3;10.1132;39.3721;31.4;257;343.012;285.135;273;343;278.6;278.6;496.238;495.66;50;273.82;;;255.274;1;1
1114;1;50.8073;32.3;10.0747;39.3432;31.4;257;343.547;285.149;273;343;278.6;278.6;496.238;495.804;50;273.826;;;254.286;1;1
1115;1;50.9115;32.3;10.0242;39.3721;31.4;247;343.62;285.156;273;343;278.6;278.6;496.238;495.66;50;273.835;;;253.663;1;1
1116;1;50.9115;32.4;10.281;39.4734;31.4;244;343.678;285.026;273;343;278.6;278.6;496.383;495.804;50;273.842;;;252.884;1;1
1117;1;50.706;32.4;10.2218;39.4734;31.4;236;343.692;285.026;273;343;278.6;278.6;496.383;495.949;50;273.849;;;251.795;1;1
1118;1;50.6047;32.4;10.2013;39.3721;31.4;235;343.678;285.012;273;343;278.6;278.6;496.383;495.804;50;273.855;;;251.534;1;1
1119;1;50.9433;32.4;10.234;39.4734;31.4;230;343.707;285.012;273;343;278.6;278.6;496.238;495.66;50;273.859;;;250.738;1;1
1120;1;51.2095;32.4;10.2159;39.3721;31.4;231;342.969;285.026;273;343;278.6;278.6;496.094;495.515;50;273.855;;;250.182;1;1
1121;1;50.9115;32.4;10.1209;39.3692;31.4;232;343.027;285.026;273;343;278.6;278.6;496.094;495.515;50;273.848;;;249.388;1;1
1122;1;50.6018;32.4;10.0063;39.1667;31.4;233;342.925;285.033;273;343;278.6;278.6;495.949;495.37;50;273.833;;;248.303;1;1
1123;1;50.7089;32.4;10.0097;38.8628;31.4;240;342.636;285.041;273;343;278.6;278.6;495.949;495.37;50;273.818;;;247.378;1;1
1124;1;50.6018;32.4;9.9886;39.0394;31.4;240;342.65;285.041;273;343;278.6;278.6;495.804;495.226;50;273.804;;;246.408;1;1
1125;1;50.7089;32.5;10.2654;39.0654;31.4;254;342.65;285.012;273;343;278.6;278.6;495.804;495.081;50;273.79;;;245.944;1;1
1126;1;50.7089;32.5;10.23;39.0654;31.3;250;342.043;285.012;273;343;278.6;278.6;495.804;495.226;50;273.778;;;244.749;1;1
1127;1;50.9115;32.5;10.2531;38.9641;31.3;253;341.999;285.012;273;343;278.6;278.6;495.804;495.226;50;273.762;;;244.286;1;1
1128;1;50.6047;32.5;10.1559;39.2679;31.3;270;341.956;285.019;273;343;278.6;278.6;495.804;495.226;50;273.747;;;243.514;1;1
1129;1;50.6047;32.5;10.1206;39.4734;31.3;276;341.565;284.787;273;343;278.6;278.6;495.949;495.37;50;273.774;;;242.59;1;1
1130;1;50.8102;32.5;10.1616;39.3721;31.3;275;341.551;285.033;273;343;278.6;278.6;495.949;495.37;50;273.798;;;241.752;1;1
1131;1;50.706;32.5;10.0345;39.2708;31.3;293;341.001;285.041;273;343;278.6;278.6;496.094;495.66;50;273.794;;;241.153;1;1
1132;1;50.9115;32.5;10.0752;39.1667;31.3;306;341.001;285.048;273;343;278.6;278.6;496.238;495.515;50;273.775;;;240.788;1;1
1133;1;51.114;32.5;10.0617;38.9612;31.3;308;340.582;285.041;273;343;278.6;278.6;496.094;495.515;50;273.741;;;239.441;1;1
1134;1;51.0127;32.5;10.0239;39.0914;31.2;308;340.567;284.99;273;343;278.6;278.6;495.949;495.37;50;273.708;;;238.246;1;1
1135;1;50.7089;32.5;9.89336;39.3721;31.2;315;340.639;285.012;273;343;278.6;278.6;495.949;495.226;50;273.673;;;238.093;1;1
1136;1;50.8102;32.5;9.91312;39.3547;31.2;326;339.931;285.019;273;343;278.6;278.6;496.094;495.37;50;273.642;;;236.749;1;1
1137;1;50.6047;32.5;9.8023;39.1667;31.2;328;339.902;285.019;273;343;278.6;278.6;496.094;495.515;50;273.609;;;235.545;1;1
1138;1;50.4022;32.5;9.76306;39.2679;31.2;341;340.032;284.643;273;343;278.6;278.6;496.094;495.515;50;273.591;;;235.393;1;1
1139;1;50.7089;32.5;9.80476;39.4792;31.2;354;340.003;284.635;273;343;278.6;278.6;496.094;495.515;50;273.585;;;234.709;1;1
1140;1;50.9086;32.4;9.44438;39.4763;31.2;357;339.959;284.643;273;343;278.6;278.6;496.094;495.515;50;273.588;;;233.703;1;1
1141;1;51.2789;32.4;9.49518;39.4734;31.1;358;339.931;284.628;273;343;278.6;278.6;496.094;495.515;50;273.589;;;233.095;1;1
1142;1;51.2153;32.4;9.4118;39.4618;31.1;362;339.887;284.614;273;343;278.6;278.6;496.094;495.515;50;273.595;;;232.239;1;1
1143;1;51.4149;32.4;9.46645;39.2708;31.1;372;339.902;284.621;273;343;278.6;278.6;496.094;495.515;50;273.597;;;231.631;1;1
1144;1;51.2268;32.4;9.41393;39.3721;31.1;371;339.959;284.621;273;343;278.6;278.6;496.238;495.66;50;273.455;;;230.358;1;1
1145;1;51.2616;32.4;9.38449;39.2708;31.1;371;340.017;284.635;273;343;278.6;278.6;496.094;495.515;50;273.313;;;229.903;1;1
1146;1;51.2211;32.4;9.34129;39.1667;31.1;375;340.422;284.643;273;343;278.6;278.6;496.094;495.515;50;273.216;;;228.594;1;1
1147;1;51.0127;32.4;9.28547;39.3721;31.1;389;340.495;284.628;273;343;278.6;278.6;496.094;495.37;50;273.156;;;227.839;1;1
1148;1;50.7639;32.4;9.20471;39.1667;31.1;394;340.35;284.614;273;343;278.6;278.6;496.094;495.515;50;273.12;;;226.9;1;1
1149;1;50.9172;32.4;9.16134;39.1667;31.1;406;340.321;284.621;273;343;278.6;278.6;496.238;495.515;50;273.107;;;226.527;1;1
1150;1;50.9115;32.4;9.21366;39.3721;31.1;426;340.914;284.621;273;343;278.6;278.6;496.238;495.66;50;273.105;;;225.622;1;1
1151;1;50.8507;32.4;9.16713;39.1667;31.1;432;341.363;284.635;273;343;278.6;278.6;496.238;495.66;50;273.117;;;225.02;1;1
1152;1;50.8738;32.4;9.11799;39.2708;31.1;434;341.45;284.635;273;343;278.6;278.6;496.238;495.66;50;273.129;;;224.231;1;1
1153;1;50.8073;32.4;9.08831;39.5747;31.1;438;342.057;284.628;273;343;278.6;278.6;496.383;495.66;50;273.13;;;223.478;1;1
1154;1;50.706;32.4;9.05248;39.4734;31.1;434;342.028;284.606;273;343;278.6;278.6;496.383;495.66;50;272.992;;;222.915;1;1
1155;1;50.5932;32.4;9.03234;39.4763;31.1;432;342.332;284.614;273;343;278.6;278.6;496.383;495.804;50;272.867;;;221.861;1;1
1156;1;50.706;32.4;8.98161;39.3605;31.1;437;342.983;284.621;273;343;278.6;278.6;496.383;495.66;50;272.804;;;220.512;1;1
1157;1;50.7089;32.4;8.9644;39.3721;31.1;443;342.983;284.621;273;343;278.6;278.6;496.383;495.66;50;272.802;;;219.747;1;1
1158;1;50.9115;32.4;8.96464;39.3721;31.1;441;343.359;284.238;273;343;278.6;278.6;496.528;495.804;50;272.749;;;219.598;1;1
1159;1;50.8073;32.4;8.92855;39.2708;31.1;446;344.083;284.245;273;343;278.6;278.6;496.528;495.804;50;272.64;;;218.348;1;1
1160;1;50.9288;32.4;8.9499;39.077;31.1;457;344.459;284.245;273;343;278.6;278.6;496.528;495.804;50;272.591;;;217.732;1;1
1161;1;50.9115;32.4;8.87569;38.9236;31.1;455;344.401;284.23;273;343;278.6;278.6;496.383;495.804;50;272.613;;;216.837;1;1
1162;1;50.9115;32.5;9.25693;38.8628;31.1;453;345.095;284.216;273;343;278.6;278.6;496.238;495.66;50;272.66;;;216.026;1;1
1163;1;50.706;32.5;9.1487;39.1696;31.1;456;345.414;284.223;273;343;278.6;278.6;496.094;495.515;50;272.736;;;214.907;1;1
1164;1;50.5035;32.5;9.1298;39.0654;31.2;443;346.065;284.223;273;343;278.6;278.6;496.238;495.515;50;272.811;;;213.866;1;1
1165;1;50.3357;32.5;9.04671;39.0885;31.2;434;346.398;284.23;273;343;278.6;278.6;496.238;495.66;50;272.889;;;213.124;1;1
1166;1;50.6047;32.5;9.09507;39.1667;31.2;423;347.15;284.238;273;343;278.6;278.6;496.238;495.515;50;272.958;;;212.731;1;1
1167;1;50.6047;32.5;9.05972;38.9728;31.2;406;347.555;284.238;273;343;278.6;278.6;496.238;495.66;50;273.022;;;211.341;1;1
1168;1;50.9057;32.5;9.14916;39.1667;31.2;379;348.192;284.245;273;343;278.6;278.6;496.238;495.515;50;273.093;;;211.179;1;1
1169;1;50.6018;32.5;8.98846;39.3721;31.2;354;348.438;284.245;273;343;278.6;278.6;496.094;495.515;50;273.144;;;210.735;1;1
1170;1;50.5035;32.5;8.95335;39.2708;31.2;332;348.423;284.23;273;343;278.6;278.6;496.238;495.515;50;273.194;;;209.814;1;1
1171;1;50.7089;32.6;9.31633;39.2043;31.2;311;349.146;284.216;273;343;278.6;278.6;496.238;495.66;50;273.241;;;209.076;1;1
1172;1;50.4109;32.6;9.22635;39.1319;31.2;282;349.363;284.223;273;343;278.6;278.6;496.238;495.66;50;273.287;;;207.749;1;1
1173;1;50.4022;32.6;9.24237;38.8628;31.2;257;349.465;284.223;273;343;278.6;278.6;496.383;495.66;50;273.317;;;206.725;1;1
1174;1;50.5035;32.6;9.20801;38.7616;31.2;236;350.231;284.23;273;343;278.6;278.6;496.238;495.66;50;273.347;;;206.598;1;1
1175;1;50.6076;32.6;9.20933;38.9381;31.3;216;350.231;284.238;273;343;278.6;278.6;496.238;495.66;50;273.37;;;205.323;1;1
1176;1;50.6076;32.6;9.19165;38.9902;31.3;196;350.203;284.512;273;343;278.6;278.6;496.238;495.66;50;273.377;;;204.751;1;1
1177;1;51.2153;32.7;9.61393;38.9641;31.3;174;350.188;284.52;273;343;278.6;278.6;496.094;495.515;50;273.362;;;203.991;1;1
1178;1;50.9115;32.7;9.5569;38.9641;31.3;165;350.174;284.52;273;343;278.6;278.6;496.094;495.515;50;273.345;;;203.124;1;1
1179;1;50.5064;32.7;9.41028;38.8628;31.3;157;350.231;284.512;273;343;278.6;278.6;496.238;495.66;50;273.338;;;201.98;1;1
1180;1;50.9143;32.7;9.50408;38.8628;31.3;151;349.87;284.107;273;343;278.6;278.6;496.094;495.515;50;273.312;;;201.275;1;1
1181;1;51.114;32.7;9.48778;38.6632;31.3;143;349.87;284.107;273;343;278.6;278.6;496.094;495.66;50;273.239;;;200.339;1;1
1182;1;50.9115;32.8;9.76026;38.8628;31.3;152;349.248;284.115;273;343;278.6;278.6;496.238;495.66;50;273.174;;;200.145;1;1
1183;1;50.8796;32.8;9.75416;39.1291;31.3;165;348.814;284.122;273;343;278.6;278.6;496.383;495.66;50;273.127;;;199.208;1;1
1184;1;50.8073;32.8;9.66927;39.0683;31.3;182;348.148;284.129;273;343;278.6;278.6;496.238;495.66;50;273.092;;;198.691;1;1
1185;1;50.7089;32.8;9.59741;39.1667;31.2;191;348.105;284.527;273;343;278.6;278.6;496.094;495.66;50;273.061;;;197.706;1;1
1186;1;50.6047;32.8;9.63072;39.3721;31.2;208;347.164;284.512;273;343;278.6;278.6;496.094;495.66;50;273.032;;;196.494;1;1
1187;1;50.5035;32.8;9.59381;39.2679;31.2;236;347.222;284.491;273;343;278.6;278.6;496.238;495.66;50;273.026;;;195.769;1;1
1188;1;50.7089;32.8;9.63283;39.1696;31.2;260;346.904;284.484;273;343;278.6;278.6;496.383;495.66;50;273.039;;;195.044;1;1
1189;1;50.9115;32.8;9.61796;39.0654;31.2;281;346.108;284.491;273;343;278.6;278.6;496.238;495.66;50;273.053;;;194.175;1;1
1190;1;50.7089;32.8;9.47338;39.0654;31.1;301;345.833;284.498;273;343;278.6;278.6;496.383;495.66;50;273.072;;;193.587;1;1
1191;1;50.7089;32.8;9.54426;39.1667;31.1;314;345.081;284.498;273;343;278.6;278.6;496.238;495.515;50;273.099;;;192.575;1;1
1192;1;50.8102;32.8;9.4923;39.2708;31.1;327;344.748;284.505;273;343;278.6;278.6;496.238;495.66;50;273.133;;;192.142;1;1
1193;1;50.9115;32.7;9.16557;39.1667;31.1;349;344.068;284.512;273;343;278.6;278.6;496.238;495.66;50;273.166;;;191.131;1;1
1194;1;51.0793;32.7;9.16009;39.0914;31;350;344.126;284.52;273;343;278.6;278.6;496.238;495.515;50;273.193;;;189.95;1;1
1195;1;50.9115;32.7;9.11221;39.1667;31;360;343.302;284.31;273;343;278.6;278.6;496.238;495.515;50;273.212;;;188.943;1;1
1196;1;51.0156;32.7;9.09519;39.0654;31;373;343.793;284.512;273;343;278.6;278.6;496.094;495.66;50;273.228;;;188.421;1;1
1197;1;50.8102;32.7;9.09409;38.7616;31;381;342.983;284.274;273;343;278.6;278.6;496.238;495.66;50;273.235;;;187.801;1;1
1198;1;50.298;32.7;8.93211;38.9641;30.9;378;342.954;284.115;273;343;278.6;278.6;496.528;495.804;50;273.243;;;187.227;1;1
1199;1;50.4022;32.6;8.62601;38.9931;30.9;375;343.056;284.115;273;343;278.6;278.6;496.528;495.804;50;273.258;;;186.541;1;1
1200;1;50.5006;32.6;8.64285;38.8628;30.9;372;342.347;284.129;273;343;278.6;278.6;496.672;495.949;50;273.265;;;185.681;1;1
1201;1;50.7089;32.6;8.58993;39.0654;30.9;380;342.303;284.129;273;343;278.6;278.6;496.672;495.949;50;273.269;;;184.228;1;1
1202;1;50.5035;32.6;8.57277;39.1667;30.9;388;342.289;284.129;273;343;278.6;278.6;496.528;495.949;50;273.272;;;184.085;1;1
1203;1;50.4919;32.6;8.50023;38.9844;30.9;375;342.26;284.107;273;343;278.6;278.6;496.528;495.804;50;273.275;;;183.305;1;1
1204;1;50.4022;32.6;8.50274;39.2593;30.9;364;342.26;284.107;273;343;278.6;278.6;496.383;495.804;50;273.27;;;182.561;1;1
1205;1;50.1997;32.5;8.14529;39.1667;30.9;369;342.231;284.115;273;343;278.6;278.6;496.383;495.66;50;273.269;;;181.678;1;1
1206;1;50.706;32.5;8.15659;39.2708;30.9;367;342.173;284.122;273;343;278.6;278.6;496.238;495.66;50;273.272;;;180.216;1;1
1207;1;51.1082;32.5;8.20344;39.4734;30.9;360;342.998;284.129;273;343;278.6;278.6;496.383;495.66;50;273.275;;;179.645;1;1
1208;1;50.9115;32.5;8.10069;39.294;30.9;350;343.128;284.136;273;343;278.6;278.6;496.238;495.66;50;273.273;;;178.936;1;1
1209;1;50.9115;32.5;8.13628;39.3924;30.9;350;343.113;284.115;273;343;278.6;278.6;496.094;495.515;50;273.273;;;178.024;1;1
1210;1;50.9115;32.5;8.10069;39.3721;30.9;348;343.027;284.107;273;343;278.6;278.6;495.949;495.37;50;273.263;;;177.215;1;1
1211;1;51.0127;32.5;8.0277;39.2679;30.9;345;342.998;284.115;273;343;278.6;278.6;496.094;495.37;50;273.244;;;176.471;1;1
1212;1;50.6105;32.5;7.98209;39.1609;30.9;340;343.186;284.122;273;343;278.6;278.6;495.804;495.37;50;273.233;;;175.2;1;1
1213;1;50.5035;32.5;7.92992;39.1667;30.9;332;343.215;284.129;273;343;278.6;278.6;495.949;495.37;50;273.216;;;174.777;1;1
1214;1;50.6076;32.5;7.92859;39.2679;30.9;323;343.258;284.129;273;343;278.6;278.6;495.804;495.226;50;273.203;;;173.791;1;1
1215;1;50.706;32.5;7.89084;39.4271;30.9;327;343.302;284.129;273;343;278.6;278.6;495.949;495.37;50;273.182;;;173.51;1;1
1216;1;51.0156;32.5;7.90338;39.4734;30.9;335;344.112;284.107;273;343;278.6;278.6;495.949;495.226;50;273.171;;;172.933;1;1
1217;1;50.9115;32.5;7.86946;39.4705;30.9;334;344.083;284.107;273;343;278.6;278.6;495.949;495.226;50;273.16;;;171.864;1;1
1218;1;50.5035;32.5;7.84168;39.4618;30.9;325;344.039;284.115;273;343;278.6;278.6;495.804;495.226;50;273.161;;;171.163;1;1
1219;1;50.3009;32.4;7.38086;39.4734;30.9;322;344.01;284.122;273;343;278.6;278.6;495.804;495.226;50;273.168;;;169.749;1;1
1220;1;50.5035;32.4;7.41058;39.5139;30.9;323;344.213;284.129;273;343;278.6;278.6;495.804;495.37;50;273.174;;;169.261;1;1
1221;1;51.0127;32.4;7.44964;39.5747;31;327;344.242;284.136;273;343;278.6;278.6;495.804;495.226;50;273.174;;;168.681;1;1
1222;1;51.2008;32.4;7.45922;39.5747;31;319;344.387;284.107;273;343;278.6;278.6;495.804;495.226;50;273.162;;;167.451;1;1
1223;1;50.8304;32.4;7.45856;39.5747;31;306;344.401;284.107;273;343;278.6;278.6;495.804;495.226;50;273.143;;;166.754;1;1
1224;1;50.544;32.4;7.31056;39.5747;31;306;344.329;284.115;273;343;278.6;278.6;495.804;495.081;50;273.134;;;166.336;1;1
1225;1;50.8102;32.4;7.34906;39.6788;31;314;344.821;284.129;273;343;278.6;278.6;495.66;495.081;50;273.13;;;165.354;1;1
1226;1;50.7841;32.4;7.30982;39.5862;31;309;344.329;284.129;273;343;278.6;278.6;495.66;495.081;50;273.127;;;164.242;1;1
1227;1;50.7899;32.4;7.29291;39.5747;31;307;344.329;284.136;273;343;278.6;278.6;495.66;495.081;50;273.124;;;163.367;1;1
1228;1;51.0156;32.4;7.23618;39.6759;31;309;344.242;284.115;273;343;278.6;278.6;495.804;495.226;50;273.13;;;162.536;1;1
1229;1;50.6018;32.4;7.21284;39.8148;31;313;344.864;284.107;273;343;278.6;278.6;495.804;495.226;50;273.141;;;161.626;1;1
1230;1;50.3009;32.4;7.15238;39.8785;31;324;344.329;284.346;273;343;278.6;278.6;495.804;495.081;50;273.156;;;161.428;1;1
1231;1;50.3009;32.4;7.09966;39.7772;31;310;344.936;284.433;273;343;278.6;278.6;495.804;495.226;50;273.166;;;160.665;1;1
1232;1;50.4022;32.4;7.06111;39.5775;31;309;344.907;284.484;273;343;278.6;278.6;495.804;495.226;50;273.17;;;159.423;1;1
1233;1;50.7118;32.4;7.10448;39.6152;31;323;344.85;284.484;273;343;278.6;278.6;495.804;495.37;50;273.173;;;159.043;1;1
1234;1;50.6047;32.4;7.07181;39.6759;31;324;344.821;284.433;273;343;278.6;278.6;495.949;495.226;50;273.176;;;157.593;1;1
1235;1;50.9115;32.4;7.11467;39.5718;31;321;344.835;284.411;273;343;278.6;278.6;495.949;495.226;50;273.19;;;157.318;1;1
1236;1;50.8131;32.4;7.04767;39.4705;31;323;344.821;284.447;273;343;278.6;278.6;495.949;495.37;50;273.207;;;156.427;1;1
1237;1;50.7031;32.4;6.99699;39.5747;31;320;344.806;284.433;273;343;278.6;278.6;495.949;495.37;50;273.229;;;155.604;1;1
1238;1;50.7234;32.4;6.99979;39.5747;31;315;344.85;284.339;273;343;278.6;278.6;495.949;495.37;50;273.248;;;154.658;1;1
1239;1;50.599;32.4;6.91189;39.6759;31;307;344.835;284.346;273;343;278.6;278.6;495.949;495.37;50;273.26;;;153.446;1;1
1240;1;50.7321;32.4;6.89462;39.5747;31;300;344.792;284.324;273;343;278.6;278.6;496.094;495.37;50;273.265;;;153.277;1;1
1241;1;50.8102;32.4;6.90524;39.5747;31;304;344.748;284.368;273;343;278.6;278.6;495.949;495.226;50;273.272;;;152.458;1;1
1242;1;50.7089;32.4;6.83834;39.5718;31;304;344.719;284.353;273;343;278.6;278.6;495.949;495.37;50;273.232;;;151.337;1;1
1243;1;50.6047;32.4;6.85964;39.6528;31;295;344.69;284.288;273;343;278.6;278.6;495.949;495.37;50;273.211;;;150.792;1;1
1244;1;50.7089;32.4;6.80291;39.7772;31;285;344.69;284.295;273;343;278.6;278.6;495.804;495.226;50;273.206;;;149.553;1;1
1245;1;50.5064;32.4;6.81102;39.8148;31;288;344.661;284.339;273;343;278.6;278.6;495.804;495.226;50;273.158;;;149.282;1;1
1246;1;50.6887;32.4;6.74704;39.8814;31;292;344.661;284.346;273;343;278.6;278.6;495.804;495.226;50;273.087;;;148.052;1;1
1247;1;50.7089;32.4;6.71431;39.8785;31;294;344.719;284.303;273;343;278.6;278.6;495.804;495.37;50;273.045;;;147.239;1;1
1248;1;50.9086;32.4;6.68739;39.8785;31;302;344.748;284.303;273;343;278.6;278.6;495.949;495.37;50;273.027;;;146.833;1;1
1249;1;50.8449;32.4;6.64348;39.8785;31;308;344.097;284.274;273;343;278.6;278.6;495.949;495.515;50;273.033;;;146.157;1;1
1250;1;50.8102;32.4;6.65672;39.9797;31;320;344.068;284.31;273;343;278.6;278.6;496.094;495.515;50;273.05;;;145.192;1;1
1251;1;50.5035;32.4;6.58122;39.6759;31;335;344.039;284.31;273;343;278.6;278.6;496.094;495.515;50;273.073;;;143.855;1;1
1252;1;50.9028;32.3;6.25209;39.5747;31;340;344.01;284.288;273;343;278.6;278.6;496.094;495.515;50;273.11;;;143.506;1;1
1253;1;50.8102;32.3;6.25847;39.6759;31;341;343.996;284.295;273;343;278.6;278.6;496.094;495.515;50;273.154;;;142.564;1;1
1254;1;50.8102;32.3;6.18747;39.5747;31;340;344.097;284.339;273;343;278.6;278.6;496.094;495.37;50;273.161;;;141.77;1;1
1255;1;50.625;32.3;6.1826;39.7772;31;339;343.649;284.534;273;343;278.6;278.6;496.094;495.515;50;273.121;"CU-ETP      ";;140.591;1;1
1256;1;50.9115;32.3;6.14642;39.8351;31;339;343.678;284.512;273;343;278.6;278.6;496.094;495.515;50;273.114;;;139.805;1;1
1257;1;51.2413;32.3;6.20414;39.8785;31;352;343.62;284.505;273;343;278.6;278.6;496.094;495.66;50;273.122;;;139.671;1;1
1258;1;51.522;32.3;6.20213;39.89;31;356;343.576;284.505;273;343;278.6;278.6;496.094;495.66;50;273.128;;;138.601;1;1
1259;1;51.93;32.3;6.21496;40.3877;31;351;343.519;284.476;273;343;278.6;278.6;496.094;495.66;50;273.11;;;137.485;1;1
1260;1;52.0747;32.3;6.21408;40.4427;31;349;343.504;284.512;273;343;278.6;278.6;496.094;495.515;50;273.091;;;137.309;1;1
1261;1;52.4306;32.3;6.23824;40.3877;31;349;343.562;284.52;273;343;278.6;278.6;496.383;495.804;50;273.076;"CU-ETP      ";;135.965;1;1
1262;1;52.1325;32.3;6.20278;40.2865;31;352;343.649;284.491;273;343;278.6;278.6;496.383;495.66;50;273.067;;;135.272;1;1
1263;1;52.5405;32.3;6.17788;39.9826;31;350;343.75;284.361;273;343;278.6;278.6;496.383;495.804;50;273.071;;;134.249;1;1
1264;1;52.7778;32.3;6.11359;39.9769;31;354;343.707;284.368;273;343;278.6;278.6;496.383;495.804;50;273.075;;;133.483;1;1
1265;1;52.7459;32.3;6.1099;40.0839;31;354;343.273;284.346;273;343;278.6;278.6;496.383;495.66;50;273.093;;;133.372;1;1
1266;1;52.9485;32.3;6.15186;40.3877;31;351;343.678;284.31;273;343;278.6;278.6;496.238;495.66;50;273.127;;;132.049;1;1
1267;1;52.5405;32.3;6.06775;40.5903;31.1;346;343.764;284.303;273;343;278.6;278.6;496.238;495.515;50;273.175;;;131.256;1;1
1268;1;52.2193;32.3;6.03066;40.5035;31.1;348;343.244;284.281;273;343;278.6;278.6;496.238;495.515;50;273.224;;;130.653;1;1
1269;1;52.2367;32.3;5.99614;40.489;31.1;347;343.186;284.339;273;343;278.6;278.6;496.238;495.66;50;273.277;;;129.994;1;1
1270;1;52.4392;32.3;6.03774;40.5903;31.1;346;343.186;284.317;273;343;278.6;278.6;496.238;495.66;50;273.324;;;128.85;1;1
1271;1;52.3351;32.3;5.98915;40.5932;31.1;336;343.215;284.281;273;343;278.6;278.6;496.238;495.66;50;273.359;;;128.455;1;1
1272;1;52.5579;32.3;5.97793;40.3877;31.1;325;343.302;284.288;273;343;278.6;278.6;496.238;495.804;50;273.394;;;127.405;1;1
1273;1;52.3351;32.3;5.87946;40.489;31.1;321;344.112;284.361;273;343;278.6;278.6;496.238;495.804;50;273.44;;;126.486;1;1
1274;1;52.4306;32.3;5.9085;40.2865;31.1;299;344.068;284.281;273;343;278.6;278.6;496.383;495.949;50;273.492;;;125.962;1;1
1275;1;52.4363;32.3;5.83585;40.2865;31.1;280;344.039;284.303;273;343;278.6;278.6;496.672;495.949;50;273.542;"CU-ETP      ";;124.602;1;1
1276;1;52.5434;32.3;5.84777;40.489;31.1;275;344.01;284.259;273;343;278.6;278.6;496.528;496.094;50;273.593;;;124.471;1;1
1277;1;52.6418;32.3;5.85872;40.6047;31.1;262;344.01;284.65;273;343;278.6;278.6;496.672;496.094;50;273.627;;;123.479;1;1
1278;1;52.7431;32.3;5.83314;40.7957;31.1;247;344.068;284.657;273;343;278.6;278.6;496.528;495.949;50;273.649;"CU-ETP      ";;122.046;1;1
1279;1;52.2338;32.3;5.75857;40.5903;31.1;235;344.112;284.664;273;343;278.6;278.6;496.672;496.094;50;273.634;;;121.786;1;1
1280;1;52.4392;32.3;5.74458;40.3848;31.2;222;344.083;284.621;273;343;278.6;278.6;496.672;495.949;50;273.6;;;120.357;1;1
1281;1;52.4392;32.3;5.70794;40.3877;31.2;214;343.576;284.614;273;343;278.6;278.6;496.672;495.949;50;273.571;;;119.709;1;1
1282;1;52.4421;32.3;5.72658;40.2865;31.2;209;343.302;284.643;273;343;278.6;278.6;496.672;496.094;50;273.537;;;119.177;1;1
1283;1;52.5376;32.3;5.71865;40.489;31.2;217;343.287;284.65;273;343;278.6;278.6;496.672;496.094;50;273.504;"CU-ETP      ";;118.503;1;1
1284;1;52.7431;32.3;5.66728;40.489;31.2;225;343.475;284.635;273;343;278.6;278.6;496.528;495.804;50;273.481;;;117.537;1;1
1285;1;52.7431;32.3;5.66728;40.489;31.2;225;343.027;284.643;273;343;278.6;278.6;496.528;495.804;50;273.458;;;116.751;1;1
1286;1;52.4392;32.3;5.61632;40.6944;31.2;227;343.084;284.635;273;343;278.6;278.6;496.528;495.949;50;273.435;;;116.058;1;1
1287;1;52.1325;32.3;5.58347;40.4919;31.2;238;342.405;284.65;273;343;278.6;278.6;496.528;495.949;50;273.417;;;115.366;1;1
1288;1;52.0312;32.3;5.46354;40.3877;31.2;248;342.462;284.621;273;343;278.6;278.6;496.528;495.949;50;273.392;;;114.378;1;1
1289;1;52.1325;32.3;5.47418;40.3877;31.2;260;341.999;284.621;273;343;278.6;278.6;496.672;495.949;50;273.32;;;113.152;1;1
1290;1;52.1152;32.3;5.47235;40.5903;31.2;271;341.97;284.628;273;343;278.6;278.6;496.672;496.094;50;273.271;;;112.896;1;1
1291;1;52.0023;32.3;5.44234;40.6916;31.2;288;341.696;284.65;273;343;278.6;278.6;496.672;496.094;50;273.24;;;111.883;1;1
1292;1;52.2367;32.3;5.46686;40.5903;31.2;302;341.319;284.643;273;343;278.6;278.6;496.672;496.094;50;273.212;;;110.996;1;1
1293;1;52.5434;32.3;5.49896;40.5903;31.2;319;341.059;284.606;273;343;278.6;278.6;496.817;496.094;50;273.197;;;110.617;1;1
1294;1;52.6418;32.3;5.47248;40.4572;31.2;329;341.045;284.614;273;343;278.6;278.6;496.672;496.094;50;273.185;;;109.577;1;1
1295;1;52.8443;32.3;5.512;40.3877;31.2;348;341.001;284.621;273;343;278.6;278.6;496.528;495.949;50;273.167;;;108.658;1;1
1296;1;52.8472;32.3;5.47538;40.2865;31.2;364;340.249;284.628;273;343;278.6;278.6;496.528;495.804;50;273.146;;;107.793;1;1
1297;1;52.8588;32.2;5.08077;40.489;31.2;386;340.177;284.635;273;343;278.6;278.6;496.528;495.949;50;273.125;;;107.051;1;1
1298;1;52.5637;32.2;5.03402;40.489;31.1;388;340.148;284.635;273;343;278.6;278.6;496.672;495.949;50;273.109;;;105.784;1;1
1299;1;52.5405;32.2;5.01344;40.2865;31.1;398;340.162;284.606;273;343;278.6;278.6;496.672;495.949;50;273.101;;;105.658;1;1
1300;1;52.9485;32.2;5.05237;40.1823;31.1;412;340.205;284.606;273;343;278.6;278.6;496.817;495.949;50;273.101;;;104.81;1;1
1301;1;52.8472;32.2;5.04271;40.2865;31.1;411;340.249;284.606;273;343;278.6;278.6;496.817;495.949;50;273.101;;;103.76;1;1
1302;1;52.5405;32.2;4.95838;40.3877;31.1;419;340.263;284.614;273;343;278.6;278.6;496.817;496.094;50;273.101;;;103.382;1;1
1303;1;52.4392;32.2;4.9305;40.2865;31.1;423;340.22;284.621;273;343;278.6;278.6;496.817;496.094;50;273.101;;;102.208;1;1
1304;1;52.2338;32.2;4.89294;40.3646;31.1;421;340.205;284.628;273;343;278.6;278.6;496.817;496.094;50;273.101;;;101.84;1;1
1305;1;52.7344;32.2;4.92141;40.1881;31.1;415;340.972;284.614;273;343;278.6;278.6;496.817;496.094;50;273.105;;;100.521;1;1
1306;1;52.6418;32.2;4.89438;40.2865;31.1;415;340.943;284.599;273;343;278.6;278.6;496.817;496.238;50;273.109;;;99.9173;1;1
1307;1;52.5376;32.2;4.90305;40.2865;31.2;415;340.929;284.599;273;343;278.6;278.6;496.672;496.094;50;273.109;;;98.8962;1;1
1308;1;52.4363;32.2;4.8936;40.3877;31.2;420;341.204;284.614;273;343;278.6;278.6;496.528;495.949;50;273.098;;;98.3153;1;1
1309;1;52.5637;32.2;4.88712;40.3877;31.2;401;342.086;284.621;273;343;278.6;278.6;496.672;496.094;50;273.083;;;97.6912;1;1
1310;1;52.4392;32.2;4.78393;40.0839;31.2;402;342.057;284.628;273;343;278.6;278.6;496.672;496.238;50;273.074;;;96.694;1;1
1311;1;52.5405;32.2;4.79317;40.1881;31.2;401;342.216;284.614;273;343;278.6;278.6;496.817;496.094;50;273.091;;;95.8944;1;1
1312;1;52.8472;32.2;4.82115;40.0839;31.2;392;342.231;284.592;273;343;278.6;278.6;496.817;496.238;50;273.119;;;94.9215;1;1
1313;1;52.7431;32.2;4.77479;40.1852;31.2;388;343.027;284.606;273;343;278.6;278.6;496.962;496.238;50;273.141;;;94.4893;1;1
1314;1;52.7431;32.2;4.75637;40.1852;31.3;373;343.215;284.614;273;343;278.6;278.6;496.962;496.238;50;273.165;;;93.0822;1;1
1315;1;52.6447;32.2;4.71069;40.1823;31.3;354;343.215;284.621;273;343;278.6;278.6;496.962;496.238;50;273.192;;;93.0249;1;1
1316;1;52.6418;32.2;4.76563;40.2054;31.3;335;344.083;284.621;273;343;278.6;278.6;496.962;496.094;50;273.204;;;91.4849;1;1
1317;1;52.6418;32.2;4.72885;40.2865;31.3;321;344.112;284.621;273;343;278.6;278.6;496.962;496.238;50;273.208;;;90.8158;1;1
1318;1;52.6418;32.2;4.72885;40.489;31.3;318;344.314;284.599;273;343;278.6;278.6;497.107;496.238;50;273.205;;;90.4817;1;1
1319;1;52.5434;32.2;4.68327;40.3877;31.3;315;344.285;284.599;273;343;278.6;278.6;496.962;496.238;50;273.195;;;89.1214;1;1
1320;1;52.1904;32.2;4.61534;39.9797;31.4;289;345.067;284.606;273;343;278.6;278.6;496.962;496.383;50;273.2;;;88.385;1;1
1321;1;52.1441;32.2;4.61125;40.0839;31.4;286;345.067;284.614;273;343;278.6;278.6;496.962;496.383;50;273.233;;;87.8087;1;1
1322;1;52.4479;32.3;4.95755;40.3877;31.4;279;345.038;284.621;273;343;278.6;278.6;496.962;496.238;50;273.271;;;86.7467;1;1
1323;1;52.9485;32.3;4.98637;40.2141;31.4;275;345.139;284.621;273;343;278.6;278.6;496.817;496.094;50;273.309;;;86.0753;1;1
1324;1;52.8328;32.3;5.03084;40.081;31.4;267;345.153;284.599;273;343;278.6;278.6;496.672;496.094;50;273.345;;;85.5436;1;1
1325;1;52.5405;32.3;4.98466;40.081;31.4;262;345.124;284.599;273;343;278.6;278.6;496.672;496.094;50;273.394;;;84.131;1;1
1326;1;52.338;32.3;4.92888;40.1852;31.4;258;345.095;284.606;273;343;278.6;278.6;496.817;496.238;50;273.447;;;83.919;1;1
1327;1;52.5405;32.3;4.91124;40.2865;31.4;253;345.067;284.614;273;343;278.6;278.6;496.962;496.238;50;273.495;;;82.9258;1;1
1328;1;52.445;32.3;4.92064;40.1823;31.5;242;345.052;284.621;273;343;278.6;278.6;496.962;496.238;50;273.529;;;82.2016;1;1
1329;1;52.5434;32.4;5.21316;40.0839;31.5;234;345.139;284.621;273;343;278.6;278.6;496.962;496.383;50;273.541;;;81.4957;1;1
1330;1;52.3351;32.4;5.22909;39.9797;31.5;226;344.372;284.592;273;343;278.6;278.6;496.962;496.383;50;273.546;;;80.1465;1;1
1331;1;52.3987;32.4;5.19881;40.1852;31.5;214;344.343;284.592;273;343;278.6;278.6;496.962;496.383;50;273.53;;;79.7404;1;1
1332;1;52.4392;32.4;5.20283;40.1852;31.5;207;344.314;284.599;273;343;278.6;278.6;497.107;496.383;50;273.506;;;78.83;1;1
1333;1;52.5405;32.4;5.24961;40.1852;31.5;205;344.054;284.614;273;343;278.6;278.6;497.107;496.383;50;273.485;;;78.1078;1;1
1334;1;52.5405;32.4;5.24961;40.2865;31.5;201;344.01;284.621;273;343;278.6;278.6;496.962;496.238;50;273.484;;;77.1142;1;1
1335;1;52.7431;32.4;5.23297;40.0839;31.5;214;343.244;284.621;273;343;278.6;278.6;496.817;496.238;50;273.485;;;76.6342;1;1
1336;1;52.5405;32.4;5.15781;39.9797;31.5;216;343.88;284.606;273;343;278.6;278.6;496.962;496.238;50;273.489;;;75.2733;1;1
1337;1;52.5405;32.4;5.19452;39.9797;31.5;221;343.113;284.614;273;343;278.6;278.6;496.962;496.383;50;273.474;;;74.8123;1;1
1338;1;52.6389;32.4;5.16747;39.9797;31.5;236;343.113;284.599;273;343;278.6;278.6;496.962;496.238;50;273.472;;;74.0333;1;1
1339;1;52.5174;32.4;5.15554;40.081;31.5;242;342.824;284.628;273;343;278.6;278.6;496.962;496.238;50;273.471;;;73.2505;1;1
1340;1;52.5926;32.4;5.14455;40.081;31.5;244;342.795;284.635;273;343;278.6;278.6;496.962;496.383;50;273.468;;;71.9121;1;1
1341;1;52.7431;32.4;5.12242;40.0839;31.4;254;341.942;284.643;273;343;278.6;278.6;496.962;496.238;50;273.456;;;71.5585;1;1
1342;1;52.4566;32.4;5.0946;40.1852;31.4;266;341.725;284.418;273;343;278.6;278.6;496.962;496.238;50;273.438;;;70.742;1;1
1343;1;52.283;32.4;5.07774;39.8785;31.4;275;341.855;284.418;273;343;278.6;278.6;497.107;496.383;50;273.43;;;70.0311;1;1
1344;1;52.1354;32.4;5.06341;39.7772;31.4;288;341.102;284.361;273;343;278.6;278.6;497.107;496.528;50;273.442;;;69.3649;1;1
1345;1;52.1036;32.4;5.04212;39.9797;31.4;297;341.016;284.418;273;343;278.6;278.6;497.107;496.528;50;273.381;;;68.1041;1;1
1346;1;52.338;32.4;5.0282;40.081;31.4;306;340.77;284.426;273;343;278.6;278.6;497.251;496.528;50;273.375;;;67.8111;1;1
1347;1;52.3351;32.4;5.0828;39.9826;31.4;307;340.741;284.426;273;343;278.6;278.6;497.107;496.528;50;273.426;;;66.4279;1;1
1348;1;52.4392;32.4;5.09292;39.9797;31.4;328;339.887;284.426;273;343;278.6;278.6;497.251;496.528;50;273.464;;;66.0754;1;1
1349;1;52.6128;32.4;5.03623;40.0839;31.4;336;339.916;284.426;273;343;278.6;278.6;497.107;496.528;50;273.483;;;65.2436;1;1
1350;1;52.5666;32.4;5.10528;40.0839;31.4;343;340.032;284.426;273;343;278.6;278.6;497.251;496.528;50;273.502;;;64.5711;1;1
1351;1;52.7431;32.4;5.0487;40.0839;31.4;341;340.017;284.397;273;343;278.6;278.6;497.107;496.383;50;273.527;;;63.4431;1;1
1352;1;52.5579;32.4;5.01261;39.9797;31.4;341;339.974;284.389;273;343;278.6;278.6;497.107;496.528;47.9206;273.565;;;63.0101;1;1
1353;1;52.338;32.4;4.99164;39.8785;31.4;338;339.916;284.368;273;343;278.6;278.6;497.107;496.383;40.4742;273.606;;;62.358;1;1
1354;1;52.6418;32.3;4.64481;40.0839;31.4;336;339.887;284.368;273;343;278.6;278.6;497.107;496.528;32.9594;273.648;;;62.0021;1;1
1355;1;52.5405;32.3;4.70929;40.081;31.4;330;339.945;284.375;273;343;278.6;278.6;497.107;496.528;30.016;273.682;;;61.3832;1;1
1356;1;52.827;32.3;4.67961;40.081;31.4;323;340.046;284.375;273;343;278.6;278.6;497.251;496.528;30;273.707;;;59.6412;1;1
1357;1;52.6418;32.3;4.6632;40.1852;31.4;310;340.003;284.389;273;343;278.6;278.6;497.251;496.672;30;273.735;;;59.324;1;1
1358;1;52.5376;32.3;4.69068;40.2865;31.4;303;339.959;284.375;273;343;278.6;278.6;497.396;496.672;30;273.762;;;58.7451;1;1
1359;1;52.6418;32.3;4.64481;40.0029;31.4;294;339.916;284.382;273;343;278.6;278.6;497.251;496.528;30;273.81;;;58.6294;1;1
1360;1;52.2338;32.3;4.57232;40.1678;31.4;284;339.887;284.361;273;343;278.6;278.6;497.251;496.528;30;273.868;;;57.7642;1;1
1361;1;52.2309;32.3;4.57207;40.3877;31.4;280;339.931;284.375;273;343;278.6;278.6;497.107;496.383;30;273.922;;;57.418;1;1
1362;1;52.3669;32.3;4.62056;40.3848;31.4;278;340.032;284.375;273;343;278.6;278.6;497.107;496.528;30;273.957;;;57.3724;1;1
1363;1;52.2338;32.3;4.59057;40.1852;31.4;267;340.017;284.375;273;343;278.6;278.6;497.251;496.528;30;273.982;;;55.9554;1;1
1364;1;52.6418;32.3;4.6632;40.0839;31.4;253;339.945;284.476;273;343;278.6;278.6;497.107;496.528;30;273.927;;;55.9554;1;1
1365;1;52.5608;32.3;4.58258;40.081;31.5;241;339.916;284.505;273;343;278.6;278.6;497.251;496.672;30;273.846;;;55.758;1;1
1366;1;51.9965;32.3;4.56971;40.0839;31.5;233;339.887;284.491;273;343;278.6;278.6;497.251;496.672;28.1338;273.815;;;55.1834;1;1
1367;1;51.9271;32.3;4.54547;40.0637;31.5;225;339.468;284.498;273;343;278.6;278.6;497.251;496.672;20.937;273.799;;;54.9538;1;1
1368;1;52.0312;32.3;4.51824;39.9797;31.5;221;339.627;284.469;273;343;278.6;278.6;497.396;496.672;11.04;273.789;;;54.7243;1;1
1369;1;52.1325;32.3;4.59988;40.3877;31.5;235;339.612;284.484;273;343;278.6;278.6;497.251;496.672;2.98309;273.785;;;53.6928;1;0
1370;1;52.0573;32.3;4.53868;40.3877;31.5;239;339.497;284.491;273;343;278.6;278.6;497.251;496.672;0;273.769;;;52.2069;1;0
1371;1;52.1759;32.3;4.60371;40.081;31.5;236;339.598;284.324;278.6;343;278.6;278.6;497.54;496.817;0;273.75;;;52.2069;1;0
1372;1;52.2396;32.3;4.53633;40.2836;31.5;237;338.845;284.512;278.6;343;278.6;278.6;495.804;485.822;0;273.738;;;52.2069;1;0
1373;1;52.1209;32.3;4.50779;40.1852;31.5;214;338.903;284.52;278.6;343;278.6;278.6;365.307;338.686;0;273.689;;;52.2069;1;0
1374;1;52.1325;32.3;4.54524;40.0781;31.5;149;338.99;284.534;278.6;343;278.6;278.6;197.627;213.686;0;273.668;;;52.2069;1;0
1375;1;52.3582;32.3;4.61979;39.9797;31.5;79;338.571;284.31;278.6;343;278.6;278.6;124.421;134.693;0;273.72;;;52.2069;1;0
1376;1;52.5376;32.3;4.58056;39.8785;31.6;0;338.657;284.317;278.6;343;278.6;278.6;78.4144;73.0613;0;273.708;;;52.2069;1;0
1377;1;52.5405;32.3;4.58081;39.8785;31.6;0;337.992;284.295;278.6;343;278.6;278.6;49.4792;46.2963;0;273.714;;;52.2069;1;0
1378;1;52.8472;32.3;4.58909;39.9595;31.6;0;337.963;284.288;278.6;343;278.6;278.6;26.9097;29.5139;0;273.73;;;52.2069;1;0
1379;1;53.3536;32.3;4.6144;40.298;31.6;0;337.471;284.512;278.6;343;278.6;278.6;17.2164;18.9525;0;273.766;;;52.2069;1;0
1380;1;53.8802;32.3;4.67879;40.9751;31.6;0;336.791;284.512;278.6;343;278.6;278.6;10.9954;12.2975;0;273.808;;;52.2069;1;0
1381;1;55.0868;32.3;4.82206;41.7593;31.6;0;336.415;284.512;278.6;343;278.6;278.6;7.08912;7.08912;0;273.866;;;52.2069;1;0
1382;1;63.5532;32.3;5.49654;48.015;31.6;0;335.503;284.52;278.6;343;278.6;278.6;4.05093;4.91898;0;273.94;;;52.2069;1;0
1383;1;70.6134;32.3;6.15652;54.1869;31.6;0;334.852;284.52;278.6;343;278.6;278.6;3.03819;3.47222;0;274.03;;;52.2069;1;0
1384;1;73.4028;32.3;6.3484;54.6267;31.6;0;333.898;284.541;278.6;343;278.6;278.6;1.88079;2.60417;0;274.123;;;52.2069;1;0
1385;1;73.3015;32.3;6.4421;54.5341;31.6;0;332.856;284.498;278.6;343;278.6;278.6;1.44676;1.73611;0;274.213;;;52.2069;1;0
1386;1;72.3466;32.3;6.28236;54.32;31.5;0;332.595;284.491;278.6;343;278.6;278.6;1.15741;1.44676;0;274.315;;;52.2069;1;0
1387;1;70.7899;32.3;6.09769;53.6082;31.5;0;331.525;284.52;278.6;343;278.6;278.6;0.868056;1.30208;0;274.421;;;52.2069;1;0
1388;1;69.0394;32.2;5.64703;52.5897;31.4;0;330.411;284.527;278.6;343;278.6;278.6;0.72338;1.30208;0;274.536;;;52.2069;1;0
1389;1;67.3003;32.2;5.43426;51.6753;31.4;0;329.34;284.512;278.6;343;278.6;278.6;0.72338;1.15741;0;274.65;;;52.2069;1;0
1390;1;67.202;32.2;5.42632;50.9635;31.3;0;328.299;284.512;278.6;343;278.6;278.6;0.578704;1.01273;0;274.758;;;52.2069;1;0
1391;1;68.1134;32.2;5.5475;51.577;31.3;0;327.561;284.52;278.6;343;278.6;278.6;0.578704;1.01273;0;274.853;;;52.2069;1;0
1392;1;70;32.1;5.20144;52.0168;31.3;0;326.62;284.541;278.6;343;278.6;278.6;0.434028;1.01273;0;274.937;;;52.2069;1;0
1393;1;70.2459;32.1;5.24425;52.39;31.2;0;325.68;284.52;278.6;343;278.6;278.6;0.434028;1.01273;0;275.017;;;52.2069;1;0
1394;1;70.0434;32.1;5.20466;52.0833;31.2;0;324.682;284.476;278.6;343;278.6;278.6;0.434028;1.01273;0;275.1;;;52.2069;1;0
1395;1;69.1262;32;4.71549;51.6753;31.2;0;324.465;284.476;278.6;343;278.6;278.6;0.434028;1.01273;0;275.181;;;52.2069;1;0
1396;1;68.4172;32;4.69103;51.0532;31.1;0;323.38;284.52;278.6;343;278.6;278.6;0.434028;1.01273;0;275.267;;;52.2069;1;0
1397;1;68.6603;31.9;4.21755;51.0648;31.1;0;322.309;284.52;278.6;343;278.6;278.6;0.578704;1.01273;0;275.366;;;52.2069;1;0
1398;1;69.1262;31.9;4.31861;51.2703;31.1;0;321.209;284.498;278.6;343;278.6;278.6;0.578704;1.01273;0;275.477;;;52.2069;1;0
1399;1;69.7367;31.8;3.88329;51.9821;31.1;0;320.153;284.498;278.6;343;278.6;278.6;0.578704;1.01273;0;275.601;;;52.2069;1;0
1400;1;69.809;31.8;3.9117;52.39;31;0;319.343;284.505;278.6;343;278.6;278.6;0.434028;1.01273;0;275.725;;;52.2069;1;0
1401;1;69.4097;31.7;3.41809;52.0833;31;0;318.432;284.252;278.6;343;278.6;278.6;0.578704;1.01273;0;275.82;;;52.2069;1;0
1402;1;68.8223;31.7;3.36512;51.7795;31;0;317.477;284.512;278.6;343;278.6;278.6;0.434028;1.01273;0;275.888;;;52.2069;1;0
1403;1;68.4144;31.6;2.92848;51.3715;31;0;316.826;284.201;278.6;343;278.6;278.6;0.434028;1.01273;0;275.935;;;52.2069;1;0
1404;1;68.6198;31.6;2.9133;51.7795;31;0;315.77;284.209;278.6;343;278.6;278.6;0.434028;1.01273;0;275.976;;;52.2069;1;0
1405;1;68.7066;31.6;2.94099;51.7795;31;0;315.365;284.252;278.6;343;278.6;278.6;0.578704;1.01273;0;276.012;;;52.2069;1;0
1406;1;68.8079;31.5;2.47816;51.7969;30.9;0;314.265;284.252;278.6;343;278.6;278.6;0.578704;1.01273;0;276.034;;;52.2069;1;0
1407;1;69.0278;31.5;2.58254;51.8837;30.9;0;313.513;284.238;278.6;343;278.6;278.6;0.434028;1.01273;0;276.053;;;52.2069;1;0
1408;1;68.8079;31.4;2.011;52.0833;30.9;0;312.457;284.657;278.6;343;278.6;278.6;0.578704;1.01273;0;276.069;;;52.2069;1;0
1409;1;68.5851;31.4;2.07637;51.9792;30.9;0;312.297;284.621;278.6;343;278.6;278.6;0.578704;1.01273;0;276.073;;;52.2069;1;0
1410;1;69.0249;31.3;1.52456;51.6753;30.9;0;311.386;284.606;278.6;343;278.6;278.6;0.434028;1.01273;0;276.076;;;52.2069;1;0
1411;1;68.8166;31.3;1.56807;51.7795;30.9;0;310.634;284.635;278.6;343;278.6;278.6;0.578704;1.01273;0;276.076;;;52.2069;1;0
1412;1;68.6921;31.2;1.14687;51.8837;30.9;0;310.272;284.643;278.6;343;278.6;278.6;0.434028;1.01273;0;276.078;;;52.2069;1;0
1413;1;68.805;31.2;1.17279;52.0833;30.9;0;309.447;284.628;278.6;343;278.6;278.6;0.578704;1.01273;0;276.076;;;52.2069;1;0
1414;1;68.5185;31.1;0.702707;52.0833;30.9;0;308.333;284.635;278.6;343;278.6;278.6;0.578704;1.01273;0;276.067;;;52.2069;1;0
1415;1;68.5156;31.1;0.726612;51.8808;30.9;0;308.116;284.635;278.6;343;278.6;278.6;0.578704;1.01273;0;276.057;;;52.2069;1;0
1416;1;68.7211;31.1;0.776804;51.6956;30.9;0;307.538;284.628;278.6;343;278.6;278.6;0.434028;1.01273;0;276.037;;;52.2069;1;0
1417;1;68.9236;31;0.262991;52.0862;30.9;0;307.263;284.628;278.6;343;278.6;278.6;0.578704;1.01273;0;276.012;;;52.2069;1;0
1418;1;68.8079;31;0.310624;51.9531;30.8;0;306.568;284.621;278.6;343;278.6;278.6;0.578704;1.01273;0;275.981;;;52.2069;1;0
1419;1;68.8426;31;0.214583;51.8518;30.8;0;306.178;284.635;278.6;343;278.6;278.6;0.578704;1.15741;0;275.95;;;52.2069;1;0
1420;1;68.6198;30.9;0;51.6522;30.8;0;305.396;284.657;278.6;343;278.6;278.6;0.578704;1.01273;0;275.908;;;52.2069;1;0
1421;1;68.6198;30.9;0;51.4728;30.8;0;305.006;284.679;278.6;343;278.6;278.6;0.578704;1.01273;0;275.857;;;52.2069;1;0
1422;1;69.0249;30.8;0;52.0804;30.8;0;304.225;284.729;278.6;343;278.6;278.6;0.434028;1.01273;0;275.799;;;52.2069;1;0
1423;1;69.1551;30.8;0;51.7795;30.8;0;304.065;284.715;278.6;343;278.6;278.6;0.578704;1.01273;0;275.74;;;52.2069;1;0
1424;1;68.7008;30.8;0;51.7795;30.8;0;303.443;284.961;278.6;343;278.6;278.6;0.578704;1.01273;0;275.679;;;52.2069;1;0
1425;1;68.533;30.7;0;51.8576;30.8;0;303.212;284.744;278.6;343;278.6;278.6;0.434028;1.01273;0;275.617;;;52.2069;1;0
1426;1;68.9236;30.7;0;51.7795;30.8;0;302.344;284.758;278.6;343;278.6;278.6;0.434028;1.01273;0;275.558;;;52.2069;1;0
1427;1;68.8513;30.7;0;51.4265;30.8;0;302.011;284.758;278.6;343;278.6;278.6;0.434028;1.01273;0;275.499;;;52.2069;1;0
1428;1;68.8223;30.7;0;51.577;30.8;0;301.924;284.744;278.6;343;278.6;278.6;0.578704;1.01273;0;275.442;;;53.8618;1;0
1429;1;68.6487;30.6;0;51.5741;30.8;0;301.172;284.766;278.6;343;278.6;278.6;0.578704;1.01273;0;275.392;;;53.8618;1;0
1430;1;68.724;30.6;0;51.6782;30.8;0;300.94;284.758;278.6;343;278.6;278.6;0.578704;1.01273;0;275.348;;;53.8618;1;0
1431;1;68.6198;30.6;0;51.7795;30.8;0;301.042;284.715;278.6;343;278.6;278.6;0.434028;1.01273;0;275.315;;;53.8618;1;0
1432;1;68.5185;30.6;0;51.9821;30.8;0;300.926;284.939;278.6;343;278.6;278.6;0.578704;1.01273;0;275.29;;;53.8618;1;0
1433;1;69.1262;30.5;0;51.8808;30.8;0;300.13;284.744;278.6;343;278.6;278.6;0.578704;1.01273;0;275.279;;;53.8618;1;0
1434;1;68.7905;30.5;0;52.0833;30.8;0;300.072;285.135;278.6;343;278.6;278.6;0.578704;1.01273;0;275.274;;;53.8618;1;0
1435;1;68.724;30.5;0;51.8837;30.8;0;299.291;285.149;278.6;343;278.6;278.6;0.434028;1.01273;0;275.281;;;53.8618;1;0
1436;1;68.6198;30.5;0;51.577;30.8;0;298.944;285.156;278.6;343;278.6;278.6;0.434028;1.01273;0;275.296;;;53.8618;1;0
1437;1;68.9236;30.4;0;51.4757;30.8;0;298.828;285.156;278.6;343;278.6;278.6;0.434028;1.01273;0;275.32;;;53.8618;1;0
1438;1;68.7008;30.4;0;51.4844;30.8;0;298.047;285.135;278.6;343;278.6;278.6;0.434028;1.01273;0;275.349;;;53.8618;1;0
1439;1;68.6198;30.4;0;51.4728;30.8;0;298.119;285.127;278.6;343;278.6;278.6;0.434028;1.01273;0;275.383;;;53.8618;1;0
1440;1;68.614;30.4;0;51.8779;30.8;0;297.975;285.135;278.6;343;278.6;278.6;0.578704;1.01273;0;275.425;;;53.8618;1;0
1441;1;68.3131;30.4;0;51.9821;30.8;0;298.061;285.142;278.6;343;278.6;278.6;0.578704;1.01273;0;275.473;;;53.8618;1;0
1442;1;68.3131;30.4;0;51.9821;30.8;0;297.28;285.149;278.6;343;278.6;278.6;0.434028;1.01273;0;275.529;;;53.8618;1;0
1443;1;68.6198;30.3;0;51.8779;30.8;0;297.222;285.156;278.6;343;278.6;278.6;0.578704;1.15741;0;275.599;;;53.8618;1;0
1444;1;68.8223;30.3;0;52.0833;30.7;0;297.135;285.156;278.6;343;278.6;278.6;0.434028;1.01273;0;275.683;;;53.8618;1;0
1445;1;69.1291;30.3;0;52.1036;30.7;0;296.803;285.236;278.6;343;278.6;278.6;0.578704;1.01273;0;275.778;;;53.8618;1;0
1446;1;69.1262;30.3;0;51.7708;30.7;0;296.788;285.352;278.6;343;278.6;278.6;0.434028;1.01273;0;275.88;;;53.8618;1;0
1447;1;69.2303;30.3;0;51.5741;30.7;0;296.817;285.359;278.6;343;278.6;278.6;0.434028;1.01273;0;275.99;;;53.8618;1;0
1448;1;69.6181;30.3;0;51.9821;30.7;0;296.181;285.359;278.6;343;278.6;278.6;0.578704;1.01273;0;276.096;;;-55.292;1;0
1449;1;69.7396;30.3;0;51.7795;30.7;0;296.253;285.323;278.6;343;278.6;278.6;0.578704;1.01273;0;276.196;;;-55.292;1;0
1450;1;68.8223;30.3;0;51.794;30.7;0;296.166;285.359;278.6;343;278.6;278.6;0.578704;1.01273;0;276.308;;;-55.292;1;0
1451;1;68.7211;30.2;0;51.5712;30.7;0;295.891;285.352;278.6;343;278.6;278.6;0.434028;1.01273;0;276.414;;;-55.292;1;0
1452;1;69.0856;30.2;0;51.7303;30.7;0;295.833;285.395;278.6;343;278.6;278.6;0.578704;1.15741;0;276.517;;;-55.292;1;0
1453;1;69.1262;30.2;0;51.8808;30.7;0;295.747;285.315;278.6;343;278.6;278.6;0.434028;1.01273;0;276.617;;;-55.292;1;0
1454;1;68.8223;30.2;0;51.4699;30.7;0;295.356;285.308;278.6;343;278.6;278.6;0.578704;1.01273;0;276.717;;;-55.292;1;0
1455;1;68.7211;30.2;0;51.6753;30.7;0;295.428;285.308;278.6;343;278.6;278.6;0.434028;1.01273;0;276.813;;;-55.292;1;0
1456;1;69.213;30.2;0;51.9821;30.7;0;295.53;285.337;278.6;343;278.6;278.6;0.578704;1.01273;0;276.906;;;-55.292;1;0
1457;1;69.2274;30.2;0;51.9821;30.7;0;295.544;285.663;278.6;343;278.6;278.6;0.434028;1.01273;0;276.992;;;-55.292;1;0
1458;1;68.7211;30.2;0;51.8779;30.7;0;295.501;285.67;278.6;343;278.6;278.6;0.434028;1.01273;0;277.072;;;-55.292;1;0
1459;1;68.6198;30.2;0;51.9821;30.7;0;294.821;285.655;278.6;343;278.6;278.6;0.434028;1.01273;0;277.138;;;-55.292;1;0
1460;1;68.5446;30.2;0;51.7795;30.7;0;294.719;285.634;278.6;343;278.6;278.6;0.578704;1.01273;0;277.201;;;-55.292;1;0
1461;1;68.4172;30.2;0;51.4699;30.7;0;294.792;285.648;278.6;343;278.6;278.6;0.578704;1.01273;0;277.262;;;-55.292;1;0
1462;1;68.4144;30.1;0;51.4728;30.7;0;294.907;285.655;278.6;343;278.6;278.6;0.578704;1.01273;0;277.307;;;-55.292;1;0
1463;1;68.4462;30.1;0;51.6753;30.7;0;295.009;285.865;278.6;343;278.6;278.6;0.578704;1.01273;0;277.358;;;-55.292;1;0
1464;1;68.4144;30.1;0;51.8721;30.7;0;294.98;285.872;278.6;343;278.6;278.6;0.578704;1.01273;0;277.408;;;-55.292;1;0
1465;1;68.6198;30.1;0;51.9821;30.7;0;294.792;285.88;278.6;343;278.6;278.6;0.434028;1.01273;0;277.455;;;-55.292;1;0
1466;1;68.6632;30.1;0;52.1846;30.7;0;294.719;285.843;278.6;343;278.6;278.6;0.434028;1.01273;0;277.494;;;-55.292;1;0
1467;1;68.7211;30.1;0;51.9705;30.7;0;294.025;285.822;278.6;343;278.6;278.6;0.578704;1.01273;0;277.538;;;-55.292;1;0
1468;1;69.0249;30.1;0;51.7766;30.7;0;294.126;285.829;278.6;343;278.6;278.6;0.434028;1.01273;0;277.577;;;-55.292;1;0
1469;1;68.5388;30.1;0;51.6725;30.7;0;294.213;285.843;278.6;343;278.6;278.6;0.434028;1.01273;0;277.619;;;-55.292;1;0
1470;1;68.9236;30.1;0;51.7795;30.7;0;294.271;286.169;278.6;343;278.6;278.6;0.578704;1.01273;0;277.659;;;-55.292;1;0
1471;1;69.0278;30.1;0;51.9821;30.7;0;294.271;286.176;278.6;343;278.6;278.6;0.434028;1.01273;0;277.698;;;-55.292;1;0
1472;1;68.8455;30.1;0;51.9097;30.7;0;294.184;286.191;278.6;343;278.6;278.6;0.434028;1.01273;0;277.733;;;-55.292;1;0
1473;1;68.5793;30.1;0;51.8837;30.7;0;294.676;286.183;278.6;343;278.6;278.6;0.434028;1.01273;0;277.766;;;-55.292;1;0
1474;1;68.5156;30.1;0;51.8808;30.7;0;293.981;286.147;278.6;343;278.6;278.6;0.434028;1.15741;0;277.799;;;-55.292;1;0
1475;1;68.6198;30.1;0;51.6753;30.7;0;293.967;286.321;278.6;343;278.6;278.6;0.578704;1.01273;0;277.833;;;-55.292;1;0
1476;1;68.5185;30.1;0;51.7766;30.7;0;294.054;286.328;278.6;343;278.6;278.6;0.578704;1.15741;0;277.865;;;-55.292;1;0
1477;1;68.7211;30.1;0;51.8808;30.7;0;294.097;286.321;278.6;343;278.6;278.6;0.434028;1.01273;0;277.89;;;-55.292;1;0
1478;1;68.7731;30.1;0;52.1528;30.7;0;294.198;286.335;278.6;343;278.6;278.6;0.434028;1.15741;0;277.925;;;-55.292;1;0
1479;1;68.4664;30.1;0;52.1846;30.7;0;294.242;286.35;278.6;343;278.6;278.6;0.434028;1.01273;0;277.957;;;-55.292;1;0
1480;1;68.3247;30.1;0;51.8808;30.7;0;294.141;286.328;278.6;343;278.6;278.6;0.578704;1.15741;0;277.987;;;-55.292;1;0
1481;1;68.2118;30.1;0;51.9821;30.7;0;294.054;286.632;278.6;343;278.6;278.6;0.578704;1.15741;0;278.023;;;-55.292;1;0
1482;1;68.6198;30.1;0;51.9763;30.7;0;293.981;286.639;278.6;343;278.6;278.6;0.434028;1.15741;0;278.054;;;-55.292;1;0
1483;1;69.0249;30.1;0;51.8808;30.7;0;293.75;286.654;278.6;343;278.6;278.6;0.578704;1.15741;0;278.082;;;-55.292;1;0
1484;1;69.3316;30.1;0;51.9821;30.7;0;293.851;286.661;278.6;343;278.6;278.6;0.578704;1.15741;0;278.107;;;-55.292;1;0
1485;1;69.3316;30.1;0;51.8808;30.7;0;293.967;286.675;278.6;343;278.6;278.6;0.578704;1.01273;0;278.129;;;-55.292;1;0
1486;1;69.1291;30.1;0;51.9821;30.7;0;293.996;286.668;278.6;343;278.6;278.6;0.434028;1.01273;0;278.149;;;-55.292;1;0
1487;1;68.5185;30.1;0;51.9705;30.7;0;293.88;286.813;278.6;343;278.6;278.6;0.434028;1.15741;0;278.172;;;-55.292;1;0
1488;1;68.4172;30.1;0;51.9821;30.7;0;293.779;287.023;278.6;343;278.6;278.6;0.434028;1.15741;0;278.198;;;-55.292;1;0
1489;1;68.5185;30.1;0;52.011;30.7;0;293.736;286.827;278.6;343;278.6;278.6;0.578704;1.15741;0;278.221;;;-55.292;1;0
1490;1;68.4172;30;0;51.9821;30.7;0;293.837;286.834;278.6;343;278.6;278.6;0.434028;1.15741;0;278.242;;;-55.292;1;0
1491;1;68.1105;30;0;51.5741;30.7;0;294.01;287.088;278.6;343;278.6;278.6;0.434028;1.15741;0;278.26;;;-55.292;1;0
1492;1;67.9109;30;0;51.6782;30.7;0;293.981;287.073;278.6;343;278.6;278.6;0.578704;1.15741;0;278.275;;;-55.292;1;0
1493;1;68.5185;30;0;51.5741;30.7;0;293.866;287.189;278.6;343;278.6;278.6;0.434028;1.15741;0;278.283;;;-55.292;1;0
1494;1;68.4144;30;0;51.4728;30.7;0;293.75;287.16;278.6;343;278.6;278.6;0.434028;1.01273;0;278.285;;;-55.292;1;0
1495;1;68.5012;30;0;51.4786;30.7;0;293.779;287.174;278.6;343;278.6;278.6;0.434028;1.15741;0;278.287;;;-55.292;1;0
1496;1;68.2118;30;0;51.3715;30.7;0;293.88;287.189;278.6;343;278.6;278.6;0.578704;1.01273;0;278.289;;;-55.292;1;0
1497;1;68.3131;30;0;51.3715;30.7;0;293.996;287.203;278.6;343;278.6;278.6;0.578704;1.15741;0;278.29;;;-55.292;1;0
1498;1;68.6198;30;0;51.7766;30.7;0;293.981;287.211;278.6;343;278.6;278.6;0.578704;1.15741;0;278.288;;;-55.292;1;0
1499;1;68.6169;30;0;51.7795;30.7;0;293.866;287.196;278.6;343;278.6;278.6;0.578704;1.01273;0;278.29;;;63.4284;1;0
1500;1;67.9688;30;0;51.7737;30.7;0;293.793;287.16;278.6;343;278.6;278.6;0.578704;1.15741;0;278.282;;;63.4284;1;0
1501;1;68.2205;30;0;52.0833;30.7;0;293.721;287.514;278.6;343;278.6;278.6;0.578704;1.15741;0;278.272;;;63.4284;1;0
1502;1;68.5417;30;0;52.0833;30.7;0;293.764;287.529;278.6;343;278.6;278.6;0.578704;1.15741;0;278.264;;;63.4284;1;0
1503;1;68.4144;30;0;52.0833;30.7;0;293.88;287.514;278.6;343;278.6;278.6;0.434028;1.15741;0;278.254;;;63.4284;1;0
1504;1;68.5185;30;0;51.8808;30.7;0;293.981;287.522;278.6;343;278.6;278.6;0.578704;1.15741;0;278.248;;;63.4284;1;0
1505;1;69.0046;30;0;51.6175;30.7;0;293.996;287.543;278.6;343;278.6;278.6;0.434028;1.15741;0;278.233;;;63.4284;1;0
1506;1;68.8715;30;0;51.9068;30.7;0;293.866;287.529;278.6;343;278.6;278.6;0.578704;1.01273;0;278.218;;;63.4284;1;0
1507;1;68.6921;30;0;51.4728;30.7;0;293.75;287.486;278.6;343;278.6;278.6;0.434028;1.15741;0;278.205;;;63.4284;1;0
1508;1;68.6082;30;0;51.3744;30.7;0;293.721;287.507;278.6;343;278.6;278.6;0.578704;1.15741;0;278.193;;;63.4284;1;0
1509;1;68.4635;30;0;51.6782;30.7;0;293.822;287.514;278.6;343;278.6;278.6;0.578704;1.15741;0;278.183;;;63.4284;1;0
1510;1;68.0498;30;0;51.8374;30.7;0;293.924;287.522;278.6;343;278.6;278.6;0.578704;1.15741;0;278.176;;;63.4284;1;0
1511;1;68.1076;30;0;52.0833;30.7;0;294.01;287.71;278.6;343;278.6;278.6;0.578704;1.15741;0;278.167;;;63.4284;1;0
1512;1;68.6198;30;0;52.0862;30.7;0;293.707;287.717;278.6;343;278.6;278.6;0.434028;1.15741;0;278.16;;;63.4284;1;0
1513;1;68.5156;30;0;51.6753;30.7;0;293.62;287.681;278.6;343;278.6;278.6;0.578704;1.01273;0;278.153;;;63.4284;1;0
1514;1;68.3131;30;0;51.4641;30.7;0;293.519;287.674;278.6;343;278.6;278.6;0.578704;1.15741;0;278.145;;;63.4284;1;0
1515;1;68.4057;30;0;51.6753;30.7;0;293.49;287.688;278.6;343;278.6;278.6;0.578704;1.15741;0;278.132;;;63.4284;1;0
1516;1;68.0642;30;0;51.7766;30.7;0;293.547;287.703;278.6;343;278.6;278.6;0.434028;1.15741;0;278.116;;;63.4284;1;0
1517;1;68.2494;30;0;51.3831;30.7;0;293.649;287.717;278.6;343;278.6;278.6;0.434028;1.15741;0;278.104;;;63.4284;1;0
