time;Banddicke;Verzinnungsstation: Durchflussmenge;Verzinnungsstation: Rücklauftemperatur;Verzinnungsstation: Kühlleistung;Verzinnungsstation FU: Durchflussmenge;Verzinnungsstation FU: Rücklauftemperatur;Ofenleistung;Wannentemperatur außen;Wannentemperatur innen;Solltemperatur unter Zinnbadrolle;Bandbreite;Laufprogramm Online Zinnbad / Anlagenstartwert Rezept;Laufprogramm Online Zinnbad / Anlagenstartwert korrigiert;Abblasung OS Luftdruck;Abblasung US Luftdruck;Bandgeschwindigkeit;Temperatur unter Zinnbadrolle;MON Verzinnungseinheit Verzinnungsstation Ofen 1 aktiv;MON Verzinnungseinheit Verzinnungsstation Ofen 2 aktiv;Legierung;ChannelInfoFieldText([10:1], "$PDA_expression");Bandlänge auf Abhaspel;Hubtraverse unten;Bandtransport
0;0.4;51.412;27.2;0;39.5399;27.4;28;294.951;280.035;265;360;270;268;298.611;298.9;70;267.499;0;1;;;3152.24;1;1
1;0.4;51.4207;27.2;0;39.6181;27.4;29;294.777;280.035;265;360;270;268;298.611;298.9;70;267.533;0;1;;;3150.12;1;1
2;0.4;51.2674;27.2;0;39.5139;27.4;29;294.372;280.237;265;360;270;268;298.611;298.9;70;267.572;0;1;;;3150.12;1;1
3;0.4;51.1169;27.2;0;39.3721;27.5;26;294.43;280.237;265;360;270;268;298.611;298.9;70;267.618;0;1;;;3150.12;1;1
4;0.4;50.9115;27.1;0;39.2708;27.5;25;293.88;280.237;265;360;270;268;298.611;298.9;70;267.663;0;1;;;3148.77;1;1
5;0.4;51.0909;27.1;0;39.2708;27.5;23;293.924;280.418;265;360;270;268;298.611;298.9;70;267.707;0;1;;;3148.44;1;1
6;0.4;51.0909;27.1;0;39.3721;27.5;21;293.981;280.418;265;360;270;268;298.611;298.756;70;267.755;0;1;;;3148.44;1;1
7;0.4;50.7205;27.1;0;39.3721;27.5;17;293.128;280.389;265;360;270;268;298.611;298.756;70;267.811;0;1;;;3147.02;1;1
8;0.4;51.0156;27;0;39.2708;27.5;16;293.056;280.425;265;360;270;268;298.611;298.756;70;267.865;0;1;;;3147.02;1;1
9;0.4;51.1169;27;0;39.2708;27.5;0;293.461;280.216;265;360;270;268;298.466;298.756;70;267.919;0;1;;;3147;1;1
10;0.4;50.8073;27;0;39.2708;27.5;0;292.708;280.23;265;360;270;268;298.466;298.756;70;267.974;0;1;;;3147;1;1
11;0.4;51.114;27;0;39.3721;27.5;0;292.795;280.23;265;360;270;268;298.466;298.756;70;268.033;0;1;;;3143.46;1;1
12;0.4;51.3194;27;0;39.5775;27.6;0;292.853;280.411;265;360;270;268;298.611;298.756;70;268.094;0;1;;;3142.75;1;1
13;0.4;51.2182;26.9;0;39.3721;27.6;0;292.173;280.418;265;360;270;268;298.611;298.756;70;268.151;0;1;;;3142.75;1;1
14;0.4;51.6233;26.9;0;39.4734;27.6;0;292.636;280.237;265;360;270;268;298.611;298.756;70;268.213;0;1;;;3142.75;1;1
15;0.4;51.5393;26.9;0;39.3721;27.6;0;292.144;280.563;265;360;270;268;298.611;298.9;70;268.265;0;1;;;3139.21;1;1
16;0.4;51.6262;26.9;0;39.4734;27.6;0;291.797;280.556;265;360;270;268;298.466;298.9;70;268.326;0;1;;;3136.38;1;1
17;0.4;51.5249;26.9;0;39.4763;27.6;0;291.71;280.563;265;360;270;268;298.611;298.756;70;268.391;0;1;;;3136.38;1;1
18;0.4;51.4902;26.8;0;39.4734;27.6;0;291.377;280.541;265;360;270;268;298.466;298.756;70;268.449;0;1;;;3135.67;1;1
19;0.4;51.1169;26.8;0;39.4734;27.6;0;290.929;280.556;265;360;270;268;298.466;298.756;70;268.496;0;1;;;3134.97;1;1
20;0.4;51.1169;26.8;0;39.4734;27.7;0;291.406;280.541;265;360;270;268;298.466;298.756;70;268.541;0;1;;;3134.97;1;1
21;0.4;51.4757;26.8;0;39.592;27.7;0;290.842;280.541;265;360;270;268;298.466;298.756;70;268.583;0;1;;;3134.97;1;1
22;0.4;51.4207;26.8;0;39.7801;27.7;0;290.914;280.541;265;360;270;268;298.466;298.756;70;268.619;0;1;;;3132.14;1;1
23;0.4;51.2703;26.8;0;39.9826;27.7;0;290.567;280.541;265;360;270;268;298.466;298.756;70;268.652;0;1;;;3129.31;1;1
24;0.4;51.8316;26.8;0;39.8814;27.7;0;290.422;280.541;265;360;270;268;298.466;298.611;70;268.68;0;1;;;3129.31;1;1
25;0.4;51.8287;26.7;0;39.9826;27.7;0;289.656;280.541;265;360;270;268;298.322;298.611;70;268.705;0;1;;;3129.31;1;1
26;0.4;51.8316;26.7;0;40.0868;27.7;0;289.656;280.541;265;360;270;268;298.322;298.466;70;268.716;0;1;;;3128.6;1;1
27;0.4;51.2153;26.7;0;40.3906;27.7;0;289.424;280.541;265;360;270;268;298.322;298.466;70;268.725;0;1;;;3127.9;1;1
28;0.4;51.4207;26.7;0;40.1852;27.7;0;289.453;280.541;265;360;270;268;298.466;298.466;70;268.734;0;1;;;3127.19;1;1
29;0.4;51.4497;26.7;0;40.2691;27.7;0;288.788;280.541;265;360;270;268;298.466;298.466;70;268.741;0;1;;;3125.07;1;1
30;0.4;51.7274;26.7;0;40.2894;27.8;0;288.86;280.541;265;360;270;268;298.322;298.466;70;268.736;0;1;;;3122.24;1;1
31;0.4;51.5249;26.7;0;40.1852;27.8;0;288.556;280.541;265;360;270;268;298.177;298.177;70;268.732;0;1;;;3122.24;1;1
32;0.4;51.8316;26.7;0;39.8814;27.8;0;288.484;280.541;265;360;270;268;297.888;298.177;70;268.729;0;1;;;3121.54;1;1
33;0.4;51.8287;26.7;0;39.8814;27.8;0;288.354;280.541;265;360;270;268;297.888;297.888;70;268.726;0;1;;;3121.54;1;1
34;0.4;51.4236;26.7;0;40.0839;27.8;0;287.543;280.534;265;360;270;268;297.743;297.888;70;268.723;0;1;;;3117.37;1;1
35;0.4;51.3339;26.7;0;40.0839;27.8;0;287.674;280.534;265;360;270;268;297.598;297.743;70;268.721;0;1;;;3117.37;1;1
36;0.4;51.5249;26.6;0;40.0839;27.8;0;287.5;280.534;265;360;270;268;297.309;297.598;70;268.718;0;1;;;3117.37;1;1
37;0.4;51.5249;26.6;0;39.8814;27.8;0;287.5;280.534;265;360;270;268;297.309;297.454;70;268.716;0;1;;;3115.96;1;1
38;0.4;51.8837;26.6;0;39.9826;27.8;0;287.558;280.527;265;360;270;268;297.309;297.309;70;268.715;0;1;;;3114.54;1;1
39;0.4;51.93;26.6;0;40.0839;27.8;0;286.733;280.534;265;360;270;268;297.164;297.309;70;268.713;0;1;;;3114.54;1;1
40;0.4;51.93;26.6;0;39.7801;27.8;0;286.603;280.143;265;360;270;268;297.02;297.164;70;268.712;0;1;;;3111.5;1;1
41;0.4;51.8287;26.6;0;39.6788;27.8;0;286.285;280.143;265;360;270;268;296.875;297.164;70;268.711;0;1;;;3107.62;1;1
42;0.4;51.7274;26.6;0;39.4763;27.8;0;286.285;280.143;265;360;270;268;296.73;297.164;70;268.718;0;1;;;3106.21;1;1
43;0.4;51.3194;26.6;0;39.4329;27.9;0;286.357;280.15;265;360;270;268;296.875;297.02;70;268.727;0;1;"CUSN6       ";;3106.21;1;1
44;0.4;51.1111;26.6;0;39.6644;27.9;0;285.72;280.15;265;360;270;268;296.875;297.02;70;268.735;0;1;;;3106.21;1;1
45;0.4;51.5249;26.6;0;40.0839;27.9;0;285.807;280.143;265;360;270;268;296.875;297.02;70;268.742;0;1;;;3106.21;1;1
46;0.4;51.8287;26.6;0;40.0897;27.9;0;285.677;280.143;265;360;270;268;296.875;297.02;70;268.749;0;1;;;3106.21;1;1
47;0.4;51.7014;26.6;0;40.0839;27.9;0;285.561;280.143;265;360;270;268;296.875;297.164;70;268.754;0;1;;;3101.98;1;1
48;0.4;51.6204;26.6;0;39.9913;27.9;0;285.2;280.15;265;360;270;268;297.02;297.02;70;268.759;0;1;;;3098.99;1;1
49;0.4;51.5249;26.6;0;39.9826;27.9;0;285.272;280.15;265;360;270;268;297.02;297.164;70;268.764;0;1;;;3098.99;1;1
50;0.4;51.8229;26.6;0;39.9855;27.9;0;285.171;280.339;265;360;270;268;297.02;297.164;70;268.768;0;1;;;3098.99;1;1
51;0.4;51.6262;26.6;0;40.2894;27.9;0;284.708;280.15;265;360;270;268;297.02;297.309;70;268.771;0;1;;;3097.58;1;1
52;0.4;51.4207;26.6;0;40.1852;27.9;0;284.766;280.035;265;360;270;268;297.02;297.309;70;268.773;0;1;;;3094.06;1;1
53;0.4;51.7101;26.6;0;39.9797;27.9;0;284.679;280.035;265;360;270;268;297.02;297.309;70;268.768;0;1;;;3093.34;1;1
54;0.4;51.7245;26.6;0;40.3935;27.9;0;284.549;280.035;265;360;270;268;297.02;297.309;70;268.76;0;1;;;3093.34;1;1
55;0.4;51.4091;26.6;0;40.3906;28;0;284.071;280.027;265;360;270;268;297.02;297.309;70;268.754;0;1;;;3092.43;1;1
56;0.4;51.4497;26.6;0;40.3906;28;0;284.086;280.027;265;360;270;268;297.02;297.164;70;268.748;0;1;;;3091.73;1;1
57;0.4;51.5249;26.6;0;40.3906;28;0;284.144;280.027;265;360;270;268;297.02;297.164;70;268.742;0;1;;;3091.73;1;1
58;0.4;51.577;26.6;0;40.3906;28;0;283.666;280.035;265;360;270;268;297.02;297.164;70;268.738;0;1;;;3089.62;1;1
59;0.4;51.4207;26.6;0;40.4919;28;0;283.738;279.659;265;360;270;268;297.02;297.164;70;268.734;0;1;;;3088.21;1;1
60;0.4;51.114;26.7;0;40.3906;28;0;283.536;279.767;265;360;270;268;297.02;297.164;70;268.73;0;1;;;3087.51;1;1
61;0.4;51.1603;26.7;0;40.3906;28;0;283.174;279.644;265;360;270;268;297.02;297.309;70;268.727;0;1;;;3087.51;1;1
62;0.4;51.4236;26.7;0;40.3877;28;0;283.145;279.912;265;360;270;268;297.02;297.309;70;268.724;0;1;"CUSN6       ";;3087.51;1;1
63;0.4;51.4236;26.7;0;40.4803;28;0;282.755;279.897;265;360;270;268;297.164;297.309;70;268.721;0;1;;;3087.51;1;1
64;0.4;51.6262;26.7;0;40.3906;28;0;282.567;279.507;265;360;270;268;297.164;297.309;70;268.719;0;1;;;3086.81;1;1
65;0.4;51.7795;26.7;0;40.3762;28;0;282.653;279.507;265;360;270;268;297.164;297.454;70;268.717;0;1;;;3083.3;1;1
66;0.4;51.8229;26.7;0;40.3877;28;0;282.711;279.507;265;360;270;268;297.164;297.309;70;268.715;0;1;;;3080.49;1;1
67;0.4;51.522;26.7;0;40.3791;28;0;282.668;279.514;265;360;270;268;297.164;297.309;70;268.723;0;1;;;3080.49;1;1
68;0.4;51.522;26.7;0;40.3935;28;0;281.713;279.507;265;360;270;268;297.309;297.454;70;268.731;0;1;;;3080.49;1;1
69;0.4;51.7274;26.7;0;40.0839;28;0;281.626;279.384;265;360;270;268;297.309;297.454;70;268.739;0;1;;;3079.26;1;1
70;0.4;51.522;26.7;0;40.2865;28;0;281.539;279.384;265;360;270;268;297.164;297.454;70;268.746;0;1;;;3076.45;1;1
71;0.4;51.2182;26.7;0;40.3501;28;0;281.453;279.384;265;360;270;268;297.164;297.309;70;268.752;0;1;;;3075.05;1;1
72;0.4;51.5162;26.7;0;40.4803;28.1;0;281.539;279.384;265;360;270;268;297.164;297.309;70;268.757;0;1;;;3075.05;1;1
73;0.4;51.5249;26.7;0;40.4919;28.1;0;281.612;279.391;265;360;270;268;297.309;297.309;70;268.768;0;1;;;3075.05;1;1
74;0.4;51.6753;26.7;0;40.5932;28.1;0;280.888;279.008;265;360;270;268;297.164;297.454;70;268.783;0;1;;;3075.05;1;1
75;0.4;51.8982;26.7;0;40.735;28.1;0;280.903;279.015;265;360;270;268;297.164;297.309;70;268.797;0;1;;;3074.35;1;1
76;0.4;51.6262;26.8;0;40.7957;28.1;0;280.859;279.015;265;360;270;268;297.164;297.309;70;268.812;0;1;;;3071.93;1;1
77;0.4;51.5249;26.8;0;40.8044;28.1;0;280.628;279.008;265;360;270;268;297.164;297.454;70;268.833;0;1;;;3068.42;1;1
78;0.4;51.2413;26.8;0;40.6944;28.1;0;280.411;278.863;265;360;270;268;297.164;297.309;70;268.853;0;1;;;3066.09;1;1
79;0.4;51.6233;26.8;0;40.7697;28.1;0;280.411;278.885;265;360;270;268;297.164;297.454;70;268.871;0;1;;;3066.09;1;1
80;0.4;51.9329;26.8;0;40.9867;28.1;0;280.498;278.885;265;360;270;268;297.164;297.309;70;268.891;0;1;;;3066.09;1;1
81;0.4;52.1354;26.8;0;40.8999;28.1;0;279.832;278.856;265;360;270;268;297.164;297.309;70;268.91;0;1;;;3064.69;1;1
82;0.4;52.0341;26.8;0;40.7957;28.1;0;279.832;278.863;265;360;270;268;297.164;297.454;70;268.922;0;1;;;3064.69;1;1
83;0.4;52.0341;26.8;0;40.6944;28.1;0;279.876;278.87;265;360;270;268;297.309;297.454;70;268.931;0;1;;;3064.69;1;1
84;0.4;51.8287;26.8;0;40.5324;28.1;0;279.919;278.494;265;360;270;268;297.309;297.454;70;268.939;0;1;;;3061.32;1;1
85;0.4;51.8287;26.8;0;40.6944;28.1;0;279.413;278.472;265;360;270;268;297.309;297.454;70;268.946;0;1;;;3059.92;1;1
86;0.4;51.9965;26.8;0;40.7986;28.1;0;279.355;278.487;265;360;270;268;297.164;297.454;70;268.952;0;1;;;3059.92;1;1
87;0.4;52.3264;26.8;0;40.8999;28.1;0;279.34;278.487;265;360;270;268;297.309;297.309;70;268.957;0;1;;;3059.92;1;1
88;0.4;52.0312;26.8;0;40.7986;28.1;0;279.413;278.349;265;360;270;268;297.164;297.454;70;268.962;0;1;;;3056.42;1;1
89;0.4;52.0602;26.9;0.276629;40.4919;28.1;0;279.47;278.356;265;360;270;268;297.164;297.454;70;268.967;0;1;;;3055.72;1;1
90;0.4;52.1354;26.9;0.277029;40.4919;28.1;0;278.906;278.364;265;360;270;268;297.164;297.454;70;268.97;0;1;;;3055.02;1;1
91;0.4;51.9271;26.9;0.312202;40.4919;28.1;0;278.95;278.356;265;360;270;268;297.309;297.309;70;268.97;0;1;"CUSN6       ";;3055.02;1;1
92;0.4;52.0312;26.9;0.349207;40.489;28.1;0;278.95;278.342;265;360;270;268;297.164;297.309;70;268.963;0;1;"CUSN6       ";;3055.02;1;1
93;0.4;52.1354;26.9;0.386332;40.2517;28.1;0;278.877;277.988;265;360;270;268;297.164;297.454;70;268.956;0;1;;;3055.02;1;1
94;0.4;51.9329;26.9;0.402973;39.9797;28.1;0;278.371;277.98;265;360;270;268;297.164;297.454;70;268.953;0;1;;;3053.62;1;1
95;0.4;51.9329;26.9;0.439257;39.9826;28.1;0;278.371;277.98;265;360;270;268;297.164;297.309;70;268.953;0;1;;;3051.89;1;1
96;0.4;51.93;26.9;0.511823;39.9826;28.1;0;278.443;277.98;265;360;270;268;297.164;297.454;70;268.95;0;1;;;3050.49;1;1
97;0.4;51.8316;26.9;0.510853;40.2517;28.1;0;278.573;277.988;265;360;270;268;297.164;297.309;70;268.947;0;1;;;3050.49;1;1
98;0.4;51.7274;26.9;0.545967;40.2894;28.1;0;278.588;277.988;265;360;270;268;297.164;297.309;70;268.945;0;1;;;3049.25;1;1
99;0.4;51.8287;26.9;0.601353;40.2373;28.1;0;277.836;277.771;265;360;270;268;297.164;297.309;70;268.94;0;1;;;3048.56;1;1
100;0.4;51.7245;27;0.969391;40.1852;28.1;0;277.749;277.756;265;360;270;268;297.164;297.309;70;268.936;0;1;;;3048.56;1;1
101;0.4;51.7708;27;0.970258;40.3906;28.1;0;277.691;277.756;265;360;270;268;297.02;297.309;70;268.932;0;1;;;3047.16;1;1
102;0.4;51.5249;27;0.983648;40.2894;28.2;0;277.705;277.742;265;360;270;268;297.02;297.164;70;268.929;0;1;;;3045.06;1;1
103;0.4;51.9502;27;1.06439;40.0868;28.2;0;277.402;277.445;265;360;270;268;297.02;297.164;70;268.926;0;1;;;3040.87;1;1
104;0.4;52.0341;27;1.06611;40.0868;28.2;0;277.474;277.459;265;360;270;268;297.02;297.02;70;268.923;0;1;;;3040.87;1;1
105;0.4;51.8287;27;1.15243;40.1071;28.2;0;277.546;277.503;265;360;270;268;297.02;297.164;70;268.921;0;1;;;3040.87;1;1
106;0.4;51.9792;27;1.13761;40.3501;28.2;0;277.575;277.496;265;360;270;268;297.02;297.164;70;268.919;0;1;;;3038.78;1;1
107;0.4;52.3003;27;1.16291;40.1852;28.2;0;277.445;277.445;265;360;270;268;296.875;297.02;70;268.906;0;1;;;3036.68;1;1
108;0.4;52.1383;27;1.21398;40.0839;28.2;0;276.678;277.228;265;360;270;268;296.875;296.875;70;268.894;0;1;;;3036.68;1;1
109;0.4;51.9358;27;1.2274;39.8814;28.2;0;276.635;277.235;265;360;270;268;296.73;296.875;70;268.884;0;1;;;3034.29;1;1
110;0.4;51.8287;27;1.22487;39.6817;28.2;0;276.664;277.25;265;360;270;268;296.73;296.875;70;268.874;0;1;;;3034.29;1;1
111;0.4;51.9647;27;1.24624;39.8814;28.2;0;277.011;277.25;265;360;270;268;296.73;296.875;70;268.865;0;1;;;3034.29;1;1
112;0.4;52.1354;27;1.34143;39.974;28.2;0;276.794;277.257;265;360;270;268;296.73;296.875;70;268.854;0;1;;;3032.72;1;1
113;0.4;52.2367;27;1.34403;40.1881;28.2;0;276.808;276.96;265;360;270;268;296.586;296.73;70;268.836;0;1;;;3030.63;1;1
114;0.4;52.2598;27.1;1.75421;39.9826;28.2;0;276.49;276.953;265;360;270;268;296.586;296.875;70;268.821;0;1;;;3028.9;1;1
115;0.4;52.338;27.1;1.73855;39.89;28.2;0;276.418;276.953;265;360;270;268;296.586;296.73;70;268.808;0;1;;;3028.9;1;1
116;0.4;52.1354;27.1;1.76824;39.8814;28.2;0;276.302;276.975;265;360;270;268;296.586;296.586;70;268.786;0;1;;;3028.2;1;1
117;0.4;51.9444;27.1;1.79806;39.6788;28.2;2;276.389;276.707;265;360;270;268;296.586;296.586;70;268.766;0;1;;;3026.81;1;1
118;0.4;52.0341;27.1;1.81934;39.4734;28.2;2;276.432;276.808;265;360;270;268;296.441;296.586;70;268.747;0;1;;;3025.41;1;1
119;0.4;51.93;27.1;1.85201;39.5775;28.2;2;276.201;276.685;265;360;270;268;296.586;296.586;70;268.73;0;1;;;3024.02;1;1
120;0.4;52.2367;27.1;1.91769;39.8495;28.2;7;276.215;276.685;265;360;270;268;296.586;296.586;70;268.697;0;1;;;3022.63;1;1
121;0.4;52.1325;27.1;1.91387;39.6759;28.2;17;276.157;276.671;265;360;270;268;296.586;296.586;70;268.682;0;1;;;3021.93;1;1
122;0.4;51.8287;27.1;1.92082;39.5747;28.2;26;276.042;276.44;265;360;270;268;296.441;296.586;70;268.67;0;1;;;3021.93;1;1
123;0.4;51.8374;27.1;2.02982;39.7801;28.2;34;275.955;276.44;265;360;270;268;296.441;296.586;70;268.656;0;1;;;3021.93;1;1
124;0.4;51.6262;27.1;2.05762;39.7801;28.2;40;275.998;276.454;265;360;270;268;296.441;296.586;70;268.641;0;1;;;3017.98;1;1
125;0.4;51.4207;27.1;2.0135;39.673;28.2;43;276.056;276.461;265;360;270;268;296.441;296.586;70;268.624;0;1;;;3016.59;1;1
126;0.4;51.6291;27.1;2.11184;39.5775;28.2;39;275.651;276.44;265;360;270;268;296.441;296.441;70;268.606;0;1;;;3015.89;1;1
127;0.4;51.8924;27.1;2.12261;39.5775;28.2;36;276.128;276.208;265;360;270;268;296.296;296.441;70;268.585;0;1;;;3014.5;1;1
128;0.4;52.0255;27.2;2.554;39.6788;28.2;43;276.186;276.201;265;360;270;268;296.296;296.441;70;268.566;0;1;;;3014.5;1;1
129;0.4;51.522;27.2;2.51128;39.6788;28.2;53;276.215;276.186;265;360;270;268;296.296;296.441;70;268.539;0;1;;;3014.5;1;1
130;0.4;51.6262;27.2;2.57046;39.5862;28.2;51;275.767;276.295;265;360;270;268;296.152;296.296;70;268.512;0;1;;;3013.11;1;1
131;0.4;51.9097;27.2;2.58458;39.6788;28.2;48;275.651;275.926;265;360;270;268;296.152;296.296;70;268.488;0;1;;;3007.55;1;1
132;0.4;51.93;27.2;2.64001;39.7801;28.2;51;275.535;275.94;265;360;270;268;296.152;296.296;70;268.464;0;1;;;3007.55;1;1
133;0.4;51.9329;27.2;2.74904;39.673;28.2;52;275.55;275.955;265;360;270;268;296.152;296.296;70;268.439;0;1;"CUS         ";;3007.55;1;1
134;0.4;51.93;27.2;2.69446;39.5775;28.2;54;276.172;275.94;265;360;270;268;296.152;296.296;70;268.413;0;1;"CUSN6       ";;3007.55;1;1
135;0.4;51.9271;27.2;2.71245;39.6788;28.2;65;276.418;275.94;265;360;270;268;296.152;296.296;70;268.385;0;1;;;3007.19;1;1
136;0.4;51.658;27.2;2.8067;39.592;28.3;74;276.548;275.579;265;360;270;268;296.152;296.152;70;268.357;0;1;;;3006.49;1;1
137;0.4;51.93;27.2;2.8759;39.6788;28.3;78;276.505;275.579;265;360;270;268;296.007;296.296;70;268.327;0;1;;;3005.8;1;1
138;0.4;51.8663;27.2;2.87238;39.702;28.3;69;276.36;275.6;265;360;270;268;296.007;296.296;70;268.299;0;1;;;3004.41;1;1
139;0.4;52.1354;27.2;2.9237;39.4994;28.3;69;277.069;275.622;265;360;270;268;296.152;296.152;70;268.267;0;1;;;3003.02;1;1
140;0.4;51.8287;27.2;2.92461;39.6788;28.3;75;277.098;275.622;265;360;270;268;296.007;296.152;70;268.236;0;1;;;3003.02;1;1
141;0.4;51.7274;27.2;3.00927;39.7801;28.3;74;277.156;275.441;265;360;270;268;295.862;296.152;70;268.204;0;1;"CUSN6       ";;3003.02;1;1
142;0.4;51.7274;27.2;3.04541;39.6788;28.3;74;277.488;275.434;265;360;270;268;296.007;296.152;70;268.171;0;1;;;3000.94;1;1
143;0.4;51.7969;27.3;3.41926;39.8409;28.3;77;277.546;275.412;265;360;270;268;296.007;296.152;70;268.136;0;1;;;2998.85;1;1
144;0.4;51.7361;27.3;3.46949;39.6788;28.3;74;277.604;275.412;265;360;270;268;296.007;296.152;70;268.102;0;1;;;2997.47;1;1
145;0.4;51.9329;27.3;3.53711;39.5775;28.3;74;278.27;275.087;265;360;270;268;295.862;296.152;70;268.068;0;1;;;2994.6;1;1
146;0.4;51.3339;27.3;3.53218;39.6788;28.3;74;278.168;275.116;265;360;270;268;295.862;296.007;70;268.034;0;1;;;2993.91;1;1
147;0.4;51.4178;27.3;3.53796;39.6788;28.3;74;278.356;275.109;265;360;270;268;295.862;296.007;70;267.995;0;1;;;2993.91;1;1
148;0.4;51.2182;27.3;3.56;39.7801;28.4;77;278.414;275.058;265;360;270;268;295.862;296.152;70;267.954;0;1;;;2993.23;1;1
149;0.4;51.5249;27.3;3.59932;39.9826;28.4;74;278.487;275.072;265;360;270;268;295.862;295.862;70;267.914;0;1;;;2989.07;1;1
150;0.4;51.6956;27.3;3.68351;40.081;28.4;74;279.355;274.899;265;360;270;268;295.718;296.007;70;267.876;0;1;;;2986.02;1;1
151;0.4;51.3223;27.3;3.7107;39.8785;28.4;72;279.398;274.899;265;360;270;268;295.862;295.862;70;267.833;0;1;;;2986.02;1;1
152;0.4;51.5162;27.3;3.79673;39.6788;28.4;71;279.586;274.92;265;360;270;268;295.718;295.862;70;267.793;0;1;;;2986.02;1;1
153;0.4;51.7274;27.4;4.16349;39.8843;28.4;73;279.427;274.928;265;360;270;268;295.718;295.862;70;267.748;0;1;;;2985.32;1;1
154;0.4;51.3194;27.4;4.13065;39.9826;28.4;77;279.398;274.602;265;360;270;268;295.718;295.862;70;267.707;0;1;;;2985.32;1;1
155;0.4;51.6262;27.4;4.22748;39.9826;28.4;85;280.237;274.573;265;360;270;268;295.718;295.862;70;267.665;0;1;;;2984.63;1;1
156;0.4;51.6753;27.4;4.1593;39.8814;28.4;90;280.208;274.573;265;360;270;268;295.718;295.718;70;267.622;0;1;;;2982.55;1;1
157;0.4;51.7274;27.4;4.32615;39.7801;28.4;83;279.818;274.754;265;360;270;268;295.573;295.718;70;267.589;0;1;;;2979.79;1;1
158;0.4;51.8287;27.4;4.31652;39.7888;28.5;86;280.642;274.79;265;360;270;268;295.573;295.718;70;267.556;0;1;;;2979.09;1;1
159;0.4;51.522;27.4;4.32697;39.9826;28.5;96;280.512;274.436;265;360;270;268;295.573;295.718;70;267.524;0;1;;;2979.09;1;1
160;0.4;51.3194;27.4;4.36374;39.7801;28.5;100;280.425;274.436;265;360;270;268;295.573;295.718;70;267.492;0;1;;;2977.71;1;1
161;0.4;51.6262;27.5;4.77643;39.5775;28.5;104;280.628;274.429;265;360;270;268;295.428;295.718;70;267.459;0;1;;;2975.64;1;1
162;0.4;51.3686;27.5;4.69874;39.6788;28.5;100;280.657;274.414;265;360;270;268;295.428;295.718;70;267.43;0;1;;;2974.25;1;1
163;0.4;51.8345;27.5;4.85002;39.4734;28.5;109;281.539;274.32;265;360;270;268;295.428;295.573;70;267.4;0;1;;;2972.87;1;1
164;0.4;51.6262;27.5;4.88463;39.4763;28.5;110;281.641;274.277;265;360;270;268;295.428;295.573;70;267.375;0;1;;;2970.8;1;1
165;0.4;51.8576;27.5;4.88842;39.6759;28.5;107;281.887;274.277;265;360;270;268;295.428;295.573;70;267.346;0;1;;;2970.8;1;1
166;0.4;51.93;27.5;4.98597;39.6788;28.5;106;281.901;274.284;265;360;270;268;295.428;295.573;70;267.319;0;1;;;2970.8;1;1
167;0.4;51.5249;27.5;4.96508;39.6788;28.6;113;282.668;274.313;265;360;270;268;295.428;295.573;70;267.291;0;1;;;2969.41;1;1
168;0.4;51.3194;27.6;5.34749;39.4734;28.6;118;282.552;273.922;265;360;270;268;295.428;295.428;70;267.264;0;1;;;2964.58;1;1
169;0.4;51.2182;27.6;5.35483;39.4734;28.6;109;282.726;273.893;265;360;270;268;295.428;295.428;70;267.231;0;1;;;2964.58;1;1
170;0.4;51.1169;27.6;5.32638;39.375;28.6;109;282.711;273.879;265;360;270;268;295.428;295.573;70;267.204;0;1;;;2964.58;1;1
171;0.4;51.4207;27.6;5.39397;39.5775;28.6;100;282.784;273.872;265;360;270;268;295.428;295.573;70;267.175;0;1;"CUSN6       ";;2963.89;1;1
172;0.4;51.7274;27.6;5.49845;39.7801;28.6;104;283.652;273.872;265;360;270;268;295.428;295.573;70;267.142;0;1;;;2963.89;1;1
173;0.4;51.7274;27.6;5.53459;39.7222;28.6;96;283.738;273.64;265;360;270;268;295.284;295.573;70;267.108;0;1;;;2963.89;1;1
174;0.4;52.0399;27.6;5.5862;39.7569;28.7;100;284.129;273.64;265;360;270;268;295.428;295.428;70;267.074;0;1;;;2961.13;1;1
175;0.4;52.0312;27.7;5.93853;39.7801;28.7;100;284.057;273.589;265;360;270;268;295.284;295.428;70;267.041;0;1;;;2959.75;1;1
176;0.4;52.0833;27.7;5.99909;39.9074;28.7;95;284.592;273.582;265;360;270;268;295.284;295.428;70;267.008;0;1;;;2959.75;1;1
177;0.4;52.338;27.7;6.08327;39.9826;28.7;94;284.505;273.597;265;360;270;268;295.284;295.284;70;266.967;0;1;;;2959.06;1;1
178;0.4;52.1325;27.7;6.0776;39.6788;28.7;99;284.52;273.387;265;360;270;268;295.284;295.284;70;266.927;0;1;;;2959.06;1;1
179;0.4;51.956;27.7;6.02072;39.783;28.8;105;285.113;273.38;265;360;270;268;295.139;295.284;70;266.884;0;1;;;2959.06;1;1
180;0.4;51.7361;27.7;6.04946;39.8814;28.8;104;285.156;273.423;265;360;270;268;295.139;295.284;70;266.838;0;1;;;2956.3;1;1
181;0.4;51.7274;27.7;6.04844;39.8814;28.8;99;285.171;273.416;265;360;270;268;295.139;295.284;70;266.795;0;1;;;2953.54;1;1
182;0.4;51.8547;27.8;6.45164;40.1852;28.8;104;285.041;273.409;265;360;270;268;295.139;295.284;70;266.74;0;1;;;2951.47;1;1
183;0.4;51.7159;27.8;6.45243;39.9826;28.8;106;285.532;273.257;265;360;270;268;295.139;295.284;70;266.694;0;1;;;2951.47;1;1
184;0.4;51.93;27.8;6.461;39.7801;28.9;106;285.489;273.228;265;360;270;268;295.139;295.284;70;266.64;0;1;;;2951.47;1;1
185;0.4;52.0515;27.8;6.56704;39.8814;28.9;116;285.576;273.257;265;360;270;268;295.139;295.139;70;266.588;0;1;;;2950.78;1;1
186;0.4;51.7274;27.8;6.54422;39.6846;28.9;130;286.082;273.271;265;360;270;268;295.139;295.139;70;266.532;0;1;;;2947.34;1;1
187;0.4;51.93;27.8;6.56985;39.8814;28.9;140;286.227;273.264;265;360;270;268;294.994;295.284;70;266.488;0;1;;;2945.96;1;1
188;0.4;52.0341;27.8;6.63758;39.8814;29;148;286.169;273.242;265;360;270;268;294.994;294.994;70;266.438;0;1;;;2945.96;1;1
189;0.4;52.2396;27.9;7.03671;39.8814;29;152;286.675;272.866;265;360;270;268;294.994;294.994;70;266.386;0;1;;;2945.96;1;1
190;0.4;52.2367;27.9;7.05457;39.7801;29;165;286.531;272.844;265;360;270;268;294.994;295.139;70;266.336;0;1;;;2945.96;1;1
191;0.4;51.7274;27.9;6.9858;39.7801;29;161;286.56;272.844;265;360;270;268;294.994;295.139;70;266.289;0;1;;;2945.27;1;1
192;0.4;51.93;27.9;7.04943;39.8814;29.1;167;287.384;272.888;265;360;270;268;294.85;294.994;70;266.242;0;1;;;2943.21;1;1
193;0.4;51.956;27.9;7.12559;39.8814;29.1;166;287.486;272.888;265;360;270;268;294.85;294.994;70;266.195;0;1;;;2941.14;1;1
194;0.4;51.6204;27.9;7.04347;39.7801;29.1;169;287.76;272.736;265;360;270;268;294.85;294.994;70;266.151;0;1;;;2941.14;1;1
195;0.4;52.0284;27.9;7.11731;40.0839;29.1;171;287.847;272.729;265;360;270;268;294.85;294.85;70;266.102;0;1;;;2939.77;1;1
196;0.4;52.1354;28;7.46771;40.1852;29.2;187;288.44;272.454;265;360;270;268;294.85;294.994;70;266.056;0;1;;;2939.77;1;1
197;0.4;52.1238;28;7.5025;40.2894;29.2;196;288.6;272.446;265;360;270;268;294.85;294.85;70;266.007;0;1;;;2939.77;1;1
198;0.4;52.1701;28;7.52739;40.2894;29.2;192;288.628;272.454;265;360;270;268;294.705;294.85;70;265.958;0;1;;;2939.08;1;1
199;0.4;52.5868;28;7.56913;40.0839;29.3;187;289.323;272.345;265;360;270;268;294.705;294.85;70;265.915;0;1;;;2937.71;1;1
200;0.4;52.6273;28;7.6485;39.8814;29.3;192;289.844;272.36;265;360;270;268;294.705;294.705;70;265.865;0;1;;;2933.58;1;1
201;0.4;52.2598;28;7.57684;39.7801;29.3;196;289.873;272.352;265;360;270;268;294.705;294.85;70;265.824;0;1;;;2933.58;1;1
202;0.4;51.9329;28;7.52944;39.4821;29.4;192;290.336;272.338;265;360;270;268;294.56;294.705;70;265.776;0;1;;;2933.58;1;1
203;0.4;51.93;28.1;7.86345;39.375;29.4;187;290.842;272.352;265;360;270;268;294.705;294.705;70;265.73;0;1;;;2932.21;1;1
204;0.4;52.0341;28.1;7.93375;39.5775;29.4;195;290.668;272.034;265;360;270;268;294.56;294.705;70;265.686;0;1;;;2930.83;1;1
205;0.4;52.338;28.1;7.96179;39.8409;29.5;201;291.03;272.056;265;360;270;268;294.56;294.56;70;265.647;0;1;;;2928.77;1;1
206;0.4;52.1354;28.1;7.93098;39.9826;29.5;195;291.739;272.085;265;360;270;268;294.56;294.56;70;265.609;0;1;;;2927.4;1;1
207;0.4;51.9329;28.1;7.91831;39.9855;29.5;196;291.869;272.157;265;360;270;268;294.56;294.56;70;265.574;0;1;;;2926.02;1;1
208;0.4;51.5249;28.2;8.16993;39.7801;29.6;198;292.188;272.172;265;360;270;268;294.56;294.56;70;265.535;0;1;;;2926.02;1;1
209;0.4;51.93;28.2;8.23416;39.6788;29.6;195;292.896;271.853;265;360;270;268;294.56;294.56;70;265.495;0;1;;;2925.34;1;1
210;0.4;52.1354;28.2;8.26673;39.7801;29.6;192;293.07;271.839;265;360;270;268;294.56;294.56;70;265.462;0;1;;;2923.96;1;1
211;0.4;51.7274;28.2;8.20204;39.8843;29.7;194;293.504;271.832;265;360;270;268;294.56;294.705;70;265.421;0;1;;;2923.28;1;1
212;0.4;51.6262;28.3;8.51845;39.8206;29.7;196;293.692;271.817;265;360;270;268;294.56;294.415;70;265.384;0;1;;;2921.91;1;1
213;0.4;51.9242;28.3;8.56763;39.7801;29.7;190;294.126;271.839;265;360;270;268;294.56;294.56;70;265.347;0;1;;;2920.51;1;1
214;0.4;52.092;28.3;8.59532;39.9277;29.8;177;294.227;271.644;265;360;270;268;294.415;294.56;70;265.313;0;1;;;2920.51;1;1
215;0.4;52.3409;28.3;8.69126;39.9855;29.8;178;294.994;271.651;265;360;270;268;294.415;294.415;70;265.268;0;1;;;2919.13;1;1
216;0.4;52.0341;28.4;8.93905;40.0839;29.8;179;294.951;271.644;265;360;270;268;294.415;294.415;70;265.223;0;1;;;2918.76;1;1
217;0.4;51.6725;28.4;8.87691;40.0839;29.9;180;295.139;271.636;265;360;270;268;294.415;294.415;70;265.175;0;1;;;2917.42;1;1
218;0.4;51.5249;28.4;8.85156;40.0116;29.9;187;295.79;271.629;265;360;270;268;294.271;294.415;70;265.133;0;1;;;2913.99;1;1
219;0.4;51.93;28.4;8.90301;39.8814;29.9;192;295.747;271.622;265;360;270;268;294.271;294.415;70;265.088;0;1;;;2913.99;1;1
220;0.4;52.0399;28.5;9.27518;39.8814;30;192;296.094;271.615;265;360;270;268;294.415;294.271;70;265.041;0;1;;;2913.99;1;1
221;0.4;52.1354;28.5;9.27399;39.945;30;187;296.209;271.296;265;360;270;268;294.271;294.271;70;264.996;0;1;;;2913.31;1;1
222;0.4;52.1354;28.5;9.25578;39.7222;30;183;297.063;271.347;265;360;270;268;294.271;294.271;70;264.951;0;1;;;2911.25;1;1
223;0.4;52.2367;28.5;9.25551;39.5775;30;183;296.976;271.332;265;360;270;268;294.271;294.271;70;264.911;0;1;;;2910.57;1;1
224;0.4;51.9878;28.6;9.54622;39.6788;30.1;189;297.15;271.318;265;360;270;268;294.271;294.271;70;264.868;0;1;;;2905.09;1;1
225;0.4;51.6262;28.6;9.46177;39.8814;30.1;187;297.106;271.304;265;360;270;268;294.126;294.271;70;264.826;0;1;;;2905.09;1;1
226;0.4;51.6262;28.6;9.44373;39.9826;30.1;192;297.801;271.296;265;360;270;268;294.126;294.126;70;264.785;0;1;;;2905.09;1;1
227;0.4;51.7274;28.7;9.81345;39.9826;30.2;196;297.844;271.282;265;360;270;268;294.271;294.271;70;264.741;0;1;;;2904.41;1;1
228;0.4;51.8287;28.7;9.85077;39.9826;30.2;201;298.192;271.137;265;360;270;268;294.271;294.271;70;264.698;0;1;;;2902.35;1;1
229;0.4;52.0255;28.7;9.81547;39.9826;30.2;202;298.278;271.159;265;360;270;268;294.271;294.126;70;264.661;0;1;;;2902.35;1;1
230;0.4;52.1325;28.7;9.8721;39.7801;30.2;210;299.117;271.152;265;360;270;268;294.126;294.271;70;264.619;0;1;;;2901.67;1;1
231;0.4;51.5943;28.8;10.0664;39.6238;30.2;214;299.031;271.123;265;360;270;268;294.126;294.271;70;264.572;0;1;;;2900.99;1;1
232;0.4;51.8287;28.8;10.1121;39.5775;30.3;211;299.219;271.115;265;360;270;268;294.126;294.271;70;264.53;0;1;;;2900.99;1;1
233;0.4;51.9329;28.8;10.078;39.7367;30.3;218;299.132;271.101;265;360;270;268;294.126;294.271;70;264.484;0;1;;;2898.93;1;1
234;0.4;51.7303;28.9;10.3538;39.8814;30.3;223;299.855;271.101;265;360;270;268;294.126;294.271;70;264.441;0;1;;;2898.93;1;1
235;0.4;51.6696;28.9;10.3055;39.9826;30.3;226;299.899;271.087;265;360;270;268;294.126;294.271;70;264.402;0;1;;;2897.57;1;1
236;0.4;51.6262;28.9;10.3329;40.0839;30.3;228;300.231;271.144;265;360;270;268;294.126;294.126;70;264.357;0;1;;;2896.2;1;1
237;0.4;52.2483;29;10.7026;39.7859;30.3;231;300.362;270.848;265;360;270;268;293.982;294.126;70;264.317;0;1;;;2893.75;1;1
238;0.4;51.9763;29;10.6832;39.5775;30.3;231;301.143;270.826;265;360;270;268;294.126;294.126;70;264.277;0;1;;;2893.07;1;1
239;0.4;51.8518;29;10.6396;39.3721;30.4;231;301.085;270.819;265;360;270;268;294.126;294.126;70;264.24;0;1;;;2892.39;1;1
240;0.4;51.8287;29;10.5986;39.5775;30.4;233;301.273;270.804;265;360;270;268;293.982;293.982;70;264.202;0;1;;;2892.39;1;1
241;0.4;51.8287;29.1;10.8961;39.7801;30.4;240;301.562;270.79;265;360;270;268;293.982;293.982;70;264.167;0;1;;;2891.7;1;1
242;0.4;51.8316;29.1;10.8243;39.6788;30.4;245;301.953;270.855;265;360;270;268;293.982;293.982;70;264.136;0;1;;;2889.65;1;1
243;0.4;51.6233;29.1;10.7988;39.7801;30.4;241;302.011;270.848;265;360;270;268;293.982;293.982;70;264.109;0;1;;;2887.61;1;1
244;0.4;52.0312;29.2;11.2011;39.7859;30.4;243;302.937;270.826;265;360;270;268;293.982;293.982;70;264.082;0;1;;;2887.61;1;1
245;0.4;52.0168;29.2;11.2162;39.8524;30.4;247;302.879;270.812;265;360;270;268;293.982;293.982;70;264.051;0;1;;;2887.61;1;1
246;0.4;51.7274;29.2;11.0634;39.9826;30.5;253;303.111;270.385;265;360;270;268;293.837;293.982;70;264.028;0;1;;;2886.13;1;1
247;0.4;51.8287;29.3;11.4188;39.7801;30.5;245;303.718;270.472;265;360;270;268;293.837;293.982;70;264.007;0;1;;;2884.77;1;1
248;0.4;51.8171;29.3;11.362;39.4734;30.5;243;303.689;270.522;265;360;270;268;293.837;293.837;70;263.981;0;1;;;2884.77;1;1
249;0.4;51.8287;29.3;11.3102;39.6788;30.5;240;303.993;270.58;265;360;270;268;293.837;293.982;70;263.958;0;1;;;2882;1;1
250;0.4;51.7245;29.4;11.6386;39.8814;30.5;231;304.008;270.544;265;360;270;268;293.837;293.982;70;263.933;0;1;;;2882;1;1
251;0.4;52.1354;29.4;11.6764;39.8438;30.5;233;304.861;270.53;265;360;270;268;293.982;293.982;70;263.91;0;1;;;2880.63;1;1
252;0.4;52.3698;29.4;11.7106;39.8814;30.5;236;304.905;270.58;265;360;270;268;293.837;293.837;70;263.882;0;1;;;2878.59;1;1
253;0.4;52.4161;29.5;11.9853;39.7917;30.5;235;305.136;270.66;265;360;270;268;293.982;293.837;70;263.862;0;1;;;2877.14;1;1
254;0.4;52.338;29.5;11.9674;39.9826;30.5;227;305.107;270.515;265;360;270;268;293.692;293.837;70;263.834;0;1;;;2876.67;1;1
255;0.4;52.1354;29.6;12.184;39.8814;30.5;229;305.7;270.269;265;360;270;268;293.837;293.837;70;263.807;0;1;;;2875.99;1;1
256;0.4;51.901;29.6;12.1474;39.6788;30.6;228;305.266;270.356;265;360;270;268;293.837;293.837;70;263.783;0;1;;;2874.62;1;1
257;0.4;51.7274;29.6;12.0525;39.5747;30.6;231;306.047;270.341;265;360;270;268;293.692;293.837;70;263.757;0;1;;;2873.94;1;1
258;0.4;51.5683;29.7;12.2755;39.7251;30.6;223;306.236;270.327;265;360;270;268;293.837;293.837;70;263.733;0;1;;;2873.26;1;1
259;0.4;51.5278;29.7;12.2118;39.7598;30.6;223;306.959;270.312;265;360;270;268;293.837;293.837;70;263.709;0;1;;;2871.66;1;1
260;0.4;51.6262;29.7;12.2171;39.6788;30.6;227;306.973;270.298;265;360;270;268;293.692;293.837;70;263.686;0;1;;;2868.25;1;1
261;0.4;51.6898;29.8;12.6192;39.5949;30.6;227;306.93;270.276;265;360;270;268;293.692;293.837;70;263.668;0;1;;;2866.89;1;1
262;0.4;51.9329;29.8;12.6059;39.4734;30.6;228;306.887;270.276;265;360;270;268;293.692;293.692;70;263.649;0;1;;;2866.89;1;1
263;0.4;52.2483;29.8;12.5547;39.3808;30.6;230;307.046;270.334;265;360;270;268;293.692;293.692;70;263.632;0;1;;;2866.21;1;1
264;0.4;52.7025;29.9;12.9665;39.6933;30.6;225;307.046;270.341;265;360;270;268;293.692;293.692;70;263.62;0;1;;;2864.85;1;1
265;0.4;52.9138;29.9;13.0369;39.8814;30.6;224;307.161;270.204;265;360;270;268;293.692;293.692;70;263.609;0;1;;;2864.17;1;1
266;0.4;52.4479;29.9;12.7939;39.7801;30.6;224;307.292;270.175;265;360;270;268;293.692;293.837;70;263.597;0;1;;;2862.81;1;1
267;0.4;52.1354;30;13.108;39.6788;30.6;227;308.073;269.936;265;360;270;268;293.692;293.692;70;263.589;0;1;;;2861.45;1;1
268;0.4;51.9329;30;13.0208;39.6788;30.6;231;308.073;269.922;265;360;270;268;293.547;293.837;70;263.582;0;1;;;2860.09;1;1
269;0.4;52.1615;30;12.9688;39.7801;30.6;230;307.523;270.175;265;360;270;268;293.547;293.692;70;263.576;0;1;;;2860.09;1;1
270;0.4;52.2772;30.1;13.389;39.7801;30.6;222;307.422;270.218;265;360;270;268;293.547;293.692;70;263.573;0;1;;;2859.41;1;1
271;0.4;52.1354;30.1;13.2616;39.6759;30.6;220;308.16;270.204;265;360;270;268;293.547;293.692;70;263.568;0;1;;;2858.73;1;1
272;0.4;52.1354;30.1;13.1705;39.6788;30.6;220;308.102;270.197;265;360;270;268;293.547;293.692;70;263.56;0;1;;;2857.5;1;1
273;0.4;52.2512;30.1;13.1815;39.6817;30.6;219;308.145;270.182;265;360;270;268;293.547;293.692;70;263.557;0;1;;;2857.5;1;1
274;0.4;51.7245;30.2;13.3999;39.6788;30.6;218;308.275;269.777;265;360;270;268;293.692;293.547;70;263.55;0;1;;;2853.47;1;1
275;0.4;51.7274;30.2;13.3103;39.5775;30.6;219;308.623;269.77;265;360;270;268;293.547;293.692;70;263.547;0;1;;;2853.47;1;1
276;0.4;51.9329;30.2;13.3813;39.8814;30.5;218;308.608;269.763;265;360;270;268;293.547;293.547;70;263.547;0;1;;;2853.47;1;1
277;0.4;51.6262;30.3;13.5986;40.0839;30.5;213;308.55;269.806;265;360;270;268;293.547;293.692;70;263.545;0;1;;;2851.07;1;1
278;0.4;51.93;30.3;13.5879;40.3009;30.5;209;308.464;269.828;265;360;270;268;293.547;293.692;70;263.544;0;1;;;2851.07;1;1
279;0.4;52.1354;30.3;13.6417;40.0116;30.5;214;308.406;269.821;265;360;270;268;293.547;293.692;70;263.539;0;1;;;2849.03;1;1
280;0.4;52.1383;30.3;13.5878;39.9826;30.5;211;308.883;269.799;265;360;270;268;293.547;293.692;70;263.534;0;1;;;2848.35;1;1
281;0.4;52.0341;30.4;13.8412;40.0839;30.5;211;308.492;269.792;265;360;270;268;293.547;293.692;70;263.535;0;1;;;2847;1;1
282;0.4;51.765;30.4;13.7154;40.1852;30.5;204;309.245;269.777;265;360;270;268;293.403;293.547;70;263.533;0;1;;;2847;1;1
283;0.4;51.7274;30.4;13.7054;40.1852;30.5;211;309.361;269.763;265;360;270;268;293.403;293.547;70;263.532;0;1;;;2847;1;1
284;0.4;52.1354;30.4;13.7406;40.1881;30.5;200;309.317;269.763;265;360;270;268;293.403;293.547;70;263.534;0;1;;;2843.84;1;1
285;0.4;52.2367;30.5;14.0672;40.1852;30.5;189;309.23;269.676;265;360;270;268;293.403;293.547;70;263.535;0;1;;;2841.8;1;1
286;0.4;52.2367;30.5;14.0855;40.1881;30.5;189;309.144;269.683;265;360;270;268;293.403;293.547;70;263.536;0;1;;;2839.77;1;1
287;0.4;52.0573;30.5;13.9098;39.8814;30.5;191;309.1;269.669;265;360;270;268;293.403;293.403;70;263.535;0;1;;;2839.77;1;1
288;0.4;51.7419;30.5;13.8255;39.9826;30.4;188;309.201;269.647;265;360;270;268;293.403;293.403;70;263.535;0;1;;;2839.09;1;1
289;0.4;51.93;30.5;13.8576;39.8814;30.4;189;309.303;269.625;265;360;270;268;293.403;293.547;70;263.534;0;1;;;2838.45;1;1
290;0.4;51.9329;30.6;14.1384;40.0839;30.4;192;308.869;269.589;265;360;270;268;293.547;293.547;70;263.534;0;1;;;2837.78;1;1
291;0.4;51.9473;30.6;14.106;40.1852;30.4;193;308.811;269.589;265;360;270;268;293.258;293.403;70;263.531;0;1;;;2837.1;1;1
292;0.4;51.7274;30.6;13.9921;40.0839;30.4;203;308.724;269.654;265;360;270;268;293.403;293.403;70;263.531;0;1;;;2835.07;1;1
293;0.4;51.93;30.6;14.0469;40.1852;30.4;201;308.666;269.669;265;360;270;268;293.403;293.403;70;263.527;0;1;;;2835.07;1;1
294;0.4;52.1383;30.6;14.0304;40.1852;30.4;201;308.623;269.654;265;360;270;268;293.403;293.403;70;263.525;0;1;;;2835.07;1;1
295;0.4;52.1325;30.6;14.0106;40.1852;30.4;205;308.608;269.625;265;360;270;268;293.403;293.403;70;263.522;0;1;;;2833.04;1;1
296;0.4;52.2367;30.6;13.9839;40.0839;30.3;202;308.637;269.611;265;360;270;268;293.258;293.403;70;263.52;0;1;;;2831.12;1;1
297;0.4;52.0312;30.7;14.2639;39.8814;30.3;201;308.709;269.264;265;360;270;268;293.258;293.403;70;263.51;0;1;;;2831.12;1;1
298;0.4;52.0341;30.7;14.1738;39.7801;30.3;204;308.796;269.249;265;360;270;268;293.258;293.403;70;263.497;0;1;;;2828.41;1;1
299;0.4;51.93;30.7;14.1817;39.6788;30.3;205;308.377;269.293;265;360;270;268;293.113;293.258;70;263.486;0;1;;;2827.74;1;1
300;0.4;52.0544;30.7;14.1248;39.5747;30.3;206;308.304;269.329;265;360;270;268;293.113;293.403;70;263.475;0;1;;;2827.74;1;1
301;0.4;52.2367;30.7;14.1743;39.6788;30.3;213;308.218;269.314;265;360;270;268;293.258;293.258;70;263.466;0;1;;;2827.06;1;1
302;0.4;52.2367;30.7;14.0647;39.8814;30.2;218;308.131;269.293;265;360;270;268;293.258;293.258;70;263.455;0;1;;;2824.36;1;1
303;0.4;52.0023;30.7;13.9835;40.0839;30.2;220;308.131;269.271;265;360;270;268;293.113;293.258;70;263.446;0;1;;;2820.3;1;1
304;0.4;52.0341;30.7;13.992;40.0839;30.2;220;308.261;268.895;265;360;270;268;293.113;293.113;70;263.438;0;1;;;2819.84;1;1
305;0.4;51.5799;30.7;13.8338;39.9942;30.2;225;308.044;268.887;265;360;270;268;293.113;293.113;70;263.431;0;1;;;2819.84;1;1
306;0.4;51.5249;30.7;13.8371;39.8814;30.2;233;308.058;268.916;265;360;270;268;293.113;293.258;70;263.422;0;1;;;2819.16;1;1
307;0.4;52.0284;30.7;13.8996;39.9826;30.2;244;308.044;268.931;265;360;270;268;293.113;293.113;70;263.408;0;1;;;2818.49;1;1
308;0.4;51.93;30.7;13.837;39.7801;30.2;240;307.972;268.895;265;360;270;268;293.113;293.113;70;263.398;0;1;;;2816.46;1;1
309;0.4;52.2367;30.7;13.8275;39.8814;30.1;246;308.145;268.902;265;360;270;268;293.113;293.113;70;263.39;0;1;;;2815.78;1;1
310;0.4;52.3669;30.8;14.1992;39.9595;30.1;248;308.087;268.895;265;360;270;268;293.113;293.113;70;263.38;0;1;;;2813.08;1;1
311;0.4;52.3669;30.8;14.1626;39.8814;30.1;244;308.145;268.743;265;360;270;268;293.113;293.113;70;263.373;0;1;;;2812.64;1;1
312;0.4;51.93;30.8;14.0263;39.9826;30.1;244;308.275;268.772;265;360;270;268;293.113;293.113;70;263.365;0;1;;;2811.96;1;1
313;0.4;52.066;30.8;13.9903;39.9826;30.1;244;308.348;268.786;265;360;270;268;293.113;293.113;70;263.357;0;1;;;2811.41;1;1
314;0.4;52.1354;30.8;14.0271;40.0839;30.1;247;308.275;268.815;265;360;270;268;293.113;293.113;70;263.351;0;1;;;2811.41;1;1
315;0.4;51.93;30.8;13.9537;40.0463;30.1;247;308.189;268.793;265;360;270;268;293.113;293.113;70;263.345;0;1;;;2810.06;1;1
316;0.4;51.93;30.8;13.8811;39.9826;30.1;248;308.391;268.757;265;360;270;268;293.113;293.258;70;263.34;0;1;;;2808.04;1;1
317;0.4;51.7303;30.8;13.7735;40.0492;30;255;308.406;268.598;265;360;270;268;293.113;293.113;70;263.335;0;1;;;2806.69;1;1
318;0.4;51.7274;30.8;13.7547;39.8814;30;239;308.507;268.591;265;360;270;268;293.113;293.113;70;263.334;0;1;;;2806.69;1;1
319;0.4;51.7361;30.8;13.7932;40.0839;30;240;308.623;268.641;265;360;270;268;292.969;293.113;70;263.33;0;1;;;2805.34;1;1
320;0.4;52.5405;30.8;13.9525;40.0839;30;243;308.652;268.678;265;360;270;268;292.969;292.969;70;263.327;0;1;;;2804.67;1;1
321;0.4;52.364;30.8;13.8508;40.0839;30;252;308.623;268.663;265;360;270;268;292.824;292.969;70;263.324;0;1;;;2803.99;1;1
322;0.4;52.338;30.8;13.8073;39.9826;30;247;309.245;268.656;265;360;270;268;292.969;292.969;70;263.321;0;1;;;2801.97;1;1
323;0.4;52.1354;30.8;13.7539;39.9826;30;242;309.158;268.634;265;360;270;268;292.969;292.969;70;263.319;0;1;;;2799.95;1;1
324;0.4;51.9705;30.8;13.6922;40.0839;30;238;309.1;268.28;265;360;270;268;292.969;292.969;70;263.311;0;1;;;2799.95;1;1
325;0.4;51.9329;30.8;13.6823;39.9913;30;239;309.1;268.244;265;360;270;268;292.969;292.824;70;263.299;0;1;;;2799.95;1;1
326;0.4;52.2367;30.8;13.7441;40.1881;30;240;309.476;268.251;265;360;270;268;292.969;292.824;70;263.284;0;1;;;2797.93;1;1
327;0.4;52.1354;30.8;13.6446;40.2894;30;223;309.578;268.273;265;360;270;268;292.824;292.824;70;263.266;0;1;;;2796.58;1;1
328;0.4;52.1354;30.8;13.6082;40.1852;30;231;310.113;268.28;265;360;270;268;292.824;292.824;70;263.242;0;1;;;2795.91;1;1
329;0.4;52.5434;30.8;13.6779;40.1852;30;240;309.621;268.302;265;360;270;268;292.824;292.824;70;263.215;0;1;;;2795.24;1;1
330;0.4;52.338;30.8;13.5879;40.1852;29.9;246;310.214;268.244;265;360;270;268;292.824;292.824;70;263.188;0;1;;;2793.22;1;1
331;0.4;51.956;30.8;13.4887;39.9826;29.9;246;310.127;268.229;265;360;270;268;292.824;292.824;70;263.157;0;1;;;2793.22;1;1
332;0.4;51.9387;30.8;13.4298;39.9826;29.9;236;310.127;267.846;265;360;270;268;292.679;292.824;70;263.129;0;1;;;2793.22;1;1
333;0.4;52.1325;30.8;13.4617;39.9826;29.9;236;310.229;267.867;265;360;270;268;292.969;292.824;70;263.103;0;1;;;2792.55;1;1
334;0.4;52.1007;30.8;13.4535;40.0839;29.9;246;310.33;267.933;265;360;270;268;292.969;292.824;70;263.08;0;1;;;2790.53;1;1
335;0.4;52.0341;30.8;13.3817;40.0839;29.9;246;310.359;268.048;265;360;270;268;292.824;292.824;70;263.06;0;1;;;2789.18;1;1
336;0.4;52.2251;30.8;13.3944;40.1881;29.9;251;310.359;268.056;265;360;270;268;292.969;292.824;70;263.043;0;1;;;2786.49;1;1
337;0.4;52.0255;30.8;13.3795;40.0839;29.9;261;310.576;268.077;265;360;270;268;292.824;292.824;70;263.029;0;1;;;2786.49;1;1
338;0.4;52.1325;30.8;13.3524;40.0839;29.9;253;310.503;267.867;265;360;270;268;292.824;292.824;70;263.014;0;1;;;2786.49;1;1
339;0.4;52.1354;30.8;13.3167;39.9826;29.9;252;310.446;267.99;265;360;270;268;292.679;292.824;70;263.002;0;1;;;2786.49;1;1
340;0.4;51.93;30.8;13.2642;40.0839;29.9;271;310.388;267.99;265;360;270;268;292.679;292.679;70;262.996;0;1;;;2782.46;1;1
341;0.4;52.0341;30.8;13.2545;40.1591;29.9;275;311.212;268.135;265;360;270;268;292.679;292.679;70;262.989;0;1;;;2779.77;1;1
342;0.4;51.9531;30.8;13.252;40.3848;29.8;273;311.343;267.81;265;360;270;268;292.679;292.824;70;262.987;0;1;;;2779.77;1;1
343;0.4;52.2367;30.8;13.2696;40.2865;29.8;265;311.4;267.781;265;360;270;268;292.679;292.824;70;262.986;0;1;;;2779.77;1;1
344;0.4;51.9329;30.8;13.1561;40.2865;29.8;272;311.574;267.759;265;360;270;268;292.679;292.824;70;262.988;0;1;;;2779.1;1;1
345;0.4;52.1354;30.8;13.1892;40.2865;29.8;272;311.502;267.737;265;360;270;268;292.679;292.679;70;262.989;0;1;;;2778.43;1;1
346;0.4;51.9792;30.8;13.077;40.4167;29.8;268;312.225;267.723;265;360;270;268;292.824;292.679;70;262.99;0;1;;;2778.43;1;1
347;0.4;51.8808;30.8;13.0704;40.4861;29.8;260;312.196;267.737;265;360;270;268;292.679;292.679;70;262.992;0;1;"CUSN6       ";;2775.75;1;1
348;0.4;52.2743;30.7;12.8329;40.6684;29.8;255;312.355;267.795;265;360;270;268;292.679;292.824;70;262.992;0;1;"CUSN6       ";;2774.68;1;1
349;0.4;52.1875;30.7;12.8116;40.4919;29.8;252;312.572;267.795;265;360;270;268;292.679;292.824;70;262.993;0;1;;;2774.01;1;1
350;0.4;52.338;30.7;12.7937;40.3906;29.8;242;312.645;267.781;265;360;270;268;292.679;292.824;70;262.994;0;1;;;2772.67;1;1
351;0.4;52.1383;30.7;12.7266;40.3877;29.8;240;312.948;267.752;265;360;270;268;292.679;292.679;70;262.995;0;1;;;2772.67;1;1
352;0.4;52.2367;30.7;12.7507;39.9826;29.8;246;313.339;267.73;265;360;270;268;292.679;292.679;70;263.001;0;1;"CUSN6       ";;2772;1;1
353;0.4;52.202;30.7;12.7787;40.1389;29.8;248;313.209;267.716;265;360;270;268;292.535;292.679;70;263.01;0;1;"CUSN6       ";;2771.33;1;1
354;0.4;52.1354;30.7;12.6713;40.1852;29.8;233;313.194;267.73;265;360;270;268;292.535;292.679;70;263.016;0;1;;;2766.64;1;1
355;0.4;51.93;30.7;12.5669;40.1852;29.8;227;313.296;267.795;265;360;270;268;292.679;292.679;70;263.021;0;1;;;2765.97;1;1
356;0.4;51.9329;30.7;12.5495;39.8814;29.8;228;313.903;267.773;265;360;270;268;292.535;292.679;70;263.03;0;1;;;2765.3;1;1
357;0.4;51.93;30.7;12.5306;39.7801;29.8;225;313.932;267.759;265;360;270;268;292.535;292.679;70;263.037;0;1;"CUSN6       ";;2765.3;1;1
358;0.4;52.0341;30.7;12.574;39.7801;29.8;216;313.845;267.745;265;360;270;268;292.679;292.679;70;263.044;0;1;;;2765.3;1;1
359;0.4;51.6233;30.7;12.4206;40.0868;29.7;215;313.788;267.73;265;360;270;268;292.679;292.535;70;263.05;0;1;;;2764.63;1;1
360;0.4;52.1354;30.7;12.5438;39.9826;29.7;216;313.759;267.716;265;360;270;268;292.535;292.535;70;263.062;0;1;;;2763.29;1;1
361;0.4;52.1354;30.7;12.4891;39.9826;29.7;209;313.701;267.716;265;360;270;268;292.535;292.679;70;263.07;0;1;;;2760.61;1;1
362;0.4;51.8316;30.7;12.4345;39.9826;29.7;204;313.686;267.773;265;360;270;268;292.535;292.535;70;263.082;0;1;;;2759.94;1;1
363;0.4;51.7274;30.7;12.4095;39.6788;29.7;201;313.73;267.795;265;360;270;268;292.535;292.679;70;263.092;0;1;;;2759.94;1;1
364;0.4;51.9329;30.7;12.4043;39.7801;29.7;204;313.426;267.781;265;360;270;268;292.39;292.535;70;263.099;0;1;;;2758.88;1;1
365;0.4;52.1354;30.7;12.4891;40.11;29.7;201;313.44;267.781;265;360;270;268;292.535;292.535;70;263.11;0;1;;;2757.05;1;1
366;0.4;51.9126;30.7;12.3813;40.0839;29.7;209;313.383;267.766;265;360;270;268;292.535;292.535;70;263.114;0;1;;;2757.05;1;1
367;0.4;52.338;30.7;12.4462;39.8814;29.7;213;313.31;267.752;265;360;270;268;292.535;292.535;70;263.121;0;1;;;2756.38;1;1
368;0.4;52.2801;30.7;12.3959;39.6759;29.7;214;313.223;267.737;265;360;270;268;292.535;292.39;70;263.131;0;1;;;2755.48;1;1
369;0.4;52.3148;30.7;12.3859;39.6788;29.7;210;312.645;267.73;265;360;270;268;292.39;292.535;70;263.139;0;1;;;2754.14;1;1
370;0.4;52.0457;30.7;12.2676;39.6759;29.7;210;312.674;267.723;265;360;270;268;292.39;292.535;70;263.146;0;1;;;2753.18;1;1
371;0.4;51.93;30.7;12.2404;39.8814;29.6;217;312.688;267.716;265;360;270;268;292.535;292.535;70;263.155;0;1;;;2752.56;1;1
372;0.4;52.1354;30.7;12.307;39.9826;29.6;224;312.76;267.455;265;360;270;268;292.39;292.39;70;263.163;0;1;;;2750.56;1;1
373;0.4;52.338;30.7;12.3182;39.8814;29.6;225;312.775;267.477;265;360;270;268;292.535;292.535;70;263.169;0;1;;;2748.55;1;1
374;0.4;52.4392;30.6;11.9677;39.7772;29.6;224;312.76;267.484;265;360;270;268;292.39;292.535;70;263.181;0;1;;;2748.55;1;1
375;0.4;52.1354;30.6;11.8619;39.8814;29.6;219;312.269;267.47;265;360;270;268;292.39;292.535;70;263.195;0;1;;;2747.89;1;1
376;0.4;51.8287;30.6;11.774;39.8814;29.6;226;312.182;267.433;265;360;270;268;292.39;292.535;70;263.206;0;1;;;2747.22;1;1
377;0.4;51.8287;30.6;11.774;40.1881;29.6;225;312.196;267.426;265;360;270;268;292.39;292.39;70;263.208;0;1;;;2747.22;1;1
378;0.4;51.93;30.6;11.8333;40.0839;29.6;228;312.428;267.535;265;360;270;268;292.245;292.39;70;263.207;0;1;;;2741.21;1;1
379;0.4;52.0486;30.6;11.7512;39.8495;29.5;227;312.37;267.585;265;360;270;268;292.39;292.39;70;263.206;0;1;;;2741.21;1;1
380;0.4;52.0341;30.6;11.748;39.9826;29.5;225;312.297;267.672;265;360;270;268;292.39;292.39;70;263.206;0;1;;;2739.87;1;1
381;0.4;52.0312;30.6;11.711;39.9826;29.5;225;311.617;267.65;265;360;270;268;292.39;292.39;70;263.198;0;1;;;2739.87;1;1
382;0.4;51.7274;30.6;11.6245;39.9826;29.5;225;311.56;267.593;265;360;270;268;292.39;292.245;70;263.186;0;1;;;2739.2;1;1
383;0.4;52.0341;30.5;11.3765;40.162;29.5;230;311.516;267.585;265;360;270;268;292.39;292.245;70;263.173;0;1;;;2738.54;1;1
384;0.4;51.9329;30.5;11.2637;40.0839;29.5;233;311.545;267.6;265;360;270;268;292.39;292.39;70;263.161;0;1;;;2737.2;1;1
385;0.4;51.9068;30.5;11.3124;40.0839;29.5;239;311.646;267.593;265;360;270;268;292.39;292.39;70;263.146;0;1;;;2735.87;1;1
386;0.4;51.9329;30.5;11.2455;40.0897;29.5;241;311.69;267.65;265;360;270;268;292.245;292.245;70;263.129;0;1;;;2735.17;1;1
387;0.4;51.9126;30.5;11.223;39.9826;29.5;249;311.69;267.65;265;360;270;268;292.245;292.245;70;263.114;0;1;"CUSN6       ";;2733.84;1;1
388;0.4;51.6262;30.5;11.143;39.7801;29.4;253;311.632;267.636;265;360;270;268;292.39;292.245;70;263.101;0;1;;;2731.17;1;1
389;0.4;51.7998;30.5;11.1443;39.8814;29.4;251;311.589;267.636;265;360;270;268;292.245;292.245;70;263.09;0;1;;;2729.17;1;1
390;0.4;51.93;30.5;11.0998;40.026;29.4;259;311.516;267.607;265;360;270;268;292.245;292.245;70;263.079;0;1;;;2728.5;1;1
391;0.4;52.2338;30.5;11.2194;39.6759;29.4;261;311.444;267.571;265;360;270;268;292.245;292.245;70;263.068;0;1;;;2728.25;1;1
392;0.4;52.2078;30.4;10.7499;39.4734;29.4;271;311.487;267.593;265;360;270;268;292.245;292.245;70;263.058;0;1;;;2726.91;1;1
393;0.4;52.0341;30.4;10.7505;39.5747;29.4;272;311.675;267.665;265;360;270;268;292.245;292.245;70;263.048;0;1;;;2726.25;1;1
394;0.4;52.0168;30.4;10.7288;39.6759;29.4;275;311.748;267.672;265;360;270;268;292.101;292.245;70;263.042;0;1;;;2725.58;1;1
395;0.4;51.93;30.4;10.6927;39.6788;29.4;282;311.733;267.672;265;360;270;268;292.245;292.101;70;263.036;0;1;;;2724.25;1;1
396;0.4;51.5249;30.4;10.5733;39.9479;29.4;283;311.733;267.622;265;360;270;268;292.101;292.101;70;263.032;0;1;;;2723.58;1;1
397;0.4;51.5249;30.4;10.5193;39.974;29.4;284;312.269;267.607;265;360;270;268;292.101;292.101;70;263.026;0;1;;;2722.92;1;1
398;0.4;51.8287;30.4;10.5632;39.8814;29.4;284;312.182;267.622;265;360;270;268;291.956;292.101;70;263.022;0;1;;;2722.25;1;1
399;0.4;51.93;30.4;10.5657;40.0839;29.4;283;312.124;267.607;265;360;270;268;292.101;291.956;70;263.02;0;1;;;2720.92;1;1
400;0.4;51.93;30.4;10.5113;39.8843;29.4;285;312.5;267.564;265;360;270;268;291.956;292.101;70;263.015;0;1;;;2720.92;1;1
401;0.4;52.0312;30.3;10.1967;39.8814;29.3;288;312.703;267.593;265;360;270;268;292.101;291.956;70;263.005;0;1;;;2720.26;1;1
402;0.4;52.0341;30.3;10.1427;39.9826;29.3;289;312.833;267.65;265;360;270;268;292.101;291.956;70;263;0;1;;;2716.27;1;1
403;0.4;51.8171;30.3;10.1004;39.9826;29.3;284;313.455;267.658;265;360;270;268;291.956;292.101;70;262.989;0;1;;;2715.66;1;1
404;0.4;52.0139;30.3;10.0661;39.9826;29.3;280;313.368;267.65;265;360;270;268;292.101;292.101;70;262.979;0;1;;;2715.66;1;1
405;0.4;52.0341;30.3;10.07;39.7801;29.3;276;313.614;267.6;265;360;270;268;292.101;292.101;70;262.97;0;1;;;2714.99;1;1
406;0.4;51.8287;30.3;9.99404;39.6759;29.3;277;313.628;267.585;265;360;270;268;291.956;292.101;70;262.963;0;1;;;2713.67;1;1
407;0.4;51.4207;30.3;9.91537;39.7743;29.3;267;313.628;267.6;265;360;270;268;292.101;292.101;70;262.956;0;1;;;2713.67;1;1
408;0.4;51.7274;30.3;9.9203;39.6788;29.3;263;314.323;267.585;265;360;270;268;292.101;292.101;70;262.947;0;1;;;2712.18;1;1
409;0.4;52.1412;30.3;9.94498;39.4763;29.3;264;314.424;267.542;265;360;270;268;292.101;291.956;70;262.942;0;1;;;2711.15;1;1
410;0.4;52.2367;30.3;9.9267;39.5747;29.3;261;314.858;267.549;265;360;270;268;292.101;291.956;70;262.938;0;1;;;2709.15;1;1
411;0.4;51.93;30.3;9.85027;39.9826;29.3;257;314.8;267.585;265;360;270;268;292.101;292.101;70;262.934;0;1;;;2708.17;1;1
412;0.4;51.8287;30.3;9.83106;39.9826;29.3;250;314.714;267.658;265;360;270;268;292.101;291.956;70;262.93;0;1;;;2703.52;1;1
413;0.4;51.8287;30.3;9.7043;39.8814;29.3;250;315.249;267.491;265;360;270;268;292.101;292.101;70;262.927;0;1;;;2703.52;1;1
414;0.4;51.6262;30.3;9.66637;39.7772;29.3;247;315.263;267.6;265;360;270;268;291.956;291.956;70;262.924;0;1;;;2703.39;1;1
415;0.4;51.93;30.3;9.7414;39.7483;29.3;242;315.451;267.448;265;360;270;268;292.101;291.956;70;262.922;0;1;;;2703.39;1;1
416;0.4;51.8113;30.3;9.61055;39.7801;29.3;242;315.495;267.607;265;360;270;268;291.956;292.101;70;262.92;0;1;"CUSN6       ";;2700.07;1;1
417;0.4;51.7072;30.3;9.64542;39.9826;29.3;243;315.422;267.455;265;360;270;268;292.101;291.956;70;262.918;0;1;;;2698.08;1;1
418;0.4;51.522;30.3;9.53888;39.8814;29.3;245;315.336;267.433;265;360;270;268;292.101;291.956;70;262.916;0;1;;;2697.42;1;1
419;0.4;51.0098;30.2;9.0799;39.5718;29.3;245;315.249;267.441;265;360;270;268;291.956;291.811;70;262.915;0;1;;;2696.75;1;1
420;0.4;50.842;30.2;9.0145;39.2795;29.3;254;315.625;267.527;265;360;270;268;291.811;291.956;70;262.917;0;1;;;2696.75;1;1
421;0.4;50.6076;30.2;8.91991;39.2708;29.3;253;315.697;267.52;265;360;270;268;291.956;291.956;70;262.917;0;1;;;2696.75;1;1
422;0.4;50.5064;30.2;8.90206;38.9641;29.3;245;315.784;267.506;265;360;270;268;291.811;291.956;70;262.922;0;1;;;2695.69;1;1
423;0.4;50.6308;30.2;8.87093;38.8628;29.3;236;316.146;267.376;265;360;270;268;291.811;291.811;70;262.931;0;1;;;2695.69;1;1
424;0.4;50.6076;30.2;8.77845;38.7616;29.3;244;316.189;267.361;265;360;270;268;291.667;291.811;70;262.939;0;1;;;2695.03;1;1
425;0.4;50.4138;30.2;8.74482;38.7095;29.3;246;315.929;267.578;265;360;270;268;291.811;291.811;70;262.946;0;1;;;2693.7;1;1
426;0.4;50.6829;30.2;8.77379;38.9641;29.2;248;316.117;267.361;265;360;270;268;291.811;291.811;70;262.952;0;1;;;2692.38;1;1
427;0.4;50.7089;30.2;8.76059;39.2708;29.2;248;315.813;267.564;265;360;270;268;291.956;291.811;70;262.958;0;1;;;2691.72;1;1
428;0.4;50.6192;30.2;8.65665;39.0336;29.2;246;315.726;267.571;265;360;270;268;291.811;291.811;70;262.963;0;1;;;2691.05;1;1
429;0.4;50.5035;30.2;8.60157;39.0683;29.2;248;315.741;267.607;265;360;270;268;291.811;291.811;70;262.967;0;1;;;2689.73;1;1
430;0.4;50.5064;30.2;8.53149;39.0654;29.2;246;315.828;267.629;265;360;270;268;291.811;291.811;70;262.97;0;1;;;2687;1;1
431;0.4;50.6076;30.2;8.53089;38.7616;29.2;244;315.929;267.643;265;360;270;268;291.811;291.811;70;262.974;0;1;;;2686.34;1;1
432;0.4;50.7523;30.2;8.51982;38.8628;29.2;247;316.001;267.629;265;360;270;268;291.811;291.811;70;262.982;0;1;;;2686.34;1;1
433;0.4;50.8507;30.2;8.51857;38.9641;29.2;246;315.914;267.759;265;360;270;268;291.811;291.811;70;262.992;0;1;;;2685.68;1;1
434;0.4;50.8073;30.2;8.4403;38.8628;29.2;248;315.856;267.737;265;360;270;268;291.811;291.811;70;263.004;0;1;;;2685.56;1;1
435;0.4;50.9057;30.2;8.47443;38.86;29.2;248;315.77;267.716;265;360;270;268;291.811;291.811;70;263.015;0;1;;;2685.11;1;1
436;0.4;50.9115;30.2;8.36866;38.9641;29.2;247;315.726;267.737;265;360;270;268;291.811;291.667;70;263.032;0;1;;;2682.47;1;1
437;0.4;50.3588;30.2;8.22503;38.8628;29.2;247;315.712;267.795;265;360;270;268;291.811;291.667;70;263.052;0;1;;;2682.11;1;1
438;0.4;50.298;30.2;8.23268;39.0654;29.2;245;315.307;267.773;265;360;270;268;291.667;291.811;70;263.071;0;1;;;2682.11;1;1
439;0.4;50.3357;30.2;8.13331;39.0654;29.1;240;315.451;267.752;265;360;270;268;291.667;291.811;70;263.097;0;1;;;2679.39;1;1
440;0.4;50.3009;30.2;8.09256;39.1696;29.1;248;315.48;267.723;265;360;270;268;291.811;291.667;70;263.117;0;1;;;2678.07;1;1
441;0.4;50.7089;30.2;8.08734;39.0654;29.1;255;315.422;267.716;265;360;270;268;291.667;291.667;70;263.138;0;1;;;2677.41;1;1
442;0.4;50.8247;30.1;7.77848;39.0654;29.1;256;315.336;267.781;265;360;270;268;291.667;291.667;70;263.16;0;1;;;2676.41;1;1
443;0.4;50.8044;30.1;7.66887;39.1696;29.1;246;315.654;267.781;265;360;270;268;291.667;291.667;70;263.188;0;1;;;2675.75;1;1
444;0.4;50.5064;30.1;7.62388;39.0712;29.1;234;315.712;267.759;265;360;270;268;291.667;291.667;70;263.215;0;1;;;2675.09;1;1
445;0.4;50.6076;30.1;7.60381;39.1696;29.1;223;315.943;267.752;265;360;270;268;291.667;291.667;70;263.238;0;1;;;2673.77;1;1
446;0.4;51.1169;30.1;7.62673;39.2708;29.1;218;315.929;267.716;265;360;270;268;291.667;291.522;70;263.259;0;1;;;2670.47;1;1
447;0.4;50.8102;30.1;7.52772;39.1667;29.1;214;316.016;267.745;265;360;270;268;291.667;291.667;70;263.28;0;1;;;2669.15;1;1
448;0.4;50.6047;30.1;7.4796;38.8628;29.1;212;316.045;267.795;265;360;270;268;291.667;291.522;70;263.305;0;1;"CUSN6       ";;2669.15;1;1
449;0.4;50.7089;30.1;7.45957;38.9641;29.1;211;315.451;267.773;265;360;270;268;291.667;291.667;70;263.327;0;1;;;2667.17;1;1
450;0.4;50.9115;30.1;7.36484;39.0654;29.1;199;315.35;267.745;265;360;270;268;291.667;291.667;70;263.355;0;1;;;2666.02;1;1
451;0.4;50.8102;30.1;7.31469;39.1696;29.1;200;315.278;267.723;265;360;270;268;291.667;291.522;70;263.376;0;1;;;2666.02;1;1
452;0.4;50.1997;30.1;7.2268;39.0683;29;201;315.263;267.708;265;360;270;268;291.667;291.667;70;263.398;0;1;;;2664.7;1;1
453;0.4;50.5064;30.1;7.218;39.2708;29;198;315.365;267.773;265;360;270;268;291.667;291.522;70;263.419;0;1;;;2662.72;1;1
454;0.4;50.9115;30.1;7.25811;39.0741;29;192;315.495;267.788;265;360;270;268;291.667;291.667;70;263.439;0;1;;;2662.06;1;1
455;0.4;50.8102;30.1;7.15492;39.1696;29;188;315.466;267.766;265;360;270;268;291.667;291.667;70;263.46;0;1;;;2662.06;1;1
456;0.4;50.5498;30.1;7.10059;39.3721;29;186;314.887;267.745;265;360;270;268;291.667;291.667;70;263.48;0;1;;;2659.04;1;1
457;0.4;50.6105;30.1;7.05606;39.4734;29;182;314.815;268.106;265;360;270;268;291.667;291.667;70;263.502;0;1;;;2658.38;1;1
458;0.4;50.8102;30;6.68568;39.3721;29;183;314.728;268.113;265;360;270;268;291.522;291.667;70;263.522;0;1;;;2657.72;1;1
459;0.4;50.6047;30;6.62329;39.1696;29;183;314.236;267.853;265;360;270;268;291.667;291.667;70;263.542;0;1;;;2657.72;1;1
460;0.4;50.6105;30;6.57098;39.1696;29;178;314.323;267.867;265;360;270;268;291.522;291.667;70;263.561;0;1;;;2654.43;1;1
461;0.4;50.4022;30;6.49111;39.0654;29;181;314.468;267.882;265;360;270;268;291.667;291.667;70;263.577;0;1;;;2652.45;1;1
462;0.4;50.6018;30;6.42841;39.0538;29;183;314.207;267.889;265;360;270;268;291.522;291.667;70;263.591;0;1;;;2651.79;1;1
463;0.4;50.3009;30;6.39018;39.0683;29;192;314.135;267.911;265;360;270;268;291.667;291.667;70;263.602;0;1;;;2647.57;1;1
464;0.4;50.5903;30;6.40927;38.9641;28.9;192;314.106;267.925;265;360;270;268;291.522;291.667;70;263.613;0;1;;;2646.91;1;1
465;0.4;50.4253;30;6.3003;39.2708;28.9;180;313.238;267.918;265;360;270;268;291.667;291.667;70;263.621;0;1;;;2646.91;1;1
466;0.4;50.5064;30;6.27513;39.4734;28.9;187;313.194;267.882;265;360;270;268;291.667;291.667;70;263.627;0;1;;;2646.91;1;1
467;0.4;50.5064;30;6.27513;39.4705;28.9;195;312.977;267.889;265;360;270;268;291.667;291.667;70;263.624;0;1;;;2642.96;1;1
468;0.4;50.5064;29.9;5.89691;39.4734;28.9;191;313.122;267.846;265;360;270;268;291.522;291.667;70;263.621;0;1;"CUSN6       ";;2642.96;1;1
469;0.4;50.1157;29.9;5.78128;39.4763;28.9;198;313.166;267.86;265;360;270;268;291.522;291.522;70;263.61;0;1;;;2642.31;1;1
470;0.4;49.9971;29.9;5.71517;39.3721;28.9;205;312.413;267.846;265;360;270;268;291.522;291.522;70;263.604;0;1;;;2641.86;1;1
471;0.4;50.3009;29.9;5.7499;39.2708;28.9;214;312.341;267.875;265;360;270;268;291.522;291.522;70;263.597;0;1;;;2640.55;1;1
472;0.4;50.2488;29.9;5.69128;39.1696;28.8;218;312.225;267.889;265;360;270;268;291.522;291.522;70;263.587;0;1;;;2639.23;1;1
473;0.4;50.298;29.9;5.66171;39.2795;28.8;220;311.892;267.933;265;360;270;268;291.522;291.522;70;263.577;0;1;;;2637.26;1;1
474;0.4;50.1997;29.9;5.65064;39.2708;28.8;228;311.936;267.896;265;360;270;268;291.522;291.522;70;263.568;0;1;;;2637.26;1;1
475;0.4;50.6684;29.8;5.27087;39.5747;28.8;232;312.037;267.882;265;360;270;268;291.522;291.522;70;263.56;0;1;;;2637.26;1;1
476;0.4;50.7089;29.8;5.27508;39.6759;28.8;231;312.124;267.875;265;360;270;268;291.522;291.522;70;263.554;0;1;;;2637.26;1;1
477;0.4;50.8102;29.8;5.19687;39.4734;28.8;240;312.138;267.86;265;360;270;268;291.522;291.522;70;263.551;0;1;;;2633.32;1;1
478;0.4;50.6076;29.8;5.15847;39.4734;28.8;256;311.299;268.244;265;360;270;268;291.522;291.522;70;263.546;0;1;;;2633.32;1;1
479;0.4;50.8102;29.8;5.16134;39.5631;28.8;257;312.023;268.236;265;360;270;268;291.522;291.522;70;263.543;0;1;;;2633.32;1;1
480;0.4;50.8102;29.8;5.16134;39.5747;28.8;253;311.994;268.28;265;360;270;268;291.522;291.522;70;263.545;0;1;;;2632.01;1;1
481;0.4;50.6076;29.8;5.07005;39.7772;28.8;250;311.921;268.294;265;360;270;268;291.522;291.522;70;263.548;0;1;;;2631.36;1;1
482;0.4;50.6076;29.7;4.74414;39.6759;28.8;257;311.921;268.287;265;360;270;268;291.377;291.522;70;263.55;0;1;;;2631.36;1;1
483;0.4;50.7089;29.7;4.66504;39.5747;28.8;271;312.037;268.265;265;360;270;268;291.522;291.522;70;263.556;0;1;;;2630.7;1;1
484;0.4;50.4861;29.7;4.62691;39.4821;28.8;272;311.661;268.251;265;360;270;268;291.377;291.522;70;263.567;0;1;;;2629.39;1;1
485;0.4;50.5064;29.7;4.57583;39.5689;28.8;274;311.617;268.251;265;360;270;268;291.522;291.377;70;263.582;0;1;;;2628.73;1;1
486;0.4;50.706;29.7;4.62935;39.5747;28.7;275;312.384;268.287;265;360;270;268;291.522;291.377;70;263.599;0;1;;;2628.08;1;1
487;0.4;50.6076;29.7;4.49659;39.6759;28.7;266;312.269;268.302;265;360;270;268;291.522;291.377;70;263.617;0;1;;;2624.8;1;1
488;0.4;50.3009;29.7;4.48693;39.5747;28.7;256;312.138;268.28;265;360;270;268;291.522;291.377;70;263.634;0;1;;;2624.8;1;1
489;0.4;50.5064;29.6;4.14468;39.5747;28.7;252;312.428;268.251;265;360;270;268;291.522;291.522;70;263.654;0;1;;;2623.21;1;1
490;0.4;50.4022;29.6;4.11853;39.5747;28.7;242;312.905;268.222;265;360;270;268;291.522;291.522;70;263.674;0;1;;;2621.25;1;1
491;0.4;50.5122;29.6;4.12751;39.5747;28.7;234;312.63;268.294;265;360;270;268;291.377;291.522;70;263.699;0;1;;;2618.63;1;1
492;0.4;50.8102;29.6;4.08086;39.5747;28.8;233;313.426;268.692;265;360;270;268;291.522;291.522;70;263.724;0;1;;;2618.63;1;1
493;0.4;50.7089;29.6;4.10816;39.6759;28.8;231;313.354;268.432;265;360;270;268;291.522;291.522;70;263.753;0;1;;;2617.97;1;1
494;0.4;50.408;29.6;4.03095;39.728;28.8;218;313.267;268.432;265;360;270;268;291.377;291.377;70;263.775;0;1;;;2616.66;1;1
495;0.4;50.6916;29.6;4.01819;39.6296;28.8;209;313.817;268.656;265;360;270;268;291.522;291.377;70;263.795;0;1;;;2616.66;1;1
496;0.4;50.4051;29.6;3.97787;39.6759;28.8;200;313.542;268.641;265;360;270;268;291.522;291.522;70;263.812;0;1;;;2616.01;1;1
497;0.4;50.7089;29.6;4.0373;39.6759;28.8;184;313.788;268.417;265;360;270;268;291.522;291.522;70;263.836;0;1;;;2613.39;1;1
498;0.4;50.6076;29.6;3.94082;39.3721;28.8;182;313.889;268.613;265;360;270;268;291.522;291.377;70;263.855;0;1;;;2612.09;1;1
499;0.4;50.4022;29.6;3.92482;39.3808;28.8;179;313.744;268.613;265;360;270;268;291.522;291.522;70;263.878;0;1;;;2612.09;1;1
500;0.4;50.1997;29.6;3.87397;39.4734;28.8;174;313.73;268.627;265;360;270;268;291.377;291.377;70;263.894;0;1;;;2608.16;1;1
501;0.4;50.5179;29.5;3.5732;39.3721;28.8;173;313.628;268.685;265;360;270;268;291.377;291.522;70;263.917;0;1;;;2606.86;1;1
502;0.4;50.5064;29.5;3.50178;39.3721;28.8;168;313.6;268.685;265;360;270;268;291.377;291.377;70;263.933;0;1;;;2606.86;1;1
503;0.4;50.5035;29.5;3.53689;39.1667;28.8;160;313.194;268.663;265;360;270;268;291.377;291.522;70;263.951;0;1;;;2606.86;1;1
504;0.4;50.8102;29.5;3.5051;39.3721;28.8;156;313.281;268.627;265;360;270;268;291.377;291.522;70;263.969;0;1;;;2606.2;1;1
505;0.4;50.9057;29.5;3.47612;39.4734;28.8;161;313.383;268.605;265;360;270;268;291.377;291.377;70;263.986;0;1;;;2606.2;1;1
506;0.4;50.8102;29.5;3.45185;39.4734;28.8;159;313.455;268.605;265;360;270;268;291.522;291.522;70;264.002;0;1;;;2606.2;1;1
507;0.4;50.9115;29.5;3.47651;39.3721;28.8;157;313.108;268.417;265;360;270;268;291.522;291.522;70;264.019;0;1;;;2604.24;1;1
508;0.4;50.6076;29.5;3.43809;39.4734;28.8;156;313.108;268.396;265;360;270;268;291.522;291.377;70;264.037;0;1;;;2603.59;1;1
509;0.4;50.8102;29.5;3.4696;39.4734;28.8;157;312.225;268.461;265;360;270;268;291.522;291.522;70;264.056;0;1;;;2602.94;1;1
510;0.4;51.2153;29.5;3.51515;39.3721;28.8;159;312.153;268.468;265;360;270;268;291.522;291.377;70;264.073;0;1;;;2602.29;1;1
511;0.4;51.1024;29.5;3.45385;39.3721;28.8;165;312.211;268.446;265;360;270;268;291.522;291.522;70;264.09;0;1;;;2602.29;1;1
512;0.4;50.897;29.5;3.42218;39.3721;28.8;166;312.109;268.417;265;360;270;268;291.377;291.377;70;264.113;0;1;;;2600.98;1;1
513;0.4;50.7928;29.5;3.39744;39.4734;28.8;168;312.167;268.757;265;360;270;268;291.377;291.377;70;264.131;0;1;;;2599.68;1;1
514;0.4;50.5064;29.5;3.39592;39.7801;28.8;174;311.357;268.736;265;360;270;268;291.377;291.377;70;264.15;0;1;;;2599.02;1;1
515;0.4;50.6076;29.5;3.38505;39.7801;28.8;175;311.256;268.764;265;360;270;268;291.377;291.377;70;264.17;0;1;;;2597.07;1;1
516;0.4;50.5064;29.4;3.00006;39.7946;28.8;181;310.923;268.815;265;360;270;268;291.377;291.377;70;264.189;0;1;;;2597.07;1;1
517;0.4;50.9143;29.4;3.05986;39.6788;28.8;179;310.923;268.793;265;360;270;268;291.377;291.377;70;264.21;0;1;;;2593.81;1;1
518;0.4;50.8449;29.4;3.07348;39.7685;28.8;175;310.966;268.772;265;360;270;268;291.377;291.377;70;264.231;0;1;;;2592.5;1;1
519;0.4;50.9115;29.4;3.05969;39.5747;28.8;177;310.229;268.757;265;360;270;268;291.233;291.233;70;264.25;0;1;;;2591.2;1;1
520;0.4;50.7089;29.4;2.99437;39.5747;28.8;186;310.33;268.736;265;360;270;268;291.377;291.233;70;264.273;0;1;;;2589.24;1;1
521;0.4;50.6395;29.4;3.06106;39.5747;28.8;190;310.286;268.757;265;360;270;268;291.233;291.233;70;264.291;0;1;;;2587.94;1;1
522;0.4;50.7089;29.4;3.01209;39.9653;28.8;187;309.418;268.808;265;360;270;268;291.233;291.233;70;264.315;0;1;;;2587.29;1;1
523;0.4;50.7552;29.4;3.01484;40.1852;28.8;191;309.404;268.786;265;360;270;268;291.088;291.233;70;264.333;0;1;;;2585.99;1;1
524;0.4;50.9751;29.4;3.06352;39.8814;28.8;202;309.346;268.764;265;360;270;268;291.233;291.088;70;264.355;0;1;;;2585.34;1;1
525;0.4;51.1169;29.3;2.72499;39.6759;28.8;198;309.086;268.757;265;360;270;268;291.233;291.233;70;264.372;0;1;;;2585.34;1;1
526;0.4;50.9115;29.3;2.71403;39.6759;28.8;183;309.23;268.757;265;360;270;268;291.377;291.233;70;264.397;0;1;;;2583.16;1;1
527;0.4;51.033;29.3;2.72051;39.4734;28.8;190;309.346;268.793;265;360;270;268;291.377;291.233;70;264.42;0;1;;;2582.4;1;1
528;0.4;50.706;29.3;2.73853;39.3692;28.8;191;309.317;268.808;265;360;270;268;291.088;291.233;70;264.441;0;1;;;2579.8;1;1
529;0.4;50.7089;29.3;2.72095;39.6238;28.8;185;309.216;268.786;265;360;270;268;291.233;291.233;70;264.462;0;1;;;2579.59;1;1
530;0.4;50.6047;29.3;2.69768;39.4734;28.8;177;308.406;268.764;265;360;270;268;291.233;291.233;70;264.478;0;1;;;2577.72;1;1
531;0.4;50.8102;29.3;2.67313;39.5747;28.8;177;308.304;268.75;265;360;270;268;291.233;291.233;70;264.5;0;1;;;2576.42;1;1
532;0.4;50.9115;29.3;2.71403;39.5747;28.8;180;308.29;268.743;265;360;270;268;291.233;291.233;70;264.522;0;1;;;2575.77;1;1
533;0.4;50.9722;29.2;2.40682;39.5747;28.8;183;308.406;268.801;265;360;270;268;291.233;291.233;70;264.542;0;1;;;2575.77;1;1
534;0.4;51.0127;29.2;2.40874;39.5775;28.8;183;308.565;269.097;265;360;270;268;291.088;291.233;70;264.56;0;1;"CUSN6       ";;2573.82;1;1
535;0.4;51.0127;29.2;2.42658;39.5718;28.8;182;308.319;269.068;265;360;270;268;291.088;291.233;70;264.576;0;1;;;2573.82;1;1
536;0.4;50.5064;29.2;2.3319;39.7801;28.8;175;308.232;269.061;265;360;270;268;291.088;291.088;70;264.592;0;1;;;2573.82;1;1
537;0.4;50.7089;29.2;2.39439;39.6644;28.8;175;308.16;269.047;265;360;270;268;291.088;291.088;70;264.616;0;1;;;2570.48;1;1
538;0.4;51.1053;29.2;2.43099;39.6383;28.8;174;308.073;269.047;265;360;270;268;291.088;291.088;70;264.634;0;1;;;2567.37;1;1
539;0.4;50.7089;29.2;2.35896;39.7801;28.8;171;308.087;269.01;265;360;270;268;291.088;291.088;70;264.651;0;1;;;2567.37;1;1
540;0.4;50.6076;29.2;2.46035;39.4734;28.8;163;308.203;269.003;265;360;270;268;291.088;291.088;70;264.672;0;1;;;2567.37;1;1
541;0.4;50.8102;29.2;2.45245;39.6094;28.9;161;307.552;269.039;265;360;270;268;291.088;291.233;70;264.697;0;1;;;2565.97;1;1
542;0.4;50.8391;29.2;2.4716;39.7801;28.9;161;307.567;269.112;265;360;270;268;291.233;291.233;70;264.718;0;1;;;2565.45;1;1
543;0.4;50.9115;29.1;2.14725;39.8814;28.9;162;307.856;269.09;265;360;270;268;291.233;291.088;70;264.738;0;1;;;2563.66;1;1
544;0.4;51.0156;29.1;2.13382;39.6788;28.9;161;307.465;269.068;265;360;270;268;291.233;291.088;70;264.757;0;1;;;2558.81;1;1
545;0.4;50.9115;29.1;2.16503;39.5747;28.9;158;307.784;269.054;265;360;270;268;291.088;291.088;70;264.779;0;1;;;2558.16;1;1
546;0.4;50.8102;29.1;2.17848;39.4734;28.9;148;307.726;269.039;265;360;270;268;291.233;291.088;70;264.802;0;1;;;2558.16;1;1
547;0.4;50.9115;29.1;2.18282;39.6788;28.9;144;307.046;268.996;265;360;270;268;291.088;291.088;70;264.827;0;1;;;2556.87;1;1
548;0.4;50.7089;29.1;2.13871;40.0752;28.9;139;307.147;268.945;265;360;270;268;291.088;291.233;70;264.847;0;1;;;2556.22;1;1
549;0.4;50.7089;29.1;2.20956;39.9826;28.9;143;307.19;269.112;265;360;270;268;291.233;291.088;70;264.865;0;1;;;2556.22;1;1
550;0.4;50.9983;29.1;2.22217;39.9826;28.9;142;307.306;269.17;265;360;270;268;291.233;291.233;70;264.886;0;1;;;2554.93;1;1
551;0.4;51.14;29.1;2.24622;39.8814;28.9;141;307.176;268.989;265;360;270;268;291.088;291.088;70;264.905;0;1;;;2551.04;1;1
552;0.4;51.1198;29.1;2.20961;39.8814;28.9;139;306.467;269.155;265;360;270;268;291.088;291.088;70;264.928;0;1;;;2551.04;1;1
553;0.4;50.8362;29.1;2.23287;39.8032;28.9;137;306.887;268.967;265;360;270;268;291.088;291.233;70;264.947;0;1;;;2551.04;1;1
554;0.4;51.0127;29.1;2.25847;39.7772;28.9;147;306.293;269.119;265;360;270;268;291.088;291.088;70;264.962;0;1;;;2548.45;1;1
555;0.4;51.0156;29.1;2.24075;39.8814;29;145;306.25;269.242;265;360;270;268;291.088;291.088;70;264.977;0;1;;;2547.8;1;1
556;0.4;51.0156;29.1;2.20511;39.9826;29;142;306.047;269.242;265;360;270;268;291.088;291.088;70;264.992;0;1;;;2547.8;1;1
557;0.4;51.2211;29;1.95572;39.9826;29;142;306.163;269.321;265;360;270;268;291.233;291.088;70;265.004;0;1;;;2546.73;1;1
558;0.4;51.1169;29;2.00532;39.8814;29;143;306.25;269.3;265;360;270;268;291.233;291.233;70;265.015;0;1;;;2545.43;1;1
559;0.4;51.2182;29;1.93772;39.6759;29;139;306.019;269.285;265;360;270;268;291.233;291.233;70;265.025;0;1;;;2544.79;1;1
560;0.4;51.1169;29;2.00532;39.7801;29;137;305.932;269.264;265;360;270;268;291.233;291.088;70;265.033;0;1;;;2544.79;1;1
561;0.4;50.8102;29;1.97553;39.6759;29;136;305.874;269.249;265;360;270;268;291.088;291.088;70;265.041;0;1;;;2542.85;1;1
562;0.4;50.8102;29;2.01103;39.5747;29;135;305.02;269.285;265;360;270;268;291.233;291.088;70;265.048;0;1;;;2542.85;1;1
563;0.4;50.7089;29;1.9716;39.7801;29;138;304.991;269.321;265;360;270;268;291.233;291.233;70;265.059;0;1;;;2542.2;1;1
564;0.4;50.5064;29;2.01665;39.8785;29;143;305.093;269.546;265;360;270;268;291.233;291.233;70;265.069;0;1;;;2539.61;1;1
565;0.4;50.7205;29;2.0252;39.7859;29;150;304.933;269.524;265;360;270;268;291.088;290.943;70;265.082;0;1;;;2539.61;1;1
566;0.4;51.114;29;2.04091;39.7801;29;151;304.977;269.51;265;360;270;268;291.088;291.088;70;265.095;0;1;;;2538.32;1;1
567;0.4;51.2182;29;2.04507;39.5747;29;152;304.991;269.488;265;360;270;268;291.088;291.088;70;265.106;0;1;;;2537.68;1;1
568;0.4;51.0127;29;2.126;39.6759;29;148;304.123;269.473;265;360;270;268;291.088;290.943;70;265.117;0;1;;;2534.45;1;1
569;0.4;51.0156;29;2.12612;39.8119;29;148;304.109;269.416;265;360;270;268;291.088;291.088;70;265.129;0;1;;;2534.45;1;1
570;0.4;51.3194;29;2.15671;39.8814;29;164;304.008;269.459;265;360;270;268;291.088;291.088;70;265.139;0;1;;;2532.58;1;1
571;0.4;51.2182;29;2.15245;39.7801;29;161;303.718;269.517;265;360;270;268;290.943;290.943;70;265.146;0;1;;;2532.58;1;1
572;0.4;50.7089;28.9;1.83991;39.6788;29;164;303.791;269.488;265;360;270;268;290.943;290.943;70;265.155;0;1;;;2531.93;1;1
573;0.4;50.6076;28.9;1.80088;39.4589;29;177;303.848;269.466;265;360;270;268;291.088;291.088;70;265.159;0;1;;;2531.29;1;1
574;0.4;50.7089;28.9;1.87534;39.5747;29.1;171;303.921;269.452;265;360;270;268;291.088;291.088;70;265.17;0;1;;;2531.29;1;1
575;0.4;50.9838;28.9;1.84989;39.4734;29.1;168;303.545;269.401;265;360;270;268;291.088;291.088;70;265.18;0;1;;;2530.64;1;1
576;0.4;51.0127;28.9;1.86876;39.4676;29.1;161;303.168;269.408;265;360;270;268;291.088;291.088;70;265.191;0;1;;;2528.71;1;1
577;0.4;51.2153;28.9;1.87618;39.6788;29.1;173;303.067;269.423;265;360;270;268;291.088;291.088;70;265.209;0;1;;;2525.55;1;1
578;0.4;51.4959;28.9;1.94045;39.5747;29.1;181;302.966;269.437;265;360;270;268;291.088;290.943;70;265.224;0;1;;;2523.48;1;1
579;0.4;51.0272;28.9;1.95844;39.5747;29.1;182;302.937;269.459;265;360;270;268;291.088;291.088;70;265.244;0;1;"CUSN6       ";;2523.48;1;1
580;0.4;51.1198;28.9;1.99771;39.4734;29.1;182;303.053;269.437;265;360;270;268;291.088;291.088;70;265.261;0;1;;;2523.48;1;1
581;0.4;51.4786;28.9;2.01173;39.4734;29.1;183;303.183;269.444;265;360;270;268;291.088;291.088;70;265.277;0;1;;;2517.69;1;1
582;0.4;51.2182;28.9;2.03734;39.3721;29.1;177;303.183;269.423;265;360;270;268;291.088;291.088;70;265.298;0;1;;;2517.67;1;1
583;0.4;51.1198;28.9;2.05129;39.1696;29.1;170;303.096;269.387;265;360;270;268;291.088;291.088;70;265.321;0;1;;;2517.67;1;1
584;0.4;51.0127;28.9;2.08266;39.375;29.1;169;302.98;269.379;265;360;270;268;291.088;291.088;70;265.344;0;1;;;2517.67;1;1
585;0.4;51.2182;28.9;2.09104;39.5747;29.1;164;303.704;269.408;265;360;270;268;291.088;291.088;70;265.365;0;1;"CUSN6       ";;2517.67;1;1
586;0.4;51.114;28.9;2.08679;39.5747;29.1;157;303.848;269.444;265;360;270;268;291.088;291.088;70;265.381;0;1;;;2517.27;1;1
587;0.4;50.7436;28.9;2.12485;39.5775;29.1;150;303.921;269.437;265;360;270;268;291.088;290.943;70;265.401;0;1;;;2513.38;1;1
588;0.4;50.9143;28.9;2.09643;39.8814;29.2;143;303.935;269.43;265;360;270;268;291.088;290.943;70;265.423;0;1;"CUSN6       ";;2511.66;1;1
589;0.4;51.2355;28.9;2.14545;39.6759;29.2;127;303.877;269.437;265;360;270;268;291.088;291.088;70;265.441;0;1;;;2511.66;1;1
590;0.4;51.2182;28.9;2.16261;39.5747;29.2;125;303.299;269.408;265;360;270;268;291.233;291.088;70;265.459;0;1;;;2511.66;1;1
591;0.4;50.9954;28.9;2.18884;39.7801;29.2;128;302.966;269.394;265;360;270;268;291.088;291.088;70;265.475;0;1;;;2510.37;1;1
592;0.4;51.1169;28.9;2.21191;39.702;29.2;128;302.951;269.365;265;360;270;268;291.088;291.088;70;265.489;0;1;;;2510.37;1;1
593;0.4;51.2182;28.9;2.21629;39.6788;29.2;125;303.038;269.358;265;360;270;268;290.943;290.943;70;265.505;0;1;;;2508.44;1;1
594;0.4;51.522;28.9;2.30146;39.5747;29.2;125;303.139;269.387;265;360;270;268;290.943;290.943;70;265.516;0;1;;;2506.62;1;1
595;0.4;51.4236;28.9;2.35096;39.6615;29.2;120;302.879;269.792;265;360;270;268;290.943;290.943;70;265.528;0;1;;;2505.33;1;1
596;0.4;51.0793;28.9;2.33521;39.6759;29.2;114;302.879;269.835;265;360;270;268;291.088;290.943;70;265.545;0;1;;;2504.23;1;1
597;0.4;50.68;28.9;2.33466;39.3576;29.2;114;302.532;269.813;265;360;270;268;291.088;291.088;70;265.563;0;1;;;2502.94;1;1
598;0.4;50.8073;28.9;2.34053;39.3721;29.3;114;302.488;269.792;265;360;270;268;291.088;290.943;70;265.577;0;1;;;2501.66;1;1
599;0.4;51.114;28.9;2.40825;39.3721;29.3;114;301.895;269.784;265;360;270;268;291.088;290.943;70;265.591;0;1;;;2501.66;1;1
600;0.4;51.1169;28.9;2.42624;39.2708;29.3;119;302.098;269.763;265;360;270;268;290.943;290.943;70;265.604;0;1;;;2500.38;1;1
601;0.4;51.1169;28.9;2.42624;39.3721;29.3;118;301.736;269.792;265;360;270;268;290.943;290.943;70;265.613;0;1;;;2497.17;1;1
602;0.4;51.3194;28.9;2.48964;39.3721;29.3;121;301.808;269.835;265;360;270;268;291.088;290.943;70;265.624;0;1;"CUSN6       ";;2497.17;1;1
603;0.4;50.9115;28.9;2.46985;39.4734;29.3;120;301.765;269.813;265;360;270;268;290.943;290.943;70;265.631;0;1;;;2497.17;1;1
604;0.4;51.0156;28.9;2.45708;39.3721;29.3;121;301.027;269.792;265;360;270;268;290.943;290.943;70;265.639;0;1;;;2495.88;1;1
605;0.4;51.1169;28.9;2.53339;39.3721;29.3;131;300.94;269.777;265;360;270;268;290.943;290.943;70;265.653;0;1;;;2493.96;1;1
606;0.4;51.1372;29;2.97092;39.3432;29.3;134;300.911;269.777;265;360;270;268;290.943;290.799;70;265.669;0;1;;;2493.96;1;1
607;0.4;50.9954;29;2.94487;39.3721;29.3;137;300.651;269.77;265;360;270;268;290.943;290.799;70;265.682;0;1;;;2492.04;1;1
608;0.4;50.9143;29;2.92241;39.3692;29.3;134;300.781;269.828;265;360;270;268;291.088;290.799;70;265.696;0;1;;;2492.04;1;1
609;0.4;51.0127;29;2.9637;39.4734;29.3;135;300.868;269.828;265;360;270;268;290.943;290.799;70;265.708;0;1;;;2492.04;1;1
610;0.4;51.1169;29;2.9876;39.6759;29.3;135;300.651;269.821;265;360;270;268;290.943;290.799;70;265.722;0;1;;;2490.12;1;1
611;0.4;50.9115;29;2.99338;39.566;29.3;136;300.043;269.784;265;360;270;268;290.799;290.943;70;265.74;0;1;;;2487.55;1;1
612;0.4;51.0156;29;3.07082;39.4734;29.3;141;299.971;269.777;265;360;270;268;290.943;290.799;70;265.758;0;1;;;2486.91;1;1
613;0.4;51.0764;29;3.09232;39.4734;29.3;141;299.884;269.763;265;360;270;268;290.943;290.799;70;265.774;0;1;;;2485.63;1;1
614;0.4;51.0156;29;3.12428;39.2824;29.3;140;300;269.828;265;360;270;268;290.943;290.799;70;265.789;0;1;;;2481.94;1;1
615;0.4;50.8507;29;3.07866;39.1696;29.3;135;300.116;269.828;265;360;270;268;290.943;290.799;70;265.801;0;1;;;2481.53;1;1
616;0.4;50.7089;29;3.1055;39.1696;29.3;133;300.159;269.806;265;360;270;268;290.943;290.943;70;265.812;0;1;;;2481.53;1;1
617;0.4;50.6105;29;3.1879;39.1696;29.3;136;300.087;269.792;265;360;270;268;290.943;290.799;70;265.822;0;1;;;2479.61;1;1
618;0.4;51.0156;29;3.17775;39.2101;29.3;129;299.986;269.77;265;360;270;268;290.943;290.943;70;265.831;0;1;;;2479.61;1;1
619;0.4;51.2268;29;3.2088;39.3721;29.3;122;299.913;269.763;265;360;270;268;290.799;290.799;70;265.839;0;1;"CUSN6       ";;2479.61;1;1
620;0.4;51.1169;29;3.2198;39.3287;29.3;119;299.58;269.784;265;360;270;268;290.943;290.943;70;265.846;0;1;;;2478.33;1;1
621;0.4;51.1053;29;3.27263;39.3721;29.3;130;299.58;269.835;265;360;270;268;290.943;290.799;70;265.85;0;1;;;2477.69;1;1
622;0.4;51.1169;29;3.25551;39.3721;29.3;131;299.711;269.821;265;360;270;268;290.943;290.799;70;265.856;0;1;;;2477.69;1;1
623;0.4;51.2182;29;3.29775;39.2708;29.3;131;299.812;269.799;265;360;270;268;290.943;290.799;70;265.861;0;1;;;2477.05;1;1
624;0.4;51.3194;29;3.37598;39.2506;29.3;130;299.87;269.784;265;360;270;268;290.943;290.799;70;265.865;0;1;;;2473.22;1;1
625;0.4;50.9983;29;3.33703;39.1696;29.3;126;299.45;269.763;265;360;270;268;290.943;290.799;70;265.869;0;1;;;2473.22;1;1
626;0.4;50.408;29;3.31602;39.2708;29.3;122;299.363;270.001;265;360;270;268;290.943;290.943;70;265.881;0;1;;;2473.22;1;1
627;0.4;50.7089;29;3.37127;39.3721;29.3;119;299.349;269.965;265;360;270;268;290.943;290.799;70;265.886;0;1;;;2470.49;1;1
628;0.4;50.9115;29;3.40252;39.265;29.3;113;299.277;269.987;265;360;270;268;290.943;290.799;70;265.892;0;1;;;2470.49;1;1
629;0.4;51.2182;29;3.40513;39.1348;29.3;118;298.872;269.987;265;360;270;268;290.943;290.799;70;265.902;0;1;;;2467.93;1;1
630;0.4;51.2182;29;3.4588;39.0654;29.3;120;298.944;270.001;265;360;270;268;290.943;290.799;70;265.904;0;1;;;2466.66;1;1
631;0.4;51.2095;29;3.44033;39.0046;29.3;122;299.06;270.016;265;360;270;268;290.943;290.799;70;265.904;0;1;;;2465.38;1;1
632;0.4;51.0156;29;3.51641;39.0133;29.3;126;299.103;270.03;265;360;270;268;290.943;290.799;70;265.903;0;1;;;2465.38;1;1
633;0.4;51.1198;29;3.52359;39.1146;29.3;129;298.973;269.922;265;360;270;268;290.943;290.799;70;265.903;0;1;;;2464.74;1;1
634;0.4;50.9115;29;3.54483;39.1262;29.3;126;298.872;269.922;265;360;270;268;290.943;290.799;70;265.9;0;1;;;2463.42;1;1
635;0.4;50.9115;29;3.50923;39.1696;29.3;125;298.828;269.994;265;360;270;268;290.943;290.799;70;265.892;0;1;;;2462.78;1;1
636;0.4;51.2818;29;3.60644;39.1696;29.4;125;298.336;269.973;265;360;270;268;290.943;290.799;70;265.892;0;1;;;2461.5;1;1
637;0.4;50.8102;29;3.57328;39.2708;29.4;126;298.438;269.973;265;360;270;268;290.943;290.799;70;265.885;0;1;;;2460.86;1;1
638;0.4;50.9838;29;3.63892;39.5775;29.4;133;298.51;270.009;265;360;270;268;290.943;290.799;70;265.882;0;1;;;2459.59;1;1
639;0.4;51.0301;29;3.64222;39.4734;29.4;137;298.553;269.965;265;360;270;268;290.799;290.943;70;265.876;0;1;;;2458.95;1;1
640;0.4;51.2153;29;3.67333;39.3721;29.4;142;298.51;269.951;265;360;270;268;290.799;290.799;70;265.868;0;1;;;2457.04;1;1
641;0.4;51.0127;29;3.6588;39.3721;29.4;142;298.409;269.9;265;360;270;268;290.943;290.799;70;265.86;0;1;;;2455.77;1;1
642;0.4;50.8102;29;3.66202;39.3258;29.4;140;298.322;269.893;265;360;270;268;290.799;290.799;70;265.854;0;1;;;2455.77;1;1
643;0.4;50.9143;29;3.72292;39.32;29.4;140;298.293;269.936;265;360;270;268;290.943;290.943;70;265.848;0;1;;;2455.13;1;1
644;0.4;50.8102;29;3.69755;39.3721;29.4;148;298.264;270.001;265;360;270;268;290.943;290.799;70;265.84;0;1;;;2450.73;1;1
645;0.4;51.1227;29;3.77387;39.4734;29.4;146;298.336;269.965;265;360;270;268;290.943;290.799;70;265.835;0;1;;;2450.1;1;1
646;0.4;51.0156;29;3.78379;39.3721;29.4;146;298.394;269.965;265;360;270;268;290.943;290.799;70;265.832;0;1;;;2449.46;1;1
647;0.4;50.7089;29;3.7079;39.3721;29.4;146;298.409;270.016;265;360;270;268;290.943;290.799;70;265.828;0;1;;;2448.82;1;1
648;0.4;50.8102;29;3.80405;39.4039;29.4;148;298.626;270.175;265;360;270;268;290.943;290.799;70;265.825;0;1;;;2448.82;1;1
649;0.4;50.8102;29;3.80405;39.3721;29.4;152;298.51;270.139;265;360;270;268;290.943;290.943;70;265.823;0;1;;;2448.82;1;1
650;0.4;50.7263;29;3.81549;39.0654;29.4;148;298.423;270.139;265;360;270;268;290.943;290.799;70;265.821;0;1;;;2446.61;1;1
651;0.4;50.8073;29;3.87485;39.2303;29.4;148;298.177;270.052;265;360;270;268;290.943;290.799;70;265.818;0;1;;;2445.98;1;1
652;0.4;51.0156;29.1;4.23711;39.4444;29.4;149;298.105;270.103;265;360;270;268;290.943;290.654;70;265.817;0;1;;;2445.98;1;1
653;0.4;51.1169;29.1;4.2098;39.3721;29.4;157;298.394;270.182;265;360;270;268;290.943;290.654;70;265.823;0;1;;;2444.07;1;1
654;0.4;50.8391;29.1;4.24021;39.2708;29.4;165;298.09;270.081;265;360;270;268;290.943;290.654;70;265.83;0;1;;;2441.95;1;1
655;0.4;50.8102;29.1;4.29104;39.2708;29.4;164;298.206;270.095;265;360;270;268;290.799;290.654;70;265.835;0;1;;;2441.95;1;1
656;0.4;50.8102;29.1;4.25554;39.3721;29.4;161;298.278;270.095;265;360;270;268;290.799;290.799;70;265.845;0;1;;;2440.68;1;1
657;0.4;50.5469;29.1;4.30415;39.3721;29.4;155;298.336;270.081;265;360;270;268;290.943;290.799;70;265.852;0;1;;;2437.33;1;1
658;0.4;50.7089;29.1;4.26477;39.3721;29.4;154;298.336;270.081;265;360;270;268;290.943;290.654;70;265.86;0;1;;;2436.7;1;1
659;0.4;51.3108;29.1;4.38712;39.6788;29.4;153;299.002;270.067;265;360;270;268;290.799;290.799;70;265.867;0;1;;;2436.7;1;1
660;0.4;51.6262;29.1;4.45015;39.702;29.4;145;298.915;270.067;265;360;270;268;290.799;290.799;70;265.878;0;1;;;2434.72;1;1
661;0.4;51.6262;29.1;4.43212;39.6759;29.4;143;298.857;270.081;265;360;270;268;290.799;290.799;70;265.886;0;1;;;2434.72;1;1
662;0.4;51.93;29.1;4.51262;39.7801;29.4;140;298.843;270.132;265;360;270;268;290.799;290.799;70;265.899;0;1;;;2434.36;1;1
663;0.4;52.3264;29.1;4.49223;39.9826;29.4;137;299.002;270.124;265;360;270;268;290.799;290.654;70;265.908;0;1;;;2432.45;1;1
664;0.4;52.3409;29.1;4.54833;40.0839;29.5;133;299.045;270.132;265;360;270;268;290.799;290.654;70;265.917;0;1;;;2431.18;1;1
665;0.4;52.3553;29.1;4.58617;40.0839;29.5;132;299.117;270.341;265;360;270;268;290.654;290.654;70;265.927;0;1;;;2431.15;1;1
666;0.4;52.4392;29.1;4.63015;39.9826;29.5;130;299.045;270.32;265;360;270;268;290.654;290.654;70;265.932;0;1;;;2431.04;1;1
667;0.4;52.1441;29.1;4.54945;39.9826;29.5;125;298.944;270.312;265;360;270;268;290.799;290.654;70;265.935;0;1;;;2429.14;1;1
668;0.4;52.2251;29.1;4.55652;39.9826;29.5;123;298.843;270.298;265;360;270;268;290.799;290.654;70;265.941;0;1;;;2428.5;1;1
669;0.4;52.338;29.1;4.63952;39.8293;29.5;123;298.857;270.334;265;360;270;268;290.799;290.654;70;265.947;0;1;;;2427.87;1;1
670;0.4;52.2367;29.1;4.64879;39.783;29.5;120;299.002;270.363;265;360;270;268;290.654;290.654;70;265.954;0;1;;;2424.1;1;1
671;0.4;51.93;29.2;5.01035;39.5747;29.5;113;299.089;270.349;265;360;270;268;290.654;290.654;70;265.961;0;1;;;2423.77;1;1
672;0.4;51.4062;29.2;4.94186;39.6412;29.5;115;299.074;270.291;265;360;270;268;290.654;290.654;70;265.971;0;1;;;2422.5;1;1
673;0.4;51.522;29.2;4.97099;39.974;29.5;113;298.973;270.32;265;360;270;268;290.654;290.654;70;265.977;0;1;;;2420.6;1;1
674;0.4;51.93;29.2;5.04663;39.9797;29.5;110;298.872;270.305;265;360;270;268;290.654;290.654;70;265.985;0;1;;;2419.97;1;1
675;0.4;51.93;29.2;5.02849;39.9826;29.5;108;298.872;270.32;265;360;270;268;290.654;290.654;70;265.994;0;1;;;2419.97;1;1
676;0.4;51.93;29.2;5.04663;39.7772;29.5;107;298.973;270.349;265;360;270;268;290.654;290.654;70;266.006;0;1;;;2418.71;1;1
677;0.4;52.0341;29.2;5.09311;39.5747;29.5;104;299.089;270.327;265;360;270;268;290.654;290.654;70;266.017;0;1;;;2415.96;1;1
678;0.4;52.4219;29.2;5.1494;39.6788;29.6;99;299.117;270.327;265;360;270;268;290.654;290.654;70;266.033;0;1;;;2415.33;1;1
679;0.4;52.1904;29.2;5.16313;39.7801;29.6;97;299.016;270.284;265;360;270;268;290.654;290.654;70;266.052;0;1;;;2415.33;1;1
680;0.4;52.2627;29.2;5.17028;40.0839;29.6;96;298.626;270.284;265;360;270;268;290.654;290.654;70;266.072;0;1;;;2413.6;1;1
681;0.4;51.9792;29.2;5.16039;40.0839;29.6;93;298.582;270.32;265;360;270;268;290.654;290.654;70;266.087;0;1;;;2413.6;1;1
682;0.4;52.092;29.2;5.20799;39.9971;29.6;92;298.51;270.341;265;360;270;268;290.654;290.654;70;266.099;0;1;;;2413.6;1;1
683;0.4;52.0197;29.2;5.16441;39.8814;29.6;95;298.582;270.327;265;360;270;268;290.654;290.799;70;266.114;0;1;;;2409.8;1;1
684;0.4;52.0689;29.2;5.26024;39.9392;29.6;100;297.931;270.312;265;360;270;268;290.654;290.654;70;266.129;0;1;;;2409.8;1;1
685;0.4;52.0312;29.2;5.23827;39.9826;29.6;100;297.975;270.291;265;360;270;268;290.654;290.654;70;266.141;0;1;;;2409.17;1;1
686;0.4;52.0341;29.2;5.27494;40.1649;29.6;99;298.047;270.284;265;360;270;268;290.654;290.509;70;266.157;0;1;;;2406.53;1;1
687;0.4;51.93;29.2;5.30066;40.11;29.6;97;297.946;270.327;265;360;270;268;290.509;290.509;70;266.172;0;1;;;2405.9;1;1
688;0.4;51.8229;29.2;5.28973;40.1852;29.6;96;297.092;270.312;265;360;270;268;290.654;290.654;70;266.188;0;1;;;2405.9;1;1
689;0.4;51.7795;29.2;5.26721;40.0839;29.6;96;297.02;270.298;265;360;270;268;290.654;290.509;70;266.2;0;1;;;2404.65;1;1
690;0.4;51.8924;29.2;5.27869;39.809;29.6;100;297.034;270.284;265;360;270;268;290.654;290.654;70;266.217;0;1;;;2403.38;1;1
691;0.4;51.8287;29.2;5.32653;40.0174;29.6;98;297.092;270.269;265;360;270;268;290.654;290.654;70;266.228;0;1;;;2402.12;1;1
692;0.4;51.93;29.2;5.35508;40.1852;29.6;90;296.947;270.262;265;360;270;268;290.799;290.654;70;266.239;0;1;;;2401.49;1;1
693;0.4;52.0312;29.2;5.3837;39.7627;29.6;87;297.049;270.638;265;360;270;268;290.509;290.509;70;266.253;0;1;;;2400.23;1;1
694;0.4;52.4392;29.2;5.49922;39.8322;29.6;87;297.02;270.645;265;360;270;268;290.654;290.509;70;266.27;0;1;;;2400.23;1;1
695;0.4;52.5434;29.2;5.45505;39.9826;29.6;87;296.123;270.667;265;360;270;268;290.654;290.509;70;266.285;0;1;;;2398.34;1;1
696;0.4;52.5203;29.2;5.52606;40.0868;29.7;87;296.036;270.652;265;360;270;268;290.654;290.509;70;266.298;0;1;;;2395.18;1;1
697;0.4;52.338;29.2;5.50688;40.0839;29.7;90;295.964;270.645;265;360;270;268;290.654;290.509;70;266.311;0;1;;;2393.92;1;1
698;0.4;52.2946;29.2;5.55712;39.9826;29.7;92;295.775;270.624;265;360;270;268;290.509;290.509;70;266.322;0;1;;;2393.61;1;1
699;0.4;51.9589;29.2;5.52145;39.7801;29.7;96;295.891;270.609;265;360;270;268;290.509;290.509;70;266.332;0;1;;;2390.46;1;1
700;0.4;52.0399;29.2;5.51188;39.6788;29.7;98;295.992;270.609;265;360;270;268;290.654;290.509;70;266.339;0;1;;;2389.83;1;1
701;0.4;51.8895;29.2;5.55033;39.6759;29.7;95;295.935;270.602;265;360;270;268;290.654;290.509;70;266.349;0;1;;;2389.83;1;1
702;0.4;51.9329;29.2;5.50054;39.6788;29.7;92;295.139;270.645;265;360;270;268;290.509;290.509;70;266.355;0;1;;;2387.94;1;1
703;0.4;51.8287;29.2;5.56193;39.864;29.7;95;295.081;270.703;265;360;270;268;290.509;290.654;70;266.36;0;1;;;2386.68;1;1
704;0.4;51.8287;29.2;5.52572;39.8814;29.7;100;295.023;270.718;265;360;270;268;290.509;290.509;70;266.372;0;1;;;2385.42;1;1
705;0.4;51.6262;29.2;5.5402;39.8814;29.7;93;294.748;270.703;265;360;270;268;290.509;290.509;70;266.382;0;1;;;2384.16;1;1
706;0.4;51.9068;29.2;5.57032;39.6759;29.7;98;294.864;270.689;265;360;270;268;290.654;290.509;70;266.391;0;1;;;2382.91;1;1
707;0.4;52.3409;29.2;5.6352;39.6788;29.7;100;294.965;270.674;265;360;270;268;290.654;290.509;70;266.399;0;1;;;2382.91;1;1
708;0.4;52.338;29.2;5.70803;39.8814;29.7;97;294.994;270.667;265;360;270;268;290.654;290.509;70;266.402;0;1;;;2382.28;1;1
709;0.4;51.7274;29.2;5.62337;39.9826;29.7;98;294.198;270.674;265;360;270;268;290.509;290.509;70;266.413;0;1;;;2380.24;1;1
710;0.4;51.8287;29.2;5.63438;39.9826;29.8;96;294.112;270.667;265;360;270;268;290.654;290.654;70;266.423;0;1;;;2379.61;1;1
711;0.4;51.8287;29.2;5.6887;39.9826;29.8;96;294.097;270.681;265;360;270;268;290.509;290.654;70;266.431;0;1;;;2378.35;1;1
712;0.4;52.2859;29.2;5.70235;39.7801;29.8;95;294.198;270.703;265;360;270;268;290.509;290.509;70;266.439;0;1;;;2375.96;1;1
713;0.4;52.2656;29.2;5.79146;39.8814;29.8;98;293.736;270.457;265;360;270;268;290.509;290.509;70;266.446;0;1;;;2375.96;1;1
714;0.4;52.0312;29.2;5.74728;40.081;29.8;102;293.88;270.45;265;360;270;268;290.654;290.509;70;266.45;0;1;;;2375.96;1;1
715;0.4;51.7274;29.2;5.74989;39.8814;29.8;105;293.938;270.652;265;360;270;268;290.654;290.654;70;266.449;0;1;;;2372.89;1;1
716;0.4;51.6233;29.2;5.72028;39.9595;29.8;105;293.822;270.638;265;360;270;268;290.654;290.654;70;266.449;0;1;;;2372.26;1;1
717;0.4;52.0341;29.2;5.78398;39.8032;29.8;104;293.707;270.616;265;360;270;268;290.654;290.509;70;266.443;0;1;;;2372.26;1;1
718;0.4;52.0312;29.2;5.72911;39.6788;29.8;102;293.2;270.66;265;360;270;268;290.509;290.509;70;266.438;0;1;;;2371.42;1;1
719;0.4;52.0341;29.2;5.76581;39.5747;29.8;103;293.258;270.696;265;360;270;268;290.654;290.654;70;266.434;0;1;;;2369.54;1;1
720;0.4;52.2193;29.2;5.80457;39.3721;29.9;110;293.345;270.674;265;360;270;268;290.654;290.509;70;266.424;0;1;;;2369.54;1;1
721;0.4;52.0284;29.2;5.81969;39.4271;29.9;115;293.446;270.681;265;360;270;268;290.509;290.509;70;266.414;0;1;;;2369.54;1;1
722;0.4;52.0341;29.2;5.82034;39.6788;29.9;113;293.504;270.327;265;360;270;268;290.654;290.654;70;266.403;0;1;;;2367.03;1;1
723;0.4;52.2512;29.2;5.88112;39.8814;29.9;111;293.461;270.305;265;360;270;268;290.654;290.509;70;266.392;0;1;;;2366.95;1;1
724;0.4;52.4392;29.2;5.86565;39.9826;29.9;114;293.403;270.284;265;360;270;268;290.654;290.509;70;266.382;0;1;;;2365.42;1;1
725;0.4;52.2367;29.2;5.89774;39.8843;29.9;120;293.316;270.276;265;360;270;268;290.509;290.509;70;266.373;0;1;;;2363.54;1;1
726;0.4;52.39;29.2;5.91505;39.7801;29.9;120;292.679;270.284;265;360;270;268;290.509;290.509;70;266.365;0;1;;;2363.54;1;1
727;0.4;52.3351;29.2;5.982;39.9826;29.9;123;292.795;270.356;265;360;270;268;290.654;290.654;70;266.356;0;1;;;2362.92;1;1
728;0.4;52.1383;29.2;5.95951;39.8814;29.9;127;292.896;270.312;265;360;270;268;290.654;290.509;70;266.349;0;1;;;2361.04;1;1
729;0.4;52.1325;29.2;5.88598;39.8843;29.9;135;292.954;270.312;265;360;270;268;290.509;290.509;70;266.344;0;1;;;2359.78;1;1
730;0.4;51.9329;29.2;5.95417;39.9826;30;136;292.911;270.291;265;360;270;268;290.509;290.509;70;266.339;0;1;;;2359.78;1;1
731;0.4;51.9184;29.2;5.93438;40.0839;30;137;292.752;270.291;265;360;270;268;290.654;290.509;70;266.335;0;1;;;2358.8;1;1
732;0.4;51.7274;29.2;5.91255;39.8814;30;141;292.708;270.276;265;360;270;268;290.509;290.509;70;266.33;0;1;;;2358.17;1;1
733;0.4;52.1036;29.2;6.01015;39.9826;30;143;292.752;270.356;265;360;270;268;290.509;290.654;70;266.325;0;1;;;2356.92;1;1
734;0.4;51.93;29.2;5.97198;39.7772;30;142;293.403;270.349;265;360;270;268;290.509;290.509;70;266.323;0;1;;;2355.1;1;1
735;0.4;51.8287;29.3;6.276;39.7801;30;142;293.504;270.327;265;360;270;268;290.509;290.509;70;266.319;0;1;;;2351.98;1;1
736;0.4;51.8287;29.3;6.2579;40.1852;30;140;293.576;270.312;265;360;270;268;290.509;290.509;70;266.311;0;1;;;2351.98;1;1
737;0.4;52.2367;29.3;6.34365;40.1852;30;141;293.49;270.269;265;360;270;268;290.509;290.509;70;266.298;0;1;;;2351.35;1;1
738;0.4;52.2367;29.3;6.3619;40.0839;30;130;293.345;270.269;265;360;270;268;290.509;290.509;70;266.29;0;1;;;2349.47;1;1
739;0.4;52.338;29.3;6.33767;39.8438;30.1;130;293.186;270.356;265;360;270;268;290.509;290.509;70;266.28;0;1;;;2348.85;1;1
740;0.4;52.4392;29.3;6.34993;39.7801;30.1;135;293.663;270.356;265;360;270;268;290.509;290.509;70;266.265;0;1;;;2348.22;1;1
741;0.4;52.338;29.3;6.39252;39.7772;30.1;141;293.764;270.298;265;360;270;268;290.509;290.509;70;266.252;0;1;;;2346.97;1;1
742;0.4;52.1557;29.3;6.37025;39.5747;30.1;130;293.895;270.276;265;360;270;268;290.365;290.365;70;266.234;0;1;;;2346.68;1;1
743;0.4;52.1354;29.3;6.36778;39.6759;30.1;126;293.981;270.262;265;360;270;268;290.509;290.509;70;266.219;0;1;;;2345.43;1;1
744;0.4;52.1354;29.3;6.44066;39.7801;30.1;134;293.909;270.298;265;360;270;268;290.509;290.365;70;266.2;0;1;;;2342.74;1;1
745;0.4;51.8287;29.3;6.31221;39.7801;30.1;133;293.793;270.356;265;360;270;268;290.509;290.509;70;266.189;0;1;;;2340.86;1;1
746;0.4;51.6262;29.3;6.30558;39.8814;30.2;134;293.721;270.312;265;360;270;268;290.509;290.365;70;266.167;0;1;;;2340.86;1;1
747;0.4;52.0341;29.3;6.37359;39.8814;30.2;135;293.75;270.291;265;360;270;268;290.365;290.365;70;266.151;0;1;;;2340.24;1;1
748;0.4;52.1181;29.4;6.66489;40.1649;30.2;141;294.256;269.973;265;360;270;268;290.365;290.509;70;266.133;0;1;;;2337.74;1;1
749;0.4;51.7274;29.4;6.68722;40.2025;30.2;143;294.329;269.965;265;360;270;268;290.365;290.365;70;266.118;0;1;;;2337.74;1;1
750;0.4;51.7274;29.4;6.61493;40.0289;30.2;135;294.372;269.958;265;360;270;268;290.509;290.509;70;266.107;0;1;;;2336.5;1;1
751;0.4;52.0341;29.4;6.65416;40.0839;30.2;145;294.719;270.001;265;360;270;268;290.365;290.509;70;266.097;0;1;;;2334.28;1;1
752;0.4;52.0341;29.4;6.69051;39.9797;30.2;143;294.184;269.987;265;360;270;268;290.365;290.365;70;266.086;0;1;;;2334.28;1;1
753;0.4;51.794;29.4;6.60535;39.6788;30.2;141;294.141;270.001;265;360;270;268;290.365;290.365;70;266.076;0;1;;;2334.28;1;1
754;0.4;51.8287;29.4;6.6822;39.5747;30.3;143;294.039;270.059;265;360;270;268;290.365;290.365;70;266.067;0;1;;;2330.54;1;1
755;0.4;51.8287;29.4;6.6822;39.8814;30.3;143;294.517;270.016;265;360;270;268;290.365;290.365;70;266.059;0;1;;;2330.54;1;1
756;0.4;52.0312;29.4;6.69014;39.9826;30.3;143;294.893;270.059;265;360;270;268;290.365;290.365;70;266.052;0;1;;;2329.29;1;1
757;0.4;51.8692;29.5;6.98522;39.7772;30.3;142;294.994;270.059;265;360;270;268;290.365;290.22;70;266.046;0;1;;;2328.67;1;1
758;0.4;51.93;29.5;7.02969;39.7772;30.3;143;295.009;269.958;265;360;270;268;290.365;290.22;70;266.041;0;1;;;2326.8;1;1
759;0.4;51.93;29.5;6.99341;39.8814;30.3;148;294.878;270.045;265;360;270;268;290.22;290.22;70;266.036;0;1;;;2326.8;1;1
760;0.4;51.93;29.5;7.01155;40.0839;30.3;147;294.821;269.929;265;360;270;268;290.22;290.22;70;266.029;0;1;"CUSN6       ";;2323.29;1;1
761;0.4;51.9329;29.5;7.01194;40.1505;30.3;147;294.734;270.038;265;360;270;268;290.365;290.22;70;266.014;0;1;;;2322.67;1;1
762;0.4;51.9676;29.5;7.01663;40.0752;30.3;150;294.821;270.067;265;360;270;268;290.365;290.22;70;266.001;0;1;;;2322.67;1;1
763;0.4;52.1354;29.5;6.98465;39.9797;30.3;153;295.226;270.124;265;360;270;268;290.365;290.22;70;265.979;0;1;;;2322.05;1;1
764;0.4;51.93;29.5;6.95713;39.9826;30.3;155;295.24;270.139;265;360;270;268;290.365;290.22;70;265.957;0;1;;;2321.42;1;1
765;0.4;52.0978;29.6;7.33332;39.9797;30.4;148;295.211;270.124;265;360;270;268;290.22;290.22;70;265.928;0;1;;;2321.42;1;1
766;0.4;51.7274;29.6;7.26312;40.0839;30.4;153;295.124;269.806;265;360;270;268;290.365;290.22;70;265.901;0;1;;;2320.8;1;1
767;0.4;52.1354;29.6;7.30219;39.9826;30.4;145;295.067;269.784;265;360;270;268;290.365;290.22;70;265.87;0;1;;;2317.07;1;1
768;0.4;51.7245;29.6;7.22657;39.7714;30.4;145;294.98;269.77;265;360;270;268;290.22;290.365;70;265.839;0;1;;;2317.07;1;1
769;0.4;51.7274;29.6;7.26312;39.9826;30.4;157;294.965;269.77;265;360;270;268;290.22;290.22;70;265.807;0;1;;;2316.45;1;1
770;0.4;51.6319;29.6;7.17754;40.0781;30.4;159;295.833;269.828;265;360;270;268;290.22;290.22;70;265.777;0;1;;;2314.59;1;1
771;0.4;51.93;29.7;7.5534;40.0839;30.4;158;296.036;269.821;265;360;270;268;290.22;290.22;70;265.746;0;1;;;2314.59;1;1
772;0.4;51.9618;29.7;7.59436;40.0839;30.4;159;296.036;269.813;265;360;270;268;290.22;290.22;70;265.716;0;1;;;2313.96;1;1
773;0.4;52.1354;29.7;7.56506;39.9826;30.4;163;295.906;269.784;265;360;270;268;290.075;290.22;70;265.69;0;1;;;2310.86;1;1
774;0.4;51.7274;29.7;7.48779;39.8814;30.4;174;295.804;269.77;265;360;270;268;290.22;290.22;70;265.663;0;1;;;2310.24;1;1
775;0.4;52.0312;29.7;7.53177;39.6759;30.4;181;296.542;269.77;265;360;270;268;290.22;290.22;70;265.639;0;1;;;2309.62;1;1
776;0.4;52.364;29.7;7.59823;39.8814;30.4;173;296.6;269.799;265;360;270;268;290.22;290.22;70;265.612;0;1;;;2309;1;1
777;0.4;52.4392;29.7;7.64579;40.1852;30.4;175;296.644;269.835;265;360;270;268;290.22;290.22;70;265.588;0;1;;;2308.38;1;1
778;0.4;52.1354;29.8;7.90081;39.9826;30.4;181;296.759;269.813;265;360;270;268;290.22;290.22;70;265.566;0;1;;;2307.13;1;1
779;0.4;52.338;29.8;7.85837;40.0058;30.4;184;296.803;269.799;265;360;270;268;290.075;290.22;70;265.547;0;1;;;2306.41;1;1
780;0.4;52.1296;29.8;7.86351;40.0839;30.4;201;296.991;269.777;265;360;270;268;290.075;290.075;70;265.533;0;1;;;2304.55;1;1
781;0.4;51.901;29.8;7.79277;39.9826;30.5;200;296.875;269.763;265;360;270;268;290.075;289.931;70;265.513;0;1;;;2304.55;1;1
782;0.4;51.9763;29.8;7.76775;39.9826;30.5;199;296.817;269.799;265;360;270;268;290.075;289.931;70;265.494;0;1;;;2303.31;1;1
783;0.4;52.2367;29.8;7.84317;40.0839;30.5;200;297.584;269.835;265;360;270;268;289.931;289.931;70;265.475;0;1;;;2299.59;1;1
784;0.4;52.0312;29.8;7.81232;40.1244;30.5;203;297.671;269.813;265;360;270;268;290.075;289.931;70;265.457;0;1;;;2299.59;1;1
785;0.4;52.2367;29.9;8.1248;40.2865;30.5;202;298.018;269.799;265;360;270;268;290.075;290.075;70;265.439;0;1;;;2298.97;1;1
786;0.4;52.338;29.9;8.14055;40.1852;30.5;201;298.105;269.416;265;360;270;268;289.931;290.075;70;265.424;0;1;;;2297.1;1;1
787;0.4;52.2685;29.9;8.14804;39.9797;30.5;196;298.814;269.416;265;360;270;268;289.931;289.931;70;265.41;0;1;;;2296.96;1;1
788;0.4;52.1701;29.9;8.04155;39.8814;30.5;196;298.163;269.56;265;360;270;268;289.931;289.931;70;265.395;0;1;;;2296.34;1;1
789;0.4;51.93;29.9;8.04081;39.6759;30.5;198;298.9;269.416;265;360;270;268;289.931;289.931;70;265.375;0;1;;;2294.48;1;1
790;0.4;52.4392;29.9;8.11967;39.6788;30.5;189;298.843;269.452;265;360;270;268;289.931;289.931;70;265.355;0;1;;;2293.24;1;1
791;0.4;52.3843;30;8.48511;39.8814;30.5;183;299.682;269.488;265;360;270;268;289.931;289.931;70;265.337;0;1;;;2292.62;1;1
792;0.4;52.4479;30;8.40381;39.9826;30.5;183;299.291;269.596;265;360;270;268;289.786;289.786;70;265.321;0;1;;;2290.3;1;1
793;0.4;52.338;30;8.42276;40.0839;30.5;183;300.13;269.567;265;360;270;268;289.786;289.786;70;265.308;0;1;;;2289.68;1;1
794;0.4;51.8316;30;8.30506;40.2865;30.5;184;300.116;269.553;265;360;270;268;289.786;289.786;70;265.295;0;1;;;2289.07;1;1
795;0.4;51.93;30;8.30268;40.191;30.5;172;300.014;269.538;265;360;270;268;289.786;289.786;70;265.279;0;1;;;2288.45;1;1
796;0.4;51.93;30.1;8.58266;40.2865;30.5;170;300.174;269.538;265;360;270;268;289.786;289.786;70;265.269;0;1;;;2285.99;1;1
797;0.4;51.93;30.1;8.60083;40.3877;30.5;176;300.116;269.546;265;360;270;268;289.786;289.786;70;265.261;0;1;;;2285.99;1;1
798;0.4;52.1354;30.1;8.61662;40.0868;30.6;165;300.13;269.575;265;360;270;268;289.786;289.641;70;265.251;0;1;;;2284.81;1;1
799;0.4;52.2367;30.1;8.65163;40.3877;30.6;161;300.998;269.618;265;360;270;268;289.641;289.641;70;265.243;0;1;;;2281.72;1;1
800;0.4;52.1354;30.1;8.58019;40.3906;30.6;159;301.114;269.567;265;360;270;268;289.641;289.641;70;265.235;0;1;;;2281.72;1;1
801;0.4;52.5;30.1;8.64019;40.3877;30.6;160;301.143;269.604;265;360;270;268;289.641;289.641;70;265.222;0;1;;;2281.1;1;1
802;0.4;52.2367;30.2;8.91501;40.3877;30.6;160;301.042;269.611;265;360;270;268;289.641;289.641;70;265.209;0;1;;;2278.01;1;1
803;0.4;52.1354;30.2;8.84309;40.489;30.6;163;301.215;269.604;265;360;270;268;289.641;289.641;70;265.196;0;1;;;2278.01;1;1
804;0.4;52.1152;30.2;8.87607;40.5932;30.6;160;301.114;269.596;265;360;270;268;289.641;289.641;70;265.183;0;1;;;2278.01;1;1
805;0.4;52.0486;30.2;8.86473;40.5932;30.6;150;301.577;269.387;265;360;270;268;289.641;289.497;70;265.168;0;1;;;2275.55;1;1
806;0.4;52.3322;30.2;8.91303;40.5932;30.6;149;301.273;269.633;265;360;270;268;289.641;289.641;70;265.149;0;1;;;2274.44;1;1
807;0.4;52.0312;30.3;9.17868;40.3328;30.6;150;301.345;269.654;265;360;270;268;289.641;289.641;70;265.132;0;1;;;2273.82;1;1
808;0.4;51.93;30.3;9.16081;40.1852;30.6;153;301.345;269.676;265;360;270;268;289.497;289.497;70;265.108;0;1;;;2273.21;1;1
809;0.4;52.338;30.3;9.23278;40.1418;30.6;155;301.389;269.64;265;360;270;268;289.497;289.497;70;265.085;0;1;;;2271.97;1;1
810;0.4;52.338;30.3;9.2145;39.9942;30.6;156;301.331;269.669;265;360;270;268;289.497;289.497;70;265.063;0;1;;;2271.36;1;1
811;0.4;51.9734;30.3;9.114;40.0839;30.6;159;301.317;269.661;265;360;270;268;289.497;289.641;70;265.045;0;1;;;2270.13;1;1
812;0.4;51.9097;30.3;9.10283;40.1273;30.6;171;301.244;269.647;265;360;270;268;289.641;289.497;70;265.023;0;1;;;2268.67;1;1
813;0.4;51.93;30.3;9.05194;40.0839;30.6;176;301.128;269.64;265;360;270;268;289.497;289.497;70;265.009;0;1;;;2268.05;1;1
814;0.4;51.8287;30.4;9.40427;40.1823;30.6;176;301.157;269.633;265;360;270;268;289.497;289.497;70;264.987;0;1;"CUSN6       ";;2267.43;1;1
815;0.4;52.0312;30.4;9.42285;40.1852;30.6;185;301.317;269.625;265;360;270;268;289.497;289.497;70;264.969;0;1;;;2264.35;1;1
816;0.4;52.4392;30.4;9.47842;40.1852;30.6;197;301.418;269.661;265;360;270;268;289.497;289.352;70;264.952;0;1;;;2263.74;1;1
817;0.4;52.338;30.4;9.46011;39.9826;30.6;205;301.389;269.705;265;360;270;268;289.352;289.352;70;264.938;0;1;;;2263.12;1;1
818;0.4;52.2367;30.4;9.40531;40.0926;30.6;205;301.389;269.669;265;360;270;268;289.352;289.352;70;264.922;0;1;;;2260.66;1;1
819;0.4;52.2367;30.4;9.42356;40.1273;30.6;204;301.331;269.69;265;360;270;268;289.352;289.352;70;264.905;0;1;;;2260.66;1;1
820;0.4;52.2975;30.4;9.41625;39.9855;30.6;202;302.025;269.676;265;360;270;268;289.352;289.207;70;264.888;0;1;;;2259.43;1;1
821;0.4;52.5405;30.4;9.46001;39.9826;30.6;205;301.953;269.661;265;360;270;268;289.207;289.207;70;264.869;0;1;;;2257.59;1;1
822;0.4;52.5116;30.4;9.43646;40.1852;30.6;205;301.968;269.647;265;360;270;268;289.352;289.207;70;264.849;0;1;;;2257.59;1;1
823;0.4;52.1325;30.5;9.68587;40.2865;30.6;206;302.083;269.654;265;360;270;268;289.352;289.207;70;264.832;0;1;;;2256.36;1;1
824;0.4;51.9502;30.5;9.652;40.1852;30.6;209;302.228;269.69;265;360;270;268;289.352;289.062;70;264.811;0;1;;;2254.51;1;1
825;0.4;51.9126;30.5;9.60874;40.1852;30.6;213;302.503;269.719;265;360;270;268;289.207;289.207;70;264.788;0;1;;;2253.9;1;1
826;0.4;51.8258;30.5;9.55644;40.0839;30.6;212;302.358;269.719;265;360;270;268;289.352;289.207;70;264.767;0;1;;;2252.37;1;1
827;0.4;51.8287;30.5;9.52076;40.1852;30.6;214;302.242;269.669;265;360;270;268;289.207;289.207;70;264.748;0;1;;;2250.86;1;1
828;0.4;51.9358;30.5;9.61302;40.0839;30.6;218;302.937;269.683;265;360;270;268;289.207;289.207;70;264.73;0;1;;;2250.86;1;1
829;0.4;51.7274;30.5;9.53829;39.8814;30.6;218;303.038;269.676;265;360;270;268;289.352;289.207;70;264.716;0;1;;;2249.02;1;1
830;0.4;51.93;30.5;9.52122;39.7801;30.6;219;303.154;269.278;265;360;270;268;289.352;289.207;70;264.704;0;1;"CUSN6       ";;2248.4;1;1
831;0.4;51.93;30.5;9.52122;39.8698;30.6;220;303.516;269.264;265;360;270;268;289.352;289.352;70;264.689;0;1;;;2245.95;1;1
832;0.4;51.9271;30.5;9.53883;39.7801;30.6;216;303.472;269.293;265;360;270;268;289.352;289.207;70;264.675;0;1;;;2245.95;1;1
833;0.4;51.8287;30.6;9.78211;39.8814;30.6;213;304.152;269.314;265;360;270;268;289.352;289.207;70;264.657;0;1;;;2245.33;1;1
834;0.4;51.9416;30.6;9.78527;40.0868;30.6;218;304.065;269.307;265;360;270;268;289.207;289.207;70;264.643;0;1;;;2244.11;1;1
835;0.4;51.93;30.6;9.81937;39.9855;30.6;212;303.921;269.3;265;360;270;268;289.207;289.207;70;264.626;0;1;;;2243.49;1;1
836;0.4;52.0862;30.6;9.86711;39.8814;30.6;205;304.413;269.256;265;360;270;268;289.207;289.207;70;264.613;0;1;;;2242.27;1;1
837;0.4;52.2367;30.6;9.84087;39.9826;30.6;205;304.47;269.264;265;360;270;268;289.207;289.207;70;264.601;0;1;;;2239.82;1;1
838;0.4;51.93;30.6;9.78309;39.9826;30.6;204;305.252;269.271;265;360;270;268;289.207;289.207;70;264.592;0;1;;;2239.82;1;1
839;0.4;52.0428;30.6;9.80435;39.8814;30.6;202;305.237;269.321;265;360;270;268;289.207;289.207;70;264.582;0;1;;;2239.2;1;1
840;0.4;52.0312;30.6;9.76579;39.9826;30.6;199;305.122;269.3;265;360;270;268;289.207;289.207;70;264.573;0;1;;;2236.14;1;1
841;0.4;52.0341;30.6;9.72997;39.9826;30.7;197;305.7;269.285;265;360;270;268;289.352;289.352;70;264.565;0;1;;;2236.14;1;1
842;0.4;52.0602;30.6;9.73485;39.9826;30.7;197;305.686;269.271;265;360;270;268;289.352;289.352;70;264.561;0;1;;;2236.14;1;1
843;0.4;52.1007;30.6;9.77882;40.0839;30.7;197;305.787;269.249;265;360;270;268;289.352;289.207;70;264.554;0;1;;;2234.6;1;1
844;0.4;52.1354;30.7;10.0482;40.1852;30.7;191;305.599;269.264;265;360;270;268;289.352;289.352;70;264.551;0;1;;;2234.6;1;1
845;0.4;52.0312;30.7;10.01;39.9826;30.7;191;305.686;269.307;265;360;270;268;289.352;289.352;70;264.546;0;1;;;2234.43;1;1
846;0.4;52.0312;30.7;10.01;40.0839;30.7;192;306.236;269.329;265;360;270;268;289.352;289.352;70;264.541;0;1;;;2232.47;1;1
847;0.4;52.1354;30.7;9.95715;40.0752;30.7;190;306.163;269.285;265;360;270;268;289.497;289.352;70;264.53;0;1;;;2231.58;1;1
848;0.4;52.1354;30.7;9.93894;39.9016;30.7;188;306.105;269.271;265;360;270;268;289.352;289.352;70;264.518;0;1;;;2229.75;1;1
849;0.4;52.0312;30.7;9.86455;40.0839;30.7;183;305.99;269.264;265;360;270;268;289.497;289.352;70;264.504;0;1;;;2228.52;1;1
850;0.4;52.2801;30.7;9.92999;39.7801;30.7;183;305.99;269.271;265;360;270;268;289.352;289.352;70;264.492;0;1;;;2227.3;1;1
851;0.4;52.2222;30.7;9.93724;39.6759;30.7;183;306.236;269.321;265;360;270;268;289.352;289.207;70;264.482;0;1;;;2227.3;1;1
852;0.4;52.2367;30.7;9.94;39.5747;30.7;182;306.279;269.314;265;360;270;268;289.207;289.207;70;264.472;0;1;;;2226.69;1;1
853;0.4;52.1354;30.7;9.8843;39.5747;30.7;190;306.25;269.293;265;360;270;268;289.352;289.207;70;264.462;0;1;;;2223.99;1;1
854;0.4;52.0891;30.8;10.1928;39.8814;30.7;188;306.134;269.271;265;360;270;268;289.352;289.352;70;264.455;0;1;;;2223.99;1;1
855;0.4;52.1325;30.8;10.1466;40.0839;30.7;190;306.047;269.256;265;360;270;268;289.352;289.352;70;264.44;0;1;;;2222.77;1;1
856;0.4;52.2367;30.8;10.1486;39.9682;30.7;196;306.019;269.249;265;360;270;268;289.352;289.352;70;264.424;0;1;;;2220;1;1
857;0.4;52.2338;30.8;10.1116;39.8814;30.7;196;305.715;269.3;265;360;270;268;289.352;289.207;70;264.41;0;1;;;2220;1;1
858;0.4;52.2367;30.8;10.0939;39.7772;30.7;205;305.773;269.314;265;360;270;268;289.352;289.352;70;264.398;0;1;;;2218.71;1;1
859;0.4;52.39;30.8;10.1418;39.6759;30.7;204;305.859;269.285;265;360;270;268;289.352;289.352;70;264.387;0;1;;;2216.52;1;1
860;0.4;52.338;30.8;10.0769;39.6759;30.7;224;305.874;269.271;265;360;270;268;289.352;289.352;70;264.374;0;1;;;2215.91;1;1
861;0.4;52.338;30.8;10.0586;39.7772;30.7;223;305.816;269.249;265;360;270;268;289.352;289.352;70;264.363;0;1;;;2215.91;1;1
862;0.4;52.2367;30.8;10.0209;39.6759;30.7;225;305.657;269.285;265;360;270;268;289.352;289.352;70;264.345;0;1;;;2213.23;1;1
863;0.4;52.4016;30.8;10.0525;39.7772;30.7;228;306.004;269.314;265;360;270;268;289.497;289.352;70;264.329;0;1;;;2212.29;1;1
864;0.4;52.2627;30.8;9.98935;39.8785;30.7;230;306.004;269.3;265;360;270;268;289.497;289.352;70;264.315;0;1;;;2211.07;1;1
865;0.4;52.1354;30.8;9.92859;39.8814;30.7;231;306.149;269.285;265;360;270;268;289.497;289.352;70;264.302;0;1;;;2208.63;1;1
866;0.4;52.1354;30.8;9.87395;39.7975;30.7;225;306.264;269.271;265;360;270;268;289.497;289.352;70;264.286;0;1;;;2207.41;1;1
867;0.4;52.1354;30.8;9.89216;39.8814;30.7;227;306.264;269.249;265;360;270;268;289.497;289.207;70;264.273;0;1;;;2207.32;1;1
868;0.4;52.3322;30.8;9.89293;39.7772;30.7;232;306.207;269.249;265;360;270;268;289.497;289.352;70;264.266;0;1;;;2206.1;1;1
869;0.4;52.2164;30.8;9.85281;39.9826;30.7;232;306.785;269.314;265;360;270;268;289.352;289.352;70;264.252;0;1;;;2204.28;1;1
870;0.4;51.8287;30.9;10.0953;39.9884;30.7;227;306.612;269.293;265;360;270;268;289.352;289.352;70;264.235;0;1;;;2203.67;1;1
871;0.4;51.7679;30.9;10.0473;39.8814;30.7;224;306.554;269.271;265;360;270;268;289.352;289.352;70;264.218;0;1;;;2203.67;1;1
872;0.4;51.8287;30.9;10.0048;39.9826;30.7;229;307.046;269.249;265;360;270;268;289.352;289.207;70;264.206;0;1;;;2202.45;1;1
873;0.4;52.2483;30.9;10.1588;39.7801;30.7;228;307.176;269.249;265;360;270;268;289.352;289.352;70;264.191;0;1;;;2202.45;1;1
874;0.4;51.8287;30.9;9.96856;39.8032;30.7;225;307.205;269.271;265;360;270;268;289.352;289.352;70;264.18;0;1;;;2201.84;1;1
875;0.4;51.5249;30.9;9.92812;39.7772;30.7;228;307.292;269.307;265;360;270;268;289.352;289.352;70;264.168;0;1;;;2200.02;1;1
876;0.4;51.4439;30.9;9.87657;39.6759;30.7;233;307.755;269.293;265;360;270;268;289.352;289.352;70;264.155;0;1;;;2198.8;1;1
877;0.4;51.7274;30.9;9.89484;39.7801;30.7;232;307.711;269.271;265;360;270;268;289.352;289.352;70;264.143;0;1;;;2198.19;1;1
878;0.4;51.6667;30.9;9.86517;39.9826;30.7;223;307.653;269.249;265;360;270;268;289.352;289.352;70;264.138;0;1;;;2195.76;1;1
879;0.4;52.1354;30.9;9.97288;39.9942;30.7;226;308.116;269.249;265;360;270;268;289.352;289.352;70;264.131;0;1;;;2195.76;1;1
880;0.4;52.1354;30.9;9.95467;40.0839;30.7;229;308.058;269.307;265;360;270;268;289.352;289.352;70;264.127;0;1;;;2195.76;1;1
881;0.4;52.1325;30.9;9.86306;39.9797;30.7;221;308.16;269.307;265;360;270;268;289.352;289.352;70;264.124;0;1;;;2193.2;1;1
882;0.4;52.1528;30.9;9.92155;39.9826;30.7;218;308.261;269.285;265;360;270;268;289.352;289.352;70;264.121;0;1;;;2192.59;1;1
883;0.4;52.1643;30.9;9.94197;40.0839;30.7;219;308.898;269.264;265;360;270;268;289.352;289.352;70;264.119;0;1;"CUSN6       ";;2191.37;1;1
884;0.4;51.8895;30.9;9.81707;40.0839;30.7;220;308.854;269.242;265;360;270;268;289.352;289.352;70;264.117;0;1;;;2188.57;1;1
885;0.4;51.8287;31;10.0669;39.8814;30.6;213;308.782;269.285;265;360;270;268;289.497;289.352;70;264.117;0;1;;;2188.57;1;1
886;0.4;51.8287;31;10.1031;39.7801;30.6;209;308.724;269.314;265;360;270;268;289.497;289.352;70;264.121;0;1;;;2188.57;1;1
887;0.4;52.1586;31;10.1492;39.8698;30.6;209;308.681;269.293;265;360;270;268;289.497;289.352;70;264.122;0;1;;;2186.14;1;1
888;0.4;52.1325;31;10.0895;39.7772;30.6;211;308.724;269.278;265;360;270;268;289.497;289.352;70;264.12;0;1;;;2185.54;1;1
889;0.4;52.1354;31;10.0901;39.6759;30.6;214;309.23;269.09;265;360;270;268;289.497;289.207;70;264.121;0;1;;;2184.32;1;1
890;0.4;52.092;31;10.0453;39.7772;30.6;214;309.332;269.076;265;360;270;268;289.497;289.352;70;264.119;0;1;;;2183.72;1;1
891;0.4;51.93;31;10.014;39.8322;30.6;208;309.332;269.097;265;360;270;268;289.352;289.352;70;264.119;0;1;;;2183.72;1;1
892;0.4;51.93;31;9.99587;39.5833;30.6;203;309.245;269.097;265;360;270;268;289.497;289.352;70;264.125;0;1;;;2183.72;1;1
893;0.4;51.93;31;9.97773;39.7801;30.6;198;309.115;268.931;265;360;270;268;289.352;289.352;70;264.132;0;1;;;2181.96;1;1
894;0.4;51.7274;31;9.93882;40.0839;30.6;201;309.1;269.155;265;360;270;268;289.352;289.352;70;264.131;0;1;;;2180.15;1;1
895;0.4;51.6696;31;9.89157;39.9508;30.6;200;309.23;268.902;265;360;270;268;289.352;289.352;70;264.131;0;1;;;2180.15;1;1
896;0.4;51.93;31;9.85072;39.8814;30.6;197;309.332;268.88;265;360;270;268;289.352;289.352;70;264.13;0;1;;;2178.87;1;1
897;0.4;52.0197;31;9.90408;40.0289;30.6;197;309.332;268.866;265;360;270;268;289.352;289.352;70;264.127;0;1;;;2177;1;1
898;0.4;51.7911;31;9.84247;40.0839;30.6;196;309.23;268.859;265;360;270;268;289.497;289.352;70;264.129;0;1;;;2177;1;1
899;0.4;51.8316;31;9.81395;40.1852;30.6;196;309.144;268.859;265;360;270;268;289.352;289.352;70;264.131;0;1;;;2175.79;1;1
900;0.4;51.7274;31;9.8123;40.1852;30.6;193;309.115;269.104;265;360;270;268;289.352;289.352;70;264.138;0;1;;;2173.37;1;1
901;0.4;52.2512;31;9.82035;40.3877;30.6;195;309.115;269.162;265;360;270;268;289.352;289.352;70;264.142;0;1;;;2172.81;1;1
902;0.4;52.2367;31;9.85416;40.2865;30.6;195;309.303;268.916;265;360;270;268;289.497;289.497;70;264.148;0;1;;;2171.6;1;1
903;0.4;52.1325;31.1;10.0792;40.0839;30.6;197;309.346;268.902;265;360;270;268;289.352;289.352;70;264.155;0;1;;;2167.97;1;1
904;0.4;52.0312;31.1;10.0596;40.1852;30.6;195;309.274;268.895;265;360;270;268;289.352;289.497;70;264.16;0;1;;;2167.97;1;1
905;0.4;51.8779;31.1;10.0118;40.2865;30.6;196;309.172;268.88;265;360;270;268;289.497;289.352;70;264.165;0;1;;;2167.37;1;1
906;0.4;51.93;31.1;10.04;40.1852;30.5;195;308.666;268.866;265;360;270;268;289.497;289.352;70;264.169;0;1;;;2164.95;1;1
907;0.4;51.4207;31.1;9.92357;40.0839;30.5;195;308.594;268.859;265;360;270;268;289.497;289.352;70;264.173;0;1;;;2164.95;1;1
908;0.4;51.6811;31.1;9.93772;40.0347;30.5;199;308.608;268.88;265;360;270;268;289.497;289.497;70;264.182;0;1;;;2163.8;1;1
909;0.4;51.7274;31.1;9.96469;40.0839;30.5;202;308.579;268.953;265;360;270;268;289.352;289.497;70;264.196;0;1;;;2162.59;1;1
910;0.4;51.9329;31.1;9.96799;40.0839;30.5;200;308.695;268.96;265;360;270;268;289.497;289.352;70;264.199;0;1;;;2161.98;1;1
911;0.4;51.9329;31.1;9.93168;40.0839;30.5;195;308.709;268.967;265;360;270;268;289.497;289.497;70;264.206;0;1;;;2161.98;1;1
912;0.4;52.0284;31.1;9.93176;40.0839;30.5;196;308.709;268.953;265;360;270;268;289.497;289.352;70;264.208;0;1;;;2159.57;1;1
913;0.4;52.2309;31.1;9.93393;40.0839;30.5;196;308.637;268.945;265;360;270;268;289.497;289.352;70;264.207;0;1;;;2158.36;1;1
914;0.4;52.0341;31.1;9.86016;40.2865;30.5;201;308.536;268.938;265;360;270;268;289.352;289.352;70;264.209;0;1;;;2156.55;1;1
915;0.4;51.93;31.1;9.85856;40.1852;30.5;198;308.478;268.924;265;360;270;268;289.497;289.352;70;264.209;0;1;;;2154.74;1;1
916;0.4;51.8634;31.1;9.80969;40.0839;30.5;190;308.478;268.909;265;360;270;268;289.497;289.207;70;264.208;0;1;;;2154.74;1;1
917;0.4;51.6262;31.1;9.78285;40.0839;30.5;190;308.449;268.96;265;360;270;268;289.497;289.352;70;264.207;0;1;;;2154.74;1;1
918;0.4;51.8287;31.1;9.76689;39.8814;30.5;190;308.536;268.967;265;360;270;268;289.497;289.352;70;264.206;0;1;;;2152.33;1;1
919;0.4;51.684;31.1;9.70351;39.8785;30.5;194;308.652;268.96;265;360;270;268;289.497;289.352;70;264.203;0;1;;;2151.73;1;1
920;0.4;51.6262;31.1;9.69265;39.8843;30.4;193;308.724;268.938;265;360;270;268;289.497;289.352;70;264.195;0;1;;;2151.73;1;1
921;0.4;51.93;31.1;9.76783;39.8814;30.4;194;308.738;268.916;265;360;270;268;289.497;289.352;70;264.187;0;1;;;2151.13;1;1
922;0.4;51.9965;31.1;9.74402;39.8814;30.4;196;308.666;268.909;265;360;270;268;289.641;289.497;70;264.186;0;1;;;2147.51;1;1
923;0.4;52.0457;31.1;9.75324;40.0781;30.4;197;308.637;268.88;265;360;270;268;289.497;289.497;70;264.188;0;1;;;2147.51;1;1
924;0.4;51.6262;31;9.3241;40.0839;30.4;189;308.55;268.887;265;360;270;268;289.497;289.352;70;264.189;0;1;;;2146.91;1;1
925;0.4;51.7824;31;9.24376;40.1852;30.4;189;308.492;268.931;265;360;270;268;289.497;289.352;70;264.191;0;1;;;2145.7;1;1
926;0.4;51.8287;31;9.30637;40.2865;30.4;192;308.521;268.96;265;360;270;268;289.497;289.352;70;264.192;0;1;;;2145.1;1;1
927;0.4;51.9329;31;9.25248;40.2865;30.4;197;308.579;268.953;265;360;270;268;289.497;289.207;70;264.194;0;1;;;2142.69;1;1
928;0.4;51.7245;31;9.23343;40.0839;30.4;197;308.637;268.945;265;360;270;268;289.497;289.352;70;264.197;0;1;;;2139.69;1;1
929;0.4;51.6262;31;9.25196;40.0839;30.4;196;308.319;268.931;265;360;270;268;289.497;289.352;70;264.203;0;1;;;2139.69;1;1
930;0.4;51.93;31;9.21568;40.0839;30.4;203;308.29;268.916;265;360;270;268;289.352;289.352;70;264.208;0;1;;;2139.69;1;1
931;0.4;52.2367;31;9.25186;40.1852;30.4;209;308.189;268.909;265;360;270;268;289.352;289.352;70;264.219;0;1;;;2137.28;1;1
932;0.4;52.5116;31;9.30055;40.3791;30.4;209;308.102;268.895;265;360;270;268;289.352;289.352;70;264.228;0;1;;;2137.28;1;1
933;0.4;52.338;31;9.21495;40.3559;30.4;207;308.073;268.902;265;360;270;268;289.352;289.352;70;264.237;0;1;;;2136.68;1;1
934;0.4;51.8779;31;9.15207;40.3733;30.4;209;308.247;269.213;265;360;270;268;289.352;289.352;70;264.243;0;1;;;2134.28;1;1
935;0.4;51.9734;31;9.13258;40.1852;30.3;205;308.261;268.945;265;360;270;268;289.352;289.352;70;264.259;0;1;;;2134.28;1;1
936;0.4;52.0602;31;9.11145;39.9797;30.3;205;308.348;269.184;265;360;270;268;289.352;289.207;70;264.267;0;1;;;2133.68;1;1
937;0.4;51.8287;31;9.10715;39.9826;30.3;205;308.261;269.162;265;360;270;268;289.497;289.352;70;264.282;0;1;;;2130.24;1;1
938;0.4;51.7274;31;8.98094;40.1389;30.3;202;308.174;269.155;265;360;270;268;289.497;289.352;70;264.295;0;1;;;2129.03;1;1
939;0.4;51.7245;31;9.01657;40.2865;30.3;199;308.102;269.133;265;360;270;268;289.497;289.352;70;264.307;0;1;;;2129.03;1;1
940;0.4;52.1325;31;9.06948;40.3877;30.3;199;308.16;269.119;265;360;270;268;289.497;289.497;70;264.317;0;1;;;2127.83;1;1
941;0.4;52.1209;31;9.03105;40.3877;30.3;196;308.261;269.112;265;360;270;268;289.352;289.352;70;264.327;0;1;;;2127.23;1;1
942;0.4;51.8287;31;8.96231;40.3877;30.3;190;308.348;269.133;265;360;270;268;289.497;289.352;70;264.335;0;1;;;2126.75;1;1
943;0.4;51.7274;31;8.87249;40.2865;30.3;188;308.348;269.177;265;360;270;268;289.352;289.207;70;264.343;0;1;;;2124.94;1;1
944;0.4;52.1354;31;8.94247;40.2865;30.3;187;308.247;269.184;265;360;270;268;289.352;289.352;70;264.355;0;1;;;2124.34;1;1
945;0.4;52.4392;30.9;8.65687;39.9826;30.3;187;308.145;269.162;265;360;270;268;289.352;289.352;70;264.372;0;1;;;2122.54;1;1
946;0.4;52.3814;30.9;8.57412;39.6759;30.3;183;308.102;269.162;265;360;270;268;289.352;289.352;70;264.387;0;1;;;2120.48;1;1
947;0.4;52.0284;30.9;8.47996;39.8785;30.3;183;308.189;269.141;265;360;270;268;289.352;289.352;70;264.4;0;1;;;2119.28;1;1
948;0.4;51.93;30.9;8.48209;40.1852;30.3;177;308.29;269.119;265;360;270;268;289.352;289.352;70;264.411;0;1;;;2119.28;1;1
949;0.4;52.0341;30.9;8.46273;40.2894;30.3;169;308.377;269.126;265;360;270;268;289.352;289.352;70;264.422;0;1;;;2119.28;1;1
950;0.4;52.0341;30.9;8.37184;40.0839;30.2;169;308.304;269.148;265;360;270;268;289.352;289.352;70;264.431;0;1;;;2118.08;1;1
951;0.4;52.1354;30.9;8.35171;40.0839;30.2;168;308.218;269.184;265;360;270;268;289.352;289.352;70;264.439;0;1;;;2117.02;1;1
952;0.4;52.0226;30.9;8.3518;40.1852;30.2;168;308.131;269.198;265;360;270;268;289.352;289.352;70;264.446;0;1;;;2113.94;1;1
953;0.4;52.2367;30.9;8.38618;39.9826;30.2;162;307.393;269.191;265;360;270;268;289.352;289.352;70;264.455;0;1;;;2112.14;1;1
954;0.4;52.2367;30.9;8.34966;39.9826;30.2;165;307.74;268.866;265;360;270;268;289.497;289.352;70;264.466;0;1;;;2112.14;1;1
955;0.4;52.3293;30.9;8.34618;40.1852;30.2;168;307.567;269.155;265;360;270;268;289.497;289.352;70;264.481;0;1;;;2111.94;1;1
956;0.4;52.0312;30.9;8.28047;40.0839;30.2;168;307.827;268.873;265;360;270;268;289.352;289.352;70;264.494;0;1;;;2110.14;1;1
957;0.4;52.1354;30.9;8.27883;39.9826;30.2;169;307.755;268.945;265;360;270;268;289.497;289.497;70;264.506;0;1;;;2110.14;1;1
958;0.4;52.0891;30.9;8.21689;40.0752;30.2;164;307.147;268.938;265;360;270;268;289.497;289.352;70;264.517;0;1;;;2108.35;1;1
959;0.4;52.338;30.9;8.27443;40.0839;30.2;168;307.06;268.938;265;360;270;268;289.497;289.497;70;264.523;0;1;;;2105.68;1;1
960;0.4;52.1354;30.9;8.22419;40.0839;30.2;173;307.046;268.916;265;360;270;268;289.497;289.352;70;264.532;0;1;;;2105.68;1;1
961;0.4;51.7274;30.9;8.14176;39.9826;30.2;170;307.176;268.953;265;360;270;268;289.497;289.497;70;264.54;0;1;;;2104.49;1;1
962;0.4;51.7766;30.8;7.76178;40.1852;30.1;169;306.626;268.924;265;360;270;268;289.352;289.352;70;264.552;0;1;;;2103.29;1;1
963;0.4;52.0312;30.8;7.70906;40.2865;30.1;177;306.684;268.902;265;360;270;268;289.497;289.352;70;264.564;0;1;;;2103.29;1;1
964;0.4;52.338;30.8;7.77279;40.2865;30.1;176;306.742;268.844;265;360;270;268;289.497;289.352;70;264.578;0;1;;;2102.7;1;1
965;0.4;52.4392;30.8;7.73288;40.1852;30.1;173;306.67;268.887;265;360;270;268;289.497;289.352;70;264.588;0;1;;;2098.52;1;1
966;0.4;52.1325;30.8;7.68765;40.1823;30.1;174;306.149;268.96;265;360;270;268;289.352;289.352;70;264.6;0;1;;;2097.92;1;1
967;0.4;52.1354;30.8;7.65162;40.3877;30.1;174;306.062;268.981;265;360;270;268;289.497;289.352;70;264.611;0;1;;;2097.32;1;1
968;0.4;52.2193;30.8;7.64569;40.2865;30.1;174;306.033;268.967;265;360;270;268;289.352;289.352;70;264.621;0;1;;;2096.13;1;1
969;0.4;52.1354;30.8;7.61519;40.3675;30.1;177;306.163;268.909;265;360;270;268;289.497;289.352;70;264.63;0;1;;;2096.13;1;1
970;0.4;52.3322;30.8;7.62565;40.2865;30.1;176;306.279;268.945;265;360;270;268;289.497;289.352;70;264.637;0;1;;;2095.54;1;1
971;0.4;52.1354;30.8;7.57877;40.1852;30.1;173;305.686;268.924;265;360;270;268;289.497;289.352;70;264.644;0;1;;;2094.34;1;1
972;0.4;52.066;30.8;7.47771;40.0984;30;174;305.628;268.902;265;360;270;268;289.497;289.352;70;264.65;0;1;;;2093.3;1;1
973;0.4;52.474;30.7;7.19837;40.2112;30;177;305.498;268.916;265;360;270;268;289.352;289.207;70;264.653;0;1;;;2093.23;1;1
974;0.4;52.4219;30.7;7.1546;40.0839;30;181;305.44;268.909;265;360;270;268;289.352;289.352;70;264.658;0;1;;;2089.65;1;1
975;0.4;52.4392;30.7;7.10202;40.2865;30;182;305.411;268.981;265;360;270;268;289.352;289.352;70;264.662;0;1;;;2089.65;1;1
976;0.4;52.4392;30.7;7.12033;40.5932;30;175;305.469;268.967;265;360;270;268;289.352;289.207;70;264.663;0;1;;;2089.06;1;1
977;0.4;52.3553;30.7;7.10894;40.5932;30;177;305.122;268.945;265;360;270;268;289.352;289.207;70;264.667;0;1;;;2089.06;1;1
978;0.4;52.2946;30.7;7.06415;40.1852;30;176;305.223;268.895;265;360;270;268;289.352;289.207;70;264.671;0;1;;;2089.06;1;1
979;0.4;52.1354;30.7;7.0062;40.0839;30;187;305.252;268.931;265;360;270;268;289.352;289.207;70;264.674;0;1;;;2088.46;1;1
980;0.4;52.1325;30.7;6.96939;40.2865;30;187;305.15;268.916;265;360;270;268;289.352;289.207;70;264.674;0;1;;;2085.49;1;1
981;0.4;52.0023;30.7;6.98832;40.489;30;187;305.049;268.895;265;360;270;268;289.352;289.207;70;264.677;0;1;;;2084.89;1;1
982;0.4;52.0399;30.7;6.90247;40.5903;30;187;304.991;268.887;265;360;270;268;289.352;289.207;70;264.678;0;1;;;2084.89;1;1
983;0.4;52.1325;30.7;6.86012;40.6944;30;188;305.093;268.902;265;360;270;268;289.352;289.207;70;264.681;0;1;;;2083.7;1;1
984;0.4;52.2367;30.6;6.57392;40.4861;30;187;305.223;268.924;265;360;270;268;289.352;289.352;70;264.683;0;1;;;2082.51;1;1
985;0.4;52.1123;30.6;6.48542;40.1273;30;187;305.252;268.974;265;360;270;268;289.497;289.352;70;264.684;0;1;;;2080.57;1;1
986;0.4;52.3322;30.6;6.53106;40.2749;30;187;305.15;268.989;265;360;270;268;289.497;289.352;70;264.686;0;1;;;2077.6;1;1
987;0.4;52.5868;30.6;6.50773;40.3877;30;182;305.02;269.17;265;360;270;268;289.497;289.352;70;264.687;0;1;;;2077.01;1;1
988;0.4;52.6389;30.6;6.49579;40.2865;30;183;304.991;269.177;265;360;270;268;289.497;289.352;70;264.689;0;1;;;2076.41;1;1
989;0.4;52.6418;30.6;6.45937;39.9826;30;183;305.729;269.155;265;360;270;268;289.352;289.207;70;264.689;0;1;;;2075.82;1;1
990;0.4;52.4392;30.6;6.41619;40.1852;30;182;305.845;269.141;265;360;270;268;289.352;289.207;70;264.69;0;1;;;2074.26;1;1
991;0.4;52.338;30.6;6.4038;40.3877;30;165;305.599;268.953;265;360;270;268;289.352;289.207;70;264.691;0;1;;;2074.26;1;1
992;0.4;52.1325;30.6;6.34222;40.5903;30;169;305.744;269.133;265;360;270;268;289.497;289.352;70;264.689;0;1;;;2073.66;1;1
993;0.4;52.5318;30.6;6.33574;40.7957;30;169;305.773;269.17;265;360;270;268;289.352;289.352;70;264.685;0;1;;;2073.07;1;1
994;0.4;52.4392;30.5;5.98686;40.6858;30;170;305.324;269.068;265;360;270;268;289.497;289.352;70;264.675;0;1;;;2071.88;1;1
995;0.4;52.4392;30.5;5.95022;40.2865;30;169;305.671;269.133;265;360;270;268;289.497;289.352;70;264.67;0;1;;;2068.92;1;1
996;0.4;52.4421;30.5;5.89559;40.2865;30;176;305.83;269.083;265;360;270;268;289.497;289.352;70;264.662;0;1;;;2067.73;1;1
997;0.4;52.338;30.5;5.90216;40.4948;30;177;305.353;269.104;265;360;270;268;289.352;289.352;70;264.655;0;1;;;2067.73;1;1
998;0.4;52.338;30.5;5.84729;40.4919;30;170;305.527;269.104;265;360;270;268;289.497;289.207;70;264.646;0;1;;;2067.14;1;1
999;0.4;52.2396;30.5;5.81805;40.6887;30;168;305.556;269.097;265;360;270;268;289.352;289.207;70;264.639;0;1;;;2064.17;1;1
1000;0.4;52.2367;30.5;5.81773;40.4919;30;179;305.932;269.003;265;360;270;268;289.497;289.207;70;264.629;0;1;;;2063.58;1;1
1001;0.4;52.8646;30.5;5.81379;40.1852;30;189;305.874;269.047;265;360;270;268;289.497;289.352;70;264.614;0;1;;;2062.99;1;1
1002;0.4;52.7575;30.5;5.82044;40.0839;30;188;305.83;269.039;265;360;270;268;289.497;289.352;70;264.601;0;1;;;2061.8;1;1
1003;0.4;52.6736;30.5;5.77438;40.1881;30;177;305.816;269.018;265;360;270;268;289.497;289.352;70;264.583;0;1;;;2061.8;1;1
1004;0.4;52.5492;30.5;5.7791;40.2865;30;182;305.83;268.996;265;360;270;268;289.497;289.352;70;264.563;0;1;;;2059.59;1;1
1005;0.4;52.6447;30.5;5.80799;40.3877;30;184;305.888;268.96;265;360;270;268;289.497;289.497;70;264.544;0;1;"CUSN6       ";;2056.63;1;1
1006;0.4;52.9485;30.4;5.38951;40.57;30;194;305.99;268.974;265;360;270;268;289.497;289.207;70;264.525;0;1;;;2056.04;1;1
1007;0.4;52.4248;30.4;5.33621;40.9317;30;202;306.062;268.953;265;360;270;268;289.497;289.352;70;264.507;0;1;;;2056.04;1;1
1008;0.4;51.8461;30.4;5.24108;40.9954;30;216;306.033;268.924;265;360;270;268;289.352;289.352;70;264.488;0;1;;;2054.86;1;1
1009;0.4;51.6725;30.4;5.24158;40.6944;30;219;305.917;268.938;265;360;270;268;289.497;289.352;70;264.476;0;1;;;2054.86;1;1
1010;0.4;52.0284;30.4;5.24133;40.7002;29.9;211;305.845;268.981;265;360;270;268;289.497;289.352;70;264.465;0;1;;;2054.27;1;1
1011;0.4;52.2367;30.4;5.22582;40.7957;30;220;305.802;268.981;265;360;270;268;289.352;289.352;70;264.451;0;1;;;2053.08;1;1
1012;0.4;52.6418;30.4;5.28474;40.6944;29.9;229;305.715;268.938;265;360;270;268;289.497;289.352;70;264.437;0;1;;;2053.08;1;1
1013;0.4;52.7459;30.4;5.25834;40.5932;30;228;305.744;268.924;265;360;270;268;289.497;289.352;70;264.431;0;1;;;2051.31;1;1
1014;0.4;52.3438;30.4;5.18165;40.6742;30;228;306.207;268.902;265;360;270;268;289.497;289.352;70;264.424;0;1;;;2048.95;1;1
1015;0.4;52.6418;30.4;5.21115;40.625;30;223;306.264;268.887;265;360;270;268;289.352;289.352;70;264.421;0;1;;;2048.95;1;1
1016;0.4;52.4595;30.4;5.1931;40.7668;30;231;306.264;268.873;265;360;270;268;289.497;289.352;70;264.418;0;1;;;2047.76;1;1
1017;0.4;52.4306;30.4;5.15361;40.6019;30;231;306.178;268.902;265;360;270;268;289.497;289.352;70;264.416;0;1;;;2045.08;1;1
1018;0.4;52.338;30.4;5.08966;40.489;30;230;306.698;268.938;265;360;270;268;289.352;289.352;70;264.414;0;1;;;2045.08;1;1
1019;0.4;52.5666;30.3;4.79172;40.6944;30;232;306.641;268.938;265;360;270;268;289.497;289.352;70;264.423;0;1;;;2043.15;1;1
1020;0.4;52.5405;30.3;4.75264;40.897;30;231;306.641;268.924;265;360;270;268;289.497;289.352;70;264.432;0;1;;;2041.97;1;1
1021;0.4;52.5405;30.3;4.75264;40.6916;30;232;307.118;268.916;265;360;270;268;289.641;289.352;70;264.44;0;1;;;2041.97;1;1
1022;0.4;52.6302;30.3;4.76075;40.2894;30;230;307.248;268.887;265;360;270;268;289.497;289.352;70;264.448;0;1;;;2041.38;1;1
1023;0.4;52.4392;30.3;4.70681;40.2865;30;219;307.306;268.88;265;360;270;268;289.497;289.497;70;264.46;0;1;;;2038.39;1;1
1024;0.4;52.4479;30.3;4.59766;40.3877;30;217;307.914;268.873;265;360;270;268;289.497;289.497;70;264.474;0;1;;;2036.62;1;1
1025;0.4;52.7459;30.3;4.71592;40.5932;30;194;307.87;268.873;265;360;270;268;289.497;289.352;70;264.493;0;1;;;2036.62;1;1
1026;0.4;52.6534;30.3;4.68924;40.6944;30;191;307.798;268.909;265;360;270;268;289.497;289.497;70;264.505;0;1;;;2034.67;1;1
1027;0.4;52.7459;30.3;4.69749;40.489;30;190;308.087;268.945;265;360;270;268;289.497;289.352;70;264.518;0;1;;;2034.67;1;1
1028;0.4;52.1325;30.3;4.51535;40.5932;30;188;308.058;268.931;265;360;270;268;289.497;289.352;70;264.538;0;1;;;2034.08;1;1
1029;0.4;52.1325;30.3;4.60644;40.5932;30;176;308.145;268.924;265;360;270;268;289.352;289.352;70;264.556;0;1;;;2030.93;1;1
1030;0.4;52.338;30.3;4.58802;40.4832;30;169;308.275;268.902;265;360;270;268;289.497;289.352;70;264.572;0;1;;;2030.34;1;1
1031;0.4;52.0341;30.3;4.52503;40.4109;30;170;308.319;268.895;265;360;270;268;289.497;289.352;70;264.587;0;1;;;2029.75;1;1
1032;0.4;52.4392;30.3;4.57858;40.3877;30;168;308.247;268.873;265;360;270;268;289.497;289.352;70;264.607;0;1;;;2028.41;1;1
1033;0.4;52.4392;30.3;4.54191;40.6944;30.1;158;308.174;268.866;265;360;270;268;289.497;289.352;70;264.626;0;1;;;2027.82;1;1
1034;0.4;52.5232;30.3;4.49414;40.9259;30.1;160;308.116;268.866;265;360;270;268;289.497;289.497;70;264.646;0;1;;;2027.82;1;1
1035;0.4;52.3003;30.3;4.49334;40.8999;30.1;158;308.073;268.873;265;360;270;268;289.497;289.497;70;264.663;0;1;;;2025.63;1;1
1036;0.4;52.4392;30.3;4.50528;40.6973;30.1;155;308.189;268.924;265;360;270;268;289.497;289.497;70;264.679;0;1;;;2025.04;1;1
1037;0.4;52.2338;30.3;4.43289;40.4919;30.1;149;308.304;268.945;265;360;270;268;289.497;289.497;70;264.701;0;1;;;2024;1;1
1038;0.4;52.6447;30.3;4.48615;40.5903;30.1;144;308.319;268.924;265;360;270;268;289.641;289.497;70;264.714;0;1;"CUSN6       ";;2021.64;1;1
1039;0.4;52.6881;30.3;4.47144;40.6944;30.1;140;308.218;268.909;265;360;270;268;289.641;289.497;70;264.724;0;1;;;2021.64;1;1
1040;0.4;52.5405;30.3;4.45891;40.3906;30.1;129;308.116;268.887;265;360;270;268;289.641;289.641;70;264.736;0;1;;;2021.19;1;1
1041;0.4;52.5405;30.3;4.44056;40.4919;30.1;126;307.624;268.873;265;360;270;268;289.641;289.497;70;264.749;0;1;;;2018.86;1;1
1042;0.4;52.4392;30.3;4.45032;40.3819;30.1;136;307.624;268.859;265;360;270;268;289.641;289.497;70;264.76;0;1;;;2018.86;1;1
1043;0.4;52.4826;30.3;4.399;40.3877;30.1;138;307.133;268.859;265;360;270;268;289.641;289.497;70;264.765;0;1;;;2016.55;1;1
1044;0.4;52.5289;30.3;4.38451;40.2865;30.1;135;307.234;268.887;265;360;270;268;289.497;289.497;70;264.769;0;1;;;2014.84;1;1
1045;0.4;52.7402;30.3;4.38371;40.1939;30.1;138;307.306;268.931;265;360;270;268;289.497;289.497;70;264.767;0;1;;;2014.26;1;1
1046;0.4;52.338;30.3;4.31371;40.3906;30.1;142;306.742;268.924;265;360;270;268;289.497;289.497;70;264.773;0;1;;;2014.26;1;1
1047;0.4;52.4277;30.3;4.37605;40.4803;30.1;141;306.713;269.133;265;360;270;268;289.641;289.497;70;264.776;0;1;;;2013.08;1;1
1048;0.4;52.6042;30.3;4.40919;40.408;30.1;143;306.062;269.119;265;360;270;268;289.641;289.497;70;264.779;0;1;;;2011.91;1;1
1049;0.4;52.4248;30.3;4.32087;40.2865;30.1;142;306.033;268.88;265;360;270;268;289.641;289.497;70;264.782;0;1;;;2011.91;1;1
1050;0.4;52.5492;30.3;4.29441;40.1852;30.1;152;306.062;269.242;265;360;270;268;289.641;289.497;70;264.781;0;1;;;2007.81;1;1
1051;0.4;52.39;30.3;4.33631;40.1852;30.1;157;305.83;269.133;265;360;270;268;289.641;289.497;70;264.78;0;1;;;2007.81;1;1
1052;0.4;52.338;30.3;4.25886;40.0839;30;159;305.932;269.148;265;360;270;268;289.641;289.497;70;264.782;0;1;;;2007.39;1;1
1053;0.4;52.5405;30.3;4.34876;40.1852;30;166;305.917;269.314;265;360;270;268;289.641;289.497;70;264.784;0;1;;;2005.04;1;1
1054;0.4;52.6418;30.3;4.32037;40.1852;30;172;305.136;269.293;265;360;270;268;289.641;289.497;70;264.786;0;1;;;2005.04;1;1
1055;0.4;52.4797;30.3;4.23373;40.2865;30;172;305.049;269.271;265;360;270;268;289.497;289.497;70;264.793;0;1;;;2005.04;1;1
1056;0.4;52.8472;30.3;4.31876;40.2749;30;178;304.991;269.249;265;360;270;268;289.497;289.497;70;264.8;0;1;;;2003.87;1;1
1057;0.4;52.5781;30.3;4.26004;40.2865;30;187;305.064;269.249;265;360;270;268;289.641;289.497;70;264.803;0;1;;;2001.53;1;1
1058;0.4;52.2425;30.3;4.25109;40.1852;30;188;304.89;269.314;265;360;270;268;289.641;289.497;70;264.808;0;1;;;2000.36;1;1
1059;0.4;52.7112;30.3;4.23397;40.2865;30;193;304.977;269.314;265;360;270;268;289.497;289.497;70;264.813;0;1;;;1998.61;1;1
1060;0.4;52.6447;30.3;4.19184;40.3877;30;195;304.991;269.293;265;360;270;268;289.497;289.497;70;264.822;0;1;;;1998.61;1;1
1061;0.4;52.338;30.3;4.1857;40.272;30;196;304.948;269.278;265;360;270;268;289.497;289.497;70;264.831;0;1;;;1996.85;1;1
1062;0.4;52.5318;30.2;3.82621;40.1852;30;196;304.876;269.256;265;360;270;268;289.497;289.497;70;264.836;0;1;;;1993.78;1;1
1063;0.4;52.6389;30.2;3.92597;40.2865;30;196;304.803;269.256;265;360;270;268;289.641;289.497;70;264.843;0;1;;;1992.61;1;1
1064;0.4;52.0689;30.2;3.79248;40.3877;30;198;304.745;269.321;265;360;270;268;289.641;289.497;70;264.847;0;1;;;1992.61;1;1
1065;0.4;52.2367;30.2;3.84121;40.1852;30;202;304.225;269.3;265;360;270;268;289.641;289.497;70;264.853;0;1;"CUSN6       ";;1992.03;1;1
1066;0.4;52.4392;30.2;3.83778;40.2662;30;196;304.905;269.293;265;360;270;268;289.641;289.497;70;264.855;0;1;;;1991.44;1;1
1067;0.4;52.6418;30.2;3.81582;40.191;30;186;304.991;269.271;265;360;270;268;289.641;289.497;70;264.86;0;1;;;1990.86;1;1
1068;0.4;52.4392;30.2;3.78282;40.2865;30;192;305.035;269.256;265;360;270;268;289.641;289.497;70;264.862;0;1;;;1988.3;1;1
1069;0.4;52.2367;30.2;3.71347;40.3877;30;196;304.977;269.249;265;360;270;268;289.641;289.641;70;264.863;0;1;;;1986.55;1;1
1070;0.4;52.1354;30.2;3.77912;40.0839;30;196;305.15;269.3;265;360;270;268;289.641;289.497;70;264.861;0;1;;;1985.97;1;1
1071;0.4;52.1354;30.2;3.72448;40.1852;30;190;305.049;269.321;265;360;270;268;289.641;289.641;70;264.863;0;1;;;1984.49;1;1
1072;0.4;52.7459;30.2;3.80495;40.3762;30;181;304.991;269.3;265;360;270;268;289.641;289.497;70;264.865;0;1;;;1983.98;1;1
1073;0.4;53.0498;30.2;3.7898;40.1852;30;175;305.107;269.278;265;360;270;268;289.641;289.497;70;264.863;0;1;;;1983.13;1;1
1074;0.4;52.7459;30.2;3.7681;40.1852;30;171;305.237;269.256;265;360;270;268;289.641;289.497;70;264.867;0;1;;;1982.51;1;1
1075;0.4;52.6447;30.2;3.74247;40.1852;30;170;305.208;269.256;265;360;270;268;289.641;289.641;70;264.868;0;1;;;1981.93;1;1
1076;0.4;52.3524;30.2;3.73998;39.9826;30;171;305.093;269.314;265;360;270;268;289.641;289.641;70;264.869;0;1;;;1981.93;1;1
1077;0.4;52.2367;30.2;3.67694;40.0839;30;170;305.006;269.314;265;360;270;268;289.641;289.641;70;264.872;0;1;;;1979.16;1;1
1078;0.4;52.4392;30.2;3.78282;40.0839;30;167;305.006;269.293;265;360;270;268;289.641;289.497;70;264.873;0;1;;;1977.99;1;1
1079;0.4;52.6447;30.2;3.74247;40.0839;30.1;169;305.136;269.271;265;360;270;268;289.497;289.497;70;264.873;0;1;;;1977.99;1;1
1080;0.4;52.3351;30.2;3.70215;40.0839;30.1;169;305.252;269.256;265;360;270;268;289.641;289.497;70;264.873;0;1;;;1975.66;1;1
1081;0.4;52.338;30.2;3.70236;40.0926;30.1;170;305.208;269.256;265;360;270;268;289.641;289.497;70;264.876;0;1;;;1975.66;1;1
1082;0.4;52.6418;30.2;3.66868;40.0347;30.1;170;305.093;269.3;265;360;270;268;289.641;289.641;70;264.878;0;1;;;1973.92;1;1
1083;0.4;52.8472;30.2;3.64607;39.9797;30.1;168;305.035;269.321;265;360;270;268;289.641;289.497;70;264.883;0;1;;;1972.17;1;1
1084;0.4;52.4392;30.2;3.65456;39.9826;30.1;168;304.991;269.3;265;360;270;268;289.641;289.497;70;264.89;0;1;;;1971.01;1;1
1085;0.4;52.4797;30.2;3.67572;40.0839;30.1;170;305.078;269.285;265;360;270;268;289.641;289.497;70;264.898;0;1;;;1970.43;1;1
1086;0.4;52.3466;30.2;3.62982;39.838;30.1;168;305.208;269.264;265;360;270;268;289.641;289.497;70;264.909;0;1;;;1969.27;1;1
1087;0.4;52.4392;30.2;3.63625;39.9826;30.1;168;305.266;269.249;265;360;270;268;289.641;289.641;70;264.92;0;1;;;1969.27;1;1
1088;0.4;52.2569;30.2;3.62361;39.9826;30.1;168;305.179;269.285;265;360;270;268;289.641;289.641;70;264.929;0;1;;;1969.27;1;1
1089;0.4;52.1325;30.2;3.57855;39.7135;30.1;168;304.282;269.293;265;360;270;268;289.641;289.497;70;264.938;0;1;;;1965.46;1;1
1090;0.4;52.1354;30.2;3.59697;39.8785;30.1;175;304.774;269.307;265;360;270;268;289.641;289.497;70;264.951;0;1;;;1964.81;1;1
1091;0.4;52.4334;30.2;3.61753;39.9797;30.1;179;304.239;269.3;265;360;270;268;289.641;289.497;70;264.964;0;1;;;1963.65;1;1
1092;0.4;52.6244;30.2;3.6307;39.8843;30.1;173;304.297;269.242;265;360;270;268;289.641;289.641;70;264.983;0;1;;;1961.33;1;1
1093;0.4;52.8472;30.2;3.60915;39.8148;30.1;169;304.413;269.227;265;360;270;268;289.641;289.497;70;264.996;0;1;;;1961.33;1;1
1094;0.4;52.8472;30.2;3.64607;39.6759;30.1;175;304.485;269.329;265;360;270;268;289.641;289.497;70;265.011;0;1;;;1960.75;1;1
1095;0.4;52.4392;30.2;3.58129;39.6759;30.1;170;304.442;269.343;265;360;270;268;289.641;289.497;70;265.018;0;1;;;1960.04;1;1
1096;0.4;52.4392;30.2;3.61793;39.5747;30.1;165;304.369;269.314;265;360;270;268;289.641;289.497;70;265.027;0;1;;;1958.3;1;1
1097;0.4;52.4392;30.2;3.61793;39.7772;30.1;167;304.311;269.256;265;360;270;268;289.497;289.497;70;265.036;0;1;;;1957.14;1;1
1098;0.4;52.3814;30.2;3.59563;39.8814;30.1;167;304.253;269.235;265;360;270;268;289.641;289.641;70;265.043;0;1;;;1955.4;1;1
1099;0.4;52.2309;30.2;3.5123;39.7772;30.1;162;304.239;269.285;265;360;270;268;289.641;289.497;70;265.049;0;1;;;1954.82;1;1
1100;0.4;52.1354;30.2;3.50587;40.0839;30.1;152;304.311;269.343;265;360;270;268;289.641;289.641;70;265.055;0;1;;;1954.82;1;1
1101;0.4;52.1412;30.2;3.54272;40.0839;30.1;148;304.384;269.293;265;360;270;268;289.641;289.641;70;265.061;0;1;;;1952.51;1;1
1102;0.4;52.3438;30.2;3.53817;40.1852;30.1;152;304.485;269.278;265;360;270;268;289.641;289.497;70;265.063;0;1;;;1950.77;1;1
1103;0.4;52.338;30.2;3.50121;40.1823;30.1;151;304.47;269.3;265;360;270;268;289.641;289.641;70;265.066;0;1;;;1950.77;1;1
1104;0.4;52.1325;30.2;3.52389;39.9826;30.1;152;304.196;269.285;265;360;270;268;289.641;289.641;70;265.07;0;1;;;1950.19;1;1
1105;0.4;52.1354;30.2;3.54233;40.2865;30.1;152;304.094;269.278;265;360;270;268;289.641;289.641;70;265.074;0;1;;;1950.19;1;1
1106;0.4;52.0312;30.2;3.44434;40.1939;30.1;155;304.008;269.278;265;360;270;268;289.641;289.641;70;265.077;0;1;;;1949.08;1;1
1107;0.4;52.2338;30.2;3.49424;40.3877;30.1;152;304.008;269.3;265;360;270;268;289.641;289.497;70;265.082;0;1;;;1945.03;1;1
1108;0.4;52.2367;30.2;3.51269;40.3877;30.1;153;304.123;269.329;265;360;270;268;289.497;289.497;70;265.087;0;1;;;1945.03;1;1
1109;0.4;52.4074;30.2;3.52417;40.2865;30.1;153;304.253;269.314;265;360;270;268;289.497;289.497;70;265.091;0;1;;;1943.95;1;1
1110;0.4;52.6447;30.2;3.54012;40.1852;30.1;149;304.196;269.249;265;360;270;268;289.641;289.497;70;265.095;0;1;;;1941.06;1;1
1111;0.4;52.338;30.2;3.48293;39.9826;30.1;145;303.299;269.235;265;360;270;268;289.497;289.352;70;265.098;0;1;;;1940.49;1;1
1112;0.4;52.4392;30.2;3.50799;39.7772;30.1;148;303.226;269.249;265;360;270;268;289.497;289.497;70;265.098;0;1;;;1940.49;1;1
1113;0.4;52.6418;30.2;3.52154;39.9826;30.1;152;303.168;269.343;265;360;270;268;289.497;289.352;70;265.104;0;1;;;1939.91;1;1
1114;0.4;52.8472;30.2;3.5722;40.1852;30.1;152;303.226;269.329;265;360;270;268;289.497;289.352;70;265.103;0;1;;;1939.91;1;1
1115;0.4;52.7054;30.2;3.50738;40.0839;30.1;161;303.299;269.271;265;360;270;268;289.641;289.352;70;265.102;0;1;;;1939.91;1;1
1116;0.4;52.6302;30.2;3.53915;40.1852;30.1;166;303.154;269.249;265;360;270;268;289.497;289.497;70;265.106;0;1;;;1936.44;1;1
1117;0.4;52.2338;30.2;3.49424;40.2865;30.1;168;303.212;269.271;265;360;270;268;289.497;289.497;70;265.11;0;1;;;1936.44;1;1
1118;0.4;52.1354;30.2;3.41481;40.2749;30.1;167;303.096;269.293;265;360;270;268;289.497;289.352;70;265.109;0;1;;;1935.87;1;1
1119;0.4;52.3582;30.2;3.44769;40.1852;30.1;173;302.966;269.321;265;360;270;268;289.497;289.497;70;265.11;0;1;;;1933.28;1;1
1120;0.4;52.1441;30.2;3.50646;39.9826;30.1;174;302.951;269.3;265;360;270;268;289.497;289.497;70;265.113;0;1;;;1932.7;1;1
1121;0.4;52.5434;30.2;3.51496;40.0839;30.1;173;303.096;269.278;265;360;270;268;289.641;289.497;70;265.111;0;1;;;1932.12;1;1
1122;0.4;52.4363;30.2;3.48947;40.0839;30.1;172;303.154;269.285;265;360;270;268;289.497;289.497;70;265.115;0;1;;;1929.82;1;1
1123;0.4;52.0312;30.2;3.49887;39.8785;30.1;174;303.183;269.264;265;360;270;268;289.497;289.497;70;265.122;0;1;"CUSN6       ";;1929.82;1;1
1124;0.4;52.338;30.2;3.48293;39.8785;30.1;176;303.067;269.524;265;360;270;268;289.497;289.497;70;265.12;0;1;;;1929.82;1;1
1125;0.4;52.4074;30.2;3.46924;39.8785;30.1;173;303.009;269.69;265;360;270;268;289.497;289.497;70;265.118;0;1;;;1926.93;1;1
1126;0.4;52.338;30.2;3.5195;39.8843;30.1;172;302.937;269.517;265;360;270;268;289.641;289.497;70;265.116;0;1;;;1926.93;1;1
1127;0.4;52.1325;30.2;3.50568;39.9826;30.1;171;303.053;269.517;265;360;270;268;289.497;289.497;70;265.117;0;1;;;1925.78;1;1
1128;0.4;52.0052;30.2;3.51529;40.0781;30.1;170;303.183;269.495;265;360;270;268;289.497;289.352;70;265.125;0;1;;;1923.48;1;1
1129;0.4;52.1325;30.2;3.52389;40.1186;30.1;172;303.212;269.647;265;360;270;268;289.497;289.497;70;265.133;0;1;;;1922.33;1;1
1130;0.4;52.1325;30.2;3.52389;40.1852;30.1;170;303.082;269.473;265;360;270;268;289.497;289.352;70;265.141;0;1;;;1921.18;1;1
1131;0.4;52.1354;30.2;3.52409;40.2865;30.1;173;302.98;269.452;265;360;270;268;289.352;289.352;70;265.147;0;1;"CUSN6       ";;1920.03;1;1
1132;0.4;52.2367;30.2;3.51269;40.3877;30.2;172;302.937;269.459;265;360;270;268;289.497;289.497;70;265.153;0;1;;;1919.03;1;1
1133;0.4;52.3351;30.2;3.55589;40.0839;30.2;171;303.038;269.517;265;360;270;268;289.497;289.497;70;265.158;0;1;;;1918.56;1;1
1134;0.4;52.4392;30.2;3.59961;40.0839;30.2;171;303.168;269.502;265;360;270;268;289.497;289.497;70;265.169;0;1;;;1916.97;1;1
1135;0.4;52.4392;30.2;3.56297;40.0839;30.2;170;303.993;269.481;265;360;270;268;289.497;289.497;70;265.184;0;1;;;1916.97;1;1
1136;0.4;52.338;30.2;3.57437;40.0145;30.2;166;303.95;269.466;265;360;270;268;289.497;289.352;70;265.194;0;1;;;1915.59;1;1
1137;0.4;52.0573;30.2;3.5552;39.7743;30.2;166;303.877;269.444;265;360;270;268;289.497;289.497;70;265.206;0;1;;;1912.71;1;1
1138;0.4;52.0833;30.2;3.53879;39.8814;30.2;158;303.834;269.43;265;360;270;268;289.497;289.352;70;265.217;0;1;;;1912.71;1;1
1139;0.4;52.5463;30.2;3.64367;39.8814;30.2;152;303.733;269.401;265;360;270;268;289.497;289.497;70;265.229;0;1;;;1912.14;1;1
1140;0.4;52.7459;30.2;3.60224;39.838;30.2;144;303.675;269.423;265;360;270;268;289.497;289.497;70;265.243;0;1;;;1910.99;1;1
1141;0.4;52.4971;30.2;3.60358;39.8814;30.2;145;303.53;269.719;265;360;270;268;289.497;289.497;70;265.261;0;1;;;1908.69;1;1
1142;0.4;52.4392;30.2;3.63625;40.0839;30.2;143;303.848;269.473;265;360;270;268;289.497;289.497;70;265.277;0;1;;;1908.69;1;1
1143;0.4;52.1672;30.2;3.56271;40.1852;30.2;140;303.95;269.452;265;360;270;268;289.497;289.497;70;265.291;0;1;;;1906.38;1;1
1144;0.4;52.3698;30.2;3.64972;40.3877;30.2;128;303.921;269.437;265;360;270;268;289.497;289.497;70;265.304;0;1;"CUSN6       ";;1906.38;1;1
1145;0.4;52.338;30.2;3.62922;40.2112;30.2;126;303.487;269.661;265;360;270;268;289.497;289.352;70;265.315;0;1;;;1905.23;1;1
1146;0.4;52.5405;30.2;3.62491;39.7772;30.2;132;302.966;269.647;265;360;270;268;289.497;289.497;70;265.332;0;1;;;1901.11;1;1
1147;0.4;52.2367;30.2;3.64045;39.7772;30.2;131;302.966;269.64;265;360;270;268;289.497;289.497;70;265.347;0;1;;;1900.53;1;1
1148;0.4;52.1325;30.2;3.66961;39.9826;30.2;126;303.082;269.712;265;360;270;268;289.497;289.497;70;265.364;0;1;;;1900.25;1;1
1149;0.4;52.2367;30.2;3.64045;39.838;30.2;128;303.212;269.712;265;360;270;268;289.497;289.352;70;265.38;0;1;;;1898.53;1;1
1150;0.4;51.93;30.2;3.65536;39.8814;30.2;125;303.154;269.705;265;360;270;268;289.497;289.497;70;265.394;0;1;;;1898.53;1;1
1151;0.4;51.9502;30.2;3.65678;39.8785;30.2;119;302.807;269.452;265;360;270;268;289.497;289.497;70;265.406;0;1;;;1897.95;1;1
1152;0.4;52.5405;30.2;3.69833;39.9826;30.2;120;302.691;269.416;265;360;270;268;289.497;289.497;70;265.417;0;1;;;1895.09;1;1
1153;0.4;52.4392;30.2;3.70952;39.8756;30.2;126;302.474;269.64;265;360;270;268;289.641;289.352;70;265.427;0;1;;;1895.09;1;1
1154;0.4;51.9329;30.2;3.72815;39.9826;30.2;124;302.474;269.633;265;360;270;268;289.641;289.497;70;265.435;0;1;;;1893.95;1;1
1155;0.4;51.9271;30.2;3.7096;39.9797;30.2;119;301.953;269.379;265;360;270;268;289.497;289.497;70;265.443;0;1;;;1889.94;1;1
1156;0.4;52.2367;30.2;3.71347;40.0839;30.2;121;302.054;269.401;265;360;270;268;289.497;289.497;70;265.455;0;1;;;1889.37;1;1
1157;0.4;52.5405;30.2;3.71669;39.8785;30.2;125;302.141;269.669;265;360;270;268;289.497;289.352;70;265.461;0;1;;;1888.8;1;1
1158;0.4;52.338;30.2;3.77552;39.7772;30.2;124;301.693;269.683;265;360;270;268;289.641;289.352;70;265.466;0;1;;;1888.8;1;1
1159;0.4;52.3438;30.2;3.75765;39.8756;30.2;126;301.649;269.307;265;360;270;268;289.497;289.497;70;265.469;0;1;;;1888.8;1;1
1160;0.4;52.5376;30.2;3.78992;39.8814;30.2;134;301.577;269.285;265;360;270;268;289.352;289.352;70;265.471;0;1;;;1888.23;1;1
1161;0.4;52.2946;30.2;3.82719;39.9797;30.2;135;300.883;269.271;265;360;270;268;289.497;289.497;70;265.475;0;1;;;1884.8;1;1
1162;0.4;52.4306;30.2;3.83714;39.9826;30.2;134;300.984;269.256;265;360;270;268;289.352;289.497;70;265.479;0;1;;;1884.8;1;1
1163;0.4;52.0284;30.2;3.82589;39.9826;30.2;140;301.114;269.321;265;360;270;268;289.352;289.352;70;265.483;0;1;;;1884.23;1;1
1164;0.4;52.1007;30.2;3.7948;40.0116;30.2;142;301.157;269.329;265;360;270;268;289.497;289.207;70;265.485;0;1;;;1883.09;1;1
1165;0.4;52.1325;30.2;3.83355;40.11;30.2;140;300.694;269.3;265;360;270;268;289.497;289.352;70;265.488;0;1;;;1883.09;1;1
1166;0.4;52.338;30.2;3.84865;40.0839;30.2;142;300.651;269.278;265;360;270;268;289.497;289.352;70;265.489;0;1;;;1880.8;1;1
1167;0.4;52.4971;30.2;3.82368;39.974;30.2;152;300.593;269.271;265;360;270;268;289.497;289.352;70;265.488;0;1;;;1879.84;1;1
1168;0.4;52.6418;30.2;3.94458;40.0839;30.2;152;300.521;269.249;265;360;270;268;289.497;289.497;70;265.489;0;1;;;1879.84;1;1
1169;0.4;52.5579;30.2;3.88318;40.2865;30.2;147;300.535;269.271;265;360;270;268;289.497;289.352;70;265.491;0;1;;;1877.55;1;1
1170;0.4;52.338;30.2;3.86694;40.0839;30.2;148;300.391;269.307;265;360;270;268;289.641;289.497;70;265.492;0;1;;;1876.23;1;1
1171;0.4;52.0428;30.2;3.86334;40.1302;30.2;145;299.971;269.314;265;360;270;268;289.497;289.352;70;265.494;0;1;;;1876.23;1;1
1172;0.4;52.2338;30.2;3.89576;40.2865;30.2;148;300.13;269.264;265;360;270;268;289.497;289.352;70;265.495;0;1;;;1875.16;1;1
1173;0.4;51.9329;30.2;3.89146;40.1852;30.2;158;300.043;269.242;265;360;270;268;289.352;289.352;70;265.501;0;1;;;1874.59;1;1
1174;0.4;51.8287;30.2;3.90176;40.191;30.2;159;300;269.242;265;360;270;268;289.497;289.497;70;265.501;0;1;;;1874.59;1;1
1175;0.4;51.8316;30.2;3.86576;40.2865;30.2;162;299.913;269.307;265;360;270;268;289.352;289.497;70;265.501;0;1;;;1871.15;1;1
1176;0.4;52.0341;30.2;3.95358;40.0839;30.2;161;299.855;269.3;265;360;270;268;289.352;289.352;70;265.501;0;1;;;1871.15;1;1
1177;0.4;52.1354;30.2;3.94306;39.9711;30.2;159;299.957;269.278;265;360;270;268;289.352;289.352;70;265.501;0;1;;;1870.01;1;1
1178;0.4;52.1325;30.2;3.99748;39.7772;30.2;160;299.957;269.271;265;360;270;268;289.497;289.497;70;265.501;0;1;;;1867.74;1;1
1179;0.4;52.3438;30.2;4.01367;39.6759;30.3;159;300.072;269.256;265;360;270;268;289.352;289.352;70;265.501;0;1;"CUSN6       ";;1867.17;1;1
1180;0.4;52.1325;30.1;3.66174;39.6788;30.3;161;300.087;269.256;265;360;270;268;289.497;289.497;70;265.501;0;1;;;1867.17;1;1
1181;0.4;52.0255;30.1;3.63605;39.6759;30.3;157;300;269.307;265;360;270;268;289.497;289.352;70;265.498;0;1;;;1864.89;1;1
1182;0.4;51.9329;30.1;3.68403;39.5747;30.3;158;299.884;269.293;265;360;270;268;289.497;289.352;70;265.496;0;1;;;1864.89;1;1
1183;0.4;51.9329;30.1;3.66586;39.7772;30.3;159;299.855;269.278;265;360;270;268;289.497;289.352;70;265.49;0;1;;;1863.75;1;1
1184;0.4;52.0312;30.1;3.76371;39.7801;30.3;157;299.942;269.256;265;360;270;268;289.352;289.352;70;265.492;0;1;"CUSN6       ";;1857.25;1;1
1185;0.4;52.0312;30.1;3.69101;39.7772;30.3;157;300.072;269.235;265;360;270;268;289.497;289.352;70;265.49;0;1;;;1857.25;1;1
1186;0.4;51.8345;30.1;3.69516;39.6759;30.3;159;300.13;269.264;265;360;270;268;289.497;289.352;70;265.486;0;1;;;1856.68;1;1
1187;0.4;52.0312;30.1;3.74554;39.8119;30.3;158;300.087;269.307;265;360;270;268;289.497;289.352;70;265.483;0;1;;;1856.68;1;1
1188;0.4;52.0284;30.1;3.7635;39.9826;30.3;157;299.971;269.293;265;360;270;268;289.497;289.352;70;265.477;0;1;;;1856.68;1;1
1189;0.4;51.6753;30.1;3.77407;39.8785;30.3;158;299.87;269.278;265;360;270;268;289.497;289.497;70;265.478;0;1;;;1856.68;1;1
1190;0.4;51.93;30.1;3.79267;39.8466;30.3;159;299.87;269.249;265;360;270;268;289.497;289.352;70;265.478;0;1;;;1852.89;1;1
1191;0.4;52.3409;30.1;3.84096;39.8785;30.4;157;299.986;269.235;265;360;270;268;289.497;289.352;70;265.475;0;1;;;1852.32;1;1
1192;0.4;52.2367;30.1;3.85157;39.7772;30.4;157;300.101;269.271;265;360;270;268;289.497;289.497;70;265.471;0;1;;;1852.32;1;1
1193;0.4;52.1817;30.2;4.18356;39.5747;30.4;161;300.13;269.307;265;360;270;268;289.497;289.352;70;265.469;0;1;;;1850.62;1;1
1194;0.4;52.1354;30.2;4.12521;39.6759;30.4;163;300.072;269.293;265;360;270;268;289.497;289.352;70;265.47;0;1;;;1850.62;1;1
1195;0.4;52.1325;30.2;4.19786;39.5747;30.4;159;299.942;269.271;265;360;270;268;289.352;289.207;70;265.468;0;1;;;1850.05;1;1
1196;0.4;52.1354;30.2;4.17985;39.6759;30.4;158;299.87;269.249;265;360;270;268;289.352;289.207;70;265.46;0;1;;;1847.8;1;1
1197;0.4;51.93;30.2;4.14524;39.6759;30.4;162;299.87;269.235;265;360;270;268;289.352;289.207;70;265.453;0;1;;;1847.8;1;1
1198;0.4;52.0515;30.2;4.24589;39.7801;30.4;168;299.971;269.278;265;360;270;268;289.352;289.207;70;265.447;0;1;;;1847.8;1;1
1199;0.4;51.8287;30.2;4.20961;39.7772;30.4;166;300.072;269.307;265;360;270;268;289.497;289.352;70;265.442;0;1;;;1844.97;1;1
1200;0.4;51.7303;30.2;4.20162;40.0087;30.4;169;300.405;269.285;265;360;270;268;289.352;289.207;70;265.437;0;1;;;1844.97;1;1
1201;0.4;52.0573;30.2;4.3191;40.0839;30.4;168;300.376;269.256;265;360;270;268;289.497;289.352;70;265.433;0;1;;;1843.84;1;1
1202;0.4;52.1325;30.2;4.28892;39.8814;30.5;157;300.723;269.249;265;360;270;268;289.352;289.352;70;265.426;0;1;;;1843.27;1;1
1203;0.4;52.1354;30.2;4.25273;39.8785;30.5;148;300.666;269.285;265;360;270;268;289.352;289.207;70;265.423;0;1;;;1841.57;1;1
1204;0.4;52.0312;30.2;4.26241;39.9797;30.5;150;300.231;269.293;265;360;270;268;289.352;289.207;70;265.421;0;1;;;1840.44;1;1
1205;0.4;51.8287;30.2;4.31824;39.9537;30.5;155;300.752;269.3;265;360;270;268;289.352;289.207;70;265.415;0;1;;;1838.75;1;1
1206;0.4;51.8287;30.2;4.26392;39.7801;30.5;162;300.246;269.278;265;360;270;268;289.352;289.207;70;265.411;0;1;;;1838.75;1;1
1207;0.4;51.658;30.2;4.28597;39.8814;30.5;165;300.926;269.256;265;360;270;268;289.352;289.352;70;265.407;0;1;;;1837.13;1;1
1208;0.4;51.5393;30.2;4.24012;39.6759;30.5;162;300.883;269.249;265;360;270;268;289.352;289.352;70;265.395;0;1;;;1836;1;1
1209;0.4;51.3889;30.2;4.26364;39.6759;30.5;160;301.056;269.321;265;360;270;268;289.352;289.352;70;265.39;0;1;;;1834.87;1;1
1210;0.4;51.4207;30.2;4.28425;39.6875;30.5;165;300.955;269.314;265;360;270;268;289.352;289.352;70;265.383;0;1;"CUSN6       ";;1832.05;1;1
1211;0.4;51.7274;30.2;4.3279;39.6759;30.5;159;300.883;269.285;265;360;270;268;289.497;289.352;70;265.376;0;1;;;1831.49;1;1
1212;0.4;51.8056;30.2;4.33443;39.8785;30.5;157;300.926;269.264;265;360;270;268;289.352;289.352;70;265.368;0;1;;;1831.49;1;1
1213;0.4;51.93;30.2;4.36299;40.0839;30.6;157;301.056;269.256;265;360;270;268;289.352;289.352;70;265.36;0;1;;;1828.98;1;1
1214;0.4;52.3438;30.2;4.43432;39.9826;30.6;157;301.157;269.293;265;360;270;268;289.352;289.207;70;265.354;0;1;;;1828.98;1;1
1215;0.4;52.5058;30.2;4.42971;39.8785;30.6;157;301.128;269.329;265;360;270;268;289.352;289.352;70;265.348;0;1;;;1826.86;1;1
1216;0.4;51.93;30.2;4.41741;39.647;30.6;161;301.1;269.3;265;360;270;268;289.352;289.352;70;265.343;0;1;;;1824.04;1;1
1217;0.4;51.8287;30.2;4.40879;39.485;30.6;162;300.911;269.264;265;360;270;268;289.352;289.207;70;265.338;0;1;;;1823.48;1;1
1218;0.4;52.0341;30.3;4.76136;39.5718;30.6;160;300.883;269.264;265;360;270;268;289.352;289.207;70;265.334;0;1;;;1823.48;1;1
1219;0.4;52.1354;30.3;4.78884;39.5747;30.6;167;300.955;269.242;265;360;270;268;289.207;289.207;70;265.33;0;1;;;1823.05;1;1
1220;0.4;52.1325;30.3;4.77037;39.6759;30.6;168;301.071;269.249;265;360;270;268;289.352;289.207;70;265.327;0;1;;;1822.48;1;1
1221;0.4;52.0689;30.3;4.81911;39.7772;30.6;168;301.157;269.314;265;360;270;268;289.352;289.207;70;265.316;0;1;;;1821.92;1;1
1222;0.4;52.1325;30.3;4.78858;39.7888;30.6;169;301.128;269.3;265;360;270;268;289.352;289.352;70;265.314;0;1;;;1817.98;1;1
1223;0.4;52.4421;30.3;4.83534;40.1852;30.6;168;301.027;269.17;265;360;270;268;289.352;289.207;70;265.309;0;1;;;1817.41;1;1
1224;0.4;52.338;30.3;4.84402;40.1852;30.6;174;300.926;269.148;265;360;270;268;289.497;289.352;70;265.305;0;1;;;1816.85;1;1
1225;0.4;52.0804;30.3;4.8566;40.0839;30.6;172;300.897;269.141;265;360;270;268;289.497;289.352;70;265.299;0;1;;;1816.08;1;1
1226;0.4;52.2309;30.3;4.81586;39.9826;30.6;171;301.013;269.126;265;360;270;268;289.352;289.352;70;265.292;0;1;;;1815.51;1;1
1227;0.4;51.8287;30.3;4.79688;39.8814;30.6;175;301.128;269.133;265;360;270;268;289.352;289.352;70;265.289;0;1;;;1814.95;1;1
1228;0.4;51.7274;30.3;4.85982;39.7801;30.6;177;301.157;269.177;265;360;270;268;289.352;289.352;70;265.285;0;1;;;1811.58;1;1
1229;0.4;51.7274;30.3;4.80558;39.9855;30.7;177;300.969;269.01;265;360;270;268;289.352;289.352;70;265.287;0;1;;;1811.54;1;1
1230;0.4;51.93;30.3;4.8244;39.8785;30.7;181;301.128;268.996;265;360;270;268;289.352;289.352;70;265.288;0;1;;;1809.85;1;1
1231;0.4;52.1325;30.3;4.89788;39.8206;30.7;182;301.519;269.155;265;360;270;268;289.352;289.352;70;265.29;0;1;;;1808.17;1;1
1232;0.4;52.338;30.4;5.27252;39.8785;30.7;176;301.23;269.003;265;360;270;268;289.352;289.352;70;265.291;0;1;;;1808.17;1;1
1233;0.4;52.4363;30.4;5.26411;39.8119;30.7;165;301.345;268.996;265;360;270;268;289.352;289.352;70;265.293;0;1;;;1807.61;1;1
1234;0.4;52.2338;30.4;5.22553;39.7772;30.7;160;301.736;269.09;265;360;270;268;289.352;289.207;70;265.293;0;1;;;1806.76;1;1
1235;0.4;51.93;30.4;5.23142;39.6759;30.7;159;301.808;269.09;265;360;270;268;289.352;289.352;70;265.294;0;1;;;1805.64;1;1
1236;0.4;52.2251;30.4;5.29764;39.7078;30.7;165;301.36;269.076;265;360;270;268;289.352;289.207;70;265.295;0;1;;;1803.91;1;1
1237;0.4;52.4392;30.4;5.33768;39.8814;30.7;168;301.317;269.047;265;360;270;268;289.352;289.207;70;265.296;0;1;;;1802.53;1;1
1238;0.4;52.2338;30.4;5.31677;39.7772;30.7;168;301.215;269.032;265;360;270;268;289.352;289.207;70;265.296;0;1;;;1802.53;1;1
1239;0.4;52.1325;30.4;5.25182;39.8814;30.7;167;301.939;269.003;265;360;270;268;289.352;289.207;70;265.297;0;1;;;1800.29;1;1
1240;0.4;52.0544;30.4;5.29851;40.0839;30.7;174;301.968;268.996;265;360;270;268;289.352;289.207;70;265.292;0;1;;;1799.73;1;1
1241;0.4;51.93;30.4;5.21328;39.9797;30.7;159;302.083;268.981;265;360;270;268;289.352;289.352;70;265.278;0;1;;;1799.73;1;1
1242;0.4;52.0312;30.4;5.31433;40.0289;30.7;152;302.185;268.981;265;360;270;268;289.352;289.352;70;265.272;0;1;;;1796.37;1;1
1243;0.4;52.1325;30.4;5.30646;40.2865;30.7;155;302.156;268.996;265;360;270;268;289.352;289.352;70;265.263;0;1;;;1796.37;1;1
1244;0.4;51.93;30.5;5.62027;40.1736;30.7;154;302.054;269.018;265;360;270;268;289.352;289.207;70;265.256;0;1;;;1795.81;1;1
1245;0.4;52.0255;30.5;5.66695;39.9797;30.7;154;301.968;269.047;265;360;270;268;289.352;289.207;70;265.247;0;1;;;1794.13;1;1
1246;0.4;52.338;30.5;5.70099;39.9855;30.7;153;301.114;269.032;265;360;270;268;289.352;289.207;70;265.239;0;1;;;1793.57;1;1
1247;0.4;52.0804;30.5;5.65475;40.0839;30.8;163;301.128;269.025;265;360;270;268;289.352;289.207;70;265.223;0;1;;;1791.72;1;1
1248;0.4;52.0312;30.5;5.70396;40.2402;30.8;161;301.765;269.076;265;360;270;268;289.352;289.352;70;265.209;0;1;;;1790.6;1;1
1249;0.4;52.2338;30.5;5.72617;40.2865;30.8;168;301.881;269.09;265;360;270;268;289.352;289.352;70;265.2;0;1;;;1788.95;1;1
1250;0.4;51.8287;30.5;5.59121;40.2865;30.8;179;301.345;269.01;265;360;270;268;289.352;289.207;70;265.185;0;1;;;1788.39;1;1
1251;0.4;51.93;30.5;5.63841;40.3877;30.8;179;301.924;269.068;265;360;270;268;289.207;289.207;70;265.176;0;1;;;1786.72;1;1
1252;0.4;51.8287;30.5;5.68176;40.3791;30.8;173;301.852;269.104;265;360;270;268;289.207;289.207;70;265.168;0;1;;;1786.16;1;1
1253;0.4;52.4392;30.5;5.74869;40.3067;30.8;172;301.288;268.808;265;360;270;268;289.352;289.207;70;265.156;0;1;;;1784.78;1;1
1254;0.4;52.338;30.5;5.77415;40.5932;30.8;178;301.722;268.779;265;360;270;268;289.207;289.207;70;265.145;0;1;;;1783.11;1;1
1255;0.4;52.2049;30.6;6.0592;40.5903;30.8;189;301.678;268.75;265;360;270;268;289.207;289.207;70;265.131;0;1;;;1783.11;1;1
1256;0.4;51.7274;30.6;6.02185;40.5903;30.8;193;301.114;268.743;265;360;270;268;289.207;289.207;70;265.119;0;1;;;1781.99;1;1
1257;0.4;51.6262;30.6;6.01006;40.2865;30.8;194;301.128;268.743;265;360;270;268;289.207;289.207;70;265.109;0;1;;;1779.26;1;1
1258;0.4;51.7303;30.6;6.04026;40.1852;30.8;201;301.794;269.17;265;360;270;268;289.207;289.207;70;265.099;0;1;;;1779.26;1;1
1259;0.4;52.0312;30.6;6.0754;40.1852;30.8;206;302.185;269.155;265;360;270;268;289.207;289.207;70;265.089;0;1;;;1777.68;1;1
1260;0.4;52.338;30.6;6.14778;40.1071;30.8;201;302.214;268.786;265;360;270;268;289.207;289.062;70;265.079;0;1;;;1776.56;1;1
1261;0.4;52.1325;30.6;6.14186;40.0839;30.8;196;302.098;268.764;265;360;270;268;289.207;289.207;70;265.067;0;1;;;1774.96;1;1
1262;0.4;51.9329;30.6;6.1002;40.1852;30.8;194;301.997;268.743;265;360;270;268;289.207;289.062;70;265.053;0;1;;;1772.15;1;1
1263;0.4;52.0284;30.6;6.12959;40.2865;30.8;196;301.939;268.75;265;360;270;268;289.062;289.062;70;265.035;0;1;;;1771.59;1;1
1264;0.4;52.0226;30.6;6.16525;40.3877;30.9;196;302.04;268.815;265;360;270;268;289.207;289.062;70;265.013;0;1;;;1771.59;1;1
1265;0.4;52.0544;30.6;6.09629;40.5903;30.9;202;302.879;268.801;265;360;270;268;289.207;289.062;70;264.989;0;1;;;1771.04;1;1
1266;0.4;52.1325;30.6;6.12365;40.7957;30.9;209;302.951;268.779;265;360;270;268;289.207;289.207;70;264.965;0;1;;;1770.48;1;1
1267;0.4;52.0949;30.6;6.11923;40.599;30.9;208;302.937;268.757;265;360;270;268;289.207;289.062;70;264.943;0;1;;;1769.92;1;1
1268;0.4;52.0312;30.6;6.09358;40.5874;30.9;203;302.922;268.75;265;360;270;268;289.062;289.062;70;264.915;0;1;;;1766.01;1;1
1269;0.4;51.8229;30.7;6.43913;40.5903;30.9;196;303.082;268.75;265;360;270;268;289.062;289.062;70;264.891;0;1;;;1766.01;1;1
1270;0.4;51.93;30.7;6.41615;40.489;30.9;203;302.995;268.815;265;360;270;268;289.207;289.062;70;264.862;0;1;;;1766.01;1;1
1271;0.4;52.2367;30.7;6.47229;40.489;30.9;206;302.937;268.801;265;360;270;268;289.207;289.062;70;264.841;0;1;;;1763.92;1;1
1272;0.4;52.4392;30.7;6.5157;40.1823;30.9;207;302.98;268.786;265;360;270;268;289.207;289.062;70;264.821;0;1;;;1763.92;1;1
1273;0.4;52.1325;30.7;6.47759;40.1852;30.9;212;303.979;268.75;265;360;270;268;289.062;289.062;70;264.797;0;1;;;1763.36;1;1
1274;0.4;51.93;30.7;6.48871;40.1852;31;213;304.022;268.743;265;360;270;268;289.062;289.062;70;264.777;0;1;;;1761.14;1;1
1275;0.4;51.6262;30.7;6.46881;40.1852;31;208;303.993;268.757;265;360;270;268;289.062;289.062;70;264.756;0;1;;;1759.47;1;1
1276;0.4;51.6262;30.7;6.46881;40.1852;31;209;304.138;268.808;265;360;270;268;289.062;289.062;70;264.739;0;1;;;1759.47;1;1
1277;0.4;51.9213;30.7;6.50579;40.0839;31;212;304.094;268.815;265;360;270;268;289.207;289.062;70;264.723;0;1;;;1755.59;1;1
1278;0.4;52.0428;30.7;6.52102;40.0839;31;215;303.993;268.793;265;360;270;268;289.062;289.062;70;264.706;0;1;;;1755.59;1;1
1279;0.4;52.4566;30.8;6.929;40.2865;31;218;304.861;268.764;265;360;270;268;289.207;289.062;70;264.691;0;1;;;1755.59;1;1
1280;0.4;52.1499;30.8;6.85203;40.2865;31;217;304.962;268.743;265;360;270;268;289.062;289.062;70;264.678;0;1;;;1754.48;1;1
1281;0.4;52.4392;30.8;6.92671;40.191;31;217;304.991;268.736;265;360;270;268;289.207;289.207;70;264.663;0;1;;;1753.92;1;1
1282;0.4;52.4363;30.8;6.88967;40.1852;31;226;305.194;268.815;265;360;270;268;289.207;289.207;70;264.648;0;1;;;1751.15;1;1
1283;0.4;52.6447;30.8;6.97224;40.0839;31;227;305.093;268.801;265;360;270;268;289.062;289.062;70;264.633;0;1;;;1750.04;1;1
1284;0.4;52.7286;30.8;7.00177;40.0839;31.1;214;304.991;268.779;265;360;270;268;289.062;289.062;70;264.615;0;1;;;1750.04;1;1
1285;0.4;52.3727;30.8;6.91792;40.1852;31.1;215;304.991;268.772;265;360;270;268;289.062;288.918;70;264.603;0;1;;;1748.38;1;1
1286;0.4;52.0312;30.8;6.87282;40.2865;31.1;223;305.845;268.75;265;360;270;268;289.062;288.918;70;264.591;0;1;;;1747.82;1;1
1287;0.4;52.0544;30.8;6.89406;40.3877;31.1;223;305.917;268.743;265;360;270;268;289.062;288.918;70;264.581;0;1;;;1747.82;1;1
1288;0.4;52.2367;30.9;7.23636;40.2865;31.1;224;306.25;268.793;265;360;270;268;289.062;288.918;70;264.572;0;1;;;1746.1;1;1
1289;0.4;52.5405;30.9;7.35187;40.2865;31.1;230;306.178;268.793;265;360;270;268;289.062;288.918;70;264.564;0;1;;;1745.55;1;1
1290;0.4;52.338;30.9;7.28696;40.1823;31.1;215;306.178;268.772;265;360;270;268;289.062;289.062;70;264.555;0;1;;;1745.11;1;1
1291;0.4;52.2367;30.9;7.23636;40.0579;31.1;214;306.105;268.75;265;360;270;268;289.062;289.062;70;264.549;0;1;;;1742.18;1;1
1292;0.4;52.3582;30.9;7.28978;40.081;31.1;214;306.424;268.736;265;360;270;268;288.918;288.918;70;264.553;0;1;;;1741.63;1;1
1293;0.4;52.3148;30.9;7.30201;40.1852;31.2;217;306.756;268.41;265;360;270;268;288.918;288.918;70;264.556;0;1;;;1740.52;1;1
1294;0.4;51.9271;30.9;7.22975;39.9797;31.2;205;306.583;268.699;265;360;270;268;288.918;288.918;70;264.555;0;1;;;1739.41;1;1
1295;0.4;51.93;30.9;7.24829;40.1852;31.2;205;307.277;268.808;265;360;270;268;289.062;288.918;70;264.56;0;1;;;1739.41;1;1
1296;0.4;52.0312;31;7.56116;40.489;31.2;209;307.292;268.67;265;360;270;268;288.918;288.918;70;264.565;0;1;;;1739.41;1;1
1297;0.4;51.93;31;7.61901;40.5932;31.2;204;307.234;268.663;265;360;270;268;288.918;288.918;70;264.569;0;1;;;1736.1;1;1
1298;0.4;51.8287;31;7.54983;40.489;31.2;196;307.118;268.641;265;360;270;268;288.918;288.918;70;264.572;0;1;;;1735.55;1;1
1299;0.4;51.93;31;7.56458;40.1852;31.2;195;307.624;268.627;265;360;270;268;288.918;288.918;70;264.575;0;1;;;1734;1;1
1300;0.4;52.0341;31;7.59794;40.1852;31.2;195;307.624;268.736;265;360;270;268;288.918;288.918;70;264.578;0;1;;;1732.35;1;1
1301;0.4;52.2367;31;7.7005;40.1852;31.2;196;307.552;268.772;265;360;270;268;288.918;288.773;70;264.581;0;1;;;1732.35;1;1
1302;0.4;52.4392;31;7.71204;40.3877;31.2;187;307.668;268.815;265;360;270;268;288.918;288.918;70;264.583;0;1;;;1730.14;1;1
1303;0.4;52.2888;31.1;7.97186;40.1852;31.3;186;307.711;268.801;265;360;270;268;288.918;288.918;70;264.585;0;1;;;1729.04;1;1
1304;0.4;52.338;31.1;8.01592;40.1852;31.3;186;308.377;268.779;265;360;270;268;288.773;288.773;70;264.587;0;1;;;1729.04;1;1
1305;0.4;52.338;31.1;7.94279;40.3877;31.3;177;308.304;268.75;265;360;270;268;288.918;288.773;70;264.592;0;1;;;1727.38;1;1
1306;0.4;52.0573;31.1;7.97294;40.3877;31.3;164;308.116;268.736;265;360;270;268;288.773;288.773;70;264.597;0;1;;;1726.28;1;1
1307;0.4;52.2425;31.1;7.94655;40.0839;31.3;159;308.058;268.772;265;360;270;268;288.918;288.773;70;264.597;0;1;;;1725.18;1;1
1308;0.4;52.5405;31.1;7.99188;39.9826;31.3;162;308.131;268.815;265;360;270;268;288.918;288.773;70;264.597;0;1;;;1721.07;1;1
1309;0.4;52.5405;31.1;7.99188;40.0839;31.3;159;308.218;268.793;265;360;270;268;288.918;288.773;70;264.597;0;1;;;1720.52;1;1
1310;0.4;52.4421;31.2;8.29633;40.2865;31.3;155;308.247;268.772;265;360;270;268;288.918;288.773;70;264.597;0;1;"CUSN6       ";;1720.52;1;1
1311;0.4;52.5376;31.2;8.38485;40.1852;31.3;155;307.87;268.757;265;360;270;268;289.062;288.918;70;264.597;0;1;;;1719.97;1;1
1312;0.4;52.5087;31.2;8.28851;40.2865;31.3;161;307.841;268.736;265;360;270;268;289.062;289.062;70;264.597;0;1;;;1719.97;1;1
1313;0.4;52.5347;31.2;8.32933;40.081;31.3;166;307.841;268.764;265;360;270;268;289.062;289.062;70;264.597;0;1;;;1718.76;1;1
1314;0.4;52.7517;31.2;8.36373;39.8785;31.3;167;307.624;268.808;265;360;270;268;289.062;289.062;70;264.597;0;1;;;1716.01;1;1
1315;0.4;52.5405;31.2;8.33024;39.8785;31.3;167;307.639;268.801;265;360;270;268;289.062;289.062;70;264.597;0;1;;;1716.01;1;1
1316;0.4;52.2367;31.2;8.26383;40.1852;31.3;173;307.668;268.772;265;360;270;268;289.062;289.062;70;264.597;0;1;;;1715.46;1;1
1317;0.4;52.202;31.2;8.2401;40.1852;31.3;173;307.234;268.75;265;360;270;268;289.062;289.062;70;264.597;0;1;;;1713.81;1;1
1318;0.4;52.2367;31.2;8.24558;39.9826;31.3;173;307.306;268.736;265;360;270;268;289.062;289.062;70;264.597;0;1;;;1713.57;1;1
1319;0.4;51.93;31.3;8.51344;40.0839;31.3;179;307.234;268.786;265;360;270;268;289.207;289.062;70;264.597;0;1;;;1711.37;1;1
1320;0.4;52.1788;31.3;8.57247;39.9826;31.3;181;307.205;268.815;265;360;270;268;289.207;289.062;70;264.597;0;1;;;1710.27;1;1
1321;0.4;52.309;31.3;8.53901;39.9826;31.3;182;307.075;268.786;265;360;270;268;289.207;289.207;70;264.597;0;1;;;1709.72;1;1
1322;0.4;52.1354;31.3;8.56534;39.9826;31.3;180;307.046;268.764;265;360;270;268;289.207;289.207;70;264.597;0;1;;;1706.87;1;1
1323;0.4;51.9155;31.3;8.49291;39.9826;31.3;183;307.161;268.743;265;360;270;268;289.207;289.207;70;264.597;0;1;;;1705.23;1;1
1324;0.4;51.7245;31.3;8.4436;40.0839;31.3;180;307.277;268.736;265;360;270;268;289.207;289.207;70;264.597;0;1;;;1705.23;1;1
1325;0.4;52.338;31.3;8.54374;40.0839;31.3;182;306.626;268.808;265;360;270;268;289.207;289.207;70;264.601;0;1;;;1703.47;1;1
1326;0.4;52.6418;31.3;8.57494;39.9797;31.3;181;307.046;268.815;265;360;270;268;289.352;289.207;70;264.61;0;1;;;1703.17;1;1
1327;0.4;52.5405;31.3;8.52174;39.8785;31.3;196;306.525;268.786;265;360;270;268;289.207;289.062;70;264.617;0;1;;;1702.62;1;1
1328;0.4;52.3351;31.3;8.48842;39.9826;31.3;198;306.481;268.772;265;360;270;268;289.207;289.062;70;264.621;0;1;;;1699.88;1;1
1329;0.4;52.2367;31.3;8.50896;40.0839;31.3;198;306.843;268.757;265;360;270;268;289.207;289.207;70;264.624;0;1;;;1699.88;1;1
1330;0.4;52.0312;31.3;8.43914;39.8814;31.3;198;306.366;268.736;265;360;270;268;289.207;289.207;70;264.627;0;1;;;1698.79;1;1
1331;0.4;51.9271;31.3;8.40411;39.6759;31.3;200;306.713;268.75;265;360;270;268;289.062;289.062;70;264.635;0;1;;;1697.96;1;1
1332;0.4;52.0312;31.3;8.42096;39.6759;31.3;195;306.525;268.815;265;360;270;268;289.207;289.062;70;264.642;0;1;;;1697.96;1;1
1333;0.4;52.1354;31.3;8.41961;39.8785;31.3;195;306.51;268.793;265;360;270;268;289.207;289.207;70;264.648;0;1;;;1695.77;1;1
1334;0.4;52.1354;31.3;8.41961;39.9797;31.3;194;306.641;268.772;265;360;270;268;289.207;289.207;70;264.654;0;1;;;1695.61;1;1
1335;0.4;51.7303;31.3;8.35419;39.8785;31.3;193;306.698;268.75;265;360;270;268;289.207;289.352;70;264.658;0;1;;;1694.51;1;1
1336;0.4;51.8547;31.3;8.26557;39.8814;31.3;187;306.641;268.736;265;360;270;268;289.352;289.207;70;264.658;0;1;;;1691.78;1;1
1337;0.4;52.2367;31.3;8.39947;39.9826;31.3;177;306.612;268.801;265;360;270;268;289.352;289.207;70;264.656;0;1;;;1691.23;1;1
1338;0.4;52.0312;31.4;8.71969;40.0839;31.3;180;306.568;268.808;265;360;270;268;289.352;289.207;70;264.659;0;1;;;1691.23;1;1
1339;0.4;51.93;31.4;8.63013;39.8727;31.3;182;306.496;268.786;265;360;270;268;289.352;289.207;70;264.664;0;1;;;1687.4;1;1
1340;0.4;52.1354;31.4;8.64606;39.7772;31.3;183;306.467;268.764;265;360;270;268;289.352;289.207;70;264.666;0;1;;;1686.86;1;1
1341;0.4;52.1065;31.4;8.65946;39.8785;31.3;183;306.597;268.743;265;360;270;268;289.352;289.207;70;264.665;0;1;;;1685.76;1;1
1342;0.4;52.2338;31.4;8.64413;39.8814;31.4;179;306.713;268.743;265;360;270;268;289.207;289.207;70;264.66;0;1;;;1685.2;1;1
1343;0.4;51.9473;31.4;8.61487;39.9682;31.4;180;306.67;268.793;265;360;270;268;289.352;289.207;70;264.657;0;1;;;1685.2;1;1
1344;0.4;52.1383;31.4;8.62833;40.0839;31.4;182;306.713;268.815;265;360;270;268;289.352;289.352;70;264.657;0;1;;;1684.55;1;1
1345;0.4;51.93;31.4;8.50312;40.0839;31.4;174;306.814;268.793;265;360;270;268;289.352;289.207;70;264.655;0;1;;;1681.27;1;1
1346;0.4;52.1528;31.4;8.6125;39.8814;31.4;180;306.149;268.772;265;360;270;268;289.352;289.207;70;264.66;0;1;;;1680.18;1;1
1347;0.4;52.5318;31.4;8.65675;39.8785;31.4;192;306.076;268.75;265;360;270;268;289.352;289.207;70;264.662;0;1;;;1679.61;1;1
1348;0.4;52.6447;31.4;8.65695;39.7772;31.4;196;306.004;268.736;265;360;270;268;289.352;289.207;70;264.666;0;1;;;1677.98;1;1
1349;0.4;52.4392;31.4;8.58651;39.7772;31.4;195;306.12;268.779;265;360;270;268;289.352;289.207;70;264.669;0;1;;;1677.98;1;1
1350;0.4;52.4566;31.4;8.58935;39.9826;31.4;196;306.322;268.808;265;360;270;268;289.497;289.352;70;264.672;0;1;;;1675.8;1;1
1351;0.4;52.5405;31.4;8.62147;40.2865;31.4;196;306.178;268.786;265;360;270;268;289.497;289.352;70;264.675;0;1;;;1674.16;1;1
1352;0.4;52.1325;31.4;8.49986;40.081;31.4;196;306.076;268.764;265;360;270;268;289.352;289.207;70;264.678;0;1;;;1674.16;1;1
1353;0.4;51.93;31.4;8.46684;39.8814;31.4;195;305.99;268.743;265;360;270;268;289.497;289.352;70;264.686;0;1;;;1671.98;1;1
1354;0.4;52.1441;31.4;8.46531;39.9971;31.4;196;306.062;268.757;265;360;270;268;289.497;289.207;70;264.696;0;1;;;1671.98;1;1
1355;0.4;51.9444;31.4;8.4329;39.8814;31.4;197;306.192;268.815;265;360;270;268;289.497;289.352;70;264.708;0;1;;;1671.98;1;1
1356;0.4;52.1354;31.4;8.42748;39.7772;31.4;192;306.207;268.793;265;360;270;268;289.497;289.352;70;264.718;0;1;;;1670.87;1;1
1357;0.4;52.1325;31.4;8.44522;40.0203;31.4;186;306.236;268.779;265;360;270;268;289.497;289.352;70;264.728;0;1;;;1670.33;1;1
1358;0.4;52.5926;31.4;8.5565;40.0839;31.4;187;306.221;268.757;265;360;270;268;289.497;289.352;70;264.738;0;1;;;1669.24;1;1
1359;0.4;52.2367;31.5;8.78026;40.1852;31.4;183;306.134;268.743;265;360;270;268;289.497;289.207;70;264.748;0;1;;;1668.7;1;1
1360;0.4;51.93;31.5;8.7287;40.0839;31.4;182;305.961;268.757;265;360;270;268;289.352;289.207;70;264.765;0;1;;;1668.6;1;1
1361;0.4;52.1354;31.5;8.74502;40.1852;31.4;182;306.019;268.815;265;360;270;268;289.497;289.352;70;264.781;0;1;;;1666.97;1;1
1362;0.4;52.1325;31.5;8.72632;40.1852;31.4;182;306.149;268.801;265;360;270;268;289.497;289.352;70;264.794;0;1;;;1664.25;1;1
1363;0.4;51.8113;31.5;8.67256;39.8785;31.4;177;306.322;268.779;265;360;270;268;289.497;289.207;70;264.809;0;1;;;1664.25;1;1
1364;0.4;51.8287;31.5;8.65734;40.0839;31.4;174;306.134;268.743;265;360;270;268;289.352;289.207;70;264.819;0;1;;;1663.17;1;1
1365;0.4;51.7274;31.5;8.67659;40.2431;31.4;173;306.019;268.757;265;360;270;268;289.497;289.207;70;264.83;0;1;;;1662.08;1;1
1366;0.4;51.8287;31.5;8.65734;40.1852;31.4;168;306.004;268.815;265;360;270;268;289.497;289.352;70;264.845;0;1;;;1661.54;1;1
1367;0.4;52.0891;31.5;8.66444;40.2836;31.4;161;306.163;268.808;265;360;270;268;289.497;289.352;70;264.863;0;1;;;1659.57;1;1
1368;0.4;52.2367;31.5;8.68899;40.1852;31.4;160;306.25;268.786;265;360;270;268;289.641;289.497;70;264.879;0;1;;;1659.57;1;1
1369;0.4;52.0284;31.5;8.65434;40.1852;31.4;159;306.25;268.764;265;360;270;268;289.497;289.352;70;264.893;0;1;;;1658.31;1;1
1370;0.4;52.1325;31.5;8.61703;40.2865;31.4;155;306.163;268.743;265;360;270;268;289.497;289.352;70;264.905;0;1;;;1655.02;1;1
1371;0.4;51.8982;31.5;8.61455;40.3877;31.4;148;306.062;268.743;265;360;270;268;289.497;289.352;70;264.922;0;1;;;1654.48;1;1
1372;0.4;52.0341;31.5;8.61894;40.1852;31.5;145;305.454;268.808;265;360;270;268;289.497;289.352;70;264.936;0;1;;;1654.48;1;1
1373;0.4;52.0312;31.5;8.60029;40.3877;31.5;147;305.382;268.815;265;360;270;268;289.497;289.352;70;264.955;0;1;;;1652.75;1;1
1374;0.4;52.037;31.5;8.58307;40.489;31.5;145;305.425;268.793;265;360;270;268;289.352;289.497;70;264.972;0;1;;;1652.75;1;1
1375;0.4;52.1325;31.5;8.63524;40.5903;31.5;146;305.541;268.772;265;360;270;268;289.352;289.352;70;264.986;0;1;;;1651.41;1;1
1376;0.4;52.4421;31.5;8.64988;40.5498;31.5;143;305.628;268.743;265;360;270;268;289.497;289.352;70;264.999;0;1;;;1647.59;1;1
1377;0.4;52.338;31.5;8.59613;40.489;31.5;141;305.165;268.764;265;360;270;268;289.497;289.352;70;265.01;0;1;;;1647.59;1;1
1378;0.4;52.1325;31.5;8.56239;40.5903;31.5;137;305.049;268.815;265;360;270;268;289.497;289.352;70;265.021;0;1;;;1646.5;1;1
1379;0.4;52.4161;31.5;8.57232;40.489;31.4;137;304.991;268.793;265;360;270;268;289.497;289.352;70;265.03;0;1;"CUSN6       ";;1646.5;1;1
1380;0.4;52.1354;31.5;8.59929;40.3906;31.4;140;305.078;268.779;265;360;270;268;289.497;289.352;70;265.038;0;1;"CUSN6       ";;1646.5;1;1
1381;0.4;52.3698;31.5;8.56474;40.0839;31.4;140;304.514;268.757;265;360;270;268;289.497;289.497;70;265.045;0;1;;;1643.68;1;1
1382;0.4;52.6418;31.5;8.62762;40.1852;31.4;143;304.586;268.736;265;360;270;268;289.497;289.497;70;265.046;0;1;;;1643.14;1;1
1383;0.4;52.4392;31.5;8.5761;40.3877;31.4;148;304.557;268.764;265;360;270;268;289.497;289.497;70;265.052;0;1;"CUSN6       ";;1642.6;1;1
1384;0.4;52.3177;31.6;8.87488;40.5903;31.4;146;304.123;268.815;265;360;270;268;289.497;289.352;70;265.057;0;1;;;1639.9;1;1
1385;0.4;51.93;31.5;8.47468;40.2894;31.4;146;304.036;268.801;265;360;270;268;289.497;289.497;70;265.062;0;1;;;1639;1;1
1386;0.4;52.1325;31.6;8.84346;40.2865;31.4;148;303.964;268.779;265;360;270;268;289.497;289.352;70;265.066;0;1;;;1637.92;1;1
1387;0.4;52.364;31.6;8.84615;40.3877;31.4;152;303.299;268.757;265;360;270;268;289.497;289.497;70;265.07;0;1;;;1635.72;1;1
1388;0.4;52.6418;31.5;8.60923;40.5729;31.4;151;303.342;268.743;265;360;270;268;289.497;289.497;70;265.076;0;1;;;1635.72;1;1
1389;0.4;52.5405;31.5;8.51925;40.3877;31.4;150;303.443;268.764;265;360;270;268;289.497;289.497;70;265.086;0;1;;;1634.1;1;1
1390;0.4;52.338;31.6;8.84175;40.1852;31.4;157;303.487;268.815;265;360;270;268;289.641;289.497;70;265.093;0;1;;;1633.03;1;1
1391;0.4;52.1296;31.5;8.47084;40.0839;31.4;161;303.183;268.793;265;360;270;268;289.641;289.497;70;265.101;0;1;;;1633.03;1;1
1392;0.4;52.1325;31.5;8.47131;40.1852;31.4;161;303.096;268.772;265;360;270;268;289.641;289.641;70;265.11;0;1;;;1630.09;1;1
1393;0.4;52.338;31.5;8.52297;40.489;31.4;167;302.995;268.757;265;360;270;268;289.641;289.497;70;265.115;0;1;;;1628.48;1;1
1394;0.4;52.5434;31.5;8.53807;40.4688;31.4;168;302.937;268.736;265;360;270;268;289.641;289.497;70;265.125;0;1;;;1627.94;1;1
1395;0.4;52.2338;31.5;8.43302;40.1852;31.4;165;303.096;268.801;265;360;270;268;289.497;289.497;70;265.133;0;1;;;1626.16;1;1
1396;0.4;52.3409;31.5;8.50516;40.0029;31.4;165;302.72;268.808;265;360;270;268;289.497;289.497;70;265.138;0;1;;;1626.16;1;1
1397;0.4;52.1586;31.5;8.42088;40.2865;31.4;165;302.691;268.793;265;360;270;268;289.497;289.497;70;265.144;0;1;;;1625.27;1;1
1398;0.4;52.5492;31.5;8.5023;40.4919;31.3;168;302.677;268.772;265;360;270;268;289.497;289.497;70;265.151;0;1;;;1623.66;1;1
1399;0.4;52.2367;31.5;8.41524;40.5932;31.3;174;302.619;268.75;265;360;270;268;289.497;289.497;70;265.156;0;1;;;1623.12;1;1
1400;0.4;52.1354;31.5;8.45356;40.2691;31.3;171;302.517;268.736;265;360;270;268;289.497;289.497;70;265.158;0;1;;;1622.58;1;1
1401;0.4;52.5116;31.5;8.49621;40.1823;31.3;170;302.474;268.801;265;360;270;268;289.497;289.352;70;265.157;0;1;;;1618.89;1;1
1402;0.4;52.5434;31.5;8.46465;40.4253;31.3;169;302.431;268.815;265;360;270;268;289.497;289.352;70;265.162;0;1;;;1618.89;1;1
1403;0.4;52.4392;31.5;8.41121;40.4022;31.3;169;302.474;268.793;265;360;270;268;289.497;289.352;70;265.166;0;1;;;1617.81;1;1
1404;0.4;52.5405;31.5;8.46418;40.2865;31.3;167;302.619;268.772;265;360;270;268;289.497;289.497;70;265.17;0;1;;;1616.02;1;1
1405;0.4;52.1325;31.5;8.32559;40.0839;31.3;169;302.705;268.75;265;360;270;268;289.497;289.352;70;265.173;0;1;;;1616.02;1;1
1406;0.4;51.5278;31.5;8.24701;40.2865;31.3;168;302.72;268.736;265;360;270;268;289.497;289.352;70;265.176;0;1;;;1613.33;1;1
1407;0.4;51.7245;31.5;8.26043;40.4803;31.3;163;302.604;268.793;265;360;270;268;289.497;289.497;70;265.174;0;1;;;1613.33;1;1
1408;0.4;51.93;31.5;8.29324;40.3443;31.3;161;302.517;268.808;265;360;270;268;289.497;289.352;70;265.175;0;1;;;1612.8;1;1
1409;0.4;52.1354;31.5;8.30783;40.3617;31.3;161;302.459;268.786;265;360;270;268;289.497;289.352;70;265.176;0;1;;;1610.65;1;1
1410;0.4;52.0284;31.5;8.29077;40.1852;31.3;161;302.633;268.757;265;360;270;268;289.497;289.497;70;265.178;0;1;;;1610.11;1;1
1411;0.4;52.1325;31.5;8.25274;40.1852;31.3;159;302.763;268.736;265;360;270;268;289.497;289.497;70;265.177;0;1;;;1609.58;1;1
1412;0.4;52.2367;31.5;8.30572;40.489;31.3;158;302.85;268.772;265;360;270;268;289.497;289.497;70;265.18;0;1;;;1607.43;1;1
1413;0.4;52.338;31.5;8.34011;40.5932;31.3;160;302.894;268.815;265;360;270;268;289.641;289.497;70;265.178;0;1;;;1607.43;1;1
1414;0.4;52.4363;31.5;8.28252;40.489;31.3;159;302.85;268.793;265;360;270;268;289.641;289.497;70;265.18;0;1;;;1605.82;1;1
1415;0.4;52.1325;31.5;8.21629;40.3906;31.3;155;302.749;268.772;265;360;270;268;289.641;289.497;70;265.177;0;1;;;1604.46;1;1
1416;0.4;52.338;31.5;8.28526;40.3877;31.3;156;302.402;268.764;265;360;270;268;289.641;289.497;70;265.177;0;1;;;1604.46;1;1
1417;0.4;52.338;31.5;8.23038;40.5903;31.3;154;302.662;268.736;265;360;270;268;289.641;289.497;70;265.171;0;1;;;1602.57;1;1
1418;0.4;52.0312;31.5;8.20033;40.3877;31.3;161;301.968;268.779;265;360;270;268;289.641;289.641;70;265.164;0;1;;;1602.57;1;1
1419;0.4;51.8837;31.5;8.15894;40.489;31.3;163;302.083;268.808;265;360;270;268;289.641;289.497;70;265.161;0;1;;;1602.04;1;1
1420;0.4;52.2367;31.5;8.19621;40.5787;31.3;162;302.199;268.786;265;360;270;268;289.641;289.497;70;265.161;0;1;;;1600.67;1;1
1421;0.4;52.5145;31.5;8.25814;40.6944;31.3;176;302.141;268.764;265;360;270;268;289.641;289.497;70;265.158;0;1;;;1600.67;1;1
1422;0.4;52.6418;31.5;8.27816;40.5903;31.3;177;302.04;268.743;265;360;270;268;289.641;289.497;70;265.156;0;1;;;1599.6;1;1
1423;0.4;52.338;31.5;8.2121;40.3154;31.3;175;301.939;268.743;265;360;270;268;289.641;289.497;70;265.149;0;1;;;1596.64;1;1
1424;0.4;52.1267;31.5;8.17896;40.0839;31.3;180;301.939;268.808;265;360;270;268;289.641;289.497;70;265.147;0;1;;;1596.14;1;1
1425;0.4;51.875;31.5;8.08509;40.2865;31.3;183;302.025;268.808;265;360;270;268;289.641;289.497;70;265.141;0;1;;;1594.54;1;1
1426;0.4;52.1325;31.5;8.07059;40.1823;31.2;183;302.17;268.779;265;360;270;268;289.641;289.497;70;265.138;0;1;;;1594.54;1;1
1427;0.4;52.2367;31.5;8.10497;40.0839;31.2;183;302.228;268.772;265;360;270;268;289.641;289.497;70;265.141;0;1;;;1594.54;1;1
1428;0.4;52.2367;31.5;8.12322;40.0839;31.2;183;302.04;268.736;265;360;270;268;289.641;289.641;70;265.146;0;1;;;1592.31;1;1
1429;0.4;52.2454;31.5;8.08806;39.9797;31.2;184;301.939;268.757;265;360;270;268;289.786;289.641;70;265.152;0;1;;;1590.63;1;1
1430;0.4;52.338;31.5;8.1024;40.0839;31.2;184;301.939;268.815;265;360;270;268;289.786;289.497;70;265.154;0;1;;;1590.63;1;1
1431;0.4;52.1383;31.5;8.07149;40.4427;31.2;184;302.633;268.801;265;360;270;268;289.786;289.641;70;265.153;0;1;;;1587.62;1;1
1432;0.4;51.93;31.5;8.02107;40.3877;31.2;179;302.691;268.779;265;360;270;268;289.931;289.641;70;265.156;0;1;;;1587.62;1;1
1433;0.4;51.7274;31.5;8.00788;40.5932;31.2;171;302.734;268.757;265;360;270;268;289.786;289.641;70;265.152;0;1;;;1587.62;1;1
1434;0.4;51.8287;31.5;8.00543;40.7957;31.2;167;302.778;268.743;265;360;270;268;289.931;289.641;70;265.158;0;1;;;1584.41;1;1
1435;0.4;51.9387;31.5;8.02241;40.6944;31.2;173;302.72;268.75;265;360;270;268;289.786;289.641;70;265.157;0;1;;;1583.88;1;1
1436;0.4;52.4074;31.5;7.96666;40.489;31.2;178;302.59;268.815;265;360;270;268;289.786;289.641;70;265.159;0;1;;;1582.81;1;1
1437;0.4;52.4219;31.5;8.06042;40.489;31.2;178;302.532;268.801;265;360;270;268;289.786;289.641;70;265.156;0;1;;;1582.51;1;1
1438;0.4;52.4392;31.5;7.98982;40.5874;31.2;174;302.431;268.779;265;360;270;268;289.786;289.641;70;265.153;0;1;;;1581.98;1;1
1439;0.4;52.5405;31.5;8.07866;40.5932;31.2;170;302.431;268.757;265;360;270;268;289.786;289.641;70;265.147;0;1;;;1580.92;1;1
1440;0.4;52.6418;31.5;8.02068;40.2865;31.2;168;302.459;268.736;265;360;270;268;289.786;289.497;70;265.142;0;1;;;1580.38;1;1
1441;0.4;52.5405;31.5;7.95016;40.2865;31.2;170;303.139;268.764;265;360;270;268;289.931;289.786;70;265.137;0;1;;;1579.32;1;1
1442;0.4;52.5405;31.5;7.96854;40.5064;31.2;160;303.212;268.815;265;360;270;268;289.931;289.641;70;265.133;0;1;;;1575.87;1;1
1443;0.4;52.6418;31.5;7.9839;40.3009;31.2;160;303.139;268.793;265;360;270;268;289.786;289.641;70;265.13;0;1;;;1575.85;1;1
1444;0.4;52.6389;31.5;7.89149;40.1852;31.2;159;303.024;268.374;265;360;270;268;289.786;289.641;70;265.126;0;1;;;1575.05;1;1
1445;0.4;52.7402;31.5;7.99882;40.3877;31.2;158;302.937;268.757;265;360;270;268;289.931;289.786;70;265.123;0;1;;;1574.52;1;1
1446;0.4;52.445;31.5;7.91739;40.6829;31.2;158;303.096;268.743;265;360;270;268;289.786;289.786;70;265.121;0;1;;;1574.52;1;1
1447;0.4;52.3582;31.5;7.83112;40.5903;31.2;158;303.197;268.801;265;360;270;268;289.931;289.786;70;265.119;0;1;;;1572.4;1;1
1448;0.4;52.1643;31.5;7.83857;40.489;31.2;162;303.212;268.627;265;360;270;268;289.931;289.786;70;265.114;0;1;;;1569.74;1;1
1449;0.4;51.9502;31.5;7.78825;40.4919;31.2;159;303.082;268.62;265;360;270;268;289.931;289.641;70;265.108;0;1;;;1569.21;1;1
1450;0.4;52.2338;31.5;7.84901;40.2865;31.2;161;302.98;268.613;265;360;270;268;289.786;289.641;70;265.099;0;1;;;1566.03;1;1
1451;0.4;52.2367;31.5;7.7947;40.3877;31.2;163;302.937;268.576;265;360;270;268;289.786;289.641;70;265.088;0;1;;;1565.89;1;1
1452;0.4;52.2512;31.5;7.76035;40.2431;31.2;162;303.053;268.598;265;360;270;268;289.931;289.641;70;265.078;0;1;;;1565.63;1;1
1453;0.4;52.1962;31.5;7.78865;40.3877;31.2;163;303.183;268.533;265;360;270;268;289.786;289.641;70;265.07;0;1;;;1563.5;1;1
1454;0.4;52.4479;31.5;7.78957;40.3877;31.2;165;303.197;268.497;265;360;270;268;289.786;289.497;70;265.062;0;1;;;1563.5;1;1
1455;0.4;52.5;31.5;7.79731;40.5498;31.2;167;303.183;268.374;265;360;270;268;289.786;289.786;70;265.055;0;1;;;1561.91;1;1
1456;0.4;52.5434;31.5;7.78537;40.463;31.2;167;303.009;268.547;265;360;270;268;289.786;289.641;70;265.049;0;1;;;1560.32;1;1
1457;0.4;52.364;31.5;7.75879;40.3877;31.2;175;302.937;268.562;265;360;270;268;289.786;289.641;70;265.044;0;1;;;1560.32;1;1
1458;0.4;52.7459;31.5;7.77853;40.1852;31.2;181;302.951;268.453;265;360;270;268;289.641;289.641;70;265.039;0;1;;;1558.73;1;1
1459;0.4;52.6418;31.5;7.74478;40.1852;31.2;181;303.168;268.547;265;360;270;268;289.786;289.641;70;265.035;0;1;;;1556.89;1;1
1460;0.4;52.934;31.5;7.76928;40.081;31.2;182;303.183;268.446;265;360;270;268;289.641;289.641;70;265.031;0;1;;;1556.89;1;1
1461;0.4;52.8472;31.5;7.73808;40.1852;31.2;183;303.168;268.439;265;360;270;268;289.786;289.786;70;265.031;0;1;;;1555.8;1;1
1462;0.4;52.6418;31.5;7.74478;40.2865;31.2;182;303.067;268.432;265;360;270;268;289.786;289.786;70;265.031;0;1;;;1555.27;1;1
1463;0.4;52.338;31.5;7.64523;40.2865;31.2;183;302.966;268.417;265;360;270;268;289.786;289.786;70;265.036;0;1;"CUSN6       ";;1554.77;1;1
1464;0.4;52.1325;31.5;7.59701;40.5903;31.2;183;302.951;268.403;265;360;270;268;289.786;289.641;70;265.039;0;1;;;1552.04;1;1
1465;0.4;52.2367;31.5;7.59394;40.5903;31.2;188;303.053;268.417;265;360;270;268;289.786;289.641;70;265.046;0;1;;;1551.51;1;1
1466;0.4;52.5405;31.5;7.61973;40.489;31.2;187;303.168;268.432;265;360;270;268;289.786;289.786;70;265.048;0;1;;;1550.98;1;1
1467;0.4;52.338;31.5;7.55379;40.3877;31.2;190;303.139;268.504;265;360;270;268;289.786;289.641;70;265.053;0;1;;;1549.25;1;1
1468;0.4;52.6418;31.5;7.59764;40.1852;31.2;190;303.024;268.497;265;360;270;268;289.786;289.786;70;265.058;0;1;;;1548.19;1;1
1469;0.4;52.5405;31.5;7.58302;40.2865;31.2;187;302.995;268.497;265;360;270;268;289.931;289.641;70;265.062;0;1;;;1546.08;1;1
1470;0.4;52.338;31.5;7.55379;40.1852;31.2;186;302.995;268.439;265;360;270;268;289.786;289.641;70;265.067;0;1;;;1544.11;1;1
1471;0.4;52.1325;31.5;7.50593;40.1852;31.2;190;303.255;268.453;265;360;270;268;289.786;289.641;70;265.071;0;1;;;1544.11;1;1
1472;0.4;52.1354;31.5;7.48813;40.2865;31.2;190;303.892;268.381;265;360;270;268;289.786;289.641;70;265.074;0;1;;;1542.33;1;1
1473;0.4;52.3582;31.5;7.52013;40.3877;31.2;178;303.877;268.388;265;360;270;268;289.786;289.641;70;265.08;0;1;;;1541.8;1;1
1474;0.4;52.5637;31.5;7.53127;40.489;31.2;174;303.805;268.381;265;360;270;268;289.786;289.786;70;265.082;0;1;;;1541.27;1;1
1475;0.4;51.9358;31.5;7.44131;40.1852;31.2;175;303.689;268.381;265;360;270;268;289.786;289.641;70;265.084;0;1;;;1539.69;1;1
1476;0.4;52.0312;31.5;7.40046;40.3877;31.2;174;303.545;268.417;265;360;270;268;289.786;289.641;70;265.086;0;1;;;1539.69;1;1
1477;0.4;52.2367;31.5;7.41141;40.489;31.2;162;303.472;268.41;265;360;270;268;289.931;289.786;70;265.093;0;1;;;1538.11;1;1
1478;0.4;52.338;31.5;7.44408;40.6019;31.2;160;303.53;268.396;265;360;270;268;289.931;289.786;70;265.096;0;1;;;1536;1;1
1479;0.4;52.5405;31.5;7.4178;40.897;31.2;166;304.109;268.388;265;360;270;268;289.931;289.786;70;265.102;0;1;;;1536;1;1
1480;0.4;52.717;31.5;7.44272;40.5903;31.2;161;304.21;268.367;265;360;270;268;289.931;289.786;70;265.104;0;1;;;1535.47;1;1
1481;0.4;52.6418;31.5;7.4321;40.489;31.2;150;304.196;268.359;265;360;270;268;289.931;289.786;70;265.107;0;1;;;1534.95;1;1
1482;0.4;52.7431;31.5;7.42797;40.489;31.2;147;304.094;268.345;265;360;270;268;289.931;289.786;70;265.112;0;1;;;1534.09;1;1
1483;0.4;52.6389;31.5;7.41331;40.1852;31.2;150;303.993;268.352;265;360;270;268;289.786;289.641;70;265.115;0;1;;;1530.93;1;1
1484;0.4;52.8472;31.5;7.40572;40.3877;31.2;146;303.964;268.403;265;360;270;268;289.786;289.786;70;265.117;0;1;;;1530.41;1;1
1485;0.4;52.3061;31.5;7.40299;40.5787;31.2;146;304.065;268.424;265;360;270;268;289.931;289.641;70;265.117;0;1;;;1530.41;1;1
1486;0.4;52.0341;31.5;7.29178;40.7957;31.2;147;304.21;268.396;265;360;270;268;289.786;289.641;70;265.115;0;1;;;1528.83;1;1
1487;0.4;52.2367;31.5;7.28367;40.6916;31.2;142;303.747;268.388;265;360;270;268;289.786;289.641;70;265.116;0;1;;;1528.3;1;1
1488;0.4;52.6418;31.5;7.32176;40.6916;31.2;140;303.631;268.374;265;360;270;268;289.786;289.641;70;265.115;0;1;;;1526.63;1;1
1489;0.4;52.5405;31.5;7.25259;40.3877;31.2;151;303.328;268.584;265;360;270;268;289.786;289.641;70;265.116;0;1;;;1525.16;1;1
1490;0.4;52.3061;31.5;7.18369;40.1852;31.2;151;303.284;268.569;265;360;270;268;289.786;289.641;70;265.114;0;1;;;1524.93;1;1
1491;0.4;52.4392;31.5;7.22029;40.2836;31.2;146;303.27;268.562;265;360;270;268;289.786;289.641;70;265.113;0;1;;;1522.3;1;1
1492;0.4;52.4392;31.4;6.88258;40.1823;31.2;147;303.371;268.62;265;360;270;268;289.786;289.641;70;265.112;0;1;;;1522.22;1;1
1493;0.4;52.2367;31.4;6.80125;40.0839;31.2;148;303.385;268.62;265;360;270;268;289.931;289.641;70;265.11;0;1;;;1521.17;1;1
1494;0.4;52.4392;31.4;6.86426;40.2865;31.2;154;303.487;268.613;265;360;270;268;289.786;289.641;70;265.109;0;1;;;1519.19;1;1
1495;0.4;52.3524;31.4;6.81632;40.4543;31.2;153;303.487;268.584;265;360;270;268;289.786;289.497;70;265.108;0;1;"CUSN6       ";;1519.19;1;1
1496;0.4;52.7575;31.4;6.85063;40.489;31.2;153;303.429;268.576;265;360;270;268;289.641;289.641;70;265.108;0;1;;;1518.67;1;1
1497;0.4;52.8472;31.4;6.86228;40.5932;31.2;155;303.024;268.54;265;360;270;268;289.786;289.641;70;265.107;0;1;;;1516.94;1;1
1498;0.4;52.2338;31.4;6.70961;40.6916;31.2;165;302.937;268.533;265;360;270;268;289.786;289.641;70;265.109;0;1;;;1516.26;1;1
1499;0.4;52.1325;31.4;6.67839;40.7552;31.2;165;303.009;268.526;265;360;270;268;289.786;289.641;70;265.108;0;1;;;1514.39;1;1
1500;0.4;52.2367;31.4;6.76476;40.5874;31.2;168;303.139;268.547;265;360;270;268;289.786;289.641;70;265.108;0;1;;;1513.54;1;1
1501;0.4;52.338;31.4;6.64986;40.489;31.2;167;303.212;268.569;265;360;270;268;289.786;289.641;70;265.107;0;1;;;1513.01;1;1
1502;0.4;52.6418;31.4;6.68846;40.7957;31.2;168;303.125;268.591;265;360;270;268;289.786;289.641;70;265.106;0;1;;;1510.4;1;1
1503;0.4;52.9456;31.4;6.74556;40.7957;31.2;167;303.024;268.591;265;360;270;268;289.786;289.786;70;265.105;0;1;;;1510.4;1;1
1504;0.4;52.6418;31.4;6.68846;40.897;31.2;168;302.937;268.576;265;360;270;268;289.786;289.641;70;265.105;0;1;;;1509.87;1;1
1505;0.4;52.4392;31.4;6.60774;40.5903;31.2;169;302.98;268.54;265;360;270;268;289.641;289.641;70;265.104;0;1;;;1508.78;1;1
1506;0.4;52.6447;31.4;6.65205;40.408;31.2;167;303.082;268.54;265;360;270;268;289.786;289.641;70;265.103;0;1;;;1508.78;1;1
1507;0.4;52.7431;31.4;6.6276;40.7957;31.2;170;303.197;268.533;265;360;270;268;289.786;289.641;70;265.103;0;1;;;1505.61;1;1
1508;0.4;52.8472;31.4;6.60377;40.7957;31.2;170;303.154;268.526;265;360;270;268;289.786;289.641;70;265.106;0;1;;;1505.61;1;1
1509;0.4;52.419;31.4;6.55026;40.5903;31.2;170;303.067;268.526;265;360;270;268;289.786;289.786;70;265.105;0;1;;;1505.61;1;1
1510;0.4;52.4392;31.4;6.57111;40.5903;31.2;169;302.966;268.555;265;360;270;268;289.786;289.641;70;265.104;0;1;;;1502.53;1;1
1511;0.4;52.5029;31.4;6.5424;40.4861;31.1;170;302.951;268.598;265;360;270;268;289.786;289.641;70;265.104;0;1;;;1502.53;1;1
1512;0.4;52.2396;31.4;6.45484;40.5903;31.1;169;303.067;268.605;265;360;270;268;289.786;289.641;70;265.103;0;1;;;1501.77;1;1
1513;0.4;52.4392;31.4;6.47951;40.5903;31.1;171;303.183;268.613;265;360;270;268;289.786;289.641;70;265.103;0;1;;;1500.72;1;1
1514;0.4;52.7691;31.4;6.50183;40.489;31.1;170;303.197;268.605;265;360;270;268;289.786;289.641;70;265.103;0;1;;;1500.2;1;1
1515;0.4;52.5521;31.4;6.4751;40.489;31.1;170;303.111;268.591;265;360;270;268;289.786;289.641;70;265.103;0;1;;;1497.32;1;1
1516;0.4;52.5405;31.4;6.51038;40.3877;31.1;170;302.995;268.576;265;360;270;268;289.786;289.641;70;265.103;0;1;;;1496.59;1;1
1517;0.4;52.5376;31.4;6.45493;40.5903;31.1;169;302.937;268.562;265;360;270;268;289.786;289.641;70;265.103;0;1;;;1496.07;1;1
1518;0.4;52.4392;31.4;6.44285;40.6916;31.1;170;303.009;268.736;265;360;270;268;289.786;289.641;70;265.103;0;1;;;1492.96;1;1
1519;0.4;52.338;31.4;6.35727;40.5932;31.1;168;303.183;268.815;265;360;270;268;289.786;289.641;70;265.103;0;1;;;1492.96;1;1
1520;0.4;52.338;31.4;6.37555;40.5903;31.1;168;303.197;268.801;265;360;270;268;289.786;289.641;70;265.103;0;1;;;1492.96;1;1
1521;0.4;52.419;31.4;6.33049;40.5903;31.1;169;303.125;268.786;265;360;270;268;289.931;289.641;70;265.103;0;1;;;1490.42;1;1
1522;0.4;52.6447;31.4;6.37613;40.6916;31.1;167;303.009;268.764;265;360;270;268;289.786;289.786;70;265.103;0;1;;;1490.31;1;1
1523;0.4;52.7431;31.4;6.36962;40.6944;31.1;168;302.937;268.743;265;360;270;268;289.786;289.786;70;265.103;0;1;;;1487.43;1;1
1524;0.4;52.9485;31.4;6.35744;40.5903;31.1;167;302.951;268.736;265;360;270;268;289.931;289.786;70;265.103;0;1;;;1486.91;1;1
1525;0.4;53.0498;31.4;6.35104;40.5903;31.1;169;303.139;268.808;265;360;270;268;289.931;289.786;70;265.103;0;1;;;1486.41;1;1
1526;0.4;52.7459;31.4;6.29624;40.5903;31.1;169;303.212;268.808;265;360;270;268;289.931;289.786;70;265.102;0;1;;;1485.89;1;1
1527;0.4;52.6331;31.4;6.30116;40.489;31;167;303.111;268.779;265;360;270;268;289.931;289.786;70;265.1;0;1;;;1484.85;1;1
1528;0.4;52.7459;31.4;6.29624;40.3617;31;166;303.009;268.757;265;360;270;268;289.786;289.786;70;265.096;0;1;;;1484.33;1;1
1529;0.4;52.5434;31.4;6.217;40.3877;31;166;302.937;268.743;265;360;270;268;289.786;289.786;70;265.086;0;1;;;1481.21;1;1
1530;0.4;52.419;31.4;6.20228;40.5295;31;166;303.024;268.779;265;360;270;268;289.786;289.641;70;265.076;0;1;;;1480.69;1;1
1531;0.4;52.6852;31.4;6.17856;40.3877;31;166;303.139;268.815;265;360;270;268;289.786;289.641;70;265.065;0;1;;;1479.14;1;1
1532;0.4;53.0498;31.4;6.23985;40.3877;31;166;303.212;268.793;265;360;270;268;289.786;289.641;70;265.054;0;1;;;1478.1;1;1
1533;0.4;52.9659;31.4;6.17444;40.3877;31;171;303.125;268.772;265;360;270;268;289.786;289.641;70;265.042;0;1;;;1478.1;1;1
1534;0.4;52.5203;31.4;6.15922;40.3993;31;174;303.024;268.757;265;360;270;268;289.786;289.641;70;265.025;0;1;;;1477.34;1;1
1535;0.4;52.3669;31.4;6.15953;40.5903;31;173;302.937;268.736;265;360;270;268;289.786;289.641;70;265.012;0;1;;;1476.82;1;1
1536;0.4;52.3264;31.4;6.08162;40.3877;30.9;176;302.98;268.772;265;360;270;268;289.786;289.497;70;264.998;0;1;;;1475.79;1;1
1537;0.4;52.1267;31.4;6.11307;40.2865;30.9;180;303.125;268.815;265;360;270;268;289.786;289.641;70;264.987;0;1;;;1472.68;1;1
1538;0.4;52.338;31.4;6.08296;40.2865;30.9;182;303.197;268.793;265;360;270;268;289.786;289.786;70;264.974;0;1;;;1472.68;1;1
1539;0.4;52.5145;31.4;6.08513;40.3877;30.9;187;303.168;268.772;265;360;270;268;289.641;289.641;70;264.966;0;1;;;1471.12;1;1
1540;0.4;52.8472;31.4;6.12369;40.3877;30.9;192;303.067;268.75;265;360;270;268;289.786;289.641;70;264.958;0;1;;;1470.09;1;1
1541;0.4;52.4392;31.3;5.70207;40.2865;30.9;194;302.951;268.743;265;360;270;268;289.786;289.641;70;264.951;0;1;;;1469.5;1;1
1542;0.4;52.5405;31.3;5.71308;40.2894;30.9;196;302.951;268.801;265;360;270;268;289.786;289.786;70;264.945;0;1;;;1466.76;1;1
1543;0.4;52.4392;31.3;5.72039;40.136;30.9;202;303.082;268.808;265;360;270;268;289.786;289.641;70;264.941;0;1;;;1466.76;1;1
1544;0.4;52.338;31.3;5.67277;40.0839;30.9;205;303.197;268.793;265;360;270;268;289.786;289.786;70;264.936;0;1;;;1466.76;1;1
1545;0.4;52.5492;31.3;5.71402;39.9797;30.9;202;303.197;268.772;265;360;270;268;289.931;289.641;70;264.931;0;1;;;1465.2;1;1
1546;0.4;52.5405;31.3;5.67637;40.0839;30.8;204;303.082;268.75;265;360;270;268;289.786;289.786;70;264.928;0;1;;;1465.2;1;1
1547;0.4;52.4392;31.3;5.61045;40.3877;30.8;209;303.241;268.736;265;360;270;268;289.931;289.786;70;264.925;0;1;"CUSN6       ";;1463.5;1;1
1548;0.4;52.338;31.3;5.61792;40.4774;30.8;205;303.241;268.779;265;360;270;268;289.931;289.786;70;264.922;0;1;;;1460.92;1;1
1549;0.4;52.5376;31.3;5.56591;40.489;30.8;199;303.168;268.815;265;360;270;268;289.931;289.786;70;264.919;0;1;;;1460.4;1;1
1550;0.4;52.7459;31.3;5.66171;40.5903;30.8;200;304.022;268.793;265;360;270;268;289.931;289.786;70;264.914;0;1;;;1457.35;1;1
1551;0.4;52.3351;31.3;5.54445;40.353;30.8;206;304.152;268.772;265;360;270;268;289.931;289.786;70;264.913;0;1;;;1456.83;1;1
1552;0.4;52.4797;31.3;5.57811;40.1852;30.8;200;304.253;268.75;265;360;270;268;289.931;289.786;70;264.906;0;1;;;1456.32;1;1
1553;0.4;52.5405;31.3;5.60293;40.3877;30.8;188;304.21;268.736;265;360;270;268;289.931;289.786;70;264.902;0;1;;;1455.33;1;1
1554;0.4;52.7459;31.3;5.58798;40.3877;30.8;188;304.326;268.793;265;360;270;268;289.786;289.641;70;264.902;0;1;"CUSN6       ";;1455.33;1;1
1555;0.4;52.6939;31.3;5.50883;40.2865;30.8;193;304.253;268.808;265;360;270;268;289.786;289.641;70;264.902;0;1;"CUSN6       ";;1453.85;1;1
1556;0.4;52.827;31.3;5.5412;40.2865;30.8;187;304.21;268.786;265;360;270;268;289.931;289.641;70;264.9;0;1;;;1451.79;1;1
1557;0.4;52.7431;31.3;5.51398;40.3877;30.8;183;304.832;268.75;265;360;270;268;289.931;289.641;70;264.899;0;1;;;1450.76;1;1
1558;0.4;52.6389;31.3;5.4847;40.1823;30.8;179;305.107;268.743;265;360;270;268;289.931;289.786;70;264.902;0;1;;;1448.18;1;1
1559;0.4;52.2367;31.3;5.47929;40.2865;30.8;174;305.266;268.75;265;360;270;268;289.931;289.786;70;264.904;0;1;;;1448.18;1;1
1560;0.4;52.338;31.3;5.39847;40.489;30.8;165;305.252;268.786;265;360;270;268;289.931;289.786;70;264.903;0;1;;;1447.67;1;1
1561;0.4;52.4624;31.3;5.44795;40.489;30.8;162;305.093;268.808;265;360;270;268;289.931;289.786;70;264.912;0;1;;;1446.12;1;1
1562;0.4;52.5405;31.3;5.43771;40.489;30.8;165;305.006;268.786;265;360;270;268;289.931;289.786;70;264.916;0;1;;;1445.09;1;1
1563;0.4;52.4392;31.3;5.42723;40.489;30.8;162;305.02;268.764;265;360;270;268;289.786;289.786;70;264.925;0;1;;;1443.55;1;1
1564;0.4;52.3872;31.3;5.36694;40.489;30.8;160;305.122;268.743;265;360;270;268;289.931;289.786;70;264.936;0;1;;;1442;1;1
1565;0.4;52.6418;31.3;5.41141;40.3646;30.8;161;305.237;268.743;265;360;270;268;290.075;289.786;70;264.947;0;1;;;1441.49;1;1
1566;0.4;52.6476;31.3;5.37523;40.1852;30.8;162;305.223;268.793;265;360;270;268;290.075;289.786;70;264.956;0;1;;;1439.95;1;1
1567;0.4;52.6418;31.3;5.35625;40.081;30.8;160;305.122;268.815;265;360;270;268;290.075;289.931;70;264.962;0;1;;;1439.95;1;1
1568;0.4;52.5405;31.3;5.34594;40.2054;30.8;159;305.035;268.793;265;360;270;268;289.931;289.931;70;264.966;0;1;;;1439.95;1;1
1569;0.4;52.6418;31.3;5.31947;40.3877;30.8;159;304.76;268.772;265;360;270;268;290.075;289.931;70;264.97;0;1;;;1437.89;1;1
1570;0.4;53.0498;31.3;5.37922;40.1823;30.8;155;304.832;268.75;265;360;270;268;289.931;289.786;70;264.974;0;1;"CUSN6       ";;1437.51;1;1
1571;0.4;52.7431;31.3;5.31125;40.2894;30.8;159;304.933;268.736;265;360;270;268;290.075;289.931;70;264.977;0;1;;;1435.52;1;1
1572;0.4;52.5926;31.3;5.31449;40.3877;30.8;166;305.02;268.793;265;360;270;268;290.075;289.931;70;264.98;0;1;;;1434.5;1;1
1573;0.4;52.6418;31.3;5.31947;40.5903;30.8;161;305.006;269.17;265;360;270;268;290.075;289.931;70;264.982;0;1;;;1433.98;1;1
1574;0.4;52.4392;31.3;5.28065;40.3877;30.8;155;304.933;268.793;265;360;270;268;290.075;289.931;70;264.985;0;1;"CUSN6       ";;1432.96;1;1
1575;0.4;52.5781;31.3;5.2579;40.1852;30.8;153;304.861;268.772;265;360;270;268;290.075;289.931;70;264.99;0;1;;;1432.44;1;1
1576;0.4;52.1325;31.3;5.1405;39.9855;30.8;154;304.818;268.757;265;360;270;268;289.931;289.786;70;264.991;0;1;;;1430.39;1;1
1577;0.4;51.9907;31.3;5.14468;40.081;30.8;160;304.76;269.054;265;360;270;268;289.931;289.786;70;264.989;0;1;;;1427.33;1;1
1578;0.4;52.2917;31.3;5.17446;40.1852;30.8;158;303.993;269.047;265;360;270;268;289.931;289.786;70;264.985;0;1;;;1427.33;1;1
1579;0.4;52.3582;31.3;5.14446;40.1823;30.8;158;304.167;269.047;265;360;270;268;289.931;289.786;70;264.989;0;1;;;1427.33;1;1
1580;0.4;52.6418;31.3;5.13552;40.1852;30.8;165;304.253;269.018;265;360;270;268;289.931;289.931;70;264.985;0;1;;;1427.33;1;1
1581;0.4;52.6447;31.3;5.1358;39.8785;30.8;167;304.167;269.047;265;360;270;268;290.075;289.931;70;264.984;0;1;;;1426.3;1;1
1582;0.4;52.5376;31.3;5.16209;39.8785;30.8;167;304.08;269.025;265;360;270;268;290.075;290.075;70;264.989;0;1;;;1423.74;1;1
1583;0.4;52.3582;31.3;5.10785;39.9797;30.8;167;303.979;269.025;265;360;270;268;290.075;289.931;70;264.991;0;1;;;1423.41;1;1
1584;0.4;52.1267;31.3;5.08527;39.9392;30.8;168;304.065;268.974;265;360;270;268;290.075;289.931;70;264.992;0;1;;;1422.68;1;1
1585;0.4;52.0312;31.3;5.0396;39.9884;30.8;167;303.906;269.018;265;360;270;268;290.075;289.931;70;264.999;0;1;"CUSN6       ";;1421.66;1;1
1586;0.4;52.5116;31.2;4.74796;40.2865;30.8;179;303.458;268.967;265;360;270;268;290.075;290.075;70;265;0;1;;;1421.66;1;1
1587;0.4;52.7431;31.2;4.75046;40.489;30.8;187;304.008;269.047;265;360;270;268;290.075;289.931;70;265.003;0;1;;;1418.08;1;1
1588;0.4;52.8472;31.2;4.7783;40.3877;30.8;184;303.95;269.076;265;360;270;268;290.075;290.075;70;265.008;0;1;;;1418.08;1;1
1589;0.4;52.4392;31.2;4.68646;40.2633;30.8;177;303.863;269.018;265;360;270;268;290.075;290.075;70;265.011;0;1;;;1416.55;1;1
1590;0.4;52.3958;31.2;4.66428;40.3733;30.8;179;303.791;269.032;265;360;270;268;290.075;289.931;70;265.018;0;1;;;1415.04;1;1
1591;0.4;52.4392;31.2;4.6315;40.3877;30.8;187;303.733;269.032;265;360;270;268;290.22;289.931;70;265.019;0;1;;;1414.02;1;1
1592;0.4;52.6186;31.2;4.66573;40.1852;30.8;187;303.718;269.018;265;360;270;268;290.22;289.931;70;265.025;0;1;;;1412.99;1;1
1593;0.4;52.1325;31.2;4.62262;39.8785;30.8;179;303.776;268.953;265;360;270;268;290.075;289.931;70;265.034;0;1;;;1411.97;1;1
1594;0.4;52.0312;31.2;4.59547;39.9797;30.8;176;303.863;268.938;265;360;270;268;290.075;289.931;70;265.041;0;1;;;1411.97;1;1
1595;0.4;51.93;31.2;4.6228;40.081;30.8;176;303.95;268.974;265;360;270;268;290.075;289.931;70;265.048;0;1;;;1409.23;1;1
1596;0.4;52.2367;31.2;4.61361;39.9797;30.8;174;303.979;268.989;265;360;270;268;290.22;289.931;70;265.054;0;1;;;1408.72;1;1
1597;0.4;52.1354;31.2;4.58643;40.1852;30.8;170;303.921;268.989;265;360;270;268;290.075;290.075;70;265.059;0;1;;;1406.68;1;1
1598;0.4;52.1325;31.2;4.56796;40.4196;30.8;163;303.848;268.989;265;360;270;268;290.22;289.931;70;265.065;0;1;;;1405.55;1;1
1599;0.4;52.2367;31.1;4.25893;40.489;30.8;162;303.197;269.039;265;360;270;268;290.075;289.931;70;265.073;0;1;;;1405.55;1;1
1600;0.4;52.3351;31.1;4.19382;40.3559;30.8;163;303.689;269.003;265;360;270;268;290.075;289.931;70;265.078;0;1;;;1403.01;1;1
1601;0.4;52.8472;31.1;4.27179;40.2749;30.8;173;303.342;269.047;265;360;270;268;290.075;289.931;70;265.081;0;1;;;1403.01;1;1
1602;0.4;53.0411;31.1;4.30599;40.1852;30.8;167;303.805;268.931;265;360;270;268;290.075;289.931;70;265.081;0;1;;;1403.01;1;1
1603;0.4;53.0498;31.1;4.23256;40.3877;30.8;157;304.21;268.909;265;360;270;268;290.075;289.931;70;265.08;0;1;;;1400.23;1;1
1604;0.4;53.0498;31.1;4.25109;40.0839;30.8;157;304.152;269.039;265;360;270;268;290.075;289.931;70;265.082;0;1;;;1400.23;1;1
1605;0.4;52.8183;31.1;4.23254;40.081;30.8;148;304.152;269.076;265;360;270;268;290.075;289.931;70;265.09;0;1;;;1399.22;1;1
1606;0.4;52.364;31.1;4.15956;40.0839;30.8;142;304.051;269.068;265;360;270;268;290.075;289.931;70;265.091;0;1;;;1398.14;1;1
1607;0.4;52.2367;31.1;4.13119;40.1852;30.8;142;303.168;269.054;265;360;270;268;290.22;289.931;70;265.092;0;1;;;1397.63;1;1
1608;0.4;52.2338;31.1;4.13097;40.2865;30.8;143;303.241;269.047;265;360;270;268;290.075;289.931;70;265.093;0;1;;;1395.6;1;1
1609;0.4;52.338;31.1;4.1392;40.1852;30.8;151;303.414;269.039;265;360;270;268;290.075;290.075;70;265.091;0;1;;;1395.09;1;1
1610;0.4;52.1325;31.1;4.08651;40.0839;30.8;148;303.516;269.039;265;360;270;268;290.075;290.075;70;265.092;0;1;;;1393.06;1;1
1611;0.4;52.1933;31.1;4.09127;39.9797;30.8;152;303.429;269.039;265;360;270;268;290.075;290.075;70;265.093;0;1;;;1391.1;1;1
1612;0.4;51.93;31.1;4.10694;39.9797;30.8;152;303.342;269.039;265;360;270;268;290.075;289.931;70;265.093;0;1;;;1391.1;1;1
1613;0.4;52.1325;31.1;4.0683;39.9826;30.8;145;303.487;268.953;265;360;270;268;290.075;289.931;70;265.091;0;1;;;1391.1;1;1
1614;0.4;52.1354;31.1;4.03209;40.081;30.8;147;303.009;268.931;265;360;270;268;290.075;289.931;70;265.092;0;1;;;1390.08;1;1
1615;0.4;52.5347;31.1;4.11803;40.2865;30.8;154;303.053;269.112;265;360;270;268;290.075;289.931;70;265.087;0;1;;;1389.25;1;1
1616;0.4;52.7402;31.1;4.07887;40.081;30.8;164;303.183;269.061;265;360;270;268;290.075;289.931;70;265.086;0;1;;;1384.92;1;1
1617;0.4;52.6418;31.1;4.08965;39.9797;30.8;164;303.212;269.097;265;360;270;268;290.075;290.075;70;265.087;0;1;;;1384.92;1;1
1618;0.4;52.4392;31.1;4.01895;40.1852;30.8;165;302.532;269.061;265;360;270;268;290.075;289.931;70;265.089;0;1;;;1384.41;1;1
1619;0.4;52.338;31.1;4.10261;40.1852;30.8;167;302.503;269.119;265;360;270;268;290.075;289.786;70;265.087;0;1;;;1383.4;1;1
1620;0.4;52.4392;31.1;4.09223;40.1852;30.8;169;302.315;269.17;265;360;270;268;290.075;289.931;70;265.089;0;1;;;1383.19;1;1
1621;0.4;52.4363;31.1;4.07369;40.0839;30.8;174;302.315;269.162;265;360;270;268;290.075;289.931;70;265.083;0;1;;;1382.17;1;1
1622;0.4;52.3524;31.1;4.06717;40.1852;30.8;186;302.329;268.902;265;360;270;268;290.22;289.931;70;265.082;0;1;;;1380.66;1;1
1623;0.4;52.1383;31;3.71476;40.2865;30.8;183;302.445;268.887;265;360;270;268;290.22;290.075;70;265.074;0;1;;;1380.15;1;1
1624;0.4;51.93;31;3.62735;40.0839;30.8;181;302.575;268.866;265;360;270;268;290.075;289.931;70;265.071;0;1;;;1378.38;1;1
1625;0.4;51.9416;31;3.61002;39.7772;30.8;179;302.532;268.859;265;360;270;268;290.075;289.931;70;265.071;0;1;;;1378.38;1;1
1626;0.4;52.338;31;3.63757;39.5718;30.8;180;302.517;268.859;265;360;270;268;290.075;289.931;70;265.069;0;1;;;1375.86;1;1
1627;0.4;52.2164;31;3.62912;39.6557;30.8;183;302.416;268.916;265;360;270;268;289.931;289.931;70;265.064;0;1;;;1374.85;1;1
1628;0.4;52.2338;31;3.70332;39.7772;30.8;182;301.939;268.931;265;360;270;268;290.075;289.931;70;265.065;0;1;;;1374.34;1;1
1629;0.4;52.2338;31;3.64857;39.7772;30.9;183;302.257;268.924;265;360;270;268;290.075;289.931;70;265.067;0;1;;;1372.32;1;1
1630;0.4;52.4219;31;3.6434;39.7772;30.9;198;302.242;268.909;265;360;270;268;289.931;290.075;70;265.063;0;1;;;1371.82;1;1
1631;0.4;52.0312;31;3.63443;39.8727;30.9;196;302.402;268.909;265;360;270;268;290.075;290.075;70;265.067;0;1;;;1371.82;1;1
1632;0.4;52.1325;31;3.60508;39.9797;30.9;193;302.416;268.895;265;360;270;268;290.075;289.931;70;265.071;0;1;;;1369.3;1;1
1633;0.4;51.9821;31;3.63099;39.9826;30.9;185;302.503;268.88;265;360;270;268;290.075;289.931;70;265.074;0;1;;;1369.3;1;1
1634;0.4;52.1325;31;3.69614;39.8785;30.9;183;302.329;268.88;265;360;270;268;290.075;289.931;70;265.077;0;1;;;1365.77;1;1
1635;0.4;52.4363;31;3.66272;39.7396;30.9;184;302.228;268.924;265;360;270;268;290.075;289.931;70;265.08;0;1;;;1365.77;1;1
1636;0.4;51.93;31;3.62735;39.9826;30.9;188;302.648;269.184;265;360;270;268;290.075;289.931;70;265.085;0;1;;;1364.26;1;1
1637;0.4;52.011;31;3.59667;40.1881;30.9;182;302.156;268.945;265;360;270;268;290.075;289.931;70;265.087;0;1;;;1362.74;1;1
1638;0.4;52.338;31;3.63757;39.7772;30.9;183;302.98;268.938;265;360;270;268;289.931;289.931;70;265.094;0;1;;;1362.74;1;1
1639;0.4;51.9936;31;3.6318;39.5747;30.9;182;303.111;268.772;265;360;270;268;290.075;289.931;70;265.105;0;1;;;1361.23;1;1
1640;0.4;51.93;31;3.60921;39.8148;30.9;174;303.212;268.75;265;360;270;268;290.075;289.931;70;265.116;0;1;;;1360.23;1;1
1641;0.4;51.9531;31;3.66527;39.8756;30.9;173;303.111;268.743;265;360;270;268;290.22;290.075;70;265.126;0;1;;;1360.23;1;1
1642;0.4;52.1325;31;3.58684;39.8785;30.9;172;303.009;268.75;265;360;270;268;290.22;290.075;70;265.133;0;1;;;1358.22;1;1
1643;0.4;52.338;31;3.58269;39.8843;30.9;167;303.212;268.815;265;360;270;268;290.075;289.931;70;265.141;0;1;;;1358.22;1;1
1644;0.4;52.1267;31;3.58644;39.7685;30.9;166;303.27;268.808;265;360;270;268;290.075;289.931;70;265.147;0;1;;;1356.21;1;1
1645;0.4;52.1325;31;3.65971;39.7772;31;157;303.385;268.786;265;360;270;268;290.22;289.931;70;265.159;0;1;;;1354.2;1;1
1646;0.4;52.338;31;3.63757;39.9797;31;148;303.443;268.764;265;360;270;268;290.075;289.931;70;265.171;0;1;;;1354.2;1;1
1647;0.4;52.1152;31;3.60388;40.0347;31;144;303.501;268.743;265;360;270;268;290.075;289.931;70;265.177;0;1;;;1351.81;1;1
1648;0.4;51.8692;31;3.56872;40.0897;31;142;303.458;268.743;265;360;270;268;290.075;289.931;70;265.185;0;1;;;1351.81;1;1
1649;0.4;52.1354;31;3.56883;39.9797;31;139;303.385;268.808;265;360;270;268;290.075;289.931;70;265.194;0;1;;;1351.8;1;1
1650;0.4;52.1846;31;3.59042;40.0839;31;135;303.299;268.808;265;360;270;268;290.075;289.931;70;265.203;0;1;;;1350.14;1;1
1651;0.4;52.0312;31;3.61625;39.9826;31;135;303.241;268.793;265;360;270;268;290.075;289.931;70;265.21;0;1;;;1349.64;1;1
1652;0.4;52.0457;31;3.63544;39.8785;31;135;303.588;268.764;265;360;270;268;290.22;290.075;70;265.21;0;1;;;1348.63;1;1
1653;0.4;52.4711;31;3.62849;39.8785;31;135;303.689;268.75;265;360;270;268;290.22;289.931;70;265.212;0;1;;;1348.06;1;1
1654;0.4;52.2367;31;3.61228;39.8785;31;133;303.183;268.743;265;360;270;268;290.22;290.075;70;265.213;0;1;;;1347.29;1;1
1655;0.4;52.0312;31;3.63443;39.6759;31;133;303.197;268.801;265;360;270;268;290.22;290.075;70;265.212;0;1;;;1342.69;1;1
1656;0.4;51.93;31;3.64549;39.6788;31;136;303.111;268.808;265;360;270;268;290.22;290.075;70;265.21;0;1;;;1342.69;1;1
1657;0.4;51.93;31;3.5729;39.3721;31;140;302.995;268.786;265;360;270;268;290.22;290.075;70;265.209;0;1;"CUSN6       ";;1342.19;1;1
1658;0.4;51.9184;31;3.60841;39.6759;31;140;302.937;268.764;265;360;270;268;290.22;290.075;70;265.207;0;1;;;1340.69;1;1
1659;0.4;51.8287;31;3.58407;39.7541;31;141;302.532;268.743;265;360;270;268;290.22;290.22;70;265.206;0;1;"CUSN6       ";;1340.19;1;1
1660;0.4;52.0284;31;3.63422;39.8611;31;151;302.604;268.743;265;360;270;268;290.22;290.075;70;265.2;0;1;;;1338.15;1;1
1661;0.4;52.338;31;3.61928;39.9826;31;152;302.749;268.815;265;360;270;268;290.22;290.075;70;265.197;0;1;;;1337.65;1;1
1662;0.4;52.338;31;3.58269;39.8814;31;153;302.778;268.801;265;360;270;268;290.22;290.075;70;265.192;0;1;;;1337.4;1;1
1663;0.4;52.2367;31;3.63053;40.0839;31;148;302.72;268.779;265;360;270;268;290.22;290.075;70;265.181;0;1;;;1335.75;1;1
1664;0.4;51.93;31;3.59107;40.0897;31;150;301.968;268.757;265;360;270;268;290.22;290.075;70;265.172;0;1;;;1335.25;1;1
1665;0.4;51.6262;31;3.62417;40.081;31;152;302.011;268.75;265;360;270;268;290.22;290.075;70;265.164;0;1;;;1332.49;1;1
1666;0.4;51.8287;31;3.62028;40.0868;31;161;301.866;268.743;265;360;270;268;290.22;290.075;70;265.157;0;1;;;1332.49;1;1
1667;0.4;52.2309;31;3.63013;39.974;31.1;169;302.04;268.815;265;360;270;268;290.22;290.075;70;265.15;0;1;;;1331.99;1;1
1668;0.4;52.4537;31;3.64561;39.9826;31;174;302.228;268.801;265;360;270;268;290.22;290.075;70;265.145;0;1;;;1330.99;1;1
1669;0.4;52.2743;31;3.63314;39.8785;31.1;174;302.069;268.779;265;360;270;268;290.22;290.075;70;265.137;0;1;;;1330.49;1;1
1670;0.4;51.8258;31;3.62008;39.8785;31.1;172;301.968;268.764;265;360;270;268;290.22;290.075;70;265.127;0;1;;;1327;1;1
1671;0.4;51.8287;31;3.65649;39.8785;31.1;174;301.91;268.75;265;360;270;268;290.22;290.075;70;265.113;0;1;;;1326.01;1;1
1672;0.4;51.93;31;3.68178;39.8698;31.1;178;301.881;268.743;265;360;270;268;290.22;290.075;70;265.1;0;1;;;1326.01;1;1
1673;0.4;52.0689;31;3.65524;39.974;31.1;181;302.054;268.808;265;360;270;268;290.22;290.075;70;265.089;0;1;;;1323.52;1;1
1674;0.4;52.2251;31;3.66621;39.9797;31.1;181;302.17;268.801;265;360;270;268;290.22;290.075;70;265.079;0;1;;;1323.02;1;1
1675;0.4;52.0312;31;3.63443;39.7743;31.1;183;302.156;268.779;265;360;270;268;290.22;290.075;70;265.07;0;1;;;1320.53;1;1
1676;0.4;52.066;31;3.63685;39.7772;31.1;188;302.069;268.757;265;360;270;268;290.22;289.931;70;265.063;0;1;;;1319.53;1;1
1677;0.4;52.4392;31;3.64461;39.7772;31.1;190;301.982;268.736;265;360;270;268;290.22;289.931;70;265.056;0;1;;;1318.62;1;1
1678;0.4;52.0284;31;3.61605;39.8785;31.1;196;301.895;268.786;265;360;270;268;290.075;289.931;70;265.053;0;1;;;1318.01;1;1
1679;0.4;51.8287;31;3.62028;39.8814;31.1;198;301.968;268.808;265;360;270;268;290.075;289.931;70;265.049;0;1;;;1317.02;1;1
1680;0.4;52.0341;31;3.61645;39.6759;31.1;199;302.069;268.793;265;360;270;268;290.22;289.931;70;265.045;0;1;;;1316.02;1;1
1681;0.4;51.9329;31;3.59127;39.7627;31.1;198;302.879;268.779;265;360;270;268;290.075;289.931;70;265.043;0;1;;;1313.68;1;1
1682;0.4;51.93;31;3.60921;39.6759;31.1;196;302.98;268.757;265;360;270;268;290.075;289.931;70;265.041;0;1;;;1313.68;1;1
1683;0.4;52.338;31;3.67413;39.6759;31.1;203;302.937;268.743;265;360;270;268;290.075;289.931;70;265.039;0;1;;;1311.69;1;1
1684;0.4;52.2483;31;3.66784;39.9797;31.1;200;302.865;268.757;265;360;270;268;290.075;289.931;70;265.035;0;1;;;1311.69;1;1
1685;0.4;52.1325;31;3.60508;39.9797;31.1;187;302.807;268.815;265;360;270;268;290.22;289.931;70;265.032;0;1;;;1311.69;1;1
1686;0.4;52.2164;31;3.6656;39.8785;31.2;196;302.951;268.801;265;360;270;268;290.22;289.931;70;265.031;0;1;;;1309.47;1;1
1687;0.4;51.9329;31;3.6457;39.8756;31.2;202;303.067;268.772;265;360;270;268;290.075;289.931;70;265.029;0;1;;;1309.47;1;1
1688;0.4;52.1875;31;3.64534;39.9797;31.2;185;303.183;268.75;265;360;270;268;290.075;289.931;70;265.028;0;1;;;1306.88;1;1
1689;0.4;52.2338;31;3.68507;39.7772;31.2;181;303.197;268.743;265;360;270;268;290.22;290.075;70;265.025;0;1;;;1306.79;1;1
1690;0.4;52.1325;31.1;3.99545;39.4734;31.2;182;303.183;268.743;265;360;270;268;290.22;289.931;70;265.023;0;1;;;1306.08;1;1
1691;0.4;52.2251;31.1;4.03903;39.7772;31.2;181;303.834;268.808;265;360;270;268;290.22;290.075;70;265.021;0;1;;;1303.97;1;1
1692;0.4;51.8113;31.1;4.02513;40.0839;31.2;179;303.747;268.815;265;360;270;268;290.22;290.075;70;265.019;0;1;;;1303.73;1;1
1693;0.4;51.93;31.1;3.97992;40.0608;31.2;163;303.414;268.772;265;360;270;268;290.22;290.075;70;265.016;0;1;;;1302.74;1;1
1694;0.4;52.4392;31.1;4.09223;39.9566;31.2;164;303.675;268.497;265;360;270;268;290.22;290.075;70;265.015;0;1;;;1302.24;1;1
1695;0.4;52.4392;31.1;4.00063;39.7772;31.2;165;303.733;268.453;265;360;270;268;290.22;290.075;70;265.013;0;1;;;1301.75;1;1
1696;0.4;52.5405;31.1;4.04507;39.6759;31.2;167;304.282;268.641;265;360;270;268;290.075;289.931;70;265.012;0;1;;;1299.27;1;1
1697;0.4;52.5318;31.1;4.0444;39.7772;31.3;167;304.21;268.685;265;360;270;268;290.22;289.931;70;265.011;0;1;;;1299.27;1;1
1698;0.4;52.0312;31.1;3.98769;39.8814;31.3;160;304.123;268.685;265;360;270;268;290.22;289.931;70;265.01;0;1;;;1297.79;1;1
1699;0.4;52.2714;31.1;4.02435;39.8785;31.3;159;304.036;268.663;265;360;270;268;290.22;289.931;70;265.01;0;1;;;1296.31;1;1
1700;0.4;52.1325;31.1;3.99545;39.9826;31.3;159;304.022;268.656;265;360;270;268;290.22;289.931;70;265.006;0;1;"CUSN6       ";;1295.81;1;1
1701;0.4;52.1325;31.1;4.01366;39.9826;31.3;158;304.181;268.634;265;360;270;268;290.22;290.075;70;265.006;0;1;;;1293.73;1;1
1702;0.4;52.2309;31.1;4.00299;39.7743;31.3;159;304.282;268.62;265;360;270;268;290.22;289.931;70;265.006;0;1;;;1293.73;1;1
1703;0.4;51.8982;31.1;3.99562;39.6759;31.3;159;304.225;268.613;265;360;270;268;290.22;289.931;70;265;0;1;;;1292.75;1;1
1704;0.4;52.1354;31.1;4.03209;39.7772;31.3;158;304.138;268.432;265;360;270;268;290.22;289.931;70;264.995;0;1;;;1291.76;1;1
1705;0.4;52.0312;31.2;4.35912;39.9826;31.3;161;303.545;268.678;265;360;270;268;290.22;290.075;70;264.984;0;1;;;1290.77;1;1
1706;0.4;51.93;31.2;4.3325;40.081;31.3;159;303.516;268.692;265;360;270;268;290.22;290.075;70;264.975;0;1;;;1287.32;1;1
1707;0.4;52.0457;31.2;4.32397;39.8785;31.3;160;303.559;268.685;265;360;270;268;290.22;290.075;70;264.966;0;1;;;1287.32;1;1
1708;0.4;51.93;31.2;4.3325;39.7772;31.3;173;303.602;268.678;265;360;270;268;290.22;289.931;70;264.964;0;1;;;1287.32;1;1
1709;0.4;51.8316;31.2;4.32429;40.1852;31.3;175;303.762;268.663;265;360;270;268;290.22;290.075;70;264.957;0;1;;;1283.67;1;1
1710;0.4;51.8258;31.2;4.3057;40.2951;31.3;174;303.819;268.641;265;360;270;268;290.22;290.075;70;264.953;0;1;;;1283.67;1;1
1711;0.4;51.8287;31.2;4.30594;40.2865;31.3;177;303.776;268.627;265;360;270;268;290.22;289.931;70;264.948;0;1;"CUSN6       ";;1282.69;1;1
1712;0.4;51.93;31.2;4.3325;40.3877;31.3;181;303.689;268.627;265;360;270;268;290.075;290.075;70;264.945;0;1;;;1281.7;1;1
1713;0.4;51.93;31.2;4.29621;40.489;31.3;188;303.646;268.62;265;360;270;268;290.075;289.931;70;264.94;0;1;;;1280.72;1;1
1714;0.4;52.3351;31.2;4.32973;40.2865;31.3;184;303.646;268.656;265;360;270;268;290.075;289.931;70;264.935;0;1;;;1279.24;1;1
1715;0.4;52.4392;31.2;4.3933;40.489;31.3;183;302.966;268.685;265;360;270;268;290.075;289.931;70;264.932;0;1;;;1279.24;1;1
1716;0.4;52.2338;31.2;4.32135;40.489;31.3;190;303.111;268.67;265;360;270;268;290.075;289.931;70;264.93;0;1;;;1277.38;1;1
1717;0.4;51.9155;31.2;4.33129;40.68;31.3;199;303.212;268.656;265;360;270;268;290.22;290.075;70;264.93;0;1;;;1277.38;1;1
1718;0.4;51.8287;31.2;4.30594;40.599;31.3;200;303.921;268.634;265;360;270;268;290.22;289.931;70;264.926;0;1;;;1276.4;1;1
1719;0.4;51.8287;31.2;4.34215;40.4659;31.3;201;303.848;268.62;265;360;270;268;290.22;290.075;70;264.92;0;1;;;1273.71;1;1
1720;0.4;51.93;31.2;4.31435;40.2865;31.3;193;303.776;268.591;265;360;270;268;290.22;289.931;70;264.918;0;1;;;1273.71;1;1
1721;0.4;52.2367;31.3;4.73098;40.6453;31.3;188;303.718;268.584;265;360;270;268;290.075;289.931;70;264.916;0;1;;;1272.24;1;1
1722;0.4;52.2396;31.3;4.69474;40.5903;31.3;196;303.371;268.417;265;360;270;268;290.075;289.931;70;264.914;0;1;;;1272.24;1;1
1723;0.4;52.0312;31.3;4.67602;40.3877;31.3;196;303.458;268.432;265;360;270;268;290.22;289.931;70;264.912;0;1;;;1271.26;1;1
1724;0.4;51.8287;31.3;4.69403;40.5903;31.3;195;304.022;268.598;265;360;270;268;290.075;289.931;70;264.911;0;1;;;1267.33;1;1
1725;0.4;51.8229;31.3;4.6754;40.4977;31.3;195;303.979;268.591;265;360;270;268;290.075;290.075;70;264.909;0;1;;;1266.84;1;1
1726;0.4;52.1325;31.3;4.72155;40.4601;31.3;193;303.906;268.576;265;360;270;268;290.22;289.931;70;264.905;0;1;;;1264.88;1;1
1727;0.4;52.5405;31.3;4.74014;40.489;31.4;191;304.022;268.54;265;360;270;268;290.075;289.931;70;264.899;0;1;;;1264.08;1;1
1728;0.4;52.5405;31.3;4.74014;40.6944;31.4;186;303.979;268.533;265;360;270;268;290.075;290.075;70;264.89;0;1;;;1264.08;1;1
1729;0.4;52.2367;31.3;4.71273;40.5903;31.4;187;304.051;268.497;265;360;270;268;290.22;289.931;70;264.88;0;1;"CUSN6       ";;1262.14;1;1
1730;0.4;51.93;31.3;4.7032;40.5903;31.4;183;304.181;268.475;265;360;270;268;289.931;289.786;70;264.872;0;1;;;1262.14;1;1
1731;0.4;52.2338;31.3;4.71247;40.6916;31.4;185;304.253;268.482;265;360;270;268;290.075;289.931;70;264.863;0;1;;;1260.18;1;1
1732;0.4;52.1267;31.3;4.70281;40.5903;31.4;184;304.152;268.504;265;360;270;268;290.075;289.931;70;264.857;0;1;;;1260.15;1;1
1733;0.4;52.1325;31.3;4.68512;40.2865;31.4;187;304.036;268.519;265;360;270;268;290.075;289.931;70;264.85;0;1;;;1259.17;1;1
1734;0.4;51.93;31.3;4.68506;40.3877;31.4;189;304.644;268.497;265;360;270;268;290.075;290.075;70;264.845;0;1;"CUSN6       ";;1257.22;1;1
1735;0.4;51.82;31.3;4.69324;40.0955;31.4;188;304.702;268.497;265;360;270;268;290.075;290.075;70;264.838;0;1;;;1257.22;1;1
1736;0.4;51.6059;31.4;4.98817;40.2865;31.4;184;304.774;268.475;265;360;270;268;290.075;289.931;70;264.832;0;1;;;1255.75;1;1
1737;0.4;52.0747;31.4;5.06986;40.489;31.4;180;304.876;268.461;265;360;270;268;290.075;289.931;70;264.83;0;1;;;1253.99;1;1
1738;0.4;52.0631;31.4;5.08692;40.5353;31.4;179;304.89;268.439;265;360;270;268;290.075;289.931;70;264.831;0;1;;;1253.5;1;1
1739;0.4;52.1354;31.4;5.09399;40.4919;31.4;188;304.847;268.446;265;360;270;268;290.075;289.931;70;264.835;0;1;;;1250.12;1;1
1740;0.4;51.93;31.4;5.05577;40.5903;31.4;192;304.774;268.432;265;360;270;268;290.075;289.931;70;264.842;0;1;;;1250.12;1;1
1741;0.4;51.93;31.4;5.05577;40.489;31.5;197;304.716;268.439;265;360;270;268;290.075;289.931;70;264.849;0;1;;;1249.63;1;1
1742;0.4;52.3466;31.4;5.09634;40.6916;31.5;187;304.659;268.432;265;360;270;268;290.075;289.931;70;264.854;0;1;;;1249.63;1;1
1743;0.4;52.2367;31.4;5.1404;40.5903;31.5;183;305.093;268.526;265;360;270;268;290.22;290.075;70;264.86;0;1;;;1246.71;1;1
1744;0.4;52.1296;31.4;5.09342;40.2836;31.5;183;305.223;268.533;265;360;270;268;290.075;289.931;70;264.864;0;1;;;1244.27;1;1
1745;0.4;52.4363;31.4;5.08675;40.5932;31.5;179;305.252;268.504;265;360;270;268;290.075;290.075;70;264.871;0;1;;;1244.27;1;1
1746;0.4;52.7459;31.4;5.19052;40.5903;31.5;174;305.179;268.497;265;360;270;268;290.075;289.931;70;264.877;0;1;;;1243.3;1;1
1747;0.4;52.581;31.4;5.19266;40.489;31.5;172;305.078;268.468;265;360;270;268;290.075;289.931;70;264.88;0;1;;;1243.3;1;1
1748;0.4;52.0284;31.4;5.10173;40.5903;31.5;174;304.991;268.432;265;360;270;268;290.075;289.931;70;264.882;0;1;;;1242.38;1;1
1749;0.4;52.0312;31.5;5.45527;40.5903;31.5;172;305.049;268.424;265;360;270;268;290.075;289.931;70;264.884;0;1;"CUSN6       ";;1238.34;1;1
1750;0.4;51.93;31.5;5.48093;40.6019;31.5;170;305.165;268.743;265;360;270;268;290.22;289.931;70;264.885;0;1;;;1238.34;1;1
1751;0.4;51.8258;31.5;5.43373;40.489;31.5;169;305.252;268.815;265;360;270;268;290.075;289.931;70;264.887;0;1;;;1236.97;1;1
1752;0.4;52.0312;31.5;5.49162;40.489;31.5;168;305.179;268.801;265;360;270;268;290.075;290.075;70;264.888;0;1;;;1236.97;1;1
1753;0.4;52.4392;31.5;5.53468;40.3877;31.5;168;305.078;268.772;265;360;270;268;290.22;290.075;70;264.89;0;1;;;1236.49;1;1
1754;0.4;52.526;31.5;5.5622;40.2865;31.5;167;304.991;268.757;265;360;270;268;290.22;290.075;70;264.891;0;1;;;1234.6;1;1
1755;0.4;52.4334;31.5;5.55239;40.2836;31.6;168;305.02;268.736;265;360;270;268;290.22;290.075;70;264.891;0;1;;;1234.6;1;1
1756;0.4;52.2512;31.5;5.47833;40.3877;31.6;168;305.122;268.793;265;360;270;268;290.22;290.075;70;264.892;0;1;;;1233.63;1;1
1757;0.4;52.4421;31.5;5.55331;40.5903;31.6;161;305.237;268.808;265;360;270;268;290.075;289.931;70;264.893;0;1;;;1231.86;1;1
1758;0.4;52.6447;31.5;5.61154;40.7523;31.6;160;305.237;268.786;265;360;270;268;290.075;289.931;70;264.888;0;1;;;1230.89;1;1
1759;0.4;52.6505;31.5;5.64894;40.6916;31.6;161;305.15;268.764;265;360;270;268;290.075;289.931;70;264.878;0;1;;;1228.46;1;1
1760;0.4;52.7286;31.5;5.65732;40.7957;31.6;160;305.064;268.75;265;360;270;268;290.075;290.075;70;264.87;0;1;;;1228.46;1;1
1761;0.4;52.6418;31.5;5.59284;40.7957;31.6;161;304.991;268.736;265;360;270;268;290.075;289.931;70;264.862;0;1;;;1227.49;1;1
1762;0.4;52.4392;31.5;5.60796;40.6916;31.6;161;304.225;268.793;265;360;270;268;290.075;289.931;70;264.85;0;1;"CUSN6       ";;1226.53;1;1
1763;0.4;52.5405;31.5;5.67388;40.8912;31.6;162;304.876;268.801;265;360;270;268;290.22;289.931;70;264.835;0;1;;;1225.07;1;1
1764;0.4;52.5694;31.5;5.64025;40.7928;31.6;165;304.427;268.779;265;360;270;268;290.22;290.075;70;264.82;0;1;"CUSN6       ";;1222.11;1;1
1765;0.4;52.5405;31.6;5.99389;40.4861;31.6;175;304.832;268.757;265;360;270;268;290.22;290.075;70;264.809;0;1;;;1222.11;1;1
1766;0.4;52.3524;31.6;5.95412;40.489;31.6;179;304.847;268.743;265;360;270;268;290.22;290.075;70;264.796;0;1;;;1220.77;1;1
1767;0.4;52.4392;31.6;6.01897;40.2865;31.6;177;304.673;268.764;265;360;270;268;290.22;290.075;70;264.785;0;1;;;1219.8;1;1
1768;0.4;52.0689;31.6;5.95827;40.2865;31.6;179;304.601;268.815;265;360;270;268;290.22;290.075;70;264.775;0;1;;;1219.32;1;1
1769;0.4;52.0312;31.6;5.99032;40.0839;31.6;188;304.644;268.801;265;360;270;268;290.22;290.075;70;264.764;0;1;;;1216.94;1;1
1770;0.4;52.1354;31.6;5.9841;40.0839;31.6;199;304.268;268.786;265;360;270;268;290.22;290.075;70;264.753;0;1;;;1216.76;1;1
1771;0.4;52.1325;31.6;5.98377;40.081;31.6;202;304.268;268.772;265;360;270;268;290.22;289.931;70;264.744;0;1;;;1215.32;1;1
1772;0.4;52.4277;31.6;6.05427;40.2865;31.6;196;304.369;268.75;265;360;270;268;290.22;290.075;70;264.739;0;1;;;1214.83;1;1
1773;0.4;52.338;31.6;5.98906;40.2865;31.6;200;304.427;268.736;265;360;270;268;290.22;290.075;70;264.729;0;1;;;1214.35;1;1
1774;0.4;52.3495;31.6;6.06354;39.9826;31.6;199;304.485;268.757;265;360;270;268;290.365;290.075;70;264.72;0;1;;;1212.9;1;1
1775;0.4;52.4392;31.6;6.05561;39.8785;31.6;201;304.818;268.808;265;360;270;268;290.365;290.22;70;264.709;0;1;;;1212.9;1;1
1776;0.4;52.1788;31.6;6.02554;40.081;31.6;202;304.644;268.786;265;360;270;268;290.365;290.22;70;264.707;0;1;;;1212.17;1;1
1777;0.4;52.338;31.6;6.0622;40.081;31.7;203;304.239;268.786;265;360;270;268;290.365;290.075;70;264.703;0;1;;;1210.72;1;1
1778;0.4;52.1325;31.6;6.0384;39.9797;31.7;218;304.225;268.764;265;360;270;268;290.365;290.075;70;264.698;0;1;;;1209.78;1;1
1779;0.4;52.2367;31.6;6.05047;40.0984;31.7;228;304.659;268.743;265;360;270;268;290.22;290.075;70;264.697;0;1;"CUSN6       ";;1207.85;1;1
1780;0.4;52.1325;31.6;5.98377;40.4774;31.7;222;304.282;268.757;265;360;270;268;290.365;290.075;70;264.691;0;1;;;1207.37;1;1
1781;0.4;52.338;31.6;6.08048;40.0666;31.7;217;305.266;268.815;265;360;270;268;290.22;290.075;70;264.688;0;1;;;1205.93;1;1
1782;0.4;52.4392;31.6;6.07393;39.8727;31.7;216;305.208;268.793;265;360;270;268;290.22;290.075;70;264.678;0;1;;;1205.93;1;1
1783;0.4;52.3351;31.6;6.09843;39.9797;31.7;216;305.179;268.786;265;360;270;268;290.365;290.22;70;264.669;0;1;;;1205.45;1;1
1784;0.4;52.8472;31.6;6.15811;40.081;31.7;211;305.02;268.75;265;360;270;268;290.22;290.075;70;264.662;0;1;;;1201.52;1;1
1785;0.4;52.4508;31.6;6.07527;40.2488;31.7;216;305.353;268.743;265;360;270;268;290.365;290.075;70;264.655;0;1;;;1201.52;1;1
1786;0.4;52.5087;31.6;6.10032;40.1852;31.7;217;305.44;268.793;265;360;270;268;290.22;290.075;70;264.648;0;1;;;1200.97;1;1
1787;0.4;52.4392;31.6;6.11057;40.1852;31.7;211;305.541;268.808;265;360;270;268;290.22;290.075;70;264.643;0;1;;;1200.53;1;1
1788;0.4;52.3611;31.7;6.40209;40.3038;31.7;204;306.25;268.786;265;360;270;268;290.22;290.075;70;264.638;0;1;;;1199.57;1;1
1789;0.4;52.6418;31.7;6.4364;40.489;31.7;204;306.221;268.779;265;360;270;268;290.22;289.931;70;264.634;0;1;;;1196.21;1;1
1790;0.4;52.3409;31.7;6.45446;40.3877;31.7;201;306.178;268.743;265;360;270;268;290.22;290.075;70;264.63;0;1;;;1195.73;1;1
1791;0.4;52.2396;31.7;6.42373;40.3877;31.8;201;306.076;268.75;265;360;270;268;290.22;290.075;70;264.626;0;1;;;1193.82;1;1
1792;0.4;52.2338;31.7;6.42301;40.3877;31.8;196;306.019;268.815;265;360;270;268;290.22;290.075;70;264.624;0;1;;;1193.82;1;1
1793;0.4;52.338;31.7;6.38097;40.2865;31.8;196;306.467;268.808;265;360;270;268;290.22;290.075;70;264.621;0;1;;;1192.85;1;1
1794;0.4;52.5405;31.7;6.46073;40.0868;31.8;201;306.467;268.779;265;360;270;268;290.22;290.075;70;264.618;0;1;;;1190.93;1;1
1795;0.4;52.0312;31.7;6.37993;40.1852;31.8;193;306.583;268.764;265;360;270;268;290.22;290.075;70;264.611;0;1;;;1190.93;1;1
1796;0.4;52.2801;31.7;6.44697;39.9855;31.8;187;306.568;268.75;265;360;270;268;290.365;290.075;70;264.609;0;1;;;1188.19;1;1
1797;0.4;52.0804;31.7;6.38596;39.8785;31.8;191;306.539;268.743;265;360;270;268;290.365;290.22;70;264.608;0;1;;;1188.19;1;1
1798;0.4;52.1354;31.7;6.42913;39.8785;31.8;190;306.481;268.801;265;360;270;268;290.365;290.075;70;264.608;0;1;;;1187.71;1;1
1799;0.4;52.1325;31.7;6.41056;39.7772;31.8;191;306.409;268.808;265;360;270;268;290.365;290.22;70;264.607;0;1;;;1185.98;1;1
1800;0.4;52.1325;31.8;6.67344;39.8785;31.8;190;307.06;268.786;265;360;270;268;290.365;290.075;70;264.603;0;1;;;1185.51;1;1
1801;0.4;52.338;31.8;6.71802;40.1852;31.8;184;307.06;268.764;265;360;270;268;290.22;290.22;70;264.598;0;1;;;1183.16;1;1
1802;0.4;52.4392;31.8;6.74934;40.1447;31.9;183;307.176;268.743;265;360;270;268;290.22;290.22;70;264.597;0;1;;;1182.68;1;1
1803;0.4;52.5087;31.8;6.72159;40.1852;31.9;181;307.306;268.743;265;360;270;268;290.365;290.22;70;264.597;0;1;;;1181.08;1;1
1804;0.4;52.2454;31.8;6.66964;40.1852;31.9;181;307.234;268.815;265;360;270;268;290.365;290.075;70;264.597;0;1;;;1179.24;1;1
1805;0.4;52.1325;31.8;6.70987;40.1244;31.9;182;307.161;268.801;265;360;270;268;290.365;290.075;70;264.597;0;1;;;1179.24;1;1
1806;0.4;52.0226;31.8;6.65937;39.9797;31.9;181;307.133;268.786;265;360;270;268;290.365;290.075;70;264.597;0;1;;;1178.18;1;1
1807;0.4;52.2338;31.8;6.7229;39.8785;31.9;181;307.046;268.757;265;360;270;268;290.22;290.075;70;264.597;0;1;;;1178.18;1;1
1808;0.4;52.2888;31.8;6.69344;40.1852;31.9;182;307.104;268.743;265;360;270;268;290.365;290.075;70;264.597;0;1;;;1177.23;1;1
1809;0.4;52.2135;31.8;6.68381;40.2546;31.9;182;307.277;268.779;265;360;270;268;290.22;290.075;70;264.597;0;1;;;1175.8;1;1
1810;0.4;52.1007;31.8;6.68757;40.081;31.9;183;307.306;268.815;265;360;270;268;290.22;290.075;70;264.597;0;1;;;1175.45;1;1
1811;0.4;51.8316;31.9;6.96872;39.9797;31.9;182;307.205;268.786;265;360;270;268;290.22;290.22;70;264.597;0;1;;;1172.11;1;1
1812;0.4;51.7216;31.9;6.972;39.8814;31.9;181;307.118;268.764;265;360;270;268;290.365;290.22;70;264.6;0;1;;;1172.11;1;1
1813;0.4;51.6233;31.9;6.95874;39.9797;31.9;181;307.046;268.743;265;360;270;268;290.22;290.22;70;264.608;0;1;;;1169.73;1;1
1814;0.4;52.0312;31.9;6.99556;39.9797;31.9;180;307.046;268.859;265;360;270;268;290.365;290.075;70;264.618;0;1;;;1168.31;1;1
1815;0.4;52.5376;31.9;7.06364;40.0839;31.9;183;307.205;269.148;265;360;270;268;290.22;290.075;70;264.627;0;1;;;1168.31;1;1
1816;0.4;52.5318;31.9;7.02616;40.0839;31.9;182;307.306;269.177;265;360;270;268;290.22;290.075;70;264.635;0;1;;;1165.37;1;1
1817;0.4;52.1325;31.9;7.00918;40.081;31.9;184;307.248;269.177;265;360;270;268;290.365;290.075;70;264.642;0;1;;;1165.37;1;1
1818;0.4;52.1325;31.9;7.00918;40.1852;31.9;180;307.147;269.162;265;360;270;268;290.365;290.075;70;264.649;0;1;;;1162.99;1;1
1819;0.4;52.1325;31.9;7.02739;40.2865;31.9;182;307.06;269.148;265;360;270;268;290.22;290.075;70;264.654;0;1;;;1162.51;1;1
1820;0.4;52.5203;31.9;7.06131;39.9797;31.9;181;307.046;269.126;265;360;270;268;290.22;290.075;70;264.659;0;1;;;1162.51;1;1
1821;0.4;52.6418;31.9;7.00406;39.8785;31.9;175;307.133;269.119;265;360;270;268;290.22;290.075;70;264.666;0;1;;;1162.04;1;1
1822;0.4;52.2338;31.9;6.94978;39.7801;31.9;174;307.263;269.104;265;360;270;268;290.22;290.075;70;264.675;0;1;;;1161.57;1;1
1823;0.4;52.2367;31.9;7.00493;39.8785;31.9;174;307.292;269.126;265;360;270;268;290.22;290.22;70;264.684;0;1;;;1158.24;1;1
1824;0.4;52.3409;31.9;6.98233;39.7772;32;173;307.205;269.17;265;360;270;268;290.365;290.22;70;264.694;0;1;;;1157.3;1;1
1825;0.4;52.0312;32;7.27611;40.081;32;169;307.133;269.184;265;360;270;268;290.22;290.22;70;264.703;0;1;;;1157.3;1;1
1826;0.4;51.8576;32;7.28807;40.2865;32;167;307.06;269.17;265;360;270;268;290.365;290.22;70;264.715;0;1;;;1155.01;1;1
1827;0.4;52.0284;32;7.29388;40.1852;32;169;307.046;269.148;265;360;270;268;290.22;290.22;70;264.724;0;1;;;1154.54;1;1
1828;0.4;51.9271;32;7.29783;40.2865;32;163;307.133;269.141;265;360;270;268;290.365;290.22;70;264.733;0;1;;;1150.66;1;1
1829;0.4;51.8982;32;7.2575;40.3877;32;158;307.104;269.133;265;360;270;268;290.365;290.22;70;264.741;0;1;;;1150.66;1;1
1830;0.4;52.1325;32;7.3267;40.3877;32;159;306.8;269.119;265;360;270;268;290.365;290.22;70;264.748;0;1;;;1149.72;1;1
1831;0.4;52.5405;32;7.32895;40.489;32;161;306.756;269.119;265;360;270;268;290.509;290.22;70;264.754;0;1;;;1149.72;1;1
1832;0.4;52.4392;32;7.33317;40.0781;32;166;306.698;269.177;265;360;270;268;290.365;290.22;70;264.759;0;1;;;1148.77;1;1
1833;0.4;52.338;32;7.35557;39.8785;32;165;306.568;269.177;265;360;270;268;290.365;290.22;70;264.764;0;1;;;1146.88;1;1
1834;0.4;52.3351;32;7.3186;40.0839;32;165;306.047;268.953;265;360;270;268;290.365;290.22;70;264.768;0;1;;;1146.88;1;1
1835;0.4;52.3351;32;7.30029;40.2373;32;169;306.178;268.938;265;360;270;268;290.365;290.22;70;264.772;0;1;;;1145.94;1;1
1836;0.4;52.3466;32;7.28362;40.1852;32;174;306.279;268.757;265;360;270;268;290.365;290.075;70;264.775;0;1;;;1145.46;1;1
1837;0.4;52.4334;32;7.31402;40.0839;32;174;306.062;268.743;265;360;270;268;290.365;290.075;70;264.778;0;1;;;1144.52;1;1
1838;0.4;52.2367;32;7.26832;40.081;32;175;305.83;268.743;265;360;270;268;290.365;290.075;70;264.781;0;1;;;1141.66;1;1
1839;0.4;52.0284;32;7.27571;40.0868;32;174;305.758;268.815;265;360;270;268;290.22;290.075;70;264.783;0;1;;;1140.72;1;1
1840;0.4;52.2483;32;7.30646;40.1852;32;177;305.7;268.801;265;360;270;268;290.365;290.22;70;264.785;0;1;;;1139.31;1;1
1841;0.4;52.6418;32;7.3063;40.081;32;181;305.7;268.779;265;360;270;268;290.365;290.22;70;264.786;0;1;;;1139.31;1;1
1842;0.4;52.4392;32;7.33317;40.1852;32;187;305.744;268.757;265;360;270;268;290.365;290.22;70;264.777;0;1;;;1138.83;1;1
1843;0.4;52.2338;32;7.23142;40.3877;32;183;305.859;268.743;265;360;270;268;290.365;290.22;70;264.771;0;1;;;1135.93;1;1
1844;0.4;51.9271;32;7.22524;40.3877;32;176;305.961;268.757;265;360;270;268;290.365;290.22;70;264.76;0;1;;;1135.46;1;1
1845;0.4;51.7708;32;7.16733;40.2865;32;179;306.004;268.815;265;360;270;268;290.365;290.22;70;264.753;0;1;;;1134.35;1;1
1846;0.4;52.0341;32;7.18561;40.1852;32;182;305.946;269.177;265;360;270;268;290.365;290.22;70;264.746;0;1;;;1134.35;1;1
1847;0.4;52.1325;32;7.23562;40.2865;32;183;305.859;268.887;265;360;270;268;290.365;290.22;70;264.741;0;1;;;1132.47;1;1
1848;0.4;52.3322;32;7.28161;40.1823;32.1;187;305.787;269.141;265;360;270;268;290.365;290.22;70;264.728;0;1;;;1130.33;1;1
1849;0.4;52.5376;32;7.31019;40.1852;32.1;184;305.353;268.743;265;360;270;268;290.365;290.22;70;264.716;0;1;;;1130.33;1;1
1850;0.4;52.4132;32;7.31119;40.2865;32.1;194;305.773;268.736;265;360;270;268;290.365;290.075;70;264.709;0;1;;;1129.86;1;1
1851;0.4;52.0312;32.1;7.57481;40.3877;32.1;197;305.541;268.808;265;360;270;268;290.509;290.22;70;264.699;0;1;;;1129.39;1;1
1852;0.4;52.2656;32.1;7.64547;40.489;32.1;197;305.584;268.808;265;360;270;268;290.365;290.22;70;264.693;0;1;;;1127.04;1;1
1853;0.4;52.3814;32.1;7.64408;40.2865;32.1;201;305.541;268.786;265;360;270;268;290.365;290.22;70;264.683;0;1;;;1125.16;1;1
1854;0.4;52.3351;32.1;7.56419;40.1823;32.1;199;305.425;268.764;265;360;270;268;290.365;290.22;70;264.678;0;1;;;1124.69;1;1
1855;0.4;52.2367;32.1;7.58647;40.0868;32.1;197;305.353;268.866;265;360;270;268;290.365;290.22;70;264.67;0;1;;;1123.29;1;1
1856;0.4;51.93;32.1;7.56007;40.1823;32.1;201;305.281;268.736;265;360;270;268;290.365;290.075;70;264.665;0;1;;;1122.82;1;1
1857;0.4;52.1325;32.1;7.60777;40.3877;32.1;200;305.295;268.764;265;360;270;268;290.22;290.075;70;264.658;0;1;;;1120.94;1;1
1858;0.4;52.2338;32.1;7.5678;40.2865;32.1;203;306.134;268.938;265;360;270;268;290.22;290.075;70;264.653;0;1;;;1120.94;1;1
1859;0.4;52.1325;32.1;7.57134;40.081;32.1;212;306.264;268.938;265;360;270;268;290.22;290.075;70;264.652;0;1;;;1120.47;1;1
1860;0.4;52.4392;32.1;7.67087;40.0839;32.1;199;306.279;268.779;265;360;270;268;290.22;290.075;70;264.647;0;1;;;1118.2;1;1
1861;0.4;52.4392;32.1;7.61589;40.3877;32.1;202;306.163;268.757;265;360;270;268;290.22;290.075;70;264.642;0;1;;;1118.2;1;1
1862;0.4;52.2251;32.1;7.62128;40.3877;32.1;203;306.062;268.736;265;360;270;268;290.22;290.075;70;264.637;0;1;;;1115.88;1;1
1863;0.4;52.338;32.1;7.63775;40.489;32.1;202;306.8;268.743;265;360;270;268;290.22;290.075;70;264.633;0;1;;;1115.88;1;1
1864;0.4;52.5405;32.1;7.61224;40.5498;32.1;202;306.829;268.801;265;360;270;268;290.22;290.22;70;264.631;0;1;;;1115.48;1;1
1865;0.4;52.338;32.1;7.56461;40.3877;32.1;191;306.453;268.793;265;360;270;268;290.22;290.22;70;264.628;0;1;;;1115.01;1;1
1866;0.4;52.2483;32.1;7.58815;40.3877;32.1;187;306.51;268.924;265;360;270;268;290.22;290.22;70;264.625;0;1;;;1113.14;1;1
1867;0.4;52.2367;32.1;7.60472;40.489;32.1;188;306.568;268.895;265;360;270;268;290.365;290.22;70;264.626;0;1;;;1109.4;1;1
1868;0.4;51.93;32.1;7.52379;40.7957;32.2;197;306.525;268.88;265;360;270;268;290.365;290.22;70;264.629;0;1;;;1109.4;1;1
1869;0.4;52.0775;32.1;7.54517;40.5903;32.2;201;307.19;268.873;265;360;270;268;290.075;290.075;70;264.63;0;1;;;1108.93;1;1
1870;0.4;52.4392;32.1;7.63421;40.3877;32.2;195;307.118;268.895;265;360;270;268;290.22;290.075;70;264.63;0;1;;;1108.93;1;1
1871;0.4;52.4392;32.1;7.63421;40.489;32.2;188;307.046;268.931;265;360;270;268;290.22;290.22;70;264.633;0;1;;;1108.46;1;1
1872;0.4;52.2367;32.2;7.92288;40.489;32.2;187;307.075;268.938;265;360;270;268;290.22;290.075;70;264.64;0;1;;;1103.79;1;1
1873;0.4;52.4392;32.2;7.93529;40.5903;32.2;187;307.19;268.924;265;360;270;268;290.365;290.075;70;264.646;0;1;;;1103.35;1;1
1874;0.4;52.5405;32.2;7.96896;40.4861;32.2;184;307.292;268.909;265;360;270;268;290.22;290.22;70;264.652;0;1;;;1102.19;1;1
1875;0.4;52.5694;32.2;7.95499;40.489;32.2;181;307.248;268.895;265;360;270;268;290.22;290.22;70;264.657;0;1;;;1102.19;1;1
1876;0.4;52.526;32.2;7.96677;40.4485;32.2;183;307.089;269.032;265;360;270;268;290.22;290.22;70;264.662;0;1;;;1101.73;1;1
1877;0.4;52.2309;32.2;7.88551;40.3877;32.2;182;307.031;269.018;265;360;270;268;290.22;290.22;70;264.666;0;1;;;1100.87;1;1
1878;0.4;52.1586;32.2;7.89281;40.0897;32.2;182;307.118;269.025;265;360;270;268;290.22;290.22;70;264.669;0;1;;;1099;1;1
1879;0.4;51.9271;32.2;7.82151;40.2865;32.2;183;307.147;268.974;265;360;270;268;290.22;290.075;70;264.672;0;1;;;1097.61;1;1
1880;0.4;51.93;32.2;7.87636;40.5932;32.2;182;307.292;268.974;265;360;270;268;290.075;290.075;70;264.675;0;1;;;1097.61;1;1
1881;0.4;51.9271;32.2;7.83964;40.2025;32.2;179;307.277;268.96;265;360;270;268;290.075;289.931;70;264.678;0;1;;;1096.17;1;1
1882;0.4;52.1325;32.2;7.85245;40.1794;32.2;175;307.176;268.953;265;360;270;268;290.075;290.075;70;264.68;0;1;;;1095.24;1;1
1883;0.4;52.4595;32.2;7.9017;40.2865;32.2;176;307.031;268.989;265;360;270;268;290.22;290.075;70;264.682;0;1;;;1094.47;1;1
1884;0.4;52.5405;32.2;7.95061;40.1244;32.2;175;307.133;268.996;265;360;270;268;290.22;290.075;70;264.684;0;1;;;1092.38;1;1
1885;0.4;52.7865;32.2;7.91407;40.2865;32.2;174;307.263;269.018;265;360;270;268;290.22;290.075;70;264.685;0;1;;;1091.92;1;1
1886;0.4;52.7431;32.3;8.32092;40.4225;32.2;175;307.306;269.018;265;360;270;268;290.22;290.075;70;264.687;0;1;;;1088.2;1;1
1887;0.4;52.5463;32.3;8.28988;40.5903;32.2;174;307.292;268.981;265;360;270;268;290.22;290.075;70;264.688;0;1;;;1087.28;1;1
1888;0.4;52.7431;32.3;8.28407;40.5903;32.2;171;307.219;268.967;265;360;270;268;290.22;290.075;70;264.689;0;1;;;1085.42;1;1
1889;0.4;52.338;32.3;8.14728;40.6916;32.2;174;307.118;268.967;265;360;270;268;290.22;289.931;70;264.691;0;1;"CUSN6       ";;1085.42;1;1
1890;0.4;52.0457;32.3;8.12;40.1823;32.2;175;306.684;268.945;265;360;270;268;290.075;289.931;70;264.694;0;1;;;1084.96;1;1
1891;0.4;52.3351;32.3;8.16514;40.0666;32.2;173;306.698;268.931;265;360;270;268;290.22;290.075;70;264.697;0;1;;;1083.17;1;1
1892;0.4;52.4392;32.3;8.29131;40.1852;32.2;176;306.756;269.264;265;360;270;268;290.22;290.075;70;264.699;0;1;;;1083.17;1;1
1893;0.4;52.2367;32.3;8.16804;40.3877;32.2;180;306.829;269.329;265;360;270;268;290.22;290.075;70;264.708;0;1;;;1081.02;1;1
1894;0.4;52.2338;32.3;8.14934;40.5903;32.2;184;306.887;269.314;265;360;270;268;290.22;289.931;70;264.715;0;1;;;1081.02;1;1
1895;0.4;52.5405;32.3;8.2339;40.7957;32.2;191;306.93;269.285;265;360;270;268;290.22;290.075;70;264.726;0;1;;;1081.02;1;1
1896;0.4;52.6418;32.3;8.24977;40.5903;32.2;186;306.887;269.271;265;360;270;268;290.22;290.075;70;264.736;0;1;;;1079.63;1;1
1897;0.4;52.4363;32.3;8.21758;40.5903;32.2;184;306.829;269.256;265;360;270;268;290.365;290.075;70;264.745;0;1;;;1078.24;1;1
1898;0.4;52.3119;32.3;8.14323;40.489;32.2;186;306.713;269.264;265;360;270;268;290.365;290.22;70;264.753;0;1;;;1075.93;1;1
1899;0.4;52.4392;32.3;8.14473;40.3877;32.2;191;306.641;269.321;265;360;270;268;290.365;290.22;70;264.758;0;1;;;1075.47;1;1
1900;0.4;52.4306;32.3;8.1617;40.3877;32.2;183;306.583;269.307;265;360;270;268;290.365;290.075;70;264.763;0;1;;;1073.51;1;1
1901;0.4;52.6418;32.3;8.17619;40.3877;32.1;176;306.525;269.293;265;360;270;268;290.365;290.075;70;264.773;0;1;;;1073.04;1;1
1902;0.4;52.338;32.3;8.14728;40.0839;32.1;174;306.612;269.271;265;360;270;268;290.365;290.075;70;264.779;0;1;;;1072.58;1;1
1903;0.4;52.1383;32.3;8.1162;40.1852;32.1;172;306.698;269.256;265;360;270;268;290.365;290.075;70;264.787;0;1;;;1070.74;1;1
1904;0.4;52.4277;32.4;8.51723;40.3877;32.1;173;306.756;269.278;265;360;270;268;290.365;290.075;70;264.798;0;1;;;1070.74;1;1
1905;0.4;52.1325;32.4;8.46928;40.2836;32.1;174;306.785;269.329;265;360;270;268;290.22;290.075;70;264.807;0;1;;;1067.05;1;1
1906;0.4;52.3409;32.4;8.42996;40.4572;32.1;172;306.771;269.307;265;360;270;268;290.22;290.22;70;264.816;0;1;;;1067.05;1;1
1907;0.4;52.338;32.4;8.44778;40.5584;32.1;170;306.742;269.293;265;360;270;268;290.365;290.075;70;264.826;0;1;;;1065.02;1;1
1908;0.4;52.338;32.4;8.46606;40.3848;32.1;162;306.641;269.271;265;360;270;268;290.365;290.075;70;264.834;0;1;;;1064.1;1;1
1909;0.4;52.338;32.4;8.4295;40.1852;32.1;160;306.626;269.249;265;360;270;268;290.22;290.075;70;264.84;0;1;;;1064.1;1;1
1910;0.4;52.5723;32.4;8.46725;40.1852;32.1;158;306.062;269.271;265;360;270;268;290.22;290.075;70;264.846;0;1;;;1062.72;1;1
1911;0.4;52.5781;32.4;8.44981;40.2865;32.1;154;306.033;269.314;265;360;270;268;290.22;290.075;70;264.852;0;1;;;1062.26;1;1
1912;0.4;52.7459;32.4;8.49521;40.2865;32.1;165;306.134;269.329;265;360;270;268;290.22;290.22;70;264.854;0;1;;;1059.76;1;1
1913;0.4;52.7662;32.4;8.48004;40.3877;32.1;169;306.25;269.314;265;360;270;268;290.365;290.22;70;264.856;0;1;;;1059.3;1;1
1914;0.4;52.4653;32.4;8.43167;40.2922;32.1;168;306.264;269.278;265;360;270;268;290.365;290.075;70;264.861;0;1;;;1059.3;1;1
1915;0.4;52.4392;32.4;8.42749;40.3877;32.1;168;306.149;269.278;265;360;270;268;290.365;290.075;70;264.865;0;1;;;1058.38;1;1
1916;0.4;52.2975;32.4;8.36817;40.6916;32.1;169;305.396;269.293;265;360;270;268;290.365;290.075;70;264.869;0;1;;;1057.01;1;1
1917;0.4;52.1325;32.4;8.32356;40.897;32.1;162;305.367;269.343;265;360;270;268;290.22;290.22;70;264.878;0;1;;;1055.63;1;1
1918;0.4;52.419;32.4;8.3693;40.6916;32.1;167;305.512;269.285;265;360;270;268;290.365;290.22;70;264.889;0;1;;;1055.63;1;1
1919;0.4;52.7459;32.4;8.43993;40.3877;32.1;177;305.657;269.307;265;360;270;268;290.365;290.22;70;264.898;0;1;;;1052.88;1;1
1920;0.4;52.9659;32.4;8.41958;40.3877;32.1;181;305.758;269.285;265;360;270;268;290.365;290.22;70;264.91;0;1;;;1052.88;1;1
1921;0.4;52.9022;32.4;8.44645;40.489;32.1;175;305.715;269.271;265;360;270;268;290.365;290.22;70;264.92;0;1;;;1052.42;1;1
1922;0.4;52.7431;32.4;8.38416;40.6916;32.1;170;305.541;269.3;265;360;270;268;290.365;290.22;70;264.929;0;1;;;1049.03;1;1
1923;0.4;52.8443;32.4;8.43721;40.5903;32.1;170;305.02;269.343;265;360;270;268;290.22;290.22;70;264.932;0;1;;;1048.57;1;1
1924;0.4;52.5405;32.4;8.31526;40.5903;32.1;179;305.02;269.321;265;360;270;268;290.365;290.22;70;264.934;0;1;;;1047.58;1;1
1925;0.4;52.338;32.4;8.31977;40.5903;32.1;174;305.107;269.3;265;360;270;268;290.365;290.22;70;264.934;0;1;;;1047.58;1;1
1926;0.4;52.338;32.4;8.35636;40.489;32.1;172;305.237;269.242;265;360;270;268;290.365;290.075;70;264.933;0;1;;;1045.4;1;1
1927;0.4;52.4421;32.4;8.28137;40.489;32.1;175;305.15;269.271;265;360;270;268;290.22;290.22;70;264.929;0;1;;;1044.94;1;1
1928;0.4;52.4392;32.4;8.26259;40.489;32.1;173;305.122;269.321;265;360;270;268;290.365;290.075;70;264.926;0;1;;;1043.69;1;1
1929;0.4;52.4392;32.4;8.26259;40.5903;32.1;173;305.02;269.336;265;360;270;268;290.365;290.22;70;264.923;0;1;;;1042.32;1;1
1930;0.4;52.5058;32.4;8.32811;40.5903;32.1;174;304.991;269.314;265;360;270;268;290.365;290.22;70;264.92;0;1;;;1042.32;1;1
1931;0.4;52.6418;32.4;8.27612;40.3877;32.1;175;305.122;269.285;265;360;270;268;290.365;290.22;70;264.918;0;1;;;1039.11;1;1
1932;0.4;52.2367;32.4;8.23068;40.298;32;175;305.237;269.271;265;360;270;268;290.365;290.075;70;264.916;0;1;;;1038.66;1;1
1933;0.4;52.3351;32.4;8.20961;40.489;32;173;305.237;269.293;265;360;270;268;290.22;290.22;70;264.914;0;1;;;1037.29;1;1
1934;0.4;52.6447;32.4;8.27657;40.489;32;175;305.136;269.343;265;360;270;268;290.365;290.22;70;264.912;0;1;;;1036.83;1;1
1935;0.4;52.8472;32.4;8.28995;40.7928;32;178;305.049;269.329;265;360;270;268;290.365;290.22;70;264.911;0;1;;;1036.38;1;1
1936;0.4;52.338;32.4;8.22835;40.5903;32;173;304.991;269.271;265;360;270;268;290.365;290.22;70;264.906;0;1;;;1034.94;1;1
1937;0.4;52.0341;32.4;8.14423;40.3877;32;175;305.078;269.293;265;360;270;268;290.365;290.22;70;264.903;0;1;;;1034.94;1;1
1938;0.4;52.037;32.4;8.16286;40.5903;32;178;305.194;269.271;265;360;270;268;290.22;290.22;70;264.902;0;1;;;1033.43;1;1
1939;0.4;52.4392;32.4;8.20764;40.5903;32;172;304.615;269.293;265;360;270;268;290.365;290.22;70;264.902;0;1;;;1032.06;1;1
1940;0.4;52.2338;32.4;8.17548;40.6944;32;179;304.76;269.336;265;360;270;268;290.365;290.22;70;264.902;0;1;;;1030.27;1;1
1941;0.4;51.9907;32.4;8.11928;40.7928;32;187;304.673;269.321;265;360;270;268;290.22;290.22;70;264.902;0;1;;;1028.91;1;1
1942;0.4;52.4392;32.4;8.20764;40.6916;32;194;304.702;269.3;265;360;270;268;290.365;290.22;70;264.899;0;1;;;1028;1;1
1943;0.4;52.2338;32.4;8.13896;40.897;32;194;304.673;269.278;265;360;270;268;290.509;290.075;70;264.899;0;1;;;1026.18;1;1
1944;0.4;52.5;32.4;8.19881;40.5903;32.1;189;304.239;268.887;265;360;270;268;290.365;290.365;70;264.899;0;1;;;1026.18;1;1
1945;0.4;52.4363;32.4;8.17052;40.5903;32;201;304.355;268.924;265;360;270;268;290.365;290.22;70;264.902;0;1;;;1023.24;1;1
1946;0.4;52.5405;32.4;8.15004;40.6684;32.1;205;305.208;269.177;265;360;270;268;290.509;290.22;70;264.902;0;1;;;1022.79;1;1
1947;0.4;52.9485;32.4;8.23183;40.8825;32.1;198;305.194;268.967;265;360;270;268;290.365;290.075;70;264.904;0;1;;"(( Pi() / ([11:7] * 0.001)) * (Pow(0.5 * [3:10], 2) - Pow(0.5 * 0.48, 2))) / [32:124]";1020.55;1;1
1948;0.4;52.7459;32.4;8.16348;40.897;32.1;186;305.15;269.22;265;360;270;268;290.22;290.22;70;264.91;0;1;;;1020.09;1;1
1949;0.4;53.0787;32.4;8.25207;40.6916;32.1;184;304.991;268.938;265;360;270;268;290.22;290.075;70;264.908;0;1;;;1020.09;1;1
1950;0.4;53.0498;32.4;8.21051;40.489;32.1;185;304.991;269.184;265;360;270;268;290.22;290.22;70;264.907;0;1;;;1018.28;1;1
1951;0.4;52.8472;32.4;8.12377;40.489;32.1;183;305.136;268.902;265;360;270;268;290.365;290.22;70;264.908;0;1;;;1018.28;1;1
1952;0.4;53.0179;32.4;8.16854;40.4601;32.1;183;305.266;268.895;265;360;270;268;290.365;290.22;70;264.913;0;1;;;1016.52;1;1
1953;0.4;53.0498;32.4;8.17344;40.3414;32.1;184;305.223;268.909;265;360;270;268;290.365;290.075;70;264.917;0;1;;;1016.52;1;1
1954;0.4;52.8443;32.4;8.16025;40.1823;32.1;180;305.107;268.924;265;360;270;268;290.365;290.075;70;264.927;0;1;;;1015.5;1;1
1955;0.4;52.5405;32.4;8.09498;40.081;32.1;181;305.006;268.96;265;360;270;268;290.22;290.075;70;264.936;0;1;;;1014.6;1;1
1956;0.4;52.3148;32.4;8.06021;40.2865;32.1;183;305.02;268.953;265;360;270;268;290.22;290.22;70;264.942;0;1;;;1013.24;1;1
1957;0.4;52.338;32.4;8.02721;40.3877;32.1;181;305.15;268.938;265;360;270;268;290.365;290.22;70;264.946;0;1;;;1011;1;1
1958;0.4;52.6244;32.4;8.10791;40.3791;32.1;182;305.252;268.931;265;360;270;268;290.365;290.075;70;264.95;0;1;;;1011;1;1
1959;0.4;52.5405;32.4;8.07662;40.2922;32.1;181;305.208;268.924;265;360;270;268;290.365;290.22;70;264.95;0;1;;;1010.1;1;1
1960;0.4;52.6418;32.4;8.09219;40.081;32.1;181;305.107;268.916;265;360;270;268;290.365;290.075;70;264.945;0;1;;;1010.1;1;1
1961;0.4;52.4363;32.4;8.00563;40.2865;32.1;174;305.006;268.909;265;360;270;268;290.365;290.22;70;264.939;0;1;;;1007.37;1;1
1962;0.4;52.2367;32.4;7.97515;40.3009;32.1;173;305.078;269.17;265;360;270;268;290.365;290.22;70;264.935;0;1;;;1005.57;1;1
1963;0.4;52.6418;32.4;8.01861;40.3877;32.1;177;305.208;269.191;265;360;270;268;290.365;290.22;70;264.931;0;1;;;1005.11;1;1
1964;0.4;52.7431;32.4;8.01561;40.2865;32.1;177;305.252;269.177;265;360;270;268;290.22;290.22;70;264.93;0;1;;;1003.7;1;1
1965;0.4;52.8501;32.4;8.01342;40.0839;32.1;178;305.165;269.17;265;360;270;268;290.365;290.22;70;264.926;0;1;;;1003.7;1;1
1966;0.4;52.9774;32.4;8.01421;40.3877;32.1;181;305.064;269.148;265;360;270;268;290.365;290.22;70;264.924;0;1;;;1001.43;1;1
1967;0.4;53.0469;32.4;8.00619;40.5903;32.1;182;304.991;269.133;265;360;270;268;290.365;290.075;70;264.921;0;1;;;1001.43;1;1
1968;0.4;53.0758;32.4;8.0291;40.3877;32.1;175;304.991;269.126;265;360;270;268;290.365;290.365;70;264.924;0;1;;;999.632;1;1
1969;0.4;52.691;32.4;7.98929;40.1823;32.1;178;305.208;269.126;265;360;270;268;290.365;290.22;70;264.926;0;1;;;999.149;1;1
1970;0.4;52.5405;32.4;7.92976;40.2865;32.1;182;305.266;269.148;265;360;270;268;290.365;290.22;70;264.932;0;1;;;999.149;1;1
1971;0.4;52.5839;32.4;7.89958;40.5903;32.1;183;305.252;268.916;265;360;270;268;290.365;290.365;70;264.932;0;1;;;996.652;1;1
1972;0.4;52.7402;32.4;7.94147;40.5903;32.1;182;305.078;269.198;265;360;270;268;290.365;290.22;70;264.939;0;1;;;996.343;1;1
1973;0.4;52.6447;32.4;7.89031;40.7147;32.1;183;305.006;269.177;265;360;270;268;290.365;290.22;70;264.944;0;1;;;993.646;1;1
1974;0.4;52.5318;32.4;7.83667;40.5932;32.1;182;305.02;269.162;265;360;270;268;290.365;290.22;70;264.946;0;1;;;993.646;1;1
1975;0.4;52.5405;32.4;7.85632;40.5382;32.1;175;305.15;269.148;265;360;270;268;290.365;290.22;70;264.95;0;1;;;990.678;1;1
1976;0.4;52.1325;32.4;7.7771;40.6916;32.2;176;305.266;269.133;265;360;270;268;290.365;290.22;70;264.956;0;1;;;990.229;1;1
1977;0.4;52.3438;32.4;7.8269;40.6944;32.2;182;305.208;269.126;265;360;270;268;290.365;290.22;70;264.961;0;1;;;990.229;1;1
1978;0.4;52.8328;32.4;7.90002;40.5845;32.2;183;305.093;269.126;265;360;270;268;290.365;290.22;70;264.966;0;1;;;987.28;1;1
1979;0.4;52.7431;32.4;7.86818;40.4716;32.2;176;305.006;269.177;265;360;270;268;290.365;290.075;70;264.964;0;1;;;987.28;1;1
1980;0.4;52.8472;32.4;7.86526;40.5903;32.2;176;305.7;269.206;265;360;270;268;290.365;290.075;70;264.969;0;1;;;985.551;1;1
1981;0.4;52.7431;32.4;7.79448;40.6916;32.2;165;305.758;269.191;265;360;270;268;290.365;290.22;70;264.975;0;1;;;985.103;1;1
1982;0.4;52.5376;32.4;7.74577;40.4601;32.2;160;305.903;269.177;265;360;270;268;290.365;290.22;70;264.978;0;1;;;981.969;1;1
1983;0.4;52.4942;32.4;7.75771;40.2865;32.2;160;305.961;269.162;265;360;270;268;290.365;290.22;70;264.981;0;1;;;981.969;1;1
1984;0.4;52.338;32.4;7.7529;40.3154;32.2;164;305.917;269.148;265;360;270;268;290.365;290.075;70;264.986;0;1;;;981.969;1;1
1985;0.4;52.8472;32.4;7.79142;40.3877;32.2;162;305.859;269.133;265;360;270;268;290.365;290.22;70;264.988;0;1;;;981.521;1;1
1986;0.4;52.6418;32.4;7.76113;40.5903;32.2;160;305.816;269.126;265;360;270;268;290.365;290.22;70;264.992;0;1;;;981.521;1;1
1987;0.4;52.338;32.4;7.66146;40.4716;32.2;157;305.758;269.177;265;360;270;268;290.365;290.22;70;265.001;0;1;;;979.686;1;1
1988;0.4;52.3293;32.4;7.67849;40.6916;32.2;156;305.411;268.938;265;360;270;268;290.365;290.22;70;265.009;0;1;;;979.686;1;1
1989;0.4;52.4392;32.4;7.69463;40.6916;32.2;157;305.483;268.924;265;360;270;268;290.365;290.22;70;265.02;0;1;;;978.311;1;1
1990;0.4;52.5116;32.4;7.68687;40.5903;32.2;157;305.613;268.916;265;360;270;268;290.365;290.22;70;265.029;0;1;;;977.864;1;1
1991;0.4;52.6418;32.4;7.70593;40.3877;32.2;150;305.237;268.887;265;360;270;268;290.365;290.22;70;265.034;0;1;;;975.036;1;1
1992;0.4;52.7431;32.4;7.73921;40.489;32.2;152;305.237;268.873;265;360;270;268;290.365;290.22;70;265.039;0;1;;;974.59;1;1
1993;0.4;52.4392;32.4;7.63964;40.5903;32.2;159;305.122;268.859;265;360;270;268;290.365;290.22;70;265.048;0;1;;;974.144;1;1
1994;0.4;52.6418;32.4;7.61398;40.6944;32.2;159;305.02;268.873;265;360;270;268;290.365;290.22;70;265.054;0;1;;;971.913;1;1
1995;0.4;52.2338;32.4;7.60971;40.5903;32.2;157;304.991;268.924;265;360;270;268;290.365;290.22;70;265.059;0;1;;;971.467;1;1
1996;0.4;52.1325;32.4;7.57675;40.2865;32.2;158;305.107;268.931;265;360;270;268;290.365;290.365;70;265.067;0;1;;;968.486;1;1
1997;0.4;52.5405;32.4;7.63604;40.2865;32.2;155;305.208;268.916;265;360;270;268;290.509;290.22;70;265.076;0;1;;;967.15;1;1
1998;0.4;52.7431;32.4;7.62863;40.3964;32.2;155;304.659;268.895;265;360;270;268;290.365;290.22;70;265.085;0;1;;;965.991;1;1
1999;0.4;52.4392;32.4;7.56637;40.5903;32.2;154;304.528;268.88;265;360;270;268;290.365;290.365;70;265.098;0;1;;;965.991;1;1
2000;0.4;52.5405;32.4;7.61769;40.5903;32.2;157;304.413;268.743;265;360;270;268;290.365;290.22;70;265.109;0;1;;;964.212;1;1
2001;0.4;52.5405;32.4;7.59933;40.3877;32.2;160;304.326;268.743;265;360;270;268;290.365;290.22;70;265.119;0;1;;;961.24;1;1
2002;0.4;52.5405;32.4;7.58098;40.4022;32.2;166;304.268;268.793;265;360;270;268;290.365;290.22;70;265.136;0;1;;;960.795;1;1
2003;0.4;52.5405;32.4;7.56262;40.5903;32.2;166;304.355;268.808;265;360;270;268;290.365;290.22;70;265.146;0;1;;;959.907;1;1
2004;0.4;52.4392;32.4;7.51138;40.6916;32.2;163;304.442;268.793;265;360;270;268;290.509;290.22;70;265.164;0;1;;;959.907;1;1
2005;0.4;52.5405;32.4;7.52589;40.5903;32.2;153;304.225;268.772;265;360;270;268;290.365;290.365;70;265.177;0;1;;;958.702;1;1
2006;0.4;52.7402;32.4;7.59136;40.3877;32.2;143;304.225;268.75;265;360;270;268;290.365;290.22;70;265.19;0;1;"CUSN6       ";;957.815;1;1
2007;0.4;52.6418;32.4;7.52201;40.4716;32.2;145;304.109;268.736;265;360;270;268;290.365;290.22;70;265.201;0;1;;;956.442;1;1
2008;0.4;52.7546;32.4;7.53813;40.2865;32.2;152;304.008;268.779;265;360;270;268;290.365;290.365;70;265.212;0;1;;;953.782;1;1
2009;0.4;52.2338;32.4;7.46371;40.1823;32.1;149;303.964;268.815;265;360;270;268;290.365;290.365;70;265.219;0;1;;;953.782;1;1
2010;0.4;52.1325;32.4;7.37639;40.1852;32.1;148;304.109;268.793;265;360;270;268;290.365;290.365;70;265.228;0;1;;;952.453;1;1
2011;0.4;52.338;32.4;7.38718;40.2865;32.1;148;304.196;268.772;265;360;270;268;290.365;290.22;70;265.231;0;1;;;952.453;1;1
2012;0.4;52.338;32.4;7.44203;40.2865;32.1;143;303.472;268.75;265;360;270;268;290.365;290.22;70;265.231;0;1;;;950.725;1;1
2013;0.4;52.6418;32.3;7.14621;40.081;32.1;148;303.356;268.736;265;360;270;268;290.365;290.22;70;265.226;0;1;;;950.725;1;1
2014;0.4;52.9485;32.3;7.15085;40.1852;32.1;159;303.776;268.808;265;360;270;268;290.365;290.22;70;265.222;0;1;;;948.485;1;1
2015;0.4;52.9485;32.3;7.15085;40.1823;32.1;157;303.024;268.815;265;360;270;268;290.509;290.22;70;265.217;0;1;;;948.08;1;1
2016;0.4;52.7431;32.3;7.1231;40.2836;32.1;149;302.995;268.801;265;360;270;268;290.509;290.22;70;265.213;0;1;;;947.195;1;1
2017;0.4;52.6418;32.3;7.09104;40.3848;32.1;152;303.139;268.779;265;360;270;268;290.509;290.22;70;265.206;0;1;;;945.428;1;1
2018;0.4;52.8443;32.3;7.0814;40.3877;32.1;161;303.212;268.757;265;360;270;268;290.509;290.22;70;265.202;0;1;;;945.428;1;1
2019;0.4;52.6418;32.3;7.05426;40.5903;32.1;161;303.154;268.743;265;360;270;268;290.365;290.22;70;265.199;0;1;;;943.069;1;1
2020;0.4;52.5926;32.3;7.02927;40.489;32.1;163;303.038;268.757;265;360;270;268;290.365;290.22;70;265.193;0;1;;;942.874;1;1
2021;0.4;52.7431;32.3;7.08625;40.3877;32.1;165;302.185;268.815;265;360;270;268;290.509;290.365;70;265.182;0;1;;;938.905;1;1
2022;0.4;52.4537;32.3;7.01071;40.2865;32.1;169;302.199;268.801;265;360;270;268;290.509;290.365;70;265.173;0;1;;;938.905;1;1
2023;0.4;52.7431;32.3;7.04938;40.2865;32.1;177;302.85;268.764;265;360;270;268;290.654;290.365;70;265.165;0;1;;;938.905;1;1
2024;0.4;53.044;32.3;7.07107;40.2865;32.1;186;302.387;268.757;265;360;270;268;290.509;290.365;70;265.157;0;1;;;938.644;1;1
2025;0.4;52.7402;32.3;6.9753;40.2894;32.1;187;302.431;268.909;265;360;270;268;290.509;290.365;70;265.151;0;1;;;938.138;1;1
2026;0.4;52.3351;32.3;6.94;40.4051;32.1;193;302.373;268.902;265;360;270;268;290.509;290.365;70;265.145;0;1;;;935.853;1;1
2027;0.4;52.3495;32.3;6.94192;40.489;32.1;196;302.3;268.938;265;360;270;268;290.509;290.365;70;265.14;0;1;;;935.413;1;1
2028;0.4;52.6418;32.3;6.96228;40.3877;32.1;200;302.619;269.018;265;360;270;268;290.509;290.22;70;265.136;0;1;;;932.501;1;1
2029;0.4;52.5926;32.3;6.91903;40.1823;32.1;196;302.59;269.047;265;360;270;268;290.509;290.22;70;265.132;0;1;;;932.501;1;1
2030;0.4;52.3351;32.3;6.90344;40.2431;32.1;188;302.648;269.032;265;360;270;268;290.509;290.22;70;265.131;0;1;;;931.293;1;1
2031;0.4;52.6939;32.3;6.93236;40.1852;32.1;192;303.111;268.989;265;360;270;268;290.509;290.22;70;265.127;0;1;;;931.293;1;1
2032;0.4;53.1395;32.3;6.99098;40.1852;32.1;187;303.154;268.924;265;360;270;268;290.509;290.22;70;265.124;0;1;"CUSN6       ";;930.853;1;1
2033;0.4;52.9485;32.3;6.89184;40.1823;32.1;187;303.168;268.938;265;360;270;268;290.365;290.22;70;265.122;0;1;;;928.657;1;1
2034;0.4;52.7431;32.3;6.88353;40.081;32.1;187;303.067;269.003;265;360;270;268;290.365;290.22;70;265.119;0;1;;;928.218;1;1
2035;0.4;52.8443;32.3;6.87828;39.9797;32.1;187;302.966;269.061;265;360;270;268;290.365;290.22;70;265.117;0;1;"CUSN6       ";;926.163;1;1
2036;0.4;52.8559;32.3;6.86133;40.081;32.1;190;303.66;269.018;265;360;270;268;290.365;290.22;70;265.113;0;1;;;926.163;1;1
2037;0.4;52.6418;32.3;6.81514;40.1649;32.1;187;303.747;268.996;265;360;270;268;290.365;290.22;70;265.111;0;1;;;924.448;1;1
2038;0.4;52.4768;32.3;6.79379;40.1823;32.1;176;303.834;269.018;265;360;270;268;290.365;290.22;70;265.107;0;1;;;924.448;1;1
2039;0.4;52.4392;32.3;6.75228;40.1823;32.1;171;303.892;269.003;265;360;270;268;290.365;290.22;70;265.103;0;1;"CUSN6       ";;921.251;1;1
2040;0.4;52.6418;32.3;6.79675;40.1823;32.1;171;304.225;268.924;265;360;270;268;290.365;290.22;70;265.095;0;1;;;921.251;1;1
2041;0.4;52.9485;32.3;6.74384;40.489;32.1;165;304.123;268.909;265;360;270;268;290.365;290.22;70;265.089;0;1;;;919.5;1;1
2042;0.4;52.9543;32.3;6.7631;40.3848;32.1;165;304.036;268.924;265;360;270;268;290.365;290.22;70;265.08;0;1;;;918.187;1;1
2043;0.4;53.0498;32.3;6.7753;40.489;32.1;170;303.964;268.967;265;360;270;268;290.365;290.22;70;265.071;0;1;;;917.75;1;1
2044;0.4;53.3565;32.3;6.85175;40.5874;32.1;168;304.036;268.981;265;360;270;268;290.365;290.075;70;265.063;0;1;;;916.001;1;1
2045;0.4;53.4491;32.3;6.78893;40.3877;32.1;168;304.167;268.938;265;360;270;268;290.22;290.075;70;265.061;0;1;;;916.001;1;1
2046;0.4;53.151;32.3;6.69537;40.3791;32.1;171;304.239;268.916;265;360;270;268;290.365;290.075;70;265.056;0;1;;;914.253;1;1
2047;0.4;52.8472;32.3;6.69402;40.2865;32.1;177;304.181;268.931;265;360;270;268;290.365;290.22;70;265.05;0;1;;;914.253;1;1
2048;0.4;52.4392;32.3;6.64234;40.1881;32.1;175;304.601;268.931;265;360;270;268;290.509;290.075;70;265.045;0;1;;;912.07;1;1
2049;0.4;52.5405;32.3;6.61846;40.1852;32.1;170;304.528;268.887;265;360;270;268;290.365;290.22;70;265.039;0;1;;;912.07;1;1
2050;0.4;52.4942;32.3;6.55761;40.081;32.1;168;304.47;268.945;265;360;270;268;290.365;290.075;70;265.036;0;1;;;910.435;1;1
2051;0.4;52.4392;32.3;6.55075;40.081;32.1;163;304.528;268.974;265;360;270;268;290.365;290.22;70;265.032;0;1;;;908.557;1;1
2052;0.4;52.338;32.3;6.53809;40.1852;32.1;163;304.369;269.01;265;360;270;268;290.509;290.22;70;265.029;0;1;;;907.975;1;1
2053;0.4;52.5318;32.3;6.52558;39.9682;32.1;161;304.456;269.047;265;360;270;268;290.509;290.22;70;265.026;0;1;;;906.282;1;1
2054;0.4;52.636;32.3;6.55694;39.9797;32.1;167;304.499;269.032;265;360;270;268;290.365;290.075;70;265.024;0;1;;;905.86;1;1
2055;0.4;52.5405;32.3;6.50831;40.081;32.1;171;304.47;268.967;265;360;270;268;290.365;290.22;70;265.027;0;1;;;904.364;1;1
2056;0.4;52.0312;32.3;6.4634;40.1823;32.1;169;304.398;268.967;265;360;270;268;290.365;290.22;70;265.029;0;1;;;903.928;1;1
2057;0.4;52.338;32.4;6.82028;40.081;32.1;167;304.326;269.09;265;360;270;268;290.365;290.22;70;265.034;0;1;;;901.709;1;1
2058;0.4;52.5405;32.4;6.80997;40.081;32.1;167;304.268;269.097;265;360;270;268;290.509;290.22;70;265.036;0;1;;;901.709;1;1
2059;0.4;52.6418;32.3;6.46568;40.1823;32.1;167;304.253;269.09;265;360;270;268;290.365;290.22;70;265.035;0;1;;;900.84;1;1
2060;0.4;52.6389;32.4;6.82272;40.081;32.1;168;304.34;269.032;265;360;270;268;290.365;290.22;70;265.034;0;1;;;899.157;1;1
2061;0.4;52.6447;32.4;6.73151;40.0984;32.1;168;304.442;269.068;265;360;270;268;290.365;290.22;70;265.03;0;1;;;897.604;1;1
2062;0.4;52.7459;32.4;6.76289;40.2836;32.1;166;304.528;269.061;265;360;270;268;290.365;290.22;70;265.03;0;1;;;896.736;1;1
2063;0.4;52.8848;32.4;6.74372;40.026;32.1;166;304.543;269.047;265;360;270;268;290.365;290.22;70;265.027;0;1;;;895.868;1;1
2064;0.4;52.7431;32.4;6.70722;40.081;32.1;167;304.659;268.873;265;360;270;268;290.365;290.22;70;265.024;0;1;;;895.098;1;1
2065;0.4;52.5463;32.4;6.71894;40.1823;32.1;169;304.369;269.054;265;360;270;268;290.365;290.075;70;265.022;0;1;;;894.665;1;1
2066;0.4;52.1499;32.4;6.59535;40.2836;32.1;174;304.485;268.974;265;360;270;268;290.365;290.22;70;265.02;0;1;;;891.592;1;1
2067;0.4;52.4363;32.4;6.61326;40.2083;32.1;179;304.311;269.112;265;360;270;268;290.365;290.075;70;265.018;0;1;;;891.592;1;1
2068;0.4;52.4392;32.4;6.57699;40.081;32.1;181;304.355;269.083;265;360;270;268;290.22;290.22;70;265.016;0;1;;;890.564;1;1
2069;0.4;52.3351;32.4;6.5822;39.9797;32.1;174;304.442;269.003;265;360;270;268;290.365;290.22;70;265.015;0;1;;;890.131;1;1
2070;0.4;52.2859;32.4;6.55775;39.8785;32.1;181;304.514;269.003;265;360;270;268;290.22;290.075;70;265.016;0;1;;;887.672;1;1
2071;0.4;52.5405;32.4;6.60804;39.7772;32.1;174;304.528;269.278;265;360;270;268;290.22;290.075;70;265.015;0;1;;;885.942;1;1
2072;0.4;52.7431;32.4;6.55979;39.8785;32.1;175;304.499;269.293;265;360;270;268;290.365;290.075;70;265.013;0;1;;;885.942;1;1
2073;0.4;52.662;32.4;6.53132;40.081;32.1;180;304.398;269.3;265;360;270;268;290.365;290.075;70;265.012;0;1;;;885.579;1;1
2074;0.4;52.7459;32.4;6.54172;40.1823;32.1;183;304.34;269.285;265;360;270;268;290.22;289.931;70;265.011;0;1;;;885.579;1;1
2075;0.4;52.338;32.4;6.47284;40.1736;32.1;182;304.268;269.307;265;360;270;268;290.22;289.931;70;265.01;0;1;;;881.731;1;1
2076;0.4;52.338;32.4;6.50941;40.081;32.1;175;304.282;269.293;265;360;270;268;290.22;290.075;70;265.015;0;1;;;881.731;1;1
2077;0.4;52.6418;32.4;6.52881;40.0781;32.1;171;304.355;269.271;265;360;270;268;290.22;290.075;70;265.018;0;1;;;880.135;1;1
2078;0.4;52.6389;32.4;6.49167;40.081;32.1;179;304.485;269.249;265;360;270;268;290.22;290.075;70;265.022;0;1;;;880.135;1;1
2079;0.4;52.3351;32.4;6.39935;39.9797;32.1;187;304.557;269.3;265;360;270;268;290.22;290.075;70;265.027;0;1;;;878.335;1;1
2080;0.4;52.4392;32.4;6.43041;39.7772;32.1;185;304.499;269.329;265;360;270;268;290.22;290.075;70;265.03;0;1;;;877.904;1;1
2081;0.4;52.2338;32.4;6.35047;39.8785;32.1;181;304.427;269.314;265;360;270;268;290.22;290.075;70;265.029;0;1;;;876.612;1;1
2082;0.4;52.2338;32.4;6.38697;39.8785;32.1;175;304.398;269.3;265;360;270;268;290.365;290.075;70;265.032;0;1;;;874.889;1;1
2083;0.4;52.4392;32.4;6.37545;39.9479;32.1;171;304.311;269.061;265;360;270;268;290.365;290.075;70;265.033;0;1;;;874.889;1;1
2084;0.4;52.2338;32.4;6.35047;39.9797;32.1;170;304.413;269.097;265;360;270;268;290.22;290.075;70;265.036;0;1;;;872.286;1;1
2085;0.4;52.6447;32.4;6.30845;40.2778;32.1;174;304.543;269.336;265;360;270;268;290.22;290.075;70;265.037;0;1;;;871.865;1;1
2086;0.4;52.2367;32.4;6.29606;40.2865;32.1;176;304.601;269.336;265;360;270;268;290.365;290.075;70;265.034;0;1;;;870.636;1;1
2087;0.4;52.3293;32.4;6.3255;40.2865;32.1;175;305.266;269.285;265;360;270;268;290.365;290.075;70;265.036;0;1;;;870.636;1;1
2088;0.4;52.1383;32.4;6.26598;40.081;32.1;162;305.136;269.293;265;360;270;268;290.365;290.075;70;265.046;0;1;;;866.874;1;1
2089;0.4;52.338;32.4;6.30826;40.081;32.1;161;305.078;269.293;265;360;270;268;290.22;290.075;70;265.052;0;1;;;866.521;1;1
2090;0.4;52.2483;32.4;6.26095;39.9797;32.1;157;304.991;269.256;265;360;270;268;290.22;290.075;70;265.058;0;1;;;865.205;1;1
2091;0.4;52.2367;32.4;6.20481;39.8785;32.1;158;305.049;269.3;265;360;270;268;290.22;290.075;70;265.063;0;1;;;863.061;1;1
2092;0.4;52.5405;32.4;6.27761;39.8785;32.1;156;305.179;269.343;265;360;270;268;290.365;290.22;70;265.067;0;1;;;863.061;1;1
2093;0.4;52.1296;32.4;6.21031;40.081;32.1;154;305.252;269.321;265;360;270;268;290.365;290.075;70;265.076;0;1;;;861.446;1;1
2094;0.4;52.1441;32.4;6.1756;39.9797;32.1;155;305.165;269.278;265;360;270;268;290.365;290.075;70;265.089;0;1;;;861.446;1;1
2095;0.4;52.5405;32.4;6.22255;39.7743;32.1;155;305.107;269.278;265;360;270;268;290.365;290.22;70;265.102;0;1;;;858.284;1;1
2096;0.4;52.5145;32.4;6.18275;39.6759;32.1;153;304.991;269.271;265;360;270;268;290.365;290.22;70;265.113;0;1;;;858.284;1;1
2097;0.4;52.4392;32.4;6.19221;39.7917;32.1;152;305.078;269.329;265;360;270;268;290.365;290.22;70;265.123;0;1;;;856.093;1;1
2098;0.4;52.6447;32.4;6.19808;39.8785;32.1;149;304.745;269.307;265;360;270;268;290.365;290.075;70;265.131;0;1;;;856.093;1;1
2099;0.4;52.8443;32.4;6.20312;40.081;32.1;149;304.905;269.293;265;360;270;268;290.365;290.22;70;265.139;0;1;;;855.123;1;1
2100;0.4;52.7431;32.4;6.19124;40.2836;32.1;152;304.803;269.271;265;360;270;268;290.365;290.22;70;265.146;0;1;;;854.293;1;1
2101;0.4;52.8299;32.4;6.21988;40.081;32.1;156;304.716;269.256;265;360;270;268;290.365;290.22;70;265.15;0;1;;;853.866;1;1
2102;0.4;52.6418;32.4;6.12418;39.9248;32.1;156;304.644;269.256;265;360;270;268;290.365;290.22;70;265.151;0;1;;;852.011;1;1
2103;0.4;52.4392;32.4;6.0823;40.0781;32.1;152;304.543;269.329;265;360;270;268;290.365;290.22;70;265.157;0;1;;;852.011;1;1
2104;0.4;52.5405;32.4;6.1124;39.9797;32.1;147;304.499;269.314;265;360;270;268;290.365;290.22;70;265.161;0;1;"CUSN6       ";;849.063;1;1
2105;0.4;52.4392;32.4;6.04566;39.8785;32.1;147;304.543;269.285;265;360;270;268;290.365;290.365;70;265.166;0;1;;;848.481;1;1
2106;0.4;52.5405;32.4;6.07569;40.081;32.1;143;304.109;269.271;265;360;270;268;290.365;290.22;70;265.169;0;1;;;845.546;1;1
2107;0.4;52.7691;32.4;6.10212;40.1823;32.1;147;304.239;269.256;265;360;270;268;290.365;290.365;70;265.174;0;1;;;845.546;1;1
2108;0.4;52.7431;32.4;6.09911;39.9797;32.1;152;304.21;269.264;265;360;270;268;290.509;290.22;70;265.178;0;1;;;843.87;1;1
2109;0.4;52.1325;32.4;5.97385;39.9797;32.1;154;304.094;269.321;265;360;270;268;290.509;290.365;70;265.189;0;1;;;843.444;1;1
2110;0.4;52.2338;32.4;6.02197;40.081;32.1;154;303.993;269.314;265;360;270;268;290.509;290.365;70;265.202;0;1;;;841.743;1;1
2111;0.4;52.1325;32.4;5.99206;40.1823;32.1;150;303.559;269.293;265;360;270;268;290.509;290.22;70;265.213;0;1;;;841.743;1;1
2112;0.4;51.6406;32.4;5.95359;40.2865;32.1;152;303.573;269.293;265;360;270;268;290.509;290.22;70;265.22;0;1;;;841.743;1;1
2113;0.4;51.8258;32.4;5.9387;40.081;32.1;159;303.689;269.256;265;360;270;268;290.509;290.22;70;265.229;0;1;;;839.619;1;1
2114;0.4;51.9271;32.4;5.93217;39.9797;32.1;157;303.762;269.278;265;360;270;268;290.509;290.365;70;265.239;0;1;;;838.345;1;1
2115;0.4;51.7245;32.4;5.9271;39.9653;32.1;155;303.791;269.329;265;360;270;268;290.509;290.365;70;265.257;0;1;;;836.223;1;1
2116;0.4;51.93;32.4;5.91436;39.8785;32.1;154;303.805;269.307;265;360;270;268;290.509;290.365;70;265.273;0;1;;;836.223;1;1
2117;0.4;52.1325;32.3;5.56526;39.9797;32.1;155;303.675;269.285;265;360;270;268;290.654;290.365;70;265.288;0;1;;;834.698;1;1
2118;0.4;52.2338;32.3;5.59432;39.9769;32.1;151;303.024;269.271;265;360;270;268;290.509;290.365;70;265.303;0;1;;;834.698;1;1
2119;0.4;52.3032;32.3;5.58348;40.081;32.1;151;302.937;269.256;265;360;270;268;290.654;290.365;70;265.32;0;1;"CUSN6       ";;833.003;1;1
2120;0.4;52.338;32.3;5.62376;39.9797;32.1;155;302.98;269.293;265;360;270;268;290.509;290.509;70;265.339;0;1;;;833.003;1;1
2121;0.4;52.2396;32.3;5.57669;40.0376;32.1;154;303.125;269.321;265;360;270;268;290.509;290.509;70;265.356;0;1;;;831.732;1;1
2122;0.4;52.2338;32.3;5.55782;39.9797;32.1;148;303.212;269.307;265;360;270;268;290.654;290.365;70;265.374;0;1;;;831.732;1;1
2123;0.4;52.0284;32.3;5.53596;39.9161;32.1;146;303.154;269.278;265;360;270;268;290.654;290.509;70;265.388;0;1;;;830.476;1;1
2124;0.4;52.2193;32.3;5.5198;40.081;32.1;145;302.98;269.242;265;360;270;268;290.509;290.509;70;265.401;0;1;;;827.515;1;1
2125;0.4;52.2396;32.3;5.59494;40.2865;32.1;142;302.937;269.242;265;360;270;268;290.654;290.509;70;265.416;0;1;;;827.515;1;1
2126;0.4;52.3119;32.3;5.54786;40.1823;32.1;133;303.053;269.307;265;360;270;268;290.654;290.654;70;265.434;0;1;;;826.07;1;1
2127;0.4;52.338;32.3;5.49575;40.1591;32.1;126;303.154;269.3;265;360;270;268;290.654;290.509;70;265.447;0;1;;;825.984;1;1
2128;0.4;52.2367;32.3;5.52164;40.081;32.1;123;303.212;269.278;265;360;270;268;290.654;290.509;70;265.461;0;1;;;825.139;1;1
2129;0.4;52.3351;32.3;5.53203;39.9566;32.1;118;303.038;269.256;265;360;270;268;290.654;290.509;70;265.468;0;1;;;824.439;1;1
2130;0.4;51.93;32.3;5.47105;40.0839;32.1;118;302.604;269.242;265;360;270;268;290.799;290.509;70;265.48;0;1;;;820.525;1;1
2131;0.4;51.93;32.3;5.45291;40.2807;32.1;124;302.488;269.596;265;360;270;268;290.799;290.654;70;265.491;0;1;;;820.031;1;1
2132;0.4;52.0312;32.3;5.48172;40.1765;32.1;125;302.445;269.633;265;360;270;268;290.799;290.654;70;265.501;0;1;;;818.741;1;1
2133;0.4;52.2367;32.3;5.50336;39.9826;32.1;122;302.431;269.661;265;360;270;268;290.799;290.654;70;265.507;0;1;;;818.741;1;1
2134;0.4;52.2367;32.3;5.48511;39.7743;32.1;115;302.054;269.654;265;360;270;268;290.799;290.799;70;265.512;0;1;;;817.626;1;1
2135;0.4;52.2338;32.3;5.44831;39.8785;32.1;111;302.083;269.64;265;360;270;268;290.654;290.654;70;265.519;0;1;;;817.179;1;1
2136;0.4;52.1904;32.3;5.46202;39.6759;32.1;118;302.141;269.611;265;360;270;268;290.799;290.654;70;265.518;0;1;;;816.337;1;1
2137;0.4;52.2396;32.3;5.43067;39.8785;32.1;120;301.953;269.604;265;360;270;268;290.799;290.509;70;265.517;0;1;;;814.502;1;1
2138;0.4;51.93;32.3;5.38034;40.0203;32.1;118;301.606;269.502;265;360;270;268;290.654;290.509;70;265.515;0;1;"CUSN6       ";;813.599;1;1
2139;0.4;52.0312;32.3;5.48172;40.081;32.1;118;301.432;269.589;265;360;270;268;290.654;290.509;70;265.514;0;1;;;812.282;1;1
2140;0.4;52.1325;32.3;5.43775;40.1302;32.1;118;300.883;269.625;265;360;270;268;290.654;290.509;70;265.512;0;1;;;811.165;1;1
2141;0.4;52.338;32.3;5.42261;40.1823;32.1;120;301.027;269.517;265;360;270;268;290.654;290.509;70;265.513;0;1;;;809.906;1;1
2142;0.4;52.3322;32.3;5.42201;39.9797;32.1;130;301.157;269.517;265;360;270;268;290.654;290.509;70;265.516;0;1;;;809.906;1;1
2143;0.4;52.338;32.3;5.40433;39.7772;32;136;300.694;269.51;265;360;270;268;290.654;290.509;70;265.515;0;1;;;807.807;1;1
2144;0.4;52.1383;32.3;5.40193;39.6759;32;139;300.651;269.466;265;360;270;268;290.654;290.509;70;265.513;0;1;;;807.388;1;1
2145;0.4;52.2338;32.3;5.41182;39.8785;32;152;300.579;269.444;265;360;270;268;290.654;290.509;70;265.512;0;1;;;804.035;1;1
2146;0.4;52.4363;32.2;5.0768;40.2836;32;148;300.477;269.459;265;360;270;268;290.509;290.365;70;265.511;0;1;;;804.035;1;1
2147;0.4;52.6418;32.2;5.13347;40.1823;32;148;299.87;269.444;265;360;270;268;290.654;290.509;70;265.51;0;1;;;801.942;1;1
2148;0.4;52.7431;32.2;5.16177;39.9797;32;154;299.986;269.423;265;360;270;268;290.654;290.509;70;265.509;0;1;;;801.523;1;1
2149;0.4;52.6186;32.2;5.09445;39.9797;32;165;300.101;269.459;265;360;270;268;290.654;290.509;70;265.507;0;1;;;799.432;1;1
2150;0.4;51.9126;32.2;5.00796;40.1823;32;165;300.116;269.473;265;360;270;268;290.654;290.365;70;265.506;0;1;;;797.76;1;1
2151;0.4;52.1325;32.2;5.08381;39.9797;32;169;299.986;269.481;265;360;270;268;290.654;290.509;70;265.506;0;1;;;797.387;1;1
2152;0.4;52.1296;32.2;5.08353;39.8756;32;168;299.986;269.69;265;360;270;268;290.654;290.509;70;265.503;0;1;;;795.299;1;1
2153;0.4;52.2338;32.2;5.0207;39.6267;32;167;299.826;269.661;265;360;270;268;290.654;290.509;70;265.503;0;1;"CUSN6       ";;795.299;1;1
2154;0.4;52.1296;32.2;5.0289;39.6759;32;168;299.87;269.654;265;360;270;268;290.799;290.509;70;265.503;0;1;;;793.809;1;1
2155;0.4;52.0718;32.2;5.00512;39.8206;32;169;299.986;269.64;265;360;270;268;290.799;290.509;70;265.5;0;1;;;793.668;1;1
2156;0.4;52.0197;32.2;4.98192;39.7772;32;167;300.174;269.633;265;360;270;268;290.799;290.509;70;265.497;0;1;;;791.166;1;1
2157;0.4;51.93;32.2;4.95519;39.7772;32;167;300.087;269.64;265;360;270;268;290.799;290.654;70;265.498;0;1;;;791.166;1;1
2158;0.4;52.1354;32.2;4.993;39.8785;32;169;299.957;269.459;265;360;270;268;290.654;290.509;70;265.499;0;1;;;789.764;1;1
2159;0.4;52.2338;32.2;5.05719;40.026;32;167;299.87;269.444;265;360;270;268;290.654;290.509;70;265.5;0;1;;;789.764;1;1
2160;0.4;52.0284;32.2;5.00095;40.1823;32;167;299.899;269.459;265;360;270;268;290.799;290.509;70;265.5;0;1;;;788.098;1;1
2161;0.4;51.8287;32.2;4.92742;40.081;32;168;300.043;269.444;265;360;270;268;290.799;290.654;70;265.503;0;1;"CUSN6       ";;787.682;1;1
2162;0.4;52.1152;32.2;4.97286;40.081;32;167;300.55;269.401;265;360;270;268;290.799;290.654;70;265.503;0;1;;;786.018;1;1
2163;0.4;52.4392;32.2;5.0221;40.081;32;168;300.579;269.387;265;360;270;268;290.799;290.654;70;265.506;0;1;;;785.187;1;1
2164;0.4;52.4392;32.2;4.98546;40.081;32;157;300.535;269.401;265;360;270;268;290.799;290.654;70;265.506;0;1;;;783.881;1;1
2165;0.4;52.4421;32.2;5.00406;40.3877;32;157;300.448;269.408;265;360;270;268;290.943;290.799;70;265.506;0;1;;;783.138;1;1
2166;0.4;52.2685;32.2;5.00575;40.489;32;163;300.405;269.314;265;360;270;268;290.943;290.799;70;265.506;0;1;;;782.307;1;1
2167;0.4;52.1325;32.2;4.99273;40.081;32;159;300.318;269.307;265;360;270;268;290.943;290.799;70;265.506;0;1;;;782.307;1;1
2168;0.4;52.3351;32.2;4.99384;39.8785;32;155;300.868;269.293;265;360;270;268;290.799;290.654;70;265.506;0;1;;;780.673;1;1
2169;0.4;52.3177;32.2;4.99218;39.8785;32;155;301.013;269.271;265;360;270;268;290.799;290.799;70;265.506;0;1;;;778.184;1;1
2170;0.4;52.2338;32.2;4.96593;39.8843;32.1;155;301.128;269.249;265;360;270;268;290.943;290.654;70;265.506;0;1;;;777.114;1;1
2171;0.4;52.2338;32.2;4.92944;39.8785;32.1;144;301.172;269.256;265;360;270;268;290.943;290.799;70;265.504;0;1;;;774.722;1;1
2172;0.4;52.2367;32.2;4.96621;40.2836;32.1;141;301.085;269.321;265;360;270;268;290.943;290.654;70;265.508;0;1;;;774.722;1;1
2173;0.4;52.5405;32.1;4.65672;40.081;32.1;141;300.984;269.314;265;360;270;268;290.943;290.799;70;265.508;0;1;;;772.429;1;1
2174;0.4;52.4392;32.2;4.98546;39.9797;32.1;141;300.911;269.285;265;360;270;268;290.943;290.799;70;265.507;0;1;;;772.429;1;1
2175;0.4;52.3351;32.2;4.95728;40.3877;32.1;141;300.897;269.264;265;360;270;268;290.799;290.654;70;265.507;0;1;;;769.123;1;1
2176;0.4;52.3351;32.2;4.95728;40.2865;32.1;141;300.998;269.256;265;360;270;268;290.943;290.654;70;265.506;0;1;;;769.123;1;1
2177;0.4;51.93;32.2;4.88262;40.0926;32.1;140;301.1;269.271;265;360;270;268;290.943;290.654;70;265.506;0;1;;;768.664;1;1
2178;0.4;52.1643;32.2;4.92288;40.2836;32.1;141;301.172;269.329;265;360;270;268;290.943;290.799;70;265.506;0;1;;;768.251;1;1
2179;0.4;52.338;32.2;4.99412;40.2691;32.1;142;301.1;269.3;265;360;270;268;290.943;290.799;70;265.503;0;1;;;766.137;1;1
2180;0.4;51.93;32.2;4.90076;40.2662;32.1;140;300.955;269.264;265;360;270;268;290.943;290.654;70;265.503;0;1;;;765.01;1;1
2181;0.4;51.9329;32.2;4.90104;40.0955;32.1;141;300.911;269.278;265;360;270;268;290.799;290.654;70;265.503;0;1;;;765.01;1;1
2182;0.4;52.0312;32.2;4.87397;40.1852;32.1;142;300.463;269.271;265;360;270;268;290.943;290.799;70;265.503;0;1;;;763.809;1;1
2183;0.4;52.0312;32.2;4.85579;40.3733;32.1;140;300.564;269.264;265;360;270;268;290.943;290.654;70;265.506;0;1;;;763.505;1;1
2184;0.4;51.9358;32.2;4.90131;40.2865;32.1;152;300.651;269.307;265;360;270;268;290.943;290.799;70;265.506;0;1;;;762.04;1;1
2185;0.4;51.93;32.2;4.88262;40.1823;32.1;156;300.694;269.321;265;360;270;268;291.088;290.799;70;265.506;0;1;;;761.217;1;1
2186;0.4;52.2338;32.2;4.92944;40.489;32.1;148;300.622;269.3;265;360;270;268;290.943;290.799;70;265.506;0;1;;;759.94;1;1
2187;0.4;52.4103;32.2;4.94609;40.5903;32.1;149;300.564;269.285;265;360;270;268;291.088;290.799;70;265.506;0;1;;;759.94;1;1
2188;0.4;52.5405;32.2;4.95838;40.4861;32.1;147;300.477;269.235;265;360;270;268;291.088;290.799;70;265.506;0;1;;;758.401;1;1
2189;0.4;52.4392;32.2;4.89387;40.489;32.1;150;300.448;269.271;265;360;270;268;291.088;290.799;70;265.506;0;1;;;758.401;1;1
2190;0.4;52.1296;32.2;4.86497;40.489;32.1;148;300.463;269.177;265;360;270;268;290.943;290.799;70;265.506;0;1;;;754.683;1;1
2191;0.4;52.1325;32.2;4.90167;40.5903;32.1;145;300.492;269.155;265;360;270;268;290.943;290.799;70;265.503;0;1;;;754.683;1;1
2192;0.4;52.0312;32.2;4.87397;40.3877;32.1;148;300.593;269.148;265;360;270;268;290.943;290.654;70;265.494;0;1;;;752.738;1;1
2193;0.4;52.2049;32.2;4.85376;40.5903;32.1;154;300.694;269.133;265;360;270;268;290.943;290.799;70;265.483;0;1;;;752.738;1;1
2194;0.4;52.4392;32.2;4.87555;40.5903;32.1;155;300.752;269.141;265;360;270;268;290.943;290.799;70;265.474;0;1;;;750.036;1;1
2195;0.4;52.6823;32.2;4.86131;40.7928;32.1;155;300.709;269.133;265;360;270;268;290.799;290.799;70;265.466;0;1;;;749.626;1;1
2196;0.4;52.6418;32.2;4.83918;40.8941;32.1;154;300.347;268.859;265;360;270;268;290.943;290.799;70;265.458;0;1;;;748.397;1;1
2197;0.4;52.6418;32.2;4.93116;40.5903;32.1;161;300.579;269.119;265;360;270;268;290.943;290.799;70;265.446;0;1;;;747.685;1;1
2198;0.4;52.4363;32.2;4.87528;40.6916;32.1;156;300.564;269.184;265;360;270;268;290.943;290.799;70;265.438;0;1;;;746.875;1;1
2199;0.4;52.1325;32.2;4.88345;40.7755;32.1;147;300.564;269.198;265;360;270;268;290.943;290.799;70;265.428;0;1;;;745.283;1;1
2200;0.4;52.1325;32.2;4.84703;40.7928;32.1;150;300.608;269.177;265;360;270;268;290.943;290.799;70;265.415;0;1;;;744.429;1;1
2201;0.4;51.93;32.2;4.79189;40.6916;32.1;154;300.694;269.162;265;360;270;268;290.943;290.654;70;265.402;0;1;;;742.855;1;1
2202;0.4;52.1354;32.2;4.82906;40.3009;32.1;165;300.781;269.155;265;360;270;268;290.943;290.799;70;265.39;0;1;;;742.75;1;1
2203;0.4;52.2338;32.2;4.83817;40.3877;32.1;168;300.796;269.141;265;360;270;268;290.943;290.799;70;265.379;0;1;;;741.231;1;1
2204;0.4;52.3293;32.2;4.84702;40.3877;32.1;160;300.723;269.112;265;360;270;268;290.943;290.654;70;265.366;0;1;;;740.414;1;1
2205;0.4;52.5405;32.2;4.86658;40.2836;32.1;165;300.68;268.88;265;360;270;268;290.943;290.799;70;265.348;0;1;;;738.678;1;1
2206;0.4;52.4711;32.2;4.84182;40.3877;32.1;174;300.666;269.141;265;360;270;268;290.943;290.799;70;265.338;0;1;;;737.862;1;1
2207;0.4;52.4392;32.2;4.8572;40.3877;32.1;177;300.564;269.177;265;360;270;268;290.943;290.799;70;265.322;0;1;;;736.586;1;1
2208;0.4;52.5405;32.2;4.84823;40.2836;32.1;182;300.145;268.931;265;360;270;268;290.943;290.654;70;265.308;0;1;;;736.586;1;1
2209;0.4;52.3351;32.2;4.82927;40.2836;32.1;183;300.174;268.887;265;360;270;268;290.943;290.799;70;265.295;0;1;;;735.22;1;1
2210;0.4;52.2367;32.2;4.80195;40.5903;32.1;189;300.246;268.895;265;360;270;268;290.943;290.799;70;265.284;0;1;;;735.154;1;1
2211;0.4;52.2338;32.2;4.80168;40.5903;32.1;189;301.042;269.119;265;360;270;268;290.943;290.799;70;265.274;0;1;;;731.898;1;1
2212;0.4;52.5405;32.2;4.81152;40.4919;32.1;187;301.143;268.88;265;360;270;268;290.943;290.654;70;265.266;0;1;;;731.898;1;1
2213;0.4;52.3032;32.2;4.80806;40.3877;32.1;183;301.042;268.895;265;360;270;268;290.943;290.799;70;265.258;0;1;;;729.054;1;1
2214;0.4;52.0312;32.2;4.71035;40.2546;32.1;183;300.955;268.931;265;360;270;268;290.799;290.654;70;265.251;0;1;;;729.054;1;1
2215;0.4;52.1296;32.2;4.77389;40.1823;32.1;183;301.186;268.924;265;360;270;268;290.943;290.654;70;265.245;0;1;;;726.539;1;1
2216;0.4;52.0515;32.2;4.74856;40.2865;32.2;183;301.23;268.931;265;360;270;268;290.799;290.799;70;265.237;0;1;;;726.539;1;1
2217;0.4;51.9936;32.2;4.76144;40.4861;32.2;182;301.317;269.293;265;360;270;268;290.943;290.799;70;265.232;0;1;;;724.48;1;1
2218;0.4;52.1528;32.2;4.72136;40.8941;32.2;183;301.418;269.278;265;360;270;268;290.943;290.799;70;265.22;0;1;;;723.81;1;1
2219;0.4;52.39;32.2;4.77944;40.7928;32.2;177;302.185;269.264;265;360;270;268;290.943;290.799;70;265.209;0;1;;;723.405;1;1
2220;0.4;52.5232;32.2;4.73654;40.489;32.2;174;302.112;269.293;265;360;270;268;290.943;290.799;70;265.197;0;1;;;721.817;1;1
2221;0.4;52.4392;32.2;4.72897;40.4948;32.2;173;302.025;269.336;265;360;270;268;290.943;290.799;70;265.186;0;1;;;721.817;1;1
2222;0.4;52.827;32.2;4.76394;40.3877;32.2;175;301.939;269.321;265;360;270;268;290.799;290.799;70;265.173;0;1;;;721.273;1;1
2223;0.4;52.7431;32.2;4.73794;40.489;32.2;174;301.924;269.3;265;360;270;268;290.943;290.799;70;265.161;0;1;;;720.128;1;1
2224;0.4;52.6418;32.2;4.72885;40.5903;32.2;175;302.734;269.249;265;360;270;268;290.943;290.654;70;265.141;0;1;;;718.246;1;1
2225;0.4;52.4392;32.2;4.72897;40.7292;32.2;177;302.358;269.264;265;360;270;268;290.799;290.799;70;265.127;0;1;;;717.285;1;1
2226;0.4;52.1354;32.2;4.738;40.4543;32.2;174;302.908;269.321;265;360;270;268;290.943;290.799;70;265.113;0;1;;;716.747;1;1
2227;0.4;52.2367;32.2;4.7837;40.1823;32.2;170;302.821;269.329;265;360;270;268;290.943;290.799;70;265.1;0;1;;;716.747;1;1
2228;0.4;52.4392;32.2;4.69231;40.1968;32.2;168;302.286;269.321;265;360;270;268;290.943;290.799;70;265.089;0;1;;;714.714;1;1
2229;0.4;52.4392;32.2;4.76561;40.4919;32.2;176;302.214;269.3;265;360;270;268;290.943;290.799;70;265.075;0;1;;;713.625;1;1
2230;0.4;52.3264;32.2;4.71879;40.3877;32.2;187;302.951;269.235;265;360;270;268;290.943;290.799;70;265.06;0;1;;;710.402;1;1
2231;0.4;52.2338;32.3;5.04682;40.489;32.2;190;302.951;269.278;265;360;270;268;291.088;290.799;70;265.048;0;1;;;709.999;1;1
2232;0.4;52.3351;32.3;5.07489;40.5903;32.2;185;303.096;269.343;265;360;270;268;290.943;290.799;70;265.034;0;1;;;708.55;1;1
2233;0.4;52.338;32.3;5.00201;40.6944;32.2;185;303.212;269.293;265;360;270;268;290.943;290.943;70;265.018;0;1;;;708.148;1;1
2234;0.4;52.1788;32.3;5.02328;40.6916;32.2;183;303.168;269.271;265;360;270;268;291.088;290.943;70;265.005;0;1;;;705.965;1;1
2235;0.4;52.1499;32.3;5.03872;40.4803;32.2;183;303.053;269.293;265;360;270;268;290.943;290.654;70;264.993;0;1;;;705.965;1;1
2236;0.4;51.9271;32.3;4.99905;40.2865;32.2;191;302.937;269.264;265;360;270;268;290.943;290.799;70;264.981;0;1;;;704.759;1;1
2237;0.4;52.2338;32.3;4.99206;40.1823;32.2;193;303.212;269.321;265;360;270;268;290.943;290.799;70;264.963;0;1;;;704.759;1;1
2238;0.4;52.1325;32.3;4.96417;40.489;32.2;196;303.299;269.3;265;360;270;268;290.943;290.943;70;264.947;0;1;;;702.171;1;1
2239;0.4;52.2367;32.3;4.93759;40.6771;32.2;197;303.385;269.321;265;360;270;268;291.088;290.799;70;264.93;0;1;;;701.842;1;1
2240;0.4;52.2338;32.3;4.99206;40.3385;32.2;203;303.979;269.278;265;360;270;268;290.943;290.799;70;264.918;0;1;;;699.126;1;1
2241;0.4;52.4392;32.3;4.95673;40.1852;32.2;195;303.906;269.264;265;360;270;268;290.943;290.799;70;264.905;0;1;;;699.126;1;1
2242;0.4;52.6447;32.3;4.99454;40.1823;32.3;193;303.328;269.256;265;360;270;268;290.799;290.799;70;264.893;0;1;;;697.523;1;1
2243;0.4;52.7431;32.3;5.04073;40.489;32.3;204;303.979;269.329;265;360;270;268;290.943;290.799;70;264.882;0;1;;;697.523;1;1
2244;0.4;52.8472;32.3;5.01376;40.6771;32.3;201;303.979;269.321;265;360;270;268;290.943;290.654;70;264.879;0;1;;;694.942;1;1
2245;0.4;52.7431;32.3;4.98545;40.5903;32.3;195;304.051;269.025;265;360;270;268;290.943;290.654;70;264.87;0;1;;;694.121;1;1
2246;0.4;52.4508;32.3;4.95783;40.2865;32.3;195;304.225;269.133;265;360;270;268;290.799;290.799;70;264.862;0;1;;;692.522;1;1
2247;0.4;52.5405;32.3;4.96631;40.1852;32.3;202;304.152;269.104;265;360;270;268;290.799;290.799;70;264.855;0;1;"CUSN6       ";;691.722;1;1
2248;0.4;52.5608;32.3;4.89478;40.2836;32.3;202;304.803;269.104;265;360;270;268;290.943;290.799;70;264.855;0;1;;;691.229;1;1
2249;0.4;52.4392;32.4;5.29445;40.3385;32.3;201;304.716;269.097;265;360;270;268;290.943;290.799;70;264.849;0;1;;;690.031;1;1
2250;0.4;52.2859;32.4;5.24244;40.3877;32.3;193;304.731;269.104;265;360;270;268;290.943;290.799;70;264.843;0;1;;;689.027;1;1
2251;0.4;52.8183;32.4;5.29582;40.489;32.3;188;304.803;269.097;265;360;270;268;290.943;290.799;70;264.839;0;1;;;688.441;1;1
2252;0.4;52.8472;32.4;5.29872;40.3877;32.3;192;305.208;269.068;265;360;270;268;290.943;290.799;70;264.835;0;1;;;686.048;1;1
2253;0.4;52.6418;32.4;5.27812;40.2836;32.3;190;305.266;269.068;265;360;270;268;290.943;290.943;70;264.833;0;1;;;685.9;1;1
2254;0.4;52.3438;32.4;5.21167;40.1823;32.3;186;305.179;269.032;265;360;270;268;290.943;290.799;70;264.83;0;1;;;684.704;1;1
2255;0.4;52.2338;32.4;5.20072;40.1823;32.3;185;305.064;269.018;265;360;270;268;290.943;290.799;70;264.827;0;1;;;682.955;1;1
2256;0.4;52.7431;32.4;5.28827;40.2836;32.3;184;304.991;268.996;265;360;270;268;290.943;290.654;70;264.824;0;1;;;682.955;1;1
2257;0.4;52.7431;32.4;5.19612;39.9797;32.3;186;305.064;268.989;265;360;270;268;290.943;290.799;70;264.821;0;1;;;681.563;1;1
2258;0.4;52.5347;32.4;5.2123;39.9769;32.3;187;305.194;269.047;265;360;270;268;290.943;290.654;70;264.819;0;1;;;680.819;1;1
2259;0.4;52.3958;32.4;5.19852;40.2054;32.3;185;305.917;269.076;265;360;270;268;290.943;290.799;70;264.817;0;1;;;677.639;1;1
2260;0.4;52.1209;32.4;5.13483;40.081;32.3;182;305.903;269.068;265;360;270;268;290.799;290.799;70;264.815;0;1;;;677.106;1;1
2261;0.4;52.4421;32.4;5.16648;40.081;32.3;181;305.773;269.025;265;360;270;268;290.943;290.654;70;264.814;0;1;;;675.66;1;1
2262;0.4;52.6418;32.4;5.20454;40.2228;32.4;179;305.729;269.039;265;360;270;268;290.799;290.654;70;264.812;0;1;;;674.866;1;1
2263;0.4;52.7112;32.5;5.4772;40.081;32.4;174;305.7;269.039;265;360;270;268;290.799;290.654;70;264.808;0;1;"CUSN6       ";;674.236;1;1
2264;0.4;52.6649;32.5;5.45399;40.0868;32.4;174;305.686;269.025;265;360;270;268;290.943;290.799;70;264.807;0;1;;;673.8;1;1
2265;0.4;52.5666;32.5;5.46217;40.3762;32.4;179;305.744;269.054;265;360;270;268;290.799;290.799;70;264.807;0;1;;;672.214;1;1
2266;0.4;52.4624;32.5;5.46967;40.4167;32.4;182;305.888;269.104;265;360;270;268;291.088;290.799;70;264.806;0;1;;;672.214;1;1
2267;0.4;52.5463;32.5;5.42335;40.4861;32.4;175;306.264;269.097;265;360;270;268;290.943;290.654;70;264.805;0;1;;;669.442;1;1
2268;0.4;52.3582;32.5;5.38565;40.3877;32.4;170;306.221;269.083;265;360;270;268;290.943;290.799;70;264.804;0;1;;;669.442;1;1
2269;0.4;52.3351;32.5;5.43811;40.1794;32.4;168;306.12;269.054;265;360;270;268;290.943;290.799;70;264.804;0;1;;;667.069;1;1
2270;0.4;52.4797;32.5;5.41648;40.1823;32.4;162;306.019;269.032;265;360;270;268;290.943;290.799;70;264.804;0;1;;;667.069;1;1
2271;0.4;52.4392;32.5;5.37564;40.1852;32.4;161;306.149;269.054;265;360;270;268;290.943;290.654;70;264.804;0;1;;;664.303;1;1
2272;0.4;52.4392;32.5;5.37564;40.1534;32.4;165;306.12;269.032;265;360;270;268;290.943;290.799;70;264.804;0;1;;;664.303;1;1
2273;0.4;52.2338;32.5;5.33633;40.1823;32.4;167;306.25;269.061;265;360;270;268;290.943;290.799;70;264.809;0;1;;;662.039;1;1
2274;0.4;52.2338;32.5;5.31808;39.9797;32.4;162;306.163;269.126;265;360;270;268;290.943;290.799;70;264.81;0;1;;;662.039;1;1
2275;0.4;52.2367;32.5;5.30013;39.6962;32.4;161;306.178;269.076;265;360;270;268;290.943;290.799;70;264.813;0;1;;;661.539;1;1
2276;0.4;52.5116;32.5;5.34636;39.9797;32.4;162;306.062;269.097;265;360;270;268;290.799;290.799;70;264.813;0;1;;;661.504;1;1
2277;0.4;52.4392;32.5;5.28404;40.1823;32.4;161;306.004;269.039;265;360;270;268;290.943;290.654;70;264.816;0;1;"CUSN6       ";;660.351;1;1
2278;0.4;52.1325;32.5;5.27135;40.2836;32.4;160;306.134;268.902;265;360;270;268;290.943;290.654;70;264.825;0;1;;;660.019;1;1
2279;0.4;52.2338;32.5;5.22684;40.489;32.4;160;305.469;268.887;265;360;270;268;290.799;290.799;70;264.833;0;1;;;655.953;1;1
2280;0.4;52.2338;32.6;5.61797;40.6916;32.4;170;305.483;268.902;265;360;270;268;290.943;290.799;70;264.836;0;1;;;655.953;1;1
2281;0.4;52.338;32.6;5.61089;40.6916;32.4;169;305.411;268.945;265;360;270;268;290.799;290.799;70;264.843;0;1;;;654.523;1;1
2282;0.4;52.5405;32.6;5.57754;40.7639;32.4;170;305.31;268.938;265;360;270;268;290.799;290.654;70;264.849;0;1;;;654.523;1;1
2283;0.4;52.5405;32.6;5.61425;41.0012;32.4;175;305.252;268.916;265;360;270;268;290.799;290.654;70;264.854;0;1;;;651.626;1;1
2284;0.4;52.4392;32.6;5.56679;40.8941;32.4;182;305.223;268.902;265;360;270;268;290.943;290.654;70;264.86;0;1;;;651.626;1;1
2285;0.4;52.4392;32.6;5.56679;40.4861;32.4;178;305.266;268.887;265;360;270;268;290.943;290.799;70;264.864;0;1;;;650.764;1;1
2286;0.4;52.5405;32.6;5.5041;40.2836;32.4;167;305.367;268.873;265;360;270;268;290.799;290.654;70;264.868;0;1;;;649.98;1;1
2287;0.4;52.5376;32.6;5.50379;40.3096;32.4;161;306.004;269.054;265;360;270;268;290.799;290.654;70;264.863;0;1;;;648.803;1;1
2288;0.4;52.4392;32.6;5.53012;40.081;32.4;160;305.498;268.866;265;360;270;268;290.799;290.654;70;264.862;0;1;;;648.659;1;1
2289;0.4;52.4797;32.6;5.4794;40.1823;32.4;157;305.179;268.916;265;360;270;268;290.943;290.654;70;264.859;0;1;;;646.116;1;1
2290;0.4;52.4392;32.6;5.40189;40.1823;32.4;159;305.02;269.126;265;360;270;268;290.943;290.654;70;264.855;0;1;;;646.079;1;1
2291;0.4;52.338;32.6;5.40974;40.2865;32.4;170;304.991;268.924;265;360;270;268;290.799;290.799;70;264.852;0;1;;;642.941;1;1
2292;0.4;52.4392;32.6;5.47517;40.3067;32.4;174;305.136;269.285;265;360;270;268;290.799;290.654;70;264.846;0;1;;;642.941;1;1
2293;0.4;52.4392;32.6;5.42021;40.3762;32.4;174;305.252;269.264;265;360;270;268;290.943;290.799;70;264.841;0;1;;;640.987;1;1
2294;0.4;52.1325;32.6;5.40672;40.2865;32.4;176;305.223;269.249;265;360;270;268;290.943;290.799;70;264.842;0;1;;;640.987;1;1
2295;0.4;52.4363;32.6;5.43823;40.2836;32.4;174;304.89;269.278;265;360;270;268;290.943;290.799;70;264.84;0;1;;;639.887;1;1
2296;0.4;52.1325;32.6;5.31563;40.081;32.4;185;304.398;269.285;265;360;270;268;291.088;290.799;70;264.832;0;1;;;639.887;1;1
2297;0.4;51.93;32.6;5.34943;40.2836;32.4;188;304.76;269.3;265;360;270;268;290.943;290.799;70;264.829;0;1;;;638.649;1;1
2298;0.4;52.338;32.6;5.35486;40.3877;32.4;196;304.731;269.278;265;360;270;268;290.943;290.654;70;264.829;0;1;"CUSN6       ";;638.259;1;1
2299;0.4;52.717;32.6;5.35682;40.3877;32.4;201;304.818;269.256;265;360;270;268;290.943;290.799;70;264.826;0;1;;;635.064;1;1
2300;0.4;52.6418;32.6;5.34917;40.3877;32.4;202;304.933;269.242;265;360;270;268;290.943;290.799;70;264.823;0;1;;;635.064;1;1
2301;0.4;52.4508;32.6;5.31144;40.3877;32.5;199;305.006;269.3;265;360;270;268;290.943;290.943;70;264.82;0;1;;;632.599;1;1
2302;0.4;52.3351;32.6;5.24487;40.2894;32.5;190;305.02;269.314;265;360;270;268;290.943;290.799;70;264.812;0;1;;;632.21;1;1
2303;0.4;52.4363;32.6;5.29166;40.3299;32.5;192;304.962;269.3;265;360;270;268;290.943;290.943;70;264.811;0;1;;;630.533;1;1
2304;0.4;52.6418;32.6;5.34917;40.3762;32.5;201;304.89;269.278;265;360;270;268;290.943;290.654;70;264.804;0;1;;;629.367;1;1
2305;0.4;52.4392;32.6;5.25531;40.2865;32.5;200;304.818;269.256;265;360;270;268;290.943;290.799;70;264.8;0;1;;;628.567;1;1
2306;0.4;52.4855;32.6;5.29662;40.489;32.5;196;305.006;269.249;265;360;270;268;290.799;290.654;70;264.796;0;1;;;628.179;1;1
2307;0.4;52.3351;32.6;5.318;40.3877;32.5;199;305.006;269.278;265;360;270;268;290.799;290.799;70;264.784;0;1;;;627.014;1;1
2308;0.4;52.338;32.6;5.19029;40.2836;32.5;205;305.15;269.321;265;360;270;268;290.799;290.799;70;264.774;0;1;;;627.014;1;1
2309;0.4;52.4392;32.6;5.25531;40.1736;32.5;192;305.252;269.3;265;360;270;268;290.943;290.654;70;264.769;0;1;;;623.261;1;1
2310;0.4;52.6418;32.6;5.294;40.3762;32.5;190;305.208;269.278;265;360;270;268;290.799;290.799;70;264.761;0;1;;;623.261;1;1
2311;0.4;52.338;32.6;5.20857;40.489;32.5;191;305.122;269.264;265;360;270;268;290.943;290.799;70;264.754;0;1;;;621.066;1;1
2312;0.4;52.3032;32.6;5.20512;40.3675;32.5;188;305.02;269.249;265;360;270;268;290.799;290.799;70;264.745;0;1;;;621.066;1;1
2313;0.4;52.338;32.6;5.20857;40.3125;32.5;192;304.991;269.271;265;360;270;268;290.943;290.799;70;264.739;0;1;;;619.518;1;1
2314;0.4;52.2598;32.6;5.23733;40.2836;32.5;196;305.83;269.321;265;360;270;268;290.943;290.799;70;264.735;0;1;;;618.918;1;1
2315;0.4;52.0312;32.6;5.19625;40.3877;32.5;196;305.527;269.314;265;360;270;268;290.943;290.654;70;264.727;0;1;;;617.371;1;1
2316;0.4;52.3206;32.6;5.22515;40.3877;32.5;196;305.483;269.256;265;360;270;268;290.943;290.799;70;264.721;0;1;;;617.371;1;1
2317;0.4;52.5405;32.6;5.24711;40.5903;32.5;185;305.396;269.271;265;360;270;268;290.943;290.654;70;264.707;0;1;;;615.332;1;1
2318;0.4;52.5405;32.6;5.24711;40.4745;32.5;185;305.339;269.271;265;360;270;268;290.799;290.654;70;264.698;0;1;"CUSN6       ";;615.229;1;1
2319;0.4;52.5376;32.6;5.21009;40.081;32.5;192;305.281;269.329;265;360;270;268;290.799;290.654;70;264.689;0;1;"CUSN6       ";;612.528;1;1
2320;0.4;52.4566;32.6;5.22038;40.081;32.5;197;305.237;269.293;265;360;270;268;290.799;290.654;70;264.682;0;1;;;612.143;1;1
2321;0.4;52.4363;32.6;5.20004;40.1852;32.5;205;305.223;268.916;265;360;270;268;290.943;290.654;70;264.681;0;1;"CUSN6       ";;610.196;1;1
2322;0.4;52.6678;32.6;5.2046;40.1823;32.5;202;305.31;268.902;265;360;270;268;290.943;290.799;70;264.679;0;1;;;610.196;1;1
2323;0.4;52.9456;32.6;5.23205;40.3877;32.6;198;306.25;268.887;265;360;270;268;290.943;290.654;70;264.678;0;1;;;609.657;1;1
2324;0.4;52.7431;32.7;5.55171;40.3877;32.6;202;306.293;268.866;265;360;270;268;290.799;290.654;70;264.675;0;1;;;609.321;1;1
2325;0.4;52.3756;32.7;5.49473;40.489;32.6;192;306.221;268.866;265;360;270;268;290.799;290.799;70;264.674;0;1;;;607.701;1;1
2326;0.4;52.5405;32.7;5.53039;40.489;32.6;191;306.134;268.909;265;360;270;268;290.943;290.799;70;264.675;0;1;;;607.701;1;1
2327;0.4;52.5405;32.7;5.5671;40.489;32.6;190;306.062;268.938;265;360;270;268;290.943;290.654;70;264.672;0;1;;;604.729;1;1
2328;0.4;52.7431;32.7;5.55171;40.4051;32.6;191;306.105;269.184;265;360;270;268;290.943;290.654;70;264.668;0;1;;;604.345;1;1
2329;0.4;52.6418;32.7;5.54105;40.2836;32.6;192;306.178;268.916;265;360;270;268;290.799;290.654;70;264.665;0;1;;;599.74;1;1
2330;0.4;52.4392;32.7;5.53805;40.3877;32.6;191;307.046;269.155;265;360;270;268;290.799;290.799;70;264.664;0;1;;;599.74;1;1
2331;0.4;52.2338;32.7;5.51635;40.1852;32.6;192;307.002;269.155;265;360;270;268;290.943;290.799;70;264.667;0;1;"CUSN6       ";;599.66;1;1
2332;0.4;52.2483;32.7;5.51788;40.1823;32.6;196;306.944;269.148;265;360;270;268;290.943;290.654;70;264.668;0;1;;;599.66;1;1
2333;0.4;52.5405;32.7;5.54874;39.9797;32.6;187;306.887;269.126;265;360;270;268;290.943;290.799;70;264.669;0;1;;;597.314;1;1
2334;0.4;52.7431;32.7;5.60701;40.081;32.6;186;306.829;269.133;265;360;270;268;290.943;290.654;70;264.671;0;1;;;597.314;1;1
2335;0.4;52.3351;32.7;5.49048;40.1852;32.6;175;306.293;268.895;265;360;270;268;290.943;290.799;70;264.67;0;1;;;594.414;1;1
2336;0.4;52.2338;32.7;5.51635;40.3472;32.6;175;306.264;268.945;265;360;270;268;290.799;290.654;70;264.672;0;1;;;594.414;1;1
2337;0.4;52.1325;32.7;5.52387;40.2865;32.6;187;306.264;268.945;265;360;270;268;290.943;290.654;70;264.672;0;1;;;592.885;1;1
2338;0.4;52.1325;32.7;5.50566;40.489;32.6;191;306.308;268.924;265;360;270;268;290.943;290.799;70;264.669;0;1;;;592.885;1;1
2339;0.4;52.4392;32.7;5.55637;40.6916;32.6;189;306.38;268.909;265;360;270;268;290.943;290.799;70;264.664;0;1;;;591.207;1;1
2340;0.4;52.1325;32.7;5.46923;40.3877;32.6;185;306.438;268.895;265;360;270;268;290.943;290.799;70;264.666;0;1;;;590.825;1;1
2341;0.4;52.1557;32.7;5.52632;40.489;32.6;177;306.525;268.873;265;360;270;268;290.943;290.799;70;264.66;0;1;;;590.28;1;1
2342;0.4;52.338;32.7;5.50907;40.5903;32.6;179;306.51;268.736;265;360;270;268;290.943;290.799;70;264.653;0;1;"CUSN6       ";;588.754;1;1
2343;0.4;52.4277;32.8;5.89277;40.2865;32.6;182;306.438;268.779;265;360;270;268;290.943;290.799;70;264.647;0;1;;;586.468;1;1
2344;0.4;52.3727;32.8;5.88659;40.2894;32.6;182;306.843;268.808;265;360;270;268;290.943;290.799;70;264.642;0;1;;;586.468;1;1
2345;0.4;52.3351;32.8;5.88236;40.3704;32.6;175;306.771;268.786;265;360;270;268;290.943;290.799;70;264.637;0;1;;;584.184;1;1
2346;0.4;52.6418;32.8;5.95364;40.4919;32.6;178;306.756;268.764;265;360;270;268;290.943;290.799;70;264.633;0;1;;;583.804;1;1
2347;0.4;52.9196;32.8;5.94806;40.5903;32.6;184;306.814;268.743;265;360;270;268;290.943;290.654;70;264.633;0;1;;;581.496;1;1
2348;0.4;52.6534;32.8;5.89974;40.7928;32.6;187;306.901;268.743;265;360;270;268;291.088;290.799;70;264.629;0;1;;;579.977;1;1
2349;0.4;52.5405;32.8;5.8871;40.8941;32.5;189;307.002;268.808;265;360;270;268;290.943;290.654;70;264.626;0;1;;;579.115;1;1
2350;0.4;52.5405;32.8;5.8871;40.5903;32.5;189;307.002;268.801;265;360;270;268;290.943;290.799;70;264.623;0;1;;;579.115;1;1
2351;0.4;52.6418;32.8;5.91684;40.489;32.5;189;306.973;268.779;265;360;270;268;290.943;290.799;70;264.62;0;1;;;578.356;1;1
2352;0.4;52.1325;32.8;5.80496;40.489;32.5;190;306.322;268.743;265;360;270;268;290.943;290.799;70;264.618;0;1;;;578.356;1;1
2353;0.4;51.8287;32.8;5.80734;40.6395;32.5;190;306.887;268.736;265;360;270;268;290.943;290.654;70;264.624;0;1;;;575.542;1;1
2354;0.4;51.93;32.8;5.78241;40.5903;32.5;200;306.829;268.764;265;360;270;268;290.943;290.654;70;264.624;0;1;;;575.542;1;1
2355;0.4;51.8258;32.8;5.86136;40.489;32.5;189;306.293;268.801;265;360;270;268;290.943;290.799;70;264.626;0;1;;;572.892;1;1
2356;0.4;51.9184;32.8;5.81739;40.4861;32.5;187;306.843;268.793;265;360;270;268;290.943;290.799;70;264.634;0;1;;;572.892;1;1
2357;0.4;52.4421;32.8;5.89439;40.3877;32.5;189;306.453;268.75;265;360;270;268;290.943;290.654;70;264.642;0;1;;;572.514;1;1
2358;0.4;52.7199;32.8;5.96248;40.2865;32.5;202;306.496;268.736;265;360;270;268;290.943;290.799;70;264.645;0;1;;;570.912;1;1
2359;0.4;52.8443;32.8;5.9396;40.1852;32.5;198;306.496;268.786;265;360;270;268;290.943;290.799;70;264.651;0;1;;;569.401;1;1
2360;0.4;52.4826;32.8;5.91731;40.2836;32.5;188;306.453;268.815;265;360;270;268;290.943;290.799;70;264.656;0;1;;;568.929;1;1
2361;0.4;52.3351;32.8;5.86408;40.4919;32.5;187;306.38;268.793;265;360;270;268;290.943;290.799;70;264.661;0;1;;;567.419;1;1
2362;0.4;52.4363;32.8;5.94872;40.2807;32.5;187;306.308;268.772;265;360;270;268;291.088;290.799;70;264.665;0;1;;;566.665;1;1
2363;0.4;52.4363;32.8;5.91209;39.9797;32.4;188;306.279;268.757;265;360;270;268;291.088;290.654;70;264.669;0;1;;;565.156;1;1
2364;0.4;52.419;32.8;5.85517;40.1823;32.4;188;306.221;268.736;265;360;270;268;290.943;290.943;70;264.677;0;1;;;564.386;1;1
2365;0.4;52.283;32.8;5.91306;40.3877;32.4;184;306.236;268.743;265;360;270;268;291.088;290.799;70;264.681;0;1;;;563.092;1;1
2366;0.4;52.2367;32.8;5.85306;40.5903;32.4;190;306.308;268.801;265;360;270;268;291.088;290.799;70;264.686;0;1;;;560.968;1;1
2367;0.4;52.5955;32.9;6.3055;40.3877;32.4;191;306.424;268.815;265;360;270;268;290.943;290.799;70;264.687;0;1;;;560.592;1;1
2368;0.4;52.6418;32.9;6.27427;40.081;32.4;189;306.496;268.793;265;360;270;268;291.088;290.799;70;264.689;0;1;;;558.001;1;1
2369;0.4;52.8443;32.9;6.33533;40.0781;32.4;178;306.496;268.772;265;360;270;268;291.088;290.943;70;264.692;0;1;;;557.626;1;1
2370;0.4;52.6418;32.9;6.29266;40.2836;32.4;174;306.453;268.75;265;360;270;268;291.088;290.943;70;264.693;0;1;;;556.287;1;1
2371;0.4;52.6418;32.9;6.27427;40.3877;32.4;175;306.351;268.736;265;360;270;268;291.088;290.943;70;264.694;0;1;;;556.287;1;1
2372;0.4;52.6418;32.9;6.27427;40.2836;32.4;182;306.742;268.815;265;360;270;268;291.088;290.799;70;264.692;0;1;;;554.452;1;1
2373;0.4;52.3351;32.9;6.27428;40.3877;32.4;182;306.25;268.808;265;360;270;268;291.088;290.799;70;264.692;0;1;;;554.452;1;1
2374;0.4;52.2512;32.9;6.28247;40.4919;32.4;176;306.727;268.779;265;360;270;268;291.088;290.799;70;264.693;0;1;;;550.938;1;1
2375;0.4;51.93;32.9;6.20757;40.3877;32.3;173;306.771;268.757;265;360;270;268;291.088;290.799;70;264.694;0;1;;;550.938;1;1
2376;0.4;52.2338;32.9;6.22564;40.3009;32.3;184;306.858;268.736;265;360;270;268;291.088;290.799;70;264.694;0;1;;;549.039;1;1
2377;0.4;52.2107;32.9;6.2776;40.5903;32.3;183;306.988;268.75;265;360;270;268;290.943;290.943;70;264.692;0;1;;;549.039;1;1
2378;0.4;52.1325;32.9;6.28642;40.5903;32.3;182;306.959;268.808;265;360;270;268;291.088;290.799;70;264.69;0;1;;;548.291;1;1
2379;0.4;52.2425;32.9;6.26318;40.4919;32.3;183;306.944;268.801;265;360;270;268;291.088;290.799;70;264.69;0;1;;;547.483;1;1
2380;0.4;52.338;32.9;6.27463;40.2836;32.3;184;306.843;268.786;265;360;270;268;291.088;290.943;70;264.691;0;1;;;546.362;1;1
2381;0.4;52.4306;32.9;6.32236;40.3848;32.3;177;306.858;268.764;265;360;270;268;291.088;290.799;70;264.689;0;1;;;546.362;1;1
2382;0.4;52.2772;32.9;6.32213;40.3877;32.3;178;306.785;268.743;265;360;270;268;290.943;290.943;70;264.687;0;1;;;544.288;1;1
2383;0.4;52.1325;32.9;6.23179;40.489;32.3;174;306.655;268.743;265;360;270;268;290.943;290.799;70;264.688;0;1;;;543.564;1;1
2384;0.4;52.1325;32.9;6.19534;40.489;32.3;180;306.612;268.808;265;360;270;268;290.943;290.799;70;264.689;0;1;;;540.93;1;1
2385;0.4;52.1325;32.9;6.26821;40.1823;32.2;176;306.742;268.801;265;360;270;268;290.943;290.799;70;264.69;0;1;;;540.558;1;1
2386;0.4;52.3351;32.9;6.29256;40.081;32.2;174;306.814;268.779;265;360;270;268;290.943;290.799;70;264.691;0;1;;;540.558;1;1
2387;0.4;52.5405;32.9;6.33562;40.081;32.2;176;306.843;268.757;265;360;270;268;290.943;290.799;70;264.697;0;1;;;537.832;1;1
2388;0.4;52.5376;32.9;6.33527;40.081;32.2;181;306.916;268.743;265;360;270;268;291.088;290.799;70;264.699;0;1;;;537.46;1;1
2389;0.4;52.7431;32.9;6.37847;40.2836;32.2;182;306.901;268.75;265;360;270;268;291.088;290.943;70;264.705;0;1;;;536.345;1;1
2390;0.4;53.0353;32.9;6.39528;40.489;32.2;178;306.236;268.808;265;360;270;268;290.943;290.943;70;264.709;0;1;;;535.231;1;1
2391;0.4;52.8443;32.9;6.37225;40.5903;32.2;177;306.134;268.801;265;360;270;268;291.088;290.943;70;264.715;0;1;;;534.415;1;1
2392;0.4;52.7431;32.9;6.36004;40.7899;32.2;186;305.975;268.786;265;360;270;268;291.088;290.943;70;264.716;0;1;;;533.755;1;1
2393;0.4;52.7778;32.9;6.36423;40.7031;32.2;192;306.033;268.772;265;360;270;268;290.943;290.799;70;264.726;0;1;;;531.145;1;1
2394;0.4;52.6418;32.9;6.31105;40.8854;32.1;188;306.221;268.743;265;360;270;268;291.088;290.799;70;264.734;0;1;;;531.145;1;1
2395;0.4;52.2338;32.9;6.26214;40.6916;32.1;190;306.322;268.736;265;360;270;268;291.088;290.799;70;264.745;0;1;;;528.922;1;1
2396;0.4;52.6447;32.9;6.34818;40.5903;32.1;192;306.192;268.67;265;360;270;268;290.943;290.799;70;264.757;0;1;;;528.922;1;1
2397;0.4;52.9485;32.9;6.36632;40.6916;32.1;189;306.105;268.678;265;360;270;268;290.943;290.799;70;264.768;0;1;;;526.466;1;1
2398;0.4;52.8443;32.8;6.03193;40.5903;32.1;183;306.004;268.692;265;360;270;268;290.943;290.799;70;264.778;0;1;;;526.466;1;1
2399;0.4;52.7431;32.8;6.00194;40.5903;32.1;184;306.12;268.388;265;360;270;268;290.943;290.799;70;264.791;0;1;;;525.27;1;1
2400;0.4;52.7402;32.8;6.02004;40.489;32.1;182;306.236;268.367;265;360;270;268;290.943;290.799;70;264.802;0;1;;;525.27;1;1
2401;0.4;52.7431;32.8;6.00194;40.489;32.1;178;306.264;268.634;265;360;270;268;290.799;290.799;70;264.813;0;1;;;523.424;1;1
2402;0.4;52.8443;32.8;6.03193;40.489;32;174;306.207;268.613;265;360;270;268;290.943;290.799;70;264.823;0;1;;;522.97;1;1
2403;0.4;52.7431;32.8;6.03879;40.5903;32;174;306.134;268.613;265;360;270;268;290.799;290.799;70;264.831;0;1;;;518.915;1;1
2404;0.4;52.6418;32.8;6.00881;40.5845;32;174;306.033;268.613;265;360;270;268;290.943;290.799;70;264.839;0;1;;;518.915;1;1
2405;0.4;52.7431;32.8;5.98352;40.5903;32;170;306.047;268.656;265;360;270;268;291.088;290.799;70;264.846;0;1;;;518.547;1;1
2406;0.4;52.7431;32.8;6.02037;40.1794;32;169;306.207;268.627;265;360;270;268;291.088;290.654;70;264.852;0;1;;;517.301;1;1
2407;0.4;52.7431;32.8;6.00194;40.1823;32;169;306.279;268.627;265;360;270;268;290.943;290.799;70;264.857;0;1;;;516.933;1;1
2408;0.4;52.6389;32.8;5.99009;40.3646;32;162;306.236;268.591;265;360;270;268;290.943;290.799;70;264.862;0;1;;;513.633;1;1
2409;0.4;52.61;32.8;6.06031;40.5903;32;160;306.149;268.576;265;360;270;268;290.943;290.799;70;264.866;0;1;;;512.531;1;1
2410;0.4;52.7431;32.8;6.02037;40.6916;32;161;306.019;268.352;265;360;270;268;290.943;290.799;70;264.87;0;1;;;511.797;1;1
2411;0.4;52.691;32.8;6.06965;40.5932;31.9;156;306.033;268.345;265;360;270;268;290.943;290.799;70;264.873;0;1;"CUSN6       ";;511.43;1;1
2412;0.4;52.8443;32.8;6.03193;40.2836;31.9;155;306.149;268.54;265;360;270;268;290.943;290.799;70;264.876;0;1;;;510.913;1;1
2413;0.4;52.7431;32.8;6.02037;40.3848;31.9;155;306.264;268.417;265;360;270;268;291.088;290.799;70;264.878;0;1;;;510.913;1;1
2414;0.4;52.6736;32.8;6.04924;40.787;31.9;156;306.062;268.432;265;360;270;268;290.943;290.799;70;264.881;0;1;;;506.756;1;1
2415;0.4;52.4334;32.8;5.98503;40.6163;31.9;149;305.367;268.786;265;360;270;268;290.943;290.799;70;264.878;0;1;;;506.756;1;1
2416;0.4;52.4392;32.8;5.94905;40.489;31.9;160;305.324;268.764;265;360;270;268;290.943;290.799;70;264.877;0;1;;;505.064;1;1
2417;0.4;52.5666;32.7;5.64334;40.3877;31.9;166;305.715;268.757;265;360;270;268;290.943;290.799;70;264.871;0;1;;;504.698;1;1
2418;0.4;52.6418;32.7;5.65141;40.3877;31.8;162;305.266;268.388;265;360;270;268;291.088;290.943;70;264.871;0;1;;;504.535;1;1
2419;0.4;52.338;32.7;5.60051;40.3067;31.8;162;305.353;268.403;265;360;270;268;290.943;290.943;70;264.869;0;1;;;504.128;1;1
2420;0.4;52.2801;32.7;5.63085;40.3877;31.8;163;305.31;268.461;265;360;270;268;291.088;290.943;70;264.861;0;1;;;500.784;1;1
2421;0.4;52.338;32.7;5.65536;40.6916;31.8;164;305.266;268.475;265;360;270;268;291.088;290.799;70;264.855;0;1;;;500.784;1;1
2422;0.4;52.3351;32.7;5.6002;40.5903;31.8;173;305.15;268.475;265;360;270;268;290.943;290.799;70;264.849;0;1;;;498.917;1;1
2423;0.4;52.5405;32.7;5.58548;40.6916;31.8;176;305.122;268.533;265;360;270;268;290.943;290.943;70;264.845;0;1;;;498.896;1;1
2424;0.4;52.5405;32.7;5.65889;40.3877;31.8;182;305.006;268.446;265;360;270;268;290.943;290.943;70;264.846;0;1;;;498.167;1;1
2425;0.4;52.8443;32.7;5.6547;40.5903;31.7;183;305.035;268.41;265;360;270;268;290.943;290.943;70;264.844;0;1;;;496.732;1;1
2426;0.4;52.5897;32.7;5.66419;40.9983;31.7;182;305.093;268.519;265;360;270;268;290.943;290.799;70;264.842;0;1;;;496.243;1;1
2427;0.4;52.338;32.7;5.60051;40.9606;31.7;183;304.485;268.381;265;360;270;268;290.943;290.799;70;264.838;0;1;;;493.353;1;1
2428;0.4;52.4392;32.6;5.27363;40.6916;31.7;189;304.442;268.736;265;360;270;268;291.088;290.799;70;264.836;0;1;;;493.295;1;1
2429;0.4;52.2251;32.6;5.19734;40.489;31.7;200;304.876;268.757;265;360;270;268;290.943;290.799;70;264.838;0;1;;;492.861;1;1
2430;0.4;52.5405;32.6;5.26546;40.5903;31.7;198;304.34;268.808;265;360;270;268;290.943;290.943;70;264.834;0;1;;;492.861;1;1
2431;0.4;52.8646;32.6;5.33488;40.5845;31.7;197;304.326;268.786;265;360;270;268;291.088;290.943;70;264.83;0;1;"CUSN6       ";;489.81;1;1
2432;0.4;53.2552;32.6;5.35569;40.5903;31.6;197;304.991;268.764;265;360;270;268;291.088;290.799;70;264.827;0;1;;;488.741;1;1
2433;0.4;52.9456;32.6;5.32456;40.7928;31.6;196;305.064;268.75;265;360;270;268;290.943;290.799;70;264.824;0;1;;;485.953;1;1
2434;0.4;52.2685;32.6;5.21994;40.5903;31.6;191;305.194;268.736;265;360;270;268;291.088;290.799;70;264.822;0;1;;;485.591;1;1
2435;0.4;52.1325;32.6;5.1517;40.5903;31.6;190;305.266;268.815;265;360;270;268;290.943;290.943;70;264.822;0;1;;;485.591;1;1
2436;0.4;52.1325;32.6;5.24279;40.6916;31.6;195;305.093;268.801;265;360;270;268;290.943;290.943;70;264.82;0;1;;;484.559;1;1
2437;0.4;52.5405;32.5;4.94546;40.7928;31.6;196;305.006;268.772;265;360;270;268;291.088;290.943;70;264.829;0;1;;;483.113;1;1
2438;0.4;52.2338;32.5;4.95309;40.6916;31.6;196;304.991;268.772;265;360;270;268;291.088;290.943;70;264.837;0;1;;;481.052;1;1
2439;0.4;52.6418;32.5;4.95499;40.6916;31.5;196;305.122;268.736;265;360;270;268;291.088;290.943;70;264.844;0;1;;;481.052;1;1
2440;0.4;52.6331;32.5;4.93579;40.7928;31.5;197;305.252;268.75;265;360;270;268;291.088;290.943;70;264.85;0;1;;;480.69;1;1
2441;0.4;52.4161;32.5;4.91544;40.408;31.5;196;305.483;268.764;265;360;270;268;291.088;290.943;70;264.856;0;1;;;480.505;1;1
2442;0.4;52.6418;32.5;4.8998;40.6539;31.5;192;305.802;268.808;265;360;270;268;291.088;290.943;70;264.867;0;1;;;477.762;1;1
2443;0.4;52.6418;32.5;4.9366;40.7928;31.5;177;305.758;268.786;265;360;270;268;291.088;290.943;70;264.874;0;1;;;477.203;1;1
2444;0.4;52.7431;32.5;4.96453;40.6916;31.5;165;305.657;268.764;265;360;270;268;291.088;290.943;70;264.879;0;1;;;474.683;1;1
2445;0.4;52.7431;32.5;4.9461;40.8102;31.5;160;305.613;268.743;265;360;270;268;291.088;290.943;70;264.893;0;1;;;474.323;1;1
2446;0.4;52.5405;32.4;4.5704;40.8941;31.5;162;305.628;268.743;265;360;270;268;291.088;290.943;70;264.906;0;1;;;473.633;1;1
2447;0.4;52.5463;32.4;4.53416;40.5903;31.5;166;305.671;268.808;265;360;270;268;291.088;290.943;70;264.917;0;1;;;473.419;1;1
2448;0.4;52.3351;32.4;4.58909;40.3877;31.5;169;305.758;268.808;265;360;270;268;290.943;290.943;70;264.926;0;1;;;471.263;1;1
2449;0.4;52.3206;32.4;4.56954;40.3791;31.4;166;305.816;268.779;265;360;270;268;291.088;290.943;70;264.939;0;1;;;471.026;1;1
2450;0.4;52.338;32.4;4.53447;40.2865;31.4;163;305.787;268.764;265;360;270;268;291.088;290.943;70;264.953;0;1;;;469.59;1;1
2451;0.4;52.3351;32.4;4.58909;40.3877;31.4;164;305.729;268.743;265;360;270;268;291.088;290.943;70;264.963;0;1;;;467.677;1;1
2452;0.4;52.4392;32.4;4.56159;40.3877;31.4;159;305.729;268.757;265;360;270;268;291.088;290.943;70;264.975;0;1;;;467.677;1;1
2453;0.4;52.7431;32.4;4.64329;40.3241;31.4;151;305.556;268.808;265;360;270;268;291.233;290.943;70;264.987;0;1;;;464.433;1;1
2454;0.4;52.6649;32.4;4.59962;40.489;31.4;153;305.541;268.801;265;360;270;268;291.088;290.943;70;265;0;1;;;464.433;1;1
2455;0.4;52.7575;32.4;4.62613;40.489;31.4;154;305.57;268.779;265;360;270;268;291.088;290.943;70;265.011;0;1;;;463.177;1;1
2456;0.4;52.9022;32.4;4.63882;40.3877;31.4;148;305.556;268.757;265;360;270;268;290.943;290.799;70;265.021;0;1;;;462.638;1;1
2457;0.4;52.7459;32.3;4.30385;40.1823;31.3;139;305.657;268.743;265;360;270;268;291.088;290.799;70;265.03;0;1;;;460.906;1;1
2458;0.4;52.8472;32.3;4.25673;40.1823;31.3;139;305.715;268.736;265;360;270;268;291.088;290.799;70;265.038;0;1;;;460.549;1;1
2459;0.4;52.9485;32.3;4.28339;40.3877;31.3;135;305.7;268.786;265;360;270;268;291.088;290.943;70;265.046;0;1;;;457.886;1;1
2460;0.4;52.8472;32.3;4.27519;40.3877;31.3;139;305.657;268.808;265;360;270;268;291.088;290.943;70;265.052;0;1;;;457.886;1;1
2461;0.4;52.7083;32.3;4.26396;40.3848;31.3;143;305.093;268.786;265;360;270;268;291.088;290.943;70;265.057;0;1;;;456.817;1;1
2462;0.4;52.6418;32.3;4.24019;40.6308;31.3;141;304.991;268.757;265;360;270;268;291.088;290.799;70;265.062;0;1;;;455.938;1;1
2463;0.4;52.7431;32.3;4.28519;40.6944;31.3;143;304.991;268.743;265;360;270;268;291.088;290.799;70;265.067;0;1;;;455.051;1;1
2464;0.4;52.6418;32.3;4.25857;40.5382;31.2;141;305.093;268.743;265;360;270;268;291.088;290.943;70;265.07;0;1;;;452.101;1;1
2465;0.4;52.7431;32.3;4.21147;40.4861;31.2;143;305.194;268.808;265;360;270;268;291.088;290.943;70;265.074;0;1;;;452.101;1;1
2466;0.4;52.6273;32.2;3.88169;40.2922;31.2;139;304.659;268.801;265;360;270;268;291.088;290.943;70;265.077;0;1;;;450.95;1;1
2467;0.4;52.7459;32.2;3.9826;40.2836;31.2;140;304.572;268.786;265;360;270;268;291.088;290.943;70;265.079;0;1;;;450.95;1;1
2468;0.4;52.6389;32.2;3.93774;40.2836;31.2;152;304.485;268.764;265;360;270;268;291.088;290.943;70;265.085;0;1;;;448.82;1;1
2469;0.4;52.9514;32.2;3.97962;40.2865;31.2;150;304.036;268.743;265;360;270;268;291.088;290.943;70;265.087;0;1;;;448.82;1;1
2470;0.4;52.9253;32.2;3.94068;40.2865;31.1;152;303.964;268.736;265;360;270;268;290.943;290.943;70;265.089;0;1;;;446.846;1;1
2471;0.4;52.6968;32.2;3.92366;40.1823;31.1;162;304.036;268.793;265;360;270;268;291.088;290.943;70;265.095;0;1;;;446.138;1;1
2472;0.4;52.6418;32.2;3.93796;39.9797;31.1;163;304.152;268.815;265;360;270;268;291.088;290.943;70;265.104;0;1;;;444.595;1;1
2473;0.4;52.6418;32.1;3.59894;39.9797;31.1;162;303.733;268.779;265;360;270;268;291.088;290.943;70;265.115;0;1;;;443.533;1;1
2474;0.4;52.7431;32.1;3.60586;40.1823;31.1;162;303.704;268.764;265;360;270;268;291.088;290.943;70;265.124;0;1;;;443.18;1;1
2475;0.4;52.7431;32.1;3.62428;40.2836;31;169;303.443;268.75;265;360;270;268;291.088;290.943;70;265.133;0;1;;;441.257;1;1
2476;0.4;52.8443;32.1;3.6497;40.0781;31;170;303.559;268.743;265;360;270;268;291.088;290.943;70;265.14;0;1;;;440.904;1;1
2477;0.4;52.8617;32.1;3.63244;40.2865;31;169;303.53;268.808;265;360;270;268;291.088;290.943;70;265.147;0;1;;;438.081;1;1
2478;0.4;52.8559;32.1;3.63204;40.3877;31;168;303.516;268.808;265;360;270;268;291.088;290.943;70;265.153;0;1;;;438.081;1;1
2479;0.4;52.8588;32;3.29183;40.6916;31;167;303.602;268.786;265;360;270;268;291.088;290.799;70;265.157;0;1;;;437.023;1;1
2480;0.4;53.0498;32;3.32226;40.6916;30.9;162;303.125;268.757;265;360;270;268;291.088;290.943;70;265.162;0;1;;;436.671;1;1
2481;0.4;52.5405;32;3.25366;40.3877;30.9;162;303.212;268.743;265;360;270;268;291.088;290.943;70;265.166;0;1;;;435.311;1;1
2482;0.4;52.4392;32;3.28402;40.4022;30.9;169;303.168;268.743;265;360;270;268;291.088;290.943;70;265.17;0;1;;;433.879;1;1
2483;0.4;52.3351;32;3.22265;40.3877;30.9;170;303.125;268.757;265;360;270;268;291.088;290.943;70;265.173;0;1;;;433.363;1;1
2484;0.4;52.3351;32;3.29578;40.4253;30.9;170;302.966;268.808;265;360;270;268;291.088;290.943;70;265.176;0;1;;;429.849;1;1
2485;0.4;52.1441;31.9;2.87508;40.5932;30.9;169;302.937;268.793;265;360;270;268;291.233;290.943;70;265.178;0;1;;;429.849;1;1
2486;0.4;52.4363;31.9;2.92783;40.353;30.8;170;303.067;268.764;265;360;270;268;291.088;291.088;70;265.18;0;1;;;429.266;1;1
2487;0.4;52.5405;31.9;2.97036;40.3877;30.8;169;303.139;268.757;265;360;270;268;291.233;290.943;70;265.183;0;1;;;429.266;1;1
2488;0.4;52.3524;31.9;2.95972;40.3906;30.8;163;303.212;268.736;265;360;270;268;291.088;290.943;70;265.184;0;1;;;427.169;1;1
2489;0.4;52.2338;31.9;2.89828;40.2836;30.8;164;303.139;268.764;265;360;270;268;291.088;291.088;70;265.186;0;1;;;427.169;1;1
2490;0.4;52.3553;31.9;2.88673;40.2865;30.8;165;303.024;268.815;265;360;270;268;291.088;290.943;70;265.187;0;1;;;425.021;1;1
2491;0.4;52.6418;31.9;2.9393;40.489;30.8;165;302.937;268.793;265;360;270;268;291.088;290.943;70;265.186;0;1;;;424.512;1;1
2492;0.4;52.5376;31.8;2.6135;40.3877;30.7;161;303.067;268.764;265;360;270;268;291.233;290.943;70;265.178;0;1;;;424.385;1;1
2493;0.4;52.3351;31.8;2.58514;40.2836;30.7;164;303.197;268.736;265;360;270;268;291.088;291.088;70;265.176;0;1;;;421.027;1;1
2494;0.4;52.2338;31.8;2.58014;40.1823;30.7;164;303.212;268.736;265;360;270;268;291.233;291.088;70;265.178;0;1;;;421.027;1;1
2495;0.4;52.5637;31.8;2.61479;40.2922;30.7;161;303.139;268.793;265;360;270;268;291.233;291.088;70;265.178;0;1;;;419.4;1;1
2496;0.4;52.8472;31.8;2.6289;40.5469;30.7;163;303.038;268.808;265;360;270;268;291.233;291.088;70;265.18;0;1;;;419.363;1;1
2497;0.4;52.6534;31.8;2.58247;40.5903;30.7;163;302.937;268.786;265;360;270;268;291.088;290.943;70;265.182;0;1;;;416.681;1;1
2498;0.4;52.5897;31.7;2.24067;40.2865;30.6;165;302.966;268.764;265;360;270;268;291.233;291.088;70;265.184;0;1;;;416.681;1;1
2499;0.4;52.2338;31.7;2.20726;40.2373;30.6;161;303.082;268.75;265;360;270;268;291.088;291.088;70;265.185;0;1;;;414.966;1;1
2500;0.4;52.0428;31.7;2.21737;40.3877;30.6;162;303.212;268.736;265;360;270;268;291.088;291.088;70;265.187;0;1;;;414.791;1;1
2501;0.4;52.1296;31.7;2.22107;40.1823;30.6;162;303.154;268.793;265;360;270;268;291.233;290.943;70;265.188;0;1;;;413.792;1;1
2502;0.4;52.3351;31.7;2.26639;40.0839;30.6;161;303.053;268.808;265;360;270;268;291.088;290.943;70;265.189;0;1;;;410.387;1;1
2503;0.4;52.7141;31.7;2.2828;39.9797;30.6;163;302.937;268.786;265;360;270;268;291.233;290.799;70;265.19;0;1;;;410.374;1;1
2504;0.4;52.4392;31.7;2.21594;40.1765;30.5;161;303.024;268.757;265;360;270;268;291.088;291.088;70;265.191;0;1;;;408.405;1;1
2505;0.4;51.9329;31.6;1.93266;40.081;30.5;160;303.139;268.743;265;360;270;268;291.088;291.088;70;265.192;0;1;;;408.199;1;1
2506;0.4;52.4392;31.6;1.89655;40.1823;30.5;162;303.183;268.786;265;360;270;268;291.088;290.943;70;265.192;0;1;;;407.852;1;1
2507;0.4;52.8472;31.6;1.87438;40.081;30.5;164;303.067;268.815;265;360;270;268;291.233;290.943;70;265.193;0;1;;;407.505;1;1
2508;0.4;52.6418;31.6;1.92227;40.1823;30.5;160;303.053;268.801;265;360;270;268;291.088;291.088;70;265.194;0;1;;;404.565;1;1
2509;0.4;52.1383;31.6;1.84924;40.3877;30.5;161;302.937;268.772;265;360;270;268;291.088;291.088;70;265.194;0;1;;;404.219;1;1
2510;0.4;52.2367;31.6;1.85273;40.2865;30.4;162;302.98;268.764;265;360;270;268;291.088;290.943;70;265.195;0;1;;;403.527;1;1
2511;0.4;52.1181;31.5;1.51288;40.3877;30.4;161;303.125;268.743;265;360;270;268;291.233;290.943;70;265.195;0;1;;;401.175;1;1
2512;0.4;52.1325;31.5;1.53151;40.489;30.4;160;303.212;268.736;265;360;270;268;291.088;290.943;70;265.195;0;1;;;400.6;1;1
2513;0.4;52.4219;31.5;1.5217;40.2836;30.4;164;303.139;268.808;265;360;270;268;291.088;290.943;70;265.195;0;1;;;398.378;1;1
2514;0.4;52.3061;31.5;1.50004;40.2865;30.4;165;303.009;268.808;265;360;270;268;291.088;290.943;70;265.195;0;1;;;398.378;1;1
2515;0.4;52.5405;31.5;1.47005;40.3848;30.4;161;302.951;268.779;265;360;270;268;291.088;290.943;70;265.195;0;1;;;397.689;1;1
2516;0.4;52.7431;31.5;1.47572;40.3877;30.3;164;303.096;268.757;265;360;270;268;291.088;290.943;70;265.195;0;1;;;397;1;1
2517;0.4;52.6418;31.4;1.22585;40.3877;30.3;162;303.139;268.75;265;360;270;268;291.233;290.943;70;265.198;0;1;;;394.935;1;1
2518;0.4;52.691;31.4;1.13493;40.081;30.3;161;303.212;268.736;265;360;270;268;291.233;290.943;70;265.201;0;1;;;393.248;1;1
2519;0.4;52.8472;31.4;1.1383;39.8785;30.3;159;303.154;268.815;265;360;270;268;291.233;290.943;70;265.211;0;1;;;393.237;1;1
2520;0.4;52.7459;31.4;1.13612;40.081;30.3;163;302.98;268.801;265;360;270;268;291.088;290.943;70;265.216;0;1;;;390.721;1;1
2521;0.4;52.3293;31.4;1.12714;40.0781;30.3;161;302.937;268.772;265;360;270;268;291.088;290.943;70;265.217;0;1;;;390.721;1;1
2522;0.4;52.2801;31.4;1.10782;40.1823;30.2;159;303.038;268.75;265;360;270;268;291.233;290.943;70;265.224;0;1;;;388.499;1;1
2523;0.4;52.4363;31.4;1.12945;40.3617;30.2;160;303.139;268.736;265;360;270;268;291.233;290.943;70;265.226;0;1;;;388.156;1;1
2524;0.4;52.6418;31.3;0.73969;40.081;30.2;160;303.212;268.764;265;360;270;268;291.233;290.943;70;265.231;0;1;;;387.814;1;1
2525;0.4;52.5579;31.3;0.720151;39.9797;30.2;155;303.154;268.815;265;360;270;268;291.233;290.943;70;265.227;0;1;;;386.626;1;1
2526;0.4;52.2685;31.3;0.770964;39.9826;30.2;157;302.373;268.801;265;360;270;268;291.233;290.943;70;265.223;0;1;;;385.942;1;1
2527;0.4;52.1325;31.3;0.750746;39.9797;30.2;174;302.214;268.779;265;360;270;268;291.088;290.943;70;265.224;0;1;;;383.831;1;1
2528;0.4;52.4363;31.3;0.755121;40.2112;30.1;170;302.228;268.757;265;360;270;268;291.088;290.943;70;265.224;0;1;;;383.49;1;1
2529;0.4;52.3582;31.3;0.753996;40.081;30.1;170;302.199;268.743;265;360;270;268;291.088;290.943;70;265.225;0;1;;;382.028;1;1
2530;0.4;52.2975;31.2;0.398061;40.2865;30.1;176;302.257;268.757;265;360;270;268;291.088;290.943;70;265.225;0;1;;;381.004;1;1
2531;0.4;52.1325;31.2;0.415018;40.3877;30.1;170;302.358;268.808;265;360;270;268;291.088;290.943;70;265.222;0;1;;;380.668;1;1
2532;0.4;51.93;31.2;0.377123;40.3877;30.1;170;302.459;268.808;265;360;270;268;291.088;290.943;70;265.219;0;1;;;377.63;1;1
2533;0.4;52.0312;31.2;0.377859;40.1823;30;165;302.474;268.786;265;360;270;268;291.088;290.943;70;265.217;0;1;;;376.95;1;1
2534;0.4;51.9329;31.2;0.359002;40.1562;30;164;302.416;268.764;265;360;270;268;291.088;290.943;70;265.215;0;1;;;376.347;1;1
2535;0.4;52.4392;31.2;0.362502;40.2807;30;171;303.067;268.743;265;360;270;268;291.088;290.943;70;265.21;0;1;;;376.347;1;1
2536;0.4;52.2338;31.1;0;40.2865;30;172;302.98;268.736;265;360;270;268;291.233;290.943;70;265.206;0;1;;;374.43;1;1
2537;0.4;52.0312;31.1;0;40.2865;30;161;302.937;268.793;265;360;270;268;291.088;290.943;70;265.205;0;1;;;373.42;1;1
2538;0.4;52.2338;31.1;0;40.2865;30;157;303.038;268.808;265;360;270;268;291.088;290.799;70;265.204;0;1;;;371.434;1;1
2539;0.4;52.3351;31.1;0;40.081;29.9;157;303.154;268.786;265;360;270;268;291.088;290.943;70;265.204;0;1;;;369.739;1;1
2540;0.4;52.6418;31.1;0;39.9797;29.9;158;303.139;268.75;265;360;270;268;291.088;290.799;70;265.203;0;1;;;369.739;1;1
2541;0.4;52.6447;31.1;0;40.081;29.9;155;303.038;268.736;265;360;270;268;291.088;290.799;70;265.202;0;1;;;367.517;1;1
2542;0.4;52.5434;31;0;39.9711;29.9;155;302.966;268.793;265;360;270;268;290.943;290.799;70;265.201;0;1;;;367.179;1;1
2543;0.4;52.4537;31;0;39.9797;29.9;155;302.937;268.808;265;360;270;268;290.943;290.799;70;265.203;0;1;;;366.639;1;1
2544;0.4;52.4566;31;0;40.081;29.9;155;303.082;268.786;265;360;270;268;290.943;290.799;70;265.203;0;1;"CUSN6       ";;366.301;1;1
2545;0.4;51.7274;31;0;39.9797;29.8;155;302.922;268.764;265;360;270;268;290.943;290.799;70;265.203;0;1;;;365.287;1;1
2546;0.4;51.8287;31;0;39.8814;29.8;162;302.98;268.75;265;360;270;268;290.943;290.799;70;265.216;0;1;;;362.718;1;1
2547;0.4;52.2338;31;0;39.9797;29.8;174;302.894;268.736;265;360;270;268;290.943;290.799;70;265.215;0;1;;;362.381;1;1
2548;0.4;52.1296;30.9;0;40.1186;29.8;174;302.792;268.779;265;360;270;268;290.943;290.799;70;265.221;0;1;;;360.021;1;1
2549;0.4;52.037;30.9;0;39.8785;29.8;179;302.677;268.808;265;360;270;268;290.943;290.654;70;265.227;0;1;;;360.021;1;1
2550;0.4;51.9271;30.9;0;39.8785;29.8;183;302.677;268.786;265;360;270;268;290.943;290.799;70;265.235;0;1;"CUSN6       ";;358.712;1;1
2551;0.4;52.0312;30.9;0;39.8785;29.7;181;302.807;269.17;265;360;270;268;290.799;290.799;70;265.24;0;1;;;357.703;1;1
2552;0.4;51.9444;30.9;0;39.974;29.7;171;302.922;269.155;265;360;270;268;290.943;290.654;70;265.242;0;1;;;356.022;1;1
2553;0.4;52.1267;30.9;0;39.8785;29.7;163;302.937;269.141;265;360;270;268;290.943;290.799;70;265.248;0;1;"CUSN6       ";;354.844;1;1
2554;0.4;52.2569;30.8;0;40.1823;29.7;162;303.139;269.119;265;360;270;268;290.943;290.799;70;265.254;0;1;;;354.509;1;1
2555;0.4;52.6418;30.8;0;40.2836;29.7;156;303.024;269.126;265;360;270;268;290.799;290.654;70;265.256;0;1;;;353.44;1;1
2556;0.4;52.2338;30.8;0;39.9797;29.7;150;302.937;269.155;265;360;270;268;290.943;290.654;70;265.261;0;1;;;353.199;1;1
2557;0.4;52.0747;30.8;0;40.081;29.6;149;302.995;269.155;265;360;270;268;290.799;290.654;70;265.262;0;1;;;351.188;1;1
2558;0.4;51.93;30.8;0;39.8785;29.6;147;303.139;269.141;265;360;270;268;290.799;290.654;70;265.264;0;1;;;351.037;1;1
2559;0.4;51.9271;30.8;0;39.8785;29.6;147;303.212;269.097;265;360;270;268;290.799;290.654;70;265.262;0;1;;;350.032;1;1
2560;0.4;51.8258;30.7;0;39.9797;29.6;148;303.139;269.076;265;360;270;268;290.799;290.654;70;265.261;0;1;;;347.357;1;1
2561;0.4;52.0226;30.7;0;39.8785;29.6;146;303.038;269.032;265;360;270;268;290.799;290.654;70;265.257;0;1;;;347.124;1;1
2562;0.4;52.3351;30.7;0;39.673;29.6;148;302.951;269.032;265;360;270;268;290.799;290.654;70;265.25;0;1;;;345.788;1;1
2563;0.4;52.1325;30.7;0;39.4705;29.5;146;302.98;269.003;265;360;270;268;290.799;290.654;70;265.243;0;1;;;345.788;1;1
2564;0.4;52.3611;30.7;0;39.5718;29.5;146;303.125;269.039;265;360;270;268;290.799;290.654;70;265.239;0;1;;;344.394;1;1
2565;0.4;52.338;30.7;0;39.7772;29.5;147;303.212;269.083;265;360;270;268;290.799;290.654;70;265.234;0;1;;;343.495;1;1
2566;0.4;52.1325;30.7;0;39.7772;29.5;146;303.139;269.068;265;360;270;268;290.799;290.509;70;265.23;0;1;;;342.213;1;1
2567;0.4;52.1325;30.6;0;39.7772;29.5;148;303.024;269.047;265;360;270;268;290.654;290.509;70;265.226;0;1;;;339.669;1;1
2568;0.4;52.4392;30.6;0;39.8785;29.5;148;302.937;269.293;265;360;270;268;290.654;290.365;70;265.223;0;1;;;339.337;1;1
2569;0.4;52.7778;30.6;0;39.8785;29.4;146;302.98;269.271;265;360;270;268;290.799;290.654;70;265.218;0;1;;;338.743;1;1
2570;0.4;52.338;30.6;0;39.7772;29.4;148;303.125;269.249;265;360;270;268;290.654;290.509;70;265.213;0;1;;;337.857;1;1
2571;0.4;51.9271;30.6;0;39.7772;29.4;150;303.212;269.285;265;360;270;268;290.654;290.654;70;265.208;0;1;"CUSN6       ";;337.192;1;1
2572;0.4;52.1267;30.5;0;39.6759;29.4;151;303.139;269.321;265;360;270;268;290.654;290.509;70;265.202;0;1;"CUSN6       ";;334.87;1;1
2573;0.4;52.1325;30.5;0;39.6759;29.4;152;302.445;269.307;265;360;270;268;290.654;290.509;70;265.193;0;1;;;334.005;1;1
2574;0.4;52.0312;30.5;0;39.8785;29.3;155;302.474;269.285;265;360;270;268;290.654;290.509;70;265.185;0;1;;;331.269;1;1
2575;0.4;52.0023;30.5;0;40.0608;29.3;159;302.416;269.264;265;360;270;268;290.654;290.509;70;265.182;0;1;;;331.269;1;1
2576;0.4;51.5191;30.5;0;40.1823;29.3;165;302.358;269.249;265;360;270;268;290.654;290.509;70;265.172;0;1;;;329.482;1;1
2577;0.4;51.7274;30.5;0;40.434;29.3;172;302.445;269.264;265;360;270;268;290.654;290.509;70;265.164;0;1;;;329.151;1;1
2578;0.4;51.93;30.4;0;40.2922;29.3;176;302.633;269.321;265;360;270;268;290.654;290.509;70;265.157;0;1;;;329.151;1;1
2579;0.4;51.93;30.4;0;40.081;29.2;176;302.662;269.314;265;360;270;268;290.654;290.509;70;265.15;0;1;;;327.527;1;1
2580;0.4;51.7245;30.4;0;39.7772;29.2;175;302.532;269.293;265;360;270;268;290.799;290.509;70;265.145;0;1;;;325.308;1;1
2581;0.4;51.4207;30.4;0;39.6759;29.2;182;302.431;269.271;265;360;270;268;290.654;290.509;70;265.137;0;1;;;324.959;1;1
2582;0.4;51.4641;30.4;0;39.8785;29.2;188;302.358;269.249;265;360;270;268;290.509;290.509;70;265.127;0;1;;;323.313;1;1
2583;0.4;52.037;30.3;0;39.7772;29.2;187;302.271;269.264;265;360;270;268;290.654;290.22;70;265.118;0;1;;;322.436;1;1
2584;0.4;51.93;30.3;0;39.8785;29.1;187;302.271;269.314;265;360;270;268;290.509;290.365;70;265.105;0;1;;;321.975;1;1
2585;0.4;51.8287;30.3;0;39.8785;29.1;188;302.358;269.314;265;360;270;268;290.509;290.365;70;265.094;0;1;;;320.989;1;1
2586;0.4;52.0312;30.3;0;39.8785;29.1;193;302.431;269.293;265;360;270;268;290.654;290.509;70;265.083;0;1;;;317.697;1;1
2587;0.4;52.2512;30.3;0;39.8785;29.1;196;302.561;269.271;265;360;270;268;290.654;290.509;70;265.074;0;1;;;317.177;1;1
2588;0.4;52.037;30.2;0;39.7772;29.1;195;303.197;269.249;265;360;270;268;290.654;290.509;70;265.066;0;1;;;317.177;1;1
2589;0.4;52.2049;30.2;0;39.6759;29.1;192;303.096;269.256;265;360;270;268;290.654;290.509;70;265.061;0;1;;;315.354;1;1
2590;0.4;51.7679;30.2;0;39.5718;29;187;303.009;269.314;265;360;270;268;290.654;290.509;70;265.057;0;1;;;315.354;1;1
2591;0.4;51.8258;30.2;0;39.6759;29;187;302.937;269.321;265;360;270;268;290.654;290.509;70;265.051;0;1;;;314.699;1;1
2592;0.4;52.1383;30.2;0;39.7685;29;189;302.98;269.3;265;360;270;268;290.654;290.509;70;265.043;0;1;;;312.737;1;1
2593;0.4;52.2338;30.2;0;39.7772;29;193;303.617;269.249;265;360;270;268;290.654;290.509;70;265.041;0;1;;;310.887;1;1
2594;0.4;51.9676;30.1;0;39.7772;29;192;303.675;269.227;265;360;270;268;290.654;290.509;70;265.041;0;1;;;309.285;1;1
2595;0.4;51.8316;30.1;0;39.9797;29;186;303.588;269.242;265;360;270;268;290.654;290.509;70;265.043;0;1;;;309.285;1;1
2596;0.4;51.7245;30.1;0;39.9797;28.9;183;303.516;269.3;265;360;270;268;290.654;290.365;70;265.044;0;1;;;308.633;1;1
2597;0.4;51.8287;30.1;0;39.8756;28.9;186;303.414;269.285;265;360;270;268;290.509;290.509;70;265.047;0;1;;;307.442;1;1
2598;0.4;51.93;30.1;0;39.8814;28.9;187;303.458;269.271;265;360;270;268;290.654;290.365;70;265.048;0;1;;;306.799;1;1
2599;0.4;51.8258;30.1;0;39.9797;28.9;182;303.95;269.249;265;360;270;268;290.509;290.365;70;265.051;0;1;;;303.702;1;1
2600;0.4;51.8258;30;0;39.9797;28.9;183;304.094;269.227;265;360;270;268;290.654;290.509;70;265.053;0;1;;;303.702;1;1
2601;0.4;52.1325;30;0;39.8785;28.9;174;304.181;269.235;265;360;270;268;290.654;290.509;70;265.056;0;1;;;302.727;1;1
2602;0.4;52.2338;30;0;39.5718;28.9;174;304.123;269.321;265;360;270;268;290.654;290.509;70;265.061;0;1;;;302.403;1;1
2603;0.4;52.1267;30;0;39.5718;28.9;169;304.051;269.293;265;360;270;268;290.654;290.509;70;265.065;0;1;;;300.692;1;1
2604;0.4;52.0312;30;0;39.6846;28.8;169;304.21;269.278;265;360;270;268;290.654;290.509;70;265.069;0;1;;;299.719;1;1
2605;0.4;51.6348;30;0;39.7772;28.8;169;304.499;269.256;265;360;270;268;290.654;290.509;70;265.069;0;1;;;299.719;1;1
2606;0.4;51.93;30;0;39.7772;28.8;162;304.485;269.235;265;360;270;268;290.654;290.509;70;265.066;0;1;;;296.805;1;1
2607;0.4;51.7043;29.9;0;39.7772;28.8;152;304.427;269.285;265;360;270;268;290.654;290.509;70;265.062;0;1;;;295.925;1;1
2608;0.4;51.6233;29.9;0;39.7801;28.8;151;304.659;269.293;265;360;270;268;290.654;290.509;70;265.055;0;1;;;294.955;1;1
2609;0.4;51.93;29.9;0;39.9537;28.8;153;304.543;269.293;265;360;270;268;290.654;290.509;70;265.049;0;1;;;293.31;1;1
2610;0.4;51.93;29.9;0;40.0839;28.8;154;304.456;269.285;265;360;270;268;290.654;290.509;70;265.044;0;1;;;293.31;1;1
2611;0.4;52.0341;29.9;0;40.081;28.7;148;304.34;269.271;265;360;270;268;290.654;290.365;70;265.039;0;1;;;292.625;1;1
2612;0.4;51.7274;29.9;0;40.0723;28.7;152;304.268;269.256;265;360;270;268;290.654;290.509;70;265.029;0;1;;;291.658;1;1
2613;0.4;51.7274;29.9;0;40.081;28.7;161;304.225;269.293;265;360;270;268;290.654;290.365;70;265.024;0;1;;;289.201;1;1
2614;0.4;51.9676;29.8;0;40.081;28.7;157;304.239;269.314;265;360;270;268;290.509;290.365;70;265.013;0;1;;;288.558;1;1
2615;0.4;52.1325;29.8;0;39.9797;28.7;149;304.355;269.307;265;360;270;268;290.654;290.365;70;265.004;0;1;;;288.558;1;1
2616;0.4;52.3235;29.8;0;40.0839;28.7;147;304.427;269.285;265;360;270;268;290.654;290.365;70;264.999;0;1;;;285.777;1;1
2617;0.4;52.3698;29.8;0;39.9884;28.6;158;304.499;269.249;265;360;270;268;290.654;290.365;70;264.99;0;1;;;284.814;1;1
2618;0.4;52.1354;29.8;0;39.9769;28.6;162;304.225;269.242;265;360;270;268;290.654;290.365;70;264.982;0;1;;;283.531;1;1
2619;0.4;52.0312;29.8;0;40.081;28.6;160;304.109;269.307;265;360;270;268;290.509;290.365;70;264.972;0;1;;;282.249;1;1
2620;0.4;52.0312;29.8;0;39.8785;28.6;167;304.008;269.321;265;360;270;268;290.654;290.365;70;264.971;0;1;;;281.929;1;1
2621;0.4;51.93;29.7;0;39.7772;28.6;179;303.979;269.3;265;360;270;268;290.654;290.365;70;264.969;0;1;;;279.875;1;1
2622;0.4;51.7245;29.7;0;39.8785;28.6;182;304.109;269.256;265;360;270;268;290.654;290.365;70;264.972;0;1;;;279.556;1;1
2623;0.4;52.0312;29.7;0;39.7772;28.5;183;304.21;269.242;265;360;270;268;290.654;290.509;70;264.976;0;1;;;278.597;1;1
2624;0.4;51.9994;29.7;0;39.7772;28.5;182;304.239;269.278;265;360;270;268;290.509;290.509;70;264.979;0;1;;;278.277;1;1
2625;0.4;51.93;29.7;0;39.9826;28.5;182;304.123;269.329;265;360;270;268;290.509;290.509;70;264.982;0;1;;;277.32;1;1
2626;0.4;51.9271;29.6;0;40.0839;28.5;183;304.022;269.293;265;360;270;268;290.654;290.365;70;264.984;0;1;;;275.173;1;1
2627;0.4;52.4363;29.6;0;39.7772;28.5;183;303.979;269.271;265;360;270;268;290.509;290.365;70;264.986;0;1;;;273.075;1;1
2628;0.4;52.1325;29.6;0;39.6759;28.4;183;304.094;269.249;265;360;270;268;290.799;290.509;70;264.988;0;1;;;273.032;1;1
2629;0.4;51.93;29.6;0;39.4763;28.4;183;304.225;269.264;265;360;270;268;290.654;290.509;70;264.989;0;1;;;272.42;1;1
2630;0.4;51.93;29.6;0;39.6238;28.4;183;304.239;269.307;265;360;270;268;290.509;290.509;70;264.991;0;1;;;271.055;1;1
2631;0.4;52.1325;29.6;0;39.7772;28.4;183;304.138;269.307;265;360;270;268;290.509;290.365;70;264.992;0;1;;;269.787;1;1
2632;0.4;52.0399;29.5;0;39.7772;28.4;183;304.036;269.293;265;360;270;268;290.654;290.365;70;264.994;0;1;;;269.152;1;1
2633;0.4;51.93;29.5;0;39.8785;28.4;182;303.95;269.3;265;360;270;268;290.509;290.509;70;264.997;0;1;;;268.2;1;1
2634;0.4;51.8316;29.5;0;40.081;28.3;183;304.167;269.271;265;360;270;268;290.509;290.509;70;265.002;0;1;;;266.573;1;1
2635;0.4;51.7245;29.5;0;40.0839;28.3;183;304.21;269.242;265;360;270;268;290.509;290.509;70;265.01;0;1;;;265.98;1;1
2636;0.4;51.7043;29.5;0;39.8785;28.3;183;304.239;269.249;265;360;270;268;290.654;290.509;70;265.021;0;1;;;264.547;1;1
2637;0.4;51.6233;29.5;0;39.7772;28.3;182;304.181;269.336;265;360;270;268;290.654;290.509;70;265.03;0;1;;;261.386;1;1
2638;0.4;51.6233;29.4;0;39.7772;28.3;183;304.08;269.321;265;360;270;268;290.654;290.509;70;265.038;0;1;;;261.071;1;1
2639;0.4;51.6233;29.4;0;39.8582;28.3;182;303.993;269.3;265;360;270;268;290.654;290.509;70;265.045;0;1;;;261.071;1;1
2640;0.4;51.9068;29.4;0;39.8785;28.3;176;304.051;269.249;265;360;270;268;290.799;290.509;70;265.05;0;1;;;260.44;1;1
2641;0.4;51.93;29.4;0;40.2546;28.2;174;304.167;269.235;265;360;270;268;290.654;290.509;70;265.054;0;1;;;258.863;1;1
2642;0.4;52.3351;29.4;0;40.1823;28.2;174;304.268;269.3;265;360;270;268;290.509;290.365;70;265.059;0;1;;;257.08;1;1
2643;0.4;52.5376;29.4;0;39.8785;28.2;169;304.442;269.336;265;360;270;268;290.654;290.365;70;265.064;0;1;;;257.074;1;1
2644;0.4;52.1325;29.3;0;39.9797;28.2;169;304.355;269.278;265;360;270;268;290.654;290.509;70;265.068;0;1;;;254.867;1;1
2645;0.4;52.0312;29.3;0;39.9797;28.2;153;304.326;269.256;265;360;270;268;290.509;290.365;70;265.07;0;1;;;254.239;1;1
2646;0.4;52.1065;29.3;0;40.2865;28.2;148;304.774;269.256;265;360;270;268;290.509;290.365;70;265.071;0;1;;;253.957;1;1
2647;0.4;51.8663;29.3;0;40.3877;28.2;143;304.847;269.278;265;360;270;268;290.509;290.365;70;265.069;0;1;;;252.387;1;1
2648;0.4;51.9821;29.3;0;40.1823;28.2;151;304.933;269.329;265;360;270;268;290.509;290.365;70;265.067;0;1;;;250.82;1;1
2649;0.4;51.93;29.3;0;40.1128;28.1;155;304.499;269.293;265;360;270;268;290.509;290.365;70;265.063;0;1;;;249.842;1;1
2650;0.4;51.7274;29.2;0;39.9971;28.1;144;305.02;269.278;265;360;270;268;290.509;290.365;70;265.063;0;1;;;248.277;1;1
2651;0.4;51.8287;29.2;0;39.8785;28.1;142;304.181;269.271;265;360;270;268;290.654;290.365;70;265.066;0;1;;;248.153;1;1
2652;0.4;51.7245;29.2;0;40.081;28.1;142;304.08;269.256;265;360;270;268;290.654;290.365;70;265.066;0;1;;;246.23;1;1
2653;0.4;51.8287;29.2;0;40.081;28.1;151;303.993;269.271;265;360;270;268;290.654;290.509;70;265.068;0;1;;;246.23;1;1
2654;0.4;51.93;29.2;0;40.136;28.1;156;304.022;269.314;265;360;270;268;290.654;290.509;70;265.066;0;1;;;246.23;1;1
2655;0.4;51.7274;29.2;0;40.2865;28.1;154;304.152;269.321;265;360;270;268;290.654;290.509;70;265.07;0;1;;;242.709;1;1
2656;0.4;51.9271;29.1;0;40.2865;28;155;304.253;269.3;265;360;270;268;290.654;290.365;70;265.074;0;1;;;241.463;1;1
2657;0.4;52.0312;29.1;0;40.1852;28;161;304.21;269.278;265;360;270;268;290.509;290.509;70;265.076;0;1;;;241.152;1;1
2658;0.4;51.6233;29.1;0;40.1852;28;160;304.094;269.242;265;360;270;268;290.654;290.509;70;265.079;0;1;;;239.799;1;1
2659;0.4;51.7419;29.1;0;40.2865;28;156;303.993;269.141;265;360;270;268;290.509;290.365;70;265.081;0;1;;;239.577;1;1
2660;0.4;51.6291;29.1;0;40.1389;28;156;304.008;269.191;265;360;270;268;290.509;290.509;70;265.083;0;1;;;238.33;1;1
2661;0.4;51.8287;29.1;0;40.0839;27.9;155;304.138;269.17;265;360;270;268;290.654;290.365;70;265.086;0;1;;;236.836;1;1
2662;0.4;51.9271;29;0;40.0463;27.9;156;304.239;269.083;265;360;270;268;290.509;290.365;70;265.087;0;1;;;236.304;1;1
2663;0.4;51.93;29;0;39.9797;27.9;156;304.21;269.119;265;360;270;268;290.654;290.365;70;265.088;0;1;;;234.062;1;1
2664;0.4;52.0312;29;0;40.0752;27.9;156;304.109;269.097;265;360;270;268;290.509;290.365;70;265.09;0;1;;;233.302;1;1
2665;0.4;52.1354;29;0;40.0839;27.9;155;304.008;269.083;265;360;270;268;290.509;290.365;70;265.091;0;1;;;232.993;1;1
2666;0.4;51.8287;29;0;40.1852;27.9;155;303.675;269.018;265;360;270;268;290.509;290.365;70;265.092;0;1;;;230.52;1;1
2667;0.4;52.1325;28.9;0;40.2894;27.8;156;303.762;269.083;265;360;270;268;290.654;290.365;70;265.093;0;1;;;230.52;1;1
2668;0.4;51.9271;28.9;0;40.1852;27.8;161;303.747;269.155;265;360;270;268;290.654;290.365;70;265.094;0;1;;;229.445;1;1
2669;0.4;52.0747;28.9;0;40.0839;27.8;163;303.921;269.148;265;360;270;268;290.509;290.365;70;265.094;0;1;;;228.191;1;1
2670;0.4;51.93;28.9;0;40.0839;27.8;168;303.747;269.112;265;360;270;268;290.509;290.365;70;265.095;0;1;;;227.575;1;1
2671;0.4;51.8258;28.9;0;39.9797;27.8;169;303.588;269.104;265;360;270;268;290.654;290.365;70;265.096;0;1;;;225.232;1;1
2672;0.4;51.8142;28.9;0;39.8785;27.7;168;303.516;269.097;265;360;270;268;290.509;290.365;70;265.096;0;1;;;224.925;1;1
2673;0.4;51.5625;28.8;0;39.8814;27.7;169;303.588;269.09;265;360;270;268;290.654;290.365;70;265.097;0;1;;;223.609;1;1
2674;0.4;51.93;28.8;0;39.7772;27.7;168;303.602;269.068;265;360;270;268;290.509;290.365;70;265.097;0;1;;;222.152;1;1
2675;0.4;51.93;28.8;0;39.7772;27.7;161;303.66;269.076;265;360;270;268;290.654;290.365;70;265.097;0;1;;;221.232;1;1
2676;0.4;51.93;28.8;0;39.9797;27.7;160;303.602;269.104;265;360;270;268;290.654;290.365;70;265.097;0;1;;;220.312;1;1
2677;0.4;52.5405;28.8;0;39.9797;27.7;160;303.66;269.104;265;360;270;268;290.509;290.365;70;265.097;0;1;;;217.957;1;1
2678;0.4;52.419;28.8;0;39.9826;27.6;160;303.733;269.083;265;360;270;268;290.509;290.509;70;265.097;0;1;;;217.957;1;1
2679;0.4;52.2338;28.7;0;40.1852;27.6;161;303.993;269.133;265;360;270;268;290.509;290.365;70;265.097;0;1;;;217.164;1;1
2680;0.4;52.2367;28.7;0;40.081;27.6;166;303.95;269.17;265;360;270;268;290.509;290.365;70;265.097;0;1;;;216.622;1;1
2681;0.4;52.3351;28.7;0;39.9797;27.6;165;303.892;269.285;265;360;270;268;290.509;290.22;70;265.097;0;1;;;215.766;1;1
2682;0.4;52.338;28.7;0;39.8785;27.6;157;303.791;269.278;265;360;270;268;290.509;290.22;70;265.095;0;1;;;212.411;1;1
2683;0.4;52.338;28.7;0;39.8785;27.6;159;302.966;269.242;265;360;270;268;290.509;290.22;70;265.096;0;1;;;212.193;1;1
2684;0.4;52.1325;28.6;0;40.081;27.5;170;303.096;269.307;265;360;270;268;290.509;290.22;70;265.093;0;1;;;211.584;1;1
2685;0.4;52.1325;28.6;0;40.0839;27.5;177;303.197;269.314;265;360;270;268;290.509;290.22;70;265.094;0;1;;;210.194;1;1
2686;0.4;52.0341;28.6;0;40.081;27.5;176;303.183;269.307;265;360;270;268;290.365;290.365;70;265.095;0;1;;;210.194;1;1
2687;0.4;52.3351;28.6;0;40.1852;27.5;181;303.096;269.285;265;360;270;268;290.509;290.365;70;265.095;0;1;;;208.674;1;1
2688;0.4;52.1846;28.6;0;40.2865;27.5;183;302.98;269.249;265;360;270;268;290.365;290.22;70;265.096;0;1;;;207.356;1;1
2689;0.4;51.9907;28.6;0;40.081;27.5;179;302.937;269.264;265;360;270;268;290.365;290.22;70;265.097;0;1;;;206.749;1;1
2690;0.4;51.93;28.5;0;39.8785;27.4;176;303.024;269.314;265;360;270;268;290.509;290.22;70;265.095;0;1;;;204.88;1;1
2691;0.4;52.0226;28.5;0;39.8785;27.4;177;303.168;269.329;265;360;270;268;290.509;290.22;70;265.096;0;1;;;203.112;1;1
2692;0.4;52.2338;28.5;0;39.9797;27.4;178;303.212;269.307;265;360;270;268;290.509;290.22;70;265.097;0;1;;;202.809;1;1
2693;0.4;51.93;28.5;0;39.9797;27.4;176;303.009;269.271;265;360;270;268;290.509;290.22;70;265.095;0;1;;;201.628;1;1
2694;0.4;51.93;28.5;0;39.9797;27.4;177;302.937;269.242;265;360;270;268;290.509;290.22;70;265.09;0;1;;;200.722;1;1
2695;0.4;51.6233;28.4;0;39.9826;27.4;177;302.937;269.256;265;360;270;268;290.509;290.22;70;265.082;0;1;;;199.816;1;1
2696;0.4;51.7245;28.4;0;39.9826;27.3;174;303.111;269.329;265;360;270;268;290.509;290.22;70;265.073;0;1;;;197.264;1;1
2697;0.4;51.6117;28.4;0;39.9797;27.3;176;303.993;269.307;265;360;270;268;290.509;290.22;70;265.065;0;1;;;196.728;1;1
2698;0.4;51.8258;28.4;0;39.9797;27.3;181;303.458;269.3;265;360;270;268;290.509;290.22;70;265.058;0;1;;;195.722;1;1
2699;0.4;52.0312;28.4;0;40.0839;27.3;174;303.443;269.278;265;360;270;268;290.365;290.22;70;265.046;0;1;;;195.342;1;1
2700;0.4;52.1325;28.4;0;40.081;27.3;165;303.805;269.256;265;360;270;268;290.365;290.22;70;265.03;0;1;;;195.342;1;1
2701;0.4;52.4392;28.3;0;39.8785;27.3;173;303.747;269.177;265;360;270;268;290.509;290.22;70;265.018;0;1;;;192.997;1;1
2702;0.4;52.5405;28.3;0;39.6759;27.3;179;303.718;269.206;265;360;270;268;290.365;290.22;70;265.01;0;1;;;190.298;1;1
2703;0.4;52.4392;28.3;0;39.5747;27.3;181;303.791;269.184;265;360;270;268;290.365;290.22;70;264.998;0;1;;;190.002;1;1
2704;0.4;52.1325;28.3;0;39.6875;27.2;174;303.906;269.191;265;360;270;268;290.365;290.22;70;264.99;0;1;;;189.64;1;1
2705;0.4;52.4016;28.3;0;39.8785;27.2;170;304.008;269.184;265;360;270;268;290.509;290.22;70;264.982;0;1;;;188.472;1;1
2706;0.4;52.4508;28.3;0;40.081;27.2;173;304.036;269.17;265;360;270;268;290.509;290.365;70;264.978;0;1;;;187.601;1;1
2707;0.4;52.1094;28.2;0;40.0839;27.2;174;303.906;269.155;265;360;270;268;290.509;290.365;70;264.98;0;1;;;186.425;1;1
2708;0.4;52.0312;28.2;0;40.0145;27.2;178;303.848;269.141;265;360;270;268;290.509;290.365;70;264.983;0;1;;;185.52;1;1
2709;0.4;51.9271;28.2;0;39.9797;27.2;186;303.805;269.17;265;360;270;268;290.509;290.22;70;264.985;0;1;;;184.327;1;1
2710;0.4;52.1325;28.2;0;40.0839;27.2;194;303.226;268.938;265;360;270;268;290.509;290.22;70;264.987;0;1;;;182.9;1;1
2711;0.4;52.0312;28.2;0;40.1823;27.2;196;303.356;268.924;265;360;270;268;290.509;290.22;70;264.989;0;1;;;182.305;1;1
2712;0.4;52.0255;28.2;0;40.1765;27.1;196;304.181;268.902;265;360;270;268;290.509;290.22;70;264.99;0;1;;;181.27;1;1
2713;0.4;51.93;28.2;0;40.3472;27.1;186;304.225;268.895;265;360;270;268;290.509;290.22;70;264.994;0;1;;;179.45;1;1
2714;0.4;51.93;28.1;0;40.3877;27.1;178;304.225;269.126;265;360;270;268;290.509;290.22;70;264.995;0;1;;;178.856;1;1
2715;0.4;51.7506;28.1;0;39.9624;27.1;180;304.051;268.866;265;360;270;268;290.365;290.22;70;264.998;0;1;;;177.669;1;1
2716;0.4;51.93;28.1;0;39.9826;27.1;177;303.964;268.866;265;360;270;268;290.365;290.365;70;264.999;0;1;;;176.055;1;1
2717;0.4;51.8692;28.1;0;40.081;27.1;175;303.95;269.09;265;360;270;268;290.365;290.22;70;265.008;0;1;;;175.463;1;1
2718;0.4;51.8287;28.1;0;39.974;27.1;176;304.036;269.126;265;360;270;268;290.509;290.365;70;265.01;0;1;;;173.708;1;1
2719;0.4;52.1325;28.1;0;39.9826;27.1;174;304.152;269.148;265;360;270;268;290.509;290.365;70;265.017;0;1;;;172.936;1;1
2720;0.4;52.0312;28;0;39.7193;27;174;304.861;269.155;265;360;270;268;290.509;290.365;70;265.024;0;1;;;172.454;1;1
2721;0.4;51.6348;28;0;39.7772;27;170;304.413;268.909;265;360;270;268;290.509;290.365;70;265.029;0;1;;;170.38;1;1
2722;0.4;51.8287;28;0;39.8814;27;168;304.818;269.126;265;360;270;268;290.509;290.22;70;265.038;0;1;;;168.612;1;1
2723;0.4;51.7766;28;0;39.9797;27;165;304.297;268.887;265;360;270;268;290.509;290.365;70;265.048;0;1;"CUSN6       ";;168.612;1;1
2724;0.4;52.1354;28;0;40.1881;27;155;304.731;269.068;265;360;270;268;290.509;290.22;70;265.057;0;1;;;168.134;1;1
2725;0.4;52.2338;28;0;40.0839;27;149;304.239;268.895;265;360;270;268;290.509;290.22;70;265.062;0;1;;;166.075;1;1
2726;0.4;52.0312;28;0;39.8785;27;152;304.311;268.938;265;360;270;268;290.509;290.365;70;265.072;0;1;;;165.781;1;1
2727;0.4;51.93;27.9;0;39.7772;27;155;304.413;268.989;265;360;270;268;290.509;290.365;70;265.075;0;1;;;164.54;1;1
2728;0.4;51.93;27.9;0;39.7859;27;152;304.543;268.996;265;360;270;268;290.509;290.365;70;265.083;0;1;;;162.945;1;1
2729;0.4;51.93;27.9;0;39.9826;26.9;145;304.196;269.025;265;360;270;268;290.509;290.365;70;265.091;0;1;;;162.945;1;1
2730;0.4;51.8287;27.9;0;39.9826;26.9;149;304.225;268.989;265;360;270;268;290.509;290.365;70;265.095;0;1;;;160.857;1;1
2731;0.4;52.1325;27.9;0;39.7772;26.9;154;304.036;269.018;265;360;270;268;290.509;290.365;70;265.098;0;1;;;159.699;1;1
2732;0.4;52.2338;27.9;0;39.8785;26.9;153;304.022;268.916;265;360;270;268;290.509;290.365;70;265.106;0;1;;;159.424;1;1
2733;0.4;52.0341;27.9;0;39.9797;26.9;152;303.964;268.873;265;360;270;268;290.654;290.365;70;265.109;0;1;;;157.993;1;1
2734;0.4;51.7448;27.8;0;39.9826;26.9;148;304.036;268.873;265;360;270;268;290.654;290.365;70;265.115;0;1;;;155.951;1;1
2735;0.4;51.8287;27.8;0;40.0839;26.9;148;304.167;268.895;265;360;270;268;290.654;290.365;70;265.115;0;1;;;155.368;1;1
2736;0.4;51.8547;27.8;0;39.8785;26.8;147;303.443;268.924;265;360;270;268;290.654;290.365;70;265.116;0;1;;;154.356;1;1
2737;0.4;52.0226;27.8;0;40.0839;26.8;152;303.4;268.931;265;360;270;268;290.654;290.365;70;265.116;0;1;;;152.811;1;1
2738;0.4;52.2338;27.8;0;39.8785;26.8;151;303.313;268.909;265;360;270;268;290.654;290.365;70;265.115;0;1;;;152.521;1;1
2739;0.4;52.0284;27.8;0;39.8727;26.8;152;303.66;269.133;265;360;270;268;290.654;290.365;70;265.111;0;1;;;150.76;1;1
2740;0.4;51.8258;27.7;0;40.055;26.8;160;303.183;268.895;265;360;270;268;290.654;290.365;70;265.108;0;1;;;149.612;1;1
2741;0.4;51.4207;27.7;0;39.9797;26.8;159;303.139;268.88;265;360;270;268;290.654;290.365;70;265.101;0;1;;;148.991;1;1
2742;0.4;51.5625;27.7;0;39.8929;26.7;157;303.038;268.873;265;360;270;268;290.654;290.22;70;265.099;0;1;;;148.352;1;1
2743;0.4;51.93;27.7;0;39.8785;26.7;162;303.168;268.736;265;360;270;268;290.509;290.22;70;265.086;0;1;;;145.915;1;1
2744;0.4;51.93;27.7;0;39.8206;26.7;169;303.212;268.793;265;360;270;268;290.509;290.365;70;265.083;0;1;;;145.337;1;1
2745;0.4;52.0312;27.7;0;39.8727;26.7;170;303.125;268.808;265;360;270;268;290.509;290.075;70;265.076;0;1;;;145.048;1;1
2746;0.4;51.9329;27.6;0;39.6759;26.7;170;303.024;268.786;265;360;270;268;290.509;290.22;70;265.067;0;1;;;142.581;1;1
2747;0.4;51.9502;27.6;0;39.6759;26.6;170;302.951;268.757;265;360;270;268;290.509;290.22;70;265.06;0;1;;;142.293;1;1
2748;0.4;52.2367;27.6;0;39.6759;26.6;175;302.966;268.736;265;360;270;268;290.365;290.22;70;265.054;0;1;;;140.392;1;1
2749;0.4;52.2569;27.6;0;39.5747;26.6;176;303.082;268.743;265;360;270;268;290.365;290.22;70;265.048;0;1;;;140.105;1;1
2750;0.4;51.93;27.6;0;39.5747;26.6;175;302.922;268.815;265;360;270;268;290.509;290.22;70;265.043;0;1;;;139.882;1;1
2751;0.4;52.1325;27.6;0;39.6759;26.6;179;302.894;268.793;265;360;270;268;290.365;290.22;70;265.039;0;1;;;138.045;1;1
2752;0.4;51.93;27.5;0;39.6788;26.6;192;302.792;268.764;265;360;270;268;290.365;290.22;70;265.029;0;1;;;135.917;1;1
2753;0.4;51.7245;27.5;0;39.4734;26.5;193;302.705;268.743;265;360;270;268;290.365;290.22;70;265.025;0;1;;;135.344;1;1
2754;0.4;51.5191;27.5;0;39.4821;26.5;197;302.937;268.736;265;360;270;268;290.365;290.22;70;265.023;0;1;;;134.198;1;1
2755;0.4;51.8258;27.5;0;39.7772;26.5;194;303.009;268.793;265;360;270;268;290.365;290.365;70;265.015;0;1;;;133.425;1;1
2756;0.4;51.8287;27.5;0;39.6904;26.5;187;303.139;268.808;265;360;270;268;290.365;290.22;70;265.013;0;1;;;133.139;1;1
2757;0.4;51.522;27.5;0;39.7772;26.5;190;303.154;268.772;265;360;270;268;290.509;290.22;70;265.012;0;1;;;131.386;1;1
2758;0.4;51.7245;27.4;0;39.6759;26.5;187;303.053;268.75;265;360;270;268;290.509;290.365;70;265.011;0;1;;;129.674;1;1
2759;0.4;52.0284;27.4;0;39.7078;26.4;190;302.966;268.736;265;360;270;268;290.509;290.365;70;265.01;0;1;;;128.939;1;1
2760;0.4;51.8258;27.4;0;39.6759;26.4;196;303.168;268.764;265;360;270;268;290.509;290.365;70;265.007;0;1;;;128.654;1;1
2761;0.4;51.3194;27.4;0;39.6759;26.4;194;303.241;268.815;265;360;270;268;290.509;290.22;70;265.006;0;1;;;126.171;1;1
2762;0.4;51.522;27.4;0;39.7772;26.4;187;303.313;268.801;265;360;270;268;290.365;290.22;70;265.003;0;1;;;124.837;1;1
2763;0.4;51.93;27.4;0;39.8785;26.4;186;303.4;268.779;265;360;270;268;290.509;290.22;70;265.003;0;1;;;124.61;1;1
2764;0.4;52.1325;27.3;0;40.0839;26.4;181;304.181;268.772;265;360;270;268;290.509;290.22;70;265.003;0;1;;;124.043;1;1
2765;0.4;51.7245;27.3;0;40.0839;26.4;188;304.181;268.743;265;360;270;268;290.365;290.075;70;265.003;0;1;;;122.179;1;1
2766;0.4;51.8287;27.3;0;40.0231;26.4;174;304.109;268.736;265;360;270;268;290.365;290.22;70;265.005;0;1;;;120.929;1;1
2767;0.4;51.7245;27.3;0;39.8785;26.3;172;304.008;268.757;265;360;270;268;290.365;290.075;70;265.003;0;1;;;118.72;1;1
2768;0.4;51.6609;27.3;0;39.8814;26.3;171;303.993;268.815;265;360;270;268;290.365;290.22;70;265.003;0;1;;;118.012;1;1
2769;0.4;51.7622;27.3;0;39.8814;26.3;167;304.355;268.786;265;360;270;268;290.22;290.075;70;265;0;1;;;118.012;1;1
2770;0.4;52.011;27.3;0;39.8814;26.3;169;304.89;268.779;265;360;270;268;290.22;290.075;70;264.999;0;1;;;116.81;1;1
2771;0.4;52.1354;27.2;0;39.673;26.3;169;304.514;268.743;265;360;270;268;290.365;290.22;70;264.998;0;1;;;114.58;1;1
2772;0.4;52.1036;27.2;0;39.7801;26.3;158;304.413;268.736;265;360;270;268;290.365;290.22;70;264.995;0;1;;;114.136;1;1
2773;0.4;51.93;27.2;0;39.9826;26.3;149;304.962;268.736;265;360;270;268;290.365;290.22;70;264.99;0;1;;;113.132;1;1
2774;0.4;51.7245;27.2;0;39.8814;26.3;148;304.311;268.815;265;360;270;268;290.365;290.075;70;264.991;0;1;;;112.837;1;1
2775;0.4;51.3166;27.2;0;40.055;26.3;151;304.253;268.793;265;360;270;268;290.365;290.22;70;264.985;0;1;;;112.04;1;1
2776;0.4;51.522;27.2;0;39.9826;26.3;148;304.326;268.764;265;360;270;268;290.365;290.22;70;264.985;0;1;;;110.917;1;1
2777;0.4;51.9155;27.2;0;40.0839;26.2;154;304.398;268.75;265;360;270;268;290.365;290.22;70;264.984;0;1;;;108.395;1;1
2778;0.4;51.8692;27.1;0;39.9826;26.2;154;304.528;268.736;265;360;270;268;290.365;290.22;70;264.98;0;1;;;107.96;1;1
2779;0.4;51.6377;27.1;0;39.8814;26.2;161;304.572;268.764;265;360;270;268;290.365;290.22;70;264.977;0;1;;;107.551;1;1
2780;0.4;51.93;27.1;0;39.8698;26.2;163;304.586;268.815;265;360;270;268;290.365;290.22;70;264.976;0;1;;;106.011;1;1
2781;0.4;51.93;27.1;0;39.7801;26.2;161;304.499;268.801;265;360;270;268;290.365;290.22;70;264.967;0;1;;;104.037;1;1
2782;0.4;51.9068;27.1;0;39.8785;26.2;163;304.47;268.779;265;360;270;268;290.365;290.22;70;264.965;0;1;;;103.759;1;1
2783;0.4;51.4612;27.1;0;39.6759;26.2;165;304.398;268.757;265;360;270;268;290.365;290.365;70;264.958;0;1;;;102.642;1;1
2784;0.4;51.5075;27.1;0;39.8814;26.2;166;304.384;268.743;265;360;270;268;290.365;290.075;70;264.954;0;1;;;102.191;1;1
2785;0.4;51.4352;27;0;39.9826;26.1;161;304.456;268.743;265;360;270;268;290.509;290.22;70;264.951;0;1;;;101.351;1;1
2786;0.4;51.3194;27;0;39.7772;26.1;167;304.601;268.801;265;360;270;268;290.365;290.22;70;264.948;0;1;;;99.2319;1;1
2787;0.4;51.4178;27;0;39.7801;26.1;161;304.644;268.808;265;360;270;268;290.365;290.075;70;264.942;0;1;;;97.5147;1;1
2788;0.4;51.4265;27;0;39.8814;26.1;168;304.673;268.786;265;360;270;268;290.365;290.22;70;264.94;0;1;;;96.9607;1;1
2789;0.4;51.8287;27;0;39.9826;26.1;168;304.601;268.764;265;360;270;268;290.22;290.22;70;264.939;0;1;;;96.9607;1;1
2790;0.4;51.6233;27;0;39.9826;26.1;168;304.094;268.743;265;360;270;268;290.365;290.22;70;264.937;0;1;;;94.4902;1;1
2791;0.4;51.6233;27;0;39.7309;26.1;168;304.008;268.743;265;360;270;268;290.365;290.22;70;264.939;0;1;;;93.0619;1;1
2792;0.4;51.6233;26.9;0;39.5747;26;175;304.109;268.815;265;360;270;268;290.365;290.075;70;264.941;0;1;;;92.3211;1;1
2793;0.4;51.93;26.9;0;39.5747;26;183;304.225;268.793;265;360;270;268;290.365;290.22;70;264.938;0;1;;;91.2185;1;1
2794;0.4;51.8287;26.9;0;39.7801;26;183;304.239;268.772;265;360;270;268;290.365;290.22;70;264.945;0;1;;;90.6677;1;1
2795;0.4;51.6233;26.9;0;39.9826;26;191;304.138;268.75;265;360;270;268;290.365;290.075;70;264.948;0;1;;;90.1171;1;1
2796;0.4;51.5249;26.9;0;40.0521;26;189;304.022;268.736;265;360;270;268;290.365;290.075;70;264.952;0;1;;;88.4669;1;1
2797;0.4;51.6233;26.9;0;40.0666;26;188;304.022;268.75;265;360;270;268;290.365;290.075;70;264.955;0;1;;;86.8412;1;1
2798;0.4;51.8287;26.8;0;40.0839;26;188;304.036;268.808;265;360;270;268;290.22;290.075;70;264.96;0;1;;;85.7441;1;1
2799;0.4;51.7274;26.8;0;39.9826;25.9;183;304.167;268.801;265;360;270;268;290.365;290.075;70;264.965;0;1;;;85.1961;1;1
2800;0.4;51.4988;26.8;0;39.9797;25.9;183;304.282;268.779;265;360;270;268;290.365;290.22;70;264.97;0;1;;;84.1007;1;1
2801;0.4;51.6233;26.8;0;39.8814;25.9;183;304.76;268.743;265;360;270;268;290.365;290.075;70;264.971;0;1;;;82.1724;1;1
2802;0.4;52.0168;26.8;0;39.9826;25.9;182;304.673;268.736;265;360;270;268;290.365;290.075;70;264.97;0;1;;;82.1724;1;1
2803;0.4;51.8258;26.8;0;40.0839;25.9;165;304.673;268.764;265;360;270;268;290.22;290.075;70;264.963;0;1;;;80.9804;1;1
2804;0.4;51.5799;26.7;0;40.0839;25.9;160;304.644;268.815;265;360;270;268;290.22;290.22;70;264.96;0;1;;;79.3443;1;1
2805;0.4;51.8287;26.7;0;40.0839;25.9;163;304.63;268.793;265;360;270;268;290.365;290.075;70;264.954;0;1;;;78.2634;1;1
2806;0.4;52.1325;26.7;0;40.0839;25.9;170;304.586;268.764;265;360;270;268;290.365;290.075;70;264.947;0;1;;;77.1882;1;1
2807;0.4;51.8287;26.7;0;39.9826;25.9;168;304.702;268.743;265;360;270;268;290.22;290.075;70;264.942;0;1;;;75.4867;1;1
2808;0.4;51.8056;26.7;0;39.9884;25.8;167;304.789;268.743;265;360;270;268;290.22;290.075;70;264.937;0;1;;;74.699;1;1
2809;0.4;51.6956;26.7;0;40.162;25.8;170;304.702;268.815;265;360;270;268;290.365;290.075;70;264.933;0;1;;;74.4277;1;1
2810;0.4;51.9271;26.7;0;39.8814;25.8;175;304.673;268.801;265;360;270;268;290.22;290.075;70;264.929;0;1;;;73.5026;1;1
2811;0.4;51.9589;26.6;0;39.7801;25.8;170;304.586;268.779;265;360;270;268;290.22;290.075;70;264.929;0;1;;;71.7781;1;1
2812;0.4;51.8316;26.6;0;39.8061;25.8;170;303.964;268.757;265;360;270;268;290.365;290.075;70;264.925;0;1;;;69.8527;1;1
2813;0.4;51.8287;26.6;0;39.6759;25.8;171;304.528;268.743;265;360;270;268;290.075;290.075;70;264.922;0;1;;;69.3128;1;1
2814;0.4;51.7274;26.6;0;39.8814;25.8;181;304.615;268.743;265;360;270;268;290.22;290.075;70;264.92;0;1;;;67.9924;1;1
2815;0.4;52.0312;26.6;0;40.0839;25.8;175;304.702;268.808;265;360;270;268;290.22;290.075;70;264.917;0;1;;;66.8669;1;1
2816;0.4;51.93;26.6;0;39.9826;25.7;174;304.716;268.808;265;360;270;268;290.22;290.075;70;264.915;0;1;;;66.8669;1;1
2817;0.4;51.8258;26.6;0;39.8958;25.7;178;304.557;268.779;265;360;270;268;290.22;290.075;70;264.905;0;1;;;65.5214;1;1
2818;0.4;51.9792;26.6;0;39.8814;25.7;183;304.89;268.764;265;360;270;268;290.365;290.075;70;264.893;0;1;;;63.3723;1;1
2819;0.4;51.7274;26.5;0;39.7801;25.7;175;304.832;268.75;265;360;270;268;290.22;290.075;70;264.884;0;1;;;62.0695;1;1
2820;0.4;51.522;26.5;0;39.8814;25.7;182;304.282;268.757;265;360;270;268;290.365;290.075;70;264.874;0;1;;;62.0262;1;1
2821;0.4;51.4207;26.5;0;39.8814;25.7;175;304.268;268.815;265;360;270;268;290.22;290.075;70;264.859;0;1;;;60.9548;1;1
2822;0.4;51.522;26.5;0;39.8814;25.7;189;304.789;268.808;265;360;270;268;290.22;290.22;70;264.848;0;1;;;59.0552;1;1
2823;0.4;51.3194;26.5;0;39.9826;25.7;189;304.413;268.417;265;360;270;268;290.365;290.22;70;264.837;0;1;;;58.6001;1;1
2824;0.4;51.3194;26.5;0;39.8727;25.6;183;304.485;268.381;265;360;270;268;290.365;290.22;70;264.824;0;1;;;57.5322;1;1
2825;0.4;51.4207;26.5;0;39.6759;25.6;183;304.499;268.743;265;360;270;268;290.365;290.22;70;264.814;0;1;;;56.4182;1;1
2826;0.4;51.7274;26.4;0;39.8814;25.6;201;304.427;268.367;265;360;270;268;290.365;290.22;70;264.807;0;1;;;54.628;1;1
2827;0.4;51.8287;26.4;0;39.9421;25.6;192;304.369;268.388;265;360;270;268;290.509;290.22;70;264.8;0;1;;;53.5643;1;1
2828;0.4;51.6233;26.4;0;39.6846;25.6;203;304.326;268.424;265;360;270;268;290.365;290.22;70;264.799;0;1;;;52.6884;1;1
2829;0.4;52.0312;26.4;0;39.6036;25.6;213;304.239;268.439;265;360;270;268;290.365;290.22;70;264.795;0;1;;;51.4337;1;1
2830;0.4;51.9936;26.4;0;39.7801;25.6;214;304.253;268.439;265;360;270;268;290.365;290.22;70;264.793;0;1;;;50.0965;1;1
2831;0.4;51.93;26.4;0;39.7772;25.6;209;304.369;268.417;265;360;270;268;290.365;290.22;70;264.793;0;1;;;50.0609;1;1
2832;0.4;51.522;26.4;0;39.8814;25.5;204;304.456;268.403;265;360;270;268;290.365;290.22;70;264.792;0;1;;;48.5596;1;1
2833;0.4;51.7274;26.3;0;39.7801;25.5;203;304.528;268.41;265;360;270;268;290.365;290.22;70;264.793;0;1;;;47.5023;1;1
2834;0.4;52.0312;26.3;0;39.6788;25.5;201;305.208;268.396;265;360;270;268;290.365;290.22;70;264.794;0;1;;;46.2319;1;1
