time;Banddicke;Verzinnungsstation: Durchflussmenge;Verzinnungsstation: Rücklauftemperatur;Verzinnungsstation: Kühlleistung;Verzinnungsstation FU: Durchflussmenge;Verzinnungsstation FU: Rücklauftemperatur;Ofenleistung;Wannentemperatur außen;Wannentemperatur innen;Solltemperatur unter Zinnbadrolle;Bandbreite;Laufprogramm Online Zinnbad / Anlagenstartwert Rezept;Laufprogramm Online Zinnbad / Anlagenstartwert korrigiert;Abblasung OS Luftdruck;Abblasung US Luftdruck;Bandgeschwindigkeit;Temperatur unter Zinnbadrolle;MON Verzinnungseinheit Verzinnungsstation Ofen 1 aktiv;MON Verzinnungseinheit Verzinnungsstation Ofen 2 aktiv;Legierung;ChannelInfoFieldText([10:1], "$PDA_expression");Bandlänge auf Abhaspel;Hubtraverse unten;Bandtransport
0;0.2;50.7089;30.8;8.80651;39.5747;29.5;257;311.198;281.286;278;340;280;278;546.73;545.284;60;276.54;1;0;;;4216;1;1
1;0.2;51.114;30.9;9.18818;39.5747;29.5;238;312.095;281.33;278;340;280;278;546.875;545.428;60;276.533;1;0;;;4214.8;1;1
2;0.2;51.0127;30.9;9.13433;39.4705;29.6;220;313.151;281.33;278;340;280;278;547.02;545.428;60;276.526;1;0;;;4214.8;1;1
3;0.2;51.1169;30.9;9.22441;39.6759;29.6;193;313.383;281.272;278;340;280;278;547.02;545.718;60;276.517;1;0;;;4214.8;1;1
4;0.2;51.114;30.9;9.24174;39.6759;29.6;175;314.048;281.25;278;340;280;278;547.164;545.718;60;276.512;1;0;;;4214.8;1;1
5;0.2;51.3194;31;9.5556;39.4878;29.7;168;314.366;281.409;278;340;280;278;547.309;545.862;60;276.511;1;0;;;4213.61;1;1
6;0.2;50.9115;31;9.47964;39.5775;29.7;156;314.829;281.264;278;340;280;278;547.164;545.862;60;276.505;1;0;;;4213.16;1;1
7;0.2;51.0127;31;9.49849;39.4734;29.7;147;314.8;281.431;278;340;280;278;547.164;545.573;60;276.499;1;0;;;4210.95;1;1
8;0.2;51.114;31;9.53521;39.5747;29.8;136;315.365;281.221;278;340;280;278;547.164;545.573;60;276.495;1;0;;;4209.76;1;1
9;0.2;51.2182;31.1;9.88449;39.8785;29.8;136;315.48;281.207;278;340;280;278;546.875;545.573;60;276.492;1;0;;;4205.52;1;1
10;0.2;51.2182;31.1;9.90238;39.6759;29.8;130;315.495;281.228;278;340;280;278;546.875;545.284;60;276.488;1;0;;;4205.52;1;1
11;0.2;51.114;31.1;9.88224;39.5747;29.8;126;316.073;281.25;278;340;280;278;546.875;545.284;60;276.483;1;0;;;4205.52;1;1
12;0.2;51.0127;31.2;10.1555;39.5978;29.8;115;315.958;281.192;278;340;280;278;546.875;545.428;60;276.478;1;0;;;4204.33;1;1
13;0.2;51.1719;31.2;10.1872;39.3721;29.8;112;315.958;281.199;278;340;280;278;546.875;545.428;60;276.47;1;0;;;4204.33;1;1
14;0.2;51.2182;31.2;10.2143;39.3692;29.9;113;315.914;281.236;278;340;280;278;547.02;545.573;60;276.468;1;0;;;4204.33;1;1
15;0.2;51.3194;31.3;10.565;39.3721;29.9;118;315.856;281.236;278;340;280;278;547.02;545.428;60;276.471;1;0;;;4200.75;1;1
16;0.2;51.2182;31.3;10.5263;39.5747;29.9;118;315.828;281.199;278;340;280;278;546.875;545.428;60;276.475;1;0;;;4200.75;1;1
17;0.2;50.9115;31.3;10.4988;39.5747;29.9;118;315.379;281.192;278;340;280;278;546.875;545.428;60;276.478;1;0;;;4198.64;1;1
18;0.2;51.0417;31.3;10.5078;39.4734;29.9;118;315.495;281.192;278;340;280;278;546.875;545.284;60;276.481;1;0;;;4198.64;1;1
19;0.2;51.1053;31.3;10.5031;39.2593;29.9;127;315.451;281.221;278;340;280;278;546.875;545.284;60;276.486;1;0;;;4196.25;1;1
20;0.2;50.8102;31.4;10.8051;39.1667;29.9;131;314.714;281.192;278;340;280;278;546.875;545.284;60;276.488;1;0;"CUSN8       ";;4196.25;1;1
21;0.2;51.0156;31.4;10.831;39.4734;29.8;130;314.641;281.192;278;340;280;278;547.02;545.284;60;276.498;1;0;;;4196.25;1;1
22;0.2;51.3194;31.4;10.8955;39.6296;29.8;140;314.222;281.156;278;340;280;278;546.875;545.428;60;276.507;1;0;"CUSN8       ";;4196.25;1;1
23;0.2;51.4207;31.4;10.935;39.5747;29.8;144;314.251;281.178;278;340;280;278;546.875;545.284;60;276.517;1;0;;;4196.25;1;1
24;0.2;51.6233;31.4;10.9961;39.3721;29.8;148;314.395;281.055;278;340;280;278;546.875;545.284;60;276.526;1;0;;;4195.06;1;1
25;0.2;50.7639;31.4;10.7953;39.3721;29.8;152;313.831;281.055;278;340;280;278;546.73;545.284;60;276.534;1;0;;;4195.06;1;1
26;0.2;50.7089;31.4;10.8013;39.3721;29.8;154;313.86;281.055;278;340;280;278;546.875;545.428;60;276.554;1;0;;;4191.56;1;1
27;0.2;51.1314;31.4;10.927;39.3692;29.8;153;313.802;281.055;278;340;280;278;546.875;545.428;60;276.569;1;0;;;4186.79;1;1
28;0.2;51.1169;31.5;11.2353;39.3721;29.8;159;313.325;281.055;278;340;280;278;546.875;545.428;60;276.592;1;0;;;4186.79;1;1
29;0.2;51.3021;31.5;11.2939;39.3779;29.8;164;313.209;281.055;278;340;280;278;547.02;545.428;60;276.615;1;0;;;4185.6;1;1
30;0.2;50.9115;31.5;11.1546;39.3721;29.8;167;313.194;281.055;278;340;280;278;547.02;545.428;60;276.637;1;0;;;4185.6;1;1
31;0.2;51.0069;31.5;11.1933;39.1725;29.8;167;312.601;281.055;278;340;280;278;547.02;545.428;60;276.668;1;0;;;4185.6;1;1
32;0.2;51.2182;31.5;11.2933;38.9641;29.8;172;312.717;281.055;278;340;280;278;547.02;545.573;60;276.699;1;0;;;4185.6;1;1
33;0.2;51.114;31.5;11.2882;39.1696;29.8;173;312.703;281.055;278;340;280;278;547.02;545.573;60;276.733;1;0;;;4185.6;1;1
34;0.2;51.3194;31.5;11.2798;39.3721;29.7;169;312.789;281.055;278;340;280;278;547.02;545.573;60;276.771;1;0;;;4185.6;1;1
35;0.2;51.0127;31.5;11.2659;39.456;29.7;161;312.804;281.055;278;340;280;278;547.02;545.573;60;276.808;1;0;;;4184.4;1;1
36;0.2;50.7321;31.5;11.2216;39.4734;29.7;152;312.37;281.055;278;340;280;278;547.164;545.573;60;276.844;1;0;;;4184.4;1;1
37;0.2;50.9115;31.5;11.2613;39.6759;29.7;146;312.283;281.055;278;340;280;278;547.164;545.573;60;276.879;1;0;;;4180.83;1;1
38;0.2;50.8102;31.5;11.2744;39.4734;29.7;147;312.182;281.055;278;340;280;278;547.02;545.573;60;276.915;1;0;;;4177.56;1;1
39;0.2;50.7089;31.5;11.2519;39.3721;29.7;143;312.167;281.055;278;340;280;278;547.02;545.428;60;276.948;1;0;;;4173.99;1;1
40;0.2;50.8218;31.5;11.2415;39.1696;29.7;135;312.283;281.055;278;340;280;278;546.875;545.428;60;276.982;1;0;;;4173.99;1;1
41;0.2;50.9115;31.5;11.2969;39.2708;29.7;127;312.428;281.055;278;340;280;278;546.875;545.428;60;277.012;1;0;;;4173.99;1;1
42;0.2;50.8131;31.5;11.3105;39.4676;29.7;125;312.384;281.199;278;340;280;278;546.875;545.428;60;277.045;1;0;;;4173.99;1;1
43;0.2;51.0127;31.5;11.355;39.3027;29.7;116;312.297;281.178;278;340;280;278;547.02;545.573;60;277.081;1;0;;;4173.99;1;1
44;0.2;51.0127;31.5;11.3372;39.3721;29.7;104;311.69;281.178;278;340;280;278;547.02;545.573;60;277.115;1;0;"CUSN8       ";;4173.99;1;1
45;0.2;51.2182;31.5;11.4186;39.3721;29.7;104;311.632;281.17;278;340;280;278;547.02;545.573;60;277.147;1;0;;;4173.99;1;1
46;0.2;51.4091;31.5;11.4432;39.2708;29.7;105;311.646;281.207;278;340;280;278;547.02;545.573;60;277.183;1;0;;;4172.8;1;1
47;0.2;51.114;31.5;11.4311;39.1696;29.7;95;311.285;281.387;278;340;280;278;546.875;545.573;60;277.217;1;0;;;4172.8;1;1
48;0.2;50.8102;31.5;11.3454;39.2708;29.7;91;311.4;281.387;278;340;280;278;546.875;545.573;60;277.257;1;0;;;4169.37;1;1
49;0.2;50.8102;31.5;11.4164;39.3721;29.7;87;311.372;281.344;278;340;280;278;547.02;545.573;60;277.293;1;0;;;4169.37;1;1
50;0.2;51.0127;31.5;11.3906;39.3721;29.7;83;310.648;281.402;278;340;280;278;547.02;545.573;60;277.328;1;0;;;4169.37;1;1
51;0.2;51.0156;31.5;11.4448;39.4734;29.7;80;310.576;281.387;278;340;280;278;547.02;545.573;60;277.359;1;0;;;4169.37;1;1
52;0.2;50.8102;31.5;11.3987;39.6759;29.7;78;310.098;281.387;278;340;280;278;547.164;545.573;60;277.392;1;0;;;4169.37;1;1
53;0.2;51.0388;31.5;11.4678;39.6759;29.7;74;310.156;281.387;278;340;280;278;547.164;545.718;60;277.421;1;0;;;4169.37;1;1
54;0.2;50.7089;31.5;11.4468;39.3721;29.7;72;309.679;281.395;278;340;280;278;547.164;545.718;60;277.45;1;0;;;4169.37;1;1
55;0.2;50.7089;31.5;11.3937;39.2274;29.7;64;309.679;281.402;278;340;280;278;547.164;545.718;60;277.482;1;0;;;4168.18;1;1
56;0.2;50.8102;31.5;11.4164;39.4734;29.7;62;309.346;281.51;278;340;280;278;547.02;545.573;60;277.504;1;0;"CUSN8       ";;4165.8;1;1
57;0.2;51.0127;31.5;11.4797;39.3721;29.7;60;309.317;281.59;278;340;280;278;547.164;545.718;60;277.526;1;0;;;4164.61;1;1
58;0.2;50.9115;31.5;11.4925;39.1696;29.7;58;308.767;281.547;278;340;280;278;547.164;545.718;60;277.546;1;0;;;4162.24;1;1
59;0.2;51.0156;31.5;11.5695;39.4734;29.7;59;308.579;281.547;278;340;280;278;547.164;545.573;60;277.563;1;0;;;4161.05;1;1
60;0.2;51.1169;31.5;11.5746;39.4734;29.7;60;308.03;281.583;278;340;280;278;547.02;545.573;60;277.572;1;0;;;4158.67;1;1
61;0.2;50.7755;31.5;11.4973;39.3171;29.7;65;307.509;281.576;278;340;280;278;547.02;545.573;60;277.575;1;0;;;4158.67;1;1
62;0.2;50.7089;31.4;11.1734;39.3721;29.7;67;307.668;281.583;278;340;280;278;547.02;545.573;60;277.578;1;0;;;4158.67;1;1
63;0.2;50.4832;31.4;11.1589;39.4734;29.7;68;307.205;281.547;278;340;280;278;547.02;545.573;60;277.578;1;0;;;4158.67;1;1
64;0.2;50.9115;31.4;11.2892;39.5747;29.7;73;306.771;281.554;278;340;280;278;547.02;545.573;60;277.579;1;0;;;4158.67;1;1
65;0.2;50.9954;31.4;11.29;39.4734;29.7;83;306.771;281.583;278;340;280;278;547.164;545.718;60;277.571;1;0;;;4158.46;1;1
66;0.2;51.114;31.4;11.3341;39.2708;29.6;88;306.12;281.554;278;340;280;278;547.164;545.718;60;277.566;1;0;;;4153.59;1;1
67;0.2;50.9491;31.4;11.2975;39.2679;29.6;94;306.134;281.539;278;340;280;278;547.164;545.718;60;277.559;1;0;;;4153.59;1;1
68;0.2;51.0156;31.4;11.3657;39.3721;29.6;99;305.498;281.547;278;340;280;278;547.02;545.573;60;277.553;1;0;;;4153.59;1;1
69;0.2;50.9115;31.4;11.3425;39.2679;29.6;111;305.049;281.554;278;340;280;278;547.164;545.718;60;277.55;1;0;;;4153.59;1;1
70;0.2;50.9086;31.4;11.3597;39.4502;29.6;117;305.208;281.554;278;340;280;278;547.164;545.718;60;277.542;1;0;;;4151.21;1;1
71;0.2;51.4207;31.3;11.1608;39.3721;29.6;124;304.47;281.554;278;340;280;278;547.309;545.718;60;277.534;1;0;;;4151.21;1;1
72;0.2;51.522;31.3;11.1827;39.2708;29.6;131;304.427;281.547;278;340;280;278;547.309;545.862;60;277.531;1;0;;;4151.21;1;1
73;0.2;50.8073;31.3;11.0454;39.2708;29.6;140;304.21;281.539;278;340;280;278;547.309;545.862;60;277.528;1;0;;;4150.02;1;1
74;0.2;50.8854;31.3;11.1157;39.2708;29.6;147;303.979;281.539;278;340;280;278;547.309;545.862;60;277.528;1;0;;;4150.02;1;1
75;0.2;50.8102;31.3;11.0638;39.1927;29.6;160;303.935;281.539;278;340;280;278;547.309;545.862;60;277.525;1;0;;;4150.02;1;1
76;0.2;50.5064;31.3;11.0858;39.1696;29.6;165;303.993;281.539;278;340;280;278;547.309;545.862;60;277.522;1;0;;;4146.46;1;1
77;0.2;50.706;31.3;11.1119;39.3721;29.6;167;304.109;281.547;278;340;280;278;547.309;545.718;60;277.52;1;0;;;4144.09;1;1
78;0.2;50.5035;31.3;11.0676;39.2824;29.6;166;303.443;281.547;278;340;280;278;547.164;545.573;60;277.518;1;0;;;4144.09;1;1
79;0.2;50.9115;31.2;10.8469;39.5573;29.6;176;303.429;281.547;278;340;280;278;547.164;545.573;60;277.516;1;0;;;4144.09;1;1
80;0.2;50.8073;31.2;10.8602;39.5747;29.5;179;303.964;281.937;278;340;280;278;547.164;545.573;60;277.515;1;0;;;4141.71;1;1
81;0.2;50.8073;31.2;10.8424;39.4734;29.5;180;303.284;281.793;278;340;280;278;547.02;545.573;60;277.514;1;0;;;4141.71;1;1
82;0.2;50.9115;31.2;10.8825;39.6672;29.5;183;303.979;281.908;278;340;280;278;547.164;545.573;60;277.512;1;0;;;4141.71;1;1
83;0.2;50.7089;31.2;10.8569;39.8785;29.5;190;303.979;281.8;278;340;280;278;547.164;545.573;60;277.508;1;0;;;4141.71;1;1
84;0.2;50.7986;31.2;10.8939;39.9826;29.5;183;304.094;281.836;278;340;280;278;547.02;545.573;60;277.507;1;0;;;4141.71;1;1
85;0.2;50.8102;31.2;10.8608;39.9826;29.6;182;304.181;281.894;278;340;280;278;547.164;545.573;60;277.507;1;0;;;4140.53;1;1
86;0.2;51.1111;31.2;10.9787;39.5804;29.6;181;304.977;281.879;278;340;280;278;547.164;545.718;60;277.506;1;0;;;4139.34;1;1
87;0.2;50.9115;31.2;10.9536;39.3721;29.6;165;304.962;281.894;278;340;280;278;547.309;545.718;60;277.506;1;0;;;4135.78;1;1
88;0.2;50.7812;31.2;10.9788;39.5747;29.6;166;305.064;281.85;278;340;280;278;547.164;545.718;60;277.506;1;0;;;4134.6;1;1
89;0.2;51.1256;31.2;11.0533;39.4763;29.6;173;304.991;281.858;278;340;280;278;547.164;545.718;60;277.506;1;0;;;4134.6;1;1
90;0.2;50.8102;31.1;10.6224;39.5747;29.6;170;305.049;281.879;278;340;280;278;547.164;545.573;60;277.506;1;0;;;4134.6;1;1
91;0.2;50.5845;31.1;10.5752;39.3721;29.6;161;305.613;281.887;278;340;280;278;547.02;545.573;60;277.506;1;0;;;4133.19;1;1
92;0.2;50.6076;31.1;10.58;39.2708;29.6;163;305.671;281.887;278;340;280;278;547.164;545.718;60;277.506;1;0;"CUSN8       ";;4133.19;1;1
93;0.2;50.8131;31.1;10.6585;39.3721;29.6;156;305.642;281.872;278;340;280;278;547.164;545.718;60;277.508;1;0;;;4133.19;1;1
94;0.2;51.0098;31.1;10.7354;39.4734;29.6;149;306.134;281.872;278;340;280;278;547.164;545.718;60;277.516;1;0;;;4130.09;1;1
95;0.2;51.114;31.1;10.7395;39.4878;29.6;147;306.047;281.865;278;340;280;278;547.164;545.718;60;277.526;1;0;;;4127.72;1;1
96;0.2;51.114;31.1;10.7752;39.375;29.6;145;305.975;281.865;278;340;280;278;547.164;545.718;60;277.534;1;0;;;4127.72;1;1
97;0.2;51.1545;31.1;10.8016;39.2708;29.6;144;306.409;281.872;278;340;280;278;547.164;545.718;60;277.542;1;0;;;4127.72;1;1
98;0.2;51.1024;31.1;10.7906;39.4734;29.7;139;306.481;281.843;278;340;280;278;547.164;545.718;60;277.551;1;0;;;4126.14;1;1
99;0.2;51.0156;31.1;10.7901;39.5747;29.7;135;306.612;281.85;278;340;280;278;547.164;545.862;60;277.568;1;0;;;4122.96;1;1
100;0.2;50.8102;31.1;10.7466;39.5747;29.7;135;307.306;281.85;278;340;280;278;547.164;545.862;60;277.582;1;0;"CUSN8       ";;4122.96;1;1
101;0.2;50.9143;31.1;10.7687;39.5747;29.7;130;307.19;281.865;278;340;280;278;547.309;545.862;60;277.596;1;0;;;4120.59;1;1
102;0.2;51.0156;31.1;10.7545;39.4734;29.7;115;307.089;281.829;278;340;280;278;547.309;545.862;60;277.61;1;0;;;4120.59;1;1
103;0.2;50.9143;31.2;11.1321;39.3721;29.7;113;307.046;281.836;278;340;280;278;547.309;545.862;60;277.623;1;0;;;4120.59;1;1
104;0.2;51.1169;31.2;11.1764;39.566;29.7;110;307.118;281.879;278;340;280;278;547.309;545.862;60;277.639;1;0;;;4120.59;1;1
105;0.2;51.3657;31.2;11.2488;39.5747;29.7;105;307.248;282.082;278;340;280;278;547.309;545.862;60;277.656;1;0;;;4120.59;1;1
106;0.2;51.3194;31.2;11.2028;39.4734;29.7;101;307.306;282.082;278;340;280;278;547.309;545.862;60;277.671;1;0;;;4115.85;1;1
107;0.2;51.0909;31.2;11.2064;39.5775;29.7;101;307.205;282.082;278;340;280;278;547.309;545.862;60;277.686;1;0;;;4115.85;1;1
108;0.2;51.0127;31.2;11.1893;39.7164;29.7;100;307.118;282.082;278;340;280;278;547.309;545.862;60;277.699;1;0;;;4114.67;1;1
109;0.2;50.8102;31.2;11.1449;39.5747;29.7;96;307.046;282.075;278;340;280;278;547.309;545.862;60;277.711;1;0;;;4113.49;1;1
110;0.2;50.9433;31.2;11.1741;39.4792;29.7;93;307.118;282.067;278;340;280;278;547.309;546.007;60;277.721;1;0;;;4113.49;1;1
111;0.2;51.1169;31.2;11.2657;39.5775;29.7;92;307.263;282.075;278;340;280;278;547.309;545.862;60;277.73;1;0;;;4113.49;1;1
112;0.2;51.2182;31.2;11.2701;39.5747;29.7;91;307.017;282.075;278;340;280;278;547.309;546.007;60;277.744;1;0;;;4113.49;1;1
113;0.2;51.2182;31.2;11.2344;39.4734;29.7;88;306.93;282.075;278;340;280;278;547.309;545.862;60;277.759;1;0;;;4113.49;1;1
114;0.2;51.3194;31.2;11.3104;39.3721;29.7;91;306.843;282.082;278;340;280;278;547.309;545.862;60;277.772;1;0;;;4113.49;1;1
115;0.2;50.8565;31.2;11.155;39.4734;29.7;89;306.771;282.082;278;340;280;278;547.454;546.007;60;277.79;1;0;;;4111.12;1;1
116;0.2;50.9115;31.2;11.2205;39.5747;29.7;86;306.019;282.082;278;340;280;278;547.454;546.007;60;277.809;1;0;;;4111.12;1;1
117;0.2;50.7089;31.2;11.1581;39.6759;29.7;87;306.105;282.082;278;340;280;278;547.454;546.007;60;277.831;1;0;;;4108.75;1;1
118;0.2;50.6597;31.2;11.1827;39.7801;29.7;91;306.207;282.082;278;340;280;278;547.598;546.007;60;277.857;1;0;;;4108.75;1;1
119;0.2;50.8131;31.2;11.1988;39.7772;29.7;91;306.019;282.075;278;340;280;278;547.454;546.007;60;277.882;1;0;;;4107;1;1
120;0.2;51.0764;31.2;11.2211;39.6759;29.7;87;305.961;282.075;278;340;280;278;547.454;546.007;60;277.904;1;0;;;4105.82;1;1
121;0.2;51.0156;31.2;11.2256;39.5747;29.7;87;305.859;282.067;278;340;280;278;547.454;546.007;60;277.926;1;0;;;4105.82;1;1
122;0.2;50.9115;31.2;11.1671;39.5747;29.7;88;305.078;282.075;278;340;280;278;547.598;546.007;60;277.946;1;0;;;4105.82;1;1
123;0.2;51.0156;31.2;11.2612;39.3721;29.7;91;304.991;282.082;278;340;280;278;547.309;545.862;60;277.966;1;0;;;4105.82;1;1
124;0.2;51.2153;31.2;11.3232;39.4271;29.7;91;305.035;282.082;278;340;280;278;547.164;545.718;60;277.992;1;0;;;4105.82;1;1
125;0.2;51.0127;31.2;11.2784;39.4734;29.7;91;304.745;282.082;278;340;280;278;547.164;545.573;60;278.015;1;0;;;4105.82;1;1
126;0.2;51.2182;31.2;11.3238;39.3721;29.7;91;304.847;282.082;278;340;280;278;547.164;545.718;60;278.037;1;0;;;4099.56;1;1
127;0.2;50.9115;31.2;11.2382;39.4734;29.7;91;304.789;282.082;278;340;280;278;547.164;545.718;60;278.057;1;0;;;4097.19;1;1
128;0.2;50.8015;31.2;11.1785;39.4734;29.7;85;304.109;282.067;278;340;280;278;547.309;545.862;60;278.082;1;0;;;4097.19;1;1
129;0.2;51.2182;31.2;11.2522;39.5399;29.7;85;303.993;282.067;278;340;280;278;547.309;545.862;60;278.105;1;0;;;4097.19;1;1
130;0.2;50.8999;31.2;11.2535;39.6962;29.7;89;303.95;282.075;278;340;280;278;547.454;546.007;60;278.129;1;0;;;4093.72;1;1
131;0.2;51.0127;31.2;11.2784;39.6759;29.7;84;304.051;282.075;278;340;280;278;547.454;546.007;60;278.15;1;0;;;4093.72;1;1
132;0.2;51.1169;31.2;11.3014;39.4705;29.7;81;303.573;282.227;278;340;280;278;547.454;546.007;60;278.17;1;0;;;4093.72;1;1
133;0.2;51.2182;31.2;11.3596;39.6065;29.7;89;303.631;282.219;278;340;280;278;547.454;546.007;60;278.191;1;0;;;4093.72;1;1
134;0.2;51.4207;31.2;11.4045;39.4734;29.7;90;303.704;282.234;278;340;280;278;547.454;546.007;60;278.21;1;0;;;4093.72;1;1
135;0.2;51.114;31.2;11.3187;39.5515;29.7;78;303.646;282.234;278;340;280;278;547.454;546.152;60;278.226;1;0;;;4091.99;1;1
136;0.2;50.706;31.1;10.8309;39.6759;29.7;73;303.053;282.248;278;340;280;278;547.454;546.007;60;278.24;1;0;;;4091.99;1;1
137;0.2;50.7089;31.1;10.8847;39.673;29.7;67;302.951;282.234;278;340;280;278;547.454;546.152;60;278.258;1;0;;;4087.27;1;1
138;0.2;51.1111;31.1;10.9532;39.6759;29.7;70;303.053;282.487;278;340;280;278;547.454;546.007;60;278.274;1;0;;;4087.02;1;1
139;0.2;50.8796;31.1;10.9036;39.6759;29.7;70;303.168;282.48;278;340;280;278;547.598;546.007;60;278.288;1;0;;;4087.02;1;1
140;0.2;50.897;31.1;10.9073;39.6788;29.7;71;302.705;282.234;278;340;280;278;547.454;545.862;60;278.301;1;0;;;4087.02;1;1
141;0.2;51.114;31.1;10.9716;39.8814;29.7;74;302.691;282.227;278;340;280;278;547.309;545.862;60;278.31;1;0;;;4086.94;1;1
142;0.2;51.1169;31.1;11.0258;39.9797;29.7;71;302.633;282.219;278;340;280;278;547.164;545.862;60;278.32;1;0;;;4086.94;1;1
143;0.2;50.9115;31.1;10.9282;39.9826;29.7;69;302.025;282.219;278;340;280;278;547.164;545.718;60;278.329;1;0;;;4086.94;1;1
144;0.2;50.9288;31.1;10.9675;40.0839;29.7;67;301.924;282.219;278;340;280;278;547.309;545.862;60;278.345;1;0;;;4086.94;1;1
145;0.2;50.9115;31.1;10.9282;40.0839;29.7;73;302.054;282.458;278;340;280;278;547.309;545.718;60;278.365;1;0;;;4086.94;1;1
146;0.2;51.2182;31.1;11.0119;40.0839;29.7;69;302.17;282.458;278;340;280;278;547.164;545.718;60;278.384;1;0;;;4086.94;1;1
147;0.2;50.9115;31.1;10.9815;39.8814;29.7;65;301.939;282.48;278;340;280;278;547.309;545.862;60;278.399;1;0;;;4082.41;1;1
148;0.2;50.7089;31.1;10.8847;39.7772;29.7;65;301.881;282.487;278;340;280;278;547.454;546.007;60;278.422;1;0;;;4077.69;1;1
149;0.2;50.6973;31.1;10.8999;39.6759;29.7;65;301.808;282.603;278;340;280;278;547.454;546.007;60;278.442;1;0;;;4075.33;1;1
150;0.2;51.0127;31.1;10.9677;39.7772;29.7;65;300.955;282.588;278;340;280;278;547.454;546.007;60;278.46;1;0;;;4075.33;1;1
151;0.2;51.2182;31.1;11.0656;39.8611;29.7;67;300.883;282.588;278;340;280;278;547.454;546.152;60;278.474;1;0;;;4075.33;1;1
152;0.2;51.114;31.1;10.9895;39.6759;29.7;74;300.926;282.588;278;340;280;278;547.454;546.152;60;278.495;1;0;;;4075.33;1;1
153;0.2;51.114;31.1;11.0073;39.4734;29.7;73;301.042;282.588;278;340;280;278;547.454;546.007;60;278.515;1;0;;;4075.33;1;1
154;0.2;50.9115;31.1;10.9815;39.3287;29.7;69;300.897;282.581;278;340;280;278;547.454;546.007;60;278.534;1;0;;;4075.33;1;1
155;0.2;50.9115;31.1;10.9815;39.3721;29.7;65;300.926;282.559;278;340;280;278;547.454;546.007;60;278.552;1;0;;;4075.33;1;1
156;0.2;51.3194;31;10.7569;39.5747;29.7;64;300.868;282.603;278;340;280;278;547.309;546.007;60;278.569;1;0;;;4068.26;1;1
157;0.2;51.4207;31;10.7243;39.4734;29.7;62;300.014;282.603;278;340;280;278;547.309;546.007;60;278.584;1;0;;;4068.26;1;1
158;0.2;51.2153;31;10.7351;39.4734;29.7;62;299.913;282.603;278;340;280;278;547.309;545.862;60;278.597;1;0;;;4067.08;1;1
159;0.2;51.2153;31;10.753;39.5747;29.7;65;299.884;282.581;278;340;280;278;547.309;545.862;60;278.609;1;0;;;4067.08;1;1
160;0.2;51.114;31;10.696;39.7801;29.7;66;299.971;282.574;278;340;280;278;547.454;545.862;60;278.615;1;0;;;4066.55;1;1
161;0.2;51.1082;31;10.677;39.5457;29.7;67;299.826;282.595;278;340;280;278;547.309;545.862;60;278.622;1;0;;;4066.55;1;1
162;0.2;51.2182;31;10.6999;39.4705;29.6;64;299.899;282.595;278;340;280;278;547.454;545.862;60;278.627;1;0;;;4065.38;1;1
163;0.2;51.0156;31;10.6576;39.6759;29.6;70;299.928;282.964;278;340;280;278;547.454;545.862;60;278.624;1;0;;;4062.94;1;1
164;0.2;51.2182;31;10.7357;39.6759;29.6;71;299.899;282.964;278;340;280;278;547.309;545.862;60;278.624;1;0;;;4062.94;1;1
165;0.2;51.1111;31;10.6776;39.6644;29.6;68;298.958;282.718;278;340;280;278;547.454;545.862;60;278.622;1;0;;;4055.88;1;1
166;0.2;51.0127;31;10.6748;39.6759;29.6;69;298.843;282.726;278;340;280;278;547.454;546.007;60;278.622;1;0;"CUSN8       ";;4049.02;1;1
167;0.2;50.9346;31;10.6763;39.6759;29.6;71;298.857;282.726;278;340;280;278;547.309;546.007;60;278.617;1;0;;;4047.85;1;1
168;0.2;51.1169;31;10.7681;39.7222;29.6;75;298.9;282.697;278;340;280;278;547.598;546.007;60;278.615;1;0;;;4044.32;1;1
169;0.2;50.9115;31;10.6892;39.6759;29.6;78;299.074;282.718;278;340;280;278;547.454;546.152;60;278.614;1;0;;;4040.79;1;1
170;0.2;51.0127;31;10.6927;39.6759;29.6;79;298.293;282.74;278;340;280;278;547.454;546.152;60;278.615;1;0;;;4038.44;1;1
171;0.2;50.923;31;10.6739;39.4734;29.6;78;298.206;282.74;278;340;280;278;547.598;546.152;60;278.619;1;0;;;4037.27;1;1
172;0.2;51.1169;31;10.7323;39.4734;29.6;83;298.163;282.747;278;340;280;278;547.598;546.152;60;278.625;1;0;;;4037.27;1;1
173;0.2;51.1748;31;10.7087;39.3721;29.6;91;298.09;282.733;278;340;280;278;547.598;546.152;60;278.628;1;0;;;4037.27;1;1
174;0.2;51.0127;30.9;10.3641;39.2679;29.6;92;298.018;282.74;278;340;280;278;547.598;546.296;60;278.636;1;0;;;4037.27;1;1
175;0.2;51.0041;30.9;10.3267;39.4155;29.6;92;298.032;282.776;278;340;280;278;547.598;546.152;60;278.643;1;0;;;4037.27;1;1
176;0.2;50.6076;30.9;10.3172;39.2708;29.6;98;298.177;282.784;278;340;280;278;547.743;546.152;60;278.649;1;0;;;4037.27;1;1
177;0.2;50.3617;30.9;10.267;39.4734;29.6;95;298.249;283.095;278;340;280;278;547.743;546.152;60;278.658;1;0;;;4037.27;1;1
178;0.2;50.3328;30.9;10.226;39.8785;29.6;93;298.698;283.102;278;340;280;278;547.598;546.296;60;278.662;1;0;;;4037.27;1;1
179;0.2;51.0127;30.9;10.382;39.8785;29.6;86;298.293;283.109;278;340;280;278;547.598;546.152;60;278.672;1;0;;;4037.27;1;1
180;0.2;51.2182;30.9;10.4059;39.5747;29.6;82;298.22;283.109;278;340;280;278;547.598;546.152;60;278.683;1;0;;;4037.27;1;1
181;0.2;51.0156;30.9;10.3469;39.4734;29.6;86;298.192;283.102;278;340;280;278;547.743;546.296;60;278.695;1;0;;;4037.27;1;1
182;0.2;50.9115;30.9;10.3613;39.5747;29.6;86;298.148;283.095;278;340;280;278;547.743;546.296;60;278.705;1;0;;;4037.27;1;1
183;0.2;50.9578;30.9;10.3886;39.5747;29.6;87;298.032;283.095;278;340;280;278;547.743;546.296;60;278.717;1;0;;;4037.27;1;1
184;0.2;50.9115;30.9;10.3613;39.5747;29.6;87;298.076;283.095;278;340;280;278;547.743;546.296;60;278.727;1;0;;;4037.27;1;1
185;0.2;51.0156;30.9;10.4182;39.5747;29.6;82;298.235;283.095;278;340;280;278;547.888;546.441;60;278.735;1;0;"CUSN8       ";;4037.27;1;1
186;0.2;51.3166;30.9;10.4617;39.673;29.6;75;298.307;283.102;278;340;280;278;547.743;546.441;60;278.745;1;0;;;4037.27;1;1
187;0.2;51.2182;30.9;10.4059;39.9797;29.6;67;298.322;283.109;278;340;280;278;547.888;546.441;60;278.752;1;0;;;4034.92;1;1
188;0.2;51.1024;30.9;10.4538;40.0839;29.6;66;298.351;283.109;278;340;280;278;547.743;546.296;60;278.758;1;0;;;4034.13;1;1
189;0.2;50.8102;30.9;10.3585;40.0839;29.6;66;298.293;283.102;278;340;280;278;547.743;546.441;60;278.763;1;0;;;4034.13;1;1
190;0.2;50.9143;30.9;10.3797;39.8785;29.6;65;298.307;283.087;278;340;280;278;547.743;546.441;60;278.767;1;0;;;4034.13;1;1
191;0.2;50.9143;30.9;10.3441;39.5747;29.6;66;297.902;283.095;278;340;280;278;547.743;546.441;60;278.771;1;0;"CUSN8       ";;4034.13;1;1
192;0.2;50.8102;30.9;10.3052;39.4473;29.6;66;297.772;283.095;278;340;280;278;547.743;546.296;60;278.775;1;0;;;4034.13;1;1
193;0.2;51.2182;30.9;10.4059;39.7772;29.7;70;297.83;283.102;278;340;280;278;547.743;546.296;60;278.78;1;0;;;4034.13;1;1
194;0.2;50.6482;30.9;10.3078;39.5747;29.7;71;298.032;283.102;278;340;280;278;547.743;546.152;60;278.783;1;0;;;4034.13;1;1
195;0.2;51.0127;30.9;10.3463;39.5747;29.7;69;298.119;283.109;278;340;280;278;547.598;546.296;60;278.785;1;0;;;4033.52;1;1
196;0.2;50.9433;30.9;10.3856;39.4734;29.7;72;298.003;283.109;278;340;280;278;547.743;546.296;60;278.784;1;0;;;4031.17;1;1
197;0.2;51.2182;30.9;10.4238;39.5978;29.7;74;297.873;283.102;278;340;280;278;547.743;546.441;60;278.78;1;0;;;4026.48;1;1
198;0.2;51.3194;30.9;10.3906;39.6759;29.7;71;297.786;283.087;278;340;280;278;547.888;546.441;60;278.78;1;0;;;4022.96;1;1
199;0.2;51.3194;30.9;10.4444;39.7772;29.7;70;297.873;283.095;278;340;280;278;547.888;546.441;60;278.774;1;0;;;4021.79;1;1
200;0.2;50.816;30.9;10.3064;39.7772;29.7;72;297.989;283.095;278;340;280;278;547.888;546.441;60;278.769;1;0;;;4021.79;1;1
201;0.2;51.0127;30.9;10.382;39.5747;29.7;71;298.003;283.333;278;340;280;278;547.888;546.441;60;278.761;1;0;;;4021.79;1;1
202;0.2;50.9635;30.9;10.3897;39.1667;29.7;70;298.119;283.362;278;340;280;278;547.888;546.441;60;278.754;1;0;;;4021.79;1;1
203;0.2;51.2182;30.9;10.388;39.4734;29.7;73;298.018;283.355;278;340;280;278;547.743;546.296;60;278.747;1;0;;;4021.79;1;1
204;0.2;50.9838;30.9;10.3404;39.5747;29.7;74;297.931;283.312;278;340;280;278;547.743;546.296;60;278.742;1;0;;;4021.79;1;1
205;0.2;51.0127;30.9;10.3285;39.3721;29.7;71;297.772;283.377;278;340;280;278;547.743;546.152;60;278.739;1;0;;;4021.79;1;1
206;0.2;50.8102;30.9;10.3052;39.2708;29.7;69;297.815;283.377;278;340;280;278;547.743;546.152;60;278.736;1;0;;;4021.79;1;1
207;0.2;51.1169;30.9;10.3496;39.3721;29.7;75;297.917;283.406;278;340;280;278;547.743;546.152;60;278.736;1;0;;;4020.62;1;1
208;0.2;51.2211;30.9;10.4065;39.6759;29.7;78;298.09;283.406;278;340;280;278;547.743;546.152;60;278.737;1;0;;;4018.44;1;1
209;0.2;51.0127;30.9;10.3641;39.6759;29.7;77;298.134;283.413;278;340;280;278;547.743;546.296;60;278.741;1;0;;;4017.27;1;1
210;0.2;51.1169;30.9;10.3853;39.5747;29.7;78;297.989;283.42;278;340;280;278;547.743;546.296;60;278.748;1;0;;;4015.39;1;1
211;0.2;51.3194;30.9;10.4085;39.7772;29.7;78;297.859;283.442;278;340;280;278;547.743;546.296;60;278.754;1;0;;;4015.39;1;1
212;0.2;51.2182;30.9;10.388;39.8814;29.7;78;297.83;283.427;278;340;280;278;547.888;546.296;60;278.759;1;0;;;4015.39;1;1
213;0.2;50.9809;30.8;10.0115;39.6788;29.7;78;297.873;283.391;278;340;280;278;547.888;546.296;60;278.764;1;0;;;4015.39;1;1
214;0.2;50.9086;30.9;10.3252;39.6759;29.7;78;298.003;283.239;278;340;280;278;547.743;546.441;60;278.769;1;0;;;4015.39;1;1
215;0.2;50.9115;30.9;10.3436;39.6759;29.7;78;298.076;283.225;278;340;280;278;547.743;546.296;60;278.775;1;0;;;4015.39;1;1
216;0.2;51.4178;30.8;10.0973;39.6788;29.7;74;297.989;283.21;278;340;280;278;547.743;546.296;60;278.789;1;0;;;4014.22;1;1
217;0.2;51.2182;30.8;10.0223;39.5747;29.7;74;297.873;283.218;278;340;280;278;547.743;546.296;60;278.802;1;0;;;4014.22;1;1
218;0.2;51.1516;30.8;10.0629;39.3721;29.6;74;297.801;283.218;278;340;280;278;547.743;546.296;60;278.813;1;0;;;4012.56;1;1
219;0.2;51.1632;30.8;10.0473;39.5747;29.6;72;297.888;283.21;278;340;280;278;547.598;546.152;60;278.823;1;0;;;4010.22;1;1
220;0.2;51.1979;30.8;10.072;39.5139;29.6;68;298.018;283.218;278;340;280;278;547.598;546.152;60;278.832;1;0;;;4010.22;1;1
221;0.2;51.1169;30.8;10.074;39.4734;29.6;67;298.076;283.232;278;340;280;278;547.598;546.296;60;278.84;1;0;;;4010.22;1;1
222;0.2;51.4207;30.8;10.0799;39.4734;29.6;64;297.989;283.239;278;340;280;278;547.598;546.152;60;278.849;1;0;;;4010.22;1;1
223;0.2;51.4207;30.8;10.1159;39.4444;29.6;63;297.931;283.514;278;340;280;278;547.598;546.152;60;278.86;1;0;;;4010.22;1;1
224;0.2;51.3194;30.8;10.0959;39.2882;29.6;62;297.83;283.507;278;340;280;278;547.598;546.152;60;278.873;1;0;;;4010.22;1;1
225;0.2;51.2963;30.8;10.0914;39.4734;29.6;59;297.555;283.492;278;340;280;278;547.598;546.152;60;278.887;1;0;;;4010.22;1;1
226;0.2;50.9086;30.8;9.96176;39.6759;29.6;63;297.627;283.464;278;340;280;278;547.743;546.152;60;278.897;1;0;;;4007.87;1;1
227;0.2;50.9664;30.8;10.0443;39.8785;29.6;65;297.685;283.442;278;340;280;278;547.598;546.152;60;278.908;1;0;;;4006.7;1;1
228;0.2;51.2153;30.8;10.0218;39.6759;29.6;65;297.497;283.42;278;340;280;278;547.454;546.007;60;278.919;1;0;;;4003.19;1;1
229;0.2;51.2355;30.8;10.0973;39.5775;29.6;61;297.801;283.42;278;340;280;278;547.454;546.007;60;278.928;1;0;;;3997.34;1;1
230;0.2;51.3223;30.8;10.0607;39.4734;29.6;58;297.815;283.406;278;340;280;278;547.309;545.862;60;278.936;1;0;;;3995;1;1
231;0.2;51.2182;30.8;10.0581;39.5747;29.6;55;297.743;283.384;278;340;280;278;547.454;546.007;60;278.943;1;0;;;3995;1;1
232;0.2;51.1169;30.8;10.0382;39.5718;29.6;51;297.642;283.384;278;340;280;278;547.454;546.007;60;278.955;1;0;;;3995;1;1
233;0.2;51.1082;30.8;10.0187;39.6441;29.6;48;296.832;283.42;278;340;280;278;547.454;546.007;60;278.963;1;0;;;3995;1;1
234;0.2;51.1748;30.8;10.0496;39.7772;29.6;45;296.788;283.377;278;340;280;278;547.598;546.152;60;278.968;1;0;;;3995;1;1
235;0.2;51.1169;30.8;10.0204;39.7772;29.6;45;296.889;283.377;278;340;280;278;547.454;546.152;60;278.976;1;0;;;3995;1;1
236;0.2;51.1169;30.8;10.0204;39.5747;29.6;47;297.005;283.355;278;340;280;278;547.598;546.152;60;278.982;1;0;;;3992.67;1;1
237;0.2;51.0272;30.8;10.0385;39.5775;29.6;50;297.063;283.37;278;340;280;278;547.598;546.152;60;278.984;1;0;;;3991.5;1;1
238;0.2;51.1169;30.8;10.0561;39.4734;29.6;47;296.889;283.601;278;340;280;278;547.598;546.152;60;278.985;1;0;;;3990.12;1;1
239;0.2;51.2182;30.8;10.1118;39.4965;29.6;46;296.875;283.623;278;340;280;278;547.598;546.152;60;278.99;1;0;;;3989.75;1;1
240;0.2;51.3194;30.8;10.078;39.3721;29.6;45;296.788;283.615;278;340;280;278;547.743;546.152;60;278.99;1;0;;;3987.41;1;1
241;0.2;51.2182;30.8;10.0939;39.5747;29.6;44;296.889;283.594;278;340;280;278;547.598;546.152;60;278.991;1;0;;;3986.24;1;1
242;0.2;51.1169;30.8;10.0025;39.6759;29.6;42;296.571;283.587;278;340;280;278;547.743;546.296;60;278.992;1;0;;;3986.24;1;1
243;0.2;51.1169;30.8;10.0382;39.6759;29.6;40;296.528;283.601;278;340;280;278;547.598;546.152;60;278.995;1;0;;;3986.24;1;1
244;0.2;51.0995;30.8;10.0705;39.6759;29.6;47;296.644;283.594;278;340;280;278;547.454;546.152;60;278.996;1;0;;;3986.24;1;1
245;0.2;50.9115;30.8;9.9979;39.7338;29.6;51;296.6;283.601;278;340;280;278;547.454;546.007;60;278.996;1;0;;;3986.24;1;1
246;0.2;51.1719;30.8;10.0312;39.6759;29.6;49;296.513;283.608;278;340;280;278;547.309;546.007;60;278.996;1;0;;;3986.24;1;1
247;0.2;50.9086;30.8;10.0329;39.6759;29.6;45;295.819;283.608;278;340;280;278;547.454;545.862;60;278.999;1;0;;;3985.07;1;1
248;0.2;51.1979;30.8;10.0899;39.6991;29.6;43;295.718;283.594;278;340;280;278;547.454;546.007;60;278.999;1;0;;;3984.78;1;1
249;0.2;51.522;30.8;10.0998;39.7772;29.6;47;295.804;283.587;278;340;280;278;547.454;546.152;60;278.999;1;0;;;3984.78;1;1
250;0.2;51.2211;30.8;10.0587;39.5747;29.6;52;295.92;283.594;278;340;280;278;547.598;546.152;60;279.001;1;0;"CUSN8       ";;3980.11;1;1
251;0.2;51.3194;30.8;10.0959;39.3721;29.5;53;295.992;283.601;278;340;280;278;547.598;546.152;60;279;1;0;;;3978.94;1;1
252;0.2;51.3166;30.8;10.0954;39.6586;29.5;57;295.877;283.601;278;340;280;278;547.454;546.152;60;278.998;1;0;;;3978.94;1;1
253;0.2;51.3194;30.8;10.0959;39.6759;29.5;56;295.53;283.992;278;340;280;278;547.454;546.152;60;278.998;1;0;;;3978.94;1;1
254;0.2;51.6233;30.8;10.1918;39.7772;29.5;57;295.385;283.999;278;340;280;278;547.454;546.152;60;278.998;1;0;;;3978.32;1;1
255;0.2;52.1325;30.8;10.2013;40.0839;29.5;59;295.385;284.006;278;340;280;278;547.454;546.152;60;278.998;1;0;;;3978.32;1;1
256;0.2;52.4161;30.8;10.3117;40.2894;29.5;61;295.255;283.804;278;340;280;278;547.454;546.007;60;278.998;1;0;;;3978.32;1;1
257;0.2;52.2338;30.8;10.2941;40.3877;29.5;63;295.399;283.767;278;340;280;278;547.454;546.007;60;278.998;1;0;;;3978.32;1;1
258;0.2;52.3409;30.8;10.2786;40.4832;29.5;65;294.965;283.76;278;340;280;278;547.454;546.007;60;278.998;1;0;;;3973.65;1;1
259;0.2;52.5405;30.8;10.3545;40.4456;29.5;66;295.009;283.789;278;340;280;278;547.454;546.007;60;278.998;1;0;;;3972.48;1;1
260;0.2;52.4074;30.8;10.3283;40.3877;29.5;74;294.878;283.782;278;340;280;278;547.454;546.007;60;278.999;1;0;;;3971.32;1;1
261;0.2;52.7459;30.8;10.395;40.3877;29.5;77;294.777;283.746;278;340;280;278;547.309;545.862;60;279.002;1;0;;;3968.98;1;1
262;0.2;52.9485;30.8;10.4534;40.3906;29.5;77;294.734;283.796;278;340;280;278;547.454;545.862;60;279.003;1;0;;;3968.98;1;1
263;0.2;53.0498;30.8;10.4549;40.1823;29.5;77;294.821;283.796;278;340;280;278;547.309;545.862;60;279.003;1;0;;;3968.98;1;1
264;0.2;52.7459;30.8;10.395;40.1736;29.5;78;294.936;283.789;278;340;280;278;547.309;545.862;60;279.005;1;0;;;3967.82;1;1
265;0.2;52.7459;30.8;10.395;40.3906;29.5;78;295.009;283.796;278;340;280;278;547.454;546.007;60;279.008;1;0;;;3967.82;1;1
266;0.2;52.2367;30.8;10.3129;40.3877;29.5;74;294.98;283.977;278;340;280;278;547.309;545.862;60;279.016;1;0;;;3967.82;1;1
267;0.2;52.2135;30.8;10.2901;40.2865;29.5;76;294.85;283.984;278;340;280;278;547.309;546.007;60;279.016;1;0;;;3967.82;1;1
268;0.2;52.5405;30.7;9.9611;40.0868;29.5;75;294.734;283.775;278;340;280;278;547.454;546.152;60;279.017;1;0;;;3963.15;1;1
269;0.2;52.4392;30.7;9.99686;40.0839;29.5;73;294.763;283.789;278;340;280;278;547.598;546.152;60;279.015;1;0;;;3961.99;1;1
270;0.2;52.4508;30.7;9.96242;40.1852;29.5;70;294.878;283.738;278;340;280;278;547.454;546.007;60;279.013;1;0;;;3961.99;1;1
271;0.2;52.6389;30.7;9.97975;40.3848;29.5;74;294.936;283.753;278;340;280;278;547.454;546.007;60;279.012;1;0;;;3961.99;1;1
272;0.2;52.3495;30.7;9.97976;40.4832;29.5;71;295.009;283.782;278;340;280;278;547.598;546.152;60;279.01;1;0;;;3959.06;1;1
273;0.2;52.5405;30.7;10.0529;40.1852;29.5;71;294.922;283.782;278;340;280;278;547.598;546.152;60;279.005;1;0;;;3959.06;1;1
274;0.2;52.6447;30.7;10.036;40.2865;29.5;70;294.835;283.796;278;340;280;278;547.598;546.152;60;278.996;1;0;;;3959.06;1;1
275;0.2;52.5376;30.7;9.99726;40.2431;29.5;70;294.734;283.796;278;340;280;278;547.598;546.152;60;278.988;1;0;"CUSN8       ";;3959.06;1;1
276;0.2;52.3351;30.7;9.977;40.2054;29.5;69;295.226;283.767;278;340;280;278;547.454;546.007;60;278.978;1;0;;;3959.06;1;1
277;0.2;52.7459;30.7;10.0369;40.3877;29.5;69;295.284;283.804;278;340;280;278;547.454;546.152;60;278.968;1;0;;;3959.06;1;1
278;0.2;52.6418;30.7;10.0355;40.191;29.5;65;295.298;283.76;278;340;280;278;547.598;546.152;60;278.955;1;0;;;3954.4;1;1
279;0.2;52.4855;30.7;10.0057;40.2865;29.5;63;295.385;283.724;278;340;280;278;547.598;546.152;60;278.941;1;0;;;3952.07;1;1
280;0.2;52.555;30.7;10.0189;40.489;29.5;62;295.312;283.709;278;340;280;278;547.598;546.152;60;278.925;1;0;;;3948.58;1;1
281;0.2;52.4392;30.7;9.97854;40.3877;29.5;57;295.211;283.731;278;340;280;278;547.598;546.296;60;278.907;1;0;;;3946.26;1;1
282;0.2;52.0312;30.7;9.93726;40.2778;29.5;61;295.052;283.724;278;340;280;278;547.743;546.152;60;278.887;1;0;"CUSN8       ";;3946.26;1;1
283;0.2;52.338;30.7;9.95927;40.1852;29.5;69;295.023;283.724;278;340;280;278;547.598;546.296;60;278.866;1;0;;;3945.09;1;1
284;0.2;52.4884;30.7;9.9879;40.1794;29.5;73;295.139;283.709;278;340;280;278;547.454;546.152;60;278.846;1;0;;;3945.09;1;1
285;0.2;52.1325;30.7;9.90196;40.081;29.5;66;295.095;283.709;278;340;280;278;547.454;546.007;60;278.827;1;0;;;3945.09;1;1
286;0.2;52.3206;30.7;9.97424;40.2865;29.5;66;295.211;283.731;278;340;280;278;547.309;546.007;60;278.809;1;0;;;3943.93;1;1
287;0.2;52.3698;30.7;9.91044;40.0839;29.5;77;295.255;283.738;278;340;280;278;547.454;546.007;60;278.793;1;0;;;3943.93;1;1
288;0.2;52.526;30.7;9.99505;40.0839;29.5;84;295.24;283.738;278;340;280;278;547.309;546.007;60;278.772;1;0;;;3943.93;1;1
289;0.2;52.4392;30.7;9.96022;40.0839;29.5;83;295.139;283.724;278;340;280;278;547.454;546.007;60;278.752;1;0;;;3941.6;1;1
290;0.2;52.4392;30.7;9.96022;40.1302;29.5;87;295.023;283.746;278;340;280;278;547.454;546.007;60;278.735;1;0;;;3940.44;1;1
291;0.2;52.1325;30.7;9.90196;40.2836;29.5;98;294.951;283.753;278;340;280;278;547.454;546.007;60;278.72;1;0;;;3939.28;1;1
292;0.2;52.3409;30.7;9.94153;40.3877;29.6;100;294.98;283.746;278;340;280;278;547.454;546.007;60;278.706;1;0;;;3938.11;1;1
293;0.2;52.338;30.7;9.97755;40.3877;29.5;98;295.067;283.731;278;340;280;278;547.598;546.152;60;278.694;1;0;"CUSN8       ";;3937.48;1;1
294;0.2;52.338;30.7;9.94098;40.2546;29.5;100;295.139;283.731;278;340;280;278;547.598;546.152;60;278.684;1;0;;;3937.48;1;1
295;0.2;52.4392;30.7;9.9419;40.0926;29.6;105;295.298;283.738;278;340;280;278;547.598;546.152;60;278.675;1;0;;;3936.32;1;1
296;0.2;52.4392;30.7;9.9419;39.9103;29.6;115;295.24;283.724;278;340;280;278;547.598;546.152;60;278.661;1;0;"CUSN8       ";;3936.32;1;1
297;0.2;52.6331;30.7;9.99704;39.8785;29.6;112;295.935;283.709;278;340;280;278;547.598;546.152;60;278.653;1;0;;;3936.32;1;1
298;0.2;52.4884;30.7;9.93289;40.2865;29.6;110;295.819;283.709;278;340;280;278;547.598;546.152;60;278.647;1;0;;;3936.32;1;1
299;0.2;52.5405;30.7;9.9611;40.5932;29.6;113;295.761;283.731;278;340;280;278;547.598;546.152;60;278.643;1;0;;;3933.99;1;1
300;0.2;52.6447;30.7;10.0176;40.4919;29.6;111;295.906;283.905;278;340;280;278;547.598;546.296;60;278.638;1;0;;;3930.51;1;1
301;0.2;52.9253;30.7;10.0156;40.489;29.6;117;296.021;283.905;278;340;280;278;547.598;546.152;60;278.631;1;0;;;3929.35;1;1
302;0.2;52.8212;30.7;9.95895;40.489;29.6;119;296.759;283.898;278;340;280;278;547.598;546.152;60;278.628;1;0;;;3927.03;1;1
303;0.2;52.9514;30.7;10.002;40.2865;29.6;118;296.672;283.898;278;340;280;278;547.454;546.007;60;278.625;1;0;;;3927.03;1;1
304;0.2;52.9774;30.7;10.0995;40.2865;29.6;113;296.6;283.898;278;340;280;278;547.454;546.007;60;278.622;1;0;;;3927.03;1;1
305;0.2;52.7228;30.7;9.97724;40.4832;29.6;105;296.904;283.746;278;340;280;278;547.454;546.007;60;278.619;1;0;;;3927.03;1;1
306;0.2;52.6418;30.7;9.94352;40.489;29.6;114;296.803;283.738;278;340;280;278;547.598;546.152;60;278.615;1;0;;;3927.03;1;1
307;0.2;52.6418;30.7;10.0355;40.2865;29.6;104;296.803;283.746;278;340;280;278;547.598;546.152;60;278.616;1;0;;;3925.86;1;1
308;0.2;52.6447;30.7;9.94407;40.2865;29.6;99;297.121;283.746;278;340;280;278;547.598;546.296;60;278.614;1;0;;;3923.54;1;1
309;0.2;52.6418;30.7;9.99869;40.1852;29.6;100;297.251;283.767;278;340;280;278;547.598;546.296;60;278.613;1;0;;;3923.54;1;1
310;0.2;52.4421;30.7;9.94245;39.9826;29.6;95;297.295;283.767;278;340;280;278;547.743;546.296;60;278.614;1;0;;;3919.26;1;1
311;0.2;52.6273;30.7;9.95917;40.2865;29.6;91;297.237;283.76;278;340;280;278;547.743;546.152;60;278.613;1;0;;;3919.26;1;1
312;0.2;52.9485;30.7;10.0384;40.191;29.6;92;297.888;283.623;278;340;280;278;547.743;546.296;60;278.612;1;0;"CUSN8       ";;3919.26;1;1
313;0.2;52.9369;30.7;9.99927;40.1852;29.6;87;297.815;283.608;278;340;280;278;547.743;546.296;60;278.604;1;0;;;3919.26;1;1
314;0.2;52.338;30.7;9.95927;40.2865;29.6;81;297.888;283.594;278;340;280;278;547.598;546.296;60;278.602;1;0;;;3919.26;1;1
315;0.2;52.338;30.7;9.9227;40.0839;29.6;75;298.018;283.601;278;340;280;278;547.743;546.296;60;278.595;1;0;;;3919.26;1;1
316;0.2;52.4392;30.7;9.88694;39.9826;29.6;72;298.09;283.615;278;340;280;278;547.743;546.296;60;278.584;1;0;;;3919.26;1;1
317;0.2;52.4392;30.7;9.92358;40.1852;29.6;72;298.047;283.623;278;340;280;278;547.598;546.152;60;278.574;1;0;;;3919.26;1;1
318;0.2;52.5087;30.7;9.93672;40.1013;29.6;72;297.96;283.623;278;340;280;278;547.454;546.007;60;278.561;1;0;"CUSN8       ";;3916.94;1;1
319;0.2;52.7459;30.7;9.9632;40.1852;29.6;71;298.539;283.623;278;340;280;278;547.454;546.152;60;278.553;1;0;;;3916.94;1;1
320;0.2;52.555;30.7;9.96384;40.1823;29.6;68;298.438;283.608;278;340;280;278;547.598;546.152;60;278.542;1;0;;;3912.3;1;1
321;0.2;52.1499;30.7;9.86882;40.2865;29.7;65;298.495;283.601;278;340;280;278;547.743;546.296;60;278.526;1;0;;;3909.98;1;1
322;0.2;52.0312;30.7;9.8282;40.2025;29.7;65;298.553;283.608;278;340;280;278;547.743;546.296;60;278.514;1;0;;;3908.82;1;1
323;0.2;51.8287;30.7;9.80804;40.0347;29.7;65;298.64;283.608;278;340;280;278;547.743;546.441;60;278.502;1;0;;;3908.82;1;1
324;0.2;51.93;30.7;9.82721;39.9826;29.7;64;298.683;283.608;278;340;280;278;547.888;546.441;60;278.49;1;0;;;3906.51;1;1
325;0.2;52.1325;30.7;9.8109;40.0839;29.7;69;298.568;283.623;278;340;280;278;547.743;546.441;60;278.477;1;0;;;3906.51;1;1
326;0.2;52.4392;30.7;9.90526;40.3472;29.7;74;298.466;283.623;278;340;280;278;547.743;546.586;60;278.461;1;0;;;3906.51;1;1
327;0.2;52.364;30.7;9.87276;40.3791;29.7;75;297.859;283.283;278;340;280;278;548.032;546.586;60;278.443;1;0;;;3905.35;1;1
328;0.2;52.5203;30.7;9.90222;40.2865;29.7;81;297.815;283.254;278;340;280;278;548.032;546.73;60;278.427;1;0;;;3905.35;1;1
329;0.2;52.6939;30.8;10.3111;40.4745;29.7;87;297.917;283.29;278;340;280;278;548.032;546.73;60;278.413;1;0;;;3904.19;1;1
330;0.2;52.5405;30.8;10.226;40.3877;29.7;91;298.032;283.218;278;340;280;278;548.032;546.73;60;278.401;1;0;;;3901.87;1;1
331;0.2;52.6418;30.8;10.2825;40.3877;29.6;96;298.09;283.261;278;340;280;278;547.888;546.586;60;278.385;1;0;"CUSN8       ";;3900.72;1;1
332;0.2;52.4479;30.8;10.208;40.1852;29.6;101;298.018;283.225;278;340;280;278;548.032;546.586;60;278.374;1;0;;;3897.24;1;1
333;0.2;52.419;30.8;10.239;40.0839;29.6;105;297.902;283.254;278;340;280;278;547.888;546.441;60;278.361;1;0;;;3897.24;1;1
334;0.2;52.7373;30.8;10.2275;40.081;29.6;106;297.815;283.254;278;340;280;278;547.743;546.296;60;278.347;1;0;;;3897.24;1;1
335;0.2;52.4363;30.8;10.2058;40.0839;29.6;109;297.844;283.268;278;340;280;278;547.743;546.586;60;278.33;1;0;;;3897.24;1;1
336;0.2;52.6418;30.8;10.2457;40.1852;29.6;113;297.96;283.268;278;340;280;278;547.888;546.441;60;278.315;1;0;;;3897.24;1;1
337;0.2;52.4392;30.8;10.2246;40.2865;29.6;115;298.032;283.218;278;340;280;278;547.743;546.586;60;278.302;1;0;;;3896.08;1;1
338;0.2;52.1325;30.8;10.1102;40.2865;29.6;117;298.09;283.247;278;340;280;278;547.888;546.441;60;278.287;1;0;;;3896.08;1;1
339;0.2;51.9329;30.8;10.1441;40.2865;29.6;122;297.989;283.102;278;340;280;278;547.888;546.586;60;278.271;1;0;;;3894.93;1;1
340;0.2;52.0718;30.8;10.153;40.4832;29.6;124;297.873;283.109;278;340;280;278;547.888;546.586;60;278.252;1;0;;;3894.93;1;1
341;0.2;52.338;30.8;10.2049;40.5903;29.6;126;297.801;283.109;278;340;280;278;547.888;546.586;60;278.235;1;0;;;3892.61;1;1
342;0.2;52.2367;30.8;10.1669;40.4861;29.6;132;297.975;283.095;278;340;280;278;548.032;546.586;60;278.22;1;0;;;3890.49;1;1
343;0.2;51.9473;30.8;10.1469;40.1852;29.6;135;297.989;283.087;278;340;280;278;547.888;546.586;60;278.206;1;0;;;3890.49;1;1
344;0.2;52.3409;30.8;10.1506;40.0839;29.6;139;298.438;283.095;278;340;280;278;548.032;546.73;60;278.194;1;0;;;3890.49;1;1
345;0.2;52.6476;30.8;10.2285;40.1852;29.6;138;298.597;283.095;278;340;280;278;548.032;546.875;60;278.181;1;0;;;3889.34;1;1
346;0.2;52.4392;30.8;10.188;40.489;29.6;136;298.539;283.102;278;340;280;278;548.177;546.875;60;278.162;1;0;;;3889.34;1;1
347;0.2;52.5405;30.8;10.2077;40.5932;29.6;137;298.394;283.102;278;340;280;278;548.177;546.875;60;278.144;1;0;;;3889.34;1;1
348;0.2;52.5405;30.8;10.1893;40.5932;29.6;139;298.307;283.102;278;340;280;278;548.177;546.73;60;278.128;1;0;;;3888.18;1;1
349;0.2;52.8472;30.8;10.2672;40.489;29.6;142;298.828;283.109;278;340;280;278;548.032;546.73;60;278.11;1;0;;;3888.18;1;1
350;0.2;53.3565;30.8;10.3289;40.3877;29.6;142;298.872;283.109;278;340;280;278;548.177;546.73;60;278.097;1;0;;;3887.02;1;1
351;0.2;53.4578;30.8;10.3859;40.3212;29.6;142;298.973;283.109;278;340;280;278;548.177;546.73;60;278.074;1;0;"CUSN8       ";;3883.56;1;1
352;0.2;53.2928;30.8;10.3166;40.2865;29.6;142;299.074;283.087;278;340;280;278;548.032;546.73;60;278.054;1;0;;;3883.56;1;1
353;0.2;53.0498;30.8;10.251;40.4861;29.6;142;299.552;283.095;278;340;280;278;548.032;546.73;60;278.037;1;0;;;3882.4;1;1
354;0.2;52.8443;30.8;10.2482;40.6973;29.7;141;299.537;283.095;278;340;280;278;548.177;546.73;60;278.021;1;0;;;3882.4;1;1
355;0.2;52.5955;30.8;10.1265;40.4919;29.7;141;299.465;283.095;278;340;280;278;548.177;546.875;60;278.007;1;0;;;3882.4;1;1
356;0.2;52.7459;30.8;10.1554;40.3877;29.7;142;299.855;283.102;278;340;280;278;548.177;546.875;60;277.995;1;0;;;3882.4;1;1
357;0.2;52.6418;30.8;10.1538;40.1852;29.7;140;299.797;282.921;278;340;280;278;548.177;547.02;60;277.984;1;0;;;3882.4;1;1
358;0.2;52.4363;30.8;10.1325;40.2894;29.7;140;299.899;282.928;278;340;280;278;548.322;547.02;60;277.975;1;0;;;3882.4;1;1
359;0.2;52.5405;30.8;10.1342;40.3877;29.7;141;300.608;282.935;278;340;280;278;548.177;547.02;60;277.966;1;0;;;3881.24;1;1
360;0.2;52.6823;30.8;10.1616;40.489;29.7;138;300.723;282.95;278;340;280;278;548.177;546.875;60;277.958;1;0;"CUSN8       ";;3878.93;1;1
361;0.2;52.2367;30.8;10.0756;40.4919;29.7;133;301.157;282.935;278;340;280;278;548.032;546.73;60;277.954;1;0;;;3878.93;1;1
362;0.2;52.4797;30.9;10.4422;40.5932;29.7;130;301.056;282.957;278;340;280;278;548.032;546.73;60;277.955;1;0;;;3874.64;1;1
363;0.2;52.5145;30.9;10.4674;40.3877;29.7;127;300.984;282.95;278;340;280;278;548.032;546.73;60;277.96;1;0;;;3871.18;1;1
364;0.2;52.3727;30.9;10.4209;40.3877;29.7;126;301.534;282.921;278;340;280;278;548.032;546.875;60;277.96;1;0;;;3870.59;1;1
365;0.2;52.4392;30.9;10.4158;40.3819;29.7;120;301.418;282.957;278;340;280;278;548.032;546.73;60;277.961;1;0;;;3870.59;1;1
366;0.2;52.5405;30.9;10.4359;40.3877;29.7;117;301.461;282.95;278;340;280;278;548.177;546.875;60;277.963;1;0;;;3870.59;1;1
367;0.2;52.6418;30.9;10.456;40.489;29.7;120;301.997;282.95;278;340;280;278;548.177;546.875;60;277.967;1;0;;;3870.59;1;1
368;0.2;52.6418;30.9;10.4376;40.4977;29.7;114;302.199;282.943;278;340;280;278;548.032;546.73;60;277.971;1;0;;;3870.59;1;1
369;0.2;52.7431;30.9;10.4761;40.489;29.7;104;302.214;282.943;278;340;280;278;547.888;546.586;60;277.969;1;0;;;3868.17;1;1
370;0.2;52.8472;30.9;10.4784;40.3877;29.7;100;302.025;282.95;278;340;280;278;547.888;546.586;60;277.973;1;0;;;3868.17;1;1
371;0.2;52.6389;30.9;10.4554;40.1968;29.7;97;302.517;282.95;278;340;280;278;547.888;546.586;60;277.974;1;0;;;3868.17;1;1
372;0.2;52.4392;30.9;10.4158;40.1476;29.7;87;302.575;282.957;278;340;280;278;547.888;546.586;60;277.973;1;0;;;3865.86;1;1
373;0.2;52.6418;30.9;10.456;40.0839;29.7;83;302.561;282.921;278;340;280;278;547.888;546.586;60;277.973;1;0;;;3863.39;1;1
374;0.2;52.5405;30.9;10.4175;39.9826;29.7;84;302.517;282.957;278;340;280;278;548.032;546.586;60;277.965;1;0;;;3863.39;1;1
375;0.2;52.4392;31;10.6985;39.9826;29.7;86;302.619;282.964;278;340;280;278;547.888;546.73;60;277.957;1;0;;;3863.39;1;1
376;0.2;52.2483;31;10.6961;39.9826;29.7;89;302.705;282.964;278;340;280;278;548.032;546.73;60;277.951;1;0;;;3862.81;1;1
377;0.2;52.2367;31;10.6937;39.9855;29.7;89;302.865;282.972;278;340;280;278;548.032;546.73;60;277.939;1;0;;;3862.81;1;1
378;0.2;52.5463;31;10.7754;40.2865;29.7;84;302.865;282.603;278;340;280;278;548.032;546.875;60;277.935;1;0;;;3862.81;1;1
379;0.2;52.5434;31;10.7565;40.2865;29.7;86;302.691;282.61;278;340;280;278;548.032;546.73;60;277.928;1;0;;;3862.81;1;1
380;0.2;52.6418;31;10.6847;40.3877;29.7;89;302.633;282.61;278;340;280;278;547.888;546.586;60;277.919;1;0;;;3861.66;1;1
381;0.2;52.338;31;10.6962;40.4948;29.7;91;302.677;282.595;278;340;280;278;547.888;546.586;60;277.911;1;0;;;3860.77;1;1
382;0.2;52.4392;31;10.7169;40.6944;29.7;91;302.734;282.574;278;340;280;278;547.888;546.586;60;277.898;1;0;;;3857.31;1;1
383;0.2;52.4392;31;10.6985;40.5498;29.7;91;302.792;282.595;278;340;280;278;547.743;546.441;60;277.887;1;0;"CUSN8       ";;3855.01;1;1
384;0.2;52.4392;31;10.6802;40.3877;29.7;88;302.127;282.595;278;340;280;278;547.598;546.441;60;277.877;1;0;;;3853.85;1;1
385;0.2;52.1325;31;10.5995;40.0839;29.7;89;302.141;282.595;278;340;280;278;547.743;546.441;60;277.875;1;0;;;3852.7;1;1
386;0.2;52.1354;31;10.6183;40.2865;29.7;100;302.083;282.603;278;340;280;278;547.598;546.296;60;277.869;1;0;;;3852.7;1;1
387;0.2;52.6447;31;10.7404;40.489;29.7;104;301.968;282.465;278;340;280;278;547.743;546.296;60;277.861;1;0;;;3852.7;1;1
388;0.2;52.989;31;10.8107;40.489;29.7;106;301.895;282.465;278;340;280;278;547.743;546.296;60;277.855;1;0;;;3851.55;1;1
389;0.2;52.9485;31;10.8024;40.1852;29.7;106;301.997;282.465;278;340;280;278;547.598;546.296;60;277.849;1;0;;;3851.55;1;1
390;0.2;52.6418;31;10.7582;40.4919;29.7;111;302.141;282.473;278;340;280;278;547.743;546.441;60;277.843;1;0;;;3848.09;1;1
391;0.2;52.4392;31;10.6802;40.5903;29.7;113;301.418;282.263;278;340;280;278;547.743;546.441;60;277.839;1;0;;;3846.94;1;1
392;0.2;52.636;31;10.6835;40.489;29.7;115;301.924;282.458;278;340;280;278;547.743;546.586;60;277.835;1;0;;;3844.64;1;1
393;0.2;52.5405;31;10.6825;40.3877;29.7;118;301.866;282.465;278;340;280;278;547.743;546.441;60;277.831;1;0;;;3843.49;1;1
394;0.2;52.8067;31;10.7181;40.1852;29.7;130;301.215;282.284;278;340;280;278;547.743;546.441;60;277.833;1;0;;;3842.34;1;1
395;0.2;52.8472;31;10.7448;40.1562;29.7;138;301.186;282.284;278;340;280;278;547.598;546.296;60;277.829;1;0;"CUSN8       ";;3842.34;1;1
396;0.2;52.8067;31;10.7366;40.3096;29.7;133;301.259;282.306;278;340;280;278;547.598;546.296;60;277.829;1;0;;;3842.34;1;1
397;0.2;52.5405;31;10.7192;40.3877;29.7;125;301.317;282.299;278;340;280;278;547.743;546.296;60;277.828;1;0;;;3842.34;1;1
398;0.2;52.6418;31;10.6847;40.3877;29.7;124;301.403;282.306;278;340;280;278;547.743;546.296;60;277.831;1;0;;;3842.34;1;1
399;0.2;52.7546;31;10.7076;40.3877;29.7;135;301.476;282.306;278;340;280;278;547.743;546.441;60;277.835;1;0;;;3841.19;1;1
400;0.2;52.2338;31;10.6566;40.6944;29.7;134;301.389;282.082;278;340;280;278;547.743;546.441;60;277.833;1;0;;;3841.19;1;1
401;0.2;52.1325;31;10.5631;40.6944;29.7;135;301.317;282.075;278;340;280;278;547.888;546.441;60;277.832;1;0;;;3840.36;1;1
402;0.2;52.1325;31;10.5449;40.489;29.7;135;301.259;282.075;278;340;280;278;547.743;546.441;60;277.829;1;0;;;3839.21;1;1
403;0.2;52.2367;31;10.6207;40.2865;29.7;132;301.186;282.075;278;340;280;278;547.743;546.441;60;277.826;1;0;;;3833.46;1;1
404;0.2;52.0341;31;10.5431;40.0839;29.7;132;301.953;282.075;278;340;280;278;547.743;546.586;60;277.823;1;0;;;3831.16;1;1
405;0.2;52.6447;31;10.6485;40.0839;29.7;126;302.011;282.075;278;340;280;278;547.743;546.441;60;277.818;1;0;;;3831.16;1;1
406;0.2;52.9485;31;10.7284;40.3443;29.7;123;302.17;282.082;278;340;280;278;547.743;546.441;60;277.816;1;0;;;3831.16;1;1
407;0.2;52.9398;31;10.7082;40.5903;29.7;123;302.112;282.082;278;340;280;278;547.743;546.296;60;277.809;1;0;;;3828.86;1;1
408;0.2;52.7459;31;10.6874;40.5874;29.7;122;302.011;282.082;278;340;280;278;547.454;546.152;60;277.799;1;0;;;3828.86;1;1
409;0.2;52.7459;31;10.6874;40.3877;29.7;122;301.982;282.082;278;340;280;278;547.598;546.152;60;277.791;1;0;;;3828.86;1;1
410;0.2;52.4392;31;10.5886;40.3877;29.7;118;301.895;282.075;278;340;280;278;547.454;546.152;60;277.784;1;0;"CUSN8       ";;3828.86;1;1
411;0.2;52.338;31;10.5499;40.2865;29.7;120;302.011;282.075;278;340;280;278;547.454;546.152;60;277.774;1;0;;;3827.71;1;1
412;0.2;52.4392;31;10.6252;40.0058;29.7;122;302.04;282.075;278;340;280;278;547.454;546.152;60;277.765;1;0;;;3826.56;1;1
413;0.2;52.7054;31;10.6608;40.1852;29.7;122;302.199;282.075;278;340;280;278;547.454;546.152;60;277.758;1;0;;;3826.56;1;1
414;0.2;52.4392;31;10.6069;40.1852;29.7;127;302.922;282.082;278;340;280;278;547.454;546.152;60;277.748;1;0;;;3820.82;1;1
415;0.2;52.4682;31;10.5578;40.1852;29.7;128;302.821;282.082;278;340;280;278;547.598;546.152;60;277.738;1;0;;;3818.52;1;1
416;0.2;52.5405;31;10.5723;39.9826;29.7;125;302.72;282.082;278;340;280;278;547.598;546.152;60;277.724;1;0;;;3818.52;1;1
417;0.2;52.4392;31;10.6252;39.9826;29.7;115;302.677;282.082;278;340;280;278;547.598;546.296;60;277.711;1;0;;;3818.52;1;1
418;0.2;52.4392;31;10.6252;40.1852;29.7;116;302.763;281.858;278;340;280;278;547.743;546.296;60;277.698;1;0;"CUSN8       ";;3818.52;1;1
419;0.2;52.4363;31;10.5697;40.3877;29.7;129;302.879;281.901;278;340;280;278;547.598;546.441;60;277.682;1;0;;;3818.52;1;1
420;0.2;52.4479;31;10.572;40.1823;29.7;130;302.937;281.894;278;340;280;278;547.743;546.441;60;277.673;1;0;;;3818.52;1;1
421;0.2;52.1354;31;10.5272;40.191;29.7;134;302.894;281.843;278;340;280;278;547.598;546.296;60;277.662;1;0;;;3816.61;1;1
422;0.2;52.1586;31;10.5137;40.1852;29.7;140;302.807;281.836;278;340;280;278;547.598;546.296;60;277.652;1;0;;;3816.61;1;1
423;0.2;52.1354;31;10.5272;40.1852;29.7;130;302.315;281.67;278;340;280;278;547.598;546.296;60;277.643;1;0;;;3816.61;1;1
424;0.2;52.2367;31;10.5477;40.1852;29.7;130;302.185;281.67;278;340;280;278;547.598;546.296;60;277.633;1;0;;;3815.47;1;1
425;0.2;52.0631;31;10.4763;40.2373;29.7;139;302.691;281.865;278;340;280;278;547.598;546.296;60;277.621;1;0;;;3814.32;1;1
426;0.2;51.9907;31;10.4617;40.3877;29.7;139;302.763;281.887;278;340;280;278;547.743;546.441;60;277.607;1;0;;;3813.08;1;1
427;0.2;52.2251;31.1;10.8634;40.3877;29.7;138;302.836;281.879;278;340;280;278;547.743;546.441;60;277.595;1;0;;;3811.94;1;1
428;0.2;52.4392;31.1;10.8897;40.2865;29.7;148;302.922;281.923;278;340;280;278;547.598;546.296;60;277.587;1;0;;;3811.94;1;1
429;0.2;52.4392;31.1;10.8713;40.5932;29.7;147;302.966;281.923;278;340;280;278;547.598;546.296;60;277.578;1;0;;;3811.94;1;1
430;0.2;52.2598;31.1;10.8889;40.2836;29.7;158;302.937;281.872;278;340;280;278;547.598;546.152;60;277.569;1;0;;;3811.94;1;1
431;0.2;52.2367;31.1;10.8841;40.3067;29.7;161;302.85;281.872;278;340;280;278;547.598;546.152;60;277.562;1;0;;;3809.64;1;1
432;0.2;52.4392;31.1;10.8897;40.489;29.7;151;302.778;281.916;278;340;280;278;547.454;546.152;60;277.558;1;0;;;3809.64;1;1
433;0.2;52.1354;31.1;10.8266;40.0839;29.7;155;302.937;281.894;278;340;280;278;547.454;546.152;60;277.552;1;0;;;3809.64;1;1
434;0.2;52.309;31.1;10.8626;40.1852;29.7;154;302.98;281.836;278;340;280;278;547.454;546.152;60;277.549;1;0;;;3809.64;1;1
435;0.2;52.338;31.1;10.8503;40.3877;29.7;153;303.096;281.836;278;340;280;278;547.454;546.152;60;277.546;1;0;;;3803.74;1;1
436;0.2;52.1354;31.1;10.7901;40.489;29.7;155;303.197;281.691;278;340;280;278;547.454;546.152;60;277.541;1;0;;;3802.59;1;1
437;0.2;52.338;31.1;10.8503;40.4543;29.7;155;303.863;281.887;278;340;280;278;547.454;546.152;60;277.536;1;0;;;3802.59;1;1
438;0.2;52.4392;31.1;10.8897;40.5035;29.7;155;303.255;281.706;278;340;280;278;547.454;546.007;60;277.533;1;0;;;3802.59;1;1
439;0.2;52.4392;31.1;10.8713;40.489;29.7;148;303.183;281.677;278;340;280;278;547.309;546.007;60;277.529;1;0;;;3802.59;1;1
440;0.2;52.555;31.1;10.8953;40.3877;29.7;142;303.154;281.691;278;340;280;278;547.454;546.152;60;277.526;1;0;;;3802.59;1;1
441;0.2;52.6968;31.1;10.9063;40.2488;29.7;143;304.022;281.706;278;340;280;278;547.454;546.152;60;277.524;1;0;;;3802.59;1;1
442;0.2;52.5376;31.1;10.8734;40.1852;29.7;143;304.152;281.706;278;340;280;278;547.454;546.152;60;277.519;1;0;;;3801.45;1;1
443;0.2;52.1354;31.1;10.8083;39.8814;29.7;140;304.253;281.684;278;340;280;278;547.454;546.007;60;277.517;1;0;;;3800.3;1;1
444;0.2;52.3235;31.1;10.8473;39.7772;29.7;141;304.196;281.691;278;340;280;278;547.454;546.152;60;277.515;1;0;;;3800.3;1;1
445;0.2;52.338;31.1;10.8503;40.1678;29.7;142;304.08;281.684;278;340;280;278;547.454;546.152;60;277.505;1;0;;;3795.72;1;1
446;0.2;52.338;31.1;10.832;40.2894;29.7;141;304.239;281.698;278;340;280;278;547.454;546.152;60;277.495;1;0;;;3794.58;1;1
447;0.2;52.1354;31.1;10.8083;40.489;29.7;141;304.196;281.698;278;340;280;278;547.309;546.152;60;277.489;1;0;;;3794.58;1;1
448;0.2;52.4392;31.1;10.853;40.3877;29.7;141;304.225;281.677;278;340;280;278;547.309;546.152;60;277.485;1;0;;;3793.21;1;1
449;0.2;52.5405;31.1;10.8556;40.1852;29.7;140;304.311;281.684;278;340;280;278;547.454;546.007;60;277.478;1;0;;;3793.21;1;1
450;0.2;52.4421;31.1;10.8536;39.9797;29.7;141;305.179;281.698;278;340;280;278;547.309;546.007;60;277.472;1;0;;;3793.21;1;1
451;0.2;52.5752;31.1;10.8811;40.0839;29.7;129;305.266;281.698;278;340;280;278;547.309;545.862;60;277.468;1;0;;;3793.21;1;1
452;0.2;52.6418;31.1;10.8765;40.0839;29.7;125;305.194;281.67;278;340;280;278;547.309;545.862;60;277.465;1;0;;;3788.63;1;1
453;0.2;52.4306;31.1;10.8146;40.0839;29.7;124;305.093;281.67;278;340;280;278;547.309;546.007;60;277.467;1;0;;;3788.63;1;1
454;0.2;52.5232;31.1;10.8337;40.1736;29.7;124;305.02;281.684;278;340;280;278;547.164;546.007;60;277.465;1;0;;;3788.63;1;1
455;0.2;52.5405;31.1;10.8189;40.2488;29.7;123;304.991;281.691;278;340;280;278;547.309;546.007;60;277.457;1;0;;;3787.49;1;1
456;0.2;52.1643;31.1;10.7779;40.1852;29.7;125;305.107;281.691;278;340;280;278;547.309;546.152;60;277.451;1;0;;;3784.81;1;1
457;0.2;52.4392;31.1;10.8347;40.3877;29.8;127;305.223;281.677;278;340;280;278;547.454;546.152;60;277.445;1;0;;;3783.67;1;1
458;0.2;52.1325;31.1;10.7349;40.1852;29.8;125;305.469;281.684;278;340;280;278;547.454;546.296;60;277.44;1;0;;;3783.67;1;1
459;0.2;51.8287;31.2;11.0242;40.3906;29.8;113;305.396;281.698;278;340;280;278;547.454;546.152;60;277.429;1;0;;;3783.36;1;1
460;0.2;52.0312;31.2;11.1036;40.489;29.8;115;305.324;281.706;278;340;280;278;547.454;546.296;60;277.42;1;0;;;3783.36;1;1
461;0.2;52.1325;31.2;11.0524;40.5903;29.8;119;305.237;281.691;278;340;280;278;547.454;546.007;60;277.409;1;0;;;3783.36;1;1
462;0.2;52.338;31.2;11.1691;40.5903;29.8;114;305.208;281.691;278;340;280;278;547.309;546.007;60;277.403;1;0;;;3783.36;1;1
463;0.2;52.338;31.2;11.0777;40.515;29.8;115;305.266;281.698;278;340;280;278;547.454;546.007;60;277.394;1;0;;;3781.07;1;1
464;0.2;52.4392;31.2;11.0991;40.2865;29.8;130;305.396;281.727;278;340;280;278;547.454;545.862;60;277.386;1;0;;;3781.07;1;1
465;0.2;52.6418;31.2;11.2339;40.191;29.8;124;305.483;281.727;278;340;280;278;547.454;546.152;60;277.382;1;0;;;3779.93;1;1
466;0.2;52.8472;31.2;11.2593;40.2344;29.8;125;305.483;281.72;278;340;280;278;547.454;546.296;60;277.378;1;0;;;3775.35;1;1
467;0.2;52.4392;31.2;11.1358;40.0839;29.8;134;305.396;281.727;278;340;280;278;547.598;546.152;60;277.373;1;0;;;3773.99;1;1
468;0.2;52.338;31.2;11.1325;39.8814;29.8;131;305.339;281.735;278;340;280;278;547.454;546.152;60;277.365;1;0;;;3772.85;1;1
469;0.2;52.4392;31.2;11.1541;40.0839;29.8;135;305.252;281.735;278;340;280;278;547.598;546.152;60;277.358;1;0;;;3770.57;1;1
470;0.2;52.6157;31.2;11.2284;40.0839;29.8;129;305.252;281.727;278;340;280;278;547.309;546.152;60;277.351;1;0;;;3770.57;1;1
471;0.2;52.4392;31.2;11.1358;40.081;29.8;138;305.396;281.727;278;340;280;278;547.309;546.007;60;277.345;1;0;;;3770.57;1;1
472;0.2;51.93;31.2;11.0276;40.1852;29.8;147;305.498;281.713;278;340;280;278;547.454;546.152;60;277.335;1;0;;;3770.57;1;1
473;0.2;51.8316;31.2;10.9524;39.9797;29.8;144;305.483;281.583;278;340;280;278;547.309;546.296;60;277.331;1;0;;;3769.43;1;1
474;0.2;52.1325;31.2;11.0888;39.9855;29.8;139;305.44;281.539;278;340;280;278;547.309;546.007;60;277.328;1;0;;;3769.43;1;1
475;0.2;52.2338;31.2;11.1469;40.2865;29.8;140;305.396;281.547;278;340;280;278;547.454;546.152;60;277.325;1;0;;;3769.43;1;1
476;0.2;52.4392;31.2;11.1358;40.2228;29.8;139;305.628;281.576;278;340;280;278;547.454;546.007;60;277.322;1;0;;;3769.43;1;1
477;0.2;52.1325;31.2;11.0706;40.2662;29.8;140;305.657;281.576;278;340;280;278;547.454;546.007;60;277.32;1;0;;;3767.14;1;1
478;0.2;52.0949;31.2;11.0444;40.0839;29.8;145;305.758;281.561;278;340;280;278;547.454;546.152;60;277.317;1;0;;;3764.86;1;1
479;0.2;52.0312;31.2;11.0855;40.3877;29.8;148;305.859;281.561;278;340;280;278;547.454;546.007;60;277.316;1;0;;;3764.86;1;1
480;0.2;52.3177;31.2;11.0917;40.6395;29.8;149;305.859;281.561;278;340;280;278;547.454;546.152;60;277.315;1;0;;;3763.72;1;1
481;0.2;52.0312;31.2;11.0673;40.5903;29.8;150;306.192;281.568;278;340;280;278;547.454;546.007;60;277.324;1;0;;;3763.72;1;1
482;0.2;52.4277;31.2;11.1882;40.489;29.8;144;306.105;281.568;278;340;280;278;547.454;546.296;60;277.333;1;0;;;3763.72;1;1
483;0.2;52.5405;31.2;11.2307;40.2836;29.8;144;306.019;281.568;278;340;280;278;547.454;546.152;60;277.34;1;0;;;3762.58;1;1
484;0.2;52.338;31.2;11.1508;40.2865;29.8;143;306.062;281.568;278;340;280;278;547.454;546.152;60;277.359;1;0;;;3761.43;1;1
485;0.2;52.338;31.2;11.096;40.1823;29.8;140;306.221;281.568;278;340;280;278;547.598;546.152;60;277.375;1;0;;;3761.43;1;1
486;0.2;52.5405;31.2;11.2123;39.8785;29.8;140;306.221;281.858;278;340;280;278;547.454;546.152;60;277.389;1;0;;;3760.29;1;1
487;0.2;52.2801;31.2;11.102;40.0839;29.8;139;306.25;281.742;278;340;280;278;547.309;546.152;60;277.408;1;0;;;3756.87;1;1
488;0.2;52.0312;31.2;11.0673;40.1997;29.8;139;306.134;281.59;278;340;280;278;547.454;546.007;60;277.43;1;0;;;3754.59;1;1
489;0.2;51.739;31.2;11.0051;40.0839;29.8;132;306.062;281.568;278;340;280;278;547.598;546.152;60;277.45;1;0;;;3754.59;1;1
490;0.2;51.93;31.2;11.0457;40.0839;29.8;126;306.424;281.597;278;340;280;278;547.309;546.152;60;277.467;1;0;;;3754.59;1;1
491;0.2;52.0804;31.2;11.0232;40.2865;29.8;125;306.612;281.597;278;340;280;278;547.454;546.007;60;277.488;1;0;;;3754.59;1;1
492;0.2;52.3987;31.2;11.1088;40.3067;29.8;114;306.698;281.539;278;340;280;278;547.309;546.007;60;277.509;1;0;;;3754.59;1;1
493;0.2;52.1325;31.2;11.0706;40.489;29.8;102;306.641;281.836;278;340;280;278;547.454;546.007;60;277.529;1;0;;;3753.45;1;1
494;0.2;52.1325;31.2;11.0706;40.2865;29.8;97;306.626;281.843;278;340;280;278;547.598;546.152;60;277.548;1;0;;;3753.45;1;1
495;0.2;52.338;31.2;11.1142;40.2865;29.8;98;306.655;281.735;278;340;280;278;547.454;546.152;60;277.566;1;0;;;3753.45;1;1
496;0.2;52.338;31.2;11.1142;40.489;29.8;96;306.583;281.85;278;340;280;278;547.454;546.152;60;277.589;1;0;;;3751.73;1;1
497;0.2;52.1296;31.2;11.1064;40.4659;29.8;87;306.51;281.858;278;340;280;278;547.454;546.152;60;277.607;1;0;;;3746.33;1;1
498;0.2;51.93;31.2;11.0095;40.2865;29.8;83;306.004;281.727;278;340;280;278;547.454;546.152;60;277.624;1;0;;;3746.03;1;1
499;0.2;51.93;31.2;11.0457;40.1852;29.8;85;306.076;281.872;278;340;280;278;547.309;546.007;60;277.645;1;0;;;3746.03;1;1
500;0.2;51.93;31.2;11.0276;40.1418;29.8;84;306.293;281.872;278;340;280;278;547.309;546.007;60;277.663;1;0;;;3742.61;1;1
501;0.2;52.1383;31.2;11.0354;39.9797;29.8;81;306.322;281.836;278;340;280;278;547.454;546.152;60;277.679;1;0;;;3741.47;1;1
502;0.2;52.2367;31.2;11.111;40.0839;29.8;78;306.163;281.858;278;340;280;278;547.454;546.152;60;277.693;1;0;;;3741.47;1;1
503;0.2;52.0341;31.2;11.1043;39.974;29.8;76;305.469;281.843;278;340;280;278;547.598;546.296;60;277.711;1;0;;;3741.47;1;1
504;0.2;52.0312;31.2;11.0855;39.8785;29.8;75;305.411;281.85;278;340;280;278;547.598;546.152;60;277.721;1;0;;;3741.47;1;1
505;0.2;52.0284;31.2;11.0121;40.2054;29.8;74;305.425;281.836;278;340;280;278;547.454;546.152;60;277.733;1;0;;;3741.47;1;1
506;0.2;51.875;31.2;10.9616;40.3877;29.8;68;305.44;281.836;278;340;280;278;547.454;546.152;60;277.741;1;0;;;3740.84;1;1
507;0.2;51.7245;31.2;10.9478;40.2865;29.8;63;305.122;281.821;278;340;280;278;547.454;546.152;60;277.757;1;0;;;3736.29;1;1
508;0.2;51.93;31.2;11.0457;40.0839;29.8;63;305.237;281.821;278;340;280;278;547.454;546.296;60;277.776;1;0;;;3735.15;1;1
509;0.2;52.1643;31.2;11.0227;39.9826;29.8;69;304.89;281.901;278;340;280;278;547.454;546.152;60;277.793;1;0;;;3734.01;1;1
510;0.2;52.1441;31.2;11.0731;39.9826;29.8;71;304.803;281.887;278;340;280;278;547.454;546.152;60;277.811;1;0;;;3729.46;1;1
511;0.2;52.4392;31.2;11.0991;39.9826;29.8;75;304.745;281.908;278;340;280;278;547.598;546.296;60;277.833;1;0;;;3729.46;1;1
512;0.2;52.4392;31.2;11.0991;39.9942;29.8;76;303.906;281.829;278;340;280;278;547.598;546.296;60;277.858;1;0;;;3729.46;1;1
513;0.2;52.1325;31.2;11.0706;39.8785;29.8;76;304.094;281.887;278;340;280;278;547.743;546.441;60;277.886;1;0;;;3729.46;1;1
514;0.2;52.5376;31.2;11.1199;39.8814;29.8;77;303.95;281.887;278;340;280;278;547.743;546.441;60;277.91;1;0;;;3729.46;1;1
515;0.2;52.4161;31.2;11.0759;39.8814;29.8;80;303.935;281.908;278;340;280;278;547.743;546.441;60;277.932;1;0;;;3728.33;1;1
516;0.2;52.338;31.2;11.0777;40.1852;29.8;77;303.096;281.901;278;340;280;278;547.743;546.441;60;277.952;1;0;;;3728.33;1;1
517;0.2;52.338;31.2;11.1142;40.0839;29.7;74;302.995;281.894;278;340;280;278;547.598;546.296;60;277.968;1;0;;;3723.78;1;1
518;0.2;52.338;31.2;11.0594;40.0839;29.7;76;302.619;281.894;278;340;280;278;547.598;546.296;60;277.989;1;0;;;3722.64;1;1
519;0.2;52.2338;31.2;11.0739;40.1881;29.7;71;302.734;281.879;278;340;280;278;547.598;546.296;60;278.006;1;0;;;3722.64;1;1
520;0.2;52.338;31.2;11.096;40.3472;29.7;74;302.879;281.894;278;340;280;278;547.598;546.296;60;278.019;1;0;;;3722.64;1;1
521;0.2;52.2367;31.2;11.0197;40.0608;29.7;74;302.17;281.901;278;340;280;278;547.598;546.296;60;278.032;1;0;;;3719.25;1;1
522;0.2;51.9271;31.2;11.027;40.0058;29.7;77;302.112;281.894;278;340;280;278;547.598;546.296;60;278.048;1;0;;;3719.25;1;1
523;0.2;52.2367;31.2;11.0562;39.9826;29.7;78;301.982;281.894;278;340;280;278;547.454;546.152;60;278.065;1;0;;;3718.12;1;1
524;0.2;52.5347;31.2;11.156;40.0608;29.7;78;301.664;281.901;278;340;280;278;547.598;546.152;60;278.08;1;0;;;3718.12;1;1
525;0.2;52.6418;31.1;10.8581;40.0839;29.7;79;301.635;281.879;278;340;280;278;547.598;546.152;60;278.094;1;0;;;3718.12;1;1
526;0.2;52.4392;31.1;10.7797;40.1852;29.7;82;301.678;281.879;278;340;280;278;547.454;546.152;60;278.106;1;0;;;3718.12;1;1
527;0.2;52.5405;31.1;10.8373;40.3877;29.7;83;301.071;281.879;278;340;280;278;547.454;546.296;60;278.119;1;0;;;3718.12;1;1
528;0.2;52.8472;31.1;10.8636;40.2894;29.7;80;301.157;281.865;278;340;280;278;547.598;546.296;60;278.134;1;0;;;3718.12;1;1
529;0.2;52.39;31.1;10.733;40.3877;29.7;78;301.128;281.85;278;340;280;278;547.598;546.296;60;278.145;1;0;;;3716.98;1;1
530;0.2;52.3351;31.1;10.7035;40.3877;29.7;79;301.027;281.85;278;340;280;278;547.598;546.296;60;278.16;1;0;;;3715.85;1;1
531;0.2;52.6418;31.1;10.7294;40.2865;29.7;78;300.94;281.843;278;340;280;278;547.598;546.441;60;278.173;1;0;;;3713.44;1;1
532;0.2;52.6418;31.1;10.7846;40.2865;29.7;78;300.477;281.836;278;340;280;278;547.743;546.441;60;278.191;1;0;;;3712.31;1;1
533;0.2;52.4566;31.1;10.765;40.0839;29.7;84;300.579;281.836;278;340;280;278;547.743;546.441;60;278.204;1;0;;;3712.31;1;1
534;0.2;52.5087;31.1;10.8123;39.9826;29.7;82;300.666;281.836;278;340;280;278;547.598;546.441;60;278.217;1;0;;;3711.17;1;1
535;0.2;52.6418;31.1;10.8214;40.0839;29.7;79;300.072;281.807;278;340;280;278;547.598;546.296;60;278.233;1;0;;;3710.04;1;1
536;0.2;52.5405;31.1;10.7455;40.1852;29.7;82;300.13;281.785;278;340;280;278;547.598;546.296;60;278.247;1;0;"CUSN8       ";;3710.04;1;1
537;0.2;52.2598;31.1;10.7428;40.3385;29.7;86;300.058;281.793;278;340;280;278;547.598;546.296;60;278.256;1;0;;;3710.04;1;1
538;0.2;52.4595;31.1;10.7656;40.489;29.6;81;299.928;281.8;278;340;280;278;547.598;546.296;60;278.261;1;0;;;3708.9;1;1
539;0.2;52.2425;31.1;10.7575;40.5932;29.6;80;299.855;281.814;278;340;280;278;547.598;546.296;60;278.266;1;0;;;3708.89;1;1
540;0.2;52.2367;31;10.3652;40.6944;29.6;78;299.928;281.807;278;340;280;278;547.598;546.296;60;278.273;1;0;;;3707.76;1;1
541;0.2;52.1296;31;10.3075;40.5903;29.6;77;299.609;281.807;278;340;280;278;547.454;546.296;60;278.276;1;0;;;3705.49;1;1
542;0.2;52.2338;31;10.3464;40.2865;29.6;79;299.696;281.793;278;340;280;278;547.454;546.152;60;278.275;1;0;;;3704.36;1;1
543;0.2;52.5087;31;10.4008;40.1881;29.6;78;299.667;281.793;278;340;280;278;547.454;546.296;60;278.278;1;0;;;3703.22;1;1
544;0.2;52.717;31;10.4973;40.3877;29.6;82;299.537;281.785;278;340;280;278;547.454;546.152;60;278.278;1;0;;;3702.09;1;1
545;0.2;52.3958;31;10.4151;40.2054;29.6;81;299.465;281.785;278;340;280;278;547.454;546.152;60;278.281;1;0;;;3700.96;1;1
546;0.2;52.445;31;10.4065;40.0839;29.6;72;298.828;281.771;278;340;280;278;547.598;546.296;60;278.283;1;0;;;3700.96;1;1
547;0.2;52.7459;31;10.4847;39.8785;29.6;74;298.857;281.778;278;340;280;278;547.598;546.296;60;278.284;1;0;;;3699.82;1;1
548;0.2;52.4334;31;10.4042;39.8814;29.6;89;298.987;281.778;278;340;280;278;547.598;546.296;60;278.285;1;0;;;3696.72;1;1
549;0.2;52.2338;31;10.3464;40.1852;29.6;86;299.103;281.771;278;340;280;278;547.598;546.152;60;278.287;1;0;;;3695.94;1;1
550;0.2;52.228;31;10.3635;40.2865;29.6;84;299.089;281.771;278;340;280;278;547.454;546.152;60;278.288;1;0;;;3695.94;1;1
551;0.2;52.338;31;10.3853;40.1852;29.6;86;298.553;281.764;278;340;280;278;547.309;546.007;60;278.281;1;0;;;3695.85;1;1
552;0.2;52.1209;31;10.3604;40.0839;29.6;90;298.466;281.764;278;340;280;278;547.454;546.007;60;278.281;1;0;"CUSN8       ";;3693.66;1;1
553;0.2;52.0862;31;10.2989;40.1852;29.6;90;298.524;281.944;278;340;280;278;547.454;546.007;60;278.283;1;0;;;3692.53;1;1
554;0.2;52.0457;31;10.3818;40.2865;29.6;91;298.264;281.756;278;340;280;278;547.454;546.152;60;278.277;1;0;;;3692.53;1;1
555;0.2;52.0312;31;10.3062;40.1881;29.6;97;298.394;281.749;278;340;280;278;547.454;546.152;60;278.274;1;0;;;3691.35;1;1
556;0.2;52.1325;30.9;9.97233;40.2865;29.6;105;298.741;281.937;278;340;280;278;547.598;546.152;60;278.266;1;0;;;3691.35;1;1
557;0.2;52.2512;30.9;10.0498;40.1852;29.6;104;298.785;281.937;278;340;280;278;547.598;546.152;60;278.267;1;0;;;3691.35;1;1
558;0.2;52.2627;30.9;10.052;40.1852;29.6;102;298.698;281.923;278;340;280;278;547.454;546.152;60;278.268;1;0;;;3690.22;1;1
559;0.2;52.2338;30.9;10.01;40.1852;29.6;106;298.611;281.908;278;340;280;278;547.454;546.007;60;278.267;1;0;;;3690.22;1;1
560;0.2;52.6418;30.9;10.1066;40.1852;29.6;105;298.539;281.916;278;340;280;278;547.309;545.862;60;278.262;1;0;;;3690.22;1;1
561;0.2;52.6418;30.9;10.0514;40.3877;29.6;103;298.481;281.923;278;340;280;278;547.309;546.007;60;278.26;1;0;;;3686.82;1;1
562;0.2;52.2367;30.9;10.047;40.489;29.6;102;298.438;281.908;278;340;280;278;547.309;546.007;60;278.259;1;0;;;3685.69;1;1
563;0.2;52.1296;30.9;9.95357;40.2865;29.6;106;298.553;281.916;278;340;280;278;547.454;546.152;60;278.252;1;0;"CUSN8       ";;3685.69;1;1
564;0.2;52.2338;30.9;10.0282;40.0839;29.6;105;298.683;281.916;278;340;280;278;547.598;546.152;60;278.249;1;0;;;3684.56;1;1
565;0.2;52.338;30.9;10.0116;40.0492;29.6;107;298.698;281.908;278;340;280;278;547.743;546.296;60;278.243;1;0;;;3681.46;1;1
566;0.2;52.4074;30.9;10.0066;40.1852;29.6;113;299.074;281.814;278;340;280;278;547.743;546.296;60;278.238;1;0;;;3681.46;1;1
567;0.2;52.338;30.9;10.0482;40.2865;29.6;115;298.973;281.727;278;340;280;278;547.743;546.296;60;278.239;1;0;;;3681.46;1;1
568;0.2;52.2338;30.9;10.01;40.1852;29.6;106;298.872;281.735;278;340;280;278;547.743;546.296;60;278.244;1;0;;;3680.32;1;1
569;0.2;52.2483;30.9;10.0127;40.1852;29.6;100;298.9;281.8;278;340;280;278;547.598;546.296;60;278.249;1;0;;;3678.06;1;1
570;0.2;52.1383;30.9;9.99168;40.0839;29.6;100;299.045;281.778;278;340;280;278;547.454;546.152;60;278.256;1;0;;;3678.06;1;1
571;0.2;52.2714;30.9;10.0537;40.0839;29.6;98;299.103;281.749;278;340;280;278;547.454;546.152;60;278.263;1;0;;;3676.93;1;1
572;0.2;52.1238;30.9;10.0071;39.9797;29.6;98;299.06;281.727;278;340;280;278;547.454;546.152;60;278.268;1;0;;;3672.41;1;1
573;0.2;52.1325;30.9;9.99057;39.9826;29.6;98;298.944;281.72;278;340;280;278;547.454;546.152;60;278.272;1;0;;;3671.28;1;1
574;0.2;52.2338;30.9;9.9917;40.0839;29.6;100;298.857;281.778;278;340;280;278;547.454;546.152;60;278.275;1;0;;;3671.28;1;1
575;0.2;52.1817;30.9;9.98174;40.0839;29.6;102;298.843;281.793;278;340;280;278;547.598;546.152;60;278.282;1;0;;;3670.15;1;1
576;0.2;52.3409;30.9;10.0122;40.0839;29.6;98;298.944;281.756;278;340;280;278;547.454;546.007;60;278.293;1;0;;;3670.15;1;1
577;0.2;52.6852;30.9;10.0596;40.0839;29.7;96;299.566;281.756;278;340;280;278;547.454;546.152;60;278.302;1;0;;;3670.15;1;1
578;0.2;52.4392;30.9;10.0493;40.0752;29.7;100;299.624;281.8;278;340;280;278;547.454;546.152;60;278.311;1;0;;;3670.15;1;1
579;0.2;52.4421;30.9;10.0316;40.1852;29.7;92;299.638;281.821;278;340;280;278;547.454;546.152;60;278.315;1;0;;;3670.15;1;1
580;0.2;52.2396;30.9;10.0293;40.1852;29.7;86;299.58;281.771;278;340;280;278;547.454;546.007;60;278.322;1;0;;;3670.15;1;1
581;0.2;52.2367;30.9;10.047;40.1881;29.7;83;299.479;281.771;278;340;280;278;547.309;546.007;60;278.323;1;0;;;3670.15;1;1
582;0.2;52.0312;30.9;9.98934;40.3877;29.7;78;299.392;281.764;278;340;280;278;547.454;546.152;60;278.321;1;0;;;3667.89;1;1
583;0.2;52.3119;30.9;10.0066;40.5122;29.7;79;299.334;281.814;278;340;280;278;547.454;546.152;60;278.321;1;0;;;3665.63;1;1
584;0.2;52.4421;30.9;10.0499;40.3877;29.7;75;299.436;281.821;278;340;280;278;547.454;546.152;60;278.322;1;0;;;3664.5;1;1
585;0.2;52.4363;30.9;10.0121;40.2402;29.7;75;299.508;281.756;278;340;280;278;547.454;546.152;60;278.32;1;0;;;3662.24;1;1
586;0.2;52.6418;30.9;10.0514;40.1852;29.7;77;299.363;281.756;278;340;280;278;547.454;546.152;60;278.318;1;0;;;3661.12;1;1
587;0.2;52.5405;30.9;10.0504;40.1852;29.7;77;299.436;282.075;278;340;280;278;547.454;546.152;60;278.316;1;0;;;3661.12;1;1
588;0.2;52.1325;30.9;10.0088;40.463;29.7;79;299.523;282.075;278;340;280;278;547.454;546.152;60;278.317;1;0;;;3659.99;1;1
589;0.2;52.2338;30.9;10.01;40.1939;29.7;78;299.031;282.075;278;340;280;278;547.454;546.152;60;278.317;1;0;;;3659.99;1;1
590;0.2;52.1701;30.9;9.92485;39.8785;29.7;79;298.9;282.075;278;340;280;278;547.454;546.296;60;278.315;1;0;;;3659.99;1;1
591;0.2;52.2338;30.9;10.01;39.9797;29.7;84;298.872;282.075;278;340;280;278;547.454;546.152;60;278.314;1;0;;;3659.99;1;1
592;0.2;51.7245;30.9;9.85815;39.8785;29.7;82;298.872;282.082;278;340;280;278;547.454;546.152;60;278.312;1;0;;;3657.01;1;1
593;0.2;52.066;30.9;9.97781;39.9826;29.7;84;298.973;282.082;278;340;280;278;547.454;546.152;60;278.311;1;0;;;3655.88;1;1
594;0.2;52.0312;30.9;9.97116;39.8814;29.6;85;299.089;282.082;278;340;280;278;547.454;546.296;60;278.31;1;0;;;3655.88;1;1
595;0.2;52.2367;30.9;10.0105;39.8785;29.6;87;299.089;282.075;278;340;280;278;547.454;546.152;60;278.31;1;0;;;3654.56;1;1
596;0.2;52.0312;30.9;9.95296;40.1852;29.6;84;298.394;282.067;278;340;280;278;547.454;546.152;60;278.309;1;0;;;3653.43;1;1
597;0.2;52.2367;30.9;9.99226;40.3877;29.6;87;298.278;282.075;278;340;280;278;547.598;546.152;60;278.308;1;0;;;3653.43;1;1
598;0.2;52.5;30.9;10.0426;40.3819;29.6;95;298.235;282.075;278;340;280;278;547.454;546.152;60;278.31;1;0;;;3653.43;1;1
599;0.2;52.3351;30.9;9.99279;40.3877;29.6;96;298.264;282.075;278;340;280;278;547.454;546.152;60;278.31;1;0;;;3652.26;1;1
600;0.2;52.2946;30.9;9.98506;40.3877;29.6;96;298.351;282.075;278;340;280;278;547.454;546.152;60;278.312;1;0;;;3652.26;1;1
601;0.2;51.93;30.9;9.91545;40.4832;29.6;104;298.423;282.082;278;340;280;278;547.309;546.007;60;278.316;1;0;;;3652.26;1;1
602;0.2;52.338;30.9;10.0299;40.5903;29.6;106;298.524;282.082;278;340;280;278;547.309;546.007;60;278.317;1;0;;;3651.13;1;1
603;0.2;52.338;30.9;10.0116;40.298;29.6;104;298.51;282.082;278;340;280;278;547.309;545.862;60;278.316;1;0;;;3647.46;1;1
604;0.2;52.5087;30.9;10.0443;40.3877;29.6;104;298.438;282.082;278;340;280;278;547.309;545.862;60;278.314;1;0;;;3645.21;1;1
605;0.2;52.1354;30.9;9.88182;40.489;29.6;104;298.351;282.075;278;340;280;278;547.309;546.007;60;278.313;1;0;;;3642.95;1;1
606;0.2;52.2367;30.9;9.97401;40.2951;29.6;104;298.293;282.075;278;340;280;278;547.164;546.007;60;278.309;1;0;;;3641.83;1;1
607;0.2;52.2338;30.9;10.01;40.1881;29.6;98;298.249;282.075;278;340;280;278;547.164;545.862;60;278.305;1;0;"CUSN8       ";;3641.83;1;1
608;0.2;52.2396;30.9;10.0293;40.2865;29.6;98;298.307;282.075;278;340;280;278;547.309;545.718;60;278.299;1;0;;;3641.83;1;1
609;0.2;52.3409;30.9;9.97561;40.3877;29.6;100;298.394;282.082;278;340;280;278;547.164;545.718;60;278.294;1;0;;;3638.45;1;1
610;0.2;52.5405;30.9;10.0688;40.1852;29.6;105;298.51;282.082;278;340;280;278;547.164;545.718;60;278.283;1;0;;;3638.45;1;1
611;0.2;52.6447;30.9;10.0519;40.3877;29.6;107;298.568;282.082;278;340;280;278;547.02;545.718;60;278.274;1;0;;;3637.32;1;1
612;0.2;52.2338;30.9;10.01;40.2865;29.6;101;298.626;282.082;278;340;280;278;547.02;545.718;60;278.265;1;0;;;3637.32;1;1
613;0.2;52.338;30.9;10.0116;40.1186;29.6;101;298.597;282.371;278;340;280;278;547.02;545.718;60;278.258;1;0;;;3635.07;1;1
614;0.2;52.7431;30.9;10.0338;40.2865;29.6;107;298.524;282.378;278;340;280;278;547.02;545.573;60;278.251;1;0;;;3632.82;1;1
615;0.2;52.9196;30.9;10.1229;40.2865;29.6;109;298.872;282.378;278;340;280;278;547.02;545.718;60;278.245;1;0;;;3632.03;1;1
616;0.2;52.6389;30.9;10.0324;40.3877;29.6;101;298.828;282.371;278;340;280;278;547.02;545.718;60;278.238;1;0;;;3631.78;1;1
617;0.2;52.338;30.9;10.0299;40.3877;29.6;97;298.915;282.321;278;340;280;278;547.02;545.718;60;278.23;1;0;;;3631.78;1;1
618;0.2;52.338;30.9;10.0299;40.489;29.6;100;299.103;282.234;278;340;280;278;547.02;545.718;60;278.219;1;0;;;3631.78;1;1
619;0.2;52.5232;30.9;10.0471;40.2865;29.6;101;299.117;282.364;278;340;280;278;547.02;545.573;60;278.209;1;0;;;3628.41;1;1
620;0.2;52.7431;30.9;10.0707;40.2865;29.6;102;299.016;282.371;278;340;280;278;546.875;545.573;60;278.199;1;0;;;3627.09;1;1
621;0.2;52.5405;30.9;10.032;40.3877;29.5;103;298.929;282.617;278;340;280;278;547.02;545.718;60;278.188;1;0;;;3627.09;1;1
622;0.2;52.8906;30.9;10.1543;40.489;29.5;105;298.843;282.617;278;340;280;278;547.02;545.573;60;278.178;1;0;;;3624.84;1;1
623;0.2;52.3756;30.9;10.0005;40.489;29.5;107;299.378;282.617;278;340;280;278;546.875;545.573;60;278.169;1;0;;;3622.59;1;1
624;0.2;52.3409;30.9;10.0305;40.2865;29.5;107;299.436;282.567;278;340;280;278;546.875;545.573;60;278.162;1;0;;;3622.59;1;1
625;0.2;52.338;30.9;10.0299;40.1852;29.5;105;299.609;282.559;278;340;280;278;547.02;545.718;60;278.154;1;0;;;3622.59;1;1
626;0.2;52.1325;30.9;9.99057;40.2865;29.5;109;299.667;282.603;278;340;280;278;547.02;545.718;60;278.144;1;0;;;3619.19;1;1
627;0.2;52.0862;30.9;9.99989;40.2865;29.5;104;299.667;282.61;278;340;280;278;547.02;545.573;60;278.134;1;0;;;3616.94;1;1
628;0.2;52.4363;30.9;10.0488;40.1823;29.5;109;299.19;282.603;278;340;280;278;547.02;545.573;60;278.127;1;0;;;3616.94;1;1
629;0.2;52.7459;30.9;10.145;40.1852;29.5;112;299.117;282.588;278;340;280;278;546.875;545.718;60;278.116;1;0;;;3616.94;1;1
630;0.2;52.7431;30.9;10.0891;40.0839;29.5;118;299.103;282.581;278;340;280;278;546.875;545.573;60;278.106;1;0;;;3616.94;1;1
631;0.2;52.5405;30.9;10.0504;40.1852;29.5;113;299.117;282.595;278;340;280;278;547.02;545.573;60;278.096;1;0;;;3616.94;1;1
632;0.2;52.4219;30.9;10.0277;40.1852;29.5;115;299.233;282.595;278;340;280;278;547.02;545.718;60;278.089;1;0;;;3616.94;1;1
633;0.2;52.3119;30.9;10.0249;40.0116;29.5;122;300.087;282.595;278;340;280;278;546.875;545.718;60;278.079;1;0;;;3615.82;1;1
634;0.2;52.5405;30.9;10.0688;39.8756;29.5;125;300.101;282.581;278;340;280;278;547.02;545.718;60;278.071;1;0;;;3615.82;1;1
635;0.2;52.8472;30.9;10.109;40.0839;29.5;117;300;282.588;278;340;280;278;547.02;545.718;60;278.066;1;0;;;3614.7;1;1
636;0.2;52.6418;30.9;10.033;40.3877;29.6;113;299.913;282.588;278;340;280;278;547.02;545.573;60;278.059;1;0;;;3611.33;1;1
637;0.2;52.4392;30.9;10.0677;40.5932;29.6;117;299.841;282.595;278;340;280;278;546.875;545.718;60;278.052;1;0;;;3611.33;1;1
638;0.2;52.2367;30.9;9.97401;40.5932;29.6;119;299.913;282.574;278;340;280;278;547.02;545.573;60;278.047;1;0;;;3610.21;1;1
639;0.2;52.1325;30.9;10.027;40.3848;29.6;121;299.986;282.567;278;340;280;278;547.02;545.573;60;278.042;1;0;;;3609.21;1;1
640;0.2;52.4392;30.9;10.031;40.3877;29.6;121;300.347;282.603;278;340;280;278;546.875;545.718;60;278.037;1;0;;;3608.09;1;1
641;0.2;52.7373;30.9;10.088;40.3877;29.6;123;300.304;282.61;278;340;280;278;546.875;545.573;60;278.031;1;0;;;3608.09;1;1
642;0.2;52.4392;30.9;9.99436;40.6916;29.6;125;300.231;282.198;278;340;280;278;546.875;545.573;60;278.028;1;0;;;3608.09;1;1
643;0.2;52.4392;30.9;10.0677;40.489;29.6;124;300.174;282.183;278;340;280;278;546.875;545.573;60;278.021;1;0;;;3607.25;1;1
644;0.2;52.0312;30.9;9.98934;40.1505;29.6;123;300.101;282.198;278;340;280;278;546.73;545.573;60;278.019;1;0;;;3605.01;1;1
645;0.2;52.2483;30.9;10.0127;39.9826;29.6;122;300.883;282.234;278;340;280;278;546.73;545.428;60;278.011;1;0;;;3605.01;1;1
646;0.2;52.4653;30.9;10.0543;39.974;29.6;112;300.926;282.212;278;340;280;278;546.73;545.284;60;278.007;1;0;;;3602.59;1;1
647;0.2;52.6418;30.9;10.033;40.1852;29.6;109;301.056;282.458;278;340;280;278;546.73;545.428;60;277.995;1;0;;;3601.46;1;1
648;0.2;52.581;30.9;10.0581;40.3877;29.6;111;301.143;282.198;278;340;280;278;546.73;545.573;60;277.984;1;0;;;3601.46;1;1
649;0.2;52.2367;30.9;9.99226;40.1852;29.6;111;301.157;282.212;278;340;280;278;546.875;545.573;60;277.973;1;0;;;3598.1;1;1
650;0.2;52.1325;30.9;9.97233;39.9971;29.6;112;301.288;282.19;278;340;280;278;546.875;545.573;60;277.957;1;0;;;3596.98;1;1
651;0.2;51.93;30.9;9.93359;40.1215;29.6;104;301.23;282.19;278;340;280;278;546.875;545.573;60;277.942;1;0;"CUSN8       ";;3596.98;1;1
652;0.2;51.9039;30.9;9.96489;40.2865;29.6;104;301.157;282.169;278;340;280;278;546.73;545.573;60;277.932;1;0;;;3596.98;1;1
653;0.2;52.2367;30.9;10.0105;40.3501;29.6;112;301.606;282.444;278;340;280;278;546.875;545.428;60;277.918;1;0;;;3594.74;1;1
654;0.2;52.147;30.9;10.0298;40.489;29.6;112;301.678;282.473;278;340;280;278;546.73;545.428;60;277.91;1;0;;;3592.5;1;1
655;0.2;52.5434;30.9;10.0877;40.489;29.6;110;301.765;282.473;278;340;280;278;546.73;545.428;60;277.899;1;0;;;3592.5;1;1
656;0.2;52.7431;30.9;10.1076;40.2865;29.6;118;302.127;282.415;278;340;280;278;546.73;545.428;60;277.89;1;0;;;3589.5;1;1
657;0.2;52.5405;30.9;10.0871;40.1881;29.6;115;302.112;282.429;278;340;280;278;546.73;545.573;60;277.88;1;0;;;3589.5;1;1
658;0.2;52.5405;30.9;10.0688;40.1852;29.6;111;302.025;282.451;278;340;280;278;546.875;545.428;60;277.871;1;0;;;3588.38;1;1
659;0.2;52.7431;30.9;10.0891;40.1852;29.6;109;301.91;282.451;278;340;280;278;546.875;545.428;60;277.863;1;0;;;3588.38;1;1
660;0.2;52.4392;30.9;10.031;40.2402;29.6;113;301.939;282.436;278;340;280;278;546.73;545.573;60;277.856;1;0;;;3586.14;1;1
661;0.2;52.1586;30.9;9.99556;40.2865;29.6;115;302.025;282.436;278;340;280;278;546.73;545.428;60;277.86;1;0;;;3586.14;1;1
662;0.2;52.0718;30.9;9.99711;40.3877;29.6;115;302.069;282.378;278;340;280;278;546.73;545.428;60;277.865;1;0;;;3586.14;1;1
663;0.2;52.1586;30.9;9.99556;40.3617;29.6;121;302.141;282.422;278;340;280;278;546.875;545.428;60;277.873;1;0;;;3583.9;1;1
664;0.2;52.5376;30.9;10.1049;40.1852;29.6;118;302.17;282.422;278;340;280;278;546.73;545.428;60;277.888;1;0;;;3583.76;1;1
665;0.2;52.6418;30.9;10.0882;40.1707;29.6;119;302.069;282.378;278;340;280;278;546.73;545.428;60;277.902;1;0;;;3583.76;1;1
666;0.2;52.6447;30.9;10.0335;40.081;29.6;119;302.011;282.415;278;340;280;278;546.73;545.428;60;277.919;1;0;;;3583.76;1;1
667;0.2;52.8443;30.9;10.1639;40.0839;29.6;122;302.474;282.422;278;340;280;278;546.875;545.428;60;277.94;1;0;;;3583.76;1;1
668;0.2;52.3322;30.9;10.0288;40.1852;29.6;118;302.619;282.436;278;340;280;278;546.73;545.573;60;277.962;1;0;;;3582.64;1;1
669;0.2;52.3409;30.9;10.0853;40.162;29.6;117;302.72;282.422;278;340;280;278;546.73;545.573;60;277.983;1;0;;;3581.52;1;1
670;0.2;52.6418;30.9;10.1433;40.0839;29.6;104;302.72;282.335;278;340;280;278;546.73;545.573;60;278.006;1;0;;;3580.4;1;1
671;0.2;52.6418;30.9;10.1066;40.1852;29.6;103;302.749;282.436;278;340;280;278;546.73;545.573;60;278.031;1;0;;;3579.28;1;1
672;0.2;52.4392;30.9;10.031;40.2112;29.6;98;302.59;282.335;278;340;280;278;546.875;545.428;60;278.057;1;0;;;3579.28;1;1
673;0.2;52.4421;30.9;10.0865;40.2951;29.6;87;302.488;282.328;278;340;280;278;546.875;545.428;60;278.078;1;0;"CUSN8       ";;3577.05;1;1
674;0.2;52.4392;30.9;10.031;40.2865;29.6;83;302.488;282.342;278;340;280;278;546.875;545.428;60;278.104;1;0;;;3575.93;1;1
675;0.2;52.5434;30.9;10.0693;40.3877;29.6;78;302.575;282.371;278;340;280;278;546.73;545.428;60;278.126;1;0;;;3575.93;1;1
676;0.2;52.8501;30.9;10.1466;40.5903;29.6;77;302.561;282.386;278;340;280;278;546.73;545.428;60;278.149;1;0;;;3574.36;1;1
677;0.2;53.0498;30.9;10.2034;40.6916;29.6;71;302.677;282.378;278;340;280;278;546.73;545.428;60;278.173;1;0;;;3573.25;1;1
678;0.2;52.4421;30.9;10.0316;40.489;29.6;65;302.749;282.371;278;340;280;278;546.73;545.428;60;278.19;1;0;;;3572.13;1;1
679;0.2;52.2801;30.9;10.0006;40.3877;29.6;60;302.807;282.386;278;340;280;278;546.586;545.428;60;278.203;1;0;;;3571.81;1;1
680;0.2;52.1325;30.9;10.027;40.3877;29.6;56;302.069;282.378;278;340;280;278;546.586;545.284;60;278.211;1;0;;;3568.46;1;1
681;0.2;52.2367;30.9;10.047;40.2951;29.6;48;301.982;282.378;278;340;280;278;546.586;545.284;60;278.223;1;0;;;3567.34;1;1
682;0.2;52.4421;30.9;10.0132;40.1852;29.6;48;301.895;282.588;278;340;280;278;546.586;545.428;60;278.235;1;0;;;3567.34;1;1
683;0.2;52.6968;30.9;10.1171;40.0839;29.6;49;301.953;282.595;278;340;280;278;546.586;545.428;60;278.239;1;0;;;3566.22;1;1
684;0.2;52.636;30.9;10.1238;39.8785;29.6;47;302.069;282.595;278;340;280;278;546.73;545.428;60;278.242;1;0;;;3566.22;1;1
685;0.2;52.7431;30.9;10.0523;40.0868;29.6;42;301.751;282.595;278;340;280;278;546.73;545.428;60;278.245;1;0;;;3566.22;1;1
686;0.2;52.6389;30.9;10.0876;40.2749;29.6;45;301.765;282.595;278;340;280;278;546.73;545.428;60;278.237;1;0;;;3566.22;1;1
687;0.2;52.4392;30.9;10.0677;40.272;29.6;47;301.143;282.588;278;340;280;278;546.73;545.428;60;278.233;1;0;;;3563.99;1;1
688;0.2;52.6186;30.9;10.1021;40.0839;29.6;44;301.042;282.581;278;340;280;278;546.73;545.428;60;278.225;1;0;;;3563.99;1;1
689;0.2;52.7459;30.9;10.1081;39.9797;29.6;43;300.94;282.588;278;340;280;278;546.73;545.428;60;278.217;1;0;;;3562.87;1;1
690;0.2;52.8328;30.9;10.1248;40.1852;29.6;47;300.376;282.595;278;340;280;278;546.586;545.428;60;278.209;1;0;;;3560.64;1;1
691;0.2;53.0469;30.9;10.1843;40.298;29.6;58;300.347;282.595;278;340;280;278;546.73;545.428;60;278.205;1;0;;;3560.64;1;1
692;0.2;52.9485;30.9;10.1654;40.2865;29.6;66;299.986;282.595;278;340;280;278;546.73;545.573;60;278.193;1;0;;;3560.64;1;1
693;0.2;52.7431;30.9;10.1076;40.3877;29.6;66;300.101;282.595;278;340;280;278;546.875;545.573;60;278.184;1;0;;;3559.85;1;1
694;0.2;52.4392;30.9;10.086;40.6916;29.5;72;300.13;282.581;278;340;280;278;546.73;545.573;60;278.177;1;0;;;3558.73;1;1
695;0.2;52.4016;30.9;10.0421;40.4919;29.5;82;299.552;282.588;278;340;280;278;546.875;545.573;60;278.174;1;0;;;3558.73;1;1
696;0.2;52.4016;30.9;10.0238;40.3877;29.5;85;299.479;282.588;278;340;280;278;546.875;545.428;60;278.177;1;0;;;3556.5;1;1
697;0.2;52.228;30.9;10.0636;40.3414;29.5;86;299.45;282.588;278;340;280;278;546.73;545.573;60;278.179;1;0;;;3556.5;1;1
698;0.2;52.338;30.9;10.0482;40.2865;29.5;87;298.843;282.595;278;340;280;278;546.875;545.573;60;278.181;1;0;;;3556.5;1;1
699;0.2;52.2656;30.9;10.0343;40.1852;29.5;104;298.872;282.595;278;340;280;278;546.73;545.428;60;278.18;1;0;;;3556.5;1;1
700;0.2;52.5174;30.9;10.0827;40.2894;29.5;105;298.944;282.595;278;340;280;278;546.73;545.428;60;278.183;1;0;;;3554.32;1;1
701;0.2;52.6418;30.9;10.0697;40.2894;29.5;107;299.074;282.588;278;340;280;278;546.586;545.284;60;278.179;1;0;;;3552.09;1;1
702;0.2;52.5752;30.9;10.0754;40.3414;29.5;110;298.568;282.581;278;340;280;278;546.586;545.284;60;278.175;1;0;;;3552.09;1;1
703;0.2;52.5405;30.9;10.0688;40.1852;29.5;114;298.38;282.588;278;340;280;278;546.441;545.139;60;278.167;1;0;;;3550.38;1;1
704;0.2;52.7459;30.9;10.145;40.0839;29.5;119;298.293;282.588;278;340;280;278;546.441;545.139;60;278.16;1;0;;;3545.99;1;1
705;0.2;52.7459;30.8;9.82372;40.0839;29.5;119;298.553;282.581;278;340;280;278;546.296;545.139;60;278.153;1;0;;;3545.99;1;1
706;0.2;52.6418;30.8;9.74915;40.2865;29.5;129;298.655;282.581;278;340;280;278;546.441;545.139;60;278.149;1;0;;;3543.76;1;1
707;0.2;52.6418;30.8;9.80432;39.9797;29.5;137;298.249;282.595;278;340;280;278;546.441;545.139;60;278.144;1;0;;;3543.76;1;1
708;0.2;52.8472;30.8;9.78719;40.1852;29.5;134;298.365;282.588;278;340;280;278;546.441;545.139;60;278.139;1;0;;;3543.76;1;1
709;0.2;52.5521;30.8;9.73254;40.1823;29.5;131;298.828;282.574;278;340;280;278;546.441;545.139;60;278.135;1;0;;;3543.76;1;1
710;0.2;52.5405;30.8;9.7671;40.2865;29.5;130;298.973;282.574;278;340;280;278;546.586;545.284;60;278.135;1;0;;;3542.09;1;1
711;0.2;52.7344;30.8;9.78472;40.3877;29.5;126;298.872;282.581;278;340;280;278;546.441;545.284;60;278.142;1;0;;;3539.87;1;1
712;0.2;52.9485;30.8;9.80595;40.1562;29.5;120;298.828;282.581;278;340;280;278;546.441;545.284;60;278.152;1;0;;;3539.87;1;1
713;0.2;52.7431;30.8;9.7679;40.3241;29.5;119;298.9;282.588;278;340;280;278;546.441;545.139;60;278.166;1;0;;;3539.87;1;1
714;0.2;52.6418;30.8;9.78593;40.489;29.5;121;299.797;282.581;278;340;280;278;546.441;545.139;60;278.18;1;0;;;3536.53;1;1
715;0.2;52.5405;30.8;9.71201;40.3877;29.5;119;299.58;282.559;278;340;280;278;546.441;545.139;60;278.194;1;0;;;3535.41;1;1
716;0.2;52.4624;30.8;9.75258;40.2315;29.6;112;299.58;282.559;278;340;280;278;546.296;545.139;60;278.213;1;0;;;3535.41;1;1
717;0.2;52.2367;30.8;9.69237;40.0839;29.6;105;299.479;282.559;278;340;280;278;546.296;544.994;60;278.235;1;0;;;3534.3;1;1
718;0.2;52.4392;30.8;9.67497;40.0839;29.6;108;299.407;282.567;278;340;280;278;546.296;545.139;60;278.254;1;0;;;3534.3;1;1
719;0.2;52.6244;30.8;9.76432;40.0839;29.6;100;299.32;282.567;278;340;280;278;546.441;544.994;60;278.279;1;0;;;3534.3;1;1
720;0.2;52.4392;30.8;9.69329;39.9971;29.6;99;299.219;282.595;278;340;280;278;546.296;545.139;60;278.304;1;0;;;3532.77;1;1
721;0.2;52.6447;30.8;9.76807;39.9826;29.6;90;300.029;282.747;278;340;280;278;546.441;545.139;60;278.328;1;0;;;3532.77;1;1
722;0.2;52.4508;30.8;9.71378;40.3877;29.6;88;300.13;282.697;278;340;280;278;546.441;545.139;60;278.347;1;0;;;3531.65;1;1
723;0.2;52.6331;30.8;9.78431;40.4977;29.6;79;300.087;282.69;278;340;280;278;546.441;545.139;60;278.37;1;0;;;3528.32;1;1
724;0.2;52.4421;30.8;9.71217;40.1852;29.6;69;299.986;282.682;278;340;280;278;546.441;545.139;60;278.394;1;0;;;3526.09;1;1
725;0.2;52.7459;30.8;9.78687;40.1823;29.6;65;299.884;282.711;278;340;280;278;546.441;545.139;60;278.415;1;0;;;3524.98;1;1
726;0.2;52.9485;30.8;9.84294;40.489;29.6;58;299.884;282.704;278;340;280;278;546.296;544.994;60;278.43;1;0;;;3522.76;1;1
727;0.2;52.7431;30.8;9.80475;40.4861;29.6;54;300;282.69;278;340;280;278;546.296;544.849;60;278.446;1;0;;;3522.76;1;1
728;0.2;52.9688;30.8;9.8097;40.1852;29.6;47;300.116;282.69;278;340;280;278;546.152;544.994;60;278.464;1;0;;;3521.65;1;1
729;0.2;52.6418;30.8;9.71234;40.2865;29.7;44;300.159;282.711;278;340;280;278;546.152;544.849;60;278.479;1;0;;;3521.65;1;1
730;0.2;52.5405;30.8;9.7671;40.515;29.7;38;300.072;282.726;278;340;280;278;546.152;544.849;60;278.495;1;0;;;3521.65;1;1
731;0.2;52.4421;30.8;9.76713;40.5903;29.7;30;299.971;282.718;278;340;280;278;546.152;544.994;60;278.507;1;0;;;3521.65;1;1
732;0.2;52.4392;30.8;9.74827;40.2865;29.7;25;299.87;282.892;278;340;280;278;546.152;544.849;60;278.515;1;0;;;3521.65;1;1
733;0.2;52.4421;30.8;9.73049;40.2865;29.7;21;299.913;282.704;278;340;280;278;546.296;544.994;60;278.525;1;0;;;3519.42;1;1
734;0.2;52.526;30.8;9.69099;40.5064;29.7;16;299.233;282.726;278;340;280;278;546.296;544.994;60;278.537;1;0;;;3517.79;1;1
735;0.2;52.9427;30.8;9.84187;40.5932;29.7;13;299.32;282.718;278;340;280;278;546.296;544.994;60;278.543;1;0;;;3516.68;1;1
736;0.2;52.8241;30.8;9.80136;40.489;29.7;15;299.378;282.697;278;340;280;278;546.152;544.849;60;278.544;1;0;;;3515.57;1;1
737;0.2;52.5405;30.8;9.7671;40.489;29.7;16;299.103;282.682;278;340;280;278;546.296;544.849;60;278.55;1;0;;;3513.35;1;1
738;0.2;52.5405;30.8;9.7671;40.1852;29.6;13;299.002;282.704;278;340;280;278;546.152;544.994;60;278.553;1;0;;;3513.35;1;1
739;0.2;52.4392;30.8;9.76659;40.1852;29.6;13;298.9;282.704;278;340;280;278;546.152;544.849;60;278.561;1;0;;;3513.35;1;1
740;0.2;52.4421;30.8;9.78545;40.3877;29.6;16;298.047;282.682;278;340;280;278;546.152;544.849;60;278.559;1;0;;;3511.13;1;1
741;0.2;52.3495;30.8;9.7316;40.3704;29.6;18;298.061;282.682;278;340;280;278;546.152;544.849;60;278.56;1;0;;;3510.02;1;1
742;0.2;52.4392;30.8;9.74827;40.2315;29.6;19;297.946;282.69;278;340;280;278;546.152;544.849;60;278.562;1;0;;;3508.91;1;1
743;0.2;52.2512;30.8;9.67681;40.0839;29.6;25;297.266;282.718;278;340;280;278;546.152;544.849;60;278.557;1;0;;;3508.91;1;1
744;0.2;52.7459;30.8;9.76844;40.4919;29.6;35;297.295;282.718;278;340;280;278;546.152;544.849;60;278.556;1;0;;;3506.69;1;1
745;0.2;52.9485;30.8;9.78743;40.489;29.6;46;297.063;282.697;278;340;280;278;546.007;544.705;60;278.554;1;0;;;3505.58;1;1
746;0.2;53.0469;30.8;9.82417;40.1881;29.6;47;296.947;282.711;278;340;280;278;546.152;544.849;60;278.55;1;0;;;3505.58;1;1
747;0.2;52.6418;30.8;9.80432;40.3038;29.6;52;296.065;282.718;278;340;280;278;546.007;544.705;60;278.541;1;0;;;3505.58;1;1
748;0.2;52.6331;30.8;9.8027;40.5932;29.6;62;296.007;282.718;278;340;280;278;546.152;544.705;60;278.534;1;0;;;3503.36;1;1
749;0.2;52.4392;30.8;9.76659;40.3877;29.5;71;295.833;282.711;278;340;280;278;546.007;544.849;60;278.531;1;0;;;3503.36;1;1
750;0.2;52.338;30.7;9.37411;39.9769;29.5;82;295.964;282.711;278;340;280;278;546.007;544.849;60;278.521;1;0;"CUSN8       ";;3502.91;1;1
751;0.2;52.5405;30.7;9.42874;40.2546;29.5;88;295.255;282.711;278;340;280;278;546.152;544.849;60;278.513;1;0;;;3501.8;1;1
752;0.2;52.7778;30.7;9.47132;40.5932;29.5;92;295.255;282.747;278;340;280;278;546.007;544.849;60;278.5;1;0;;;3500.69;1;1
753;0.2;52.7459;30.7;9.46561;40.7957;29.5;104;295.211;282.747;278;340;280;278;546.007;544.849;60;278.483;1;0;;;3500.69;1;1
754;0.2;52.6418;30.7;9.42853;40.897;29.5;113;295.124;282.74;278;340;280;278;546.007;544.849;60;278.474;1;0;;;3498.47;1;1
755;0.2;52.5405;30.7;9.39204;40.7957;29.5;113;295.023;282.747;278;340;280;278;546.007;544.849;60;278.465;1;0;;;3498.47;1;1
756;0.2;52.6418;30.7;9.42853;40.489;29.5;119;294.748;282.755;278;340;280;278;546.007;544.705;60;278.458;1;0;;;3497.37;1;1
757;0.2;52.4421;30.7;9.41109;40.3848;29.5;123;294.864;282.762;278;340;280;278;546.007;544.849;60;278.449;1;0;;;3494.04;1;1
758;0.2;52.338;30.7;9.33752;40.2865;29.5;126;294.951;282.747;278;340;280;278;546.152;544.849;60;278.438;1;0;;;3492.93;1;1
759;0.2;52.5637;30.7;9.35942;40.0058;29.5;130;295.009;282.747;278;340;280;278;546.007;544.849;60;278.424;1;0;;;3492.42;1;1
760;0.2;52.7431;30.7;9.42824;40.1852;29.5;135;295.255;282.74;278;340;280;278;546.007;544.705;60;278.41;1;0;;;3491.66;1;1
761;0.2;53.151;30.7;9.48258;40.3906;29.5;135;295.255;282.776;278;340;280;278;546.007;544.849;60;278.398;1;0;;;3491.1;1;1
762;0.2;53.1887;30.7;9.52648;40.0839;29.5;135;295.153;282.755;278;340;280;278;546.007;544.849;60;278.387;1;0;;;3491.1;1;1
763;0.2;52.9514;30.7;9.46548;40.1852;29.5;135;295.544;282.972;278;340;280;278;546.007;544.705;60;278.377;1;0;;;3487.78;1;1
764;0.2;52.8472;30.7;9.40991;40.1852;29.5;131;295.067;282.762;278;340;280;278;546.007;544.705;60;278.366;1;0;;;3487.78;1;1
765;0.2;52.8443;30.7;9.44635;40.0839;29.5;131;295.92;282.979;278;340;280;278;545.862;544.705;60;278.353;1;0;;;3487.78;1;1
766;0.2;52.5492;30.7;9.4303;40.0839;29.5;130;296.007;282.986;278;340;280;278;545.862;544.705;60;278.336;1;0;;;3485.56;1;1
767;0.2;52.6389;30.7;9.42801;40.1852;29.5;128;296.05;282.979;278;340;280;278;545.862;544.705;60;278.318;1;0;;;3484.45;1;1
768;0.2;52.4363;30.7;9.42837;40.0839;29.5;135;296.716;282.986;278;340;280;278;546.007;544.849;60;278.306;1;0;;;3483.35;1;1
769;0.2;52.7459;30.7;9.42876;40.1881;29.5;135;296.644;282.986;278;340;280;278;546.007;544.849;60;278.294;1;0;;;3483.35;1;1
770;0.2;52.9485;30.7;9.50196;39.8785;29.5;132;296.557;282.986;278;340;280;278;546.152;544.849;60;278.283;1;0;;;3482.24;1;1
771;0.2;52.5521;30.7;9.35736;39.9826;29.5;132;296.788;282.979;278;340;280;278;546.007;544.849;60;278.271;1;0;;;3481.14;1;1
772;0.2;52.2338;30.7;9.35546;39.9797;29.5;128;296.889;282.964;278;340;280;278;546.007;544.994;60;278.26;1;0;;;3481.14;1;1
773;0.2;52.2367;30.7;9.3012;39.9826;29.5;125;297.005;282.95;278;340;280;278;546.007;544.849;60;278.245;1;0;;;3481.14;1;1
774;0.2;52.0457;30.7;9.28538;40.0839;29.5;123;297.844;282.95;278;340;280;278;546.007;544.849;60;278.228;1;0;;;3477.82;1;1
775;0.2;52.4161;30.7;9.35146;40.3877;29.6;124;297.801;282.943;278;340;280;278;546.007;544.849;60;278.214;1;0;;;3476.71;1;1
776;0.2;52.2367;30.7;9.33773;40.3877;29.6;126;297.714;282.943;278;340;280;278;546.007;544.849;60;278.201;1;0;;;3476.71;1;1
777;0.2;52.4392;30.7;9.33727;40.2865;29.6;123;297.844;282.957;278;340;280;278;545.862;544.849;60;278.189;1;0;;;3471.18;1;1
778;0.2;52.0833;30.7;9.32851;40.489;29.6;124;297.859;282.87;278;340;280;278;546.007;544.849;60;278.179;1;0;;;3470.08;1;1
779;0.2;52.1325;30.7;9.31911;40.3877;29.6;121;297.96;282.849;278;340;280;278;546.152;544.994;60;278.171;1;0;;;3470.08;1;1
780;0.2;52.6331;30.7;9.39017;40.1852;29.6;121;298.727;282.935;278;340;280;278;546.296;545.139;60;278.163;1;0;;;3467.87;1;1
781;0.2;52.5405;30.7;9.41039;40.081;29.6;116;298.756;282.928;278;340;280;278;546.296;545.139;60;278.151;1;0;;;3467.87;1;1
782;0.2;52.147;30.7;9.32169;40.2836;29.6;110;298.785;282.935;278;340;280;278;546.296;545.284;60;278.144;1;0;;;3467.87;1;1
783;0.2;52.5405;30.7;9.41039;40.3906;29.6;111;299.031;282.935;278;340;280;278;546.152;545.139;60;278.139;1;0;;;3466.77;1;1
784;0.2;52.5984;30.7;9.36561;40.081;29.6;113;298.915;282.928;278;340;280;278;546.152;545.139;60;278.133;1;0;;;3464.56;1;1
785;0.2;52.5405;30.7;9.37366;40.489;29.6;109;298.828;282.588;278;340;280;278;546.152;545.139;60;278.123;1;0;;;3464.56;1;1
786;0.2;52.6418;30.7;9.42853;40.489;29.6;105;298.886;282.588;278;340;280;278;546.152;544.994;60;278.116;1;0;;;3462.35;1;1
787;0.2;52.7431;30.7;9.37294;40.2865;29.7;109;299.002;282.588;278;340;280;278;546.296;544.994;60;278.109;1;0;;;3459.04;1;1
788;0.2;52.9485;30.7;9.46497;40.2865;29.7;113;299.783;282.588;278;340;280;278;546.152;544.994;60;278.101;1;0;;;3459.04;1;1
789;0.2;53.3218;30.7;9.51304;40.081;29.7;110;299.826;282.581;278;340;280;278;546.152;544.849;60;278.095;1;0;;;3459.04;1;1
790;0.2;53.0498;30.8;9.76908;40.1881;29.7;103;299.769;282.581;278;340;280;278;546.007;544.849;60;278.087;1;0;;;3459.04;1;1
791;0.2;52.6389;30.8;9.69342;40.489;29.7;103;299.667;282.595;278;340;280;278;546.152;544.849;60;278.08;1;0;;;3456.83;1;1
792;0.2;52.7431;30.8;9.74945;40.489;29.7;108;299.595;282.595;278;340;280;278;546.007;544.705;60;278.074;1;0;;;3456.83;1;1
793;0.2;52.9369;30.8;9.84079;40.2836;29.7;112;299.494;282.595;278;340;280;278;546.007;544.705;60;278.066;1;0;;;3454.63;1;1
794;0.2;52.9485;30.8;9.80595;40.2865;29.7;110;299.913;282.292;278;340;280;278;545.862;544.705;60;278.059;1;0;;;3454.63;1;1
795;0.2;52.9688;30.8;9.77267;40.4919;29.7;110;300.029;282.277;278;340;280;278;545.718;544.705;60;278.053;1;0;;;3454.63;1;1
796;0.2;52.6418;30.8;9.71234;40.4311;29.7;106;300.145;282.277;278;340;280;278;545.718;544.56;60;278.048;1;0;;;3454.63;1;1
797;0.2;52.3611;30.8;9.64227;40.4919;29.7;104;300.101;282.27;278;340;280;278;545.718;544.56;60;278.042;1;0;;;3453.52;1;1
798;0.2;52.4392;30.8;9.65665;40.4919;29.7;104;300;282.27;278;340;280;278;545.862;544.705;60;278.038;1;0;;;3452.42;1;1
799;0.2;52.1325;30.8;9.60017;40.3877;29.7;108;299.928;282.313;278;340;280;278;545.862;544.705;60;278.034;1;0;;;3451.32;1;1
800;0.2;52.2338;30.8;9.61882;40.3877;29.7;106;299.87;282.444;278;340;280;278;545.718;544.56;60;278.03;1;0;;;3448.01;1;1
801;0.2;52.5405;30.8;9.71201;40.2778;29.7;105;299.913;282.263;278;340;280;278;545.718;544.56;60;278.028;1;0;;;3446.91;1;1
802;0.2;52.338;30.8;9.71116;39.9797;29.7;106;300.014;282.263;278;340;280;278;545.718;544.56;60;278.016;1;0;;;3444.71;1;1
803;0.2;52.4479;30.8;9.71324;40.1244;29.7;110;300.13;282.263;278;340;280;278;545.718;544.56;60;278.003;1;0;;;3444.71;1;1
804;0.2;52.4392;30.8;9.69329;40.4919;29.7;111;299.986;282.487;278;340;280;278;545.718;544.56;60;277.991;1;0;;;3444.71;1;1
805;0.2;52.6418;30.8;9.69395;40.3877;29.7;112;299.884;282.487;278;340;280;278;545.718;544.56;60;277.984;1;0;;;3444.71;1;1
806;0.2;52.6389;30.8;9.74861;40.3877;29.7;116;299.826;282.082;278;340;280;278;545.718;544.56;60;277.974;1;0;;;3444.71;1;1
807;0.2;52.4392;30.9;10.0677;40.2836;29.7;120;299.913;282.075;278;340;280;278;545.718;544.56;60;277.962;1;0;;;3444.71;1;1
808;0.2;52.6389;30.9;10.0692;40.1997;29.7;119;300.029;282.075;278;340;280;278;545.573;544.56;60;277.943;1;0;;;3444.71;1;1
809;0.2;52.6418;30.9;10.0882;40.1852;29.7;118;300.101;282.075;278;340;280;278;545.718;544.416;60;277.927;1;0;;;3443.6;1;1
810;0.2;52.8443;30.9;10.1085;40.2836;29.8;122;300.029;282.075;278;340;280;278;545.573;544.416;60;277.913;1;0;;;3439.2;1;1
811;0.2;52.9485;30.9;10.1654;40.2865;29.8;127;299.942;282.082;278;340;280;278;545.573;544.416;60;277.9;1;0;;;3438.1;1;1
812;0.2;52.6418;30.9;10.0697;40.2865;29.8;126;300.304;282.082;278;340;280;278;545.573;544.416;60;277.889;1;0;;;3438.1;1;1
813;0.2;52.7344;30.9;10.0875;40.0839;29.8;126;300.289;282.082;278;340;280;278;545.573;544.416;60;277.875;1;0;;;3435.9;1;1
814;0.2;52.9485;30.9;10.1099;40.1852;29.8;121;300.246;282.082;278;340;280;278;545.573;544.416;60;277.865;1;0;;;3434.8;1;1
815;0.2;52.8472;30.9;10.0537;40.2865;29.8;122;300.333;282.075;278;340;280;278;545.573;544.416;60;277.848;1;0;"CUSN8       ";;3434.8;1;1
816;0.2;52.5405;30.9;10.0871;40.3877;29.8;121;300.362;282.075;278;340;280;278;545.718;544.416;60;277.831;1;0;;;3432.83;1;1
817;0.2;52.8443;30.9;10.127;40.489;29.8;126;300.521;281.72;278;340;280;278;545.718;544.56;60;277.819;1;0;;;3432.83;1;1
818;0.2;52.5376;30.9;10.0131;40.3964;29.8;141;300.477;281.713;278;340;280;278;545.718;544.56;60;277.808;1;0;;;3432.83;1;1
819;0.2;52.0284;30.9;9.95241;40.1852;29.8;146;300.304;281.713;278;340;280;278;545.862;544.705;60;277.796;1;0;;;3431.08;1;1
820;0.2;52.5405;30.9;10.0688;40.1823;29.8;147;300.231;281.713;278;340;280;278;545.862;544.705;60;277.785;1;0;;;3427.78;1;1
821;0.2;52.4421;30.9;9.99492;40.3848;29.8;148;300.883;281.72;278;340;280;278;545.862;544.705;60;277.777;1;0;;;3427.78;1;1
822;0.2;52.5405;30.9;10.0137;40.2865;29.8;148;300.94;281.713;278;340;280;278;545.862;544.705;60;277.78;1;0;;;3426.68;1;1
823;0.2;52.5405;30.9;10.0137;40.2865;29.8;143;301.056;281.727;278;340;280;278;545.862;544.705;60;277.782;1;0;;;3423.38;1;1
824;0.2;52.4797;30.9;10.0021;40.0839;29.8;141;301.157;281.727;278;340;280;278;545.862;544.849;60;277.785;1;0;;;3423.38;1;1
825;0.2;52.6186;30.9;10.0286;40.1852;29.8;142;301.1;281.735;278;340;280;278;545.862;544.705;60;277.789;1;0;;;3423.38;1;1
826;0.2;52.636;30.9;10.0503;40.3877;29.8;142;300.984;281.735;278;340;280;278;545.862;544.705;60;277.801;1;0;;;3421.91;1;1
827;0.2;52.7344;30.9;10.0138;40.2778;29.8;141;300.883;281.742;278;340;280;278;545.862;544.849;60;277.812;1;0;;;3420.81;1;1
828;0.2;53.0498;30.9;10.1478;40.1823;29.8;142;301.331;281.756;278;340;280;278;545.862;544.705;60;277.834;1;0;;;3420.81;1;1
829;0.2;53.1453;31;10.4897;40.3906;29.9;139;301.403;281.735;278;340;280;278;545.862;544.705;60;277.853;1;0;;;3420.81;1;1
830;0.2;52.6562;31;10.3564;40.489;29.9;133;301.49;281.742;278;340;280;278;545.718;544.56;60;277.873;1;0;;;3419.72;1;1
831;0.2;52.5405;31;10.3887;40.2865;29.9;130;301.548;281.742;278;340;280;278;545.573;544.416;60;277.888;1;0;;;3418.62;1;1
832;0.2;52.1846;31;10.2272;40.2865;29.9;126;302.156;281.742;278;340;280;278;545.718;544.416;60;277.903;1;0;;;3417.52;1;1
833;0.2;52.1354;31;10.2358;40.2894;29.9;121;302.083;281.742;278;340;280;278;545.718;544.56;60;277.92;1;0;;;3414.22;1;1
834;0.2;52.5405;31;10.3153;40.2865;29.9;109;301.968;281.749;278;340;280;278;545.718;544.416;60;277.931;1;0;;;3414.22;1;1
835;0.2;52.6765;31;10.342;40.1852;29.9;100;301.895;281.727;278;340;280;278;545.718;544.416;60;277.94;1;0;;;3414.22;1;1
836;0.2;52.6418;31;10.4088;40.1852;29.9;96;302.416;281.749;278;340;280;278;545.718;544.56;60;277.944;1;0;;;3412.03;1;1
837;0.2;52.5405;31;10.3153;40.3877;29.9;90;302.431;281.742;278;340;280;278;545.573;544.56;60;277.947;1;0;;;3412.03;1;1
838;0.2;52.7546;31;10.3758;40.0839;29.9;83;302.561;281.756;278;340;280;278;545.718;544.56;60;277.947;1;0;;;3412.03;1;1
839;0.2;52.827;31;10.4269;40.1071;29.9;78;302.648;281.742;278;340;280;278;545.718;544.56;60;277.947;1;0;;;3410.93;1;1
840;0.2;52.6447;31;10.3726;40.3877;29.9;73;302.604;281.764;278;340;280;278;545.862;544.705;60;277.942;1;0;;;3409.83;1;1
841;0.2;52.61;31;10.3841;40.3877;29.9;69;302.373;281.742;278;340;280;278;545.862;544.705;60;277.935;1;0;;;3409.83;1;1
842;0.2;52.5984;31;10.4002;40.1852;29.9;73;302.257;281.727;278;340;280;278;545.718;544.56;60;277.924;1;0;;;3409.25;1;1
843;0.2;52.7431;31;10.4104;40.3877;30;66;302.286;281.706;278;340;280;278;545.718;544.705;60;277.911;1;0;;;3404.04;1;1
844;0.2;52.5405;31.1;10.7271;40.57;30;64;302.358;281.706;278;340;280;278;545.718;544.705;60;277.898;1;0;;;3402.95;1;1
845;0.2;52.6331;31.1;10.746;40.2865;30;63;302.387;281.568;278;340;280;278;545.862;544.56;60;277.882;1;0;;;3402.95;1;1
846;0.2;52.827;31.1;10.7487;40.2807;30;69;302.156;281.568;278;340;280;278;545.862;544.705;60;277.867;1;0;;;3402.95;1;1
847;0.2;52.8183;31.1;10.7469;40.2865;30;74;302.156;281.561;278;340;280;278;546.007;544.705;60;277.853;1;0;;;3402.95;1;1
848;0.2;52.6157;31.1;10.6689;40.2894;30;78;302.054;281.554;278;340;280;278;546.007;544.705;60;277.842;1;0;;;3402.95;1;1
849;0.2;52.6418;31.1;10.7478;40.2865;30;83;301.91;281.554;278;340;280;278;545.862;544.705;60;277.826;1;0;;;3400.75;1;1
850;0.2;52.7749;31.1;10.7565;40.489;30;87;301.114;281.554;278;340;280;278;546.007;544.705;60;277.814;1;0;;;3399.66;1;1
851;0.2;52.9485;31.1;10.7549;40.3877;30;86;301.23;281.554;278;340;280;278;545.862;544.705;60;277.803;1;0;;;3399.66;1;1
852;0.2;52.7459;31.1;10.7875;40.1852;29.9;96;301.331;281.547;278;340;280;278;546.007;544.705;60;277.792;1;0;;;3399.66;1;1
853;0.2;52.4392;31.1;10.7064;40.3877;29.9;107;301.476;281.547;278;340;280;278;545.862;544.705;60;277.785;1;0;"CUSN8       ";;3397.02;1;1
854;0.2;52.1354;31.1;10.6444;40.2025;29.9;109;301.461;281.539;278;340;280;278;546.007;544.705;60;277.783;1;0;;;3397.02;1;1
855;0.2;52.338;31.1;10.6675;40.3877;29.9;108;301.461;281.539;278;340;280;278;546.007;544.849;60;277.782;1;0;;;3395.93;1;1
856;0.2;52.338;31.1;10.6675;40.3877;29.9;117;300.998;281.539;278;340;280;278;546.152;545.139;60;277.776;1;0;"CUSN8       ";;3393.22;1;1
857;0.2;52.4392;31.1;10.7248;40.1852;29.9;119;300.911;281.539;278;340;280;278;546.152;544.994;60;277.774;1;0;;;3392.12;1;1
858;0.2;52.2338;31.1;10.6827;40.1852;29.9;131;300.883;281.547;278;340;280;278;546.152;544.994;60;277.78;1;0;;;3392.12;1;1
859;0.2;52.338;31.1;10.7041;40.2951;29.9;135;301.1;281.561;278;340;280;278;546.007;544.994;60;277.782;1;0;;;3389.93;1;1
860;0.2;52.4566;31.1;10.7283;40.489;29.9;136;301.114;281.547;278;340;280;278;546.007;544.849;60;277.779;1;0;;;3389.93;1;1
861;0.2;52.3351;31.1;10.6852;40.2865;29.9;139;301.157;281.539;278;340;280;278;546.007;544.994;60;277.774;1;0;;;3389.93;1;1
862;0.2;52.6389;31.1;10.8024;40.3877;29.9;143;301.056;281.539;278;340;280;278;546.007;544.994;60;277.772;1;0;;;3388.84;1;1
863;0.2;52.2338;31.1;10.701;40.3877;29.9;142;300.984;281.539;278;340;280;278;546.007;544.849;60;277.769;1;0;;;3386.65;1;1
864;0.2;52.1296;31.1;10.6797;40.2749;29.9;142;300.897;281.547;278;340;280;278;546.007;544.849;60;277.763;1;0;;;3385.55;1;1
865;0.2;52.338;31.1;10.6857;40.2865;29.9;142;301.157;281.568;278;340;280;278;546.007;544.849;60;277.756;1;0;;;3383.37;1;1
866;0.2;52.5;31.1;10.7372;40.3906;29.9;142;301.606;281.872;278;340;280;278;545.862;544.849;60;277.749;1;0;;;3380.09;1;1
867;0.2;52.6447;31.1;10.7852;40.489;29.9;131;301.736;281.901;278;340;280;278;546.007;544.849;60;277.744;1;0;;;3380.09;1;1
868;0.2;52.4363;31.1;10.8158;40.489;29.9;125;301.78;281.879;278;340;280;278;545.862;544.705;60;277.734;1;0;;;3380.09;1;1
869;0.2;52.5405;31.1;10.7638;40.5903;29.9;132;301.403;281.684;278;340;280;278;546.007;544.705;60;277.725;1;0;;;3380.09;1;1
870;0.2;52.9485;31.1;10.8659;40.3877;29.9;135;301.78;281.908;278;340;280;278;546.007;544.849;60;277.71;1;0;;;3380.09;1;1
871;0.2;52.908;31.1;10.8761;40.0839;29.9;135;302.083;281.901;278;340;280;278;546.007;544.849;60;277.698;1;0;;;3380.09;1;1
872;0.2;52.5405;31.1;10.7638;40.2865;29.9;141;301.895;281.908;278;340;280;278;546.152;544.849;60;277.684;1;0;;;3380.09;1;1
873;0.2;52.5405;31.1;10.8005;40.1852;29.9;135;301.881;281.916;278;340;280;278;546.007;544.849;60;277.675;1;0;;;3377.9;1;1
874;0.2;52.419;31.1;10.7756;40.3877;29.9;133;302.083;281.923;278;340;280;278;546.007;544.849;60;277.666;1;0;;;3376.81;1;1
875;0.2;52.338;31.1;10.7955;40.489;29.9;133;302.127;281.916;278;340;280;278;546.007;544.849;60;277.664;1;0;;;3376.81;1;1
876;0.2;52.3351;31.1;10.7217;40.3675;29.9;135;302.127;281.916;278;340;280;278;545.862;544.849;60;277.663;1;0;;;3374.62;1;1
877;0.2;52.4421;31.1;10.7986;40.2865;29.9;135;302.763;281.916;278;340;280;278;546.007;544.849;60;277.661;1;0;;;3373.53;1;1
878;0.2;52.1354;31.2;11.0894;40.0839;29.9;135;302.677;281.923;278;340;280;278;546.007;544.849;60;277.662;1;0;;;3372.43;1;1
879;0.2;52.4421;31.2;11.1364;40.0839;29.9;128;302.185;281.691;278;340;280;278;546.007;544.705;60;277.668;1;0;;;3370.37;1;1
880;0.2;52.5405;31.2;11.1573;40.0839;29.9;132;302.677;281.916;278;340;280;278;546.007;544.705;60;277.67;1;0;;;3370.37;1;1
881;0.2;52.4363;31.2;11.1168;40.2894;29.9;135;302.373;281.698;278;340;280;278;545.862;544.705;60;277.667;1;0;;;3370.37;1;1
882;0.2;52.1325;31.2;11.1253;40.1852;29.9;133;303.212;281.677;278;340;280;278;546.007;544.705;60;277.669;1;0;;;3367.87;1;1
883;0.2;52.4884;31.2;11.1645;40.2865;29.9;122;303.111;281.677;278;340;280;278;546.007;544.849;60;277.669;1;0;"CUSN8       ";;3366.78;1;1
884;0.2;52.5405;31.2;11.2123;40.3877;29.9;122;303.009;281.684;278;340;280;278;546.007;544.994;60;277.664;1;0;;;3365.69;1;1
885;0.2;52.9485;31.2;11.2624;40.489;29.9;122;302.966;281.944;278;340;280;278;546.007;544.994;60;277.662;1;0;;;3365.69;1;1
886;0.2;53.0498;31.2;11.321;40.489;29.9;114;303.024;281.67;278;340;280;278;546.152;544.994;60;277.66;1;0;;;3363.66;1;1
887;0.2;53.0671;31.2;11.3247;40.489;29.9;115;303.139;281.677;278;340;280;278;546.296;545.139;60;277.654;1;0;;;3361.48;1;1
888;0.2;52.7459;31.2;11.2562;40.3877;29.9;119;303.443;281.67;278;340;280;278;546.296;545.139;60;277.648;1;0;;;3360.39;1;1
889;0.2;52.6939;31.2;11.2266;40.5932;29.9;119;303.385;281.684;278;340;280;278;546.296;545.139;60;277.648;1;0;;;3356.44;1;1
890;0.2;52.5405;31.2;11.2307;40.6916;29.9;105;303.313;281.684;278;340;280;278;546.296;545.139;60;277.646;1;0;;;3355.35;1;1
891;0.2;52.8472;31.2;11.2778;40.6944;29.9;104;303.733;281.944;278;340;280;278;546.152;544.994;60;277.646;1;0;;;3355.35;1;1
892;0.2;52.6505;31.2;11.2358;40.6973;29.9;106;303.154;281.952;278;340;280;278;546.152;545.139;60;277.647;1;0;;;3355.35;1;1
893;0.2;52.4392;31.2;11.2457;40.7957;29.9;100;303.791;281.952;278;340;280;278;546.152;544.994;60;277.647;1;0;;;3354.26;1;1
894;0.2;52.338;31.2;11.2057;40.6684;29.9;97;303.892;281.959;278;340;280;278;546.296;545.139;60;277.65;1;0;;;3353.17;1;1
895;0.2;52.2338;31.2;11.1469;40.7986;29.9;100;303.979;281.944;278;340;280;278;546.152;545.139;60;277.65;1;0;;;3352.08;1;1
896;0.2;52.4334;31.2;11.1895;40.5903;30;112;303.964;281.952;278;340;280;278;546.152;544.994;60;277.658;1;0;;;3352.08;1;1
897;0.2;52.6389;31.3;11.5723;40.3877;30;118;303.892;281.966;278;340;280;278;546.007;544.994;60;277.666;1;0;;;3350.99;1;1
898;0.2;52.5405;31.3;11.5323;40.2865;29.9;114;303.805;281.966;278;340;280;278;545.862;544.705;60;277.67;1;0;;;3349.9;1;1
899;0.2;52.9514;31.3;11.678;40.2922;29.9;115;303.733;281.959;278;340;280;278;545.862;544.705;60;277.676;1;0;;;3346.33;1;1
900;0.2;52.8414;31.3;11.6168;40.1852;29.9;118;303.733;281.944;278;340;280;278;545.718;544.705;60;277.678;1;0;;;3346.33;1;1
901;0.2;52.5405;31.3;11.5874;40.1852;29.9;105;303.805;281.937;278;340;280;278;545.718;544.56;60;277.682;1;0;;;3346.33;1;1
902;0.2;52.8472;31.3;11.692;40.2865;29.9;107;303.892;281.937;278;340;280;278;545.573;544.416;60;277.688;1;0;;;3345.24;1;1
903;0.2;52.9485;31.3;11.6589;40.3877;29.9;111;303.979;281.944;278;340;280;278;545.718;544.56;60;277.689;1;0;;;3344.56;1;1
904;0.2;52.5405;31.3;11.6058;40.2865;29.9;112;303.935;281.952;278;340;280;278;545.718;544.416;60;277.69;1;0;;;3344.56;1;1
905;0.2;52.5405;31.3;11.6058;40.3877;29.9;112;303.053;281.959;278;340;280;278;545.718;544.56;60;277.691;1;0;;;3344.56;1;1
906;0.2;52.9369;31.3;11.6748;40.463;29.9;109;302.951;281.959;278;340;280;278;545.862;544.56;60;277.692;1;0;;;3343.48;1;1
907;0.2;52.7865;31.3;11.6601;40.2865;29.9;113;302.966;281.966;278;340;280;278;545.862;544.705;60;277.692;1;0;;;3342.39;1;1
908;0.2;52.5608;31.3;11.6102;40.1852;29.9;116;303.038;281.72;278;340;280;278;545.862;544.705;60;277.693;1;0;;;3341.75;1;1
909;0.2;52.8472;31.3;11.6181;40.2865;29.9;112;303.183;281.966;278;340;280;278;546.007;544.849;60;277.694;1;0;"CUSN8       ";;3338.48;1;1
910;0.2;52.8472;31.3;11.6551;40.2865;29.9;110;303.183;281.966;278;340;280;278;546.007;544.849;60;277.695;1;0;;;3335.66;1;1
911;0.2;52.7431;31.3;11.6321;40.489;29.9;114;303.096;281.966;278;340;280;278;546.007;544.849;60;277.695;1;0;;;3334.57;1;1
912;0.2;52.2367;31.3;11.5204;40.7784;29.9;113;302.98;281.973;278;340;280;278;546.007;544.705;60;277.695;1;0;;;3332.4;1;1
913;0.2;52.338;31.3;11.561;40.7957;29.9;111;302.937;281.966;278;340;280;278;545.862;544.705;60;277.701;1;0;;;3331.31;1;1
914;0.2;52.2338;31.3;11.5745;40.5903;29.9;111;303.053;281.576;278;340;280;278;545.862;544.705;60;277.704;1;0;;;3331.31;1;1
915;0.2;52.2598;31.3;11.5985;40.3877;29.9;114;303.183;281.568;278;340;280;278;545.862;544.849;60;277.713;1;0;;;3331.31;1;1
916;0.2;52.2338;31.3;11.5563;40.489;29.9;113;303.197;281.576;278;340;280;278;546.007;544.705;60;277.719;1;0;;;3330.29;1;1
917;0.2;52.6447;31.3;11.6288;40.489;29.9;112;303.082;281.554;278;340;280;278;545.862;544.705;60;277.729;1;0;;;3330.29;1;1
918;0.2;52.5868;31.3;11.5976;40.3877;29.9;110;302.98;281.554;278;340;280;278;546.007;544.849;60;277.737;1;0;;;3330.29;1;1
919;0.2;52.3698;31.3;11.5314;40.2865;29.9;107;302.922;281.583;278;340;280;278;546.007;544.705;60;277.744;1;0;;;3329.21;1;1
920;0.2;52.5405;31.3;11.5874;40.0839;29.9;107;303.009;281.583;278;340;280;278;545.862;544.705;60;277.751;1;0;;;3328.12;1;1
921;0.2;52.8357;31.3;11.6525;40.191;29.9;107;303.154;281.554;278;340;280;278;545.862;544.705;60;277.756;1;0;;;3327.03;1;1
922;0.2;52.7373;31.3;11.6677;40.3877;29.9;107;303.212;281.554;278;340;280;278;545.862;544.705;60;277.762;1;0;;;3325.95;1;1
923;0.2;52.7431;31.3;11.6321;40.3877;29.9;101;303.139;281.576;278;340;280;278;545.862;544.705;60;277.772;1;0;;;3325.95;1;1
924;0.2;52.9456;31.3;11.7137;40.2865;29.9;98;303.067;281.576;278;340;280;278;545.718;544.56;60;277.783;1;0;;;3325.95;1;1
925;0.2;52.5405;31.3;11.569;40.2199;29.9;101;302.734;281.576;278;340;280;278;545.718;544.56;60;277.796;1;0;;;3323.34;1;1
926;0.2;52.4653;31.3;11.6258;40.2865;29.9;101;302.705;281.561;278;340;280;278;545.862;544.56;60;277.809;1;0;;;3323.34;1;1
927;0.2;52.5434;31.3;11.5513;40.3819;29.9;104;302.734;281.561;278;340;280;278;545.718;544.56;60;277.824;1;0;;;3323.34;1;1
928;0.2;52.6418;31.3;11.6281;40.3877;29.9;105;302.85;281.576;278;340;280;278;545.718;544.56;60;277.837;1;0;;;3323.34;1;1
929;0.2;52.8443;31.3;11.6913;40.489;29.9;105;302.937;281.568;278;340;280;278;545.718;544.56;60;277.856;1;0;;;3322.26;1;1
930;0.2;52.7431;31.3;11.6505;40.4745;29.9;100;302.98;281.554;278;340;280;278;545.862;544.56;60;277.871;1;0;;;3321.17;1;1
931;0.2;52.8472;31.3;11.7289;40.489;29.9;96;302.532;281.539;278;340;280;278;545.862;544.705;60;277.885;1;0;;;3321.17;1;1
932;0.2;52.8935;31.3;11.7022;40.3877;29.9;94;302.792;281.576;278;340;280;278;545.862;544.56;60;277.898;1;0;;;3314.94;1;1
933;0.2;52.8038;31.3;11.627;40.1852;29.9;92;302.705;281.576;278;340;280;278;545.862;544.705;60;277.91;1;0;;;3312.77;1;1
934;0.2;52.7546;31.3;11.6531;40.3877;29.9;90;302.459;281.59;278;340;280;278;545.718;544.705;60;277.921;1;0;;;3311.69;1;1
935;0.2;52.7112;31.3;11.7171;40.489;29.9;84;302.532;281.539;278;340;280;278;545.862;544.705;60;277.933;1;0;;;3307.35;1;1
936;0.2;52.4392;31.3;11.6017;40.1852;29.9;80;302.546;281.532;278;340;280;278;545.718;544.56;60;277.944;1;0;;;3307.35;1;1
937;0.2;52.2714;31.3;11.5646;40.2865;29.9;80;302.561;281.59;278;340;280;278;545.862;544.705;60;277.953;1;0;;;3307.35;1;1
938;0.2;52.3351;31.3;11.6152;40.1852;29.9;74;302.517;281.59;278;340;280;278;545.862;544.705;60;277.968;1;0;;;3307.35;1;1
939;0.2;52.6418;31.3;11.6649;40.1823;29.9;66;302.083;281.597;278;340;280;278;545.862;544.705;60;277.975;1;0;;;3307.35;1;1
940;0.2;52.4392;31.3;11.5651;40.0666;29.9;67;301.982;281.547;278;340;280;278;545.718;544.705;60;277.986;1;0;;;3307.35;1;1
941;0.2;52.5405;31.3;11.6792;40.0839;29.9;75;301.881;281.547;278;340;280;278;545.573;544.56;60;277.994;1;0;;;3307.35;1;1
942;0.2;52.8472;31.3;11.7104;39.9826;29.9;76;301.997;281.583;278;340;280;278;545.718;544.56;60;277.997;1;0;;;3304.65;1;1
943;0.2;52.7431;31.3;11.7058;39.8785;29.9;75;302.112;281.583;278;340;280;278;545.718;544.56;60;278;1;0;;;3303.57;1;1
944;0.2;52.6418;31.3;11.6833;39.9826;29.9;71;301.765;281.539;278;340;280;278;545.718;544.56;60;278.006;1;0;;;3301.4;1;1
945;0.2;52.6418;31.3;11.6465;40.0839;29.9;73;301.62;281.539;278;340;280;278;545.718;544.56;60;278.006;1;0;;;3299.23;1;1
946;0.2;52.6418;31.3;11.6465;40.0839;29.8;77;301.548;281.59;278;340;280;278;545.718;544.56;60;278.012;1;0;;;3298.15;1;1
947;0.2;52.5405;31.3;11.6058;40.0839;29.8;75;301.476;281.59;278;340;280;278;545.718;544.705;60;278.011;1;0;;;3298.15;1;1
948;0.2;52.4392;31.3;11.6384;39.9826;29.8;74;300.897;281.59;278;340;280;278;545.718;544.705;60;278.016;1;0;;;3298.15;1;1
949;0.2;52.2338;31.3;11.5745;40.0839;29.8;77;301.013;281.583;278;340;280;278;545.718;544.705;60;278.016;1;0;;;3298.15;1;1
950;0.2;52.7431;31.3;11.6505;40.2865;29.8;82;301.114;281.539;278;340;280;278;545.862;544.705;60;278.018;1;0;;;3298.15;1;1
951;0.2;52.5376;31.3;11.6051;40.3877;29.8;82;301.143;281.568;278;340;280;278;545.862;544.705;60;278.017;1;0;;;3298.15;1;1
952;0.2;52.5405;31.2;11.2858;40.3009;29.8;83;300.752;281.583;278;340;280;278;545.718;544.56;60;278.015;1;0;;;3298.15;1;1
953;0.2;52.7141;31.2;11.3415;40.3877;29.8;84;300.68;281.547;278;340;280;278;545.573;544.705;60;278.014;1;0;;;3298.15;1;1
954;0.2;52.4219;31.2;11.2786;40.3877;29.8;87;300.506;281.547;278;340;280;278;545.718;544.56;60;278.012;1;0;;;3297.07;1;1
955;0.2;51.9589;31.2;11.1245;40.1852;29.8;91;300.463;281.547;278;340;280;278;545.718;544.705;60;278.006;1;0;;;3293.17;1;1
956;0.2;51.8287;31.2;11.0967;40.0637;29.8;92;300.434;281.576;278;340;280;278;545.718;544.705;60;277.999;1;0;;;3292.08;1;1
957;0.2;51.9329;31.2;11.119;40.2865;29.8;95;300.694;281.583;278;340;280;278;545.862;544.705;60;277.988;1;0;;;3291;1;1
958;0.2;51.93;31.2;11.1183;40.2286;29.8;98;300.101;281.539;278;340;280;278;545.718;544.705;60;277.981;1;0;;;3288.84;1;1
959;0.2;52.4392;31.2;11.2823;40.1852;29.8;103;300.101;281.547;278;340;280;278;545.718;544.56;60;277.971;1;0;;;3287.76;1;1
960;0.2;52.6534;31.2;11.2916;40.2865;29.8;110;300.029;281.59;278;340;280;278;545.573;544.56;60;277.96;1;0;;;3287.76;1;1
961;0.2;52.5434;31.2;11.2497;40.2865;29.8;113;300.014;281.59;278;340;280;278;545.573;544.416;60;277.954;1;0;;;3287.38;1;1
962;0.2;52.4392;31.2;11.264;40.1852;29.8;115;299.841;281.547;278;340;280;278;545.718;544.416;60;277.947;1;0;;;3286.3;1;1
963;0.2;52.1296;31.2;11.1611;40.0839;29.8;116;299.826;281.547;278;340;280;278;545.718;544.416;60;277.942;1;0;;;3286.3;1;1
964;0.2;52.0312;31.2;11.14;40.2025;29.8;123;299.942;281.583;278;340;280;278;545.718;544.416;60;277.937;1;0;;;3285.22;1;1
965;0.2;52.0312;31.2;11.1764;40.2894;29.8;125;300.116;281.568;278;340;280;278;545.573;544.56;60;277.93;1;0;;;3285.22;1;1
966;0.2;52.2367;31.2;11.2388;40.3877;29.8;124;300.174;281.583;278;340;280;278;545.718;544.56;60;277.927;1;0;;;3283.06;1;1
967;0.2;52.6389;31.2;11.2885;40.2836;29.8;126;300.101;281.547;278;340;280;278;545.718;544.56;60;277.924;1;0;;;3281.98;1;1
968;0.2;52.1209;31.2;11.2139;40.0868;29.8;131;299.913;281.547;278;340;280;278;545.573;544.416;60;277.918;1;0;;;3278.74;1;1
969;0.2;51.93;31.2;11.1546;39.9826;29.8;134;299.855;281.576;278;340;280;278;545.718;544.416;60;277.916;1;0;;;3277.66;1;1
970;0.2;51.93;31.2;11.1365;39.89;29.8;133;299.928;281.568;278;340;280;278;545.718;544.56;60;277.914;1;0;;;3277.66;1;1
971;0.2;52.2367;31.1;10.8658;40.0579;29.8;133;300.043;281.561;278;340;280;278;545.718;544.56;60;277.912;1;0;;;3276.57;1;1
972;0.2;52.3611;31.1;10.8917;40.1852;29.8;136;300.13;281.568;278;340;280;278;545.718;544.705;60;277.906;1;0;;;3276.57;1;1
973;0.2;52.4392;31.1;10.9446;40.1852;29.8;136;300.116;281.568;278;340;280;278;545.862;544.56;60;277.901;1;0;;;3276.57;1;1
974;0.2;52.3872;31.1;10.8971;39.8785;29.8;138;300.579;281.576;278;340;280;278;545.718;544.56;60;277.9;1;0;;;3276.57;1;1
975;0.2;52.066;31.1;10.8122;39.9797;29.8;135;300.492;281.576;278;340;280;278;545.718;544.56;60;277.897;1;0;;;3276.57;1;1
976;0.2;52.4421;31.1;10.9269;40.0984;29.8;134;300.506;281.576;278;340;280;278;545.718;544.416;60;277.888;1;0;;;3276.57;1;1
977;0.2;52.4392;31.1;10.8897;40.1852;29.8;129;300.362;281.568;278;340;280;278;545.573;544.416;60;277.884;1;0;;;3272.25;1;1
978;0.2;52.338;31.1;10.9052;40.3877;29.8;125;300.42;281.568;278;340;280;278;545.718;544.56;60;277.88;1;0;;;3270.19;1;1
979;0.2;52.5405;31.1;10.929;40.2286;29.8;127;300.492;281.568;278;340;280;278;545.718;544.416;60;277.871;1;0;;;3270.19;1;1
980;0.2;52.7431;31.1;10.9712;40.0897;29.8;135;301.056;281.561;278;340;280;278;545.573;544.416;60;277.863;1;0;;;3268.03;1;1
981;0.2;52.1325;31.1;10.8442;39.9797;29.8;133;301.157;281.568;278;340;280;278;545.718;544.56;60;277.856;1;0;;;3265.87;1;1
982;0.2;52.0312;31.1;10.8413;40.1852;29.8;124;301.114;281.576;278;340;280;278;545.718;544.56;60;277.847;1;0;;;3264.79;1;1
983;0.2;51.8287;31.1;10.7629;40.2865;29.8;127;300.969;281.547;278;340;280;278;545.718;544.56;60;277.842;1;0;;;3264.79;1;1
984;0.2;52.2193;31.1;10.8805;40.3877;29.8;128;301.215;281.539;278;340;280;278;545.718;544.56;60;277.837;1;0;;;3264.79;1;1
985;0.2;52.2367;31.1;10.8841;40.5613;29.8;122;301.432;281.568;278;340;280;278;545.718;544.56;60;277.83;1;0;;;3264.79;1;1
986;0.2;52.4392;31.1;10.8897;40.4919;29.8;113;301.259;281.547;278;340;280;278;545.862;544.56;60;277.824;1;0;;;3263.72;1;1
987;0.2;52.7459;31.1;10.9718;40.1852;29.8;115;301.403;281.547;278;340;280;278;545.573;544.416;60;277.822;1;0;"CUSN8       ";;3261.53;1;1
988;0.2;52.5405;31.1;10.8923;40.2836;29.8;123;301.447;281.547;278;340;280;278;545.718;544.56;60;277.814;1;0;;;3260.45;1;1
989;0.2;52.6447;31.1;10.9139;40.1186;29.8;126;302.127;281.547;278;340;280;278;545.718;544.56;60;277.812;1;0;;;3259.37;1;1
990;0.2;52.5752;31.1;10.9179;40.1823;29.8;120;302.011;281.547;278;340;280;278;545.718;544.56;60;277.802;1;0;;;3257.22;1;1
991;0.2;52.338;31.1;10.8503;40.2865;29.8;115;302.011;281.85;278;340;280;278;545.718;544.416;60;277.799;1;0;;;3255.58;1;1
992;0.2;52.338;31.1;10.832;40.2865;29.8;113;301.852;281.698;278;340;280;278;545.718;544.416;60;277.795;1;0;;;3255.58;1;1
993;0.2;52.6418;31.1;10.8765;40.1852;29.8;113;302.011;281.684;278;340;280;278;545.718;544.56;60;277.784;1;0;;;3255.58;1;1
994;0.2;52.4392;31.1;10.8713;39.9797;29.8;113;302.069;281.547;278;340;280;278;545.573;544.56;60;277.773;1;0;;;3255.58;1;1
995;0.2;52.4392;31.1;10.853;39.8785;29.8;118;302.141;281.547;278;340;280;278;545.573;544.416;60;277.765;1;0;;;3255.58;1;1
996;0.2;52.3293;31.1;10.8302;40.0839;29.8;118;302.373;281.547;278;340;280;278;545.573;544.416;60;277.758;1;0;;;3255.58;1;1
997;0.2;52.1065;31.2;11.1379;40.489;29.8;119;302.3;281.698;278;340;280;278;545.428;544.271;60;277.751;1;0;;;3254.51;1;1
998;0.2;52.0544;31.2;11.145;40.3877;29.8;120;302.214;281.547;278;340;280;278;545.428;544.271;60;277.745;1;0;;;3253.43;1;1
999;0.2;51.93;31.2;11.1183;40.3877;29.8;120;302.242;281.713;278;340;280;278;545.428;544.416;60;277.74;1;0;;;3253.43;1;1
1000;0.2;51.6609;31.2;11.0607;40.1852;29.8;119;302.402;281.539;278;340;280;278;545.428;544.271;60;277.741;1;0;;;3251.28;1;1
1001;0.2;51.93;31.2;11.0639;40.1852;29.8;113;302.488;281.539;279;340;280;278;545.284;544.271;60;277.739;1;0;;;3250.2;1;1
1002;0.2;52.0341;31.2;11.0679;40.1852;29.8;140;302.59;281.539;279;340;280;278;545.284;544.126;60;277.74;1;0;;;3246.97;1;1
1003;0.2;52.4392;31.2;11.2274;40.0839;29.8;214;302.532;281.735;279;340;280;278;545.428;544.416;60;277.745;1;0;;;3243.74;1;1
1004;0.2;52.5723;31.2;11.2007;40.0839;29.8;305;302.459;281.756;279;340;280;278;545.428;544.271;60;277.746;1;0;;;3242.66;1;1
1005;0.2;52.0312;31.2;11.1218;40.0839;29.8;393;302.387;281.547;279;340;280;278;545.573;544.416;60;277.749;1;0;;;3242.66;1;1
1006;0.2;51.8663;31.2;11.0684;40.3328;29.8;434;302.315;281.547;279;340;280;278;545.573;544.416;60;277.755;1;0;;;3242.66;1;1
1007;0.2;51.8461;31.2;11.0641;40.4919;29.9;437;302.951;281.547;279;340;280;278;545.573;544.416;60;277.76;1;0;;;3242.66;1;1
1008;0.2;52.0312;31.2;11.1218;40.6944;29.9;435;303.487;281.756;279;340;280;278;545.573;544.416;60;277.764;1;0;;;3242.66;1;1
1009;0.2;51.6204;31.2;10.9979;40.5932;29.8;419;304.123;281.749;279;340;280;278;545.573;544.416;60;277.769;1;0;;;3242.66;1;1
1010;0.2;51.7274;31.2;11.0207;40.489;29.9;410;304.615;281.735;279;340;280;278;545.718;544.56;60;277.772;1;0;"CUSN8       ";;3241.49;1;1
1011;0.2;52.1325;31.2;11.0888;40.1939;29.9;393;305.179;281.735;279;340;280;278;545.718;544.705;60;277.776;1;0;;;3239.34;1;1
1012;0.2;52.2483;31.2;11.0952;40.2865;29.9;375;306.076;281.727;279;340;280;278;545.862;544.705;60;277.773;1;0;;;3237.44;1;1
1013;0.2;52.1933;31.2;11.1565;40.0839;29.9;349;306.51;281.727;279;340;280;278;545.862;544.705;60;277.77;1;0;;;3235.01;1;1
1014;0.2;52.4363;31.2;11.1901;39.8785;29.9;333;307.407;281.735;279;340;280;278;545.862;544.705;60;277.765;1;0;;;3235.01;1;1
1015;0.2;52.3351;31.2;11.1502;40.0839;29.9;307;308.073;281.735;279;340;280;278;545.718;544.705;60;277.759;1;0;;;3235.01;1;1
1016;0.2;52.338;31.2;11.1874;40.1852;29.9;286;309.332;281.749;279;340;280;278;545.862;544.56;60;277.757;1;0;;;3232.86;1;1
1017;0.2;52.6418;31.2;11.2523;40.1389;29.9;258;310.315;281.749;279;340;280;278;545.862;544.705;60;277.754;1;0;;;3232.86;1;1
1018;0.2;52.4392;31.2;11.1724;40.2865;29.9;240;311.27;281.785;279;340;280;278;545.862;544.705;60;277.753;1;0;;;3232.86;1;1
1019;0.2;52.6418;31.3;11.5546;40.1852;30;222;311.733;281.756;279;340;280;278;545.718;544.56;60;277.752;1;0;;;3232.86;1;1
1020;0.2;52.5376;31.3;11.5684;40.1852;30;193;312.326;281.756;279;340;280;278;545.573;544.56;60;277.752;1;0;;;3232.86;1;1
1021;0.2;52.4392;31.3;11.4918;40.1852;30;174;312.862;281.785;279;340;280;278;545.718;544.416;60;277.747;1;0;;;3232.86;1;1
1022;0.2;52.4392;31.3;11.4368;40.1823;30.1;159;313.643;281.793;279;340;280;278;545.718;544.416;60;277.748;1;0;;;3231.79;1;1
1023;0.2;52.2367;31.4;11.7838;40.2865;30.1;145;313.918;281.8;279;340;280;278;545.573;544.416;60;277.747;1;0;;;3226.42;1;1
1024;0.2;51.8287;31.4;11.6918;40.2865;30.1;131;314.41;281.8;279;340;280;278;545.718;544.56;60;277.748;1;0;;;3225.35;1;1
1025;0.2;51.93;31.4;11.6965;40.0839;30.2;116;314.902;281.778;279;340;280;278;545.718;544.416;60;277.75;1;0;;;3224.27;1;1
1026;0.2;52.3351;31.4;11.7694;39.9132;30.2;109;315.394;281.785;279;340;280;278;545.718;544.416;60;277.753;1;0;;;3221.32;1;1
1027;0.2;52.338;31.5;12.0706;39.8727;30.2;100;315.321;281.785;279;340;280;278;545.573;544.56;60;277.752;1;0;;;3221.32;1;1
1028;0.2;52.2338;31.5;12.1378;39.9826;30.2;88;315.321;281.785;279;340;280;278;545.718;544.56;60;277.755;1;0;;;3221.32;1;1
1029;0.2;52.1325;31.5;12.0414;40.1852;30.2;88;315.567;281.706;279;340;280;278;545.573;544.416;60;277.76;1;0;;;3219.17;1;1
1030;0.2;52.1325;31.6;12.4136;40.1852;30.3;78;315.683;281.756;279;340;280;278;545.573;544.416;60;277.771;1;0;;;3219.17;1;1
1031;0.2;52.0428;31.6;12.374;40.0926;30.3;73;315.77;281.756;279;340;280;278;545.573;544.416;60;277.777;1;0;;;3219.17;1;1
1032;0.2;52.5405;31.6;12.5107;40.3877;30.3;71;315.799;281.713;279;340;280;278;545.428;544.271;60;277.78;1;0;"CUSN8       ";;3219.17;1;1
1033;0.2;52.7431;31.6;12.5405;40.5903;30.3;73;315.741;281.749;279;340;280;278;545.573;544.271;60;277.788;1;0;;;3217.03;1;1
1034;0.2;52.6418;31.7;12.8371;40.3848;30.3;74;315.726;281.764;279;340;280;278;545.573;544.416;60;277.8;1;0;;;3217.03;1;1
1035;0.2;52.5405;31.7;12.8307;40.3877;30.3;71;315.307;281.778;279;340;280;278;545.573;544.56;60;277.811;1;0;;;3215.96;1;1
1036;0.2;52.5289;31.7;12.8095;39.9797;30.3;75;315.234;281.778;279;340;280;278;545.573;544.416;60;277.821;1;0;;;3213.52;1;1
1037;0.2;52.2338;31.7;12.6828;39.8872;30.3;78;314.641;281.735;279;340;280;278;545.862;544.56;60;277.833;1;0;;;3211.38;1;1
1038;0.2;52.4392;31.7;12.7877;40.1852;30.3;79;314.714;281.713;279;340;280;278;545.718;544.705;60;277.852;1;0;;;3211.38;1;1
1039;0.2;52.3785;31.8;13.0919;40.2865;30.2;78;314.468;281.764;279;340;280;278;545.862;544.705;60;277.869;1;0;;;3210.31;1;1
1040;0.2;52.5434;31.8;13.1147;40.3877;30.2;78;313.715;281.749;279;340;280;278;545.862;544.705;60;277.887;1;0;"CUSN8       ";;3210.31;1;1
1041;0.2;52.6418;31.8;13.1209;40.081;30.2;88;313.6;281.713;279;340;280;278;545.718;544.705;60;277.908;1;0;"CUSN8       ";;3210.31;1;1
1042;0.2;52.5405;31.8;13.114;39.8785;30.2;99;313.252;282.082;279;340;280;278;545.862;544.705;60;277.924;1;0;;;3208.17;1;1
1043;0.2;52.338;31.8;13.0817;39.9826;30.2;100;312.5;282.075;279;340;280;278;545.862;544.705;60;277.944;1;0;;;3207.09;1;1
1044;0.2;52.3351;31.8;13.0627;40.0492;30.2;110;312.486;282.075;279;340;280;278;545.862;544.705;60;277.962;1;0;;;3207.09;1;1
1045;0.2;52.5434;31.8;13.1331;39.8785;30.2;113;312.297;282.075;279;340;280;278;546.007;544.705;60;277.98;1;0;;;3205.19;1;1
1046;0.2;52.5405;31.8;13.114;40.0868;30.2;118;311.704;282.075;279;340;280;278;545.862;544.849;60;278.002;1;0;;;3203.05;1;1
1047;0.2;52.5145;31.8;13.0891;40.2865;30.1;119;311.675;282.082;279;340;280;278;546.007;544.849;60;278.022;1;0;;;3203.05;1;1
1048;0.2;52.4334;31.8;13.0689;40.3877;30.1;130;311.299;282.082;279;340;280;278;546.152;544.849;60;278.045;1;0;;;3200.6;1;1
1049;0.2;52.4334;31.8;13.0506;40.489;30.1;132;311.241;282.082;279;340;280;278;546.152;544.994;60;278.063;1;0;;;3199.53;1;1
1050;0.2;52.1209;31.8;13.0093;40.7957;30.1;135;310.894;282.082;279;340;280;278;546.152;544.994;60;278.078;1;0;;;3199.53;1;1
1051;0.2;52.2338;31.8;13.0009;40.5903;30.1;135;310.706;282.075;279;340;280;278;546.152;544.994;60;278.104;1;0;;;3198.46;1;1
1052;0.2;52.4855;31.8;13.0819;40.3877;30.1;140;310.301;282.371;279;340;280;278;546.152;544.994;60;278.127;1;0;;;3197.39;1;1
1053;0.2;52.2714;31.8;12.992;40.489;30.1;140;310.417;282.357;279;340;280;278;546.007;544.849;60;278.147;1;0;;;3197.39;1;1
1054;0.2;52.2425;31.8;12.9666;40.489;30.1;139;310.417;282.357;279;340;280;278;546.007;544.705;60;278.173;1;0;;;3197.39;1;1
1055;0.2;52.1325;31.8;12.9575;40.489;30;139;310.33;282.364;279;340;280;278;545.862;544.705;60;278.198;1;0;;;3196.32;1;1
1056;0.2;51.9358;31.8;12.9086;40.6944;30;139;309.823;282.371;279;340;280;278;545.862;544.705;60;278.219;1;0;;;3196.32;1;1
1057;0.2;52.2367;31.8;12.9469;40.6916;30;139;309.766;282.371;279;340;280;278;545.862;544.705;60;278.24;1;0;;;3193.11;1;1
1058;0.2;52.4392;31.8;13.0337;40.6916;30;134;309.737;282.378;279;340;280;278;545.718;544.56;60;278.259;1;0;;;3190.33;1;1
1059;0.2;52.4392;31.8;13.0521;40.5932;30;132;309.751;282.386;279;340;280;278;545.862;544.56;60;278.274;1;0;;;3188.2;1;1
1060;0.2;52.228;31.8;12.9083;40.489;30;127;309.823;282.567;279;340;280;278;545.573;544.56;60;278.288;1;0;;;3188.2;1;1
1061;0.2;52.1325;31.7;12.6218;40.353;30;120;309.303;282.617;279;340;280;278;545.718;544.416;60;278.301;1;0;"CUSN8       ";;3187.13;1;1
1062;0.2;52.2425;31.7;12.6119;40.489;30;120;309.361;282.617;279;340;280;278;545.573;544.416;60;278.312;1;0;;;3187.13;1;1
1063;0.2;52.5434;31.7;12.6295;40.489;30;120;309.317;282.567;279;340;280;278;545.573;544.416;60;278.322;1;0;;;3187.13;1;1
1064;0.2;52.7431;31.7;12.6959;40.3877;30;120;309.245;282.559;279;340;280;278;545.718;544.56;60;278.33;1;0;"CUSN8       ";;3186.06;1;1
1065;0.2;52.6418;31.7;12.6531;40.3877;30;120;309.1;282.61;279;340;280;278;545.862;544.56;60;278.332;1;0;;;3186.06;1;1
1066;0.2;52.4392;31.7;12.6228;40.3877;30;122;309.086;282.61;279;340;280;278;545.718;544.705;60;278.335;1;0;;;3186.06;1;1
1067;0.2;52.338;31.7;12.5984;40.3877;30;113;308.825;282.61;279;340;280;278;545.718;544.56;60;278.336;1;0;;;3184.81;1;1
1068;0.2;52.338;31.7;12.5801;40.7957;30;113;308.869;282.574;279;340;280;278;545.718;544.56;60;278.332;1;0;;;3180.54;1;1
1069;0.2;52.338;31.7;12.5435;40.5932;30;118;308.941;282.899;279;340;280;278;545.862;544.56;60;278.329;1;0;;;3180.54;1;1
1070;0.2;52.2338;31.7;12.5185;40.3906;30;120;308.999;282.907;279;340;280;278;545.718;544.705;60;278.328;1;0;;;3179.47;1;1
1071;0.2;52.5376;31.7;12.6281;40.3877;30;118;308.319;282.907;279;340;280;278;545.862;544.705;60;278.328;1;0;;;3174.52;1;1
1072;0.2;52.3351;31.7;12.5428;40.2865;30;118;308.232;282.892;279;340;280;278;545.862;544.705;60;278.329;1;0;;;3174.52;1;1
1073;0.2;51.93;31.7;12.4276;40.4745;30;132;308.058;282.863;279;340;280;278;545.862;544.849;60;278.331;1;0;;;3174.52;1;1
1074;0.2;52.0312;31.7;12.4155;40.5932;30;132;308.102;282.899;279;340;280;278;546.007;544.849;60;278.336;1;0;;;3173.45;1;1
1075;0.2;52.1354;31.7;12.4585;40.5903;30;131;308.232;282.928;279;340;280;278;546.007;544.849;60;278.338;1;0;;;3173.45;1;1
1076;0.2;52.1325;31.7;12.4761;40.5932;30;136;307.972;282.935;279;340;280;278;546.007;544.849;60;278.345;1;0;;;3173.45;1;1
1077;0.2;52.1325;31.7;12.4578;40.7957;30;134;308.044;282.943;279;340;280;278;546.007;544.849;60;278.351;1;0;;;3173.45;1;1
1078;0.2;52.2222;31.7;12.461;40.8999;30;140;308.001;282.921;279;340;280;278;546.007;544.994;60;278.357;1;0;;;3173.45;1;1
1079;0.2;52.1325;31.6;12.0493;40.897;30;142;307.639;282.834;279;340;280;278;546.007;544.849;60;278.362;1;0;;;3173.45;1;1
1080;0.2;52.338;31.6;12.0967;40.897;30;142;307.552;282.827;279;340;280;278;546.007;544.849;60;278.369;1;0;;;3171.32;1;1
1081;0.2;52.6244;31.6;12.1997;40.7986;30;143;307.841;282.957;279;340;280;278;546.007;544.849;60;278.375;1;0;;;3168.3;1;1
1082;0.2;52.4334;31.6;12.1738;40.7957;30;141;307.784;282.957;279;340;280;278;546.007;544.994;60;278.389;1;0;;;3167.23;1;1
1083;0.2;52.4392;31.6;12.1934;40.8015;30;148;307.841;282.95;279;340;280;278;546.007;544.849;60;278.401;1;0;;;3166.17;1;1
1084;0.2;52.4392;31.6;12.1751;40.8912;30;147;307.899;282.943;279;340;280;278;545.862;544.849;60;278.412;1;0;;;3165.1;1;1
1085;0.2;52.4421;31.6;12.1208;40.6973;30;143;307.74;282.812;279;340;280;278;545.862;544.849;60;278.422;1;0;;;3165.1;1;1
1086;0.2;52.7431;31.6;12.1719;40.3877;30;142;307.755;282.805;279;340;280;278;546.007;544.849;60;278.431;1;0;;;3164.04;1;1
1087;0.2;52.8067;31.6;12.2051;40.2865;30;141;307.668;282.805;279;340;280;278;546.007;544.849;60;278.438;1;0;;;3164.04;1;1
1088;0.2;52.7402;31.6;12.2081;40.489;30;136;307.639;282.82;279;340;280;278;546.007;544.849;60;278.445;1;0;;;3164.04;1;1
1089;0.2;52.7459;31.6;12.1542;40.5903;30;137;307.567;282.827;279;340;280;278;546.007;544.849;60;278.454;1;0;;;3164.04;1;1
1090;0.2;52.5405;31.6;12.0885;40.3877;30;134;307.509;282.82;279;340;280;278;546.007;544.849;60;278.459;1;0;;;3162.97;1;1
1091;0.2;52.5405;31.6;12.1252;40.2865;30;137;307.509;282.841;279;340;280;278;546.007;544.705;60;278.463;1;0;;;3160.84;1;1
1092;0.2;52.5405;31.6;12.1436;40.4919;30;135;307.552;282.834;279;340;280;278;545.862;544.705;60;278.467;1;0;;;3159.77;1;1
1093;0.2;52.6418;31.6;12.1486;40.4022;30;126;307.639;282.834;279;340;280;278;545.862;544.705;60;278.471;1;0;;;3156.18;1;1
1094;0.2;52.2367;31.6;12.0003;40.4803;30;127;307.726;282.834;279;340;280;278;545.862;544.705;60;278.473;1;0;;;3156.18;1;1
1095;0.2;52.0312;31.6;12.0077;40.3877;30;126;307.711;282.805;279;340;280;278;546.007;544.705;60;278.476;1;0;"CUSN8       ";;3156.18;1;1
1096;0.2;51.8258;31.6;11.8697;40.1852;30;126;307.726;282.827;279;340;280;278;546.007;544.849;60;278.479;1;0;;;3154.57;1;1
1097;0.2;51.7332;31.6;11.9027;40.1852;30;124;307.624;282.805;279;340;280;278;546.007;544.849;60;278.478;1;0;;;3153.95;1;1
1098;0.2;52.1325;31.6;11.9764;40.489;30;124;307.538;282.805;279;340;280;278;546.007;544.705;60;278.48;1;0;;;3153.95;1;1
1099;0.2;52.5434;31.6;12.0891;40.5787;30;127;307.465;282.791;279;340;280;278;545.862;544.705;60;278.471;1;0;;;3153.95;1;1
1100;0.2;52.8443;31.5;11.8181;40.3588;30;125;307.407;282.784;279;340;280;278;545.862;544.56;60;278.466;1;0;;;3153.95;1;1
1101;0.2;52.5405;31.5;11.7501;40.3877;30;121;307.118;282.776;279;340;280;278;545.718;544.56;60;278.461;1;0;;;3152.89;1;1
1102;0.2;52.2338;31.5;11.6633;40.489;30;131;307.219;282.755;279;340;280;278;545.862;544.705;60;278.46;1;0;;;3151.83;1;1
1103;0.2;52.5318;31.5;11.7115;40.5932;30;135;307.306;282.747;279;340;280;278;545.862;544.705;60;278.453;1;0;;;3151.83;1;1
1104;0.2;52.61;31.5;11.7656;40.489;30;137;307.263;282.718;279;340;280;278;545.862;544.56;60;278.447;1;0;;;3150.76;1;1
1105;0.2;52.8472;31.5;11.8187;40.4659;30;141;307.19;282.733;279;340;280;278;545.862;544.705;60;278.444;1;0;;;3147.57;1;1
1106;0.2;52.9138;31.5;11.8151;40.489;30;142;307.104;282.733;279;340;280;278;546.152;544.849;60;278.447;1;0;;;3144.65;1;1
1107;0.2;52.7951;31.5;11.7333;40.489;30;141;307.031;282.74;279;340;280;278;546.007;544.849;60;278.453;1;0;;;3143.59;1;1
1108;0.2;52.6418;31.5;11.6992;40.3877;30;142;307.118;282.747;279;340;280;278;546.007;544.849;60;278.458;1;0;;;3143.59;1;1
1109;0.2;52.3872;31.5;11.6426;40.3906;30;149;307.248;282.74;279;340;280;278;546.007;544.849;60;278.462;1;0;;;3143.59;1;1
1110;0.2;52.4392;31.5;11.6359;40.2865;30;146;307.306;282.733;279;340;280;278;546.007;544.849;60;278.466;1;0;;;3143.59;1;1
1111;0.2;52.5405;31.5;11.6767;40.2402;30;146;307.234;282.74;279;340;280;278;546.007;544.849;60;278.473;1;0;;;3143.59;1;1
1112;0.2;52.8414;31.5;11.8174;40.2865;30;150;307.133;282.74;279;340;280;278;545.862;544.849;60;278.477;1;0;;;3143.59;1;1
1113;0.2;52.6707;31.5;11.6688;40.1852;30;151;307.046;282.733;279;340;280;278;546.007;544.849;60;278.488;1;0;;;3142.53;1;1
1114;0.2;52.3466;31.5;11.6885;39.8814;30;147;307.06;282.726;279;340;280;278;546.007;544.849;60;278.501;1;0;;;3141.46;1;1
1115;0.2;52.4392;31.5;11.6725;39.8785;30;147;307.19;282.726;279;340;280;278;546.007;544.849;60;278.512;1;0;;;3139.34;1;1
1116;0.2;52.5405;31.5;11.6767;39.9595;30;148;307.292;282.733;279;340;280;278;546.007;544.849;60;278.522;1;0;;;3138.28;1;1
1117;0.2;52.4392;31.5;11.6542;40.0839;30;147;307.306;282.733;279;340;280;278;546.007;544.849;60;278.535;1;0;;;3136.1;1;1
1118;0.2;52.8704;31.5;11.7131;40.2865;30;147;307.205;282.718;279;340;280;278;545.862;544.849;60;278.554;1;0;;;3136.1;1;1
1119;0.2;52.7662;31.5;11.7084;40.1852;30;146;307.118;282.95;279;340;280;278;546.007;544.994;60;278.57;1;0;;;3133.98;1;1
1120;0.2;52.3611;31.5;11.6185;40.2865;30;147;307.046;282.964;279;340;280;278;546.152;544.994;60;278.585;1;0;;;3133.98;1;1
1121;0.2;52.2367;31.5;11.5544;40.0839;30;141;307.19;282.972;279;340;280;278;546.152;545.139;60;278.598;1;0;;;3133.98;1;1
1122;0.2;52.2338;31.5;11.572;39.9797;30;141;307.306;282.95;279;340;280;278;546.152;544.994;60;278.609;1;0;;;3133.98;1;1
1123;0.2;52.4392;31.5;11.6175;40.0839;30;142;307.263;282.964;279;340;280;278;546.152;545.139;60;278.622;1;0;;;3133.98;1;1
1124;0.2;52.5405;31.5;11.6216;40.191;30;135;307.176;282.979;279;340;280;278;546.007;544.994;60;278.64;1;0;;;3133.98;1;1
1125;0.2;52.5463;31.5;11.6596;40.463;30;126;307.075;282.986;279;340;280;278;546.007;544.849;60;278.658;1;0;;;3133.98;1;1
1126;0.2;52.6418;31.5;11.6624;40.3733;30;125;307.046;282.986;279;340;280;278;546.007;544.849;60;278.675;1;0;;;3132.92;1;1
1127;0.2;52.5405;31.5;11.6216;40.1852;30;125;307.161;282.964;279;340;280;278;545.862;544.705;60;278.692;1;0;;;3128.67;1;1
1128;0.2;52.6389;31.5;11.6434;40.1823;30;121;307.248;282.964;279;340;280;278;546.007;544.849;60;278.716;1;0;;;3126.21;1;1
1129;0.2;52.6418;31.5;11.6624;40.2865;30;118;307.292;282.986;279;340;280;278;546.007;544.849;60;278.737;1;0;;;3123.87;1;1
1130;0.2;53.0498;31.5;11.6972;40.3877;30;113;307.205;282.993;279;340;280;278;546.007;544.994;60;278.755;1;0;;;3122.81;1;1
1131;0.2;52.7431;31.5;11.6849;40.6163;30;107;307.089;282.979;279;340;280;278;546.007;544.849;60;278.777;1;0;;;3122.81;1;1
1132;0.2;52.7431;31.5;11.6849;40.897;30;100;306.771;282.972;279;340;280;278;546.007;544.849;60;278.798;1;0;;;3122.54;1;1
1133;0.2;52.7431;31.5;11.648;40.5903;30;100;306.756;282.986;279;340;280;278;546.007;544.849;60;278.822;1;0;;;3121.48;1;1
1134;0.2;52.8501;31.5;11.6716;40.3877;30;109;306.814;282.979;279;340;280;278;546.007;544.849;60;278.851;1;0;;;3121.48;1;1
1135;0.2;52.8472;31.5;11.6895;40.2865;30;106;306.959;282.972;279;340;280;278;545.862;544.849;60;278.88;1;0;;;3119.68;1;1
1136;0.2;52.7546;31.5;11.6321;40.3848;30;105;307.075;282.957;279;340;280;278;545.862;544.849;60;278.905;1;0;;;3118.62;1;1
1137;0.2;52.0312;31.5;11.4726;40.1852;30;90;307.017;282.957;279;340;280;278;546.007;544.849;60;278.933;1;0;;;3118.62;1;1
1138;0.2;52.2367;31.5;11.4997;39.9826;30;92;306.959;282.979;279;340;280;278;546.007;544.849;60;278.952;1;0;;;3116.5;1;1
1139;0.2;52.5405;31.5;11.6033;39.9826;30;87;306.178;282.979;279;340;280;278;546.007;544.849;60;278.98;1;0;;;3114.38;1;1
1140;0.2;52.6418;31.5;11.5888;39.9826;30;74;306.076;283.102;279;340;280;278;545.862;544.849;60;279.003;1;0;;;3113.32;1;1
1141;0.2;52.6418;31.5;11.6072;40.081;30;73;305.99;283.102;279;340;280;278;545.862;544.705;60;279.03;1;0;;;3111.2;1;1
1142;0.2;52.4392;31.5;11.5626;40.0839;29.9;76;306.12;283.102;279;340;280;278;545.862;544.705;60;279.052;1;0;"CUSN8       ";;3109.09;1;1
1143;0.2;52.526;31.5;11.5817;40.1852;29.9;69;306.264;283.109;279;340;280;278;545.862;544.705;60;279.075;1;0;;;3109.09;1;1
1144;0.2;52.3929;31.5;11.5707;40.2865;29.9;64;305.425;283.109;279;340;280;278;545.718;544.56;60;279.098;1;0;;;3109.09;1;1
1145;0.2;52.2338;31.5;11.5355;40.1852;29.9;62;305.339;283.095;279;340;280;278;545.718;544.705;60;279.121;1;0;;;3109.09;1;1
1146;0.2;52.1325;31.5;11.5314;40.0839;29.9;61;305.295;283.095;279;340;280;278;545.862;544.56;60;279.143;1;0;;;3109.09;1;1
1147;0.2;52.338;31.5;11.5585;39.9826;29.9;59;305.208;283.095;279;340;280;278;545.862;544.705;60;279.161;1;0;;;3109.09;1;1
1148;0.2;52.4392;31.5;11.5992;40.081;29.9;56;304.991;283.102;279;340;280;278;545.862;544.705;60;279.18;1;0;;;3109.09;1;1
1149;0.2;52.8472;31.5;11.6525;40.298;29.9;55;305.136;283.102;279;340;280;278;545.862;544.705;60;279.194;1;0;;;3109.09;1;1
1150;0.2;52.8009;31.5;11.6423;40.7928;29.9;56;305.252;283.109;279;340;280;278;545.862;544.705;60;279.212;1;0;;;3108.03;1;1
1151;0.2;52.6042;31.5;11.5989;40.0839;29.9;53;304.427;283.109;279;340;280;278;545.862;544.705;60;279.23;1;0;;;3102.74;1;1
1152;0.2;52.5434;31.4;11.2472;40.3877;29.9;50;304.34;283.109;279;340;280;278;545.862;544.705;60;279.247;1;0;;;3102.74;1;1
1153;0.2;52.6418;31.4;11.2866;40.4832;29.9;48;304.239;283.109;279;340;280;278;545.862;544.849;60;279.264;1;0;;;3102.74;1;1
1154;0.2;52.6418;31.4;11.2682;40.489;29.9;48;303.935;283.095;279;340;280;278;545.862;544.705;60;279.28;1;0;;;3100.62;1;1
1155;0.2;52.1325;31.4;11.1592;40.5903;29.9;49;303.979;283.087;279;340;280;278;545.862;544.849;60;279.293;1;0;;;3099.57;1;1
1156;0.2;52.4334;31.4;11.2236;40.489;29.9;54;303.342;283.095;279;340;280;278;545.862;544.849;60;279.303;1;0;;;3099.57;1;1
1157;0.2;52.6418;31.4;11.2866;40.3877;29.9;56;303.429;283.095;279;340;280;278;545.862;544.849;60;279.313;1;0;;;3099.57;1;1
1158;0.2;52.61;31.4;11.2614;40.136;29.9;55;303.154;283.102;279;340;280;278;545.862;544.705;60;279.32;1;0;;;3099.57;1;1
1159;0.2;52.9543;31.4;11.3351;40.4601;29.8;56;303.053;283.109;279;340;280;278;545.718;544.705;60;279.332;1;0;;;3099.57;1;1
1160;0.2;52.338;31.4;11.1666;40.3877;29.8;62;302.228;283.109;279;340;280;278;545.718;544.705;60;279.331;1;0;;;3099.57;1;1
1161;0.2;52.2367;31.4;11.1815;40.081;29.8;69;302.156;283.109;279;340;280;278;545.718;544.56;60;279.332;1;0;;;3098.51;1;1
1162;0.2;51.9589;31.4;11.1039;40.2865;29.8;76;301.982;283.095;279;340;280;278;545.718;544.56;60;279.331;1;0;;;3097.45;1;1
1163;0.2;52.0312;31.4;11.1375;40.489;29.8;82;302.025;283.21;279;340;280;278;545.573;544.56;60;279.328;1;0;;;3095.57;1;1
1164;0.2;52.3351;31.4;11.166;40.489;29.8;87;301.403;283.21;279;340;280;278;545.718;544.56;60;279.325;1;0;;;3092.4;1;1
1165;0.2;52.5405;31.3;10.9265;40.2633;29.8;85;301.418;283.21;279;340;280;278;545.718;544.705;60;279.322;1;0;;;3090.29;1;1
1166;0.2;52.1325;31.3;10.8417;40.1939;29.8;85;301.403;283.21;279;340;280;278;545.718;544.56;60;279.32;1;0;;;3090.29;1;1
1167;0.2;52.2338;31.3;10.7898;40.2865;29.8;87;301.042;283.21;279;340;280;278;545.573;544.56;60;279.316;1;0;;;3088.18;1;1
1168;0.2;52.338;31.3;10.8296;40.1852;29.8;91;300.969;283.218;279;340;280;278;545.573;544.56;60;279.311;1;0;;;3088.18;1;1
1169;0.2;52.0312;31.3;10.7479;40.1678;29.8;97;300.883;283.218;279;340;280;278;545.573;544.416;60;279.302;1;0;;;3088.18;1;1
1170;0.2;52.037;31.3;10.7855;40.1852;29.8;104;300.94;283.225;279;340;280;278;545.718;544.56;60;279.296;1;0;;;3086.07;1;1
1171;0.2;51.9329;31.3;10.7457;40.3877;29.7;109;301.042;283.225;279;340;280;278;545.718;544.56;60;279.288;1;0;;;3086.07;1;1
1172;0.2;52.1354;31.3;10.7876;40.5932;29.7;113;300.42;283.225;279;340;280;278;545.573;544.56;60;279.284;1;0;;;3085.01;1;1
1173;0.2;52.2512;31.3;10.8481;40.6684;29.7;115;300.42;283.232;279;340;280;278;545.573;544.416;60;279.28;1;0;"CUSN8       ";;3083.96;1;1
1174;0.2;52.4392;31.2;10.5128;40.5932;29.7;117;300.362;283.239;279;340;280;278;545.573;544.416;60;279.274;1;0;"CUSN8       ";;3083.96;1;1
1175;0.2;52.7402;31.2;10.61;40.897;29.7;124;300.304;283.239;279;340;280;278;545.573;544.416;60;279.269;1;0;;;3081.85;1;1
1176;0.2;52.7431;31.2;10.5737;40.5903;29.7;128;300.246;283.239;279;340;280;278;545.573;544.416;60;279.263;1;0;;;3078.68;1;1
1177;0.2;52.1325;31.2;10.4877;40.4919;29.7;135;300.159;283.5;279;340;280;278;545.573;544.416;60;279.267;1;0;;;3078.68;1;1
1178;0.2;52.4392;31.2;10.6044;40.5903;29.7;140;300.145;283.232;279;340;280;278;545.718;544.56;60;279.272;1;0;;;3077.63;1;1
1179;0.2;52.2338;31.2;10.4716;40.3877;29.7;143;300.203;283.225;279;340;280;278;545.573;544.56;60;279.275;1;0;;;3075.95;1;1
1180;0.2;52.2338;31.2;10.4716;40.3877;29.7;143;301.056;283.218;279;340;280;278;545.718;544.56;60;279.28;1;0;;;3075.95;1;1
1181;0.2;52.1325;31.2;10.4695;40.3877;29.7;135;301.157;283.485;279;340;280;278;545.718;544.705;60;279.292;1;0;;;3075.95;1;1
1182;0.2;52.1296;31.2;10.4507;40.1823;29.7;126;301.071;283.485;279;340;280;278;545.718;544.56;60;279.305;1;0;;;3075.95;1;1
1183;0.2;52.2367;31.2;10.4722;40.3762;29.7;128;300.94;283.485;279;340;280;278;545.862;544.56;60;279.324;1;0;;;3074.9;1;1
1184;0.2;52.5405;31.2;10.5148;40.0839;29.7;129;301.664;283.485;279;340;280;278;545.862;544.705;60;279.345;1;0;;;3074.9;1;1
1185;0.2;52.7459;31.2;10.5559;40.1852;29.7;128;301.707;283.485;279;340;280;278;545.862;544.56;60;279.362;1;0;;;3073.85;1;1
1186;0.2;52.7431;31.1;10.234;40.5816;29.7;118;301.78;283.492;279;340;280;278;545.862;544.849;60;279.387;1;0;;;3072.79;1;1
1187;0.2;52.4392;31.1;10.2117;40.2691;29.7;118;302.127;283.492;279;340;280;278;546.007;544.705;60;279.412;1;0;;;3070.69;1;1
1188;0.2;52.3351;31.1;10.1914;40.2865;29.7;106;302.156;283.5;279;340;280;278;545.862;544.705;60;279.442;1;0;;;3069.63;1;1
1189;0.2;52.4797;31.1;10.2196;40.489;29.7;91;302.083;283.615;279;340;280;278;545.718;544.705;60;279.473;1;0;;;3067.84;1;1
1190;0.2;52.0486;31.1;10.1175;40.2922;29.8;85;301.924;283.608;279;340;280;278;545.862;544.705;60;279.501;1;0;;;3066.79;1;1
1191;0.2;52.4392;31.1;10.1385;40.2865;29.8;83;302.373;283.579;279;340;280;278;545.862;544.705;60;279.529;1;0;;;3066.79;1;1
1192;0.2;52.3148;31.1;10.1327;40.3154;29.8;77;302.431;283.587;279;340;280;278;545.862;544.705;60;279.557;1;0;;;3063.91;1;1
1193;0.2;52.2164;31.1;10.1136;40.2865;29.8;68;302.517;283.63;279;340;280;278;545.862;544.705;60;279.59;1;0;;;3063.91;1;1
1194;0.2;52.1325;31.1;10.1156;40.0926;29.8;57;302.98;283.601;279;340;280;278;546.007;544.849;60;279.619;1;0;;;3063.91;1;1
1195;0.2;52.1354;31.1;10.0979;40.0637;29.8;45;302.445;283.637;279;340;280;278;546.007;544.994;60;279.645;1;0;;;3063.91;1;1
1196;0.2;52.5984;31.1;10.1876;39.9855;29.8;33;302.908;283.608;279;340;280;278;546.007;544.849;60;279.668;1;0;;;3062.85;1;1
1197;0.2;52.5376;31.1;10.2309;39.8785;29.8;30;302.821;283.601;279;340;280;278;546.007;544.849;60;279.698;1;0;;;3062.85;1;1
1198;0.2;52.798;31.1;10.2078;39.9826;29.8;26;302.271;283.623;279;340;280;278;546.007;544.849;60;279.716;1;0;;;3061.62;1;1
1199;0.2;52.7402;31.1;10.2151;39.8814;29.8;19;302.72;283.594;279;340;280;278;546.007;544.849;60;279.739;1;0;;;3057.41;1;1
1200;0.2;52.9832;31.1;10.2992;39.8785;29.8;15;301.895;283.601;279;340;280;278;546.007;544.994;60;279.762;1;0;;;3057.41;1;1
1201;0.2;52.8472;31.1;10.2727;40.081;29.8;12;302.011;283.601;279;340;280;278;546.007;544.994;60;279.781;1;0;;;3054.47;1;1
1202;0.2;52.6505;31.1;10.1793;40.1852;29.8;9;302.228;283.644;279;340;280;278;546.152;544.994;60;279.795;1;0;;;3053.42;1;1
1203;0.2;52.7431;31.1;10.2893;40.0839;29.8;0;301.91;283.615;279;340;280;278;546.152;545.139;60;279.807;1;0;;;3053.42;1;1
1204;0.2;52.6389;31.1;10.2138;40.081;29.8;0;301.432;283.623;279;340;280;278;546.296;545.284;60;279.818;1;0;;;3053.42;1;1
1205;0.2;52.5405;31.1;10.158;40.1823;29.8;0;300.897;283.579;279;340;280;278;546.296;545.284;60;279.827;1;0;;;3052.37;1;1
1206;0.2;52.6418;31.1;10.196;40.3877;29.8;0;300.897;283.579;279;340;280;278;546.441;545.428;60;279.836;1;0;;;3052.37;1;1
1207;0.2;52.6418;31.1;10.2144;40.489;29.8;2;300.637;283.601;279;340;280;278;546.441;545.428;60;279.842;1;0;"CUSN8       ";;3051.32;1;1
1208;0.2;52.4392;31.1;10.1568;40.5093;29.8;2;300.666;283.644;279;340;280;278;546.586;545.428;60;279.849;1;0;;;3050.57;1;1
1209;0.2;52.5405;31.1;10.1947;40.2865;29.8;3;300.087;283.615;279;340;280;278;546.586;545.428;60;279.849;1;0;;;3048.96;1;1
1210;0.2;52.6418;31.1;10.196;40.4919;29.8;10;299.797;283.615;279;340;280;278;546.586;545.428;60;279.846;1;0;;;3047.91;1;1
1211;0.2;52.8443;31.1;10.2352;40.5903;29.8;16;299.682;283.601;279;340;280;278;546.441;545.428;60;279.844;1;0;;;3044.76;1;1
1212;0.2;52.4334;31.1;10.1373;40.2865;29.7;22;298.857;283.63;279;340;280;278;546.586;545.428;60;279.839;1;0;;;3042.66;1;1
1213;0.2;52.1325;31.1;10.0974;40.1852;29.7;21;298.38;283.847;279;340;280;278;546.586;545.573;60;279.837;1;0;;;3042.66;1;1
1214;0.2;51.93;31.1;10.0763;40.1852;29.7;31;297.902;283.854;279;340;280;278;546.586;545.573;60;279.839;1;0;;;3041.61;1;1
1215;0.2;52.1325;31.1;10.0792;40.2865;29.7;47;298.003;283.832;279;340;280;278;546.586;545.573;60;279.837;1;0;;;3040.56;1;1
1216;0.2;52.3351;31;9.83613;40.1852;29.7;59;297.569;283.84;279;340;280;278;546.586;545.428;60;279.835;1;0;;;3040.39;1;1
1217;0.2;52.4392;31;9.80075;40.2807;29.7;63;297.613;283.854;279;340;280;278;546.586;545.573;60;279.833;1;0;;;3039.34;1;1
1218;0.2;52.1296;31;9.76109;40.489;29.7;80;296.962;283.883;279;340;280;278;546.586;545.573;60;279.826;1;0;;;3037.25;1;1
1219;0.2;52.2222;31;9.77843;40.5903;29.7;89;296.861;283.876;279;340;280;278;546.586;545.573;60;279.827;1;0;;;3037.25;1;1
1220;0.2;52.4277;31;9.78027;40.3733;29.7;92;296.34;283.861;279;340;280;278;546.586;545.428;60;279.823;1;0;;;3037.25;1;1
1221;0.2;52.1325;31;9.72521;39.9826;29.6;94;296.398;283.869;279;340;280;278;546.586;545.573;60;279.82;1;0;;;3035.15;1;1
1222;0.2;52.2193;31;9.75965;39.8785;29.6;103;295.92;283.861;279;340;280;278;546.73;545.718;60;279.823;1;0;;;3035.15;1;1
1223;0.2;52.4161;31;9.77811;39.9826;29.6;106;296.036;283.941;279;340;280;278;546.73;545.573;60;279.823;1;0;;;3034.1;1;1
1224;0.2;52.2714;31;9.78764;40.0839;29.6;117;296.094;283.854;279;340;280;278;546.73;545.718;60;279.821;1;0;;;3033.05;1;1
1225;0.2;51.9473;30.9;9.35612;40.1736;29.6;120;295.92;283.934;279;340;280;278;546.73;545.573;60;279.818;1;0;;;3032;1;1
1226;0.2;52.0341;30.9;9.37176;40.081;29.6;120;295.79;283.919;279;340;280;278;546.586;545.573;60;279.816;1;0;;;3030.96;1;1
1227;0.2;52.1296;30.9;9.38895;40.2865;29.6;120;295.79;284.086;279;340;280;278;546.586;545.428;60;279.814;1;0;;;3029.91;1;1
1228;0.2;52.2425;30.9;9.40928;40.0984;29.6;120;295.92;284.122;279;340;280;278;546.586;545.428;60;279.812;1;0;"CUSN8       ";;3029.91;1;1
1229;0.2;52.5405;30.9;9.46296;39.9797;29.6;126;296.036;284.129;279;340;280;278;546.441;545.428;60;279.811;1;0;;;3029.91;1;1
1230;0.2;52.6418;30.9;9.46281;40.0897;29.6;129;295.992;284.136;279;340;280;278;546.441;545.428;60;279.809;1;0;;;3028.86;1;1
1231;0.2;52.5376;30.9;9.389;40.3877;29.6;126;296.209;284.136;279;340;280;278;546.441;545.428;60;279.808;1;0;;;3027.81;1;1
1232;0.2;52.4884;30.9;9.43524;40.3877;29.6;127;296.123;284.136;279;340;280;278;546.441;545.284;60;279.807;1;0;;;3027.81;1;1
1233;0.2;52.7604;30.9;9.4657;40.7986;29.6;124;296.065;284.129;279;340;280;278;546.441;545.428;60;279.806;1;0;;;3025.72;1;1
1234;0.2;52.4392;30.9;9.4264;40.5903;29.6;115;296.846;284.115;279;340;280;278;546.441;545.428;60;279.808;1;0;;;3024.67;1;1
1235;0.2;52.3872;30.9;9.43534;40.3299;29.6;111;296.947;284.107;279;340;280;278;546.586;545.284;60;279.806;1;0;;;3022.58;1;1
1236;0.2;52.4421;30.9;9.42692;40.489;29.6;106;297.049;284.115;279;340;280;278;546.586;545.284;60;279.806;1;0;;;3020.48;1;1
1237;0.2;52.5405;30.9;9.40789;40.2894;29.6;106;297.309;284.122;279;340;280;278;546.586;545.428;60;279.805;1;0;;;3019.44;1;1
1238;0.2;52.4392;30.8;9.05205;40.3819;29.7;105;297.193;284.266;279;340;280;278;546.586;545.573;60;279.804;1;0;;;3019.44;1;1
1239;0.2;52.6418;30.8;9.05021;40.4716;29.7;100;297.106;284.259;279;340;280;278;546.586;545.573;60;279.803;1;0;;;3018.39;1;1
1240;0.2;52.6418;30.8;9.1054;40.3704;29.7;97;297.844;284.238;279;340;280;278;546.73;545.718;60;279.803;1;0;;;3018.39;1;1
1241;0.2;52.4508;30.8;9.05405;40.5932;29.7;96;297.859;284.238;279;340;280;278;546.73;545.718;60;279.792;1;0;;;3018.39;1;1
1242;0.2;52.6273;30.8;9.0661;40.6829;29.7;84;297.946;284.274;279;340;280;278;546.73;545.573;60;279.79;1;0;;;3018.39;1;1
1243;0.2;52.338;30.8;8.97969;40.5903;29.7;80;298.047;284.281;279;340;280;278;546.875;545.718;60;279.78;1;0;;;3017.34;1;1
1244;0.2;52.5405;30.8;9.06953;40.6944;29.7;80;298.293;284.252;279;340;280;278;546.73;545.862;60;279.773;1;0;;;3015.25;1;1
1245;0.2;52.5434;30.8;9.08839;40.489;29.7;69;298.235;284.252;279;340;280;278;546.73;545.718;60;279.762;1;0;;;3015.25;1;1
1246;0.2;52.4884;30.8;9.04218;40.3791;29.7;68;298.148;284.281;279;340;280;278;546.73;545.718;60;279.755;1;0;;;3011.06;1;1
1247;0.2;52.4392;30.8;9.08869;40.2865;29.7;65;298.018;284.274;279;340;280;278;546.73;545.718;60;279.749;1;0;;;3010.26;1;1
1248;0.2;52.3669;30.9;9.3951;40.3877;29.7;65;298.018;284.238;279;340;280;278;546.73;545.718;60;279.738;1;0;;;3010.26;1;1
1249;0.2;52.2425;30.9;9.318;40.489;29.7;66;298.9;284.223;279;340;280;278;546.73;545.573;60;279.724;1;0;;;3009.22;1;1
1250;0.2;52.338;30.9;9.37162;40.3877;29.7;65;299.031;284.209;279;340;280;278;546.73;545.573;60;279.71;1;0;;;3007.13;1;1
1251;0.2;52.6418;30.9;9.40761;40.3877;29.7;63;299.117;284.614;279;340;280;278;546.73;545.718;60;279.698;1;0;;;3007.13;1;1
1252;0.2;52.7431;30.9;9.44416;40.4138;29.7;65;299.103;284.635;279;340;280;278;546.875;545.718;60;279.687;1;0;;;3006.08;1;1
1253;0.2;52.7431;30.9;9.44416;40.3877;29.7;66;298.973;284.643;279;340;280;278;546.875;545.718;60;279.678;1;0;;;3006.08;1;1
1254;0.2;52.7459;30.9;9.4078;40.1852;29.8;66;298.872;284.643;279;340;280;278;546.875;545.718;60;279.669;1;0;;;3006.08;1;1
1255;0.2;53.0498;30.9;9.48052;40.1852;29.7;67;298.828;284.65;279;340;280;278;546.73;545.573;60;279.659;1;0;;;3003.99;1;1
1256;0.2;52.8385;30.9;9.47972;39.8785;29.8;72;298.958;284.657;279;340;280;278;546.73;545.573;60;279.645;1;0;;;3000.48;1;1
1257;0.2;52.8443;30.9;9.49922;40.1071;29.8;74;299.074;284.664;279;340;280;278;546.73;545.718;60;279.632;1;0;;;2999.44;1;1
1258;0.2;52.934;30.9;9.45984;40.489;29.8;78;299.103;284.65;279;340;280;278;546.73;545.573;60;279.618;1;0;;;2998.39;1;1
1259;0.2;52.6881;30.9;9.43432;40.489;29.7;85;298.987;284.628;279;340;280;278;546.586;545.573;60;279.604;1;0;;;2998.39;1;1
1260;0.2;52.9456;30.9;9.44341;40.2865;29.7;86;298.886;284.643;279;340;280;278;546.586;545.428;60;279.592;1;0;;;2998.39;1;1
1261;0.2;52.5376;30.9;9.389;40.0839;29.7;84;298.828;284.643;279;340;280;278;546.586;545.428;60;279.582;1;0;;;2996.74;1;1
1262;0.2;52.338;30.9;9.33503;40.0029;29.7;90;298.886;284.65;279;340;280;278;546.441;545.428;60;279.572;1;0;;;2996.65;1;1
1263;0.2;52.6823;30.9;9.41485;40.1331;29.7;91;299.016;284.657;279;340;280;278;546.586;545.573;60;279.564;1;0;;;2996.65;1;1
1264;0.2;52.6389;30.9;9.42551;40.2865;29.7;91;299.103;284.657;279;340;280;278;546.73;545.718;60;279.556;1;0;;;2996.65;1;1
1265;0.2;52.5405;30.9;9.42625;40.1852;29.7;93;299.06;284.664;279;340;280;278;546.875;545.718;60;279.55;1;0;;;2994.02;1;1
1266;0.2;52.5232;30.9;9.42313;40.0839;29.7;104;298.958;284.802;279;340;280;278;546.875;545.862;60;279.541;1;0;;;2994.02;1;1
1267;0.2;52.3814;30.9;9.3794;40.0839;29.7;104;298.843;284.78;279;340;280;278;546.875;545.862;60;279.536;1;0;;;2994.02;1;1
1268;0.2;52.7604;30.9;9.42881;40.0231;29.7;102;298.872;284.744;279;340;280;278;547.02;545.862;60;279.532;1;0;;;2990.89;1;1
1269;0.2;52.5405;30.9;9.38951;40.0839;29.7;107;298.987;284.795;279;340;280;278;547.02;546.007;60;279.531;1;0;;;2989.85;1;1
1270;0.2;52.5405;30.9;9.40789;39.9826;29.7;111;299.103;284.795;279;340;280;278;547.02;545.862;60;279.53;1;0;;;2988.8;1;1
1271;0.2;52.5405;30.9;9.40789;40.0839;29.7;110;299.421;284.795;279;340;280;278;546.875;545.862;60;279.527;1;0;;;2986.72;1;1
1272;0.2;52.5405;30.9;9.38951;40.2865;29.7;113;299.494;284.823;279;340;280;278;547.02;545.862;60;279.531;1;0;;;2985.68;1;1
1273;0.2;52.3669;30.9;9.34019;40.1939;29.7;109;299.421;284.823;279;340;280;278;547.02;545.862;60;279.539;1;0;;;2985.68;1;1
1274;0.2;52.5405;30.9;9.37116;40.3877;29.7;101;299.262;284.823;279;340;280;278;547.02;545.862;60;279.546;1;0;;;2984.63;1;1
1275;0.2;52.4363;30.9;9.35258;40.1823;29.7;100;299.219;284.816;279;340;280;278;547.02;545.718;60;279.55;1;0;;;2984.63;1;1
1276;0.2;52.338;30.9;9.35332;40.1765;29.7;97;299.421;284.816;279;340;280;278;547.02;545.862;60;279.556;1;0;;;2984.63;1;1
1277;0.2;52.4334;30.9;9.33375;40.1244;29.8;100;299.465;284.657;279;340;280;278;547.02;545.862;60;279.561;1;0;;;2984.63;1;1
1278;0.2;52.5521;30.9;9.33651;40.3877;29.8;102;300.058;284.657;279;340;280;278;547.02;545.862;60;279.563;1;0;;;2982.55;1;1
1279;0.2;52.4479;30.9;9.39131;40.489;29.8;101;300.043;284.65;279;340;280;278;547.02;545.862;60;279.559;1;0;;;2981.51;1;1
1280;0.2;52.4826;30.9;9.39753;40.3877;29.8;94;299.971;284.672;279;340;280;278;547.02;546.007;60;279.56;1;0;;;2978.38;1;1
1281;0.2;52.338;30.9;9.35332;40.2836;29.8;87;299.957;284.672;279;340;280;278;547.02;546.007;60;279.553;1;0;;;2977.34;1;1
1282;0.2;52.4334;30.9;9.37038;40.081;29.8;86;299.899;284.657;279;340;280;278;547.02;546.007;60;279.547;1;0;;;2977.34;1;1
1283;0.2;52.338;30.9;9.38991;40.0839;29.8;83;299.855;284.643;279;340;280;278;546.875;545.862;60;279.542;1;0;;;2975.26;1;1
1284;0.2;52.4219;30.9;9.35;39.7772;29.8;83;299.957;284.643;279;340;280;278;546.875;545.862;60;279.537;1;0;;;2975.26;1;1
1285;0.2;52.338;30.9;9.33503;39.9826;29.8;85;300.159;284.643;279;340;280;278;546.875;545.862;60;279.525;1;0;;;2974.42;1;1
1286;0.2;52.338;30.9;9.33503;40.3906;29.8;85;299.465;284.635;279;340;280;278;546.875;545.862;60;279.511;1;0;;;2974.42;1;1
1287;0.2;52.338;30.9;9.28018;40.489;29.8;83;299.363;284.643;279;340;280;278;546.875;545.862;60;279.498;1;0;;;2974.42;1;1
1288;0.2;52.6505;30.9;9.42758;40.5874;29.8;91;299.32;284.664;279;340;280;278;547.02;545.862;60;279.479;1;0;;;2974.42;1;1
1289;0.2;52.6418;30.9;9.40761;40.489;29.8;96;299.248;284.657;279;340;280;278;546.875;545.718;60;279.459;1;0;;;2974.42;1;1
1290;0.2;52.6447;30.9;9.37135;40.1968;29.8;96;299.219;284.65;279;340;280;278;546.875;545.862;60;279.436;1;0;;;2972.34;1;1
1291;0.2;52.5608;30.9;9.33805;40.1852;29.8;96;299.291;284.628;279;340;280;278;547.02;545.862;60;279.408;1;0;;;2972.34;1;1
1292;0.2;52.4392;30.9;9.33478;40.1852;29.8;98;299.363;284.628;279;340;280;278;547.02;545.862;60;279.385;1;0;;;2971.3;1;1
1293;0.2;52.4855;30.9;9.28801;40.3877;29.8;109;299.45;284.628;279;340;280;278;547.02;545.862;60;279.357;1;0;;;2969.01;1;1
1294;0.2;52.338;30.9;9.28018;40.7465;29.8;114;299.45;284.353;279;340;280;278;547.02;545.862;60;279.33;1;0;;;2965.89;1;1
1295;0.2;52.2367;30.9;9.28047;40.5845;29.8;119;299.363;284.353;279;340;280;278;547.164;546.007;60;279.307;1;0;;;2965.89;1;1
1296;0.2;52.2367;30.9;9.24398;40.489;29.8;130;299.32;284.375;279;340;280;278;547.164;546.007;60;279.289;1;0;;;2963.32;1;1
1297;0.2;52.4392;30.9;9.2615;40.5903;29.8;135;299.291;284.389;279;340;280;278;547.02;546.007;60;279.268;1;0;;;2962.28;1;1
1298;0.2;52.4392;30.9;9.29814;40.5816;29.8;135;299.291;284.31;279;340;280;278;547.164;546.007;60;279.249;1;0;;;2962.28;1;1
1299;0.2;52.5405;30.9;9.27939;40.3877;29.8;137;299.363;284.31;279;340;280;278;547.02;546.007;60;279.234;1;0;;;2962.28;1;1
1300;0.2;52.4392;30.9;9.31646;40.2836;29.8;137;299.306;284.389;279;340;280;278;546.875;545.862;60;279.219;1;0;;;2962.28;1;1
1301;0.2;52.338;30.9;9.24361;40.2865;29.8;137;299.725;284.317;279;340;280;278;546.73;545.718;60;279.198;1;0;;;2962.28;1;1
1302;0.2;52.2367;30.9;9.24398;40.2865;29.8;136;300.087;284.31;279;340;280;278;546.73;545.573;60;279.183;1;0;;;2961.24;1;1
1303;0.2;52.2135;30.9;9.25812;40.1852;29.8;138;300.014;284.303;279;340;280;278;546.586;545.573;60;279.17;1;0;;;2958.13;1;1
1304;0.2;51.93;31;9.50599;40.4948;29.8;138;299.899;284.317;279;340;280;278;546.586;545.573;60;279.159;1;0;;;2957.09;1;1
1305;0.2;52.2367;31;9.58038;40.1852;29.8;137;300.231;284.346;279;340;280;278;546.441;545.428;60;279.143;1;0;;;2957.09;1;1
1306;0.2;52.2338;31;9.54336;40.0839;29.8;137;300.159;284.339;279;340;280;278;546.586;545.573;60;279.133;1;0;;;2953.55;1;1
1307;0.2;52.1296;31;9.56075;40.2431;29.8;137;300.448;284.317;279;340;280;278;546.586;545.573;60;279.117;1;0;"CUSN8       ";;2952.51;1;1
1308;0.2;52.6215;31;9.59581;40.2865;29.8;138;301.071;284.339;279;340;280;278;546.875;545.862;60;279.104;1;0;;;2951.47;1;1
1309;0.2;52.3351;31;9.56186;40.1852;29.8;137;301.157;284.346;279;340;280;278;547.02;545.862;60;279.092;1;0;;;2950.43;1;1
1310;0.2;53.044;31;9.72844;40.2865;29.8;136;301.403;284.266;279;340;280;278;547.02;546.007;60;279.081;1;0;;;2950.43;1;1
1311;0.2;53.1453;31;9.72845;40.3877;29.8;137;301.345;284.266;279;340;280;278;547.02;546.007;60;279.072;1;0;;;2950.43;1;1
1312;0.2;52.9485;31;9.69243;40.4716;29.8;138;301.374;284.266;279;340;280;278;547.02;546.007;60;279.063;1;0;;;2950.43;1;1
1313;0.2;52.9485;31;9.63692;40.5903;29.8;137;301.91;284.411;279;340;280;278;547.02;546.007;60;279.056;1;0;;;2950.43;1;1
1314;0.2;52.5955;31;9.60944;40.5903;29.8;138;301.866;284.397;279;340;280;278;546.875;545.862;60;279.049;1;0;;;2950.43;1;1
1315;0.2;52.2135;31;9.53966;40.5903;29.8;138;302.691;284.426;279;340;280;278;547.454;546.152;60;279.044;1;0;;;2947.32;1;1
1316;0.2;52.1325;31;9.52485;40.489;29.8;135;302.749;284.411;279;340;280;278;548.032;546.875;60;279.038;1;0;;;2947.32;1;1
1317;0.2;52.1354;31;9.47072;40.4051;29.8;133;302.836;284.411;279;340;280;278;548.032;546.875;60;279.034;1;0;;;2945.63;1;1
1318;0.2;52.5405;31;9.61775;40.3877;29.8;135;303.212;284.418;279;340;280;278;547.888;546.586;60;279.03;1;0;;;2943.56;1;1
1319;0.2;52.6939;31;9.59057;40.3154;29.8;127;303.096;284.447;279;340;280;278;547.598;546.441;60;279.024;1;0;;;2940.45;1;1
1320;0.2;52.7893;31;9.62642;40.3877;29.8;122;302.98;284.455;279;340;280;278;547.454;546.296;60;279.021;1;0;;;2940.45;1;1
1321;0.2;52.5405;31;9.56266;40.3877;29.8;121;303.66;284.455;279;340;280;278;547.309;546.152;60;279.018;1;0;;;2940.03;1;1
1322;0.2;52.4566;31.1;9.88521;40.1852;29.8;114;303.704;284.484;279;340;280;278;547.164;546.152;60;279.016;1;0;;;2940.03;1;1
1323;0.2;52.3409;31.1;9.89999;40.081;29.8;104;303.776;284.462;279;340;280;278;547.164;546.007;60;279.014;1;0;;;2940.03;1;1
1324;0.2;52.338;31.1;9.88116;40.298;29.8;105;303.892;284.469;279;340;280;278;547.02;546.007;60;279.012;1;0;;;2937.96;1;1
1325;0.2;52.5405;31.1;9.97446;40.3877;29.8;107;304.008;284.469;279;340;280;278;546.875;545.718;60;279.014;1;0;;;2937.96;1;1
1326;0.2;52.4392;31.1;9.9186;40.3877;29.8;106;304.225;284.455;279;340;280;278;546.875;545.718;60;279.015;1;0;;;2937.96;1;1
1327;0.2;52.4392;31.1;9.90028;40.3877;29.8;101;304.051;284.455;279;340;280;278;546.875;545.718;60;279.022;1;0;;;2934.85;1;1
1328;0.2;52.2338;31.1;9.89799;40.3762;29.8;97;303.95;284.447;279;340;280;278;546.73;545.718;60;279.032;1;0;;;2930.71;1;1
1329;0.2;52.2338;31.1;9.91624;40.2865;29.8;97;303.964;284.455;279;340;280;278;546.73;545.718;60;279.045;1;0;;;2929.67;1;1
1330;0.2;52.4363;31.1;9.93637;40.2865;29.8;96;304.065;284.462;279;340;280;278;546.73;545.718;60;279.06;1;0;;;2927.6;1;1
1331;0.2;52.3582;31.1;9.90328;40.0926;29.8;97;304.196;284.469;279;340;280;278;546.73;545.573;60;279.076;1;0;;;2926.57;1;1
1332;0.2;52.1325;31.1;9.8788;40.1852;29.8;97;304.167;284.476;279;340;280;278;546.73;545.573;60;279.098;1;0;;;2926.57;1;1
1333;0.2;52.5405;31.1;9.99282;40.2778;29.8;95;304.051;284.476;279;340;280;278;546.586;545.573;60;279.121;1;0;;;2924.5;1;1
1334;0.2;52.8588;31.1;10.0718;40.081;29.8;87;303.964;284.484;279;340;280;278;546.586;545.428;60;279.15;1;0;;;2922.43;1;1
1335;0.2;52.8501;31.1;10.0517;40.2373;29.8;83;304.008;284.498;279;340;280;278;546.296;545.284;60;279.18;1;0;;;2922.43;1;1
1336;0.2;52.6418;31.2;10.3327;40.1765;29.8;81;304.08;284.512;279;340;280;278;546.296;545.284;60;279.216;1;0;;;2922.43;1;1
1337;0.2;52.4392;31.2;10.2929;39.9653;29.8;74;304.196;284.505;279;340;280;278;546.296;545.284;60;279.248;1;0;;;2922.43;1;1
1338;0.2;52.1441;31.2;10.235;39.9769;29.8;67;304.196;284.512;279;340;280;278;546.296;545.284;60;279.282;1;0;;;2922.43;1;1
1339;0.2;51.93;31.2;10.2111;40.2865;29.8;64;304.08;284.52;279;340;280;278;546.296;545.284;60;279.318;1;0;;;2922.43;1;1
1340;0.2;52.5289;31.2;10.3656;40.3877;29.8;56;303.776;284.527;279;340;280;278;546.296;545.139;60;279.354;1;0;;;2919.33;1;1
1341;0.2;52.6418;31.2;10.3879;40.081;29.8;49;303.704;284.527;279;340;280;278;546.296;545.139;60;279.396;1;0;;;2916.23;1;1
1342;0.2;52.6418;31.2;10.3695;39.9566;29.8;47;303.704;284.527;279;340;280;278;546.152;545.139;60;279.43;1;0;;;2914.17;1;1
1343;0.2;52.5116;31.2;10.3438;39.9855;29.8;41;303.877;284.527;279;340;280;278;546.007;544.994;60;279.472;1;0;;;2913.13;1;1
1344;0.2;52.4479;31.2;10.3679;40.0116;29.8;37;303.183;284.512;279;340;280;278;546.007;544.994;60;279.501;1;0;;;2913.03;1;1
1345;0.2;52.0284;31.2;10.3032;40.0839;29.8;32;303.197;284.498;279;340;280;278;546.007;544.994;60;279.54;1;0;;;2913.03;1;1
1346;0.2;52.1325;31.2;10.2874;40.1852;29.8;26;303.096;284.498;279;340;280;278;546.152;544.994;60;279.58;1;0;;;2911.99;1;1
1347;0.2;52.2338;31.2;10.3439;40.1852;29.8;23;302.763;284.498;279;340;280;278;546.007;544.994;60;279.616;1;0;;;2911.99;1;1
1348;0.2;52.2367;31.2;10.381;40.1852;29.8;21;302.705;284.505;279;340;280;278;546.007;544.849;60;279.654;1;0;;;2911.99;1;1
1349;0.2;52.0399;31.2;10.36;40.1852;29.8;17;301.924;284.505;279;340;280;278;546.007;544.994;60;279.688;1;0;;;2911.99;1;1
1350;0.2;52.338;31.2;10.3096;40.3906;29.8;2;302.011;284.505;279;340;280;278;546.296;545.139;60;279.721;1;0;;;2911.99;1;1
1351;0.2;52.1325;31.2;10.3785;40.298;29.8;0;301.591;284.621;279;340;280;278;546.152;545.139;60;279.753;1;0;"CUSN8       ";;2910.96;1;1
1352;0.2;52.0312;31.2;10.3765;40.3877;29.8;0;301.519;284.628;279;340;280;278;546.296;545.284;60;279.782;1;0;;;2906.83;1;1
1353;0.2;52.0312;31.2;10.3947;40.3675;29.7;0;300.998;284.672;279;340;280;278;546.296;545.284;60;279.806;1;0;;;2906.83;1;1
1354;0.2;52.3351;31.2;10.4554;40.2865;29.7;0;300.911;284.281;279;340;280;278;546.296;545.284;60;279.828;1;0;;;2905.8;1;1
1355;0.2;52.445;31.2;10.459;40.2865;29.7;0;300.318;284.274;279;340;280;278;546.296;545.139;60;279.848;1;0;;;2903.74;1;1
1356;0.2;52.1325;31.2;10.4149;40.081;29.7;0;299.971;284.274;279;340;280;278;546.296;545.139;60;279.865;1;0;;;2903.74;1;1
1357;0.2;52.3351;31.2;10.4005;40.1852;29.7;0;300.087;284.281;279;340;280;278;546.296;545.139;60;279.88;1;0;;;2903.74;1;1
1358;0.2;52.4421;31.1;10.1573;40.1852;29.7;0;299.552;284.288;279;340;280;278;546.296;545.139;60;279.893;1;0;;;2902.71;1;1
1359;0.2;52.2859;31.1;10.0723;40.489;29.7;0;299.117;284.295;279;340;280;278;546.152;545.139;60;279.905;1;0;;;2901.9;1;1
1360;0.2;52.5405;31.1;10.158;40.3877;29.7;0;299.045;284.295;279;340;280;278;546.296;544.994;60;279.916;1;0;;;2901.9;1;1
1361;0.2;52.7402;31.1;10.1414;40.1852;29.7;0;298.423;284.303;279;340;280;278;546.007;545.139;60;279.925;1;0;;;2901.9;1;1
1362;0.2;52.4363;31.1;10.1013;40.1852;29.7;0;297.888;284.375;279;340;280;278;546.152;544.994;60;279.926;1;0;;;2900.87;1;1
1363;0.2;52.2367;31.1;10.1175;40.1881;29.7;0;297.859;284.375;279;340;280;278;546.007;544.994;60;279.925;1;0;;;2900.04;1;1
1364;0.2;52.5405;31.1;10.1947;40.0839;29.7;2;297.555;284.382;279;340;280;278;546.152;544.705;60;279.931;1;0;;;2899.01;1;1
1365;0.2;52.5955;31.1;10.1503;39.9826;29.7;6;297.02;284.389;279;340;280;278;545.862;544.849;60;279.936;1;0;;;2894.93;1;1
1366;0.2;52.5376;31.1;10.2125;40.0868;29.6;13;297.063;284.397;279;340;280;278;546.007;544.705;60;279.922;1;0;;;2894.93;1;1
1367;0.2;52.1296;31.1;10.115;39.9913;29.6;21;296.658;284.404;279;340;280;278;545.862;544.705;60;279.903;1;0;;;2893.62;1;1
1368;0.2;51.7274;31;9.70385;40.2865;29.6;22;295.833;284.455;279;340;280;278;545.718;544.705;60;279.884;1;0;;;2891.56;1;1
1369;0.2;52.1325;31;9.79806;40.5903;29.6;28;295.804;284.397;279;340;280;278;545.718;544.56;60;279.865;1;0;;;2891.56;1;1
1370;0.2;52.4392;31;9.87402;40.3848;29.6;43;295.414;284.397;279;340;280;278;545.718;544.416;60;279.841;1;0;;;2891.56;1;1
1371;0.2;52.6013;31;9.92293;40.4919;29.6;53;294.893;284.447;279;340;280;278;545.573;544.56;60;279.812;1;0;;;2890.54;1;1
1372;0.2;52.5405;31;9.94818;40.5932;29.6;69;294.994;284.418;279;340;280;278;545.862;544.56;60;279.788;1;0;;;2889.51;1;1
1373;0.2;52.2338;31;9.81709;40.5903;29.6;82;294.69;284.382;279;340;280;278;545.718;544.705;60;279.766;1;0;;;2889.51;1;1
1374;0.2;52.1325;31;9.87093;40.4919;29.6;93;294.358;284.397;279;340;280;278;545.718;544.56;60;279.744;1;0;;;2888.48;1;1
1375;0.2;52.4392;30.9;9.49967;40.3877;29.6;104;293.895;284.447;279;340;280;278;545.718;544.56;60;279.719;1;0;;;2885.39;1;1
1376;0.2;52.7431;30.9;9.61001;40.136;29.6;109;293.793;284.397;279;340;280;278;545.573;544.416;60;279.702;1;0;;;2885.39;1;1
1377;0.2;52.6447;30.9;9.59209;40.0839;29.6;126;293.75;284.353;279;340;280;278;545.718;544.56;60;279.682;1;0;;;2879.38;1;1
1378;0.2;52.5405;30.9;9.55473;40.2865;29.6;139;293.851;284.411;279;340;280;278;545.718;544.705;60;279.66;1;0;;;2879.38;1;1
1379;0.2;52.4392;30.9;9.53631;40.3877;29.6;142;293.967;284.44;279;340;280;278;545.718;544.705;60;279.643;1;0;;;2879.38;1;1
1380;0.2;52.7431;30.9;9.57314;40.1852;29.5;145;293.953;284.389;279;340;280;278;545.862;544.705;60;279.627;1;0;;;2877.33;1;1
1381;0.2;52.6418;30.9;9.60995;40.0839;29.5;152;293.938;284.389;279;340;280;278;545.862;544.56;60;279.612;1;0;;;2877.33;1;1
1382;0.2;52.5376;30.8;9.1975;40.1939;29.5;156;293.837;284.411;279;340;280;278;545.718;544.705;60;279.599;1;0;;;2877.33;1;1
1383;0.2;52.2569;30.8;9.20316;39.945;29.6;159;294.198;284.404;279;340;280;278;545.718;544.56;60;279.588;1;0;;;2877.33;1;1
1384;0.2;52.7459;30.8;9.2524;39.8785;29.6;161;294.329;284.426;279;340;280;278;545.718;544.56;60;279.574;1;0;;;2877.33;1;1
1385;0.2;52.7431;30.8;9.2519;39.8987;29.6;161;294.546;284.382;279;340;280;278;545.573;544.416;60;279.563;1;0;;;2877.33;1;1
1386;0.2;53.151;30.8;9.32346;40.3877;29.6;159;294.994;284.484;279;340;280;278;545.573;544.56;60;279.553;1;0;;;2875.69;1;1
1387;0.2;53.0498;30.8;9.34279;40.5903;29.6;157;294.864;284.44;279;340;280;278;545.428;544.416;60;279.537;1;0;;;2874.64;1;1
1388;0.2;52.6418;30.8;9.23413;40.489;29.6;154;295.341;284.484;279;340;280;278;545.428;544.271;60;279.522;1;0;;;2873.62;1;1
1389;0.2;52.7431;30.8;9.3072;40.3877;29.6;148;295.284;284.476;279;340;280;278;545.573;544.416;60;279.511;1;0;;;2871.56;1;1
1390;0.2;52.7431;30.8;9.28877;40.5903;29.6;148;295.819;284.484;279;340;280;278;545.428;544.271;60;279.502;1;0;;;2869.57;1;1
1391;0.2;52.4624;30.8;9.25767;40.5903;29.6;150;296.398;284.136;279;340;280;278;545.284;544.126;60;279.493;1;0;;;2868.92;1;1
1392;0.2;52.4392;30.8;9.2719;40.6944;29.6;145;296.484;284.122;279;340;280;278;545.284;544.126;60;279.482;1;0;;;2868.92;1;1
1393;0.2;52.6418;30.8;9.27094;40.489;29.6;136;297.005;284.107;279;340;280;278;545.284;544.271;60;279.473;1;0;;;2867.89;1;1
1394;0.2;52.4392;30.8;9.30854;40.7031;29.7;136;296.875;284.107;279;340;280;278;545.284;544.126;60;279.465;1;0;;;2867.89;1;1
1395;0.2;52.5405;30.8;9.27145;40.6944;29.7;131;297.251;284.115;279;340;280;278;545.284;544.126;60;279.458;1;0;;;2864.81;1;1
1396;0.2;52.4392;30.8;9.2719;40.3877;29.7;117;297.83;284.115;279;340;280;278;545.284;544.126;60;279.451;1;0;;;2864.81;1;1
1397;0.2;52.6418;30.8;9.25255;40.3791;29.7;113;297.931;284.122;279;340;280;278;545.284;544.271;60;279.445;1;0;;;2864.81;1;1
1398;0.2;52.6418;30.8;9.27094;40.2865;29.7;112;298.409;284.122;279;340;280;278;545.139;544.126;60;279.434;1;0;;;2862.76;1;1
1399;0.2;52.7431;30.8;9.32562;40.2865;29.7;109;298.466;284.129;279;340;280;278;545.139;544.126;60;279.428;1;0;"CUSN8       ";;2861.73;1;1
1400;0.2;52.4392;30.8;9.2719;40.2865;29.7;100;298.438;283.876;279;340;280;278;545.139;544.126;60;279.416;1;0;;;2861.73;1;1
1401;0.2;52.1354;30.8;9.2364;40.3877;29.8;99;298.987;283.876;279;340;280;278;545.284;544.126;60;279.407;1;0;;;2859.68;1;1
1402;0.2;52.5434;30.8;9.27197;40.2488;29.8;99;298.886;283.898;279;340;280;278;545.284;544.126;60;279.394;1;0;;;2857.67;1;1
1403;0.2;52.7459;30.8;9.32613;40.2865;29.8;96;298.828;283.869;279;340;280;278;545.428;544.271;60;279.381;1;0;;;2857.67;1;1
1404;0.2;52.9485;30.8;9.36195;40.2865;29.8;93;298.929;283.869;279;340;280;278;545.428;544.271;60;279.373;1;0;;;2855.62;1;1
1405;0.2;52.7431;30.8;9.32562;40.1823;29.8;92;299.421;283.832;279;340;280;278;545.573;544.271;60;279.365;1;0;;;2854.59;1;1
1406;0.2;52.4392;30.8;9.25358;40.081;29.8;92;299.465;283.832;279;340;280;278;545.428;544.271;60;279.35;1;0;;;2853.57;1;1
1407;0.2;52.228;30.8;9.19806;39.8785;29.8;87;299.479;283.832;279;340;280;278;545.284;544.126;60;279.335;1;0;;;2853.57;1;1
1408;0.2;52.1325;30.8;9.21767;39.8351;29.8;91;299.392;283.825;279;340;280;278;545.284;544.126;60;279.321;1;0;;;2852.54;1;1
1409;0.2;52.1383;30.8;9.2187;39.8785;29.8;92;299.306;283.601;279;340;280;278;545.284;544.126;60;279.304;1;0;;;2852.54;1;1
1410;0.2;52.1267;30.8;9.23486;40.0839;29.8;97;299.233;283.608;279;340;280;278;545.139;543.982;60;279.292;1;0;;;2852.54;1;1
1411;0.2;51.93;30.9;9.55257;40.3877;29.8;97;299.87;283.615;279;340;280;278;545.139;543.982;60;279.281;1;0;;;2849.47;1;1
1412;0.2;52.2338;30.9;9.59021;40.3877;29.8;104;299.899;283.652;279;340;280;278;545.139;543.982;60;279.268;1;0;;;2849.47;1;1
1413;0.2;52.3322;30.9;9.60828;40.1852;29.8;97;299.986;283.63;279;340;280;278;545.139;543.982;60;279.249;1;0;;;2848.45;1;1
1414;0.2;52.4392;30.9;9.62793;40.0839;29.8;96;300.087;283.579;279;340;280;278;545.139;543.982;60;279.232;1;0;;;2844.35;1;1
1415;0.2;52.2338;30.9;9.62671;40.2865;29.8;99;300.058;283.623;279;340;280;278;545.139;543.982;60;279.216;1;0;;;2843.33;1;1
1416;0.2;52.4826;30.9;9.65424;40.2865;29.8;99;299.942;283.63;279;340;280;278;544.994;543.982;60;279.198;1;0;;;2843.33;1;1
1417;0.2;52.5955;30.9;9.65662;40.1071;29.8;102;299.913;283.615;279;340;280;278;544.994;543.982;60;279.175;1;0;;;2843.33;1;1
1418;0.2;52.4479;30.9;9.66617;40.0839;29.8;105;299.841;283.615;279;340;280;278;544.994;543.982;60;279.155;1;0;;;2843.33;1;1
1419;0.2;52.4392;30.9;9.70121;40.0839;29.8;106;299.942;283.644;279;340;280;278;544.849;543.982;60;279.137;1;0;;;2842.31;1;1
1420;0.2;52.4392;30.9;9.66457;39.7772;29.8;108;300.029;283.623;279;340;280;278;544.994;543.837;60;279.113;1;0;;;2840.11;1;1
1421;0.2;52.6418;30.9;9.68351;39.9769;29.8;113;300.101;283.232;279;340;280;278;544.849;543.837;60;279.091;1;0;;;2840.11;1;1
1422;0.2;52.6418;30.9;9.7019;40.2865;29.8;123;300.101;283.232;279;340;280;278;544.849;543.692;60;279.066;1;0;;;2840.11;1;1
1423;0.2;52.9485;30.9;9.70294;39.9797;29.8;133;299.986;283.247;279;340;280;278;544.705;543.692;60;279.038;1;0;;;2838.07;1;1
1424;0.2;52.7459;30.9;9.73952;40.0839;29.8;135;299.899;283.254;279;340;280;278;544.849;543.692;60;279.011;1;0;;;2837.04;1;1
1425;0.2;52.5405;30.9;9.70159;40.2865;29.8;140;299.855;283.406;279;340;280;278;544.705;543.547;60;278.994;1;0;;;2836.02;1;1
1426;0.2;52.5405;31;10.095;40.2865;29.8;148;299.942;283.413;279;340;280;278;544.705;543.547;60;278.968;1;0;;;2832.96;1;1
1427;0.2;52.474;31;10.0456;40.1852;29.8;151;300.246;283.261;279;340;280;278;544.705;543.547;60;278.95;1;0;;;2830.91;1;1
1428;0.2;52.6389;31;10.0588;40.2865;29.8;152;300.825;283.42;279;340;280;278;544.705;543.692;60;278.933;1;0;;;2830.91;1;1
1429;0.2;52.7431;31;10.1155;40.1881;29.8;150;300.347;283.254;279;340;280;278;544.705;543.692;60;278.915;1;0;;;2828.46;1;1
1430;0.2;52.4334;31;10.0195;40.3906;29.8;157;300.738;283.435;279;340;280;278;544.705;543.692;60;278.898;1;0;;;2827.44;1;1
1431;0.2;52.338;31;10.0012;40.3877;29.8;164;300.984;283.435;279;340;280;278;544.705;543.692;60;278.881;1;0;;;2827.44;1;1
1432;0.2;52.4363;31;10.0384;40.1852;29.8;166;300.897;283.442;279;340;280;278;544.705;543.692;60;278.863;1;0;;;2826.42;1;1
1433;0.2;52.7431;31;10.0971;40.1852;29.8;162;300.897;283.449;279;340;280;278;544.705;543.692;60;278.845;1;0;;;2826.42;1;1
1434;0.2;52.5405;31;10.0767;40.3877;29.8;163;301.722;283.456;279;340;280;278;544.705;543.692;60;278.828;1;0;;;2826.42;1;1
1435;0.2;52.4392;31;10.0573;40.3877;29.8;165;301.823;283.456;279;340;280;278;544.705;543.692;60;278.813;1;0;;;2825.4;1;1
1436;0.2;52.4392;31;9.98396;40.2951;29.8;155;301.881;283.442;279;340;280;278;544.705;543.547;60;278.801;1;0;;;2822.34;1;1
1437;0.2;52.2338;31;10.0179;40.1852;29.8;163;302.083;283.442;279;340;280;278;544.849;543.692;60;278.791;1;0;;;2822.34;1;1
1438;0.2;52.2367;31;10.0184;40.2951;29.8;169;301.982;283.449;279;340;280;278;544.849;543.692;60;278.778;1;0;;;2820.86;1;1
1439;0.2;52.4392;31;10.0756;40.3877;29.8;160;302.633;283.456;279;340;280;278;544.849;543.692;60;278.767;1;0;;;2817.8;1;1
1440;0.2;52.2367;31;10.0001;40.2865;29.8;158;302.648;283.456;279;340;280;278;544.705;543.692;60;278.759;1;0;;;2817.8;1;1
1441;0.2;51.93;31;9.95959;40.1852;29.8;151;302.995;283.413;279;340;280;278;544.705;543.547;60;278.749;1;0;;;2816.78;1;1
1442;0.2;51.93;31;9.97773;40.0839;29.8;147;303.111;283.478;279;340;280;278;544.56;543.403;60;278.738;1;0;;;2816.78;1;1
1443;0.2;52.6736;31.1;10.4046;40.0839;29.8;143;303.964;283.464;279;340;280;278;544.56;543.403;60;278.731;1;0;;;2815.76;1;1
1444;0.2;52.7431;31.1;10.4367;40.2517;29.8;143;303.356;283.21;279;340;280;278;544.56;543.547;60;278.728;1;0;;;2815.76;1;1
1445;0.2;52.7459;31.1;10.4742;40.2865;29.8;136;303.805;283.087;279;340;280;278;544.416;543.403;60;278.716;1;0;;;2815.76;1;1
1446;0.2;52.474;31.1;10.4385;40.1852;29.8;139;303.993;283.095;279;340;280;278;544.56;543.403;60;278.708;1;0;;;2815.76;1;1
1447;0.2;52.827;31.1;10.4534;40.3877;29.8;143;303.935;283.095;279;340;280;278;544.416;543.403;60;278.699;1;0;;;2815.76;1;1
1448;0.2;52.7459;31.1;10.4558;40.3877;29.8;136;304.051;283.102;279;340;280;278;544.416;543.258;60;278.69;1;0;;;2814.75;1;1
1449;0.2;52.5405;31.1;10.3967;40.1997;29.8;135;304.413;283.102;279;340;280;278;544.416;543.258;60;278.68;1;0;;;2813.73;1;1
1450;0.2;52.338;31.1;10.3749;40.2865;29.8;131;304.442;283.109;279;340;280;278;544.271;543.258;60;278.671;1;0;;;2811.69;1;1
1451;0.2;52.5405;31.1;10.415;40.3877;29.9;121;304.413;283.109;279;340;280;278;544.271;543.258;60;278.663;1;0;;;2808.63;1;1
1452;0.2;52.2309;31.1;10.3172;40.2865;29.9;124;304.34;283.102;279;340;280;278;544.271;543.258;60;278.661;1;0;;;2807.61;1;1
1453;0.2;52.2367;31.1;10.3548;40.3848;29.9;130;304.326;283.087;279;340;280;278;544.271;543.258;60;278.652;1;0;;;2806.6;1;1
1454;0.2;52.1325;31.2;10.6517;40.4167;29.9;127;305.02;283.095;279;340;280;278;544.271;543.258;60;278.646;1;0;;;2805.58;1;1
1455;0.2;52.1325;31.2;10.6699;40.3906;29.9;127;304.991;283.095;279;340;280;278;544.271;543.258;60;278.643;1;0;;;2804.56;1;1
1456;0.2;51.8287;31.2;10.6258;40.2575;29.9;118;305.165;283.102;279;340;280;278;544.271;543.113;60;278.639;1;0;;;2804.56;1;1
1457;0.2;51.93;31.2;10.6285;39.9797;29.9;118;305.266;283.102;279;340;280;278;544.126;543.113;60;278.635;1;0;;;2803.54;1;1
1458;0.2;52.5579;31.2;10.7386;39.8785;29.9;118;305.237;283.102;279;340;280;278;544.126;543.113;60;278.631;1;0;;;2803.54;1;1
1459;0.2;52.6852;31.2;10.8014;40.0839;29.9;120;305.122;283.109;279;340;280;278;544.271;543.113;60;278.628;1;0;;;2803.54;1;1
1460;0.2;52.6765;31.2;10.7628;40.0839;29.9;123;305.02;283.109;279;340;280;278;544.271;543.113;60;278.628;1;0;;;2802.53;1;1
1461;0.2;52.338;31.2;10.7302;40.0839;29.9;122;305.035;283.095;279;340;280;278;544.271;543.113;60;278.631;1;0;;;2800.66;1;1
1462;0.2;52.3293;31.2;10.7102;40.0839;29.9;122;305.15;283.095;279;340;280;278;544.271;543.113;60;278.639;1;0;;;2798.62;1;1
1463;0.2;52.1325;31.2;10.7063;40.3501;29.9;122;305.252;283.095;279;340;280;278;544.126;543.258;60;278.645;1;0;;;2797.44;1;1
1464;0.2;52.2367;31.2;10.6912;40.3877;29.9;122;305.237;283.102;279;340;280;278;544.271;543.113;60;278.652;1;0;;;2797.44;1;1
1465;0.2;51.8287;31.2;10.6258;40.3877;29.9;121;305.15;283.102;279;340;280;278;544.271;543.113;60;278.657;1;0;;;2797.44;1;1
1466;0.2;51.7245;31.2;10.6045;40.2865;29.9;120;305.83;283.109;279;340;280;278;544.271;543.113;60;278.662;1;0;;;2794.39;1;1
1467;0.2;52.0023;31.2;10.6433;40.2373;29.8;116;305.773;283.109;279;340;280;278;544.271;543.113;60;278.668;1;0;;;2793.37;1;1
1468;0.2;52.0312;31.2;10.6492;40.0839;29.8;111;305.758;283.109;279;340;280;278;544.271;543.113;60;278.673;1;0;;;2793.37;1;1
1469;0.2;52.0312;31.2;10.6674;40.2865;29.8;107;305.787;283.095;279;340;280;278;544.271;543.258;60;278.676;1;0;;;2793.37;1;1
1470;0.2;52.1325;31.3;11.0056;40.1823;29.8;101;305.903;283.095;279;340;280;278;544.271;543.258;60;278.678;1;0;;;2793.37;1;1
1471;0.2;52.1325;31.3;10.9692;39.8785;29.8;105;305.252;283.095;279;340;280;278;544.416;543.403;60;278.68;1;0;;;2793.37;1;1
1472;0.2;51.9155;31.3;10.978;40.0839;29.8;112;305.194;283.102;279;340;280;278;544.271;543.258;60;278.683;1;0;;;2792.96;1;1
1473;0.2;52.4653;31.3;11.0575;40.1707;29.8;112;305.093;283.102;279;340;280;278;544.271;543.258;60;278.684;1;0;;;2790.92;1;1
1474;0.2;52.5318;31.3;11.0899;40.1852;29.8;112;305.006;283.109;279;340;280;278;544.271;543.258;60;278.686;1;0;;;2789.91;1;1
1475;0.2;52.4711;31.3;11.0221;40.0839;29.8;112;304.977;283.109;279;340;280;278;544.271;543.258;60;278.687;1;0;;;2786.86;1;1
1476;0.2;52.1296;31.3;10.9868;39.8756;29.8;112;305.122;283.109;279;340;280;278;544.271;543.113;60;278.689;1;0;;;2784.83;1;1
1477;0.2;52.0312;31.3;10.9479;39.9826;29.8;109;305.252;283.095;279;340;280;278;544.126;543.113;60;278.688;1;0;;;2783.82;1;1
1478;0.2;52.1325;31.3;11.0603;40.0174;29.8;107;305.237;283.095;279;340;280;278;544.126;543.258;60;278.68;1;0;;;2782.8;1;1
1479;0.2;51.8576;31.3;11.0201;39.7772;29.8;107;305.136;283.095;279;340;280;278;544.126;543.113;60;278.672;1;0;;;2782.8;1;1
1480;0.2;52.338;31.3;11.0124;39.7801;29.8;106;305.035;283.095;279;340;280;278;544.126;542.969;60;278.664;1;0;;;2781.79;1;1
1481;0.2;52.1094;31.3;10.9825;39.9826;29.8;106;304.991;283.102;279;340;280;278;543.982;542.969;60;278.657;1;0;;;2781.79;1;1
1482;0.2;51.93;31.3;10.9447;40.0839;29.7;106;305.093;283.102;279;340;280;278;543.982;542.969;60;278.651;1;0;;;2781.79;1;1
1483;0.2;52.1325;31.3;11.0421;40.1852;29.7;106;305.223;283.109;279;340;280;278;543.982;542.824;60;278.642;1;0;;;2781.79;1;1
1484;0.2;52.338;31.3;11.049;40.0839;29.7;107;305.252;283.109;279;340;280;278;543.982;542.824;60;278.634;1;0;;;2779.48;1;1
1485;0.2;52.5723;31.3;11.0985;39.9797;29.7;106;305.136;283.109;279;340;280;278;543.982;542.969;60;278.628;1;0;;;2779.48;1;1
1486;0.2;52.338;31.3;11.1039;39.9826;29.7;107;305.093;283.102;279;340;280;278;543.982;542.824;60;278.625;1;0;;;2779.48;1;1
1487;0.2;52.0312;31.3;11.0206;39.9826;29.7;108;304.557;283.095;279;340;280;278;543.982;542.824;60;278.621;1;0;;;2776.43;1;1
1488;0.2;51.93;31.3;10.9992;40.0839;29.7;116;304.514;283.095;279;340;280;278;543.982;542.969;60;278.623;1;0;;;2775.41;1;1
1489;0.2;52.2367;31.3;11.0459;40.1852;29.7;126;304.572;283.102;279;340;280;278;543.982;542.824;60;278.627;1;0;;;2775.41;1;1
1490;0.2;52.5405;31.3;11.1101;40.1852;29.7;129;304.659;283.102;279;340;280;278;543.982;542.969;60;278.635;1;0;;;2774.4;1;1
1491;0.2;52.5405;31.3;11.1285;40.3877;29.7;126;304.745;283.109;279;340;280;278;543.982;542.824;60;278.642;1;0;;;2771.36;1;1
1492;0.2;52.6302;31.3;11.1291;40.2575;29.7;126;304.745;283.109;279;340;280;278;543.982;542.969;60;278.652;1;0;;;2771.36;1;1
1493;0.2;52.2338;31.3;10.9905;39.9797;29.7;122;304.673;283.102;279;340;280;278;543.982;542.824;60;278.669;1;0;;;2770.35;1;1
1494;0.2;52.3351;31.3;11.1215;40.1852;29.7;126;304.63;283.087;279;340;280;278;543.982;542.969;60;278.682;1;0;;;2770.35;1;1
1495;0.2;52.0284;31.3;10.9473;40.3877;29.6;128;304.051;283.087;279;340;280;278;543.982;542.824;60;278.694;1;0;;;2770.35;1;1
1496;0.2;52.2367;31.3;11.0276;40.1852;29.6;122;303.95;283.095;279;340;280;278;543.982;542.969;60;278.712;1;0;;;2769.34;1;1
1497;0.2;52.338;31.3;11.0307;40.0839;29.6;127;304.022;283.102;279;340;280;278;543.982;542.969;60;278.728;1;0;;;2767.31;1;1
1498;0.2;52.1325;31.3;10.9874;40.0839;29.6;133;304.167;283.102;279;340;280;278;543.982;542.969;60;278.744;1;0;;;2766.3;1;1
1499;0.2;52.0312;31.3;11.0206;40.1852;29.6;133;304.239;283.102;279;340;280;278;543.982;542.824;60;278.759;1;0;;;2764.27;1;1
1500;0.2;52.2859;31.3;11.0197;40.2865;29.6;127;304.167;283.109;279;340;280;278;543.982;542.969;60;278.776;1;0;"CUSN8       ";;2762.25;1;1
1501;0.2;52.3351;31.3;11.0484;40.1852;29.6;122;304.065;283.109;279;340;280;278;544.126;542.969;60;278.789;1;0;;;2760.63;1;1
1502;0.2;52.5405;31.3;11.0734;40.0839;29.6;122;303.979;283.109;279;340;280;278;543.982;542.969;60;278.802;1;0;;;2760.63;1;1
1503;0.2;52.1788;31.3;10.9972;40.1852;29.6;118;303.979;283.102;279;340;280;278;543.982;542.824;60;278.814;1;0;;;2759.62;1;1
1504;0.2;52.1296;31.3;10.9868;40.0839;29.6;113;304.138;283.087;279;340;280;278;544.126;542.824;60;278.823;1;0;;;2759.62;1;1
1505;0.2;52.1123;31.3;11.0196;39.8785;29.6;113;304.239;283.095;279;340;280;278;544.126;542.824;60;278.832;1;0;;;2759.62;1;1
1506;0.2;51.8547;31.2;10.5225;39.9769;29.6;108;304.123;283.102;279;340;280;278;543.982;542.824;60;278.841;1;0;;;2759.62;1;1
1507;0.2;51.93;31.2;10.5921;40.1852;29.6;100;304.065;283.095;279;340;280;278;543.982;542.824;60;278.849;1;0;;;2759.62;1;1
1508;0.2;52.1209;31.2;10.5765;40.489;29.6;97;303.993;283.102;279;340;280;278;543.982;542.824;60;278.855;1;0;;;2758.61;1;1
1509;0.2;52.0312;31.2;10.6128;40.4688;29.6;97;304.094;283.109;279;340;280;278;543.982;542.824;60;278.86;1;0;;;2756.59;1;1
1510;0.2;51.956;31.2;10.5975;40.1852;29.6;93;304.21;283.109;279;340;280;278;543.837;542.824;60;278.865;1;0;;;2755.58;1;1
1511;0.2;52.0312;31.2;10.5946;40.0839;29.6;87;304.225;283.109;279;340;280;278;543.982;542.824;60;278.872;1;0;;;2753.56;1;1
1512;0.2;52.1325;31.2;10.7063;40.0723;29.6;87;304.138;283.102;279;340;280;278;543.982;542.824;60;278.875;1;0;;;2748.51;1;1
1513;0.2;52.338;31.2;10.7302;39.9826;29.6;85;304.051;283.087;279;340;280;278;543.982;542.969;60;278.878;1;0;;;2748.51;1;1
1514;0.2;52.338;31.2;10.6754;40.0839;29.6;85;303.993;283.087;279;340;280;278;543.982;542.969;60;278.88;1;0;;;2748.51;1;1
1515;0.2;52.5405;31.2;10.7718;40.3877;29.6;83;303.863;283.095;279;340;280;278;543.982;542.824;60;278.883;1;0;;;2746.4;1;1
1516;0.2;52.9022;31.2;10.8089;40.3877;29.6;84;303.342;283.095;279;340;280;278;543.982;542.824;60;278.885;1;0;;;2746.4;1;1
1517;0.2;52.338;31.2;10.712;40.1939;29.6;84;303.342;283.102;279;340;280;278;543.837;542.824;60;278.889;1;0;;;2746.4;1;1
1518;0.2;52.1499;31.2;10.6552;39.9797;29.6;89;303.429;283.109;279;340;280;278;543.692;542.679;60;278.891;1;0;;;2745.39;1;1
1519;0.2;52.338;31.2;10.7302;39.8785;29.6;92;303.4;283.109;279;340;280;278;543.837;542.679;60;278.892;1;0;;;2745.39;1;1
1520;0.2;52.4103;31.2;10.7268;39.7772;29.6;87;303.284;283.109;279;340;280;278;543.692;542.679;60;278.898;1;0;;;2744.39;1;1
1521;0.2;52.2338;31.2;10.6359;39.8814;29.6;82;303.299;283.102;279;340;280;278;543.837;542.824;60;278.898;1;0;;;2743.38;1;1
1522;0.2;52.5434;31.2;10.7173;40.1852;29.6;80;302.951;283.087;279;340;280;278;543.837;542.679;60;278.898;1;0;;;2742.37;1;1
1523;0.2;52.3409;31.2;10.676;40.2865;29.6;89;302.937;283.087;279;340;280;278;543.837;542.679;60;278.898;1;0;;;2742.37;1;1
1524;0.2;52.338;31.2;10.6936;40.2865;29.6;92;303.067;283.095;279;340;280;278;543.837;542.824;60;278.898;1;0;;;2739.34;1;1
1525;0.2;52.3148;31.2;10.6524;40.3877;29.6;94;303.168;283.095;279;340;280;278;543.982;542.969;60;278.891;1;0;;;2738.4;1;1
1526;0.2;52.338;31.2;10.6936;40.2865;29.6;93;302.431;283.102;279;340;280;278;543.837;542.824;60;278.881;1;0;;;2736.38;1;1
1527;0.2;52.4016;31.2;10.7067;40.1823;29.6;93;302.604;283.109;279;340;280;278;543.837;542.679;60;278.873;1;0;;;2735.29;1;1
1528;0.2;52.4392;31.2;10.7327;40.1852;29.6;98;302.517;283.109;279;340;280;278;543.837;542.679;60;278.867;1;0;;;2735.29;1;1
1529;0.2;52.338;31.1;10.3749;40.0839;29.6;101;302.517;283.102;279;340;280;278;543.692;542.679;60;278.86;1;0;;;2735.29;1;1
1530;0.2;52.4219;31.1;10.3549;40.1852;29.6;106;302.214;283.102;279;340;280;278;543.837;542.679;60;278.853;1;0;;;2734.28;1;1
1531;0.2;52.4392;31.1;10.3766;40.3877;29.6;115;302.098;283.087;279;340;280;278;543.692;542.679;60;278.847;1;0;;;2734.28;1;1
1532;0.2;52.0284;31.1;10.3135;40.3877;29.6;122;302.17;283.095;279;340;280;278;543.837;542.824;60;278.842;1;0;;;2734.28;1;1
1533;0.2;51.9329;31.1;10.2764;40.5845;29.6;127;302.054;283.102;279;340;280;278;543.837;542.824;60;278.838;1;0;;;2733.27;1;1
1534;0.2;52.3293;31.1;10.3549;40.4919;29.6;135;301.968;283.102;279;340;280;278;543.837;542.824;60;278.834;1;0;;;2732.26;1;1
1535;0.2;52.4306;31.1;10.3383;40.2922;29.6;133;301.91;283.109;279;340;280;278;543.982;542.824;60;278.83;1;0;;;2731.26;1;1
1536;0.2;51.93;31.1;10.2759;40.5932;29.6;135;302.025;283.109;279;340;280;278;543.982;542.824;60;278.83;1;0;;;2728.23;1;1
1537;0.2;52.2367;31.1;10.3183;40.3848;29.6;136;302.17;283.109;279;340;280;278;543.982;542.969;60;278.836;1;0;;;2727.64;1;1
1538;0.2;52.4884;31.1;10.3314;40.2865;29.6;137;302.17;283.095;279;340;280;278;543.837;542.824;60;278.843;1;0;;;2725.51;1;1
1539;0.2;52.5405;31.1;10.3967;40.2894;29.6;137;302.069;283.095;279;340;280;278;543.837;542.679;60;278.85;1;0;;;2722.49;1;1
1540;0.2;52.2338;31.1;10.2995;40.3877;29.6;137;301.953;283.095;279;340;280;278;543.837;542.679;60;278.855;1;0;;;2722.49;1;1
1541;0.2;52.0312;31;9.94264;40.3877;29.6;141;301.924;283.102;279;340;280;278;543.837;542.679;60;278.865;1;0;;;2722.49;1;1
1542;0.2;52.0312;31;9.96081;40.3877;29.6;135;302.156;283.102;279;340;280;278;543.692;542.39;60;278.88;1;0;;;2721.49;1;1
1543;0.2;52.0891;31;9.9537;40.1505;29.6;136;302.228;283.109;279;340;280;278;543.547;542.39;60;278.894;1;0;;;2721.49;1;1
1544;0.2;52.4277;31;10.0184;40.0839;29.6;136;302.141;283.109;279;340;280;278;543.403;542.39;60;278.905;1;0;;;2721.49;1;1
1545;0.2;52.338;31;10.0012;40.2865;29.6;136;302.04;283.109;279;340;280;278;543.403;542.39;60;278.919;1;0;;;2719.83;1;1
1546;0.2;52.5897;31;10.0494;40.2865;29.6;129;301.953;283.102;279;340;280;278;543.547;542.39;60;278.936;1;0;;;2719.83;1;1
1547;0.2;52.6852;31;10.1596;40.2894;29.6;126;302.054;283.087;279;340;280;278;543.403;542.39;60;278.95;1;0;;;2719.4;1;1
1548;0.2;52.5405;31;10.04;40.5903;29.6;129;302.503;283.095;279;340;280;278;543.547;542.39;60;278.963;1;0;;;2716.39;1;1
1549;0.2;52.6418;31;10.0961;40.489;29.7;117;302.561;283.095;279;340;280;278;543.547;542.39;60;278.976;1;0;;;2714.38;1;1
1550;0.2;52.5405;31;10.0583;40.489;29.7;103;302.532;282.957;279;340;280;278;543.692;542.535;60;278.994;1;0;;;2714.38;1;1
1551;0.2;52.3611;31;10.0423;40.6916;29.7;103;302.59;282.747;279;340;280;278;543.547;542.535;60;279.006;1;0;"CUSN8       ";;2712.36;1;1
1552;0.2;52.2338;31;10.0179;40.489;29.7;100;302.517;282.755;279;340;280;278;543.547;542.535;60;279.02;1;0;;;2712.36;1;1
1553;0.2;52.2367;31;10.0184;40.489;29.7;94;302.387;282.755;279;340;280;278;543.692;542.535;60;279.029;1;0;;;2712.36;1;1
1554;0.2;52.1325;31;10.0167;40.3877;29.7;92;302.937;282.762;279;340;280;278;543.547;542.679;60;279.038;1;0;;;2711.36;1;1
1555;0.2;52.0312;31;9.99719;40.3877;29.7;93;302.995;282.784;279;340;280;278;543.692;542.535;60;279.046;1;0;;;2710;1;1
1556;0.2;52.2164;31;10.051;40.3877;29.7;85;303.096;282.74;279;340;280;278;543.692;542.535;60;279.064;1;0;;;2710;1;1
1557;0.2;52.2338;31;10.0544;40.3877;29.7;74;303.212;282.798;279;340;280;278;543.547;542.535;60;279.082;1;0;;;2708;1;1
1558;0.2;52.338;31;10.0561;40.5903;29.7;67;303.154;282.784;279;340;280;278;543.547;542.39;60;279.101;1;0;;;2707.59;1;1
1559;0.2;52.5434;31;10.114;40.5903;29.7;66;303.125;282.863;279;340;280;278;543.547;542.39;60;279.118;1;0;;;2707.59;1;1
1560;0.2;52.581;31;10.1579;40.489;29.7;64;302.344;282.791;279;340;280;278;543.547;542.535;60;279.13;1;0;;;2704.55;1;1
1561;0.2;52.3351;31;10.019;40.489;29.7;59;302.488;282.791;279;340;280;278;543.547;542.535;60;279.144;1;0;;;2703.55;1;1
1562;0.2;52.1325;31;10.0531;40.3241;29.8;59;302.257;282.849;279;340;280;278;543.547;542.535;60;279.156;1;0;;;2702.62;1;1
1563;0.2;51.8287;31;9.97638;40.3877;29.8;64;302.532;282.762;279;340;280;278;543.547;542.39;60;279.161;1;0;;;2702.62;1;1
1564;0.2;52.1325;31;10.0895;40.3877;29.8;62;302.734;282.769;279;340;280;278;543.547;542.535;60;279.171;1;0;;;2700.94;1;1
1565;0.2;51.93;31;10.014;40.4803;29.8;61;302.749;282.726;279;340;280;278;543.547;542.535;60;279.189;1;0;;;2700.94;1;1
1566;0.2;52.0312;31;10.0154;40.3906;29.8;56;302.069;282.798;279;340;280;278;543.547;542.39;60;279.205;1;0;;;2698.93;1;1
1567;0.2;52.1007;31;10.0469;40.2488;29.8;53;301.982;282.798;279;340;280;278;543.403;542.39;60;279.217;1;0;;;2697.93;1;1
1568;0.2;51.8605;31;9.96439;40.2922;29.7;54;301.895;282.849;279;340;280;278;543.547;542.39;60;279.233;1;0;;;2697.93;1;1
1569;0.2;52.1325;31;10.0531;40.3385;29.7;54;301.881;282.61;279;340;280;278;543.547;542.39;60;279.244;1;0;;;2695.92;1;1
1570;0.2;52.6418;31;10.1513;40.3877;29.7;50;302.083;282.617;279;340;280;278;543.403;542.39;60;279.256;1;0;;;2694.92;1;1
1571;0.2;52.4363;31;10.1483;40.3877;29.7;50;301.765;282.87;279;340;280;278;543.403;542.245;60;279.268;1;0;;;2694.92;1;1
1572;0.2;52.0341;31;10.0159;40.3848;29.7;50;301.852;282.892;279;340;280;278;543.258;542.101;60;279.279;1;0;;;2692.91;1;1
1573;0.2;52.0457;31;10.0545;40.3877;29.7;52;301.895;282.899;279;340;280;278;543.258;542.245;60;279.291;1;0;;;2692.91;1;1
1574;0.2;52.338;30.9;9.77392;40.3877;29.7;56;301.013;282.856;279;340;280;278;543.258;542.245;60;279.3;1;0;;;2691.91;1;1
1575;0.2;52.6418;30.9;9.77548;40.2865;29.7;57;300.911;282.61;279;340;280;278;543.258;542.245;60;279.306;1;0;;;2689.91;1;1
1576;0.2;52.8472;30.9;9.81363;40.489;29.7;57;300.883;282.603;279;340;280;278;543.258;542.245;60;279.308;1;0;;;2688.67;1;1
1577;0.2;52.6418;30.9;9.81226;40.5584;29.7;57;300.651;282.603;279;340;280;278;543.258;542.245;60;279.317;1;0;;;2687.66;1;1
1578;0.2;52.1325;30.9;9.68092;40.5903;29.7;61;300.825;282.61;279;340;280;278;543.258;542.101;60;279.318;1;0;;;2686.66;1;1
1579;0.2;52.4392;30.9;9.79283;40.5527;29.7;66;300.159;282.892;279;340;280;278;543.258;542.101;60;279.321;1;0;;;2686.66;1;1
1580;0.2;52.1528;30.9;9.77577;40.3877;29.7;64;300.087;282.914;279;340;280;278;543.258;542.101;60;279.321;1;0;;;2686.66;1;1
1581;0.2;52.0312;30.9;9.75299;40.2228;29.7;64;299.74;282.928;279;340;280;278;543.403;542.245;60;279.322;1;0;;;2684.66;1;1
1582;0.2;52.0312;30.9;9.75299;40.2865;29.7;68;299.711;282.928;279;340;280;278;543.403;542.245;60;279.317;1;0;;;2684.66;1;1
1583;0.2;52.5434;30.9;9.83064;40.3877;29.7;74;299.638;282.892;279;340;280;278;543.258;542.245;60;279.31;1;0;;;2684.66;1;1
1584;0.2;52.7402;30.9;9.86745;40.5903;29.7;77;298.872;282.935;279;340;280;278;543.258;542.101;60;279.303;1;0;;;2681.66;1;1
1585;0.2;52.5405;30.9;9.84845;40.489;29.7;82;299.089;282.697;279;340;280;278;543.258;542.245;60;279.297;1;0;;;2681.66;1;1
1586;0.2;52.5376;30.9;9.84791;40.3877;29.7;92;299.117;282.943;279;340;280;278;543.258;542.101;60;279.288;1;0;;;2681.01;1;1
1587;0.2;52.2396;30.9;9.7738;40.3877;29.7;97;298.192;282.69;279;340;280;278;543.113;542.101;60;279.278;1;0;;;2678.01;1;1
1588;0.2;52.1325;30.9;9.75376;40.3877;29.7;103;298.134;282.682;279;340;280;278;543.113;542.101;60;279.269;1;0;;;2676.01;1;1
1589;0.2;52.2367;30.9;9.755;40.3559;29.7;109;298.032;282.697;279;340;280;278;543.258;542.101;60;279.258;1;0;;;2676.01;1;1
1590;0.2;52.3032;30.9;9.7857;40.6916;29.7;109;298.032;282.697;279;340;280;278;543.113;542.101;60;279.246;1;0;;;2674.57;1;1
1591;0.2;52.338;30.9;9.81048;40.6944;29.7;109;298.105;282.697;279;340;280;278;543.113;542.101;60;279.238;1;0;;;2673.57;1;1
1592;0.2;52.2367;30.9;9.77325;40.5903;29.7;113;298.177;282.704;279;340;280;278;543.258;542.101;60;279.228;1;0;;;2673.34;1;1
1593;0.2;52.445;30.9;9.79391;40.353;29.7;114;298.249;283.102;279;340;280;278;543.113;542.101;60;279.221;1;0;;;2673.34;1;1
1594;0.2;52.4392;30.9;9.77451;40.1852;29.7;119;298.293;283.102;279;340;280;278;543.258;542.101;60;279.213;1;0;;;2673.34;1;1
1595;0.2;52.338;30.9;9.77392;40.1794;29.7;132;298.756;283.109;279;340;280;278;543.258;542.245;60;279.199;1;0;;;2673.34;1;1
1596;0.2;52.5405;30.9;9.79339;40.0839;29.7;136;298.192;283.109;279;340;280;278;543.258;542.245;60;279.192;1;0;;;2670.76;1;1
1597;0.2;52.8472;30.9;9.88748;40.3009;29.7;137;298.611;283.087;279;340;280;278;543.113;542.245;60;279.178;1;0;;;2670.76;1;1
1598;0.2;53.0527;30.8;9.58426;40.3819;29.7;135;298.857;283.087;279;340;280;278;543.113;542.101;60;279.169;1;0;;;2669.76;1;1
1599;0.2;52.8472;30.8;9.49176;40.1852;29.7;134;298.828;283.087;279;340;280;278;543.113;542.101;60;279.162;1;0;;;2667.76;1;1
1600;0.2;52.7402;30.8;9.50938;40.0839;29.7;134;298.958;283.095;279;340;280;278;543.258;542.101;60;279.152;1;0;;;2664.76;1;1
1601;0.2;52.9485;30.8;9.54694;40.1852;29.7;130;299.074;283.095;279;340;280;278;543.113;541.956;60;279.146;1;0;;;2664.34;1;1
1602;0.2;52.5145;30.8;9.48703;40.2894;29.7;128;299.334;283.102;279;340;280;278;543.113;541.956;60;279.132;1;0;;;2664.34;1;1
1603;0.2;52.1325;30.8;9.39982;40.298;29.7;130;299.32;283.102;279;340;280;278;543.113;542.101;60;279.117;1;0;;;2661.81;1;1
1604;0.2;52.3669;30.8;9.42378;40.2865;29.7;126;299.233;283.109;279;340;280;278;543.113;542.101;60;279.112;1;0;;;2661.81;1;1
1605;0.2;52.2917;30.8;9.39198;40.1852;29.7;126;299.971;283.109;279;340;280;278;543.113;542.101;60;279.099;1;0;;;2660.82;1;1
1606;0.2;52.5376;30.8;9.47286;40.2865;29.7;123;299.87;283.109;279;340;280;278;543.113;542.101;60;279.087;1;0;;;2659.82;1;1
1607;0.2;52.6418;30.8;9.51003;40.3906;29.7;120;299.87;283.102;279;340;280;278;543.258;542.101;60;279.08;1;0;;;2659.82;1;1
1608;0.2;52.5868;30.8;9.48173;40.4659;29.7;122;300.463;283.095;279;340;280;278;543.113;542.101;60;279.068;1;0;;;2659.82;1;1
1609;0.2;52.555;30.8;9.43927;40.2865;29.7;117;300.564;283.449;279;340;280;278;543.113;541.956;60;279.061;1;0;;;2659.23;1;1
1610;0.2;52.5405;30.8;9.47338;40.2517;29.7;113;300.796;283.348;279;340;280;278;543.113;542.101;60;279.048;1;0;;;2659.23;1;1
1611;0.2;52.2454;30.8;9.40191;40.3877;29.8;113;300.637;283.449;279;340;280;278;543.113;542.101;60;279.04;1;0;;;2655.49;1;1
1612;0.2;52.1325;30.9;9.71734;40.4109;29.8;120;301.027;283.449;279;340;280;278;543.258;542.101;60;279.029;1;0;;;2653.49;1;1
1613;0.2;52.3987;30.9;9.76696;40.489;29.8;117;300.883;283.362;279;340;280;278;543.258;542.101;60;279.017;1;0;;;2651.5;1;1
1614;0.2;52.5376;30.9;9.7745;40.3877;29.8;113;301.013;283.377;279;340;280;278;543.258;542.245;60;279.012;1;0;;;2649.88;1;1
1615;0.2;52.6418;30.9;9.84904;40.463;29.8;115;301.114;283.377;279;340;280;278;543.258;542.245;60;279.004;1;0;;;2647.89;1;1
1616;0.2;52.7431;30.9;9.83114;40.5903;29.8;115;301.157;283.384;279;340;280;278;543.258;542.245;60;278.995;1;0;;;2647.89;1;1
1617;0.2;52.7662;30.9;9.78016;40.489;29.8;118;301.794;283.391;279;340;280;278;543.258;542.245;60;278.987;1;0;;;2645.96;1;1
1618;0.2;52.7431;30.9;9.79429;40.3877;29.8;118;301.707;283.398;279;340;280;278;543.113;542.101;60;278.976;1;0;;;2645.96;1;1
1619;0.2;52.6418;30.9;9.77548;40.3848;29.8;116;301.635;283.406;279;340;280;278;543.113;542.101;60;278.969;1;0;;;2645.96;1;1
1620;0.2;52.4392;30.9;9.75619;40.3848;29.8;112;301.649;283.427;279;340;280;278;543.258;542.245;60;278.963;1;0;;;2645.09;1;1
1621;0.2;52.5318;30.9;9.75507;40.2865;29.8;111;301.36;283.37;279;340;280;278;543.258;542.245;60;278.956;1;0;;;2645.09;1;1
1622;0.2;52.8472;30.9;9.81363;40.1852;29.8;113;301.808;283.391;279;340;280;278;543.258;542.245;60;278.95;1;0;;;2645.09;1;1
1623;0.2;52.9427;30.9;9.83137;40.2865;29.8;118;301.91;283.398;279;340;280;278;543.403;542.39;60;278.944;1;0;;;2645.09;1;1
1624;0.2;52.7402;30.9;9.79375;40.3877;29.8;119;301.476;283.37;279;340;280;278;543.547;542.39;60;278.936;1;0;;;2643.1;1;1
1625;0.2;52.4392;30.9;9.71955;40.4225;29.8;122;301.403;283.37;279;340;280;278;543.547;542.39;60;278.929;1;0;;;2641.2;1;1
1626;0.2;52.338;30.9;9.66419;40.489;29.8;125;301.982;283.377;279;340;280;278;543.547;542.535;60;278.92;1;0;;;2638.01;1;1
1627;0.2;52.2627;30.9;9.6503;40.2865;29.8;123;301.91;283.37;279;340;280;278;543.403;542.39;60.0026;278.907;1;0;;;2638.01;1;1
1628;0.2;52.2367;30.9;9.68201;40.1852;29.8;119;301.968;283.37;279;340;280;278;543.403;542.245;63.0079;278.898;1;0;;;2637.01;1;1
1629;0.2;52.5405;30.9;9.77503;40.0839;29.8;118;302.083;283.362;279;340;280;278;543.403;542.101;64;278.887;1;0;;;2636.02;1;1
1630;0.2;52.9977;30.9;9.78601;40.0839;29.8;120;302.156;283.362;279;340;280;278;543.258;542.245;64;278.875;1;0;;;2636.02;1;1
1631;0.2;52.6534;31;10.0799;40.1852;29.9;125;302.17;283.362;279;340;280;278;543.258;542.245;64;278.861;1;0;;;2636.02;1;1
1632;0.2;52.3322;31;10.055;40.1852;29.9;126;302.083;283.362;279;340;280;278;543.403;542.245;64;278.842;1;0;;;2635.03;1;1
1633;0.2;52.4392;31;10.0023;40.3906;29.9;127;301.982;283.362;279;340;280;278;543.403;542.245;64;278.826;1;0;;;2635.03;1;1
1634;0.2;52.6418;31;10.0593;40.1852;29.9;134;301.91;283.326;279;340;280;278;543.403;542.245;64;278.811;1;0;;;2635.03;1;1
1635;0.2;52.798;31;10.1445;39.9826;29.9;136;302.329;283.341;279;340;280;278;543.403;542.245;64;278.799;1;0;;;2634.03;1;1
1636;0.2;52.7431;31;10.1155;39.9826;29.9;131;302.431;283.341;279;340;280;278;543.258;542.39;64;278.787;1;0;;;2634.03;1;1
1637;0.2;52.6389;31;10.0771;40.2951;29.9;129;302.546;283.095;279;340;280;278;543.258;542.245;64;278.777;1;0;"CUSN8       ";;2634.03;1;1
1638;0.2;52.8443;31;10.1165;40.4803;29.9;135;302.517;283.095;279;340;280;278;543.258;542.245;64;278.767;1;0;;;2632.04;1;1
1639;0.2;52.934;31;10.1151;40.489;29.9;137;302.488;283.095;279;340;280;278;543.113;542.245;64;278.758;1;0;;;2631.05;1;1
1640;0.2;52.6418;31;10.0593;40.3704;29.9;135;302.373;283.095;279;340;280;278;543.258;542.245;64;278.749;1;0;;;2628.87;1;1
1641;0.2;52.5405;31;10.0032;40.2865;29.9;136;302.951;283.102;279;340;280;278;543.258;542.245;64;278.743;1;0;;;2627.94;1;1
1642;0.2;52.5405;31;10.0583;40.3877;29.9;148;302.951;283.109;279;340;280;278;543.258;542.245;64;278.738;1;0;;;2627.94;1;1
1643;0.2;52.6418;31;10.0593;40.2894;29.9;142;302.995;283.109;279;340;280;278;543.258;542.245;64;278.733;1;0;;;2627.94;1;1
1644;0.2;52.6418;31;10.0225;40.3877;29.9;143;303.183;283.102;279;340;280;278;543.403;542.245;64;278.73;1;0;;;2626.94;1;1
1645;0.2;52.6418;31;10.0593;40.4919;29.9;141;303.183;283.087;279;340;280;278;543.258;542.39;64;278.726;1;0;;;2626.94;1;1
1646;0.2;52.827;31;10.0762;40.3877;29.9;143;303.082;283.095;279;340;280;278;543.258;542.245;64;278.723;1;0;;;2624.68;1;1
1647;0.2;52.4392;31;10.0023;40.2865;29.9;143;303.284;283.095;279;340;280;278;543.258;542.245;64;278.714;1;0;;;2623.68;1;1
1648;0.2;52.5405;31.1;10.3967;40.489;29.9;141;303.212;283.102;279;340;280;278;543.258;542.245;64;278.703;1;0;;;2623.68;1;1
1649;0.2;52.2338;31.1;10.3177;40.2894;29.9;130;303.342;283.102;279;340;280;278;543.403;542.245;64;278.691;1;0;;;2622.68;1;1
1650;0.2;52.1325;31.1;10.2431;39.8756;29.9;139;303.356;283.102;279;340;280;278;543.403;542.245;64;278.675;1;0;;;2620.95;1;1
1651;0.2;52.338;31.1;10.3749;40.1707;29.9;139;303.458;283.109;279;340;280;278;543.258;542.245;64;278.666;1;0;;;2619.96;1;1
1652;0.2;52.5405;31.1;10.36;40.0839;29.9;139;303.487;282.856;279;340;280;278;543.258;542.245;64;278.659;1;0;;;2616.98;1;1
1653;0.2;52.5405;31.1;10.3416;40.1881;29.9;148;303.443;282.805;279;340;280;278;543.258;542.101;64;278.649;1;0;;;2616.98;1;1
1654;0.2;52.6418;31.1;10.3983;40.1823;29.9;142;303.356;282.798;279;340;280;278;543.258;542.101;64;278.638;1;0;;;2616.98;1;1
1655;0.2;52.1528;31.1;10.2471;40.2865;29.9;149;303.255;282.784;279;340;280;278;543.113;541.956;64;278.624;1;0;;;2615.99;1;1
1656;0.2;52.1296;31.1;10.2789;40.2865;29.9;142;303.226;282.849;279;340;280;278;543.113;541.956;64;278.611;1;0;;;2615.99;1;1
1657;0.2;52.3698;31.1;10.3263;40.1823;29.9;148;303.241;282.841;279;340;280;278;543.113;541.956;64;278.601;1;0;;;2612.02;1;1
1658;0.2;52.5405;31.1;10.3416;40.081;29.9;154;303.4;282.769;279;340;280;278;543.113;541.956;64;278.589;1;0;;;2612.02;1;1
1659;0.2;52.4392;31.1;10.3766;40.1852;29.9;148;304.036;282.964;279;340;280;278;543.258;542.101;64;278.579;1;0;;;2611.03;1;1
1660;0.2;52.338;31.1;10.32;40.3588;29.9;150;303.993;282.972;279;340;280;278;543.113;542.101;64;278.571;1;0;;;2610.04;1;1
1661;0.2;52.4392;31.2;10.6594;40.2836;29.9;156;304.152;282.791;279;340;280;278;543.113;541.956;64;278.566;1;0;;;2609.05;1;1
1662;0.2;52.4306;31.2;10.6759;40.2778;29.9;166;304.065;282.747;279;340;280;278;542.969;541.956;64;278.564;1;0;;;2609.05;1;1
1663;0.2;52.5405;31.2;10.7167;40.4832;29.9;162;303.979;282.986;279;340;280;278;542.969;541.811;64;278.568;1;0;;;2606.08;1;1
1664;0.2;52.7893;31.2;10.7121;40.2865;29.9;159;304.08;282.986;279;340;280;278;542.969;541.956;64;278.572;1;0;;;2605.09;1;1
1665;0.2;52.6418;31.2;10.6822;40.3877;29.9;159;304.109;282.798;279;340;280;278;542.969;541.956;64;278.585;1;0;;;2604.1;1;1
1666;0.2;52.3177;31.2;10.653;40.5903;29.9;160;304.225;282.798;279;340;280;278;543.113;541.956;64;278.598;1;0;;;2603.11;1;1
1667;0.2;52.2049;31.2;10.6117;40.3877;29.9;159;304.138;282.986;279;340;280;278;543.113;542.101;64;278.609;1;0;;;2602.12;1;1
1668;0.2;52.338;31.2;10.6388;40.1852;29.9;160;304.022;282.993;279;340;280;278;543.113;542.101;64;278.628;1;0;;;2601.13;1;1
1669;0.2;52.5405;31.2;10.7167;40.2865;29.9;159;304.688;283.001;279;340;280;278;543.113;542.101;64;278.649;1;0;;;2601.13;1;1
1670;0.2;52.4392;31.2;10.6044;40.5006;29.9;155;304.731;282.993;279;340;280;278;543.113;542.101;64;278.665;1;0;;;2601.13;1;1
1671;0.2;52.6476;31.2;10.6649;40.6944;29.9;148;304.745;282.986;279;340;280;278;543.113;542.101;64;278.686;1;0;;;2600.14;1;1
1672;0.2;52.8472;31.2;10.7977;40.2865;29.9;137;304.818;282.979;279;340;280;278;543.258;542.101;64;278.707;1;0;;;2599.55;1;1
1673;0.2;52.717;31.2;10.7158;40.2865;29.9;141;304.355;282.704;279;340;280;278;543.258;542.245;64;278.727;1;0;;;2598.57;1;1
1674;0.2;52.7431;31.3;11.0976;40.1852;29.9;141;305.252;282.979;279;340;280;278;543.258;542.245;64;278.747;1;0;;;2596.59;1;1
1675;0.2;52.5405;31.3;11.0183;40.3414;29.9;135;305.165;282.979;279;340;280;278;543.258;542.245;64;278.767;1;0;;;2595.6;1;1
1676;0.2;52.3351;31.3;10.9935;40.489;29.9;115;305.136;282.718;279;340;280;278;543.258;542.245;64;278.788;1;0;;;2594.61;1;1
1677;0.2;52.6418;31.3;11.0947;40.2865;29.9;112;304.977;282.979;279;340;280;278;543.258;542.245;64;278.811;1;0;;;2591.64;1;1
1678;0.2;53.0498;31.3;11.1437;40.2865;29.9;100;305.295;282.726;279;340;280;278;543.258;542.101;64;278.833;1;0;"CUSN8       ";;2590.66;1;1
1679;0.2;53.2494;31.3;11.167;40.2865;29.9;88;305.859;282.986;279;340;280;278;543.113;542.245;64;278.854;1;0;;;2586.77;1;1
1680;0.2;53.0498;31.3;11.1437;40.2865;29.9;76;305.975;282.986;279;340;280;278;543.113;542.245;64;278.877;1;0;;;2585.46;1;1
1681;0.2;52.6447;31.3;11.0402;40.2865;29.9;77;306.047;283.102;279;340;280;278;543.113;542.101;64;278.899;1;0;;;2585.46;1;1
1682;0.2;52.6447;31.3;11.0034;40.1852;29.9;72;306.033;283.102;279;340;280;278;543.113;542.101;64;278.92;1;0;;;2585.46;1;1
1683;0.2;52.7054;31.3;11.0529;40.2865;29.9;66;305.917;283.109;279;340;280;278;542.969;542.101;64;278.945;1;0;"CUSN8       ";;2585.23;1;1
1684;0.2;52.6418;31.3;11.0396;40.3906;29.9;56;306.091;283.109;279;340;280;278;543.113;541.956;64;278.964;1;0;;;2585.23;1;1
1685;0.2;52.6418;31.3;11.0212;40.3906;29.9;55;305.758;283.095;279;340;280;278;542.969;541.956;64;278.981;1;0;;;2583.26;1;1
1686;0.2;52.5405;31.3;10.9816;40.1852;29.9;42;305.816;283.087;279;340;280;278;542.824;541.811;64;278.999;1;0;;;2583.26;1;1
1687;0.2;52.5405;31.4;11.3567;40.0839;29.9;31;305.917;283.095;279;340;280;278;542.969;541.956;64;279.022;1;0;;;2583.26;1;1
1688;0.2;52.8385;31.4;11.4026;40.2894;29.9;26;306.033;283.095;279;340;280;278;542.969;541.956;64;279.041;1;0;;;2583.26;1;1
1689;0.2;52.7459;31.4;11.4195;40.4919;29.9;28;305.975;283.102;279;340;280;278;542.969;541.956;64;279.059;1;0;;;2581.9;1;1
1690;0.2;52.6418;31.4;11.3602;40.2575;29.9;25;305.136;283.102;279;340;280;278;542.969;541.956;64;279.079;1;0;;;2578.89;1;1
1691;0.2;52.7691;31.4;11.4061;39.9913;29.9;23;305.006;283.109;279;340;280;278;542.969;541.956;64;279.098;1;0;;;2577.75;1;1
1692;0.2;52.7459;31.4;11.4011;40.1852;29.9;22;304.991;283.109;279;340;280;278;542.969;541.811;64;279.118;1;0;;;2577.75;1;1
1693;0.2;52.581;31.4;11.3838;40.0058;29.9;21;304.282;283.102;279;340;280;278;542.824;541.667;64;279.139;1;0;;;2574.79;1;1
1694;0.2;52.6418;31.4;11.3418;40.1794;29.9;19;304.138;283.087;279;340;280;278;542.824;541.667;64;279.158;1;0;;;2574.79;1;1
1695;0.2;52.5405;31.4;11.4301;39.9797;29.9;21;304.225;283.087;279;340;280;278;542.824;541.811;64;279.171;1;0;;;2574.79;1;1
1696;0.2;52.3466;31.4;11.3514;40.0666;29.8;25;303.385;283.095;279;340;280;278;542.824;541.811;64;279.183;1;0;;;2572.52;1;1
1697;0.2;52.4392;31.4;11.3714;40.1852;29.8;23;303.313;283.095;279;340;280;278;542.824;541.811;64;279.197;1;0;;;2571.53;1;1
1698;0.2;52.6418;31.4;11.4154;40.2604;29.8;22;302.98;283.102;279;340;280;278;542.824;541.811;64;279.209;1;0;;;2571.53;1;1
1699;0.2;52.5405;31.4;11.4117;40.2865;29.8;21;302.937;283.102;279;340;280;278;542.824;541.811;64;279.222;1;0;"CUSN8       ";;2570.22;1;1
1700;0.2;52.5955;31.4;11.4053;40.489;29.8;25;302.17;283.109;279;340;280;278;542.824;541.667;64;279.227;1;0;;;2569.23;1;1
1701;0.2;52.3351;31.4;11.3671;40.3877;29.8;35;302.098;283.109;279;340;280;278;542.824;541.811;64;279.233;1;0;;;2568.25;1;1
1702;0.2;52.5405;31.3;11.055;40.2141;29.8;35;302.17;283.109;279;340;280;278;542.824;541.811;64;279.241;1;0;;;2566.28;1;1
1703;0.2;52.338;31.3;11.0124;40.0839;29.7;43;301.808;283.398;279;340;280;278;542.969;541.956;64;279.249;1;0;;;2564.88;1;1
1704;0.2;52.2454;31.3;11.0842;39.9797;29.7;49;301.027;283.398;279;340;280;278;543.113;541.956;64;279.252;1;0;;;2563.9;1;1
1705;0.2;52.6418;31.3;11.1315;40.3212;29.7;60;300.926;283.42;279;340;280;278;543.113;542.101;64;279.251;1;0;;;2563.59;1;1
1706;0.2;52.6447;31.3;11.1505;40.5903;29.7;65;300.072;283.427;279;340;280;278;543.113;541.956;64;279.252;1;0;"CUSN8       ";;2562.61;1;1
1707;0.2;52.7431;31.3;11.1529;40.5845;29.7;71;299.884;283.435;279;340;280;278;542.969;541.811;64;279.252;1;0;;;2558.67;1;1
1708;0.2;52.5405;31.3;11.1101;40.2894;29.7;74;300;283.449;279;340;280;278;542.969;541.956;64;279.25;1;0;;;2558.67;1;1
1709;0.2;52.2859;31.3;11.038;40.1852;29.7;82;299.87;283.449;279;340;280;278;542.969;541.811;64;279.25;1;0;;;2558.67;1;1
1710;0.2;52.6418;31.3;11.1315;40.3877;29.6;87;299.884;283.449;279;340;280;278;542.824;541.667;64;279.25;1;0;;;2558.67;1;1
1711;0.2;52.4392;31.2;10.806;40.3877;29.6;91;299.826;283.413;279;340;280;278;542.679;541.811;64;279.245;1;0;;;2557.76;1;1
1712;0.2;52.2367;31.2;10.7277;40.3791;29.6;98;298.958;283.464;279;340;280;278;542.679;541.811;64;279.246;1;0;;;2557.76;1;1
1713;0.2;52.5029;31.2;10.7824;40.489;29.6;111;298.9;283.471;279;340;280;278;542.679;541.811;64;279.244;1;0;;;2555.79;1;1
1714;0.2;52.5405;31.2;10.8268;40.5122;29.6;111;298.828;283.456;279;340;280;278;542.824;541.667;64;279.251;1;0;;;2555.79;1;1
1715;0.2;52.5347;31.2;10.8256;40.5932;29.6;113;298.597;283.456;279;340;280;278;542.679;541.667;64;279.254;1;0;;;2553.83;1;1
1716;0.2;52.7431;31.2;10.8317;40.7957;29.6;118;298.683;283.456;279;340;280;278;542.679;541.522;64;279.257;1;0;;;2551.86;1;1
1717;0.2;52.7228;31.2;10.7723;40.3877;29.6;120;298.756;283.637;279;340;280;278;542.679;541.667;64;279.262;1;0;;;2549.9;1;1
1718;0.2;52.4392;31.2;10.8243;40.0839;29.6;120;298.814;283.623;279;340;280;278;542.824;541.667;64;279.266;1;0;;;2546.95;1;1
1719;0.2;52.338;31.1;10.448;39.8669;29.6;126;298.843;283.623;279;340;280;278;542.679;541.667;64;279.271;1;0;;;2546.95;1;1
1720;0.2;52.6418;31.1;10.5087;39.8669;29.6;129;298.77;283.587;279;340;280;278;542.824;541.811;64;279.274;1;0;;;2546.95;1;1
1721;0.2;52.7431;31.1;10.5105;40.0029;29.6;132;298.727;283.594;279;340;280;278;542.824;541.811;64;279.269;1;0;"CUSN8       ";;2546.11;1;1
1722;0.2;52.7431;31.1;10.5657;40.0839;29.6;136;298.626;283.637;279;340;280;278;542.969;541.811;64;279.272;1;0;;;2545.13;1;1
1723;0.2;52.3409;31.1;10.5401;40.5932;29.6;126;298.524;283.637;279;340;280;278;542.824;541.811;64;279.273;1;0;;;2545.13;1;1
1724;0.2;52.2338;31.1;10.5185;40.489;29.6;122;298.929;283.623;279;340;280;278;542.824;541.667;64;279.275;1;0;;;2544.15;1;1
1725;0.2;52.3264;31.1;10.5006;40.2865;29.6;117;299.045;283.587;279;340;280;278;542.824;541.811;64;279.269;1;0;;;2544.15;1;1
1726;0.2;52.6418;31.1;10.5639;40.2865;29.6;113;299.103;283.587;279;340;280;278;542.824;541.667;64;279.272;1;0;;;2543.17;1;1
1727;0.2;52.7431;31.1;10.5842;40.3877;29.6;111;299.031;284.006;279;340;280;278;542.824;541.667;64;279.271;1;0;;;2539.24;1;1
1728;0.2;52.7662;31;10.2674;40.2865;29.6;111;299.624;284.006;279;340;280;278;542.679;541.667;64;279.27;1;0;;;2539.24;1;1
1729;0.2;52.5405;31;10.2603;40.1852;29.6;105;299.552;283.984;279;340;280;278;542.679;541.667;64;279.274;1;0;"CUSN8       ";;2535.32;1;1
1730;0.2;52.4392;31;10.2038;40.2865;29.6;99;299.523;283.984;279;340;280;278;542.824;541.811;64;279.275;1;0;;;2534.14;1;1
1731;0.2;52.5405;31;10.3153;40.3877;29.6;98;299.45;283.999;279;340;280;278;542.824;541.956;64;279.271;1;0;;;2533.16;1;1
1732;0.2;52.6591;31;10.2834;40.1852;29.7;99;299.508;283.992;279;340;280;278;542.824;541.811;64;279.27;1;0;;;2533.09;1;1
1733;0.2;53.0498;31;10.4153;40.0839;29.7;97;300.029;283.999;279;340;280;278;542.824;541.811;64;279.27;1;0;;;2530.53;1;1
1734;0.2;52.5405;31;10.2603;40.3559;29.7;96;300.116;283.992;279;340;280;278;542.824;541.811;64;279.269;1;0;;;2530.53;1;1
1735;0.2;52.338;31;10.2573;40.3877;29.7;91;300.101;283.992;279;340;280;278;542.679;541.811;64;279.273;1;0;;;2529.55;1;1
1736;0.2;52.7431;31;10.3551;40.4832;29.7;91;299.986;283.992;279;340;280;278;542.679;541.667;64;279.276;1;0;;;2529.55;1;1
1737;0.2;53.0527;31;10.4344;40.489;29.7;87;299.899;283.984;279;340;280;278;542.679;541.667;64;279.276;1;0;;;2529.55;1;1
1738;0.2;52.9485;31;10.3584;40.3877;29.7;84;299.841;283.984;279;340;280;278;542.679;541.667;64;279.279;1;0;;;2529.55;1;1
1739;0.2;52.7402;31;10.3729;40.3906;29.7;84;299.884;283.97;279;340;280;278;542.679;541.667;64;279.282;1;0;;;2528.57;1;1
1740;0.2;52.5405;31;10.3153;40.2865;29.7;85;299.986;283.977;279;340;280;278;542.824;541.811;64;279.282;1;0;;;2526.62;1;1
1741;0.2;52.5405;31;10.3153;40.1939;29.7;84;300.101;283.948;279;340;280;278;542.824;541.956;64;279.281;1;0;;;2526.48;1;1
1742;0.2;52.3814;31;10.3756;40.3877;29.7;84;300.116;283.927;279;340;280;278;542.824;541.956;64;279.283;1;0;;;2523.54;1;1
1743;0.2;52.4392;31;10.3321;40.897;29.7;86;300.029;283.876;279;340;280;278;542.824;541.811;64;279.285;1;0;;;2522.53;1;1
1744;0.2;52.2888;31;10.3024;40.5903;29.7;86;299.913;283.869;279;340;280;278;542.824;541.667;64;279.279;1;0;;;2522.53;1;1
1745;0.2;52.4392;31;10.3504;40.2865;29.7;85;299.841;283.876;279;340;280;278;542.679;541.522;64;279.273;1;0;;;2522.53;1;1
1746;0.2;52.5405;31;10.352;40.1852;29.7;86;299.942;283.876;279;340;280;278;542.535;541.667;64;279.267;1;0;;;2520;1;1
1747;0.2;52.4392;31;10.4054;40.2865;29.7;87;300.072;283.861;279;340;280;278;542.679;541.667;64;279.259;1;0;;;2519.02;1;1
1748;0.2;52.3264;31;10.383;40.3906;29.7;84;300.13;283.861;279;340;280;278;542.679;541.667;64;279.253;1;0;;;2517.66;1;1
1749;0.2;52.5405;31;10.4071;40.0839;29.7;84;299.986;283.608;279;340;280;278;542.535;541.522;64;279.244;1;0;;;2515.91;1;1
1750;0.2;52.5405;31;10.3704;40.1852;29.7;86;299.884;283.608;279;340;280;278;542.679;541.667;64;279.231;1;0;;;2515.91;1;1
1751;0.2;52.7488;31;10.4668;40.2865;29.7;87;299.87;283.623;279;340;280;278;542.679;541.667;64;279.217;1;0;;;2514.93;1;1
1752;0.2;52.5232;31;10.4404;40.081;29.7;87;299.204;283.615;279;340;280;278;542.679;541.522;64;279.204;1;0;;;2514.93;1;1
1753;0.2;52.0139;31;10.3391;39.9826;29.7;94;299.262;283.615;279;340;280;278;542.535;541.522;64;279.193;1;0;;;2514.93;1;1
1754;0.2;52.092;31;10.3365;40.0839;29.7;102;299.363;283.608;279;340;280;278;542.679;541.667;64;279.177;1;0;;;2513.66;1;1
1755;0.2;52.3582;31;10.371;40.3675;29.7;104;299.436;283.608;279;340;280;278;542.679;541.667;64;279.165;1;0;;;2510.73;1;1
1756;0.2;52.4653;31;10.3922;40.0897;29.7;109;299.855;283.594;279;340;280;278;542.679;541.522;64;279.149;1;0;;;2510.73;1;1
1757;0.2;52.4392;30.9;10.031;40.0839;29.7;117;299.783;283.594;279;340;280;278;542.679;541.667;64;279.135;1;0;;;2510.73;1;1
1758;0.2;52.4913;31;10.4157;40.1852;29.7;121;299.696;283.601;279;340;280;278;542.679;541.667;64;279.119;1;0;;;2510.73;1;1
1759;0.2;52.6418;30.9;10.0882;40.489;29.7;128;299.334;283.63;279;340;280;278;542.679;541.667;64;279.112;1;0;;;2508.48;1;1
1760;0.2;52.7431;30.9;10.1444;40.489;29.7;133;299.58;283.587;279;340;280;278;542.535;541.667;64;279.099;1;0;;;2504.58;1;1
1761;0.2;52.6562;30.9;10.0725;40.489;29.7;128;299.609;283.579;279;340;280;278;542.679;541.667;64;279.091;1;0;"CUSN8       ";;2504.58;1;1
1762;0.2;52.7431;30.9;10.1444;40.489;29.7;127;299.711;283.587;279;340;280;278;542.679;541.667;64;279.08;1;0;;;2503.6;1;1
1763;0.2;52.5405;30.9;10.032;40.489;29.7;136;300.043;283.587;279;340;280;278;542.535;541.667;64;279.074;1;0;;;2503.6;1;1
1764;0.2;52.6591;30.9;10.1283;40.5932;29.7;134;300.116;283.594;279;340;280;278;542.535;541.522;64;279.065;1;0;;;2503.6;1;1
1765;0.2;52.7431;30.9;10.1813;40.6973;29.7;129;300.087;283.601;279;340;280;278;542.535;541.667;64;279.058;1;0;;;2501.65;1;1
1766;0.2;52.636;30.9;10.1422;40.6858;29.7;134;299.986;283.601;279;340;280;278;542.679;541.667;64;279.048;1;0;;;2499.8;1;1
1767;0.2;52.5347;30.9;10.1043;40.6944;29.7;135;299.841;283.579;279;340;280;278;542.679;541.522;64;279.04;1;0;;;2499.8;1;1
1768;0.2;52.2367;30.9;10.0105;40.5903;29.7;135;300.637;283.579;279;340;280;278;542.535;541.522;64;279.035;1;0;;;2495.59;1;1
1769;0.2;52.2367;30.9;10.047;40.5932;29.7;130;300.723;283.587;279;340;280;278;542.535;541.667;64;279.025;1;0;;;2493.64;1;1
1770;0.2;52.338;30.9;10.0665;40.4919;29.7;126;300.839;283.413;279;340;280;278;542.679;541.667;64;279.017;1;0;;;2493.64;1;1
1771;0.2;52.1325;30.9;10.0088;40.3877;29.7;125;301.027;283.42;279;340;280;278;542.679;541.667;64;279.014;1;0;;;2492.67;1;1
1772;0.2;52.1325;30.9;10.0088;40.5903;29.7;125;301.1;283.42;279;340;280;278;542.679;541.667;64;279.009;1;0;;;2492.67;1;1
1773;0.2;52.3553;31;10.3338;40.489;29.7;125;301.013;283.427;279;340;280;278;542.679;541.667;64;279.008;1;0;;;2488.77;1;1
1774;0.2;52.3466;30.9;9.995;40.3877;29.7;125;300.926;283.464;279;340;280;278;542.679;541.811;64;279.007;1;0;;;2487.87;1;1
1775;0.2;52.7431;31;10.4472;40.3877;29.7;124;301.664;283.456;279;340;280;278;542.679;541.522;64;279.006;1;0;;;2487.87;1;1
1776;0.2;52.7431;31;10.4104;40.2865;29.7;122;301.751;283.456;279;340;280;278;542.535;541.667;64;279;1;0;;;2486.9;1;1
1777;0.2;52.5405;31;10.4071;40.1273;29.7;115;301.447;283.319;279;340;280;278;542.535;541.667;64;278.994;1;0;;;2486.9;1;1
1778;0.2;52.5984;31;10.4002;39.8756;29.7;112;301.939;283.464;279;340;280;278;542.679;541.667;64;278.991;1;0;;;2486.9;1;1
1779;0.2;52.6418;31;10.464;39.9508;29.7;111;302.098;283.464;279;340;280;278;542.679;541.667;64;278.986;1;0;;;2483.98;1;1
1780;0.2;52.8472;31;10.3755;40.2228;29.7;107;301.982;283.464;279;340;280;278;542.679;541.667;64;278.982;1;0;;;2483.98;1;1
1781;0.2;52.6447;31;10.3726;40.3819;29.7;107;301.895;283.464;279;340;280;278;542.679;541.667;64;278.973;1;0;;;2483.04;1;1
1782;0.2;52.4392;31;10.3504;40.1852;29.7;107;301.953;283.456;279;340;280;278;542.535;541.522;64;278.965;1;0;;;2483.04;1;1
1783;0.2;52.0312;31;10.288;40.0868;29.7;104;302.069;283.456;279;340;280;278;542.535;541.522;64;278.957;1;0;;;2480.67;1;1
1784;0.2;52.5868;31;10.4347;40.2865;29.7;106;302.141;283.464;279;340;280;278;542.535;541.667;64;278.951;1;0;;;2479.03;1;1
1785;0.2;52.7431;31;10.3919;40.1852;29.7;112;302.17;283.478;279;340;280;278;542.679;541.811;64;278.943;1;0;;;2478.06;1;1
1786;0.2;52.6418;31;10.3352;40.1852;29.7;111;302.85;283.478;279;340;280;278;542.679;541.811;64;278.935;1;0;;;2477.09;1;1
1787;0.2;52.5434;31;10.3526;40.2286;29.7;105;302.763;283.485;279;340;280;278;542.824;541.811;64;278.931;1;0;;;2476.12;1;1
1788;0.2;52.3409;31;10.3676;40.2865;29.7;102;302.691;283.485;279;340;280;278;542.824;541.811;64;278.923;1;0;;;2475.32;1;1
1789;0.2;52.3351;31;10.3116;40.3877;29.7;108;302.633;283.102;279;340;280;278;542.969;541.956;64;278.92;1;0;;;2475.32;1;1
1790;0.2;52.338;31;10.3121;40.2865;29.7;110;302.72;283.109;279;340;280;278;543.113;541.956;64;278.908;1;0;;;2475.32;1;1
1791;0.2;52.7459;31;10.3372;40.3877;29.7;109;302.836;283.109;279;340;280;278;542.969;541.956;64;278.905;1;0;;;2475.32;1;1
1792;0.2;52.8385;31;10.3738;40.2865;29.7;114;302.908;283.5;279;340;280;278;542.969;541.811;64;278.905;1;0;;;2474.85;1;1
1793;0.2;52.7431;31;10.3919;40.3877;29.7;114;302.373;283.225;279;340;280;278;542.824;541.811;64;278.904;1;0;"CUSN8       ";;2471.94;1;1
1794;0.2;52.6418;31;10.3536;40.6944;29.7;111;302.3;283.268;279;340;280;278;542.824;541.667;64;278.895;1;0;;;2471;1;1
1795;0.2;52.662;31;10.3392;40.5903;29.7;106;302.677;283.485;279;340;280;278;542.679;541.667;64;278.89;1;0;;;2467.12;1;1
1796;0.2;52.5608;31;10.3009;40.4919;29.7;118;302.156;283.095;279;340;280;278;542.679;541.667;64;278.889;1;0;;;2464.21;1;1
1797;0.2;52.8472;31;10.3571;40.3877;29.7;116;302.242;283.095;279;340;280;278;542.535;541.811;64;278.888;1;0;;;2464.21;1;1
1798;0.2;53.1482;31;10.4346;40.3877;29.7;111;302.373;283.102;279;340;280;278;542.535;541.667;64;278.888;1;0;;;2462.93;1;1
1799;0.2;53.0498;31;10.3968;40.5903;29.7;119;302.879;283.095;279;340;280;278;542.535;541.522;64;278.885;1;0;;;2462.82;1;1
1800;0.2;52.8443;31;10.375;40.5903;29.7;114;302.402;283.239;279;340;280;278;542.535;541.522;64;278.884;1;0;;;2462.82;1;1
1801;0.2;52.364;31;10.3173;40.4861;29.7;113;302.329;283.239;279;340;280;278;542.535;541.667;64;278.881;1;0;;;2460.89;1;1
1802;0.2;52.6128;31.1;10.65;40.6713;29.7;113;302.271;283.239;279;340;280;278;542.679;541.667;64;278.883;1;0;;;2460.89;1;1
1803;0.2;52.853;31;10.3951;40.5932;29.7;120;302.214;283.239;279;340;280;278;542.535;541.522;64;278.877;1;0;;;2460.48;1;1
1804;0.2;52.6418;31.1;10.6374;40.2865;29.7;126;302.185;283.232;279;340;280;278;542.535;541.522;64;278.87;1;0;;;2459.51;1;1
1805;0.2;52.4595;31.1;10.6006;40.5903;29.7;127;302.228;283.225;279;340;280;278;542.679;541.811;64;278.865;1;0;;;2457.82;1;1
1806;0.2;52.5405;31.1;10.6537;40.489;29.7;117;302.315;283.21;279;340;280;278;542.679;541.667;64;278.861;1;0;;;2457.82;1;1
1807;0.2;52.4392;31.1;10.5965;40.3877;29.7;120;302.416;283.21;279;340;280;278;542.679;541.667;64;278.854;1;0;;;2457.31;1;1
1808;0.2;52.4392;31.1;10.5782;40.3877;29.7;122;302.488;283.21;279;340;280;278;542.679;541.667;64;278.848;1;0;;;2457.31;1;1
1809;0.2;52.5405;31.1;10.6537;40.3877;29.7;126;302.459;283.203;279;340;280;278;542.824;541.667;64;278.837;1;0;;;2454.48;1;1
1810;0.2;52.5087;31.1;10.6105;40.2865;29.7;126;302.387;283.203;279;340;280;278;542.824;541.667;64;278.822;1;0;;;2452.54;1;1
1811;0.2;52.6418;31.1;10.6374;39.9942;29.7;126;302.3;283.203;279;340;280;278;542.679;541.667;64;278.808;1;0;;;2451.57;1;1
1812;0.2;52.8472;31.1;10.6789;40.2865;29.7;130;302.922;283.203;279;340;280;278;542.679;541.667;64;278.795;1;0;;;2450.61;1;1
1813;0.2;52.9659;31.1;10.6844;40.2865;29.7;135;303.024;283.203;279;340;280;278;542.679;541.811;64;278.785;1;0;;;2449.64;1;1
1814;0.2;53.0064;31.1;10.6741;40.2865;29.7;124;303.168;283.203;279;340;280;278;542.679;541.667;64;278.772;1;0;;;2447.37;1;1
1815;0.2;52.7431;31.1;10.6948;40.3588;29.7;125;303.197;283.21;279;340;280;278;542.679;541.667;64;278.764;1;0;;;2447.37;1;1
1816;0.2;52.5405;31.1;10.617;40.3877;29.7;128;303.125;283.21;279;340;280;278;542.679;541.667;64;278.749;1;0;;;2447.37;1;1
1817;0.2;52.6794;31.1;10.6266;40.5006;29.7;125;303.313;283.21;279;340;280;278;542.679;541.667;64;278.736;1;0;;;2444.02;1;1
1818;0.2;52.8443;31.1;10.6968;40.5324;29.7;123;303.284;283.21;279;340;280;278;542.535;541.522;64;278.725;1;0;;;2444.02;1;1
1819;0.2;52.8472;31.1;10.6974;40.1852;29.8;126;303.313;283.218;279;340;280;278;542.535;541.377;64;278.718;1;0;;;2444.02;1;1
1820;0.2;53.0498;31.1;10.7199;40.1852;29.8;128;303.429;283.218;279;340;280;278;542.39;541.377;64;278.709;1;0;;;2442.09;1;1
1821;0.2;52.8472;31.1;10.642;40.2865;29.8;123;303.559;283.225;279;340;280;278;542.39;541.377;64;278.698;1;0;;;2441.12;1;1
1822;0.2;52.3958;31.1;10.5511;40.489;29.8;123;303.617;283.225;279;340;280;278;542.39;541.233;64;278.687;1;0;;;2439.19;1;1
1823;0.2;52.4855;31.1;10.5508;40.3877;29.8;128;303.573;283.218;279;340;280;278;542.39;541.522;64;278.677;1;0;;;2433.39;1;1
1824;0.2;52.6071;31.1;10.5569;40.0839;29.8;134;304.152;283.218;279;340;280;278;542.535;541.377;64;278.669;1;0;;;2433.39;1;1
1825;0.2;52.3293;31.1;10.5194;40.2865;29.8;136;304.051;283.21;279;340;280;278;542.535;541.377;64;278.661;1;0;;;2432.43;1;1
1826;0.2;52.2338;31.1;10.482;40.3877;29.8;129;304.008;283.218;279;340;280;278;542.39;541.522;64;278.654;1;0;;;2431.46;1;1
1827;0.2;52.338;31.1;10.5578;40.2865;29.8;130;303.993;283.225;279;340;280;278;542.39;541.377;64;278.648;1;0;;;2431.46;1;1
1828;0.2;52.4392;31.1;10.5782;40.0868;29.8;136;304.225;283.232;279;340;280;278;542.39;541.522;64;278.643;1;0;;;2428.04;1;1
1829;0.2;52.5405;31.1;10.5619;40.1649;29.8;135;304.282;283.232;279;340;280;278;542.535;541.667;64;278.638;1;0;;;2428.04;1;1
1830;0.2;52.7459;31.1;10.5479;40.0839;29.8;137;304.196;283.218;279;340;280;278;542.535;541.667;64;278.634;1;0;;;2428.04;1;1
1831;0.2;52.4363;31.1;10.5409;40.1013;29.8;135;304.08;283.225;279;340;280;278;542.679;541.667;64;278.625;1;0;;;2426.07;1;1
1832;0.2;52.4421;31.1;10.6154;40.1852;29.8;139;304.456;283.095;279;340;280;278;542.824;541.811;64;278.619;1;0;;;2425.11;1;1
1833;0.2;52.4392;31.1;10.5232;40.0839;29.8;139;304.499;283.102;279;340;280;278;542.824;541.811;64;278.614;1;0;;;2425.11;1;1
1834;0.2;52.4392;31.1;10.5415;40.1852;29.8;141;304.615;283.102;279;340;280;278;542.824;541.811;64;278.61;1;0;;;2423.18;1;1
1835;0.2;52.338;31.1;10.576;40.489;29.8;141;304.673;283.109;279;340;280;278;542.824;541.811;64;278.604;1;0;;;2423.18;1;1
1836;0.2;52.6418;31.1;10.5822;40.3877;29.8;134;304.659;283.109;279;340;280;278;542.679;541.667;64;278.595;1;0;;;2421.22;1;1
1837;0.2;52.6418;31.1;10.5822;40.3038;29.8;135;305.093;283.095;279;340;280;278;542.679;541.667;64;278.588;1;0;;;2420.26;1;1
1838;0.2;52.5116;31.1;10.5561;40.3241;29.8;138;304.991;283.087;279;340;280;278;542.679;541.667;64;278.59;1;0;;;2419.29;1;1
1839;0.2;52.4392;31.1;10.5232;40.1852;29.8;128;305.02;283.095;279;340;280;278;542.824;541.667;64;278.585;1;0;;;2417.37;1;1
1840;0.2;52.6447;31.1;10.5277;40.3906;29.9;126;305.165;283.095;279;340;280;278;542.824;541.811;64;278.587;1;0;;;2417.37;1;1
1841;0.2;52.5405;31.1;10.5252;40.5903;29.9;129;305.266;283.102;279;340;280;278;542.824;541.811;64;278.584;1;0;;;2417.37;1;1
1842;0.2;52.6418;31.1;10.5455;40.489;29.9;127;305.194;283.102;279;340;280;278;542.824;541.811;64;278.582;1;0;;;2415.44;1;1
1843;0.2;52.8443;31.1;10.6045;40.4659;29.9;127;305.078;283.109;279;340;280;278;542.824;541.811;64;278.584;1;0;;;2415.44;1;1
1844;0.2;52.5579;31.1;10.5287;40.2865;29.9;130;305.498;283.109;279;340;280;278;542.824;541.811;64;278.586;1;0;;;2415.01;1;1
1845;0.2;52.4971;31.1;10.5165;40.2604;29.9;135;305.454;283.102;279;340;280;278;542.824;541.956;64;278.587;1;0;;;2415.01;1;1
1846;0.2;52.8819;31.1;10.612;40.3646;29.9;123;305.425;283.102;279;340;280;278;542.969;541.956;64;278.586;1;0;;;2415.01;1;1
1847;0.2;52.5405;31.1;10.4701;40.1852;29.9;115;305.613;283.095;279;340;280;278;542.969;541.956;64;278.584;1;0;;;2414.04;1;1
1848;0.2;52.9485;31.1;10.5884;40.2865;29.9;118;305.715;283.095;279;340;280;278;542.824;541.667;64;278.586;1;0;;;2413.08;1;1
1849;0.2;53.151;31.1;10.5918;40.1852;29.9;120;305.628;283.102;279;340;280;278;542.824;541.811;64;278.588;1;0;"CUSN8       ";;2413.08;1;1
1850;0.2;52.7431;31.1;10.5289;40.2865;29.9;122;305.584;283.464;279;340;280;278;542.824;541.956;64;278.589;1;0;;;2409.82;1;1
1851;0.2;52.3032;31.1;10.4594;40.3877;29.9;122;305.498;283.456;279;340;280;278;542.969;541.956;64;278.591;1;0;;;2409.82;1;1
1852;0.2;52.4392;31.1;10.4499;40.3877;29.9;120;305.44;283.42;279;340;280;278;543.113;541.956;64;278.592;1;0;;;2407.9;1;1
1853;0.2;52.5405;31.1;10.5068;40.3877;29.9;122;305.44;283.464;279;340;280;278;542.969;541.811;64;278.593;1;0;;;2405.01;1;1
1854;0.2;52.4074;31.1;10.407;40.2894;29.9;119;305.57;283.478;279;340;280;278;542.969;541.811;64;278.594;1;0;;;2405.01;1;1
1855;0.2;52.4392;31.2;10.806;40.4253;29.9;114;305.961;283.5;279;340;280;278;542.824;541.811;64;278.602;1;0;;;2401.25;1;1
1856;0.2;52.5405;31.2;10.7718;40.3877;29.9;118;306.062;283.485;279;340;280;278;542.679;541.667;64;278.608;1;0;;;2401.25;1;1
1857;0.2;52.5405;31.2;10.8085;40.489;29.9;122;305.57;283.239;279;340;280;278;542.535;541.667;64;278.618;1;0;;;2401.25;1;1
1858;0.2;52.6418;31.2;10.7741;40.3791;29.9;118;305.946;283.485;279;340;280;278;542.535;541.667;64;278.628;1;0;;;2398.56;1;1
1859;0.2;52.5405;31.2;10.7901;40.5903;29.9;109;305.859;283.485;279;340;280;278;542.535;541.667;64;278.64;1;0;;;2398.56;1;1
1860;0.2;52.6071;31.2;10.8405;40.5903;29.9;110;305.802;283.464;279;340;280;278;542.679;541.667;64;278.651;1;0;;;2398.56;1;1
1861;0.2;52.2743;31.2;10.772;40.489;29.9;113;305.787;283.21;279;340;280;278;542.679;541.522;64;278.666;1;0;;;2396.64;1;1
1862;0.2;52.5405;31.2;10.7534;40.1823;29.9;107;305.527;283.594;279;340;280;278;542.535;541.522;64;278.686;1;0;;;2396.64;1;1
1863;0.2;52.7431;31.2;10.7949;40.081;29.9;107;305.584;283.623;279;340;280;278;542.535;541.522;64;278.707;1;0;;;2396.64;1;1
1864;0.2;52.5376;31.2;10.7528;40.0839;29.9;106;305.642;283.63;279;340;280;278;542.535;541.522;64;278.729;1;0;;;2394.27;1;1
1865;0.2;52.7431;31.2;10.7396;40.1794;29.9;107;305.599;283.637;279;340;280;278;542.535;541.522;64;278.748;1;0;;;2394.27;1;1
1866;0.2;52.6678;31.2;10.7242;40.2865;29.9;103;305.527;283.637;279;340;280;278;542.535;541.377;64;278.772;1;0;"CUSN8       ";;2390.43;1;1
1867;0.2;52.338;31.2;10.6936;40.787;29.9;94;305.917;283.608;279;340;280;278;542.535;541.377;64;278.793;1;0;;;2389.5;1;1
1868;0.2;52.5174;31.2;10.712;40.5903;29.9;84;305.787;283.608;279;340;280;278;542.535;541.522;64;278.819;1;0;;;2388.55;1;1
1869;0.2;52.4392;31.2;10.696;40.3877;29.9;82;305.729;283.615;279;340;280;278;542.535;541.522;64;278.845;1;0;;;2387.32;1;1
1870;0.2;52.5405;31.2;10.7167;40.4745;29.9;76;305.049;283.594;279;340;280;278;542.535;541.522;64;278.872;1;0;;;2387.32;1;1
1871;0.2;52.3611;31.2;10.7167;40.3906;29.9;74;305.252;283.637;279;340;280;278;542.535;541.522;64;278.895;1;0;;;2387.32;1;1
1872;0.2;52.3235;31.2;10.6359;40.489;29.9;79;305.266;283.601;279;340;280;278;542.535;541.522;64;278.919;1;0;;;2386.36;1;1
1873;0.2;52.5405;31.2;10.6983;40.5903;29.9;76;305.165;283.644;279;340;280;278;542.535;541.522;64;278.942;1;0;;;2386.36;1;1
1874;0.2;52.7459;31.2;10.6664;40.2836;29.9;74;304.876;283.637;279;340;280;278;542.535;541.667;64;278.963;1;0;;;2386.36;1;1
1875;0.2;52.7459;31.2;10.7217;40.1852;29.9;69;304.456;283.615;279;340;280;278;542.679;541.667;64;278.99;1;0;;;2384.45;1;1
1876;0.2;52.5405;31.2;10.6616;40.2865;29.9;70;304.427;283.623;279;340;280;278;542.679;541.667;64;279.009;1;0;;;2383.49;1;1
1877;0.2;53.0498;31.2;10.802;40.3877;29.9;70;303.979;283.63;279;340;280;278;542.824;541.667;64;279.03;1;0;;;2382.53;1;1
1878;0.2;52.6418;31.2;10.6454;40.489;29.9;69;304.109;283.637;279;340;280;278;542.679;541.667;64;279.058;1;0;;;2382.53;1;1
1879;0.2;52.6418;31.2;10.6638;40.1823;29.9;64;304.196;283.644;279;340;280;278;542.679;541.667;64;279.08;1;0;;;2381.57;1;1
1880;0.2;52.5405;31.2;10.6433;40.2865;29.9;65;303.747;283.601;279;340;280;278;542.824;541.667;64;279.1;1;0;;;2380.61;1;1
1881;0.2;52.7431;31.2;10.6843;40.2865;29.9;65;303.704;283.637;279;340;280;278;542.824;541.811;64;279.118;1;0;;;2379.66;1;1
1882;0.2;52.5405;31.2;10.6616;40.5932;29.9;66;303.66;283.623;279;340;280;278;542.679;541.811;64;279.133;1;0;;;2373.91;1;1
1883;0.2;52.5405;31.2;10.6983;40.3848;29.9;56;302.951;283.63;279;340;280;278;542.824;541.811;64;279.152;1;0;;;2373.91;1;1
1884;0.2;52.5376;31.2;10.5876;40.489;29.9;52;302.966;283.63;279;340;280;278;542.824;541.811;64;279.165;1;0;;;2373.91;1;1
1885;0.2;52.7749;31.2;10.6723;40.8189;29.9;54;303.111;283.818;279;340;280;278;542.969;541.811;64;279.18;1;0;;;2372.18;1;1
1886;0.2;52.7459;31.2;10.648;40.5903;29.9;52;302.836;283.861;279;340;280;278;542.969;541.811;64;279.188;1;0;;;2372.18;1;1
1887;0.2;52.4392;31.2;10.6044;40.2865;29.9;51;302.879;283.89;279;340;280;278;542.824;541.667;64;279.19;1;0;;;2371.22;1;1
1888;0.2;52.6418;31.2;10.6454;40.1505;29.9;56;302.083;283.898;279;340;280;278;542.679;541.667;64;279.192;1;0;;;2369.31;1;1
1889;0.2;52.8067;31.2;10.6418;40.1649;29.9;59;301.968;283.854;279;340;280;278;542.679;541.522;64;279.193;1;0;;;2369.31;1;1
1890;0.2;52.7459;31.2;10.648;40.0839;29.8;57;301.577;283.883;279;340;280;278;542.535;541.522;64;279.194;1;0;;;2367.78;1;1
1891;0.2;52.338;31.2;10.5474;40.4716;29.8;61;301.606;283.883;279;340;280;278;542.535;541.377;64;279.192;1;0;;;2367.78;1;1
1892;0.2;52.4392;31.2;10.5861;40.489;29.8;63;301.664;283.854;279;340;280;278;542.679;541.667;64;279.187;1;0;"CUSN8       ";;2367.78;1;1
1893;0.2;52.2656;31.2;10.5876;40.3009;29.8;71;301.1;283.847;279;340;280;278;542.679;541.667;64;279.185;1;0;;;2364.91;1;1
1894;0.2;52.1354;31.2;10.5248;40.5903;29.8;71;301.157;283.861;279;340;280;278;542.535;541.522;64;279.184;1;0;;;2364.07;1;1
1895;0.2;52.4074;31.2;10.6163;40.6916;29.8;77;300.564;283.963;279;340;280;278;542.679;541.667;64;279.178;1;0;;;2363.74;1;1
1896;0.2;52.8212;31.2;10.6817;40.6916;29.8;80;300.434;283.977;279;340;280;278;542.679;541.522;64;279.172;1;0;;;2360.87;1;1
1897;0.2;52.8212;31.2;10.6448;40.897;29.8;94;300.347;283.623;279;340;280;278;542.679;541.667;64;279.167;1;0;;;2360.87;1;1
1898;0.2;52.4392;31.2;10.5678;40.9983;29.8;94;300.289;283.608;279;340;280;278;542.535;541.522;64;279.16;1;0;;;2359.92;1;1
1899;0.2;52.3351;31.2;10.5834;40.5903;29.8;92;299.87;283.623;279;340;280;278;542.535;541.522;64;279.153;1;0;;;2358.01;1;1
1900;0.2;52.2396;31.2;10.5093;40.2865;29.8;95;299.957;283.63;279;340;280;278;542.535;541.522;64;279.145;1;0;;;2357.06;1;1
1901;0.2;51.9184;31.1;10.1647;40.1852;29.8;109;300.087;283.63;279;340;280;278;542.535;541.522;64;279.137;1;0;;;2357.06;1;1
1902;0.2;52.0284;31.1;10.2044;40.0839;29.8;109;300.13;283.608;279;340;280;278;542.679;541.522;64;279.133;1;0;;;2357.06;1;1
1903;0.2;52.1325;31.1;10.1885;40.2865;29.8;110;300.043;283.608;279;340;280;278;542.535;541.522;64;279.126;1;0;;;2357.06;1;1
1904;0.2;52.2367;31.1;10.2453;40.1765;29.8;118;299.957;283.615;279;340;280;278;542.679;541.522;64;279.12;1;0;;;2355.69;1;1
1905;0.2;52.2107;31.1;10.222;39.9797;29.8;117;299.87;283.615;279;340;280;278;542.679;541.522;64;279.118;1;0;;;2354.74;1;1
1906;0.2;52.1354;31.1;10.189;40.1881;29.8;118;299.363;283.623;279;340;280;278;542.535;541.522;64;279.106;1;0;;;2351.88;1;1
1907;0.2;52.338;31.1;10.2469;40.2604;29.8;121;299.436;283.615;279;340;280;278;542.535;541.522;64;279.094;1;0;;;2351.88;1;1
1908;0.2;52.4392;31.1;10.2667;40.3819;29.8;131;300.029;283.63;279;340;280;278;542.535;541.522;64;279.084;1;0;;;2351.52;1;1
1909;0.2;52.4392;31.1;10.285;40.3848;29.8;130;300.116;283.984;279;340;280;278;542.535;541.522;64;279.076;1;0;;;2350.56;1;1
1910;0.2;52.7344;31.1;10.3061;40.1852;29.8;127;300.087;283.623;279;340;280;278;542.535;541.522;64;279.067;1;0;;;2350.56;1;1
1911;0.2;52.7431;31.1;10.3262;40.0521;29.8;129;299.971;283.608;279;340;280;278;542.535;541.377;64;279.059;1;0;"CUSN8       ";;2349.61;1;1
1912;0.2;52.5232;31.1;10.2648;39.9797;29.8;130;299.884;283.615;279;340;280;278;542.535;541.522;64;279.052;1;0;"CUSN8       ";;2347.5;1;1
1913;0.2;52.3351;31.1;10.228;40.2778;29.8;131;299.87;283.601;279;340;280;278;542.535;541.522;64;279.046;1;0;;;2347.5;1;1
1914;0.2;52.4016;31.1;10.3143;40.3877;29.8;135;299.986;283.623;279;340;280;278;542.535;541.522;64;279.041;1;0;"CUSN8       ";;2346.55;1;1
1915;0.2;52.7431;31.1;10.3262;40.489;29.8;138;300.087;283.63;279;340;280;278;542.679;541.667;64;279.036;1;0;;;2342.74;1;1
1916;0.2;52.6534;31.1;10.3454;40.4138;29.8;139;300.13;283.615;279;340;280;278;542.535;541.667;64;279.031;1;0;;;2342.74;1;1
1917;0.2;52.2338;31.1;10.2082;40.489;29.8;138;300.072;283.601;279;340;280;278;542.535;541.522;64;279.028;1;0;;;2342.74;1;1
1918;0.2;52.0284;31.1;10.1681;40.5006;29.8;143;299.971;283.608;279;340;280;278;542.535;541.377;64;279.024;1;0;;;2342.74;1;1
1919;0.2;51.7274;31.1;10.1635;40.3877;29.8;142;300.448;283.587;279;340;280;278;542.535;541.522;64;279.021;1;0;;;2342.74;1;1
1920;0.2;51.9416;31.1;10.1693;39.9942;29.8;142;300.463;283.587;279;340;280;278;542.535;541.667;64;279.019;1;0;;;2337.03;1;1
1921;0.2;52.0312;31.1;10.205;39.9826;29.8;139;300.463;283.623;279;340;280;278;542.679;541.667;64;279.014;1;0;;;2337.03;1;1
1922;0.2;52.1325;31.1;10.2067;39.8177;29.8;141;301.056;283.594;279;340;280;278;542.679;541.667;64;279.012;1;0;;;2336.08;1;1
1923;0.2;52.3351;31.1;10.2646;39.9797;29.8;137;301.085;283.63;279;340;280;278;542.535;541.522;64;279.011;1;0;;;2335.13;1;1
1924;0.2;52.1325;31.1;10.2431;40.0839;29.9;128;301.157;283.623;279;340;280;278;542.535;541.522;64;279.004;1;0;;;2334.18;1;1
1925;0.2;52.1325;31.1;10.2795;39.9855;29.9;126;301.649;283.594;279;340;280;278;542.39;541.377;64;278.999;1;0;;;2332.27;1;1
1926;0.2;52.1296;31.1;10.2425;40.3906;29.9;126;301.548;283.608;279;340;280;278;542.39;541.377;64;278.994;1;0;;;2331.32;1;1
1927;0.2;52.0312;31.1;10.205;40.3877;29.9;125;301.461;283.615;279;340;280;278;542.39;541.377;64;278.983;1;0;;;2331.32;1;1
1928;0.2;52.1325;31.1;10.2067;40.1852;29.9;121;301.895;283.615;279;340;280;278;542.535;541.377;64;278.976;1;0;;;2330.16;1;1
1929;0.2;52.1325;31.1;10.2067;40.1852;29.9;117;302.069;283.594;279;340;280;278;542.245;541.233;64;278.968;1;0;"CUSN8       ";;2330.16;1;1
1930;0.2;52.338;31.1;10.3383;40.1997;29.9;113;302.199;283.601;279;340;280;278;542.39;541.233;64;278.957;1;0;;;2328.26;1;1
1931;0.2;52.6418;31.1;10.3431;40.0839;29.9;111;302.141;283.587;279;340;280;278;542.245;541.233;64;278.951;1;0;;;2323.51;1;1
1932;0.2;52.4392;31.1;10.3217;40.1852;29.9;112;302.517;283.608;279;340;280;278;542.245;541.377;64;278.942;1;0;;;2323.51;1;1
1933;0.2;52.338;31.1;10.32;39.9797;29.9;111;302.459;283.449;279;340;280;278;542.39;541.233;64;278.931;1;0;;;2323.51;1;1
1934;0.2;52.338;31.1;10.2835;39.8785;29.9;111;302.677;283.333;279;340;280;278;542.245;541.233;64;278.916;1;0;;;2322.57;1;1
1935;0.2;52.2338;31.1;10.2995;39.9826;29.9;110;302.662;283.333;279;340;280;278;542.39;541.233;64;278.903;1;0;;;2321.62;1;1
1936;0.2;52.1528;31.1;10.2288;40.1852;29.9;105;302.705;283.341;279;340;280;278;542.245;541.377;64;278.885;1;0;;;2319.72;1;1
1937;0.2;52.3206;31.1;10.3166;40.1765;29.9;107;302.821;283.348;279;340;280;278;542.39;541.377;64;278.864;1;0;;;2319.72;1;1
1938;0.2;52.3582;31.1;10.2874;40.1852;30;106;303.212;283.355;279;340;280;278;542.535;541.377;64;278.846;1;0;;;2318.18;1;1
1939;0.2;52.2367;31.1;10.2818;40.1852;30;106;303.168;283.355;279;340;280;278;542.39;541.377;64;278.823;1;0;;;2316.28;1;1
1940;0.2;52.3466;31.1;10.3034;40.1562;30;107;303.067;283.362;279;340;280;278;542.39;541.377;64;278.801;1;0;;;2315.33;1;1
1941;0.2;52.3611;31.1;10.3246;40.2894;30;113;302.951;283.37;279;340;280;278;542.39;541.233;64;278.779;1;0;;;2315.33;1;1
1942;0.2;52.2338;31.1;10.2995;40.2865;30;116;302.966;283.377;279;340;280;278;542.39;541.377;64;278.756;1;0;;;2314.39;1;1
1943;0.2;52.2512;31.1;10.3212;40.1852;30;122;303.082;283.384;279;340;280;278;542.39;541.377;64;278.738;1;0;;;2313.68;1;1
1944;0.2;52.2367;31.1;10.3183;40.2865;30;121;303.183;283.391;279;340;280;278;542.39;541.233;64;278.716;1;0;;;2311.11;1;1
1945;0.2;52.1325;31.1;10.2795;40.2865;30;129;303.197;283.391;279;340;280;278;542.39;541.377;64;278.694;1;0;;;2311.11;1;1
1946;0.2;52.2338;31.2;10.6541;40.1852;30;135;303.096;283.398;279;340;280;278;542.39;541.377;64;278.672;1;0;;;2308.27;1;1
1947;0.2;52.5434;31.2;10.7173;40.0839;30;138;302.995;283.406;279;340;280;278;542.535;541.377;64;278.652;1;0;;;2307.32;1;1
1948;0.2;52.7431;31.2;10.8133;39.9797;30;146;302.937;283.427;279;340;280;278;542.535;541.377;64;278.629;1;0;;;2307.32;1;1
1949;0.2;52.7459;31.2;10.7586;40.0839;30;152;303.805;283.427;279;340;280;278;542.535;541.377;64;278.608;1;0;;;2304.48;1;1
1950;0.2;52.6418;31.2;10.7557;40.1852;30;154;303.892;283.42;279;340;280;278;542.39;541.233;64;278.588;1;0;;;2304.48;1;1
1951;0.2;52.1325;31.2;10.6335;40.0839;30;152;303.979;283.391;279;340;280;278;542.39;541.377;64;278.57;1;0;;;2304.48;1;1
1952;0.2;52.0312;31.2;10.6128;40.0666;30;150;303.993;283.398;279;340;280;278;542.535;541.377;64;278.551;1;0;;;2299.79;1;1
1953;0.2;52.3351;31.2;10.6748;39.9826;30;160;303.921;283.406;279;340;280;278;542.535;541.377;64;278.535;1;0;;;2299.79;1;1
1954;0.2;52.7431;31.2;10.758;40.2865;30;168;303.313;283.348;279;340;280;278;542.535;541.377;64;278.52;1;0;;;2299.09;1;1
1955;0.2;52.8472;31.2;10.7792;40.2894;30;175;303.313;283.341;279;340;280;278;542.39;541.377;64;278.506;1;0;;;2298.15;1;1
1956;0.2;52.7431;31.2;10.7949;40.2865;30;176;304.008;283.42;279;340;280;278;542.535;541.377;64;278.494;1;0;;;2298.15;1;1
1957;0.2;52.6418;31.2;10.7925;40.0752;30;174;303.993;283.427;279;340;280;278;542.39;541.377;64;278.483;1;0;;;2297.2;1;1
1958;0.2;52.4392;31.2;10.7327;39.9826;30;174;304.051;283.427;279;340;280;278;542.39;541.377;64;278.474;1;0;;;2295.75;1;1
1959;0.2;52.2396;31.2;10.7101;40.1852;30;176;304.181;283.442;279;340;280;278;542.39;541.377;64;278.466;1;0;;;2295.75;1;1
1960;0.2;52.1325;31.2;10.6881;40.3791;30;181;304.442;283.312;279;340;280;278;542.535;541.377;64;278.458;1;0;;;2293.85;1;1
1961;0.2;52.6418;31.2;10.7557;40.2894;30;176;304.948;283.312;279;340;280;278;542.535;541.522;64;278.452;1;0;;;2291.97;1;1
1962;0.2;52.5405;31.2;10.735;40.2865;30;170;305.035;283.312;279;340;280;278;542.535;541.522;64;278.446;1;0;;;2291.97;1;1
1963;0.2;51.8982;31.2;10.6582;40.081;30;176;305.02;283.456;279;340;280;278;542.679;541.667;64;278.438;1;0;;;2291.97;1;1
1964;0.2;51.739;31.2;10.6074;40.1881;30;174;305.324;283.297;279;340;280;278;542.679;541.667;64;278.428;1;0;;;2291.36;1;1
1965;0.2;52.0312;31.2;10.7037;40.3877;30;174;305.382;283.283;279;340;280;278;542.679;541.667;64;278.422;1;0;;;2289.51;1;1
1966;0.2;52.338;31.2;10.7851;40.0839;30;162;305.946;283.464;279;340;280;278;542.824;541.667;64;278.414;1;0;;;2289.51;1;1
1967;0.2;52.338;31.3;11.1039;40.0203;30;160;306.279;283.319;279;340;280;278;542.824;541.667;64;278.407;1;0;;;2288.71;1;1
1968;0.2;52.1383;31.3;11.0069;40.2633;30;163;306.192;283.254;279;340;280;278;542.824;541.667;64;278.4;1;0;;;2287.76;1;1
1969;0.2;52.2743;31.3;11.0356;40.2865;30;161;306.887;283.449;279;340;280;278;542.824;541.667;64;278.4;1;0;;;2287.3;1;1
1970;0.2;52.526;31.3;11.0887;40.2865;30;157;306.829;283.456;279;340;280;278;542.824;541.667;64;278.395;1;0;;;2286.35;1;1
1971;0.2;52.7604;31.3;11.1566;39.9826;30;150;306.264;283.283;279;340;280;278;542.679;541.667;64;278.396;1;0;;;2285.13;1;1
1972;0.2;52.7459;31.3;11.1351;40.0839;30;152;307.133;283.283;279;340;280;278;542.824;541.522;64;278.393;1;0;;;2285.13;1;1
1973;0.2;52.4074;31.3;11.082;40.1852;30;156;307.277;283.297;279;340;280;278;542.679;541.667;64;278.394;1;0;;;2284.18;1;1
1974;0.2;52.4392;31.3;11.0887;40.1852;30;148;307.292;283.297;279;340;280;278;542.679;541.522;64;278.395;1;0;;;2282.3;1;1
1975;0.2;52.2049;31.3;11.0209;40.0839;30;143;307.219;283.297;279;340;280;278;542.679;541.522;64;278.396;1;0;;;2281.35;1;1
1976;0.2;52.0312;31.3;11.0388;39.8785;30;142;307.364;283.319;279;340;280;278;542.679;541.667;64;278.396;1;0;;;2280.16;1;1
1977;0.2;52.2309;31.4;11.3628;40.0839;30;136;307.277;283.319;279;340;280;278;542.535;541.522;64;278.397;1;0;;;2279.21;1;1
1978;0.2;52.2367;31.4;11.3823;40.0666;30;134;307.263;283.283;279;340;280;278;542.535;541.522;64;278.397;1;0;;;2276.38;1;1
1979;0.2;52.2338;31.4;11.3634;39.7772;30;126;307.335;283.275;279;340;280;278;542.535;541.522;64;278.397;1;0;;;2276.38;1;1
1980;0.2;52.7459;31.4;11.4932;39.9855;30;134;308.247;283.283;279;340;280;278;542.679;541.522;64;278.395;1;0;;;2274.5;1;1
1981;0.2;52.6418;31.4;11.4337;40.2865;30;124;308.362;283.247;279;340;280;278;542.679;541.667;64;278.397;1;0;;;2271.67;1;1
1982;0.2;52.5405;31.4;11.4485;40.0839;30;112;308.29;283.232;279;340;280;278;542.679;541.667;64;278.396;1;0;;;2271.67;1;1
1983;0.2;52.4971;31.4;11.4574;39.9045;30;114;308.218;283.247;279;340;280;278;542.679;541.667;64;278.396;1;0;;;2271.67;1;1
1984;0.2;52.2367;31.4;11.4188;39.9826;30;113;308.145;283.232;279;340;280;278;542.824;541.667;64;278.397;1;0;;;2271.67;1;1
1985;0.2;52.1325;31.4;11.3778;39.9797;30;115;308.087;283.232;279;340;280;278;542.679;541.522;64;278.397;1;0;;;2270.73;1;1
1986;0.2;52.2367;31.4;11.364;40.1852;30;113;308.145;283.232;279;340;280;278;542.535;541.522;64;278.395;1;0;;;2270.66;1;1
1987;0.2;52.1325;31.5;11.6953;40.1852;30;116;307.48;283.239;279;340;280;278;542.535;541.377;64;278.396;1;0;;;2267.83;1;1
1988;0.2;52.4392;31.5;11.7458;40.1852;30;117;307.552;283.239;279;340;280;278;542.39;541.377;64;278.397;1;0;;;2267.83;1;1
1989;0.2;52.338;31.5;11.7963;40.1852;30;126;307.523;283.254;279;340;280;278;542.535;541.377;64;278.397;1;0;;;2263.23;1;1
1990;0.2;52.3409;31.5;11.7786;40.1852;30;127;307.451;283.254;279;340;280;278;542.39;541.377;64;278.405;1;0;;;2261.34;1;1
1991;0.2;52.2656;31.5;11.6886;40.1852;30;133;307.321;283.254;279;340;280;278;542.39;541.522;64;278.414;1;0;;;2261.34;1;1
1992;0.2;52.4277;31.5;11.8348;39.9971;30;134;307.856;283.413;279;340;280;278;542.39;541.377;64;278.422;1;0;;;2259.45;1;1
1993;0.2;52.3322;31.5;11.7401;40.0839;30;126;307.856;283.391;279;340;280;278;542.535;541.377;64;278.434;1;0;;;2259.45;1;1
1994;0.2;52.4392;31.5;11.8191;40.4138;30;130;307.943;283.377;279;340;280;278;542.535;541.377;64;278.446;1;0;;;2257.57;1;1
1995;0.2;52.5405;31.5;11.7685;40.3906;30;136;307.407;283.247;279;340;280;278;542.39;541.377;64;278.463;1;0;;;2256.63;1;1
1996;0.2;52.4392;31.5;11.7824;40.162;30;128;308.116;283.384;279;340;280;278;542.39;541.233;64;278.483;1;0;;;2256.63;1;1
1997;0.2;52.4161;31.5;11.7956;40.2865;30;115;307.263;283.391;279;340;280;278;542.39;541.233;64;278.501;1;0;;;2256.5;1;1
1998;0.2;52.4392;31.5;11.7641;40.3877;30;127;307.161;283.095;279;340;280;278;542.535;541.377;64;278.525;1;0;;;2256.5;1;1
1999;0.2;52.3351;31.5;11.7773;40.2865;30;128;307.075;283.095;279;340;280;278;542.679;541.377;64;278.545;1;0;;;2255.56;1;1
2000;0.2;52.1238;31.5;11.7298;40.1562;30;126;307.031;283.102;279;340;280;278;542.535;541.522;64;278.562;1;0;"CUSN8       ";;2253.69;1;1
2001;0.2;52.1325;31.5;11.6771;40.1852;30;122;307.147;283.109;279;340;280;278;542.679;541.522;64;278.578;1;0;;;2253.19;1;1
2002;0.2;52.1354;31.5;11.7506;40.3964;30;120;307.292;283.109;279;340;280;278;542.679;541.522;64;278.588;1;0;;;2253.19;1;1
2003;0.2;52.3438;31.5;11.7793;40.489;30;115;307.277;283.109;279;340;280;278;542.535;541.377;64;278.59;1;0;;;2251.14;1;1
2004;0.2;52.4392;31.5;11.7824;40.5903;30;109;307.19;283.102;279;340;280;278;542.535;541.377;64;278.591;1;0;;;2251.14;1;1
2005;0.2;52.3351;31.5;11.8139;40.3877;30;106;307.104;283.087;279;340;280;278;542.535;541.377;64;278.592;1;0;;;2250.2;1;1
2006;0.2;52.5405;31.5;11.8419;40.4774;30;106;307.031;283.087;279;340;280;278;542.535;541.522;64;278.593;1;0;"CUSN8       ";;2248.32;1;1
2007;0.2;52.4363;31.5;11.8001;40.3877;30;104;307.176;283.095;279;340;280;278;542.679;541.522;64;278.594;1;0;;;2247.38;1;1
2008;0.2;52.4392;31.5;11.8008;40.3848;30;100;307.046;283.102;279;340;280;278;542.824;541.667;64;278.595;1;0;;;2243.63;1;1
2009;0.2;52.2078;31.5;11.7487;40.2922;30;99;307.06;283.102;279;340;280;278;542.824;541.811;64;278.592;1;0;;;2243.63;1;1
2010;0.2;52.0341;31.5;11.6914;40.2865;30;113;307.031;283.102;279;340;280;278;542.824;541.667;64;278.598;1;0;;;2240.5;1;1
2011;0.2;51.8287;31.5;11.6453;40.2865;30;106;306.944;283.109;279;340;280;278;542.824;541.811;64;278.602;1;0;;;2236.14;1;1
2012;0.2;52.1325;31.5;11.7682;40.4109;30;99;306.858;283.109;279;340;280;278;542.679;541.667;64;278.607;1;0;;;2233.33;1;1
2013;0.2;52.1354;31.5;11.7506;40.5903;30;98;306.771;283.102;279;340;280;278;542.824;541.667;64;278.615;1;0;;;2226.78;1;1
2014;0.2;52.3351;31.5;11.7773;40.5903;30;100;306.771;283.087;279;340;280;278;542.824;541.667;64;278.622;1;0;;;2224.8;1;1
2015;0.2;52.6418;31.5;11.8096;40.5903;30;99;306.178;283.095;279;340;280;278;542.824;541.667;64;278.626;1;0;;;2224.8;1;1
2016;0.2;52.6418;31.5;11.8647;40.6916;30;102;306.293;283.095;279;340;280;278;542.679;541.667;64;278.634;1;0;;;2224.8;1;1
2017;0.2;52.4392;31.5;11.7641;40.489;29.9;113;306.308;283.095;279;340;280;278;542.535;541.522;64;278.645;1;0;;;2224.8;1;1
2018;0.2;52.4392;31.5;11.8191;40.5903;29.9;113;306.221;283.102;279;340;280;278;542.535;541.522;64;278.658;1;0;;;2224.8;1;1
2019;0.2;52.1354;31.5;11.7688;40.6944;29.9;111;306.134;283.102;279;340;280;278;542.679;541.667;64;278.674;1;0;;;2224.8;1;1
2020;0.2;52.2367;31.5;11.7734;40.2922;29.9;109;306.047;283.109;279;340;280;278;542.824;541.667;64;278.688;1;0;"CUSN8       ";;2224.8;1;1
2021;0.2;52.2888;31.5;11.8034;40.2865;29.9;110;306.091;283.109;279;340;280;278;542.969;541.811;64;278.708;1;0;;;2224.8;1;1
2022;0.2;51.9387;31.5;11.7063;40.4167;29.9;109;305.642;283.087;279;340;280;278;542.969;541.811;64;278.73;1;0;;;2224.8;1;1
2023;0.2;52.1325;31.5;11.7135;40.3848;29.9;102;305.483;283.095;279;340;280;278;542.824;541.811;64;278.749;1;0;;;2224.8;1;1
2024;0.2;52.1354;31.5;11.787;40.3906;29.9;100;305.454;283.095;279;340;280;278;542.824;541.811;64;278.766;1;0;;;2224.8;1;1
2025;0.2;52.0226;31.5;11.707;40.2865;29.9;108;305.425;283.102;279;340;280;278;542.824;541.811;64;278.785;1;0;;;2224.8;1;1
2026;0.2;51.7535;31.5;11.7007;40.3877;29.9;104;305.498;283.102;279;340;280;278;542.824;541.667;64;278.806;1;0;;;2221.42;1;1
2027;0.2;51.93;31.5;11.7043;40.2865;29.9;100;305.223;283.102;279;340;280;278;542.824;541.667;64;278.826;1;0;;;2221.42;1;1
2028;0.2;52.2338;31.5;11.8093;40.2865;29.9;98;305.208;283.109;279;340;280;278;542.824;541.667;64;278.848;1;0;;;2221.42;1;1
2029;0.2;52.4392;31.5;11.8557;40.489;29.9;91;305.31;283.109;279;340;280;278;542.679;541.522;64;278.868;1;0;;;2221.42;1;1
2030;0.2;52.3235;31.5;11.7747;40.298;29.9;87;305.223;283.102;279;340;280;278;542.679;541.522;64;278.889;1;0;;;2220.49;1;1
2031;0.2;52.2367;31.5;11.7369;40.2865;29.9;86;305.237;283.087;279;340;280;278;542.679;541.667;64;278.913;1;0;;;2218.62;1;1
2032;0.2;52.7431;31.5;11.8691;40.2865;29.9;90;305.136;283.095;279;340;280;278;542.824;541.522;64;278.934;1;0;;;2217.8;1;1
2033;0.2;52.6418;31.5;11.8831;40.2865;29.9;90;305.035;283.225;279;340;280;278;542.824;541.667;64;278.953;1;0;;;2217.8;1;1
2034;0.2;52.6418;31.5;11.8647;40.4659;29.9;82;304.977;283.21;279;340;280;278;542.824;541.667;64;278.975;1;0;;;2215.85;1;1
2035;0.2;52.5405;31.4;11.4852;40.4745;29.9;78;304.89;283.413;279;340;280;278;542.969;541.667;64;278.995;1;0;;;2214.92;1;1
2036;0.2;52.4392;31.4;11.4447;40.489;29.9;76;304.919;283.478;279;340;280;278;542.824;541.667;64;279.016;1;0;;;2214.56;1;1
2037;0.2;52.6418;31.4;11.5257;40.3877;29.9;83;304.962;283.485;279;340;280;278;542.679;541.522;64;279.033;1;0;;;2213.62;1;1
2038;0.2;52.6418;31.4;11.5257;40.191;29.9;78;304.933;283.471;279;340;280;278;542.679;541.667;64;279.047;1;0;;;2213.62;1;1
2039;0.2;52.2656;31.4;11.4616;40.1823;29.9;69;304.89;283.471;279;340;280;278;542.824;541.811;64;279.067;1;0;;;2212.69;1;1
2040;0.2;52.4334;31.4;11.4801;40.2865;29.9;69;304.876;283.442;279;340;280;278;542.824;541.811;64;279.082;1;0;;;2212.69;1;1
2041;0.2;52.7459;31.4;11.567;40.2865;29.9;68;303.935;283.464;279;340;280;278;542.824;541.811;64;279.095;1;0;;;2211.76;1;1
2042;0.2;52.8212;31.4;11.565;40.1852;29.9;65;304.022;283.464;279;340;280;278;542.824;541.811;64;279.106;1;0;;;2209.67;1;1
2043;0.2;52.5405;31.4;11.5403;40.4919;29.9;61;304.152;283.492;279;340;280;278;542.824;541.811;64;279.117;1;0;;;2209.67;1;1
2044;0.2;52.6418;31.4;11.5441;40.6221;29.9;63;303.993;283.435;279;340;280;278;542.824;541.811;64;279.126;1;0;;;2207.81;1;1
2045;0.2;52.7431;31.4;11.4926;40.6221;29.8;62;303.921;283.449;279;340;280;278;542.824;541.667;64;279.126;1;0;;;2206.87;1;1
2046;0.2;52.6418;31.4;11.5625;40.5903;29.8;61;303.819;283.485;279;340;280;278;542.679;541.522;64;279.126;1;0;;;2205.98;1;1
2047;0.2;52.7286;31.4;11.6;40.489;29.8;59;302.995;283.471;279;340;280;278;542.679;541.667;64;279.123;1;0;;;2204.78;1;1
2048;0.2;52.7431;31.4;11.5295;40.489;29.8;62;302.937;283.464;279;340;280;278;542.679;541.522;64;279.118;1;0;;;2202.2;1;1
2049;0.2;52.827;31.4;11.5663;40.5932;29.8;69;302.98;283.514;279;340;280;278;542.824;541.667;64;279.118;1;0;;;2201.27;1;1
2050;0.2;52.9485;31.4;11.5929;40.5903;29.8;67;302.763;283.587;279;340;280;278;542.679;541.667;64;279.116;1;0;;;2199.41;1;1
2051;0.2;52.7431;31.3;11.2082;40.3848;29.8;69;302.85;283.63;279;340;280;278;542.679;541.522;64;279.115;1;0;;;2199.41;1;1
2052;0.2;52.5405;31.3;11.1835;40.2865;29.8;79;302.937;283.637;279;340;280;278;542.679;541.667;64;279.113;1;0;;;2198.48;1;1
2053;0.2;52.5405;31.3;11.1285;40.0839;29.8;85;302.17;283.601;279;340;280;278;542.824;541.667;64;279.112;1;0;;;2197;1;1
2054;0.2;52.3351;31.3;11.1032;39.9797;29.8;83;301.997;283.601;279;340;280;278;542.824;541.667;64;279.108;1;0;;;2197;1;1
2055;0.2;52.6823;31.3;11.1953;40.3009;29.8;91;301.91;283.615;279;340;280;278;542.824;541.667;64;279.107;1;0;;;2196.08;1;1
2056;0.2;52.4392;31.3;11.107;40.1852;29.8;92;301.62;283.615;279;340;280;278;542.824;541.667;64;279.106;1;0;;;2195.5;1;1
2057;0.2;52.3438;31.3;11.1234;40.1852;29.8;95;301.736;283.623;279;340;280;278;542.679;541.667;64;279.105;1;0;;;2193.64;1;1
2058;0.2;52.4392;31.3;11.1437;40.1881;29.8;101;301.837;283.594;279;340;280;278;542.679;541.667;64;279.104;1;0;;;2192.71;1;1
2059;0.2;52.5492;31.3;11.112;40.081;29.8;109;301.881;283.601;279;340;280;278;542.679;541.667;64;279.105;1;0;;;2191.78;1;1
2060;0.2;52.7431;31.3;11.1529;39.9797;29.8;110;301.866;283.637;279;340;280;278;542.679;541.522;64;279.102;1;0;;;2190.85;1;1
2061;0.2;53.0122;31.3;11.2099;40.0839;29.8;112;301.071;283.63;279;340;280;278;542.679;541.522;64;279.102;1;0;;;2189.92;1;1
2062;0.2;52.7402;31.3;11.1708;40.2894;29.7;111;300.955;283.97;279;340;280;278;542.679;541.522;64;279.102;1;0;;;2189.92;1;1
2063;0.2;52.5405;31.2;10.7901;40.2807;29.7;122;300.883;283.992;279;340;280;278;542.679;541.667;64;279.099;1;0;;;2186.81;1;1
2064;0.2;52.7431;31.2;10.7764;40.1852;29.7;126;300.94;283.992;279;340;280;278;542.679;541.667;64;279.093;1;0;"CUSN8       ";;2186.81;1;1
2065;0.2;52.6534;31.2;10.8501;40.5903;29.7;125;301.085;283.999;279;340;280;278;542.679;541.667;64;279.087;1;0;;;2186.23;1;1
2066;0.2;52.2685;31.2;10.6977;40.4398;29.7;131;301.157;283.992;279;340;280;278;542.824;541.811;64;279.086;1;0;;;2184.87;1;1
2067;0.2;52.3351;31.2;10.7114;40.2865;29.7;133;301.056;283.782;279;340;280;278;542.969;541.811;64;279.085;1;0;;;2184.87;1;1
2068;0.2;52.338;31.2;10.712;40.2865;29.7;131;301.027;283.623;279;340;280;278;542.969;541.956;64;279.083;1;0;;;2182.08;1;1
2069;0.2;52.2946;31.2;10.6665;40.3877;29.7;131;300.94;283.63;279;340;280;278;542.824;541.811;64;279.082;1;0;;;2181.15;1;1
2070;0.2;52.2483;31.2;10.6753;40.0839;29.7;133;300.911;283.623;279;340;280;278;542.824;541.956;64;279.079;1;0;;;2181.15;1;1
2071;0.2;52.4363;31.2;10.7321;39.8814;29.7;136;300.998;283.615;279;340;280;278;542.969;541.811;64;279.076;1;0;;;2178.53;1;1
2072;0.2;52.4363;31.2;10.7321;39.9797;29.7;135;301.128;283.601;279;340;280;278;542.969;541.667;64;279.073;1;0;;;2177.6;1;1
2073;0.2;52.4479;31.2;10.7345;39.8785;29.7;135;301.157;283.615;279;340;280;278;542.824;541.667;64;279.071;1;0;;;2177.6;1;1
2074;0.2;52.7431;31.2;10.7949;39.9826;29.7;136;301.823;283.623;279;340;280;278;542.824;541.667;64;279.065;1;0;;;2174.89;1;1
2075;0.2;52.7431;31.2;10.7949;40.2865;29.8;135;301.736;283.63;279;340;280;278;542.824;541.667;64;279.057;1;0;;;2174.89;1;1
2076;0.2;52.5405;31.2;10.7534;40.0839;29.8;124;301.591;283.63;279;340;280;278;542.824;541.667;64;279.054;1;0;;;2173.96;1;1
2077;0.2;52.2338;31.1;10.2995;40.0839;29.8;124;301.519;283.63;279;340;280;278;542.824;541.667;64;279.053;1;0;;;2172.1;1;1
2078;0.2;52.3351;31.1;10.3377;40.1852;29.8;130;301.548;283.63;279;340;280;278;542.824;541.667;64;279.052;1;0;;;2170.25;1;1
2079;0.2;52.2367;31.1;10.3731;40.2865;29.8;131;302.083;283.601;279;340;280;278;542.679;541.667;64;279.052;1;0;;;2168.4;1;1
2080;0.2;52.2338;31.1;10.336;40.2865;29.8;128;302.156;283.601;279;340;280;278;542.679;541.667;64;279.058;1;0;;;2167.47;1;1
2081;0.2;52.2222;31.1;10.3154;40.2865;29.8;118;302.141;283.615;279;340;280;278;542.824;541.667;64;279.052;1;0;;;2167.47;1;1
2082;0.2;51.9329;31.1;10.2039;40.0897;29.8;118;302.04;283.623;279;340;280;278;542.824;541.667;64;279.046;1;0;;;2167.47;1;1
2083;0.2;52.1325;31.1;10.2613;40.1852;29.8;119;302.199;283.615;279;340;280;278;542.824;541.522;64;279.04;1;0;;;2166.55;1;1
2084;0.2;52.3003;31.1;10.3674;40.2865;29.8;118;302.517;283.63;279;340;280;278;542.824;541.522;64;279.036;1;0;;;2163.77;1;1
2085;0.2;52.5405;31.1;10.36;40.6916;29.8;111;302.416;283.601;279;340;280;278;542.679;541.522;64;279.037;1;0;;;2163.77;1;1
2086;0.2;52.4392;31.1;10.3583;40.6858;29.8;109;302.503;283.594;279;340;280;278;542.679;541.667;64;279.033;1;0;;;2161.49;1;1
2087;0.2;52.338;31.1;10.3566;40.4861;29.8;109;302.503;283.601;279;340;280;278;542.824;541.667;64;279.029;1;0;;;2161.49;1;1
2088;0.2;52.1209;31.1;10.2954;40.0839;29.8;107;302.474;283.608;279;340;280;278;542.824;541.667;64;279.025;1;0;"CUSN8       ";;2161.49;1;1
2089;0.2;51.93;31.1;10.3303;39.9913;29.8;107;303.067;283.608;279;340;280;278;542.969;541.811;64;279.022;1;0;;;2158.71;1;1
2090;0.2;52.0573;31.1;10.2829;40.2865;29.8;113;302.98;283.615;279;340;280;278;542.969;541.667;64;279.02;1;0;;;2157.79;1;1
2091;0.2;52.5289;31.1;10.376;40.3877;29.9;105;302.937;283.615;279;340;280;278;542.824;541.667;64;279.021;1;0;;;2156.86;1;1
2092;0.2;52.5405;31.1;10.3967;40.2865;29.9;100;303.067;283.601;279;340;280;278;542.969;541.811;64;279.018;1;0;;;2155.94;1;1
2093;0.2;52.4392;31.1;10.3034;40.1852;29.9;100;303.183;283.587;279;340;280;278;542.824;541.811;64;279.016;1;0;;;2155.01;1;1
2094;0.2;52.5405;31.1;10.3416;40.2865;29.9;104;303.183;283.21;279;340;280;278;542.969;541.811;64;279.014;1;0;;;2155.01;1;1
2095;0.2;52.4392;31.1;10.34;40.489;29.9;105;303.067;283.21;279;340;280;278;542.824;541.811;64;279.012;1;0;;;2153.17;1;1
2096;0.2;52.4363;31.1;10.3028;40.5932;29.9;104;302.966;283.218;279;340;280;278;542.824;541.811;64;279.014;1;0;;;2151.66;1;1
2097;0.2;52.1325;31.1;10.2431;40.0839;29.9;105;302.951;283.225;279;340;280;278;543.113;541.811;64;279.012;1;0;;;2150.73;1;1
2098;0.2;52.2367;31.1;10.2818;40.081;29.9;108;303.082;283.225;279;340;280;278;542.969;541.956;64;279.01;1;0;;;2150.46;1;1
2099;0.2;52.338;31.1;10.3566;40.3877;29.9;105;303.197;283.225;279;340;280;278;542.969;541.956;64;279.014;1;0;;;2150.46;1;1
2100;0.2;52.2338;31.1;10.2812;40.3848;29.9;106;303.183;283.232;279;340;280;278;542.969;541.811;64;279.019;1;0;"CUSN8       ";;2149.53;1;1
2101;0.2;52.338;31.1;10.2652;40.2865;29.9;107;303.082;283.232;279;340;280;278;542.969;541.811;64;279.028;1;0;;;2149.53;1;1
2102;0.2;52.5405;31.1;10.3416;40.1852;29.9;105;302.98;283.225;279;340;280;278;542.679;541.667;64;279.036;1;0;;;2144.06;1;1
2103;0.2;52.338;31.1;10.3017;40.0839;29.9;104;302.937;283.225;279;340;280;278;542.679;541.667;64;279.044;1;0;;;2144.06;1;1
2104;0.2;52.3466;31.1;10.3034;40.1128;29.9;105;302.561;283.232;279;340;280;278;542.824;541.522;64;279.05;1;0;;;2143.14;1;1
2105;0.2;52.5318;31.1;10.3215;39.9797;29.9;107;302.677;283.239;279;340;280;278;542.679;541.522;64;279.056;1;0;"CUSN8       ";;2143.14;1;1
2106;0.2;52.4392;31.1;10.3217;40.3877;29.9;107;302.691;283.232;279;340;280;278;542.535;541.233;64;279.061;1;0;;;2143.14;1;1
2107;0.2;52.6418;31.1;10.288;40.4919;29.9;111;302.619;283.239;279;340;280;278;542.535;541.377;64;279.074;1;0;;;2140.46;1;1
2108;0.2;52.6418;31.1;10.288;40.3472;29.9;114;302.561;283.239;279;340;280;278;542.39;541.233;64;279.084;1;0;;;2138.61;1;1
2109;0.2;52.4508;31.1;10.269;40.0926;29.9;114;302.488;283.239;279;340;280;278;542.39;541.233;64;279.097;1;0;;;2137.69;1;1
2110;0.2;52.5405;31.2;10.68;40.2546;29.9;111;302.995;283.341;279;340;280;278;542.39;541.233;64;279.106;1;0;;;2135.85;1;1
2111;0.2;52.419;31.1;10.2811;40.3877;29.9;113;303.111;283.341;279;340;280;278;542.39;541.377;64;279.11;1;0;;;2135.85;1;1
2112;0.2;52.5694;31.2;10.6308;40.1852;29.9;104;303.154;283.239;279;340;280;278;542.535;541.377;64;279.115;1;0;;;2134.83;1;1
2113;0.2;52.5405;31.1;10.3233;40.0839;29.9;95;303.139;283.333;279;340;280;278;542.535;541.522;64;279.115;1;0;;;2133.91;1;1
2114;0.2;52.0833;31.2;10.5688;40.081;29.9;91;303.038;283.095;279;340;280;278;542.679;541.522;64;279.116;1;0;;;2133.91;1;1
2115;0.2;52.8009;31.2;10.6591;40.1852;29.9;93;302.966;283.102;279;340;280;278;542.535;541.377;64;279.111;1;0;"CUSN8       ";;2130.23;1;1
2116;0.2;52.9485;31.2;10.7259;40.2488;29.9;91;302.937;283.102;279;340;280;278;542.679;541.522;64;279.104;1;0;;;2130.23;1;1
2117;0.2;52.6591;31.2;10.6305;40.1852;29.9;85;302.966;283.102;279;340;280;278;542.679;541.522;64;279.097;1;0;;;2129.31;1;1
2118;0.2;52.6418;31.2;10.6638;40.2836;29.9;87;303.212;283.109;279;340;280;278;542.679;541.522;64;279.086;1;0;;;2128.77;1;1
2119;0.2;52.7488;31.2;10.6486;40.1852;29.9;87;302.922;283.109;279;340;280;278;542.679;541.522;64;279.076;1;0;;;2128.77;1;1
2120;0.2;52.7431;31.2;10.6659;40.2025;29.9;83;302.908;283.102;279;340;280;278;542.535;541.377;64;279.065;1;0;;;2124.51;1;1
2121;0.2;52.3466;31.2;10.5308;40.3877;29.9;89;302.821;283.087;279;340;280;278;542.535;541.377;64;279.049;1;0;;;2124.51;1;1
2122;0.2;52.5376;31.2;10.606;40.1852;29.9;98;302.185;283.095;279;340;280;278;542.535;541.377;64;279.029;1;0;;;2123.59;1;1
2123;0.2;52.5376;31.2;10.5509;40.0926;29.9;108;302.17;283.102;279;340;280;278;542.535;541.667;64;279.012;1;0;;;2121.75;1;1
2124;0.2;52.2078;31.2;10.5211;40.1852;29.9;102;302.662;283.095;279;340;280;278;542.679;541.522;64;278.999;1;0;;;2121.75;1;1
2125;0.2;51.9271;31.2;10.4827;40.0839;29.9;101;302.763;283.102;279;340;280;278;542.535;541.377;64;278.986;1;0;;;2120.83;1;1
2126;0.2;51.93;31.2;10.4833;40.2865;29.9;113;302.402;283.109;279;340;280;278;542.535;541.377;64;278.972;1;0;;;2120.83;1;1
2127;0.2;52.4363;31.2;10.5305;40.0839;29.9;120;302.459;283.109;279;340;280;278;542.535;541.377;64;278.959;1;0;;;2120.83;1;1
2128;0.2;52.4884;31.2;10.5227;40.0868;29.9;120;302.459;283.095;279;340;280;278;542.535;541.377;64;278.951;1;0;;;2117.74;1;1
2129;0.2;52.338;31.2;10.5108;40.2807;29.9;125;302.127;283.087;279;340;280;278;542.39;541.377;64;278.936;1;0;;;2116.82;1;1
2130;0.2;52.5579;31.2;10.5917;40.489;29.9;135;302.011;283.095;279;340;280;278;542.39;541.233;64;278.925;1;0;;;2116.22;1;1
2131;0.2;52.7691;31.2;10.6343;40.5671;29.8;145;301.939;283.095;279;340;280;278;542.39;541.088;64;278.914;1;0;;;2115.3;1;1
2132;0.2;52.5405;31.2;10.5698;40.1823;29.8;146;302.286;283.102;279;340;280;278;542.245;541.088;64;278.901;1;0;;;2115.3;1;1
2133;0.2;52.1325;31.2;10.4877;40.1852;29.8;147;302.445;283.102;279;340;280;278;542.39;541.233;64;278.89;1;0;;;2115.3;1;1
2134;0.2;52.2338;31.2;10.5081;40.1852;29.8;149;302.517;283.109;279;340;280;278;542.245;541.233;64;278.88;1;0;;;2112.55;1;1
2135;0.2;52.5405;31.2;10.5515;40.1042;29.8;151;302.619;283.109;279;340;280;278;542.245;541.233;64;278.872;1;0;;;2112.38;1;1
2136;0.2;52.8472;31.2;10.6315;40.0839;29.8;146;302.677;283.095;279;340;280;278;542.39;541.233;64;278.866;1;0;;;2110.54;1;1
2137;0.2;52.6418;31.2;10.5534;40.4832;29.8;149;302.648;283.087;279;340;280;278;542.245;541.233;64;278.859;1;0;;;2110.54;1;1
2138;0.2;52.5405;31.2;10.5515;40.4861;29.8;151;303.009;283.095;279;340;280;278;542.39;541.233;64;278.853;1;0;;;2108.71;1;1
2139;0.2;52.5405;31.2;10.5331;40.191;29.8;152;302.922;283.095;279;340;280;278;542.39;541.233;64;278.847;1;0;;;2108.71;1;1
2140;0.2;52.338;31.2;10.4376;40.1852;29.8;148;303.009;283.102;279;340;280;278;542.39;541.522;64;278.842;1;0;;;2108.71;1;1
2141;0.2;52.5145;31.2;10.5279;40.3877;29.8;146;303.154;283.102;279;340;280;278;542.535;541.522;64;278.838;1;0;;;2105.04;1;1
2142;0.2;52.7488;31.2;10.538;40.3877;29.8;149;303.776;283.109;279;340;280;278;542.535;541.377;64;278.834;1;0;;;2105.04;1;1
2143;0.2;52.8501;31.2;10.5767;40.6916;29.8;150;303.718;283.109;279;340;280;278;542.535;541.377;64;278.83;1;0;;;2103.2;1;1
2144;0.2;52.5839;31.2;10.5051;40.5903;29.8;146;303.617;283.109;279;340;280;278;542.39;541.377;64;278.827;1;0;;;2102.29;1;1
2145;0.2;52.338;31.2;10.4925;40.3877;29.8;143;303.559;283.102;279;340;280;278;542.535;541.377;64;278.821;1;0;;;2102.29;1;1
2146;0.2;52.0312;31.2;10.3583;40.3906;29.8;142;304.008;283.087;279;340;280;278;542.535;541.377;64;278.819;1;0;;;2099.27;1;1
2147;0.2;52.4421;31.2;10.4584;40.4514;29.8;141;304.065;283.095;279;340;280;278;542.535;541.377;64;278.817;1;0;;;2099.27;1;1
2148;0.2;52.5405;31.2;10.4597;40.3038;29.8;135;304.181;283.095;279;340;280;278;542.535;541.377;64;278.816;1;0;;;2097.44;1;1
2149;0.2;52.5376;31.2;10.5142;40.1852;29.8;134;304.282;283.102;279;340;280;278;542.39;541.233;64;278.814;1;0;;;2096.53;1;1
2150;0.2;52.7459;31.2;10.519;40.489;29.8;135;304.789;283.102;279;340;280;278;542.39;541.377;64;278.813;1;0;;;2096.53;1;1
2151;0.2;52.4392;31.2;10.4029;40.489;29.8;128;304.702;283.109;279;340;280;278;542.535;541.377;64;278.816;1;0;;;2096.01;1;1
2152;0.2;52.3351;31.2;10.4005;40.3588;29.8;126;304.63;283.109;279;340;280;278;542.679;541.522;64;278.821;1;0;;;2096.01;1;1
2153;0.2;52.338;31.2;10.3462;40.3877;29.8;126;304.977;283.095;279;340;280;278;542.679;541.522;64;278.829;1;0;;;2095.1;1;1
2154;0.2;52.2338;31.2;10.3621;40.5903;29.8;124;305.035;283.087;279;340;280;278;542.679;541.522;64;278.837;1;0;;;2091.59;1;1
2155;0.2;52.5405;31.2;10.4046;40.5903;29.8;116;305.194;283.095;279;340;280;278;542.679;541.667;64;278.845;1;0;;;2091.59;1;1
2156;0.2;52.7402;31.2;10.3889;40.2894;29.8;112;305.252;283.095;279;340;280;278;542.679;541.667;64;278.851;1;0;;;2090.79;1;1
2157;0.2;52.7083;31.2;10.4563;40.1852;29.8;110;305.83;283.102;279;340;280;278;542.679;541.667;64;278.856;1;0;;;2090.79;1;1
2158;0.2;52.9803;31.2;10.4732;40.217;29.8;101;305.758;283.109;279;340;280;278;542.679;541.667;64;278.864;1;0;;;2090.26;1;1
2159;0.2;52.7459;31.2;10.39;40.2865;29.8;94;305.686;283.109;279;340;280;278;542.824;541.667;64;278.871;1;0;;;2087.84;1;1
2160;0.2;52.6447;31.2;10.4068;40.0839;29.8;91;305.584;283.109;279;340;280;278;542.824;541.667;64;278.881;1;0;;;2086.93;1;1
2161;0.2;52.5405;31.2;10.3862;40.2894;29.8;91;305.7;283.095;279;340;280;278;542.679;541.522;64;278.891;1;0;;;2086.02;1;1
2162;0.2;52.338;31.3;10.665;40.3877;29.8;92;305.787;283.087;279;340;280;278;542.679;541.522;64;278.892;1;0;;;2083.27;1;1
2163;0.2;52.2338;31.3;10.6437;40.2836;29.8;91;305.874;283.095;279;340;280;278;542.679;541.522;64;278.898;1;0;;;2083.27;1;1
2164;0.2;52.4045;31.3;10.7151;40.3877;29.8;91;305.903;283.095;279;340;280;278;542.679;541.522;64;278.898;1;0;;;2081.45;1;1
2165;0.2;52.4595;31.3;10.6714;40.1418;29.8;91;305.859;283.095;279;340;280;278;542.535;541.377;64;278.898;1;0;;;2080.53;1;1
2166;0.2;52.7373;31.3;10.7095;40.0781;29.8;88;305.787;283.102;279;340;280;278;542.535;541.377;64;278.898;1;0;;;2078.71;1;1
2167;0.2;52.338;31.3;10.665;40.489;29.8;83;305.7;283.102;279;340;280;278;542.535;541.377;64;278.901;1;0;;;2078.71;1;1
2168;0.2;52.5405;31.3;10.6695;40.6944;29.8;80;305.628;283.109;279;340;280;278;542.824;541.667;64;278.901;1;0;;;2078.71;1;1
2169;0.2;52.3322;31.3;10.5907;40.489;29.7;81;305.657;283.109;279;340;280;278;542.824;541.667;64;278.901;1;0;;;2077.8;1;1
2170;0.2;52.4392;31.3;10.649;40.489;29.7;78;305.107;283.109;279;340;280;278;542.969;541.811;64;278.898;1;0;;;2077.8;1;1
2171;0.2;52.2743;31.3;10.5607;40.5903;29.7;77;305.266;283.471;279;340;280;278;542.824;541.811;64;278.893;1;0;;;2077.79;1;1
2172;0.2;52.2569;31.3;10.6485;40.3877;29.7;85;305.179;283.471;279;340;280;278;542.969;541.811;64;278.888;1;0;;;2074.15;1;1
2173;0.2;52.5116;31.3;10.6637;40.1852;29.7;91;305.122;283.254;279;340;280;278;542.969;541.956;64;278.879;1;0;;;2073.23;1;1
2174;0.2;52.6418;31.3;10.6533;40.081;29.7;91;304.731;283.283;279;340;280;278;542.969;541.956;64;278.87;1;0;;;2071.07;1;1
2175;0.2;52.5405;31.3;10.6145;39.9826;29.7;95;304.644;283.268;279;340;280;278;543.113;541.956;64;278.864;1;0;;;2071.07;1;1
2176;0.2;52.3409;31.3;10.629;40.1852;29.7;104;304.731;283.29;279;340;280;278;543.113;542.245;64;278.861;1;0;;;2071.06;1;1
2177;0.2;52.0312;31.3;10.5116;40.0839;29.7;106;304.847;283.319;279;340;280;278;543.403;542.245;64;278.855;1;0;;;2069.45;1;1
2178;0.2;52.0949;31.3;10.5427;40.2865;29.7;101;304.21;283.326;279;340;280;278;543.547;542.39;64;278.846;1;0;;;2069.45;1;1
2179;0.2;52.2049;31.3;10.5831;40.3877;29.7;102;304.196;283.471;279;340;280;278;543.547;542.535;64;278.837;1;0;;;2067.6;1;1
2180;0.2;52.3351;31.3;10.5913;40.2894;29.6;117;304.109;283.435;279;340;280;278;543.692;542.535;64;278.825;1;0;;;2066.33;1;1
2181;0.2;52.4392;31.3;10.6123;40.2112;29.6;124;304.094;283.348;279;340;280;278;543.692;542.535;64;278.813;1;0;;;2065.74;1;1
2182;0.2;52.6418;31.3;10.6349;40.2865;29.6;128;303.993;283.355;279;340;280;278;543.837;542.679;64;278.801;1;0;;;2063.92;1;1
2183;0.2;52.2859;31.3;10.5813;40.298;29.6;130;304.036;283.355;279;340;280;278;543.692;542.679;64;278.788;1;0;;;2063.92;1;1
2184;0.2;52.2656;31.3;10.5407;40.1852;29.6;135;304.181;283.362;279;340;280;278;543.837;542.824;64;278.778;1;0;;;2061.93;1;1
2185;0.2;52.4363;31.2;10.2741;40.0839;29.6;135;303.53;283.406;279;340;280;278;543.837;542.824;64;278.77;1;0;;;2060.65;1;1
2186;0.2;52.3351;31.2;10.1993;40.1852;29.6;135;303.472;283.464;279;340;280;278;543.837;542.824;64;278.762;1;0;;;2060.46;1;1
2187;0.2;52.338;31.2;10.1633;40.1852;29.6;142;303.313;283.398;279;340;280;278;543.982;542.969;64;278.754;1;0;;;2058.41;1;1
2188;0.2;52.2367;31.2;10.2349;40.2836;29.6;160;303.819;283.449;279;340;280;278;544.126;542.969;64;278.749;1;0;;;2056.97;1;1
2189;0.2;52.6505;31.2;10.2424;40.489;29.6;165;303.197;283.304;279;340;280;278;543.982;542.969;64;278.742;1;0;;;2055.53;1;1
2190;0.2;52.7431;31.2;10.3157;40.2865;29.6;161;304.036;283.326;279;340;280;278;543.982;542.824;64;278.735;1;0;;;2052.77;1;1
2191;0.2;52.6389;31.2;10.2402;40.2865;29.6;158;304.138;283.304;279;340;280;278;543.692;542.824;64;278.726;1;0;;;2052.07;1;1
2192;0.2;52.5405;31.2;10.221;40.2865;29.5;158;304.181;283.232;279;340;280;278;543.837;542.679;64;278.72;1;0;;;2049.35;1;1
2193;0.2;52.5434;31.2;10.2216;40.2865;29.5;157;304.08;283.247;279;340;280;278;543.837;542.824;64;278.717;1;0;;;2049.35;1;1
2194;0.2;52.6215;31.2;10.2184;40.3877;29.5;158;304.109;283.5;279;340;280;278;543.837;542.679;64;278.713;1;0;;;2049.35;1;1
2195;0.2;52.4421;31.2;10.1836;40.2865;29.5;161;303.993;283.254;279;340;280;278;543.837;542.824;64;278.704;1;0;;;2045.71;1;1
2196;0.2;52.4797;31.2;10.1909;40.1852;29.5;161;304.659;283.29;279;340;280;278;543.837;542.824;64;278.702;1;0;;;2045.15;1;1
2197;0.2;52.6186;31.2;10.1995;40.0839;29.5;161;304.789;283.637;279;340;280;278;543.837;542.824;64;278.693;1;0;;;2043.96;1;1
2198;0.2;52.5405;31.2;10.1476;40.0521;29.5;159;304.948;283.644;279;340;280;278;543.837;542.679;64;278.693;1;0;;;2043.96;1;1
2199;0.2;52.7083;31.2;10.2537;40.1852;29.5;159;304.905;283.601;279;340;280;278;543.692;542.679;64;278.692;1;0;;;2043.74;1;1
2200;0.2;52.8733;31.2;10.2488;40.2865;29.5;155;305.122;283.623;279;340;280;278;543.692;542.535;64;278.692;1;0;;;2040.27;1;1
2201;0.2;52.9745;31.2;10.2685;40.1852;29.5;148;305.02;283.623;279;340;280;278;543.837;542.535;64;278.687;1;0;;;2040.27;1;1
2202;0.2;52.7431;31.2;10.2604;40.1852;29.6;147;304.977;283.63;279;340;280;278;543.692;542.39;64;278.68;1;0;;;2038.5;1;1
2203;0.2;52.4566;31.2;10.223;40.3877;29.6;146;305.787;283.637;279;340;280;278;543.692;542.535;64;278.677;1;0;;;2038.5;1;1
2204;0.2;52.338;31.2;10.1268;40.0839;29.6;143;305.83;283.637;279;340;280;278;543.692;542.535;64;278.679;1;0;;;2038.5;1;1
2205;0.2;52.4392;31.2;10.1647;40.2865;29.6;141;305.845;283.644;279;340;280;278;543.692;542.535;64;278.681;1;0;"CUSN8       ";;2038.03;1;1
2206;0.2;52.4392;31.2;10.2196;40.2344;29.6;140;306.236;283.644;279;340;280;278;543.547;542.535;64;278.684;1;0;"CUSN8       ";;2037.13;1;1
2207;0.2;52.5405;31.2;10.166;40.1852;29.6;135;306.134;283.608;279;340;280;278;543.692;542.535;64;278.685;1;0;;;2036.79;1;1
2208;0.2;52.8443;31.2;10.2248;40.0839;29.6;125;306.047;283.594;279;340;280;278;543.692;542.535;64;278.689;1;0;;;2034.07;1;1
2209;0.2;52.8299;31.2;10.2404;40.1852;29.6;122;306.004;283.615;279;340;280;278;543.837;542.679;64;278.691;1;0;;"(( Pi() / ([11:7] * 0.001)) * (Pow(0.5 * [3:10], 2) - Pow(0.5 * 0.48, 2))) / [32:124]";2034.07;1;1
2210;0.2;52.7431;31.2;10.2236;40.1418;29.6;122;306.12;283.623;279;340;280;278;543.837;542.824;64;278.691;1;0;;;2033.17;1;1
2211;0.2;52.7431;31.2;10.2236;40.0868;29.6;121;306.626;283.623;279;340;280;278;543.837;542.824;64;278.692;1;0;;;2032.26;1;1
2212;0.2;52.4363;31.2;10.1641;40.2865;29.6;117;306.713;283.63;279;340;280;278;543.982;542.824;64;278.693;1;0;;;2032.26;1;1
2213;0.2;52.4508;31.2;10.1486;40.489;29.6;113;306.727;283.623;279;340;280;278;543.982;542.824;64;278.698;1;0;"CUSN8       ";;2030.69;1;1
2214;0.2;52.7402;31.2;10.2599;40.5903;29.6;113;306.626;283.608;279;340;280;278;543.982;542.824;64;278.702;1;0;;;2030.47;1;1
2215;0.2;52.9485;31.2;10.2449;40.3935;29.6;111;306.395;283.608;279;340;280;278;543.982;542.824;64;278.706;1;0;;;2027.18;1;1
2216;0.2;53.0237;31.2;10.2965;39.9826;29.6;108;306.337;283.615;279;340;280;278;543.982;542.969;64;278.717;1;0;"CUSN8       ";;2027.18;1;1
2217;0.2;53.0382;31.2;10.2623;39.9797;29.6;105;306.351;283.608;279;340;280;278;544.126;543.113;64;278.721;1;0;;;2027.18;1;1
2218;0.2;52.8443;31.2;10.2617;40.1852;29.6;105;306.424;283.623;279;340;280;278;544.271;543.113;64;278.73;1;0;;;2024.05;1;1
2219;0.2;52.8472;31.2;10.2253;40.2865;29.7;106;306.568;283.63;279;340;280;278;544.271;543.113;64;278.739;1;0;;;2024.05;1;1
2220;0.2;52.4884;31.2;10.2109;40.2865;29.7;106;306.279;283.623;279;340;280;278;544.126;543.113;64;278.746;1;0;;;2021.33;1;1
2221;0.2;52.1296;31.2;10.1047;40.2865;29.7;105;306.221;283.608;279;340;280;278;544.126;543.113;64;278.752;1;0;;;2021.33;1;1
2222;0.2;52.1267;31.2;10.0859;40.2865;29.7;109;306.134;283.608;279;340;280;278;544.271;543.113;64;278.758;1;0;;;2021.33;1;1
2223;0.2;51.8287;31.2;10.0101;40.1852;29.7;111;306.047;283.615;279;340;280;278;544.126;543.113;64;278.772;1;0;;;2018.62;1;1
2224;0.2;51.5162;31.2;9.96778;39.9826;29.7;111;306.004;283.615;279;340;280;278;544.126;542.969;64;278.786;1;0;;;2016.87;1;1
2225;0.2;51.3166;31.2;9.92915;39.673;29.7;111;306.134;283.623;279;340;280;278;543.982;542.969;64;278.799;1;0;;;2014.01;1;1
2226;0.2;50.9115;31.2;9.85076;39.4734;29.7;109;305.657;283.615;279;340;280;278;543.837;542.824;64;278.811;1;0;;;2013.1;1;1
2227;0.2;50.9115;31.2;9.85076;39.4734;29.7;112;305.642;283.623;279;340;280;278;543.982;542.969;64;278.822;1;0;;;2013.1;1;1
2228;0.2;51.3194;31.2;9.92971;39.4734;29.7;115;305.556;283.608;279;340;280;278;543.982;542.969;64;278.838;1;0;;;2010.63;1;1
2229;0.2;51.4207;31.1;9.63611;39.6759;29.7;113;305.44;283.608;279;340;280;278;543.982;542.969;64;278.857;1;0;;;2010.63;1;1
2230;0.2;51.3194;31.1;9.63506;39.7772;29.7;109;305.425;283.615;279;340;280;278;543.982;542.969;64;278.873;1;0;;;2009.73;1;1
2231;0.2;51.2182;31.1;9.59816;39.6759;29.7;103;305.353;283.615;279;340;280;278;543.982;542.824;64;278.887;1;0;;;2009.73;1;1
2232;0.2;51.522;31.1;9.61909;39.6267;29.7;97;305.382;283.623;279;340;280;278;543.982;542.824;64;278.902;1;0;;;2009.73;1;1
2233;0.2;51.3223;31.1;9.58182;39.673;29.7;96;305.483;283.63;279;340;280;278;543.982;542.824;64;278.919;1;0;;;2007.92;1;1
2234;0.2;51.1169;31.1;9.59704;39.4734;29.7;97;305.613;283.623;279;340;280;278;543.982;542.824;64;278.937;1;0;;;2006.38;1;1
2235;0.2;51.0532;31.1;9.51374;39.3692;29.7;96;305.671;283.594;279;340;280;278;544.126;542.969;64;278.956;1;0;;;2005.47;1;1
2236;0.2;51.0301;31.1;9.58074;39.5341;29.7;91;305.584;283.608;279;340;280;278;544.271;543.113;64;278.971;1;0;;;2005.36;1;1
2237;0.2;50.8102;31.1;9.5217;39.5747;29.7;89;305.078;283.615;279;340;280;278;544.126;543.113;64;278.985;1;0;;;2005.36;1;1
2238;0.2;50.8767;31.1;9.5164;39.6354;29.7;87;304.991;283.623;279;340;280;278;544.271;543.113;64;278.999;1;0;;;2002.65;1;1
2239;0.2;51.114;31.1;9.59649;39.7772;29.7;86;305.064;283.623;279;340;280;278;544.271;543.113;64;279.01;1;0;;;2001.75;1;1
2240;0.2;50.7234;31.1;9.52315;39.7772;29.7;84;305.179;283.623;279;340;280;278;544.271;543.258;64;279.021;1;0;;;2000.85;1;1
2241;0.2;50.7089;31.1;9.53815;39.8785;29.7;82;305.266;283.608;279;340;280;278;544.416;543.258;64;279.03;1;0;;;1999.05;1;1
2242;0.2;50.8941;31.1;9.51965;39.7483;29.7;81;305.179;283.601;279;340;280;278;544.416;543.258;64;279.038;1;0;;;1999.05;1;1
2243;0.2;51.1053;31.1;9.57701;39.5747;29.7;76;305.064;283.608;279;340;280;278;544.56;543.403;64;279.039;1;0;;;1998.15;1;1
2244;0.2;50.8449;31.1;9.47492;39.3721;29.7;73;304.977;283.601;279;340;280;278;544.705;543.547;64;279.043;1;0;;;1998.15;1;1
2245;0.2;51.0156;31.1;9.52456;39.3692;29.7;71;304.21;283.615;279;340;280;278;544.705;543.547;64;279.049;1;0;;;1998.15;1;1
2246;0.2;51.114;31.1;9.57864;39.5747;29.7;70;304.326;283.615;279;340;280;278;544.705;543.692;64;279.05;1;0;;;1997.96;1;1
2247;0.2;50.9201;31.1;9.48894;39.7772;29.7;76;304.427;283.825;279;340;280;278;544.56;543.547;64;279.047;1;0;;;1997.95;1;1
2248;0.2;51.2182;31.1;9.56237;39.5747;29.7;72;304.253;283.789;279;340;280;278;544.56;543.403;64;279.045;1;0;;;1993.52;1;1
2249;0.2;50.9115;31.1;9.54068;39.3692;29.7;70;304.094;283.738;279;340;280;278;544.416;543.403;64;279.043;1;0;;;1992.62;1;1
2250;0.2;50.68;31.1;9.4796;39.3692;29.7;75;303.993;283.731;279;340;280;278;544.416;543.403;64;279.037;1;0;;;1992.62;1;1
2251;0.2;50.9057;31.1;9.50403;39.3721;29.7;78;303.226;283.724;279;340;280;278;544.416;543.258;64;279.033;1;0;;;1989.44;1;1
2252;0.2;51.2442;31.1;9.56723;39.1696;29.7;78;303.27;283.717;279;340;280;278;544.271;543.113;64;279.029;1;0;;;1988.54;1;1
2253;0.2;51.3166;31.1;9.59867;39.2679;29.7;91;303.125;283.724;279;340;280;278;544.271;543.113;64;279.017;1;0;;;1987.65;1;1
2254;0.2;51.2905;31.1;9.57588;39.5775;29.6;92;303.154;283.724;279;340;280;278;544.126;543.113;64;279.01;1;0;;;1986.58;1;1
2255;0.2;51.088;31.1;9.52021;39.6759;29.6;101;303.197;283.724;279;340;280;278;544.271;542.969;64;279.003;1;0;;;1986.58;1;1
2256;0.2;51.1632;31.1;9.53424;39.6759;29.6;110;303.111;283.724;279;340;280;278;544.271;543.113;64;278.995;1;0;;;1984.47;1;1
2257;0.2;51.2182;31;9.17885;39.5978;29.6;115;302.329;283.731;279;340;280;278;544.126;543.113;64;278.984;1;0;;;1984.47;1;1
2258;0.2;51.0127;31;9.17767;39.5544;29.6;120;302.286;284.129;279;340;280;278;544.126;542.824;64;278.974;1;0;;;1983.57;1;1
2259;0.2;51.1169;31;9.14282;39.4705;29.6;132;302.257;284.136;279;340;280;278;544.126;542.969;64;278.961;1;0;;;1981.24;1;1
2260;0.2;50.9172;31;9.16049;39.3605;29.6;139;302.344;284.136;279;340;280;278;544.126;542.969;64;278.951;1;0;;;1981.24;1;1
2261;0.2;50.9115;31;9.14167;39.6007;29.6;140;302.633;284.115;279;340;280;278;544.126;543.113;64;278.94;1;0;;;1980.05;1;1
2262;0.2;50.9143;31;9.14219;39.6759;29.6;139;302.633;284.107;279;340;280;278;544.271;543.113;64;278.935;1;0;"CUSN8       ";;1980.05;1;1
2263;0.2;51.1169;31;9.12496;39.4734;29.6;139;302.575;284.115;279;340;280;278;544.271;543.113;64;278.931;1;0;;;1977.36;1;1
2264;0.2;51.4207;31;9.25107;39.5631;29.6;141;302.445;284.115;279;340;280;278;544.271;543.258;64;278.928;1;0;;;1976.35;1;1
2265;0.2;51.3166;31;9.25026;39.5747;29.6;141;302.358;284.122;279;340;280;278;544.416;543.403;64;278.931;1;0;;;1975.68;1;1
2266;0.2;51.4062;31;9.24847;39.6788;29.6;142;302.3;284.122;279;340;280;278;544.56;543.403;64;278.938;1;0;;;1972.99;1;1
2267;0.2;51.114;31;9.17804;39.5747;29.6;147;302.271;284.129;279;340;280;278;544.56;543.547;64;278.955;1;0;;;1971.77;1;1
2268;0.2;51.0127;31;9.15985;39.2708;29.6;153;302.358;284.129;279;340;280;278;544.56;543.403;64;278.971;1;0;"CUSN8       ";;1970.5;1;1
2269;0.2;51.0532;31;9.16712;39.0654;29.6;154;302.459;284.129;279;340;280;278;544.56;543.403;64;278.992;1;0;;;1968.71;1;1
2270;0.2;51.2182;31;9.21463;39.1667;29.6;148;303.139;284.136;279;340;280;278;544.56;543.403;64;279.015;1;0;;;1968.71;1;1
2271;0.2;51.0127;31;9.19549;39.4184;29.6;136;303.212;284.136;279;340;280;278;544.56;543.403;64;279.039;1;0;;;1966.02;1;1
2272;0.2;50.8883;31;9.11973;39.4444;29.6;133;303.125;284.136;279;340;280;278;544.705;543.403;64;279.064;1;0;;;1966.02;1;1
2273;0.2;50.6047;31;9.08659;39.3721;29.6;133;303.573;284.129;279;340;280;278;544.56;543.547;64;279.091;1;0;;;1964.23;1;1
2274;0.2;50.7089;31;9.1053;39.6094;29.6;127;303.545;284.122;279;340;280;278;544.56;543.403;64;279.118;1;0;;;1963.83;1;1
2275;0.2;50.8102;31;9.12348;39.4705;29.6;113;303.53;284.107;279;340;280;278;544.56;543.258;64;279.142;1;0;;;1963.83;1;1
2276;0.2;51.3223;31;9.2513;39.5891;29.6;105;303.299;284.115;279;340;280;278;544.56;543.403;64;279.171;1;0;;;1963.83;1;1
2277;0.2;51.2818;31;9.26192;39.7801;29.6;96;303.356;284.122;279;340;280;278;544.705;543.547;64;279.2;1;0;;;1962.93;1;1
2278;0.2;51.3194;31;9.23285;39.6759;29.6;88;304.239;284.122;279;340;280;278;544.56;543.403;64;279.228;1;0;;;1961.14;1;1
2279;0.2;51.033;31;9.21697;39.6759;29.6;81;304.196;284.122;279;340;280;278;544.56;543.403;64;279.256;1;0;;;1960.25;1;1
2280;0.2;51.1111;31;9.17752;39.5341;29.7;74;304.21;284.122;279;340;280;278;544.56;543.403;64;279.281;1;0;;;1959.36;1;1
2281;0.2;51.1169;31;9.23213;39.5747;29.7;67;304.109;284.122;279;340;280;278;544.416;543.403;64;279.305;1;0;;;1959.36;1;1
2282;0.2;51.1574;31;9.25731;39.4705;29.7;55;303.979;284.129;279;340;280;278;544.56;543.547;64;279.326;1;0;;;1958.46;1;1
2283;0.2;50.9115;31;9.19502;39.6759;29.7;51;304.094;284.136;279;340;280;278;544.705;543.692;64;279.35;1;0;;;1958.46;1;1
2284;0.2;50.8102;31;9.24773;39.6933;29.7;46;304.225;284.136;279;340;280;278;544.849;543.692;64;279.374;1;0;;;1955.75;1;1
2285;0.2;51.0127;31;9.21331;39.7135;29.7;37;304.225;284.136;279;340;280;278;544.849;543.692;64;279.402;1;0;;;1955.75;1;1
2286;0.2;50.9086;31;9.17672;39.5747;29.7;30;304.109;284.115;279;340;280;278;544.994;543.692;64;279.427;1;0;;;1954.86;1;1
2287;0.2;50.8247;31;9.25036;39.5747;29.7;25;304.022;284.107;279;340;280;278;544.849;543.692;64;279.448;1;0;;;1954.86;1;1
2288;0.2;51.1082;31;9.30197;39.7772;29.7;23;303.168;284.115;279;340;280;278;544.849;543.692;64;279.467;1;0;;;1954.86;1;1
2289;0.2;51.3194;31;9.28664;39.7714;29.7;17;303.226;284.115;279;340;280;278;544.849;543.692;64;279.482;1;0;;;1951.29;1;1
2290;0.2;50.9115;31;9.19502;39.6759;29.7;13;303.371;284.122;279;340;280;278;544.849;543.692;64;279.503;1;0;;;1951.29;1;1
2291;0.2;51.114;31;9.28517;39.6759;29.7;12;303.212;284.129;279;340;280;278;544.994;543.692;64;279.521;1;0;;;1948.61;1;1
2292;0.2;51.0041;31;9.2652;39.7772;29.7;0;303.139;284.129;279;340;280;278;544.849;543.692;64;279.526;1;0;;;1948.08;1;1
2293;0.2;50.9115;31;9.26616;39.8785;29.7;0;302.329;284.136;279;340;280;278;544.705;543.692;64;279.545;1;0;;;1948.08;1;1
2294;0.2;50.9115;31;9.26616;39.7946;29.7;0;302.3;284.136;279;340;280;278;544.705;543.547;64;279.56;1;0;;;1943.9;1;1
2295;0.2;51.0127;31;9.2846;39.5747;29.7;0;301.968;284.129;279;340;280;278;544.705;543.547;64;279.576;1;0;;;1943.9;1;1
2296;0.2;51.0127;31;9.26678;39.4734;29.7;1;301.953;284.107;279;340;280;278;544.705;543.547;64;279.578;1;0;;;1942.12;1;1
2297;0.2;51.114;31;9.30303;39.4734;29.7;5;301.317;284.115;279;340;280;278;544.705;543.692;64;279.578;1;0;;;1941.23;1;1
2298;0.2;51.0532;31;9.29197;39.4734;29.7;8;301.085;284.115;279;340;280;278;544.849;543.692;64;279.576;1;0;;;1941.23;1;1
2299;0.2;51.2211;31;9.35833;39.3721;29.6;14;301.157;284.122;279;340;280;278;544.849;543.692;64;279.578;1;0;;;1937.66;1;1
2300;0.2;51.2413;31;9.37993;39.3692;29.6;16;300.42;283.767;279;340;280;278;544.994;543.837;64;279.579;1;0;;;1937.66;1;1
2301;0.2;50.9115;31;9.26616;39.375;29.6;21;300.087;283.738;279;340;280;278;545.139;543.837;64;279.584;1;0;;;1935.87;1;1
2302;0.2;51.2153;31;9.33938;39.6759;29.6;30;299.913;283.927;279;340;280;278;544.994;543.837;64;279.582;1;0;;;1935.87;1;1
2303;0.2;50.9288;31;9.30493;39.4936;29.6;44;299.19;283.767;279;340;280;278;544.994;543.692;64;279.58;1;0;;;1935.87;1;1
2304;0.2;51.2182;31;9.3578;39.5747;29.6;52;298.828;283.767;279;340;280;278;544.849;543.692;64;279.581;1;0;;;1934.09;1;1
2305;0.2;51.2384;31;9.32567;39.5747;29.6;64;298.206;283.775;279;340;280;278;544.849;543.692;64;279.582;1;0;;;1934.09;1;1
2306;0.2;51.6233;31;9.46788;39.7772;29.6;75;298.293;283.746;279;340;280;278;544.849;543.692;64;279.578;1;0;;;1931.42;1;1
2307;0.2;51.3194;31;9.3763;39.7772;29.6;91;298.105;283.955;279;340;280;278;544.849;543.692;64;279.581;1;0;;;1930.53;1;1
2308;0.2;51.114;30.9;9.08101;39.6759;29.5;92;298.061;283.963;279;340;280;278;544.849;543.692;64;279.581;1;0;;;1930.53;1;1
2309;0.2;51.114;30.9;8.97385;39.5949;29.5;103;297.743;283.97;279;340;280;278;544.994;543.692;64;279.576;1;0;;;1929.64;1;1
2310;0.2;51.0127;30.9;9.0452;39.6123;29.5;103;297.671;283.963;279;340;280;278;544.849;543.692;64;279.577;1;0;;;1929.64;1;1
2311;0.2;51.2182;30.9;9.06374;39.6759;29.5;118;297.613;283.955;279;340;280;278;544.849;543.692;64;279.575;1;0;;;1926.88;1;1
2312;0.2;51.114;30.9;9.06316;39.5747;29.5;120;296.788;283.948;279;340;280;278;544.849;543.837;64;279.575;1;0;;;1925.84;1;1
2313;0.2;51.0127;30.9;8.97392;39.5891;29.5;119;296.861;283.948;279;340;280;278;544.849;543.692;64;279.572;1;0;;;1925.84;1;1
2314;0.2;50.8102;30.9;9.00929;39.6788;29.5;124;296.976;283.955;279;340;280;278;544.849;543.692;64;279.569;1;0;;;1921.65;1;1
2315;0.2;51.1256;30.9;9.02949;39.375;29.5;133;297.049;283.955;279;340;280;278;544.849;543.692;64;279.567;1;0;;;1921.65;1;1
2316;0.2;51.3194;30.9;9.06373;39.1667;29.5;135;297.049;283.941;279;340;280;278;544.994;543.837;64;279.564;1;0;;;1920.76;1;1
2317;0.2;50.9115;30.9;9.00946;39.1667;29.5;136;296.962;283.948;279;340;280;278;544.994;543.837;64;279.565;1;0;;;1920.76;1;1
2318;0.2;51.3137;30.8;8.73225;39.4734;29.5;133;296.846;283.934;279;340;280;278;544.994;543.837;64;279.558;1;0;;;1919.87;1;1
2319;0.2;51.2182;30.8;8.75178;39.5949;29.5;138;297.584;283.955;279;340;280;278;544.994;543.692;64;279.553;1;0;;;1918.1;1;1
2320;0.2;51.2558;30.8;8.7403;39.6788;29.5;136;297.598;283.948;279;340;280;278;545.139;543.982;64;279.55;1;0;;;1918.1;1;1
2321;0.2;51.114;30.8;8.71613;39.6759;29.5;133;297.7;283.948;279;340;280;278;544.994;543.837;64;279.548;1;0;;;1917.39;1;1
2322;0.2;51.3194;30.8;8.76909;39.6759;29.5;122;297.786;283.941;279;340;280;278;544.994;543.837;64;279.548;1;0;;;1916.5;1;1
2323;0.2;51.3194;30.8;8.73323;39.5747;29.5;122;298.09;283.594;279;340;280;278;545.139;543.982;64;279.545;1;0;;;1915.61;1;1
2324;0.2;51.1372;30.8;8.72007;39.7772;29.5;122;298.061;283.601;279;340;280;278;544.994;543.982;64;279.548;1;0;;;1913.86;1;1
2325;0.2;50.9115;30.8;8.71716;39.7772;29.5;113;297.946;283.644;279;340;280;278;545.139;544.126;64;279.546;1;0;;;1913.86;1;1
2326;0.2;51.3079;30.8;8.76711;39.6759;29.5;111;298.611;283.637;279;340;280;278;545.139;543.837;64;279.543;1;0;;;1912.97;1;1
2327;0.2;51.8287;30.8;8.87421;39.5747;29.5;114;298.582;283.579;279;340;280;278;545.139;543.982;64;279.544;1;0;;;1910.93;1;1
2328;0.2;51.9155;30.8;8.87094;39.8785;29.5;102;298.553;283.587;279;340;280;278;545.139;543.982;64;279.542;1;0;;;1910.93;1;1
2329;0.2;51.6435;30.8;8.87859;39.8785;29.6;95;298.9;283.63;279;340;280;278;545.139;543.982;64;279.543;1;0;;;1908.27;1;1
2330;0.2;51.6233;30.8;8.821;39.8814;29.6;94;299.002;283.63;279;340;280;278;545.139;543.837;64;279.541;1;0;;;1908.27;1;1
2331;0.2;51.0475;30.8;8.75828;39.7772;29.6;95;299.103;283.637;279;340;280;278;545.139;543.982;64;279.539;1;0;;;1906.5;1;1
2332;0.2;51.2182;30.8;8.75178;39.7714;29.6;91;299.855;283.608;279;340;280;278;545.139;543.982;64;279.535;1;0;;;1905.61;1;1
2333;0.2;51.3194;30.8;8.76909;39.6557;29.6;91;299.783;283.601;279;340;280;278;545.139;543.982;64;279.531;1;0;;;1904.68;1;1
2334;0.2;51.2182;30.8;8.75178;39.5747;29.6;86;299.74;283.615;279;340;280;278;545.139;543.982;64;279.524;1;0;;;1902.03;1;1
2335;0.2;51.4873;30.8;8.81575;39.6759;29.6;87;299.624;283.623;279;340;280;278;545.139;543.837;64;279.515;1;0;;;1901.14;1;1
2336;0.2;51.2789;30.8;8.74425;39.7772;29.6;83;299.855;283.587;279;340;280;278;544.994;543.982;64;279.502;1;0;;;1901.14;1;1
2337;0.2;50.9143;30.8;8.69987;39.8785;29.6;81;299.928;283.594;279;340;280;278;545.139;543.982;64;279.496;1;0;;;1901.14;1;1
2338;0.2;51.0561;30.8;8.70626;39.9797;29.6;72;300.072;283.637;279;340;280;278;545.139;543.837;64;279.489;1;0;;;1900.26;1;1
2339;0.2;50.9115;30.8;8.6638;39.6759;29.6;73;300.145;283.637;279;340;280;278;545.139;543.837;64;279.482;1;0;;;1898.49;1;1
2340;0.2;50.9954;30.8;8.73153;39.5747;29.7;65;300.087;283.637;279;340;280;278;545.139;543.837;64;279.47;1;0;;;1898.49;1;1
2341;0.2;51.2413;30.8;8.75574;39.3721;29.7;69;299.986;283.594;279;340;280;278;544.994;543.982;64;279.462;1;0;;;1895.48;1;1
2342;0.2;51.2037;30.8;8.74931;39.4734;29.7;75;299.87;283.587;279;340;280;278;545.139;543.982;64;279.458;1;0;;;1895.48;1;1
2343;0.2;51.114;30.8;8.73398;39.2679;29.7;78;299.884;283.623;279;340;280;278;545.139;543.982;64;279.455;1;0;;;1894.6;1;1
2344;0.2;50.9115;30.8;8.64602;39.4734;29.7;77;300;283.623;279;340;280;278;545.139;543.982;64;279.449;1;0;;;1891.06;1;1
2345;0.2;50.9115;30.8;8.69937;39.4734;29.7;78;300.101;283.608;279;340;280;278;545.284;544.126;64;279.444;1;0;;;1891.06;1;1
2346;0.2;51.0127;30.8;8.69886;39.4734;29.7;78;300.145;283.608;279;340;280;278;545.428;544.271;64;279.433;1;0;;;1889.3;1;1
2347;0.2;51.0359;30.8;8.7028;39.5747;29.7;84;300.058;283.615;279;340;280;278;545.428;544.126;64;279.424;1;0;;;1889.11;1;1
2348;0.2;51.0127;30.8;8.71668;39.8785;29.7;84;299.971;283.615;279;340;280;278;545.428;544.126;64;279.416;1;0;;;1888.22;1;1
2349;0.2;51.1198;30.8;8.73497;39.8032;29.7;87;299.884;283.478;279;340;280;278;545.428;544.126;64;279.406;1;0;;;1887.34;1;1
2350;0.2;51.2182;30.8;8.78757;39.9016;29.7;91;299.87;283.492;279;340;280;278;545.284;544.271;64;279.392;1;0;;;1887.34;1;1
2351;0.2;51.4207;30.8;8.78639;39.7714;29.7;91;299.407;283.492;279;340;280;278;545.284;544.126;64;279.379;1;0;;;1883.81;1;1
2352;0.2;51.3397;30.8;8.77255;39.6759;29.7;91;299.436;283.492;279;340;280;278;545.428;544.126;64;279.357;1;0;;;1883.81;1;1
2353;0.2;51.3194;30.8;8.78701;39.6354;29.7;101;299.45;283.485;279;340;280;278;545.428;544.271;64;279.337;1;0;;;1883.81;1;1
2354;0.2;51.5191;30.8;8.76721;39.4734;29.7;104;299.465;283.42;279;340;280;278;545.284;544.126;64;279.311;1;0;;;1881.77;1;1
2355;0.2;51.6233;30.8;8.7669;39.6788;29.7;109;299.392;283.464;279;340;280;278;545.284;544.126;64;279.288;1;0;;;1881.77;1;1
2356;0.2;51.0156;30.8;8.68153;39.7772;29.7;117;299.32;283.478;279;340;280;278;545.428;544.126;64;279.265;1;0;;;1878.24;1;1
2357;0.2;51.0127;30.8;8.75232;39.6759;29.7;126;299.233;283.478;279;340;280;278;545.284;544.126;64;279.241;1;0;;;1878.24;1;1
2358;0.2;51.2182;30.9;9.06374;39.6759;29.7;124;299.219;283.449;279;340;280;278;545.428;544.271;64;279.217;1;0;;;1877.57;1;1
2359;0.2;50.6424;30.8;8.68877;39.6759;29.7;134;299.262;283.326;279;340;280;278;545.428;544.416;64;279.195;1;0;;;1874.92;1;1
2360;0.2;50.8102;30.9;9.06254;39.8785;29.7;142;299.841;283.391;279;340;280;278;545.428;544.271;64;279.168;1;0;;;1874.92;1;1
2361;0.2;51.114;30.9;9.06316;39.8814;29.7;148;300.116;283.391;279;340;280;278;545.573;544.416;64;279.142;1;0;;;1873.16;1;1
2362;0.2;51.2182;30.9;9.09952;39.7772;29.7;148;300.116;283.442;279;340;280;278;545.573;544.416;64;279.115;1;0;;;1873.16;1;1
2363;0.2;51.4236;30.9;9.17195;39.9826;29.7;146;299.957;283.377;279;340;280;278;545.573;544.416;64;279.09;1;0;;;1871.4;1;1
2364;0.2;51.4207;30.9;9.18939;39.7396;29.7;147;299.87;283.377;279;340;280;278;545.718;544.416;64;279.058;1;0;;;1871.4;1;1
2365;0.2;51.2182;30.9;9.09952;39.6672;29.7;153;299.899;283.406;279;340;280;278;545.718;544.56;64;279.029;1;0;;;1870.55;1;1
2366;0.2;51.0127;30.9;9.06302;39.6759;29.7;164;300.014;283.406;279;340;280;278;545.718;544.56;64;279.003;1;0;;;1867.4;1;1
2367;0.2;51.0214;30.9;9.11804;39.4734;29.7;169;300.883;283.116;279;340;280;278;545.718;544.56;64;278.975;1;0;;;1867.4;1;1
2368;0.2;51.0012;30.9;9.06097;39.6759;29.7;161;300.926;283.102;279;340;280;278;545.718;544.56;64;278.947;1;0;;;1866.52;1;1
2369;0.2;50.8073;30.9;9.02652;39.8785;29.7;164;300.391;283.102;279;340;280;278;545.718;544.56;64;278.919;1;0;;;1866.52;1;1
2370;0.2;51.0127;30.9;9.06302;39.8785;29.7;174;301.085;283.102;279;340;280;278;545.862;544.705;64;278.894;1;0;;;1866.52;1;1
2371;0.2;51.0127;30.9;9.06302;39.6759;29.8;183;300.911;283.109;279;340;280;278;545.718;544.705;64;278.873;1;0;;;1864.56;1;1
2372;0.2;51.3918;30.9;9.13037;39.7772;29.8;176;300.883;283.109;279;340;280;278;545.718;544.56;64;278.854;1;0;"CUSN8       ";;1864.56;1;1
2373;0.2;51.2355;30.9;9.1026;39.9797;29.8;182;301.751;283.095;279;340;280;278;545.718;544.416;64;278.835;1;0;;;1861.92;1;1
2374;0.2;50.9433;30.9;9.1219;39.8785;29.8;182;302.04;283.095;279;340;280;278;545.573;544.416;64;278.818;1;0;;;1859.28;1;1
2375;0.2;51.0214;30.9;9.06456;39.8843;29.8;191;302.17;283.095;279;340;280;278;545.718;544.56;64;278.805;1;0;;;1859.28;1;1
2376;0.2;51.1111;30.9;9.11621;39.8785;29.8;184;302.908;283.102;279;340;280;278;545.718;544.56;64;278.794;1;0;;;1857.52;1;1
2377;0.2;51.0127;30.9;9.11648;39.8756;29.8;173;302.821;283.102;279;340;280;278;545.718;544.56;64;278.779;1;0;;;1856.65;1;1
2378;0.2;50.8102;30.9;9.08029;39.7772;29.8;169;302.995;283.109;279;340;280;278;545.862;544.705;64;278.77;1;0;;;1854.89;1;1
2379;0.2;51.1314;30.9;9.13768;39.7772;29.8;169;302.922;283.109;279;340;280;278;545.862;544.849;64;278.765;1;0;;;1854.89;1;1
2380;0.2;51.0127;30.9;9.16997;39.8785;29.9;168;303.805;283.109;279;340;280;278;546.007;544.849;64;278.764;1;0;;;1854.89;1;1
2381;0.2;51.2182;30.9;9.18901;39.6759;29.9;161;304.152;283.095;279;340;280;278;546.007;544.849;64;278.769;1;0;;;1853.04;1;1
2382;0.2;51.0127;31;9.44501;39.5747;29.9;163;304.268;283.095;279;340;280;278;546.007;544.849;64;278.773;1;0;;;1852.16;1;1
2383;0.2;50.9143;31;9.48018;39.6759;29.9;157;304.803;283.095;279;340;280;278;545.862;544.849;64;278.783;1;0;;;1851.29;1;1
2384;0.2;50.9115;31;9.44407;39.6759;29.9;149;304.239;283.102;279;340;280;278;545.862;544.705;64;278.79;1;0;;;1850.41;1;1
2385;0.2;50.6105;31;9.44129;39.2708;29.9;146;304.991;283.102;279;340;280;278;545.862;544.705;64;278.8;1;0;;;1850.41;1;1
2386;0.2;51.0127;31;9.48067;39.3692;29.9;137;305.02;283.109;279;340;280;278;545.862;544.705;64;278.815;1;0;;;1847.43;1;1
2387;0.2;51.3194;31;9.5556;39.4734;30;128;305.367;283.109;279;340;280;278;545.862;544.705;64;278.83;1;0;;;1846.55;1;1
2388;0.2;51.3194;31;9.57353;39.5747;30;122;305.469;283.109;279;340;280;278;545.862;544.849;64;278.846;1;0;;;1844.8;1;1
2389;0.2;51.3194;31;9.59146;39.5747;30;113;305.527;283.102;279;340;280;278;545.862;544.705;64;278.86;1;0;;;1843.92;1;1
2390;0.2;51.114;31.1;9.81081;39.3721;30;109;306.178;283.087;279;340;280;278;545.862;544.705;64;278.873;1;0;;;1843.92;1;1
2391;0.2;50.8102;31.1;9.859;39.5747;30;101;306.019;283.095;279;340;280;278;545.862;544.705;64;278.885;1;0;;;1843.92;1;1
2392;0.2;51.3194;31.1;9.93989;39.6759;30;94;305.975;283.095;279;340;280;278;545.718;544.705;64;278.9;1;0;;;1842.73;1;1
2393;0.2;51.6233;31.1;9.9807;39.4502;30;88;306.076;283.102;279;340;280;278;545.862;544.705;64;278.92;1;0;;;1838.59;1;1
2394;0.2;51.6233;31.1;9.99873;39.6759;30;82;306.178;283.109;279;340;280;278;545.862;544.849;64;278.929;1;0;;;1838.59;1;1
2395;0.2;51.3166;31.1;9.99311;39.4705;30;79;306.25;283.109;279;340;280;278;545.862;544.705;64;278.94;1;0;;;1838.59;1;1
2396;0.2;51.0735;31.1;9.87441;39.4734;30.1;79;306.221;283.109;279;340;280;278;545.862;544.849;64;278.947;1;0;;;1838.59;1;1
2397;0.2;51.114;31.2;10.2293;39.5168;30.1;74;306.105;283.102;279;340;280;278;545.862;544.849;64;278.949;1;0;;;1838.59;1;1
2398;0.2;51.1777;31.2;10.2956;39.5747;30.1;68;305.961;283.087;279;340;280;278;545.862;544.849;64;278.949;1;0;;;1836.84;1;1
2399;0.2;51.0127;31.2;10.2625;39.5747;30.1;64;306.12;283.095;279;340;280;278;546.007;544.849;64;278.951;1;0;;;1836.84;1;1
2400;0.2;51.0127;31.2;10.2268;39.4734;30.1;64;305.469;283.102;279;340;280;278;546.007;544.994;64;278.954;1;0;;;1835.08;1;1
2401;0.2;50.9115;31.2;10.2421;39.4734;30.1;62;305.556;283.102;279;340;280;278;546.152;545.139;64;278.953;1;0;;;1832.45;1;1
2402;0.2;50.9115;31.2;10.2243;39.4734;30.1;64;305.512;283.102;279;340;280;278;546.152;545.139;64;278.947;1;0;;;1831.58;1;1
2403;0.2;51.2095;31.2;10.302;39.4734;30.1;69;305.107;283.109;279;340;280;278;546.296;545.139;64;278.939;1;0;;;1829.83;1;1
2404;0.2;51.2182;31.2;10.3217;39.6817;30.1;74;305.02;283.109;279;340;280;278;546.296;545.284;64;278.935;1;0;;;1829.24;1;1
2405;0.2;50.9086;31.2;10.2415;39.8785;30.1;74;304.789;283.109;279;340;280;278;546.296;545.139;64;278.922;1;0;;;1829.24;1;1
2406;0.2;50.6076;31.2;10.2517;39.8785;30.1;77;304.355;283.102;279;340;280;278;546.296;545.139;64;278.917;1;0;;;1826.67;1;1
2407;0.2;50.7089;31.3;10.5988;39.5747;30.1;83;304.485;283.087;279;340;280;278;546.296;544.994;64;278.91;1;0;;;1826.67;1;1
2408;0.2;50.8102;31.3;10.6022;39.673;30.1;87;304.34;283.095;279;340;280;278;546.296;544.994;64;278.911;1;0;;;1824.92;1;1
2409;0.2;51.2182;31.3;10.6873;39.7772;30.1;84;304.167;283.095;279;340;280;278;546.152;545.139;64;278.904;1;0;;;1824.05;1;1
2410;0.2;51.0127;31.3;10.6623;39.7627;30.1;89;304.065;283.102;279;340;280;278;546.296;545.139;64;278.896;1;0;;;1823.17;1;1
2411;0.2;51.0532;31.3;10.6529;39.5747;30.1;103;303.328;283.102;279;340;280;278;546.296;545.284;64;278.893;1;0;;;1822.3;1;1
2412;0.2;51.1169;31.3;10.7198;39.3721;30.1;112;303.27;283.109;279;340;280;278;546.441;545.284;64;278.891;1;0;;;1822.3;1;1
2413;0.2;50.9115;31.3;10.6589;39.3721;30.1;121;303.27;283.109;279;340;280;278;546.586;545.428;64;278.884;1;0;;;1820.34;1;1
2414;0.2;51.0127;31.3;10.7336;39.5747;30.1;127;303.4;283.109;279;340;280;278;546.586;545.428;64;278.883;1;0;;;1819.47;1;1
2415;0.2;51.0127;31.3;10.7158;39.4473;30;127;303.125;283.102;279;340;280;278;546.586;545.428;64;278.876;1;0;;;1818.93;1;1
2416;0.2;51.0098;31.3;10.7151;39.3721;30;129;303.212;283.087;279;340;280;278;546.586;545.428;64;278.873;1;0;;;1818.01;1;1
2417;0.2;50.9115;31.3;10.6945;39.4734;30;138;303.154;283.095;279;340;280;278;546.441;545.428;64;278.869;1;0;;;1817.14;1;1
2418;0.2;50.8073;31.3;10.6726;39.4734;30;141;303.038;283.095;279;340;280;278;546.586;545.573;64;278.863;1;0;;;1815.2;1;1
2419;0.2;50.9115;31.3;10.7123;39.4734;30;142;302.951;283.095;279;340;280;278;546.73;545.573;64;278.86;1;0;;;1814.15;1;1
2420;0.2;51.1169;31.3;10.7376;39.4734;30;141;302.951;283.102;279;340;280;278;546.73;545.573;64;278.857;1;0;;;1813.28;1;1
2421;0.2;51.114;31.3;10.7906;39.3519;30;141;303.038;283.102;279;340;280;278;546.73;545.718;64;278.862;1;0;;;1813.28;1;1
2422;0.2;50.6076;31.3;10.6307;39.2708;30;141;303.704;283.109;279;340;280;278;546.875;545.718;64;278.861;1;0;;;1812.41;1;1
2423;0.2;50.9115;31.3;10.7479;39.3721;30;134;303.747;283.109;279;340;280;278;547.02;545.718;64;278.865;1;0;;;1811.74;1;1
2424;0.2;51.0359;31.3;10.7741;39.3721;30;129;303.704;283.102;279;340;280;278;546.875;545.718;64;278.869;1;0;;;1810;1;1
2425;0.2;51.2268;31.3;10.8502;39.3721;30;130;303.675;283.095;279;340;280;278;546.73;545.718;64;278.87;1;0;;;1808.26;1;1
2426;0.2;51.0127;31.3;10.7514;39.1667;30;133;303.617;283.087;279;340;280;278;546.73;545.718;64;278.868;1;0;;;1807.39;1;1
2427;0.2;51.0127;31.3;10.8227;39.1667;30;134;303.545;283.095;279;340;280;278;546.73;545.718;64;278.869;1;0;;;1805.92;1;1
2428;0.2;51.2037;31.3;10.8453;39.1667;30;134;303.501;283.095;279;340;280;278;546.586;545.573;64;278.869;1;0;"CUSN8       ";;1804.93;1;1
2429;0.2;51.2095;31.3;10.8108;39.2853;30;135;303.718;283.102;279;340;280;278;546.586;545.573;64;278.862;1;0;;;1803.19;1;1
2430;0.2;51.2153;31.3;10.8836;39.3721;30;133;304.08;283.109;279;340;280;278;546.73;545.573;64;278.86;1;0;;;1803.19;1;1
2431;0.2;51.2182;31.3;10.8663;39.5747;30.1;127;304.21;283.109;279;340;280;278;546.73;545.718;64;278.862;1;0;;;1803.19;1;1
2432;0.2;51.1169;31.3;10.8805;39.4734;30.1;121;304.109;283.109;279;340;280;278;546.73;545.573;64;278.863;1;0;;;1801.36;1;1
2433;0.2;51.0127;31.3;10.8583;39.4763;30.1;118;304.008;283.095;279;340;280;278;546.73;545.573;64;278.862;1;0;;;1798.75;1;1
2434;0.2;51.1169;31.3;10.8805;39.2679;30.1;120;303.906;283.087;279;340;280;278;546.73;545.573;64;278.86;1;0;;;1798.75;1;1
2435;0.2;50.9115;31.3;10.8901;39.3519;30.1;118;304.065;283.095;279;340;280;278;546.586;545.573;64;278.857;1;0;;;1798.66;1;1
2436;0.2;51.0069;31.3;10.8571;39.4734;30.1;119;304.196;283.095;279;340;280;278;546.586;545.573;64;278.859;1;0;;;1798.66;1;1
2437;0.2;50.9143;31.3;10.873;39.566;30.1;120;304.21;283.102;279;340;280;278;546.586;545.573;64;278.863;1;0;;;1797.78;1;1
2438;0.2;50.9115;31.4;11.2002;39.4734;30.1;119;304.094;283.102;279;340;280;278;546.586;545.573;64;278.867;1;0;;;1795.2;1;1
2439;0.2;50.8131;31.4;11.1431;39.5631;30.1;120;303.979;283.109;279;340;280;278;546.73;545.573;64;278.871;1;0;;;1794.33;1;1
2440;0.2;50.7089;31.4;11.138;39.3721;30.1;120;304.442;283.109;279;340;280;278;546.73;545.573;64;278.874;1;0;;;1790.85;1;1
2441;0.2;50.9115;31.4;11.2358;39.3721;30.1;120;304.485;283.102;279;340;280;278;546.586;545.573;64;278.883;1;0;;;1790.52;1;1
2442;0.2;50.8102;31.4;11.2135;39.2679;30.1;109;304.543;283.095;279;340;280;278;546.73;545.428;64;278.886;1;0;;;1790.39;1;1
2443;0.2;50.8102;31.4;11.1779;39.3721;30.1;106;304.485;283.095;279;340;280;278;546.441;545.284;64;278.893;1;0;;;1788.65;1;1
2444;0.2;51.0127;31.4;11.276;39.6759;30.1;108;304.514;282.733;279;340;280;278;546.441;545.284;64;278.901;1;0;;;1788.65;1;1
2445;0.2;51.2182;31.4;11.2856;39.8785;30.1;102;304.47;282.74;279;340;280;278;546.296;545.139;64;278.906;1;0;;;1786.05;1;1
2446;0.2;51.059;31.4;11.2862;39.9826;30.1;95;304.919;282.87;279;340;280;278;546.152;545.139;64;278.915;1;0;;;1786.05;1;1
2447;0.2;51.0127;31.4;11.2582;39.8785;30.1;94;304.384;282.697;279;340;280;278;546.296;544.994;64;278.925;1;0;;;1784.32;1;1
2448;0.2;51.1082;31.4;11.2435;39.5718;30.1;100;304.355;282.697;279;340;280;278;546.296;545.139;64;278.936;1;0;;;1783.45;1;1
2449;0.2;51.0127;31.4;11.2403;39.3721;30.1;100;304.745;282.892;279;340;280;278;546.296;545.284;64;278.942;1;0;;;1783.45;1;1
2450;0.2;50.9115;31.4;11.2892;39.3721;30.1;91;304.528;282.726;279;340;280;278;546.441;545.428;64;278.953;1;0;;;1782.23;1;1
2451;0.2;50.9115;31.4;11.2536;39.1667;30.1;85;304.63;282.726;279;340;280;278;546.586;545.428;64;278.969;1;0;;;1781.96;1;1
2452;0.2;50.9375;31.4;11.2772;39.3721;30.1;91;304.659;282.697;279;340;280;278;546.586;545.573;64;278.986;1;0;;;1781;1;1
2453;0.2;51.1516;31.4;11.3246;39.7772;30.1;92;304.572;282.704;279;340;280;278;546.73;545.718;64;279.005;1;0;;;1779.26;1;1
2454;0.2;51.2558;31.4;11.3834;39.5718;30.1;86;304.948;282.899;279;340;280;278;546.73;545.718;64;279.022;1;0;;;1778.4;1;1
2455;0.2;51.0359;31.4;11.2989;39.4734;30.1;76;304.036;282.726;279;340;280;278;546.586;545.573;64;279.042;1;0;;;1775.8;1;1
2456;0.2;50.7321;31.4;11.2494;39.5747;30.1;76;304.022;282.69;279;340;280;278;546.586;545.573;64;279.065;1;0;;;1775.8;1;1
2457;0.2;51.1169;31.4;11.3526;39.5747;30.1;83;304.138;282.69;279;340;280;278;546.586;545.573;64;279.084;1;0;;;1775.8;1;1
2458;0.2;51.0127;31.4;11.3295;39.4763;30.1;83;304.253;282.682;279;340;280;278;546.586;545.428;64;279.103;1;0;;;1774.07;1;1
2459;0.2;51.1169;31.4;11.3526;39.4734;30.1;82;304.282;282.711;279;340;280;278;546.586;545.428;64;279.116;1;0;;;1773.21;1;1
2460;0.2;50.761;31.5;11.6182;39.3056;30.1;79;304.167;282.711;279;340;280;278;546.586;545.284;64;279.132;1;0;;;1769.75;1;1
2461;0.2;50.7465;31.5;11.6326;39.1667;30.1;78;304.08;282.69;279;340;280;278;546.441;545.284;64;279.143;1;0;;;1768.88;1;1
2462;0.2;50.6047;31.5;11.5824;39.2708;30.1;68;303.443;282.69;279;340;280;278;546.441;545.428;64;279.154;1;0;;;1768.02;1;1
2463;0.2;50.5035;31.5;11.5769;39.3721;30.1;64;303.487;282.711;279;340;280;278;546.441;545.284;64;279.161;1;0;;;1768.02;1;1
2464;0.2;50.7089;31.5;11.6417;39.4734;30.1;69;303.675;282.943;279;340;280;278;546.586;545.284;64;279.166;1;0;;;1766.29;1;1
2465;0.2;50.8131;31.5;11.6301;39.4734;30.1;70;303.762;282.943;279;340;280;278;546.586;545.284;64;279.176;1;0;;;1765.94;1;1
2466;0.2;50.7118;31.5;11.6424;39.4734;30.1;71;303.848;282.95;279;340;280;278;546.441;545.428;64;279.185;1;0;;;1765.54;1;1
2467;0.2;50.6308;31.5;11.6238;39.4444;30.1;69;303.125;282.718;279;340;280;278;546.441;545.428;64;279.192;1;0;;;1763.42;1;1
2468;0.2;50.706;31.5;11.6587;39.5747;30.1;64;303.111;283.109;279;340;280;278;546.441;545.284;64;279.197;1;0;;;1763.42;1;1
2469;0.2;50.7089;31.5;11.6063;39.8814;30.1;65;302.937;283.102;279;340;280;278;546.586;545.284;64;279.2;1;0;;;1763.18;1;1
2470;0.2;51.0127;31.5;11.7114;39.8785;30.1;64;302.517;283.087;279;340;280;278;546.586;545.573;64;279.203;1;0;;;1761.46;1;1
2471;0.2;51.1285;31.5;11.7202;39.6759;30.1;62;302.633;283.095;279;340;280;278;546.73;545.573;64;279.203;1;0;;;1759.65;1;1
2472;0.2;51.2182;31.5;11.7049;39.5747;30.1;65;302.734;283.095;279;340;280;278;546.73;545.573;64;279.196;1;0;;;1758.08;1;1
2473;0.2;51.2153;31.5;11.7579;39.7772;30.1;65;302.821;283.095;279;340;280;278;546.73;545.573;64;279.188;1;0;;;1758.08;1;1
2474;0.2;50.9086;31.5;11.6875;39.7772;30.1;65;302.214;283.102;279;340;280;278;546.586;545.573;64;279.181;1;0;;;1756.36;1;1
2475;0.2;50.7089;31.5;11.624;39.8785;30.1;71;302.098;283.102;279;340;280;278;546.586;545.428;64;279.178;1;0;;;1754.63;1;1
2476;0.2;50.5035;31.5;11.5945;39.7772;30;77;301.997;283.109;279;340;280;278;546.73;545.573;64;279.169;1;0;;;1751.41;1;1
2477;0.2;51.0127;31.5;11.6936;39.5052;30;78;301.519;283.109;279;340;280;278;546.73;545.573;64;279.161;1;0;;;1750.55;1;1
2478;0.2;50.9115;31.5;11.706;39.3721;30;78;301.577;283.109;279;340;280;278;546.73;545.573;64;279.16;1;0;;;1749.68;1;1
2479;0.2;50.8102;31.4;11.3732;39.5486;30;89;301.751;283.095;279;340;280;278;546.875;545.718;64;279.159;1;0;"CUSN8       ";;1748.79;1;1
2480;0.2;50.6076;31.4;11.2925;39.7714;30;92;301.736;283.087;279;340;280;278;546.875;545.718;64;279.161;1;0;;;1748.76;1;1
2481;0.2;50.8102;31.4;11.3377;39.6846;30;94;301.114;283.095;279;340;280;278;546.875;545.862;64;279.157;1;0;;;1747.9;1;1
2482;0.2;50.9722;31.4;11.3561;39.5718;30;99;301.013;283.095;279;340;280;278;547.02;545.862;64;279.155;1;0;;;1746.18;1;1
2483;0.2;51.0127;31.4;11.3829;39.4734;30;110;300.911;283.102;279;340;280;278;546.875;545.862;64;279.155;1;0;;;1745.32;1;1
2484;0.2;51.0127;31.4;11.4007;39.4734;30;115;300.897;283.102;279;340;280;278;546.875;545.718;64;279.152;1;0;;;1744.83;1;1
2485;0.2;51.522;31.4;11.5146;39.7772;30;112;300.984;283.109;279;340;280;278;546.875;545.718;64;279.153;1;0;;;1744.83;1;1
2486;0.2;51.3194;31.4;11.4514;39.8785;30;118;301.085;283.109;279;340;280;278;546.875;545.718;64;279.153;1;0;;;1743.37;1;1
2487;0.2;51.4005;31.4;11.4874;39.6759;30;120;301.157;283.109;279;340;280;278;546.875;545.718;64;279.157;1;0;;;1742.51;1;1
2488;0.2;51.1111;31.4;11.4763;39.673;30;118;300.564;283.492;279;340;280;278;546.875;545.862;64;279.153;1;0;;;1741.65;1;1
2489;0.2;51.0127;31.4;11.3829;39.4734;30;119;300.42;283.492;279;340;280;278;546.875;545.862;64;279.15;1;0;;;1740.79;1;1
2490;0.2;50.8102;31.4;11.3377;39.2679;30;131;300.911;283.464;279;340;280;278;546.875;545.862;64;279.142;1;0;;;1739.93;1;1
2491;0.2;51.0127;31.4;11.4186;39.5747;30;135;300.883;283.471;279;340;280;278;547.02;545.862;64;279.142;1;0;"CUSN8       ";;1737.08;1;1
2492;0.2;51.2182;31.4;11.4467;39.6094;30;122;300.969;283.464;279;340;280;278;547.02;545.862;64;279.137;1;0;;;1737.08;1;1
2493;0.2;51.4207;31.4;11.5458;39.5718;30;119;301.056;283.492;279;340;280;278;547.02;545.862;64;279.133;1;0;;;1735.36;1;1
2494;0.2;51.2037;31.4;11.4971;39.6759;30;119;301.157;283.492;279;340;280;278;546.875;545.718;64;279.13;1;0;;;1733.65;1;1
2495;0.2;51.0127;31.4;11.4186;39.7917;30;119;301.1;283.456;279;340;280;278;546.875;545.718;64;279.127;1;0;;;1733.65;1;1
2496;0.2;50.9115;31.4;11.4137;39.7772;30;118;300.984;283.456;279;340;280;278;546.875;545.718;64;279.127;1;0;"CUSN8       ";;1730.21;1;1
2497;0.2;51.0127;31.4;11.4007;39.7772;30;120;300.897;283.478;279;340;280;278;546.875;545.718;64;279.124;1;0;;;1730.21;1;1
2498;0.2;51.6725;31.4;11.6024;39.9306;30;120;300.897;283.471;279;340;280;278;546.875;545.718;64;279.121;1;0;;;1728.5;1;1
2499;0.2;52.0602;31.4;11.6712;40.0839;30;121;301.042;283.406;279;340;280;278;546.875;545.718;64;279.119;1;0;;;1728.09;1;1
2500;0.2;51.93;31.4;11.5876;40.1852;30;120;301.157;283.406;279;340;280;278;546.875;545.718;64;279.117;1;0;;;1727.85;1;1
2501;0.2;52.1325;31.4;11.6874;40.3877;30;127;301.418;283.406;279;340;280;278;546.875;545.718;64;279.118;1;0;;;1727;1;1
2502;0.2;52.1557;31.4;11.6926;40.3617;30;126;301.331;283.384;279;340;280;278;546.875;545.718;64;279.119;1;0;;;1727;1;1
2503;0.2;52.3466;31.4;11.6989;40.5469;30;119;301.244;283.42;279;340;280;278;546.73;545.718;64;279.12;1;0;;;1724.07;1;1
2504;0.2;52.526;31.4;11.7757;40.2865;30;109;301.157;283.362;279;340;280;278;546.73;545.573;64;279.117;1;0;;;1724.07;1;1
2505;0.2;52.4363;31.4;11.7556;40.1852;30;118;301.114;283.355;279;340;280;278;546.73;545.573;64;279.115;1;0;;;1721.38;1;1
2506;0.2;52.1325;31.4;11.6874;40.1649;30;119;301.186;283.391;279;340;280;278;546.73;545.573;64;279.119;1;0;"CUSN8       ";;1720.53;1;1
2507;0.2;52.1325;31.4;11.6328;40.1852;30;118;301.273;283.319;279;340;280;278;546.73;545.573;64;279.117;1;0;;;1720.53;1;1
2508;0.2;52.0312;31.4;11.7011;40.2865;30;108;302.156;283.319;279;340;280;278;546.586;545.428;64;279.114;1;0;;;1717.1;1;1
2509;0.2;52.1325;31.4;11.6874;40.3877;30;104;302.127;283.312;279;340;280;278;546.586;545.428;64;279.113;1;0;;;1717.1;1;1
2510;0.2;52.5;31.4;11.7515;40.2865;30;104;302.025;283.362;279;340;280;278;546.586;545.428;64;279.112;1;0;;;1715.39;1;1
2511;0.2;52.4392;31.4;11.7745;40.1852;30;99;301.895;283.333;279;340;280;278;546.73;545.428;64;279.111;1;0;;;1715.39;1;1
2512;0.2;52.2714;31.4;11.7186;40.0839;30;100;301.91;283.29;279;340;280;278;546.875;545.573;64;279.11;1;0;;;1715.39;1;1
2513;0.2;52.5405;31.4;11.7606;40.1823;30;105;302.04;283.283;279;340;280;278;546.875;545.718;64;279.109;1;0;;;1713.82;1;1
2514;0.2;52.4392;31.4;11.7745;40.2865;30.1;104;302.156;283.326;279;340;280;278;547.02;545.862;64;279.108;1;0;;;1712.97;1;1
2515;0.2;52.5434;31.4;11.7979;40.6916;30.1;104;302.098;283.326;279;340;280;278;547.02;545.718;64;279.099;1;0;;;1712.11;1;1
2516;0.2;52.5203;31.4;11.7193;40.5122;30.1;106;301.997;283.355;279;340;280;278;546.875;545.718;64;279.09;1;0;;;1712.11;1;1
2517;0.2;52.2541;31.4;11.6782;40.489;30.1;105;301.91;283.341;279;340;280;278;546.875;545.718;64;279.08;1;0;;;1711.26;1;1
2518;0.2;52.2338;31.4;11.6919;40.1852;30.1;106;301.895;283.297;279;340;280;278;546.875;545.718;64;279.07;1;0;;;1710.4;1;1
2519;0.2;52.338;31.4;11.7335;40.1852;30.1;105;301.982;283.341;279;340;280;278;546.875;545.718;64;279.062;1;0;;;1710.4;1;1
2520;0.2;52.2627;31.4;11.7166;40.1852;30.1;108;302.112;283.333;279;340;280;278;546.875;545.718;64;279.055;1;0;;;1708.2;1;1
2521;0.2;52.3553;31.4;11.7557;40.1852;30.1;106;302.156;283.319;279;340;280;278;547.02;545.862;64;279.04;1;0;;;1708.2;1;1
2522;0.2;52.3119;31.4;11.7459;39.9826;30.1;108;302.069;283.268;279;340;280;278;547.02;545.862;64;279.026;1;0;;;1705.64;1;1
2523;0.2;52.6389;31.4;11.7642;40.0839;30.1;113;301.968;283.304;279;340;280;278;547.02;546.007;64;279.012;1;0;;;1704.78;1;1
2524;0.2;52.3582;31.4;11.738;40.489;30.1;115;301.895;283.304;279;340;280;278;547.164;546.007;64;279.002;1;0;;;1704.27;1;1
2525;0.2;52.5434;31.4;11.7979;40.5035;30.1;114;301.895;283.297;279;340;280;278;547.02;546.007;64;278.991;1;0;;;1703.42;1;1
2526;0.2;52.4392;31.4;11.7562;40.4861;30.1;118;302.025;283.297;279;340;280;278;547.02;545.862;64;278.98;1;0;;;1702.26;1;1
2527;0.2;52.5434;31.4;11.7612;40.2865;30.1;126;302.127;283.275;279;340;280;278;546.875;545.862;64;278.971;1;0;;;1699.7;1;1
2528;0.2;52.4392;31.4;11.7745;40.0694;30.1;127;302.127;283.275;279;340;280;278;546.875;545.862;64;278.958;1;0;;;1699.7;1;1
2529;0.2;52.8501;31.4;11.8483;40.1852;30.1;124;302.025;283.275;279;340;280;278;547.02;546.007;64;278.953;1;0;;;1699.7;1;1
2530;0.2;52.5405;31.4;11.7422;40.3877;30.1;133;301.924;283.261;279;340;280;278;547.164;545.862;64;278.948;1;0;;;1699.7;1;1
2531;0.2;52.5203;31.4;11.8294;40.2951;30.1;137;301.852;283.225;279;340;280;278;547.164;545.862;64;278.94;1;0;;;1699.7;1;1
2532;0.2;52.4334;31.4;11.7549;40.1534;30.1;138;301.939;283.218;279;340;280;278;547.02;545.862;64;278.934;1;0;;;1696.19;1;1
2533;0.2;52.1152;31.4;11.7382;40.1881;30.1;137;302.069;283.268;279;340;280;278;547.02;545.862;64;278.932;1;0;"CUSN8       ";;1694.49;1;1
2534;0.2;51.9387;31.4;11.6803;40.2951;30.1;141;302.156;283.514;279;340;280;278;546.875;545.718;64;278.932;1;0;;;1691.94;1;1
2535;0.2;52.1325;31.4;11.7421;40.4919;30.1;141;302.054;283.102;279;340;280;278;546.875;545.718;64;278.928;1;0;;;1691.92;1;1
2536;0.2;52.338;31.4;11.7335;40.5932;30.1;143;302.416;283.109;279;340;280;278;546.875;545.718;64;278.928;1;0;;;1691.92;1;1
2537;0.2;52.338;31.4;11.7335;40.3877;30.1;140;302.459;283.109;279;340;280;278;546.73;545.718;64;278.928;1;0;;;1690.22;1;1
2538;0.2;52.2338;31.4;11.7102;40.2865;30.1;142;302.459;283.109;279;340;280;278;546.73;545.573;64;278.927;1;0;;;1690.22;1;1
2539;0.2;52.6418;31.4;11.82;40.3877;30.1;135;302.431;283.095;279;340;280;278;546.875;545.573;64;278.935;1;0;;;1688.52;1;1
2540;0.2;52.5347;31.4;11.7776;40.2865;30.1;127;302.517;283.095;279;340;280;278;546.73;545.573;64;278.937;1;0;;;1687.66;1;1
2541;0.2;52.2685;31.4;11.7362;40.2865;30.1;130;303.212;283.095;279;340;280;278;546.875;545.573;64;278.947;1;0;;;1685.83;1;1
2542;0.2;52.4392;31.4;11.7379;40.489;30.1;136;303.096;283.102;279;340;280;278;546.73;545.573;64;278.953;1;0;;;1683.39;1;1
2543;0.2;52.5405;31.4;11.7789;40.489;30.1;130;302.995;283.102;279;340;280;278;546.586;545.428;64;278.956;1;0;;;1683.39;1;1
2544;0.2;52.4074;31.4;11.7491;40.5903;30.1;126;302.951;283.109;279;340;280;278;546.586;545.428;64;278.958;1;0;;;1683.39;1;1
