Time;[11:7];[31:42];[31:47];[32:1];[32:90];[32:124];[33:142];[33:146];[33:337];[33:338];[33:339];[33:340];[33:341];[33:342];[33:343];[33:344];[33:345]
time;Banddicke;Verzinnungsstation_ Kühlleistung;Verzinnungsstation FU_ Kühlleistung;Bandbreite;Düsendruck;Bandgeschwindigkeit;Düsendruck Bandoberseite;Düsendruck Bandunterseite;Wannentemperatur außen (WSP);Zinnbadtemperatur Wanne (WSP);Temperatur unter der Zinnbadrolle 1 (WSP);Temperatur unter der Zinnbadrolle 2 (WSP);Reglerausgang Y-Out (WSP);P-Anteil von Y-Out (WSP);I-Anteil von Y-Out (WSP);D-Anteil von Y-Out (WSP);Wirksame Soll-Temperatur (WSP)
sec;mm;kW;kW;mm;mbar;m/min;mbar;mbar;°C;°C;°C;°C;%;%;%;%;°C
0;0,6;13,103;10,0996;343;380;0;0,289352;0,434028;293,344;285,323;279,334;278,663;1,0136;-41,1126;10,2838;1,84235;277
1;0,6;13,0889;10,1432;343;380;0;0,289352;0,434028;293,344;285,323;279,334;278,663;1,0136;-41,1126;10,2838;1,84235;277
2;0,6;13,1573;10,2174;343;380;0;0,289352;0,434028;293,267;285,383;279,29;278,893;0,0338807;-41,4125;9,88756;0,38035;277
3;0,6;13,2345;10,2533;343;380;0;0,289352;0,434028;293,267;285,383;279,29;278,893;0,0338807;-41,4125;9,88756;0,38035;277
4;0,6;13,1712;10,2271;343;380;0;0,289352;0,434028;293,267;285,383;279,29;278,893;0,0338807;-41,4125;9,88756;0,38035;277
5;0,6;13,2749;10,2099;343;380;0;0,289352;0,434028;293,267;285,383;279,29;278,893;0,0338807;-41,4125;9,88756;0,38035;277
6;0,6;13,1757;10,1942;343;380;0;0,289352;0,434028;293,194;285,622;279,28;279,238;0;-42,6125;9,87464;-1,17446;277
7;0,6;13,1977;10,2123;343;380;0;0,289352;0,434028;293,194;285,622;279,28;279,238;0;-42,6125;9,87464;-1,17446;277
8;0,6;13,2385;10,2848;343;380;0;0,289352;0,434028;293,194;285,622;279,28;279,238;0;-42,6125;9,87464;-1,17446;277
9;0,6;13,2213;10,2074;343;380;0;0,289352;0,434028;293,194;285,622;279,28;279,238;0;-42,6125;9,87464;-1,17446;277
10;0,6;13,1938;10,251;343;380;0;0,289352;0,434028;293,145;285,848;279,309;279,598;0;-43,7375;9,87464;-1,74056;277
11;0,6;13,3168;10,3049;343;380;0;0,289352;0,434028;293,145;285,848;279,309;279,598;0;-43,7375;9,87464;-1,74056;277
12;0,6;13,2881;10,2627;343;380;0;0,289352;0,434028;293,145;285,848;279,309;279,598;0;-43,7375;9,87464;-1,74056;277
13;0,6;13,4677;10,3594;343;380;0;0,289352;0,434028;293,145;285,848;279,309;279,598;0;-43,7375;9,87464;-1,74056;277
14;0,6;13,3539;10,2774;343;380;0;0,289352;0,434028;293,072;286,025;279,373;279,915;0;-44,6125;9,87464;-1,75307;277
15;0,6;13,3018;10,2854;343;380;0;0,289352;0,434028;293,072;286,025;279,373;279,915;0;-44,6125;9,87464;-1,75307;277
16;0,6;13,349;10,345;343;380;0;0,289352;0,434028;293,072;286,025;279,373;279,915;0;-44,6125;9,87464;-1,75307;277
17;0,6;13,3113;10,2604;343;380;0;0,289352;0,434028;293,072;286,025;279,373;279,915;0;-44,6125;9,87464;-1,75307;277
18;0,6;13,3452;10,3211;343;380;0;0,434028;0,434028;293,041;286,148;279,457;280,008;0;-45,225;9,87464;-1,46282;277
19;0,6;13,3416;10,2828;343;380;0;0,434028;0,434028;293,041;286,148;279,457;280,008;0;-45,225;9,87464;-1,46282;277
20;0,6;13,3594;10,2823;343;380;0;0,289352;0,578704;293,041;286,148;279,457;280,008;0;-45,225;9,87464;-1,46282;277
21;0,6;13,37;10,3594;343;380;0;0,289352;0,434028;293,041;286,148;279,457;280,008;0;-45,225;9,87464;-1,46282;277
22;0,6;13,3638;10,315;343;380;0;0,289352;0,434028;292,949;286,3;279,535;279,987;0;-46,0001;9,87464;-1,45752;277
23;0,6;13,3895;10,2948;343;380;0;0,289352;0,434028;292,949;286,3;279,535;279,987;0;-46,0001;9,87464;-1,45752;277
24;0,6;13,4085;10,319;343;380;0;0,289352;0,434028;292,949;286,3;279,535;279,987;0;-46,0001;9,87464;-1,45752;277
25;0,6;13,3355;10,3181;343;380;0;0,289352;0,434028;292,949;286,3;279,535;279,987;0;-46,0001;9,87464;-1,45752;277
26;0,6;13,3635;10,3839;343;380;0;0,289352;0,434028;292,829;286,365;279,586;279,713;0;-46,325;9,87464;-1,01615;277
27;0,6;13,4231;10,4145;343;380;0;0,289352;0,434028;292,829;286,365;279,586;279,713;0;-46,325;9,87464;-1,01615;277
28;0,6;13,3154;10,418;343;380;0;0,289352;0,434028;292,829;286,365;279,586;279,713;0;-46,325;9,87464;-1,01615;277
29;0,6;13,4577;10,3755;343;380;0;0,289352;0,434028;292,829;286,365;279,586;279,713;0;-46,325;9,87464;-1,01615;277
30;0,6;13,5802;10,3322;343;380;0;0,289352;0,434028;292,746;286,338;279,595;279,318;0;-46,1875;9,87464;-0,257124;277
31;0,6;13,6079;10,3658;343;380;0;0,289352;0,434028;292,746;286,338;279,595;279,318;0;-46,1875;9,87464;-0,257124;277
32;0,6;13,6629;10,4831;343;380;0;0,289352;0,434028;292,746;286,338;279,595;279,318;0;-46,1875;9,87464;-0,257124;277
33;0,6;13,4793;10,4888;343;380;0;0,434028;0,434028;292,746;286,338;279,595;279,318;0;-46,1875;9,87464;-0,257124;277
34;0,6;13,5148;10,4882;343;380;0;0,289352;0,578704;292,698;286,23;279,569;279,017;0;-45,6626;9,87464;0,488019;277
35;0,6;13,5345;10,1317;343;380;0;0,289352;0,434028;292,698;286,23;279,569;279,017;0;-45,6626;9,87464;0,488019;277
36;0,6;13,5718;10,1364;343;380;0;0,434028;0,434028;292,698;286,23;279,569;279,017;0;-45,6626;9,87464;0,488019;277
37;0,6;13,678;10,4451;343;380;0;0,289352;0,434028;292,698;286,23;279,569;279,017;0;-45,6626;9,87464;0,488019;277
38;0,6;13,6176;10,4638;343;380;0;0,289352;0,434028;292,626;285,965;279,524;278,878;0;-44,325;9,87464;1,73866;277
39;0,6;13,53;10,42;343;380;0;0,289352;0,434028;292,626;285,965;279,524;278,878;0;-44,325;9,87464;1,73866;277
40;0,6;13,5989;10,4042;343;380;0;0,434028;0,578704;292,626;285,965;279,524;278,878;0;-44,325;9,87464;1,73866;277
41;0,6;13,5975;10,146;343;380;0;0,289352;0,434028;292,626;285,965;279,524;278,878;0;-44,325;9,87464;1,73866;277
42;0,6;13,5478;10,1075;343;380;0;0,289352;0,578704;292,566;285,65;279,479;278,885;0,129333;-42,75;9,83605;2,52096;277
43;0,6;13,4921;10,0924;343;380;0;0,289352;0,434028;292,566;285,65;279,479;278,885;0,129333;-42,75;9,83605;2,52096;277
44;0,6;13,6962;10,1845;343;380;0;0,289352;0,434028;292,566;285,65;279,479;278,885;0,129333;-42,75;9,83605;2,52096;277
45;0,6;13,6272;10,1501;343;380;0;0,289352;0,434028;292,566;285,65;279,479;278,885;0,129333;-42,75;9,83605;2,52096;277
46;0,6;13,6607;10,2032;343;380;0;0,289352;0,578704;292,519;285,427;279,445;278,935;0,25118;-41,6375;9,49378;2,30221;277
47;0,6;13,616;10,184;343;380;0;0,289352;0,434028;292,519;285,427;279,445;278,935;0,25118;-41,6375;9,49378;2,30221;277
48;0,6;13,6784;10,1622;343;380;0;0,434028;0,578704;292,519;285,427;279,445;278,935;0,25118;-41,6375;9,49378;2,30221;277
49;0,6;13,6801;10,2215;343;380;0;0,289352;0,434028;292,519;285,427;279,445;278,935;0,25118;-41,6375;9,49378;2,30221;277
50;0,6;14,151;10,2602;343;380;0;0,289352;0,578704;292,45;285,4;279,42;279;0;-41,5;9,36221;1,14791;277
51;0,6;14,0361;10,2426;343;380;0;0,434028;0,434028;292,45;285,4;279,42;279;0;-41,5;9,36221;1,14791;277
52;0,6;13,5762;10,2244;343;380;0;0,289352;0,434028;292,45;285,4;279,42;279;0;-41,5;9,36221;1,14791;277
53;0,6;14,1485;10,2226;343;380;0;0,289352;0,434028;292,45;285,4;279,42;279;0;-41,5;9,36221;1,14791;277
54;0,6;14,1697;10,1821;343;380;0;0,289352;0,434028;292,409;285,438;279,399;279;0;-41,675;9,36221;0,272817;277
55;0,6;14,2347;10,2407;343;380;0;0,289352;0,434028;292,409;285,438;279,399;279;0;-41,675;9,36221;0,272817;277
56;0,6;14,2178;10,2182;343;380;0;0,289352;0,434028;292,409;285,438;279,399;279;0;-41,675;9,36221;0,272817;277
57;0,6;14,0931;10,2383;343;380;0;0,434028;0,434028;292,409;285,438;279,399;279;0;-41,675;9,36221;0,272817;277
58;0,6;14,1447;10,2284;343;380;0;0,289352;0,434028;292,341;285,525;279,38;279;0;-42,1125;9,36221;-0,346383;277
59;0,6;13,8454;10,2607;343;380;0;0,289352;0,578704;292,341;285,525;279,38;279;0;-42,1125;9,36221;-0,346383;277
60;0,6;14,3541;10,3554;343;380;0;0,289352;0,434028;292,341;285,525;279,38;279;0;-42,1125;9,36221;-0,346383;277
61;0,6;14,2074;10,2226;343;380;0;0,289352;0,434028;292,341;285,525;279,38;279;0;-42,1125;9,36221;-0,346383;277
62;0,6;14,2628;10,2919;343;380;0;0,289352;0,434028;292,269;285,6;279,362;279;0;-42,5;9,36221;-0,535323;277
63;0,6;14,3109;10,3938;343;380;0;0,289352;0,434028;292,269;285,6;279,362;279;0;-42,5;9,36221;-0,535323;277
64;0,6;14,3287;10,3347;343;380;0;0,289352;0,434028;292,269;285,6;279,362;279;0;-42,5;9,36221;-0,535323;277
65;0,6;14,3079;10,3554;343;380;0;0,289352;0,434028;292,269;285,6;279,362;279;0;-42,5;9,36221;-0,535323;277
66;0,6;14,1327;10,3093;343;380;0;0,289352;0,434028;292,203;285,6;279,352;279,073;0;-42,5;9,36221;-0,240115;277
67;0,6;14,2872;10,2945;343;380;0;0,289352;0,434028;292,203;285,6;279,352;279,073;0;-42,5;9,36221;-0,240115;277
68;0,6;14,3871;10,3518;343;380;0;0,289352;0,578704;292,203;285,6;279,352;279,073;0;-42,5;9,36221;-0,240115;277
69;0,6;14,2652;10,3152;343;380;0;0,289352;0,434028;292,203;285,6;279,352;279,073;0;-42,5;9,36221;-0,240115;277
70;0,6;14,2468;10,3132;343;380;0;0,289352;0,434028;292,13;285,6;279,352;279,168;0;-42,5;9,36221;-0,109203;277
71;0,6;14,2451;10,2595;343;380;0;0,289352;0,434028;292,13;285,6;279,352;279,168;0;-42,5;9,36221;-0,109203;277
72;0,6;14,3151;10,3319;343;380;0;0,289352;0,434028;292,13;285,6;279,352;279,168;0;-42,5;9,36221;-0,109203;277
73;0,6;14,3888;10,2905;343;380;0;0,289352;0,434028;292,13;285,6;279,352;279,168;0;-42,5;9,36221;-0,109203;277
74;0,6;14,3989;10,3515;343;380;0;0,289352;0,434028;292,084;285,51;279,365;279,333;0;-42,05;9,36221;0,482846;277
75;0,6;14,5041;10,4669;343;380;0;0,289352;0,434028;292,084;285,51;279,365;279,333;0;-42,05;9,36221;0,482846;277
76;0,6;14,3519;10,4315;343;380;0;0,434028;0,434028;292,084;285,51;279,365;279,333;0;-42,05;9,36221;0,482846;277
77;0,6;14,2486;10,3535;343;380;0;0,289352;0,434028;292,084;285,51;279,365;279,333;0;-42,05;9,36221;0,482846;277
78;0,6;14,2241;10,3106;343;380;0;0,289352;0,434028;292,019;285,362;279,389;279,46;0;-41,325;9,36221;1,02538;277
79;0,6;14,1079;10,3132;343;380;0;0,289352;0,434028;292,019;285,362;279,389;279,46;0;-41,325;9,36221;1,02538;277
80;0,6;14,1765;10,3314;343;380;0;0,434028;0,434028;292,019;285,362;279,389;279,46;0;-41,325;9,36221;1,02538;277
81;0,6;14,3185;10,3293;343;380;0;0,289352;0,434028;292,019;285,362;279,389;279,46;0;-41,325;9,36221;1,02538;277
82;0,6;14,3181;10,3858;343;380;0;0,289352;0,434028;292,003;285,265;279,416;279,5;0,0358659;-40,8251;9,33705;1,01078;277
83;0,6;14,2605;10,3127;343;380;0;0,289352;0,434028;292,003;285,265;279,416;279,5;0,0358659;-40,8251;9,33705;1,01078;277
84;0,6;14,3329;10,2899;343;380;0;0,289352;0,434028;292,003;285,265;279,416;279,5;0,0358659;-40,8251;9,33705;1,01078;277
85;0,6;14,3428;10,3468;343;380;0;0,434028;0,434028;292,003;285,265;279,416;279,5;0,0358659;-40,8251;9,33705;1,01078;277
86;0,6;14,3624;10,3447;343;380;0;0,289352;0,434028;291,906;285,26;279,434;279,4;0;-40,7876;9,24881;0,398709;277
87;0,6;14,2861;10,3615;343;380;0;0,289352;0,434028;291,906;285,26;279,434;279,4;0;-40,7876;9,24881;0,398709;277
88;0,6;14,2593;10,2861;343;380;0;0,434028;0,434028;291,906;285,26;279,434;279,4;0;-40,7876;9,24881;0,398709;277
89;0,6;14,2796;10,3058;343;380;0;0,289352;0,578704;291,906;285,26;279,434;279,4;0;-40,7876;9,24881;0,398709;277
90;0,6;14,2169;10,3526;343;380;0;0,434028;0,434028;291,828;285,348;279,434;279,213;0;-41,2375;9,24881;-0,317601;277
91;0,6;14,239;10,326;343;380;0;0,434028;0,578704;291,828;285,348;279,434;279,213;0;-41,2375;9,24881;-0,317601;277
92;0,6;14,1928;10,2479;343;380;0;0,289352;0,434028;291,828;285,348;279,434;279,213;0;-41,2375;9,24881;-0,317601;277
93;0,6;14,401;10,3988;343;380;0;0,289352;0,434028;291,828;285,348;279,434;279,213;0;-41,2375;9,24881;-0,317601;277
94;0,6;14,4367;10,4389;343;380;0;0,289352;0,578704;291,768;285,533;279,413;278,983;0;-42,1625;9,24881;-1,17399;277
95;0,6;14,4509;10,4008;343;380;0;0,289352;0,434028;291,768;285,533;279,413;278,983;0;-42,1625;9,24881;-1,17399;277
96;0,6;14,409;10,3858;343;380;0;0,289352;0,434028;291,768;285,533;279,413;278,983;0;-42,1625;9,24881;-1,17399;277
97;0,6;14,4322;10,4619;343;380;0;0,289352;0,434028;291,768;285,533;279,413;278,983;0;-42,1625;9,24881;-1,17399;277
98;0,6;14,5213;10,422;343;380;0;0,289352;0,434028;291,654;285,685;279,375;278,77;0;-42,9251;9,24881;-1,32744;277
99;0,6;14,4281;10,3852;343;380;0;0,289352;0,434028;291,654;285,685;279,375;278,77;0;-42,9251;9,24881;-1,32744;277
100;0,6;14,3948;10,4011;343;380;0;0,289352;0,434028;291,654;285,685;279,375;278,77;0;-42,9251;9,24881;-1,32744;277
101;0,6;14,3636;10,3858;343;380;0;0,289352;0,434028;291,654;285,685;279,375;278,77;0;-42,9251;9,24881;-1,32744;277
102;0,6;14,4096;10,4281;343;380;0;0,289352;0,434028;291,589;285,7;279,325;278,64;0;-43,0001;9,24881;-0,660698;277
103;0,6;14,5458;10,4192;343;380;0;0,289352;0,434028;291,589;285,7;279,325;278,64;0;-43,0001;9,24881;-0,660698;277
104;0,6;14,3126;10,4424;343;380;0;0,289352;0,434028;291,589;285,7;279,325;278,64;0;-43,0001;9,24881;-0,660698;277
105;0,6;14,3178;10,4851;343;380;0;0,434028;0,434028;291,589;285,7;279,325;278,64;0;-43,0001;9,24881;-0,660698;277
106;0,6;14,3911;10,4084;343;380;0;0,434028;0,434028;291,555;285,57;279,274;278,615;0;-42,35;9,24881;0,477229;277
107;0,6;14,3108;10,7562;343;380;0;0,434028;0,434028;291,555;285,57;279,274;278,615;0;-42,35;9,24881;0,477229;277
108;0,6;14,4163;10,8192;343;380;0;0,434028;0,434028;291,555;285,57;279,274;278,615;0;-42,35;9,24881;0,477229;277
109;0,6;14,4962;10,7752;343;380;0;0,289352;0,434028;291,555;285,57;279,274;278,615;0;-42,35;9,24881;0,477229;277
110;0,6;14,4304;10,7995;343;380;0;0,289352;0,434028;291,495;285,432;279,229;278,713;0;-41,675;9,24881;0,943103;277
111;0,6;14,4549;10,7183;343;380;0;0,289352;0,434028;291,495;285,432;279,229;278,713;0;-41,675;9,24881;0,943103;277
112;0,6;14,5242;10,7316;343;380;0;0,289352;0,578704;291,495;285,432;279,229;278,713;0;-41,675;9,24881;0,943103;277
113;0,6;14,5697;10,8135;343;380;0;0,289352;0,434028;291,495;285,432;279,229;278,713;0;-41,675;9,24881;0,943103;277
114;0,6;14,4367;10,8318;343;380;0;0,434028;0,434028;291,447;285,29;279,195;278,823;0,0324392;-40,9626;9,24562;1,18619;277
115;0,6;14,3489;10,7392;343;380;0;0,289352;0,434028;291,447;285,29;279,195;278,823;0,0324392;-40,9626;9,24562;1,18619;277
116;0,6;14,3699;10,674;343;380;-0,9472;0,289352;0,434028;291,447;285,29;279,195;278,823;0,0324392;-40,9626;9,24562;1,18619;277
117;0,6;14,348;10,6356;343;380;-9,9872;0,289352;0,434028;291,447;285,29;279,195;278,823;0,0324392;-40,9626;9,24562;1,18619;277
118;0,6;14,4292;10,7316;343;380;-7,536;0,289352;0,434028;291,37;285,2;279,174;278,9;0,00783534;-40,5001;9,13824;1,00457;277
119;0,6;14,2637;10,6775;343;380;0;0,289352;0,434028;291,37;285,2;279,174;278,9;0,00783534;-40,5001;9,13824;1,00457;277
120;0,6;14,3029;10,7895;343;380;0;0,289352;0,578704;291,37;285,2;279,174;278,9;0,00783534;-40,5001;9,13824;1,00457;277
121;0,6;14,3578;10,7762;343;380;0;0,289352;0,434028;291,37;285,2;279,174;278,9;0,00783534;-40,5001;9,13824;1,00457;277
122;0,6;14,2886;10,713;343;380;0;0,289352;0,434028;291,344;285,2;279,163;278,975;0;-40,5001;9,1354;0,450346;277
123;0,6;14,3258;10,6752;343;380;0;0,289352;0,434028;291,344;285,2;279,163;278,975;0;-40,5001;9,1354;0,450346;277
124;0,6;14,2892;10,6716;343;380;0;0,289352;0,434028;291,344;285,2;279,163;278,975;0;-40,5001;9,1354;0,450346;277
125;0,6;14,2819;10,6746;343;380;0;0,289352;0,434028;291,344;285,2;279,163;278,975;0;-40,5001;9,1354;0,450346;277
126;0,6;14,2238;10,7051;343;380;0;0,289352;0,434028;291,229;285,223;279,159;279;0;-40,6126;9,1354;0,0374623;277
127;0,6;14,419;10,7743;343;380;0;0,289352;0,434028;291,229;285,223;279,159;279;0;-40,6126;9,1354;0,0374623;277
128;0,6;14,4184;10,7953;343;380;0;0,289352;0,434028;291,229;285,223;279,159;279;0;-40,6126;9,1354;0,0374623;277
129;0,6;14,4157;10,7544;343;380;0;0,289352;0,434028;291,229;285,223;279,159;279;0;-40,6126;9,1354;0,0374623;277
130;0,6;14,4649;10,8767;343;380;0;0,289352;0,434028;291,14;285,378;279,161;279;0;-41,3875;9,1354;-0,895128;277
131;0,6;14,3906;10,7597;343;380;0;0,289352;0,434028;291,14;285,378;279,161;279;0;-41,3875;9,1354;-0,895128;277
132;0,6;14,5037;10,7527;343;380;0;0,289352;0,578704;291,14;285,378;279,161;279;0;-41,3875;9,1354;-0,895128;277
133;0,6;14,2862;10,6859;343;380;0;0,144676;0,578704;291,14;285,378;279,161;279;0;-41,3875;9,1354;-0,895128;277
134;0,6;11,9746;8,65236;343;380;0;0,144676;0,434028;291,076;285,575;279,168;279;0;-42,375;9,1354;-1,4486;277
135;0,6;10,5218;8,30927;343;380;0;0,289352;0,434028;291,076;285,575;279,168;279;0;-42,375;9,1354;-1,4486;277
136;0,6;10,1823;8,06492;343;380;0;0,144676;0,434028;291,076;285,575;279,168;279;0;-42,375;9,1354;-1,4486;277
137;0,6;10,102;7,86997;343;380;0;0,289352;0,434028;291,076;285,575;279,168;279;0;-42,375;9,1354;-1,4486;277
138;0,6;10,1911;7,8464;343;380;0;0,289352;0,434028;291,021;285,62;279,181;278,995;0;-42,5875;9,1354;-0,883349;277
139;0,6;10,1788;7,81221;343;380;0;0,289352;0,434028;291,021;285,62;279,181;278,995;0;-42,5875;9,1354;-0,883349;277
140;0,6;10,2213;7,75113;343;380;0;0,289352;0,434028;291,021;285,62;279,181;278,995;0;-42,5875;9,1354;-0,883349;277
141;0,6;10,264;7,74585;343;380;0;0,289352;0,434028;291,021;285,62;279,181;278,995;0;-42,5875;9,1354;-0,883349;277
142;0,6;10,2935;7,75909;343;380;0;0,144676;0,289352;290,959;285,9;279,179;278,785;0;-43,9375;9,1354;-2,05411;277
143;0,6;10,2552;7,7749;343;380;0;0,289352;0,434028;290,959;285,9;279,179;278,785;0;-43,9375;9,1354;-2,05411;277
144;0,6;10,2213;7,79125;343;380;0;0,144676;0,434028;290,959;285,9;279,179;278,785;0;-43,9375;9,1354;-2,05411;277
145;0,6;10,2195;7,79066;343;380;0;0,144676;0,434028;290,959;285,9;279,179;278,785;0;-43,9375;9,1354;-2,05411;277
146;0,6;10,1955;7,76072;343;380;0;0,289352;0,434028;290,854;286,625;279,14;278,443;0;-47,575;9,1354;-4,91844;277
147;0,6;10,2329;8,01665;343;380;0;0,289352;0,434028;290,854;286,625;279,14;278,443;0;-47,575;9,1354;-4,91844;277
148;0,6;10,2589;8,00295;343;380;0;0,289352;0,434028;290,854;286,625;279,14;278,443;0;-47,575;9,1354;-4,91844;277
149;0,6;10,3333;8,03771;343;380;0;0,144676;0,434028;290,854;286,625;279,14;278,443;0;-47,575;9,1354;-4,91844;277
150;0,6;10,2207;8,05532;343;380;0;0,289352;0,434028;290,782;286,633;279,064;278,128;0;-47,675;9,1354;-1,93729;277
151;0,6;10,1308;8,04549;343;380;0;5,93171;17,5058;290,782;286,633;279,064;278,128;0;-47,675;9,1354;-1,93729;277
152;0,6;10,1856;8,03724;343;380;0;100,839;88,6863;290,782;286,633;279,064;278,128;0;-47,675;9,1354;-1,93729;277
153;0,6;10,2416;8,07693;343;380;0;146,123;142,361;290,782;286,633;279,064;278,128;0;-47,675;9,1354;-1,93729;277
154;0,6;10,1861;8,00677;343;380;0;161,314;163,194;290,773;285,57;278,969;277,948;2,8841;-42,4;9,01763;5,28072;277
155;0,6;10,1586;7,92054;343;380;0;166,956;167,824;290,773;285,57;278,969;277,948;2,8841;-42,4;9,01763;5,28072;277
156;0,6;10,0756;7,93277;343;380;0;169,994;169,85;290,773;285,57;278,969;277,948;2,8841;-42,4;9,01763;5,28072;277
157;0,6;10,0726;7,90301;343;380;0;171,152;171,296;290,773;285,57;278,969;277,948;2,8841;-42,4;9,01763;5,28072;277
158;0,6;10,0756;7,91137;343;380;0;172,02;172,309;290,781;284,945;278,871;277,89;4,63617;-39,225;8,49443;5,36672;277
159;0,6;10,024;7,88031;343;380;0;172,743;173,032;290,781;284,945;278,871;277,89;4,63617;-39,225;8,49443;5,36672;277
160;0,6;10,0481;7,88031;343;380;0;173,322;173,466;290,781;284,945;278,871;277,89;4,63617;-39,225;8,49443;5,36672;277
161;0,6;10,0103;7,84595;343;380;0;173,9;173,9;290,781;284,945;278,871;277,89;4,63617;-39,225;8,49443;5,36672;277
162;0,6;10,0275;7,85905;343;380;0;174,335;174,624;290,891;285,305;278,783;277,9;0,103586;-41,0251;8,13654;0,247532;277
163;0,6;9,98971;7,83807;343;380;0;174,769;174,913;290,891;285,305;278,783;277,9;0,103586;-41,0251;8,13654;0,247532;277
164;0,6;9,89723;7,78559;343;380;0;175,058;175,347;290,891;285,305;278,783;277,9;0,103586;-41,0251;8,13654;0,247532;277
165;0,6;9,90263;7,75951;343;380;0;175,781;175,781;290,891;285,305;278,783;277,9;0,103586;-41,0251;8,13654;0,247532;277
166;0,6;9,84903;7,73846;343;380;0;175,926;176,071;291,085;285,658;278,711;277,975;0;-42,7875;8,12919;-1,54358;277
167;0,6;9,81168;7,69943;343;380;0;176,36;176,505;291,085;285,658;278,711;277,975;0;-42,7875;8,12919;-1,54358;277
168;0,6;10,0794;7,73057;343;380;0;176,649;176,939;291,085;285,658;278,711;277,975;0;-42,7875;8,12919;-1,54358;277
169;0,6;10,1174;7,78598;343;380;0;177,083;177,083;291,085;285,658;278,711;277,975;0;-42,7875;8,12919;-1,54358;277
170;0,6;10,1346;7,7992;343;380;0;177,373;177,373;290,983;285,613;278,659;278,122;0;-42,5625;8,12919;-0,822505;277
171;0,6;10,1246;7,71742;343;380;0;177,517;177,662;290,983;285,613;278,659;278,122;0;-42,5625;8,12919;-0,822505;277
172;0,6;10,1073;7,68354;343;380;0;177,662;177,807;290,983;285,613;278,659;278,122;0;-42,5625;8,12919;-0,822505;277
173;0,6;10,0682;7,66333;343;380;0;177,662;177,807;290,983;285,613;278,659;278,122;0;-42,5625;8,12919;-0,822505;277
174;0,6;9,95189;7,60295;343;380;0;177,807;177,951;290,878;285,825;278,629;278,312;0;-43,6375;8,12919;-1,23516;277
175;0,6;9,90854;7,55815;343;380;0;178,096;178,241;290,878;285,825;278,629;278,312;0;-43,6375;8,12919;-1,23516;277
176;0,6;9,98387;7,58373;343;380;0;178,241;178,241;290,878;285,825;278,629;278,312;0;-43,6375;8,12919;-1,23516;277
177;0,6;9,99343;7,54507;343;380;0;178,385;178,53;290,878;285,825;278,629;278,312;0;-43,6375;8,12919;-1,23516;277
178;0,6;9,96176;7,50583;343;380;0;178,53;178,53;290,762;285,59;278,624;278,548;0;-42,475;8,12919;0,679732;277
179;0,6;9,94146;7,52904;343;380;0;178,675;178,819;290,762;285,59;278,624;278,548;0;-42,475;8,12919;0,679732;277
180;0,6;9,86575;7,52012;343;380;0;178,819;178,819;290,762;285,59;278,624;278,548;0;-42,475;8,12919;0,679732;277
181;0,6;9,79092;7,53644;343;380;0;178,819;178,964;290,762;285,59;278,624;278,548;0;-42,475;8,12919;0,679732;277
182;0,6;9,69514;7,48818;343;380;0;178,819;178,964;290,665;285,265;278,645;278,835;0,294778;-40,8625;8,06948;2,20564;277
183;0,6;9,59325;7,40174;343;380;0;178,964;178,964;290,665;285,265;278,645;278,835;0,294778;-40,8625;8,06948;2,20564;277
184;0,6;9,61089;7,41767;343;380;0;178,964;179,109;290,665;285,265;278,645;278,835;0,294778;-40,8625;8,06948;2,20564;277
185;0,6;9,63023;7,42222;343;380;0;178,964;179,109;290,665;285,265;278,645;278,835;0,294778;-40,8625;8,06948;2,20564;277
186;0,6;9,92805;7,29002;343;380;0;178,964;179,109;290,578;283,235;278,692;279,148;19,7891;-30,75;7,6546;12,8845;277
187;0,6;9,89345;7,26378;343;380;0;178,964;179,253;290,578;283,235;278,692;279,148;19,7891;-30,75;7,6546;12,8845;277
188;0,6;9,89345;7,24754;343;380;0;179,109;179,253;290,578;283,235;278,692;279,148;19,7891;-30,75;7,6546;12,8845;277
189;0,6;9,83927;7,23754;343;380;0;179,109;179,398;290,578;283,235;278,692;279,148;19,7891;-30,75;7,6546;12,8845;277
190;0,6;9,8623;7,16597;343;380;0;179,253;179,253;290,59;282,283;278,77;279,565;21,3634;-25,9125;7,27524;10,0007;277
191;0,6;9,7903;7,14632;343;380;0;179,253;179,398;290,59;282,283;278,77;279,565;21,3634;-25,9125;7,27524;10,0007;277
192;0,6;9,73726;7,12644;343;380;0;179,253;179,398;290,59;282,283;278,77;279,565;21,3634;-25,9125;7,27524;10,0007;277
193;0,6;9,69244;7,37375;343;380;0;179,253;179,398;290,59;282,283;278,77;279,565;21,3634;-25,9125;7,27524;10,0007;277
194;0,6;9,6034;7,38113;343;380;0;179,109;179,253;291,863;283,25;278,885;280,068;5,08644;-30,75;6,88905;-1,13088;277
195;0,6;9,57986;7,27863;343;380;0;178,964;179,253;291,863;283,25;278,885;280,068;5,08644;-30,75;6,88905;-1,13088;277
196;0,6;9,63088;7,23665;343;380;0;178,964;179,109;291,863;283,25;278,885;280,068;5,08644;-30,75;6,88905;-1,13088;277
197;0,6;9,63706;7,28613;343;380;0;178,964;179,109;291,863;283,25;278,885;280,068;5,08644;-30,75;6,88905;-1,13088;277
198;0,6;9,60682;7,28285;343;380;0;178,819;178,964;293,432;284,053;279,038;280,552;0;-34,7625;6,73542;-4,68568;277
199;0,6;9,53253;7,23645;343;380;0;178,675;178,819;293,432;284,053;279,038;280,552;0;-34,7625;6,73542;-4,68568;277
200;0,6;9,43487;7,17068;343;380;0;178,675;178,819;293,432;284,053;279,038;280,552;0;-34,7625;6,73542;-4,68568;277
201;0,6;9,3;7,13777;343;380;0;178,53;178,819;293,432;284,053;279,038;280,552;0;-34,7625;6,73542;-4,68568;277
202;0,6;9,31915;7,13777;343;380;0;178,385;178,675;293,887;284,055;279,223;280,995;0,683807;-34,775;6,68928;-1,8531;277
203;0,6;9,32287;7,09232;343;380;0;178,241;178,53;293,887;284,055;279,223;280,995;0,683807;-34,775;6,68928;-1,8531;277
204;0,6;9,23476;7,03969;343;380;0;178,241;178,385;293,887;284,055;279,223;280,995;0,683807;-34,775;6,68928;-1,8531;277
205;0,6;9,57295;7,05863;343;380;0;178,096;178,241;293,887;284,055;279,223;280,995;0,683807;-34,775;6,68928;-1,8531;277
206;0,6;9,41157;6,9663;343;380;0;177,951;178,096;293,746;283,948;279,43;281,393;1,68153;-34,225;6,28553;-0,379014;277
207;0,6;9,43462;7,17691;343;380;0;177,807;177,951;293,746;283,948;279,43;281,393;1,68153;-34,225;6,28553;-0,379014;277
208;0,6;9,35607;7,15005;343;380;0;177,662;177,807;293,746;283,948;279,43;281,393;1,68153;-34,225;6,28553;-0,379014;277
209;0,6;9,25588;7,08485;343;380;0;177,517;177,662;293,746;283,948;279,43;281,393;1,68153;-34,225;6,28553;-0,379014;277
210;0,6;9,20431;7,02588;343;380;0;177,373;177,517;293,485;284,015;279,65;281,615;0,786162;-34,5625;5,8044;-0,507523;277
211;0,6;9,07861;6,99975;343;380;0;177,373;177,517;293,485;284,015;279,65;281,615;0,786162;-34,5625;5,8044;-0,507523;277
212;0,6;9,0653;6,95276;343;380;0;177,228;177,373;293,485;284,015;279,65;281,615;0,786162;-34,5625;5,8044;-0,507523;277
213;0,6;8,98219;6,84224;343;380;0;177,083;177,373;293,485;284,015;279,65;281,615;0,786162;-34,5625;5,8044;-0,507523;277
214;0,6;9,03851;6,87385;343;380;0;176,939;177,228;293,199;283,953;279,86;281,7;1,35976;-34,275;5,40855;0,209214;277
215;0,6;9,25135;6,77665;343;380;0;176,939;177,228;293,199;283,953;279,86;281,7;1,35976;-34,275;5,40855;0,209214;277
216;0,6;9,15847;6,76353;343;380;0;176,794;177,083;293,199;283,953;279,86;281,7;1,35976;-34,275;5,40855;0,209214;277
217;0,6;9,05707;6,63571;343;380;0;176,794;176,939;293,199;283,953;279,86;281,7;1,35976;-34,275;5,40855;0,209214;277
218;0,6;9,06168;6,5608;343;380;0;176,649;176,939;292,85;283,61;280,05;281,69;2,61713;-38,6623;4,9625;-4,16853;274,607
219;0,6;8,93625;6,52663;343;380;0;176,649;176,794;292,85;283,61;280,05;281,69;2,61713;-38,6623;4,9625;-4,16853;274,607
220;0,6;8,88706;6,52729;343;380;0,00064;176,649;176,939;292,85;283,61;280,05;281,69;2,61713;-38,6623;4,9625;-4,16853;274,607
221;0,6;8,87691;6,50981;343;380;2,62144;176,649;176,794;292,85;283,61;280,05;281,69;2,61713;-38,6623;4,9625;-4,16853;274,607
222;0,6;8,8002;6,42696;343;380;8,80892;176,649;176,939;292,526;283,52;280,194;281,307;0,909702;-36,507;4,82402;-8,22796;274,074
223;0,6;8,74927;6,39208;343;380;15,124;176,649;176,939;292,526;283,52;280,194;281,307;0,909702;-36,507;4,82402;-8,22796;274,074
224;0,6;8,55669;6,28346;343;380;0,836436;176,649;176,939;292,526;283,52;280,194;281,307;0,909702;-36,507;4,82402;-8,22796;274,074
225;0,6;8,55419;6,0169;343;380;0;176,649;176,794;292,526;283,52;280,194;281,307;0,909702;-36,507;4,82402;-8,22796;274,074
226;0,6;8,47601;5,98089;343;380;0;176,36;176,794;292,249;283,683;280,232;280,285;0;-32,9126;4,76921;-17,5579;277
227;0,6;8,36873;5,92856;343;380;0;176,505;176,649;292,249;283,683;280,232;280,285;0;-32,9126;4,76921;-17,5579;277
228;0,6;8,31817;5,86316;343;380;0;176,215;176,649;292,249;283,683;280,232;280,285;0;-32,9126;4,76921;-17,5579;277
229;0,6;8,29219;5,87899;343;380;0;176,36;176,505;292,249;283,683;280,232;280,285;0;-32,9126;4,76921;-17,5579;277
230;0,6;8,18628;5,75805;343;380;0;176,36;176,649;291,949;283,52;280,124;280,578;0,100354;-32,125;4,76352;-6,87441;277
231;0,6;8,14618;5,71682;343;380;0;176,36;176,649;291,949;283,52;280,124;280,578;0,100354;-32,125;4,76352;-6,87441;277
232;0,6;8,09474;5,66464;343;380;0;176,215;176,505;291,949;283,52;280,124;280,578;0,100354;-32,125;4,76352;-6,87441;277
233;0,6;8,04254;5,61202;343;380;0;176,215;176,505;291,949;283,52;280,124;280,578;0,100354;-32,125;4,76352;-6,87441;277
234;0,6;8,29056;5,59042;343;380;0;176,215;176,36;291,659;283,022;280,118;281,685;4,43082;-29,65;4,48684;-0,406002;277
235;0,6;8,20496;5,50994;343;380;0;176,071;176,36;291,659;283,022;280,118;281,685;4,43082;-29,65;4,48684;-0,406002;277
236;0,6;8,1686;5,4859;343;380;0;176,071;176,36;291,659;283,022;280,118;281,685;4,43082;-29,65;4,48684;-0,406002;277
237;0,6;8,01552;5,40998;343;380;0;176,215;176,36;291,659;283,022;280,118;281,685;4,43082;-29,65;4,48684;-0,406002;277
238;0,6;7,91547;5,08726;343;380;0;176,071;176,215;291,296;282,73;280,247;281,61;7,31387;-28,1626;4,079;1,39743;277
239;0,6;7,79835;4,98136;343;380;0;175,926;176,36;291,296;282,73;280,247;281,61;7,31387;-28,1626;4,079;1,39743;277
240;0,6;7,75848;4,98224;343;380;0;176,071;176,36;291,296;282,73;280,247;281,61;7,31387;-28,1626;4,079;1,39743;277
241;0,6;7,69104;4,96653;343;380;0;176,071;176,36;291,296;282,73;280,247;281,61;7,31387;-28,1626;4,079;1,39743;277
242;0,6;7,57117;4,90268;343;380;0;176,215;176,505;291,228;282,575;280,367;281,613;7,73197;-27,3875;3,68796;1,43054;277
243;0,6;7,48808;4,81077;343;380;0;176,36;176,505;291,228;282,575;280,367;281,613;7,73197;-27,3875;3,68796;1,43054;277
244;0,6;7,45834;4,7844;343;380;0;176,505;176,649;291,228;282,575;280,367;281,613;7,73197;-27,3875;3,68796;1,43054;277
245;0,6;7,39398;4,66741;343;380;0;176,505;176,794;291,228;282,575;280,367;281,613;7,73197;-27,3875;3,68796;1,43054;277
246;0,6;7,38966;4,65251;343;380;0;176,36;176,794;291,545;282,35;280,475;281,9;8,99954;-26,25;3,311;1,93858;277
247;0,6;7,35267;4,608;343;380;0;176,505;176,794;291,545;282,35;280,475;281,9;8,99954;-26,25;3,311;1,93858;277
248;0,6;7,20619;4,51005;343;380;0;176,649;176,794;291,545;282,35;280,475;281,9;8,99954;-26,25;3,311;1,93858;277
249;0,6;7,12554;4,45667;343;380;0;176,649;176,939;291,545;282,35;280,475;281,9;8,99954;-26,25;3,311;1,93858;277
250;0,6;7,02223;4,41607;343;380;0;176,794;177,083;291,985;282,253;280,602;281,92;4,69813;-39,3045;2,98994;-74,5286;273,5
251;0,6;7,01394;4,12306;343;380;0;176,939;177,228;291,985;282,253;280,602;281,92;4,69813;-39,3045;2,98994;-74,5286;273,5
252;0,6;6,95647;4,05747;343;380;0,87616;177,083;177,373;291,985;282,253;280,602;281,92;4,69813;-39,3045;2,98994;-74,5286;273,5
253;0,6;6,8904;4,01812;343;380;4,61907;177,228;177,373;291,985;282,253;280,602;281,92;4,69813;-39,3045;2,98994;-74,5286;273,5
254;0,6;6,86652;3,97908;343;380;5;177,373;177,517;292,475;282,09;280,719;281,723;0;-54,4584;2,94063;-156,794;270
255;0,6;6,79706;3,9266;343;380;5;177,517;177,662;292,475;282,09;280,719;281,723;0;-54,4584;2,94063;-156,794;270
256;0,6;6,77247;3,88695;343;380;5;177,517;177,807;292,475;282,09;280,719;281,723;0;-54,4584;2,94063;-156,794;270
257;0,6;6,6408;3,79797;343;380;5;177,517;177,807;292,475;282,09;280,719;281,723;0;-54,4584;2,94063;-156,794;270
258;0,6;6,56148;3,74856;343;380;5;177,807;177,807;292,553;281,78;280,759;281,318;0;-54,6784;2,94063;-72,4025;270
259;0,6;6,5308;3,73494;343;380;5;177,807;177,951;292,553;281,78;280,759;281,318;0;-54,6784;2,94063;-72,4025;270
260;0,6;6,44851;3,68332;343;380;5;177,951;178,096;292,553;281,78;280,759;281,318;0;-54,6784;2,94063;-72,4025;270
261;0,6;6,40843;3,66715;343;380;5;177,951;178,385;292,553;281,78;280,759;281,318;0;-54,6784;2,94063;-72,4025;270
262;0,6;6,44082;3,67707;343;380;5;178,096;178,241;292,236;281,635;280,765;280,503;0;-46,7559;2,94063;-10,7478;271,688
263;0,6;6,36475;3,62205;343;380;6,66464;178,241;178,53;292,236;281,635;280,765;280,503;0;-46,7559;2,94063;-10,7478;271,688
264;0,6;6,32088;3,59491;343;380;12,5924;178,385;178,675;292,236;281,635;280,765;280,503;0;-46,7559;2,94063;-10,7478;271,688
265;0,6;6,26304;3,53278;343;380;19,0777;178,53;178,819;292,236;281,635;280,765;280,503;0;-46,7559;2,94063;-10,7478;271,688
266;0,6;6,20379;3,49342;343;380;25,3141;178,53;178,819;291,828;281,45;280,755;280,16;2,34677;-30,6153;2,77328;0;275,344
267;0,6;6,12414;3,48589;343;380;30;178,675;178,819;291,828;281,45;280,755;280,16;2,34677;-30,6153;2,77328;0;275,344
268;0,6;6,06689;3,44501;343;380;30;178,675;178,964;291,828;281,45;280,755;280,16;2,34677;-30,6153;2,77328;0;275,344
269;0,6;5,99769;3,3885;343;380;30;178,675;178,675;291,828;281,45;280,755;280,16;2,34677;-30,6153;2,77328;0;275,344
270;0,6;5,95899;3,35842;343;380;30;178,675;178,819;291,394;281,35;280,541;271,77;2,68012;-29,6771;2,35721;0;275,327
271;0,6;5,89501;3,3279;343;380;30;178,675;178,819;291,394;281,35;280,541;271,77;2,68012;-29,6771;2,35721;0;275,327
272;0,6;5,90255;3,07161;343;380;30;178,675;178,819;291,394;281,35;280,541;271,77;2,68012;-29,6771;2,35721;0;275,327
273;0,6;5,89236;3,04523;343;380;30;178,53;178,819;291,394;281,35;280,541;271,77;2,68012;-29,6771;2,35721;0;275,327
274;0,6;5,92895;3,04523;343;380;30;178,53;178,819;290,993;281,3;279,887;273,105;5,01348;-26,9529;1,96642;0;275,141
275;0,6;5,89498;2,99759;343;380;30;178,53;178,675;290,993;281,3;279,887;273,105;5,01348;-26,9529;1,96642;0;275,141
276;0,6;5,89917;3,01645;343;380;30;178,385;178,675;290,993;281,3;279,887;273,105;5,01348;-26,9529;1,96642;0;275,141
277;0,6;5,82342;2,95964;343;380;30;178,385;178,53;290,993;281,3;279,887;273,105;5,01348;-26,9529;1,96642;0;275,141
278;0,6;5,84213;2,95484;343;380;30;178,241;178,53;290,725;281,367;279,376;274,122;6,54702;-25,0646;1,61157;0;274,958
279;0,6;5,76645;2,91561;343;380;30;178,241;178,385;290,725;281,367;279,376;274,122;6,54702;-25,0646;1,61157;0;274,958
280;0,6;5,72058;2,87124;343;380;30;178,096;178,385;290,725;281,367;279,376;274,122;6,54702;-25,0646;1,61157;0;274,958
281;0,6;5,71958;2,62946;343;380;30;178,096;178,241;290,725;281,367;279,376;274,122;6,54702;-25,0646;1,61157;0;274,958
282;0,6;5,66266;2,58415;343;380;30;178,096;178,241;290,724;281,5;278,843;273,652;8,20843;-23,0726;1,28105;0;274,773
283;0,6;5,67385;2,57739;343;380;30;178,096;178,241;290,724;281,5;278,843;273,652;8,20843;-23,0726;1,28105;0;274,773
284;0,6;5,60498;2,55765;343;380;30;178,096;178,241;290,724;281,5;278,843;273,652;8,20843;-23,0726;1,28105;0;274,773
285;0,6;5,56413;2,53833;343;380;30;178,096;178,096;290,724;281,5;278,843;273,652;8,20843;-23,0726;1,28105;0;274,773
286;0,6;5,5303;2,51837;343;380;30;178,096;178,096;290,966;281,5;278,363;273,435;9,60059;-21,3729;0,973538;0;274,586
287;0,6;5,54132;2,51159;343;380;30;178,096;178,241;290,966;281,5;278,363;273,435;9,60059;-21,3729;0,973538;0;274,586
288;0,6;5,55298;2,5114;343;380;30;177,951;178,241;290,966;281,5;278,363;273,435;9,60059;-21,3729;0,973538;0;274,586
289;0,6;5,52758;2,49155;343;380;30;177,951;178,096;290,966;281,5;278,363;273,435;9,60059;-21,3729;0,973538;0;274,586
290;0,6;5,15346;2,447;343;380;30;177,807;178,096;291,412;281,44;277,905;272,09;10,9165;-19,7691;0,685599;0;274,398
291;0,6;5,10464;2,1981;343;380;30;177,807;178,096;291,412;281,44;277,905;272,09;10,9165;-19,7691;0,685599;0;274,398
292;0,6;5,10344;2,1981;343;380;30;177,807;177,951;291,412;281,44;277,905;272,09;10,9165;-19,7691;0,685599;0;274,398
293;0,6;5,04237;2,16485;343;380;30;177,807;177,951;291,412;281,44;277,905;272,09;10,9165;-19,7691;0,685599;0;274,398
294;0,6;5,07055;2,20147;343;380;30;177,807;177,951;291,978;281,34;277,431;270,238;12,3331;-18,0899;0,423014;0;274,212
295;0,6;5,12425;2,20113;343;380;30;177,807;177,951;291,978;281,34;277,431;270,238;12,3331;-18,0899;0,423014;0;274,212
296;0,6;5,08803;2,15157;343;380;30;177,807;178,096;291,978;281,34;277,431;270,238;12,3331;-18,0899;0,423014;0;274,212
297;0,6;4,99666;2,10652;343;380;30;177,807;178,096;291,978;281,34;277,431;270,238;12,3331;-18,0899;0,423014;0;274,212
298;0,6;4,97034;2,13123;343;380;30;177,662;177,951;292,601;281,312;276,928;271,315;13,9439;-16,245;0,188945;0;274,028
299;0,6;4,8987;2,04663;343;380;30;177,662;177,807;292,601;281,312;276,928;271,315;13,9439;-16,245;0,188945;0;274,028
300;0,6;4,84402;2,01495;343;380;30;177,662;177,807;292,601;281,312;276,928;271,315;13,9439;-16,245;0,188945;0;274,028
301;0,6;4,69153;1,90512;343;380;30;177,373;177,662;292,601;281,312;276,928;271,315;13,9439;-16,245;0,188945;0;274,028
302;0,6;4,72657;1,90512;343;380;30;177,517;177,662;293,363;281,26;276,577;272,893;14,6967;-15,279;-0,024373;0;273,845
303;0,6;4,62264;1,85458;343;380;30;177,373;177,807;293,363;281,26;276,577;272,893;14,6967;-15,279;-0,024373;0;273,845
304;0,6;4,486;1,7413;343;380;30;177,373;177,807;293,363;281,26;276,577;272,893;14,6967;-15,279;-0,024373;0;273,845
305;0,6;4,39191;1,66662;343;380;30;177,373;177,662;293,363;281,26;276,577;272,893;14,6967;-15,279;-0,024373;0;273,845
306;0,6;4,28858;1,59151;343;380;30;177,517;177,662;294,31;280,978;276,232;272,043;15,3938;-14,3763;-0,229872;0;273,659
307;0,6;4,10793;1,45079;343;380;30;177,373;177,662;294,31;280,978;276,232;272,043;15,3938;-14,3763;-0,229872;0;273,659
308;0,6;3,93608;1,3157;343;380;30;177,373;177,662;294,31;280,978;276,232;272,043;15,3938;-14,3763;-0,229872;0;273,659
309;0,6;3,82229;1,20712;343;380;30;177,373;177,662;294,31;280,978;276,232;272,043;15,3938;-14,3763;-0,229872;0;273,659
310;0,6;3,64917;1,07595;343;380;30;177,228;177,517;295,288;280,2;275,814;270,965;16,5374;-13,0429;-0,419646;0;273,473
311;0,6;3,44873;0,92357;343;380;30;177,228;177,373;295,288;280,2;275,814;270,965;16,5374;-13,0429;-0,419646;0;273,473
312;0,6;3,11335;0,671172;343;380;30;177,083;177,373;295,288;280,2;275,814;270,965;16,5374;-13,0429;-0,419646;0;273,473
313;0,6;3,03307;0,601999;343;380;30;177,083;177,228;295,288;280,2;275,814;270,965;16,5374;-13,0429;-0,419646;0;273,473
314;0,6;2,81329;0,446215;343;380;30;176,939;177,228;296,278;279,747;275,372;269,64;17,8584;-11,551;-0,590681;0;273,285
315;0,6;2,56403;0,263395;343;380;30;177,083;177,228;296,278;279,747;275,372;269,64;17,8584;-11,551;-0,590681;0;273,285
316;0,6;2,35224;0,0921486;343;380;30;176,939;177,228;296,278;279,747;275,372;269,64;17,8584;-11,551;-0,590681;0;273,285
317;0,6;2,15377;0;343;380;30;177,083;177,228;296,278;279,747;275,372;269,64;17,8584;-11,551;-0,590681;0;273,285
318;0,6;1,76087;0;343;380;30;176,939;177,228;297,227;279,592;274,976;270,485;18,9356;-10,3224;-0,741992;0;273,099
319;0,6;1,48478;0;343;380;30;176,939;177,083;297,227;279,592;274,976;270,485;18,9356;-10,3224;-0,741992;0;273,099
320;0,6;1,26455;0;343;380;30;176,939;177,083;297,227;279,592;274,976;270,485;18,9356;-10,3224;-0,741992;0;273,099
321;0,6;0,991311;0;343;380;30;176,939;177,083;297,227;279,592;274,976;270,485;18,9356;-10,3224;-0,741992;0;273,099
322;0,6;0,708297;0;343;380;30;176,794;177,083;298,233;279,5;274,579;269,913;20,0407;-9,08282;-0,876467;0;272,913
323;0,6;0,520772;0;343;380;30;176,794;177,083;298,233;279,5;274,579;269,913;20,0407;-9,08282;-0,876467;0;272,913
324;0,6;0,225613;0;343;380;30;176,794;176,939;298,233;279,5;274,579;269,913;20,0407;-9,08282;-0,876467;0;272,913
325;0,6;0;0;343;380;30;176,794;176,939;298,233;279,5;274,579;269,913;20,0407;-9,08282;-0,876467;0;272,913
326;0,6;0;0;343;380;30;176,794;176,939;299,146;279,122;274,168;270,348;21,2393;-7,76895;-0,991773;0;272,728
327;0,6;0;0;343;380;30;176,794;176,939;299,146;279,122;274,168;270,348;21,2393;-7,76895;-0,991773;0;272,728
328;0,6;0;0;343;380;30;176,794;176,939;299,146;279,122;274,168;270,348;21,2393;-7,76895;-0,991773;0;272,728
329;0,6;0;0;343;380;30;176,794;176,939;299,146;279,122;274,168;270,348;21,2393;-7,76895;-0,991773;0;272,728
330;0,6;0;0;343;380;30;176,649;176,939;300,029;278,272;273,789;270,145;22,2524;-6,65783;-1,08982;0;272,545
331;0,6;0;0;343;380;30;176,649;176,794;300,029;278,272;273,789;270,145;22,2524;-6,65783;-1,08982;0;272,545
332;0,6;0;0;343;380;30;176,505;176,794;300,029;278,272;273,789;270,145;22,2524;-6,65783;-1,08982;0;272,545
333;0,6;0;0;343;380;30;176,505;176,649;300,029;278,272;273,789;270,145;22,2524;-6,65783;-1,08982;0;272,545
334;0,6;0;0;343;380;30;176,505;176,649;300,949;277,05;273,423;269,79;23,1951;-5,63016;-1,17475;0;272,359
335;0,6;0;0;343;380;30;176,215;176,649;300,949;277,05;273,423;269,79;23,1951;-5,63016;-1,17475;0;272,359
336;0,6;0;0;343;380;30;176,36;176,649;300,949;277,05;273,423;269,79;23,1951;-5,63016;-1,17475;0;272,359
337;0,6;0;0;343;380;30;176,505;176,649;300,949;277,05;273,423;269,79;23,1951;-5,63016;-1,17475;0;272,359
338;0,6;0;0;343;380;30;176,505;176,649;301,827;275,738;273,085;269,758;24,0168;-4,73675;-1,2464;0;272,172
339;0,6;0;0;343;380;30;176,505;176,649;301,827;275,738;273,085;269,758;24,0168;-4,73675;-1,2464;0;272,172
340;0,6;0;0;343;380;30;176,36;176,649;301,827;275,738;273,085;269,758;24,0168;-4,73675;-1,2464;0;272,172
341;0,6;0;0;343;380;30;176,505;176,649;301,827;275,738;273,085;269,758;24,0168;-4,73675;-1,2464;0;272,172
342;0,6;0;0;343;380;30;176,36;176,649;302,629;275,01;272,814;269,932;24,4566;-4,23477;-1,30866;0;271,985
343;0,6;0;0;343;380;30;176,36;176,505;302,629;275,01;272,814;269,932;24,4566;-4,23477;-1,30866;0;271,985
344;0,6;0;0;343;380;30;176,36;176,505;302,629;275,01;272,814;269,932;24,4566;-4,23477;-1,30866;0;271,985
345;0,6;0;0;343;400;30;176,36;176,505;302,629;275,01;272,814;269,932;24,4566;-4,23477;-1,30866;0;271,985
346;0,6;0;0;343;400;30;178,241;178,096;303,4;274,522;272,542;269,883;24,9035;-3,733;-1,36347;0;271,799
347;0,6;0;0;343;400;30;179,832;179,832;303,4;274,522;272,542;269,883;24,9035;-3,733;-1,36347;0;271,799
348;0,6;0;0;343;400;30;180,845;181,279;303,4;274,522;272,542;269,883;24,9035;-3,733;-1,36347;0;271,799
349;0,6;0;0;343;400;30;181,568;182,002;303,4;274,522;272,542;269,883;24,9035;-3,733;-1,36347;0;271,799
350;0,6;0;0;343;410;30;182,292;182,436;304,195;274,345;272,324;269,462;25,0416;-3,5449;-1,41349;0;271,613
351;0,6;0;0;343;420;30;183,738;183,449;304,195;274,345;272,324;269,462;25,0416;-3,5449;-1,41349;0;271,613
352;0,6;0;0;343;420;30;185,764;186,198;304,195;274,345;272,324;269,462;25,0416;-3,5449;-1,41349;0;271,613
353;0,6;0;0;343;420;30;187,066;187,5;304,195;274,345;272,324;269,462;25,0416;-3,5449;-1,41349;0;271,613
354;0,6;0;0;343;420;30;188,079;188,368;304,83;273,348;272,093;269,25;25,2708;-3,2692;-1,45999;0;271,429
355;0,6;0;0;343;420;30;188,802;189,091;304,83;273,348;272,093;269,25;25,2708;-3,2692;-1,45999;0;271,429
356;0,6;0;0;343;420;30;189,381;189,67;304,83;273,348;272,093;269,25;25,2708;-3,2692;-1,45999;0;271,429
357;0,6;0;0;343;420;30;189,67;189,96;304,83;273,348;272,093;269,25;25,2708;-3,2692;-1,45999;0;271,429
358;0,6;0;0;343;420;30;189,96;190,104;305,353;274,023;271,902;269,863;25,2626;-3,2331;-1,50432;0;271,245
359;0,6;0;0;343;420;30;190,104;190,394;305,353;274,023;271,902;269,863;25,2626;-3,2331;-1,50432;0;271,245
360;0,6;0;0;343;420;30;190,249;190,394;305,353;274,023;271,902;269,863;25,2626;-3,2331;-1,50432;0;271,245
361;0,6;0;0;343;420;30;190,249;190,394;305,353;274,023;271,902;269,863;25,2626;-3,2331;-1,50432;0;271,245
362;0,6;0;0;343;420;30;190,249;190,394;306,05;275,385;271,734;270,163;25,1162;-3,33465;-1,54913;0;271,06
363;0,6;0;0;343;420;30;190,249;190,538;306,05;275,385;271,734;270,163;25,1162;-3,33465;-1,54913;0;271,06
364;0,6;0;0;343;420;30;190,394;190,683;306,05;275,385;271,734;270,163;25,1162;-3,33465;-1,54913;0;271,06
365;0,6;0;0;343;420;30;190,394;190,538;306,05;275,385;271,734;270,163;25,1162;-3,33465;-1,54913;0;271,06
366;0,6;0;0;343;420;30;190,394;190,683;306,714;275,233;271,593;269,605;24,8018;-3,6012;-1,59697;0;270,875
367;0,6;0;0;343;420;30;190,394;190,828;306,714;275,233;271,593;269,605;24,8018;-3,6012;-1,59697;0;270,875
368;0,6;0;0;343;420;30;190,538;190,828;306,714;275,233;271,593;269,605;24,8018;-3,6012;-1,59697;0;270,875
369;0,6;0;0;343;420;30;190,683;190,683;306,714;275,233;271,593;269,605;24,8018;-3,6012;-1,59697;0;270,875
370;0,6;0;0;343;420;30;190,683;190,828;307,291;273,753;271,435;268,87;24,5829;-3,76872;-1,64834;0;270,688
371;0,6;0;0;343;420;30;190,683;190,828;307,291;273,753;271,435;268,87;24,5829;-3,76872;-1,64834;0;270,688
372;0,6;0;0;343;420;30;190,538;190,828;307,291;273,753;271,435;268,87;24,5829;-3,76872;-1,64834;0;270,688
373;0,6;0;0;343;420;30;190,538;190,828;307,291;273,753;271,435;268,87;24,5829;-3,76872;-1,64834;0;270,688
374;0,6;0;0;343;420;30;190,683;190,828;307,796;272,9;271,254;269,455;24,5016;-3,79789;-1,70081;0;270,5
375;0,6;0;0;343;420;30;190,538;190,828;307,796;272,9;271,254;269,455;24,5016;-3,79789;-1,70081;0;270,5
376;0,6;0;0;343;420;30;190,683;190,828;307,796;272,9;271,254;269,455;24,5016;-3,79789;-1,70081;0;270,5
377;0,6;0;0;343;420;30;190,683;190,828;307,796;272,9;271,254;269,455;24,5016;-3,79789;-1,70081;0;270,5
378;0,6;0;0;343;420;30,2822;190,683;190,828;308,199;272,892;271,145;270,1;72,9858;44,4407;-1,45486;0;278,634
379;0,6;0;0;343;420;34,409;190,683;190,828;308,199;272,892;271,145;270,1;72,9858;44,4407;-1,45486;0;278,634
380;0,6;0;0;343;420;43,36;190,828;190,972;308,199;272,892;271,145;270,1;72,9858;44,4407;-1,45486;0;278,634
381;0,6;0;0;343;420;53,28;190,683;190,972;308,199;272,892;271,145;270,1;72,9858;44,4407;-1,45486;0;278,634
382;0,6;0;0;343;420;63,0778;190,683;190,683;309,157;272,733;271,067;269,902;80,4851;51,3077;-0,822659;0;278,999
383;0,6;0;0;343;420;68,9242;190,683;190,828;309,157;272,733;271,067;269,902;80,4851;51,3077;-0,822659;0;278,999
384;0,6;0;0;343;420;70;190,683;190,828;309,157;272,733;271,067;269,902;80,4851;51,3077;-0,822659;0;278,999
385;0,6;0;0;343;420;70;190,538;190,828;309,157;272,733;271,067;269,902;80,4851;51,3077;-0,822659;0;278,999
386;0,6;0;0;343;420;70;190,538;190,828;312,775;272,867;270,988;269,865;79,9443;50,1572;-0,212849;0;278,688
387;0,6;0;0;343;420;70;190,538;190,828;312,775;272,867;270,988;269,865;79,9443;50,1572;-0,212849;0;278,688
388;0,6;0;0;343;420;70;190,538;190,972;312,775;272,867;270,988;269,865;79,9443;50,1572;-0,212849;0;278,688
389;0,6;0;0;343;420;70;190,538;190,828;312,775;272,867;270,988;269,865;79,9443;50,1572;-0,212849;0;278,688
390;0,6;0;0;343;420;70;190,683;190,828;317,718;273,108;270,907;269,795;79,0116;48,632;0,37957;0;278,376
391;0,6;0;0;343;420;70;190,538;190,828;317,718;273,108;270,907;269,795;79,0116;48,632;0,37957;0;278,376
392;0,6;0;0;343;420;70;190,683;190,828;317,718;273,108;270,907;269,795;79,0116;48,632;0,37957;0;278,376
393;0,6;0;0;343;420;70;190,538;190,683;317,718;273,108;270,907;269,795;79,0116;48,632;0,37957;0;278,376
394;0,6;0;0;343;420;70;190,538;190,683;322,674;273,51;270,805;269,115;78,173;47,2123;0,960725;0;278,061
395;0,6;0;0;343;420;70;190,394;190,683;322,674;273,51;270,805;269,115;78,173;47,2123;0,960725;0;278,061
396;0,6;0;0;343;420;70;190,394;190,683;322,674;273,51;270,805;269,115;78,173;47,2123;0,960725;0;278,061
397;0,6;0;0;343;420;70;190,394;190,683;322,674;273,51;270,805;269,115;78,173;47,2123;0,960725;0;278,061
398;0,6;0;0;343;420;70;190,394;190,683;327,689;273,555;270,647;267,763;77,6915;46,1599;1,53165;0;277,743
399;0,6;0;0;343;420;70;190,394;190,683;327,689;273,555;270,647;267,763;77,6915;46,1599;1,53165;0;277,743
400;0,6;0;0;343;420;70;190,394;190,683;327,689;273,555;270,647;267,763;77,6915;46,1599;1,53165;0;277,743
401;0,6;0;0;343;420;70;190,538;190,683;327,689;273,555;270,647;267,763;77,6915;46,1599;1,53165;0;277,743
402;0,6;0;0;343;420;70;190,394;190,683;332,19;273,31;270,48;267,715;77,2676;45,1804;2,08714;0;277,427
403;0,6;0;0;343;420;70;190,249;190,538;332,19;273,31;270,48;267,715;77,2676;45,1804;2,08714;0;277,427
404;0,6;0;0;343;420;70;190,249;190,538;332,19;273,31;270,48;267,715;77,2676;45,1804;2,08714;0;277,427
405;0,6;0;0;343;420;70;190,104;190,538;332,19;273,31;270,48;267,715;77,2676;45,1804;2,08714;0;277,427
406;0,6;0;0;343;420;70;190,249;190,394;336,18;272,745;270,328;268,585;76,7525;44,1298;2,62269;0;277,115
407;0,6;0;0;343;420;70;190,104;190,394;336,18;272,745;270,328;268,585;76,7525;44,1298;2,62269;0;277,115
408;0,6;0,290508;0;343;420;70;190,104;190,249;336,18;272,745;270,328;268,585;76,7525;44,1298;2,62269;0;277,115
409;0,6;0,395073;0;343;420;70;190,249;190,394;336,18;272,745;270,328;268,585;76,7525;44,1298;2,62269;0;277,115
410;0,6;0,821736;0;343;420;70;190,249;190,394;339,294;273,545;270,279;269,44;75,5142;42,3651;3,14913;0;276,799
411;0,6;1,18106;0;343;420;70;190,249;190,538;339,294;273,545;270,279;269,44;75,5142;42,3651;3,14913;0;276,799
412;0,6;1,26171;0;343;420;70;190,249;190,538;339,294;273,545;270,279;269,44;75,5142;42,3651;3,14913;0;276,799
413;0,6;1,67808;0;343;420;70;190,394;190,683;339,294;273,545;270,279;269,44;75,5142;42,3651;3,14913;0;276,799
414;0,6;1,8037;0;343;390;70;190,394;190,683;341,118;274,168;270,15;267,93;74,7734;41,1123;3,66103;0;276,48
415;0,6;2,14027;0;343;390;70;189,96;189,96;341,118;274,168;270,15;267,93;74,7734;41,1123;3,66103;0;276,48
416;0,6;2,51534;0;343;380;70;187,5;188,079;341,118;274,168;270,15;267,93;74,7734;41,1123;3,66103;0;276,48
417;0,6;2,63841;0;343;380;70;185,619;186,198;341,118;274,168;270,15;267,93;74,7734;41,1123;3,66103;0;276,48
418;0,6;3,09845;0;343;380;70;184,028;184,028;342,718;274,288;270,057;269,277;73,7991;39,6461;4,153;0;276,164
419;0,6;3,13899;0;343;380;70;182,436;182,581;342,718;274,288;270,057;269,277;73,7991;39,6461;4,153;0;276,164
420;0,6;3,54589;0;343;380;70;181,568;181,568;342,718;274,288;270,057;269,277;73,7991;39,6461;4,153;0;276,164
421;0,6;3,65049;0,0927711;343;380;70;180,556;180,845;342,718;274,288;270,057;269,277;73,7991;39,6461;4,153;0;276,164
422;0,6;4,06111;0,171495;343;380;70;180,122;180,411;344,588;273,225;270,016;269,497;72,4662;37,8463;4,61982;0;275,851
423;0,6;4,4823;0,250868;343;380;70;179,832;180,122;344,588;273,225;270,016;269,497;72,4662;37,8463;4,61982;0;275,851
424;0,6;4,53277;0,303493;343;380;70;179,543;179,688;344,588;273,225;270,016;269,497;72,4662;37,8463;4,61982;0;275,851
425;0,6;4,91032;0,598505;343;380;70;179,398;179,543;344,588;273,225;270,016;269,497;72,4662;37,8463;4,61982;0;275,851
426;0,6;5,06159;0,688721;343;380;70;178,964;179,398;346,506;272,053;269,97;268,323;71,1504;36,0879;5,06251;0;275,539
427;0,6;5,39318;0,715007;343;380;70;178,964;179,253;346,506;272,053;269,97;268,323;71,1504;36,0879;5,06251;0;275,539
428;0,6;5,46823;0,780847;343;380;70;178,819;179,109;346,506;272,053;269,97;268,323;71,1504;36,0879;5,06251;0;275,539
429;0,6;5,84432;1,04863;343;380;70;178,819;179,109;346,506;272,053;269,97;268,323;71,1504;36,0879;5,06251;0;275,539
430;0,6;6,28445;1,14354;343;380;70;178,819;179,109;348;272,115;269,851;267,648;70,2688;34,7717;5,49716;0;275,22
431;0,6;6,32687;1,2024;343;380;70;178,819;179,109;348;272,115;269,851;267,648;70,2688;34,7717;5,49716;0;275,22
432;0,6;6,73077;1,26532;343;380;70;178,964;179,253;348;272,115;269,851;267,648;70,2688;34,7717;5,49716;0;275,22
433;0,6;6,8662;1,58331;343;380;70;178,964;179,109;348;272,115;269,851;267,648;70,2688;34,7717;5,49716;0;275,22
434;0,6;7,21997;1,63151;343;380;70;178,964;179,109;348,736;273,06;269,773;268,738;69,1145;33,2034;5,91108;0;274,904
435;0,6;7,25888;1,69073;343;380;70;178,964;179,109;348,736;273,06;269,773;268,738;69,1145;33,2034;5,91108;0;274,904
436;0,6;7,65936;1,74583;343;380;70;178,964;179,109;348,736;273,06;269,773;268,738;69,1145;33,2034;5,91108;0;274,904
437;0,6;7,75991;1,78396;343;380;70;178,819;179,109;348,736;273,06;269,773;268,738;69,1145;33,2034;5,91108;0;274,904
438;0,6;8,16425;2,09051;343;380;70;178,964;179,109;349,971;272,503;269,752;269,21;67,5792;31,2796;6,29957;0;274,591
439;0,6;8,26743;2,16191;343;380;70;179,109;179,253;349,971;272,503;269,752;269,21;67,5792;31,2796;6,29957;0;274,591
440;0,6;8,58953;2,20111;343;380;70;179,109;179,398;349,971;272,503;269,752;269,21;67,5792;31,2796;6,29957;0;274,591
441;0,6;8,67153;2,25357;343;380;70;179,253;179,398;349,971;272,503;269,752;269,21;67,5792;31,2796;6,29957;0;274,591
442;0,6;9,13098;2,31916;343;380;70;179,398;179,543;350,643;271,84;269,75;269,608;65,8878;29,2238;6,66402;0;274,278
443;0,6;9,23839;2,37181;343;380;70;179,398;179,543;350,643;271,84;269,75;269,608;65,8878;29,2238;6,66402;0;274,278
444;0,6;9,64148;2,70523;343;380;70;179,398;179,543;350,643;271,84;269,75;269,608;65,8878;29,2238;6,66402;0;274,278
445;0,6;9,73305;2,74458;343;380;70;179,398;179,688;350,643;271,84;269,75;269,608;65,8878;29,2238;6,66402;0;274,278
446;0,6;9,81475;2,84427;343;380;70;179,398;179,543;350,859;271,955;269,77;269,73;64,0103;27,0043;7,00599;0;273,962
447;0,6;10,0956;2,8309;343;380;70;179,398;179,398;350,859;271,955;269,77;269,73;64,0103;27,0043;7,00599;0;273,962
448;0,6;10,1647;2,87464;343;380;70;179,398;179,543;350,859;271,955;269,77;269,73;64,0103;27,0043;7,00599;0;273,962
449;0,6;10,5827;2,9678;343;380;70;179,543;179,688;350,859;271,955;269,77;269,73;64,0103;27,0043;7,00599;0;273,962
450;0,6;10,5955;2,99588;343;380;70;179,543;179,688;351,007;272,423;269,77;269,27;62,2551;24,9367;7,31844;0;273,649
451;0,6;10,6237;3,26183;343;380;70;179,543;179,688;351,007;272,423;269,77;269,27;62,2551;24,9367;7,31844;0;273,649
452;0,6;11,162;3,41053;343;380;70;179,543;179,688;351,007;272,423;269,77;269,27;62,2551;24,9367;7,31844;0;273,649
453;0,6;11,206;3,41531;343;380;70;179,688;179,832;351,007;272,423;269,77;269,27;62,2551;24,9367;7,31844;0;273,649
454;0,6;11,154;3,43795;343;380;70;179,688;179,977;351,353;271,992;269,753;269,66;60,5533;22,9402;7,61311;0;273,329
455;0,6;11,5337;3,4851;343;380;70;179,832;179,977;351,353;271,992;269,753;269,66;60,5533;22,9402;7,61311;0;273,329
456;0,6;11,6368;3,57341;343;380;70;179,832;179,977;351,353;271,992;269,753;269,66;60,5533;22,9402;7,61311;0;273,329
457;0,6;11,7296;3,63232;343;380;70;179,688;179,832;351,353;271,992;269,753;269,66;60,5533;22,9402;7,61311;0;273,329
458;0,6;12,2136;3,70144;343;380;70;179,688;179,832;351,522;271,275;269,759;269,872;58,7094;20,8322;7,87713;0;273,016
459;0,6;12,2857;3,97371;343;380;70;179,688;179,688;351,522;271,275;269,759;269,872;58,7094;20,8322;7,87713;0;273,016
460;0,6;12,33;4,0288;343;380;70;179,688;179,977;351,522;271,275;269,759;269,872;58,7094;20,8322;7,87713;0;273,016
461;0,6;12,3725;4,02364;343;380;70;179,688;179,977;351,522;271,275;269,759;269,872;58,7094;20,8322;7,87713;0;273,016
462;0,6;12,7265;4,09452;343;380;70;179,832;179,977;351,168;272,078;269,783;269,783;56,7251;18,6091;8,11477;0;272,702
463;0,6;12,7879;4,13124;343;380;70;179,832;179,977;351,168;272,078;269,783;269,783;56,7251;18,6091;8,11477;0;272,702
464;0,6;12,9623;4,18513;343;380;70;179,832;179,977;351,168;272,078;269,783;269,783;56,7251;18,6091;8,11477;0;272,702
465;0,6;13,0232;4,24961;343;380;70;179,832;179,977;351,168;272,078;269,783;269,783;56,7251;18,6091;8,11477;0;272,702
466;0,6;13,2979;4,27624;343;380;70;179,832;179,977;350,244;272,605;269,805;269,9;54,6927;16,3642;8,32845;0;272,385
467;0,6;13,4218;4,32887;343;380;70;179,832;179,977;350,244;272,605;269,805;269,9;54,6927;16,3642;8,32845;0;272,385
468;0,6;13,4521;4,36832;343;380;70;179,832;179,832;350,244;272,605;269,805;269,9;54,6927;16,3642;8,32845;0;272,385
469;0,6;13,4429;4,63736;343;380;70;179,832;179,832;350,244;272,605;269,805;269,9;54,6927;16,3642;8,32845;0;272,385
470;0,6;13,5121;4,67719;343;380;70;179,688;179,977;349,3;272,69;269,819;269,862;52,7271;14,2148;8,51225;0;272,072
471;0,6;13,5354;4,71679;343;380;70;179,688;179,977;349,3;272,69;269,819;269,862;52,7271;14,2148;8,51225;0;272,072
472;0,6;13,9052;4,76559;343;380;70;179,688;179,977;349,3;272,69;269,819;269,862;52,7271;14,2148;8,51225;0;272,072
473;0,6;13,9119;4,79515;343;380;70;179,688;179,832;349,3;272,69;269,819;269,862;52,7271;14,2148;8,51225;0;272,072
474;0,6;13,9021;4,83421;343;380;70;179,688;179,832;349,006;273,64;269,858;270,24;50,5667;11,897;8,66963;0;271,76
475;0,6;14,0785;4,91443;343;380;70;179,543;179,832;349,006;273,64;269,858;270,24;50,5667;11,897;8,66963;0;271,76
476;0,6;14,1544;4,88633;343;380;70;179,543;179,688;349,006;273,64;269,858;270,24;50,5667;11,897;8,66963;0;271,76
477;0,6;14,1472;4,95156;343;380;70;179,543;179,688;349,006;273,64;269,858;270,24;50,5667;11,897;8,66963;0;271,76
478;0,6;14,2383;5,0304;343;380;70;179,543;179,543;347,676;274,453;269,938;270,375;48,0742;9,27516;8,79905;0;271,442
479;0,6;14,2982;5,05752;343;380;70;179,398;179,543;347,676;274,453;269,938;270,375;48,0742;9,27516;8,79905;0;271,442
480;0,6;14,308;5,11061;343;380;70;179,398;179,398;347,676;274,453;269,938;270,375;48,0742;9,27516;8,79905;0;271,442
481;0,6;14,4013;5,13692;343;380;70;179,253;179,398;347,676;274,453;269,938;270,375;48,0742;9,27516;8,79905;0;271,442
482;0,6;14,4714;5,41696;343;380;70;179,253;179,398;346,183;275,295;270,044;270,615;45,3666;6,47092;8,8957;0;271,124
483;0,6;14,7287;5,40235;343;380;70;179,109;179,398;346,183;275,295;270,044;270,615;45,3666;6,47092;8,8957;0;271,124
484;0,6;14,7976;5,46985;343;380;70;179,253;179,398;346,183;275,295;270,044;270,615;45,3666;6,47092;8,8957;0;271,124
485;0,6;14,7715;5,45467;343;380;70;179,253;179,253;346,183;275,295;270,044;270,615;45,3666;6,47092;8,8957;0;271,124
486;0,6;14,8492;5,48416;343;380;70;179,109;179,253;344,504;275,458;270,17;271,16;42,5465;3,59079;8,95568;0;270,814
487;0,6;14,9339;5,54411;343;380;70;178,964;179,109;344,504;275,458;270,17;271,16;42,5465;3,59079;8,95568;0;270,814
488;0,6;15,0565;5,59857;343;380;70;178,819;178,819;344,504;275,458;270,17;271,16;42,5465;3,59079;8,95568;0;270,814
489;0,6;15,1654;5,65764;343;380;70;178,53;178,819;344,504;275,458;270,17;271,16;42,5465;3,59079;8,95568;0;270,814
490;0,6;15,1287;5,65308;343;380;70;178,385;178,53;342,704;274,978;270,279;271,492;39,8219;0,837797;8,98238;0;270,495
491;0,6;15,209;5,70778;343;380;70;178,241;178,385;342,704;274,978;270,279;271,492;39,8219;0,837797;8,98238;0;270,495
492;0,6;15,226;5,7495;343;380;70;178,241;178,241;342,704;274,978;270,279;271,492;39,8219;0,837797;8,98238;0;270,495
493;0,6;15,3029;5,80506;343;380;70;178,096;178,241;342,704;274,978;270,279;271,492;39,8219;0,837797;8,98238;0;270,495
494;0,6;15,2521;5,82059;343;380;70;178,096;178,096;341,242;275,075;270,367;271,3;38,3347;-0,648462;8,98316;0;270,185
495;0,6;15,1312;5,80271;343;380;70;177,951;177,951;341,242;275,075;270,367;271,3;38,3347;-0,648462;8,98316;0;270,185
496;0,6;14,9435;5,85027;343;380;70;177,807;177,951;341,242;275,075;270,367;271,3;38,3347;-0,648462;8,98316;0;270,185
497;0,6;15,0448;6,10135;343;380;70;177,662;177,951;341,242;275,075;270,367;271,3;38,3347;-0,648462;8,98316;0;270,185
498;0,6;15,0484;6,14408;343;380;70;177,662;177,662;339,731;274,133;270,46;271,35;34,4779;-2,35122;8,96363;-2,13453;270,001
499;0,6;15,0519;6,15177;343;380;70;177,517;177,662;339,731;274,133;270,46;271,35;34,4779;-2,35122;8,96363;-2,13453;270,001
500;0,6;15,0209;6,13703;343;380;70;177,517;177,517;339,731;274,133;270,46;271,35;34,4779;-2,35122;8,96363;-2,13453;270,001
501;0,6;15,0862;6,21374;343;380;70;177,228;177,517;339,731;274,133;270,46;271,35;34,4779;-2,35122;8,96363;-2,13453;270,001
502;0,6;15,1722;6,29641;343;380;70;177,228;177,373;338,396;275,49;270,577;271,445;29,9926;-3,13803;8,92997;-5,79938;270
503;0,6;15,2034;6,29641;343;380;70;177,228;177,373;338,396;275,49;270,577;271,445;29,9926;-3,13803;8,92997;-5,79938;270
504;0,6;15,2659;6,26648;343;380;70;177,228;177,373;338,396;275,49;270,577;271,445;29,9926;-3,13803;8,92997;-5,79938;270
505;0,6;15,1938;6,25833;343;380;70;177,228;177,373;338,396;275,49;270,577;271,445;29,9926;-3,13803;8,92997;-5,79938;270
506;0,6;15,259;6,31065;343;380;70;177,228;177,517;336,915;274,49;270,699;271,755;27,2;-3,95128;8,88688;-7,73744;270
507;0,6;15,2753;6,31104;343;380;70;177,228;177,373;336,915;274,49;270,699;271,755;27,2;-3,95128;8,88688;-7,73744;270
508;0,6;14,9458;6,33683;343;380;70;177,228;177,373;336,915;274,49;270,699;271,755;27,2;-3,95128;8,88688;-7,73744;270
509;0,6;15,0065;6,31969;343;380;70;177,083;177,373;336,915;274,49;270,699;271,755;27,2;-3,95128;8,88688;-7,73744;270
510;0,6;15,1547;6,42004;343;380;70;177,083;177,228;335,279;274,845;270,826;271,773;25,3329;-4,79093;8,83417;-8,71032;270
511;0,6;15,1728;6,43266;343;380;70;176,939;177,083;335,279;274,845;270,826;271,773;25,3329;-4,79093;8,83417;-8,71032;270
512;0,6;15,096;6,37622;343;380;70;176,939;177,083;335,279;274,845;270,826;271,773;25,3329;-4,79093;8,83417;-8,71032;270
513;0,6;15,1763;6,38922;343;380;70;176,939;177,083;335,279;274,845;270,826;271,773;25,3329;-4,79093;8,83417;-8,71032;270
514;0,6;15,1132;6,42456;343;380;70;177,083;177,083;333,386;273,965;270,928;271,575;25,231;-5,45624;8,77271;-8,08551;270
515;0,6;14,8958;6,4938;343;380;70;176,939;177,228;333,386;273,965;270,928;271,575;25,231;-5,45624;8,77271;-8,08551;270
516;0,6;15,0112;6,52943;343;380;70;177,083;177,228;333,386;273,965;270,928;271,575;25,231;-5,45624;8,77271;-8,08551;270
517;0,6;14,9752;6,51493;343;380;70;177,083;177,373;333,386;273,965;270,928;271,575;25,231;-5,45624;8,77271;-8,08551;270
518;0,6;14,9781;6,51537;343;380;70;177,083;177,373;331,441;273,41;271,049;272,233;23,7569;-6,24845;8,70192;-8,69658;270
519;0,6;14,9718;6,6005;343;380;70;177,083;177,373;331,441;273,41;271,049;272,233;23,7569;-6,24845;8,70192;-8,69658;270
520;0,6;14,892;6,60523;343;380;70;177,083;177,228;331,441;273,41;271,049;272,233;23,7569;-6,24845;8,70192;-8,69658;270
521;0,6;14,628;6,65251;343;380;70;177,083;177,373;331,441;273,41;271,049;272,233;23,7569;-6,24845;8,70192;-8,69658;270
522;0,6;14,6859;6,6464;343;380;70;177,083;177,373;329,321;273,63;271,167;272,078;22,9399;-7,02933;8,62075;-8,65151;270
523;0,6;14,8424;6,64305;343;380;70;177,083;177,373;329,321;273,63;271,167;272,078;22,9399;-7,02933;8,62075;-8,65151;270
524;0,6;14,7616;6,70475;343;380;70;177,228;177,373;329,321;273,63;271,167;272,078;22,9399;-7,02933;8,62075;-8,65151;270
525;0,6;14,7062;6,44897;343;380;70;177,373;177,373;329,321;273,63;271,167;272,078;22,9399;-7,02933;8,62075;-8,65151;270
526;0,6;14,3914;6,49745;343;380;70;177,373;177,517;327,309;275,342;271,289;272,86;21,6009;-7,83734;8,53036;-9,09208;270
527;0,6;14,382;6,43583;343;380;70;177,373;177,517;327,309;275,342;271,289;272,86;21,6009;-7,83734;8,53036;-9,09208;270
528;0,6;14,5039;6,43197;343;380;70;177,517;177,662;327,309;275,342;271,289;272,86;21,6009;-7,83734;8,53036;-9,09208;270
529;0,6;14,5836;6,45806;343;380;70;177,517;177,662;327,309;275,342;271,289;272,86;21,6009;-7,83734;8,53036;-9,09208;270
530;0,6;14,2414;6,50123;343;380;70;177,517;177,662;325,282;275,233;271,479;273,285;17,3452;-9,08383;8,42902;-11,9999;270
531;0,6;14,2708;6,51882;343;380;70;177,373;177,662;325,282;275,233;271,479;273,285;17,3452;-9,08383;8,42902;-11,9999;270
532;0,6;14,1727;6,49426;343;380;70;177,373;177,517;325,282;275,233;271,479;273,285;17,3452;-9,08383;8,42902;-11,9999;270
533;0,6;14,2535;6,52475;343;380;70;177,373;177,662;325,282;275,233;271,479;273,285;17,3452;-9,08383;8,42902;-11,9999;270
534;0,6;14,2243;6,5413;343;380;70;177,373;177,662;323,179;274,86;271,605;272,955;17,968;-9,92558;8,31298;-10,4194;270
535;0,6;14,028;6,5853;343;380;70;177,517;177,662;323,179;274,86;271,605;272,955;17,968;-9,92558;8,31298;-10,4194;270
536;0,6;14,0626;6,59405;343;380;70;177,662;177,807;323,179;274,86;271,605;272,955;17,968;-9,92558;8,31298;-10,4194;270
537;0,6;14,0716;6,54047;343;380;70;177,662;177,807;323,179;274,86;271,605;272,955;17,968;-9,92558;8,31298;-10,4194;270
538;0,6;14,1036;6,50974;343;380;70;177,807;177,807;321,28;274,295;271,722;272,425;17,948;-10,7032;8,1862;-9,53498;270
539;0,6;13,733;6,55357;343;380;70;177,807;177,951;321,28;274,295;271,722;272,425;17,948;-10,7032;8,1862;-9,53498;270
540;0,6;13,7909;6,63687;343;380;70;177,807;177,951;321,28;274,295;271,722;272,425;17,948;-10,7032;8,1862;-9,53498;270
541;0,6;13,6853;6,59803;343;380;70;177,807;177,807;321,28;274,295;271,722;272,425;17,948;-10,7032;8,1862;-9,53498;270
542;0,6;13,7051;6,61897;343;380;70;177,807;177,951;319,626;274,835;271,853;273,323;16,6383;-11,5684;8,05211;-9,84542;270
543;0,6;13,7321;6,67673;343;380;70;177,807;177,951;319,626;274,835;271,853;273,323;16,6383;-11,5684;8,05211;-9,84542;270
544;0,6;13,3776;6,60351;343;380;70;177,807;177,951;319,626;274,835;271,853;273,323;16,6383;-11,5684;8,05211;-9,84542;270
545;0,6;13,4239;6,404;343;380;70;177,951;178,096;319,626;274,835;271,853;273,323;16,6383;-11,5684;8,05211;-9,84542;270
546;0,6;13,463;6,39092;343;380;70;177,951;177,951;318,354;274,553;272,051;273,835;12,3782;-12,8588;7,90673;-12,6698;270
547;0,6;13,6048;6,49127;343;380;70;177,951;178,096;318,354;274,553;272,051;273,835;12,3782;-12,8588;7,90673;-12,6698;270
548;0,6;13,5981;6,48285;343;380;70;177,951;178,241;318,354;274,553;272,051;273,835;12,3782;-12,8588;7,90673;-12,6698;270
549;0,6;13,2258;6,50323;343;380;70;178,096;178,241;318,354;274,553;272,051;273,835;12,3782;-12,8588;7,90673;-12,6698;270
550;0,6;13,2595;6,52669;343;380;70;178,096;178,241;316,815;273,318;272,22;273,42;11,2636;-13,9779;7,74231;-12,5008;270
551;0,6;13,3313;6,52241;343;380;70;178,096;178,241;316,815;273,318;272,22;273,42;11,2636;-13,9779;7,74231;-12,5008;270
552;0,6;13,4213;6,54879;343;380;70;178,096;178,241;316,815;273,318;272,22;273,42;11,2636;-13,9779;7,74231;-12,5008;270
553;0,6;13,0573;6,54762;343;380;70;178,096;178,241;316,815;273,318;272,22;273,42;11,2636;-13,9779;7,74231;-12,5008;270
554;0,6;12,975;6,50003;343;380;70;178,096;178,241;315,005;273,948;272,351;273,29;11,7432;-14,8548;7,56576;-10,9678;270
555;0,6;12,967;6,53072;343;380;70;178,096;178,241;315,005;273,948;272,351;273,29;11,7432;-14,8548;7,56576;-10,9678;270
556;0,6;12,9842;6,57958;343;380;70;178,241;178,241;315,005;273,948;272,351;273,29;11,7432;-14,8548;7,56576;-10,9678;270
557;0,6;12,9716;6,597;343;380;70;178,241;178,385;315,005;273,948;272,351;273,29;11,7432;-14,8548;7,56576;-10,9678;270
558;0,6;12,7452;6,58334;343;380;70;178,385;178,53;313,424;274,895;272,45;273,243;12,8808;-15,5037;7,38489;-9,0003;270
559;0,6;12,7879;6,91357;343;380;70;178,385;178,53;313,424;274,895;272,45;273,243;12,8808;-15,5037;7,38489;-9,0003;270
560;0,6;12,7797;6,92633;343;380;70;178,385;178,53;313,424;274,895;272,45;273,243;12,8808;-15,5037;7,38489;-9,0003;270
561;0,6;12,8984;6,93442;343;380;70;178,385;178,53;313,424;274,895;272,45;273,243;12,8808;-15,5037;7,38489;-9,0003;270
562;0,6;12,8592;6,9079;343;380;70;178,53;178,53;311,888;275,092;272,525;273,388;14,0969;-16,0011;7,19311;-7,09507;270
563;0,6;12,678;6,97419;343;380;70;178,385;178,53;311,888;275,092;272,525;273,388;14,0969;-16,0011;7,19311;-7,09507;270
564;0,6;12,6432;6,91007;343;380;70;178,385;178,385;311,888;275,092;272,525;273,388;14,0969;-16,0011;7,19311;-7,09507;270
565;0,6;12,5914;6,87504;343;380;70;178,385;178,53;311,888;275,092;272,525;273,388;14,0969;-16,0011;7,19311;-7,09507;270
566;0,6;12,5484;6,86199;343;380;70;178,385;178,53;310,563;275,883;272,59;273,233;14,7494;-16,4275;6,99484;-5,81768;270
567;0,6;12,6864;6,94602;343;380;70;178,385;178,53;310,563;275,883;272,59;273,233;14,7494;-16,4275;6,99484;-5,81768;270
568;0,6;12,539;7,15411;343;380;70;178,53;178,53;310,563;275,883;272,59;273,233;14,7494;-16,4275;6,99484;-5,81768;270
569;0,6;12,4176;7,23062;343;380;70;178,53;178,675;310,563;275,883;272,59;273,233;14,7494;-16,4275;6,99484;-5,81768;270
570;0,6;12,3901;7,24547;343;380;70;178,53;178,675;309,386;276,488;272,655;273,488;14,5866;-16,8584;6,7943;-5,34927;270
571;0,6;12,3677;7,28491;343;380;70;178,53;178,675;309,386;276,488;272,655;273,488;14,5866;-16,8584;6,7943;-5,34927;270
572;0,6;12,3424;7,26547;343;380;70;178,53;178,675;309,386;276,488;272,655;273,488;14,5866;-16,8584;6,7943;-5,34927;270
573;0,6;12,3343;7,43561;343;380;70;178,53;178,675;309,386;276,488;272,655;273,488;14,5866;-16,8584;6,7943;-5,34927;270
574;0,6;12,0499;7,46752;343;380;70;178,53;178,53;308,448;275,56;272,733;273,52;13,5857;-17,3698;6,58817;-5,63327;270
575;0,6;12,0306;7,47921;343;380;70;178,53;178,53;308,448;275,56;272,733;273,52;13,5857;-17,3698;6,58817;-5,63327;270
576;0,6;12,0754;7,75094;343;380;70;178,53;178,53;308,448;275,56;272,733;273,52;13,5857;-17,3698;6,58817;-5,63327;270
577;0,6;12,1354;7,79816;343;380;70;178,53;178,675;308,448;275,56;272,733;273,52;13,5857;-17,3698;6,58817;-5,63327;270
578;0,6;12,1971;7,82456;343;380;70;178,675;178,675;307,681;275,233;272,839;273,962;11,2839;-18,0671;6,37164;-7,02065;270
579;0,6;12,2408;8,01249;343;380;70;178,675;178,675;307,681;275,233;272,839;273,962;11,2839;-18,0671;6,37164;-7,02065;270
580;0,6;11,9596;8,04998;343;380;70;178,675;178,819;307,681;275,233;272,839;273,962;11,2839;-18,0671;6,37164;-7,02065;270
581;0,6;11,897;8,02827;343;380;70;178,819;178,819;307,681;275,233;272,839;273,962;11,2839;-18,0671;6,37164;-7,02065;270
582;0,6;11,8616;8,24703;343;380;70;178,675;178,819;307,069;275,235;272,971;273,418;8,69913;-18,9456;6,14524;-8,50054;270
583;0,6;11,8098;8,23016;343;380;70;178,53;178,675;307,069;275,235;272,971;273,418;8,69913;-18,9456;6,14524;-8,50054;270
584;0,6;11,8866;8,31413;343;380;70;178,53;178,675;307,069;275,235;272,971;273,418;8,69913;-18,9456;6,14524;-8,50054;270
585;0,6;11,8366;8,55722;343;380;70;178,53;178,675;307,069;275,235;272,971;273,418;8,69913;-18,9456;6,14524;-8,50054;270
586;0,6;11,8889;8,59668;343;380;70;178,53;178,675;306,239;274,61;273,002;272,605;11,8457;-19,1514;5,91359;-4,91652;270
587;0,6;11,5783;8,83981;343;380;70;178,53;178,53;306,239;274,61;273,002;272,605;11,8457;-19,1514;5,91359;-4,91652;270
588;0,6;11,6255;8,87346;343;380;70;178,53;178,675;306,239;274,61;273,002;272,605;11,8457;-19,1514;5,91359;-4,91652;270
589;0,6;11,6911;9,03202;343;380;70;178,53;178,53;306,239;274,61;273,002;272,605;11,8457;-19,1514;5,91359;-4,91652;270
590;0,6;11,6673;9,05645;343;380;70;178,675;178,675;305,24;273,823;273,016;272,598;13,6619;-19,247;5,68308;-2,77414;270
591;0,6;11,6563;9,05458;343;380;70;178,675;178,675;305,24;273,823;273,016;272,598;13,6619;-19,247;5,68308;-2,77414;270
592;0,6;11,767;9,33646;343;380;70;178,675;178,675;305,24;273,823;273,016;272,598;13,6619;-19,247;5,68308;-2,77414;270
593;0,6;11,7085;9,33718;343;380;70;178,53;178,675;305,24;273,823;273,016;272,598;13,6619;-19,247;5,68308;-2,77414;270
594;0,6;11,6225;9,33759;343;380;70;178,53;178,53;304,331;273,21;273,049;273,413;13,294;-19,4594;5,45096;-2,69755;270
595;0,6;11,6097;9,58784;343;380;70;178,385;178,53;304,331;273,21;273,049;273,413;13,294;-19,4594;5,45096;-2,69755;270
596;0,6;11,5611;9,6056;343;380;70;178,53;178,53;304,331;273,21;273,049;273,413;13,294;-19,4594;5,45096;-2,69755;270
597;0,6;11,5649;9,82284;343;380;70;178,385;178,53;304,331;273,21;273,049;273,413;13,294;-19,4594;5,45096;-2,69755;270
598;0,6;11,5481;9,87414;343;380;70;178,53;178,53;303,723;273,535;273,096;273,21;12,3077;-19,7697;5,21199;-3,13465;270
599;0,6;11,5993;9,8484;343;380;70;178,385;178,53;303,723;273,535;273,096;273,21;12,3077;-19,7697;5,21199;-3,13465;270
600;0,6;11,6602;10,0367;343;380;70;178,385;178,675;303,723;273,535;273,096;273,21;12,3077;-19,7697;5,21199;-3,13465;270
601;0,6;11,5246;10,0236;343;380;70;178,53;178,675;303,723;273,535;273,096;273,21;12,3077;-19,7697;5,21199;-3,13465;270
602;0,6;11,6536;10,2638;343;380;70;178,53;178,53;303,308;274,177;273,138;272,89;11,7874;-20,0509;4,96834;-3,13002;270
603;0,6;11,6298;10,2638;343;380;70;178,385;178,53;303,308;274,177;273,138;272,89;11,7874;-20,0509;4,96834;-3,13002;270
604;0,6;11,6262;10,2522;343;380;70;178,385;178,53;303,308;274,177;273,138;272,89;11,7874;-20,0509;4,96834;-3,13002;270
605;0,6;11,7213;10,6306;343;380;70;178,385;178,53;303,308;274,177;273,138;272,89;11,7874;-20,0509;4,96834;-3,13002;270
606;0,6;11,6709;10,6034;343;380;70;178,385;178,53;302,72;273,247;273,177;273,575;11,3894;-20,3084;4,72224;-3,02441;270
607;0,6;11,6428;10,5905;343;380;70;178,385;178,53;302,72;273,247;273,177;273,575;11,3894;-20,3084;4,72224;-3,02441;270
608;0,6;11,6608;10,879;343;380;70;178,385;178,53;302,72;273,247;273,177;273,575;11,3894;-20,3084;4,72224;-3,02441;270
609;0,6;11,76;10,9188;343;380;70;178,385;178,53;302,72;273,247;273,177;273,575;11,3894;-20,3084;4,72224;-3,02441;270
610;0,6;11,6673;10,8069;343;380;70;178,53;178,675;302,104;273,303;273,215;272,6;11,0258;-20,5569;4,47697;-2,8942;270
611;0,6;11,6435;11,0517;343;380;70;178,53;178,53;302,104;273,303;273,215;272,6;11,0258;-20,5569;4,47697;-2,8942;270
612;0,6;11,6499;11,008;343;380;70;178,53;178,53;302,104;273,303;273,215;272,6;11,0258;-20,5569;4,47697;-2,8942;270
613;0,6;11,7274;10,9349;343;380;70;178,675;178,53;302,104;273,303;273,215;272,6;11,0258;-20,5569;4,47697;-2,8942;270
614;0,6;12,0187;11,158;343;380;70;178,53;178,385;301,495;273,745;273,225;272,628;11,9682;-20,6246;4,22994;-1,63669;270
615;0,6;11,9512;11,2062;343;380;70;178,385;178,385;301,495;273,745;273,225;272,628;11,9682;-20,6246;4,22994;-1,63669;270
616;0,6;11,9463;11,2462;343;380;70;178,385;178,385;301,495;273,745;273,225;272,628;11,9682;-20,6246;4,22994;-1,63669;270
617;0,6;11,9497;11,1669;343;380;70;178,241;178,241;301,495;273,745;273,225;272,628;11,9682;-20,6246;4,22994;-1,63669;270
618;0,6;11,9102;11,4349;343;380;70;178,241;178,096;300,852;272,83;273,202;272,06;13,7659;-20,4784;3,97907;0,265152;270
619;0,6;11,8859;11,4657;343;380;70;178,241;178,241;300,852;272,83;273,202;272,06;13,7659;-20,4784;3,97907;0,265152;270
620;0,6;12,1956;11,4245;343;380;70;178,096;178,241;300,852;272,83;273,202;272,06;13,7659;-20,4784;3,97907;0,265152;270
621;0,6;12,1195;11,414;343;380;70;178,096;178,241;300,852;272,83;273,202;272,06;13,7659;-20,4784;3,97907;0,265152;270
622;0,6;12,2205;11,4394;343;380;70;178,096;178,241;300,233;272,39;273,145;271,325;16,2371;-20,0971;3,7295;2,60474;270
623;0,6;12,1263;11,598;343;380;70;178,096;178,241;300,233;272,39;273,145;271,325;16,2371;-20,0971;3,7295;2,60474;270
624;0,6;12,0133;11,6111;343;380;70;178,096;178,096;300,233;272,39;273,145;271,325;16,2371;-20,0971;3,7295;2,60474;270
625;0,6;12,4417;11,6242;343;380;70;177,951;178,096;300,233;272,39;273,145;271,325;16,2371;-20,0971;3,7295;2,60474;270
626;0,6;12,4537;11,6161;343;380;70;177,951;177,951;299,781;272,225;273,064;272,04;18,4484;-19,5628;3,48866;4,52256;270
627;0,6;12,4364;11,603;343;380;70;177,951;177,951;299,781;272,225;273,064;272,04;18,4484;-19,5628;3,48866;4,52256;270
628;0,6;12,411;11,5503;343;380;70;177,951;177,951;299,781;272,225;273,064;272,04;18,4484;-19,5628;3,48866;4,52256;270
629;0,6;12,687;11,474;343;380;70;177,951;177,951;299,781;272,225;273,064;272,04;18,4484;-19,5628;3,48866;4,52256;270
630;0,6;12,7369;11,4977;343;380;70;177,951;177,951;299,747;272,35;272,978;271,897;19,8911;-18,9973;3,25737;5,63105;270
631;0,6;12,7302;11,4702;343;380;70;177,951;178,096;299,747;272,35;272,978;271,897;19,8911;-18,9973;3,25737;5,63105;270
632;0,6;12,5749;11,431;343;380;70;177,951;178,096;299,747;272,35;272,978;271,897;19,8911;-18,9973;3,25737;5,63105;270
633;0,6;12,9532;11,7348;343;380;70;178,096;178,096;299,747;272,35;272,978;271,897;19,8911;-18,9973;3,25737;5,63105;270
634;0,6;12,878;11,7533;343;380;70;178,096;178,096;300,027;272,358;272,876;271,655;21,4818;-18,3234;3,03214;6,77298;270
635;0,6;12,8404;11,6955;343;380;70;177,951;177,951;300,027;272,358;272,876;271,655;21,4818;-18,3234;3,03214;6,77298;270
636;0,6;12,8584;11,6683;343;380;70;177,951;177,951;300,027;272,358;272,876;271,655;21,4818;-18,3234;3,03214;6,77298;270
637;0,6;13,2588;11,6876;343;380;70;177,807;177,951;300,027;272,358;272,876;271,655;21,4818;-18,3234;3,03214;6,77298;270
638;0,6;13,34;11,7646;343;380;70;177,951;178,096;300,407;271,755;272,781;271,128;22,0794;-17,6986;2,81552;6,96268;270
639;0,6;13,3057;11,7067;343;380;70;177,951;177,951;300,407;271,755;272,781;271,128;22,0794;-17,6986;2,81552;6,96268;270
640;0,6;13,5733;11,5892;343;380;70;177,951;177,951;300,407;271,755;272,781;271,128;22,0794;-17,6986;2,81552;6,96268;270
641;0,6;13,4734;11,5358;343;380;70;178,096;178,096;300,407;271,755;272,781;271,128;22,0794;-17,6986;2,81552;6,96268;270
642;0,6;13,3212;11,5149;343;380;70;178,096;178,096;300,974;271,258;272,688;270,708;22,4577;-17,0874;2,60377;6,94137;270
643;0,6;13,724;11,5774;343;380;70;178,096;178,241;300,974;271,258;272,688;270,708;22,4577;-17,0874;2,60377;6,94137;270
644;0,6;13,6603;11,5331;343;380;70;178,096;178,096;300,974;271,258;272,688;270,708;22,4577;-17,0874;2,60377;6,94137;270
645;0,6;13,5456;11,4628;343;380;70;178,096;178,096;300,974;271,258;272,688;270,708;22,4577;-17,0874;2,60377;6,94137;270
646;0,6;13,8314;11,4939;343;380;70;177,951;178,096;301,37;271,592;272,586;271,247;23,286;-16,4172;2,40032;7,30292;270
647;0,6;13,8201;11,4725;343;380;70;177,951;177,951;301,37;271,592;272,586;271,247;23,286;-16,4172;2,40032;7,30292;270
648;0,6;13,8114;11,5157;343;380;70;177,807;177,951;301,37;271,592;272,586;271,247;23,286;-16,4172;2,40032;7,30292;270
649;0,6;14,149;11,4284;343;380;70;177,951;177,951;301,37;271,592;272,586;271,247;23,286;-16,4172;2,40032;7,30292;270
650;0,6;14,1268;11,3584;343;380;70;177,951;177,951;301,907;271,38;272,497;271,405;23,3615;-15,8239;2,20356;6,9818;270
651;0,6;14,126;11,1179;343;380;70;177,951;177,951;301,907;271,38;272,497;271,405;23,3615;-15,8239;2,20356;6,9818;270
652;0,6;14,3346;11,1088;343;380;70;177,951;178,096;301,907;271,38;272,497;271,405;23,3615;-15,8239;2,20356;6,9818;270
653;0,6;14,3467;11,1558;343;380;70;178,096;178,096;301,907;271,38;272,497;271,405;23,3615;-15,8239;2,20356;6,9818;270
654;0,6;14,2948;11,1761;343;380;70;178,096;178,096;302,457;271,493;272,404;271,133;23,7484;-15,2048;2,01419;6,93898;270
655;0,6;14,6164;11,2034;343;380;70;177,951;178,096;302,457;271,493;272,404;271,133;23,7484;-15,2048;2,01419;6,93898;270
656;0,6;14,5483;11,0891;343;380;70;177,951;177,951;302,457;271,493;272,404;271,133;23,7484;-15,2048;2,01419;6,93898;270
657;0,6;14,4768;11,104;343;380;70;177,951;177,807;302,457;271,493;272,404;271,133;23,7484;-15,2048;2,01419;6,93898;270
658;0,6;14,7243;11,1389;343;380;70;177,807;177,951;302,886;271,788;272,3;270,345;24,853;-14,5185;1,83315;7,53835;270
659;0,6;14,7963;11,1406;343;380;70;177,807;177,951;302,886;271,788;272,3;270,345;24,853;-14,5185;1,83315;7,53835;270
660;0,6;14,8744;11,1397;343;380;70;177,807;177,807;302,886;271,788;272,3;270,345;24,853;-14,5185;1,83315;7,53835;270
661;0,6;15,1754;11,0407;343;380;70;177,662;177,807;302,886;271,788;272,3;270,345;24,853;-14,5185;1,83315;7,53835;270
662;0,6;15,1889;10,9683;343;380;70;177,662;177,807;303,248;272,205;272,143;269,628;28,1597;-13,4894;1,66573;9,9834;270
663;0,6;15,1823;10,7292;343;380;70;177,662;177,807;303,248;272,205;272,143;269,628;28,1597;-13,4894;1,66573;9,9834;270
664;0,6;15,4086;10,6741;343;380;70;177,662;177,807;303,248;272,205;272,143;269,628;28,1597;-13,4894;1,66573;9,9834;270
665;0,6;15,4096;10,6158;343;380;70;177,662;177,807;303,248;272,205;272,143;269,628;28,1597;-13,4894;1,66573;9,9834;270
666;0,6;15,3035;10,5668;343;380;70;177,662;177,662;303,65;271,747;271,988;270,37;29,9542;-12,4745;1,50981;10,919;270
667;0,6;15,6563;10,5954;343;380;70;177,517;177,517;303,65;271,747;271,988;270,37;29,9542;-12,4745;1,50981;10,919;270
668;0,6;15,6215;10,5146;343;380;70;177,373;177,517;303,65;271,747;271,988;270,37;29,9542;-12,4745;1,50981;10,919;270
669;0,6;15,6071;10,5244;343;380;70;177,373;177,517;303,65;271,747;271,988;270,37;29,9542;-12,4745;1,50981;10,919;270
670;0,6;15,8071;10,5005;343;380;70;177,373;177,517;304,417;270,918;271,81;269,353;32,2796;-11,305;1,36531;12,2204;270
671;0,6;15,6576;10,2072;343;380;70;177,373;177,517;304,417;270,918;271,81;269,353;32,2796;-11,305;1,36531;12,2204;270
672;0,6;15,6817;10,2224;343;380;70;177,373;177,373;304,417;270,918;271,81;269,353;32,2796;-11,305;1,36531;12,2204;270
673;0,6;15,6735;10,2217;343;380;70;177,373;177,373;304,417;270,918;271,81;269,353;32,2796;-11,305;1,36531;12,2204;270
674;0,6;15,876;10,2093;343;380;70;177,373;177,373;305,482;270,54;271,644;269,438;33,2982;-10,1961;1,2333;12,261;270
675;0,6;16,0192;10,1711;343;380;70;177,373;177,373;305,482;270,54;271,644;269,438;33,2982;-10,1961;1,2333;12,261;270
676;0,6;15,9377;10,1306;343;380;70;177,373;177,373;305,482;270,54;271,644;269,438;33,2982;-10,1961;1,2333;12,261;270
677;0,6;15,9194;10,1269;343;380;70;177,228;177,373;305,482;270,54;271,644;269,438;33,2982;-10,1961;1,2333;12,261;270
678;0,6;16,1182;9,89027;343;380;70;177,228;177,228;306,8;270,913;271,472;268,91;34,7777;-9,05758;1,11598;12,7193;270
679;0,6;16,1528;9,91671;343;380;70;177,083;177,083;306,8;270,913;271,472;268,91;34,7777;-9,05758;1,11598;12,7193;270
680;0,6;16,1339;9,82343;343;380;70;177,083;177,228;306,8;270,913;271,472;268,91;34,7777;-9,05758;1,11598;12,7193;270
681;0,6;16,2007;9,87629;343;380;70;176,939;177,083;306,8;270,913;271,472;268,91;34,7777;-9,05758;1,11598;12,7193;270
682;0,6;16,5522;9,85044;343;380;70;176,939;177,083;308,207;270,895;271,295;268,695;36,0456;-7,88461;1,01325;12,917;270
683;0,6;16,5027;9,82158;343;380;70;177,083;177,083;308,207;270,895;271,295;268,695;36,0456;-7,88461;1,01325;12,917;270
684;0,6;16,3822;9,69207;343;380;70;177,083;177,083;308,207;270,895;271,295;268,695;36,0456;-7,88461;1,01325;12,917;270
685;0,6;16,2983;9,70506;343;380;70;176,939;177,228;308,207;270,895;271,295;268,695;36,0456;-7,88461;1,01325;12,917;270
686;0,6;16,5985;9,66561;343;380;70;176,939;176,939;309,546;270,432;271,156;268,435;35,505;-6,97974;0,924442;11,5603;270
687;0,6;16,5648;9,37159;343;380;70;176,939;177,083;309,546;270,432;271,156;268,435;35,505;-6,97974;0,924442;11,5603;270
688;0,6;16,5203;9,32271;343;380;70;176,939;176,939;309,546;270,432;271,156;268,435;35,505;-6,97974;0,924442;11,5603;270
689;0,6;16,477;9,306;343;380;70;176,794;176,794;309,546;270,432;271,156;268,435;35,505;-6,97974;0,924442;11,5603;270
690;0,6;16,45;9,26781;343;380;70;176,649;176,794;310,86;270,655;270,99;268,533;37,0963;-5,88843;0,846953;12,1378;270
691;0,6;16,693;9,27977;343;380;70;176,649;176,794;310,86;270,655;270,99;268,533;37,0963;-5,88843;0,846953;12,1378;270
692;0,6;16,7118;9,26665;343;380;70;176,649;176,649;310,86;270,655;270,99;268,533;37,0963;-5,88843;0,846953;12,1378;270
693;0,6;16,6938;9,22729;343;380;70;176,649;176,649;310,86;270,655;270,99;268,533;37,0963;-5,88843;0,846953;12,1378;270
694;0,6;16,6542;9,20177;343;380;70;176,505;176,649;311,87;271,695;270,831;268,158;37,8685;-4,84474;0,781995;11,9313;270
695;0,6;16,6415;9,21417;343;380;70;176,649;176,649;311,87;271,695;270,831;268,158;37,8685;-4,84474;0,781995;11,9313;270
696;0,6;16,8925;9,16383;343;380;70;176,649;176,649;311,87;271,695;270,831;268,158;37,8685;-4,84474;0,781995;11,9313;270
697;0,6;16,8739;8,95312;343;380;70;176,505;176,505;311,87;271,695;270,831;268,158;37,8685;-4,84474;0,781995;11,9313;270
698;0,6;16,8579;8,96978;343;380;70;176,505;176,505;312,97;271,93;270,656;267,853;39,6853;-3,68545;0,729395;12,6413;270
699;0,6;16,8402;8,87822;343;380;70;176,36;176,36;312,97;271,93;270,656;267,853;39,6853;-3,68545;0,729395;12,6413;270
700;0,6;16,7183;8,78944;343;380;70;176,215;176,36;312,97;271,93;270,656;267,853;39,6853;-3,68545;0,729395;12,6413;270
701;0,6;16,7747;8,84936;343;380;70;176,215;176,215;312,97;271,93;270,656;267,853;39,6853;-3,68545;0,729395;12,6413;270
702;0,6;17,1254;8,7494;343;380;70;176,215;176,36;313,981;271,575;270,423;267,842;44,1239;-2,13611;0,693152;15,5669;270
703;0,6;17,1597;8,74495;343;380;70;176,215;176,36;313,981;271,575;270,423;267,842;44,1239;-2,13611;0,693152;15,5669;270
704;0,6;17,0376;8,68094;343;380;70;176,215;176,36;313,981;271,575;270,423;267,842;44,1239;-2,13611;0,693152;15,5669;270
705;0,6;16,8991;8,73354;343;380;70;176,215;176,36;313,981;271,575;270,423;267,842;44,1239;-2,13611;0,693152;15,5669;270
706;0,6;16,7782;8,62247;343;380;70;176,215;176,215;315,312;271,438;270,184;268,152;46,7225;-0,554839;0,677467;16,5999;270
707;0,6;16,7113;8,64147;343;380;70;176,215;176,36;315,312;271,438;270,184;268,152;46,7225;-0,554839;0,677467;16,5999;270
708;0,6;16,6236;8,38589;343;380;70;176,215;176,071;315,312;271,438;270,184;268,152;46,7225;-0,554839;0,677467;16,5999;270
709;0,6;16,9579;8,30153;343;380;70;176,071;176,071;315,312;271,438;270,184;268,152;46,7225;-0,554839;0,677467;16,5999;270
710;0,6;16,8877;8,22996;343;380;70;175,926;175,926;316,905;270,28;270,03;268,555;41,1172;0;0,675361;10,4419;270
711;0,6;16,7668;8,23611;343;380;70;175,781;175,926;316,905;270,28;270,03;268,555;41,1172;0;0,675361;10,4419;270
712;0,6;16,698;8,23216;343;380;70;175,926;175,926;316,905;270,28;270,03;268,555;41,1172;0;0,675361;10,4419;270
713;0,6;16,7857;8,19281;343;380;70;175,781;175,926;316,905;270,28;270,03;268,555;41,1172;0;0,675361;10,4419;270
714;0,6;17,0392;8,22445;343;380;70;175,781;175,926;318,254;270,28;269,902;268,188;36,5333;0,119901;0,675581;5,73786;270
715;0,6;16,9929;8,1091;343;380;70;175,781;175,926;318,254;270,28;269,902;268,188;36,5333;0,119901;0,675581;5,73786;270
716;0,6;16,9184;8,07032;343;380;70;175,926;175,926;318,254;270,28;269,902;268,188;36,5333;0,119901;0,675581;5,73786;270
717;0,6;16,8542;8,06605;343;380;70;175,781;175,926;318,254;270,28;269,902;268,188;36,5333;0,119901;0,675581;5,73786;270
718;0,6;17,1579;8,0485;343;380;70;175,926;175,926;319,115;270,36;269,743;267,198;40,1357;1,0265;0,682068;8,42717;270
719;0,6;16,9679;7,96595;343;380;70;175,781;175,926;319,115;270,36;269,743;267,198;40,1357;1,0265;0,682068;8,42717;270
720;0,6;16,9308;8,00063;343;380;70;175,637;175,781;319,115;270,36;269,743;267,198;40,1357;1,0265;0,682068;8,42717;270
721;0,6;16,8449;7,96981;343;380;70;175,637;175,781;319,115;270,36;269,743;267,198;40,1357;1,0265;0,682068;8,42717;270
722;0,6;16,863;7,92984;343;380;70;175,637;175,781;319,741;270,26;269,606;267,6;41,9843;1,92263;0,70004;9,36205;270
723;0,6;16,8797;7,8911;343;380;70;175,637;175,781;319,741;270,26;269,606;267,6;41,9843;1,92263;0,70004;9,36205;270
724;0,6;16,8966;7,61561;343;380;70;175,637;175,781;319,741;270,26;269,606;267,6;41,9843;1,92263;0,70004;9,36205;270
725;0,6;16,8449;7,66422;343;380;70;175,637;175,781;319,741;270,26;269,606;267,6;41,9843;1,92263;0,70004;9,36205;270
726;0,6;16,6897;7,57789;343;380;70;175,781;175,926;320,233;269,508;269,478;268,073;42,9368;2,76502;0,728521;9,44326;270
727;0,6;16,7075;7,61736;343;380;70;175,926;175,926;320,233;269,508;269,478;268,073;42,9368;2,76502;0,728521;9,44326;270
728;0,6;16,9462;7,51815;343;380;70;175,781;175,926;320,233;269,508;269,478;268,073;42,9368;2,76502;0,728521;9,44326;270
729;0,6;16,8869;7,49192;343;380;70;175,781;175,926;320,233;269,508;269,478;268,073;42,9368;2,76502;0,728521;9,44326;270
730;0,6;16,8869;7,50925;343;380;70;175,926;175,926;320,458;269,183;269,347;267,698;44,1352;3,64027;0,767685;9,72721;270
731;0,6;16,9888;7,41938;343;380;70;175,926;175,926;320,458;269,183;269,347;267,698;44,1352;3,64027;0,767685;9,72721;270
732;0,6;16,7145;7,43321;343;380;70;175,926;175,926;320,458;269,183;269,347;267,698;44,1352;3,64027;0,767685;9,72721;270
733;0,6;16,5762;7,40691;343;380;70;175,781;176,071;320,458;269,183;269,347;267,698;44,1352;3,64027;0,767685;9,72721;270
734;0,6;16,6108;7,30827;343;380;70;175,926;176,071;320,713;268,825;269,193;267,362;46,1974;4,66139;0,818386;10,7176;270
735;0,6;16,5598;7,318;343;380;70;175,926;176,071;320,713;268,825;269,193;267,362;46,1974;4,66139;0,818386;10,7176;270
736;0,6;16,5939;7,11453;343;380;70;175,926;176,071;320,713;268,825;269,193;267,362;46,1974;4,66139;0,818386;10,7176;270
737;0,6;16,6616;7,13003;343;380;70;176,071;176,215;320,713;268,825;269,193;267,362;46,1974;4,66139;0,818386;10,7176;270
738;0,6;16,6619;7,06452;343;380;70;176,071;176,215;321,589;268,445;269,043;267,288;47,6459;5,65187;0,880034;11,114;270
739;0,6;16,5508;7,01229;343;380;70;176,071;176,215;321,589;268,445;269,043;267,288;47,6459;5,65187;0,880034;11,114;270
740;0,6;16,3701;6,965;343;380;70;176,071;176,215;321,589;268,445;269,043;267,288;47,6459;5,65187;0,880034;11,114;270
741;0,6;16,522;6,95955;343;380;70;176,071;176,215;321,589;268,445;269,043;267,288;47,6459;5,65187;0,880034;11,114;270
742;0,6;16,4363;6,90143;343;380;70;176,071;176,215;322,796;269,235;268,88;267,143;49,4023;6,72044;0,954711;11,7271;270
743;0,6;16,2151;6,85035;343;380;70;175,926;176,215;322,796;269,235;268,88;267,143;49,4023;6,72044;0,954711;11,7271;270
744;0,6;16,2161;6,83565;343;380;70;176,071;176,215;322,796;269,235;268,88;267,143;49,4023;6,72044;0,954711;11,7271;270
745;0,6;16,3137;6,78201;343;380;70;176,215;176,215;322,796;269,235;268,88;267,143;49,4023;6,72044;0,954711;11,7271;270
746;0,6;16,2844;6,7962;343;380;70;176,36;176,36;323,815;269,408;268,696;266,108;51,9148;7,92857;1,04303;12,9432;270
747;0,6;16,2631;6,78811;343;380;70;176,36;176,36;323,815;269,408;268,696;266,108;51,9148;7,92857;1,04303;12,9432;270
748;0,6;16,1458;6,73974;343;380;70;176,36;176,505;323,815;269,408;268,696;266,108;51,9148;7,92857;1,04303;12,9432;270
749;0,6;16,0271;6,70641;343;380;70;176,505;176,36;323,815;269,408;268,696;266,108;51,9148;7,92857;1,04303;12,9432;270
750;0,6;16,1261;6,69098;343;380;70;176,505;176,505;325,056;269,54;268,516;267,018;53,3286;9,12566;1,14793;13,055;270
751;0,6;16,0569;6,37872;343;380;70;176,36;176,505;325,056;269,54;268,516;267,018;53,3286;9,12566;1,14793;13,055;270
752;0,6;16,0194;6,30973;343;380;70;176,36;176,505;325,056;269,54;268,516;267,018;53,3286;9,12566;1,14793;13,055;270
753;0,6;15,9869;6,36039;343;380;70;176,36;176,505;325,056;269,54;268,516;267,018;53,3286;9,12566;1,14793;13,055;270
754;0,6;15,8037;6,27996;343;380;70;176,505;176,505;326,316;269,652;268,376;266,825;52,9424;10,0537;1,26484;11,6238;270
755;0,6;15,7846;6,2381;343;380;70;176,505;176,505;326,316;269,652;268,376;266,825;52,9424;10,0537;1,26484;11,6238;270
756;0,6;15,8029;6,21752;343;380;70;176,505;176,505;326,316;269,652;268,376;266,825;52,9424;10,0537;1,26484;11,6238;270
757;0,6;15,7976;6,19864;343;380;70;176,505;176,649;326,316;269,652;268,376;266,825;52,9424;10,0537;1,26484;11,6238;270
758;0,6;15,6531;6,21179;343;380;70;176,649;176,649;327,434;269,483;268,256;266,553;52,4273;10,8472;1,39022;10,1899;270
759;0,6;15,5495;6,11637;343;380;70;176,649;176,794;327,434;269,483;268,256;266,553;52,4273;10,8472;1,39022;10,1899;270
760;0,6;15,5716;6,06204;343;380;70;176,794;176,794;327,434;269,483;268,256;266,553;52,4273;10,8472;1,39022;10,1899;270
761;0,6;15,61;6,04755;343;380;70;176,794;176,794;327,434;269,483;268,256;266,553;52,4273;10,8472;1,39022;10,1899;270
762;0,6;15,6394;6,00557;343;380;70;176,649;176,649;328,522;269,34;268,153;266,927;51,8522;11,5223;1,52465;8,80532;270
763;0,6;15,5354;5,94244;343;380;70;176,649;176,794;328,522;269,34;268,153;266,927;51,8522;11,5223;1,52465;8,80532;270
764;0,6;15,3687;5,93348;343;380;70;176,649;176,794;328,522;269,34;268,153;266,927;51,8522;11,5223;1,52465;8,80532;270
765;0,6;15,3913;5,94586;343;380;70;176,649;176,794;328,522;269,34;268,153;266,927;51,8522;11,5223;1,52465;8,80532;270
766;0,6;15,2891;5,86715;343;380;70;176,649;176,794;329,24;268,74;268,062;266,82;51,4773;12,1216;1,66783;7,68788;270
767;0,6;15,2014;5,78592;343;380;70;176,794;176,794;329,24;268,74;268,062;266,82;51,4773;12,1216;1,66783;7,68788;270
768;0,6;15,5502;5,77532;343;380;70;176,794;176,794;329,24;268,74;268,062;266,82;51,4773;12,1216;1,66783;7,68788;270
769;0,6;15,4105;5,7383;343;380;70;176,649;176,794;329,24;268,74;268,062;266,82;51,4773;12,1216;1,66783;7,68788;270
770;0,6;15,4938;5,75551;343;380;70;176,794;176,794;329,661;268,895;267,976;266,965;51,4609;12,6869;1,8196;6,95438;270
771;0,6;15,6168;5,73921;343;380;70;176,794;176,939;329,661;268,895;267,976;266,965;51,4609;12,6869;1,8196;6,95438;270
772;0,6;15,4681;5,63264;343;380;70;176,794;176,794;329,661;268,895;267,976;266,965;51,4609;12,6869;1,8196;6,95438;270
773;0,6;15,3176;5,52237;343;380;70;176,649;176,649;329,661;268,895;267,976;266,965;51,4609;12,6869;1,8196;6,95438;270
774;0,6;15,3151;5,48095;343;380;70;176,505;176,649;329,736;268,988;267,875;266,57;52,7267;13,3632;1,97953;7,38399;270
775;0,6;15,231;5,69762;343;380;70;176,505;176,649;329,736;268,988;267,875;266,57;52,7267;13,3632;1,97953;7,38399;270
776;0,6;15,2146;5,69999;343;380;70;176,505;176,649;329,736;268,988;267,875;266,57;52,7267;13,3632;1,97953;7,38399;270
777;0,6;15,0224;5,60629;343;380;70;176,505;176,794;329,736;268,988;267,875;266,57;52,7267;13,3632;1,97953;7,38399;270
778;0,6;14,9962;5,55206;343;380;70;176,505;176,649;330,002;268,168;267,783;266,668;53,097;13,9733;2,14579;6,97785;270
779;0,6;14,7895;5,49759;343;380;70;176,649;176,649;330,002;268,168;267,783;266,668;53,097;13,9733;2,14579;6,97785;270
780;0,6;14,6888;5,43538;343;380;70;176,649;176,794;330,002;268,168;267,783;266,668;53,097;13,9733;2,14579;6,97785;270
781;0,6;14,6358;5,43993;343;380;70;176,649;176,649;330,002;268,168;267,783;266,668;53,097;13,9733;2,14579;6,97785;270
782;0,6;14,5552;5,4393;343;380;70;176,649;176,649;330,553;269,135;267,722;266,66;52,354;14,3708;2,31696;5,66621;270
783;0,6;14,561;5,36379;343;380;70;176,505;176,649;330,553;269,135;267,722;266,66;52,354;14,3708;2,31696;5,66621;270
784;0,6;14,5994;5,32422;343;380;70;176,36;176,505;330,553;269,135;267,722;266,66;52,354;14,3708;2,31696;5,66621;270
785;0,6;14,6254;5,28404;343;380;70;176,36;176,505;330,553;269,135;267,722;266,66;52,354;14,3708;2,31696;5,66621;270
786;0,6;14,5634;5,23189;343;380;70;176,36;176,505;331,446;269,728;267,639;266,188;53,4498;14,9151;2,49212;6,04264;270
787;0,6;14,4564;5,19234;343;380;70;176,36;176,36;331,446;269,728;267,639;266,188;53,4498;14,9151;2,49212;6,04264;270
788;0,6;14,4361;5,05953;343;380;70;176,36;176,505;331,446;269,728;267,639;266,188;53,4498;14,9151;2,49212;6,04264;270
789;0,6;14,349;4,99396;343;380;70;176,36;176,505;331,446;269,728;267,639;266,188;53,4498;14,9151;2,49212;6,04264;270
790;0,6;14,2088;4,94046;343;380;70;176,36;176,505;332,209;268,423;267,547;266,533;54,7399;15,5241;2,67523;6,54066;270
791;0,6;14,4014;4,88891;343;380;70;176,505;176,505;332,209;268,423;267,547;266,533;54,7399;15,5241;2,67523;6,54066;270
792;0,6;14,3186;4,87066;343;380;70;176,36;176,505;332,209;268,423;267,547;266,533;54,7399;15,5241;2,67523;6,54066;270
793;0,6;14,2089;4,77942;343;380;70;176,36;176,505;332,209;268,423;267,547;266,533;54,7399;15,5241;2,67523;6,54066;270
794;0,6;14,1754;4,74436;343;380;70;176,36;176,36;332,766;268,618;267,473;266,68;54,7916;16,0128;2,86645;5,91236;270
795;0,6;14,0775;4,70438;343;380;70;176,215;176,215;332,766;268,618;267,473;266,68;54,7916;16,0128;2,86645;5,91236;270
796;0,6;14,0029;4,6256;343;380;70;176,215;176,215;332,766;268,618;267,473;266,68;54,7916;16,0128;2,86645;5,91236;270
797;0,6;14,0029;4,61283;343;380;70;176,215;176,36;332,766;268,618;267,473;266,68;54,7916;16,0128;2,86645;5,91236;270
798;0,6;13,8424;4,28028;343;380;70;176,215;176,36;333,592;268,805;267,432;266,703;53,6427;16,2882;3,06385;4,29058;270
799;0,6;13,887;4,22747;343;380;70;176,215;176,36;333,592;268,805;267,432;266,703;53,6427;16,2882;3,06385;4,29058;270
800;0,6;13,6858;4,08493;343;380;70;176,36;176,36;333,592;268,805;267,432;266,703;53,6427;16,2882;3,06385;4,29058;270
801;0,6;13,6275;4,02381;343;380;70;176,36;176,36;333,592;268,805;267,432;266,703;53,6427;16,2882;3,06385;4,29058;270
802;0,6;13,6558;4,03072;343;380;70;176,36;176,505;334,122;268,88;267,398;266,323;53,1133;16,5136;3,26424;3,33556;270
803;0,6;13,6052;3,9389;343;380;70;176,36;176,36;334,122;268,88;267,398;266,323;53,1133;16,5136;3,26424;3,33556;270
804;0,6;13,484;3,8706;343;380;70;176,36;176,36;334,122;268,88;267,398;266,323;53,1133;16,5136;3,26424;3,33556;270
805;0,6;13,315;3,79342;343;380;70;176,215;176,36;334,122;268,88;267,398;266,323;53,1133;16,5136;3,26424;3,33556;270
806;0,6;13,2517;3,76537;343;380;70;176,215;176,215;334,421;268,342;267,369;266,44;52,8051;16,702;3,46651;2,63665;270
807;0,6;13,1575;3,70787;343;380;70;176,215;176,215;334,421;268,342;267,369;266,44;52,8051;16,702;3,46651;2,63665;270
808;0,6;13,171;3,63385;343;380;70;176,215;176,215;334,421;268,342;267,369;266,44;52,8051;16,702;3,46651;2,63665;270
809;0,6;13,0399;3,55493;343;380;70;176,215;176,215;334,421;268,342;267,369;266,44;52,8051;16,702;3,46651;2,63665;270
810;0,6;12,9408;3,47175;343;380;70;176,215;176,215;334,609;268,445;267,342;266,44;52,9361;16,8828;3,66638;2,387;270
811;0,6;12,7912;3,4234;343;380;70;176,215;176,36;334,609;268,445;267,342;266,44;52,9361;16,8828;3,66638;2,387;270
812;0,6;12,7352;3,30503;343;380;70;176,36;176,36;334,609;268,445;267,342;266,44;52,9361;16,8828;3,66638;2,387;270
813;0,6;12,6996;3,30519;343;380;70;176,36;176,36;334,609;268,445;267,342;266,44;52,9361;16,8828;3,66638;2,387;270
814;0,6;12,6306;3,24398;343;380;70;176,215;176,215;334,558;269,235;267,308;266,94;53,3645;17,1035;3,87251;2,38849;270
815;0,6;12,5528;3,18665;343;380;70;176,215;176,215;334,558;269,235;267,308;266,94;53,3645;17,1035;3,87251;2,38849;270
816;0,6;12,4354;3,12447;343;380;70;176,071;176,215;334,558;269,235;267,308;266,94;53,3645;17,1035;3,87251;2,38849;270
817;0,6;12,3168;2,98937;343;380;70;176,071;176,215;334,558;269,235;267,308;266,94;53,3645;17,1035;3,87251;2,38849;270
818;0,6;12,2719;2,92095;343;380;70;176,215;176,215;334,484;269,295;267,302;267,105;52,5214;17,1455;4,08044;1,29548;270
819;0,6;12,053;2,86885;343;380;70;176,215;176,071;334,484;269,295;267,302;267,105;52,5214;17,1455;4,08044;1,29548;270
820;0,6;12,0165;2,80321;343;380;70;176,215;176,36;334,484;269,295;267,302;267,105;52,5214;17,1455;4,08044;1,29548;270
821;0,6;11,9299;2,75262;343;380;70;176,215;176,215;334,484;269,295;267,302;267,105;52,5214;17,1455;4,08044;1,29548;270
822;0,6;11,8079;2,66771;343;380;70;176,215;176,36;334,343;268,73;267,298;267,025;52,2371;17,1753;4,29024;0,771473;270
823;0,6;11,798;2,64842;343;380;70;176,215;176,36;334,343;268,73;267,298;267,025;52,2371;17,1753;4,29024;0,771473;270
824;0,6;11,6974;2,59597;343;380;70;176,215;176,215;334,343;268,73;267,298;267,025;52,2371;17,1753;4,29024;0,771473;270
825;0,6;11,5757;2,50945;343;380;70;176,215;176,36;334,343;268,73;267,298;267,025;52,2371;17,1753;4,29024;0,771473;270
826;0,6;11,4961;2,43684;343;380;70;176,215;176,215;334,517;269,003;267,291;267,043;52,3789;17,2201;4,49953;0,659293;270
827;0,6;11,3921;2,35497;343;380;70;176,215;176,36;334,517;269,003;267,291;267,043;52,3789;17,2201;4,49953;0,659293;270
828;0,6;11,3697;2,29844;343;380;70;176,215;176,215;334,517;269,003;267,291;267,043;52,3789;17,2201;4,49953;0,659293;270
829;0,6;11,5715;2,23965;343;380;70;176,215;176,36;334,517;269,003;267,291;267,043;52,3789;17,2201;4,49953;0,659293;270
830;0,6;11,5104;2,1739;343;380;70;176,36;176,505;334,785;270,53;267,266;266,95;53,435;17,3844;4,71025;1,34041;270
831;0,6;11,4923;2,16241;343;380;70;176,505;176,36;334,785;270,53;267,266;266,95;53,435;17,3844;4,71025;1,34041;270
832;0,6;11,412;2,08183;343;380;70;176,36;176,505;334,785;270,53;267,266;266,95;53,435;17,3844;4,71025;1,34041;270
833;0,6;11,3711;2,00538;343;380;70;176,505;176,505;334,785;270,53;267,266;266,95;53,435;17,3844;4,71025;1,34041;270
834;0,6;11,1577;1,90773;343;380;70;176,505;176,505;335,063;269,275;267,25;266,983;53,6214;17,4887;4,92145;1,21121;270
835;0,6;11,0344;1,87497;343;380;70;176,505;176,505;335,063;269,275;267,25;266,983;53,6214;17,4887;4,92145;1,21121;270
836;0,6;11,0576;1,84178;343;380;70;176,505;176,505;335,063;269,275;267,25;266,983;53,6214;17,4887;4,92145;1,21121;270
837;0,6;10,9217;1,77946;343;380;70;176,36;176,505;335,063;269,275;267,25;266,983;53,6214;17,4887;4,92145;1,21121;270
838;0,6;10,8517;1,7004;343;380;70;176,36;176,505;335,674;269,08;267,256;267,128;52,8579;17,452;5,13094;0,274988;270
839;0,6;10,8009;1,68725;343;380;70;176,505;176,649;335,674;269,08;267,256;267,128;52,8579;17,452;5,13094;0,274988;270
840;0,6;10,4218;1,604;343;380;70;176,505;176,505;335,674;269,08;267,256;267,128;52,8579;17,452;5,13094;0,274988;270
841;0,6;10,3448;1,58202;343;380;70;176,649;176,649;335,674;269,08;267,256;267,128;52,8579;17,452;5,13094;0,274988;270
842;0,6;10,2892;1,47646;343;380;70;176,649;176,649;335,951;269,772;267,26;267,065;52,7461;17,4247;5,34053;-0,019087;270
843;0,6;10,3329;1,4768;343;380;70;176,649;176,794;335,951;269,772;267,26;267,065;52,7461;17,4247;5,34053;-0,019087;270
844;0,6;10,1653;1,39788;343;380;70;176,794;176,794;335,951;269,772;267,26;267,065;52,7461;17,4247;5,34053;-0,019087;270
845;0,6;10,1551;1,35112;343;380;70;176,649;176,649;335,951;269,772;267,26;267,065;52,7461;17,4247;5,34053;-0,019087;270
846;0,6;10,0029;1,29528;343;380;70;176,649;176,649;336,067;269,67;267,251;266,828;53,4195;17,4818;5,55172;0,386023;270
847;0,6;9,9006;1,24973;343;380;70;176,649;176,649;336,067;269,67;267,251;266,828;53,4195;17,4818;5,55172;0,386023;270
848;0,6;9,86162;1,2117;343;380;70;176,649;176,505;336,067;269,67;267,251;266,828;53,4195;17,4818;5,55172;0,386023;270
849;0,6;9,79259;1,16113;343;380;70;176,505;176,649;336,067;269,67;267,251;266,828;53,4195;17,4818;5,55172;0,386023;270
850;0,6;9,89414;1,16041;343;380;70;176,649;176,649;336,247;270,467;267,247;266,98;53,572;17,511;5,7658;0,295163;270
851;0,6;9,83667;1,07898;343;380;70;176,649;176,649;336,247;270,467;267,247;266,98;53,572;17,511;5,7658;0,295163;270
852;0,6;9,7739;1,0473;343;380;70;176,649;176,649;336,247;270,467;267,247;266,98;53,572;17,511;5,7658;0,295163;270
853;0,6;9,65293;0,984823;343;380;70;176,649;176,649;336,247;270,467;267,247;266,98;53,572;17,511;5,7658;0,295163;270
854;0,6;9,61111;0,940051;343;380;70;176,649;176,649;336,57;271,598;267,266;267,105;52,6497;17,3855;5,9797;-0,715501;270
855;0,6;9,54199;0,924378;343;380;70;176,649;176,649;336,57;271,598;267,266;267,105;52,6497;17,3855;5,9797;-0,715501;270
856;0,6;9,46686;0,895661;343;380;70;176,649;176,505;336,57;271,598;267,266;267,105;52,6497;17,3855;5,9797;-0,715501;270
857;0,6;9,35046;0,840925;343;380;70;176,505;176,649;336,57;271,598;267,266;267,105;52,6497;17,3855;5,9797;-0,715501;270
858;0,6;9,30757;0,802844;343;380;70;176,505;176,505;336,666;270,785;267,294;267,378;51,9148;17,2018;6,18854;-1,47556;270
859;0,6;9,31288;0,775507;343;380;70;176,36;176,505;336,666;270,785;267,294;267,378;51,9148;17,2018;6,18854;-1,47556;270
860;0,6;9,26101;0,723187;343;380;70;176,505;176,36;336,666;270,785;267,294;267,378;51,9148;17,2018;6,18854;-1,47556;270
861;0,6;9,27454;0,74025;343;380;70;176,505;176,505;336,666;270,785;267,294;267,378;51,9148;17,2018;6,18854;-1,47556;270
862;0,6;9,15897;0,674478;343;380;70;176,505;176,505;336,804;269,65;267,322;267,205;51,6112;17,0185;6,39316;-1,80044;270
863;0,6;9,14867;0,661327;343;380;70;176,505;176,36;336,804;269,65;267,322;267,205;51,6112;17,0185;6,39316;-1,80044;270
864;0,6;9,10631;0,598778;343;380;70;176,36;176,36;336,804;269,65;267,322;267,205;51,6112;17,0185;6,39316;-1,80044;270
865;0,6;9,10684;0,597359;343;380;70;176,36;176,36;336,804;269,65;267,322;267,205;51,6112;17,0185;6,39316;-1,80044;270
866;0,6;9,02002;0,532652;343;380;70;176,36;176,215;337,105;269,05;267,358;267,508;51,0204;16,7828;6,59755;-2,35997;270
867;0,6;8,9853;0,506209;343;380;70;176,215;176,36;337,105;269,05;267,358;267,508;51,0204;16,7828;6,59755;-2,35997;270
868;0,6;8,96698;0,5035;343;380;70;176,215;176,215;337,105;269,05;267,358;267,508;51,0204;16,7828;6,59755;-2,35997;270
869;0,6;8,96741;0,487711;343;380;70;176,071;176,071;337,105;269,05;267,358;267,508;51,0204;16,7828;6,59755;-2,35997;270
870;0,6;8,87657;0,472027;343;380;70;176,071;176,071;337,086;270,64;267,405;267,552;50,3021;16,4719;6,79953;-2,96932;270
871;0,6;8,80577;0,445992;343;380;70;175,926;175,926;337,086;270,64;267,405;267,552;50,3021;16,4719;6,79953;-2,96932;270
872;0,6;8,77043;0,383023;343;380;70;176,071;175,926;337,086;270,64;267,405;267,552;50,3021;16,4719;6,79953;-2,96932;270
873;0,6;8,75677;0,371974;343;380;70;175,926;176,071;337,086;270,64;267,405;267,552;50,3021;16,4719;6,79953;-2,96932;270
874;0,6;8,7248;0,344725;343;380;70;175,926;176,071;336,61;269,962;267,438;267,655;50,5362;16,2493;6,99994;-2,71312;270
875;0,6;8,68663;0,331609;343;380;70;175,926;175,926;336,61;269,962;267,438;267,655;50,5362;16,2493;6,99994;-2,71312;270
876;0,6;8,636;0,291452;343;380;70;175,926;175,926;336,61;269,962;267,438;267,655;50,5362;16,2493;6,99994;-2,71312;270
877;0,6;8,73458;0,319353;343;380;70;175,781;175,781;336,61;269,962;267,438;267,655;50,5362;16,2493;6,99994;-2,71312;270
878;0,6;8,70711;0,26675;343;380;70;175,781;175,781;336,489;269,065;267,487;267,768;49,8661;15,9316;7,19611;-3,26161;270
879;0,6;8,67376;0,241059;343;380;70;175,637;175,637;336,489;269,065;267,487;267,768;49,8661;15,9316;7,19611;-3,26161;270
880;0,6;8,7258;0,26675;343;380;70;175,637;175,637;336,489;269,065;267,487;267,768;49,8661;15,9316;7,19611;-3,26161;270
881;0,6;8,74529;0,279901;343;380;70;175,492;175,637;336,489;269,065;267,487;267,768;49,8661;15,9316;7,19611;-3,26161;270
882;0,6;8,67326;0,239802;343;380;70;175,492;175,637;336,272;268,89;267,551;267,885;48,7407;15,502;7,38758;-4,14893;270
883;0,6;8,72446;0,252235;343;380;70;175,637;175,637;336,272;268,89;267,551;267,885;48,7407;15,502;7,38758;-4,14893;270
884;0,6;8,63844;0,200438;343;380;70;175,637;175,637;336,272;268,89;267,551;267,885;48,7407;15,502;7,38758;-4,14893;270
885;0,6;8,60281;0,214129;343;380;70;175,637;175,637;336,272;268,89;267,551;267,885;48,7407;15,502;7,38758;-4,14893;270
886;0,6;8,55073;0,175147;343;380;70;175,637;175,637;335,896;269,038;267,601;267,648;48,8648;15,1745;7,57044;-3,88014;270
887;0,6;8,56866;0,175147;343;380;70;175,492;175,637;335,896;269,038;267,601;267,648;48,8648;15,1745;7,57044;-3,88014;270
888;0,6;8,54675;0,174663;343;380;70;175,347;175,492;335,896;269,038;267,601;267,648;48,8648;15,1745;7,57044;-3,88014;270
889;0,6;8,57907;0,187828;343;380;70;175,347;175,347;335,896;269,038;267,601;267,648;48,8648;15,1745;7,57044;-3,88014;270
890;0,6;8,55275;0,162048;343;380;70;175,347;175,492;335,642;268,483;267,647;267,922;48,9673;14,8741;7,75345;-3,66022;270
891;0,6;8,48183;0,380705;343;380;70;175,203;175,347;335,642;268,483;267,647;267,922;48,9673;14,8741;7,75345;-3,66022;270
892;0,6;8,48053;0,42163;343;380;70;175,203;175,347;335,642;268,483;267,647;267,922;48,9673;14,8741;7,75345;-3,66022;270
893;0,6;8,44393;0,407219;343;380;70;175,347;175,347;335,642;268,483;267,647;267,922;48,9673;14,8741;7,75345;-3,66022;270
894;0,6;8,53978;0,41711;343;380;70;175,203;175,492;335,748;269,277;267,702;267,938;48,5101;14,5071;7,93299;-3,92999;270
895;0,6;8,17989;0,403959;343;380;70;175,347;175,492;335,748;269,277;267,702;267,938;48,5101;14,5071;7,93299;-3,92999;270
896;0,6;8,12871;0,390808;343;380;70;175,347;175,347;335,748;269,277;267,702;267,938;48,5101;14,5071;7,93299;-3,92999;270
897;0,6;8,17989;0,403959;343;380;70;175,203;175,347;335,748;269,277;267,702;267,938;48,5101;14,5071;7,93299;-3,92999;270
898;0,6;8,18084;0,429103;343;380;70;175,058;175,058;335,654;268,962;267,751;267,953;48,5225;14,1812;8,10754;-3,76616;270
899;0,6;8,17989;0,405046;343;380;70;175,058;175,058;335,654;268,962;267,751;267,953;48,5225;14,1812;8,10754;-3,76616;270
900;0,6;8,1861;0,405139;343;380;70;174,913;174,913;335,654;268,962;267,751;267,953;48,5225;14,1812;8,10754;-3,76616;270
901;0,6;8,20294;0,431418;343;380;70;174,913;174,913;335,654;268,962;267,751;267,953;48,5225;14,1812;8,10754;-3,76616;270
902;0,6;8,28277;0,444059;343;380;70;174,769;174,769;335,694;269,138;267,789;267,945;49,0136;13,9344;8,2773;-3,19807;270
903;0,6;8,22737;0,41711;343;380;70;174,769;174,913;335,694;269,138;267,789;267,945;49,0136;13,9344;8,2773;-3,19807;270
904;0,6;8,21395;0,414865;343;380;70;174,913;174,913;335,694;269,138;267,789;267,945;49,0136;13,9344;8,2773;-3,19807;270
905;0,6;8,21542;0,428871;343;380;70;174,913;174,913;335,694;269,138;267,789;267,945;49,0136;13,9344;8,2773;-3,19807;270
906;0,6;8,24798;0,418264;343;380;70;174,769;174,913;335,456;271,742;267,826;268,26;49,1078;13,6947;8,44219;-3,02904;270
907;0,6;8,36058;0,470037;343;380;70;174,913;174,913;335,456;271,742;267,826;268,26;49,1078;13,6947;8,44219;-3,02904;270
908;0,6;8,36742;0,49607;343;380;70;174,913;175,058;335,456;271,742;267,826;268,26;49,1078;13,6947;8,44219;-3,02904;270
909;0,6;8,28509;0,486779;343;380;70;174,769;174,769;335,456;271,742;267,826;268,26;49,1078;13,6947;8,44219;-3,02904;270
910;0,6;8,31754;0,486779;343;380;70;174,769;174,769;335,372;271,163;267,887;268,193;47,9982;13,2903;8,6069;-3,89898;270
911;0,6;8,31803;0,48548;343;380;70;174,769;174,769;335,372;271,163;267,887;268,193;47,9982;13,2903;8,6069;-3,89898;270
912;0,6;8,28324;0,473503;343;380;70;174,769;174,624;335,372;271,163;267,887;268,193;47,9982;13,2903;8,6069;-3,89898;270
913;0,6;8,30016;0,47224;343;380;70;174,624;174,769;335,372;271,163;267,887;268,193;47,9982;13,2903;8,6069;-3,89898;270
914;0,6;8,36988;0,535484;343;380;70;174,769;174,769;335,481;271,355;267,936;268,022;47,9804;12,9615;8,76566;-3,74675;270
915;0,6;8,36988;0,535484;343;380;70;174,913;174,769;335,481;271,355;267,936;268,022;47,9804;12,9615;8,76566;-3,74675;270
916;0,6;8,36988;0,536925;343;380;70;174,769;174,913;335,481;271,355;267,936;268,022;47,9804;12,9615;8,76566;-3,74675;270
917;0,6;8,3904;0,536925;343;380;70;174,769;174,769;335,481;271,355;267,936;268,022;47,9804;12,9615;8,76566;-3,74675;270
918;0,6;8,38635;0,497138;343;380;70;174,769;174,769;335,496;270,455;267,971;268,022;48,5482;12,7304;8,92239;-3,1046;270
919;0,6;8,45651;0,806382;343;380;70;174,769;174,769;335,496;270,455;267,971;268,022;48,5482;12,7304;8,92239;-3,1046;270
920;0,6;8,50883;0,843689;343;380;70;174,913;174,769;335,496;270,455;267,971;268,022;48,5482;12,7304;8,92239;-3,1046;270
921;0,6;8,42195;0,790885;343;380;70;174,624;174,624;335,496;270,455;267,971;268,022;48,5482;12,7304;8,92239;-3,1046;270
922;0,6;8,47414;0,832754;343;380;70;174,769;174,769;335,352;270,997;268,001;267,987;49,0195;12,5349;9,07624;-2,59159;270
923;0,6;8,50703;0,872264;343;380;70;174,913;174,769;335,352;270,997;268,001;267,987;49,0195;12,5349;9,07624;-2,59159;270
924;0,6;8,44856;0,872331;343;380;70;174,769;174,769;335,352;270,997;268,001;267,987;49,0195;12,5349;9,07624;-2,59159;270
925;0,6;8,49162;0,881716;343;380;70;174,913;174,769;335,352;270,997;268,001;267,987;49,0195;12,5349;9,07624;-2,59159;270
926;0,6;8,50841;0,896292;343;380;70;174,913;174,913;335,398;271,27;268,033;268,05;49,02;12,3251;9,22462;-2,52969;270
927;0,6;8,54798;0,922026;343;380;70;174,913;175,058;335,398;271,27;268,033;268,05;49,02;12,3251;9,22462;-2,52969;270
928;0,6;8,57795;0,925075;343;380;70;174,913;174,913;335,398;271,27;268,033;268,05;49,02;12,3251;9,22462;-2,52969;270
929;0,6;8,63055;0,96724;343;380;70;174,913;174,913;335,398;271,27;268,033;268,05;49,02;12,3251;9,22462;-2,52969;270
930;0,6;8,62995;0,996342;343;380;70;174,769;174,769;335,328;272,85;268,078;268,163;48,3734;12,0258;9,37433;-3,02669;270
931;0,6;8,33844;0,993683;343;380;70;174,913;174,913;335,328;272,85;268,078;268,163;48,3734;12,0258;9,37433;-3,02669;270
932;0,6;8,34476;0,988365;343;380;70;174,769;174,913;335,328;272,85;268,078;268,163;48,3734;12,0258;9,37433;-3,02669;270
933;0,6;8,38898;0,98563;343;380;70;174,769;174,769;335,328;272,85;268,078;268,163;48,3734;12,0258;9,37433;-3,02669;270
934;0,6;8,33455;0,981376;343;380;70;174,769;174,913;335,305;271,615;268,132;268,117;47,5603;11,667;9,5177;-3,62436;270
935;0,6;8,39655;1,03241;343;380;70;174,769;174,913;335,305;271,615;268,132;268,117;47,5603;11,667;9,5177;-3,62436;270
936;0,6;8,49144;1,07753;343;380;70;174,769;174,769;335,305;271,615;268,132;268,117;47,5603;11,667;9,5177;-3,62436;270
937;0,6;8,43169;1,3097;343;380;70;174,913;174,913;335,305;271,615;268,132;268,117;47,5603;11,667;9,5177;-3,62436;270
938;0,6;8,44907;1,33961;343;380;70;174,769;174,913;335,236;271,113;268,189;268,44;46,9958;11,3;9,65499;-3,95916;270
939;0,6;8,46636;1,34906;343;380;70;174,769;174,769;335,236;271,113;268,189;268,44;46,9958;11,3;9,65499;-3,95916;270
940;0,6;8,62331;1,41873;343;380;70;174,769;174,624;335,236;271,113;268,189;268,44;46,9958;11,3;9,65499;-3,95916;270
941;0,6;8,62031;1,42253;343;380;70;174,624;174,624;335,236;271,113;268,189;268,44;46,9958;11,3;9,65499;-3,95916;270
942;0,6;8,53566;1,39769;343;380;70;174,624;174,624;335,466;271,39;268,246;268,5;46,555;10,9202;9,78912;-4,15436;270
943;0,6;8,55255;1,43191;343;380;70;174,624;174,624;335,466;271,39;268,246;268,5;46,555;10,9202;9,78912;-4,15436;270
944;0,6;8,56947;1,4583;343;380;70;174,624;174,624;335,466;271,39;268,246;268,5;46,555;10,9202;9,78912;-4,15436;270
945;0,6;8,63962;1,46754;343;380;70;174,624;174,624;335,466;271,39;268,246;268,5;46,555;10,9202;9,78912;-4,15436;270
946;0,6;8,65172;1,4716;343;380;70;174,624;174,624;335,761;270,81;268,299;268,47;46,4599;10,5693;9,92038;-4,02976;270
947;0,6;8,99362;1,50429;343;380;70;174,624;174,769;335,761;270,81;268,299;268,47;46,4599;10,5693;9,92038;-4,02976;270
948;0,6;9,04671;1,52832;343;380;70;174,624;174,624;335,761;270,81;268,299;268,47;46,4599;10,5693;9,92038;-4,02976;270
949;0,6;9,08307;1,54155;343;380;70;174,769;174,769;335,761;270,81;268,299;268,47;46,4599;10,5693;9,92038;-4,02976;270
950;0,6;9,11617;1,58123;343;380;70;174,624;174,769;335,649;269,663;268,353;268,605;46,1919;10,2113;10,0472;-4,06659;270
951;0,6;9,17243;1,58981;343;380;70;174,624;174,624;335,649;269,663;268,353;268,605;46,1919;10,2113;10,0472;-4,06659;270
952;0,6;9,20737;1,60337;343;380;70;174,624;174,624;335,649;269,663;268,353;268,605;46,1919;10,2113;10,0472;-4,06659;270
953;0,6;9,22708;1,83669;343;380;70;174,479;174,479;335,649;269,663;268,353;268,605;46,1919;10,2113;10,0472;-4,06659;270
954;0,6;9,25844;1,88901;343;380;70;174,479;174,624;335,288;270,005;268,418;268,688;45,4014;9,78306;10,1674;-4,54902;270
955;0,6;9,21978;1,88901;343;380;70;174,479;174,624;335,288;270,005;268,418;268,688;45,4014;9,78306;10,1674;-4,54902;270
956;0,6;9,29032;1,94673;343;380;70;174,624;174,479;335,288;270,005;268,418;268,688;45,4014;9,78306;10,1674;-4,54902;270
957;0,6;9,27242;1,93357;343;380;70;174,624;174,624;335,288;270,005;268,418;268,688;45,4014;9,78306;10,1674;-4,54902;270
958;0,6;9,29032;1,95196;343;380;70;174,624;174,624;335,177;270,773;268,478;268,73;45,212;9,39136;10,2829;-4,46224;270
959;0,6;9,28594;1,97303;343;380;70;174,624;174,624;335,177;270,773;268,478;268,73;45,212;9,39136;10,2829;-4,46224;270
960;0,6;9,24956;1,96772;343;380;70;174,624;174,624;335,177;270,773;268,478;268,73;45,212;9,39136;10,2829;-4,46224;270
961;0,6;9,30504;2,01789;343;380;70;174,624;174,479;335,177;270,773;268,478;268,73;45,212;9,39136;10,2829;-4,46224;270
962;0,6;9,33835;2,02872;343;380;70;174,624;174,479;335,095;271,72;268,536;268,815;44,9767;9,00893;10,395;-4,4272;270
963;0,6;9,44844;2,06788;343;380;70;174,479;174,479;335,095;271,72;268,536;268,815;44,9767;9,00893;10,395;-4,4272;270
964;0,6;9,41241;2,0388;343;380;70;174,479;174,479;335,095;271,72;268,536;268,815;44,9767;9,00893;10,395;-4,4272;270
965;0,6;9,48508;2,07621;343;380;70;174,335;174,479;335,095;271,72;268,536;268,815;44,9767;9,00893;10,395;-4,4272;270
966;0,6;9,52023;2,11588;343;380;70;174,335;174,479;334,88;272,03;268,607;268,948;44,0983;8,538;10,5025;-4,94225;270
967;0,6;9,56757;2,15286;343;380;70;174,335;174,479;334,88;272,03;268,607;268,948;44,0983;8,538;10,5025;-4,94225;270
968;0,6;9,56539;2,17032;343;380;70;174,479;174,479;334,88;272,03;268,607;268,948;44,0983;8,538;10,5025;-4,94225;270
969;0,6;9,51784;2,12872;343;380;70;174,479;174,624;334,88;272,03;268,607;268,948;44,0983;8,538;10,5025;-4,94225;270
970;0,6;9,54807;2,39961;343;380;70;174,624;174,479;334,794;271,682;268,686;269,115;43,1202;8,0122;10,6035;-5,49556;270
971;0,6;9,60004;2,43643;343;380;70;174,624;174,479;334,794;271,682;268,686;269,115;43,1202;8,0122;10,6035;-5,49556;270
972;0,6;9,54122;2,42593;343;380;70;174,479;174,479;334,794;271,682;268,686;269,115;43,1202;8,0122;10,6035;-5,49556;270
973;0,6;9,59231;2,45851;343;380;70;174,479;174,479;334,794;271,682;268,686;269,115;43,1202;8,0122;10,6035;-5,49556;270
974;0,6;9,59533;2,43864;343;380;70;174,479;174,479;334,633;271,333;268,761;269,128;42,6647;7,52324;10,6958;-5,55436;270
975;0,6;9,60978;2,47786;343;380;70;174,335;174,479;334,633;271,333;268,761;269,128;42,6647;7,52324;10,6958;-5,55436;270
976;0,6;9,75597;2,5366;343;380;70;174,479;174,479;334,633;271,333;268,761;269,128;42,6647;7,52324;10,6958;-5,55436;270
977;0,6;9,73865;2,53059;343;380;70;174,479;174,479;334,633;271,333;268,761;269,128;42,6647;7,52324;10,6958;-5,55436;270
978;0,6;9,71876;2,53744;343;380;70;174,479;174,335;334,269;271,307;268,819;268,897;43,0573;7,1405;10,7845;-4,8677;270
979;0,6;9,79753;2,55743;343;380;70;174,479;174,624;334,269;271,307;268,819;268,897;43,0573;7,1405;10,7845;-4,8677;270
980;0,6;9,88546;2,60462;343;380;70;174,624;174,624;334,269;271,307;268,819;268,897;43,0573;7,1405;10,7845;-4,8677;270
981;0,6;9,84375;2,57678;343;380;70;174,479;174,479;334,269;271,307;268,819;268,897;43,0573;7,1405;10,7845;-4,8677;270
982;0,6;9,82191;2,62964;343;380;70;174,624;174,479;333,809;271,592;268,88;269,08;42,9058;6,74162;10,8689;-4,70473;270
983;0,6;9,83272;2,61004;343;380;70;174,479;174,624;333,809;271,592;268,88;269,08;42,9058;6,74162;10,8689;-4,70473;270
984;0,6;9,92092;2,62926;343;380;70;174,479;174,479;333,809;271,592;268,88;269,08;42,9058;6,74162;10,8689;-4,70473;270
985;0,6;9,97927;2,63525;343;380;70;174,479;174,479;333,809;271,592;268,88;269,08;42,9058;6,74162;10,8689;-4,70473;270
986;0,6;10,0081;2,93662;343;380;70;174,479;174,479;333,321;270,853;268,945;269,23;42,4358;6,30376;10,9488;-4,81678;270
987;0,6;10,022;2,9665;343;380;70;174,479;174,624;333,321;270,853;268,945;269,23;42,4358;6,30376;10,9488;-4,81678;270
988;0,6;9,96023;2,95486;343;380;70;174,479;174,624;333,321;270,853;268,945;269,23;42,4358;6,30376;10,9488;-4,81678;270
989;0,6;10,0229;2,97297;343;380;70;174,624;174,624;333,321;270,853;268,945;269,23;42,4358;6,30376;10,9488;-4,81678;270
990;0,6;10,1041;2,97016;343;380;70;174,624;174,769;332,868;271,228;269,014;269,422;41,839;5,8469;11,0227;-5,03105;270
991;0,6;10,0633;2,97084;343;380;70;174,769;174,769;332,868;271,228;269,014;269,422;41,839;5,8469;11,0227;-5,03105;270
992;0,6;10,0537;3,00708;343;380;70;174,624;174,769;332,868;271,228;269,014;269,422;41,839;5,8469;11,0227;-5,03105;270
993;0,6;10,0852;3,04977;343;380;70;174,769;174,769;332,868;271,228;269,014;269,422;41,839;5,8469;11,0227;-5,03105;270
994;0,6;10,0232;3,03662;343;380;70;174,624;174,624;332,553;271,842;269,081;269,467;41,5171;5,40857;11,091;-4,98242;270
995;0,6;10,1679;3,08946;343;380;70;174,624;174,624;332,553;271,842;269,081;269,467;41,5171;5,40857;11,091;-4,98242;270
996;0,6;10,2173;3,09927;343;380;70;174,624;174,624;332,553;271,842;269,081;269,467;41,5171;5,40857;11,091;-4,98242;270
997;0,6;10,1371;3,08091;343;380;70;174,624;174,624;332,553;271,842;269,081;269,467;41,5171;5,40857;11,091;-4,98242;270
998;0,6;10,2139;3,10716;343;380;70;174,624;174,624;332,123;272,24;269,147;269,5;41,1542;4,97831;11,153;-4,9771;270
999;0,6;10,269;3,15874;343;380;70;174,624;174,769;332,123;272,24;269,147;269,5;41,1542;4,97831;11,153;-4,9771;270
1000;0,6;10,2566;3,17197;343;380;70;174,769;174,769;332,123;272,24;269,147;269,5;41,1542;4,97831;11,153;-4,9771;270
1001;0,6;10,262;3,4014;343;380;70;174,769;174,913;332,123;272,24;269,147;269,5;41,1542;4,97831;11,153;-4,9771;270
1002;0,6;10,2757;3,41812;343;380;70;174,769;174,769;331,9;272,795;269,212;269,59;21,4009;4,54853;-8,22865;-4,91896;270
1003;0,6;10,2937;3,44074;343;380;70;174,769;174,769;331,9;272,795;269,212;269,59;21,4009;4,54853;-8,22865;-4,91896;270
1004;0,6;10,3561;3,44074;343;380;70;174,769;174,769;331,9;272,795;269,212;269,59;21,4009;4,54853;-8,22865;-4,91896;270
1005;0,6;10,3314;3,46318;343;380;70;174,769;174,769;331,9;272,795;269,212;269,59;21,4009;4,54853;-8,22865;-4,91896;270
1006;0,6;10,3633;3,47848;343;380;70;174,624;174,624;331,169;271,97;269,284;269,88;19,128;4,07076;-9,75229;-5,19044;270
1007;0,6;10,3488;3,46699;343;380;70;174,624;174,624;331,169;271,97;269,284;269,88;19,128;4,07076;-9,75229;-5,19044;270
1008;0,6;10,7042;3,49322;343;380;70;174,624;174,769;331,169;271,97;269,284;269,88;19,128;4,07076;-9,75229;-5,19044;270
1009;0,6;10,6507;3,52895;343;380;70;174,769;174,913;331,169;271,97;269,284;269,88;19,128;4,07076;-9,75229;-5,19044;270
1010;0,6;10,6945;3,52895;343;380;70;174,913;174,913;329,201;272,893;269,361;269,795;18,3076;3,56061;-9,70579;-5,54721;270
1011;0,6;10,8175;3,54569;343;380;70;174,913;175,058;329,201;272,893;269,361;269,795;18,3076;3,56061;-9,70579;-5,54721;270
1012;0,6;10,8214;3,78453;343;380;70;175,058;175,203;329,201;272,893;269,361;269,795;18,3076;3,56061;-9,70579;-5,54721;270
1013;0,6;10,9047;3,84237;343;380;70;175,058;175,058;329,201;272,893;269,361;269,795;18,3076;3,56061;-9,70579;-5,54721;270
1014;0,6;10,8377;3,83346;343;380;70;175,203;175,203;327,04;272,603;269,444;270,195;18,4933;3,01779;-10,9282;-3,66335;270
1015;0,6;10,7854;3,81621;343;380;70;175,203;175,203;327,04;272,603;269,444;270,195;18,4933;3,01779;-10,9282;-3,66335;270
1016;0,6;10,9047;3,84207;343;380;70;175,203;175,347;327,04;272,603;269,444;270,195;18,4933;3,01779;-10,9282;-3,66335;270
1017;0,6;10,8993;3,86617;343;380;70;175,347;175,492;327,04;272,603;269,444;270,195;18,4933;3,01779;-10,9282;-3,66335;270
1018;0,6;10,8674;3,9029;343;380;70;175,347;175,347;324,621;271,283;269,527;269,695;20;2,46834;-12,4683;0;270
1019;0,6;10,8723;3,88975;343;380;70;175,347;175,492;324,621;271,283;269,527;269,695;20;2,46834;-12,4683;0;270
1020;0,6;10,5092;3,90051;343;380;70;175,492;175,637;324,621;271,283;269,527;269,695;20;2,46834;-12,4683;0;270
1021;0,6;10,5393;3,9292;343;380;70;175,492;175,492;324,621;271,283;269,527;269,695;20;2,46834;-12,4683;0;270
1022;0,6;10,6308;3,93634;343;380;70;175,637;175,637;322,63;271,815;269,594;270,04;20;2,02686;-12,0269;0;270
1023;0,6;10,5738;3,9233;343;380;70;175,637;175,781;322,63;271,815;269,594;270,04;20;2,02686;-12,0269;0;270
1024;0,6;10,6525;3,96958;343;380;70;175,492;175,637;322,63;271,815;269,594;270,04;20;2,02686;-12,0269;0;270
1025;0,6;10,6345;3,96867;343;380;70;175,492;175,492;322,63;271,815;269,594;270,04;20;2,02686;-12,0269;0;270
1026;0,6;10,7043;3,75852;343;380;70;175,347;175,492;320,851;271,5;269,641;270,005;20;1,71365;-11,7137;0;270
1027;0,6;10,6423;3,74245;343;380;70;175,492;175,347;320,851;271,5;269,641;270,005;20;1,71365;-11,7137;0;270
1028;0,6;10,7835;3,77415;343;380;70;175,492;175,347;320,851;271,5;269,641;270,005;20;1,71365;-11,7137;0;270
1029;0,6;10,7488;3,74806;343;380;70;175,492;175,492;320,851;271,5;269,641;270,005;20;1,71365;-11,7137;0;270
1030;0,6;10,5274;3,78438;343;380;70;175,492;175,492;319,085;271,58;269,692;270,263;20;1,37464;-11,3746;0;270
1031;0,6;10,5003;3,80069;343;380;70;175,347;175,492;319,085;271,58;269,692;270,263;20;1,37464;-11,3746;0;270
1032;0,6;10,4756;3,81086;343;380;70;175,492;175,637;319,085;271,58;269,692;270,263;20;1,37464;-11,3746;0;270
1033;0,6;10,4415;3,77707;343;380;70;175,637;175,492;319,085;271,58;269,692;270,263;20;1,37464;-11,3746;0;270
1034;0,6;10,4762;3,82116;343;380;70;175,492;175,637;317,526;271,318;269,732;268,77;20;1,10867;-11,1087;0;270
1035;0,6;10,537;3,86472;343;380;70;175,492;175,637;317,526;271,318;269,732;268,77;20;1,10867;-11,1087;0;270
1036;0,6;10,5298;3,86815;343;380;70;175,492;175,637;317,526;271,318;269,732;268,77;20;1,10867;-11,1087;0;270
1037;0,6;10,1844;3,88407;343;380;70;175,492;175,492;317,526;271,318;269,732;268,77;20;1,10867;-11,1087;0;270
1038;0,6;10,2178;3,89452;343;380;70;175,492;175,492;316,164;271,31;269,695;268,825;20;1,34913;-11,3491;0;270
1039;0,6;10,2225;3,89722;343;380;70;175,492;175,637;316,164;271,31;269,695;268,825;20;1,34913;-11,3491;0;270
1040;0,6;10,1344;3,90046;343;380;70;175,637;175,637;316,164;271,31;269,695;268,825;20;1,34913;-11,3491;0;270
1041;0,6;10,1266;3,93668;343;380;70;175,637;175,637;316,164;271,31;269,695;268,825;20;1,34913;-11,3491;0;270
1042;0,6;10,1819;3,92609;343;380;70;175,637;175,637;314,982;271,288;269,702;269,233;20;1,30541;-11,3054;0;270
1043;0,6;9,94882;3,95233;343;380;70;175,781;175,637;314,982;271,288;269,702;269,233;20;1,30541;-11,3054;0;270
1044;0,6;9,98711;3,97615;343;380;70;175,637;175,637;314,982;271,288;269,702;269,233;20;1,30541;-11,3054;0;270
1045;0,6;9,98711;3,97615;343;380;70;175,492;175,637;314,982;271,288;269,702;269,233;20;1,30541;-11,3054;0;270
1046;0,6;10,0656;3,99168;343;380;70;175,637;175,492;313,687;271,622;269,725;269,723;20;1,15931;-11,1593;0;270
1047;0,6;10,0249;3,97857;343;380;70;175,492;175,492;313,687;271,622;269,725;269,723;20;1,15931;-11,1593;0;270
1048;0,6;10,0485;3,96576;343;380;70;175,492;175,492;313,687;271,622;269,725;269,723;20;1,15931;-11,1593;0;270
1049;0,6;10,0422;3,99168;343;380;70;175,492;175,492;313,687;271,622;269,725;269,723;20;1,15931;-11,1593;0;270
1050;0,6;9,76922;4,0156;343;380;70;175,637;175,637;312,642;271,438;269,715;267,975;40,9;1,21548;9,13452;0;270
1051;0,6;9,78061;4,24755;343;380;70;175,637;175,637;312,642;271,438;269,715;267,975;40,9;1,21548;9,13452;0;270
1052;0,6;9,7181;4,25443;343;380;70;175,637;175,637;312,642;271,438;269,715;267,975;40,9;1,21548;9,13452;0;270
1053;0,6;9,73806;4,22489;343;380;70;175,781;175,781;312,642;271,438;269,715;267,975;40,9;1,21548;9,13452;0;270
1054;0,6;9,85273;4,26247;343;380;70;175,926;175,926;312,179;271,11;269,645;268,635;42;1,68037;10,3196;0;270
1055;0,6;9,96537;4,31361;343;380;70;175,781;175,781;312,179;271,11;269,645;268,635;42;1,68037;10,3196;0;270
1056;0,6;9,88479;4,28995;343;380;70;175,781;175,781;312,179;271,11;269,645;268,635;42;1,68037;10,3196;0;270
1057;0,6;9,46959;4,26531;343;380;70;175,637;175,781;312,179;271,11;269,645;268,635;42;1,68037;10,3196;0;270
1058;0,6;9,5063;4,30161;343;380;70;175,637;175,637;313,116;272,135;269,646;269,893;42;1,68069;10,3193;0;270
1059;0,6;9,52635;4,32495;343;380;70;175,637;175,637;313,116;272,135;269,646;269,893;42;1,68069;10,3193;0;270
1060;0,6;9,52579;4,31328;343;380;70;175,492;175,492;313,116;272,135;269,646;269,893;42;1,68069;10,3193;0;270
1061;0,6;9,59495;4,6124;343;380;70;175,492;175,492;313,116;272,135;269,646;269,893;42;1,68069;10,3193;0;270
1062;0,6;9,55981;4,59329;343;380;70;175,492;175,492;314,896;271,293;269,719;270,45;42;1,19912;10,8009;0;270
1063;0,6;9,54081;4,59329;343;380;70;175,492;175,492;314,896;271,293;269,719;270,45;42;1,19912;10,8009;0;270
1064;0,6;9,61458;4,63234;343;380;70;175,492;175,492;314,896;271,293;269,719;270,45;42;1,19912;10,8009;0;270
1065;0,6;9,63422;4,64445;343;380;70;175,347;175,492;314,896;271,293;269,719;270,45;42;1,19912;10,8009;0;270
1066;0,6;9,65158;4,65763;343;380;70;175,347;175,347;316,774;271,228;269,815;270,098;42;0,564524;11,4355;0;270
1067;0,6;9,62991;4,93995;343;380;70;175,203;175,203;316,774;271,228;269,815;270,098;42;0,564524;11,4355;0;270
1068;0,6;9,33577;4,94033;343;380;70;175,058;175,203;316,774;271,228;269,815;270,098;42;0,564524;11,4355;0;270
1069;0,6;9,31475;4,88753;343;380;70;175,058;175,203;316,774;271,228;269,815;270,098;42;0,564524;11,4355;0;270
1070;0,6;9,36199;4,90072;343;380;70;175,058;175,058;318,411;271,34;269,846;269,402;42;0,359679;11,6403;0;270
1071;0,6;9,70891;5,12932;343;380;70;175,058;175,058;318,411;271,34;269,846;269,402;42;0,359679;11,6403;0;270
1072;0,6;9,66893;5,12932;343;380;70;175,058;175,058;318,411;271,34;269,846;269,402;42;0,359679;11,6403;0;270
1073;0,6;9,62952;5,12932;343;380;70;175,058;175,203;318,411;271,34;269,846;269,402;42;0,359679;11,6403;0;270
1074;0,6;9,6839;5,39735;343;380;70;175,058;175,203;319,711;271,738;269,846;269,565;42;0,357836;11,6422;0;270
1075;0,6;9,71311;5,39545;343;380;70;175,058;175,058;319,711;271,738;269,846;269,565;42;0,357836;11,6422;0;270
1076;0,6;9,73839;5,61907;343;380;70;175,058;174,913;319,711;271,738;269,846;269,565;42;0,357836;11,6422;0;270
1077;0,6;9,68085;5,6139;343;380;70;175,058;174,913;319,711;271,738;269,846;269,565;42;0,357836;11,6422;0;270
1078;0,6;9,64684;5,59522;343;380;70;174,769;174,769;320,879;271,027;269,838;269,932;42;0,410612;11,5894;0;270
1079;0,6;9,70122;5,87812;343;380;70;174,769;174,769;320,879;271,027;269,838;269,932;42;0,410612;11,5894;0;270
1080;0,6;10,0659;5,94168;343;380;70;174,769;174,769;320,879;271,027;269,838;269,932;42;0,410612;11,5894;0;270
1081;0,6;9,9662;5,86176;343;380;70;174,769;174,769;320,879;271,027;269,838;269,932;42;0,410612;11,5894;0;270
1082;0,6;9,99362;6,12831;343;380;70;174,624;174,624;321,668;271,375;269,857;270,105;42;0,28383;11,7162;0;270
1083;0,6;10,013;6,12831;343;380;70;174,624;174,624;321,668;271,375;269,857;270,105;42;0,28383;11,7162;0;270
1084;0,6;10,1099;6,17109;343;380;70;174,624;174,769;321,668;271,375;269,857;270,105;42;0,28383;11,7162;0;270
1085;0,6;10,1044;6,42094;343;380;70;174,769;174,769;321,668;271,375;269,857;270,105;42;0,28383;11,7162;0;270
1086;0,6;10,3495;6,42137;343;380;70;174,769;174,769;322,445;271,785;269,896;269,955;42;0,040818;11,9592;0;270
1087;0,6;10,3236;6,48207;343;380;70;174,624;174,624;322,445;271,785;269,896;269,955;42;0,040818;11,9592;0;270
1088;0,6;10,4065;6,44315;343;380;70;174,624;174,624;322,445;271,785;269,896;269,955;42;0,040818;11,9592;0;270
1089;0,6;10,4137;6,65922;343;380;70;174,624;174,479;322,445;271,785;269,896;269,955;42;0,040818;11,9592;0;270
1090;0,6;10,8518;6,7347;343;380;70;174,479;174,479;323,078;271,608;269,919;269,807;42;0;12;0;270
1091;0,6;10,7898;6,68493;343;380;70;174,479;174,479;323,078;271,608;269,919;269,807;42;0;12;0;270
1092;0,6;10,7365;6,93367;343;380;70;174,335;174,335;323,078;271,608;269,919;269,807;42;0;12;0;270
1093;0,6;10,7898;6,9454;343;380;70;174,479;174,479;323,078;271,608;269,919;269,807;42;0;12;0;270
1094;0,6;11,1226;6,99047;343;380;70;174,479;174,479;323,31;272,423;269,918;269,772;42;0;12;0;270
1095;0,6;11,1052;7,22035;343;380;70;174,479;174,479;323,31;272,423;269,918;269,772;42;0;12;0;270
1096;0,6;11,1479;7,23972;343;380;70;174,479;174,479;323,31;272,423;269,918;269,772;42;0;12;0;270
1097;0,6;11,0995;7,18185;343;380;70;174,335;174,335;323,31;272,423;269,918;269,772;42;0;12;0;270
1098;0,6;11,3993;7,20098;343;380;70;174,479;174,335;323,901;271,062;269,926;269,293;42;0;12;0;270
1099;0,6;11,4666;7,45658;343;380;70;174,479;174,335;323,901;271,062;269,926;269,293;42;0;12;0;270
1100;0,6;11,4376;7,43706;343;380;70;174,335;174,335;323,901;271,062;269,926;269,293;42;0;12;0;270
1101;0,6;11,4713;7,48983;343;380;70;174,335;174,335;323,901;271,062;269,926;269,293;42;0;12;0;270
1102;0,6;11,722;7,46344;343;380;70;174,335;174,335;324,509;271,683;269,902;269,342;42;0,0217237;11,9783;0;270
1103;0,6;11,6764;7,7461;343;380;70;174,335;174,335;324,509;271,683;269,902;269,342;42;0,0217237;11,9783;0;270
1104;0,6;11,7238;7,80845;343;380;70;174,335;174,335;324,509;271,683;269,902;269,342;42;0,0217237;11,9783;0;270
1105;0,6;12,0306;7,74044;343;380;70;174,479;174,479;324,509;271,683;269,902;269,342;42;0,0217237;11,9783;0;270
1106;0,6;11,9742;7,67269;343;380;70;174,335;174,479;324,778;271,325;269,872;269,425;42;0,186325;11,8137;0;270
1107;0,6;12,026;7,98578;343;380;70;174,479;174,479;324,778;271,325;269,872;269,425;42;0,186325;11,8137;0;270
1108;0,6;11,957;7,98701;343;380;70;174,335;174,479;324,778;271,325;269,872;269,425;42;0,186325;11,8137;0;270
1109;0,6;12,4156;7,98356;343;380;70;174,479;174,479;324,778;271,325;269,872;269,425;42;0,186325;11,8137;0;270
1110;0,6;12,3469;7,92323;343;380;70;174,479;174,479;325,007;271,29;269,864;269,833;42;0,240299;11,7597;0;270
1111;0,6;12,3757;8,16631;343;380;70;174,335;174,335;325,007;271,29;269,864;269,833;42;0,240299;11,7597;0;270
1112;0,6;12,6734;8,19269;343;380;70;174,479;174,479;325,007;271,29;269,864;269,833;42;0,240299;11,7597;0;270
1113;0,6;12,6515;8,20589;343;380;70;174,335;174,479;325,007;271,29;269,864;269,833;42;0,240299;11,7597;0;270
1114;0,6;12,6103;8,1795;343;380;70;174,479;174,479;325,323;271,8;269,862;269,383;42;0,250708;11,7493;0;270
1115;0,6;13,016;8,20589;343;380;70;174,479;174,479;325,323;271,8;269,862;269,383;42;0,250708;11,7493;0;270
1116;0,6;12,9987;8,43577;343;380;70;174,479;174,479;325,323;271,8;269,862;269,383;42;0,250708;11,7493;0;270
1117;0,6;12,9905;8,4094;343;380;70;174,624;174,624;325,323;271,8;269,862;269,383;42;0,250708;11,7493;0;270
1118;0,6;13,2661;8,41874;343;380;70;174,624;174,479;325,086;272,198;269,808;269,18;42;0,599333;11,4007;0;270
1119;0,6;13,3656;8,43196;343;380;70;174,479;174,624;325,086;272,198;269,808;269,18;42;0,599333;11,4007;0;270
1120;0,6;13,4327;8,40063;343;380;70;174,479;174,624;325,086;272,198;269,808;269,18;42;0,599333;11,4007;0;270
1121;0,6;13,3551;8,42258;343;380;70;174,479;174,624;325,086;272,198;269,808;269,18;42;0,599333;11,4007;0;270
1122;0,6;13,706;8,65248;343;380;70;174,479;174,479;324,947;270,21;269,766;269,145;42;0,881553;11,1184;0;270
1123;0,6;13,652;8,62743;343;380;70;174,479;174,479;324,947;270,21;269,766;269,145;42;0,881553;11,1184;0;270
1124;0,6;13,652;8,62611;343;380;70;174,479;174,479;324,947;270,21;269,766;269,145;42;0,881553;11,1184;0;270
1125;0,6;13,9332;8,61612;343;380;70;174,479;174,479;324,947;270,21;269,766;269,145;42;0,881553;11,1184;0;270
1126;0,6;13,8985;8,56671;343;380;70;174,479;174,624;325,447;271,033;269,725;269,325;42;1,1505;10,8495;0;270
1127;0,6;13,7674;8,5267;343;380;70;174,479;174,624;325,447;271,033;269,725;269,325;42;1,1505;10,8495;0;270
1128;0,6;13,8934;8,88238;343;380;70;174,479;174,624;325,447;271,033;269,725;269,325;42;1,1505;10,8495;0;270
1129;0,6;14,126;8,85333;343;380;70;174,479;174,479;325,447;271,033;269,725;269,325;42;1,1505;10,8495;0;270
1130;0,6;14,0953;8,84282;343;380;70;174,335;174,335;325,797;269,905;269,698;269,308;42;1,32797;10,672;0;270
1131;0,6;14,1423;8,85601;343;380;70;174,335;174,335;325,797;269,905;269,698;269,308;42;1,32797;10,672;0;270
1132;0,6;14,4619;8,81571;343;380;70;174,335;174,335;325,797;269,905;269,698;269,308;42;1,32797;10,672;0;270
1133;0,6;14,4392;8,74481;343;380;70;174,335;174,335;325,797;269,905;269,698;269,308;42;1,32797;10,672;0;270
1134;0,6;14,3797;8,73171;343;380;70;174,335;174,335;326,18;269,91;269,669;269,323;42;1,52265;10,4773;0;270
1135;0,6;14,4274;8,7928;343;380;70;174,335;174,335;326,18;269,91;269,669;269,323;42;1,52265;10,4773;0;270
1136;0,6;14,8676;8,84011;343;380;70;174,479;174,479;326,18;269,91;269,669;269,323;42;1,52265;10,4773;0;270
1137;0,6;14,8502;9,04702;343;380;70;174,335;174,335;326,18;269,91;269,669;269,323;42;1,52265;10,4773;0;270
1138;0,6;14,8327;9,00891;343;380;70;174,479;174,479;326,478;270,225;269,63;268,958;42;1,78009;10,2199;0;270
1139;0,6;15,0436;8,96395;343;380;70;174,479;174,479;326,478;270,225;269,63;268,958;42;1,78009;10,2199;0;270
1140;0,6;15,0859;8,98261;343;380;70;174,335;174,479;326,478;270,225;269,63;268,958;42;1,78009;10,2199;0;270
1141;0,6;15,1806;8,98261;343;380;70;174,335;174,479;326,478;270,225;269,63;268,958;42;1,78009;10,2199;0;270
1142;0,6;15,2077;8,9329;343;380;70;174,335;174,335;326,509;269,565;269,594;268,997;42;2,01346;9,98654;0;270
1143;0,6;15,4719;8,98261;343;380;70;174,335;174,335;326,509;269,565;269,594;268,997;42;2,01346;9,98654;0;270
1144;0,6;15,4719;8,99089;343;380;70;174,335;174,335;326,509;269,565;269,594;268,997;42;2,01346;9,98654;0;270
1145;0,6;15,4186;8,96722;343;380;70;174,479;174,479;326,509;269,565;269,594;268,997;42;2,01346;9,98654;0;270
1146;0,6;15,4369;9,0045;343;380;70;174,479;174,479;326,306;269,02;269,571;269,283;42;2,16514;9,83486;0;270
1147;0,6;15,7952;9,01533;343;380;70;174,479;174,479;326,306;269,02;269,571;269,283;42;2,16514;9,83486;0;270
1148;0,6;15,644;8,96722;343;380;70;174,479;174,479;326,306;269,02;269,571;269,283;42;2,16514;9,83486;0;270
1149;0,6;15,6449;9,2103;343;380;70;174,479;174,479;326,306;269,02;269,571;269,283;42;2,16514;9,83486;0;270
1150;0,6;15,6111;9,18392;343;380;70;174,479;174,479;325,303;268,902;269,542;269,305;42;2,35917;9,64083;0;270
1151;0,6;15,9761;9,07004;343;380;70;174,479;174,479;325,303;268,902;269,542;269,305;42;2,35917;9,64083;0;270
1152;0,6;15,8757;9,06835;343;380;70;174,479;174,479;325,303;268,902;269,542;269,305;42;2,35917;9,64083;0;270
1153;0,6;15,9752;9,07004;343;380;70;174,479;174,479;325,303;268,902;269,542;269,305;42;2,35917;9,64083;0;270
1154;0,6;16,2651;9,02097;343;380;70;174,479;174,335;324,86;269,175;269,522;269,1;42;2,49673;9,50327;0;270
1155;0,6;16,2579;9,05855;343;380;70;174,335;174,335;324,86;269,175;269,522;269,1;42;2,49673;9,50327;0;270
1156;0,6;16,2302;9,04388;343;380;70;174,335;174,335;324,86;269,175;269,522;269,1;42;2,49673;9,50327;0;270
1157;0,6;16,2302;9,04388;343;380;70;174,479;174,335;324,86;269,175;269,522;269,1;42;2,49673;9,50327;0;270
1158;0,6;16,1595;9,01659;343;380;70;174,335;174,335;325,001;270,435;269,503;269,075;42;2,62313;9,37687;0;270
1159;0,6;16,4171;9,03709;343;380;70;174,479;174,479;325,001;270,435;269,503;269,075;42;2,62313;9,37687;0;270
1160;0,6;16,3526;8,97916;343;380;70;174,335;174,335;325,001;270,435;269,503;269,075;42;2,62313;9,37687;0;270
1161;0,6;16,3978;9,02622;343;380;70;174,335;174,335;325,001;270,435;269,503;269,075;42;2,62313;9,37687;0;270
1162;0,6;16,2939;8,95099;343;380;70;174,19;174,335;325,267;270,023;269,493;269,165;42;2,68649;9,31351;0;270
1163;0,6;16,3792;8,97717;343;380;70;174,19;174,335;325,267;270,023;269,493;269,165;42;2,68649;9,31351;0;270
1164;0,6;16,6828;8,90872;343;380;70;174,19;174,19;325,267;270,023;269,493;269,165;42;2,68649;9,31351;0;270
1165;0,6;16,7168;8,95508;343;380;70;174,19;174,19;325,267;270,023;269,493;269,165;42;2,68649;9,31351;0;270
1166;0,6;16,7672;9,05202;343;380;70;174,19;174,19;325,884;270,64;269,478;268,812;42;2,78141;9,21859;0;270
1167;0,6;16,562;9,03432;343;380;70;174,19;174,19;325,884;270,64;269,478;268,812;42;2,78141;9,21859;0;270
1168;0,6;16,6646;9,03432;343;380;70;174,19;174,19;325,884;270,64;269,478;268,812;42;2,78141;9,21859;0;270
1169;0,6;17,0024;8,99698;343;380;70;174,19;174,19;325,884;270,64;269,478;268,812;42;2,78141;9,21859;0;270
1170;0,6;16,9495;8,95972;343;380;70;174,19;174,335;326,306;270,6;269,452;269,122;42;2,95358;9,04642;0;270
1171;0,6;17,0044;8,94883;343;380;70;174,19;174,19;326,306;270,6;269,452;269,122;42;2,95358;9,04642;0;270
1172;0,6;16,8449;8,88882;343;380;70;174,045;174,19;326,306;270,6;269,452;269,122;42;2,95358;9,04642;0;270
1173;0,6;16,7632;8,88306;343;380;70;174,045;174,045;326,306;270,6;269,452;269,122;42;2,95358;9,04642;0;270
1174;0,6;17,0779;8,8839;343;380;70;173,9;173,9;326,257;270,39;269,413;268,76;42;3,21043;8,78957;0;270
1175;0,6;17,0956;8,85848;343;380;70;174,045;173,9;326,257;270,39;269,413;268,76;42;3,21043;8,78957;0;270
1176;0,6;17,148;8,89621;343;380;70;173,9;174,045;326,257;270,39;269,413;268,76;42;3,21043;8,78957;0;270
1177;0,6;17,0265;8,85421;343;380;70;174,045;173,9;326,257;270,39;269,413;268,76;42;3,21043;8,78957;0;270
1178;0,6;16,9416;8,8085;343;380;70;174,045;174,045;326,419;270,492;269,377;268,825;42;3,44832;8,55168;0;270
1179;0,6;17,0295;8,83046;343;380;70;173,9;173,9;326,419;270,492;269,377;268,825;42;3,44832;8,55168;0;270
1180;0,6;17,2519;8,81295;343;380;70;173,9;174,045;326,419;270,492;269,377;268,825;42;3,44832;8,55168;0;270
1181;0,6;17,2752;8,84747;343;380;70;173,9;174,045;326,419;270,492;269,377;268,825;42;3,44832;8,55168;0;270
1182;0,6;17,3233;8,81185;343;380;70;173,9;173,9;326,475;270,025;269,357;269,015;42;3,5809;8,4191;0;270
1183;0,6;17,3651;8,83829;343;380;70;173,9;174,045;326,475;270,025;269,357;269,015;42;3,5809;8,4191;0;270
1184;0,6;17,4199;8,75154;343;380;70;173,9;173,9;326,475;270,025;269,357;269,015;42;3,5809;8,4191;0;270
1185;0,6;17,314;8,72328;343;380;70;173,9;173,9;326,475;270,025;269,357;269,015;42;3,5809;8,4191;0;270
1186;0,6;17,2914;8,65616;343;380;70;173,756;173,9;326,428;270,84;269,328;268,527;42;3,77207;8,22793;0;270
1187;0,6;17,4016;8,66454;343;380;70;173,756;173,9;326,428;270,84;269,328;268,527;42;3,77207;8,22793;0;270
1188;0,6;17,6074;8,64928;343;380;70;173,9;173,9;326,428;270,84;269,328;268,527;42;3,77207;8,22793;0;270
1189;0,6;17,6186;8,61221;343;380;70;173,756;173,9;326,428;270,84;269,328;268,527;42;3,77207;8,22793;0;270
1190;0,6;17,5288;8,59647;343;380;70;173,756;173,9;326,935;271,83;269,272;268,578;42;4,14017;7,85983;0;270
1191;0,6;17,5156;8,6355;343;380;70;173,9;173,9;326,935;271,83;269,272;268,578;42;4,14017;7,85983;0;270
1192;0,6;17,5654;8,62239;343;380;70;173,9;173,9;326,935;271,83;269,272;268,578;42;4,14017;7,85983;0;270
1193;0,6;17,3872;8,59616;343;380;70;173,756;173,9;326,935;271,83;269,272;268,578;42;4,14017;7,85983;0;270
1194;0,6;17,4055;8,61811;343;380;70;173,756;173,9;327,364;271,408;269,241;268,785;42;4,34433;7,65567;0;270
1195;0,6;17,441;8,63001;343;380;70;173,611;173,611;327,364;271,408;269,241;268,785;42;4,34433;7,65567;0;270
1196;0,6;17,4063;8,60364;343;380;70;173,611;173,611;327,364;271,408;269,241;268,785;42;4,34433;7,65567;0;270
1197;0,6;17,6169;8,60364;343;380;70;173,756;173,756;327,364;271,408;269,241;268,785;42;4,34433;7,65567;0;270
1198;0,6;17,5715;8,52728;343;380;70;173,611;173,756;327,543;270,935;269,228;268,985;42;4,43616;7,56384;0;270
1199;0,6;17,5317;8,42251;343;380;70;173,756;173,756;327,543;270,935;269,228;268,985;42;4,43616;7,56384;0;270
1200;0,6;17,5144;8,36375;343;380;70;173,756;173,756;327,543;270,935;269,228;268,985;42;4,43616;7,56384;0;270
1201;0,6;17,5638;8,39649;343;380;70;173,756;173,756;327,543;270,935;269,228;268,985;42;4,43616;7,56384;0;270
1202;0,6;17,5146;8,465;343;380;70;173,756;173,9;327,485;270,682;269,214;268,48;42;4,52691;7,47309;0;270
1203;0,6;17,6458;8,465;343;380;70;173,756;173,756;327,485;270,682;269,214;268,48;42;4,52691;7,47309;0;270
1204;0,6;17,5711;8,43586;343;380;70;173,756;173,9;327,485;270,682;269,214;268,48;42;4,52691;7,47309;0;270
1205;0,6;17,5691;8,24819;343;380;70;173,756;173,756;327,485;270,682;269,214;268,48;42;4,52691;7,47309;0;270
1206;0,6;17,6608;8,18029;343;380;70;173,756;173,756;327,662;270,125;269,204;268,455;42;4,59635;7,40365;0;270
1207;0,6;17,5904;8,15325;343;380;70;173,756;173,756;327,662;270,125;269,204;268,455;42;4,59635;7,40365;0;270
1208;0,6;17,4833;8,17655;343;380;70;173,756;173,756;327,662;270,125;269,204;268,455;42;4,59635;7,40365;0;270
1209;0,6;17,5737;8,16273;343;380;70;173,9;173,9;327,662;270,125;269,204;268,455;42;4,59635;7,40365;0;270
1210;0,6;17,9166;8,14559;343;380;70;173,9;173,9;327,77;269,47;269,192;268,863;42,7;4,67136;8,02864;0;270
1211;0,6;17,7354;8,07041;343;380;70;173,9;174,045;327,77;269,47;269,192;268,863;42,7;4,67136;8,02864;0;270
1212;0,6;17,8485;8,04409;343;380;70;173,9;174,045;327,77;269,47;269,192;268,863;42,7;4,67136;8,02864;0;270
1213;0,6;17,8454;8,02711;343;380;70;173,9;174,045;327,77;269,47;269,192;268,863;42,7;4,67136;8,02864;0;270
1214;0,6;17,7385;8,00088;343;380;70;174,045;174,045;327,762;270,133;269,185;268,8;43;4,71991;8,28009;0;270
1215;0,6;17,6677;7,99554;343;380;70;173,9;174,045;327,762;270,133;269,185;268,8;43;4,71991;8,28009;0;270
1216;0,6;17,8287;7,98714;343;380;70;173,9;174,045;327,762;270,133;269,185;268,8;43;4,71991;8,28009;0;270
1217;0,6;17,7691;7,95252;343;380;70;173,9;173,9;327,762;270,133;269,185;268,8;43;4,71991;8,28009;0;270
1218;0,6;17,5796;7,91265;343;380;70;173,9;174,045;327,586;270,393;269,176;268,79;43;4,77556;8,22444;0;270
1219;0,6;17,4918;7,93853;343;380;70;174,045;174,045;327,586;270,393;269,176;268,79;43;4,77556;8,22444;0;270
1220;0,6;17,4022;7,96788;343;380;70;174,045;174,19;327,586;270,393;269,176;268,79;43;4,77556;8,22444;0;270
1221;0,6;17,3849;7,89033;343;380;70;174,19;174,19;327,586;270,393;269,176;268,79;43;4,77556;8,22444;0;270
1222;0,6;17,4387;7,85598;343;380;70;174,045;174,335;327,684;270,25;269,163;268,755;43;4,86195;8,13805;0;270
1223;0,6;17,4031;7,83479;343;380;70;174,045;174,19;327,684;270,25;269,163;268,755;43;4,86195;8,13805;0;270
1224;0,6;17,3866;7,79132;343;380;70;174,045;174,19;327,684;270,25;269,163;268,755;43;4,86195;8,13805;0;270
1225;0,6;17,2976;7,85088;343;380;70;174,19;174,19;327,684;270,25;269,163;268,755;43;4,86195;8,13805;0;270
1226;0,6;17,2275;7,79886;343;380;70;174,045;174,19;327,67;270,103;269,126;268,562;43;5,10311;7,89689;0;270
1227;0,6;17,3172;7,54328;343;380;70;174,045;174,045;327,67;270,103;269,126;268,562;43;5,10311;7,89689;0;270
1228;0,6;17,379;7,55742;343;380;70;174,045;174,045;327,67;270,103;269,126;268,562;43;5,10311;7,89689;0;270
1229;0,6;17,3351;7,5909;343;380;70;174,045;174,19;327,67;270,103;269,126;268,562;43;5,10311;7,89689;0;270
1230;0,6;17,3727;7,50382;343;380;70;174,19;174,19;327,669;269,818;269,08;268,688;43;5,40975;7,59025;0;270
1231;0,6;17,3368;7,43345;343;380;70;174,045;174,19;327,669;269,818;269,08;268,688;43;5,40975;7,59025;0;270
1232;0,6;17,3018;7,38438;343;380;70;174,19;174,19;327,669;269,818;269,08;268,688;43;5,40975;7,59025;0;270
1233;0,6;17,2493;7,37745;343;380;70;174,19;174,19;327,669;269,818;269,08;268,688;43;5,40975;7,59025;0;270
1234;0,6;17,1785;7,39124;343;380;70;174,19;174,19;327,491;269,575;269,038;268,562;43;5,68669;7,31331;0;270
1235;0,6;17,0925;7,35784;343;380;70;174,045;174,19;327,491;269,575;269,038;268,562;43;5,68669;7,31331;0;270
1236;0,6;17,075;7,28631;343;380;70;174,045;174,19;327,491;269,575;269,038;268,562;43;5,68669;7,31331;0;270
1237;0,6;17,162;7,30589;343;380;70;174,045;174,045;327,491;269,575;269,038;268,562;43;5,68669;7,31331;0;270
1238;0,6;17,0924;7,31968;343;380;70;174,045;174,045;327,415;269,715;269,021;268,61;43;5,80383;7,19617;0;270
1239;0,6;17,0557;7,33937;343;380;70;174,045;174,045;327,415;269,715;269,021;268,61;43;5,80383;7,19617;0;270
1240;0,6;16,9655;7,33374;343;380;70;174,045;174,045;327,415;269,715;269,021;268,61;43;5,80383;7,19617;0;270
1241;0,6;16,8946;7,24705;343;380;70;174,045;174,045;327,415;269,715;269,021;268,61;43;5,80383;7,19617;0;270
1242;0,6;16,9883;7,21445;343;380;70;174,19;174,19;327,698;269,668;269,034;269,138;43;5,71652;7,28348;0;270
1243;0,6;16,8484;7,16826;343;380;70;174,19;174,045;327,698;269,668;269,034;269,138;43;5,71652;7,28348;0;270
1244;0,6;16,831;7,13584;343;380;70;174,045;174,045;327,698;269,668;269,034;269,138;43;5,71652;7,28348;0;270
1245;0,6;16,7967;7,13639;343;380;70;174,045;174,19;327,698;269,668;269,034;269,138;43;5,71652;7,28348;0;270
1246;0,6;16,607;7,1158;343;380;70;174,045;174,045;327,685;271,318;269,058;268,85;43;5,56055;7,43945;0;270
1247;0,6;16,487;6,82787;343;380;70;173,9;173,9;327,685;271,318;269,058;268,85;43;5,56055;7,43945;0;270
1248;0,6;16,676;6,84779;343;380;70;173,9;173,9;327,685;271,318;269,058;268,85;43;5,56055;7,43945;0;270
1249;0,6;16,6212;6,86408;343;380;70;173,9;173,9;327,685;271,318;269,058;268,85;43;5,56055;7,43945;0;270
1250;0,6;16,418;6,76658;343;380;70;173,9;173,9;327,867;271,168;269,051;268,568;43,375;5,60425;7,77075;0;270
1251;0,6;16,4527;6,72975;343;380;70;173,9;174,045;327,867;271,168;269,051;268,568;43,375;5,60425;7,77075;0;270
1252;0,6;16,4008;6,73527;343;380;70;174,045;174,045;327,867;271,168;269,051;268,568;43,375;5,60425;7,77075;0;270
1253;0,6;16,4512;6,72721;343;380;70;174,045;174,045;327,867;271,168;269,051;268,568;43,375;5,60425;7,77075;0;270
1254;0,6;16,4339;6,69859;343;380;70;174,045;174,19;327,739;269,753;269,039;268,655;44;5,68057;8,31943;0;270
1255;0,6;16,4665;6,63795;343;380;70;174,045;174,045;327,739;269,753;269,039;268,655;44;5,68057;8,31943;0;270
1256;0,6;16,4987;6,68203;343;380;70;173,9;174,045;327,739;269,753;269,039;268,655;44;5,68057;8,31943;0;270
1257;0,6;16,3623;6,66592;343;380;70;173,9;174,045;327,739;269,753;269,039;268,655;44;5,68057;8,31943;0;270
1258;0,6;16,4109;6,62594;343;380;70;173,756;173,9;327,842;270,05;269,04;268,223;44;5,67814;8,32186;0;270
1259;0,6;16,3276;6,60401;343;380;70;173,756;173,756;327,842;270,05;269,04;268,223;44;5,67814;8,32186;0;270
1260;0,6;16,1492;6,54048;343;380;70;173,756;173,756;327,842;270,05;269,04;268,223;44;5,67814;8,32186;0;270
1261;0,6;16,1418;6,52919;343;380;70;173,611;173,756;327,842;270,05;269,04;268,223;44;5,67814;8,32186;0;270
1262;0,6;16,1745;6,52026;343;380;70;173,611;173,756;328,147;269,8;269,06;268,198;44;5,546;8,454;0;270
1263;0,6;16,1802;6,4806;343;380;70;173,756;173,756;328,147;269,8;269,06;268,198;44;5,546;8,454;0;270
1264;0,6;16,1431;6,42417;343;380;70;173,756;173,9;328,147;269,8;269,06;268,198;44;5,546;8,454;0;270
1265;0,6;15,9872;6,39089;343;380;70;173,756;173,9;328,147;269,8;269,06;268,198;44;5,546;8,454;0;270
1266;0,6;15,9843;6,37481;343;380;70;173,756;173,756;328,515;269,46;269,062;268,4;44;5,5265;8,4735;0;270
1267;0,6;15,966;6,31819;343;380;70;173,756;173,756;328,515;269,46;269,062;268,4;44;5,5265;8,4735;0;270
1268;0,6;16,0271;6,28987;343;380;70;173,611;173,611;328,515;269,46;269,062;268,4;44;5,5265;8,4735;0;270
1269;0,6;15,9007;6,0087;343;380;70;173,611;173,611;328,515;269,46;269,062;268,4;44;5,5265;8,4735;0;270
1270;0,6;15,8632;5,98279;343;380;70;173,611;173,611;328,752;269,625;269,021;268,133;44;5,79629;8,20371;0;270
1271;0,6;15,8209;5,98562;343;380;70;173,611;173,756;328,752;269,625;269,021;268,133;44;5,79629;8,20371;0;270
1272;0,6;15,8339;5,96914;343;380;70;173,611;173,756;328,752;269,625;269,021;268,133;44;5,79629;8,20371;0;270
1273;0,6;15,5711;5,80844;343;380;70;173,756;173,756;328,752;269,625;269,021;268,133;44;5,79629;8,20371;0;270
1274;0,6;15,641;5,86106;343;380;70;173,756;173,756;328,475;271,333;269,005;268,66;44;5,90617;8,09383;0;270
1275;0,6;15,5848;5,76899;343;380;70;173,756;173,756;328,475;271,333;269,005;268,66;44;5,90617;8,09383;0;270
1276;0,6;15,6311;5,77133;343;380;70;173,611;173,756;328,475;271,333;269,005;268,66;44;5,90617;8,09383;0;270
1277;0,6;15,5682;5,77623;343;380;70;173,611;173,611;328,475;271,333;269,005;268,66;44;5,90617;8,09383;0;270
1278;0,6;15,6189;5,79165;343;380;70;173,466;173,611;328,537;269,735;269,008;268,475;44;5,88617;8,11383;0;270
1279;0,6;15,5289;5,74972;343;380;70;173,466;173,466;328,537;269,735;269,008;268,475;44;5,88617;8,11383;0;270
1280;0,6;15,2854;5,62628;343;380;70;173,322;173,322;328,537;269,735;269,008;268,475;44;5,88617;8,11383;0;270
1281;0,6;15,2787;5,58531;343;380;70;173,322;173,322;328,537;269,735;269,008;268,475;44;5,88617;8,11383;0;270
1282;0,6;15,2729;5,51738;343;380;70;173,322;173,322;328,805;270,693;268,993;268,372;44;5,98343;8,01657;0;270
1283;0,6;15,2648;5,46492;343;380;70;173,466;173,322;328,805;270,693;268,993;268,372;44;5,98343;8,01657;0;270
1284;0,6;15,2017;5,46257;343;380;70;173,466;173,466;328,805;270,693;268,993;268,372;44;5,98343;8,01657;0;270
1285;0,6;15,2135;5,4402;343;380;70;173,466;173,466;328,805;270,693;268,993;268,372;44;5,98343;8,01657;0;270
1286;0,6;14,8041;5,35999;343;380;70;173,466;173,611;328,959;269,918;268,964;268,133;44;6,17578;7,82422;0;270
1287;0,6;14,8198;5,3876;343;380;70;173,466;173,466;328,959;269,918;268,964;268,133;44;6,17578;7,82422;0;270
1288;0,6;14,7749;5,4327;343;380;70;173,322;173,466;328,959;269,918;268,964;268,133;44;6,17578;7,82422;0;270
1289;0,6;14,7139;5,32542;343;380;70;173,322;173,322;328,959;269,918;268,964;268,133;44;6,17578;7,82422;0;270
1290;0,6;14,6493;5,29891;343;380;70;173,177;173,322;329,192;270,14;268,945;268,378;44;6,3029;7,6971;0;270
1291;0,6;14,5161;5,23146;343;380;70;173,177;173,177;329,192;270,14;268,945;268,378;44;6,3029;7,6971;0;270
1292;0,6;14,4979;5,20609;343;380;70;173,177;173,177;329,192;270,14;268,945;268,378;44;6,3029;7,6971;0;270
1293;0,6;14,4571;5,13931;343;380;70;173,322;173,177;329,192;270,14;268,945;268,378;44;6,3029;7,6971;0;270
1294;0,6;14,4049;5,08599;343;380;70;173,322;173,322;329,165;271,2;268,938;268,57;44;6,35277;7,64723;0;270
1295;0,6;14,3841;5,05919;343;380;70;173,322;173,322;329,165;271,2;268,938;268,57;44;6,35277;7,64723;0;270
1296;0,6;14,2851;5,01896;343;380;70;173,322;173,322;329,165;271,2;268,938;268,57;44;6,35277;7,64723;0;270
1297;0,6;14,1398;4,94064;343;380;70;173,322;173,466;329,165;271,2;268,938;268,57;44;6,35277;7,64723;0;270
1298;0,6;14,2193;4,69849;343;380;70;173,322;173,322;328,96;272,128;268,944;268,712;44;6,3129;7,6871;0;270
1299;0,6;14,1499;4,684;343;380;70;173,322;173,466;328,96;272,128;268,944;268,712;44;6,3129;7,6871;0;270
1300;0,6;14,1152;4,65755;343;380;70;173,322;173,466;328,96;272,128;268,944;268,712;44;6,3129;7,6871;0;270
1301;0,6;13,9884;4,57966;343;380;70;173,322;173,322;328,96;272,128;268,944;268,712;44;6,3129;7,6871;0;270
1302;0,6;14,0569;4,55492;343;380;70;173,322;173,322;328,848;272,28;268,95;268,552;44;6,2719;7,7281;0;270
1303;0,6;13,9817;4,51208;343;380;70;173,322;173,322;328,848;272,28;268,95;268,552;44;6,2719;7,7281;0;270
1304;0,6;13,8482;4,44461;343;380;70;173,466;173,466;328,848;272,28;268,95;268,552;44;6,2719;7,7281;0;270
1305;0,6;13,7637;4,41784;343;380;70;173,466;173,466;328,848;272,28;268,95;268,552;44;6,2719;7,7281;0;270
1306;0,6;13,7451;4,35879;343;380;70;173,466;173,611;328,828;271,66;268,951;268,83;44;6,26543;7,73457;0;270
1307;0,6;13,7968;4,34706;343;380;70;173,466;173,611;328,828;271,66;268,951;268,83;44;6,26543;7,73457;0;270
1308;0,6;13,6012;4,24106;343;380;70;173,466;173,611;328,828;271,66;268,951;268,83;44;6,26543;7,73457;0;270
1309;0,6;13,4846;4,18696;343;380;70;173,466;173,611;328,828;271,66;268,951;268,83;44;6,26543;7,73457;0;270
1310;0,6;13,4745;4,1742;343;380;70;173,322;173,466;328,783;270,992;268,966;268,43;44;6,16285;7,83715;0;270
1311;0,6;13,5178;4,18511;343;380;70;173,466;173,466;328,783;270,992;268,966;268,43;44;6,16285;7,83715;0;270
1312;0,6;13,511;4,12137;343;380;70;173,466;173,611;328,783;270,992;268,966;268,43;44;6,16285;7,83715;0;270
1313;0,6;13,4587;4,07102;343;380;70;173,466;173,611;328,783;270,992;268,966;268,43;44;6,16285;7,83715;0;270
1314;0,6;13,3512;4,03209;343;380;70;173,611;173,611;328,959;271,965;268,956;267,93;44;6,22937;7,77063;0;270
1315;0,6;13,1869;3,94259;343;380;70;173,611;173,756;328,959;271,965;268,956;267,93;44;6,22937;7,77063;0;270
1316;0,6;13,1316;3,92713;343;380;70;173,611;173,611;328,959;271,965;268,956;267,93;44;6,22937;7,77063;0;270
1317;0,6;12,7356;3,90921;343;380;70;173,611;173,756;328,959;271,965;268,956;267,93;44;6,22937;7,77063;0;270
1318;0,6;12,692;3,86698;343;380;70;173,611;173,611;329,352;272,038;268,932;268,392;44;6,38493;7,61507;0;270
1319;0,6;12,7873;3,86092;343;380;70;173,611;173,611;329,352;272,038;268,932;268,392;44;6,38493;7,61507;0;270
1320;0,6;12,8229;3,87736;343;380;70;173,611;173,611;329,352;272,038;268,932;268,392;44;6,38493;7,61507;0;270
1321;0,6;12,5687;3,77157;343;380;70;173,466;173,611;329,352;272,038;268,932;268,392;44;6,38493;7,61507;0;270
1322;0,6;12,5286;3,74132;343;380;70;173,466;173,611;329,427;273,505;268,913;268,103;44;6,5102;7,4898;0;270
1323;0,6;12,4429;3,70461;343;380;70;173,611;173,611;329,427;273,505;268,913;268,103;44;6,5102;7,4898;0;270
1324;0,6;12,4075;3,6296;343;380;70;173,611;173,611;329,427;273,505;268,913;268,103;44;6,5102;7,4898;0;270
1325;0,6;12,3814;3,65575;343;380;70;173,611;173,611;329,427;273,505;268,913;268,103;44;6,5102;7,4898;0;270
1326;0,6;12,3463;3,58577;343;380;70;173,756;173,756;329,516;271,698;268,896;268,36;44;6,626;7,374;0;270
1327;0,6;12,2963;3,52974;343;380;70;173,756;173,756;329,516;271,698;268,896;268,36;44;6,626;7,374;0;270
1328;0,6;12,3445;3,533;343;380;70;173,756;173,9;329,516;271,698;268,896;268,36;44;6,626;7,374;0;270
1329;0,6;12,2832;3,46744;343;380;70;173,756;173,756;329,516;271,698;268,896;268,36;44;6,626;7,374;0;270
1330;0,6;12,2127;3,41453;343;380;70;173,756;173,756;329,757;271,035;268,875;268,663;44;6,76182;7,23818;0;270
1331;0,6;12,1365;3,35655;343;380;70;173,466;173,466;329,757;271,035;268,875;268,663;44;6,76182;7,23818;0;270
1332;0,6;12,1435;3,35655;343;380;70;173,466;173,611;329,757;271,035;268,875;268,663;44;6,76182;7,23818;0;270
1333;0,6;12,1088;3,31606;343;380;70;173,611;173,611;329,757;271,035;268,875;268,663;44;6,76182;7,23818;0;270
1334;0,6;12,0454;3,25133;343;380;70;173,611;173,611;329,888;271,48;268,861;268,837;44;6,85405;7,14595;0;270
1335;0,6;12,0293;3,24714;343;380;70;173,611;173,611;329,888;271,48;268,861;268,837;44;6,85405;7,14595;0;270
1336;0,6;11,9519;3,22478;343;380;70;173,466;173,611;329,888;271,48;268,861;268,837;44;6,85405;7,14595;0;270
1337;0,6;11,9171;3,19826;343;380;70;173,611;173,756;329,888;271,48;268,861;268,837;44;6,85405;7,14595;0;270
1338;0,6;11,8319;3,17175;343;380;70;173,611;173,611;329,584;272,2;268,853;268,008;44;6,9078;7,0922;0;270
1339;0,6;11,7993;3,13684;343;380;70;173,611;173,611;329,584;272,2;268,853;268,008;44;6,9078;7,0922;0;270
1340;0,6;11,7052;3,09243;343;380;70;173,611;173,611;329,584;272,2;268,853;268,008;44;6,9078;7,0922;0;270
1341;0,6;11,6951;3,0575;343;380;70;173,466;173,611;329,584;272,2;268,853;268,008;44;6,9078;7,0922;0;270
1342;0,6;11,6098;2,96198;343;380;70;173,466;173,611;329,421;274,515;268,845;268,573;44;6,96249;7,03751;0;270
1343;0,6;11,62;2,95767;343;380;70;173,466;173,466;329,421;274,515;268,845;268,573;44;6,96249;7,03751;0;270
1344;0,6;11,5744;2,90403;343;380;70;173,466;173,611;329,421;274,515;268,845;268,573;44;6,96249;7,03751;0;270
1345;0,6;11,5497;2,90425;343;380;70;173,466;173,466;329,421;274,515;268,845;268,573;44;6,96249;7,03751;0;270
1346;0,6;11,434;2,85149;343;380;70;173,466;173,466;329,565;272,255;268,843;268,673;44;6,97642;7,02358;0;270
1347;0,6;11,3877;2,79874;343;380;70;173,466;173,611;329,565;272,255;268,843;268,673;44;6,97642;7,02358;0;270
1348;0,6;11,3523;2,77216;343;380;70;173,611;173,611;329,565;272,255;268,843;268,673;44;6,97642;7,02358;0;270
1349;0,6;11,3368;2,75918;343;380;70;173,466;173,611;329,565;272,255;268,843;268,673;44;6,97642;7,02358;0;270
1350;0,6;10,9904;2,69895;343;380;70;173,611;173,611;329,913;271,5;268,843;268,527;44;6,97744;7,02256;0;270
1351;0,6;10,9602;2,69984;343;380;70;173,466;173,466;329,913;271,5;268,843;268,527;44;6,97744;7,02256;0;270
1352;0,6;10,9684;2,49646;343;380;70;173,466;173,466;329,913;271,5;268,843;268,527;44;6,97744;7,02256;0;270
1353;0,6;10,8536;2,41706;343;380;70;173,322;173,322;329,913;271,5;268,843;268,527;44;6,97744;7,02256;0;270
1354;0,6;10,7437;2,34236;343;380;70;173,322;173,466;330,216;271,842;268,831;268,395;44;7,05251;6,94749;0;270
1355;0,6;10,717;2,3181;343;380;70;173,322;173,466;330,216;271,842;268,831;268,395;44;7,05251;6,94749;0;270
1356;0,6;10,6883;2,3181;343;380;70;173,322;173,466;330,216;271,842;268,831;268,395;44;7,05251;6,94749;0;270
1357;0,6;10,5889;2,23193;343;380;70;173,322;173,466;330,216;271,842;268,831;268,395;44;7,05251;6,94749;0;270
1358;0,6;10,6369;2,22464;343;380;70;173,466;173,466;330,269;271,345;268,818;268,358;44;7,14212;6,85788;0;270
1359;0,6;10,623;2,18053;343;380;70;173,466;173,466;330,269;271,345;268,818;268,358;44;7,14212;6,85788;0;270
1360;0,6;10,6634;2,20072;343;380;70;173,466;173,466;330,269;271,345;268,818;268,358;44;7,14212;6,85788;0;270
1361;0,6;10,4889;2,11057;343;380;70;173,466;173,466;330,269;271,345;268,818;268,358;44;7,14212;6,85788;0;270
1362;0,6;10,5368;2,09346;343;380;70;173,322;173,466;330,153;271,513;268,814;268,478;44;7,16752;6,83248;0;270
1363;0,6;10,5082;2,05249;343;380;70;173,466;173,466;330,153;271,513;268,814;268,478;44;7,16752;6,83248;0;270
1364;0,6;10,4894;2,05074;343;380;70;173,177;173,322;330,153;271,513;268,814;268,478;44;7,16752;6,83248;0;270
1365;0,6;10,3965;2,02421;343;380;70;173,322;173,322;330,153;271,513;268,814;268,478;44;7,16752;6,83248;0;270
1366;0,6;10,3489;2,02332;343;380;70;173,322;173,322;330,25;272,438;268,799;268,185;45;7,26266;7,68734;0;270
1367;0,6;10,329;2,02814;343;380;70;173,466;173,466;330,25;272,438;268,799;268,185;45;7,26266;7,68734;0;270
1368;0,6;10,2429;1,9622;343;380;70;173,322;173,466;330,25;272,438;268,799;268,185;45;7,26266;7,68734;0;270
1369;0,6;10,1868;1,93582;343;380;70;173,466;173,466;330,25;272,438;268,799;268,185;45;7,26266;7,68734;0;270
1370;0,6;10,2494;1,94102;343;380;70;173,466;173,466;330,702;272,46;268,792;268,435;45;7,31063;7,68937;0;270
1371;0,6;10,1798;1,88811;343;380;70;173,322;173,466;330,702;272,46;268,792;268,435;45;7,31063;7,68937;0;270
1372;0,6;10,2425;1,89316;343;380;70;173,322;173,322;330,702;272,46;268,792;268,435;45;7,31063;7,68937;0;270
1373;0,6;10,1812;1,85834;343;380;70;173,322;173,322;330,702;272,46;268,792;268,435;45;7,31063;7,68937;0;270
1374;0,6;10,1485;1,86665;343;380;70;173,032;173,177;330,956;272,438;268,8;268,628;45;7,25851;7,74149;0;270
1375;0,6;10,0214;1,77755;343;380;70;173,177;173,177;330,956;272,438;268,8;268,628;45;7,25851;7,74149;0;270
1376;0,6;9,96205;1,76721;343;380;70;173,032;173,177;330,956;272,438;268,8;268,628;45;7,25851;7,74149;0;270
1377;0,6;9,95516;1,80037;343;380;70;173,032;173,177;330,956;272,438;268,8;268,628;45;7,25851;7,74149;0;270
1378;0,6;9,84489;1,72382;343;380;70;173,032;173,177;331,066;271,64;268,802;268,592;45;7,24789;7,75211;0;270
1379;0,6;9,80709;1,68552;343;380;70;173,177;173,177;331,066;271,64;268,802;268,592;45;7,24789;7,75211;0;270
1380;0,6;9,86118;1,68091;343;380;70;173,177;173,322;331,066;271,64;268,802;268,592;45;7,24789;7,75211;0;270
1381;0,6;9,8606;1,67975;343;380;70;173,177;173,177;331,066;271,64;268,802;268,592;45;7,24789;7,75211;0;270
1382;0,6;9,81389;1,65009;343;380;70;173,177;173,177;330,957;271,503;268,823;268,967;45;7,10664;7,89336;0;270
1383;0,6;9,83185;1,62799;343;380;70;173,032;173,032;330,957;271,503;268,823;268,967;45;7,10664;7,89336;0;270
1384;0,6;9,7945;1,61904;343;380;70;173,032;173,032;330,957;271,503;268,823;268,967;45;7,10664;7,89336;0;270
1385;0,6;9,79051;1,61473;343;380;70;173,032;173,032;330,957;271,503;268,823;268,967;45;7,10664;7,89336;0;270
1386;0,6;9,71289;1,53927;343;380;70;173,032;173,032;331,031;271,428;268,84;268,535;45;6,99981;8,00019;0;270
1387;0,6;9,74782;1,80238;343;380;70;173,032;173,177;331,031;271,428;268,84;268,535;45;6,99981;8,00019;0;270
1388;0,6;9,72747;1,79282;343;380;70;173,032;173,032;331,031;271,428;268,84;268,535;45;6,99981;8,00019;0;270
1389;0,6;9,7507;1,78906;343;380;70;173,177;173,032;331,031;271,428;268,84;268,535;45;6,99981;8,00019;0;270
1390;0,6;9,69774;1,73992;343;380;70;173,177;173,177;331,38;270,435;268,849;268,705;45;6,93892;8,06108;0;270
1391;0,6;9,60128;1,72179;343;380;70;173,177;173,177;331,38;270,435;268,849;268,705;45;6,93892;8,06108;0;270
1392;0,6;9,63825;1,73515;343;380;70;173,177;173,177;331,38;270,435;268,849;268,705;45;6,93892;8,06108;0;270
1393;0,6;9,60782;1,68676;343;380;70;173,177;173,177;331,38;270,435;268,849;268,705;45;6,93892;8,06108;0;270
1394;0,6;9,53611;1,65137;343;380;70;173,032;173,032;331,723;271,64;268,856;268,735;45;6,89234;8,10766;0;270
1395;0,6;9,6231;1,7087;343;380;70;173,032;173,177;331,723;271,64;268,856;268,735;45;6,89234;8,10766;0;270
1396;0,6;9,57349;1,6582;343;380;70;173,177;173,177;331,723;271,64;268,856;268,735;45;6,89234;8,10766;0;270
1397;0,6;9,5555;1,64697;343;380;70;173,177;173,177;331,723;271,64;268,856;268,735;45;6,89234;8,10766;0;270
1398;0,6;9,59671;1,62985;343;380;70;173,322;173,322;331,945;270,905;268,875;268,945;45;6,76692;8,23308;0;270
1399;0,6;9,54179;1,59421;343;380;70;173,322;173,466;331,945;270,905;268,875;268,945;45;6,76692;8,23308;0;270
1400;0,6;9,49252;1,56815;343;380;70;173,322;173,466;331,945;270,905;268,875;268,945;45;6,76692;8,23308;0;270
1401;0,6;9,46012;1,57647;343;380;70;173,466;173,466;331,945;270,905;268,875;268,945;45;6,76692;8,23308;0;270
1402;0,6;9,52305;1,60291;343;380;70;173,466;173,466;331,935;269,728;268,905;269,055;45;6,56882;8,43118;0;270
1403;0,6;9,45317;1,54776;343;380;70;173,466;173,466;331,935;269,728;268,905;269,055;45;6,56882;8,43118;0;270
1404;0,6;9,39693;1,52433;343;380;70;173,322;173,322;331,935;269,728;268,905;269,055;45;6,56882;8,43118;0;270
1405;0,6;9,43402;1,54171;343;380;70;173,466;173,466;331,935;269,728;268,905;269,055;45;6,56882;8,43118;0;270
1406;0,6;9,41487;1,53745;343;380;70;173,466;173,466;332,198;270,65;268,914;268,668;45;6,5052;8,4948;0;270
1407;0,6;9,42144;1,50214;343;380;70;173,322;173,466;332,198;270,65;268,914;268,668;45;6,5052;8,4948;0;270
1408;0,6;9,45639;1,52356;343;380;70;173,466;173,466;332,198;270,65;268,914;268,668;45;6,5052;8,4948;0;270
1409;0,6;9,42946;1,49483;343;380;70;173,466;173,611;332,198;270,65;268,914;268,668;45;6,5052;8,4948;0;270
1410;0,6;9,38276;1,48499;343;380;70;173,611;173,611;332,317;270,033;268,933;268,568;45;6,38534;8,61467;0;270
1411;0,6;9,32789;1,47585;343;380;70;173,611;173,756;332,317;270,033;268,933;268,568;45;6,38534;8,61467;0;270
1412;0,6;9,21858;1,4364;343;380;70;173,611;173,756;332,317;270,033;268,933;268,568;45;6,38534;8,61467;0;270
1413;0,6;9,25476;1,44955;343;380;70;173,611;173,611;332,317;270,033;268,933;268,568;45;6,38534;8,61467;0;270
1414;0,6;9,29102;1,70511;343;380;70;173,611;173,756;331,991;270,932;268,953;268,578;45;6,25652;8,74349;0;270
1415;0,6;9,26331;1,67881;343;380;70;173,466;173,756;331,991;270,932;268,953;268,578;45;6,25652;8,74349;0;270
1416;0,6;9,29403;1,67881;343;380;70;173,466;173,756;331,991;270,932;268,953;268,578;45;6,25652;8,74349;0;270
1417;0,6;9,29595;1,66564;343;380;70;173,611;173,611;331,991;270,932;268,953;268,578;45;6,25652;8,74349;0;270
1418;0,6;9,29595;1,66564;343;380;70;173,611;173,756;331,639;270,87;268,979;269,022;45;6,08609;8,91391;0;270
1419;0,6;9,25506;1,67256;343;380;70;173,756;173,756;331,639;270,87;268,979;269,022;45;6,08609;8,91391;0;270
1420;0,6;9,17419;1,64388;343;380;70;173,756;173,9;331,639;270,87;268,979;269,022;45;6,08609;8,91391;0;270
1421;0,6;9,22156;1,65884;343;380;70;173,756;173,9;331,639;270,87;268,979;269,022;45;6,08609;8,91391;0;270
1422;0,6;9,18398;1,66735;343;380;70;173,756;173,9;331,541;270,812;269,025;269,388;45;5,77827;9,22173;0;270
1423;0,6;9,18738;1,64382;343;380;70;173,756;173,756;331,541;270,812;269,025;269,388;45;5,77827;9,22173;0;270
1424;0,6;9,24172;1,65711;343;380;70;173,611;173,756;331,541;270,812;269,025;269,388;45;5,77827;9,22173;0;270
1425;0,6;9,2074;1,63053;343;380;70;173,611;173,611;331,541;270,812;269,025;269,388;45;5,77827;9,22173;0;270
1426;0,6;9,18997;1,61723;343;380;70;173,756;173,611;331,618;271,418;269,089;269,575;45;5,36124;9,63876;0;270
1427;0,6;9,1508;1,62222;343;380;70;173,466;173,611;331,618;271,418;269,089;269,575;45;5,36124;9,63876;0;270
1428;0,6;9,15213;1,61305;343;380;70;173,466;173,611;331,618;271,418;269,089;269,575;45;5,36124;9,63876;0;270
1429;0,6;9,10732;1,5863;343;380;70;173,611;173,611;331,618;271,418;269,089;269,575;45;5,36124;9,63876;0;270
1430;0,6;9,13348;1,61293;343;380;70;173,611;173,611;331,819;272,092;269,141;269,533;45;5,01196;9,98805;0;270
1431;0,6;9,11695;1,61723;343;380;70;173,611;173,756;331,819;272,092;269,141;269,533;45;5,01196;9,98805;0;270
1432;0,6;9,0815;1,57736;343;380;70;173,756;173,756;331,819;272,092;269,141;269,533;45;5,01196;9,98805;0;270
1433;0,6;9,22608;1,63102;343;380;70;173,756;173,756;331,819;272,092;269,141;269,533;45;5,01196;9,98805;0;270
1434;0,6;9,20076;1,82578;343;380;70;173,756;173,756;331,928;270,935;269,184;269,325;45;4,7284;10,2716;0;270
1435;0,6;9,20809;1,84726;343;380;70;173,611;173,611;331,928;270,935;269,184;269,325;45;4,7284;10,2716;0;270
1436;0,6;9,19115;1,82916;343;380;70;173,466;173,611;331,928;270,935;269,184;269,325;45;4,7284;10,2716;0;270
1437;0,6;9,17369;1,82089;343;380;70;173,611;173,466;331,928;270,935;269,184;269,325;45;4,7284;10,2716;0;270
1438;0,6;9,12022;1,79437;343;380;70;173,466;173,466;331,978;270,85;269,207;269,3;45;4,57624;10,4238;0;270
1439;0,6;9,15213;1,84726;343;380;70;173,466;173,466;331,978;270,85;269,207;269,3;45;4,57624;10,4238;0;270
1440;0,6;9,18818;1,85546;343;380;70;173,466;173,466;331,978;270,85;269,207;269,3;45;4,57624;10,4238;0;270
1441;0,6;9,11969;1,78969;343;380;70;173,466;173,611;331,978;270,85;269,207;269,3;45;4,57624;10,4238;0;270
1442;0,6;9,13396;1,79801;343;380;70;173,466;173,611;331,912;270,938;269,227;269,31;45;4,44683;10,5532;0;270
1443;0,6;9,14434;1,82916;343;380;70;173,611;173,611;331,912;270,938;269,227;269,31;45;4,44683;10,5532;0;270
1444;0,6;9,1186;1,81741;343;380;70;173,466;173,611;331,912;270,938;269,227;269,31;45;4,44683;10,5532;0;270
1445;0,6;9,20552;1,84406;343;380;70;173,466;173,466;331,912;270,938;269,227;269,31;45;4,44683;10,5532;0;270
1446;0,6;9,22727;1,85236;343;380;70;173,322;173,466;331,899;271,348;269,261;269,258;45;4,22278;10,7772;0;270
1447;0,6;9,13599;1,82103;343;380;70;173,322;173,466;331,899;271,348;269,261;269,258;45;4,22278;10,7772;0;270
1448;0,6;9,13477;1,83422;343;380;70;173,177;173,322;331,899;271,348;269,261;269,258;45;4,22278;10,7772;0;270
1449;0,6;9,08025;1,82564;343;380;70;173,322;173,322;331,899;271,348;269,261;269,258;45;4,22278;10,7772;0;270
1450;0,6;9,11969;1,79382;343;380;70;173,177;173,322;331,587;270,69;269,292;269,165;45;4,01533;10,9847;0;270
1451;0,6;9,5181;2,07157;343;380;70;173,177;173,322;331,587;270,69;269,292;269,165;45;4,01533;10,9847;0;270
1452;0,6;9,56591;2,08472;343;380;70;173,322;173,322;331,587;270,69;269,292;269,165;45;4,01533;10,9847;0;270
1453;0,6;9,53469;2,05288;343;380;70;173,322;173,322;331,587;270,69;269,292;269,165;45;4,01533;10,9847;0;270
1454;0,6;9,54991;2,07911;343;380;70;173,177;173,322;331,542;271,92;269,314;268,742;45;3,87081;11,1292;0;270
1455;0,6;9,51491;2,05921;343;380;70;173,322;173,322;331,542;271,92;269,314;268,742;45;3,87081;11,1292;0;270
1456;0,6;9,44101;2,03585;343;380;70;173,177;173,177;331,542;271,92;269,314;268,742;45;3,87081;11,1292;0;270
1457;0,6;9,50387;2,10916;343;380;70;173,032;173,032;331,542;271,92;269,314;268,742;45;3,87081;11,1292;0;270
1458;0,6;9,43551;2,08845;343;380;70;173,177;173,032;331,682;272,1;269,351;268,915;45;3,62819;11,3718;0;270
1459;0,6;9,57897;2,15047;343;380;70;173,032;173,177;331,682;272,1;269,351;268,915;45;3,62819;11,3718;0;270
1460;0,6;9,54807;2,09223;343;380;70;173,032;173,032;331,682;272,1;269,351;268,915;45;3,62819;11,3718;0;270
1461;0,6;9,55113;2,066;343;380;70;173,032;173,032;331,682;272,1;269,351;268,915;45;3,62819;11,3718;0;270
1462;0,6;9,53061;2,08168;343;380;70;173,032;173,177;331,93;271,58;269,418;269,152;45;3,19215;11,8078;0;270
1463;0,6;9,48693;2,11686;343;380;70;173,032;173,177;331,93;271,58;269,418;269,152;45;3,19215;11,8078;0;270
1464;0,6;9,41159;2,10352;343;380;70;173,032;173,177;331,93;271,58;269,418;269,152;45;3,19215;11,8078;0;270
1465;0,6;9,45082;2,09223;343;380;70;173,032;173,177;331,93;271,58;269,418;269,152;45;3,19215;11,8078;0;270
1466;0,6;9,49145;2,09033;343;380;70;173,032;173,032;332,246;271,505;269,474;269,485;45;2,81612;12,1839;0;270
1467;0,6;9,54863;2,09787;343;380;70;173,032;173,032;332,246;271,505;269,474;269,485;45;2,81612;12,1839;0;270
1468;0,6;9,58492;2,34747;343;380;70;172,888;172,888;332,246;271,505;269,474;269,485;45;2,81612;12,1839;0;270
1469;0,6;9,54616;2,35344;343;380;70;172,888;172,888;332,246;271,505;269,474;269,485;45;2,81612;12,1839;0;270
1470;0,6;9,58103;2,37973;343;380;70;172,888;172,888;332,476;272,223;269,501;269,95;45;2,63692;12,3631;0;270
1471;0,6;9,5636;2,36695;343;380;70;172,888;172,888;332,476;272,223;269,501;269,95;45;2,63692;12,3631;0;270
1472;0,6;9,52679;2,36628;343;380;70;172,888;172,888;332,476;272,223;269,501;269,95;45;2,63692;12,3631;0;270
1473;0,6;9,52679;2,36628;343;380;70;172,888;172,888;332,476;272,223;269,501;269,95;45;2,63692;12,3631;0;270
1474;0,6;9,50481;2,37932;343;380;70;173,032;173,032;332,674;272,198;269,531;269,595;45;2,43398;12,566;0;270
1475;0,6;9,4854;2,37932;343;380;70;173,032;173,032;332,674;272,198;269,531;269,595;45;2,43398;12,566;0;270
1476;0,6;9,84148;2,37333;343;380;70;173,032;173,032;332,674;272,198;269,531;269,595;45;2,43398;12,566;0;270
1477;0,6;9,86158;2,36693;343;380;70;172,888;173,032;332,674;272,198;269,531;269,595;45;2,43398;12,566;0;270
1478;0,6;9,92245;2,36053;343;380;70;172,888;172,888;332,582;272,622;269,541;269,45;45;2,36782;12,6322;0;270
1479;0,6;9,94242;2,39311;343;380;70;172,743;172,888;332,582;272,622;269,541;269,45;45;2,36782;12,6322;0;270
1480;0,6;9,89578;2,4192;343;380;70;172,743;172,743;332,582;272,622;269,541;269,45;45;2,36782;12,6322;0;270
1481;0,6;9,95128;2,43254;343;380;70;172,743;172,888;332,582;272,622;269,541;269,45;45;2,36782;12,6322;0;270
1482;0,6;9,90178;2,37973;343;380;70;172,743;172,888;332,306;272,905;269,559;269,723;45;2,25301;12,747;0;270
1483;0,6;9,84205;2,62214;343;380;70;172,888;172,888;332,306;272,905;269,559;269,723;45;2,25301;12,747;0;270
1484;0,6;9,89808;2,68936;343;380;70;173,032;172,888;332,306;272,905;269,559;269,723;45;2,25301;12,747;0;270
1485;0,6;9,89632;2,66292;343;380;70;173,032;172,888;332,306;272,905;269,559;269,723;45;2,25301;12,747;0;270
1486;0,6;9,96867;2,70258;343;380;70;173,032;173,032;332,483;272,073;269,584;269,432;45;2,08471;12,9153;0;270
1487;0,6;9,98606;2,70833;343;380;70;173,032;173,032;332,483;272,073;269,584;269,432;45;2,08471;12,9153;0;270
1488;0,6;9,91368;2,67614;343;380;70;173,032;172,888;332,483;272,073;269,584;269,432;45;2,08471;12,9153;0;270
1489;0,6;9,91368;2,68309;343;380;70;173,032;173,032;332,483;272,073;269,584;269,432;45;2,08471;12,9153;0;270
1490;0,6;9,98606;2,71601;343;380;70;173,032;173,032;332,63;271,758;269,592;269,335;45;2,03428;12,9657;0;270
1491;0,6;9,95128;2,68895;343;380;70;173,032;173,032;332,63;271,758;269,592;269,335;45;2,03428;12,9657;0;270
1492;0,6;9,96277;2,70941;343;380;70;173,032;173,032;332,63;271,758;269,592;269,335;45;2,03428;12,9657;0;270
1493;0,6;9,93104;2,67476;343;380;70;173,177;173,177;332,63;271,758;269,592;269,335;45;2,03428;12,9657;0;270
1494;0,6;10,0075;2,70833;343;380;70;173,177;173,322;332,548;271,823;269,639;269,675;45;1,73532;13,2647;0;270
1495;0,6;10,0679;2,70833;343;380;70;173,322;173,177;332,548;271,823;269,639;269,675;45;1,73532;13,2647;0;270
1496;0,6;10,4221;2,74788;343;380;70;173,322;173,322;332,548;271,823;269,639;269,675;45;1,73532;13,2647;0;270
1497;0,6;10,3415;2,7347;343;380;70;173,177;173,322;332,548;271,823;269,639;269,675;45;1,73532;13,2647;0;270
1498;0,6;10,2648;2,94347;343;380;70;173,322;173,322;332,564;271,47;269,699;269,858;45;1,3338;13,6662;0;270
1499;0,6;10,3247;2,95662;343;380;70;173,322;173,177;332,564;271,47;269,699;269,858;45;1,3338;13,6662;0;270
1500;0,6;10,4613;2,98801;343;380;70;173,322;173,177;332,564;271,47;269,699;269,858;45;1,3338;13,6662;0;270
1501;0,6;10,4227;2,96687;343;380;70;173,322;173,322;332,564;271,47;269,699;269,858;45;1,3338;13,6662;0;270
1502;0,6;10,4227;2,9749;343;380;70;173,322;173,322;332,586;272,592;269,757;270,335;45;0,948327;14,0517;0;270
1503;0,6;10,4263;2,96178;343;380;70;173,322;173,322;332,586;272,592;269,757;270,335;45;0,948327;14,0517;0;270
1504;0,6;10,4438;2,99118;343;380;70;173,322;173,466;332,586;272,592;269,757;270,335;45;0,948327;14,0517;0;270
1505;0,6;10,3974;3,02049;343;380;70;173,466;173,322;332,586;272,592;269,757;270,335;45;0,948327;14,0517;0;270
1506;0,6;10,2852;2,95252;343;380;70;173,466;173,322;332,384;272,443;269,855;270,147;45;0,31738;14,6826;0;270
1507;0,6;10,3649;3,04301;343;380;70;173,466;173,466;332,384;272,443;269,855;270,147;45;0,31738;14,6826;0;270
1508;0,6;10,3484;3,02567;343;380;70;173,466;173,466;332,384;272,443;269,855;270,147;45;0,31738;14,6826;0;270
1509;0,6;10,3726;3,27815;343;380;70;173,322;173,466;332,384;272,443;269,855;270,147;45;0,31738;14,6826;0;270
1510;0,6;10,4459;3,31767;343;380;70;173,322;173,322;332,192;272,953;269,981;270,258;45;0;15;0;270
1511;0,6;10,4807;3,32633;343;380;70;173,322;173,322;332,192;272,953;269,981;270,258;45;0;15;0;270
1512;0,6;10,6932;3,26065;343;380;70;173,322;173,322;332,192;272,953;269,981;270,258;45;0;15;0;270
1513;0,6;10,739;3,29996;343;380;70;173,322;173,322;332,192;272,953;269,981;270,258;45;0;15;0;270
1514;0,6;10,6707;3,27359;343;380;70;173,322;173,322;332,352;271,745;270,05;270,038;45;0;15;0;270
1515;0,6;10,7447;3,30907;343;380;70;173,322;173,322;332,352;271,745;270,05;270,038;45;0;15;0;270
1516;0,6;10,6617;3,29585;343;380;70;173,466;173,322;332,352;271,745;270,05;270,038;45;0;15;0;270
1517;0,6;10,6911;3,33951;343;380;70;173,466;173,466;332,352;271,745;270,05;270,038;45;0;15;0;270
1518;0,6;10,7407;3,30552;343;380;70;173,466;173,466;332,493;271,188;270,095;270,555;45;-0,0381643;15,0382;0;270
1519;0,6;10,8239;3,3174;343;380;70;173,322;173,466;332,493;271,188;270,095;270,555;45;-0,0381643;15,0382;0;270
1520;0,6;10,8104;3,30527;343;380;70;173,322;173,322;332,493;271,188;270,095;270,555;45;-0,0381643;15,0382;0;270
1521;0,6;10,8233;3,33041;343;380;70;173,322;173,322;332,493;271,188;270,095;270,555;45;-0,0381643;15,0382;0;270
1522;0,6;10,7175;3,55621;343;380;70;173,466;173,322;332,691;272,205;270,157;270,51;45;-0,366945;15,3669;0;270
1523;0,6;10,81;3,60839;343;380;70;173,466;173,466;332,691;272,205;270,157;270,51;45;-0,366945;15,3669;0;270
1524;0,6;10,802;3,56939;343;380;70;173,466;173,466;332,691;272,205;270,157;270,51;45;-0,366945;15,3669;0;270
1525;0,6;10,7606;3,58611;343;380;70;173,466;173,466;332,691;272,205;270,157;270,51;45;-0,366945;15,3669;0;270
1526;0,6;10,7738;3,58611;343;380;70;173,466;173,466;333,022;271,81;270,187;270,148;44,4;-0,570969;15,021;0;270
1527;0,6;10,8441;3,61583;343;380;70;173,611;173,466;333,022;271,81;270,187;270,148;44,4;-0,570969;15,021;0;270
1528;0,6;11,1916;3,61326;343;380;70;173,466;173,611;333,022;271,81;270,187;270,148;44,4;-0,570969;15,021;0;270
1529;0,6;11,1568;3,58611;343;380;70;173,466;173,322;333,022;271,81;270,187;270,148;44,4;-0,570969;15,021;0;270
1530;0,6;11,1742;3,58958;343;380;70;173,322;173,322;333,206;272,393;270,187;269,943;44;-0,577717;14,5777;0;270
1531;0,6;11,2547;3,83411;343;380;70;173,322;173,322;333,206;272,393;270,187;269,943;44;-0,577717;14,5777;0;270
1532;0,6;11,2579;3,84448;343;380;70;173,322;173,322;333,206;272,393;270,187;269,943;44;-0,577717;14,5777;0;270
1533;0,6;11,2552;3,87365;343;380;70;173,322;173,322;333,206;272,393;270,187;269,943;44;-0,577717;14,5777;0;270
1534;0,6;11,2955;3,87071;343;380;70;173,322;173,322;333,071;271,555;270,173;269,173;44;-0,483378;14,4834;0;270
1535;0,6;11,2982;3,85759;343;380;70;173,322;173,177;333,071;271,555;270,173;269,173;44;-0,483378;14,4834;0;270
1536;0,6;11,2727;3,86623;343;380;70;173,322;173,322;333,071;271,555;270,173;269,173;44;-0,483378;14,4834;0;270
1537;0,6;11,2847;3,88642;343;380;70;173,322;173,322;333,071;271,555;270,173;269,173;44;-0,483378;14,4834;0;270
1538;0,6;11,2902;3,84311;343;380;70;173,322;173,322;333,44;271,1;270,142;269,598;44;-0,27815;14,2782;0;270
1539;0,6;11,3353;3,84191;343;380;70;173,322;173,322;333,44;271,1;270,142;269,598;44;-0,27815;14,2782;0;270
1540;0,6;11,2902;3,85239;343;380;70;173,177;173,322;333,44;271,1;270,142;269,598;44;-0,27815;14,2782;0;270
1541;0,6;11,3196;4,14245;343;380;70;173,322;173,177;333,44;271,1;270,142;269,598;44;-0,27815;14,2782;0;270
1542;0,6;11,5818;4,11796;343;380;70;173,177;173,177;333,377;271,465;270,152;270,023;44;-0,340232;14,3402;0;270
1543;0,6;11,5818;4,13869;343;380;70;173,177;173,177;333,377;271,465;270,152;270,023;44;-0,340232;14,3402;0;270
1544;0,6;11,5992;4,16301;343;380;70;173,177;173,177;333,377;271,465;270,152;270,023;44;-0,340232;14,3402;0;270
1545;0,6;11,5521;4,14061;343;380;70;173,177;173,322;333,377;271,465;270,152;270,023;44;-0,340232;14,3402;0;270
1546;0,6;11,5643;4,13742;343;380;70;173,322;173,322;333,363;271,268;270,192;270,492;44;-0,600099;14,6001;0;270
1547;0,6;11,5867;4,20058;343;380;70;173,322;173,466;333,363;271,268;270,192;270,492;44;-0,600099;14,6001;0;270
1548;0,6;11,6041;4,18367;343;380;70;173,466;173,322;333,363;271,268;270,192;270,492;44;-0,600099;14,6001;0;270
1549;0,6;11,6166;4,19863;343;380;70;173,466;173,466;333,363;271,268;270,192;270,492;44;-0,600099;14,6001;0;270
1550;0,6;11,6166;4,43046;343;380;70;173,466;173,322;333,266;271,65;270,239;270,455;44;-0,912445;14,9124;0;270
1551;0,6;11,7111;4,40669;343;380;70;173,322;173,322;333,266;271,65;270,239;270,455;44;-0,912445;14,9124;0;270
1552;0,6;11,6995;4,45683;343;380;70;173,177;173,322;333,266;271,65;270,239;270,455;44;-0,912445;14,9124;0;270
1553;0,6;11,6584;4,44365;343;380;70;173,177;173,177;333,266;271,65;270,239;270,455;44;-0,912445;14,9124;0;270
1554;0,6;11,6926;4,47895;343;380;70;173,177;173,177;332,958;271,275;270,291;270,323;44;-1,25303;15,253;0;270
1555;0,6;11,6451;4,45804;343;380;70;173,177;173,177;332,958;271,275;270,291;270,323;44;-1,25303;15,253;0;270
1556;0,6;12,0146;4,43405;343;380;70;173,177;173,177;332,958;271,275;270,291;270,323;44;-1,25303;15,253;0;270
1557;0,6;11,9943;4,4213;343;380;70;173,177;173,177;332,958;271,275;270,291;270,323;44;-1,25303;15,253;0;270
1558;0,6;11,9304;4,43173;343;380;70;173,177;173,177;332,867;271,742;270,301;269,938;44;-1,32577;15,3258;0;270
1559;0,6;11,9983;4,70565;343;380;70;173,177;173,177;332,867;271,742;270,301;269,938;44;-1,32577;15,3258;0;270
1560;0,6;11,9386;4,66251;343;380;70;173,177;173,177;332,867;271,742;270,301;269,938;44;-1,32577;15,3258;0;270
1561;0,6;11,9547;4,65294;343;380;70;173,032;173,177;332,867;271,742;270,301;269,938;44;-1,32577;15,3258;0;270
1562;0,6;11,9895;4,68692;343;380;70;172,888;173,032;332,821;271,745;270,319;270,245;44;-1,44085;15,4408;0;270
1563;0,6;11,9951;4,70045;343;380;70;172,888;173,032;332,821;271,745;270,319;270,245;44;-1,44085;15,4408;0;270
1564;0,6;12,025;4,72675;343;380;70;172,888;172,888;332,821;271,745;270,319;270,245;44;-1,44085;15,4408;0;270
1565;0,6;12,1109;4,72675;343;380;70;172,888;172,888;332,821;271,745;270,319;270,245;44;-1,44085;15,4408;0;270
1566;0,6;12,0334;4,72628;343;380;70;172,888;172,888;332,854;271,647;270,377;270,622;44;-1,82616;15,8262;0;270
1567;0,6;12,0487;4,97336;343;380;70;172,888;172,888;332,854;271,647;270,377;270,622;44;-1,82616;15,8262;0;270
1568;0,6;11,958;4,94268;343;380;70;172,888;173,032;332,854;271,647;270,377;270,622;44;-1,82616;15,8262;0;270
1569;0,6;12,2869;4,96891;343;380;70;172,888;173,032;332,854;271,647;270,377;270,622;44;-1,82616;15,8262;0;270
1570;0,6;12,2618;4,96891;343;380;70;173,032;173,032;332,882;272,462;270,432;270,615;44;-2,18784;16,1878;0;270
1571;0,6;12,2573;4,94268;343;380;70;173,032;172,888;332,882;272,462;270,432;270,615;44;-2,18784;16,1878;0;270
1572;0,6;12,2947;4,98215;343;380;70;172,888;172,888;332,882;272,462;270,432;270,615;44;-2,18784;16,1878;0;270
1573;0,6;12,3379;4,99572;343;380;70;172,888;172,888;332,882;272,462;270,432;270,615;44;-2,18784;16,1878;0;270
1574;0,6;12,3726;5,02209;343;380;70;172,888;172,888;332,808;272,815;270,486;270,712;44;-2,54678;16,5468;0;270
1575;0,6;12,4164;5,23224;343;380;70;172,888;173,032;332,808;272,815;270,486;270,712;44;-2,54678;16,5468;0;270
1576;0,6;12,4987;5,26516;343;380;70;172,888;172,888;332,808;272,815;270,486;270,712;44;-2,54678;16,5468;0;270
1577;0,6;12,4999;5,28096;343;380;70;172,888;172,888;332,808;272,815;270,486;270,712;44;-2,54678;16,5468;0;270
1578;0,6;12,491;5,30707;343;380;70;172,888;172,888;332,66;272,163;270,563;270,825;44;-3,05283;17,0528;0;270
1579;0,6;12,4832;5,30613;343;380;70;173,032;173,032;332,66;272,163;270,563;270,825;44;-3,05283;17,0528;0;270
1580;0,6;12,4308;5,28056;343;380;70;173,032;173,177;332,66;272,163;270,563;270,825;44;-3,05283;17,0528;0;270
1581;0,6;12,6664;5,29022;343;380;70;173,032;173,177;332,66;272,163;270,563;270,825;44;-3,05283;17,0528;0;270
1582;0,6;12,7703;5,51962;343;380;70;173,177;173,177;332,488;273,995;270,618;270,67;44;-3,41199;17,412;0;270
1583;0,6;12,6746;5,46554;343;380;70;173,032;173,032;332,488;273,995;270,618;270,67;44;-3,41199;17,412;0;270
1584;0,6;12,7237;5,48961;343;380;70;173,032;173,177;332,488;273,995;270,618;270,67;44;-3,41199;17,412;0;270
1585;0,6;12,8041;5,518;343;380;70;173,177;173,032;332,488;273,995;270,618;270,67;44;-3,41199;17,412;0;270
1586;0,6;12,7703;5,50568;343;380;70;173,177;173,177;332,312;273,958;270,649;270,448;44;-3,62172;17,6217;0;270
1587;0,6;12,8115;5,54777;343;380;70;173,322;173,177;332,312;273,958;270,649;270,448;44;-3,62172;17,6217;0;270
1588;0,6;12,7525;5,523;343;380;70;173,322;173,322;332,312;273,958;270,649;270,448;44;-3,62172;17,6217;0;270
1589;0,6;12,7961;5,523;343;380;70;173,322;173,322;332,312;273,958;270,649;270,448;44;-3,62172;17,6217;0;270
1590;0,6;12,7618;5,76447;343;380;70;173,466;173,322;332,219;274,805;270,673;271,055;44;-3,77389;17,7739;0;270
1591;0,6;13,0466;5,75197;343;380;70;173,466;173,466;332,219;274,805;270,673;271,055;44;-3,77389;17,7739;0;270
1592;0,6;13,1811;5,73071;343;380;70;173,466;173,466;332,219;274,805;270,673;271,055;44;-3,77389;17,7739;0;270
1593;0,6;13,1089;5,71807;343;380;70;173,322;173,322;332,219;274,805;270,673;271,055;44;-3,77389;17,7739;0;270
1594;0,6;13,0998;5,74621;343;380;70;173,177;173,322;332,382;274,865;270,727;270,928;44;-4,13149;18,1315;0;270
1595;0,6;13,0831;5,74665;343;380;70;173,322;173,322;332,382;274,865;270,727;270,928;44;-4,13149;18,1315;0;270
1596;0,6;13,0459;5,71565;343;380;70;173,322;173,322;332,382;274,865;270,727;270,928;44;-4,13149;18,1315;0;270
1597;0,6;12,9661;5,72894;343;380;70;173,466;173,322;332,382;274,865;270,727;270,928;44;-4,13149;18,1315;0;270
1598;0,6;12,9834;5,75977;343;380;70;173,466;173,466;332,624;272,215;270,756;270,668;44;-4,32664;18,3266;0;270
1599;0,6;13,064;5,75932;343;380;70;173,466;173,466;332,624;272,215;270,756;270,668;44;-4,32664;18,3266;0;270
1600;0,6;13,0027;5,71807;343;380;70;173,611;173,466;332,624;272,215;270,756;270,668;44;-4,32664;18,3266;0;270
1601;0,6;13,354;5,99142;343;380;70;173,611;173,466;332,624;272,215;270,756;270,668;44;-4,32664;18,3266;0;270
1602;0,6;13,3814;6,00457;343;380;70;173,611;173,466;332,607;271,12;270,768;270,902;44;-4,40657;18,4066;0;270
1603;0,6;13,3221;6,00754;343;380;70;173,466;173,466;332,607;271,12;270,768;270,902;44;-4,40657;18,4066;0;270
1604;0,6;13,3374;6,04711;343;380;70;173,466;173,466;332,607;271,12;270,768;270,902;44;-4,40657;18,4066;0;270
1605;0,6;13,264;6,01466;343;380;70;173,466;173,466;332,607;271,12;270,768;270,902;44;-4,40657;18,4066;0;270
1606;0,6;13,2125;5,98267;343;380;70;173,466;173,466;332,746;271,765;270,806;271,06;43,075;-4,65741;17,7574;0;270
1607;0,6;13,2561;6,00457;343;380;70;173,611;173,466;332,746;271,765;270,806;271,06;43,075;-4,65741;17,7574;0;270
1608;0,6;13,2125;6,02181;343;380;70;173,611;173,611;332,746;271,765;270,806;271,06;43,075;-4,65741;17,7574;0;270
1609;0,6;13,2749;6,03391;343;380;70;173,611;173,611;332,746;271,765;270,806;271,06;43,075;-4,65741;17,7574;0;270
1610;0,6;13,6934;6,06333;343;380;70;173,466;173,611;332,843;273,315;270,849;271,057;43;-4,93666;17,9367;0;270
1611;0,6;13,6972;6,0103;343;380;70;173,611;173,611;332,843;273,315;270,849;271,057;43;-4,93666;17,9367;0;270
1612;0,6;13,7599;6,01772;343;380;70;173,611;173,611;332,843;273,315;270,849;271,057;43;-4,93666;17,9367;0;270
1613;0,6;13,6343;5,95918;343;380;70;173,611;173,611;332,843;273,315;270,849;271,057;43;-4,93666;17,9367;0;270
1614;0,6;13,704;5,98533;343;380;70;173,611;173,611;332,632;273,77;270,896;270,908;43;-5,24996;18,25;0;270
1615;0,6;13,5677;5,97827;343;380;70;173,466;173,466;332,632;273,77;270,896;270,908;43;-5,24996;18,25;0;270
1616;0,6;13,6482;6,03391;343;380;70;173,466;173,466;332,632;273,77;270,896;270,908;43;-5,24996;18,25;0;270
1617;0,6;13,6022;6,02072;343;380;70;173,466;173,466;332,632;273,77;270,896;270,908;43;-5,24996;18,25;0;270
1618;0,6;13,9085;5,97873;343;380;70;173,466;173,466;332,451;273,58;270,901;270,788;43;-5,28977;18,2898;0;270
1619;0,6;13,9142;5,96218;343;380;70;173,466;173,466;332,451;273,58;270,901;270,788;43;-5,28977;18,2898;0;270
1620;0,6;13,8995;5,9461;343;380;70;173,611;173,466;332,451;273,58;270,901;270,788;43;-5,28977;18,2898;0;270
1621;0,6;13,915;5,93139;343;380;70;173,611;173,611;332,451;273,58;270,901;270,788;43;-5,28977;18,2898;0;270
1622;0,6;13,9773;6,16267;343;380;70;173,611;173,611;332,598;273,33;270,892;270,918;43;-5,22636;18,2264;0;270
1623;0,6;13,9717;6,22423;343;380;70;173,611;173,611;332,598;273,33;270,892;270,918;43;-5,22636;18,2264;0;270
1624;0,6;14,0233;6,27866;343;380;70;173,611;173,466;332,598;273,33;270,892;270,918;43;-5,22636;18,2264;0;270
1625;0,6;14,0399;6,25763;343;380;70;173,466;173,466;332,598;273,33;270,892;270,918;43;-5,22636;18,2264;0;270
1626;0,6;13,9538;6,24093;343;380;70;173,322;173,322;332,725;271,958;270,959;271,518;43;-5,64998;18,65;0;270
1627;0,6;14,2578;6,23741;343;380;70;173,322;173,322;332,725;271,958;270,959;271,518;43;-5,64998;18,65;0;270
1628;0,6;14,1746;6,22068;343;380;70;173,322;173,322;332,725;271,958;270,959;271,518;43;-5,64998;18,65;0;270
1629;0,6;14,1777;6,1646;343;380;70;173,322;173,322;332,725;271,958;270,959;271,518;43;-5,64998;18,65;0;270
1630;0,6;14,3743;6,21152;343;380;70;173,322;173,322;332,614;271,997;271,085;271,777;43;-6,48762;19,4876;0;270
1631;0,6;14,3278;6,23159;343;380;70;173,466;173,322;332,614;271,997;271,085;271,777;43;-6,48762;19,4876;0;270
1632;0,6;14,2689;6,21449;343;380;70;173,466;173,466;332,614;271,997;271,085;271,777;43;-6,48762;19,4876;0;270
1633;0,6;14,2399;6,21449;343;380;70;173,322;173,322;332,614;271,997;271,085;271,777;43;-6,48762;19,4876;0;270
1634;0,6;14,2996;6,23207;343;380;70;173,322;173,322;332,549;273,413;271,141;271,203;43;-6,86497;19,865;0;270
1635;0,6;14,3497;6,17528;343;380;70;173,322;173,322;332,549;273,413;271,141;271,203;43;-6,86497;19,865;0;270
1636;0,6;14,6148;5,92752;343;380;70;173,177;173,177;332,549;273,413;271,141;271,203;43;-6,86497;19,865;0;270
1637;0,6;14,4478;5,88348;343;380;70;173,177;173,177;332,549;273,413;271,141;271,203;43;-6,86497;19,865;0;270
1638;0,6;14,4216;5,88348;343;380;70;173,177;173,177;332,617;274,18;271,143;271,113;43;-6,8822;19,8822;0;270
1639;0,6;14,4141;5,87576;343;380;70;173,177;173,177;332,617;274,18;271,143;271,113;43;-6,8822;19,8822;0;270
1640;0,6;14,4672;5,9057;343;380;70;173,177;173,177;332,617;274,18;271,143;271,113;43;-6,8822;19,8822;0;270
1641;0,6;14,3378;5,87567;343;380;70;173,177;173,177;332,617;274,18;271,143;271,113;43;-6,8822;19,8822;0;270
1642;0,6;14,4565;5,8599;343;380;70;173,322;173,322;332,813;273,383;271,135;270,105;43;-6,83201;19,832;0;270
1643;0,6;14,5402;5,87036;343;380;70;173,177;173,177;332,813;273,383;271,135;270,105;43;-6,83201;19,832;0;270
1644;0,6;14,4262;5,8599;343;380;70;173,177;173,177;332,813;273,383;271,135;270,105;43;-6,83201;19,832;0;270
1645;0,6;14,421;5,81791;343;380;70;173,177;173,177;332,813;273,383;271,135;270,105;43;-6,83201;19,832;0;270
1646;0,6;14,5495;5,83869;343;380;70;173,177;173,032;332,878;273,225;271,131;270,94;42,8079;-6,80375;19,7524;-0,140828;270
1647;0,6;14,7979;5,83102;343;380;70;173,032;173,177;332,878;273,225;271,131;270,94;42,8079;-6,80375;19,7524;-0,140828;270
1648;0,6;14,6991;5,81529;343;380;70;173,032;173,032;332,878;273,225;271,131;270,94;42,8079;-6,80375;19,7524;-0,140828;270
1649;0,6;14,7456;5,79684;343;380;70;173,032;173,032;332,878;273,225;271,131;270,94;42,8079;-6,80375;19,7524;-0,140828;270
1650;0,6;14,6836;5,82837;343;380;70;173,032;173,032;332,96;273,465;271,138;270,953;42,4656;-6,85082;19,6712;-0,354713;270
1651;0,6;14,6809;5,80221;343;380;70;173,032;173,032;332,96;273,465;271,138;270,953;42,4656;-6,85082;19,6712;-0,354713;270
1652;0,6;14,6636;5,80479;343;380;70;173,032;173,177;332,96;273,465;271,138;270,953;42,4656;-6,85082;19,6712;-0,354713;270
1653;0,6;14,7236;5,82045;343;380;70;173,032;173,177;332,96;273,465;271,138;270,953;42,4656;-6,85082;19,6712;-0,354713;270
1654;0,6;14,7189;5,77767;343;380;70;173,032;173,032;333,014;273,538;271,144;270,778;42,2854;-6,89099;19,5888;-0,412479;270
1655;0,6;14,7071;5,79168;343;380;70;173,032;173,032;333,014;273,538;271,144;270,778;42,2854;-6,89099;19,5888;-0,412479;270
1656;0,6;14,6117;5,79743;343;380;70;172,888;173,032;333,014;273,538;271,144;270,778;42,2854;-6,89099;19,5888;-0,412479;270
1657;0,6;14,6542;5,78335;343;380;70;172,888;172,888;333,014;273,538;271,144;270,778;42,2854;-6,89099;19,5888;-0,412479;270
1658;0,6;14,684;5,7368;343;380;70;172,888;172,888;332,819;273,685;271,141;270,47;42,6005;-6,87627;19,5052;-0,0284864;270
1659;0,6;14,6021;5,71297;343;380;70;172,888;172,888;332,819;273,685;271,141;270,47;42,6005;-6,87627;19,5052;-0,0284864;270
1660;0,6;14,6416;5,78098;343;380;70;172,888;172,888;332,819;273,685;271,141;270,47;42,6005;-6,87627;19,5052;-0,0284864;270
1661;0,6;14,4994;5,74816;343;380;70;172,888;172,888;332,819;273,685;271,141;270,47;42,6005;-6,87627;19,5052;-0,0284864;270
1662;0,6;14,9733;5,79887;343;380;70;173,032;173,032;332,665;273,075;271,106;270,467;44,2885;-6,64901;19,4229;1,51466;270
1663;0,6;15,0047;5,78557;343;380;70;173,032;173,032;332,665;273,075;271,106;270,467;44,2885;-6,64901;19,4229;1,51466;270
1664;0,6;14,8101;5,48755;343;380;70;173,032;173,032;332,665;273,075;271,106;270,467;44,2885;-6,64901;19,4229;1,51466;270
1665;0,6;14,7782;5,44653;343;380;70;172,888;173,032;332,665;273,075;271,106;270,467;44,2885;-6,64901;19,4229;1,51466;270
1666;0,6;14,8397;5,46118;343;380;70;173,032;173,032;332,455;272,49;271,063;270,383;45,3622;-6,36019;19,3433;2,37839;270
1667;0,6;14,9699;5,51392;343;380;70;172,888;172,888;332,455;272,49;271,063;270,383;45,3622;-6,36019;19,3433;2,37839;270
1668;0,6;14,87;5,48128;343;380;70;172,888;172,888;332,455;272,49;271,063;270,383;45,3622;-6,36019;19,3433;2,37839;270
1669;0,6;14,8337;5,47583;343;380;70;172,888;172,888;332,455;272,49;271,063;270,383;45,3622;-6,36019;19,3433;2,37839;270
1670;0,6;14,8533;5,40664;343;380;70;172,888;172,743;332,594;273,48;271,02;269,117;46,1895;-6,07387;19,2673;2,99603;270
1671;0,6;14,8353;5,42021;343;380;70;172,888;172,888;332,594;273,48;271,02;269,117;46,1895;-6,07387;19,2673;2,99603;270
1672;0,6;14,8655;5,42104;343;380;70;172,888;172,888;332,594;273,48;271,02;269,117;46,1895;-6,07387;19,2673;2,99603;270
1673;0,6;14,8344;5,43396;343;380;70;172,888;173,032;332,594;273,48;271,02;269,117;46,1895;-6,07387;19,2673;2,99603;270
1674;0,6;14,7921;5,46303;343;380;70;173,032;173,032;332,813;273,103;270,991;270,453;45,6289;-5,87654;19,1952;2,31021;270
1675;0,6;14,7057;5,42579;343;380;70;173,032;173,032;332,813;273,103;270,991;270,453;45,6289;-5,87654;19,1952;2,31021;270
1676;0,6;14,7531;5,43908;343;380;70;172,888;172,888;332,813;273,103;270,991;270,453;45,6289;-5,87654;19,1952;2,31021;270
1677;0,6;14,7476;5,39809;343;380;70;172,888;172,888;332,813;273,103;270,991;270,453;45,6289;-5,87654;19,1952;2,31021;270
1678;0,6;14,8095;5,41085;343;380;70;172,888;172,888;333,3;273,645;271,013;270,925;43,2159;-6,02531;19,1236;0,117592;270
1679;0,6;14,7777;5,1537;343;380;70;172,888;172,888;333,3;273,645;271,013;270,925;43,2159;-6,02531;19,1236;0,117592;270
1680;0,6;14,7658;5,18074;343;380;70;172,888;172,888;333,3;273,645;271,013;270,925;43,2159;-6,02531;19,1236;0,117592;270
1681;0,6;14,7138;5,14086;343;380;70;172,888;172,888;333,3;273,645;271,013;270,925;43,2159;-6,02531;19,1236;0,117592;270
1682;0,6;14,7011;5,11261;343;380;70;173,032;173,032;333,579;273,48;271,039;271,228;41,8026;-6,19559;19,0493;-1,05114;270
1683;0,6;14,7508;5,08626;343;380;70;173,032;173,032;333,579;273,48;271,039;271,228;41,8026;-6,19559;19,0493;-1,05114;270
1684;0,6;14,8958;5,10028;343;380;70;173,032;173,032;333,579;273,48;271,039;271,228;41,8026;-6,19559;19,0493;-1,05114;270
1685;0,6;14,7923;5,07847;343;380;70;173,032;173,032;333,579;273,48;271,039;271,228;41,8026;-6,19559;19,0493;-1,05114;270
1686;0,6;14,7347;5,06021;343;380;70;173,032;173,032;333,575;272,948;271,077;271,38;40,4586;-6,44098;18,974;-2,07445;270
1687;0,6;14,7891;5,04724;343;380;70;173,032;173,032;333,575;272,948;271,077;271,38;40,4586;-6,44098;18,974;-2,07445;270
1688;0,6;14,8119;5,07343;343;380;70;173,032;173,032;333,575;272,948;271,077;271,38;40,4586;-6,44098;18,974;-2,07445;270
1689;0,6;14,6989;5,0203;343;380;70;173,032;173,032;333,575;272,948;271,077;271,38;40,4586;-6,44098;18,974;-2,07445;270
1690;0,6;14,5492;5,03377;343;380;70;173,032;173,032;333,094;273,483;271,158;271,643;37,5646;-6,9693;18,8931;-4,3592;270
1691;0,6;14,6096;5,00683;343;380;70;173,032;173,177;333,094;273,483;271,158;271,643;37,5646;-6,9693;18,8931;-4,3592;270
1692;0,6;14,6474;4,96738;343;380;70;173,177;173,177;333,094;273,483;271,158;271,643;37,5646;-6,9693;18,8931;-4,3592;270
1693;0,6;14,7295;5,0203;343;380;70;173,177;173,177;333,094;273,483;271,158;271,643;37,5646;-6,9693;18,8931;-4,3592;270
1694;0,6;14,6541;4,9673;343;380;70;173,177;173,177;332,717;274,395;271,225;271,307;36,8111;-7,42122;18,8041;-4,57182;270
1695;0,6;14,6843;4,98094;343;380;70;173,177;173,177;332,717;274,395;271,225;271,307;36,8111;-7,42122;18,8041;-4,57182;270
1696;0,6;14,5949;4,71107;343;380;70;173,322;173,177;332,717;274,395;271,225;271,307;36,8111;-7,42122;18,8041;-4,57182;270
1697;0,6;14,4412;4,67209;343;380;70;173,177;173,177;332,717;274,395;271,225;271,307;36,8111;-7,42122;18,8041;-4,57182;270
1698;0,6;14,5578;4,6855;343;380;70;173,177;173,177;332,315;272,923;271,274;272,07;36,8154;-7,74186;18,7121;-4,15488;270
1699;0,6;14,5659;4,66207;343;380;70;173,177;173,177;332,315;272,923;271,274;272,07;36,8154;-7,74186;18,7121;-4,15488;270
1700;0,6;14,5341;4,65855;343;380;70;173,177;173,322;332,315;272,923;271,274;272,07;36,8154;-7,74186;18,7121;-4,15488;270
1701;0,6;14,4811;4,64605;343;380;70;173,177;173,177;332,315;272,923;271,274;272,07;36,8154;-7,74186;18,7121;-4,15488;270
1702;0,6;14,46;4,6066;343;380;70;173,177;173,177;331,807;272,723;271,384;272,625;33,6163;-8,46107;18,6141;-6,53673;270
1703;0,6;14,4719;4,60193;343;380;70;173,177;173,177;331,807;272,723;271,384;272,625;33,6163;-8,46107;18,6141;-6,53673;270
1704;0,6;14,3445;4,55305;343;380;70;173,177;173,177;331,807;272,723;271,384;272,625;33,6163;-8,46107;18,6141;-6,53673;270
1705;0,6;14,3372;4,60528;343;380;70;173,322;173,177;331,807;272,723;271,384;272,625;33,6163;-8,46107;18,6141;-6,53673;270
1706;0,6;14,3445;4,33311;343;380;70;173,322;173,322;330,98;272,765;271,486;271,598;32,3429;-9,13744;18,508;-7,02765;270
1707;0,6;14,361;4,3583;343;380;70;173,322;173,322;330,98;272,765;271,486;271,598;32,3429;-9,13744;18,508;-7,02765;270
1708;0,6;14,3262;4,33138;343;380;70;173,322;173,466;330,98;272,765;271,486;271,598;32,3429;-9,13744;18,508;-7,02765;270
1709;0,6;14,2097;4,31985;343;380;70;173,177;173,177;330,98;272,765;271,486;271,598;32,3429;-9,13744;18,508;-7,02765;270
1710;0,6;14,2333;4,28221;343;380;70;173,177;173,177;329,992;273,255;271,53;271,522;34,0544;-9,43589;18,3964;-4,90618;270
1711;0,6;14,2682;4,25356;343;380;70;173,177;173,177;329,992;273,255;271,53;271,522;34,0544;-9,43589;18,3964;-4,90618;270
1712;0,6;14,2865;4,26683;343;380;70;173,177;173,177;329,992;273,255;271,53;271,522;34,0544;-9,43589;18,3964;-4,90618;270
1713;0,6;14,2856;4,02246;343;380;70;173,177;173,177;329,992;273,255;271,53;271,522;34,0544;-9,43589;18,3964;-4,90618;270
1714;0,6;14,2044;3,99331;343;380;70;173,177;173,177;328,752;272,872;271,557;271,505;35,2728;-9,61104;18,2816;-3,39774;270
1715;0,6;14,1417;3,97759;343;380;70;173,177;173,322;328,752;272,872;271,557;271,505;35,2728;-9,61104;18,2816;-3,39774;270
1716;0,6;13,8174;3,95093;343;380;70;173,322;173,322;328,752;272,872;271,557;271,505;35,2728;-9,61104;18,2816;-3,39774;270
1717;0,6;13,8537;3,92715;343;380;70;173,322;173,322;328,752;272,872;271,557;271,505;35,2728;-9,61104;18,2816;-3,39774;270
1718;0,6;13,7968;3,9164;343;380;70;173,322;173,322;328,043;273,255;271,587;270,62;35,6218;-9,81402;18,1637;-2,72782;270
1719;0,6;13,8704;3,91917;343;380;70;173,322;173,322;328,043;273,255;271,587;270,62;35,6218;-9,81402;18,1637;-2,72782;270
1720;0,6;13,8285;3,61286;343;380;70;173,177;173,177;328,043;273,255;271,587;270,62;35,6218;-9,81402;18,1637;-2,72782;270
1721;0,6;13,7794;3,64901;343;380;70;173,177;173,177;328,043;273,255;271,587;270,62;35,6218;-9,81402;18,1637;-2,72782;270
1722;0,6;13,7337;3,59611;343;380;70;173,177;173,177;327,478;272,91;271,588;270,885;37,0201;-9,82498;18,0437;-1,19864;270
1723;0,6;13,7839;3,59967;343;380;70;173,032;173,177;327,478;272,91;271,588;270,885;37,0201;-9,82498;18,0437;-1,19864;270
1724;0,6;13,4363;3,56591;343;380;70;173,177;173,032;327,478;272,91;271,588;270,885;37,0201;-9,82498;18,0437;-1,19864;270
1725;0,6;13,3544;3,55057;343;380;70;173,322;173,177;327,478;272,91;271,588;270,885;37,0201;-9,82498;18,0437;-1,19864;270
1726;0,6;13,3641;3,32159;343;380;70;173,177;173,177;326,883;273,298;271,593;271,19;37,2539;-9,84976;17,9238;-0,820124;270
1727;0,6;13,33;3,29508;343;380;70;173,177;173,177;326,883;273,298;271,593;271,19;37,2539;-9,84976;17,9238;-0,820124;270
1728;0,6;13,3118;3,27305;343;380;70;173,177;173,177;326,883;273,298;271,593;271,19;37,2539;-9,84976;17,9238;-0,820124;270
1729;0,6;13,2421;3,22903;343;380;70;173,032;173,177;326,883;273,298;271,593;271,19;37,2539;-9,84976;17,9238;-0,820124;270
1730;0,6;13,216;3,22878;343;380;70;173,032;173,032;326,74;272,913;271,659;272,318;34,2986;-10,2837;17,8014;-3,2191;270
1731;0,6;12,9215;3,2049;343;380;70;173,032;173,032;326,74;272,913;271,659;272,318;34,2986;-10,2837;17,8014;-3,2191;270
1732;0,6;12,825;3,14186;343;380;70;173,032;172,888;326,74;272,913;271,659;272,318;34,2986;-10,2837;17,8014;-3,2191;270
1733;0,6;12,9128;2,91843;343;380;70;172,888;172,888;326,74;272,913;271,659;272,318;34,2986;-10,2837;17,8014;-3,2191;270
1734;0,6;12,8939;2,87095;343;380;70;172,888;172,888;326,603;272,938;271,716;271,398;33,3436;-10,6654;17,6736;-3,66464;270
1735;0,6;12,9271;2,9001;343;380;70;172,888;172,888;326,603;272,938;271,716;271,398;33,3436;-10,6654;17,6736;-3,66464;270
1736;0,6;12,8774;2,86074;343;380;70;173,032;173,032;326,603;272,938;271,716;271,398;33,3436;-10,6654;17,6736;-3,66464;270
1737;0,6;12,8942;2,83451;343;380;70;172,888;173,032;326,603;272,938;271,716;271,398;33,3436;-10,6654;17,6736;-3,66464;270
1738;0,6;12,4511;2,83662;343;380;70;173,032;173,032;326,085;272,592;271,734;270,975;34,4087;-10,7798;17,5435;-2,35499;270
1739;0,6;12,391;2,81025;343;380;70;172,888;173,032;326,085;272,592;271,734;270,975;34,4087;-10,7798;17,5435;-2,35499;270
1740;0,6;12,3729;2,79706;343;380;70;172,888;173,032;326,085;272,592;271,734;270,975;34,4087;-10,7798;17,5435;-2,35499;270
1741;0,6;12,3205;2,51442;343;380;70;172,888;172,888;326,085;272,592;271,734;270,975;34,4087;-10,7798;17,5435;-2,35499;270
1742;0,6;12,2698;2,51442;343;380;70;172,888;172,743;325,526;272,878;271,78;271,638;33,2661;-11,0758;17,4132;-3,07134;270
1743;0,6;12,2962;2,52116;343;380;70;172,743;172,888;325,526;272,878;271,78;271,638;33,2661;-11,0758;17,4132;-3,07134;270
1744;0,6;12,3798;2,53397;343;380;70;172,743;172,888;325,526;272,878;271,78;271,638;33,2661;-11,0758;17,4132;-3,07134;270
1745;0,6;11,8811;2,44847;343;380;70;172,743;172,743;325,526;272,878;271,78;271,638;33,2661;-11,0758;17,4132;-3,07134;270
1746;0,6;11,9053;2,46828;343;380;70;172,743;172,743;325,059;273,085;271,829;271,3;32,585;-11,4089;17,2778;-3,2839;270
1747;0,6;11,8879;2,45506;343;380;70;172,743;172,888;325,059;273,085;271,829;271,3;32,585;-11,4089;17,2778;-3,2839;270
1748;0,6;11,8458;2,39573;343;380;70;172,888;172,888;325,059;273,085;271,829;271,3;32,585;-11,4089;17,2778;-3,2839;270
1749;0,6;11,9567;2,40892;343;380;70;172,888;172,888;325,059;273,085;271,829;271,3;32,585;-11,4089;17,2778;-3,2839;270
1750;0,6;11,8625;2,11879;343;380;70;172,743;172,888;324,568;273,738;271,839;271,335;33,6917;-11,4748;17,1394;-1,97291;270
1751;0,6;11,4262;2,1149;343;380;70;172,743;172,743;324,568;273,738;271,839;271,335;33,6917;-11,4748;17,1394;-1,97291;270
1752;0,6;11,4241;2,06036;343;380;70;172,743;172,743;324,568;273,738;271,839;271,335;33,6917;-11,4748;17,1394;-1,97291;270
1753;0,6;11,399;2,06604;343;380;70;172,743;172,743;324,568;273,738;271,839;271,335;33,6917;-11,4748;17,1394;-1,97291;270
1754;0,6;11,4027;2,04168;343;380;70;172,743;172,743;324,223;273,242;271,874;271,943;32,9895;-11,7049;16,9987;-2,30426;270
1755;0,6;11,2715;1,96606;343;380;70;172,743;172,743;324,223;273,242;271,874;271,943;32,9895;-11,7049;16,9987;-2,30426;270
1756;0,6;11,2666;1,97838;343;380;70;172,743;172,743;324,223;273,242;271,874;271,943;32,9895;-11,7049;16,9987;-2,30426;270
1757;0,6;10,9731;1,97593;343;380;70;172,743;172,743;324,223;273,242;271,874;271,943;32,9895;-11,7049;16,9987;-2,30426;270
1758;0,6;10,8938;1,70722;343;380;70;172,743;172,598;324,032;272,585;271,894;271,978;33,1496;-11,8377;16,8553;-1,86806;270
1759;0,6;10,8765;1,69796;343;380;70;172,743;172,743;324,032;272,585;271,894;271,978;33,1496;-11,8377;16,8553;-1,86806;270
1760;0,6;10,8399;1,70722;343;380;70;172,598;172,743;324,032;272,585;271,894;271,978;33,1496;-11,8377;16,8553;-1,86806;270
1761;0,6;10,8234;1,64145;343;380;70;172,743;172,743;324,032;272,585;271,894;271,978;33,1496;-11,8377;16,8553;-1,86806;270
1762;0,6;10,7769;1,60631;343;380;70;172,743;172,743;323,696;273,16;271,928;271,345;32,4293;-12,0611;16,7091;-2,2187;270
1763;0,6;10,7481;1,61493;343;380;70;172,598;172,743;323,696;273,16;271,928;271,345;32,4293;-12,0611;16,7091;-2,2187;270
1764;0,6;10,4002;1,5884;343;380;70;172,598;172,598;323,696;273,16;271,928;271,345;32,4293;-12,0611;16,7091;-2,2187;270
1765;0,6;10,4216;1,55289;343;380;70;172,598;172,598;323,696;273,16;271,928;271,345;32,4293;-12,0611;16,7091;-2,2187;270
1766;0,6;10,3625;1,26135;343;380;70;172,598;172,743;323,318;273,828;271,93;271,497;33,4582;-12,0759;16,5613;-1,02729;270
1767;0,6;10,3729;1,29879;343;380;70;172,743;172,743;323,318;273,828;271,93;271,497;33,4582;-12,0759;16,5613;-1,02729;270
1768;0,6;10,2876;1,24138;343;380;70;172,743;172,743;323,318;273,828;271,93;271,497;33,4582;-12,0759;16,5613;-1,02729;270
1769;0,6;10,3631;1,25391;343;380;70;172,743;172,888;323,318;273,828;271,93;271,497;33,4582;-12,0759;16,5613;-1,02729;270
1770;0,6;10,0309;1,195;343;380;70;172,888;172,888;322,827;273,34;271,968;272,163;31,9344;-12,3253;16,4156;-2,15594;270
1771;0,6;9,99058;1,195;343;380;70;172,743;172,743;322,827;273,34;271,968;272,163;31,9344;-12,3253;16,4156;-2,15594;270
1772;0,6;9,97616;1,16856;343;380;70;172,743;172,743;322,827;273,34;271,968;272,163;31,9344;-12,3253;16,4156;-2,15594;270
1773;0,6;9,84789;1,10244;343;380;70;172,743;172,743;322,827;273,34;271,968;272,163;31,9344;-12,3253;16,4156;-2,15594;270
1774;0,6;9,81052;1,09213;343;380;70;172,598;172,888;322,442;273,578;271,986;271,578;32,2403;-12,4465;16,267;-1,58016;270
1775;0,6;9,69826;1,05237;343;380;70;172,743;172,743;322,442;273,578;271,986;271,578;32,2403;-12,4465;16,267;-1,58016;270
1776;0,6;9,70293;0,783633;343;380;70;172,888;172,888;322,442;273,578;271,986;271,578;32,2403;-12,4465;16,267;-1,58016;270
1777;0,6;9,41475;0,821256;343;380;70;172,888;172,888;322,442;273,578;271,986;271,578;32,2403;-12,4465;16,267;-1,58016;270
1778;0,6;9,27407;0,726558;343;380;70;173,032;173,032;322,259;273,973;271,95;271,333;34,7394;-12,2144;16,1172;0,836675;270
1779;0,6;9,27086;0,754689;343;380;70;173,032;173,032;322,259;273,973;271,95;271,333;34,7394;-12,2144;16,1172;0,836675;270
1780;0,6;9,24593;0,713063;343;380;70;173,032;173,177;322,259;273,973;271,95;271,333;34,7394;-12,2144;16,1172;0,836675;270
1781;0,6;9,18601;0,685003;343;380;70;173,032;173,177;322,259;273,973;271,95;271,333;34,7394;-12,2144;16,1172;0,836675;270
1782;0,6;9,22393;0,666358;343;380;70;173,032;173,177;321,931;273,675;271,921;271,237;35,5006;-12,0194;15,9701;1,54992;270
1783;0,6;8,86795;0,640252;343;380;70;173,032;173,177;321,931;273,675;271,921;271,237;35,5006;-12,0194;15,9701;1,54992;270
1784;0,6;8,83414;0,589508;343;380;70;173,032;173,032;321,931;273,675;271,921;271,237;35,5006;-12,0194;15,9701;1,54992;270
1785;0,6;8,79881;0,577993;343;380;70;173,032;173,032;321,931;273,675;271,921;271,237;35,5006;-12,0194;15,9701;1,54992;270
1786;0,6;8,80004;0,310899;343;380;70;173,032;173,032;322,065;274,117;271,892;271,522;35,8407;-11,8283;15,8252;1,84392;270
1787;0,6;8,73087;0,271238;343;380;70;172,888;173,032;322,065;274,117;271,892;271,522;35,8407;-11,8283;15,8252;1,84392;270
1788;0,6;8,73844;0,271238;343;380;70;173,032;173,177;322,065;274,117;271,892;271,522;35,8407;-11,8283;15,8252;1,84392;270
1789;0,6;8,71897;0,283371;343;380;70;173,032;173,032;322,065;274,117;271,892;271,522;35,8407;-11,8283;15,8252;1,84392;270
1790;0,6;8,37285;0,230319;343;380;70;173,177;173,177;322,408;273,265;271,869;271,092;35,862;-11,6787;15,6808;1,85981;270
1791;0,6;8,3568;0,218187;343;380;70;173,032;173,177;322,408;273,265;271,869;271,092;35,862;-11,6787;15,6808;1,85981;270
1792;0,6;8,23554;0,138613;343;380;70;172,888;173,032;322,408;273,265;271,869;271,092;35,862;-11,6787;15,6808;1,85981;270
1793;0,6;8,24936;0,138252;343;380;70;172,888;173,032;322,408;273,265;271,869;271,092;35,862;-11,6787;15,6808;1,85981;270
1794;0,6;8,14667;0,0988031;343;380;70;172,888;172,888;322,922;273,065;271,833;270,872;36,3565;-11,4356;15,5402;2,25081;270
1795;0,6;8,1633;0,0854229;343;380;70;172,888;172,888;322,922;273,065;271,833;270,872;36,3565;-11,4356;15,5402;2,25081;270
1796;0,6;8,14583;0,0721135;343;380;70;173,032;173,032;322,922;273,065;271,833;270,872;36,3565;-11,4356;15,5402;2,25081;270
1797;0,6;7,77269;0,0459556;343;380;70;173,032;173,032;322,922;273,065;271,833;270,872;36,3565;-11,4356;15,5402;2,25081;270
1798;0,6;7,75396;0;343;380;70;173,177;173,032;323,161;273,77;271,825;271,278;35,3618;-11,3835;15,4016;1,34366;270
1799;0,6;7,80294;0;343;380;70;173,032;173,177;323,161;273,77;271,825;271,278;35,3618;-11,3835;15,4016;1,34366;270
1800;0,6;7,73467;0;343;380;70;173,322;173,177;323,161;273,77;271,825;271,278;35,3618;-11,3835;15,4016;1,34366;270
1801;0,6;7,7308;0;343;380;70;173,177;173,177;323,161;273,77;271,825;271,278;35,3618;-11,3835;15,4016;1,34366;270
1802;0,6;7,62966;0;343;380;70;173,177;173,322;323,23;273,932;271,827;271,038;34,2521;-11,3975;15,2644;0,385222;270
1803;0,6;7,5613;0;343;380;70;173,032;173,177;323,23;273,932;271,827;271,038;34,2521;-11,3975;15,2644;0,385222;270
1804;0,6;7,53074;0;343;380;70;173,032;173,177;323,23;273,932;271,827;271,038;34,2521;-11,3975;15,2644;0,385222;270
1805;0,6;7,54606;0;343;380;70;172,888;173,177;323,23;273,932;271,827;271,038;34,2521;-11,3975;15,2644;0,385222;270
1806;0,6;7,16071;0;343;380;70;173,032;173,032;323,302;273,298;271,862;271,645;32,2564;-11,6231;15,1269;-1,24741;270
1807;0,6;7,17247;0;343;380;70;172,888;173,032;323,302;273,298;271,862;271,645;32,2564;-11,6231;15,1269;-1,24741;270
1808;0,6;7,11447;0;343;380;70;173,032;173,032;323,302;273,298;271,862;271,645;32,2564;-11,6231;15,1269;-1,24741;270
1809;0,6;7,10009;0;343;380;70;173,032;173,032;323,302;273,298;271,862;271,645;32,2564;-11,6231;15,1269;-1,24741;270
1810;0,6;7,07543;0;343;380;70;173,032;173,177;323,121;273,175;271,873;271,495;32,3035;-11,6998;14,9862;-0,982897;270
1811;0,6;7,07091;0;343;380;70;173,032;173,032;323,121;273,175;271,873;271,495;32,3035;-11,6998;14,9862;-0,982897;270
1812;0,6;7,03341;0;343;380;70;173,177;173,032;323,121;273,175;271,873;271,495;32,3035;-11,6998;14,9862;-0,982897;270
1813;0,6;6,90958;0;343;380;70;173,032;173,032;323,121;273,175;271,873;271,495;32,3035;-11,6998;14,9862;-0,982897;270
1814;0,6;6,8697;0;343;380;70;173,032;173,032;322,821;272,75;271,886;271,133;22,094;-11,7839;4,82521;-0,947294;270
1815;0,6;6,83758;0;343;380;70;173,032;173,032;322,821;272,75;271,886;271,133;22,094;-11,7839;4,82521;-0,947294;270
1816;0,6;6,83758;0;343;380;70;172,888;172,888;322,821;272,75;271,886;271,133;22,094;-11,7839;4,82521;-0,947294;270
1817;0,6;6,55291;0;343;380;70;172,888;173,032;322,821;272,75;271,886;271,133;22,094;-11,7839;4,82521;-0,947294;270
1818;0,6;6,53811;0;343;380;70;172,888;172,888;322,279;272,693;271,872;271,417;20;-11,7014;1,66145;0,170042;270
1819;0,6;6,54679;0;343;380;70;172,888;172,888;322,279;272,693;271,872;271,417;20;-11,7014;1,66145;0,170042;270
1820;0,6;6,48113;0;343;380;70;172,888;172,888;322,279;272,693;271,872;271,417;20;-11,7014;1,66145;0,170042;270
1821;0,6;6,4502;0;343;380;70;173,032;173,032;322,279;272,693;271,872;271,417;20;-11,7014;1,66145;0,170042;270
1822;0,6;6,36305;0;343;380;70;173,032;173,032;321,109;273,117;271,856;271,26;19,9847;-11,5925;1,26643;0,668362;270
1823;0,6;6,34977;0;343;380;70;173,032;173,032;321,109;273,117;271,856;271,26;19,9847;-11,5925;1,26643;0,668362;270
1824;0,6;6,34562;0;343;380;70;172,888;173,032;321,109;273,117;271,856;271,26;19,9847;-11,5925;1,26643;0,668362;270
1825;0,6;6,34783;0;343;380;70;172,888;172,888;321,109;273,117;271,856;271,26;19,9847;-11,5925;1,26643;0,668362;270
1826;0,6;6,35887;0;343;380;70;172,888;172,888;319,457;272,735;271,823;270,095;19,9687;-11,3769;0,205741;1,91053;270
1827;0,6;6,22835;0;343;380;70;172,888;172,888;319,457;272,735;271,823;270,095;19,9687;-11,3769;0,205741;1,91053;270
1828;0,6;5,97909;0;343;380;70;172,888;172,888;319,457;272,735;271,823;270,095;19,9687;-11,3769;0,205741;1,91053;270
1829;0,6;5,9516;0;343;380;70;172,743;172,743;319,457;272,735;271,823;270,095;19,9687;-11,3769;0,205741;1,91053;270
1830;0,6;5,92453;0;343;380;70;172,743;172,888;317,767;272,795;271,754;270,777;20;-10,917;-1,17498;3,52567;270
1831;0,6;5,89839;0;343;380;70;172,888;173,032;317,767;272,795;271,754;270,777;20;-10,917;-1,17498;3,52567;270
1832;0,6;5,8811;0;343;380;70;172,888;172,888;317,767;272,795;271,754;270,777;20;-10,917;-1,17498;3,52567;270
1833;0,6;5,7915;0;343;380;70;172,888;173,032;317,767;272,795;271,754;270,777;20;-10,917;-1,17498;3,52567;270
1834;0,6;5,74505;0;343;380;70;172,888;172,888;316,406;273;271,717;269,92;19,9307;-10,682;-1,20784;3,34331;270
1835;0,6;5,46525;0;343;380;70;172,888;172,743;316,406;273;271,717;269,92;19,9307;-10,682;-1,20784;3,34331;270
1836;0,6;5,46265;0;343;380;70;172,743;172,888;316,406;273;271,717;269,92;19,9307;-10,682;-1,20784;3,34331;270
1837;0,6;5,47252;0;343;380;70;172,598;172,743;316,406;273;271,717;269,92;19,9307;-10,682;-1,20784;3,34331;270
1838;0,6;5,45616;0;343;380;70;172,598;172,743;315,19;272,788;271,598;269,283;20;-9,90547;-1,21471;6,37213;270
1839;0,6;5,36088;0;343;380;70;172,743;172,743;315,19;272,788;271,598;269,283;20;-9,90547;-1,21471;6,37213;270
1840;0,6;5,34998;0;343;380;70;172,598;172,743;315,19;272,788;271,598;269,283;20;-9,90547;-1,21471;6,37213;270
1841;0,6;5,04643;0;343;380;70;172,743;172,743;315,19;272,788;271,598;269,283;20;-9,90547;-1,21471;6,37213;270
1842;0,6;5,00125;0;343;380;70;172,743;172,743;313,981;272,008;271,521;270,533;20;-9,38762;-1,21471;5,98364;270
1843;0,6;4,96744;0;343;380;70;172,598;172,598;313,981;272,008;271,521;270,533;20;-9,38762;-1,21471;5,98364;270
1844;0,6;4,89164;0;343;380;70;172,598;172,598;313,981;272,008;271,521;270,533;20;-9,38762;-1,21471;5,98364;270
1845;0,6;4,90997;0;343;380;70;172,598;172,598;313,981;272,008;271,521;270,533;20;-9,38762;-1,21471;5,98364;270
1846;0,6;4,63916;0;343;380;70;172,454;172,598;313,152;271,835;271,468;270,275;20;-9,03135;-1,21471;4,83079;270
1847;0,6;4,5349;0;343;380;70;172,598;172,598;313,152;271,835;271,468;270,275;20;-9,03135;-1,21471;4,83079;270
1848;0,6;4,57909;0;343;380;70;172,598;172,598;313,152;271,835;271,468;270,275;20;-9,03135;-1,21471;4,83079;270
1849;0,6;4,53569;0;343;380;70;172,598;172,598;313,152;271,835;271,468;270,275;20;-9,03135;-1,21471;4,83079;270
1850;0,6;4,50977;0;343;380;70;172,454;172,743;312,412;272,18;271,439;270,713;20;-8,83914;-2,02739;3,37002;270
1851;0,6;4,15577;0;343;380;70;172,743;172,743;312,412;272,18;271,439;270,713;20;-8,83914;-2,02739;3,37002;270
1852;0,6;4,16328;0;343;380;70;172,743;172,743;312,412;272,18;271,439;270,713;20;-8,83914;-2,02739;3,37002;270
1853;0,6;4,15552;0;343;380;70;172,743;172,743;312,412;272,18;271,439;270,713;20;-8,83914;-2,02739;3,37002;270
1854;0,6;4,15534;0;343;380;70;172,888;172,888;311,663;272,43;271,383;270,587;20;-8,46841;-4,46544;3,89411;270
1855;0,6;3,85831;0;343;380;70;172,743;172,743;311,663;272,43;271,383;270,587;20;-8,46841;-4,46544;3,89411;270
1856;0,6;3,83305;0;343;380;70;172,598;172,888;311,663;272,43;271,383;270,587;20;-8,46841;-4,46544;3,89411;270
1857;0,6;3,79553;0;343;380;70;172,743;172,743;311,663;272,43;271,383;270,587;20;-8,46841;-4,46544;3,89411;270
1858;0,6;3,79618;0;343;380;70;172,743;172,743;311,007;272,212;271,304;270,293;20;-7,95754;-4,46544;5,01975;270
1859;0,6;3,80581;0;343;380;70;172,598;172,743;311,007;272,212;271,304;270,293;20;-7,95754;-4,46544;5,01975;270
1860;0,6;3,46567;0;343;380;70;172,743;172,743;311,007;272,212;271,304;270,293;20;-7,95754;-4,46544;5,01975;270
1861;0,6;3,51533;0;343;380;70;172,743;172,743;311,007;272,212;271,304;270,293;20;-7,95754;-4,46544;5,01975;270
1862;0,6;3,43744;0;343;380;70;172,743;172,743;310,474;271,865;271,221;270,062;20;-7,41151;-4,46544;5,66141;270
1863;0,6;3,41309;0;343;380;70;172,743;172,888;310,474;271,865;271,221;270,062;20;-7,41151;-4,46544;5,66141;270
1864;0,6;3,42006;0;343;380;70;172,888;172,888;310,474;271,865;271,221;270,062;20;-7,41151;-4,46544;5,66141;270
1865;0,6;3,0668;0;343;380;70;172,743;172,888;310,474;271,865;271,221;270,062;20;-7,41151;-4,46544;5,66141;270
1866;0,6;3,04298;0;343;380;70;172,743;172,743;309,948;271,777;271,165;269,78;20;-7,03967;-4,46544;4,81478;270
1867;0,6;3,07748;0;343;380;70;172,598;172,743;309,948;271,777;271,165;269,78;20;-7,03967;-4,46544;4,81478;270
1868;0,6;3,08426;0;343;380;70;172,598;172,743;309,948;271,777;271,165;269,78;20;-7,03967;-4,46544;4,81478;270
1869;0,6;3,09051;0;343;380;70;172,598;172,743;309,948;271,777;271,165;269,78;20;-7,03967;-4,46544;4,81478;270
1870;0,6;2,77891;0;343;380;70;172,598;172,743;309,526;272,395;271,107;269,6;20;-6,65702;-4,46544;4,57408;270
1871;0,6;2,76772;0;343;380;70;172,598;172,743;309,526;272,395;271,107;269,6;20;-6,65702;-4,46544;4,57408;270
1872;0,6;2,72735;0;343;380;70;172,598;172,743;309,526;272,395;271,107;269,6;20;-6,65702;-4,46544;4,57408;270
1873;0,6;2,72735;0;343;380;70;172,743;172,743;309,526;272,395;271,107;269,6;20;-6,65702;-4,46544;4,57408;270
1874;0,6;2,71397;0;343;380;70;172,743;172,888;308,987;271,962;271,049;270,11;20;-6,26984;-4,46544;4,43103;270
1875;0,6;2,35973;0;343;380;70;172,743;172,743;308,987;271,962;271,049;270,11;20;-6,26984;-4,46544;4,43103;270
1876;0,6;2,3586;0;343;380;70;172,743;172,743;308,987;271,962;271,049;270,11;20;-6,26984;-4,46544;4,43103;270
1877;0,6;2,38087;0;343;380;70;172,743;172,743;308,987;271,962;271,049;270,11;20;-6,26984;-4,46544;4,43103;270
1878;0,6;2,42745;0;343;380;70;172,598;172,743;308,509;272,03;270,989;269,717;20;-5,86839;-5,28144;4,59539;270
1879;0,6;2,31158;0;343;380;70;172,598;172,743;308,509;272,03;270,989;269,717;20;-5,86839;-5,28144;4,59539;270
1880;0,6;2,07192;0;343;380;70;172,598;172,743;308,509;272,03;270,989;269,717;20;-5,86839;-5,28144;4,59539;270
1881;0,6;2,05743;0;343;380;70;172,598;172,743;308,509;272,03;270,989;269,717;20;-5,86839;-5,28144;4,59539;270
1882;0,6;2,09195;0;343;380;70;172,743;172,743;308,014;272,298;270,886;269,508;20;-5,19529;-9,90547;6,26513;270
1883;0,6;2,08266;0;343;380;70;172,743;172,743;308,014;272,298;270,886;269,508;20;-5,19529;-9,90547;6,26513;270
1884;0,6;2,07381;0;343;380;70;172,743;172,743;308,014;272,298;270,886;269,508;20;-5,19529;-9,90547;6,26513;270
1885;0,6;2,10086;0;343;380;70;172,888;172,888;308,014;272,298;270,886;269,508;20;-5,19529;-9,90547;6,26513;270
1886;0,6;1,73959;0;343;380;70;172,743;172,743;307,653;270,712;270,811;269,69;20;-4,70351;-9,90547;5,91445;270
1887;0,6;1,72287;0;343;380;70;172,888;172,888;307,653;270,712;270,811;269,69;20;-4,70351;-9,90547;5,91445;270
1888;0,6;1,7506;0;343;380;70;172,743;172,743;307,653;270,712;270,811;269,69;20;-4,70351;-9,90547;5,91445;270
1889;0,6;1,7506;0;343;380;70;172,743;172,743;307,653;270,712;270,811;269,69;20;-4,70351;-9,90547;5,91445;270
1890;0,6;1,75151;0;343;380;70;172,598;172,743;307,254;272,307;270,747;269,815;20,0707;-4,279;-9,90553;5,29059;270
1891;0,6;1,40165;0;343;380;70;172,598;172,743;307,254;272,307;270,747;269,815;20,0707;-4,279;-9,90553;5,29059;270
1892;0,6;1,48033;0;343;380;70;172,743;172,743;307,254;272,307;270,747;269,815;20,0707;-4,279;-9,90553;5,29059;270
1893;0,6;1,44301;0;343;380;70;172,888;172,743;307,254;272,307;270,747;269,815;20,0707;-4,279;-9,90553;5,29059;270
1894;0,6;1,46372;0;343;380;70;172,743;172,888;306,804;272,12;270,665;269,73;22,1222;-3,73736;-9,93098;5,79121;270
1895;0,6;1,4306;0;343;380;70;172,888;172,888;306,804;272,12;270,665;269,73;22,1222;-3,73736;-9,93098;5,79121;270
1896;0,6;1,43942;0;343;380;70;172,888;172,888;306,804;272,12;270,665;269,73;22,1222;-3,73736;-9,93098;5,79121;270
1897;0,6;1,45141;0;343;380;70;172,743;172,888;306,804;272,12;270,665;269,73;22,1222;-3,73736;-9,93098;5,79121;270
1898;0,6;1,14991;0;343;380;70;172,888;172,888;306,515;272,358;270,593;269,215;22,3576;-3,25489;-9,97386;5,58638;270
1899;0,6;1,14291;0;343;380;70;172,743;172,743;306,515;272,358;270,593;269,215;22,3576;-3,25489;-9,97386;5,58638;270
1900;0,6;1,19741;0;343;380;70;172,743;172,888;306,515;272,358;270,593;269,215;22,3576;-3,25489;-9,97386;5,58638;270
1901;0,6;1,13491;0;343;380;70;172,743;172,888;306,515;272,358;270,593;269,215;22,3576;-3,25489;-9,97386;5,58638;270
1902;0,6;1,12795;0;343;380;70;172,743;172,888;306,297;272,54;270,529;269,37;22,2167;-2,83642;-10,0106;5,06367;270
1903;0,6;1,20989;0;343;380;70;172,743;172,888;306,297;272,54;270,529;269,37;22,2167;-2,83642;-10,0106;5,06367;270
1904;0,6;1,19748;0;343;380;70;172,743;172,888;306,297;272,54;270,529;269,37;22,2167;-2,83642;-10,0106;5,06367;270
1905;0,6;0,879185;0;343;380;70;172,888;172,743;306,297;272,54;270,529;269,37;22,2167;-2,83642;-10,0106;5,06367;270
1906;0,6;0,898455;0;343;380;70;172,888;172,888;306,159;271,79;270,478;268,755;21,8185;-2,49899;-10,0424;4,35994;270
1907;0,6;0,91955;0;343;380;70;172,598;172,743;306,159;271,79;270,478;268,755;21,8185;-2,49899;-10,0424;4,35994;270
1908;0,6;0,968851;0;343;380;70;172,598;172,598;306,159;271,79;270,478;268,755;21,8185;-2,49899;-10,0424;4,35994;270
1909;0,6;0,903926;0;343;380;70;172,598;172,598;306,159;271,79;270,478;268,755;21,8185;-2,49899;-10,0424;4,35994;270
1910;0,6;0,921463;0;343;380;70;172,454;172,598;306,193;270,733;270,459;268,783;20,2368;-2,37081;-10,0718;2,67938;270
1911;0,6;0,938999;0;343;380;70;172,454;172,454;306,193;270,733;270,459;268,783;20,2368;-2,37081;-10,0718;2,67938;270
1912;0,6;0,932667;0;343;380;70;172,454;172,454;306,193;270,733;270,459;268,783;20,2368;-2,37081;-10,0718;2,67938;270
1913;0,6;0,625663;0;343;380;70;172,454;172,454;306,193;270,733;270,459;268,783;20,2368;-2,37081;-10,0718;2,67938;270
1914;0,6;0,678947;0;343;380;70;172,454;172,598;306,21;269,978;270,46;269,807;18,6924;-2,37726;-10,1009;1,17055;270
1915;0,6;0,64419;0;343;380;70;172,454;172,454;306,21;269,978;270,46;269,807;18,6924;-2,37726;-10,1009;1,17055;270
1916;0,6;0,691968;0;343;380;70;172,598;172,598;306,21;269,978;270,46;269,807;18,6924;-2,37726;-10,1009;1,17055;270
1917;0,6;0,693387;0;343;380;70;172,454;172,598;306,21;269,978;270,46;269,807;18,6924;-2,37726;-10,1009;1,17055;270
1918;0,6;0,679105;0;343;380;70;172,454;172,598;305,842;270,323;270,414;269,397;20,3478;-2,07742;-10,1283;2,55353;270
1919;0,6;0,713649;0;343;380;70;172,454;172,454;305,842;270,323;270,414;269,397;20,3478;-2,07742;-10,1283;2,55353;270
1920;0,6;0,712194;0;343;380;70;172,309;172,454;305,842;270,323;270,414;269,397;20,3478;-2,07742;-10,1283;2,55353;270
1921;0,6;0,6602;0;343;380;70;172,309;172,309;305,842;270,323;270,414;269,397;20,3478;-2,07742;-10,1283;2,55353;270
1922;0,6;0,463097;0;343;380;70;172,164;172,164;305,389;270,43;270,34;268,807;22,4607;-1,59565;-10,1505;4,20678;270
1923;0,6;0,464014;0;343;380;70;172,164;172,309;305,389;270,43;270,34;268,807;22,4607;-1,59565;-10,1505;4,20678;270
1924;0,6;0,464014;0;343;380;70;172,309;172,164;305,389;270,43;270,34;268,807;22,4607;-1,59565;-10,1505;4,20678;270
1925;0,6;0,499846;0;343;380;70;172,164;172,164;305,389;270,43;270,34;268,807;22,4607;-1,59565;-10,1505;4,20678;270
1926;0,6;0,520216;0;343;380;70;172,309;172,309;304,988;269,67;270,266;268,89;23,7437;-1,11229;-10,1669;5,02293;270
1927;0,6;0,48636;0;343;380;70;172,309;172,164;304,988;269,67;270,266;268,89;23,7437;-1,11229;-10,1669;5,02293;270
1928;0,6;0,487311;0;343;380;70;172,309;172,309;304,988;269,67;270,266;268,89;23,7437;-1,11229;-10,1669;5,02293;270
1929;0,6;0,521446;0;343;380;70;172,164;172,309;304,988;269,67;270,266;268,89;23,7437;-1,11229;-10,1669;5,02293;270
1930;0,6;0,483311;0;343;380;70;172,164;172,164;304,756;269,562;270,149;268,913;26,6146;-0,331078;-10,1757;7,1214;270
1931;0,6;0,516196;0;343;380;70;172,164;172,02;304,756;269,562;270,149;268,913;26,6146;-0,331078;-10,1757;7,1214;270
1932;0,6;0,601965;0;343;380;70;172,02;172,02;304,756;269,562;270,149;268,913;26,6146;-0,331078;-10,1757;7,1214;270
1933;0,6;0,281553;0;343;380;70;172,02;172,164;304,756;269,562;270,149;268,913;26,6146;-0,331078;-10,1757;7,1214;270
1934;0,6;0,266238;0;343;380;70;172,02;172,02;304,645;270,622;270,034;268,54;24,7817;0;-10,177;4,95868;270
1935;0,6;0,265129;0;343;380;70;172,164;172,02;304,645;270,622;270,034;268,54;24,7817;0;-10,177;4,95868;270
1936;0,6;0,336101;0;343;380;70;172,164;172,02;304,645;270,622;270,034;268,54;24,7817;0;-10,177;4,95868;270
1937;0,6;0,352831;0;343;380;70;172,164;172,164;304,645;270,622;270,034;268,54;24,7817;0;-10,177;4,95868;270
1938;0,6;0,355;0;343;380;70;172,164;172,164;304,97;270,805;269,894;268,03;23,2485;0,136456;-10,1767;3,28878;270
1939;0,6;0,370131;0;343;380;70;172,164;172,164;304,97;270,805;269,894;268,03;23,2485;0,136456;-10,1767;3,28878;270
1940;0,6;0,403053;0;343;380;70;172,02;172,02;304,97;270,805;269,894;268,03;23,2485;0,136456;-10,1767;3,28878;270
1941;0,6;0,368736;0;343;380;70;172,02;172,02;304,97;270,805;269,894;268,03;23,2485;0,136456;-10,1767;3,28878;270
1942;0,6;0,402677;0;343;380;70;171,875;171,875;304,949;269,7;269,769;267,965;26,7788;0,85196;-10,1711;6,09795;270
1943;0,6;0,437323;0;343;380;70;171,875;172,02;304,949;269,7;269,769;267,965;26,7788;0,85196;-10,1711;6,09795;270
1944;0,6;0,100915;0;343;380;70;171,875;172,02;304,949;269,7;269,769;267,965;26,7788;0,85196;-10,1711;6,09795;270
1945;0,6;0,135591;0;343;380;70;172,02;171,875;304,949;269,7;269,769;267,965;26,7788;0,85196;-10,1711;6,09795;270
1946;0,6;0,153238;0;343;380;70;172,02;171,875;305,098;269,92;269,616;266,595;30,814;1,8566;-10,1549;9,11235;270
1947;0,6;0,188026;0;343;380;70;172,02;172,02;305,098;269,92;269,616;266,595;30,814;1,8566;-10,1549;9,11235;270
1948;0,6;0,223759;0;343;380;70;172,164;172,02;305,098;269,92;269,616;266,595;30,814;1,8566;-10,1549;9,11235;270
1949;0,6;0,242509;0;343;380;70;172,02;172,02;305,098;269,92;269,616;266,595;30,814;1,8566;-10,1549;9,11235;270
1950;0,6;0,225131;0;343;380;70;172,02;172,02;305,539;270,22;269,486;267,173;32,0143;2,71906;-10,1271;9,4223;270
1951;0,6;0,260786;0;343;380;70;172,02;172,02;305,539;270,22;269,486;267,173;32,0143;2,71906;-10,1271;9,4223;270
1952;0,6;0,295236;0;343;380;70;172,02;171,875;305,539;270,22;269,486;267,173;32,0143;2,71906;-10,1271;9,4223;270
1953;0,6;0,328554;0;343;380;70;171,875;171,875;305,539;270,22;269,486;267,173;32,0143;2,71906;-10,1271;9,4223;270
1954;0,6;0,29301;0;343;380;70;171,875;171,875;306,396;270,38;269,377;266,967;32,0724;3,44161;-10,0893;8,72008;270
1955;0,6;0,308549;0;343;380;70;171,875;171,875;306,396;270,38;269,377;266,967;32,0724;3,44161;-10,0893;8,72008;270
1956;0,6;0,309756;0;343;380;70;172,02;171,875;306,396;270,38;269,377;266,967;32,0724;3,44161;-10,0893;8,72008;270
1957;0,6;0,359783;0;343;380;70;171,875;172,02;306,396;270,38;269,377;266,967;32,0724;3,44161;-10,0893;8,72008;270
1958;0,6;0,306713;0;343;380;70;172,02;172,02;307,087;269,995;269,251;267,465;33,3163;4,27045;-10,0424;9,0882;270
1959;0,6;0,395191;0;343;380;70;172,02;171,875;307,087;269,995;269,251;267,465;33,3163;4,27045;-10,0424;9,0882;270
1960;0,6;0,414199;0;343;380;70;172,02;172,02;307,087;269,995;269,251;267,465;33,3163;4,27045;-10,0424;9,0882;270
1961;0,6;0,414199;0;343;380;70;172,02;172,02;307,087;269,995;269,251;267,465;33,3163;4,27045;-10,0424;9,0882;270
1962;0,6;0,412514;0;343;380;70;172,02;172,02;307,853;270,32;269,143;267,973;33,5308;4,98268;-9,98672;8,53488;270
1963;0,6;0,460933;0;343;380;70;172,02;171,875;307,853;270,32;269,143;267,973;33,5308;4,98268;-9,98672;8,53488;270
1964;0,6;0,480317;0;343;380;70;172,02;172,02;307,853;270,32;269,143;267,973;33,5308;4,98268;-9,98672;8,53488;270
1965;0,6;0,463535;0;343;380;70;172,02;172,02;307,853;270,32;269,143;267,973;33,5308;4,98268;-9,98672;8,53488;270
1966;0,6;0,178664;0;343;380;70;172,164;172,02;308,576;269,863;269,042;267,82;33,727;5,64539;-9,92286;8,00451;270
1967;0,6;0,265873;0;343;380;70;172,164;172,164;308,576;269,863;269,042;267,82;33,727;5,64539;-9,92286;8,00451;270
1968;0,6;0,196685;0;343;380;70;172,164;172,164;308,576;269,863;269,042;267,82;33,727;5,64539;-9,92286;8,00451;270
1969;0,6;0,214484;0;343;380;70;172,164;172,309;308,576;269,863;269,042;267,82;33,727;5,64539;-9,92286;8,00451;270
1970;0,6;0,266961;0;343;380;70;172,164;172,309;309,247;269,462;268,946;267,543;34,0139;6,2813;-9,85071;7,58329;270
1971;0,6;0,605558;0;343;380;70;172,164;172,164;309,247;269,462;268,946;267,543;34,0139;6,2813;-9,85071;7,58329;270
1972;0,6;0,620418;0;343;380;70;172,164;172,164;309,247;269,462;268,946;267,543;34,0139;6,2813;-9,85071;7,58329;270
1973;0,6;0,60211;0;343;380;70;172,309;172,164;309,247;269,462;268,946;267,543;34,0139;6,2813;-9,85071;7,58329;270
1974;0,6;0,641351;0;343;380;70;172,309;172,164;309,94;269,51;268,853;267,33;34,3525;6,90152;-9,76972;7,22148;270
1975;0,6;0,696658;0;343;380;70;172,309;172,309;309,94;269,51;268,853;267,33;34,3525;6,90152;-9,76972;7,22148;270
1976;0,6;0,698228;0;343;380;70;172,164;172,309;309,94;269,51;268,853;267,33;34,3525;6,90152;-9,76972;7,22148;270
1977;0,6;0,725101;0;343;380;70;172,309;172,164;309,94;269,51;268,853;267,33;34,3525;6,90152;-9,76972;7,22148;270
1978;0,6;0,722904;0;343;380;70;172,309;172,309;310,251;269,818;268,773;267,548;34,229;7,42842;-9,68245;6,48298;270
1979;0,6;0,719987;0;343;380;70;172,309;172,309;310,251;269,818;268,773;267,548;34,229;7,42842;-9,68245;6,48298;270
1980;0,6;0,724383;0;343;380;70;172,454;172,309;310,251;269,818;268,773;267,548;34,229;7,42842;-9,68245;6,48298;270
1981;0,6;0,76213;0;343;380;70;172,454;172,309;310,251;269,818;268,773;267,548;34,229;7,42842;-9,68245;6,48298;270
1982;0,6;0,78274;0;343;380;70;172,309;172,309;310,727;268,62;268,687;267,36;34,9477;7,98837;-9,59029;6,54963;270
1983;0,6;0,816016;0;343;380;70;172,309;172,454;310,727;268,62;268,687;267,36;34,9477;7,98837;-9,59029;6,54963;270
1984;0,6;0,828565;0;343;380;70;172,309;172,164;310,727;268,62;268,687;267,36;34,9477;7,98837;-9,59029;6,54963;270
1985;0,6;0,846559;0;343;380;70;172,454;172,309;310,727;268,62;268,687;267,36;34,9477;7,98837;-9,59029;6,54963;270
1986;0,6;0,862994;0;343;380;70;172,309;172,309;311,142;268,238;268,566;266,71;37,3139;8,78473;-9,4896;8,01881;270
1987;0,6;0,882115;0;343;380;70;172,309;172,309;311,142;268,238;268,566;266,71;37,3139;8,78473;-9,4896;8,01881;270
1988;0,6;0,91758;0;343;380;70;172,454;172,454;311,142;268,238;268,566;266,71;37,3139;8,78473;-9,4896;8,01881;270
1989;0,6;0,874873;0;343;380;70;172,454;172,454;311,142;268,238;268,566;266,71;37,3139;8,78473;-9,4896;8,01881;270
1990;0,6;0,892089;0;343;380;70;172,454;172,454;311,72;268,323;268,421;266,735;39,9921;9,7443;-9,37664;9,62439;270
1991;0,6;0,982248;0;343;380;70;172,454;172,454;311,72;268,323;268,421;266,735;39,9921;9,7443;-9,37664;9,62439;270
1992;0,6;1,05788;0;343;380;70;172,309;172,309;311,72;268,323;268,421;266,735;39,9921;9,7443;-9,37664;9,62439;270
1993;0,6;0,997514;0;343;380;70;172,309;172,454;311,72;268,323;268,421;266,735;39,9921;9,7443;-9,37664;9,62439;270
1994;0,6;1,0319;0;343;380;70;172,309;172,309;312,397;268,86;268,253;266,828;42,8526;10,8504;-9,25084;11,2531;270
1995;0,6;1,04927;0;343;380;70;172,309;172,309;312,397;268,86;268,253;266,828;42,8526;10,8504;-9,25084;11,2531;270
1996;0,6;1,38741;0;343;380;70;172,309;172,164;312,397;268,86;268,253;266,828;42,8526;10,8504;-9,25084;11,2531;270
1997;0,6;1,39593;0;343;380;70;172,309;172,309;312,397;268,86;268,253;266,828;42,8526;10,8504;-9,25084;11,2531;270
1998;0,6;1,45106;0;343;380;70;172,309;172,309;313,143;268,805;268,106;265,635;43,7872;11,8198;-9,11464;11,0821;270
1999;0,6;1,45955;0;343;380;70;172,309;172,309;313,143;268,805;268,106;265,635;43,7872;11,8198;-9,11464;11,0821;270
2000;0,6;1,4937;0;343;380;70;172,309;172,309;313,143;268,805;268,106;265,635;43,7872;11,8198;-9,11464;11,0821;270
2001;0,6;1,50845;0;343;380;70;172,309;172,309;313,143;268,805;268,106;265,635;43,7872;11,8198;-9,11464;11,0821;270
2002;0,6;1,56214;0;343;380;70;172,309;172,309;314,424;267,418;268,014;265,895;42,1436;12,4362;-8,96798;8,67533;270
2003;0,6;1,5021;0;343;380;70;172,309;172,309;314,424;267,418;268,014;265,895;42,1436;12,4362;-8,96798;8,67533;270
2004;0,6;1,57429;0;343;380;70;172,164;172,164;314,424;267,418;268,014;265,895;42,1436;12,4362;-8,96798;8,67533;270
2005;0,6;1,58837;0;343;380;70;172,164;172,164;314,424;267,418;268,014;265,895;42,1436;12,4362;-8,96798;8,67533;270
2006;0,6;1,58995;0;343;380;70;172,164;172,164;315,691;267,66;267,941;265,988;41,0631;12,9212;-8,81217;6,95406;270
2007;0,6;1,63658;0;343;380;70;172,164;172,164;315,691;267,66;267,941;265,988;41,0631;12,9212;-8,81217;6,95406;270
2008;0,6;1,64354;0;343;380;70;172,164;172,164;315,691;267,66;267,941;265,988;41,0631;12,9212;-8,81217;6,95406;270
2009;0,6;1,66071;0;343;380;70;172,164;172,164;315,691;267,66;267,941;265,988;41,0631;12,9212;-8,81217;6,95406;270
2010;0,6;1,63658;0;343;380;70;172,164;172,164;316,718;267,983;267,844;266,47;42,0486;13,5595;-8,65158;7,14068;270
2011;0,6;1,7848;0;343;380;70;172,164;172,164;316,718;267,983;267,844;266,47;42,0486;13,5595;-8,65158;7,14068;270
2012;0,6;1,75768;0;343;380;70;172,309;172,164;316,718;267,983;267,844;266,47;42,0486;13,5595;-8,65158;7,14068;270
2013;0,6;2,10811;0;343;380;70;172,164;172,02;316,718;267,983;267,844;266,47;42,0486;13,5595;-8,65158;7,14068;270
2014;0,6;2,13963;0;343;380;70;172,02;172,02;317,298;268,223;267,738;265,738;43,4251;14,252;-8,48549;7,65864;270
2015;0,6;2,07187;0;343;380;70;171,875;172,02;317,298;268,223;267,738;265,738;43,4251;14,252;-8,48549;7,65864;270
2016;0,6;2,15567;0;343;380;70;171,875;171,875;317,298;268,223;267,738;265,738;43,4251;14,252;-8,48549;7,65864;270
2017;0,6;2,19473;0;343;380;70;171,875;171,875;317,298;268,223;267,738;265,738;43,4251;14,252;-8,48549;7,65864;270
2018;0,6;2,22873;0;343;380;70;171,875;171,875;317,711;267,385;267,619;266,15;45,0585;15,0453;-8,30541;8,31858;270
2019;0,6;2,23393;0;343;380;70;172,02;171,875;317,711;267,385;267,619;266,15;45,0585;15,0453;-8,30541;8,31858;270
2020;0,6;2,25004;0;343;380;70;172,02;171,875;317,711;267,385;267,619;266,15;45,0585;15,0453;-8,30541;8,31858;270
2021;0,6;2,27428;0;343;380;70;172,02;172,02;317,711;267,385;267,619;266,15;45,0585;15,0453;-8,30541;8,31858;270
2022;0,6;2,30448;0;343;380;70;172,02;172,02;318,398;267,557;267,515;265,925;45,5593;15,7314;-8,11748;7,94534;270
2023;0,6;2,34106;0;343;380;70;172,02;171,875;318,398;267,557;267,515;265,925;45,5593;15,7314;-8,11748;7,94534;270
2024;0,6;2,67214;0;343;380;70;171,875;171,875;318,398;267,557;267,515;265,925;45,5593;15,7314;-8,11748;7,94534;270
2025;0,6;2,6996;0;343;380;70;171,875;171,875;318,398;267,557;267,515;265,925;45,5593;15,7314;-8,11748;7,94534;270
2026;0,6;2,71374;0;343;380;70;171,875;171,73;319,453;268,13;267,431;266,155;45,3977;16,2867;-7,92504;7,03597;270
2027;0,6;2,79701;0;343;380;70;171,875;171,73;319,453;268,13;267,431;266,155;45,3977;16,2867;-7,92504;7,03597;270
2028;0,6;2,80847;0;343;380;70;171,73;171,73;319,453;268,13;267,431;266,155;45,3977;16,2867;-7,92504;7,03597;270
2029;0,6;2,82596;0;343;380;70;171,73;171,73;319,453;268,13;267,431;266,155;45,3977;16,2867;-7,92504;7,03597;270
2030;0,6;2,8319;0;343;380;70;171,875;171,73;320,075;266,75;267,357;265,86;45,3052;16,7729;-7,72755;6,25981;270
2031;0,6;2,8783;0;343;380;70;171,73;171,875;320,075;266,75;267,357;265,86;45,3052;16,7729;-7,72755;6,25981;270
2032;0,6;2,88414;0;343;380;70;172,02;171,875;320,075;266,75;267,357;265,86;45,3052;16,7729;-7,72755;6,25981;270
2033;0,6;2,90749;0;343;380;70;171,875;171,875;320,075;266,75;267,357;265,86;45,3052;16,7729;-7,72755;6,25981;270
2034;0,6;2,95911;0;343;380;70;171,875;171,73;320,635;266,975;267,27;265,765;46,2747;17,3514;-7,51839;6,44251;270
2035;0,6;3,0227;0;343;380;70;171,73;171,73;320,635;266,975;267,27;265,765;46,2747;17,3514;-7,51839;6,44251;270
2036;0,6;2,99788;0;343;380;70;171,73;171,73;320,635;266,975;267,27;265,765;46,2747;17,3514;-7,51839;6,44251;270
2037;0,6;2,99542;0;343;380;70;171,586;171,586;320,635;266,975;267,27;265,765;46,2747;17,3514;-7,51839;6,44251;270
2038;0,6;3,02825;0;343;380;70;171,73;171,73;321,09;267,557;267,177;265,453;47,3741;17,969;-7,30229;6,70741;270
2039;0,6;3,38097;0;343;380;70;171,586;171,73;321,09;267,557;267,177;265,453;47,3741;17,969;-7,30229;6,70741;270
2040;0,6;3,39437;0;343;380;70;171,73;171,73;321,09;267,557;267,177;265,453;47,3741;17,969;-7,30229;6,70741;270
2041;0,6;3,36328;0;343;380;70;171,73;171,586;321,09;267,557;267,177;265,453;47,3741;17,969;-7,30229;6,70741;270
2042;0,6;3,47023;0;343;380;70;171,73;171,73;321,408;268,145;267,084;265,885;48,3178;18,5777;-7,08;6,82013;270
2043;0,6;3,45597;0;343;380;70;171,73;171,73;321,408;268,145;267,084;265,885;48,3178;18,5777;-7,08;6,82013;270
2044;0,6;3,51147;0;343;380;70;171,73;171,586;321,408;268,145;267,084;265,885;48,3178;18,5777;-7,08;6,82013;270
2045;0,6;3,52211;0;343;380;70;171,586;171,586;321,408;268,145;267,084;265,885;48,3178;18,5777;-7,08;6,82013;270
2046;0,6;3,52914;0;343;380;70;171,586;171,586;322,102;269,01;266,992;265,82;49,2382;19,1849;-6,85442;6,90772;270
2047;0,6;3,51466;0;343;380;70;171,441;171,586;322,102;269,01;266,992;265,82;49,2382;19,1849;-6,85442;6,90772;270
2048;0,6;3,56264;0;343;380;70;171,586;171,441;322,102;269,01;266,992;265,82;49,2382;19,1849;-6,85442;6,90772;270
2049;0,6;3,63009;0;343;380;70;171,441;171,441;322,102;269,01;266,992;265,82;49,2382;19,1849;-6,85442;6,90772;270
2050;0,6;3,6437;0;343;380;70;171,586;171,586;322,617;268,733;266,93;266,143;48,5396;19,5943;-6,6204;5,56571;270
2051;0,6;3,6808;0;343;380;70;171,73;171,586;322,617;268,733;266,93;266,143;48,5396;19,5943;-6,6204;5,56571;270
2052;0,6;3,72852;0;343;380;70;171,586;171,441;322,617;268,733;266,93;266,143;48,5396;19,5943;-6,6204;5,56571;270
2053;0,6;3,79214;0;343;380;70;171,73;171,586;322,617;268,733;266,93;266,143;48,5396;19,5943;-6,6204;5,56571;270
2054;0,6;3,85449;0;343;380;70;171,73;171,586;323,239;268,763;266,883;265,37;48,0116;19,9106;-6,37806;4,47901;270
2055;0,6;3,78444;0;343;380;70;171,586;171,73;323,239;268,763;266,883;265,37;48,0116;19,9106;-6,37806;4,47901;270
2056;0,6;3,82124;0;343;380;70;171,586;171,73;323,239;268,763;266,883;265,37;48,0116;19,9106;-6,37806;4,47901;270
2057;0,6;3,83184;0;343;380;70;171,586;171,73;323,239;268,763;266,883;265,37;48,0116;19,9106;-6,37806;4,47901;270
2058;0,6;3,83207;0;343;380;70;171,586;171,73;323,814;268,445;266,829;265,42;48,3239;20,2633;-6,13333;4,19399;270
2059;0,6;4,18381;0;343;380;70;171,586;171,73;323,814;268,445;266,829;265,42;48,3239;20,2633;-6,13333;4,19399;270
2060;0,6;4,19226;0;343;380;70;171,73;171,586;323,814;268,445;266,829;265,42;48,3239;20,2633;-6,13333;4,19399;270
2061;0,6;4,18361;0;343;380;70;171,73;171,73;323,814;268,445;266,829;265,42;48,3239;20,2633;-6,13333;4,19399;270
2062;0,6;4,28698;0;343;380;70;171,875;171,875;324,02;268,038;266,791;265,735;48,0776;20,5162;-5,88583;3,44724;270
2063;0,6;4,29579;0;343;380;70;171,875;171,875;324,02;268,038;266,791;265,735;48,0776;20,5162;-5,88583;3,44724;270
2064;0,6;4,33794;0;343;380;70;171,875;171,875;324,02;268,038;266,791;265,735;48,0776;20,5162;-5,88583;3,44724;270
2065;0,6;4,32899;0;343;380;70;171,73;172,02;324,02;268,038;266,791;265,735;48,0776;20,5162;-5,88583;3,44724;270
2066;0,6;4,28488;0;343;380;70;171,875;171,73;324,136;269,143;266,725;265,583;49,6453;20,9455;-5,63572;4,33552;270
2067;0,6;4,43168;0;343;380;70;171,73;171,73;324,136;269,143;266,725;265,583;49,6453;20,9455;-5,63572;4,33552;270
2068;0,6;4,39977;0;343;380;70;171,73;171,875;324,136;269,143;266,725;265,583;49,6453;20,9455;-5,63572;4,33552;270
2069;0,6;4,44084;0;343;380;70;171,875;171,73;324,136;269,143;266,725;265,583;49,6453;20,9455;-5,63572;4,33552;270
2070;0,6;4,48436;0;343;380;70;171,73;171,875;324,532;268,608;266,64;265,308;51,6531;21,5034;-5,38337;5,53305;270
2071;0,6;4,46511;0;343;380;70;172,02;171,875;324,532;268,608;266,64;265,308;51,6531;21,5034;-5,38337;5,53305;270
2072;0,6;4,44717;0;343;380;70;172,02;172,02;324,532;268,608;266,64;265,308;51,6531;21,5034;-5,38337;5,53305;270
2073;0,6;4,54371;0;343;380;70;172,02;172,02;324,532;268,608;266,64;265,308;51,6531;21,5034;-5,38337;5,53305;270
2074;0,6;4,55379;0;343;380;70;172,02;172,02;324,954;267,38;266,547;265,51;53,3123;22,1188;-5,1191;6,31262;270
2075;0,6;4,62418;0;343;380;70;172,164;172,02;324,954;267,38;266,547;265,51;53,3123;22,1188;-5,1191;6,31262;270
2076;0,6;4,67513;0;343;380;70;172,02;172,02;324,954;267,38;266,547;265,51;53,3123;22,1188;-5,1191;6,31262;270
2077;0,6;4,68907;0;343;380;70;172,164;172,02;324,954;267,38;266,547;265,51;53,3123;22,1188;-5,1191;6,31262;270
2078;0,6;4,6929;0;343;380;70;172,02;172,02;325,387;266,875;266,475;265,485;53,5215;22,599;-4,84708;5,76956;270
2079;0,6;4,74466;0;343;380;70;172,02;172,02;325,387;266,875;266,475;265,485;53,5215;22,599;-4,84708;5,76956;270
2080;0,6;4,683;0;343;380;70;171,875;172,02;325,387;266,875;266,475;265,485;53,5215;22,599;-4,84708;5,76956;270
2081;0,6;4,76665;0;343;380;70;172,02;172,02;325,387;266,875;266,475;265,485;53,5215;22,599;-4,84708;5,76956;270
2082;0,6;4,77649;0;343;380;70;172,02;172,02;325,915;266,783;266,409;265,487;53,7876;23,0352;-4,56882;5,32113;270
2083;0,6;4,77649;0;343;380;70;172,164;172,02;325,915;266,783;266,409;265,487;53,7876;23,0352;-4,56882;5,32113;270
2084;0,6;4,84521;0;343;380;70;172,164;172,164;325,915;266,783;266,409;265,487;53,7876;23,0352;-4,56882;5,32113;270
2085;0,6;4,82945;0;343;380;70;172,164;172,164;325,915;266,783;266,409;265,487;53,7876;23,0352;-4,56882;5,32113;270
2086;0,6;4,8827;0;343;380;70;172,02;172,02;326,37;268,003;266,318;264,72;55,5972;23,6386;-4,28304;6,24163;270
2087;0,6;4,85547;0;343;380;70;172,02;171,875;326,37;268,003;266,318;264,72;55,5972;23,6386;-4,28304;6,24163;270
2088;0,6;4,9471;0;343;380;70;172,02;172,02;326,37;268,003;266,318;264,72;55,5972;23,6386;-4,28304;6,24163;270
2089;0,6;4,97205;0;343;380;70;171,875;171,875;326,37;268,003;266,318;264,72;55,5972;23,6386;-4,28304;6,24163;270
2090;0,6;5,0035;0;343;380;70;171,875;171,875;327,255;268,293;266,246;265,64;55,6835;24,1151;-3,99203;5,56046;270
2091;0,6;5,00669;0;343;380;70;171,875;171,875;327,255;268,293;266,246;265,64;55,6835;24,1151;-3,99203;5,56046;270
2092;0,6;5,06899;0;343;380;70;171,875;171,875;327,255;268,293;266,246;265,64;55,6835;24,1151;-3,99203;5,56046;270
2093;0,6;5,08635;0;343;380;70;171,875;171,875;327,255;268,293;266,246;265,64;55,6835;24,1151;-3,99203;5,56046;270
2094;0,6;5,10857;0;343;380;70;171,875;172,02;328,051;267,855;266,218;265,603;54,2529;24,2979;-3,69918;3,65418;270
2095;0,6;5,13845;0;343;380;70;171,875;171,875;328,051;267,855;266,218;265,603;54,2529;24,2979;-3,69918;3,65418;270
2096;0,6;5,15041;0;343;380;70;171,875;171,875;328,051;267,855;266,218;265,603;54,2529;24,2979;-3,69918;3,65418;270
2097;0,6;5,18666;0;343;380;70;171,73;171,875;328,051;267,855;266,218;265,603;54,2529;24,2979;-3,69918;3,65418;270
2098;0,6;5,20395;0;343;380;70;171,875;171,875;329,11;267,263;266,18;265,363;54,3581;24,5466;-3,40557;3,21703;270
2099;0,6;5,28143;0;343;380;70;171,73;171,586;329,11;267,263;266,18;265,363;54,3581;24,5466;-3,40557;3,21703;270
2100;0,6;5,33155;0;343;380;70;171,586;171,73;329,11;267,263;266,18;265,363;54,3581;24,5466;-3,40557;3,21703;270
2101;0,6;5,3055;0;343;380;70;171,586;171,586;329,11;267,263;266,18;265,363;54,3581;24,5466;-3,40557;3,21703;270
2102;0,6;5,29684;0;343;380;70;171,586;171,586;330,206;266,985;266,143;264,938;54,712;24,7913;-3,11073;3,03148;270
2103;0,6;5,33606;0;343;380;70;171,586;171,586;330,206;266,985;266,143;264,938;54,712;24,7913;-3,11073;3,03148;270
2104;0,6;5,2923;0;343;380;70;171,586;171,586;330,206;266,985;266,143;264,938;54,712;24,7913;-3,11073;3,03148;270
2105;0,6;5,35485;0;343;380;70;171,586;171,586;330,206;266,985;266,143;264,938;54,712;24,7913;-3,11073;3,03148;270
2106;0,6;5,68915;0;343;380;70;171,586;171,586;331,338;268,305;266,091;265,25;55,8415;25,1326;-2,80634;3,51524;270
2107;0,6;5,77652;0;343;380;70;171,586;171,586;331,338;268,305;266,091;265,25;55,8415;25,1326;-2,80634;3,51524;270
2108;0,6;5,76533;0;343;380;70;171,441;171,441;331,338;268,305;266,091;265,25;55,8415;25,1326;-2,80634;3,51524;270
2109;0,6;5,8642;0;343;380;70;171,296;171,441;331,338;268,305;266,091;265,25;55,8415;25,1326;-2,80634;3,51524;270
2110;0,6;5,84677;0;343;380;70;171,296;171,296;332,176;267,76;266,022;265,323;57,5397;25,5891;-2,49538;4,44605;270
2111;0,6;5,8349;0;343;380;70;171,296;171,296;332,176;267,76;266,022;265,323;57,5397;25,5891;-2,49538;4,44605;270
2112;0,6;5,96884;0;343;380;70;171,296;171,296;332,176;267,76;266,022;265,323;57,5397;25,5891;-2,49538;4,44605;270
2113;0,6;5,87338;0;343;380;70;171,296;171,296;332,176;267,76;266,022;265,323;57,5397;25,5891;-2,49538;4,44605;270
2114;0,6;5,91333;0;343;380;70;171,296;171,296;332,657;267,515;265,963;265,255;58,1865;25,9826;-2,18111;4,38502;270
2115;0,6;5,97408;0;343;380;70;171,296;171,296;332,657;267,515;265,963;265,255;58,1865;25,9826;-2,18111;4,38502;270
2116;0,6;5,97053;0;343;380;70;171,296;171,296;332,657;267,515;265,963;265,255;58,1865;25,9826;-2,18111;4,38502;270
2117;0,6;6,0162;0;343;380;70;171,296;171,296;332,657;267,515;265,963;265,255;58,1865;25,9826;-2,18111;4,38502;270
2118;0,6;6,09409;0;343;380;70;171,296;171,152;333,496;267,587;265,925;265,385;57,8794;26,2348;-1,86435;3,50898;270
2119;0,6;6,04875;0;343;380;70;171,152;171,152;333,496;267,587;265,925;265,385;57,8794;26,2348;-1,86435;3,50898;270
2120;0,6;6,06611;0;343;380;70;171,152;171,152;333,496;267,587;265,925;265,385;57,8794;26,2348;-1,86435;3,50898;270
2121;0,6;6,14036;0;343;380;70;171,007;171,152;333,496;267,587;265,925;265,385;57,8794;26,2348;-1,86435;3,50898;270
2122;0,6;6,16162;0;343;380;70;171,007;171,007;334,432;267,4;265,882;264,89;58,3566;26,5125;-1,5492;3,39323;270
2123;0,6;6,16628;0;343;380;70;171,007;171,007;334,432;267,4;265,882;264,89;58,3566;26,5125;-1,5492;3,39323;270
2124;0,6;6,19577;0;343;380;70;171,152;171,152;334,432;267,4;265,882;264,89;58,3566;26,5125;-1,5492;3,39323;270
2125;0,6;6,20044;0;343;380;70;171,152;171,152;334,432;267,4;265,882;264,89;58,3566;26,5125;-1,5492;3,39323;270
2126;0,6;6,2354;0;343;380;70;171,152;171,152;334,926;267,36;265,833;265,168;59,1111;26,8319;-1,22745;3,50662;270
2127;0,6;6,20968;0;343;380;70;171,152;171,152;334,926;267,36;265,833;265,168;59,1111;26,8319;-1,22745;3,50662;270
2128;0,6;6,23157;0;343;380;70;171,152;171,152;334,926;267,36;265,833;265,168;59,1111;26,8319;-1,22745;3,50662;270
2129;0,6;6,2838;0;343;380;70;171,007;171,152;334,926;267,36;265,833;265,168;59,1111;26,8319;-1,22745;3,50662;270
2130;0,6;6,34387;0;343;380;70;171,007;171,007;335,321;267,8;265,805;265,56;58,7996;27,0245;-0,902814;2,67793;270
2131;0,6;6,38718;0;343;380;70;171,007;170,862;335,321;267,8;265,805;265,56;58,7996;27,0245;-0,902814;2,67793;270
2132;0,6;6,41798;0;343;380;70;170,862;170,862;335,321;267,8;265,805;265,56;58,7996;27,0245;-0,902814;2,67793;270
2133;0,6;6,46561;0;343;380;70;170,862;170,718;335,321;267,8;265,805;265,56;58,7996;27,0245;-0,902814;2,67793;270
2134;0,6;6,50531;0;343;380;70;170,862;170,718;335,905;268,305;265,815;265,573;57,2047;26,9649;-0,574947;0,814788;270
2135;0,6;6,45292;0;343;380;70;170,862;170,862;335,905;268,305;265,815;265,573;57,2047;26,9649;-0,574947;0,814788;270
2136;0,6;6,54025;0;343;380;70;171,007;170,862;335,905;268,305;265,815;265,573;57,2047;26,9649;-0,574947;0,814788;270
2137;0,6;6,47858;0;343;380;70;170,862;171,007;335,905;268,305;265,815;265,573;57,2047;26,9649;-0,574947;0,814788;270
2138;0,6;6,49094;0;343;380;70;171,007;170,862;336,663;269,743;265,821;265,605;56,7785;26,9258;-0,246451;0,0991793;270
2139;0,6;6,5615;0;343;380;70;171,007;170,862;336,663;269,743;265,821;265,605;56,7785;26,9258;-0,246451;0,0991793;270
2140;0,6;6,54612;0;343;380;70;170,862;170,862;336,663;269,743;265,821;265,605;56,7785;26,9258;-0,246451;0,0991793;270
2141;0,6;6,59768;0;343;380;70;170,862;170,862;336,663;269,743;265,821;265,605;56,7785;26,9258;-0,246451;0,0991793;270
2142;0,6;6,56316;0;343;380;70;170,862;170,862;337,063;269,68;265,836;265,717;56,3035;26,8254;0,0805824;-0,602449;270
2143;0,6;6,55466;0;343;380;70;170,862;170,862;337,063;269,68;265,836;265,717;56,3035;26,8254;0,0805824;-0,602449;270
2144;0,6;6,63902;0;343;380;70;170,862;170,862;337,063;269,68;265,836;265,717;56,3035;26,8254;0,0805824;-0,602449;270
2145;0,6;6,71839;0;343;380;70;170,862;170,862;337,063;269,68;265,836;265,717;56,3035;26,8254;0,0805824;-0,602449;270
2146;0,6;6,69112;0;343;380;70;171,007;171,007;336,946;269,87;265,859;266,078;55,8107;26,6691;0,407887;-1,26632;270
2147;0,6;6,73582;0;343;380;70;171,007;170,862;336,946;269,87;265,859;266,078;55,8107;26,6691;0,407887;-1,26632;270
2148;0,6;6,73465;0;343;380;70;171,007;171,007;336,946;269,87;265,859;266,078;55,8107;26,6691;0,407887;-1,26632;270
2149;0,6;6,77791;0;343;380;70;171,007;171,007;336,946;269,87;265,859;266,078;55,8107;26,6691;0,407887;-1,26632;270
2150;0,6;6,50204;0;343;380;70;170,862;171,007;337,105;268,708;265,894;266,073;55,1308;26,4402;0,73128;-2,04074;270
2151;0,6;6,56728;0;343;380;70;171,007;171,007;337,105;268,708;265,894;266,073;55,1308;26,4402;0,73128;-2,04074;270
2152;0,6;6,58884;0;343;380;70;171,007;171,007;337,105;268,708;265,894;266,073;55,1308;26,4402;0,73128;-2,04074;270
2153;0,6;6,55807;0;343;380;70;171,152;171,007;337,105;268,708;265,894;266,073;55,1308;26,4402;0,73128;-2,04074;270
2154;0,6;6,54511;0;343;380;70;171,152;171,007;337,368;269,455;265,925;265,818;55,1641;26,2374;1,04978;-2,12309;270
2155;0,6;6,57638;0;343;380;70;171,152;171,007;337,368;269,455;265,925;265,818;55,1641;26,2374;1,04978;-2,12309;270
2156;0,6;6,57179;0;343;380;70;171,296;171,296;337,368;269,455;265,925;265,818;55,1641;26,2374;1,04978;-2,12309;270
2157;0,6;6,63494;0;343;380;70;171,296;171,441;337,368;269,455;265,925;265,818;55,1641;26,2374;1,04978;-2,12309;270
2158;0,6;6,64388;0;343;380;70;171,441;171,441;337,7;268,663;265,946;265,783;55,6121;26,1005;1,36408;-1,85244;270
2159;0,6;6,68102;0;343;380;70;171,441;171,441;337,7;268,663;265,946;265,783;55,6121;26,1005;1,36408;-1,85244;270
2160;0,6;6,67985;0;343;380;70;171,441;171,441;337,7;268,663;265,946;265,783;55,6121;26,1005;1,36408;-1,85244;270
2161;0,6;6,71503;0;343;380;70;171,441;171,441;337,7;268,663;265,946;265,783;55,6121;26,1005;1,36408;-1,85244;270
2162;0,6;6,73477;0;343;380;70;171,441;171,441;337,618;268,545;265,988;266,11;54,9064;25,8275;1,67536;-2,59645;270
2163;0,6;6,79474;0;343;380;70;171,441;171,441;337,618;268,545;265,988;266,11;54,9064;25,8275;1,67536;-2,59645;270
2164;0,6;6,79802;0;343;380;70;171,441;171,441;337,618;268,545;265,988;266,11;54,9064;25,8275;1,67536;-2,59645;270
2165;0,6;6,80122;0;343;380;70;171,441;171,586;337,618;268,545;265,988;266,11;54,9064;25,8275;1,67536;-2,59645;270
2166;0,6;6,819;0;343;380;70;171,586;171,586;337,654;268,33;266,055;266,108;53,3361;25,3887;1,98764;-4,04028;270
2167;0,6;6,85382;0;343;380;70;171,441;171,586;337,654;268,33;266,055;266,108;53,3361;25,3887;1,98764;-4,04028;270
2168;0,6;6,55055;0;343;380;70;171,586;171,586;337,654;268,33;266,055;266,108;53,3361;25,3887;1,98764;-4,04028;270
2169;0,6;6,58092;0;343;380;70;171,586;171,73;337,654;268,33;266,055;266,108;53,3361;25,3887;1,98764;-4,04028;270
2170;0,6;6,62997;0;343;380;70;171,586;171,586;338,089;268,742;266,145;266,255;51,6353;24,79;2,29518;-5,44985;270
2171;0,6;6,6434;0;343;380;70;171,586;171,586;338,089;268,742;266,145;266,255;51,6353;24,79;2,29518;-5,44985;270
2172;0,6;6,60234;0;343;380;70;171,586;171,586;338,089;268,742;266,145;266,255;51,6353;24,79;2,29518;-5,44985;270
2173;0,6;6,62784;0;343;380;70;171,441;171,586;338,089;268,742;266,145;266,255;51,6353;24,79;2,29518;-5,44985;270
2174;0,6;6,6959;0;343;380;70;171,586;171,586;338,186;269,633;266,201;266,46;52,2665;24,4143;2,59478;-4,74262;270
2175;0,6;6,68629;0;343;380;70;171,586;171,586;338,186;269,633;266,201;266,46;52,2665;24,4143;2,59478;-4,74262;270
2176;0,6;6,69153;0;343;380;70;171,586;171,586;338,186;269,633;266,201;266,46;52,2665;24,4143;2,59478;-4,74262;270
2177;0,6;6,71083;0;343;380;70;171,73;171,73;338,186;269,633;266,201;266,46;52,2665;24,4143;2,59478;-4,74262;270
2178;0,6;6,83633;0;343;380;70;171,73;171,73;337,473;270,46;266,25;266,365;52,8783;24,0956;2,88873;-4,10607;270
2179;0,6;6,4914;0;343;380;70;171,73;171,73;337,473;270,46;266,25;266,365;52,8783;24,0956;2,88873;-4,10607;270
2180;0,6;6,53701;0;343;380;70;171,73;171,73;337,473;270,46;266,25;266,365;52,8783;24,0956;2,88873;-4,10607;270
2181;0,6;6,42125;0;343;380;70;171,73;171,875;337,473;270,46;266,25;266,365;52,8783;24,0956;2,88873;-4,10607;270
2182;0,6;6,52147;0;343;380;70;171,586;171,586;336,908;270,043;266,293;266,59;53,3559;23,8101;3,17833;-3,63244;270
2183;0,6;6,52148;0;343;380;70;171,73;171,73;336,908;270,043;266,293;266,59;53,3559;23,8101;3,17833;-3,63244;270
2184;0,6;6,56584;0;343;380;70;171,586;171,586;336,908;270,043;266,293;266,59;53,3559;23,8101;3,17833;-3,63244;270
2185;0,6;6,57415;0;343;380;70;171,586;171,586;336,908;270,043;266,293;266,59;53,3559;23,8101;3,17833;-3,63244;270
2186;0,6;6,64388;0;343;380;70;171,586;171,586;337,078;269,957;266,348;266,885;52,9579;23,4525;3,4617;-3,95634;270
2187;0,6;6,30861;0;343;380;70;171,73;171,73;337,078;269,957;266,348;266,885;52,9579;23,4525;3,4617;-3,95634;270
2188;0,6;6,35247;0;343;380;70;171,73;171,875;337,078;269,957;266,348;266,885;52,9579;23,4525;3,4617;-3,95634;270
2189;0,6;6,34861;0;343;380;70;171,73;171,73;337,078;269,957;266,348;266,885;52,9579;23,4525;3,4617;-3,95634;270
2190;0,6;6,37894;0;343;380;70;171,73;171,73;337,246;270,113;266,42;267,078;51,9593;22,9831;3,74037;-4,76409;270
2191;0,6;6,3415;0;343;380;70;171,73;171,73;337,246;270,113;266,42;267,078;51,9593;22,9831;3,74037;-4,76409;270
2192;0,6;6,40068;0;343;380;70;171,73;171,73;337,246;270,113;266,42;267,078;51,9593;22,9831;3,74037;-4,76409;270
2193;0,6;6,44889;0;343;380;70;171,586;171,73;337,246;270,113;266,42;267,078;51,9593;22,9831;3,74037;-4,76409;270
2194;0,6;6,09804;0;343;380;70;171,586;171,586;337,005;269,455;266,494;266,92;51,3141;22,4886;4,01867;-5,19322;270
2195;0,6;6,1074;0;343;380;70;171,586;171,586;337,005;269,455;266,494;266,92;51,3141;22,4886;4,01867;-5,19322;270
2196;0,6;6,1154;0;343;380;70;171,586;171,586;337,005;269,455;266,494;266,92;51,3141;22,4886;4,01867;-5,19322;270
2197;0,6;6,19982;0;343;380;69,815;171,586;171,73;337,005;269,455;266,494;266,92;51,3141;22,4886;4,01867;-5,19322;270
2198;0,6;6,20107;0;343;380;66,2054;171,586;171,586;336,867;269,858;266,567;267,017;41,6773;20,9751;4,29117;-13,589;270
2199;0,6;6,22422;0;343;380;57,6;171,73;171,73;336,867;269,858;266,567;267,017;41,6773;20,9751;4,29117;-13,589;270
2200;0,6;5,92219;0;343;380;47,52;171,73;171,73;336,867;269,858;266,567;267,017;41,6773;20,9751;4,29117;-13,589;270
2201;0,6;5,98117;0;343;380;37,3274;171,875;171,73;336,867;269,858;266,567;267,017;41,6773;20,9751;4,29117;-13,589;270
2202;0,6;5,99368;0;343;380;31,4138;171,875;171,73;336,558;269,043;266,639;267,215;25,1902;18,2172;4,55636;-27,5833;270
2203;0,6;6,03338;0;343;380;26,4314;171,73;171,875;336,558;269,043;266,639;267,215;25,1902;18,2172;4,55636;-27,5833;270
2204;0,6;6,01042;0;343;380;16,7283;171,73;171,73;336,558;269,043;266,639;267,215;25,1902;18,2172;4,55636;-27,5833;270
2205;0,6;6,02111;0;343;380;7,31613;171,586;171,586;336,558;269,043;266,639;267,215;25,1902;18,2172;4,55636;-27,5833;270
2206;0,6;6,0608;0;343;380;1,2074;171,586;171,73;335,604;268,64;266,711;267,38;19,1017;35,1674;-7,79408;14,6172;275,075
2207;0,6;5,79935;0;343;380;0;171,586;171,586;335,604;268,64;266,711;267,38;19,1017;35,1674;-7,79408;14,6172;275,075
2208;0,6;5,84973;0;343;380;0;171,73;171,586;335,604;268,64;266,711;267,38;19,1017;35,1674;-7,79408;14,6172;275,075
2209;0,6;5,82261;0;343;380;0;154,659;160,735;335,604;268,64;266,711;267,38;19,1017;35,1674;-7,79408;14,6172;275,075
2210;0,6;5,79204;0;343;380;0;104,167;103,154;333,503;271,82;266,793;267,755;20;25,5875;-10;-5,00167;277
2211;0,6;5,86274;0;343;380;0;56,4236;65,1042;333,503;271,82;266,793;267,755;20;25,5875;-10;-5,00167;277
2212;0,6;5,60064;0;343;380;0;35,5903;41,088;333,503;271,82;266,793;267,755;20;25,5875;-10;-5,00167;277
2213;0,6;5,64704;0;343;380;0;22,5694;22,4248;333,503;271,82;266,793;267,755;20;25,5875;-10;-5,00167;277
2214;0,6;5,73849;0;343;380;0;14,3229;14,3229;330,711;271,095;266,912;268,245;20;28,925;-10;2,76091;277
2215;0,6;5,92084;0;343;380;0;9,11458;9,25926;330,711;271,095;266,912;268,245;20;28,925;-10;2,76091;277
2216;0,6;5,98344;0;343;380;0;5,06366;5,93171;330,711;271,095;266,912;268,245;20;28,925;-10;2,76091;277
2217;0,6;6,85929;0;343;380;0;3,32755;3,90625;330,711;271,095;266,912;268,245;20;28,925;-10;2,76091;277
2218;0,6;8,16099;0;343;380;0;2,17014;2,31481;328,039;271,463;267,07;268,125;20;27,2374;-10;-1,23786;277
2219;0,6;8,25793;0;343;380;0;1,44676;1,59144;328,039;271,463;267,07;268,125;20;27,2374;-10;-1,23786;277
2220;0,6;7,82518;0;343;380;0;1,01273;1,15741;328,039;271,463;267,07;268,125;20;27,2374;-10;-1,23786;277
2221;0,6;7,76129;0;343;380;0;0,72338;1,01273;328,039;271,463;267,07;268,125;20;27,2374;-10;-1,23786;277
2222;0,6;7,1743;0;343;380;0;0,578704;0,72338;325,448;270,11;267,214;268,073;20;33,75;-10;7,82903;277
2223;0,6;6,41569;0;343;380;0;0,578704;0,578704;325,448;270,11;267,214;268,073;20;33,75;-10;7,82903;277
2224;0,6;6,03979;0;343;380;0;0,434028;0,578704;325,448;270,11;267,214;268,073;20;33,75;-10;7,82903;277
2225;0,6;6,18971;0;343;380;0;0,434028;0,578704;325,448;270,11;267,214;268,073;20;33,75;-10;7,82903;277
2226;0,6;5,9846;0;343;380;0;0,434028;0,434028;323,155;269,455;267,33;268,1;20;37,2375;-10;6,30829;277
2227;0,6;5,72761;0;343;380;0;0,289352;0,434028;323,155;269,455;267,33;268,1;20;37,2375;-10;6,30829;277
2228;0,6;5,79378;0;343;380;0;0,289352;0,434028;323,155;269,455;267,33;268,1;20;37,2375;-10;6,30829;277
2229;0,6;5,35645;0;343;380;0;0,289352;0,434028;323,155;269,455;267,33;268,1;20;37,2375;-10;6,30829;277
2230;0,6;4,82243;0;343;380;0;0,289352;0,434028;321,05;269,823;267,422;268,1;20;35,3625;-10;0,998594;277
2231;0,6;4,7518;0;343;380;0;0,289352;0,434028;321,05;269,823;267,422;268,1;20;35,3625;-10;0,998594;277
2232;0,6;4,43233;0;343;380;0;0,144676;0,434028;321,05;269,823;267,422;268,1;20;35,3625;-10;0,998594;277
2233;0,6;4,03184;0;343;380;0;0,289352;0,434028;321,05;269,823;267,422;268,1;20;35,3625;-10;0,998594;277
2234;0,6;3,61365;0;343;380;0;0,289352;0,434028;319,364;270,432;267,503;268,125;20;32,375;-10;-3,78141;277
2235;0,6;3,27747;0;343;380;0;0,289352;0,578704;319,364;270,432;267,503;268,125;20;32,375;-10;-3,78141;277
2236;0,6;3,18489;0;343;380;0;0,289352;0,434028;319,364;270,432;267,503;268,125;20;32,375;-10;-3,78141;277
2237;0,6;2,78164;0;343;380;0;0,289352;0,434028;319,364;270,432;267,503;268,125;20;32,375;-10;-3,78141;277
2238;0,6;2,3569;0;343;380;0;0,434028;0,434028;317,829;271,842;267,591;268,277;20;25,35;-10;-8,87724;277
2239;0,6;1,87934;0;343;380;0;0,289352;0,434028;317,829;271,842;267,591;268,277;20;25,35;-10;-8,87724;277
2240;0,6;1,48284;0;343;380;0;0,289352;0,434028;317,829;271,842;267,591;268,277;20;25,35;-10;-8,87724;277
2241;0,6;1,52849;0;343;380;0;0,289352;0,434028;317,829;271,842;267,591;268,277;20;25,35;-10;-8,87724;277
2242;0,6;1,07761;0;343;380;0;0,289352;0,434028;316,245;272,15;267,697;268,807;20;23,7;-10;-5,3111;277
2243;0,6;0,680694;0;343;380;0;0,289352;0,434028;316,245;272,15;267,697;268,807;20;23,7;-10;-5,3111;277
2244;0,6;0,210701;0;343;380;0;0,289352;0,434028;316,245;272,15;267,697;268,807;20;23,7;-10;-5,3111;277
2245;0,6;0,235809;0;343;380;0;0,289352;0,434028;316,245;272,15;267,697;268,807;20;23,7;-10;-5,3111;277
2246;0,6;0;0;343;380;0;0,289352;0,434028;314,763;273,225;267,839;269,233;20;18,625;-10;-9,117;277
2247;0,6;0;0;343;380;0;0,289352;0,434028;314,763;273,225;267,839;269,233;20;18,625;-10;-9,117;277
2248;0,6;0;0;343;380;0;0,289352;0,434028;314,763;273,225;267,839;269,233;20;18,625;-10;-9,117;277
2249;0,6;0;0;343;380;0;0,289352;0,434028;314,763;273,225;267,839;269,233;20;18,625;-10;-9,117;277
2250;0,6;0;0;343;380;0;0,289352;0,434028;313,652;274,2;268,016;269,738;20;13,5124;-10;-8,78063;277
2251;0,6;0;0;343;380;0;0,434028;0,434028;313,652;274,2;268,016;269,738;20;13,5124;-10;-8,78063;277
2252;0,6;0;0;343;380;0;0,289352;0,434028;313,652;274,2;268,016;269,738;20;13,5124;-10;-8,78063;277
2253;0,6;0;0;343;380;0;0,289352;0,434028;313,652;274,2;268,016;269,738;20;13,5124;-10;-8,78063;277
2254;0,6;0;0;343;380;0;0,289352;0,434028;312,678;274,39;268,214;270,235;20;12,5625;-10;-5,07559;277
2255;0,6;0;0;343;380;0;0,289352;0,434028;312,678;274,39;268,214;270,235;20;12,5625;-10;-5,07559;277
2256;0,6;0;0;343;380;0;0,289352;0,434028;312,678;274,39;268,214;270,235;20;12,5625;-10;-5,07559;277
2257;0,6;0;0;343;380;0;0,289352;0,434028;312,678;274,39;268,214;270,235;20;12,5625;-10;-5,07559;277
2258;0,6;0;0;343;380;0;0,289352;0,434028;312,001;274,675;268,412;270,23;20;11,1374;-10;-3,80302;277
2259;0,6;0;0;343;380;0;0,289352;0,434028;312,001;274,675;268,412;270,23;20;11,1374;-10;-3,80302;277
2260;0,6;0;0;343;380;0;0,289352;0,434028;312,001;274,675;268,412;270,23;20;11,1374;-10;-3,80302;277
2261;0,6;0;0;343;380;0;0,289352;0,434028;312,001;274,675;268,412;270,23;20;11,1374;-10;-3,80302;277
2262;0,6;0;0;343;380;0;0,289352;0,434028;311,452;274,867;268,606;270,245;20;10,2125;-10;-2,84603;277
2263;0,6;0;0;343;380;0;0,289352;0,434028;311,452;274,867;268,606;270,245;20;10,2125;-10;-2,84603;277
2264;0,6;0;0;343;380;0;0,289352;0,434028;311,452;274,867;268,606;270,245;20;10,2125;-10;-2,84603;277
2265;0,6;0;0;343;380;0;0,289352;0,434028;311,452;274,867;268,606;270,245;20;10,2125;-10;-2,84603;277
2266;0,6;0;0;343;380;0;0,289352;0,434028;310,997;275,223;268,801;270,4;20;8,39993;-10;-3,21176;277
2267;0,6;0;0;343;380;0;0,289352;0,434028;310,997;275,223;268,801;270,4;20;8,39993;-10;-3,21176;277
2268;0,6;0;0;343;380;0;0,289352;0,434028;310,997;275,223;268,801;270,4;20;8,39993;-10;-3,21176;277
2269;0,6;0;0;343;380;0;0,289352;0,434028;310,997;275,223;268,801;270,4;20;8,39993;-10;-3,21176;277
2270;0,6;0;0;343;380;0;0,289352;0,434028;310,643;275,427;268,988;270,44;20;7,38748;-10;-2,59339;277
2271;0,6;0;0;343;380;0;0,289352;0,434028;310,643;275,427;268,988;270,44;20;7,38748;-10;-2,59339;277
2272;0,6;0;0;343;380;0;0,289352;0,434028;310,643;275,427;268,988;270,44;20;7,38748;-10;-2,59339;277
2273;0,6;0;0;343;380;0;0,289352;0,434028;310,643;275,427;268,988;270,44;20;7,38748;-10;-2,59339;277
2274;0,6;0;0;343;380;0;0,289352;0,434028;310,439;275,735;269,153;270,575;20;5,83743;-10;-2,8423;277
2275;0,6;0;0;343;380;0;0,289352;0,434028;310,439;275,735;269,153;270,575;20;5,83743;-10;-2,8423;277
2276;0,6;0;0;343;380;0;0,289352;0,434028;310,439;275,735;269,153;270,575;20;5,83743;-10;-2,8423;277
2277;0,6;0;0;343;380;0;0,289352;0,434028;310,439;275,735;269,153;270,575;20;5,83743;-10;-2,8423;277
2278;0,6;0;0;343;380;0;0,289352;0,434028;310,372;276,355;269,312;270,69;17,4045;2,78749;-9,99458;-4,95965;277
2279;0,6;0;0;343;380;0;0,289352;0,434028;310,372;276,355;269,312;270,69;17,4045;2,78749;-9,99458;-4,95965;277
2280;0,6;0;0;343;380;0;0,289352;0,434028;310,372;276,355;269,312;270,69;17,4045;2,78749;-9,99458;-4,95965;277
2281;0,6;0;0;343;380;0;0,289352;0,434028;310,372;276,355;269,312;270,69;17,4045;2,78749;-9,99458;-4,95965;277
2282;0,6;0;0;343;380;0;0,289352;0,434028;310,38;277,535;269,462;270,533;10,3119;-2,15003;-9,99693;-7,54116;277
2283;0,6;0;0;343;380;0;0,289352;0,434028;310,38;277,535;269,462;270,533;10,3119;-2,15003;-9,99693;-7,54116;277
2284;0,6;0;0;343;380;0;0,434028;0,434028;310,38;277,535;269,462;270,533;10,3119;-2,15003;-9,99693;-7,54116;277
2285;0,6;0;0;343;380;0;0,289352;0,434028;310,38;277,535;269,462;270,533;10,3119;-2,15003;-9,99693;-7,54116;277
2286;0,6;0;0;343;380;0;0,289352;0,434028;309,909;278,145;269,588;270,402;8,25388;-5,16254;-10,0509;-6,53264;277
2287;0,6;0;0;343;380;0;0,289352;0,434028;309,909;278,145;269,588;270,402;8,25388;-5,16254;-10,0509;-6,53264;277
2288;0,6;0;0;343;380;0;0,289352;0,434028;309,909;278,145;269,588;270,402;8,25388;-5,16254;-10,0509;-6,53264;277
2289;0,6;0;0;343;380;0;0,289352;0,434028;309,909;278,145;269,588;270,402;8,25388;-5,16254;-10,0509;-6,53264;277
2290;0,6;0;0;343;380;0;0,434028;0,434028;308,904;278,573;269,701;270,303;7,21655;-7,30002;-10,1368;-5,3466;277
2291;0,6;0;0;343;380;0;0,289352;0,434028;308,904;278,573;269,701;270,303;7,21655;-7,30002;-10,1368;-5,3466;277
2292;0,6;0;0;343;380;0;0,289352;0,434028;308,904;278,573;269,701;270,303;7,21655;-7,30002;-10,1368;-5,3466;277
2293;0,6;0;0;343;380;0;0,289352;0,578704;308,904;278,573;269,701;270,303;7,21655;-7,30002;-10,1368;-5,3466;277
2294;0,6;0;0;343;380;0;0,289352;0,434028;307,796;278,867;269,809;270,483;6,94813;-8,82501;-10,2508;-3,9761;277
2295;0,6;0;0;343;380;0;0,289352;0,434028;307,796;278,867;269,809;270,483;6,94813;-8,82501;-10,2508;-3,9761;277
2296;0,6;0;0;343;380;0;0,289352;0,434028;307,796;278,867;269,809;270,483;6,94813;-8,82501;-10,2508;-3,9761;277
2297;0,6;0;0;343;380;0;0,289352;0,434028;307,796;278,867;269,809;270,483;6,94813;-8,82501;-10,2508;-3,9761;277
2298;0,6;0;0;343;380;0;0,289352;0,434028;306,495;279,003;269,942;271,225;7,56089;-9,5;-10,3791;-2,55997;277
2299;0,6;0;0;343;380;0;0,289352;0,434028;306,495;279,003;269,942;271,225;7,56089;-9,5;-10,3791;-2,55997;277
2300;0,6;0;0;343;380;0;0,289352;0,434028;306,495;279,003;269,942;271,225;7,56089;-9,5;-10,3791;-2,55997;277
2301;0,6;0;0;343;380;0;0,289352;0,434028;306,495;279,003;269,942;271,225;7,56089;-9,5;-10,3791;-2,55997;277
2302;0,6;0;0;343;380;0;0,289352;0,434028;305,305;279,04;270,114;271,675;8,56609;-9,70001;-10,5171;-1,21682;277
2303;0,6;0;0;343;380;0;0,289352;0,434028;305,305;279,04;270,114;271,675;8,56609;-9,70001;-10,5171;-1,21682;277
2304;0,6;0;0;343;380;0;0,289352;0,434028;305,305;279,04;270,114;271,675;8,56609;-9,70001;-10,5171;-1,21682;277
2305;0,6;0;0;343;380;0;0,289352;0,434028;305,305;279,04;270,114;271,675;8,56609;-9,70001;-10,5171;-1,21682;277
2306;0,6;0;0;343;380;0;0,289352;0,434028;304,292;278,9;270,316;271,945;10,5225;-8,99997;-10,6482;0,170678;277
2307;0,6;0;0;343;380;0;0,289352;0,434028;304,292;278,9;270,316;271,945;10,5225;-8,99997;-10,6482;0,170678;277
2308;0,6;0;0;343;380;0;0,289352;0,434028;304,292;278,9;270,316;271,945;10,5225;-8,99997;-10,6482;0,170678;277
2309;0,6;0;0;343;380;0;0,289352;0,434028;304,292;278,9;270,316;271,945;10,5225;-8,99997;-10,6482;0,170678;277
2310;0,6;0;0;343;380;0;0,289352;0,434028;303,473;278,922;270,546;272,52;10,0543;-9,09998;-10,7745;-0,0712325;277
2311;0,6;0;0;343;380;0;0,289352;0,434028;303,473;278,922;270,546;272,52;10,0543;-9,09998;-10,7745;-0,0712325;277
2312;0,6;0;0;343;380;0;0,289352;0,434028;303,473;278,922;270,546;272,52;10,0543;-9,09998;-10,7745;-0,0712325;277
2313;0,6;0;0;343;380;0;0,289352;0,434028;303,473;278,922;270,546;272,52;10,0543;-9,09998;-10,7745;-0,0712325;277
2314;0,6;0;0;343;380;0;0,289352;0,434028;302,935;279,1;270,802;273,223;8,10748;-9,96253;-10,9061;-1,02393;277
2315;0,6;0;0;343;380;0;0,289352;0,434028;302,935;279,1;270,802;273,223;8,10748;-9,96253;-10,9061;-1,02393;277
2316;0,6;0;0;343;380;0;0,289352;0,434028;302,935;279,1;270,802;273,223;8,10748;-9,96253;-10,9061;-1,02393;277
2317;0,6;0;0;343;380;0;0,289352;0,434028;302,935;279,1;270,802;273,223;8,10748;-9,96253;-10,9061;-1,02393;277
2318;0,6;0;0;343;380;0;0,289352;0,434028;302,545;279,41;271,079;273,66;5,24142;-11,5125;-11,0542;-2,19185;277
2319;0,6;0;0;343;380;0;0,289352;0,434028;302,545;279,41;271,079;273,66;5,24142;-11,5125;-11,0542;-2,19185;277
2320;0,6;0;0;343;380;0;0,289352;0,434028;302,545;279,41;271,079;273,66;5,24142;-11,5125;-11,0542;-2,19185;277
2321;0,6;0;0;343;380;0;0,289352;0,434028;302,545;279,41;271,079;273,66;5,24142;-11,5125;-11,0542;-2,19185;277
2322;0,6;0;0;343;380;0;0,289352;0,434028;301,949;279,643;271,357;273,83;3,8572;-12,6875;-11,225;-2,23029;277
2323;0,6;0;0;343;380;0;0,289352;0,434028;301,949;279,643;271,357;273,83;3,8572;-12,6875;-11,225;-2,23029;277
2324;0,6;0;0;343;380;0;0,289352;0,289352;301,949;279,643;271,357;273,83;3,8572;-12,6875;-11,225;-2,23029;277
2325;0,6;0;0;343;380;0;0,289352;0,434028;301,949;279,643;271,357;273,83;3,8572;-12,6875;-11,225;-2,23029;277
2326;0,6;0;0;343;380;0;0,289352;0,434028;301,247;279,943;271,619;273,9;1,66807;-14,2;-11,4154;-2,71655;277
2327;0,6;0;0;343;380;0;0,289352;0,434028;301,247;279,943;271,619;273,9;1,66807;-14,2;-11,4154;-2,71655;277
2328;0,6;0;0;343;380;0;0,289352;0,434028;301,247;279,943;271,619;273,9;1,66807;-14,2;-11,4154;-2,71655;277
2329;0,6;0;0;343;380;0;0,289352;0,434028;301,247;279,943;271,619;273,9;1,66807;-14,2;-11,4154;-2,71655;277
2330;0,6;0;0;343;380;0;0,434028;0,434028;300,424;280,418;271,833;273,652;0,0163522;-16,5625;-11,5249;-3,90322;277
2331;0,6;0;0;343;380;0;0,289352;0,434028;300,424;280,418;271,833;273,652;0,0163522;-16,5625;-11,5249;-3,90322;277
2332;0,6;0;0;343;380;0;0,289352;0,434028;300,424;280,418;271,833;273,652;0,0163522;-16,5625;-11,5249;-3,90322;277
2333;0,6;0;0;343;380;0;0,289352;0,434028;300,424;280,418;271,833;273,652;0,0163522;-16,5625;-11,5249;-3,90322;277
2334;0,6;0;0;343;380;0;0,289352;0,578704;299,369;280,893;271,995;273,243;0;-18,95;-11,525;-4,32094;277
2335;0,6;0;0;343;380;0;0,289352;0,434028;299,369;280,893;271,995;273,243;0;-18,95;-11,525;-4,32094;277
2336;0,6;0;0;343;380;0;0,289352;0,578704;299,369;280,893;271,995;273,243;0;-18,95;-11,525;-4,32094;277
2337;0,6;0;0;343;380;0;0,289352;0,434028;299,369;280,893;271,995;273,243;0;-18,95;-11,525;-4,32094;277
2338;0,6;0;0;343;380;0;0,289352;0,434028;298,353;281;272,13;273,043;0;-19,5;-11,525;-2,43194;277
2339;0,6;0;0;343;380;0;0,289352;0,434028;298,353;281;272,13;273,043;0;-19,5;-11,525;-2,43194;277
2340;0,6;0;0;343;380;0;0,289352;0,434028;298,353;281;272,13;273,043;0;-19,5;-11,525;-2,43194;277
2341;0,6;0;0;343;380;0;0,289352;0,434028;298,353;281;272,13;273,043;0;-19,5;-11,525;-2,43194;277
2342;0,6;0;0;343;380;0;0,289352;0,434028;297,457;281,108;272,267;273,185;0;-20,025;-11,525;-1,74382;277
2343;0,6;0;0;343;380;0;0,289352;0,434028;297,457;281,108;272,267;273,185;0;-20,025;-11,525;-1,74382;277
2344;0,6;0;0;343;380;0;0,289352;0,434028;297,457;281,108;272,267;273,185;0;-20,025;-11,525;-1,74382;277
2345;0,6;0;0;343;380;0;0,289352;0,434028;297,457;281,108;272,267;273,185;0;-20,025;-11,525;-1,74382;277
2346;0,6;0;0;343;380;0;0,289352;0,434028;296,704;281,283;272,422;273,46;0;-20,9126;-11,525;-1,71154;277
2347;0,6;0;0;343;380;0;0,289352;0,434028;296,704;281,283;272,422;273,46;0;-20,9126;-11,525;-1,71154;277
2348;0,6;0;0;343;380;0;0,289352;0,434028;296,704;281,283;272,422;273,46;0;-20,9126;-11,525;-1,71154;277
2349;0,6;0;0;343;380;0;0,289352;0,434028;296,704;281,283;272,422;273,46;0;-20,9126;-11,525;-1,71154;277
2350;0,6;0;0;343;380;0;0,289352;0,434028;296,034;281,3;272,593;273,72;0;-21,0001;-11,525;-0,843325;277
2351;0,6;0;0;343;380;0;0,289352;0,434028;296,034;281,3;272,593;273,72;0;-21,0001;-11,525;-0,843325;277
2352;0,6;0;0;343;380;0;0,289352;0,434028;296,034;281,3;272,593;273,72;0;-21,0001;-11,525;-0,843325;277
2353;0,6;0;0;343;380;0;0,289352;0,434028;296,034;281,3;272,593;273,72;0;-21,0001;-11,525;-0,843325;277
2354;0,6;0;0;343;380;0;0,289352;0,434028;295,482;281,17;272,763;273,87;0;-20,3751;-11,525;0,355764;277
2355;0,6;0;0;343;380;0;0,289352;0,578704;295,482;281,17;272,763;273,87;0;-20,3751;-11,525;0,355764;277
2356;0,6;0;0;343;380;0;0,289352;0,434028;295,482;281,17;272,763;273,87;0;-20,3751;-11,525;0,355764;277
2357;0,6;0;0;343;380;0;0,289352;0,434028;295,482;281,17;272,763;273,87;0;-20,3751;-11,525;0,355764;277
2358;0,6;0;0;343;380;0;0,289352;0,434028;295,045;281,015;272,913;273,835;0,15793;-19,5875;-11,5707;1,04385;277
2359;0,6;0;0;343;380;0;0,289352;0,434028;295,045;281,015;272,913;273,835;0,15793;-19,5875;-11,5707;1,04385;277
2360;0,6;0;0;343;380;0;0,289352;0,434028;295,045;281,015;272,913;273,835;0,15793;-19,5875;-11,5707;1,04385;277
2361;0,6;0;0;343;380;0;0,289352;0,434028;295,045;281,015;272,913;273,835;0,15793;-19,5875;-11,5707;1,04385;277
2362;0,6;0;0;343;380;0;0,289352;0,434028;294,614;280,9;273,029;273,648;0,310009;-19;-11,7596;1,04799;277
2363;0,6;0;0;343;380;0;0,289352;0,434028;294,614;280,9;273,029;273,648;0,310009;-19;-11,7596;1,04799;277
2364;0,6;0;0;343;380;0;0,289352;0,434028;294,614;280,9;273,029;273,648;0,310009;-19;-11,7596;1,04799;277
2365;0,6;0;0;343;380;0;0,289352;0,434028;294,614;280,9;273,029;273,648;0,310009;-19;-11,7596;1,04799;277
2366;0,6;0;0;343;380;0;0,289352;0,434028;294,275;280,9;273,11;273,6;0;-19;-11,8397;0,467962;277
2367;0,6;0;0;343;380;0;0,434028;0,434028;294,275;280,9;273,11;273,6;0;-19;-11,8397;0,467962;277
2368;0,6;0;0;343;380;0;0,289352;0,434028;294,275;280,9;273,11;273,6;0;-19;-11,8397;0,467962;277
2369;0,6;0;0;343;380;0;0,289352;0,434028;294,275;280,9;273,11;273,6;0;-19;-11,8397;0,467962;277
2370;0,6;0;0;343;380;0;0,289352;0,434028;293,963;280,932;273,172;273,678;0;-19,15;-11,8397;-0,00147202;277
2371;0,6;0;0;343;380;0;0,289352;0,434028;293,963;280,932;273,172;273,678;0;-19,15;-11,8397;-0,00147202;277
2372;0,6;0;0;343;380;0;0,289352;0,434028;293,963;280,932;273,172;273,678;0;-19,15;-11,8397;-0,00147202;277
2373;0,6;0;0;343;380;0;0,289352;0,434028;293,963;280,932;273,172;273,678;0;-19,15;-11,8397;-0,00147202;277
2374;0,6;0;0;343;380;0;0,289352;0,434028;293,651;281,083;273,232;273,837;0;-19,8875;-11,8397;-0,833345;277
2375;0,6;0;0;343;380;0;0,289352;0,434028;293,651;281,083;273,232;273,837;0;-19,8875;-11,8397;-0,833345;277
2376;0,6;0;0;343;380;0;0,289352;0,434028;293,651;281,083;273,232;273,837;0;-19,8875;-11,8397;-0,833345;277
2377;0,6;0;0;343;380;0;0,289352;0,434028;293,651;281,083;273,232;273,837;0;-19,8875;-11,8397;-0,833345;277
2378;0,6;0;0;343;380;0;0,289352;0,434028;293,344;281,325;273,301;274,013;0;-21,125;-11,8397;-1,76064;277
2379;0,6;0;0;343;380;0;0,289352;0,434028;293,344;281,325;273,301;274,013;0;-21,125;-11,8397;-1,76064;277
2380;0,6;0;0;343;380;0;0,289352;0,434028;293,344;281,325;273,301;274,013;0;-21,125;-11,8397;-1,76064;277
2381;0,6;0;0;343;380;0;0,289352;0,434028;293,344;281,325;273,301;274,013;0;-21,125;-11,8397;-1,76064;277
2382;0,6;0;0;343;380;0;0,289352;0,578704;293,109;281,63;273,385;274,275;0;-22,6375;-11,8397;-2,46144;277
2383;0,6;0;0;343;380;0;0,289352;0,434028;293,109;281,63;273,385;274,275;0;-22,6375;-11,8397;-2,46144;277
2384;0,6;0;0;343;380;0;0,289352;0,434028;293,109;281,63;273,385;274,275;0;-22,6375;-11,8397;-2,46144;277
2385;0,6;0;0;343;380;0;0,289352;0,434028;293,109;281,63;273,385;274,275;0;-22,6375;-11,8397;-2,46144;277
2386;0,6;0;0;343;380;0;0,289352;0,434028;292,919;281,93;273,488;274,578;0;-24,1375;-11,8397;-2,76082;277
2387;0,6;0;0;343;380;0;0,289352;0,434028;292,919;281,93;273,488;274,578;0;-24,1375;-11,8397;-2,76082;277
2388;0,6;0;0;343;380;0;0,289352;0,434028;292,919;281,93;273,488;274,578;0;-24,1375;-11,8397;-2,76082;277
2389;0,6;0;0;343;380;0;0,289352;0,578704;292,919;281,93;273,488;274,578;0;-24,1375;-11,8397;-2,76082;277
2390;0,6;0;0;343;380;0;0,289352;0,434028;292,766;282,16;273,61;274,833;0;-25,2875;-11,8397;-2,47401;277
2391;0,6;0;0;343;380;0;0,289352;0,578704;292,766;282,16;273,61;274,833;0;-25,2875;-11,8397;-2,47401;277
2392;0,6;0;0;343;380;0;0,289352;0,434028;292,766;282,16;273,61;274,833;0;-25,2875;-11,8397;-2,47401;277
2393;0,6;0;0;343;380;0;0,289352;0,434028;292,766;282,16;273,61;274,833;0;-25,2875;-11,8397;-2,47401;277
2394;0,6;0;0;343;380;0;0,289352;0,434028;292,599;282,265;273,745;275,07;0;-25,8251;-11,8397;-1,62878;277
2395;0,6;0;0;343;380;0;0,289352;0,434028;292,599;282,265;273,745;275,07;0;-25,8251;-11,8397;-1,62878;277
2396;0,6;0;0;343;380;0;0,289352;0,578704;292,599;282,265;273,745;275,07;0;-25,8251;-11,8397;-1,62878;277
2397;0,6;0;0;343;380;0;0,289352;0,434028;292,599;282,265;273,745;275,07;0;-25,8251;-11,8397;-1,62878;277
2398;0,6;0;0;343;380;0;0,289352;0,434028;292,409;282,138;273,88;275,2;0;-25,2125;-11,8397;-0,0040778;277
2399;0,6;0;0;343;380;0;0,289352;0,434028;292,409;282,138;273,88;275,2;0;-25,2125;-11,8397;-0,0040778;277
2400;0,6;0;0;343;380;0;0,289352;0,434028;292,409;282,138;273,88;275,2;0;-25,2125;-11,8397;-0,0040778;277
2401;0,6;0;0;343;380;0;0,289352;0,434028;292,409;282,138;273,88;275,2;0;-25,2125;-11,8397;-0,0040778;277
2402;0,6;0;0;343;380;0;0,289352;0,578704;292,362;281,75;274,01;275,025;0;-23,2625;-11,8397;2,24884;277
2403;0,6;0;0;343;380;0;0,289352;0,578704;292,362;281,75;274,01;275,025;0;-23,2625;-11,8397;2,24884;277
2404;0,6;0;0;343;380;0;0,289352;0,434028;292,362;281,75;274,01;275,025;0;-23,2625;-11,8397;2,24884;277
2405;0,6;0;0;343;380;0;0,289352;0,434028;292,362;281,75;274,01;275,025;0;-23,2625;-11,8397;2,24884;277
2406;0,6;0;0;343;380;0;0,289352;0,434028;292,291;281,26;274,106;274,522;0,991686;-20,8125;-11,9441;3,66964;277
2407;0,6;0;0;343;380;0;0,289352;0,434028;292,291;281,26;274,106;274,522;0,991686;-20,8125;-11,9441;3,66964;277
2408;0,6;0;0;343;380;0;0,289352;0,434028;292,291;281,26;274,106;274,522;0,991686;-20,8125;-11,9441;3,66964;277
2409;0,6;0;0;343;380;0;0,289352;0,434028;292,291;281,26;274,106;274,522;0,991686;-20,8125;-11,9441;3,66964;277
2410;0,6;0;0;343;380;0;0,289352;0,434028;292,244;280,908;274,142;274,108;2,26862;-19,05;-12,2162;3,53479;277
2411;0,6;0;0;343;380;0;0,289352;0,578704;292,244;280,908;274,142;274,108;2,26862;-19,05;-12,2162;3,53479;277
2412;0,6;0;0;343;380;0;0,289352;0,434028;292,244;280,908;274,142;274,108;2,26862;-19,05;-12,2162;3,53479;277
2413;0,6;0;0;343;380;0;0,434028;0,434028;292,244;280,908;274,142;274,108;2,26862;-19,05;-12,2162;3,53479;277
2414;0,6;0;0;343;380;0;0,434028;0,434028;292,246;280,69;274,136;273,875;0,534831;-17,9876;-3,09499;2,75496;277
2415;0,6;0;0;343;380;0;0,289352;0,434028;292,246;280,69;274,136;273,875;0,534831;-17,9876;-3,09499;2,75496;277
2416;0,6;0;0;343;380;0;0,289352;0,434028;292,246;280,69;274,136;273,875;0,534831;-17,9876;-3,09499;2,75496;277
2417;0,6;0;0;343;380;0;0,289352;0,434028;292,246;280,69;274,136;273,875;0,534831;-17,9876;-3,09499;2,75496;277
2418;0,6;0;0;343;380;0;0,289352;0,434028;292,257;280,573;274,116;273,8;0;-17,375;0;1,87833;277
2419;0,6;0;0;343;380;0;0,289352;0,434028;292,257;280,573;274,116;273,8;0;-17,375;0;1,87833;277
2420;0,6;0;0;343;380;0;0,289352;0,434028;292,257;280,573;274,116;273,8;0;-17,375;0;1,87833;277
2421;0,6;0;0;343;380;0;0,289352;0,434028;292,257;280,573;274,116;273,8;0;-17,375;0;1,87833;277
2422;0,6;0;0;343;380;0;0,434028;0,434028;292,229;280,5;274,102;273,862;0;-17;0;1,20072;277
2423;0,6;0;0;343;380;0;0,289352;0,434028;292,229;280,5;274,102;273,862;0;-17;0;1,20072;277
2424;0,6;0;0;343;380;0;0,434028;0,434028;292,229;280,5;274,102;273,862;0;-17;0;1,20072;277
2425;0,6;0;0;343;380;0;0,289352;0,434028;292,229;280,5;274,102;273,862;0;-17;0;1,20072;277
2426;0,6;0;0;343;380;0;0,289352;0,434028;292,126;280,598;274,103;273,9;0;-17,475;0;0,00593348;277
2427;0,6;0;0;343;380;0;0,289352;0,434028;292,126;280,598;274,103;273,9;0;-17,475;0;0,00593348;277
2428;0,6;0;0;343;380;0;0,289352;0,434028;292,126;280,598;274,103;273,9;0;-17,475;0;0,00593348;277
2429;0,6;0;0;343;380;0;0,289352;0,434028;292,126;280,598;274,103;273,9;0;-17,475;0;0,00593348;277
2430;0,6;0;0;343;380;0;0,289352;0,434028;292,04;280,648;274,112;273,878;0;-17,725;0;-0,318034;277
2431;0,6;0;0;343;380;0;0,289352;0,434028;292,04;280,648;274,112;273,878;0;-17,725;0;-0,318034;277
2432;0,6;0;0;343;380;0;0,289352;0,434028;292,04;280,648;274,112;273,878;0;-17,725;0;-0,318034;277
2433;0,6;0;0;343;380;0;0,289352;0,434028;292,04;280,648;274,112;273,878;0;-17,725;0;-0,318034;277
2434;0,6;0;0;343;380;0;0,289352;0,434028;291,977;280,938;274,12;273,8;0;-19,1375;0;-1,86197;277
2435;0,6;0;0;343;380;0;0,289352;0,434028;291,977;280,938;274,12;273,8;0;-19,1375;0;-1,86197;277
2436;0,6;0;0;343;380;0;0,289352;0,578704;291,977;280,938;274,12;273,8;0;-19,1375;0;-1,86197;277
2437;0,6;0;0;343;380;0;0,289352;0,434028;291,977;280,938;274,12;273,8;0;-19,1375;0;-1,86197;277
2438;0,6;0;0;343;380;0;0,289352;0,578704;291,867;281,85;274,128;273,828;0;-23,6625;0;-5,95733;277
2439;0,6;0;0;343;380;0;0,289352;0,434028;291,867;281,85;274,128;273,828;0;-23,6625;0;-5,95733;277
2440;0,6;0;0;343;380;0;0,289352;0,434028;291,867;281,85;274,128;273,828;0;-23,6625;0;-5,95733;277
2441;0,6;0;0;343;380;0;0,289352;0,434028;291,867;281,85;274,128;273,828;0;-23,6625;0;-5,95733;277
2442;0,6;0;0;343;380;0;0,289352;0,434028;291,756;283,188;274,143;273,952;0;-30,35;0;-10,6512;277
2443;0,6;0;0;343;380;0;0,289352;0,434028;291,756;283,188;274,143;273,952;0;-30,35;0;-10,6512;277
2444;0,6;0;0;343;380;0;0,289352;0,434028;291,756;283,188;274,143;273,952;0;-30,35;0;-10,6512;277
2445;0,6;0;0;343;380;0;0,289352;0,434028;291,756;283,188;274,143;273,952;0;-30,35;0;-10,6512;277
2446;0,6;0;0;343;380;0;0,289352;0,434028;291,549;285,272;274,167;274,145;0;-40,7875;0;-15,5866;277
2447;0,6;0;0;343;380;0;0,289352;0,434028;291,549;285,272;274,167;274,145;0;-40,7875;0;-15,5866;277
2448;0,6;0;0;343;380;0;0,434028;0,434028;291,549;285,272;274,167;274,145;0;-40,7875;0;-15,5866;277
2449;0,6;0;0;343;380;0;0,289352;0,434028;291,549;285,272;274,167;274,145;0;-40,7875;0;-15,5866;277
2450;0,6;0;0;343;380;0;0,289352;0,434028;291,391;285,538;274,198;274,32;0;-42,1875;0;-8,16592;277
2451;0,6;0;0;343;380;0;0,289352;0,434028;291,391;285,538;274,198;274,32;0;-42,1875;0;-8,16592;277
2452;0,6;0;0;343;380;0;0,289352;0,434028;291,391;285,538;274,198;274,32;0;-42,1875;0;-8,16592;277
2453;0,6;0;0;343;380;0;0,289352;0,434028;291,391;285,538;274,198;274,32;0;-42,1875;0;-8,16592;277
2454;0,6;0;0;343;380;0;0,289352;0,434028;291,223;285,583;274,229;274,348;0;-42,425;0;-3,95402;277
2455;0,6;0;0;343;380;0;0,289352;0,434028;291,223;285,583;274,229;274,348;0;-42,425;0;-3,95402;277
2456;0,6;0;0;343;380;0;0,289352;0,434028;291,223;285,583;274,229;274,348;0;-42,425;0;-3,95402;277
2457;0,6;0;0;343;380;0;0,289352;0,434028;291,223;285,583;274,229;274,348;0;-42,425;0;-3,95402;277
2458;0,6;0;0;343;380;0;0,289352;0,434028;291,015;284,845;274,247;274,148;0;-38,9625;0;2,69676;277
2459;0,6;0;0;343;380;0;0,434028;0,434028;291,015;284,845;274,247;274,148;0;-38,9625;0;2,69676;277
2460;0,6;0;0;343;380;0;0,289352;0,434028;291,015;284,845;274,247;274,148;0;-38,9625;0;2,69676;277
