Time;[11:7];[31:40];[31:42];[31:47];[31:48];[32:1];[32:90];[32:124];[33:142];[33:146];[33:337];[33:338];[33:339];[33:340];[33:341];[33:342];[33:343];[33:344];[33:345];[33:346]
time;Banddicke;Verzinnungsstation_ Durchflussmenge;Verzinnungsstation_ Kühlleistung;Verzinnungsstation FU_ Kühlleistung;Ofenleistung;Bandbreite;Düsendruck;Bandgeschwindigkeit;Düsendruck Bandoberseite;Düsendruck Bandunterseite;Wannentemperatur außen (WSP);Zinnbadtemperatur Wanne (WSP);Temperatur unter der Zinnbadrolle 1 (WSP);Temperatur unter der Zinnbadrolle 2 (WSP);Reglerausgang Y-Out (WSP);P-Anteil von Y-Out (WSP);I-Anteil von Y-Out (WSP);D-Anteil von Y-Out (WSP);Wirksame Soll-Temperatur (WSP);Index Massenstrom (WSP) (Faktor 10)
sec;mm;l/min;kW;kW;kW;mm;mbar;m/min;mbar;mbar;°C;°C;°C;°C;%;%;%;%;°C;kg/s
0;1,2;49,2853;0;0;23;343;500;0;325,376;325,665;287,101;280,573;280,162;280,3;2,82663;-2,36252;5,38014;-0,190984;280;0
1;1,2;49,32;0;0;22;343;500;0;324,219;324,363;287,101;280,573;280,162;280,3;2,82663;-2,36252;5,38014;-0,190984;280;0
2;1,2;48,9815;0;0;16;343;500;0;322,049;322,772;287,101;280,573;280,162;280,3;2,82663;-2,36252;5,38014;-0,190984;280;0
3;1,2;49,0828;0;0;16;343;500;0;318,432;317,998;287,101;280,573;280,162;280,3;2,82663;-2,36252;5,38014;-0,190984;280;0
4;1,2;49,0828;0;0;16;343;500;0;314,525;314,236;287,281;280,658;280,198;280,253;2,00133;-2,78755;5,34458;-0,555696;280;0
5;1,2;49,1551;0;0;14;343;500;0;311,053;310,764;287,281;280,658;280,198;280,253;2,00133;-2,78755;5,34458;-0,555696;280;0
6;1,2;49,0799;0;0;12;343;500;0;307,581;308,16;287,281;280,658;280,198;280,253;2,00133;-2,78755;5,34458;-0,555696;280;0
7;1,2;49,0828;0;0;10;343;500;0;305,845;306,424;287,281;280,658;280,198;280,253;2,00133;-2,78755;5,34458;-0,555696;280;0
8;1,2;48,9757;0;0;8;343;500;0;305,122;305,266;287,328;280,715;280,223;280,52;1,7056;-3,06256;5,30293;-0,534773;280;0
9;1,2;49,0828;0;0;7;343;500;0;304,832;304,977;287,328;280,715;280,223;280,52;1,7056;-3,06256;5,30293;-0,534773;280;0
10;1,2;49,3866;0;0;7;343;500;0;305,266;305,411;287,328;280,715;280,223;280,52;1,7056;-3,06256;5,30293;-0,534773;280;0
11;1,2;49,0857;0;0;7;343;500;0;305,7;306,134;287,328;280,715;280,223;280,52;1,7056;-3,06256;5,30293;-0,534773;280;0
12;1,2;49,077;0;0;0;343;500;0;306,568;307,002;287,262;280,745;280,226;280,27;1,70264;-3,22507;5,25697;-0,329261;280;0
13;1,2;49,0828;0;0;0;343;500;0;307,292;307,87;287,262;280,745;280,226;280,27;1,70264;-3,22507;5,25697;-0,329261;280;0
14;1,2;49,0828;0;0;0;343;500;0;308,738;308,883;287,262;280,745;280,226;280,27;1,70264;-3,22507;5,25697;-0,329261;280;0
15;1,2;48,9468;0;0;0;343;500;0;309,751;309,751;287,262;280,745;280,226;280,27;1,70264;-3,22507;5,25697;-0,329261;280;0
16;1,2;48,776;0;0;0;343;500;0;310,619;311,053;287,09;280,7;280,239;280,402;2,26162;-3,00006;5,21427;0,0474119;280;0
17;1,2;48,9902;0;0;0;343;500;0;311,487;311,921;287,09;280,7;280,239;280,402;2,26162;-3,00006;5,21427;0,0474119;280;0
18;1,2;48,9815;0;0;0;343;500;0;312,5;312,789;287,09;280,7;280,239;280,402;2,26162;-3,00006;5,21427;0,0474119;280;0
19;1,2;49,0828;0;0;2;343;500;0;313,223;313,368;287,09;280,7;280,239;280,402;2,26162;-3,00006;5,21427;0,0474119;280;0
20;1,2;48,7789;0;0;2;343;500;0;313,947;314,091;286,844;280,7;280,279;280,6;2,19469;-3,00006;5,17311;0,0216422;280;0
21;1,2;48,6777;0;0;2;343;500;0;314,525;314,96;286,844;280,7;280,279;280,6;2,19469;-3,00006;5,17311;0,0216422;280;0
22;1,2;48,9815;0;0;2;343;500;0;315,249;315,683;286,844;280,7;280,279;280,6;2,19469;-3,00006;5,17311;0,0216422;280;0
23;1,2;49,184;0;0;2;343;500;0;315,972;316,262;286,844;280,7;280,279;280,6;2,19469;-3,00006;5,17311;0,0216422;280;0
24;1,2;49,2853;0;0;2;343;500;0;316,696;316,696;286,646;280,733;280,309;280,49;1,78322;-3,15007;5,13067;-0,197382;280;0
25;1,2;49,1667;0;0;2;343;500;0;317,274;317,419;286,646;280,733;280,309;280,49;1,78322;-3,15007;5,13067;-0,197382;280;0
26;1,2;49,0278;0;0;2;343;500;0;317,708;318,142;286,646;280,733;280,309;280,49;1,78322;-3,15007;5,13067;-0,197382;280;0
27;1,2;48,9815;0;0;0;343;500;0;318,142;318,432;286,646;280,733;280,309;280,49;1,78322;-3,15007;5,13067;-0,197382;280;0
28;1,2;48,9815;0;0;0;343;500;0;318,432;318,866;286,487;280,805;280,328;280,4;1,09089;-3,52509;5,08302;-0,467474;280;0
29;1,2;48,9815;0;0;0;343;500;0;318,721;319,155;286,487;280,805;280,328;280,4;1,09089;-3,52509;5,08302;-0,467474;280;0
30;1,2;49,0828;0;0;0;343;500;0;319,01;319,444;286,487;280,805;280,328;280,4;1,09089;-3,52509;5,08302;-0,467474;280;0
31;1,2;49,1956;0;0;0;343;500;0;319,155;319,444;286,487;280,805;280,328;280,4;1,09089;-3,52509;5,08302;-0,467474;280;0
32;1,2;49,2853;0;0;0;343;500;0;319,3;319,734;286,306;280,9;280,344;280,4;0,303754;-3,99997;5,03184;-0,728119;280;0
33;1,2;49,3866;0;0;0;343;500;0;319,3;319,589;286,306;280,9;280,344;280,4;0,303754;-3,99997;5,03184;-0,728119;280;0
34;1,2;49,3924;0;0;0;343;500;0;319,3;319,589;286,306;280,9;280,344;280,4;0,303754;-3,99997;5,03184;-0,728119;280;0
35;1,2;49,2564;0;0;0;343;500;0;319,01;319,589;286,306;280,9;280,344;280,4;0,303754;-3,99997;5,03184;-0,728119;280;0
36;1,2;49,1204;0;0;0;343;500;0;319,01;319,3;286,158;280,9;280,35;280,383;0,647363;-3,99997;4,97615;-0,328822;280;0
37;1,2;49,184;0;0;0;343;500;0;318,866;319,155;286,158;280,9;280,35;280,383;0,647363;-3,99997;4,97615;-0,328822;280;0
38;1,2;49,2361;0;0;0;343;500;0;318,721;319,01;286,158;280,9;280,35;280,383;0,647363;-3,99997;4,97615;-0,328822;280;0
39;1,2;49,0799;0;0;0;343;500;0;318,432;318,866;286,158;280,9;280,35;280,383;0,647363;-3,99997;4,97615;-0,328822;280;0
40;1,2;48,9786;0;0;0;343;500;0;318,432;318,721;286,012;280,828;280,337;280,258;1,55174;-3,65005;4,92191;0,279877;280;0
41;1,2;49,184;0;0;0;343;500;0;318,142;318,432;286,012;280,828;280,337;280,258;1,55174;-3,65005;4,92191;0,279877;280;0
42;1,2;49,3895;0;0;0;343;500;0;317,998;318,432;286,012;280,828;280,337;280,258;1,55174;-3,65005;4,92191;0,279877;280;0
43;1,2;49,3866;0;0;0;343;500;0;317,853;318,142;286,012;280,828;280,337;280,258;1,55174;-3,65005;4,92191;0,279877;280;0
44;1,2;49,184;0;0;0;343;500;0;317,708;317,998;285,841;280,8;280,324;280,2;1,61969;-3,50009;4,87254;0,247242;280;0
45;1,2;49,0828;0;0;0;343;500;0;317,564;317,853;285,841;280,8;280,324;280,2;1,61969;-3,50009;4,87254;0,247242;280;0
46;1,2;48,7789;0;0;2;343;500;0;317,274;317,564;285,841;280,8;280,324;280,2;1,61969;-3,50009;4,87254;0,247242;280;0
47;1,2;48,5446;0;0;2;343;500;0;317,13;317,419;285,841;280,8;280,324;280,2;1,61969;-3,50009;4,87254;0,247242;280;0
48;1,2;48,6921;0;0;2;343;500;0,4;316,84;317,13;285,685;280,738;280,309;280,105;0,444975;-21,1187;4,83057;-7,03387;276,078;3
49;1,2;48,6748;0;0;2;343;500;4,84416;316,551;316,985;285,685;280,738;280,309;280,105;0,444975;-21,1187;4,83057;-7,03387;276,078;3
50;1,2;48,8802;0;0;0;343;500;12,305;316,406;316,696;285,685;280,738;280,309;280,105;0,444975;-21,1187;4,83057;-7,03387;276,078;3
51;1,2;48,7905;0;0;0;343;500;19,1065;315,972;316,406;285,685;280,738;280,309;280,105;0,444975;-21,1187;4,83057;-7,03387;276,078;3
52;1,2;48,776;0;0;0;343;500;25,4691;315,828;315,972;285,503;280,7;280,281;279,872;22,6227;17,4739;4,89704;0;283,031;17
53;1,2;49,2853;0;0;0;343;500;31,4484;315,393;315,683;285,503;280,7;280,281;279,872;22,6227;17,4739;4,89704;0;283,031;17
54;1,2;49,0828;0;0;8;343;500;35;315,104;315,538;285,503;280,7;280,281;279,872;22,6227;17,4739;4,89704;0;283,031;17
55;1,2;49,0828;0;0;43;343;500;34,0266;314,96;315,249;285,503;280,7;280,281;279,872;22,6227;17,4739;4,89704;0;283,031;17
56;1,2;49,0567;0;0;148;343;500;31;314,815;315,104;285,438;280,683;280,229;279,48;35,0828;29,8429;5,23995;0;284,929;19
57;1,2;49,2622;0;0;218;343;500;31;314,67;314,815;285,438;280,683;280,229;279,48;35,0828;29,8429;5,23995;0;284,929;19
58;1,2;49,1927;0;0;231;343;500;30,3064;314,236;314,525;285,438;280,683;280,229;279,48;35,0828;29,8429;5,23995;0;284,929;19
59;1,2;48,8455;0;0;231;343;500;30;313,947;314,236;285,438;280,683;280,229;279,48;35,0828;29,8429;5,23995;0;284,929;19
60;1,2;48,6748;0;0;230;343;500;30;313,657;313,947;287,016;280,565;280,122;277,878;32,9903;27,4009;5,58942;0;284,506;18
61;1,2;48,776;0;0;230;343;500;30;313,513;313,657;287,016;280,565;280,122;277,878;32,9903;27,4009;5,58942;0;284,506;18
62;1,2;48,776;0;0;223;343;500;30;313,223;313,513;287,016;280,565;280,122;277,878;32,9903;27,4009;5,58942;0;284,506;18
63;1,2;48,776;0;0;223;343;500;30;312,934;313,368;287,016;280,565;280,122;277,878;32,9903;27,4009;5,58942;0;284,506;18
64;1,2;49,184;0;0;223;343;500;30;312,789;313,079;290,392;280,43;279,856;275,212;32,2768;26,3527;5,9241;0;284,079;18
65;1,2;49,1088;0;0;223;343;500;30;312,645;312,789;290,392;280,43;279,856;275,212;32,2768;26,3527;5,9241;0;284,079;18
66;1,2;49,184;0;0;223;343;500;30;312,5;312,645;290,392;280,43;279,856;275,212;32,2768;26,3527;5,9241;0;284,079;18
67;1,2;49,3142;0;0;219;343;500;30;312,355;312,645;290,392;280,43;279,856;275,212;32,2768;26,3527;5,9241;0;284,079;18
68;1,2;49,4878;0;0;218;343;500;30;312,211;312,5;293,719;280,3;279,539;273,635;31,8796;25,6271;6,25229;0;283,646;18
69;1,2;49,3866;0;0;218;343;500;30;311,921;312,355;293,719;280,3;279,539;273,635;31,8796;25,6271;6,25229;0;283,646;18
70;1,2;48,9815;0;0;216;343;500;30;311,921;312,211;293,719;280,3;279,539;273,635;31,8796;25,6271;6,25229;0;283,646;18
71;1,2;49,0914;0;0;216;343;500;30;311,777;312,211;293,719;280,3;279,539;273,635;31,8796;25,6271;6,25229;0;283,646;18
72;1,2;49,6325;0;0;218;343;500;30;311,777;312,066;296,943;280,165;279,131;272,75;32,0865;25,516;6,5705;0;283,22;18
73;1,2;49,3866;0;0;216;343;500;30;311,777;311,921;296,943;280,165;279,131;272,75;32,0865;25,516;6,5705;0;283,22;18
74;1,2;49,2853;0;0;216;343;500;30;311,777;311,921;296,943;280,165;279,131;272,75;32,0865;25,516;6,5705;0;283,22;18
75;1,2;49,2853;0;0;217;343;500;30;311,777;311,921;296,943;280,165;279,131;272,75;32,0865;25,516;6,5705;0;283,22;18
76;1,2;49,3837;0;0;218;343;500;30;311,777;312,066;299,942;279,992;278,702;272,122;32,429;25,541;6,88795;0;282,795;18
77;1,2;49,0828;0;0;217;343;500;30;311,921;312,066;299,942;279,992;278,702;272,122;32,429;25,541;6,88795;0;282,795;18
78;1,2;49,184;0;0;218;343;500;30;311,921;312,211;299,942;279,992;278,702;272,122;32,429;25,541;6,88795;0;282,795;18
79;1,2;49,239;0;0;218;343;500;30;311,921;312,066;299,942;279,992;278,702;272,122;32,429;25,541;6,88795;0;282,795;18
80;1,2;48,9786;0;0;218;343;500;30;311,921;312,211;302,736;280,21;278,254;271,318;32,8671;25,6612;7,20589;0;282,37;18
81;1,2;49,184;0;0;218;343;500;30;311,921;312,211;302,736;280,21;278,254;271,318;32,8671;25,6612;7,20589;0;282,37;18
82;1,2;49,0828;0;0;218;343;500;30;311,777;312,066;302,736;280,21;278,254;271,318;32,8671;25,6612;7,20589;0;282,37;18
83;1,2;48,776;0;0;218;343;500;30;311,921;312,066;302,736;280,21;278,254;271,318;32,8671;25,6612;7,20589;0;282,37;18
84;1,2;48,6719;0;0;218;343;500;30;311,777;312,211;305,278;280,872;277,72;268,608;33,8411;26,3102;7,53092;0;281,941;18
85;1,2;48,5735;0;0;223;343;500;30;311,777;312,066;305,278;280,872;277,72;268,608;33,8411;26,3102;7,53092;0;281,941;18
86;1,2;49,1782;0;0;227;343;500;30;311,777;312,211;305,278;280,872;277,72;268,608;33,8411;26,3102;7,53092;0;281,941;18
87;1,2;48,9294;0;0;227;343;500;30;311,777;312,066;305,278;280,872;277,72;268,608;33,8411;26,3102;7,53092;0;281,941;18
88;1,2;49,0828;0;0;230;343;500;30;311,921;312,066;307,545;279,647;277,098;268,28;35,4124;27,5438;7,86864;0;281,512;18
89;1,2;48,8773;0;0;231;343;500;30;311,921;312,211;307,545;279,647;277,098;268,28;35,4124;27,5438;7,86864;0;281,512;18
90;1,2;48,8252;0;0;231;343;500;30;311,777;312,066;307,545;279,647;277,098;268,28;35,4124;27,5438;7,86864;0;281,512;18
91;1,2;49,0885;0;0;236;343;500;30;311,777;312,211;307,545;279,647;277,098;268,28;35,4124;27,5438;7,86864;0;281,512;18
92;1,2;49,0278;0;0;238;343;500;30;311,777;311,921;309,613;279,17;276,52;269,533;36,757;28,5323;8,22469;0;281,079;18
93;1,2;49,1059;0;0;244;343;500;30;311,921;312,066;309,613;279,17;276,52;269,533;36,757;28,5323;8,22469;0;281,079;18
94;1,2;49,3866;0;0;244;343;500;30;311,777;312,066;309,613;279,17;276,52;269,533;36,757;28,5323;8,22469;0;281,079;18
95;1,2;49,184;0;0;244;343;500;30;311,632;311,921;309,613;279,17;276,52;269,533;36,757;28,5323;8,22469;0;281,079;18
96;1,2;49,3692;0;0;245;343;500;30;311,632;311,777;311,571;279,215;276,048;270,008;37,417;28,8349;8,58212;0;280,653;18
97;1,2;49,2853;0;0;245;343;500;30;311,487;311,777;311,571;279,215;276,048;270,008;37,417;28,8349;8,58212;0;280,653;18
98;1,2;49,375;0;0;251;343;500;30;311,487;311,777;311,571;279,215;276,048;270,008;37,417;28,8349;8,58212;0;280,653;18
99;1,2;48,9815;0;0;253;343;500;30;311,343;311,632;311,571;279,215;276,048;270,008;37,417;28,8349;8,58212;0;280,653;18
100;1,2;49,0393;0;0;253;343;500;30;311,343;311,632;313,306;279,348;275,573;270,575;38,1015;29,1612;8,94039;0;280,231;18
101;1,2;49,184;0;0;253;343;500;30;311,343;311,632;313,306;279,348;275,573;270,575;38,1015;29,1612;8,94039;0;280,231;18
102;1,2;49,3808;0;0;257;343;500;30;311,343;311,487;313,306;279,348;275,573;270,575;38,1015;29,1612;8,94039;0;280,231;18
103;1,2;49,592;0;0;259;343;500;30;311,198;311,632;313,306;279,348;275,573;270,575;38,1015;29,1612;8,94039;0;280,231;18
104;1,2;49,592;0;0;259;343;500;30;311,198;311,632;314,92;278,64;275,166;269,693;38,3223;29,0202;9,30215;0;279,806;18
105;1,2;49,3866;0;0;258;343;500;30;311,198;311,487;314,92;278,64;275,166;269,693;38,3223;29,0202;9,30215;0;279,806;18
106;1,2;49,184;0;0;259;343;500;30;311,198;311,343;314,92;278,64;275,166;269,693;38,3223;29,0202;9,30215;0;279,806;18
107;1,2;49,0828;0;0;260;343;500;30;311,053;311,343;314,92;278,64;275,166;269,693;38,3223;29,0202;9,30215;0;279,806;18
108;1,2;48,8976;0;0;259;343;500;30;311,053;311,343;316,309;278,435;274,759;269,17;38,5339;28,8684;9,66554;0;279,377;18
109;1,2;49,0828;0;0;259;343;500;30;310,909;311,343;316,309;278,435;274,759;269,17;38,5339;28,8684;9,66554;0;279,377;18
110;1,2;49,3953;0;0;260;343;500;30;310,909;311,198;316,309;278,435;274,759;269,17;38,5339;28,8684;9,66554;0;279,377;18
111;1,2;49,184;0;0;259;343;500;30;310,909;311,053;316,309;278,435;274,759;269,17;38,5339;28,8684;9,66554;0;279,377;18
112;1,2;48,8773;0,102052;0;260;343;500;30;310,764;311,053;317,747;277,26;274,325;268,915;38,9321;28,9064;10,026;0;278,95;18
113;1,2;48,9815;0,170738;0;259;343;500;30;310,764;310,909;317,747;277,26;274,325;268,915;38,9321;28,9064;10,026;0;278,95;18
114;1,2;49,184;0,240171;0;259;343;500;30;310,619;310,909;317,747;277,26;274,325;268,915;38,9321;28,9064;10,026;0;278,95;18
115;1,2;49,184;0,257353;0;259;343;500;30;310,619;310,909;317,747;277,26;274,325;268,915;38,9321;28,9064;10,026;0;278,95;18
116;1,2;49,0828;0,308287;0;259;343;500;30;310,764;310,909;319,055;277,083;273,894;269,29;39,3136;28,9226;10,391;0;278,518;18
117;1,2;48,7616;0,357372;0;259;343;500;30;310,764;310,909;319,055;277,083;273,894;269,29;39,3136;28,9226;10,391;0;278,518;18
118;1,2;48,9786;0,341852;0;264;343;500;30;310,619;310,764;319,055;277,083;273,894;269,29;39,3136;28,9226;10,391;0;278,518;18
119;1,2;48,9815;0,74287;0;266;343;500;30;310,619;310,909;319,055;277,083;273,894;269,29;39,3136;28,9226;10,391;0;278,518;18
120;1,2;49,0828;0,727259;0;266;343;500;30;310,619;310,909;320,13;276,525;273,495;268,488;39,4938;28,74;10,7538;0;278,089;18
121;1,2;49,0828;0,727259;0;267;343;500;30;310,475;310,909;320,13;276,525;273,495;268,488;39,4938;28,74;10,7538;0;278,089;18
122;1,2;48,8773;0,724216;0;267;343;500;30;310,619;310,764;320,13;276,525;273,495;268,488;39,4938;28,74;10,7538;0;278,089;18
123;1,2;49,0857;0,710155;0;268;343;500;30;310,475;310,764;320,13;276,525;273,495;268,488;39,4938;28,74;10,7538;0;278,089;18
124;1,2;49,1811;0,677175;0;267;343;500;30;310,33;310,764;320,82;276,055;273,246;269,3;38,7175;27,6104;11,1071;0;277,661;18
125;1,2;48,776;0,968677;0;265;343;500;30;310,33;310,764;320,82;276,055;273,246;269,3;38,7175;27,6104;11,1071;0;277,661;18
126;1,2;49,0828;0,854718;0;264;343;500;30;310,475;310,619;320,82;276,055;273,246;269,3;38,7175;27,6104;11,1071;0;277,661;18
127;1,2;49,3287;0,755583;0;263;343;500;30;310,33;310,475;320,82;276,055;273,246;269,3;38,7175;27,6104;11,1071;0;277,661;18
128;1,2;49,4907;0,637042;0;263;343;500;30;310,185;310,475;321,305;275,948;272,98;268,383;38,0414;26,5989;11,4426;0;277,237;18
129;1,2;49,184;0,461251;0;262;343;500;30;310,185;310,475;321,305;275,948;272,98;268,383;38,0414;26,5989;11,4426;0;277,237;18
130;1,2;49,2853;0,272763;0;258;343;500;30;310,185;310,475;321,305;275,948;272,98;268,383;38,0414;26,5989;11,4426;0;277,237;18
131;1,2;49,6383;0,0839467;0;257;343;500;30;310,04;310,33;321,305;275,948;272,98;268,383;38,0414;26,5989;11,4426;0;277,237;18
132;1,2;49,4878;0,229491;0;257;343;500;30;309,896;310,185;321,938;276,048;272,645;268,975;37,7805;26,012;11,7685;0;276,813;18
133;1,2;49,2853;0,00470386;0;256;343;500;30;310,04;310,185;321,938;276,048;272,645;268,975;37,7805;26,012;11,7685;0;276,813;18
134;1,2;49,3866;0;0;257;343;500;30;309,896;310,185;321,938;276,048;272,645;268,975;37,7805;26,012;11,7685;0;276,813;18
135;1,2;49,3866;0;0;256;343;500;30;309,896;310,185;321,938;276,048;272,645;268,975;37,7805;26,012;11,7685;0;276,813;18
136;1,2;49,184;0;0;256;343;500;30;309,751;310,04;322,47;275,913;272,319;268,76;37,4367;25,3463;12,0903;0;276,385;18
137;1,2;49,0828;0;0;254;343;500;30;309,751;310,04;322,47;275,913;272,319;268,76;37,4367;25,3463;12,0903;0;276,385;18
138;1,2;48,7876;0;0;256;343;500;30;309,751;310,04;322,47;275,913;272,319;268,76;37,4367;25,3463;12,0903;0;276,385;18
139;1,2;48,9786;0;0;256;343;500;30;309,751;310,04;322,47;275,913;272,319;268,76;37,4367;25,3463;12,0903;0;276,385;18
140;1,2;49,1811;0;0;250;343;500;30;309,751;310,04;322,535;275,798;271,983;266,96;37,1502;24,7441;12,4061;0;275,953;18
141;1,2;49,4994;0;0;248;343;500;30;309,751;310,185;322,535;275,798;271,983;266,96;37,1502;24,7441;12,4061;0;275,953;18
142;1,2;49,5052;0;0;248;343;500;30;309,751;310,185;322,535;275,798;271,983;266,96;37,1502;24,7441;12,4061;0;275,953;18
143;1,2;49,456;0;0;247;343;500;30;309,607;310,04;322,535;275,798;271,983;266,96;37,1502;24,7441;12,4061;0;275,953;18
144;1,2;49,184;0;0;247;343;500;30;309,607;309,896;322,659;275,235;271,608;266,49;37,121;24,4046;12,7164;0;275,521;18
145;1,2;49,0885;0;0;248;343;500;30;309,607;309,896;322,659;275,235;271,608;266,49;37,121;24,4046;12,7164;0;275,521;18
146;1,2;49,0828;0;0;249;343;500;30;309,462;309,751;322,659;275,235;271,608;266,49;37,121;24,4046;12,7164;0;275,521;18
147;1,2;49,0828;0;0;248;343;500;30;309,462;309,751;322,659;275,235;271,608;266,49;37,121;24,4046;12,7164;0;275,521;18
148;1,2;48,9844;0;0;248;343;500;30;309,462;309,751;322,766;274,962;271,123;266,478;37,7978;24,7749;13,0229;0;275,094;18
149;1,2;49,1522;0;0;250;343;500;30;309,462;309,751;322,766;274,962;271,123;266,478;37,7978;24,7749;13,0229;0;275,094;18
150;1,2;49,3895;0;0;251;343;500;30;309,317;309,751;322,766;274,962;271,123;266,478;37,7978;24,7749;13,0229;0;275,094;18
151;1,2;49,592;0;0;252;343;500;30;309,317;309,751;322,766;274,962;271,123;266,478;37,7978;24,7749;13,0229;0;275,094;18
152;1,2;49,7946;0;0;255;343;500;30;309,317;309,607;322,749;274,043;270,738;268,052;37,8464;24,5155;13,331;0;274,669;18
153;1,2;49,592;0;0;256;343;500;30;309,172;309,751;322,749;274,043;270,738;268,052;37,8464;24,5155;13,331;0;274,669;18
154;1,2;49,5775;0;0;256;343;500;30;309,172;309,462;322,749;274,043;270,738;268,052;37,8464;24,5155;13,331;0;274,669;18
155;1,2;49,8148;0;0;256;343;500;30;309,317;309,607;322,749;274,043;270,738;268,052;37,8464;24,5155;13,331;0;274,669;18
156;1,2;49,7801;0;0;256;343;500;30;309,317;309,751;323,04;273,995;270,523;267,835;36,8041;23,1764;13,6277;0;274,244;18
157;1,2;49,2477;0;0;251;343;500;30;309,607;309,896;323,04;273,995;270,523;267,835;36,8041;23,1764;13,6277;0;274,244;18
158;1,2;49,3895;0;0;249;343;500;30;309,751;310,04;323,04;273,995;270,523;267,835;36,8041;23,1764;13,6277;0;274,244;18
159;1,2;49,4416;0;0;248;343;500;30;309,751;310,04;323,04;273,995;270,523;267,835;36,8041;23,1764;13,6277;0;274,244;18
160;1,2;49,3895;0;0;248;343;500;30;309,896;310,04;323,359;273,55;270,342;267,897;35,5094;21,603;13,9065;0;273,818;18
161;1,2;49,0943;0;0;244;343;500;30;309,751;310,185;323,359;273,55;270,342;267,897;35,5094;21,603;13,9065;0;273,818;18
162;1,2;49,184;0;0;244;343;500;30;309,896;310,04;323,359;273,55;270,342;267,897;35,5094;21,603;13,9065;0;273,818;18
163;1,2;49,2824;0;0;238;343;500;30;309,896;310,185;323,359;273,55;270,342;267,897;35,5094;21,603;13,9065;0;273,818;18
164;1,2;49,485;0;0;236;343;500;30;309,896;310,04;323,53;274,108;270,167;267,52;34,1656;20,0012;14,1644;0;273,394;18
165;1,2;49,3808;0;0;236;343;500;30;309,751;310,04;323,53;274,108;270,167;267,52;34,1656;20,0012;14,1644;0;273,394;18
166;1,2;49,3866;0;0;234;343;500;30;309,751;310,04;323,53;274,108;270,167;267,52;34,1656;20,0012;14,1644;0;273,394;18
167;1,2;49,4878;0;0;230;343;500;30,784;309,751;310,04;323,53;274,108;270,167;267,52;34,1656;20,0012;14,1644;0;273,394;18
168;1,2;49,2969;0;0;243;343;500;36,4;309,751;310,04;323,595;274,35;269,939;267,015;79,5218;64,8523;14,6696;0;279,669;23
169;1,2;49,1435;0;0;302;343;500;43,008;309,751;309,896;323,595;274,35;269,939;267,015;79,5218;64,8523;14,6696;0;279,669;23
170;1,2;48,8802;0;0;386;343;500;45;309,751;310,04;323,595;274,35;269,939;267,015;79,5218;64,8523;14,6696;0;279,669;23
171;1,2;49,2882;0;0;476;343;500;45;309,751;309,896;323,595;274,35;269,939;267,015;79,5218;64,8523;14,6696;0;279,669;23
172;1,2;49,5457;0;0;555;343;500;45;309,607;309,896;324,142;275,505;269,688;266,825;83,9529;68,4596;15,4933;0;279,572;27
173;1,2;50;0;0;577;343;500;45;309,607;309,751;324,142;275,505;269,688;266,825;83,9529;68,4596;15,4933;0;279,572;27
174;1,2;49,2564;0;0;580;343;500;45;309,462;309,751;324,142;275,505;269,688;266,825;83,9529;68,4596;15,4933;0;279,572;27
175;1,2;48,9815;0;0;580;343;500;45;309,317;309,607;324,142;275,505;269,688;266,825;83,9529;68,4596;15,4933;0;279,572;27
176;1,2;49,184;0;0;581;343;500;45;309,317;309,607;327,062;273,815;269,44;266,263;84,6557;68,3249;16,3313;0;279,304;27
177;1,2;49,0828;0;0;587;343;500;45;309,317;309,462;327,062;273,815;269,44;266,263;84,6557;68,3249;16,3313;0;279,304;27
178;1,2;49,3432;0;0;590;343;500;45;309,172;309,462;327,062;273,815;269,44;266,263;84,6557;68,3249;16,3313;0;279,304;27
179;1,2;49,2853;0;0;589;343;500;45;309,172;309,462;327,062;273,815;269,44;266,263;84,6557;68,3249;16,3313;0;279,304;27
180;1,2;49,0393;0;0;589;343;500;45;309,028;309,172;331,223;273,495;269,186;265,758;85,4116;68,2436;17,1679;0;279,035;27
181;1,2;48,8802;0;0;594;343;500;45;309,028;309,172;331,223;273,495;269,186;265,758;85,4116;68,2436;17,1679;0;279,035;27
182;1,2;49,3895;0;0;595;343;500;45;309,028;309,172;331,223;273,495;269,186;265,758;85,4116;68,2436;17,1679;0;279,035;27
183;1,2;49,2853;0;0;595;343;500;45;308,883;309,172;331,223;273,495;269,186;265,758;85,4116;68,2436;17,1679;0;279,035;27
184;1,2;49,4878;0;0;595;343;500;45;308,738;309,028;335,419;274,275;268,943;265,633;86,0782;68,0847;17,9936;0;278,77;27
185;1,2;49,592;0;0;595;343;500;45;308,883;309,028;335,419;274,275;268,943;265,633;86,0782;68,0847;17,9936;0;278,77;27
186;1,2;49,4907;0;0;595;343;500;45;308,883;309,028;335,419;274,275;268,943;265,633;86,0782;68,0847;17,9936;0;278,77;27
187;1,2;49,184;0;0;595;343;500;45;308,883;309,028;335,419;274,275;268,943;265,633;86,0782;68,0847;17,9936;0;278,77;27
188;1,2;49,3982;0;0;601;343;500;45;308,883;309,028;339,18;274,245;268,681;266,083;86,8892;68,0822;18,807;0;278,508;27
189;1,2;49,4907;0;0;603;343;500;45;308,738;309,028;339,18;274,245;268,681;266,083;86,8892;68,0822;18,807;0;278,508;27
190;1,2;49,3895;0;0;603;343;500;45;308,738;308,883;339,18;274,245;268,681;266,083;86,8892;68,0822;18,807;0;278,508;27
191;1,2;49,3866;0;0;605;343;500;45;308,883;309,028;339,18;274,245;268,681;266,083;86,8892;68,0822;18,807;0;278,508;27
192;1,2;49,4907;0;0;609;343;500;45;308,883;309,028;342,796;273,91;268,415;265,603;87,7156;68,0881;19,6275;0;278,244;27
193;1,2;49,4907;0;0;612;343;500;45;310,185;310,764;342,796;273,91;268,415;265,603;87,7156;68,0881;19,6275;0;278,244;27
194;1,2;49,4705;0;0;611;343;500;45;313,223;313,947;342,796;273,91;268,415;265,603;87,7156;68,0881;19,6275;0;278,244;27
195;1,2;49,0828;0;0;611;343;500;45;317,564;317,274;342,796;273,91;268,415;265,603;87,7156;68,0881;19,6275;0;278,244;27
196;1,2;49,2853;0;0;610;343;500;45;320,312;320,023;345,763;273,015;268,207;266,24;88,1355;67,6875;20,4481;0;277,979;27
197;1,2;49,048;0;0;610;343;500;45;322,483;322,338;345,763;273,015;268,207;266,24;88,1355;67,6875;20,4481;0;277,979;27
198;1,2;49,2882;0;0;611;343;500;45;323,929;324,219;345,763;273,015;268,207;266,24;88,1355;67,6875;20,4481;0;277,979;27
199;1,2;49,0828;0;0;611;343;500;45;324,942;325,376;345,763;273,015;268,207;266,24;88,1355;67,6875;20,4481;0;277,979;27
200;1,2;49,4907;0;0;611;343;500;45;325,81;325,955;348,45;273,318;268,063;266,13;88,0971;66,8281;21,2691;0;277,712;27
201;1,2;49,5312;0;0;611;343;500;45;325,955;326,244;348,45;273,318;268,063;266,13;88,0971;66,8281;21,2691;0;277,712;27
202;1,2;49,2882;0;0;611;343;700;45;326,389;332,176;348,45;273,318;268,063;266,13;88,0971;66,8281;21,2691;0;277,712;27
203;1,2;49,3895;0;0;611;343;700;45;400,174;395,544;348,45;273,318;268,063;266,13;88,0971;66,8281;21,2691;0;277,712;27
204;1,2;49,4907;0;0;611;343;700;45;411,169;411,024;350,463;269,905;267,931;266,418;87,9618;65,8853;22,0765;0;277,445;27
205;1,2;49,3895;0;0;612;343;700;45;411,024;411,314;350,463;269,905;267,931;266,418;87,9618;65,8853;22,0765;0;277,445;27
206;1,2;49,4907;0;0;612;343;700;45;410,012;410,012;350,463;269,905;267,931;266,418;87,9618;65,8853;22,0765;0;277,445;27
207;1,2;49,8958;0;0;611;343;700;45;409,433;409,578;350,463;269,905;267,931;266,418;87,9618;65,8853;22,0765;0;277,445;27
208;1,2;49,7946;0;0;612;343;700;45;410,156;409,722;352,183;269,93;267,799;264,992;87,8224;64,9493;22,8732;0;277,178;27
209;1,2;49,6759;0;0;612;343;700;45;419,415;417,679;352,183;269,93;267,799;264,992;87,8224;64,9493;22,8732;0;277,178;27
210;1,2;49,4936;0;0;612;343;700;45;431,713;433,883;352,183;269,93;267,799;264,992;87,8224;64,9493;22,8732;0;277,178;27
211;1,2;49,4907;0;0;612;343;700;45;442,419;444,155;352,183;269,93;267,799;264,992;87,8224;64,9493;22,8732;0;277,178;27
212;1,2;49,5949;0;0;612;343;700;45;450,521;451,823;354,014;271,617;267,592;264,688;88,2063;64,5578;23,6485;0;276,916;27
213;1,2;49,6933;0;0;611;343;700;45;457,321;457,031;354,014;271,617;267,592;264,688;88,2063;64,5578;23,6485;0;276,916;27
214;1,2;49,6557;0;0;612;343;700;45;460,503;460,359;354,014;271,617;267,592;264,688;88,2063;64,5578;23,6485;0;276,916;27
215;1,2;49,6933;0;0;612;343;700;45;462,529;462,963;354,014;271,617;267,592;264,688;88,2063;64,5578;23,6485;0;276,916;27
216;1,2;49,5573;0;0;612;343;700;45;463,542;463,976;355,557;272,165;267,467;266,09;88,0005;63,577;24,4235;0;276,651;27
217;1,2;49,4878;0;0;612;343;700;45;464,265;464,554;355,557;272,165;267,467;266,09;88,0005;63,577;24,4235;0;276,651;27
218;1,2;49,592;0;0;612;343;700;45;464,554;464,699;355,557;272,165;267,467;266,09;88,0005;63,577;24,4235;0;276,651;27
219;1,2;49,7483;0;0;612;343;700;45;464,554;464,699;355,557;272,165;267,467;266,09;88,0005;63,577;24,4235;0;276,651;27
220;1,2;49,5168;0;0;612;343;700;45;464,41;464,699;357,142;272,688;267,397;266,495;87,3896;62,2009;25,1887;0;276,385;27
221;1,2;49,5775;0;0;612;343;700;45;464,41;464,554;357,142;272,688;267,397;266,495;87,3896;62,2009;25,1887;0;276,385;27
222;1,2;49,1869;0,320759;0;612;343;700;45;464,265;464,41;357,142;272,688;267,397;266,495;87,3896;62,2009;25,1887;0;276,385;27
223;1,2;49,0365;0,686958;0;612;343;700;45;464,12;464,554;357,142;272,688;267,397;266,495;87,3896;62,2009;25,1887;0;276,385;27
224;1,2;49,1117;0,911096;0;612;343;700;45;464,12;464,265;358,129;272,54;267,328;266,045;86,7585;60,82;25,9385;0;276,117;27
225;1,2;49,184;1,43539;0,128562;610;343;700;45;463,976;464,12;358,129;272,54;267,328;266,045;86,7585;60,82;25,9385;0;276,117;27
226;1,2;49,5341;1,92037;0,488427;610;343;700;45;463,831;464,12;358,129;272,54;267,328;266,045;86,7585;60,82;25,9385;0;276,117;27
227;1,2;49,7859;2,40731;0,606492;608;343;700;45;463,831;463,976;358,129;272,54;267,328;266,045;86,7585;60,82;25,9385;0;276,117;27
228;1,2;49,4502;2,56385;0,984757;608;343;700;45;463,686;463,976;359,023;271,91;267,318;266,46;85,6893;59,0172;26,6721;0;275,849;27
229;1,2;49,6933;3,0701;1,11964;603;343;700;45;463,542;463,686;359,023;271,91;267,318;266,46;85,6893;59,0172;26,6721;0;275,849;27
230;1,2;49,4994;3,58445;1,5221;603;343;700;45;463,542;463,542;359,023;271,91;267,318;266,46;85,6893;59,0172;26,6721;0;275,849;27
231;1,2;49,7743;4,16836;1,95636;602;343;700;45;463,397;463,542;359,023;271,91;267,318;266,46;85,6893;59,0172;26,6721;0;275,849;27
232;1,2;49,702;4,56922;2,02267;601;343;700;45;463,397;463,542;359,154;272,948;267,306;266,05;84,6143;57,2346;27,3798;0;275,582;27
233;1,2;49,2853;4,72033;2,39346;597;343;700;45;463,397;463,542;359,154;272,948;267,306;266,05;84,6143;57,2346;27,3798;0;275,582;27
234;1,2;49,4907;5,31811;2,5848;597;343;700;45;463,397;463,542;359,154;272,948;267,306;266,05;84,6143;57,2346;27,3798;0;275,582;27
235;1,2;49,9826;5,74524;2,86496;597;343;700;45;463,252;463,397;359,154;272,948;267,306;266,05;84,6143;57,2346;27,3798;0;275,582;27
236;1,2;49,7946;6,39224;3,11888;591;343;700;45;463,397;463,397;359,271;274,635;267,224;265,56;84,0138;55,9486;28,0652;0;275,317;27
237;1,2;49,8958;6,54471;3,47889;587;343;700;45;463,252;463,397;359,271;274,635;267,224;265,56;84,0138;55,9486;28,0652;0;275,317;27
238;1,2;49,4647;6,94498;3,5986;588;343;700;45;463,397;463,397;359,271;274,635;267,224;265,56;84,0138;55,9486;28,0652;0;275,317;27
239;1,2;49,592;7,50749;4,01289;587;343;700;45;463,252;463,542;359,271;274,635;267,224;265,56;84,0138;55,9486;28,0652;0;275,317;27
240;1,2;49,485;7,61229;4,11653;586;343;700;45;463,397;463,542;360,028;276,135;267,108;266,17;83,6439;54,9106;28,7333;0;275,053;27
241;1,2;49,3316;8,13048;4,5319;586;343;700;45;463,252;463,542;360,028;276,135;267,108;266,17;83,6439;54,9106;28,7333;0;275,053;27
242;1,2;49,6933;8,66638;4,62603;587;343;700;45;463,252;463,397;360,028;276,135;267,108;266,17;83,6439;54,9106;28,7333;0;275,053;27
243;1,2;49,4271;9,09369;4,97345;586;343;700;45;463,252;463,397;360,028;276,135;267,108;266,17;83,6439;54,9106;28,7333;0;275,053;27
244;1,2;49,4647;9,27343;5,09087;586;343;700;45;463,108;463,252;361,067;277,125;267,077;266,3;82,6745;53,2941;29,3804;0;274,791;27
245;1,2;49,184;9,7094;5,47762;582;343;700;45;462,963;463,108;361,067;277,125;267,077;266,3;82,6745;53,2941;29,3804;0;274,791;27
246;1,2;49,4878;10,261;5,62393;583;343;700;45;462,963;462,963;361,067;277,125;267,077;266,3;82,6745;53,2941;29,3804;0;274,791;27
247;1,2;49,7946;10,6029;5,80255;579;343;700;45;462,674;462,818;361,067;277,125;267,077;266,3;82,6745;53,2941;29,3804;0;274,791;27
248;1,2;49,7946;11,0628;6,13171;575;343;700;45;462,674;462,674;361,393;276,973;267,027;266,1;81,8051;51,7914;30,0137;0;274,527;27
249;1,2;49,592;11,5278;6,34378;573;343;700;45;462,529;462,674;361,393;276,973;267,027;266,1;81,8051;51,7914;30,0137;0;274,527;27
250;1,2;49,5833;11,6644;6,74677;574;343;700;45;462,529;462,529;361,393;276,973;267,027;266,1;81,8051;51,7914;30,0137;0;274,527;27
251;1,2;49,2853;12,0494;6,79791;573;343;700;45;462,384;462,529;361,393;276,973;267,027;266,1;81,8051;51,7914;30,0137;0;274,527;27
252;1,2;49,4878;12,6078;6,90573;574;343;700;45;462,384;462,384;361,305;277,523;266,957;265,94;81,05;50,4157;30,6343;0;274,26;27
253;1,2;49,4647;12,792;7,29183;572;343;700;45;462,24;462,384;361,305;277,523;266,957;265,94;81,05;50,4157;30,6343;0;274,26;27
254;1,2;49,3866;13,1934;7,39043;568;343;700;45;462,095;462,24;361,305;277,523;266,957;265,94;81,05;50,4157;30,6343;0;274,26;27
255;1,2;49,0365;13,587;7,5422;567;343;700;45;462,095;462,384;361,305;277,523;266,957;265,94;81,05;50,4157;30,6343;0;274,26;27
256;1,2;49,0943;13,7917;7,95226;568;343;700;45;462,24;462,384;362,215;277,09;266,889;265,783;80,2659;49,0278;31,2382;0;273,994;27
257;1,2;49,4878;14,3247;7,98803;567;343;700;45;462,24;462,384;362,215;277,09;266,889;265,783;80,2659;49,0278;31,2382;0;273,994;27
258;1,2;49,592;14,8475;8,16325;568;343;700;45;462,24;462,24;362,215;277,09;266,889;265,783;80,2659;49,0278;31,2382;0;273,994;27
259;1,2;49,7975;15,1004;8,57601;565;343;700;45;462,24;462,384;362,215;277,09;266,889;265,783;80,2659;49,0278;31,2382;0;273,994;27
260;1,2;49,5891;15,5472;8,65139;560;343;700;45;462,24;462,384;362,484;277,9;266,856;266,497;79,2251;47,3985;31,8266;0;273,727;27
261;1,2;49,6933;15,7361;8,7226;560;343;700;45;462,24;462,384;362,484;277,9;266,856;266,497;79,2251;47,3985;31,8266;0;273,727;27
262;1,2;49,7946;16,315;9,13383;558;343;700;45;462,24;462,384;362,484;277,9;266,856;266,497;79,2251;47,3985;31,8266;0;273,727;27
263;1,2;49,7975;16,7062;9,22307;551;343;700;45;462,24;462,384;362,484;277,9;266,856;266,497;79,2251;47,3985;31,8266;0;273,727;27
264;1,2;49,6933;16,8623;9,4065;549;343;700;45;462,24;462,24;363,054;277,497;266,831;266,21;78,0937;45,6993;32,3944;0;273,46;27
265;1,2;49,4907;17,2333;9,49809;551;343;700;45;462,095;462,24;363,054;277,497;266,831;266,21;78,0937;45,6993;32,3944;0;273,46;27
266;1,2;49,592;17,4592;9,85977;549;343;700;45;462,095;462,095;363,054;277,497;266,831;266,21;78,0937;45,6993;32,3944;0;273,46;27
267;1,2;50;18,0296;9,91194;544;343;700;45;461,806;461,806;363,054;277,497;266,831;266,21;78,0937;45,6993;32,3944;0;273,46;27
268;1,2;50;18,1694;9,95977;546;343;700;45;461,806;461,806;363,971;275,073;266,803;266,648;76,9688;44,0264;32,9424;0;273,192;27
269;1,2;50,2025;18,7768;10,1469;545;343;700;45;461,516;461,661;363,971;275,073;266,803;266,648;76,9688;44,0264;32,9424;0;273,192;27
270;1,2;49,8958;19,0706;10,2675;538;343;700;45;461,372;461,516;363,971;275,073;266,803;266,648;76,9688;44,0264;32,9424;0;273,192;27
271;1,2;49,8553;19,2641;10,6391;535;343;700;45;461,372;461,372;363,971;275,073;266,803;266,648;76,9688;44,0264;32,9424;0;273,192;27
272;1,2;49,6933;19,6083;10,7047;535;343;700;45;461,372;461,372;364,542;274,28;266,816;266,725;75,5522;42,0941;33,4581;0;272,93;27
273;1,2;49,6238;19,7196;10,8388;532;343;700;45;461,372;461,372;364,542;274,28;266,816;266,725;75,5522;42,0941;33,4581;0;272,93;27
274;1,2;50,1042;20,3907;10,9572;531;343;700;45;461,372;461,372;364,542;274,28;266,816;266,725;75,5522;42,0941;33,4581;0;272,93;27
275;1,2;50,1042;20,5308;11,0624;524;343;700;45;461,372;461,516;364,542;274,28;266,816;266,725;75,5522;42,0941;33,4581;0;272,93;27
276;1,2;49,4907;20,7365;11,2587;522;343;700;45;461,372;461,372;364,371;274,728;266,812;266,78;74,2391;40,287;33,9521;0;272,667;27
277;1,2;49,4907;20,7883;11,5974;522;343;700;45;461,227;461,227;364,371;274,728;266,812;266,78;74,2391;40,287;33,9521;0;272,667;27
278;1,2;49,2853;21,2089;11,6558;521;343;700;45;461,227;461,227;364,371;274,728;266,812;266,78;74,2391;40,287;33,9521;0;272,667;27
279;1,2;49,4907;21,401;11,736;518;343;700;45;461,372;461,372;364,371;274,728;266,812;266,78;74,2391;40,287;33,9521;0;272,667;27
280;1,2;49,6933;21,6275;11,8418;516;343;700;45;461,372;461,372;364,329;276,595;266,841;267,275;72,6502;38,2202;34,429;0;272,401;27
281;1,2;49,9971;22,1691;11,9079;510;343;700;45;461,372;461,372;364,329;276,595;266,841;267,275;72,6502;38,2202;34,429;0;272,401;27
282;1,2;50,1128;22,343;11,9675;507;343;700;45;461,372;461,372;364,329;276,595;266,841;267,275;72,6502;38,2202;34,429;0;272,401;27
283;1,2;49,5544;22,5862;12,1327;506;343;700;45;461,372;461,372;364,329;276,595;266,841;267,275;72,6502;38,2202;34,429;0;272,401;27
284;1,2;49,2882;22,6027;12,2058;503;343;700;45;461,372;461,227;364,049;276,58;266,843;266,738;71,2036;36,3297;34,8829;-0,00897395;272,134;27
285;1,2;49,2853;23,0049;12,4515;503;343;700;45;461,227;461,372;364,049;276,58;266,843;266,738;71,2036;36,3297;34,8829;-0,00897395;272,134;27
286;1,2;49,2853;23,0565;12,5313;495;343;700;45;461,227;461,227;364,049;276,58;266,843;266,738;71,2036;36,3297;34,8829;-0,00897395;272,134;27
287;1,2;49,592;23,3213;12,6128;493;343;700;45;461,227;461,227;364,049;276,58;266,843;266,738;71,2036;36,3297;34,8829;-0,00897395;272,134;27
288;1,2;49,4936;23,784;12,7575;494;343;700;45;461,227;461,227;363,536;274,51;266,829;266,833;70,5667;35,4954;35,3193;-0,247946;272;27
289;1,2;49,4907;23,869;12,8676;494;343;700;45;461,227;461,227;363,536;274,51;266,829;266,833;70,5667;35,4954;35,3193;-0,247946;272;27
290;1,2;49,592;24,3412;12,9716;494;343;700;45;461,227;461,227;363,536;274,51;266,829;266,833;70,5667;35,4954;35,3193;-0,247946;272;27
291;1,2;49,7801;24,5379;12,9811;494;343;700;45;461,227;461,227;363,536;274,51;266,829;266,833;70,5667;35,4954;35,3193;-0,247946;272;27
292;1,2;49,6933;24,5993;13,1624;492;343;700;45;461,082;461,227;363,149;274,72;266,861;267,345;69,5105;35,2788;35,7426;-1,51087;272;27
293;1,2;49,7338;25,0786;13,2158;486;343;700;45;461,082;461,082;363,149;274,72;266,861;267,345;69,5105;35,2788;35,7426;-1,51087;272;27
294;1,2;49,8958;25,2301;13,2067;486;343;700;45;460,938;460,938;363,149;274,72;266,861;267,345;69,5105;35,2788;35,7426;-1,51087;272;27
295;1,2;50,1013;25,3865;13,2583;482;343;700;45;460,793;460,938;363,149;274,72;266,861;267,345;69,5105;35,2788;35,7426;-1,51087;272;27
296;1,2;49,9161;25,771;13,4117;472;343;700;45;460,793;460,648;362,472;274,125;266,985;267,798;64,643;34,4251;36,1667;-5,94886;272;27
297;1,2;49,8958;25,8652;13,527;459;343;700;45;460,503;460,648;362,472;274,125;266,985;267,798;64,643;34,4251;36,1667;-5,94886;272;27
298;1,2;50,1013;26,0417;13,5508;450;343;700;45;460,359;460,359;362,472;274,125;266,985;267,798;64,643;34,4251;36,1667;-5,94886;272;27
299;1,2;49,8235;25,967;13,5963;443;343;700;45;460,359;460,359;362,472;274,125;266,985;267,798;64,643;34,4251;36,1667;-5,94886;272;27
300;1,2;50,1447;26,5098;13,6192;437;343;700;45;460,359;460,359;361,205;275,342;267,149;268,835;60,2939;33,2665;36,5829;-9,55547;272;27
301;1,2;50,0289;26,5361;13,6651;428;343;700;45;460,359;460,359;361,205;275,342;267,149;268,835;60,2939;33,2665;36,5829;-9,55547;272;27
302;1,2;49,6904;26,5301;13,8539;423;343;700;45;460,214;460,214;361,205;275,342;267,149;268,835;60,2939;33,2665;36,5829;-9,55547;272;27
303;1,2;49,5081;26,4847;13,9105;415;343;700;45;460,069;460,214;361,205;275,342;267,149;268,835;60,2939;33,2665;36,5829;-9,55547;272;27
304;1,2;49,5023;26,8869;13,9393;405;343;700;45;460,069;460,214;360,473;278,845;267,353;269,432;56,0059;31,8267;36,9806;-12,8013;272;27
305;1,2;49,4878;26,9654;13,9676;395;343;700;45;460,069;460,069;360,473;278,845;267,353;269,432;56,0059;31,8267;36,9806;-12,8013;272;27
306;1,2;49,6933;27,1121;13,9563;387;343;700;45;460,069;460,069;360,473;278,845;267,353;269,432;56,0059;31,8267;36,9806;-12,8013;272;27
307;1,2;49,6933;27,251;14,0612;384;343;700;45;460,069;460,069;360,473;278,845;267,353;269,432;56,0059;31,8267;36,9806;-12,8013;272;27
308;1,2;49,4907;27,1572;14,0364;380;343;700;45;460,069;460,069;359,778;278,33;267,516;269,242;55,6904;30,6858;37,3581;-12,3535;272;27
309;1,2;49,3866;27,5217;14,1531;380;343;700;45;460,069;460,069;359,778;278,33;267,516;269,242;55,6904;30,6858;37,3581;-12,3535;272;27
310;1,2;49,3866;27,5389;13,9233;382;343;700;45;459,925;459,925;359,778;278,33;267,516;269,242;55,6904;30,6858;37,3581;-12,3535;272;27
311;1,2;49,3866;27,6252;14,0277;382;343;700;45;459,78;459,635;359,778;278,33;267,516;269,242;55,6904;30,6858;37,3581;-12,3535;272;27
312;1,2;49,592;27,8094;14,0803;378;343;700;45;459,635;459,635;358,787;277,673;267,746;270,09;51,3795;29,081;37,7171;-15,4186;272;27
313;1,2;49,7975;27,9942;14,121;365;343;700;45;459,491;459,635;358,787;277,673;267,746;270,09;51,3795;29,081;37,7171;-15,4186;272;27
314;1,2;49,7135;27,9991;14,1724;352;343;700;45;459,635;459,491;358,787;277,673;267,746;270,09;51,3795;29,081;37,7171;-15,4186;272;27
315;1,2;49,592;28;14,2633;346;343;700;45;459,635;459,635;358,787;277,673;267,746;270,09;51,3795;29,081;37,7171;-15,4186;272;27
316;1,2;49,4907;28,0293;14,3292;341;343;700;45;459,78;459,635;357,723;275,805;267,959;268,948;50,1729;27,5943;38,0582;-15,4796;272;27
317;1,2;49,4907;28,4172;14,382;341;343;700;45;459,635;459,78;357,723;275,805;267,959;268,948;50,1729;27,5943;38,0582;-15,4796;272;27
318;1,2;49,4907;28,4172;14,1194;341;343;700;45;459,78;459,78;357,723;275,805;267,959;268,948;50,1729;27,5943;38,0582;-15,4796;272;27
319;1,2;49,3866;28,4781;14,1549;344;343;700;45;459,925;459,925;357,723;275,805;267,959;268,948;50,1729;27,5943;38,0582;-15,4796;272;27
320;1,2;49,184;28,3957;14,1417;345;343;700;45;459,78;459,635;356,516;276,6;268,042;266,845;55,3943;27,0064;38,3866;-9,99875;272;27
321;1,2;49,0828;28,4573;14,2333;357;343;700;45;459,78;459,635;356,516;276,6;268,042;266,845;55,3943;27,0064;38,3866;-9,99875;272;27
322;1,2;49,2853;28,5575;14,2983;372;343;700;45;459,635;459,635;356,516;276,6;268,042;266,845;55,3943;27,0064;38,3866;-9,99875;272;27
323;1,2;49,184;28,5675;14,0878;389;343;700;45;459,491;459,491;356,516;276,6;268,042;266,845;55,3943;27,0064;38,3866;-9,99875;272;27
324;1,2;49,3866;28,737;14,1098;401;343;700;45;459,346;459,491;355,527;276,815;268,032;268,318;61,7144;27,0777;38,7161;-4,07941;272;27
325;1,2;49,6933;28,8633;14,1084;416;343;700;45;459,346;459,201;355,527;276,815;268,032;268,318;61,7144;27,0777;38,7161;-4,07941;272;27
326;1,2;49,6933;28,9502;14,2123;422;343;700;45;459,346;459,201;355,527;276,815;268,032;268,318;61,7144;27,0777;38,7161;-4,07941;272;27
327;1,2;49,7946;29,1136;14,0204;431;343;700;45;459,057;459,057;355,527;276,815;268,032;268,318;61,7144;27,0777;38,7161;-4,07941;272;27
328;1,2;50;28,9466;13,9615;433;343;700;45;459,057;458,912;355,283;275,233;268,072;268,71;62,2341;26,8003;39,044;-3,61024;272;27
329;1,2;49,7946;28,8277;13,9615;435;343;700;45;458,912;458,912;355,283;275,233;268,072;268,71;62,2341;26,8003;39,044;-3,61024;272;27
330;1,2;49,592;28,7451;14,0244;431;343;700;45;458,912;458,767;355,283;275,233;268,072;268,71;62,2341;26,8003;39,044;-3,61024;272;27
331;1,2;49,4647;28,775;14,2183;428;343;700;45;458,767;458,767;355,283;275,233;268,072;268,71;62,2341;26,8003;39,044;-3,61024;272;27
332;1,2;49,4907;28,7901;14,0119;428;343;700;45;458,767;458,767;355,275;278,698;268,131;268,853;61,7468;26,3875;39,3669;-4,00761;272;27
333;1,2;49,184;28,6976;14,0782;426;343;700;45;458,623;458,623;355,275;278,698;268,131;268,853;61,7468;26,3875;39,3669;-4,00761;272;27
334;1,2;49,2853;28,7395;14,065;426;343;700;45;458,478;458,478;355,275;278,698;268,131;268,853;61,7468;26,3875;39,3669;-4,00761;272;27
335;1,2;49,4878;28,9095;14,0671;429;343;700;45;458,623;458,478;355,275;278,698;268,131;268,853;61,7468;26,3875;39,3669;-4,00761;272;27
336;1,2;49,3866;28,8503;13,7494;428;343;700;45;458,623;458,478;355,234;278,275;268,171;268,625;62,3141;26,1088;39,6817;-3,47635;272;27
337;1,2;49,2708;28,5342;13,7638;430;343;700;45;458,478;458,478;355,234;278,275;268,171;268,625;62,3141;26,1088;39,6817;-3,47635;272;27
338;1,2;49,0857;28,4441;13,8151;432;343;700;45;458,478;458,333;355,234;278,275;268,171;268,625;62,3141;26,1088;39,6817;-3,47635;272;27
339;1,2;49,5891;28,7705;13,9159;432;343;700;45;458,478;458,478;355,234;278,275;268,171;268,625;62,3141;26,1088;39,6817;-3,47635;272;27
340;1,2;49,5718;28,7432;13,8283;428;343;700;45;458,478;458,333;354,93;278,32;268,283;269,695;58,8311;25,3398;39,9957;-6,50445;272;27
341;1,2;49,8003;28,9105;13,5755;424;343;700;45;458,333;458,478;354,93;278,32;268,283;269,695;58,8311;25,3398;39,9957;-6,50445;272;27
342;1,2;49,485;28,762;13,5651;413;343;700;45;458,333;458,333;354,93;278,32;268,283;269,695;58,8311;25,3398;39,9957;-6,50445;272;27
343;1,2;49,2853;28,6632;13,467;396;343;700;45;458,478;458,333;354,93;278,32;268,283;269,695;58,8311;25,3398;39,9957;-6,50445;272;27
344;1,2;49,2853;28,6804;13,4799;379;343;700;45;458,333;458,333;354,578;278,76;268,474;269,013;53,7232;23,9917;40,2959;-10,5644;272;27
345;1,2;49,184;28,6215;13,4799;367;343;700;45;458,333;458,333;354,578;278,76;268,474;269,013;53,7232;23,9917;40,2959;-10,5644;272;27
346;1,2;49,0828;28,5797;13,4824;366;343;700;45;458,333;458,189;354,578;278,76;268,474;269,013;53,7232;23,9917;40,2959;-10,5644;272;27
347;1,2;49,2708;28,3891;13,5048;369;343;700;45;458,189;458,189;354,578;278,76;268,474;269,013;53,7232;23,9917;40,2959;-10,5644;272;27
348;1,2;49,3866;28,4558;13,3752;373;343;700;45;458,189;458,044;354,38;277,943;268,605;270,65;53,1995;23,0702;40,5844;-10,459;272;27
349;1,2;49,1204;28,3539;13,4145;373;343;700;45;458,044;458,044;354,38;277,943;268,605;270,65;53,1995;23,0702;40,5844;-10,459;272;27
350;1,2;49,6817;28,6432;13,4287;370;343;700;45;458,044;457,899;354,38;277,943;268,605;270,65;53,1995;23,0702;40,5844;-10,459;272;27
351;1,2;49,2853;28,4319;13,5112;358;343;700;45;458,044;457,899;354,38;277,943;268,605;270,65;53,1995;23,0702;40,5844;-10,459;272;27
352;1,2;49,184;28,3391;13,4486;348;343;700;45;458,189;458,044;354,086;279,57;268,843;269,753;47,7242;21,4027;40,855;-14,5335;272;27
353;1,2;48,9786;28,272;13,4145;334;343;700;45;458,044;458,044;354,086;279,57;268,843;269,753;47,7242;21,4027;40,855;-14,5335;272;27
354;1,2;49,0799;28,3133;13,3641;327;343;700;45;458,189;458,044;354,086;279,57;268,843;269,753;47,7242;21,4027;40,855;-14,5335;272;27
355;1,2;49,2043;28,4367;13,4407;321;343;700;45;458,189;457,899;354,086;279,57;268,843;269,753;47,7242;21,4027;40,855;-14,5335;272;27
356;1,2;49,2882;28,4852;13,2352;322;343;700;45;458,044;457,899;353,098;280,263;269,016;270,158;47,6886;20,1925;41,1031;-13,6069;272;27
357;1,2;49,4734;28,2563;13,1865;322;343;700;45;458,044;457,899;353,098;280,263;269,016;270,158;47,6886;20,1925;41,1031;-13,6069;272;27
358;1,2;49,3895;28,2257;13,173;324;343;700;45;457,899;458,044;353,098;280,263;269,016;270,158;47,6886;20,1925;41,1031;-13,6069;272;27
359;1,2;49,184;28,0911;13,1865;324;343;700;45;457,899;457,899;353,098;280,263;269,016;270,158;47,6886;20,1925;41,1031;-13,6069;272;27
360;1,2;48,776;27,8581;13,1294;324;343;700;45;457,899;457,899;352,118;279,158;269,16;270,23;48,5276;19,1924;41,34;-12,0048;272;27
361;1,2;48,8339;27,8911;13,1151;325;343;700;45;457,899;457,755;352,118;279,158;269,16;270,23;48,5276;19,1924;41,34;-12,0048;272;27
362;1,2;48,9468;27,9213;12,8842;331;343;700;45;458,044;457,755;352,118;279,158;269,16;270,23;48,5276;19,1924;41,34;-12,0048;272;27
363;1,2;49,0828;27,9646;12,8232;331;343;700;45;457,899;457,755;352,118;279,158;269,16;270,23;48,5276;19,1924;41,34;-12,0048;272;27
364;1,2;49,2216;27,7612;12,8343;330;343;700;45;457,755;457,755;351,4;278,758;269,333;271,055;46,9734;17,9895;41,5663;-12,5824;272;27
365;1,2;49,3808;27,8509;12,8922;328;343;700;45;457,899;457,755;351,4;278,758;269,333;271,055;46,9734;17,9895;41,5663;-12,5824;272;27
366;1,2;49,0828;27,6657;12,941;323;343;700;45;457,755;457,61;351,4;278,758;269,333;271,055;46,9734;17,9895;41,5663;-12,5824;272;27
367;1,2;49,184;27,6884;12,6671;323;343;700;45;457,899;457,755;351,4;278,758;269,333;271,055;46,9734;17,9895;41,5663;-12,5824;272;27
368;1,2;49,2853;27,7454;12,6036;324;343;700;45;457,899;457,755;350,592;278,858;269,501;270,82;45,9825;16,8027;41,7794;-12,5997;272;27
369;1,2;49,3895;27,804;12,6046;322;343;700;45;457,899;457,755;350,592;278,858;269,501;270,82;45,9825;16,8027;41,7794;-12,5997;272;27
370;1,2;49,3663;27,4214;12,6346;321;343;700;45;457,899;457,755;350,592;278,858;269,501;270,82;45,9825;16,8027;41,7794;-12,5997;272;27
371;1,2;49,3866;27,3636;12,5821;314;343;700;45;457,899;457,755;350,592;278,858;269,501;270,82;45,9825;16,8027;41,7794;-12,5997;272;27
372;1,2;49,2853;27,3764;12,6687;308;343;700;45;457,899;457,755;349,996;278,883;269,701;270,785;43,3352;15,397;41,9736;-14,0354;272;27
373;1,2;49,3866;27,3636;12,3061;300;343;700;45;457,755;457,61;349,996;278,883;269,701;270,785;43,3352;15,397;41,9736;-14,0354;272;27
374;1,2;49,184;27,2685;12,3867;301;343;700;45;457,755;457,755;349,996;278,883;269,701;270,785;43,3352;15,397;41,9736;-14,0354;272;27
375;1,2;49,3866;27,0283;12,3937;296;343;700;45;457,899;457,755;349,996;278,883;269,701;270,785;43,3352;15,397;41,9736;-14,0354;272;27
376;1,2;49,4878;27,0318;12,2585;289;343;700;45;457,755;457,61;349,291;278,372;269,92;271,638;40,5855;13,8718;42,1493;-15,4357;272;27
377;1,2;49,7917;27,2152;12,301;284;343;700;45;457,755;457,61;349,291;278,372;269,92;271,638;40,5855;13,8718;42,1493;-15,4357;272;27
378;1,2;49,7946;27,1472;12,2475;279;343;700;45;457,755;457,61;349,291;278,372;269,92;271,638;40,5855;13,8718;42,1493;-15,4357;272;27
379;1,2;49,7946;26,8091;12,1684;278;343;700;45;457,755;457,61;349,291;278,372;269,92;271,638;40,5855;13,8718;42,1493;-15,4357;272;27
380;1,2;49,6933;26,7025;12,1293;273;343;700;45;457,899;457,61;348,298;278,605;270,142;271,54;38,6368;12,3359;42,3091;-16,0082;272;27
381;1,2;49,6962;26,6172;12,1295;270;343;700;45;457,755;457,61;348,298;278,605;270,142;271,54;38,6368;12,3359;42,3091;-16,0082;272;27
382;1,2;49,8958;26,6893;12,1359;266;343;700;45;457,755;457,61;348,298;278,605;270,142;271,54;38,6368;12,3359;42,3091;-16,0082;272;27
383;1,2;49,9971;26,404;12,0939;258;343;700;45;457,755;457,61;348,298;278,605;270,142;271,54;38,6368;12,3359;42,3091;-16,0082;272;27
384;1,2;49,6788;26,2186;12,1105;257;343;700;45;457,755;457,61;347,149;276,8;270,357;271,415;37,3514;10,8047;42,4513;-15,9046;272;27
385;1,2;49,4444;26,0085;11,9559;250;343;700;45;457,755;457,755;347,149;276,8;270,357;271,415;37,3514;10,8047;42,4513;-15,9046;272;27
386;1,2;49,592;26,0688;11,9659;251;343;700;45;457,755;457,61;347,149;276,8;270,357;271,415;37,3514;10,8047;42,4513;-15,9046;272;27
387;1,2;49,5428;25,6027;12,1155;253;343;700;45;457,755;457,61;347,149;276,8;270,357;271,415;37,3514;10,8047;42,4513;-15,9046;272;27
388;1,2;49,592;25,6801;12,1219;254;343;700;45;457,755;457,61;345,757;277,297;270,514;271,383;38,7409;9,70222;42,5752;-13,5365;272;27
389;1,2;49,4878;25,5224;12,0436;258;343;700;45;457,61;457,61;345,757;277,297;270,514;271,383;38,7409;9,70222;42,5752;-13,5365;272;27
390;1,2;49,3866;25,3839;11,9459;259;343;700;45;457,61;457,465;345,757;277,297;270,514;271,383;38,7409;9,70222;42,5752;-13,5365;272;27
391;1,2;49,5949;25,1023;11,8938;262;343;700;45;457,465;457,321;345,757;277,297;270,514;271,383;38,7409;9,70222;42,5752;-13,5365;272;27
392;1,2;49,7946;25,1686;11,9001;266;343;700;45;457,61;457,465;344,115;279,92;270,692;271,71;37,3842;8,46808;42,6844;-13,7682;272;27
393;1,2;49,8785;25,1413;12,1212;264;343;700;45;457,61;457,465;344,115;279,92;270,692;271,71;37,3842;8,46808;42,6844;-13,7682;272;27
394;1,2;49,7135;24,7553;12,1671;258;343;700;45;457,61;457,465;344,115;279,92;270,692;271,71;37,3842;8,46808;42,6844;-13,7682;272;27
395;1,2;49,2853;24,4216;12,0752;248;343;700;45;457,61;457,465;344,115;279,92;270,692;271,71;37,3842;8,46808;42,6844;-13,7682;272;27
396;1,2;49,5544;24,5549;12,3408;239;343;700;45;457,61;457,465;342,977;278,768;270,971;272,842;31,4226;6,52801;42,7753;-17,8807;272;27
397;1,2;49,3866;24,4027;12,2702;231;343;700;45;457,61;457,321;342,977;278,768;270,971;272,842;31,4226;6,52801;42,7753;-17,8807;272;27
398;1,2;49,184;23,8828;12,153;216;343;700;45;457,465;457,321;342,977;278,768;270,971;272,842;31,4226;6,52801;42,7753;-17,8807;272;27
399;1,2;49,184;23,8828;12,153;208;343;700;45;457,321;457,176;342,977;278,768;270,971;272,842;31,4226;6,52801;42,7753;-17,8807;272;27
400;1,2;49,0828;23,7822;12,3883;198;343;700;45;457,321;457,176;341,555;277,427;271,246;272,405;28,3539;4,60728;42,8423;-19,0956;272;27
401;1,2;48,7268;23,2108;12,2562;194;343;700;45;457,321;457,031;341,555;277,427;271,246;272,405;28,3539;4,60728;42,8423;-19,0956;272;27
402;1,2;49,184;23,3255;12,16;193;343;700;45;457,176;457,176;341,555;277,427;271,246;272,405;28,3539;4,60728;42,8423;-19,0956;272;27
403;1,2;49,2853;23,3046;12,4199;196;343;700;45;457,176;457,031;341,555;277,427;271,246;272,405;28,3539;4,60728;42,8423;-19,0956;272;27
404;1,2;49,6904;23,072;12,5624;187;343;700;45;457,176;457,031;339,762;277,725;271,495;272,103;26,775;2,84162;42,8882;-18,9549;272;27
405;1,2;49,592;22,9743;12,526;187;343;700;45;457,176;457,031;339,762;277,725;271,495;272,103;26,775;2,84162;42,8882;-18,9549;272;27
406;1,2;49,6933;22,9344;12,4577;185;343;700;45;457,321;457,031;339,762;277,725;271,495;272,103;26,775;2,84162;42,8882;-18,9549;272;27
407;1,2;49,6904;22,5089;12,6409;179;343;700;45;457,321;457,176;339,762;277,725;271,495;272,103;26,775;2,84162;42,8882;-18,9549;272;27
408;1,2;49,6036;22,4003;12,602;176;343;700;45;457,465;457,321;337,875;276,233;271,755;273,185;24,5377;1,02605;42,9116;-19,4;272;27
409;1,2;49,3866;22,3195;12,8569;173;343;700;45;457,61;457,321;337,875;276,233;271,755;273,185;24,5377;1,02605;42,9116;-19,4;272;27
410;1,2;49,2853;22,1188;12,7045;172;343;700;45;457,61;457,321;337,875;276,233;271,755;273,185;24,5377;1,02605;42,9116;-19,4;272;27
411;1,2;49,2853;21,7497;12,9154;164;343;700;45;457,61;457,321;337,875;276,233;271,755;273,185;24,5377;1,02605;42,9116;-19,4;272;27
412;1,2;48,9786;21,5117;12,8626;158;343;700;45;457,465;457,321;335,871;275,628;272,026;274,263;28,8252;-0,00922851;42,9158;-14,0715;272;27
413;1,2;48,9786;21,4261;13,0036;161;343;700;45;457,61;457,321;335,871;275,628;272,026;274,263;28,8252;-0,00922851;42,9158;-14,0715;272;27
414;1,2;49,3837;21,5171;12,9742;175;343;700;45;457,61;457,321;335,871;275,628;272,026;274,263;28,8252;-0,00922851;42,9158;-14,0715;272;27
415;1,2;49,2853;21,0535;13,1008;192;343;700;45;457,465;457,321;335,871;275,628;272,026;274,263;28,8252;-0,00922851;42,9158;-14,0715;272;27
416;1,2;49,3113;20,9612;13,0455;209;343;700;45;457,465;457,321;333,959;275,97;272,184;273,24;32,4083;-0,579885;42,913;-9,92478;272;27
417;1,2;49,184;20,8384;13,2826;218;343;700;45;457,61;457,321;333,959;275,97;272,184;273,24;32,4083;-0,579885;42,913;-9,92478;272;27
418;1,2;49,4444;20,8969;13,1719;218;343;700;45;457,465;457,321;333,959;275,97;272,184;273,24;32,4083;-0,579885;42,913;-9,92478;272;27
419;1,2;49,4878;20,5447;13,3376;220;343;700;45;457,465;457,321;333,959;275,97;272,184;273,24;32,4083;-0,579885;42,913;-9,92478;272;27
420;1,2;49,592;20,38;13,2873;218;343;700;45;457,465;457,321;332,445;276,638;272,24;271,655;35,4663;-0,976439;42,9026;-6,45988;272;27
421;1,2;49,3924;20,2634;13,4681;223;343;700;45;457,465;457,321;332,445;276,638;272,24;271,655;35,4663;-0,976439;42,9026;-6,45988;272;27
422;1,2;49,5486;20,2236;13,4255;231;343;700;45;457,465;457,176;332,445;276,638;272,24;271,655;35,4663;-0,976439;42,9026;-6,45988;272;27
423;1,2;49,4878;19,7764;13,5901;240;343;700;45;457,321;457,176;332,445;276,638;272,24;271,655;35,4663;-0,976439;42,9026;-6,45988;272;27
424;1,2;49,077;19,5093;13,4011;247;343;700;45;457,321;457,176;331,344;275,223;272,212;271,7;40,4513;-0,785545;42,8917;-1,65488;272;27
425;1,2;48,8773;19,3104;13,3458;257;343;700;45;457,321;457,176;331,344;275,223;272,212;271,7;40,4513;-0,785545;42,8917;-1,65488;272;27
426;1,2;48,8773;19,2762;13,6352;270;343;700;45;457,176;457,031;331,344;275,223;272,212;271,7;40,4513;-0,785545;42,8917;-1,65488;272;27
427;1,2;49,184;19,3285;13,5544;275;343;700;45;457,031;456,887;331,344;275,223;272,212;271,7;40,4513;-0,785545;42,8917;-1,65488;272;27
428;1,2;49,184;18,8571;13,7056;284;343;700;45;457,031;456,887;330,883;276,348;272,137;270,353;44,9375;-0,283899;42,885;2,33638;272;27
429;1,2;49,184;18,7368;13,5811;295;343;700;45;457,031;456,887;330,883;276,348;272,137;270,353;44,9375;-0,283899;42,885;2,33638;272;27
430;1,2;49,103;18,6545;13,8165;298;343;700;45;457,031;456,887;330,883;276,348;272,137;270,353;44,9375;-0,283899;42,885;2,33638;272;27
431;1,2;49,592;18,7363;13,6996;305;343;700;45;457,031;456,742;330,883;276,348;272,137;270,353;44,9375;-0,283899;42,885;2,33638;272;27
432;1,2;49,4878;18,524;13,7357;315;343;700;45;456,887;456,742;331,067;277,298;272,034;270,738;45,3481;0;42,8839;2,46418;272;27
433;1,2;49,7569;18,5378;13,7456;314;343;700;45;456,742;456,597;331,067;277,298;272,034;270,738;45,3481;0;42,8839;2,46418;272;27
434;1,2;49,8958;18,4675;13,8956;314;343;700;45;456,742;456,453;331,067;277,298;272,034;270,738;45,3481;0;42,8839;2,46418;272;27
435;1,2;49,7946;18,3778;13,8563;313;343;700;45;456,597;456,453;331,067;277,298;272,034;270,738;45,3481;0;42,8839;2,46418;272;27
436;1,2;49,7946;18,256;13,8769;309;343;700;45;456,597;456,453;331,871;276,863;271,949;271,28;43,9826;0;42,8839;1,09866;272;27
437;1,2;49,592;18,0605;14,0249;306;343;700;45;456,597;456,308;331,871;276,863;271,949;271,28;43,9826;0;42,8839;1,09866;272;27
438;1,2;49,2824;17,8617;13,8499;300;343;700;45;456,742;456,453;331,871;276,863;271,949;271,28;43,9826;0;42,8839;1,09866;272;27
439;1,2;49,4907;17,8507;14,025;300;343;700;45;456,742;456,453;331,871;276,863;271,949;271,28;43,9826;0;42,8839;1,09866;272;27
440;1,2;49,592;17,7486;13,9201;298;343;700;45;456,742;456,453;332,882;275,978;271,927;272,19;43,3786;0,000422972;42,8839;0,494307;272;27
441;1,2;49,6933;17,6633;14,0321;300;343;700;45;456,597;456,453;332,882;275,978;271,927;272,19;43,3786;0,000422972;42,8839;0,494307;272;27
442;1,2;49,7946;17,6645;14,007;300;343;700;45;456,742;456,308;332,882;275,978;271,927;272,19;43,3786;0,000422972;42,8839;0,494307;272;27
443;1,2;49,8929;17,5077;13,8663;301;343;700;45;456,597;456,308;332,882;275,978;271,927;272,19;43,3786;0,000422972;42,8839;0,494307;272;27
444;1,2;49,8958;17,4215;14,2167;298;343;700;45;456,453;456,163;333,645;275,598;272,041;271,473;43,1063;0;42,8839;0,222381;272;27
445;1,2;49,9971;17,674;14,1491;297;343;700;45;456,453;456,163;333,645;275,598;272,041;271,473;43,1063;0;42,8839;0,222381;272;27
446;1,2;49,7946;17,498;13,9934;297;343;700;45;456,308;456,163;333,645;275,598;272,041;271,473;43,1063;0;42,8839;0,222381;272;27
447;1,2;49,6875;17,3563;14,1096;296;343;700;45;456,308;456,018;333,645;275,598;272,041;271,473;43,1063;0;42,8839;0,222381;272;27
448;1,2;49,7598;17,2425;14,0529;292;343;700;45;456,308;456,163;334,038;276,578;272,029;270,275;42,9836;0;42,8839;0,0996536;272;27
449;1,2;49,6933;17,4526;14,062;296;343;700;45;456,453;456,163;334,038;276,578;272,029;270,275;42,9836;0;42,8839;0,0996536;272;27
450;1,2;49,5891;17,2948;14,2136;290;343;700;45;456,308;456,163;334,038;276,578;272,029;270,275;42,9836;0;42,8839;0,0996536;272;27
451;1,2;49,4965;17,1587;14,0575;295;343;700;45;456,453;456,018;334,038;276,578;272,029;270,275;42,9836;0;42,8839;0,0996536;272;27
452;1,2;49,8958;17,5138;13,9741;295;343;700;45;456,308;456,018;334,331;277,288;271,948;269,355;43,0621;0,0144687;42,8839;0,163738;272;27
453;1,2;49,4878;17,3015;13,8893;293;343;700;45;456,163;456,018;334,331;277,288;271,948;269,355;43,0621;0,0144687;42,8839;0,163738;272;27
454;1,2;49,3866;17,059;13,6935;293;343;700;45;456,163;455,874;334,331;277,288;271,948;269,355;43,0621;0,0144687;42,8839;0,163738;272;27
455;1,2;49,3142;17,3861;14,0379;294;343;700;45;456,163;456,018;334,331;277,288;271,948;269,355;43,0621;0,0144687;42,8839;0,163738;272;27
456;1,2;49,3866;17,239;13,9423;296;343;700;45;456,308;456,018;334,73;276,408;271,814;270,055;47,1978;0,591335;42,8869;3,71954;272;27
457;1,2;49,5862;17,2048;13,864;304;343;700;45;456,163;456,018;334,73;276,408;271,814;270,055;47,1978;0,591335;42,8869;3,71954;272;27
458;1,2;49,5891;17,4385;13,7514;319;343;700;45;456,308;456,018;334,73;276,408;271,814;270,055;47,1978;0,591335;42,8869;3,71954;272;27
459;1,2;49,3895;17,2475;13,59;324;343;700;45;456,308;456,018;334,73;276,408;271,814;270,055;47,1978;0,591335;42,8869;3,71954;272;27
460;1,2;49,2882;17,3918;13,4529;330;343;700;45;456,308;456,018;335,036;274,738;271,744;269,625;48,4309;1,09193;42,8977;4,44131;272;27
461;1,2;49,4184;17,3859;13,4499;335;343;700;45;456,163;456,018;335,036;274,738;271,744;269,625;48,4309;1,09193;42,8977;4,44131;272;27
462;1,2;49,3866;17,5375;13,2959;333;343;700;45;456,163;455,874;335,036;274,738;271,744;269,625;48,4309;1,09193;42,8977;4,44131;272;27
463;1,2;49,4907;17,4707;13,2532;332;343;700;45;456,163;455,874;335,036;274,738;271,744;269,625;48,4309;1,09193;42,8977;4,44131;272;27
464;1,2;49,4907;17,4015;13,1651;333;343;700;45;456,163;455,874;335,647;275,633;271,675;269,795;49,3916;1,57535;42,9138;4,9025;272;27
465;1,2;49,4821;17,5961;13,1089;336;343;700;45;456,163;456,018;335,647;275,633;271,675;269,795;49,3916;1,57535;42,9138;4,9025;272;27
466;1,2;49,184;17,3699;13,0873;338;343;700;45;456,163;455,874;335,647;275,633;271,675;269,795;49,3916;1,57535;42,9138;4,9025;272;27
467;1,2;49,4213;17,6683;12,9733;340;343;700;45;456,163;455,874;335,647;275,633;271,675;269,795;49,3916;1,57535;42,9138;4,9025;272;27
468;1,2;49,3924;17,5544;12,8596;338;343;700;45;456,163;455,874;336,34;275,74;271,6;270,695;50,332;2,09327;42,9357;5,30304;272;27
469;1,2;49,4878;17,8898;12,6048;339;343;700;45;456,308;455,874;336,34;275,74;271,6;270,695;50,332;2,09327;42,9357;5,30304;272;27
470;1,2;49,2824;17,7122;12,5058;341;343;700;45;456,163;456,018;336,34;275,74;271,6;270,695;50,332;2,09327;42,9357;5,30304;272;27
471;1,2;49,4878;18,001;12,4473;348;343;700;45;456,163;455,874;336,34;275,74;271,6;270,695;50,332;2,09327;42,9357;5,30304;272;27
472;1,2;49,6933;17,9195;12,3626;346;343;700;45;456,308;456,018;336,987;275,22;271,52;270,332;51,2877;2,65476;42,9647;5,66832;272;27
473;1,2;49,4878;18,043;12,2705;348;343;700;45;456,018;455,729;336,987;275,22;271,52;270,332;51,2877;2,65476;42,9647;5,66832;272;27
474;1,2;49,2853;17,8831;12,1719;346;343;700;45;456,163;455,874;336,987;275,22;271,52;270,332;51,2877;2,65476;42,9647;5,66832;272;27
475;1,2;49,3171;17,8085;12,1725;354;343;700;45;456,018;455,729;336,987;275,22;271,52;270,332;51,2877;2,65476;42,9647;5,66832;272;27
476;1,2;49,2853;18,0455;11,8758;351;343;700;45;456,018;455,729;337,899;275,355;271,483;270,608;49,8434;2,91782;42,9989;3,92666;272;27
477;1,2;49,7425;18,1086;11,7966;352;343;700;45;456,018;455,729;337,899;275,355;271,483;270,608;49,8434;2,91782;42,9989;3,92666;272;27
478;1,2;49,4878;18,2136;11,7043;348;343;700;45;456,018;455,729;337,899;275,355;271,483;270,608;49,8434;2,91782;42,9989;3,92666;272;27
479;1,2;49,592;18,2;11,6335;342;343;700;45;456,018;455,874;337,899;275,355;271,483;270,608;49,8434;2,91782;42,9989;3,92666;272;27
480;1,2;49,3866;18,3736;11,612;343;343;700;45;456,018;455,729;338,71;275,392;271,459;271,078;48,9039;3,08452;43,0347;2,78472;272;27
481;1,2;49,7946;18,4036;11,2464;343;343;700;45;456,018;455,729;338,71;275,392;271,459;271,078;48,9039;3,08452;43,0347;2,78472;272;27
482;1,2;49,7685;18,6449;11,1757;341;343;700;45;455,874;455,729;338,71;275,392;271,459;271,078;48,9039;3,08452;43,0347;2,78472;272;27
483;1,2;49,592;18,5095;11,1411;337;343;700;45;456,018;455,729;338,71;275,392;271,459;271,078;48,9039;3,08452;43,0347;2,78472;272;27
484;1,2;49,4473;18,6184;11,0228;337;343;700;45;456,018;455,874;339,165;275,43;271,437;270,39;48,5375;3,2356;43,0729;2,22894;272;27
485;1,2;49,5891;18,6371;10,9669;329;343;700;45;456,018;455,729;339,165;275,43;271,437;270,39;48,5375;3,2356;43,0729;2,22894;272;27
486;1,2;49,3663;18,7334;10,6488;332;343;700;45;456,018;455,729;339,165;275,43;271,437;270,39;48,5375;3,2356;43,0729;2,22894;272;27
487;1,2;49,4878;18,7449;10,6225;335;343;700;45;456,018;455,729;339,165;275,43;271,437;270,39;48,5375;3,2356;43,0729;2,22894;272;27
488;1,2;49,9971;19,155;10,5152;338;343;700;45;456,018;455,585;339,42;275,295;271,371;270,068;50,5842;3,69794;43,1151;3,77113;272;27
489;1,2;49,8177;18,9818;10,1672;339;343;700;45;455,874;455,585;339,42;275,295;271,371;270,068;50,5842;3,69794;43,1151;3,77113;272;27
490;1,2;49,6933;18,8997;10,1411;346;343;700;45;455,874;455,585;339,42;275,295;271,371;270,068;50,5842;3,69794;43,1151;3,77113;272;27
491;1,2;49,5862;19,0743;10,0626;347;343;700;45;455,729;455,585;339,42;275,295;271,371;270,068;50,5842;3,69794;43,1151;3,77113;272;27
492;1,2;49,8466;19,0178;9,94483;349;343;700;45;455,729;455,44;339,655;276,9;271,291;270,21;52,4986;4,25338;43,1625;5,08272;272;27
493;1,2;49,5891;19,2215;9,68987;355;343;700;45;455,729;455,44;339,655;276,9;271,291;270,21;52,4986;4,25338;43,1625;5,08272;272;27
494;1,2;49,4878;19,165;9,6768;359;343;700;45;455,729;455,44;339,655;276,9;271,291;270,21;52,4986;4,25338;43,1625;5,08272;272;27
495;1,2;49,592;19,1187;9,61213;361;343;700;45;455,729;455,44;339,655;276,9;271,291;270,21;52,4986;4,25338;43,1625;5,08272;272;27
496;1,2;49,702;19,3596;9,25792;366;343;700;45;455,874;455,44;340,106;277,39;271,184;269,763;54,9269;5,00419;43,2191;6,70362;272;27
497;1,2;49,4705;19,2176;9,19876;373;343;700;45;455,874;455,44;340,106;277,39;271,184;269,763;54,9269;5,00419;43,2191;6,70362;272;27
498;1,2;49,2853;19,0251;9,17405;375;343;700;45;455,874;455,44;340,106;277,39;271,184;269,763;54,9269;5,00419;43,2191;6,70362;272;27
499;1,2;49,2853;19,2908;8,89222;380;343;700;45;455,874;455,44;340,106;277,39;271,184;269,763;54,9269;5,00419;43,2191;6,70362;272;27
500;1,2;49,3866;19,2442;8,85045;384;343;700;45;455,874;455,44;340,415;276,675;271,079;269,555;56,3676;5,74532;43,2849;7,33732;272;27
501;1,2;49,1985;19,085;8,83195;385;343;700;45;455,874;455,729;340,415;276,675;271,079;269,555;56,3676;5,74532;43,2849;7,33732;272;27
502;1,2;49,592;19,505;8,54659;387;343;700;45;455,874;455,585;340,415;276,675;271,079;269,555;56,3676;5,74532;43,2849;7,33732;272;27
503;1,2;49,3779;19,369;8,41779;389;343;700;45;455,874;455,585;340,415;276,675;271,079;269,555;56,3676;5,74532;43,2849;7,33732;272;27
504;1,2;49,592;19,3837;8,10174;390;343;700;45;455,729;455,44;340,707;275,37;270,978;269,54;57,2465;6,45132;43,3589;7,43633;272;27
505;1,2;49,6904;19,3701;8,10698;390;343;700;45;455,874;455,585;340,707;275,37;270,978;269,54;57,2465;6,45132;43,3589;7,43633;272;27
506;1,2;49,8958;19,7192;8,06761;393;343;700;45;455,874;455,585;340,707;275,37;270,978;269,54;57,2465;6,45132;43,3589;7,43633;272;27
507;1,2;49,6499;19,5353;7,74769;399;343;700;45;455,874;455,585;340,707;275,37;270,978;269,54;57,2465;6,45132;43,3589;7,43633;272;27
508;1,2;49,592;19,4952;7,76744;399;343;700;45;455,874;455,44;341,393;275,622;270,891;269,478;57,4468;7,06065;43,4398;6,94637;272;27
509;1,2;49,4907;19,3862;7,6739;399;343;700;45;455,729;455,44;341,393;275,622;270,891;269,478;57,4468;7,06065;43,4398;6,94637;272;27
510;1,2;49,8958;19,7791;7,3873;398;343;700;45;455,729;455,585;341,393;275,622;270,891;269,478;57,4468;7,06065;43,4398;6,94637;272;27
511;1,2;49,5891;19,5535;7,32718;402;343;700;45;455,874;455,44;341,393;275,622;270,891;269,478;57,4468;7,06065;43,4398;6,94637;272;27
512;1,2;49,7975;19,6357;7,33112;398;343;700;45;455,874;455,44;342,367;276,122;270,855;269,463;55,2411;7,30942;43,5276;4,40403;272;27
513;1,2;49,9971;19,6445;7,05217;392;343;700;45;455,729;455,585;342,367;276,122;270,855;269,463;55,2411;7,30942;43,5276;4,40403;272;27
514;1,2;49,8958;19,5524;7,03143;390;343;700;45;455,874;455,585;342,367;276,122;270,855;269,463;55,2411;7,30942;43,5276;4,40403;272;27
515;1,2;49,6904;19,3851;6,94668;380;343;700;45;455,874;455,585;342,367;276,122;270,855;269,463;55,2411;7,30942;43,5276;4,40403;272;27
516;1,2;49,7714;19,7198;6,67245;381;343;700;45;455,874;455,44;343,404;274,258;270,77;268,345;57,2754;7,90494;43,62;5,75047;272;27
517;1,2;49,6296;19,6116;6,62841;388;343;700;45;455,874;455,44;343,404;274,258;270,77;268,345;57,2754;7,90494;43,62;5,75047;272;27
518;1,2;49,2882;19,3906;6,56724;390;343;700;45;455,874;455,585;343,404;274,258;270,77;268,345;57,2754;7,90494;43,62;5,75047;272;27
519;1,2;49,2853;19,4067;6,35501;397;343;700;45;455,874;455,585;343,404;274,258;270,77;268,345;57,2754;7,90494;43,62;5,75047;272;27
520;1,2;49,2853;19,2862;6,26269;404;343;700;45;455,729;455,44;344,091;273,435;270,654;269,052;59,8787;8,72138;43,72;7,43734;272;27
521;1,2;49,184;19,2122;6,21433;402;343;700;45;455,874;455,585;344,091;273,435;270,654;269,052;59,8787;8,72138;43,72;7,43734;272;27
522;1,2;49,2853;19,2345;5,94796;412;343;700;45;455,874;455,585;344,091;273,435;270,654;269,052;59,8787;8,72138;43,72;7,43734;272;27
523;1,2;49,4907;19,2455;5,92728;419;343;700;45;455,729;455,585;344,091;273,435;270,654;269,052;59,8787;8,72138;43,72;7,43734;272;27
524;1,2;49,3866;19,1705;5,65783;422;343;700;45;455,874;455,585;345,047;274,345;270,557;269,258;60,4567;9,39232;43,8289;7,23558;272;27
525;1,2;49,6904;19,539;5,57499;421;343;700;45;455,874;455,585;345,047;274,345;270,557;269,258;60,4567;9,39232;43,8289;7,23558;272;27
526;1,2;49,5891;19,4645;5,56372;424;343;700;45;455,874;455,44;345,047;274,345;270,557;269,258;60,4567;9,39232;43,8289;7,23558;272;27
527;1,2;49,7946;19,5104;5,53742;424;343;700;45;455,729;455,585;345,047;274,345;270,557;269,258;60,4567;9,39232;43,8289;7,23558;272;27
528;1,2;49,8495;19,4797;5,25554;425;343;700;45;455,729;455,44;346,198;273,715;270,471;269,06;60,7847;9,99482;43,9469;6,84303;272;27
529;1,2;49,592;19,327;5,188;424;343;700;45;455,729;455,44;346,198;273,715;270,471;269,06;60,7847;9,99482;43,9469;6,84303;272;27
530;1,2;49,1811;19,1669;5,21607;424;343;700;45;455,729;455,44;346,198;273,715;270,471;269,06;60,7847;9,99482;43,9469;6,84303;272;27
531;1,2;49,4618;19,2417;4,96179;424;343;700;45;455,585;455,295;346,198;273,715;270,471;269,06;60,7847;9,99482;43,9469;6,84303;272;27
532;1,2;49,2853;19,1558;4,93419;428;343;700;45;455,585;455,295;347,062;274,33;270,367;269,668;62,1092;10,7311;44,0739;7,30421;272;27
533;1,2;49,2853;19,087;4,87408;427;343;700;45;455,585;455,295;347,062;274,33;270,367;269,668;62,1092;10,7311;44,0739;7,30421;272;27
534;1,2;49,592;19,2231;4,62727;424;343;700;45;455,44;455,295;347,062;274,33;270,367;269,668;62,1092;10,7311;44,0739;7,30421;272;27
535;1,2;49,7975;19,2679;4,61496;428;343;700;45;455,585;455,15;347,062;274,33;270,367;269,668;62,1092;10,7311;44,0739;7,30421;272;27
536;1,2;49,6933;19,1582;4,56073;428;343;700;45;455,585;455,15;347,879;274,413;270,322;269,6;60,2002;11,0454;44,206;4,9488;272;27
537;1,2;49,592;18,7997;4,33095;430;343;700;45;455,585;455,15;347,879;274,413;270,322;269,6;60,2002;11,0454;44,206;4,9488;272;27
538;1,2;49,7946;18,8591;4,30618;428;343;700;45;455,585;455,15;347,879;274,413;270,322;269,6;60,2002;11,0454;44,206;4,9488;272;27
539;1,2;49,2853;18,5974;4,26518;421;343;700;45;455,44;455,295;347,879;274,413;270,322;269,6;60,2002;11,0454;44,206;4,9488;272;27
540;1,2;49,8206;18,7297;4,2469;412;343;700;45;455,585;455,295;348,703;275,75;270,361;269,525;55,5698;10,7779;44,3379;0,453994;272;27
541;1,2;49,9971;18,831;4,0075;402;343;700;45;455,585;455,15;348,703;275,75;270,361;269,525;55,5698;10,7779;44,3379;0,453994;272;27
542;1,2;49,7946;18,6851;3,93323;393;343;700;45;455,44;455,15;348,703;275,75;270,361;269,525;55,5698;10,7779;44,3379;0,453994;272;27
543;1,2;49,8872;18,7025;3,93039;384;343;700;45;455,295;455,006;348,703;275,75;270,361;269,525;55,5698;10,7779;44,3379;0,453994;272;27
544;1,2;49,702;18,6157;3,66522;375;343;700;45;455,295;455,006;349,309;276,47;270,434;268,955;51,9512;10,2661;44,4647;-2,77958;272;27
545;1,2;49,4907;18,502;3,64878;367;343;700;45;455,295;455,006;349,309;276,47;270,434;268,955;51,9512;10,2661;44,4647;-2,77958;272;27
546;1,2;49,6933;18,6124;3,6751;362;343;700;45;455,44;455,15;349,309;276,47;270,434;268,955;51,9512;10,2661;44,4647;-2,77958;272;27
547;1,2;49,8958;18,6011;3,60933;362;343;700;45;455,44;455,15;349,309;276,47;270,434;268,955;51,9512;10,2661;44,4647;-2,77958;272;27
548;1,2;49,5891;18,4694;3,36278;360;343;700;45;455,44;455,15;349,322;275,26;270,471;269,485;51,9214;10,005;44,5876;-2,67121;272;27
549;1,2;49,2188;18,0145;3,35375;361;343;700;45;455,44;455,15;349,322;275,26;270,471;269,485;51,9214;10,005;44,5876;-2,67121;272;27
550;1,2;49,2853;18,0217;3,32263;359;343;700;45;455,44;455,15;349,322;275,26;270,471;269,485;51,9214;10,005;44,5876;-2,67121;272;27
551;1,2;49,5891;18,0981;3,29647;360;343;700;45;455,44;455,15;349,322;275,26;270,471;269,485;51,9214;10,005;44,5876;-2,67121;272;27
552;1,2;49,7946;18,1731;3,05605;363;343;700;45;455,44;455,006;348,657;276,703;270,461;268,88;54,1282;10,0727;44,7097;-0,654214;272;27
553;1,2;49,4878;18,0612;3,06337;363;343;700;45;455,44;455,15;348,657;276,703;270,461;268,88;54,1282;10,0727;44,7097;-0,654214;272;27
554;1,2;49,3837;17,9886;3,02916;369;343;700;45;455,585;455,295;348,657;276,703;270,461;268,88;54,1282;10,0727;44,7097;-0,654214;272;27
555;1,2;49,5255;18,023;3,02424;376;343;700;45;455,585;455,295;348,657;276,703;270,461;268,88;54,1282;10,0727;44,7097;-0,654214;272;27
556;1,2;49,4878;17,7079;2,79558;380;343;700;45;455,585;455,295;347,882;274,455;270,405;269,025;57,3744;10,4621;44,8352;2,07709;272;27
557;1,2;49,6933;17,7119;2,75051;391;343;700;45;455,729;455,295;347,882;274,455;270,405;269,025;57,3744;10,4621;44,8352;2,07709;272;27
558;1,2;49,3866;17,6026;2,74311;389;343;700;45;455,585;455,295;347,882;274,455;270,405;269,025;57,3744;10,4621;44,8352;2,07709;272;27
559;1,2;49,5978;17,6952;2,76366;397;343;700;45;455,585;455,295;347,882;274,455;270,405;269,025;57,3744;10,4621;44,8352;2,07709;272;27
560;1,2;49,6933;17,3746;2,50145;400;343;700;45;455,585;455,15;347,489;276,212;270,316;268,943;60,8332;11,0789;44,9631;4,79126;272;27
561;1,2;49,3924;17,2348;2,46863;409;343;700;45;455,295;455,006;347,489;276,212;270,316;268,943;60,8332;11,0789;44,9631;4,79126;272;27
562;1,2;49,3142;17,2076;2,47982;417;343;700;45;455,295;455,006;347,489;276,212;270,316;268,943;60,8332;11,0789;44,9631;4,79126;272;27
563;1,2;49,592;17,3045;2,23817;423;343;700;45;455,295;455,006;347,489;276,212;270,316;268,943;60,8332;11,0789;44,9631;4,79126;272;27
564;1,2;49,5891;16,9668;2,21898;436;343;700;45;455,15;455,006;347,768;275,523;270,187;268,833;64,5284;11,9827;45,1024;7,44327;272;27
565;1,2;49,7801;17,0669;2,23918;442;343;700;45;455,295;455,006;347,768;275,523;270,187;268,833;64,5284;11,9827;45,1024;7,44327;272;27
566;1,2;49,7512;17,0396;2,22654;449;343;700;45;455,15;454,861;347,768;275,523;270,187;268,833;64,5284;11,9827;45,1024;7,44327;272;27
567;1,2;49,9971;17,0714;1,9443;450;343;700;45;455,15;454,861;347,768;275,523;270,187;268,833;64,5284;11,9827;45,1024;7,44327;272;27
568;1,2;50,1013;16,8019;1,96271;450;343;700;45;455,295;454,861;348,587;275,812;270,092;268,888;65,0771;12,6487;45,2527;7,17567;272;27
569;1,2;49,8958;16,7504;1,9812;454;343;700;45;455,295;454,861;348,587;275,812;270,092;268,888;65,0771;12,6487;45,2527;7,17567;272;27
570;1,2;49,6933;16,6303;1,94599;455;343;700;45;455,15;454,716;348,587;275,812;270,092;268,888;65,0771;12,6487;45,2527;7,17567;272;27
571;1,2;49,6701;16,3027;1,70247;455;343;700;45;455,15;454,716;348,587;275,812;270,092;268,888;65,0771;12,6487;45,2527;7,17567;272;27
572;1,2;49,6933;16,2756;1,66241;456;343;700;45;455,15;454,716;349,607;274,948;270,001;268,555;65,7114;13,2832;45,4107;7,0175;272;27
573;1,2;49,6904;16,3267;1,70187;459;343;700;45;455,295;454,861;349,607;274,948;270,001;268,555;65,7114;13,2832;45,4107;7,0175;272;27
574;1,2;49,9971;16,41;1,68871;459;343;700;45;455,295;454,861;349,607;274,948;270,001;268,555;65,7114;13,2832;45,4107;7,0175;272;27
575;1,2;49,8872;16,0004;1,64483;457;343;700;45;455,295;454,861;349,607;274,948;270,001;268,555;65,7114;13,2832;45,4107;7,0175;272;27
576;1,2;50,1997;16,0831;1,64051;467;343;700;45;455,15;454,861;350,308;276,358;269,872;268,23;68,2639;14,1958;45,5785;8,48963;272;27
577;1,2;49,8322;15,9653;1,40118;473;343;700;45;455,295;455,006;350,308;276,358;269,872;268,23;68,2639;14,1958;45,5785;8,48963;272;27
578;1,2;49,7946;15,9707;1,40683;479;343;700;45;455,15;455,006;350,308;276,358;269,872;268,23;68,2639;14,1958;45,5785;8,48963;272;27
579;1,2;49,9971;15,6787;1,38233;478;343;700;45;455,15;454,861;350,308;276,358;269,872;268,23;68,2639;14,1958;45,5785;8,48963;272;27
580;1,2;49,4878;15,5363;1,40118;478;343;700;45;455,15;455,006;351,363;275,992;269,774;268,048;68,4724;14,8801;45,7547;7,8376;272;27
581;1,2;49,647;15,5169;1,34446;477;343;700;45;455,295;455,006;351,363;275,992;269,774;268,048;68,4724;14,8801;45,7547;7,8376;272;27
582;1,2;49,3866;15,4182;1,32791;480;343;700;45;455,295;455,006;351,363;275,992;269,774;268,048;68,4724;14,8801;45,7547;7,8376;272;27
583;1,2;49,4878;15,1311;1,32791;483;343;700;45;455,44;455,15;351,363;275,992;269,774;268,048;68,4724;14,8801;45,7547;7,8376;272;27
584;1,2;49,6933;15,1766;1,31476;481;343;700;45;455,44;455,15;352,363;277,038;269,694;268,932;68,112;15,436;45,9362;6,73988;272;27
585;1,2;50,1013;15,2487;1,26844;480;343;700;45;455,295;455,15;352,363;277,038;269,694;268,932;68,112;15,436;45,9362;6,73988;272;27
586;1,2;49,9971;15,182;1,00686;480;343;700;45;455,295;455,006;352,363;277,038;269,694;268,932;68,112;15,436;45,9362;6,73988;272;27
587;1,2;49,5399;15,0432;1,01197;476;343;700;45;455,295;455,006;352,363;277,038;269,694;268,932;68,112;15,436;45,9362;6,73988;272;27
588;1,2;49,1811;14,6003;0,995004;473;343;700;45;455,295;455,006;353,62;276,747;269,639;269,098;67,2161;15,8196;46,1251;5,27133;272;27
589;1,2;49,1927;14,5694;0,969701;476;343;700;45;455,295;455,006;353,62;276,747;269,639;269,098;67,2161;15,8196;46,1251;5,27133;272;27
590;1,2;49,456;14,6301;0,957028;474;343;700;45;455,295;455,006;353,62;276,747;269,639;269,098;67,2161;15,8196;46,1251;5,27133;272;27
591;1,2;49,5081;14,5936;0,919206;472;343;700;45;455,295;455,006;353,62;276,747;269,639;269,098;67,2161;15,8196;46,1251;5,27133;272;27
592;1,2;49,6904;14,3447;0,927647;471;343;700;45;455,295;454,861;354,568;275,448;269,61;268,603;65,8359;16,0304;46,3203;3,48518;272;27
593;1,2;49,6904;14,3447;0,932639;471;343;700;45;455,295;454,861;354,568;275,448;269,61;268,603;65,8359;16,0304;46,3203;3,48518;272;27
594;1,2;49,5891;14,2289;0,866513;463;343;700;45;455,15;454,861;354,568;275,448;269,61;268,603;65,8359;16,0304;46,3203;3,48518;272;27
595;1,2;49,4589;14,1569;0,836088;460;343;700;45;455,15;454,716;354,568;275,448;269,61;268,603;65,8359;16,0304;46,3203;3,48518;272;27
596;1,2;49,2853;14,0728;0,807033;453;343;700;45;455,15;454,716;355,353;274,453;269,67;268,955;60,87;15,6099;46,5142;-1,2541;272;27
597;1,2;49,4936;14,0977;0,782971;443;343;700;45;455,15;454,861;355,353;274,453;269,67;268,955;60,87;15,6099;46,5142;-1,2541;272;27
598;1,2;49,5891;13,8402;0,81145;434;343;700;45;455,15;454,861;355,353;274,453;269,67;268,955;60,87;15,6099;46,5142;-1,2541;272;27
599;1,2;49,1175;13,6399;0,758687;424;343;700;45;455,15;455,006;355,353;274,453;269,67;268,955;60,87;15,6099;46,5142;-1,2541;272;27
600;1,2;48,9786;13,4987;0,677747;412;343;700;45;455,15;454,716;355,749;273,755;269,754;269,645;57,8781;15,0208;46,6999;-3,84263;272;27
601;1,2;49,2853;13,4971;0,611975;407;343;700;45;455,15;454,861;355,749;273,755;269,754;269,645;57,8781;15,0208;46,6999;-3,84263;272;27
602;1,2;49,7859;13,669;0,636903;405;343;700;45;455,006;454,716;355,749;273,755;269,754;269,645;57,8781;15,0208;46,6999;-3,84263;272;27
603;1,2;50,0984;13,6673;0,572567;406;343;700;45;454,861;454,572;355,749;273,755;269,754;269,645;57,8781;15,0208;46,6999;-3,84263;272;27
604;1,2;49,9971;13,6222;0,559931;404;343;700;45;455,006;454,572;355,576;273,765;269,786;269,72;58,6657;14,8008;46,8806;-3,0158;272;27
605;1,2;49,9971;13,2303;0,505504;404;343;700;45;455,006;454,716;355,576;273,765;269,786;269,72;58,6657;14,8008;46,8806;-3,0158;272;27
606;1,2;50,2054;13,2328;0,467299;411;343;700;45;455,006;454,716;355,576;273,765;269,786;269,72;58,6657;14,8008;46,8806;-3,0158;272;27
607;1,2;50,0984;13,1171;0,403347;406;343;700;45;455,15;454,716;355,576;273,765;269,786;269,72;58,6657;14,8008;46,8806;-3,0158;272;27
608;1,2;50;13,0913;0,403687;406;343;700;45;455,006;454,572;355,399;275,25;269,861;269,888;56,7626;14,2797;47,0541;-4,57114;272;27
609;1,2;49,9971;13,0382;0,363049;406;343;700;45;455,006;454,572;355,399;275,25;269,861;269,888;56,7626;14,2797;47,0541;-4,57114;272;27
610;1,2;49,7396;12,8493;0,270707;398;343;700;45;455,006;454,716;355,399;275,25;269,861;269,888;56,7626;14,2797;47,0541;-4,57114;272;27
611;1,2;49,5804;12,7736;0,244355;394;343;700;45;455,006;454,572;355,399;275,25;269,861;269,888;56,7626;14,2797;47,0541;-4,57114;272;27
612;1,2;49,4878;12,3619;0,191097;395;343;700;45;455,006;454,572;355,358;276,86;269,884;269,228;58,5592;14,111;47,2249;-2,77663;272;27
613;1,2;49,4878;12,3273;0,16522;394;343;700;45;455,006;454,572;355,358;276,86;269,884;269,228;58,5592;14,111;47,2249;-2,77663;272;27
614;1,2;49,4878;12,2408;0,0998225;402;343;700;45;455,006;454,716;355,358;276,86;269,884;269,228;58,5592;14,111;47,2249;-2,77663;272;27
615;1,2;49,184;12,1142;0,0598917;410;343;700;45;455,006;454,716;355,358;276,86;269,884;269,228;58,5592;14,111;47,2249;-2,77663;272;27
616;1,2;49,5949;12,094;0;418;343;700;45;455,15;454,716;355,259;277,915;269,869;269,55;60,8863;14,215;47,3984;-0,727116;272;27
617;1,2;49,6904;12,0652;0;424;343;700;45;455,006;454,716;355,259;277,915;269,869;269,55;60,8863;14,215;47,3984;-0,727116;272;27
618;1,2;49,6123;11,7268;0;423;343;700;45;455,15;454,716;355,259;277,915;269,869;269,55;60,8863;14,215;47,3984;-0,727116;272;27
619;1,2;49,8958;11,5846;0;425;343;700;45;455,15;454,861;355,259;277,915;269,869;269,55;60,8863;14,215;47,3984;-0,727116;272;27
620;1,2;50,2025;11,6207;0;425;343;700;45;455,295;454,861;355,341;278,53;269,912;270,43;59,1405;13,9178;47,571;-2,34829;272;27
621;1,2;49,8958;11,4974;0;427;343;700;45;455,15;454,861;355,341;278,53;269,912;270,43;59,1405;13,9178;47,571;-2,34829;272;27
622;1,2;49,4965;11,319;0;422;343;700;45;455,006;454,861;355,341;278,53;269,912;270,43;59,1405;13,9178;47,571;-2,34829;272;27
623;1,2;49,7135;10,9616;0;409;343;700;45;455,15;454,861;355,341;278,53;269,912;270,43;59,1405;13,9178;47,571;-2,34829;272;27
624;1,2;50,0781;10,9895;0;399;343;700;45;455,006;454,716;355,193;277,997;270,011;270,4;55,9054;13,224;47,7359;-5,05454;272;27
625;1,2;49,7946;10,8403;0;397;343;700;45;455,006;454,572;355,193;277,997;270,011;270,4;55,9054;13,224;47,7359;-5,05454;272;27
626;1,2;49,7946;10,7185;0;397;343;700;45;455,006;454,716;355,193;277,997;270,011;270,4;55,9054;13,224;47,7359;-5,05454;272;27
627;1,2;49,5168;10,6068;0;391;343;700;45;455,006;454,716;355,193;277,997;270,011;270,4;55,9054;13,224;47,7359;-5,05454;272;27
628;1,2;49,6238;10,5257;0;388;343;700;45;455,006;454,861;354,636;275,837;270,067;270,508;56,2579;12,831;47,8933;-4,46644;272;27
629;1,2;49,1551;9,9723;0;388;343;700;45;455,15;454,716;354,636;275,837;270,067;270,508;56,2579;12,831;47,8933;-4,46644;272;27
630;1,2;49,0654;9,81696;0;389;343;700;45;455,006;454,427;354,636;275,837;270,067;270,508;56,2579;12,831;47,8933;-4,46644;272;27
631;1,2;49,1811;9,80575;0;391;343;700;45;454,716;454,427;354,636;275,837;270,067;270,508;56,2579;12,831;47,8933;-4,46644;272;27
632;1,2;48,9728;9,69576;0;391;343;700;45;454,861;454,282;354,317;275,518;270,065;269,763;59,1188;12,8437;48,0465;-1,77139;272;27
633;1,2;49,3866;9,67416;0;396;343;700;45;454,716;454,282;354,317;275,518;270,065;269,763;59,1188;12,8437;48,0465;-1,77139;272;27
634;1,2;49,8987;9,70473;0;401;343;700;45;454,572;454,138;354,317;275,518;270,065;269,763;59,1188;12,8437;48,0465;-1,77139;272;27
635;1,2;50,0926;9,29732;0;409;343;700;45;454,572;454,282;354,317;275,518;270,065;269,763;59,1188;12,8437;48,0465;-1,77139;272;27
636;1,2;50,0984;9,26339;0;418;343;700;45;454,572;454,138;353,73;277,263;270,02;269,698;62,4273;13,1582;48,2026;1,0666;272;27
637;1,2;49,8958;9,12136;0;424;343;700;45;454,716;454,282;353,73;277,263;270,02;269,698;62,4273;13,1582;48,2026;1,0666;272;27
638;1,2;49,8958;8,99932;0;430;343;700;45;454,716;454,282;353,73;277,263;270,02;269,698;62,4273;13,1582;48,2026;1,0666;272;27
639;1,2;49,7917;8,87614;0;432;343;700;45;454,572;454,282;353,73;277,263;270,02;269,698;62,4273;13,1582;48,2026;1,0666;272;27
640;1,2;49,4907;8,77063;0;430;343;700;45;454,716;454,138;353,434;278,27;270,008;269,878;62,4737;13,2428;48,3636;0,867071;272;27
641;1,2;49,0828;8,29649;0;433;343;700;45;454,716;454,282;353,434;278,27;270,008;269,878;62,4737;13,2428;48,3636;0,867071;272;27
642;1,2;49,3866;8,26158;0;433;343;700;45;454,716;454,282;353,434;278,27;270,008;269,878;62,4737;13,2428;48,3636;0,867071;272;27
643;1,2;49,6933;8,26078;0;433;343;700;45;454,716;454,138;353,434;278,27;270,008;269,878;62,4737;13,2428;48,3636;0,867071;272;27
644;1,2;49,7367;8,09422;0;429;343;700;45;454,716;454,282;353,481;275,96;270,007;269,36;62,2146;13,2503;48,524;0,440205;272;27
645;1,2;49,8958;7,96323;0;428;343;700;45;454,716;454,138;353,481;275,96;270,007;269,36;62,2146;13,2503;48,524;0,440205;272;27
646;1,2;49,6933;7,87882;0;428;343;700;45;454,572;454,282;353,481;275,96;270,007;269,36;62,2146;13,2503;48,524;0,440205;272;27
647;1,2;49,6904;7,47154;0;427;343;700;45;454,572;454,138;353,481;275,96;270,007;269,36;62,2146;13,2503;48,524;0,440205;272;27
648;1,2;49,6904;7,36738;0;427;343;700;45;454,716;453,993;353,627;275,728;269,994;269,103;62,7935;13,3383;48,6856;0,769566;272;27
649;1,2;49,6933;7,29835;0;432;343;700;45;454,427;454,138;353,627;275,728;269,994;269,103;62,7935;13,3383;48,6856;0,769566;272;27
650;1,2;49,7078;7,23101;0;433;343;700;45;454,572;454,138;353,627;275,728;269,994;269,103;62,7935;13,3383;48,6856;0,769566;272;27
651;1,2;49,6586;7,06771;0;433;343;700;45;454,572;454,138;353,627;275,728;269,994;269,103;62,7935;13,3383;48,6856;0,769566;272;27
652;1,2;49,7888;6,99925;0;437;343;700;45;454,716;454,282;353,686;276,223;269,959;269,018;64,2581;13,5868;48,8501;1,82125;272;27
653;1,2;49,566;7,00256;0;440;343;700;45;454,716;454,282;353,686;276,223;269,959;269,018;64,2581;13,5868;48,8501;1,82125;272;27
654;1,2;49,3866;6,83919;0;441;343;700;45;454,716;454,282;353,686;276,223;269,959;269,018;64,2581;13,5868;48,8501;1,82125;272;27
655;1,2;49,2853;6,43888;0;441;343;700;45;454,716;454,282;353,686;276,223;269,959;269,018;64,2581;13,5868;48,8501;1,82125;272;27
656;1,2;49,485;6,39581;0;445;343;700;45;454,572;454,282;353,856;276,18;269,915;269,425;65,5991;13,8967;49,0164;2,68602;272;27
657;1,2;49,7888;6,3307;0;450;343;700;45;454,572;454,138;353,856;276,18;269,915;269,425;65,5991;13,8967;49,0164;2,68602;272;27
658;1,2;50;6,20033;0;452;343;700;45;454,716;454,282;353,856;276,18;269,915;269,425;65,5991;13,8967;49,0164;2,68602;272;27
659;1,2;49,9942;6,16468;0;455;343;700;45;454,716;454,138;353,856;276,18;269,915;269,425;65,5991;13,8967;49,0164;2,68602;272;27
660;1,2;50,1013;6,09035;0;454;343;700;45;454,716;454,282;354,012;276,217;269,913;269,862;64,2135;13,9065;49,183;1,12397;272;27
661;1,2;49,4878;5,92934;0;450;343;700;45;454,572;454,282;354,012;276,217;269,913;269,862;64,2135;13,9065;49,183;1,12397;272;27
662;1,2;49,5891;5,87215;0;447;343;700;45;454,716;454,138;354,012;276,217;269,913;269,862;64,2135;13,9065;49,183;1,12397;272;27
663;1,2;49,7917;5,84396;0;445;343;700;45;454,427;453,993;354,012;276,217;269,913;269,862;64,2135;13,9065;49,183;1,12397;272;27
664;1,2;49,6933;5,71087;0;443;343;700;45;454,427;454,138;354,327;275,733;269,906;269,943;64,2053;13,959;49,3513;0,894996;272;27
665;1,2;49,7975;5,61844;0;441;343;700;45;454,572;453,993;354,327;275,733;269,906;269,943;64,2053;13,959;49,3513;0,894996;272;27
666;1,2;50,0666;5,59633;0;442;343;700;45;454,572;453,993;354,327;275,733;269,906;269,943;64,2053;13,959;49,3513;0,894996;272;27
667;1,2;50,1389;5,56938;0;442;343;700;45;454,572;453,993;354,327;275,733;269,906;269,943;64,2053;13,959;49,3513;0,894996;272;27
668;1,2;49,9132;5,43967;0;442;343;700;45;454,572;453,993;354,607;274,985;269,912;269,75;63,5248;13,9196;49,5216;0,0835408;272;27
669;1,2;49,7946;5,35716;0;442;343;700;45;454,427;454,138;354,607;274,985;269,912;269,75;63,5248;13,9196;49,5216;0,0835408;272;27
670;1,2;49,5891;5,30041;0;438;343;700;45;454,427;454,138;354,607;274,985;269,912;269,75;63,5248;13,9196;49,5216;0,0835408;272;27
671;1,2;49,6123;5,19887;0;439;343;700;45;454,427;453,993;354,607;274,985;269,912;269,75;63,5248;13,9196;49,5216;0,0835408;272;27
672;1,2;49,2853;5,16461;0;437;343;700;45;454,427;453,993;355,393;277,81;270,013;270,798;58,3091;13,2183;49,6887;-4,59788;272;27
673;1,2;49,5862;5,09218;0;428;343;700;45;454,427;453,993;355,393;277,81;270,013;270,798;58,3091;13,2183;49,6887;-4,59788;272;27
674;1,2;49,4878;5,03022;0;412;343;700;45;454,427;453,993;355,393;277,81;270,013;270,798;58,3091;13,2183;49,6887;-4,59788;272;27
675;1,2;49,6933;4,98164;0;394;343;700;45;454,427;453,848;355,393;277,81;270,013;270,798;58,3091;13,2183;49,6887;-4,59788;272;27
676;1,2;49,9971;4,95969;0;377;343;700;45;454,427;453,993;355,829;277,7;270,217;271,27;51,2261;11,7846;49,8412;-10,3998;272;27
677;1,2;50,2025;4,98007;0;364;343;700;45;454,427;453,848;355,829;277,7;270,217;271,27;51,2261;11,7846;49,8412;-10,3998;272;27
678;1,2;50,0666;4,89662;0;355;343;700;45;454,427;453,993;355,829;277,7;270,217;271,27;51,2261;11,7846;49,8412;-10,3998;272;27
679;1,2;49,4878;4,82274;0;352;343;700;45;454,282;453,704;355,829;277,7;270,217;271,27;51,2261;11,7846;49,8412;-10,3998;272;27
680;1,2;49,2853;4,78576;0;351;343;700;45;453,993;453,704;355,866;278,085;270,349;271,225;50,9652;10,86;49,978;-9,87284;272;27
681;1,2;49,2853;4,7341;0;345;343;700;45;454,138;453,704;355,866;278,085;270,349;271,225;50,9652;10,86;49,978;-9,87284;272;27
682;1,2;49,5457;4,68989;0;348;343;700;45;454,138;453,704;355,866;278,085;270,349;271,225;50,9652;10,86;49,978;-9,87284;272;27
683;1,2;49,7946;4,69605;0;350;343;700;45;454,138;453,704;355,866;278,085;270,349;271,225;50,9652;10,86;49,978;-9,87284;272;27
684;1,2;49,592;4,60762;0;358;343;700;45;454,282;453,704;355,239;278,578;270,357;268,928;56,4964;10,7973;50,1079;-4,40879;272;27
685;1,2;49,3692;4,53518;0;364;343;700;45;454,282;453,848;355,239;278,578;270,357;268,928;56,4964;10,7973;50,1079;-4,40879;272;27
686;1,2;49,7772;4,53788;0;376;343;700;45;454,282;453,848;355,239;278,578;270,357;268,928;56,4964;10,7973;50,1079;-4,40879;272;27
687;1,2;49,4878;4,54608;0;390;343;700;45;454,282;453,848;355,239;278,578;270,357;268,928;56,4964;10,7973;50,1079;-4,40879;272;27
688;1,2;49,3866;4,46774;0;407;343;700;45;454,282;453,993;354,414;278,177;270,298;270,23;61,7916;11,2124;50,24;0,339219;272;27
689;1,2;49,2882;4,44162;0;419;343;700;45;454,282;453,848;354,414;278,177;270,298;270,23;61,7916;11,2124;50,24;0,339219;272;27
690;1,2;49,4878;4,45962;0;423;343;700;45;454,427;453,993;354,414;278,177;270,298;270,23;61,7916;11,2124;50,24;0,339219;272;27
691;1,2;49,4618;4,43999;0;424;343;700;45;454,427;453,993;354,414;278,177;270,298;270,23;61,7916;11,2124;50,24;0,339219;272;27
692;1,2;49,2853;4,40693;0;424;343;700;45;454,427;453,993;354,1;278,035;270,297;270,022;61,7319;11,2284;50,3752;0,128205;272;27
693;1,2;49,5602;4,37957;0;425;343;700;45;454,427;453,993;354,1;278,035;270,297;270,022;61,7319;11,2284;50,3752;0,128205;272;27
694;1,2;49,7946;4,38289;0;424;343;700;45;454,282;453,993;354,1;278,035;270,297;270,022;61,7319;11,2284;50,3752;0,128205;272;27
695;1,2;49,6933;4,37397;0;425;343;700;45;454,282;453,704;354,1;278,035;270,297;270,022;61,7319;11,2284;50,3752;0,128205;272;27
696;1,2;49,728;4,37703;0;423;343;700;45;454,282;453,848;354,214;277,45;270,383;270,783;57,4324;10,6358;50,5089;-3,71227;272;27
697;1,2;49,5891;4,39945;0;411;343;700;45;454,282;453,848;354,214;277,45;270,383;270,783;57,4324;10,6358;50,5089;-3,71227;272;27
698;1,2;49,6152;4,38443;0;403;343;700;45;454,427;453,993;354,214;277,45;270,383;270,783;57,4324;10,6358;50,5089;-3,71227;272;27
699;1,2;49,8958;4,35691;0;394;343;700;45;454,427;453,993;354,214;277,45;270,383;270,783;57,4324;10,6358;50,5089;-3,71227;272;27
700;1,2;49,9971;4,38322;0;382;343;700;45;454,427;453,993;354,503;275,25;270,564;271,695;50,5332;9,37371;50,6322;-9,47277;272;27
701;1,2;49,8495;4,37029;0;375;343;700;45;454,427;454,138;354,503;275,25;270,564;271,695;50,5332;9,37371;50,6322;-9,47277;272;27
702;1,2;49,4878;4,39046;0;357;343;700;45;454,427;453,993;354,503;275,25;270,564;271,695;50,5332;9,37371;50,6322;-9,47277;272;27
703;1,2;49,0799;4,30281;0;336;343;700;45;454,427;453,993;354,503;275,25;270,564;271,695;50,5332;9,37371;50,6322;-9,47277;272;27
704;1,2;49,2245;4,64972;0;315;343;700;45;454,427;453,993;354,318;277,345;270,848;272,478;42,119;7,37311;50,7341;-15,9883;272;27
705;1,2;49,3866;4,69953;0;300;343;700;45;454,427;453,993;354,318;277,345;270,848;272,478;42,119;7,37311;50,7341;-15,9883;272;27
706;1,2;49,4878;4,69188;0;288;343;700;45;454,282;453,848;354,318;277,345;270,848;272,478;42,119;7,37311;50,7341;-15,9883;272;27
707;1,2;49,6904;4,71108;0;284;343;700;45;454,282;453,993;354,318;277,345;270,848;272,478;42,119;7,37311;50,7341;-15,9883;272;27
708;1,2;49,9971;4,75763;0;281;343;700;45;454,138;453,848;352,932;276,988;271,031;271,33;42,5342;6,08845;50,8148;-14,369;272;27
709;1,2;49,6904;4,78052;0;281;343;700;45;454,138;453,704;352,932;276,988;271,031;271,33;42,5342;6,08845;50,8148;-14,369;272;27
710;1,2;49,592;4,78838;0;282;343;700;45;454,138;453,704;352,932;276,988;271,031;271,33;42,5342;6,08845;50,8148;-14,369;272;27
711;1,2;49,5891;4,82274;0;292;343;700;45;454,138;453,704;352,932;276,988;271,031;271,33;42,5342;6,08845;50,8148;-14,369;272;27
712;1,2;49,3866;4,83758;0;301;343;700;45;454,138;453,704;351,189;276,02;271,146;271,793;44,7588;5,27661;50,8845;-11,4023;272;27
713;1,2;49,4878;4,8475;0;310;343;700;45;453,993;453,704;351,189;276,02;271,146;271,793;44,7588;5,27661;50,8845;-11,4023;272;27
714;1,2;49,7569;4,87385;0;310;343;700;45;453,993;453,559;351,189;276,02;271,146;271,793;44,7588;5,27661;50,8845;-11,4023;272;27
715;1,2;49,9219;4,92489;0;305;343;700;45;453,993;453,559;351,189;276,02;271,146;271,793;44,7588;5,27661;50,8845;-11,4023;272;27
716;1,2;49,8958;5,24365;0;298;343;700;45;453,993;453,704;349,856;278,375;271,338;269,967;41,9451;3,93498;50,9401;-12,9299;272;27
717;1,2;49,7454;5,27997;0;291;343;700;45;453,993;453,559;349,856;278,375;271,338;269,967;41,9451;3,93498;50,9401;-12,9299;272;27
718;1,2;49,6904;5,3436;0;288;343;700;45;453,993;453,559;349,856;278,375;271,338;269,967;41,9451;3,93498;50,9401;-12,9299;272;27
719;1,2;49,592;5,26369;0;288;343;700;45;453,993;453,559;349,856;278,375;271,338;269,967;41,9451;3,93498;50,9401;-12,9299;272;27
720;1,2;49,5862;5,33239;0;290;343;700;45;453,993;453,704;348,474;280,513;271,493;271,203;41,4856;2,85454;50,9811;-12,3501;272;27
721;1,2;49,6036;5,36892;0;287;343;700;45;453,993;453,559;348,474;280,513;271,493;271,203;41,4856;2,85454;50,9811;-12,3501;272;27
722;1,2;49,9219;5,49057;0;288;343;700;45;453,993;453,704;348,474;280,513;271,493;271,203;41,4856;2,85454;50,9811;-12,3501;272;27
723;1,2;49,4907;5,46046;0;282;343;700;45;454,138;453,704;348,474;280,513;271,493;271,203;41,4856;2,85454;50,9811;-12,3501;272;27
724;1,2;49,3895;5,46654;0;281;343;700;45;454,282;453,704;347,26;279,45;271,649;270,855;40,8521;1,76721;51,0085;-11,9236;272;27
725;1,2;49,5689;5,57298;0;281;343;700;45;454,138;453,704;347,26;279,45;271,649;270,855;40,8521;1,76721;51,0085;-11,9236;272;27
726;1,2;49,4705;5,5792;0;281;343;700;45;454,138;453,704;347,26;279,45;271,649;270,855;40,8521;1,76721;51,0085;-11,9236;272;27
727;1,2;49,3837;5,62119;0;281;343;700;45;454,138;453,704;347,26;279,45;271,649;270,855;40,8521;1,76721;51,0085;-11,9236;272;27
728;1,2;49,2853;5,69608;0;282;343;700;45;454,138;453,559;346,22;279,375;271,694;270,812;45,5864;1,44038;51,0268;-6,88071;272;27
729;1,2;49,3808;5,72436;0,000106361;292;343;700;45;454,138;453,704;346,22;279,375;271,694;270,812;45,5864;1,44038;51,0268;-6,88071;272;27
730;1,2;49,8495;5,7787;0,000106066;306;343;700;45;453,993;453,559;346,22;279,375;271,694;270,812;45,5864;1,44038;51,0268;-6,88071;272;27
731;1,2;49,6904;5,81236;0,039577;317;343;700;45;454,138;453,848;346,22;279,375;271,694;270,812;45,5864;1,44038;51,0268;-6,88071;272;27
732;1,2;49,5891;5,88713;0,346828;328;343;700;45;454,282;453,848;345,435;278,605;271,7;271,712;48,9362;1,40741;51,0448;-3,51603;272;27
733;1,2;49,2882;5,86862;0,358972;336;343;700;45;454,282;453,848;345,435;278,605;271,7;271,712;48,9362;1,40741;51,0448;-3,51603;272;27
734;1,2;49,6615;5,99983;0,426686;337;343;700;45;454,282;453,848;345,435;278,605;271,7;271,712;48,9362;1,40741;51,0448;-3,51603;272;27
735;1,2;49,7946;6,03331;0,439837;336;343;700;45;454,282;453,848;345,435;278,605;271,7;271,712;48,9362;1,40741;51,0448;-3,51603;272;27
736;1,2;49,7946;6,08549;0,477999;330;343;700;45;454,282;453,704;344,952;277,435;271,791;272,4;46,4108;0,772616;51,0583;-5,42172;272;27
737;1,2;49,9971;6,18013;0,529866;329;343;700;45;454,282;453,848;344,952;277,435;271,791;272,4;46,4108;0,772616;51,0583;-5,42172;272;27
738;1,2;49,7946;6,24207;0,59601;324;343;700;45;454,138;453,559;344,952;277,435;271,791;272,4;46,4108;0,772616;51,0583;-5,42172;272;27
739;1,2;49,5949;6,23437;0,610814;317;343;700;45;453,993;453,414;344,952;277,435;271,791;272,4;46,4108;0,772616;51,0583;-5,42172;272;27
740;1,2;49,6904;6,31583;0,906007;312;343;700;45;453,993;453,559;344,281;275,85;271,902;271,91;44,7641;0,0684801;51,063;-6,36742;272;27
741;1,2;49,5891;6,33761;0,937185;305;343;700;45;453,848;453,414;344,281;275,85;271,902;271,91;44,7641;0,0684801;51,063;-6,36742;272;27
742;1,2;49,3866;6,38075;0,99009;301;343;700;45;453,848;453,414;344,281;275,85;271,902;271,91;44,7641;0,0684801;51,063;-6,36742;272;27
743;1,2;49,5862;6,45852;1,03251;308;343;700;45;453,993;453,559;344,281;275,85;271,902;271,91;44,7641;0,0684801;51,063;-6,36742;272;27
744;1,2;49,8958;6,56857;1,08852;310;343;700;45;453,848;453,559;343,511;276,098;272,011;272,533;47,9064;0;51,0631;-3,15668;272;27
745;1,2;49,6933;6,57664;1,11605;320;343;700;45;453,848;453,559;343,511;276,098;272,011;272,533;47,9064;0;51,0631;-3,15668;272;27
746;1,2;49,4878;6,67047;1,44926;323;343;700;45;453,848;453,414;343,511;276,098;272,011;272,533;47,9064;0;51,0631;-3,15668;272;27
747;1,2;49,4878;6,65318;1,43282;328;343;700;45;453,848;453,559;343,511;276,098;272,011;272,533;47,9064;0;51,0631;-3,15668;272;27
748;1,2;49,4878;7,02377;1,47185;332;343;700;45;453,848;453,414;343,134;275,508;272,134;271,955;47,6732;-0,245825;51,0623;-3,14324;272;27
749;1,2;49,4907;7,11062;1,54207;336;343;700;45;453,848;453,414;343,134;275,508;272,134;271,955;47,6732;-0,245825;51,0623;-3,14324;272;27
750;1,2;49,7946;7,20646;1,57762;330;343;700;45;453,848;453,414;343,134;275,508;272,134;271,955;47,6732;-0,245825;51,0623;-3,14324;272;27
751;1,2;49,8958;7,29086;1,62616;324;343;700;45;453,704;453,27;343,134;275,508;272,134;271,955;47,6732;-0,245825;51,0623;-3,14324;272;27
752;1,2;49,838;7,33464;1,9088;324;343;700;45;453,704;453,27;342,66;276,155;272,187;271,488;47,081;-0,600206;51,0568;-3,37564;272;27
753;1,2;49,9074;7,39719;1,94838;325;343;700;45;453,704;453,27;342,66;276,155;272,187;271,488;47,081;-0,600206;51,0568;-3,37564;272;27
754;1,2;49,5891;7,40198;1,99327;324;343;700;45;453,704;453,27;342,66;276,155;272,187;271,488;47,081;-0,600206;51,0568;-3,37564;272;27
755;1,2;49,3866;7,44076;2,05163;324;343;700;45;453,704;453,27;342,66;276,155;272,187;271,488;47,081;-0,600206;51,0568;-3,37564;272;27
756;1,2;49,2853;7,49439;2,09906;319;343;700;45;453,704;453,27;342,431;276,55;272,282;270,985;44,2023;-1,26826;51,0458;-5,57526;272;27
757;1,2;49,3084;7,51514;2,34971;310;343;700;45;453,704;453,27;342,431;276,55;272,282;270,985;44,2023;-1,26826;51,0458;-5,57526;272;27
758;1,2;49,6152;7,61388;2,38286;302;343;700;45;453,704;453,27;342,431;276,55;272,282;270,985;44,2023;-1,26826;51,0458;-5,57526;272;27
759;1,2;49,8958;8,04803;2,43548;301;343;700;45;453,704;453,27;342,431;276,55;272,282;270,985;44,2023;-1,26826;51,0458;-5,57526;272;27
760;1,2;49,8466;8,19684;2,57447;301;343;700;45;453,559;453,27;342,158;278,943;272,33;271,793;45,1712;-1,61179;51,0275;-4,24456;272;27
761;1,2;49,8756;8,21902;2,57392;301;343;700;45;453,559;453,27;342,158;278,943;272,33;271,793;45,1712;-1,61179;51,0275;-4,24456;272;27
762;1,2;49,3866;8,17294;2,60726;305;343;700;45;453,704;453,414;342,158;278,943;272,33;271,793;45,1712;-1,61179;51,0275;-4,24456;272;27
763;1,2;49,4878;8,25886;2,91166;310;343;700;45;453,848;453,414;342,158;278,943;272,33;271,793;45,1712;-1,61179;51,0275;-4,24456;272;27
764;1,2;49,6904;8,36212;2,94888;319;343;700;45;453,704;453,414;341,81;278,573;272,298;270,58;49,1682;-1,38883;51,0089;-0,451844;272;27
765;1,2;49,7975;8,48453;3,03614;323;343;700;45;453,848;453,414;341,81;278,573;272,298;270,58;49,1682;-1,38883;51,0089;-0,451844;272;27
766;1,2;49,8351;8,47351;3,01481;332;343;700;45;453,848;453,414;341,81;278,573;272,298;270,58;49,1682;-1,38883;51,0089;-0,451844;272;27
767;1,2;49,6643;8,86844;3,08564;338;343;700;45;453,704;453,27;341,81;278,573;272,298;270,58;49,1682;-1,38883;51,0089;-0,451844;272;27
768;1,2;49,6904;8,90781;3,3634;345;343;700;45;453,704;453,414;341,853;278,508;272,259;271,525;51,1596;-1,11352;50,9941;1,27903;272;27
769;1,2;49,7627;8,97296;3,41211;353;343;700;45;453,559;453,27;341,853;278,508;272,259;271,525;51,1596;-1,11352;50,9941;1,27903;272;27
770;1,2;49,6933;9,01251;3,44254;354;343;700;45;453,704;453,414;341,853;278,508;272,259;271,525;51,1596;-1,11352;50,9941;1,27903;272;27
771;1,2;49,6933;9,02987;3,44645;351;343;700;45;453,704;453,27;341,853;278,508;272,259;271,525;51,1596;-1,11352;50,9941;1,27903;272;27
772;1,2;49,485;9,07848;3,50277;352;343;700;45;453,704;453,414;342,396;278,053;272,266;271,527;50,1019;-1,16396;50,9803;0,285623;272;27
773;1,2;49,4878;9,16545;3,56835;346;343;700;45;453,704;453,27;342,396;278,053;272,266;271,527;50,1019;-1,16396;50,9803;0,285623;272;27
774;1,2;49,6788;9,60755;3,87573;345;343;700;45;453,559;453,27;342,396;278,053;272,266;271,527;50,1019;-1,16396;50,9803;0,285623;272;27
775;1,2;49,2853;9,60031;3,93818;344;343;700;45;453,704;453,27;342,396;278,053;272,266;271,527;50,1019;-1,16396;50,9803;0,285623;272;27
776;1,2;49,2477;9,64462;3,96755;342;343;700;45;453,704;453,27;342,592;277,7;272,275;272;49,4445;-1,22632;50,9662;-0,295365;272;27
777;1,2;49,2274;9,67505;3,98301;342;343;700;45;453,559;453,125;342,592;277,7;272,275;272;49,4445;-1,22632;50,9662;-0,295365;272;27
778;1,2;49,6007;9,85237;4,06243;343;343;700;45;453,559;453,27;342,592;277,7;272,275;272;49,4445;-1,22632;50,9662;-0,295365;272;27
779;1,2;49,8264;9,93204;4,08767;342;343;700;45;453,559;453,125;342,592;277,7;272,275;272;49,4445;-1,22632;50,9662;-0,295365;272;27
780;1,2;49,5891;10,2387;4,12496;343;343;700;45;453,559;453,125;342,926;277,19;272,272;271,985;49,8359;-1,20338;50,9513;0,0879849;272;27
781;1,2;49,6933;10,3471;4,44529;343;343;700;45;453,559;453,27;342,926;277,19;272,272;271,985;49,8359;-1,20338;50,9513;0,0879849;272;27
782;1,2;49,7917;10,385;4,45743;343;343;700;45;453,559;453,27;342,926;277,19;272,272;271,985;49,8359;-1,20338;50,9513;0,0879849;272;27
783;1,2;49,592;10,3953;4,48479;343;343;700;45;453,559;453,27;342,926;277,19;272,272;271,985;49,8359;-1,20338;50,9513;0,0879849;272;27
784;1,2;49,6904;10,4506;4,50997;342;343;700;45;453,704;453,27;343,215;277,81;272,339;273,462;46,2585;-1,65974;50,9348;-3,01663;272;27
785;1,2;49,4068;10,4946;4,58973;333;343;700;45;453,559;453,27;343,215;277,81;272,339;273,462;46,2585;-1,65974;50,9348;-3,01663;272;27
786;1,2;49,4329;10,8875;4,62967;320;343;700;45;453,414;453,27;343,215;277,81;272,339;273,462;46,2585;-1,65974;50,9348;-3,01663;272;27
787;1,2;49,4878;11,0034;4,93552;314;343;700;45;453,414;453,125;343,215;277,81;272,339;273,462;46,2585;-1,65974;50,9348;-3,01663;272;27
788;1,2;49,4878;11,0207;4,93515;305;343;700;45;453,414;453,125;343,359;277,022;272,402;271,508;45,1589;-2,11036;50,9109;-3,64157;272;27
789;1,2;49,592;11,0612;4,9743;301;343;700;45;453,559;453,125;343,359;277,022;272,402;271,508;45,1589;-2,11036;50,9109;-3,64157;272;27
790;1,2;49,8958;11,1987;5,04217;301;343;700;45;453,559;453,125;343,359;277,022;272,402;271,508;45,1589;-2,11036;50,9109;-3,64157;272;27
791;1,2;49,9971;11,6133;5,07972;310;343;700;45;453,559;453,125;343,359;277,022;272,402;271,508;45,1589;-2,11036;50,9109;-3,64157;272;27
792;1,2;49,5891;11,5878;5,11815;319;343;700;45;453,559;453,27;343,422;277,242;272,378;271,747;48,304;-1,94734;50,886;-0,634611;272;27
793;1,2;49,7946;11,7054;5,19879;324;343;700;45;453,559;453,125;343,422;277,242;272,378;271,747;48,304;-1,94734;50,886;-0,634611;272;27
794;1,2;49,6904;11,7156;5,45206;330;343;700;45;453,559;453,27;343,422;277,242;272,378;271,747;48,304;-1,94734;50,886;-0,634611;272;27
795;1,2;49,9161;11,8561;5,50213;332;343;700;45;453,559;453,27;343,422;277,242;272,378;271,747;48,304;-1,94734;50,886;-0,634611;272;27
796;1,2;50,0926;12,2731;5,55672;332;343;700;45;453,559;453,125;343,464;278,708;272,371;271,693;48,9324;-1,89535;50,8629;-0,0351128;272;27
797;1,2;49,5255;12,1687;5,64328;333;343;700;45;453,559;453,125;343,464;278,708;272,371;271,693;48,9324;-1,89535;50,8629;-0,0351128;272;27
798;1,2;49,6412;12,2145;5,62839;337;343;700;45;453,559;453,125;343,464;278,708;272,371;271,693;48,9324;-1,89535;50,8629;-0,0351128;272;27
799;1,2;49,5862;12,2703;5,66226;336;343;700;45;453,559;453,27;343,464;278,708;272,371;271,693;48,9324;-1,89535;50,8629;-0,0351128;272;27
800;1,2;49,6325;12,6361;5,72006;336;343;700;45;453,704;453,414;343,554;278,08;272,433;272,395;45,7004;-2,32125;50,8385;-2,81683;272;27
801;1,2;49,7888;12,7454;5,77368;328;343;700;45;453,704;453,27;343,554;278,08;272,433;272,395;45,7004;-2,32125;50,8385;-2,81683;272;27
802;1,2;49,7946;12,7991;5,78207;319;343;700;45;453,704;453,27;343,554;278,08;272,433;272,395;45,7004;-2,32125;50,8385;-2,81683;272;27
803;1,2;49,592;12,7817;5,82084;306;343;700;45;453,704;453,414;343,554;278,08;272,433;272,395;45,7004;-2,32125;50,8385;-2,81683;272;27
804;1,2;49,3837;12,797;6,10774;301;343;700;45;453,559;453,27;343,585;277,145;272,534;272,712;42,422;-3,03009;50,8055;-5,35342;272;27
805;1,2;49,5891;12,9369;6,18433;301;343;700;45;453,704;453,27;343,585;277,145;272,534;272,712;42,422;-3,03009;50,8055;-5,35342;272;27
806;1,2;49,2882;13,1758;6,21713;292;343;700;45;453,559;453,125;343,585;277,145;272,534;272,712;42,422;-3,03009;50,8055;-5,35342;272;27
807;1,2;49,2216;13,2268;6,25515;288;343;700;45;453,559;453,27;343,585;277,145;272,534;272,712;42,422;-3,03009;50,8055;-5,35342;272;27
808;1,2;49,4126;13,2781;6,28727;288;343;700;45;453,559;452,98;343,322;278,953;272,567;272,065;43,9777;-3,26941;50,7663;-3,51916;272;27
809;1,2;49,3808;13,3903;6,38058;292;343;700;45;453,559;453,125;343,322;278,953;272,567;272,065;43,9777;-3,26941;50,7663;-3,51916;272;27
810;1,2;49,4907;13,4547;6,38999;297;343;700;45;453,414;453,125;343,322;278,953;272,567;272,065;43,9777;-3,26941;50,7663;-3,51916;272;27
811;1,2;49,592;13,7843;6,37921;302;343;700;45;453,414;453,125;343,322;278,953;272,567;272,065;43,9777;-3,26941;50,7663;-3,51916;272;27
812;1,2;49,8958;13,9734;6,45563;311;343;700;45;453,559;452,98;342,824;278,155;272,521;271,342;48,2844;-2,94847;50,7281;0,504782;272;27
813;1,2;49,6615;13,9251;6,43423;316;343;700;45;453,559;453,125;342,824;278,155;272,521;271,342;48,2844;-2,94847;50,7281;0,504782;272;27
814;1,2;49,7946;14,0146;6,46672;324;343;700;45;453,559;453,27;342,824;278,155;272,521;271,342;48,2844;-2,94847;50,7281;0,504782;272;27
815;1,2;50,2025;14,1645;6,48252;333;343;700;45;453,559;453,27;342,824;278,155;272,521;271,342;48,2844;-2,94847;50,7281;0,504782;272;27
816;1,2;50,0984;14,5453;6,52993;345;343;700;45;453,704;453,27;342,346;279,763;272,415;270,793;53,1485;-2,21161;50,6972;4,66291;272;27
817;1,2;49,6904;14,4615;6,53835;358;343;700;45;453,704;453,27;342,346;279,763;272,415;270,793;53,1485;-2,21161;50,6972;4,66291;272;27
818;1,2;49,4676;14,4486;6,59585;360;343;700;45;453,704;453,27;342,346;279,763;272,415;270,793;53,1485;-2,21161;50,6972;4,66291;272;27
819;1,2;49,2824;14,36;6,79187;367;343;700;45;453,704;453,27;342,346;279,763;272,415;270,793;53,1485;-2,21161;50,6972;4,66291;272;27
820;1,2;48,9786;14,4255;6,66882;374;343;700;45;453,704;453,27;342,206;279,173;272,316;270,268;55,3083;-1,52432;50,6746;6,15797;272;27
821;1,2;49,3084;14,5571;6,97353;376;343;700;45;453,559;453,125;342,206;279,173;272,316;270,268;55,3083;-1,52432;50,6746;6,15797;272;27
822;1,2;49,3692;14,5406;6,92856;382;343;700;45;453,704;453,125;342,206;279,173;272,316;270,268;55,3083;-1,52432;50,6746;6,15797;272;27
823;1,2;49,1811;14,8363;6,95472;381;343;700;45;453,559;453,125;342,206;279,173;272,316;270,268;55,3083;-1,52432;50,6746;6,15797;272;27
824;1,2;49,3866;15,0018;7,07124;388;343;700;45;453,559;453,125;342,988;277,858;272,222;270,992;56,4117;-0,85892;50,6602;6,61057;272;27
825;1,2;49,2824;14,9874;7,06535;389;343;700;45;453,559;453,125;342,988;277,858;272,222;270,992;56,4117;-0,85892;50,6602;6,61057;272;27
826;1,2;48,9786;14,9121;7,07792;389;343;700;45;453,559;453,125;342,988;277,858;272,222;270,992;56,4117;-0,85892;50,6602;6,61057;272;27
827;1,2;49,1088;15,0032;7,11781;391;343;700;45;453,559;452,98;342,988;277,858;272,222;270,992;56,4117;-0,85892;50,6602;6,61057;272;27
828;1,2;48,8773;15,0008;7,13878;391;343;700;45;453,559;453,125;343,873;276,513;272,143;270,935;56,5377;-0,303195;50,6531;6,18773;272;27
829;1,2;49,1696;15,0561;7,12422;389;343;700;45;453,414;452,98;343,873;276,513;272,143;270,935;56,5377;-0,303195;50,6531;6,18773;272;27
830;1,2;49,0799;15,4133;7,21594;389;343;700;45;453,414;453,27;343,873;276,513;272,143;270,935;56,5377;-0,303195;50,6531;6,18773;272;27
831;1,2;49,6933;15,6233;7,24854;391;343;700;45;453,559;453,125;343,873;276,513;272,143;270,935;56,5377;-0,303195;50,6531;6,18773;272;27
832;1,2;50,0174;15,7427;7,20272;391;343;700;45;453,559;453,125;344,703;277,068;272,071;271;55,0009;-0,00236481;50,6518;4,35145;272;27
833;1,2;49,6933;15,7101;7,25279;389;343;700;45;453,559;453,125;344,703;277,068;272,071;271;55,0009;-0,00236481;50,6518;4,35145;272;27
834;1,2;49,9971;15,876;7,26783;382;343;700;45;453,559;453,125;344,703;277,068;272,071;271;55,0009;-0,00236481;50,6518;4,35145;272;27
835;1,2;49,8958;15,8962;7,58829;381;343;700;45;453,414;453,125;344,703;277,068;272,071;271;55,0009;-0,00236481;50,6518;4,35145;272;27
836;1,2;49,8958;16,2001;7,61619;374;343;700;45;453,414;452,98;345,484;276,47;271,998;270,548;52,6343;0;50,6518;1,98248;272;27
837;1,2;49,7483;16,1348;7,60304;367;343;700;45;453,414;452,836;345,484;276,47;271,998;270,548;52,6343;0;50,6518;1,98248;272;27
838;1,2;49,5891;16,1525;7,67624;364;343;700;45;453,414;452,98;345,484;276,47;271,998;270,548;52,6343;0;50,6518;1,98248;272;27
839;1,2;49,6904;16,2376;7,71582;363;343;700;45;453,414;452,98;345,484;276,47;271,998;270,548;52,6343;0;50,6518;1,98248;272;27
840;1,2;49,4878;16,1368;7,64816;361;343;700;45;453,414;452,98;345,922;278,013;271,933;270,645;51,5489;0;50,6518;0,897088;272;27
841;1,2;49,3692;16,4678;7,64843;358;343;700;45;453,414;452,98;345,922;278,013;271,933;270,645;51,5489;0;50,6518;0,897088;272;27
842;1,2;49,5891;16,5411;7,68101;360;343;700;45;453,414;452,98;345,922;278,013;271,933;270,645;51,5489;0;50,6518;0,897088;272;27
843;1,2;49,4878;16,5765;8,0033;354;343;700;45;453,27;452,836;345,922;278,013;271,933;270,645;51,5489;0;50,6518;0,897088;272;27
844;1,2;49,4878;16,5419;7,977;356;343;700;45;453,27;452,836;346,113;278,478;271,865;270,062;52,8846;0,239503;50,6528;1,99232;272;27
845;1,2;49,3866;16,5943;8,06439;355;343;700;45;453,27;452,836;346,113;278,478;271,865;270,062;52,8846;0,239503;50,6528;1,99232;272;27
846;1,2;49,184;16,8087;8,05958;359;343;700;45;453,27;452,836;346,113;278,478;271,865;270,062;52,8846;0,239503;50,6528;1,99232;272;27
847;1,2;49,3605;16,9207;8,05592;366;343;700;45;453,27;452,836;346,113;278,478;271,865;270,062;52,8846;0,239503;50,6528;1,99232;272;27
848;1,2;49,2969;16,9334;8,0816;371;343;700;45;453,414;452,98;346,321;276,155;271,796;269,52;55,1748;0,729266;50,6587;3,78682;272;27
849;1,2;49,2853;16,9638;8,10977;376;343;700;45;453,414;452,98;346,321;276,155;271,796;269,52;55,1748;0,729266;50,6587;3,78682;272;27
850;1,2;49,184;16,9633;8,11544;375;343;700;45;453,414;453,125;346,321;276,155;271,796;269,52;55,1748;0,729266;50,6587;3,78682;272;27
851;1,2;48,9757;17,1556;8,30448;380;343;700;45;453,414;452,98;346,321;276,155;271,796;269,52;55,1748;0,729266;50,6587;3,78682;272;27
852;1,2;49,1811;17,2275;8,29294;382;343;700;45;453,414;452,98;346,672;277,22;271,706;270,318;57,5125;1,356;50,6711;5,4854;272;27
853;1,2;49,4705;17,3807;8,37726;389;343;700;45;453,414;452,98;346,672;277,22;271,706;270,318;57,5125;1,356;50,6711;5,4854;272;27
854;1,2;49,1811;17,3306;8,43937;396;343;700;45;453,414;453,125;346,672;277,22;271,706;270,318;57,5125;1,356;50,6711;5,4854;272;27
855;1,2;49,3258;17,3816;8,43937;399;343;700;45;453,414;452,98;346,672;277,22;271,706;270,318;57,5125;1,356;50,6711;5,4854;272;27
856;1,2;49,5804;17,7906;8,37144;402;343;700;45;453,414;452,98;346,927;277,25;271,624;270,905;58,389;1,93453;50,6913;5,76316;272;27
857;1,2;49,5544;17,7639;8,40033;405;343;700;45;453,414;452,98;346,927;277,25;271,624;270,905;58,389;1,93453;50,6913;5,76316;272;27
858;1,2;49,3866;17,7383;8,42988;404;343;700;45;453,414;452,98;346,927;277,25;271,624;270,905;58,389;1,93453;50,6913;5,76316;272;27
859;1,2;49,4878;17,7574;8,37144;404;343;700;45;453,414;452,98;346,927;277,25;271,624;270,905;58,389;1,93453;50,6913;5,76316;272;27
860;1,2;49,7541;17,8181;8,5625;402;343;700;45;453,414;453,125;347,122;276,283;271,607;270,747;55,8848;2,05535;50,7156;3,11202;272;27
861;1,2;49,3982;17,7425;8,60166;399;343;700;45;453,414;452,98;347,122;276,283;271,607;270,747;55,8848;2,05535;50,7156;3,11202;272;27
862;1,2;49,3866;18,0391;8,6159;392;343;700;45;453,414;453,125;347,122;276,283;271,607;270,747;55,8848;2,05535;50,7156;3,11202;272;27
863;1,2;49,7193;18,1954;8,68546;382;343;700;45;453,414;453,125;347,122;276,283;271,607;270,747;55,8848;2,05535;50,7156;3,11202;272;27
864;1,2;49,9971;18,2971;8,68546;376;343;700;45;453,559;453,125;347,405;275,997;271,63;270,962;53,1229;1,89187;50,7395;0,491525;272;27
865;1,2;50,3009;18,3907;8,67231;374;343;700;45;453,414;453,125;347,405;275,997;271,63;270,962;53,1229;1,89187;50,7395;0,491525;272;27
866;1,2;50,1997;18,3712;8,6621;364;343;700;45;453,559;453,125;347,405;275,997;271,63;270,962;53,1229;1,89187;50,7395;0,491525;272;27
867;1,2;49,9971;18,2971;8,8627;366;343;700;45;453,414;453,125;347,405;275,997;271,63;270,962;53,1229;1,89187;50,7395;0,491525;272;27
868;1,2;49,6904;18,4875;8,89076;365;343;700;45;453,559;453,125;347,578;276,828;271,634;271,03;52,7219;1,86476;50,7624;0,0946622;272;27
869;1,2;49,8814;18,5585;8,86678;365;343;700;45;453,559;453,27;347,578;276,828;271,634;271,03;52,7219;1,86476;50,7624;0,0946622;272;27
870;1,2;49,9971;18,6016;8,86678;365;343;700;45;453,414;452,98;347,578;276,828;271,634;271,03;52,7219;1,86476;50,7624;0,0946622;272;27
871;1,2;49,8235;18,537;8,91475;366;343;700;45;453,414;453,125;347,578;276,828;271,634;271,03;52,7219;1,86476;50,7624;0,0946622;272;27
872;1,2;49,5891;18,4844;8,917;364;343;700;45;453,414;452,98;347,681;276,388;271,644;271,395;52,1064;1,79295;50,7848;-0,471306;272;27
873;1,2;49,7946;18,5262;9,15717;362;343;700;45;453,559;453,27;347,681;276,388;271,644;271,395;52,1064;1,79295;50,7848;-0,471306;272;27
874;1,2;49,6007;18,7735;9,13183;361;343;700;45;453,559;453,125;347,681;276,388;271,644;271,395;52,1064;1,79295;50,7848;-0,471306;272;27
875;1,2;49,4734;18,7253;9,1079;361;343;700;45;453,559;453,125;347,681;276,388;271,644;271,395;52,1064;1,79295;50,7848;-0,471306;272;27
876;1,2;49,7946;18,8295;9,16862;358;343;700;45;453,414;452,98;347,832;278,342;271,67;271,44;51,1638;1,61366;50,8051;-1,25534;272;27
877;1,2;49,7946;18,8121;9,10559;352;343;700;45;453,559;453,125;347,832;278,342;271,67;271,44;51,1638;1,61366;50,8051;-1,25534;272;27
878;1,2;49,7946;18,8295;9,38646;354;343;700;45;453,414;453,125;347,832;278,342;271,67;271,44;51,1638;1,61366;50,8051;-1,25534;272;27
879;1,2;49,5862;18,6987;9,34698;351;343;700;45;453,559;453,125;347,832;278,342;271,67;271,44;51,1638;1,61366;50,8051;-1,25534;272;27
880;1,2;49,2101;18,891;9,38532;351;343;700;45;453,704;453,27;347,73;278,733;271,664;269,94;52,2816;1,65013;50,8246;-0,193127;272;27
881;1,2;49,2853;18,9371;9,41147;355;343;700;45;453,704;453,27;347,73;278,733;271,664;269,94;52,2816;1,65013;50,8246;-0,193127;272;27
882;1,2;49,0799;18,8067;9,35894;360;343;700;45;453,559;453,27;347,73;278,733;271,664;269,94;52,2816;1,65013;50,8246;-0,193127;272;27
883;1,2;48,8079;18,6684;9,30753;361;343;700;45;453,559;453,27;347,73;278,733;271,664;269,94;52,2816;1,65013;50,8246;-0,193127;272;27
884;1,2;49,184;18,8123;9,57199;365;343;700;45;453,559;453,27;347,51;277,795;271,611;269,688;55,0324;2,02161;50,847;2,16383;272;27
885;1,2;49,4705;18,9391;9,61457;375;343;700;45;453,559;453,125;347,51;277,795;271,611;269,688;55,0324;2,02161;50,847;2,16383;272;27
886;1,2;49,6933;19,0418;9,61086;377;343;700;45;453,559;453,125;347,51;277,795;271,611;269,688;55,0324;2,02161;50,847;2,16383;272;27
887;1,2;49,5891;19,2346;9,5361;384;343;700;45;453,559;453,125;347,51;277,795;271,611;269,688;55,0324;2,02161;50,847;2,16383;272;27
888;1,2;49,5891;19,2519;9,57564;384;343;700;45;453,559;453,27;347,262;277,585;271,542;269,81;57,2111;2,50098;50,8743;3,83586;272;27
889;1,2;49,8958;19,3012;9,77544;389;343;700;45;453,559;453,125;347,262;277,585;271,542;269,81;57,2111;2,50098;50,8743;3,83586;272;27
890;1,2;49,8987;19,2849;9,70033;394;343;700;45;453,704;453,125;347,262;277,585;271,542;269,81;57,2111;2,50098;50,8743;3,83586;272;27
891;1,2;50,0637;19,3487;9,67348;396;343;700;45;453,704;453,125;347,262;277,585;271,542;269,81;57,2111;2,50098;50,8743;3,83586;272;27
892;1,2;49,7946;19,262;9,71348;397;343;700;45;453,414;453,125;347,348;276,155;271,521;270,885;55,9635;2,6559;50,9058;2,40175;272;27
893;1,2;49,5949;19,1848;9,73961;397;343;700;45;453,414;452,98;347,348;276,155;271,521;270,885;55,9635;2,6559;50,9058;2,40175;272;27
894;1,2;49,5891;19,1133;9,68686;395;343;700;45;453,559;453,125;347,348;276,155;271,521;270,885;55,9635;2,6559;50,9058;2,40175;272;27
895;1,2;49,5891;19,3806;9,6214;389;343;700;45;453,559;453,125;347,348;276,155;271,521;270,885;55,9635;2,6559;50,9058;2,40175;272;27
896;1,2;49,6904;19,3508;9,82707;380;343;700;45;453,559;453,125;347,815;274,788;271,531;270,833;54,2933;2,58295;50,937;0,773354;272;27
897;1,2;49,5891;19,3287;9,82438;380;343;700;45;453,559;453,27;347,815;274,788;271,531;270,833;54,2933;2,58295;50,937;0,773354;272;27
898;1,2;50;19,4714;9,75769;374;343;700;45;453,559;453,125;347,815;274,788;271,531;270,833;54,2933;2,58295;50,937;0,773354;272;27
899;1,2;49,9971;19,4702;9,78484;375;343;700;45;453,559;453,125;347,815;274,788;271,531;270,833;54,2933;2,58295;50,937;0,773354;272;27
900;1,2;49,7946;19,3566;10,0543;375;343;700;45;453,559;453,27;348,123;275,885;271,489;270,76;55,9317;2,87224;50,9701;2,08932;272;27
901;1,2;49,6904;19,2814;10,0011;380;343;700;45;453,704;453,27;348,123;275,885;271,489;270,76;55,9317;2,87224;50,9701;2,08932;272;27
902;1,2;49,6528;19,2668;9,99568;388;343;700;45;453,704;453,27;348,123;275,885;271,489;270,76;55,9317;2,87224;50,9701;2,08932;272;27
903;1,2;49,2303;19,3339;9,93299;389;343;700;45;453,704;453,27;348,123;275,885;271,489;270,76;55,9317;2,87224;50,9701;2,08932;272;27
904;1,2;48,8773;19,2123;9,94996;389;343;700;45;453,559;453,125;348,545;275,307;271,5;270,312;54,1453;2,80061;51,005;0,339698;272;27
905;1,2;49,4878;19,4696;10,2315;384;343;700;45;453,559;453,125;348,545;275,307;271,5;270,312;54,1453;2,80061;51,005;0,339698;272;27
906;1,2;49,9826;19,5595;10,1516;380;343;700;45;453,414;452,98;348,545;275,307;271,5;270,312;54,1453;2,80061;51,005;0,339698;272;27
907;1,2;49,8958;19,5081;10,1119;375;343;700;45;453,414;452,98;348,545;275,307;271,5;270,312;54,1453;2,80061;51,005;0,339698;272;27
908;1,2;49,9971;19,4952;10,0454;375;343;700;45;453,27;452,98;348,928;276,905;271,499;269,717;54,2373;2,80785;51,0389;0,39051;272;27
909;1,2;49,8958;19,4209;10,204;369;343;700;45;453,27;452,836;348,928;276,905;271,499;269,717;54,2373;2,80785;51,0389;0,39051;272;27
910;1,2;49,6672;19,6691;10,2178;369;343;700;45;453,27;452,836;348,928;276,905;271,499;269,717;54,2373;2,80785;51,0389;0,39051;272;27
911;1,2;49,4358;19,5084;10,2492;374;343;700;45;453,125;452,691;348,928;276,905;271,499;269,717;54,2373;2,80785;51,0389;0,39051;272;27
912;1,2;49,4878;19,4598;10,2224;375;343;700;45;453,125;452,691;349,173;278,548;271,46;271,008;55,871;3,07894;51,0745;1,71756;272;27
913;1,2;49,6933;19,5232;10,156;383;343;700;45;452,98;452,691;349,173;278,548;271,46;271,008;55,871;3,07894;51,0745;1,71756;272;27
914;1,2;49,7598;19,5493;10,3689;384;343;700;45;452,98;452,546;349,173;278,548;271,46;271,008;55,871;3,07894;51,0745;1,71756;272;27
915;1,2;49,7425;19,4556;10,3019;384;343;700;45;452,98;452,546;349,173;278,548;271,46;271,008;55,871;3,07894;51,0745;1,71756;272;27
916;1,2;49,4907;19,6586;10,3437;384;343;700;45;452,98;452,546;349,506;277,963;271,44;271,78;55,9613;3,21246;51,1121;1,63833;272;27
917;1,2;49,2853;19,4564;10,2824;384;343;700;45;452,836;452,546;349,506;277,963;271,44;271,78;55,9613;3,21246;51,1121;1,63833;272;27
918;1,2;49,7975;19,6586;10,3234;384;343;700;45;452,836;452,257;349,506;277,963;271,44;271,78;55,9613;3,21246;51,1121;1,63833;272;27
919;1,2;49,8409;19,6584;10,5405;387;343;700;45;452,836;452,402;349,506;277,963;271,44;271,78;55,9613;3,21246;51,1121;1,63833;272;27
920;1,2;50;19,7036;10,4991;389;343;700;45;452,836;452,402;349,594;276,055;271,394;270,863;57,2968;3,53424;51,1531;2,60946;272;27
921;1,2;49,4618;19,4224;10,436;390;343;700;45;452,691;452,257;349,594;276,055;271,394;270,863;57,2968;3,53424;51,1531;2,60946;272;27
922;1,2;49,4878;19,4154;10,4332;394;343;700;45;452,691;452,402;349,594;276,055;271,394;270,863;57,2968;3,53424;51,1531;2,60946;272;27
923;1,2;49,8119;19,7937;10,4083;397;343;700;45;452,691;452,402;349,594;276,055;271,394;270,863;57,2968;3,53424;51,1531;2,60946;272;27
924;1,2;49,9971;19,7974;10,5951;398;343;700;45;452,691;452,257;349,704;277,775;271,366;270,048;57,2696;3,73582;51,1976;2,33616;272;27
925;1,2;49,7946;19,6824;10,5727;398;343;700;45;452,691;452,112;349,704;277,775;271,366;270,048;57,2696;3,73582;51,1976;2,33616;272;27
926;1,2;49,7917;19,629;10,5048;396;343;700;45;452,546;452,257;349,704;277,775;271,366;270,048;57,2696;3,73582;51,1976;2,33616;272;27
927;1,2;50;19,6238;10,4669;397;343;700;45;452,546;452,257;349,704;277,775;271,366;270,048;57,2696;3,73582;51,1976;2,33616;272;27
928;1,2;50,1389;20,0188;10,4521;398;343;700;45;452,691;452,257;350,039;277,348;271,335;269,682;57,5346;3,95093;51,2444;2,33931;272;27
929;1,2;49,9797;19,833;10,3383;398;343;700;45;452,691;452,402;350,039;277,348;271,335;269,682;57,5346;3,95093;51,2444;2,33931;272;27
930;1,2;49,6788;19,7136;10,5744;398;343;700;45;452,691;452,402;350,039;277,348;271,335;269,682;57,5346;3,95093;51,2444;2,33931;272;27
931;1,2;49,7801;19,7364;10,5816;399;343;700;45;452,836;452,402;350,039;277,348;271,335;269,682;57,5346;3,95093;51,2444;2,33931;272;27
932;1,2;49,6904;19,6661;10,535;399;343;700;45;452,836;452,546;350,35;275,962;271,287;270,513;58,638;4,29199;51,2945;3,0515;272;27
933;1,2;49,8003;19,64;10,4831;403;343;700;45;452,836;452,546;350,35;275,962;271,287;270,513;58,638;4,29199;51,2945;3,0515;272;27
934;1,2;49,6036;19,7952;10,4654;403;343;700;45;452,98;452,546;350,35;275,962;271,287;270,513;58,638;4,29199;51,2945;3,0515;272;27
935;1,2;49,6846;19,7755;10,4888;403;343;700;45;453,125;452,546;350,35;275,962;271,287;270,513;58,638;4,29199;51,2945;3,0515;272;27
936;1,2;49,7135;19,787;10,7053;402;343;700;45;452,98;452,546;350,777;277,605;271,275;271,46;57,5114;4,37316;51,3467;1,79163;272;27
937;1,2;49,8958;19,8246;10,5924;402;343;700;45;452,98;452,546;350,777;277,605;271,275;271,46;57,5114;4,37316;51,3467;1,79163;272;27
938;1,2;49,7946;19,68;10,5426;402;343;700;45;452,836;452,257;350,777;277,605;271,275;271,46;57,5114;4,37316;51,3467;1,79163;272;27
939;1,2;49,4878;19,8775;10,5426;402;343;700;45;452,691;452,257;350,777;277,605;271,275;271,46;57,5114;4,37316;51,3467;1,79163;272;27
940;1,2;49,5891;19,8489;10,5027;403;343;700;45;452,546;452,112;351,318;276,3;271,255;270,49;57,5533;4,51011;51,4001;1,64314;272;27
941;1,2;49,8958;19,8671;10,4387;403;343;700;45;452,402;452,112;351,318;276,3;271,255;270,49;57,5533;4,51011;51,4001;1,64314;272;27
942;1,2;50,2083;20,009;10,4239;402;343;700;45;452,402;451,968;351,318;276,3;271,255;270,49;57,5533;4,51011;51,4001;1,64314;272;27
943;1,2;49,9971;19,8724;10,3843;401;343;700;45;452,257;451,823;351,318;276,3;271,255;270,49;57,5533;4,51011;51,4001;1,64314;272;27
944;1,2;49,6672;20,0265;10,5718;401;343;700;45;452,257;451,823;351,841;276,967;271,228;270,768;58,0192;4,69982;51,4566;1,86272;272;27
945;1,2;49,4878;19,8504;10,4937;403;343;700;45;452,112;451,678;351,841;276,967;271,228;270,768;58,0192;4,69982;51,4566;1,86272;272;27
946;1,2;49,5891;19,839;10,5097;403;343;700;45;451,968;451,678;351,841;276,967;271,228;270,768;58,0192;4,69982;51,4566;1,86272;272;27
947;1,2;49,4907;19,7478;10,4708;401;343;700;45;451,968;451,534;351,841;276,967;271,228;270,768;58,0192;4,69982;51,4566;1,86272;272;27
948;1,2;49,3866;19,9898;10,4723;402;343;700;45;451,968;451,389;351,8;276,128;271,231;270,138;56,7696;4,68578;51,5132;0,570602;272;27
949;1,2;49,7078;20,0503;10,4193;403;343;700;45;451,823;451,389;351,8;276,128;271,231;270,138;56,7696;4,68578;51,5132;0,570602;272;27
950;1,2;49,6904;19,9565;10,3254;402;343;700;45;451,823;451,389;351,8;276,128;271,231;270,138;56,7696;4,68578;51,5132;0,570602;272;27
951;1,2;49,8958;20,0216;10,2293;395;343;700;45;451,823;451,534;351,8;276,128;271,231;270,138;56,7696;4,68578;51,5132;0,570602;272;27
952;1,2;49,9971;20,0098;10,2175;385;343;700;45;451,968;451,534;351,744;278,11;271,315;270,323;52,3479;4,10024;51,5673;-3,31966;272;27
953;1,2;50,1997;20,344;10,2196;378;343;700;45;451,823;451,389;351,744;278,11;271,315;270,323;52,3479;4,10024;51,5673;-3,31966;272;27
954;1,2;50,0984;20,303;10,4913;368;343;700;45;451,968;451,389;351,744;278,11;271,315;270,323;52,3479;4,10024;51,5673;-3,31966;272;27
955;1,2;49,9306;20,1477;10,3416;360;343;700;45;451,823;451,534;351,744;278,11;271,315;270,323;52,3479;4,10024;51,5673;-3,31966;272;27
956;1,2;50,0984;20,1804;10,2867;352;343;700;45;451,968;451,678;351,787;279,428;271,366;271,092;51,9634;3,73979;51,6146;-3,39099;272;27
957;1,2;50,2025;20,4931;10,2418;353;343;700;45;452,112;451,678;351,787;279,428;271,366;271,092;51,9634;3,73979;51,6146;-3,39099;272;27
958;1,2;50,2025;20,3878;10,1412;354;343;700;45;452,257;451,823;351,787;279,428;271,366;271,092;51,9634;3,73979;51,6146;-3,39099;272;27
959;1,2;49,9971;20,2345;10,1099;358;343;700;45;452,402;451,968;351,787;279,428;271,366;271,092;51,9634;3,73979;51,6146;-3,39099;272;27
960;1,2;49,9508;20,1809;10,0822;362;343;700;45;452,546;452,257;351,327;279,613;271,385;271,473;52,9451;3,60546;51,6591;-2,31949;272;27
961;1,2;49,8872;20,4067;10,0104;362;343;700;45;452,546;452,257;351,327;279,613;271,385;271,473;52,9451;3,60546;51,6591;-2,31949;272;27
962;1,2;49,7946;20,2992;9,95809;362;343;700;45;452,836;452,546;351,327;279,613;271,385;271,473;52,9451;3,60546;51,6591;-2,31949;272;27
963;1,2;49,8929;20,3045;9,98643;361;343;700;45;452,836;452,546;351,327;279,613;271,385;271,473;52,9451;3,60546;51,6591;-2,31949;272;27
964;1,2;50;20,2957;9,89192;363;343;700;45;452,836;452,402;351,183;279,025;271,39;271,458;54,0306;3,57035;51,7018;-1,24152;272;27
965;1,2;49,7946;20,1601;9,88009;369;343;700;45;452,836;452,402;351,183;279,025;271,39;271,458;54,0306;3,57035;51,7018;-1,24152;272;27
966;1,2;49,7917;20,4274;9,92191;371;343;700;45;452,98;452,691;351,183;279,025;271,39;271,458;54,0306;3,57035;51,7018;-1,24152;272;27
967;1,2;49,7888;20,3566;9,92032;375;343;700;45;452,98;452,546;351,183;279,025;271,39;271,458;54,0306;3,57035;51,7018;-1,24152;272;27
968;1,2;49,5891;20,223;9,85488;375;343;700;45;452,98;452,546;350,892;278,92;271,422;271,235;53,1066;3,34772;51,7447;-1,98585;272;27
969;1,2;49,4907;20,0964;9,73709;375;343;700;45;452,98;452,546;350,892;278,92;271,422;271,235;53,1066;3,34772;51,7447;-1,98585;272;27
970;1,2;49,6412;20,1228;9,73528;370;343;700;45;452,98;452,546;350,892;278,92;271,422;271,235;53,1066;3,34772;51,7447;-1,98585;272;27
971;1,2;49,4878;20,0088;9,61851;367;343;700;45;452,691;452,257;350,892;278,92;271,422;271,235;53,1066;3,34772;51,7447;-1,98585;272;27
972;1,2;49,8032;20,4048;9,57842;366;343;700;45;452,691;452,112;350,6;276,833;271,479;270,588;51,4678;2,95173;51,7829;-3,26682;272;27
973;1,2;49,9971;20,4144;9,54944;363;343;700;45;452,546;452,112;350,6;276,833;271,479;270,588;51,4678;2,95173;51,7829;-3,26682;272;27
974;1,2;50,0984;20,3682;9,48663;362;343;700;45;452,546;451,968;350,6;276,833;271,479;270,588;51,4678;2,95173;51,7829;-3,26682;272;27
975;1,2;49,7946;20,2273;9,44726;353;343;700;45;452,402;451,823;350,6;276,833;271,479;270,588;51,4678;2,95173;51,7829;-3,26682;272;27
976;1,2;49,9942;20,3084;9,47348;353;343;700;45;452,402;451,968;350,512;277,425;271,528;270,495;51,0227;2,60949;51,8158;-3,40258;272;27
977;1,2;49,9942;20,1861;9,40664;353;343;700;45;452,402;452,112;350,512;277,425;271,528;270,495;51,0227;2,60949;51,8158;-3,40258;272;27
978;1,2;49,838;20,0708;9,36349;353;343;700;45;452,546;452,112;350,512;277,425;271,528;270,495;51,0227;2,60949;51,8158;-3,40258;272;27
979;1,2;49,8958;20,3806;9,3858;351;343;700;45;452,836;452,257;350,512;277,425;271,528;270,495;51,0227;2,60949;51,8158;-3,40258;272;27
980;1,2;49,7946;20,3044;9,3643;355;343;700;45;452,98;452,402;350,302;276,948;271,59;271,74;49,6815;2,17566;51,8457;-4,33988;272;27
981;1,2;49,9971;20,3171;9,31127;356;343;700;45;453,125;452,546;350,302;276,948;271,59;271,74;49,6815;2,17566;51,8457;-4,33988;272;27
982;1,2;49,8958;20,2062;9,01383;349;343;700;45;453,125;452,691;350,302;276,948;271,59;271,74;49,6815;2,17566;51,8457;-4,33988;272;27
983;1,2;49,8958;20,1365;8,91298;341;343;700;45;453,125;452,691;350,302;276,948;271,59;271,74;49,6815;2,17566;51,8457;-4,33988;272;27
984;1,2;50,1591;20,2077;8,83824;338;343;700;45;453,125;452,836;349,323;277,143;271,72;272,453;45,8035;1,26411;51,8668;-7,32979;272;27
985;1,2;50,1013;20,1144;8,81014;328;343;700;45;453,125;452,836;349,323;277,143;271,72;272,453;45,8035;1,26411;51,8668;-7,32979;272;27
986;1,2;49,9942;19,9841;8,74439;322;343;700;45;453,414;453,125;349,323;277,143;271,72;272,453;45,8035;1,26411;51,8668;-7,32979;272;27
987;1,2;49,9971;20,2722;8,76497;317;343;700;45;453,559;453,125;349,323;277,143;271,72;272,453;45,8035;1,26411;51,8668;-7,32979;272;27
988;1,2;49,7917;20,2064;8,82519;311;343;700;45;453,559;453,125;348,649;277,045;271,836;273,008;44,3258;0,454862;51,8769;-8,00594;272;27
989;1,2;49,5891;20,0029;8,68565;306;343;700;45;453,559;453,125;348,649;277,045;271,836;273,008;44,3258;0,454862;51,8769;-8,00594;272;27
990;1,2;49,7946;20,051;8,58903;304;343;700;45;453,414;452,98;348,649;277,045;271,836;273,008;44,3258;0,454862;51,8769;-8,00594;272;27
991;1,2;49,7946;19,964;8,54643;302;343;700;45;453,414;453,125;348,649;277,045;271,836;273,008;44,3258;0,454862;51,8769;-8,00594;272;27
992;1,2;49,5891;19,8816;8,54709;305;343;700;45;453,414;452,98;347,747;278,745;271,908;272,178;46,0268;0,0228822;51,8793;-5,87536;272;27
993;1,2;49,6933;19,8192;8,49095;306;343;700;45;453,559;452,98;347,747;278,745;271,908;272,178;46,0268;0,0228822;51,8793;-5,87536;272;27
994;1,2;49,8987;19,8662;8,44122;310;343;700;45;453,559;453,125;347,747;278,745;271,908;272,178;46,0268;0,0228822;51,8793;-5,87536;272;27
995;1,2;49,9971;19,8879;8,20013;316;343;700;45;453,414;453,125;347,747;278,745;271,908;272,178;46,0268;0,0228822;51,8793;-5,87536;272;27
996;1,2;49,9942;19,7994;8,16795;322;343;700;45;453,414;452,98;346,801;278,915;271,922;270,803;49,1218;0;51,8793;-2,75749;272;27
997;1,2;50;19,7668;8,11599;330;343;700;45;453,27;452,836;346,801;278,915;271,922;270,803;49,1218;0;51,8793;-2,75749;272;27
998;1,2;50,162;19,7432;8,02846;333;343;700;45;453,414;452,98;346,801;278,915;271,922;270,803;49,1218;0;51,8793;-2,75749;272;27
999;1,2;50,2922;19,7418;8,03197;340;343;700;45;453,414;452,98;346,801;278,915;271,922;270,803;49,1218;0;51,8793;-2,75749;272;27
1000;1,2;49,9971;19,6084;7,9973;338;343;700;45;453,559;452,98;346,198;276,29;271,923;271,448;50,6289;0;51,8793;-1,25035;272;27
1001;1,2;49,9797;19,5143;7,91009;344;343;700;45;453,559;452,98;346,198;276,29;271,923;271,448;50,6289;0;51,8793;-1,25035;272;27
1002;1,2;49,7917;19,3887;7,64343;348;343;700;45;453,559;453,125;346,198;276,29;271,923;271,448;50,6289;0;51,8793;-1,25035;272;27
1003;1,2;49,8958;19,3944;7,58085;347;343;700;45;453,414;453,125;346,198;276,29;271,923;271,448;50,6289;0;51,8793;-1,25035;272;27
1004;1,2;50,0984;19,3856;7,495;346;343;700;45;453,414;452,98;345,547;276,95;271,917;271,408;51,3185;0;51,8793;-0,560789;272;27
1005;1,2;50,4022;19,4855;7,48191;348;343;700;45;453,414;452,98;345,547;276,95;271,917;271,408;51,3185;0;51,8793;-0,560789;272;27
1006;1,2;50,0984;19,3156;7,4628;348;343;700;45;453,559;453,27;345,547;276,95;271,917;271,408;51,3185;0;51,8793;-0,560789;272;27
1007;1,2;50,0984;19,2456;7,45889;352;343;700;45;453,559;453,125;345,547;276,95;271,917;271,408;51,3185;0;51,8793;-0,560789;272;27
1008;1,2;50,1128;19,2336;7,21393;354;343;700;45;453,559;453,125;345,149;280,03;271,89;271,268;52,1989;0,0719044;51,8795;0,247498;272;27
1009;1,2;50,1997;19,1792;7,15818;357;343;700;45;453,414;452,98;345,149;280,03;271,89;271,268;52,1989;0,0719044;51,8795;0,247498;272;27
1010;1,2;49,9103;19,0513;7,11549;355;343;700;45;453,27;452,836;345,149;280,03;271,89;271,268;52,1989;0,0719044;51,8795;0,247498;272;27
1011;1,2;50,1997;19,0915;7,04323;362;343;700;45;453,125;452,836;345,149;280,03;271,89;271,268;52,1989;0,0719044;51,8795;0,247498;272;27
1012;1,2;50,1997;19,074;7,01117;361;343;700;45;453,125;452,691;344,927;278,723;271,856;270,858;53,7184;0,306389;51,8817;1,53151;272;27
1013;1,2;49,9971;18,9446;6,99117;362;343;700;45;453,125;452,546;344,927;278,723;271,856;270,858;53,7184;0,306389;51,8817;1,53151;272;27
1014;1,2;50,1997;18,9512;6,75019;366;343;700;45;452,98;452,546;344,927;278,723;271,856;270,858;53,7184;0,306389;51,8817;1,53151;272;27
1015;1,2;49,8929;18,818;6,73691;370;343;700;45;452,98;452,546;344,927;278,723;271,856;270,858;53,7184;0,306389;51,8817;1,53151;272;27
1016;1,2;49,4676;18,5884;6,66604;374;343;700;45;452,98;452,546;345,258;276,515;271,826;270,988;54,2482;0,514495;51,8869;1,84684;272;27
1017;1,2;49,8958;18,6796;6,59496;377;343;700;45;452,98;452,546;345,258;276,515;271,826;270,988;54,2482;0,514495;51,8869;1,84684;272;27
1018;1,2;49,6933;18,5864;6,59992;376;343;700;45;452,98;452,402;345,258;276,515;271,826;270,988;54,2482;0,514495;51,8869;1,84684;272;27
1019;1,2;50,0984;18,6854;6,56025;376;343;700;45;452,98;452,546;345,258;276,515;271,826;270,988;54,2482;0,514495;51,8869;1,84684;272;27
1020;1,2;50,1997;18,6706;6,4852;375;343;700;45;452,98;452,546;345,886;275,948;271,824;271,523;53,2833;0,531099;51,8934;0,858816;272;27
1021;1,2;49,9942;18,5767;6,45463;374;343;700;45;452,836;452,402;345,886;275,948;271,824;271,523;53,2833;0,531099;51,8934;0,858816;272;27
1022;1,2;50,0955;18,5793;6,20331;373;343;700;45;452,691;452,257;345,886;275,948;271,824;271,523;53,2833;0,531099;51,8934;0,858816;272;27
1023;1,2;50,0984;18,5454;6,21072;367;343;700;45;452,836;452,112;345,886;275,948;271,824;271,523;53,2833;0,531099;51,8934;0,858816;272;27
1024;1,2;49,9855;18,3989;6,13139;366;343;700;45;452,836;452,402;346,75;277,705;271,833;270,84;52,4128;0,465031;51,8992;0,0485211;272;27
1025;1,2;49,5891;18,201;6,09171;367;343;700;45;452,691;452,257;346,75;277,705;271,833;270,84;52,4128;0,465031;51,8992;0,0485211;272;27
1026;1,2;49,6094;18,2084;6,08566;367;343;700;45;452,836;452,257;346,75;277,705;271,833;270,84;52,4128;0,465031;51,8992;0,0485211;272;27
1027;1,2;49,5891;18,1663;6,03188;367;343;700;45;452,546;452,257;346,75;277,705;271,833;270,84;52,4128;0,465031;51,8992;0,0485211;272;27
1028;1,2;49,3866;18,0404;5,99336;364;343;700;45;452,691;452,112;346,828;279,383;271,823;271,268;52,8618;0,536594;51,9054;0,419877;272;27
1029;1,2;49,6354;18,0619;5,9243;365;343;700;45;452,546;452,112;346,828;279,383;271,823;271,268;52,8618;0,536594;51,9054;0,419877;272;27
1030;1,2;49,6904;17,7619;5,69787;365;343;700;45;452,546;452,112;346,828;279,383;271,823;271,268;52,8618;0,536594;51,9054;0,419877;272;27
1031;1,2;49,7917;17,7111;5,63212;366;343;700;45;452,546;452,112;346,828;279,383;271,823;271,268;52,8618;0,536594;51,9054;0,419877;272;27
1032;1,2;49,9942;17,7657;5,60385;365;343;700;45;452,546;452,112;346,667;279,368;271,815;270,785;53,1511;0,592318;51,9119;0,646837;272;27
1033;1,2;50,2025;17,8222;5,60623;366;343;700;45;452,402;452,112;346,667;279,368;271,815;270,785;53,1511;0,592318;51,9119;0,646837;272;27
1034;1,2;49,9971;17,7143;5,59451;366;343;700;45;452,546;452,112;346,667;279,368;271,815;270,785;53,1511;0,592318;51,9119;0,646837;272;27
1035;1,2;49,6933;17,5719;5,58351;369;343;700;45;452,546;452,112;346,667;279,368;271,815;270,785;53,1511;0,592318;51,9119;0,646837;272;27
1036;1,2;49,9971;17,592;5,5022;372;343;700;45;452,546;452,112;346,892;277,958;271,784;270,728;54,1695;0,813477;51,9209;1,43518;272;27
1037;1,2;49,5891;17,4485;5,51739;375;343;700;45;452,546;452,112;346,892;277,958;271,784;270,728;54,1695;0,813477;51,9209;1,43518;272;27
1038;1,2;49,5891;17,3618;5,45128;375;343;700;45;452,546;452,112;346,892;277,958;271,784;270,728;54,1695;0,813477;51,9209;1,43518;272;27
1039;1,2;49,5891;17,3099;5,39672;375;343;700;45;452,546;452,112;346,892;277,958;271,784;270,728;54,1695;0,813477;51,9209;1,43518;272;27
1040;1,2;49,5891;17,2925;5,12705;375;343;700;45;452,691;452,257;347,35;276,775;271,78;270,405;53,6899;0,838807;51,9305;0,920553;272;27
1041;1,2;49,7917;17,3631;5,14084;367;343;700;45;452,691;452,257;347,35;276,775;271,78;270,405;53,6899;0,838807;51,9305;0,920553;272;27
1042;1,2;49,9942;17,3814;5,11497;368;343;700;45;452,691;452,112;347,35;276,775;271,78;270,405;53,6899;0,838807;51,9305;0,920553;272;27
1043;1,2;50,0984;17,3826;5,08269;370;343;700;45;452,691;452,257;347,35;276,775;271,78;270,405;53,6899;0,838807;51,9305;0,920553;272;27
1044;1,2;49,8958;17,2251;4,99898;374;343;700;45;452,691;452,112;348,16;278,935;271,742;270,768;55,0139;1,1036;51,9422;1,96809;272;27
1045;1,2;49,7917;17,1544;4,98259;375;343;700;45;452,691;452,112;348,16;278,935;271,742;270,768;55,0139;1,1036;51,9422;1,96809;272;27
1046;1,2;50,2893;17,238;4,94305;376;343;700;45;452,546;452,112;348,16;278,935;271,742;270,768;55,0139;1,1036;51,9422;1,96809;272;27
1047;1,2;50,4803;17,3035;4,94267;376;343;700;45;452,691;452,112;348,16;278,935;271,742;270,768;55,0139;1,1036;51,9422;1,96809;272;27
1048;1,2;50,2083;17,2102;4,93211;375;343;700;45;452,691;452,112;348,863;280,062;271,741;271,63;53,8769;1,11511;51,9561;0,805777;272;27
1049;1,2;50,1997;17,1371;4,62046;375;343;700;45;452,546;451,968;348,863;280,062;271,741;271,63;53,8769;1,11511;51,9561;0,805777;272;27
1050;1,2;50,0984;17,085;4,60763;375;343;700;45;452,402;451,968;348,863;280,062;271,741;271,63;53,8769;1,11511;51,9561;0,805777;272;27
1051;1,2;50,1997;17,067;4,58033;374;343;700;45;452,402;451,823;348,863;280,062;271,741;271,63;53,8769;1,11511;51,9561;0,805777;272;27
1052;1,2;50,0839;16,9751;4,55279;367;343;700;45;452,257;451,678;349,378;278,545;271,735;270,958;53,8256;1,15492;51,9696;0,701648;272;27
1053;1,2;49,8958;16,5552;4,52559;369;343;700;45;452,257;451,823;349,378;278,545;271,735;270,958;53,8256;1,15492;51,9696;0,701648;272;27
1054;1,2;49,8727;16,5126;4,48776;371;343;700;45;452,257;451,678;349,378;278,545;271,735;270,958;53,8256;1,15492;51,9696;0,701648;272;27
1055;1,2;49,9971;16,5189;4,44904;371;343;700;45;452,257;451,823;349,378;278,545;271,735;270,958;53,8256;1,15492;51,9696;0,701648;272;27
1056;1,2;50,0984;16,5348;4,43415;371;343;700;45;452,257;451,823;349,294;278,133;271,734;270,973;53,4388;1,1619;51,9838;0,29311;272;27
1057;1,2;50,1794;16,544;4,17991;371;343;700;45;452,257;451,823;349,294;278,133;271,734;270,973;53,4388;1,1619;51,9838;0,29311;272;27
1058;1,2;50,0521;16,4146;4,10294;371;343;700;45;452,402;451,968;349,294;278,133;271,734;270,973;53,4388;1,1619;51,9838;0,29311;272;27
1059;1,2;49,7107;16,2679;4,07664;367;343;700;45;452,402;451,968;349,294;278,133;271,734;270,973;53,4388;1,1619;51,9838;0,29311;272;27
1060;1,2;50,0666;16,3669;4,0741;369;343;700;45;452,546;452,112;349,325;276,728;271,724;270,47;53,8447;1,23163;51,9983;0,614819;272;27
1061;1,2;49,7946;16,2606;4,03911;369;343;700;45;452,546;452,112;349,325;276,728;271,724;270,47;53,8447;1,23163;51,9983;0,614819;272;27
1062;1,2;49,7946;16,2084;4,02135;371;343;700;45;452,402;451,968;349,325;276,728;271,724;270,47;53,8447;1,23163;51,9983;0,614819;272;27
1063;1,2;49,6904;16,1398;4,006;370;343;700;45;452,402;451,968;349,325;276,728;271,724;270,47;53,8447;1,23163;51,9983;0,614819;272;27
1064;1,2;49,7107;16,0942;3,96664;374;343;700;45;452,402;451,968;349,414;277,9;271,685;270,363;35,5482;1,5065;34,4043;2,05111;272;27
1065;1,2;49,8958;16,1019;3,91585;375;343;700;45;452,402;451,823;349,414;277,9;271,685;270,363;35,5482;1,5065;34,4043;2,05111;272;27
1066;1,2;50,0579;16,1192;3,65647;364;343;700;45;452,257;451,823;349,414;277,9;271,685;270,363;35,5482;1,5065;34,4043;2,05111;272;27
1067;1,2;50,1997;16,1298;3,61033;297;343;700;45;452,402;451,823;349,414;277,9;271,685;270,363;35,5482;1,5065;34,4043;2,05111;272;27
1068;1,2;49,8958;15,9973;3,58403;218;343;700;45;452,402;451,823;349,3;278,523;271,655;271,33;20;1,71548;20;1,82612;272;27
1069;1,2;49,8958;15,6062;3,52707;157;343;700;45;452,257;451,823;349,3;278,523;271,655;271,33;20;1,71548;20;1,82612;272;27
1070;1,2;50,0232;15,5936;3,50162;140;343;700;45;452,257;451,823;349,3;278,523;271,655;271,33;20;1,71548;20;1,82612;272;27
1071;1,2;50,5064;15,7443;3,50162;135;343;700;45;452,257;451,678;349,3;278,523;271,655;271,33;20;1,71548;20;1,82612;272;27
1072;1,2;50,3009;15,5923;3,46228;134;343;700;45;452,257;451,678;347,759;276,515;271,677;270,67;20;1,56007;20;0,156097;272;27
1073;1,2;50,0926;15,5278;3,47255;134;343;700;45;452,402;451,968;347,759;276,515;271,677;270,67;20;1,56007;20;0,156097;272;27
1074;1,2;50,0868;15,491;3,44589;134;343;700;45;452,402;451,968;347,759;276,515;271,677;270,67;20;1,56007;20;0,156097;272;27
1075;1,2;49,9624;15,4001;3,14344;134;343;700;45;452,402;451,968;347,759;276,515;271,677;270,67;20;1,56007;20;0,156097;272;27
1076;1,2;49,9826;15,4064;3,13505;135;343;700;45;452,402;451,968;344,984;277,32;271,634;271,22;20;1,86284;20;1,79671;272;27
1077;1,2;50,1678;15,3583;3,06201;132;343;700;45;452,546;452,112;344,984;277,32;271,634;271,22;20;1,86284;20;1,79671;272;27
1078;1,2;50,1997;15,3329;3,02092;133;343;700;45;452,546;451,968;344,984;277,32;271,634;271,22;20;1,86284;20;1,79671;272;27
1079;1,2;50,1071;15,2872;2,99967;134;343;700;45;452,402;451,968;344,984;277,32;271,634;271,22;20;1,86284;20;1,79671;272;27
1080;1,2;49,7598;14,7912;2,94705;133;343;700;45;452,402;451,968;341,477;277,703;271,605;270,87;20;2,06545;20;2,03744;272;27
