time;Banddicke;Verzinnungsstation: Durchflussmenge;Verzinnungsstation: Rücklauftemperatur;Verzinnungsstation: Kühlleistung;Verzinnungsstation FU: Durchflussmenge;Verzinnungsstation FU: Rücklauftemperatur;Ofenleistung;Wannentemperatur außen;Wannentemperatur innen;Solltemperatur unter Zinnbadrolle;Bandbreite;Laufprogramm Online Zinnbad / Anlagenstartwert Rezept;Laufprogramm Online Zinnbad / Anlagenstartwert korrigiert;Abblasung OS Luftdruck;Abblasung US Luftdruck;Bandgeschwindigkeit;Temperatur unter Zinnbadrolle;Legierung;ChannelInfoFieldText([10:1], "$PDA_expression");Bandlänge auf Abhaspel;Hubtraverse unten;Bandtransport
0;0.25;51.6435;26.8;5.04825;39.8814;27.4;113;296.774;275.434;273;330;275;275;590.278;590.712;30;272.613;;;5028.39;1;1
1;0.25;51.8374;26.8;5.03096;39.5747;27.4;99;297.266;275.427;273;330;275;275;590.133;590.422;30;272.557;;;5009.5;1;1
2;0.25;51.93;26.8;5.07625;39.5747;27.5;91;298.365;275.412;273;330;275;275;589.988;590.278;30;272.503;;;5012.11;1;1
3;0.25;52.0312;26.9;5.36668;39.7772;27.5;85;299.117;275.427;273;330;275;275;589.699;590.133;30;272.453;;;5001.95;1;1
4;0.25;51.8287;26.9;5.32769;39.5747;27.5;83;299.595;275.427;273;330;275;275;589.554;589.844;30;272.391;;;5004.7;1;1
5;0.25;51.93;27;5.70881;39.7772;27.5;78;300.405;275.463;273;330;275;275;589.265;589.699;30;272.336;"KHP102      ";;5007.41;1;1
6;0.25;51.93;27;5.72695;39.7772;27.6;75;300.955;275.448;273;330;275;275;589.12;589.554;30;272.286;;;5009.6;1;1
7;0.25;52.0341;27;5.66573;39.7772;27.6;76;300.911;275.398;273;330;275;275;588.976;589.41;30;272.242;;;5037.55;1;1
8;0.25;51.8316;27.1;5.92315;39.8814;27.6;74;301.302;275.434;273;330;275;275;588.976;589.265;30;272.202;;;5022.59;1;1
9;0.25;51.93;27.1;5.95253;39.9653;27.6;73;301.953;275.427;273;330;275;275;588.831;589.265;30;272.158;;;5004.47;1;1
10;0.25;51.7274;27.2;6.26244;39.6296;27.6;74;302.488;275.456;273;330;275;275;588.686;589.12;30;272.118;;;5028.42;1;1
11;0.25;51.93;27.2;6.28696;39.8814;27.6;78;302.59;275.42;273;330;275;275;588.542;588.976;30;272.08;;;5016.95;1;1
12;0.25;51.8287;27.2;6.2566;39.7772;27.6;94;303.212;275.448;273;330;275;275;588.542;588.831;30;272.052;"KHP102      ";;5001.11;1;1
13;0.25;51.8287;27.2;6.23849;39.702;27.6;155;303.125;275.441;273;330;275;275;588.397;588.831;30;272.028;;;5006.19;1;1
14;0.25;51.522;27.3;6.53337;39.7772;27.6;227;303.009;275.427;273;330;275;275;588.397;588.831;30;271.992;;;5000.02;1;1
15;0.25;51.522;27.3;6.51535;39.5775;27.6;243;302.966;275.427;273;330;275;275;588.108;588.686;30;271.968;;;5013.19;1;1
16;0.25;51.82;27.3;6.55303;39.3721;27.5;269;303.414;275.774;273;330;275;275;587.963;588.397;30;271.943;;;5010.93;1;1
17;0.25;51.5538;27.3;6.46534;39.5891;27.5;270;303.501;275.788;273;330;275;275;587.963;588.252;30;271.908;;;5006.43;1;1
18;0.25;51.765;27.4;6.8252;39.8409;27.5;274;304.152;275.774;273;330;275;275;587.818;588.108;30;271.873;;;5010.78;1;1
19;0.25;52.0312;27.4;6.84212;39.8785;27.5;282;304.181;275.774;273;330;275;275;587.674;588.108;30;271.837;;;4994.95;1;1
20;0.25;52.0312;27.4;6.84212;39.9016;27.5;287;304.731;275.774;273;330;275;275;587.529;587.963;30;271.804;;;4994.38;1;1
21;0.25;51.8287;27.4;6.83359;39.7772;27.5;283;304.63;275.752;273;330;275;275;587.529;587.963;30;271.767;;;5001.16;1;1
22;0.25;51.7535;27.4;6.78751;39.6759;27.5;282;305.049;275.752;273;330;275;275;587.384;587.674;30;271.737;;;4994.4;1;1
23;0.25;51.93;27.4;6.79252;39.9826;27.4;287;305.411;275.752;273;330;275;275;587.384;587.674;30;271.702;;;5000.07;1;1
24;0.25;52.037;27.4;6.75197;40.2865;27.4;283;306.047;275.76;273;330;275;275;587.24;587.529;30;271.67;;;5005.72;1;1
25;0.25;52.0312;27.4;6.80577;40.2488;27.4;284;306.771;275.738;273;330;275;275;586.95;587.384;30;271.651;;;5003.4;1;1
26;0.25;51.8113;27.4;6.74081;39.9826;27.4;275;307.306;275.796;273;330;275;275;586.806;587.095;30;271.634;"KHP102      ";;5007.39;1;1
27;0.25;51.7274;27.4;6.67565;39.8785;27.4;267;307.277;275.788;273;330;275;275;586.661;587.095;30;271.619;;;4991.95;1;1
28;0.25;51.8287;27.4;6.6163;39.9797;27.4;262;307.711;275.796;273;330;275;275;586.372;586.661;30;271.609;;;5000.71;1;1
29;0.25;51.6233;27.4;6.66221;39.8814;27.4;250;308.174;275.933;273;330;275;275;586.227;586.661;30;271.597;;;4998.72;1;1
30;0.25;51.5509;27.5;6.98486;39.6759;27.4;250;308.695;275.926;273;330;275;275;586.082;586.372;30;271.574;;;4991.67;1;1
31;0.25;51.3166;27.5;6.97103;39.6759;27.4;231;309.115;275.926;273;330;275;275;585.938;586.227;30;271.564;;;4995.29;1;1
32;0.25;51.522;27.5;6.89095;39.9826;27.4;230;309.795;275.919;273;330;275;275;585.793;586.082;30;271.553;;;5004.07;1;1
33;0.25;51.93;27.5;6.92737;40.0839;27.4;224;310.272;275.948;273;330;275;275;585.793;586.082;30;271.543;;;4983.73;1;1
34;0.25;52.1325;27.5;7.00903;40.2865;27.5;223;311.068;275.948;273;330;275;275;585.793;586.082;30;271.538;;;4964.56;1;1
35;0.25;52.1325;27.5;7.00903;40.2286;27.5;211;311.4;275.94;273;330;275;275;585.503;585.938;30;271.537;;;4952.48;1;1
36;0.25;52.0341;27.5;6.9958;40.081;27.5;207;311.892;275.933;273;330;275;275;585.503;585.793;30;271.536;;;4949.11;1;1
37;0.25;51.6262;27.5;6.90488;40.1794;27.5;191;311.863;275.926;273;330;275;275;585.359;585.793;30;271.532;;;4943.48;1;1
38;0.25;51.7274;27.6;7.21539;39.7801;27.5;179;312.182;275.919;273;330;275;275;585.214;585.648;30;271.53;;;4937.86;1;1
39;0.25;51.522;27.6;7.20475;39.7164;27.5;171;312.862;276.331;273;330;275;275;585.069;585.503;30;271.528;;;4936.74;1;1
40;0.25;51.3484;27.6;7.16251;39.9826;27.5;161;312.818;276.353;273;330;275;275;585.069;585.359;30;271.528;;;4935.06;1;1
41;0.25;51.5162;27.6;7.20394;40.3906;27.5;157;313.354;276.345;273;330;275;275;584.925;585.069;30;271.526;;;4932.42;1;1
42;0.25;51.7679;27.6;7.23915;40.6973;27.5;150;313.455;276.338;273;330;275;275;584.635;584.925;30;271.529;;;4929.33;1;1
43;0.25;52.0689;27.6;7.29942;40.3906;27.5;143;313.585;276.049;273;330;275;275;584.635;584.925;30;271.529;;;4929.33;1;1
44;0.25;52.0312;27.6;7.25777;40.4919;27.5;140;314.091;276.338;273;330;275;275;584.635;584.925;30;271.532;;;4929.33;1;1
45;0.25;52.0052;27.6;7.23597;40.5932;27.5;130;314.251;276.331;273;330;275;275;584.491;584.78;30;271.539;;;4928.21;1;1
46;0.25;51.5191;27.7;7.51811;40.5932;27.5;125;314.265;276.331;273;330;275;275;584.346;584.635;30;271.54;;;4925.96;1;1
47;0.25;51.7274;27.7;7.54851;40.3877;27.5;110;314.294;276.468;273;330;275;275;584.201;584.491;30;271.53;;;4925.96;1;1
48;0.25;51.6262;27.7;7.5157;40.3877;27.5;112;314.468;276.44;273;330;275;275;584.201;584.491;30;271.524;;;4921.47;1;1
49;0.25;51.2124;27.7;7.47335;40.3877;27.5;115;314.424;276.432;273;330;275;275;584.057;584.346;30;271.522;;;4919.23;1;1
50;0.25;51.0127;27.7;7.40858;40.2865;27.5;112;314.308;276.425;273;330;275;275;583.912;584.201;30;271.52;;;4919.23;1;1
51;0.25;51.2182;27.7;7.43841;40.1939;27.5;107;314.251;276.454;273;330;275;275;583.767;584.201;30;271.495;;;4914.74;1;1
52;0.25;51.522;27.7;7.42854;40.0839;27.5;114;314.294;276.418;273;330;275;275;583.767;584.057;30;271.463;;;4914.74;1;1
53;0.25;51.7274;27.7;7.51237;40.0868;27.5;117;314.265;276.454;273;330;275;275;583.623;583.912;30;271.426;;;4911.37;1;1
54;0.25;52.0255;27.7;7.53748;40.272;27.4;115;314.28;276.852;273;330;275;275;583.478;583.912;30;271.382;;;4910.25;1;1
55;0.25;51.8287;27.7;7.50897;40.3356;27.4;119;314.468;276.613;273;330;275;275;583.478;583.767;30;271.347;;;4910.25;1;1
56;0.25;51.7274;27.7;7.44009;40.272;27.4;126;313.831;276.584;273;330;275;275;583.478;583.767;30;271.322;;;4909.13;1;1
57;0.25;51.4236;27.7;7.36046;40.2286;27.4;131;313.759;276.584;273;330;275;275;583.478;583.767;30;271.311;;;4909.1;1;1
58;0.25;51.6262;27.7;7.37139;40.0839;27.4;142;313.686;276.57;273;330;275;275;583.478;583.767;30;271.313;;;4909.1;1;1
59;0.25;51.7274;27.7;7.44009;39.9797;27.4;157;313.194;276.562;273;330;275;275;583.333;583.767;30;271.323;;;4909.1;1;1
60;0.25;52.0312;27.7;7.41106;39.8814;27.4;173;313.252;276.96;273;330;275;275;583.333;583.623;30;271.309;;;4909.1;1;1
61;0.25;51.93;27.7;7.36035;39.6759;27.3;179;313.368;276.968;273;330;275;275;583.333;583.623;30;271.305;;;4905.73;1;1
62;0.25;51.82;27.7;7.30856;39.5747;27.3;185;312.674;276.96;273;330;275;275;583.189;583.478;30;271.313;;;4904.61;1;1
63;0.25;51.7274;27.7;7.33164;39.5747;27.3;194;312.587;276.953;273;330;275;275;583.189;583.478;30;271.335;;;4902.37;1;1
64;0.25;51.7303;27.7;7.2417;39.5747;27.3;201;312.572;276.953;273;330;275;275;583.189;583.478;30;271.356;;;4900.13;1;1
65;0.25;51.93;27.7;7.2152;39.6759;27.3;204;312.5;276.946;273;330;275;275;583.189;583.478;30;271.37;;;4897.89;1;1
66;0.25;51.7274;27.7;7.11477;39.7396;27.3;205;312.442;276.968;273;330;275;275;583.189;583.478;30;271.389;;;4896.77;1;1
67;0.25;51.8287;27.7;7.07436;39.7772;27.2;210;312.384;276.968;273;330;275;275;583.189;583.333;30;271.405;;;4895.65;1;1
68;0.25;51.331;27.6;6.5862;39.6759;27.2;218;312.5;276.968;273;330;275;275;582.899;583.189;30;271.418;;;4895.65;1;1
69;0.25;51.4236;27.6;6.59808;39.6759;27.2;214;312.572;277.127;273;330;275;275;582.755;583.044;30;271.436;;;4894.53;1;1
70;0.25;51.8287;27.6;6.5776;39.5747;27.2;209;312.674;277.148;273;330;275;275;582.61;582.899;30;271.447;;;4894.53;1;1
71;0.25;51.9068;27.6;6.47872;39.8814;27.2;209;312.688;277.148;273;330;275;275;582.465;582.755;30;271.457;;;4893.41;1;1
72;0.25;51.8663;27.6;6.40116;39.838;27.2;209;313.093;277.3;273;330;275;275;582.321;582.465;30;271.471;;;4893.41;1;1
73;0.25;52.1325;27.6;6.36117;39.5747;27.2;204;312.572;277.192;273;330;275;275;582.176;582.465;30;271.483;;;4893.41;1;1
74;0.25;51.93;27.6;6.28203;39.4647;27.2;194;312.948;277.286;273;330;275;275;582.176;582.321;30;271.493;;;4893.41;1;1
75;0.25;52.0312;27.6;6.22155;39.4734;27.1;186;312.471;277.206;273;330;275;275;582.031;582.321;30;271.505;;;4893.41;1;1
76;0.25;52.0312;27.6;6.11247;39.4734;27.1;185;313.252;277.221;273;330;275;275;582.031;582.321;30;271.519;;;4893.41;1;1
77;0.25;51.93;27.6;6.00986;39.5747;27.1;177;313.44;277.242;273;330;275;275;581.887;582.176;30;271.528;;;4892.29;1;1
78;0.25;52.0457;27.5;5.63354;39.5747;27.1;167;313.455;277.438;273;330;275;275;581.742;582.176;30;271.539;;;4892.29;1;1
79;0.25;52.0312;27.5;5.59559;39.5747;27.1;167;313.383;277.438;273;330;275;275;581.742;581.887;30;271.552;;;4891.17;1;1
80;0.25;51.8837;27.5;5.45285;39.6759;27.1;163;313.281;277.459;273;330;275;275;581.742;581.742;30;271.568;;;4891.17;1;1
81;0.25;52.1325;27.5;5.33328;39.5775;27.1;157;313.585;277.459;273;330;275;275;581.453;581.597;30;271.583;;;4891.17;1;1
82;0.25;52.2338;27.5;5.25238;39.4676;27.1;157;313.643;277.452;273;330;275;275;581.308;581.597;30;271.601;;;4891.17;1;1
83;0.25;52.1325;27.5;5.16935;39.566;27.1;145;313.99;277.459;273;330;275;275;581.308;581.597;30;271.621;;;4891.17;1;1
84;0.25;51.9589;27.5;5.0432;39.4734;27.1;132;313.932;277.445;273;330;275;275;581.308;581.453;30;271.641;;;4891.17;1;1
85;0.25;52.1325;27.5;4.96897;39.5747;27.1;130;313.961;277.445;273;330;275;275;581.163;581.597;30;271.66;;;4890.05;1;1
86;0.25;51.6725;27.5;4.81681;39.5747;27.1;128;313.976;277.481;273;330;275;275;581.163;581.453;30;271.676;;;4888.93;1;1
87;0.25;51.8287;27.5;4.72272;39.5747;27.1;126;313.932;277.474;273;330;275;275;581.308;581.453;30;271.693;;;4888.93;1;1
88;0.25;51.6262;27.5;4.59602;39.5747;27.1;115;313.903;277.467;273;330;275;275;581.163;581.308;30;271.716;;;4888.93;1;1
89;0.25;51.3831;27.5;4.44874;39.6759;27.1;109;313.831;277.459;273;330;275;275;581.018;581.163;30;271.746;;;4888.93;1;1
90;0.25;51.4207;27.5;4.46996;39.7656;27.1;106;313.773;277.459;273;330;275;275;581.018;581.018;30;271.784;;;4888.93;1;1
91;0.25;51.7274;27.5;4.31589;39.4734;27.1;103;313.252;277.662;273;330;275;275;581.018;581.163;30;271.822;;;4888.93;1;1
92;0.25;52.1325;27.5;4.29503;39.5255;27.1;101;313.354;277.648;273;330;275;275;580.729;581.018;30;271.864;;;4878.86;1;1
93;0.25;52.0312;27.4;3.86072;39.4734;27.1;96;313.455;277.684;273;330;275;275;580.584;580.729;30;271.902;;;4878.86;1;1
94;0.25;51.93;27.4;3.78061;39.4734;27.1;95;313.383;277.677;273;330;275;275;580.44;580.584;30;271.936;;;4878.86;1;1
95;0.25;51.9965;27.4;3.67647;39.2708;27.1;90;312.833;277.626;273;330;275;275;580.006;580.295;30;271.966;;;4878.86;1;1
96;0.25;51.8258;27.4;3.53764;39.2737;27.1;83;312.76;277.619;273;330;275;275;580.006;580.151;30;271.992;;;4877.74;1;1
97;0.25;51.4207;27.4;3.4561;39.2911;27.1;80;312.746;277.633;273;330;275;275;579.716;580.006;30;272.013;;;4877.74;1;1
98;0.25;51.4178;27.4;3.41996;39.4734;27.1;82;312.196;277.691;273;330;275;275;579.716;579.861;30;272.034;;;4877.74;1;1
99;0.25;51.4236;27.4;3.31256;39.5747;27;78;312.283;277.705;273;330;275;275;579.716;579.861;30;272.053;;;4877.74;1;1
100;0.25;51.5567;27.4;3.21304;39.5775;27;74;311.979;277.677;273;330;275;275;579.572;579.716;30;272.069;;;4876.62;1;1
101;0.25;51.6059;27.4;3.18005;39.7801;27;77;311.979;277.669;273;330;275;275;579.572;579.716;30;272.091;;;4873.27;1;1
102;0.25;51.8287;27.3;2.80566;39.9826;27;76;311.299;277.705;273;330;275;275;579.427;579.427;30;272.116;;;4873.27;1;1
103;0.25;51.4207;27.3;2.65783;39.6759;27;77;311.198;277.698;273;330;275;275;579.138;579.282;30;272.146;;;4873.27;1;1
104;0.25;51.4207;27.3;2.58595;39.4734;27;76;310.72;277.64;273;330;275;275;579.138;579.427;30;272.199;;;4873.27;1;1
105;0.25;51.8287;27.3;2.55216;39.7772;27;78;310.142;277.64;273;330;275;275;578.993;579.282;30;272.256;;;4872.15;1;1
106;0.25;51.93;27.3;2.539;39.8669;26.9;79;310.272;277.684;273;330;275;275;578.993;579.138;30;272.306;;;4871.14;1;1
107;0.25;51.9068;27.3;2.41091;39.9826;26.9;81;309.968;277.988;273;330;275;275;578.993;579.138;30;272.35;;;4870.86;1;1
108;0.25;51.6233;27.3;2.37971;39.8814;26.9;76;309.881;277.988;273;330;275;275;578.848;579.138;30;272.393;;;4870.86;1;1
109;0.25;51.7274;27.2;1.99718;39.3721;26.9;76;309.303;277.98;273;330;275;275;578.704;578.993;30;272.428;;;4870.86;1;1
110;0.25;51.7274;27.2;1.97908;39.2882;26.9;78;308.825;277.98;273;330;275;275;578.559;578.848;30;272.458;;;4869.74;1;1
111;0.25;51.4207;27.2;1.8955;39.2708;26.9;75;308.681;277.98;273;330;275;275;578.559;578.848;30;272.493;;;4869.74;1;1
112;0.25;51.6262;27.2;1.88503;39.5747;26.9;73;308.073;277.973;273;330;275;275;578.559;578.848;30;272.536;;;4869.74;1;1
113;0.25;51.6233;27.2;1.7767;39.9653;26.8;69;308.189;277.988;273;330;275;275;578.414;578.704;30;272.578;;;4867.51;1;1
114;0.25;51.3021;27.2;1.7298;39.8814;26.8;70;307.538;277.988;273;330;275;275;578.559;578.704;30;272.614;;;4867.51;1;1
115;0.25;51.4178;27.1;1.45646;39.8814;26.8;70;307.292;277.98;273;330;275;275;578.414;578.559;30;272.647;;;4867.51;1;1
116;0.25;51.6233;27.1;1.33604;39.9855;26.8;73;307.306;277.98;273;330;275;275;578.27;578.414;30;272.676;;;4867.51;1;1
117;0.25;51.8258;27.1;1.34128;39.7772;26.8;71;306.583;277.973;273;330;275;275;578.125;578.27;30;272.712;;;4867.51;1;1
118;0.25;51.8258;27.1;1.26884;39.702;26.8;73;306.51;277.973;273;330;275;275;578.125;578.27;30;272.752;;;4866.39;1;1
119;0.25;51.6059;27.1;1.24543;39.6759;26.7;69;306.091;277.988;273;330;275;275;577.98;578.125;30;272.801;;;4866.39;1;1
120;0.25;51.8287;27;0.880814;39.5747;26.7;65;305.396;277.988;273;330;275;275;577.836;578.125;30;272.853;;;4865.27;1;1
121;0.25;51.8461;27;0.844886;39.566;26.7;69;305.44;277.988;273;330;275;275;577.691;577.98;30;272.904;"KHP102      ";;4865.27;1;1
122;0.25;51.93;27;0.828086;39.4734;26.7;69;305.093;277.988;273;330;275;275;577.546;577.836;30;272.947;;;4865.27;1;1
123;0.25;52.066;27;0.830255;39.3721;26.7;67;305.252;277.973;273;330;275;275;577.546;577.836;30;272.97;;;4865.27;1;1
124;0.25;52.2309;27;0.796393;39.5775;26.7;62;304.659;277.973;273;330;275;275;577.546;577.691;30;272.985;;;4865.27;1;1
125;0.25;51.9705;26.9;0.475886;39.6759;26.7;56;304.181;277.988;273;330;275;275;577.402;577.546;30;272.999;;;4865.27;1;1
126;0.25;51.6233;26.9;0.49074;39.7772;26.7;58;304.08;277.988;273;330;275;275;577.402;577.546;30;273.01;;;4865.27;1;1
127;0.25;51.8287;26.9;0.402165;39.728;26.7;53;303.458;277.988;273;330;275;275;577.112;577.257;30;273.021;;;4865.27;1;1
128;0.25;51.4178;26.9;0.452863;39.6759;26.7;51;303.573;277.98;273;330;275;275;577.112;577.257;30;273.03;;;4864.16;1;1
129;0.25;51.5799;26.8;0.0860771;39.7772;26.6;50;303.125;277.98;273;330;275;275;577.112;577.257;30;273.038;;;4863.04;1;1
130;0.25;51.2182;26.8;0.0854735;39.3721;26.6;61;303.183;277.973;273;330;275;275;576.968;577.257;30.2822;273.042;;;4863.04;1;1
131;0.25;51.2211;26.8;0.121265;39.2708;26.6;62;302.778;277.973;273;330;275;275;576.823;577.112;34.7334;273.04;;;4861.92;1;1
132;0.25;51.7245;26.8;0.122457;39.3721;26.6;63;302.749;277.988;273;330;275;275;576.678;576.823;42.88;273.035;;;4856.34;1;1
133;0.25;51.6233;26.8;0.0320477;39.6759;26.6;70;302.04;277.988;273;330;275;275;576.389;576.823;53.1555;273.034;"KHP102      ";;4856.34;1;1
134;0.25;51.3194;26.7;0;39.6759;26.6;82;301.953;277.988;273;330;275;275;576.389;576.534;58.9677;273.039;"KHP102      ";;4855.22;1;1
135;0.25;51.4207;26.7;0;39.5747;26.6;81;301.62;278.371;273;330;275;275;576.244;576.534;60;273.046;;;4852.99;1;1
136;0.25;51.6262;26.7;0;39.5747;26.6;85;301.693;278.371;273;330;275;275;576.244;576.389;60;273.052;;;4852.99;1;1
137;0.25;51.7274;26.7;0;39.5747;26.6;90;301.1;278.378;273;330;275;275;576.389;576.678;60;273.066;;;4852.99;1;1
138;0.25;51.7245;26.7;0;39.5747;26.6;101;301.157;278.378;273;330;275;275;576.823;576.968;60;273.081;;;4852.99;1;1
139;0.25;51.8403;26.6;0;39.5747;26.6;105;300.738;278.262;273;330;275;275;577.112;577.257;60;273.095;;;4852.99;1;1
140;0.25;51.7245;26.6;0;39.6788;26.6;105;300.622;278.306;273;330;275;275;577.112;577.257;60;273.107;;;4852.99;1;1
141;0.25;51.6638;26.6;0;39.6238;26.6;118;299.913;278.284;273;330;275;275;577.112;576.968;60;273.118;;;4852.99;1;1
142;0.25;52.0341;26.6;0;39.7772;26.6;125;299.884;278.277;273;330;275;275;576.823;576.823;60;273.13;;;4851.88;1;1
143;0.25;51.7274;26.6;0;39.6759;26.6;116;299.986;278.219;273;330;275;275;576.678;576.678;60;273.148;"KHP102      ";;4851.88;1;1
144;0.25;51.6233;26.5;0;39.5747;26.6;129;300.087;278.262;273;330;275;275;576.534;576.678;60;273.164;;;4851.88;1;1
145;0.25;51.93;26.5;0;39.5747;26.6;135;300.159;278.255;273;330;275;275;576.389;576.389;60;273.183;;;4851.88;1;1
146;0.25;51.6233;26.5;0;39.5747;26.6;132;299.754;278.248;273;330;275;275;576.389;576.389;60;273.209;;;4851.88;1;1
147;0.25;51.522;26.5;0;39.2679;26.6;126;299.696;278.226;273;330;275;275;576.389;576.534;60;273.23;;;4850.76;1;1
148;0.25;51.8953;26.5;0;39.375;26.6;135;299.711;278.393;273;330;275;275;576.534;576.678;60;273.245;;;4850.76;1;1
149;0.25;51.8866;26.4;0;39.5602;26.7;140;299.624;278.4;273;330;275;275;576.678;576.823;60;273.252;;;4850.76;1;1
150;0.25;51.7274;26.4;0;39.6296;26.7;136;299.175;278.168;273;330;275;275;576.678;576.823;60;273.272;;;4849.65;1;1
151;0.25;51.9329;26.4;0;39.4734;26.7;118;299.248;278.168;273;330;275;275;576.678;576.823;60;273.295;;;4848.53;1;1
152;0.25;51.8924;26.4;0;39.2708;26.7;115;300.072;278.118;273;330;275;275;576.823;576.823;60;273.313;;;4847.42;1;1
153;0.25;51.93;26.4;0;39.4734;26.7;126;300.159;278.125;273;330;275;275;576.968;576.823;60;273.335;;;4847.42;1;1
154;0.25;51.93;26.4;0;39.6672;26.7;104;300.116;278.176;273;330;275;275;576.968;576.968;60;273.378;;;4847.42;1;1
155;0.25;51.8287;26.4;0;39.6759;26.7;94;300;278.385;273;330;275;275;576.968;576.968;60;273.434;;;4841.84;1;1
156;0.25;51.8316;26.3;0;39.7772;26.7;92;299.826;278.205;273;330;275;275;576.968;577.112;60;273.481;;;4841.84;1;1
157;0.25;51.8576;26.3;0;39.7801;26.8;85;300.014;278.219;273;330;275;275;576.968;577.112;60;273.527;;;4841.84;1;1
158;0.25;51.8982;26.3;0;39.7772;26.8;75;300.13;278.205;273;330;275;275;576.968;577.112;60;273.557;;;4841.84;1;1
159;0.25;51.6262;26.3;0;39.6759;26.8;69;300.116;278.385;273;330;275;275;577.257;577.257;60;273.582;;;4841.84;1;1
160;0.25;51.8287;26.3;0;39.5833;26.8;62;300.159;278.349;273;330;275;275;577.257;577.402;60;273.602;;;4840.73;1;1
161;0.25;51.7159;26.3;0;39.4734;26.8;52;299.986;278.212;273;330;275;275;577.257;577.402;60;273.618;;;4840.73;1;1
162;0.25;51.9329;26.3;0;39.4387;26.9;43;299.971;278.147;273;330;275;275;577.257;577.402;60;273.626;;;4840.73;1;1
163;0.25;51.6233;26.3;0;39.6759;26.9;40;299.899;278.205;273;330;275;275;577.402;577.402;60;273.615;;;4836.27;1;1
164;0.25;51.8287;26.3;0;39.8814;26.9;34;299.87;278.183;273;330;275;275;577.257;577.257;60;273.605;;;4834.04;1;1
165;0.25;52.338;26.3;0;39.7801;26.9;25;299.971;278.212;273;330;275;275;577.257;577.257;60;273.607;;;4832.93;1;1
166;0.25;52.0312;26.3;0;39.6759;26.9;21;300.159;278.197;273;330;275;275;577.112;577.112;60;273.618;;;4832.93;1;1
167;0.25;51.9416;26.3;0;39.5747;26.9;21;300.174;278.205;273;330;275;275;577.257;577.257;60;273.638;;;4832.93;1;1
168;0.25;51.93;26.3;0;39.4734;27;21;299.262;278.212;273;330;275;275;577.257;577.402;60;273.656;;;4832.93;1;1
169;0.25;51.8287;26.3;0;39.728;27;16;299.204;278.212;273;330;275;275;577.402;577.402;60;273.684;;;4832.93;1;1
170;0.25;51.6233;26.2;0;39.7801;27;19;299.117;278.197;273;330;275;275;577.546;577.546;60;273.729;;;4832.47;1;1
171;0.25;51.522;26.2;0;39.6759;27;17;298.828;278.161;273;330;275;275;577.546;577.546;60;273.771;;;4831.71;1;1
172;0.25;51.7303;26.2;0;39.7801;27;14;298.987;278.356;273;330;275;275;577.402;577.402;60;273.809;;;4828.38;1;1
173;0.25;51.6233;26.2;0;39.8814;27;14;298.785;278.349;273;330;275;275;577.402;577.402;60;273.84;;;4826.15;1;1
174;0.25;51.3194;26.2;0;39.8814;27;14;298.394;278.262;273;330;275;275;577.402;577.402;60;273.865;;;4826.15;1;1
175;0.25;51.7043;26.2;0;39.6788;27;21;298.032;278.255;273;330;275;275;577.546;577.402;60;273.888;;;4826.15;1;1
176;0.25;51.93;26.2;0;39.8814;27;21;297.931;278.262;273;330;275;275;577.402;577.402;60;273.933;;;4824.97;1;1
177;0.25;51.6696;26.2;0;39.9826;27;21;297.555;278.335;273;330;275;275;577.546;577.402;60;273.971;;;4823.72;1;1
178;0.25;51.93;26.2;0;39.9508;27;23;297.569;278.335;273;330;275;275;577.402;577.402;60;274.002;"KHP102      ";;4822.61;1;1
179;0.25;52.1325;26.2;0;39.8785;27;23;296.889;278.313;273;330;275;275;577.257;577.402;60;274.018;;;4822.61;1;1
180;0.25;51.9965;26.2;0;39.8814;27;19;297.005;278.313;273;330;275;275;577.402;577.257;60;274.028;;;4820.38;1;1
181;0.25;51.5191;26.2;0;39.9971;27;17;296.817;278.32;273;330;275;275;577.257;577.112;60;274.04;;;4819.27;1;1
182;0.25;51.6233;26.2;0;39.8814;27;16;295.992;278.306;273;330;275;275;577.257;577.257;60;274.064;;;4818.16;1;1
183;0.25;51.8287;26.2;0;39.6759;27;17;295.877;278.299;273;330;275;275;577.112;577.112;60;274.103;;;4818.16;1;1
184;0.25;51.93;26.2;0;39.5978;27;23;295.226;278.516;273;330;275;275;577.112;577.112;60;274.148;;;4815.7;1;1
185;0.25;51.93;26.1;0;39.6759;27;25;295.197;278.508;273;330;275;275;577.112;577.112;60;274.185;;;4811.94;1;1
186;0.25;51.9502;26.1;0;39.9826;27;26;294.748;278.508;273;330;275;275;577.257;577.112;60;274.218;;;4811.94;1;1
187;0.25;51.8287;26.1;0;39.8814;27;27;294.878;278.516;273;330;275;275;577.112;577.112;60;274.27;;;4811.94;1;1
188;0.25;51.6262;26.1;0;39.6759;27.1;29;294.546;278.516;273;330;275;275;576.968;576.968;60;274.31;;;4811.94;1;1
189;0.25;51.4207;26.1;0;39.7598;27.1;28;293.953;278.479;273;330;275;275;577.112;577.112;60;274.353;;;4808.61;1;1
190;0.25;51.93;26.1;0;40.0839;27.1;30;293.808;278.494;273;330;275;275;577.257;577.257;60;274.383;;;4808.61;1;1
191;0.25;51.7245;26.1;0;39.9826;27.1;30;293.721;278.501;273;330;275;275;577.257;577.257;60;274.399;;;4807.5;1;1
192;0.25;51.8287;26.1;0;39.7772;27.1;23;293.345;278.501;273;330;275;275;577.257;577.112;60;274.411;;;4806.39;1;1
193;0.25;52.0312;26.1;0;39.9826;27.1;26;293.258;278.501;273;330;275;275;577.257;577.112;60;274.412;;;4800.83;1;1
194;0.25;51.7332;26.1;0;39.9219;27.1;23;292.911;278.494;273;330;275;275;577.112;577.112;60;274.411;;;4800.83;1;1
195;0.25;51.93;26.1;0;40.0839;27.1;21;292.969;278.487;273;330;275;275;576.968;576.823;60;274.41;;;4800.83;1;1
196;0.25;52.1325;26.1;0;40.0839;27.1;19;292.376;278.487;273;330;275;275;576.678;576.678;60;274.415;;;4800.83;1;1
197;0.25;52.0312;26.1;0;39.9826;27.1;17;292.159;278.487;273;330;275;275;576.389;576.389;60;274.432;;;4797.5;1;1
198;0.25;52.2309;26.1;0;40.0694;27.1;21;292.086;278.494;273;330;275;275;576.099;576.099;60;274.457;;;4794.17;1;1
199;0.25;51.7679;26.1;0;39.9826;27.1;21;291.667;278.494;273;330;275;275;575.81;575.81;60;274.485;;;4794.17;1;1
200;0.25;52.0312;26;0;39.5747;27.1;23;291.782;278.494;273;330;275;275;575.81;575.666;60;274.518;;;4794.17;1;1
201;0.25;51.8287;26;0;39.5139;27.1;26;291.247;278.487;273;330;275;275;575.521;575.521;60;274.547;;;4793.06;1;1
202;0.25;51.8287;26;0;39.6759;27.1;25;291.291;278.487;273;330;275;275;575.376;575.376;60;274.575;;;4793.06;1;1
203;0.25;51.522;26;0;39.5747;27.1;25;291.291;278.494;273;330;275;275;575.232;575.232;60;274.601;;;4793.06;1;1
204;0.25;51.6262;26;0;39.4821;27.1;25;290.828;278.494;273;330;275;275;575.087;574.942;60;274.627;;;4793.06;1;1
205;0.25;51.8374;26;0;39.7367;27.1;24;290.712;278.494;273;330;275;275;574.797;574.797;60;274.665;;;4789.73;1;1
206;0.25;51.93;26;0;39.7772;27.1;25;289.945;278.494;273;330;275;275;574.508;574.653;60;274.709;;;4788.62;1;1
207;0.25;51.8287;26;0;39.8669;27.1;22;289.916;278.479;273;330;275;275;574.363;574.363;60;274.742;;;4788.62;1;1
208;0.25;51.8287;26;0;39.5747;27.1;21;290.09;278.487;273;330;275;275;574.074;574.074;60;274.771;;;4788.62;1;1
209;0.25;51.522;26;0;39.6759;27.1;22;289.829;278.494;273;330;275;275;573.785;573.929;60;274.797;;;4787.52;1;1
210;0.25;51.7274;26;0;39.7801;27.2;0;289.887;278.617;273;330;275;275;573.495;573.495;60;274.812;;;4786.14;1;1
211;0.25;51.8518;26;0;39.9334;27.2;0;289.844;278.617;273;330;275;275;573.206;573.206;60;274.833;;;4786.14;1;1
212;0.25;51.5249;26;0;39.9826;27.2;0;289.714;278.61;273;330;275;275;573.061;572.917;60;274.841;;;4786.14;1;1
213;0.25;51.7274;26;0;39.7801;27.2;0;288.961;278.494;273;330;275;275;572.772;572.772;60;274.848;;;4786.14;1;1
214;0.25;51.5943;26;0;39.9653;27.2;0;288.932;278.487;273;330;275;275;572.627;572.627;60;274.854;;;4783.92;1;1
215;0.25;51.7274;26;0;39.9826;27.2;0;288.99;278.487;273;330;275;275;572.627;572.772;60;274.86;"KHP102      ";;4779.49;1;1
216;0.25;52.1672;26;0;39.9653;27.2;0;288.759;278.494;273;330;275;275;572.627;572.772;60;274.86;;;4779.49;1;1
217;0.25;52.0312;26;0;39.8814;27.2;0;288.845;278.494;273;330;275;275;572.627;572.917;60;274.852;;;4779.49;1;1
218;0.25;51.658;26;0;39.9826;27.2;0;288.672;278.487;273;330;275;275;572.772;572.772;60;274.838;;;4779.49;1;1
219;0.25;51.8287;26;0;39.8814;27.2;0;288.411;278.479;273;330;275;275;572.772;572.917;60;274.822;;;4777.27;1;1
220;0.25;51.8663;26;0;39.7772;27.2;0;287.891;278.487;273;330;275;275;572.772;572.772;60;274.809;"KHP102      ";;4777.27;1;1
221;0.25;51.8229;26;0;39.6759;27.2;5;287.601;278.487;273;330;275;275;572.917;572.917;60;274.787;;;4777.27;1;1
222;0.25;51.8287;26;0;39.7714;27.2;7;287.688;278.494;273;330;275;275;572.772;572.917;60;274.766;;;4773.95;1;1
223;0.25;51.6233;26;0;39.8814;27.2;13;287.746;278.487;273;330;275;275;572.772;572.772;60;274.747;;;4772.84;1;1
224;0.25;51.6233;26;0.041851;39.7801;27.2;23;287.645;278.487;273;330;275;275;572.772;572.772;60;274.741;;;4771.73;1;1
225;0.25;51.6262;26;0.0238183;39.8814;27.2;33;287.558;278.479;273;330;275;275;572.772;572.917;60;274.737;;;4770.62;1;1
226;0.25;52.0168;26;0.0785128;39.8814;27.2;43;287.457;278.479;273;330;275;275;572.917;572.917;60;274.722;;;4769.52;1;1
227;0.25;51.9358;26;0.0965337;39.8814;27.2;52;286.56;278.487;273;330;275;275;573.061;573.061;60;274.709;;;4769.52;1;1
228;0.25;51.8258;26;0.132564;39.6759;27.2;61;286.56;278.494;273;330;275;275;573.206;573.206;60;274.689;;;4769.52;1;1
229;0.25;51.7274;26;0.150383;39.6788;27.2;70;286.661;278.487;273;330;275;275;573.351;573.351;60;274.669;;;4769.52;1;1
230;0.25;51.7245;26;0.204582;39.6759;27.2;75;286.777;278.479;273;330;275;275;573.351;573.351;60;274.66;;;4766.19;1;1
231;0.25;51.6262;26;0.186158;39.5255;27.2;79;286.806;278.479;273;330;275;275;573.351;573.495;60;274.653;;;4759.55;1;1
232;0.25;51.5191;26;0.293783;39.4734;27.2;87;286.502;278.479;273;330;275;275;573.495;573.64;60;274.647;;;4759.55;1;1
233;0.25;52.0168;26;0.314792;39.7801;27.2;89;286.386;278.856;273;330;275;275;573.64;573.64;60;274.641;;;4759.55;1;1
234;0.25;51.8374;26;0.331816;39.8785;27.2;105;286.314;278.856;273;330;275;275;573.64;573.785;60;274.636;;;4759.55;1;1
235;0.25;51.9155;26;0.368588;39.9826;27.2;113;286.343;278.877;273;330;275;275;573.785;573.785;60;274.632;;;4758.45;1;1
236;0.25;51.6811;26;0.421086;39.7801;27.2;110;286.661;278.877;273;330;275;275;573.785;573.785;60;274.625;;;4758.45;1;1
237;0.25;51.2182;26;0.417314;39.4734;27.2;109;286.762;278.791;273;330;275;275;573.785;573.785;60;274.611;;;4758.45;1;1
238;0.25;50.9115;26;0.450411;39.3721;27.2;106;286.806;278.776;273;330;275;275;573.785;573.785;60;274.598;;;4758.45;1;1
239;0.25;50.7089;26;0.501762;39.4734;27.2;104;286.675;278.812;273;330;275;275;573.785;573.785;60;274.587;"KHP102      ";;4756.23;1;1
240;0.25;50.6076;26.1;0.826675;39.4734;27.3;106;287.269;278.812;273;330;275;275;573.929;573.929;60;274.568;;;4752.92;1;1
241;0.25;50.5035;26.1;0.860259;39.4734;27.3;106;287.225;278.769;273;330;275;275;573.929;573.929;60;274.535;;;4752.92;1;1
242;0.25;50.68;26.1;0.898674;39.3721;27.3;108;287.312;278.762;273;330;275;275;573.929;573.785;60;274.5;;;4752.92;1;1
243;0.25;50.5035;26.1;0.930855;39.2506;27.3;114;287.645;278.494;273;330;275;275;573.929;573.929;60;274.467;;;4752.92;1;1
244;0.25;50.5035;26.1;0.913212;39.2448;27.3;113;287.731;278.487;273;330;275;275;573.929;573.929;60;274.437;;;4750.71;1;1
245;0.25;50.3009;26.1;0.944693;39.1696;27.3;101;288.498;278.487;273;330;275;275;573.929;573.929;60;274.41;;;4750.71;1;1
246;0.25;50.3646;26.1;0.981078;38.9641;27.3;102;288.542;278.479;273;330;275;275;573.929;573.929;60;274.381;;;4750.71;1;1
247;0.25;50.5237;26.1;0.984177;39.2708;27.3;100;288.817;278.487;273;330;275;275;573.929;573.929;60;274.36;;;4750.71;1;1
248;0.25;50.5064;26.1;1.05441;39.3721;27.4;96;288.686;278.494;273;330;275;275;573.785;573.929;60;274.342;;;4745.18;1;1
249;0.25;50.7089;26.1;1.07638;39.0654;27.4;97;289.193;278.494;273;330;275;275;573.929;573.929;60;274.321;;;4745.18;1;1
250;0.25;51.0127;26.1;1.17193;39.0365;27.4;97;289.193;278.487;273;330;275;275;573.929;573.929;60;274.296;;;4745.18;1;1
251;0.25;50.6192;26.1;1.18058;39.1696;27.4;96;289.714;278.487;273;330;275;275;573.929;573.785;60;274.274;;;4745.18;1;1
252;0.25;50.3009;26.2;1.54983;39.2708;27.4;99;289.844;278.479;273;330;275;275;573.785;573.785;60;274.257;;;4745.18;1;1
253;0.25;50.6887;26.2;1.50863;39.1696;27.4;94;290.466;278.494;273;330;275;275;573.929;573.929;60;274.238;;;4744.8;1;1
254;0.25;50.3877;26.2;1.57011;38.9641;27.4;96;290.437;278.494;273;330;275;275;573.929;573.785;60;274.224;;;4744.8;1;1
255;0.25;50.0984;26.2;1.6136;38.8628;27.4;91;290.77;278.494;273;330;275;275;573.929;573.929;60;274.221;;;4744.8;1;1
256;0.25;50.4051;26.2;1.65869;38.967;27.5;90;290.639;278.508;273;330;275;275;574.074;574.074;60;274.219;;;4741.49;1;1
257;0.25;50.5064;26.2;1.64438;38.9641;27.5;90;290.683;278.508;273;330;275;275;574.074;574.074;60;274.224;;;4740.38;1;1
258;0.25;50.3009;26.3;1.99677;38.9612;27.5;90;291.102;278.472;273;330;275;275;574.219;574.219;60;274.233;;;4740.38;1;1
259;0.25;50.5035;26.3;2.05776;38.967;27.5;91;291.262;278.479;273;330;275;275;574.219;574.074;60;274.234;;;4740.38;1;1
260;0.25;50.1997;26.3;2.04539;39.0654;27.5;84;291.985;278.74;273;330;275;275;574.074;574.074;60;274.23;;;4738.18;1;1
261;0.25;50.5787;26.3;2.06083;39.0191;27.5;81;291.956;278.762;273;330;275;275;574.219;574.219;60;274.227;;;4738.18;1;1
262;0.25;50.7089;26.3;2.11928;39.1667;27.5;72;291.884;278.516;273;330;275;275;573.929;574.074;60;274.228;;;4738.18;1;1
263;0.25;50.9115;26.3;2.19889;39.0683;27.5;69;292.216;278.465;273;330;275;275;574.074;574.074;60;274.236;;;4738.18;1;1
264;0.25;50.9115;26.3;2.23448;39.0683;27.5;61;292.144;278.472;273;330;275;275;574.074;574.074;60;274.248;;;4734.86;1;1
265;0.25;50.7812;26.4;2.53806;38.967;27.5;54;292.13;278.523;273;330;275;275;574.074;573.929;60;274.261;;;4730.45;1;1
266;0.25;50.6047;26.4;2.59995;39.2766;27.6;54;292.057;278.646;273;330;275;275;573.929;573.929;60;274.27;;;4730.45;1;1
267;0.25;50.7089;26.4;2.58759;39.1667;27.6;52;292.795;278.646;273;330;275;275;573.929;573.929;60;274.265;;;4730.45;1;1
268;0.25;50.7147;26.4;2.6056;39.1696;27.6;47;292.911;278.61;273;330;275;275;573.929;573.929;60;274.248;;;4730.45;1;1
269;0.25;50.7089;26.4;2.6939;39.2535;27.6;39;292.94;278.812;273;330;275;275;573.785;573.785;60;274.231;;;4728.24;1;1
270;0.25;50.5932;26.4;2.65238;39.1696;27.6;37;292.882;278.595;273;330;275;275;573.64;573.64;60;274.205;;;4728.24;1;1
271;0.25;50.7089;26.5;3.03818;39.2564;27.6;35;292.723;278.841;273;330;275;275;573.64;573.785;60;274.181;;;4728.24;1;1
272;0.25;51.0127;26.5;3.0742;39.0683;27.6;31;292.708;278.848;273;330;275;275;573.785;573.64;60;274.154;;;4724.93;1;1
273;0.25;50.9057;26.5;3.08554;39.0683;27.6;33;292.766;278.479;273;330;275;275;573.785;573.785;60;274.124;;;4720.47;1;1
274;0.25;50.5035;26.5;3.06116;39.0654;27.6;35;292.853;278.516;273;330;275;275;573.785;573.785;60;274.09;"KHP102      ";;4720.47;1;1
275;0.25;50.7002;26.5;3.10851;39.0654;27.6;38;292.954;278.508;273;330;275;275;573.785;573.785;60;274.056;;;4720.47;1;1
276;0.25;50.7089;26.5;3.16218;39.3721;27.6;45;292.925;278.465;273;330;275;275;573.929;573.785;60;274.027;;;4720.47;1;1
277;0.25;50.7089;26.5;3.17992;39.3721;27.6;48;292.708;278.508;273;330;275;275;573.929;573.929;60;273.997;;;4719.36;1;1
278;0.25;50.6742;26.6;3.52179;39.4734;27.6;54;292.694;278.523;273;330;275;275;574.074;574.074;60;273.962;;;4719.36;1;1
279;0.25;50.5093;26.6;3.56326;39.3432;27.6;58;292.781;278.487;273;330;275;275;574.219;574.219;60;273.932;;;4719.36;1;1
280;0.25;50.4022;26.6;3.57332;39.1696;27.6;66;292.882;278.501;273;330;275;275;574.074;573.929;60;273.903;;;4713.85;1;1
281;0.25;50.1997;26.6;3.57649;39.2708;27.6;75;292.969;278.479;273;330;275;275;574.074;573.929;60;273.873;;;4712.75;1;1
282;0.25;50.1997;26.6;3.57649;39.3721;27.6;81;292.13;278.487;273;330;275;275;574.074;574.074;60;273.842;;;4712.75;1;1
283;0.25;50.3993;26.6;3.60832;39.4734;27.6;88;292.028;278.516;273;330;275;275;574.074;573.929;60;273.818;;;4712.75;1;1
284;0.25;50.6047;26.6;3.67609;39.5747;27.6;102;292.433;278.516;273;330;275;275;574.074;574.074;60;273.8;;;4712.75;1;1
285;0.25;50.6047;26.6;3.69377;39.4068;27.6;113;292.376;278.479;273;330;275;275;574.074;574.074;60;273.791;;;4711.65;1;1
286;0.25;50.6047;26.6;3.7468;39.4068;27.6;120;292.332;278.479;273;330;275;275;573.929;573.929;60;273.791;;;4710.55;1;1
287;0.25;50.7089;26.6;3.84311;39.3721;27.6;138;292.347;278.508;273;330;275;275;573.929;573.929;60;273.785;;;4710.55;1;1
288;0.25;50.8102;26.7;4.16026;39.077;27.6;142;292.086;278.508;273;330;275;275;573.929;573.929;60;273.774;;;4710.55;1;1
289;0.25;50.7089;26.7;4.13423;39.2708;27.6;150;292.144;278.516;273;330;275;275;573.929;573.929;60;273.755;;;4709.45;1;1
290;0.25;50.9143;26.7;4.22215;39.2708;27.6;154;292.636;278.487;273;330;275;275;574.074;574.074;60;273.739;;;4709.45;1;1
291;0.25;50.9115;26.7;4.25748;39.1696;27.6;156;292.882;278.508;273;330;275;275;574.074;574.074;60;273.714;;;4709.45;1;1
292;0.25;50.6308;26.7;4.26938;39.0654;27.6;154;292.839;278.508;273;330;275;275;573.929;574.074;60;273.701;;;4709.45;1;1
293;0.25;50.6453;26.7;4.2706;39.0654;27.6;148;292.723;278.501;273;330;275;275;574.074;573.929;60;273.698;;;4709.45;1;1
294;0.25;50.6076;26.7;4.35585;39.2737;27.6;148;293.388;278.472;273;330;275;275;574.074;573.929;60;273.698;;;4707.25;1;1
295;0.25;50.5064;26.7;4.32949;39.1696;27.6;148;293.084;278.487;273;330;275;275;574.074;574.074;60;273.71;;;4707.25;1;1
296;0.25;50.4022;26.7;4.4086;39.0683;27.6;142;293.909;278.516;273;330;275;275;574.074;574.074;60;273.714;;;4707.25;1;1
297;0.25;50.8825;26.7;4.45061;39.1696;27.6;138;293.967;278.508;273;330;275;275;574.074;574.074;60;273.713;;;4704.53;1;1
298;0.25;50.7465;26.7;4.42099;39.1696;27.6;128;294.083;278.508;273;330;275;275;574.219;574.074;60;273.711;;;4700.13;1;1
299;0.25;50.7089;26.7;4.48859;39.1696;27.6;125;293.996;278.472;273;330;275;275;574.219;574.074;60;273.707;;;4700.13;1;1
300;0.25;50.7089;26.7;4.52402;39.1696;27.7;121;294.748;278.472;273;330;275;275;574.219;574.074;60;273.684;;;4700.13;1;1
301;0.25;50.5035;26.8;4.84857;39.184;27.7;113;294.763;278.516;273;330;275;275;574.074;574.074;60;273.646;;;4695.73;1;1
302;0.25;50.0984;26.8;4.82718;39.1696;27.7;98;295.11;278.516;273;330;275;275;573.929;573.929;60;273.607;;;4695.73;1;1
303;0.25;50.7089;26.8;4.93916;39.3461;27.7;96;295.182;278.508;273;330;275;275;573.929;573.929;60;273.58;;;4695.73;1;1
304;0.25;50.8999;26.8;5.01112;39.1696;27.7;93;296.021;278.472;273;330;275;275;574.074;574.074;60;273.56;;;4694.63;1;1
305;0.25;50.6684;26.8;5.00603;39.1696;27.7;98;295.92;278.096;273;330;275;275;574.074;574.074;60;273.53;;;4691.07;1;1
306;0.25;50.5179;26.8;5.02646;39.2708;27.7;87;295.819;278.132;273;330;275;275;574.219;574.219;60;273.499;;;4691.07;1;1
307;0.25;50.6887;26.8;5.07887;39.2564;27.8;86;295.992;278.118;273;330;275;275;574.219;574.074;60;273.458;;;4689.97;1;1
308;0.25;50.6858;26.8;5.13172;39.1696;27.8;85;295.964;278.103;273;330;275;275;574.219;574.219;60;273.404;;;4689.97;1;1
309;0.25;50.5353;26.8;5.11649;39.1696;27.8;80;296.861;278.139;273;330;275;275;574.363;574.074;60;273.351;;;4689.97;1;1
310;0.25;50.8073;26.9;5.50672;39.1696;27.8;87;296.976;278.393;273;330;275;275;574.219;574.074;60;273.275;;;4687.77;1;1
311;0.25;50.5932;26.9;5.57189;39.3721;27.8;87;297.063;278.494;273;330;275;275;574.074;574.074;60;273.177;;;4687.77;1;1
312;0.25;50.5758;26.9;5.60533;39.1696;27.8;96;296.962;278.501;273;330;275;275;574.074;573.929;60;273.099;;;4687.77;1;1
313;0.25;50.7089;26.9;5.69095;39.0683;27.8;102;297.613;278.472;273;330;275;275;574.074;573.929;60;273.038;;;4685.57;1;1
314;0.25;50.8102;26.9;5.66681;39.0683;27.8;122;297.078;278.487;273;330;275;275;574.219;574.074;60;272.985;;;4680.08;1;1
315;0.25;50.8189;26.9;5.73879;39.1696;27.8;130;297.497;278.508;273;330;275;275;574.074;574.074;60;272.937;;;4676.79;1;1
316;0.25;50.7089;26.9;5.72637;39.0683;27.8;137;297.512;278.508;273;330;275;275;574.074;573.929;60;272.889;;;4676.79;1;1
317;0.25;50.7089;27;6.12382;39.1696;27.8;154;297.613;278.479;273;330;275;275;573.929;573.929;60;272.838;;;4675.69;1;1
318;0.25;50.9115;27;6.11271;39.1696;27.8;170;297.989;278.472;273;330;275;275;573.929;573.929;60;272.789;;;4675.69;1;1
319;0.25;50.9578;27;6.24288;39.1696;27.8;175;298.061;278.494;273;330;275;275;573.785;573.785;60;272.745;;;4675.69;1;1
320;0.25;50.7089;27;6.17697;39.1696;27.9;191;298.047;278.508;273;330;275;275;574.074;574.074;60;272.711;;;4675.69;1;1
321;0.25;50.3588;27;6.2223;39.1696;27.9;202;298.669;278.508;273;330;275;275;574.219;574.219;60;272.685;;;4675.69;1;1
322;0.25;50.1997;27;6.22018;39.265;27.9;212;298.611;278.487;273;330;275;275;574.219;574.219;60;272.664;;;4675.69;1;1
323;0.25;50.4022;27;6.28049;39.2014;27.9;222;298.843;278.479;273;330;275;275;574.219;574.219;60;272.645;;;4674.59;1;1
324;0.25;50.5035;27;6.34604;38.9612;27.9;227;298.857;278.501;273;330;275;275;574.219;574.074;60;272.64;;;4674.59;1;1
325;0.25;50.5064;27;6.31111;38.9641;27.9;224;299.754;278.494;273;330;275;275;574.219;574.219;60;272.636;;;4674.59;1;1
326;0.25;50.3993;27;6.35055;38.9641;27.9;223;299.899;278.487;273;330;275;275;574.363;574.219;60;272.637;;;4674.59;1;1
327;0.25;50.2922;27.1;6.74882;39.0683;27.9;226;300.159;278.494;273;330;275;275;574.363;574.363;60;272.642;;;4672.39;1;1
328;0.25;50.4022;27.1;6.74596;39.1696;27.9;231;300.868;278.501;273;330;275;275;574.363;574.219;60;272.646;;;4672.39;1;1
329;0.25;50.3299;27.1;6.77145;39.1696;27.9;218;301.042;278.501;273;330;275;275;574.363;574.219;60;272.655;;;4672.39;1;1
330;0.25;50.706;27.1;6.8752;39.0683;27.9;198;300.955;278.494;273;330;275;275;574.363;574.219;60;272.663;;;4668.73;1;1
331;0.25;50.8102;27.1;6.96035;38.9786;27.9;189;301.736;278.479;273;330;275;275;574.219;574.219;60;272.668;;;4667.63;1;1
332;0.25;50.6047;27.1;6.94988;38.9641;28;189;301.895;278.487;273;330;275;275;574.219;574.074;60;272.666;;;4665.44;1;1
333;0.25;50.5874;27.1;6.96517;39.0683;28;170;302.749;278.508;273;330;275;275;574.219;574.074;60;272.656;;;4664.34;1;1
334;0.25;50.5035;27.1;6.95361;39.1696;28;153;303.096;278.501;273;330;275;275;574.219;574.074;60;272.646;;;4664.34;1;1
335;0.25;50.5411;27.1;6.97645;39.1696;28;145;304.022;278.479;273;330;275;275;574.074;574.074;60;272.639;;;4663.24;1;1
336;0.25;50.6076;27.2;7.38229;39.2708;28;137;304.036;278.479;273;330;275;275;574.219;574.074;60;272.635;;;4663.24;1;1
337;0.25;50.5035;27.2;7.40238;39.2708;28.1;118;304.123;278.494;273;330;275;275;574.074;574.074;60;272.624;;;4663.24;1;1
338;0.25;50.7089;27.2;7.41478;39.2708;28.1;104;304.832;278.885;273;330;275;275;574.219;573.929;60;272.62;;;4659.95;1;1
339;0.25;50.3414;27.2;7.36105;39.1001;28.1;90;305.02;278.892;273;330;275;275;574.219;573.929;60;272.618;;;4657.76;1;1
340;0.25;50.5035;27.2;7.43767;38.9641;28.1;91;304.991;278.848;273;330;275;275;574.074;573.929;60;272.626;;;4656.67;1;1
341;0.25;50.5816;27.3;7.79258;39.1667;28.2;81;305.122;278.856;273;330;275;275;574.219;574.074;60;272.643;;;4656.67;1;1
342;0.25;51.0012;27.3;7.87504;39.3721;28.2;74;306.019;278.848;273;330;275;275;574.219;574.074;60;272.662;;;4655.57;1;1
343;0.25;51.0069;27.3;7.91159;39.3837;28.2;67;306.033;278.856;273;330;275;275;574.074;573.929;60;272.671;;;4654.47;1;1
344;0.25;51.0127;27.3;8.00159;39.3721;28.2;64;305.99;278.841;273;330;275;275;574.219;574.219;60;272.674;;;4654.47;1;1
345;0.25;50.7089;27.3;7.98937;39.3721;28.3;51;305.917;278.87;273;330;275;275;574.219;574.074;60;272.677;;;4654.47;1;1
346;0.25;50.4688;27.4;8.27655;39.265;28.3;48;305.802;278.87;273;330;275;275;574.219;574.219;60;272.671;"KHP102      ";;4653.38;1;1
347;0.25;50.5035;27.4;8.28224;38.967;28.3;52;305.773;278.87;273;330;275;275;574.219;574.219;60;272.65;;;4652.28;1;1
348;0.25;50.7089;27.4;8.33365;38.8947;28.3;50;305.396;278.487;273;330;275;275;574.219;574.074;60;272.631;;;4652.28;1;1
349;0.25;50.1997;27.4;8.28506;39.1262;28.3;42;305.498;278.501;273;330;275;275;574.074;573.929;60;272.625;;;4652.28;1;1
350;0.25;50.7089;27.4;8.40453;39.2708;28.3;45;306.047;278.487;273;330;275;275;574.074;573.929;60;272.651;;;4652.28;1;1
351;0.25;50.9433;27.4;8.44338;39.2708;28.4;45;306.004;278.494;273;330;275;275;574.074;573.929;60;272.702;;;4651.19;1;1
352;0.25;50.7089;27.5;8.78424;39.1696;28.4;40;305.136;278.494;273;330;275;275;574.074;573.929;60;272.757;;;4647.65;1;1
353;0.25;50.7089;27.5;8.74882;39.2708;28.4;33;305.006;278.494;273;330;275;275;574.074;574.074;60;272.79;;;4647.65;1;1
354;0.25;50.9115;27.5;8.83711;39.2506;28.4;36;305.02;278.487;273;330;275;275;574.074;574.074;60;272.805;;;4646.55;1;1
355;0.25;50.761;27.5;8.82873;39.0683;28.4;38;304.803;278.501;273;330;275;275;574.219;574.074;60;272.816;;;4641.67;1;1
356;0.25;50.7089;27.5;8.81967;38.967;28.4;43;304.369;278.479;273;330;275;275;574.219;574.074;60;272.825;;;4641.67;1;1
357;0.25;50.706;27.5;8.80146;39.1696;28.4;49;304.225;278.479;273;330;275;275;574.219;574.074;58.064;272.834;;;4641.67;1;1
358;0.25;50.9143;27.5;8.87321;39.2708;28.4;52;304.167;278.479;273;330;275;275;574.219;574.219;55.0325;272.841;;;4641.67;1;1
359;0.25;51.088;27.5;8.90347;39.3721;28.4;49;303.284;278.602;273;330;275;275;574.363;574.219;55;272.848;;;4641.67;1;1
360;0.25;51.1169;27.5;8.92637;39.2708;28.4;45;303.212;278.602;273;330;275;275;574.363;574.219;55;272.852;;;4641.67;1;1
361;0.25;50.9115;27.5;8.92607;39.1233;28.4;52;302.937;278.602;273;330;275;275;574.363;574.363;55;272.821;;;4641.67;1;1
362;0.25;50.9115;27.5;8.97942;39.0654;28.4;59;303.038;278.595;273;330;275;275;574.363;574.363;55;272.775;;;4641.67;1;1
363;0.25;50.8102;27.5;8.92606;39.2014;28.4;60;302.416;278.595;273;330;275;275;574.508;574.363;55;272.715;;;4641.67;1;1
364;0.25;50.7089;27.5;8.9437;39.3721;28.5;66;302.185;278.595;273;330;275;275;574.653;574.508;54.385;272.66;;;4641.67;1;1
365;0.25;50.8102;27.5;8.96156;39.3374;28.5;84;302.112;278.588;273;330;275;275;574.653;574.653;50.5951;272.617;;;4641.67;1;1
366;0.25;50.9057;27.5;8.9784;39.1696;28.5;100;301.259;278.595;273;330;275;275;574.653;574.653;50;272.582;;;4641.67;1;1
367;0.25;50.7089;27.5;8.99687;38.9641;28.5;109;301.172;278.602;273;330;275;275;574.653;574.653;50;272.561;;;4641.67;1;1
368;0.25;50.7407;27.5;8.98476;39.0307;28.5;124;300.883;278.494;273;330;275;275;574.508;574.508;50;272.543;;;4641.67;1;1
369;0.25;50.9086;27.5;9.01448;39.2708;28.5;140;300.911;278.487;273;330;275;275;574.653;574.363;50;272.527;;;4641.67;1;1
370;0.25;50.7697;27.5;8.98989;39.1696;28.5;157;300.217;278.487;273;330;275;275;574.508;574.508;50;272.513;;;4641.67;1;1
371;0.25;50.4022;27.5;8.92482;39.0654;28.5;162;300.275;278.479;273;330;275;275;574.508;574.508;50;272.512;;;4641.67;1;1
372;0.25;50.5035;27.5;8.96042;39.2708;28.5;174;300.42;278.479;274;330;275;275;574.508;574.363;50;272.522;;;4641.67;1;1
373;0.25;50.9954;27.5;9.04769;39.4734;28.5;187;300.347;278.494;274;330;275;275;574.508;574.508;50;272.531;;;4641.67;1;1
374;0.25;50.952;27.5;9.03999;39.3721;28.5;243;300;278.494;274;330;275;275;574.508;574.508;50;272.546;;;4641.67;1;1
375;0.25;50.8102;27.5;9.03259;39.2708;28.5;320;299.942;278.487;274;330;275;275;574.508;574.363;50;272.54;;;4641.67;1;1
376;0.25;50.9867;27.5;9.06396;39.1667;28.5;416;300.087;278.487;274;330;275;275;574.508;574.363;50;272.526;;;4641.67;1;1
377;0.25;50.6887;27.5;9.01098;39.0596;28.6;503;300.68;278.479;274;330;275;275;574.508;574.508;50;272.52;;;4641.67;1;1
378;0.25;50.6047;27.5;8.97838;38.8628;28.6;542;300.159;278.472;274;330;275;275;574.508;574.363;50;272.523;;;4641.67;1;1
379;0.25;50.6076;27.5;8.99658;38.8628;28.6;540;301.157;278.494;274;330;275;275;574.508;574.363;50;272.532;;;4641.67;1;1
380;0.25;50.4022;27.5;8.97766;38.8108;28.6;538;301.389;278.487;274;330;275;275;574.363;574.363;50;272.531;;;4641.67;1;1
381;0.25;50.6076;27.5;9.04962;38.86;28.6;518;302.778;278.487;274;330;275;275;574.508;574.219;50;272.53;;;4641.67;1;1
382;0.25;50.5064;27.5;8.99622;39.0799;28.6;504;303.111;278.479;274;330;275;275;574.363;574.219;50;272.536;;;4641.67;1;1
383;0.25;50.3993;27.6;9.28412;39.1811;28.7;478;303.979;278.479;274;330;275;275;574.363;574.219;50;272.543;;;4641.67;1;1
384;0.25;50.0955;27.6;9.22815;39.2708;28.7;448;305.049;278.501;274;330;275;275;574.363;574.074;50;272.544;;;4641.67;1;1
385;0.25;50.2199;27.6;9.28616;39.1696;28.7;421;306.872;278.494;274;330;275;275;574.219;574.074;50;272.532;;;4641.67;1;1
386;0.25;50.3646;27.6;9.29531;38.9641;28.7;387;307.986;278.487;274;330;275;275;574.363;574.219;50;272.511;;;4640.82;1;1
387;0.25;50.5208;27.6;9.32415;38.86;28.8;349;309.028;278.487;274;330;275;275;574.363;574.219;50;272.479;;;4639.73;1;1
388;0.25;50.6221;27.6;9.34284;38.8628;28.8;323;309.983;278.487;274;330;275;275;574.219;574.219;50;272.441;;;4639.73;1;1
389;0.25;50.8044;27.6;9.37649;38.8628;28.9;284;310.894;278.487;274;330;275;275;574.219;574.074;50;272.408;;;4639.73;1;1
390;0.25;50.9404;27.7;9.65844;38.967;28.9;262;311.748;278.501;274;330;275;275;574.219;574.219;50;272.38;;;4639.73;1;1
391;0.25;51.1169;27.7;9.70976;39.1667;29;223;312.587;278.494;274;330;275;275;574.219;574.074;50;272.366;;;4639.73;1;1
392;0.25;50.9115;27.8;9.98081;39.3721;29;198;313.223;278.494;274;330;275;275;574.219;574.074;50;272.369;;;4639.73;1;1
393;0.25;50.5035;27.8;9.91848;39.3721;29.1;183;314.366;278.487;274;330;275;275;574.219;574.074;50;272.371;;;4639.73;1;1
394;0.25;51.0156;27.8;10.0191;39.1667;29.2;170;314.858;278.487;274;330;275;275;574.219;574.074;50;272.354;;;4639.73;1;1
395;0.25;51.114;27.9;10.3854;39.1059;29.2;148;315.828;278.487;274;330;275;275;574.219;574.074;50;272.343;;;4638.64;1;1
396;0.25;50.6047;27.9;10.2643;39.2708;29.3;137;316.45;278.494;274;330;275;275;574.219;574.219;50;272.341;;;4638.64;1;1
397;0.25;50.6076;28;10.5554;39.2564;29.3;121;316.753;278.494;274;330;275;275;574.219;574.074;50;272.346;;;4638.64;1;1
398;0.25;50.9115;28;10.5832;39.1696;29.4;99;317.347;278.494;274;330;275;275;574.219;574.074;50;272.359;;;4638.64;1;1
399;0.25;51.1169;28.1;11.0087;39.1117;29.4;90;317.303;278.508;274;330;275;275;574.074;573.929;50;272.369;;;4638.64;1;1
400;0.25;50.8102;28.1;10.9249;38.9641;29.4;72;317.636;278.487;274;330;275;275;574.074;573.929;50;272.376;;;4638.64;1;1
401;0.25;50.6076;28.2;11.2072;38.9728;29.4;65;318.475;278.494;274;330;275;275;573.929;573.929;50;272.385;;;4638.64;1;1
402;0.25;50.3009;28.2;11.0866;39.1696;29.5;57;318.562;278.501;274;330;275;275;573.929;573.785;50;272.386;;;4637.54;1;1
403;0.25;50.7928;28.3;11.5753;39.2188;29.5;49;318.547;278.501;274;330;275;275;573.929;573.785;50;272.388;;;4636.45;1;1
404;0.25;50.9115;28.3;11.6024;39.1696;29.5;46;318.519;278.494;274;330;275;275;573.785;573.64;50;272.39;;;4635.35;1;1
405;0.25;50.8275;28.4;11.8573;39.2708;29.5;43;318.417;278.588;274;330;275;275;573.929;573.785;50;272.402;;;4634.26;1;1
406;0.25;50.7089;28.4;11.8296;39.1696;29.5;43;318.345;278.595;274;330;275;275;573.929;573.929;50;272.425;;;4634.26;1;1
407;0.25;50.0955;28.5;11.9567;39.0683;29.5;39;318.359;278.617;274;330;275;275;574.074;573.929;50;272.456;"KHP102      ";;4634.26;1;1
408;0.25;49.8929;28.5;11.8909;38.9728;29.5;39;318.403;278.624;274;330;275;275;574.074;573.929;50;272.495;;;4633.17;1;1
409;0.25;50.1997;28.5;11.964;39.1117;29.5;38;317.708;278.639;274;330;275;275;574.074;573.929;50;272.53;;;4629.89;1;1
410;0.25;50.6279;28.6;12.3567;39.4126;29.5;35;317.549;278.639;274;330;275;275;574.074;573.929;50;272.567;;;4628.79;1;1
411;0.25;50.5035;28.6;12.291;39.3721;29.5;40;317.491;278.639;274;330;275;275;574.074;573.929;50;272.593;;;4627.79;1;1
412;0.25;50.9086;28.6;12.3896;38.9641;29.5;43;316.739;278.689;274;330;275;275;573.929;573.785;50;272.609;;;4627.79;1;1
413;0.25;50.9115;28.6;12.4081;38.8628;29.5;43;316.392;278.704;274;330;275;275;573.929;573.785;50;272.611;;;4627.79;1;1
414;0.25;50.298;28.7;12.5825;38.886;29.5;47;315.639;278.704;274;330;275;275;573.929;573.929;50;272.588;;;4626.16;1;1
415;0.25;50.298;28.7;12.5298;39.0654;29.4;52;315.234;278.711;274;330;275;275;573.929;574.074;50;272.554;;;4625.07;1;1
416;0.25;50.5035;28.7;12.581;39.0683;29.4;65;314.685;278.696;274;330;275;275;574.074;574.219;50;272.524;;;4625.07;1;1
417;0.25;50.9925;28.7;12.6315;39.0654;29.4;79;314.511;278.711;274;330;275;275;574.074;573.929;50;272.49;;;4625.07;1;1
418;0.25;51.0156;28.8;12.9836;39.0654;29.4;89;313.817;278.711;274;330;275;275;574.074;573.929;50;272.465;;;4623.98;1;1
419;0.25;50.9115;28.8;12.9749;39.0654;29.4;108;313.773;278.704;274;330;275;275;573.929;573.929;50;272.438;;;4623.98;1;1
420;0.25;50.5064;28.8;12.8187;39.1696;29.3;126;313.31;278.704;274;330;275;275;574.074;573.929;50;272.425;;;4622.89;1;1
421;0.25;50.3935;28.8;12.7725;39.2708;29.3;143;312.601;278.711;274;330;275;275;573.929;573.785;50;272.403;;;4622.89;1;1
422;0.25;50.4022;28.8;12.7747;39.4734;29.3;157;312.211;278.747;274;330;275;275;573.785;573.785;50;272.374;;;4621.79;1;1
423;0.25;50.0984;28.8;12.6627;39.2795;29.3;177;311.632;278.754;274;330;275;275;573.785;573.929;50;272.342;;;4620.55;1;1
424;0.25;50.298;28.8;12.6956;39.1696;29.2;197;311.299;278.747;274;330;275;275;573.785;573.929;50;272.32;;;4620.55;1;1
425;0.25;50.3009;28.8;12.6436;38.8628;29.2;211;311.4;278.754;274;330;275;275;573.929;573.785;50;272.295;;;4618.37;1;1
426;0.25;50.6047;28.8;12.7199;38.9641;29.2;222;310.836;279.008;274;330;275;275;573.785;573.64;50;272.276;;;4618.37;1;1
427;0.25;50.5961;28.8;12.7001;38.9641;29.2;232;310.807;279;274;330;275;275;573.785;573.785;50;272.267;"KHP102      ";;4617.27;1;1
428;0.25;50.6076;28.8;12.6323;38.9641;29.2;253;310.764;279;274;330;275;275;573.785;573.785;50;272.273;;;4616.18;1;1
429;0.25;50.7407;28.8;12.6478;38.9641;29.2;271;310.272;279.008;274;330;275;275;573.785;573.785;50;272.299;;;4615.09;1;1
430;0.25;50.3704;28.8;12.5554;39.158;29.1;275;310.214;279.008;274;330;275;275;573.929;573.785;50;272.352;;;4611.82;1;1
431;0.25;50.1997;28.8;12.4953;39.1696;29.1;284;310.142;279.008;274;330;275;275;573.785;573.64;50;272.43;;;4611.82;1;1
432;0.25;50.5035;28.8;12.5004;39.0683;29.1;294;310.966;279.008;274;330;275;275;573.785;573.64;50;272.527;;;4611.82;1;1
433;0.25;50.4022;28.8;12.4753;38.967;29.1;297;311.01;279;274;330;275;275;573.64;573.64;50;272.635;"KHP102      ";;4609.64;1;1
434;0.25;50.5035;28.8;12.4474;39.0654;29.1;287;310.88;279;274;330;275;275;573.64;573.495;50;272.736;;;4609.64;1;1
435;0.25;50.0868;28.8;12.3622;39.0654;29.1;266;310.938;279;274;330;275;275;573.64;573.495;50;272.805;;;4608.63;1;1
436;0.25;50.1968;28.8;12.4069;38.9641;29.1;247;311.299;279.008;274;330;275;275;573.495;573.495;50;272.852;;;4608.63;1;1
437;0.25;50.1968;28.9;12.625;38.9641;29.1;229;311.198;279.008;274;330;275;275;573.64;573.495;50;272.872;;;4607.54;1;1
438;0.25;50.2112;28.9;12.6286;39.1753;29.1;205;311.444;279;274;330;275;275;573.64;573.495;50;272.88;;;4605.35;1;1
439;0.25;50.6047;28.9;12.7099;39.1696;29.1;179;312.211;279;274;330;275;275;573.64;573.495;50;272.902;;;4603.63;1;1
440;0.25;50.5613;28.9;12.6813;38.9757;29.1;159;312.341;279;274;330;275;275;573.495;573.495;50;272.927;;;4603.63;1;1
441;0.25;50.2112;28.9;12.5584;38.7818;29.1;143;313.064;279;274;330;275;275;573.495;573.495;50;272.96;;;4602.54;1;1
442;0.25;50.5729;28.9;12.5959;38.8628;29.1;122;312.63;279.008;274;330;275;275;573.495;573.351;50;272.998;;;4602.54;1;1
443;0.25;50.6047;28.9;12.6038;38.9699;29.1;99;313.455;279.008;274;330;275;275;573.495;573.351;50;273.044;;;4602.54;1;1
444;0.25;50.5035;28.9;12.5786;38.9902;29.1;83;313.354;279.008;274;330;275;275;573.64;573.351;50;273.095;;;4601.45;1;1
445;0.25;50.5324;28.9;12.5328;39.0683;29.2;66;313.267;279.008;274;330;275;275;573.495;573.495;50;273.15;;;4601.45;1;1
446;0.25;50.2778;28.9;12.4521;39.1696;29.2;53;313.209;279.008;274;330;275;275;573.495;573.495;50;273.189;;;4600.35;1;1
447;0.25;49.8929;29;12.6432;39.1001;29.2;40;313.209;279;274;330;275;275;573.64;573.495;50;273.226;;;4600.35;1;1
448;0.25;50.1997;29;12.721;38.8628;29.2;30;313.354;279;274;330;275;275;573.64;573.495;50;273.25;;;4598.17;1;1
449;0.25;50.9115;29;12.8658;38.8628;29.2;21;313.455;279.008;274;330;275;275;573.495;573.351;50;273.288;;;4595.99;1;1
450;0.25;50.6944;29;12.8286;38.8021;29.2;0;313.383;279.008;274;330;275;275;573.495;573.351;50;273.326;;;4593.82;1;1
451;0.25;50.7378;29;12.8042;38.7905;29.2;0;313.296;279.008;274;330;275;275;573.495;573.351;50;273.352;;;4593.82;1;1
452;0.25;50.9115;29;12.8124;38.8628;29.2;0;313.006;279;274;330;275;275;573.351;573.206;50;273.376;;;4593.82;1;1
453;0.25;50.7089;29;12.7437;38.7616;29.2;0;312.934;279;274;330;275;275;573.206;573.061;50;273.421;;;4591.85;1;1
454;0.25;50.8102;29.1;13.0609;38.7616;29.2;0;312.269;279;274;330;275;275;573.061;572.772;50;273.483;;;4590.76;1;1
455;0.25;50.8073;29.1;13.0779;38.9641;29.2;0;311.82;279.008;274;330;275;275;573.061;572.772;50;273.566;;;4590.76;1;1
456;0.25;50.8102;29.1;12.9899;38.9641;29.2;0;311.372;279.008;274;330;275;275;572.917;572.772;50;273.645;;;4590.76;1;1
457;0.25;50.6076;29.1;12.9027;39.0654;29.1;0;310.692;279.008;274;330;275;275;573.061;572.772;50;273.702;;;4590.76;1;1
458;0.25;50.7089;29.1;12.9285;38.9902;29.1;0;310.677;279.008;274;330;275;275;572.917;572.772;50;273.751;;;4588.59;1;1
459;0.25;50.8102;29.1;12.9543;38.9641;29.1;0;309.621;279;274;330;275;275;573.061;572.917;50;273.811;;;4588.59;1;1
460;0.25;50.9115;29.1;12.9446;39.0683;29.1;0;309.115;279;274;330;275;275;572.917;572.917;50;273.866;;;4588.59;1;1
461;0.25;50.5064;29.1;12.8063;38.9641;29.1;0;308.637;279;274;330;275;275;572.917;572.772;50;273.898;;;4588.59;1;1
462;0.25;50.8131;29.1;12.8486;39.1696;29;0;308.203;279.008;274;330;275;275;572.917;572.772;50;273.89;;;4588.59;1;1
463;0.25;50.7089;29.1;12.8045;39.2679;29;0;307.784;279.008;274;330;275;275;572.917;572.772;50;273.857;;;4585.91;1;1
464;0.25;50.5874;29.1;12.7562;39.0654;29;0;307.234;279.008;274;330;275;275;572.917;572.627;50;273.815;;;4585.91;1;1
465;0.25;50.8767;29.1;12.8469;39.1696;29;0;306.597;279.008;274;330;275;275;573.061;572.772;50;273.791;;;4585.52;1;1
466;0.25;50.8275;29.1;12.8167;39.1696;28.9;0;305.99;279;274;330;275;275;573.061;572.772;50;273.773;;;4584.43;1;1
467;0.25;51.0127;29;12.4814;39.0683;28.9;0;305.483;279.326;274;330;275;275;573.061;572.917;50;273.764;;;4583.34;1;1
468;0.25;50.842;29;12.4041;38.9641;28.9;3;305.078;279.304;274;330;275;275;573.206;572.917;50;273.76;;;4582.25;1;1
469;0.25;50.6944;29;12.315;38.8628;28.8;14;304.123;279.34;274;330;275;275;573.061;572.772;50;273.756;;;4581.16;1;1
470;0.25;50.8102;29;12.3254;38.8628;28.8;33;303.791;279.362;274;330;275;275;572.917;572.627;50;273.738;;;4581.16;1;1
471;0.25;50.6076;29;12.2939;39.1667;28.8;61;303.168;279.333;274;330;275;275;573.061;572.772;50;273.72;;;4580.67;1;1
472;0.25;50.6076;29;12.2232;39.0654;28.8;89;302.619;279.355;274;330;275;275;572.917;572.772;50;273.719;;;4579.77;1;1
473;0.25;50.3009;28.9;11.8603;39.1696;28.7;113;301.895;279.34;274;330;275;275;573.061;572.772;50;273.725;;;4579.77;1;1
474;0.25;50.5035;28.9;11.908;39.1696;28.7;135;301.49;279.362;274;330;275;275;573.061;572.917;50;273.738;;;4579.77;1;1
475;0.25;50.5035;28.9;11.8551;39.0654;28.7;155;300.926;279.355;274;330;275;275;573.206;572.917;50;273.724;;;4579.77;1;1
476;0.25;50.6076;28.9;11.8796;38.8773;28.7;170;300.579;279.355;274;330;275;275;573.206;572.917;50;273.692;;;4579.77;1;1
477;0.25;50.7089;28.9;11.8148;38.9641;28.6;177;300.608;279.297;274;330;275;275;573.206;573.061;50;273.677;;;4578.68;1;1
478;0.25;50.9057;28.8;11.5328;38.7616;28.6;190;300.101;279.355;274;330;275;275;573.351;573.061;50;273.665;;;4578.68;1;1
479;0.25;50.7089;28.8;11.5413;38.7587;28.6;211;300.029;279.333;274;330;275;275;573.351;573.206;50;273.655;;;4577.59;1;1
480;0.25;50.5035;28.8;11.4593;38.8628;28.6;219;299.913;279.326;274;330;275;275;573.495;573.206;50;273.644;;;4575.41;1;1
481;0.25;50.4977;28.8;11.4227;39.1059;28.6;227;299.378;279.333;274;330;275;275;573.495;573.351;50;273.643;;;4574.33;1;1
482;0.25;50.3009;28.8;11.3606;38.9641;28.5;238;299.349;279.311;274;330;275;275;573.495;573.206;50;273.653;;;4574.33;1;1
483;0.25;50.2025;28.7;10.98;39.2737;28.5;249;299.899;279.326;274;330;275;275;573.495;573.206;50;273.676;;;4574.33;1;1
484;0.25;50.6163;28.7;11.0705;39.4734;28.5;248;300.101;279.282;274;330;275;275;573.351;573.206;50;273.699;;;4574.33;1;1
485;0.25;51.0041;28.7;11.1731;39.6644;28.5;246;300.13;279.282;274;330;275;275;573.206;573.061;50;273.725;;;4574.33;1;1
486;0.25;51.5017;28.7;11.1742;39.4734;28.5;244;300.55;279.268;274;330;275;275;573.206;573.061;50;273.769;;;4572.15;1;1
487;0.25;51.5278;28.7;11.2159;39.6759;28.5;244;300.55;279.261;274;330;275;275;573.206;573.061;50;273.818;;;4572.15;1;1
488;0.25;51.8374;28.7;11.2289;39.7772;28.5;227;300.883;279.246;274;330;275;275;573.206;573.061;50;273.863;;;4567.93;1;1
489;0.25;51.8287;28.6;10.9114;39.7772;28.5;218;300.955;279.239;274;330;275;275;573.206;572.917;50;273.886;;;4566.84;1;1
490;0.25;51.4207;28.6;10.7536;39.7946;28.5;203;301.548;279.232;274;330;275;275;572.917;572.627;50;273.891;;;4566.84;1;1
491;0.25;51.5365;28.6;10.7598;39.9826;28.5;182;302.17;279.217;274;330;275;275;572.917;572.627;50;273.888;;;4566.84;1;1
492;0.25;51.8287;28.6;10.8027;39.8785;28.5;172;302.677;279.225;274;330;275;275;572.917;572.627;50;273.881;;;4564.67;1;1
493;0.25;51.8171;28.6;10.746;39.6759;28.5;159;303.111;279.225;274;330;275;275;572.917;572.772;50;273.866;;;4563.58;1;1
494;0.25;51.6262;28.6;10.7605;39.7801;28.5;137;302.995;279.217;274;330;275;275;572.772;572.772;50;273.844;;;4563.58;1;1
495;0.25;51.6233;28.6;10.7058;39.7772;28.5;134;303.342;279.196;274;330;275;275;572.772;572.627;50;273.829;;;4562.49;1;1
496;0.25;51.4207;28.6;10.6638;39.6759;28.5;117;303.993;279.188;274;330;275;275;572.772;572.772;50;273.805;;;4561.37;1;1
497;0.25;51.7014;28.6;10.6858;39.7917;28.6;103;304.094;279.188;274;330;275;275;572.772;572.627;50;273.782;;;4561.37;1;1
498;0.25;51.8287;28.6;10.694;39.9826;28.6;95;304.543;279.181;274;330;275;275;572.772;572.627;50;273.772;;;4561.37;1;1
499;0.25;52.0312;28.6;10.7177;40.2865;28.6;89;304.572;279.181;274;330;275;275;572.917;572.772;50;273.768;;;4561.37;1;1
500;0.25;51.6233;28.6;10.6336;40.0897;28.6;85;305.208;279.167;274;330;275;275;573.061;572.772;50;273.77;;;4561.37;1;1
501;0.25;51.8229;28.6;10.6385;39.8814;28.6;75;305.136;279.159;274;330;275;275;573.061;572.772;50;273.787;;;4561.37;1;1
502;0.25;51.93;28.6;10.6787;39.8814;28.6;72;305.064;279.159;274;330;275;275;573.061;572.772;50;273.828;;;4558.11;1;1
503;0.25;51.9271;28.6;10.6418;39.6875;28.6;71;305.281;279.145;274;330;275;275;572.772;572.627;50;273.87;;;4558.11;1;1
504;0.25;51.7274;28.6;10.5647;39.7772;28.6;69;305.281;279.138;274;330;275;275;572.627;572.483;50;273.906;;;4557.03;1;1
505;0.25;51.522;28.6;10.5047;39.8843;28.6;58;305.339;279.123;274;330;275;275;572.772;572.483;50;273.946;;;4554.9;1;1
506;0.25;51.7274;28.6;10.5466;39.8785;28.6;53;305.425;279.123;274;330;275;275;572.917;572.627;50;273.987;;;4553.82;1;1
507;0.25;51.8287;28.6;10.5492;39.9826;28.6;53;305.498;279.123;274;330;275;275;572.917;572.772;50;274.033;"KHP102      ";;4553.25;1;1
508;0.25;51.8316;28.6;10.5317;40.0839;28.6;52;305.483;279.13;274;330;275;275;573.061;572.917;50;274.074;;;4552.17;1;1
509;0.25;51.93;28.6;10.5698;40.0347;28.6;49;305.411;279.123;274;330;275;275;573.061;572.917;50;274.112;;;4552.17;1;1
510;0.25;52.0312;28.6;10.4995;40.0839;28.6;43;305.31;279.123;274;330;275;275;573.206;573.061;50;274.144;;;4552.17;1;1
511;0.25;51.8287;28.6;10.4949;39.9826;28.6;0;304.991;279.123;274;330;275;275;573.206;573.061;50;274.17;;;4547.82;1;1
512;0.25;51.4207;28.6;10.3943;39.7772;28.6;0;305.035;279.116;274;330;275;275;573.206;572.917;50;274.184;;;4546.74;1;1
513;0.25;51.6204;28.6;10.3805;39.7772;28.5;3;305.165;279.123;274;330;275;275;573.206;572.917;50;274.185;;;4544.58;1;1
514;0.25;51.4236;28.6;10.323;39.7396;28.5;5;304.485;279.507;274;330;275;275;573.206;573.061;50;274.176;;;4544.58;1;1
515;0.25;51.5249;28.6;10.3433;39.7801;28.5;0;304.485;279.507;274;330;275;275;573.206;572.917;50;274.168;;;4544.58;1;1
516;0.25;51.7274;28.6;10.3478;39.8785;28.5;0;304.123;279.514;274;330;275;275;573.206;572.917;50;274.169;;;4544.58;1;1
517;0.25;51.8287;28.6;10.3319;39.8814;28.5;0;304.008;279.507;274;330;275;275;573.061;572.772;50;274.181;;;4544.58;1;1
518;0.25;51.7274;28.6;10.3117;39.9826;28.5;0;303.154;279.507;274;330;275;275;572.917;572.627;50;274.186;;;4544.58;1;1
519;0.25;51.4612;28.6;10.2586;40.0839;28.4;3;302.98;279.499;274;330;275;275;573.061;572.772;50;274.187;"KHP102      ";;4544.58;1;1
520;0.25;51.114;28.6;10.1358;39.8872;28.4;14;303.125;279.499;274;330;275;275;572.917;572.772;50;274.191;;;4543.72;1;1
521;0.25;51.522;28.6;10.2167;39.8814;28.4;25;302.373;279.507;274;330;275;275;572.917;572.772;50;274.206;;;4542.63;1;1
522;0.25;51.6262;28.5;9.86883;39.9016;28.4;32;302.199;279.507;274;330;275;275;572.917;572.627;50;274.228;;;4539.79;1;1
523;0.25;51.8634;28.5;9.93233;40.0839;28.4;44;301.302;279.507;274;330;275;275;573.061;572.772;50;274.253;;;4539.79;1;1
524;0.25;51.93;28.5;9.89062;39.8929;28.3;60;301.201;279.507;274;330;275;275;572.917;572.772;50;274.285;;;4539.79;1;1
525;0.25;52.1325;28.5;9.9292;39.7772;28.3;65;300.897;279.507;274;330;275;275;573.061;572.772;50;274.328;;;4538.71;1;1
526;0.25;52.338;28.5;9.95005;39.6759;28.3;73;300.087;279.507;274;330;275;275;573.061;572.772;50;274.364;;;4538.71;1;1
527;0.25;51.9444;28.5;9.85709;39.7772;28.3;82;300.26;279.507;274;330;275;275;572.917;572.772;50;274.394;;;4538.71;1;1
528;0.25;51.8461;28.5;9.87464;39.7772;28.2;91;300.116;279.507;274;330;275;275;573.061;572.917;50;274.425;;;4535.32;1;1
529;0.25;51.93;28.4;9.53805;39.7772;28.2;97;299.32;279.528;274;330;275;275;573.206;572.917;50;274.457;;;4535.32;1;1
530;0.25;51.8287;28.4;9.42892;39.8785;28.2;98;299.277;279.507;274;330;275;275;573.351;573.061;50;274.488;;;4535.32;1;1
531;0.25;51.7477;28.4;9.41418;39.9855;28.2;100;298.886;279.507;274;330;275;275;573.351;573.206;50;274.521;;;4535.32;1;1
532;0.25;51.522;28.4;9.3371;39.8785;28.2;104;298.857;279.615;274;330;275;275;573.495;573.206;50;274.553;;;4532.07;1;1
533;0.25;51.522;28.4;9.30111;39.8785;28.1;100;298.929;279.868;274;330;275;275;573.351;573.061;50;274.582;;;4532.07;1;1
534;0.25;51.8027;28.3;9.03626;39.9016;28.1;99;298.727;279.818;274;330;275;275;573.351;573.061;50;274.597;;;4532.07;1;1
535;0.25;51.8287;28.3;9.0408;40.0839;28.1;96;298.799;279.818;274;330;275;275;573.351;573.061;50;274.618;;;4532.07;1;1
536;0.25;51.6233;28.3;8.9148;40.0839;28.1;89;298.278;279.622;274;330;275;275;573.206;572.917;50;274.627;;;4526.66;1;1
537;0.25;51.8866;28.3;8.97839;39.9826;28.1;80;298.669;279.832;274;330;275;275;573.061;572.917;50;274.62;;;4526.21;1;1
538;0.25;51.8518;28.3;8.9905;39.8785;28.1;74;298.611;279.782;274;330;275;275;573.061;572.917;50;274.596;;;4524.05;1;1
539;0.25;51.8287;28.2;8.5984;39.8785;28.1;78;298.524;279.782;274;330;275;275;573.061;572.917;50;274.567;;;4524.05;1;1
540;0.25;52.0457;28.2;8.6344;39.7772;28;76;297.83;279.818;274;330;275;275;573.061;572.917;50;274.552;;;4524.05;1;1
541;0.25;52.1325;28.2;8.63056;39.8785;28;74;297.83;279.818;274;330;275;275;573.061;572.917;50;274.546;;;4524.05;1;1
542;0.25;52.1325;28.2;8.61235;39.974;28;78;297.946;279.839;274;330;275;275;573.061;572.917;50;274.549;;;4523.83;1;1
543;0.25;52.338;28.2;8.60972;39.6759;28;83;298.047;279.832;274;330;275;275;573.061;572.917;50;274.554;;;4522.75;1;1
544;0.25;52.1586;28.2;8.58021;39.6209;28;88;298.076;279.782;274;330;275;275;573.206;572.917;50;274.554;;;4522.75;1;1
545;0.25;51.7245;28.1;8.1215;39.6788;28;87;298.003;279.825;274;330;275;275;573.206;572.917;50;274.547;;;4522.75;1;1
546;0.25;51.7274;28.1;8.12195;39.7772;28;88;297.888;279.659;274;330;275;275;573.061;572.917;50;274.547;;;4521.66;1;1
547;0.25;51.6175;28.1;8.10469;39.8785;28;90;297.844;279.68;274;330;275;275;573.061;572.917;50;274.556;;;4520.58;1;1
548;0.25;51.6233;28.1;8.08756;39.7772;28;88;297.844;279.716;274;330;275;275;572.917;572.772;50;274.569;;;4519.5;1;1
549;0.25;51.8316;28.1;8.08396;39.7454;28;87;297.989;279.789;274;330;275;275;572.917;572.627;50;274.6;;;4518.42;1;1
550;0.25;52.1181;28.1;8.12864;39.3721;28;88;298.076;279.767;274;330;275;275;572.772;572.627;50;274.642;"KHP102      ";;4517.34;1;1
551;0.25;52.0804;28.1;8.06819;39.4734;28;90;298.032;279.76;274;330;275;275;572.917;572.772;50;274.667;;;4517.34;1;1
552;0.25;51.9907;28;7.71948;39.5718;28;87;297.902;279.724;274;330;275;275;572.917;572.772;50;274.674;;;4515.17;1;1
553;0.25;51.8837;28;7.68545;39.5747;28;84;297.844;279.731;274;330;275;275;573.061;572.917;50;274.676;;;4514.09;1;1
554;0.25;51.93;28;7.72859;39.6759;28;80;297.917;279.731;274;330;275;275;573.061;572.917;50;274.666;;;4514.09;1;1
555;0.25;52.1238;28;7.68461;39.8814;28;77;297.931;279.738;274;330;275;275;573.061;572.917;50;274.664;;;4513.01;1;1
556;0.25;51.93;28;7.63789;40.2865;28;76;298.018;279.695;274;330;275;275;573.206;572.772;50;274.668;;;4512.25;1;1
557;0.25;51.8287;28;7.56865;40.1852;27.9;74;298.076;279.695;274;330;275;275;573.206;572.917;50;274.682;;;4512.25;1;1
558;0.25;51.93;28;7.61975;39.7772;27.9;73;298.003;279.695;274;330;275;275;573.061;572.772;50;274.69;;;4512.25;1;1
559;0.25;51.8258;28;7.55012;39.4734;27.9;69;297.873;279.731;274;330;275;275;573.061;572.772;50;274.692;;;4512.25;1;1
560;0.25;51.8287;27.9;7.21677;39.6759;27.9;65;297.801;279.724;274;330;275;275;573.061;572.772;50;274.693;;;4512.25;1;1
561;0.25;51.7245;27.9;7.14806;39.6759;27.9;63;297.309;279.673;274;330;275;275;573.061;572.772;50;274.693;;;4510.09;1;1
562;0.25;51.4352;27.9;7.0901;39.4734;27.9;62;297.338;279.673;274;330;275;275;572.917;572.917;50;274.694;;;4509.49;1;1
563;0.25;51.6233;27.9;7.09799;39.8814;27.9;64;297.425;279.709;274;330;275;275;572.917;572.772;50;274.695;;;4509.49;1;1
564;0.25;51.7245;27.9;7.12999;40.0839;27.9;71;297.41;279.709;274;330;275;275;572.917;572.627;50;274.689;;;4506.25;1;1
565;0.25;52.0312;27.9;7.09953;39.6759;27.9;74;297.381;279.774;274;330;275;275;572.772;572.627;50;274.675;;;4506.25;1;1
566;0.25;51.9358;27.9;7.12282;39.5747;27.9;74;297.352;279.803;274;330;275;275;572.772;572.627;50;274.667;"KHP102      ";;4505.17;1;1
567;0.25;52.0312;27.9;7.08136;39.6759;27.9;77;297.092;279.688;274;330;275;275;572.917;572.627;50;274.659;;;4505.17;1;1
568;0.25;52.1325;27.9;7.02229;39.6759;27.9;78;297.063;279.666;274;330;275;275;572.772;572.483;50;274.661;;;4505.17;1;1
569;0.25;51.8287;27.8;6.66569;39.7193;27.9;78;296.861;279.659;274;330;275;275;572.772;572.627;50;274.677;;;4505.17;1;1
570;0.25;51.8287;27.8;6.64759;39.8698;27.9;80;296.976;279.63;274;330;275;275;572.772;572.627;50;274.691;;;4504.09;1;1
571;0.25;51.6262;27.8;6.60358;39.8785;27.9;87;297.063;279.63;274;330;275;275;572.772;572.483;50;274.703;;;4501.93;1;1
572;0.25;51.93;27.8;6.55171;39.7772;27.8;92;296.991;279.847;274;330;275;275;572.772;572.627;50;274.714;;;4500.85;1;1
573;0.25;51.93;27.8;6.60613;39.8814;27.8;91;296.933;279.659;274;330;275;275;572.917;572.627;50;274.723;;;4500.85;1;1
574;0.25;51.4236;27.8;6.50578;39.9826;27.8;91;296.788;279.832;274;330;275;275;572.917;572.627;50;274.73;;;4499.77;1;1
575;0.25;51.7274;27.8;6.52615;39.8293;27.8;92;296.788;279.63;274;330;275;275;572.917;572.627;50;274.724;;;4497.61;1;1
576;0.25;51.93;27.8;6.53356;39.7772;27.8;92;296.962;279.839;274;330;275;275;572.917;572.772;50;274.71;;;4495.61;1;1
577;0.25;51.8258;27.8;6.48425;39.7801;27.8;88;297.049;279.847;274;330;275;275;572.772;572.627;50;274.697;;;4493.54;1;1
578;0.25;51.9271;27.7;6.10807;39.7801;27.8;87;297.034;279.825;274;330;275;275;572.772;572.627;50;274.684;;;4493.37;1;1
579;0.25;52.1354;27.7;6.07794;39.6788;27.8;87;296.918;279.832;274;330;275;275;572.772;572.627;50;274.665;;;4492.29;1;1
580;0.25;52.0312;27.7;6.06579;39.5747;27.8;86;296.832;279.832;274;330;275;275;572.772;572.627;50;274.65;;;4492.29;1;1
581;0.25;51.6233;27.7;5.98216;39.8785;27.8;87;296.788;279.839;274;330;275;275;572.772;572.627;50;274.624;;;4492.29;1;1
582;0.25;51.6233;27.7;5.98216;39.9826;27.7;88;296.875;279.847;274;330;275;275;572.917;572.627;50;274.617;;;4492.29;1;1
583;0.25;51.6638;27.7;5.96881;39.592;27.7;92;296.976;279.839;274;330;275;275;572.917;572.483;50;274.623;;;4492.29;1;1
584;0.25;51.7332;27.7;5.8503;39.6991;27.7;92;297.078;279.847;274;330;275;275;572.772;572.483;50;274.634;;;4492.29;1;1
585;0.25;51.6233;27.7;5.8559;40.0839;27.7;97;297.005;279.868;274;330;275;275;572.772;572.483;50;274.652;;;4491.21;1;1
586;0.25;51.8229;27.7;5.86044;39.9826;27.7;100;296.904;279.876;274;330;275;275;572.772;572.483;50;274.675;;;4488.37;1;1
587;0.25;51.7188;27.7;5.8306;39.8438;27.7;99;296.803;279.883;274;330;275;275;572.627;572.483;50;274.687;;;4487.25;1;1
588;0.25;51.6233;27.7;5.76573;39.7772;27.7;99;296.803;279.861;274;330;275;275;572.627;572.338;50;274.693;;;4487.25;1;1
589;0.25;52.0312;27.6;5.45801;39.5747;27.7;100;296.904;279.861;274;330;275;275;572.627;572.483;50;274.698;;;4486.17;1;1
590;0.25;51.93;27.6;5.42925;39.4734;27.7;99;296.991;279.868;274;330;275;275;572.627;572.338;50;274.698;;;4486.17;1;1
591;0.25;51.93;27.6;5.37482;39.5052;27.7;97;297.772;279.876;274;330;275;275;572.627;572.483;50;274.708;;;4485.05;1;1
592;0.25;51.7245;27.6;5.31742;39.2708;27.7;92;297.743;279.868;274;330;275;275;572.627;572.483;50;274.709;;;4485.05;1;1
593;0.25;51.7245;27.6;5.29935;39.5602;27.7;83;297.425;279.738;274;330;275;275;572.772;572.483;50;274.703;;;4485.05;1;1
594;0.25;51.7245;27.6;5.26319;39.5747;27.7;78;297.381;279.753;274;330;275;275;572.917;572.627;50;274.691;;;4483.97;1;1
595;0.25;51.6435;27.6;5.20082;39.6759;27.7;72;297.512;279.868;274;330;275;275;572.917;572.627;50;274.669;;;4479.66;1;1
596;0.25;51.522;27.6;5.20658;39.7772;27.7;76;297.309;279.745;274;330;275;275;572.917;572.772;50;274.648;;;4477.89;1;1
597;0.25;51.6262;27.6;5.21711;39.5949;27.6;73;297.323;279.731;274;330;275;275;572.772;572.627;50;274.625;;;4477.89;1;1
598;0.25;51.6262;27.6;5.163;39.7743;27.6;73;297.309;279.688;274;330;275;275;572.917;572.483;50;274.597;;;4476.81;1;1
599;0.25;51.93;27.6;5.17525;39.7772;27.6;87;298.018;279.68;274;330;275;275;572.627;572.483;50;274.563;;;4475.73;1;1
600;0.25;52.2367;27.6;5.15104;39.7772;27.6;88;298.105;279.68;274;330;275;275;572.627;572.338;50;274.524;;;4475.73;1;1
601;0.25;52.0689;27.6;5.13449;39.7801;27.6;78;298.032;279.673;274;330;275;275;572.483;572.193;50;274.483;;;4475.73;1;1
602;0.25;52.0312;27.5;4.70482;39.6007;27.6;78;297.902;279.673;274;330;275;275;572.338;572.193;50;274.455;;;4475.73;1;1
603;0.25;51.93;27.5;4.65938;39.4734;27.6;85;297.772;279.688;274;330;275;275;572.338;572.193;50;274.437;;;4474.66;1;1
604;0.25;51.8287;27.5;4.59595;39.5747;27.6;90;297.83;279.919;274;330;275;275;572.483;572.193;50;274.415;;;4473.58;1;1
605;0.25;51.8287;27.5;4.57785;39.5718;27.6;92;298.032;279.651;274;330;275;275;572.483;572.193;50;274.389;;;4472.5;1;1
606;0.25;51.6233;27.5;4.5597;39.6759;27.6;103;298.134;279.651;274;330;275;275;572.483;572.193;50;274.373;;;4472.5;1;1
607;0.25;51.7274;27.5;4.58697;39.7772;27.6;111;298.032;279.695;274;330;275;275;572.483;572.193;50;274.367;;;4472.5;1;1
608;0.25;51.7419;27.5;4.51595;39.7772;27.6;113;298.047;279.912;274;330;275;275;572.483;572.338;50;274.357;;;4472.5;1;1
609;0.25;52.1325;27.5;4.53183;39.6759;27.6;124;297.902;279.702;274;330;275;275;572.627;572.338;50;274.34;"KHP102      ";;4471.43;1;1
610;0.25;51.8374;27.5;4.45182;39.6759;27.6;132;297.844;279.666;274;330;275;275;572.483;572.338;50;274.324;"KHP102      ";;4470.35;1;1
611;0.25;51.93;27.5;4.45978;39.7772;27.5;135;297.815;279.666;274;330;275;275;572.772;572.483;50;274.32;;;4468.2;1;1
612;0.25;51.7766;27.5;4.35617;39.7772;27.5;135;297.931;279.716;274;330;275;275;572.772;572.483;50;274.31;;;4468.2;1;1
613;0.25;52.1354;27.5;4.42278;39.8814;27.5;147;298.047;279.651;274;330;275;275;572.772;572.483;50;274.3;;;4467.12;1;1
614;0.25;52.2338;27.5;4.33989;39.7772;27.5;149;298.351;279.644;274;330;275;275;572.772;572.483;50;274.299;;;4467.12;1;1
615;0.25;52.0312;27.5;4.30486;39.7743;27.5;149;298.322;279.651;274;330;275;275;572.772;572.483;50;274.29;;;4464.97;1;1
616;0.25;51.8287;27.4;3.97246;39.8785;27.5;142;298.814;279.912;274;330;275;275;572.772;572.483;50;274.28;;;4464.97;1;1
617;0.25;51.8287;27.4;3.8638;39.7772;27.5;151;298.163;279.651;274;330;275;275;572.627;572.338;50;274.27;;;4464.97;1;1
618;0.25;52.1325;27.4;3.90466;39.9161;27.5;146;298.9;279.912;274;330;275;275;572.627;572.338;50;274.262;;;4463.89;1;1
619;0.25;51.93;27.4;3.83506;39.7772;27.5;151;298.843;279.644;274;330;275;275;572.772;572.338;50;274.256;;;4460.66;1;1
620;0.25;51.6204;27.4;3.77611;39.5862;27.5;142;298.958;279.644;274;330;275;275;572.627;572.483;50;274.253;;;4459.59;1;1
621;0.25;51.6522;27.4;3.76039;39.5747;27.5;144;299.334;279.651;274;330;275;275;572.627;572.338;50;274.269;;;4459.59;1;1
622;0.25;51.6262;27.4;3.70439;39.6759;27.5;143;299.392;279.644;274;330;275;275;572.627;572.483;50;274.296;;;4459.59;1;1
623;0.25;51.522;27.4;3.67892;39.8785;27.5;140;300.101;279.622;274;330;275;275;572.627;572.483;50;274.33;;;4458.51;1;1
624;0.25;51.6262;27.4;3.70439;39.8785;27.5;140;299.986;279.63;274;330;275;275;572.627;572.338;50;274.358;;;4457.44;1;1
625;0.25;51.6233;27.4;3.63205;39.8785;27.5;126;299.87;279.637;274;330;275;275;572.627;572.338;50;274.383;;;4454.45;1;1
626;0.25;51.522;27.4;3.6069;39.8785;27.5;114;300.072;279.637;274;330;275;275;572.627;572.338;50;274.406;;;4454.45;1;1
627;0.25;51.3137;27.4;3.53854;39.7772;27.5;108;300.145;279.651;274;330;275;275;572.627;572.483;50;274.428;;;4454.45;1;1
628;0.25;51.4554;27.4;3.47641;39.8814;27.5;96;301.085;279.89;274;330;275;275;572.483;572.193;50;274.456;;;4454.45;1;1
629;0.25;51.6233;27.4;3.52382;40.0752;27.5;83;301.128;279.637;274;330;275;275;572.627;572.193;50;274.484;;;4454.45;1;1
630;0.25;52.0312;27.4;3.51531;39.8785;27.5;70;301.157;279.651;274;330;275;275;572.483;572.193;50;274.509;;;4451.22;1;1
631;0.25;51.93;27.4;3.47216;39.8814;27.5;63;301.794;279.89;274;330;275;275;572.483;572.338;50;274.531;;;4451.22;1;1
632;0.25;52.1325;27.4;3.4675;40.0839;27.5;56;301.36;279.637;274;330;275;275;572.627;572.483;50;274.547;;;4451.22;1;1
633;0.25;52.1325;27.4;3.44928;40.1881;27.5;38;301.736;279.883;274;330;275;275;572.483;572.193;50;274.544;;;4449.07;1;1
634;0.25;51.8287;27.4;3.35676;40.1852;27.5;35;301.664;279.912;274;330;275;275;572.483;572.193;50;274.529;;;4448;1;1
635;0.25;51.93;27.4;3.3996;40.081;27.5;29;301.722;279.905;274;330;275;275;572.483;572.338;50;274.533;;;4447.46;1;1
636;0.25;51.7419;27.4;3.33306;39.8785;27.5;0;301.852;279.912;274;330;275;275;572.483;572.193;50;274.55;;;4447.2;1;1
637;0.25;51.7245;27.4;3.31387;39.6759;27.5;0;301.953;279.912;274;330;275;275;572.483;572.193;50;274.566;;;4446.13;1;1
638;0.25;52.0081;27.4;3.31385;39.5747;27.5;0;301.953;279.905;274;330;275;275;572.338;572.193;50;274.577;;;4446.13;1;1
639;0.25;51.9792;27.4;3.29385;39.6759;27.5;0;301.91;279.905;274;330;275;275;572.483;572.049;50;274.581;;;4446.13;1;1
640;0.25;51.522;27.4;3.19288;39.8785;27.5;0;301.823;279.905;274;330;275;275;572.483;572.193;50;274.596;;;4445.05;1;1
641;0.25;51.6233;27.4;3.23522;39.8727;27.5;0;300.94;279.905;274;330;275;275;572.338;572.049;50;274.618;;;4445.05;1;1
642;0.25;51.7274;27.4;3.20561;39.7772;27.5;0;300.883;279.897;274;330;275;275;572.193;572.049;50;274.643;;;4445.05;1;1
643;0.25;51.4207;27.4;3.13271;39.7772;27.5;0;300.955;279.89;274;330;275;275;572.049;571.904;50;274.672;;;4443.98;1;1
644;0.25;51.6233;27.4;3.14505;39.6759;27.5;0;300.752;279.883;274;330;275;275;572.049;571.904;50;274.699;;;4439.68;1;1
645;0.25;52.0312;27.4;3.11536;39.7801;27.5;0;300.868;279.883;274;330;275;275;572.049;571.904;50;274.725;;;4438.61;1;1
646;0.25;52.1065;27.3;2.8025;39.7772;27.5;0;300.13;279.883;274;330;275;275;572.193;571.904;50;274.756;;;4437.54;1;1
647;0.25;51.8316;27.3;2.7515;39.6817;27.5;0;299.74;279.876;274;330;275;275;572.193;572.049;50;274.79;;;4437.54;1;1
648;0.25;51.8287;27.3;2.71513;39.5747;27.4;0;299.667;279.876;274;330;275;275;572.193;572.049;50;274.828;;;4437.54;1;1
649;0.25;51.6898;27.3;2.70786;39.4734;27.4;0;298.857;279.876;274;330;275;275;572.338;572.049;50;274.843;;;4436.46;1;1
650;0.25;51.6233;27.3;2.70437;39.4734;27.4;2;298.423;279.803;274;330;275;275;572.338;572.049;50;274.838;;;4436.46;1;1
651;0.25;51.4207;27.3;2.6758;39.7772;27.4;2;298.09;279.659;274;330;275;275;572.338;572.049;50;274.819;;;4436.46;1;1
652;0.25;51.4207;27.3;2.65783;39.8785;27.4;2;297.96;279.803;274;330;275;275;572.483;572.049;50;274.8;;;4433.24;1;1
653;0.25;51.8287;27.3;2.71513;39.7772;27.4;7;297.685;279.825;274;330;275;275;572.338;572.193;50;274.795;;;4431.1;1;1
654;0.25;52.1325;27.3;2.69463;39.6759;27.4;14;297.729;279.818;274;330;275;275;572.338;572.049;50;274.81;;;4431.1;1;1
655;0.25;52.4508;27.2;2.3183;39.6759;27.3;20;296.991;279.81;274;330;275;275;572.338;572.049;50;274.824;;;4431.1;1;1
656;0.25;52.1325;27.2;2.26781;39.5747;27.3;30;296.441;279.803;274;330;275;275;572.338;572.049;50;274.809;;;4431.1;1;1
657;0.25;51.713;27.2;2.26763;39.6296;27.3;44;295.775;279.81;274;330;275;275;572.338;572.049;50;274.768;;;4431.1;1;1
658;0.25;51.6233;27.2;2.26369;39.6701;27.3;53;295.761;279.803;274;330;275;275;572.193;571.904;50;274.735;;;4426.81;1;1
659;0.25;51.8316;27.2;2.23661;39.5862;27.3;64;295.457;279.789;274;330;275;275;572.193;571.904;50;274.74;;;4425.73;1;1
660;0.25;51.6262;27.2;2.20971;39.5718;27.3;76;294.965;279.651;274;330;275;275;572.049;571.759;50;274.758;;;4425.73;1;1
661;0.25;51.6262;27.1;1.84117;39.6672;27.3;87;295.023;279.651;274;330;275;275;572.049;571.615;50;274.749;;;4424.66;1;1
662;0.25;51.7274;27.1;1.88092;39.4734;27.3;99;294.517;279.782;274;330;275;275;572.049;571.759;50;274.702;;;4424.66;1;1
663;0.25;51.6291;27.1;1.82324;39.7772;27.3;106;294.444;279.782;274;330;275;275;572.049;571.904;50;274.637;;;4423.58;1;1
664;0.25;51.8287;27.1;1.84839;39.6759;27.2;116;294.3;279.774;274;330;275;275;572.049;571.759;50;274.594;;;4422.51;1;1
665;0.25;52.0312;27.1;1.83744;39.6759;27.2;133;293.707;279.68;274;330;275;275;571.904;571.759;50;274.565;;;4421.44;1;1
666;0.25;52.037;27;1.50253;39.7396;27.2;146;293.837;279.673;274;330;275;275;571.904;571.615;50;274.539;;;4420.37;1;1
667;0.25;52.2338;27;1.50821;39.8814;27.2;158;293.938;279.68;274;330;275;275;571.904;571.615;50;274.496;;;4420.37;1;1
668;0.25;52.0312;27;1.48416;39.6759;27.2;170;293.996;279.76;274;330;275;275;572.049;571.759;50;274.453;;;4420.37;1;1
669;0.25;51.93;27;1.46313;39.5312;27.2;179;293.793;279.68;274;330;275;275;572.049;571.904;50;274.417;"KHP102      ";;4418.51;1;1
670;0.25;51.93;27;1.42684;39.7801;27.2;184;293.678;279.666;274;330;275;275;572.193;572.049;50;274.396;;;4417.44;1;1
671;0.25;51.8287;27;1.40596;39.673;27.2;194;293.663;279.651;274;330;275;275;572.193;572.049;50;274.389;;;4417.44;1;1
672;0.25;51.9329;27;1.39064;39.2708;27.2;205;293.764;279.659;274;330;275;275;572.193;571.904;50;274.394;;;4416.36;1;1
673;0.25;51.93;26.9;1.05613;39.6152;27.2;210;294.141;279.644;274;330;275;275;572.193;571.904;50;274.401;;;4415.29;1;1
674;0.25;52.0312;26.9;1.09455;39.7772;27.2;210;294.227;279.651;274;330;275;275;572.049;571.904;50;274.419;;;4413.15;1;1
675;0.25;51.8287;26.9;1.09028;39.9826;27.2;209;295.009;279.651;274;330;275;275;572.193;571.904;50;274.439;;;4413.15;1;1
676;0.25;51.93;26.9;1.07427;40.0839;27.2;203;295.11;279.651;274;330;275;275;572.193;572.049;50;274.463;;;4413.15;1;1
677;0.25;51.8258;26.9;1.10833;39.8814;27.3;201;295.124;279.499;274;330;275;275;572.193;572.049;50;274.473;;;4412.08;1;1
678;0.25;51.93;26.9;1.05613;39.7193;27.3;189;295.718;279.492;274;330;275;275;572.049;571.904;50;274.472;;;4411.01;1;1
679;0.25;52.0312;26.9;1.05819;39.8814;27.3;178;296.137;279.492;274;330;275;275;572.049;571.759;50;274.475;;;4411.01;1;1
680;0.25;51.93;26.9;1.07427;39.9797;27.3;170;296.34;279.492;274;330;275;275;572.049;571.904;50;274.478;;;4411.01;1;1
681;0.25;51.739;26.9;1.07032;39.9826;27.3;157;297.049;279.499;274;330;275;275;572.049;571.759;50;274.481;;;4411.01;1;1
682;0.25;51.8287;26.9;1.07218;39.8814;27.3;144;297.468;279.492;274;330;275;275;571.904;571.615;50;274.486;;;4411.01;1;1
683;0.25;51.8084;26.9;1.01746;39.9826;27.4;131;298.018;279.492;274;330;275;275;571.759;571.615;50;274.51;;;4408.87;1;1
684;0.25;52.1325;26.9;1.02383;39.9826;27.4;113;298.307;279.492;274;330;275;275;571.904;571.615;50;274.537;;;4408.87;1;1
685;0.25;52.3351;26.9;1.08265;39.8814;27.4;96;298.264;279.492;274;330;275;275;571.904;571.615;50;274.564;;;4408.87;1;1
686;0.25;52.1325;26.9;1.00562;39.7772;27.4;87;298.828;279.492;274;330;275;275;571.904;571.759;50;274.584;;;4407.8;1;1
687;0.25;51.93;26.9;1.05613;39.7801;27.5;76;299.219;279.499;274;330;275;275;571.904;571.759;50;274.581;;;4402.96;1;1
688;0.25;52.1065;26.9;1.02332;39.9826;27.5;61;299.45;279.499;274;330;275;275;571.904;571.759;50;274.588;;;4399.75;1;1
689;0.25;52.2338;26.9;0.989297;39.8814;27.5;46;300.072;279.492;274;330;275;275;571.759;571.615;50;274.605;;;4399.75;1;1
690;0.25;51.8027;26.9;0.981131;39.7801;27.5;34;300.405;279.492;274;330;275;275;571.759;571.615;50;274.618;;;4399.75;1;1
691;0.25;51.7506;26.9;1.07056;39.7772;27.5;28;300.405;279.485;274;330;275;275;571.759;571.615;50;274.607;;;4398.68;1;1
692;0.25;52.0284;26.9;1.09448;39.8785;27.6;0;300.333;279.492;274;330;275;275;571.904;571.615;50;274.583;;;4397.61;1;1
693;0.25;51.9531;26.9;1.00216;39.9797;27.6;0;300.304;279.709;274;330;275;275;571.904;571.615;50;274.578;;;4397.61;1;1
694;0.25;51.9184;26.9;1.03776;39.9826;27.6;0;300.26;279.492;274;330;275;275;572.049;571.904;50;274.58;;;4396.54;1;1
695;0.25;51.93;26.9;1.05613;39.9826;27.6;0;300.318;279.673;274;330;275;275;572.049;571.759;50;274.578;;;4396.54;1;1
696;0.25;52.092;27;1.32209;40.1852;27.6;0;300.434;279.709;274;330;275;275;572.049;571.759;50;274.569;;;4396.54;1;1
697;0.25;52.0284;27;1.41137;39.9797;27.6;0;300.463;279.709;274;330;275;275;572.049;571.615;50;274.552;;;4394.4;1;1
698;0.25;52.0081;27;1.41082;39.9826;27.6;0;300.506;279.492;274;330;275;275;571.904;571.759;50;274.528;;;4394.4;1;1
699;0.25;51.93;27;1.33614;39.8814;27.6;0;300.477;279.651;274;330;275;275;571.904;571.759;50;274.499;;;4394.4;1;1
700;0.25;51.901;27;1.37166;39.6759;27.6;0;300.087;279.688;274;330;275;275;571.904;571.759;50;274.474;;;4392.27;1;1
701;0.25;51.6233;27;1.34628;39.5747;27.6;0;299.957;279.666;274;330;275;275;571.904;571.759;50;274.45;;;4391.2;1;1
702;0.25;51.8432;27;1.37013;39.6759;27.6;2;299.117;279.514;274;330;275;275;571.904;571.759;50;274.433;;;4390.13;1;1
703;0.25;52.0284;27;1.33867;39.8814;27.6;7;299.407;279.492;274;330;275;275;572.049;571.904;50;274.417;;;4389.06;1;1
704;0.25;51.8287;27;1.36975;39.7772;27.6;16;298.944;279.514;274;330;275;275;572.049;571.904;50;274.399;;;4389.06;1;1
705;0.25;51.522;27;1.36164;39.6759;27.6;30;299.074;279.514;274;330;275;275;572.049;571.904;50;274.391;;;4389.06;1;1
706;0.25;51.8287;27;1.46027;39.6759;27.6;46;298.38;279.514;274;330;275;275;572.193;571.904;50;274.399;;;4389.06;1;1
707;0.25;51.6667;27;1.36546;39.6759;27.6;66;298.076;279.514;274;330;275;275;572.049;571.904;50;274.407;;;4389.06;1;1
708;0.25;51.6233;27;1.38235;39.4734;27.6;82;297.975;279.622;274;330;275;275;571.904;571.759;50;274.411;;;4389.06;1;1
709;0.25;51.8287;27;1.38785;39.4734;27.6;86;297.078;279.651;274;330;275;275;571.904;571.615;50;274.389;;;4389.06;1;1
710;0.25;51.7274;27;1.42128;39.6759;27.5;96;297.005;279.644;274;330;275;275;571.904;571.615;50;274.354;;;4389.06;1;1
711;0.25;52.0312;27;1.3751;39.7772;27.5;114;296.788;279.622;274;330;275;275;571.759;571.47;50;274.323;;;4386.24;1;1
712;0.25;52.338;27;1.41977;39.7772;27.5;120;296.904;279.622;274;330;275;275;571.904;571.47;50;274.297;;;4385.17;1;1
713;0.25;52.1325;27;1.43241;39.6759;27.5;133;297.063;279.868;274;330;275;275;571.904;571.615;50;274.275;;;4385.17;1;1
714;0.25;52.1325;27;1.37777;39.6557;27.5;139;296.282;279.644;274;330;275;275;571.759;571.759;50;274.255;;;4385.17;1;1
715;0.25;51.93;27;1.46313;39.5747;27.5;152;296.282;279.644;274;330;275;275;571.904;571.759;50;274.233;;;4384.1;1;1
716;0.25;51.7159;26.9;1.06984;39.6615;27.5;173;296.209;279.615;274;330;275;275;571.904;571.759;50;274.2;;;4383.04;1;1
717;0.25;51.6233;26.9;1.08596;39.6759;27.5;173;296.123;279.622;274;330;275;275;571.904;571.759;50;274.172;;;4381.97;1;1
718;0.25;51.7101;26.9;1.10585;39.7772;27.5;175;296.05;279.644;274;330;275;275;571.904;571.759;50;274.152;;;4381.9;1;1
719;0.25;51.8287;26.9;1.09028;39.702;27.5;192;296.007;279.644;274;330;275;275;571.904;571.759;50;274.133;"KHP102      ";;4380.84;1;1
720;0.25;51.93;26.9;1.11056;39.6267;27.5;196;296.065;279.615;274;330;275;275;572.049;571.759;50;274.11;;;4380.84;1;1
721;0.25;52.0255;26.9;1.09442;39.6759;27.5;201;296.962;279.622;274;330;275;275;572.049;571.759;50;274.089;;;4377.43;1;1
722;0.25;52.0284;26.9;1.05813;39.673;27.5;196;297.063;279.861;274;330;275;275;571.904;571.759;50;274.063;;;4377.43;1;1
723;0.25;51.8258;26.9;1.10833;39.8814;27.5;197;297.266;279.644;274;330;275;275;572.049;571.759;50;274.035;;;4376.36;1;1
724;0.25;51.9213;26.9;1.11037;39.9826;27.5;204;297.164;279.644;274;330;275;275;572.049;571.759;50;274.024;;;4376.36;1;1
725;0.25;51.7506;26.9;1.1248;39.9855;27.5;188;297.888;279.615;274;330;275;275;572.049;571.759;50;274.032;;;4375.29;1;1
726;0.25;51.8403;26.9;1.10864;39.9826;27.6;195;297.815;279.615;274;330;275;275;572.049;571.759;50;274.053;;;4375.29;1;1
727;0.25;52.2164;26.9;1.15316;39.9797;27.6;196;298.134;279.637;274;330;275;275;572.049;571.759;50;274.087;;;4375.29;1;1
728;0.25;52.3235;26.9;1.13725;40.1852;27.6;192;299.016;279.637;274;330;275;275;571.904;571.615;50;274.121;;;4374.23;1;1
729;0.25;51.7969;26.9;1.16202;39.8669;27.6;187;299.117;279.622;274;330;275;275;571.904;571.47;50;274.153;;;4373.16;1;1
730;0.25;51.4236;26.9;1.11769;39.5747;27.6;172;299.291;279.622;274;330;275;275;571.759;571.47;50;274.186;;;4371.75;1;1
731;0.25;51.4207;26.9;1.15358;39.7801;27.6;161;300.029;279.622;274;330;275;275;571.759;571.325;50;274.217;;;4370.51;1;1
732;0.25;51.4207;26.9;1.18951;39.7772;27.7;148;299.942;279.528;274;330;275;275;571.615;571.325;50;274.244;;;4370.51;1;1
733;0.25;51.93;26.9;1.18315;39.6441;27.7;127;300.101;279.499;274;330;275;275;571.615;571.325;50;274.268;;;4370.51;1;1
734;0.25;52.0255;26.9;1.16715;39.6759;27.7;120;300.969;279.499;274;330;275;275;571.615;571.181;50;274.289;;;4370.51;1;1
735;0.25;52.39;27;1.53102;39.8785;27.7;104;301.1;279.536;274;330;275;275;571.615;571.325;50;274.314;;;4370.51;1;1
736;0.25;52.3553;27;1.53001;39.8814;27.7;78;301.331;279.528;274;330;275;275;571.47;571.181;50;274.337;;;4366.24;1;1
737;0.25;51.9531;27;1.55455;39.7078;27.8;67;302.199;279.499;274;330;275;275;571.47;571.181;50;274.367;;;4366.24;1;1
738;0.25;51.8287;27;1.47838;39.7743;27.8;52;302.069;279.499;274;330;275;275;571.47;571.181;50;274.393;;;4366.24;1;1
739;0.25;51.7274;27;1.49359;39.5718;27.8;35;301.968;279.528;274;330;275;275;571.47;571.181;50;274.414;;;4365.18;1;1
740;0.25;51.9126;27;1.55334;39.7772;27.8;23;302.691;279.528;274;330;275;275;571.47;571.181;50;274.427;;;4365.18;1;1
741;0.25;51.7274;27;1.58394;39.9826;27.8;8;302.763;279.536;274;330;275;275;571.47;571.036;50;274.448;;;4365.18;1;1
742;0.25;51.8142;27;1.55039;39.8814;27.9;0;302.879;279.507;274;330;275;275;571.47;571.181;50;274.459;;;4364.11;1;1
743;0.25;51.7477;27.1;1.91781;39.919;27.9;0;302.98;279.499;274;330;275;275;571.325;571.036;50;274.463;;;4364.11;1;1
744;0.25;51.93;27.1;1.90643;40.0839;27.9;0;302.922;279.897;274;330;275;275;571.325;571.036;50;274.468;;;4363.05;1;1
745;0.25;52.0312;27.1;1.92832;39.8929;27.9;0;302.879;279.905;274;330;275;275;571.325;571.036;50;274.471;;;4358.78;1;1
746;0.25;51.7274;27.1;1.93513;39.8814;27.9;0;302.821;279.905;274;330;275;275;571.181;571.036;50;274.474;;;4356.65;1;1
747;0.25;51.8287;27.1;1.92082;39.8785;27.9;0;302.734;279.905;274;330;275;275;571.325;571.036;50;274.484;;;4355.49;1;1
748;0.25;51.4207;27.1;1.92366;39.9826;27.9;0;301.939;279.905;274;330;275;275;571.181;571.036;50;274.497;;;4354.42;1;1
749;0.25;51.5191;27.1;1.94534;40.0839;27.9;0;302.04;279.897;274;330;275;275;571.181;570.891;50;274.508;"KHP102      ";;4352.29;1;1
750;0.25;51.6059;27.1;1.9847;39.7772;27.9;0;302.156;279.912;274;330;275;275;571.036;570.747;50;274.518;;;4352.29;1;1
751;0.25;51.522;27.1;1.98147;39.5747;27.9;0;301.953;279.905;274;330;275;275;571.036;570.602;50;274.527;;;4352.29;1;1
752;0.25;51.7535;27.2;2.30556;39.5747;27.9;0;301.143;279.912;274;330;275;275;570.891;570.602;50;274.536;;;4352.29;1;1
753;0.25;51.8258;27.2;2.36312;39.7801;27.9;0;301.056;279.912;274;330;275;275;570.891;570.602;50;274.555;;;4350.16;1;1
754;0.25;51.6262;27.2;2.31795;39.6759;27.9;0;300.752;279.912;274;330;275;275;570.891;570.602;50;274.572;;;4349.38;1;1
755;0.25;51.522;27.2;2.36727;39.5747;27.9;0;300.694;279.919;274;330;275;275;570.747;570.602;50;274.586;;;4347.95;1;1
756;0.25;51.2182;27.2;2.35331;39.6759;27.9;0;299.87;279.919;274;330;275;275;570.747;570.457;50;274.599;;;4347.95;1;1
757;0.25;51.2789;27.2;2.39193;39.7772;27.9;0;299.74;279.912;274;330;275;275;570.747;570.457;50;274.611;;;4347.95;1;1
758;0.25;51.6233;27.2;2.42602;39.8814;27.8;0;299.002;279.905;274;330;275;275;570.747;570.457;50;274.63;;;4347.95;1;1
759;0.25;51.8316;27.2;2.47203;39.9797;27.8;0;299.117;279.905;274;330;275;275;570.747;570.457;50;274.641;;;4346.89;1;1
760;0.25;51.522;27.2;2.47529;39.7772;27.8;0;298.828;279.905;274;330;275;275;570.602;570.457;50;274.656;;;4343.69;1;1
761;0.25;51.5249;27.2;2.4394;39.8814;27.8;7;298.032;279.89;274;330;275;275;570.747;570.457;50;274.673;;;4343.69;1;1
762;0.25;51.5191;27.2;2.52914;39.9797;27.8;13;297.642;279.883;274;330;275;275;570.747;570.457;50;274.684;;;4343.69;1;1
763;0.25;51.713;27.2;2.52059;39.8814;27.8;19;297.526;279.868;274;330;275;275;570.747;570.457;50;274.686;;;4340.9;1;1
764;0.25;52.092;27.1;2.22179;39.8785;27.8;28;296.788;279.868;274;330;275;275;570.891;570.602;50;274.687;;;4337.84;1;1
765;0.25;52.1325;27.1;2.25994;39.7772;27.8;40;296.499;279.868;274;330;275;275;570.747;570.457;50;274.686;;;4337.84;1;1
766;0.25;52.0312;27.1;2.2192;39.7801;27.8;42;296.615;279.876;274;330;275;275;570.747;570.457;50;274.684;;;4337.84;1;1
767;0.25;52.0312;27.1;2.25555;39.9537;27.8;51;296.021;279.876;274;330;275;275;570.602;570.457;50;274.686;;;4337.84;1;1
768;0.25;51.7274;27.1;2.27852;39.9826;27.8;60;295.732;279.868;274;330;275;275;570.747;570.312;50;274.685;;;4337.84;1;1
769;0.25;51.93;27.1;2.34189;39.9826;27.8;69;295.66;279.861;274;330;275;275;570.602;570.168;50;274.676;;;4337.26;1;1
770;0.25;51.7274;27.1;2.27852;39.8438;27.8;79;294.835;279.861;274;330;275;275;570.602;570.168;50;274.659;;;4336.2;1;1
771;0.25;51.7274;27.1;2.35083;39.6759;27.7;84;294.734;279.876;274;330;275;275;570.457;570.023;50;274.634;;;4336.2;1;1
772;0.25;51.7274;27.1;2.31469;39.6672;27.7;91;294.444;279.876;274;330;275;275;570.457;570.023;50;274.596;;;4336.2;1;1
773;0.25;51.8287;27.1;2.40975;39.4734;27.7;104;294.502;279.861;274;330;275;275;570.457;570.023;50;274.545;;;4336.2;1;1
774;0.25;51.93;27.1;2.39632;39.5747;27.7;111;293.953;279.868;274;330;275;275;570.457;570.168;50;274.483;;;4335.14;1;1
775;0.25;51.6233;27.1;2.4543;39.7772;27.7;125;293.996;279.847;274;330;275;275;570.457;570.168;50;274.429;;;4335.14;1;1
776;0.25;51.3194;27.1;2.404;39.7801;27.7;137;293.909;279.847;274;330;275;275;570.457;570.168;50;274.391;;;4335.14;1;1
777;0.25;51.8316;27.1;2.48234;39.6759;27.7;147;293.808;279.839;274;330;275;275;570.457;570.168;50;274.368;;;4335.14;1;1
778;0.25;51.7274;27.1;2.49542;39.89;27.7;157;293.75;279.63;274;330;275;275;570.602;570.168;50;274.349;;;4330.8;1;1
779;0.25;51.8287;27;2.18463;39.9797;27.7;170;293.851;279.63;274;330;275;275;570.602;570.312;50;274.323;"KHP102      ";;4330.8;1;1
780;0.25;51.522;27;2.2257;39.7888;27.7;179;293.88;279.825;274;330;275;275;570.602;570.457;50;274.3;;;4329.74;1;1
781;0.25;51.93;27;2.20704;39.7801;27.7;186;293.996;279.832;274;330;275;275;570.602;570.312;50;274.277;;;4329.74;1;1
782;0.25;52.1441;27;2.289;39.8148;27.7;193;293.938;279.688;274;330;275;275;570.602;570.168;50;274.258;;;4328.68;1;1
783;0.25;51.9907;27;2.33678;39.6759;27.8;201;294.17;279.536;274;330;275;275;570.602;570.312;50;274.24;;;4327.62;1;1
784;0.25;51.6522;27;2.32157;39.6759;27.8;204;294.01;279.536;274;330;275;275;570.457;570.168;50;274.228;;;4327.62;1;1
785;0.25;51.9271;27;2.35206;39.8814;27.8;205;294.748;279.536;274;330;275;275;570.457;570.168;50;274.225;;;4326.56;1;1
786;0.25;51.6262;27;2.33843;39.8814;27.8;203;294.85;279.536;274;330;275;275;570.457;570.168;50;274.231;;;4324.43;1;1
787;0.25;51.8287;27;2.34761;39.6759;27.8;203;295.327;279.499;274;330;275;275;570.602;570.168;50;274.242;;;4323.37;1;1
788;0.25;51.7332;27;2.43364;39.6615;27.8;196;296.094;279.536;274;330;275;275;570.602;570.312;50;274.249;;;4321.25;1;1
789;0.25;51.6319;27;2.44692;39.7801;27.8;189;295.92;279.536;274;330;275;275;570.457;570.168;50;274.271;;;4319.13;1;1
790;0.25;51.8547;27;2.45748;39.6759;27.9;183;296.152;279.536;274;330;275;275;570.457;570.168;50;274.297;;;4319.13;1;1
791;0.25;51.93;27;2.49735;39.6759;27.9;174;296.788;279.536;274;330;275;275;570.312;569.878;50;274.316;;;4319.13;1;1
792;0.25;51.7245;27;2.4694;39.8814;27.9;154;297.193;279.536;274;330;275;275;570.312;570.168;50;274.314;;;4317;1;1
793;0.25;51.9329;27;2.57006;39.9971;27.9;135;297.873;279.543;274;330;275;275;570.312;570.168;50;274.313;;;4316.89;1;1
794;0.25;52.1354;27.1;2.87941;39.9826;27.9;127;297.989;279.543;274;330;275;275;570.312;570.023;50;274.323;;;4316.89;1;1
795;0.25;52.2367;27.1;2.93975;40.0723;28;118;298.38;279.543;274;330;275;275;570.312;570.023;50;274.323;;;4316.89;1;1
796;0.25;52.0312;27.1;2.96454;40.0839;28;105;299.031;279.514;274;330;275;275;570.312;569.878;50;274.32;;;4316.89;1;1
797;0.25;52.1325;27.1;2.9521;39.9826;28;96;299.465;279.536;274;330;275;275;570.312;570.023;50;274.318;;;4315.83;1;1
798;0.25;52.338;27.1;3.0186;39.9826;28;87;299.262;279.536;274;330;275;275;570.312;570.023;50;274.315;;;4315.83;1;1
799;0.25;52.0341;27.1;3.01926;39.9826;28;75;299.812;279.543;274;330;275;275;570.457;570.023;50;274.314;;;4313.71;1;1
800;0.25;52.1325;27.1;3.02497;39.8814;28.1;60;299.928;279.543;274;330;275;275;570.457;570.023;50;274.312;;;4313.71;1;1
801;0.25;52.0312;27.2;3.42688;39.8814;28.1;49;300.434;279.543;274;330;275;275;570.457;570.023;50;274.311;;;4312.65;1;1
802;0.25;51.8287;27.2;3.37733;39.7801;28.1;49;300.434;279.543;274;330;275;275;570.457;570.023;50;274.309;;;4311.4;1;1
803;0.25;51.6233;27.2;3.45414;39.8814;28.1;43;300.477;279.514;274;330;275;275;570.457;570.168;50;274.308;;;4308.65;1;1
804;0.25;51.7593;27.2;3.46324;39.8814;28.1;35;301.114;279.536;274;330;275;275;570.457;570.168;50;274.307;;;4308.65;1;1
805;0.25;51.93;27.2;3.45649;39.8814;28.1;28;301.013;279.499;274;330;275;275;570.457;570.168;50;274.306;;;4308.65;1;1
806;0.25;52.2338;27.2;3.51323;39.6759;28.2;24;300.883;279.521;274;330;275;275;570.457;570.168;50;274.285;;;4307.59;1;1
807;0.25;52.1267;27.3;3.87814;39.6788;28.2;21;300.984;279.521;274;330;275;275;570.602;570.312;50;274.236;;;4306.53;1;1
808;0.25;52.0312;27.3;3.87104;39.9161;28.2;19;301.114;279.514;274;330;275;275;570.602;570.312;50;274.205;;;4306.53;1;1
809;0.25;52.228;27.3;3.90392;39.8293;28.2;19;301.172;279.514;274;330;275;275;570.602;570.312;50;274.181;;;4306.53;1;1
810;0.25;52.0602;27.3;3.94594;39.5775;28.2;22;300.333;279.521;274;330;275;275;570.602;570.312;50;274.168;;;4306.53;1;1
811;0.25;51.9039;27.3;3.8797;39.6788;28.2;23;300.203;279.514;274;330;275;275;570.747;570.457;50;274.16;;;4304.41;1;1
812;0.25;52.0718;27.3;3.98322;39.8814;28.2;31;300.145;279.514;274;330;275;275;570.747;570.457;50;274.154;;;4304.41;1;1
813;0.25;52.0312;27.3;3.9983;39.673;28.2;45;300.116;279.514;274;330;275;275;570.747;570.457;50;274.142;;;4303.35;1;1
814;0.25;51.8258;27.3;4.01872;39.7801;28.2;50;299.899;279.507;274;330;275;275;570.747;570.312;50;274.153;;;4303.35;1;1
815;0.25;52.2367;27.3;4.03234;39.7772;28.2;58;299.957;279.521;274;330;275;275;570.602;570.457;50;274.19;;;4303.35;1;1
816;0.25;52.0312;27.4;4.44244;39.4878;28.2;66;299.754;279.521;274;330;275;275;570.747;570.457;50;274.225;;;4301.23;1;1
817;0.25;52.1354;27.4;4.43312;39.7772;28.2;82;299.855;279.528;274;330;275;275;570.747;570.457;50;274.257;;;4300.17;1;1
818;0.25;52.0312;27.4;4.38791;39.8785;28.2;91;299.06;279.514;274;330;275;275;570.602;570.312;50;274.278;;;4298.06;1;1
819;0.25;52.0284;27.4;4.42402;39.8814;28.2;90;298.944;279.514;274;330;275;275;570.602;570.312;50;274.301;;;4298.06;1;1
820;0.25;52.1325;27.4;4.43288;39.9826;28.2;90;298.032;279.507;274;330;275;275;570.457;570.312;50;274.325;;;4294.13;1;1
821;0.25;52.0312;27.4;4.47882;39.9797;28.2;91;298.003;279.507;274;330;275;275;570.457;570.168;50;274.358;;;4293.07;1;1
822;0.25;51.7274;27.4;4.48881;39.9826;28.1;99;298.09;279.514;274;330;275;275;570.457;570.168;50;274.411;;;4293.07;1;1
823;0.25;51.8287;27.4;4.5157;39.7743;28.1;87;297.989;279.507;274;330;275;275;570.457;570.168;50;274.472;;;4293.07;1;1
824;0.25;51.8287;27.4;4.5157;39.8814;28.1;89;298.032;279.507;274;330;275;275;570.457;570.168;50;274.521;;;4293.07;1;1
825;0.25;51.8605;27.4;4.48224;39.7772;28.1;87;298.061;279.507;274;330;275;275;570.457;570.312;50;274.558;;;4293.07;1;1
826;0.25;51.8287;27.4;4.53381;39.7772;28.1;78;297.96;279.507;274;330;275;275;570.457;570.312;50;274.583;;;4292.01;1;1
827;0.25;51.8287;27.4;4.58813;39.7772;28.1;68;297.83;279.499;274;330;275;275;570.457;570.168;50;274.622;;;4287.78;1;1
828;0.25;51.7274;27.4;4.6334;39.6759;28.1;61;297.772;279.507;274;330;275;275;570.602;570.168;50;274.664;;;4286.72;1;1
829;0.25;51.8258;27.4;4.62411;39.6759;28.1;59;297.772;279.507;274;330;275;275;570.602;570.168;50;274.688;;;4285.66;1;1
830;0.25;52.1499;27.4;4.68946;40.0839;28.1;43;297.106;279.507;274;330;275;275;570.457;570.023;50;274.686;;;4285.66;1;1
831;0.25;52.1325;27.4;4.66968;40.2865;28.1;40;297.208;279.499;274;330;275;275;570.457;570.023;50;274.667;;;4285.66;1;1
832;0.25;52.1325;27.4;4.72432;40.2865;28.1;39;297.251;279.499;274;330;275;275;570.312;569.878;50;274.618;;;4282.99;1;1
833;0.25;51.7072;27.4;4.66771;40.1852;28.1;30;297.295;279.499;274;330;275;275;570.312;569.878;50;274.56;;;4282.99;1;1
834;0.25;51.8287;27.4;4.71489;40.2865;28.2;30;297.309;279.499;274;330;275;275;570.168;569.878;50;274.508;;;4282.99;1;1
835;0.25;51.93;27.4;4.76039;40.3877;28.2;26;297.251;279.507;274;330;275;275;570.023;569.734;50;274.452;;;4282.99;1;1
836;0.25;51.7535;27.4;4.74421;40.1852;28.2;26;297.034;279.499;274;330;275;275;570.023;569.589;50;274.401;;;4280.88;1;1
837;0.25;52.0312;27.4;4.76967;40.0839;28.2;24;296.832;279.507;274;330;275;275;569.878;569.444;50;274.358;;;4280.88;1;1
838;0.25;52.1065;27.4;4.79477;39.8814;28.2;30;296.774;279.499;274;330;275;275;569.734;569.444;50;274.339;;;4280.88;1;1
839;0.25;52.1354;27.4;4.8521;39.6759;28.2;45;296.875;279.499;274;330;275;275;569.734;569.3;50;274.323;;;4280.88;1;1
840;0.25;51.9416;27.4;4.88849;39.5747;28.2;56;296.181;279.499;274;330;275;275;569.734;569.3;50;274.319;;;4279.82;1;1
841;0.25;51.7274;27.4;4.8322;39.6759;28.2;69;296.282;279.499;274;330;275;275;569.734;569.444;50;274.32;;;4277.71;1;1
842;0.25;51.8287;27.4;4.89597;39.4763;28.2;87;296.094;279.499;274;330;275;275;569.878;569.444;50;274.331;;;4277.37;1;1
843;0.25;51.7245;27.4;4.88614;39.4792;28.2;101;295.877;279.507;274;330;275;275;569.878;569.589;50;274.359;;;4277.37;1;1
844;0.25;51.8432;27.4;4.89734;39.5284;28.2;113;295.862;279.499;274;330;275;275;569.878;569.589;50;274.389;;;4277.37;1;1
845;0.25;51.7245;27.4;4.88614;39.5747;28.2;122;295.703;279.499;274;330;275;275;569.734;569.444;50;274.421;;;4276.31;1;1
846;0.25;51.8374;27.4;4.9149;39.5775;28.2;127;295.081;279.492;274;330;275;275;569.878;569.444;50;274.437;;;4274.96;1;1
847;0.25;51.93;27.4;4.97813;39.6759;28.2;126;295.24;279.499;274;330;275;275;569.734;569.444;50;274.424;;;4274.96;1;1
848;0.25;51.93;27.4;4.95999;39.7772;28.2;131;295.775;279.507;274;330;275;275;569.878;569.589;50;274.401;"KHP102      ";;4274.96;1;1
849;0.25;51.93;27.4;4.99627;40.0029;28.2;136;295.385;279.492;274;330;275;275;569.878;569.444;50;274.35;;;4274.96;1;1
850;0.25;51.93;27.4;5.01441;39.9826;28.2;133;295.312;279.492;274;330;275;275;569.878;569.444;50;274.278;;;4273.48;1;1
851;0.25;52.0515;27.4;5.06252;39.6817;28.2;135;295.211;279.492;274;330;275;275;569.878;569.444;50;274.224;;;4273.48;1;1
852;0.25;51.7274;27.4;5.01293;39.8814;28.2;139;295.53;279.507;274;330;275;275;569.734;569.3;50;274.174;;;4272.42;1;1
853;0.25;51.6869;27.4;5.06317;39.8206;28.2;141;295.486;279.514;274;330;275;275;569.734;569.3;50;274.131;;;4272.42;1;1
854;0.25;51.5278;27.4;5.02958;39.7772;28.2;147;295.718;279.499;274;330;275;275;569.734;569.444;50;274.093;;;4271.36;1;1
855;0.25;51.6088;27.4;5.0916;39.8814;28.2;151;295.906;279.167;274;330;275;275;569.734;569.3;50;274.066;;;4269.25;1;1
856;0.25;51.8287;27.4;5.11329;39.8785;28.2;159;295.891;279.167;274;330;275;275;569.734;569.3;50;274.041;;;4268.2;1;1
857;0.25;51.7245;27.4;5.12109;39.9826;28.2;165;296.441;279.21;274;330;275;275;569.734;569.444;50;273.989;;;4267.14;1;1
858;0.25;51.6233;27.4;5.11106;39.8785;28.3;174;296.499;279.21;274;330;275;275;569.734;569.3;50;273.935;;;4267.14;1;1
859;0.25;51.4439;27.4;5.12924;39.7801;28.3;170;296.455;279.217;274;330;275;275;569.734;569.3;50;273.89;;;4265.03;1;1
860;0.25;51.8287;27.4;5.18572;39.728;28.3;176;296.875;279.225;274;330;275;275;569.734;569.444;50;273.867;;;4263.97;1;1
861;0.25;51.901;27.4;5.22922;39.9392;28.3;182;296.788;279.232;274;330;275;275;569.734;569.3;50;273.855;;;4260.81;1;1
862;0.25;51.6233;27.4;5.20123;39.7772;28.3;187;297.338;279.326;274;330;275;275;569.589;569.3;50;273.849;;;4260.81;1;1
863;0.25;51.7274;27.5;5.56292;39.4734;28.3;194;297.569;279.34;274;330;275;275;569.589;569.155;50;273.836;;;4259.75;1;1
864;0.25;51.8316;27.5;5.64658;39.5747;28.3;196;298.076;279.319;274;330;275;275;569.589;569.155;50;273.812;;;4256.59;1;1
865;0.25;51.8287;27.5;5.62816;39.6759;28.4;202;298.076;279.319;274;330;275;275;569.589;569.155;50;273.782;;;4255.54;1;1
866;0.25;51.6233;27.5;5.62388;39.4734;28.4;194;298.597;279.268;274;330;275;275;569.444;569.01;50;273.755;;;4255.54;1;1
867;0.25;51.7245;27.5;5.63491;39.4705;28.4;187;298.915;279.319;274;330;275;275;569.444;569.155;50;273.738;;;4255.54;1;1
868;0.25;51.7506;27.5;5.69199;39.6759;28.4;193;298.828;279.304;274;330;275;275;569.444;569.01;50;273.723;;;4255.24;1;1
869;0.25;52.0312;27.5;5.70468;39.8814;28.4;189;299.45;279.326;274;330;275;275;569.444;569.155;50;273.721;;;4253.13;1;1
870;0.25;52.338;27.5;5.75659;39.8814;28.4;175;300.014;279.304;274;330;275;275;569.444;569.155;50;273.718;;;4253.13;1;1
871;0.25;52.6418;27.5;5.79001;39.7772;28.5;173;300.738;279.319;274;330;275;275;569.444;569.155;50;273.72;;;4253.13;1;1
872;0.25;52.3206;27.5;5.79124;39.6759;28.5;172;300.694;279.29;274;330;275;275;569.589;569.155;50;273.728;;;4253.13;1;1
873;0.25;51.6233;27.6;6.0826;39.3576;28.5;164;301.085;279.304;274;330;275;275;569.444;569.155;50;273.736;;;4253.13;1;1
874;0.25;51.4178;27.6;6.02244;39.4734;28.5;157;301.476;279.282;274;330;275;275;569.444;569.155;50;273.746;;;4250.94;1;1
875;0.25;51.2384;27.6;6.09095;39.5747;28.5;154;301.895;279.275;274;330;275;275;569.589;569.155;50;273.752;;;4248.83;1;1
876;0.25;51.6262;27.6;6.11901;39.7743;28.6;143;301.924;279.268;274;330;275;275;569.444;569.155;50;273.748;;;4248.83;1;1
877;0.25;51.8056;27.6;6.14027;39.7772;28.6;126;302.532;279.253;274;330;275;275;569.589;569.155;50;273.754;;;4248.83;1;1
878;0.25;51.4525;27.6;6.11641;39.6759;28.6;117;303.154;279.246;274;330;275;275;569.444;569.155;50;273.766;;;4246.72;1;1
879;0.25;51.6233;27.7;6.52326;39.5747;28.6;115;303.125;279.362;274;330;275;275;569.444;569.155;50;273.78;;;4243.56;1;1
880;0.25;51.5741;27.7;6.51704;39.4705;28.6;103;303.487;279.369;275;330;275;275;569.3;569.01;50;273.791;;;4243.56;1;1
881;0.25;51.6233;27.7;6.54129;39.4734;28.7;113;303.733;279.369;275;330;275;275;569.3;569.01;50;273.809;;;4243.56;1;1
882;0.25;51.6233;27.7;6.54129;39.5747;28.7;175;303.993;279.362;275;330;275;275;569.3;569.155;50;273.83;;;4243.56;1;1
883;0.25;51.7274;27.7;6.51835;39.6672;28.7;262;303.964;279.239;275;330;275;275;569.444;569.3;50;273.832;;;4243.56;1;1
884;0.25;51.8229;27.7;6.58469;39.6759;28.7;351;304.08;279.239;275;330;275;275;569.444;569.155;50;273.82;;;4243.56;1;1
885;0.25;51.6233;27.8;6.89177;39.7222;28.7;369;304.702;279.268;275;330;275;275;569.589;569.3;50;273.806;;;4243.56;1;1
886;0.25;51.4178;27.8;6.9003;39.6759;28.7;371;304.977;279.376;275;330;275;275;569.734;569.444;50;273.791;;;4240.4;1;1
887;0.25;51.4207;27.8;6.90069;39.7772;28.8;355;305.165;279.362;275;330;275;275;569.734;569.3;50;273.781;;;4240.4;1;1
888;0.25;51.4207;27.8;6.93661;39.7772;28.8;342;305.83;279.355;275;330;275;275;569.589;569.3;50;273.777;;;4240.4;1;1
889;0.25;51.4207;27.8;6.95457;39.5747;28.8;322;306.047;279.362;275;330;275;275;569.734;569.3;50;273.774;;;4239.35;1;1
890;0.25;51.7535;27.9;7.31479;39.3721;28.8;314;306.467;279.239;275;330;275;275;569.589;569.155;50;273.755;;;4239.35;1;1
891;0.25;51.5249;27.9;7.28249;39.5949;28.8;303;307.06;279.232;275;330;275;275;569.589;569.3;50;273.725;;;4238.3;1;1
892;0.25;51.6233;27.9;7.31442;39.6759;28.8;285;308.333;279.384;275;330;275;275;569.589;569.3;50;273.696;;;4238.3;1;1
893;0.25;51.522;27.9;7.33607;39.5747;28.8;266;309.129;279.384;275;330;275;275;569.589;569.155;50;273.671;;;4236.19;1;1
894;0.25;51.3194;27.9;7.34309;39.7367;28.8;252;309.288;279.398;275;330;275;275;569.589;569.155;50;273.651;;;4231.22;1;1
895;0.25;51.2153;27.9;7.31029;39.6759;28.8;237;310.026;279.405;275;330;275;275;569.589;569.155;50;273.63;;;4231.22;1;1
896;0.25;51.4207;28;7.63484;39.673;28.9;227;310.547;279.181;275;330;275;275;569.589;569.155;50;273.612;;;4230.17;1;1
897;0.25;51.4207;28;7.6528;39.5747;28.9;209;311.169;279.174;275;330;275;275;569.444;569.155;50;273.612;;;4229.12;1;1
898;0.25;51.4381;28;7.69133;39.4734;28.9;205;312.037;279.391;275;330;275;275;569.444;569.01;50;273.632;;;4228.07;1;1
899;0.25;51.522;28;7.70387;39.7772;29;192;312.37;279.507;275;330;275;275;569.3;568.866;50;273.672;;;4227.02;1;1
900;0.25;51.7245;28.1;8.0492;39.7772;29;169;313.238;279.528;275;330;275;275;569.444;568.866;50;273.715;;;4227.02;1;1
901;0.25;51.7824;28.1;8.1125;39.7772;29;149;313.411;279.528;275;330;275;275;569.3;568.866;50;273.753;;;4225.96;1;1
902;0.25;51.6233;28.1;8.0154;39.7772;29;133;313.383;279.507;275;330;275;275;569.155;568.866;50;273.778;;;4223.86;1;1
903;0.25;51.8287;28.2;8.41729;39.5747;29.1;119;314.062;279.507;275;330;275;275;569.3;568.866;50;273.798;;;4222.07;1;1
904;0.25;51.7245;28.2;8.45461;39.3837;29.1;104;314.236;279.528;275;330;275;275;569.444;569.01;50;273.815;"KHP102      ";;4222.07;1;1
905;0.25;51.6985;28.2;8.45035;39.5747;29.1;94;314.294;279.528;275;330;275;275;569.3;569.01;50;273.822;;;4222.07;1;1
906;0.25;51.8287;28.3;8.82351;39.5747;29.1;85;314.439;279.507;275;330;275;275;569.3;568.866;50;273.819;;;4222.07;1;1
907;0.25;51.93;28.3;8.85889;39.5747;29.2;78;315.249;279.507;275;330;275;275;569.3;569.01;50;273.817;;;4222.07;1;1
908;0.25;51.7303;28.3;8.8429;39.5747;29.2;68;315.104;279.521;275;330;275;275;569.3;568.866;50;273.815;;;4222.07;1;1
909;0.25;51.522;28.4;9.1031;39.5747;29.2;63;315.017;279.521;275;330;275;275;569.155;569.01;50;273.813;;;4222.07;1;1
910;0.25;51.6233;28.4;9.15706;39.5747;29.2;57;314.902;279.521;275;330;275;275;569.3;569.01;50;273.803;;;4222.07;1;1
911;0.25;51.8027;28.4;9.15269;39.5747;29.2;52;314.8;279.514;275;330;275;275;569.155;568.721;50;273.81;;;4220.09;1;1
912;0.25;51.6204;28.4;9.15654;39.5747;29.2;44;314.222;279.514;275;330;275;275;569.01;568.721;50;273.831;;;4217.99;1;1
913;0.25;51.4207;28.5;9.48821;39.5775;29.2;45;314.265;279.521;275;330;275;275;569.155;568.721;50;273.85;;;4216.94;1;1
914;0.25;51.6204;28.5;9.52505;39.5747;29.2;54;314.395;279.521;275;330;275;275;569.155;568.721;50;273.862;;;4216.94;1;1
915;0.25;51.7274;28.5;9.52673;39.6759;29.2;52;313.947;279.789;275;330;275;275;569.155;568.866;50;273.852;;;4216.94;1;1
916;0.25;51.7245;28.5;9.56234;39.5747;29.2;50;313.947;279.774;275;330;275;275;569.155;569.01;50;273.835;;;4216.94;1;1
917;0.25;51.4236;28.5;9.50671;39.4242;29.2;54;313.339;279.753;275;330;275;275;569.3;569.155;50;273.829;;;4214.84;1;1
918;0.25;51.5104;28.6;9.81849;39.4734;29.2;57;312.529;279.695;275;330;275;275;569.3;569.01;50;273.826;;;4214.84;1;1
919;0.25;51.93;28.6;9.89846;39.401;29.2;65;312.471;279.695;275;330;275;275;569.3;569.01;50;273.822;;;4214.84;1;1
920;0.25;51.8287;28.6;9.89727;39.2708;29.2;82;312.182;279.688;275;330;275;275;569.155;568.866;50;273.797;;;4213.79;1;1
921;0.25;51.849;28.6;9.91925;39.3721;29.2;92;311.603;279.68;275;330;275;275;569.155;568.866;50;273.776;;;4211.69;1;1
922;0.25;51.8258;28.6;9.87861;39.5775;29.2;104;311.675;279.68;275;330;275;275;569.3;568.866;50;273.791;;;4211.69;1;1
923;0.25;51.7274;28.6;9.84179;39.6759;29.2;110;311.4;279.68;275;330;275;275;569.3;568.866;50;273.835;;;4211.69;1;1
924;0.25;51.7245;28.6;9.91354;39.6759;29.2;118;310.576;279.673;275;330;275;275;569.155;568.866;50;273.904;;;4211.69;1;1
925;0.25;51.8634;28.6;9.86766;39.5747;29.1;134;310.532;279.673;275;330;275;275;569.155;568.866;50;273.967;;;4210.18;1;1
926;0.25;51.9936;28.6;9.98328;39.7801;29.1;139;310.2;279.673;275;330;275;275;569.01;568.721;50;273.979;;;4209.13;1;1
927;0.25;51.8287;28.6;9.9335;39.6759;29.1;147;310.127;279.68;275;330;275;275;569.01;568.721;50;273.95;;;4208.08;1;1
928;0.25;51.8287;28.6;9.9335;39.5747;29.1;149;309.418;279.68;275;330;275;275;568.866;568.721;50;273.899;;;4208.08;1;1
929;0.25;52.0312;28.7;10.3074;39.6759;29.1;148;309.534;279.695;275;330;275;275;569.01;568.721;50;273.851;;;4208.08;1;1
930;0.25;51.3223;28.7;10.149;39.5747;29.1;152;309.317;279.688;275;330;275;275;569.155;568.866;50;273.82;;;4204.93;1;1
931;0.25;51.4236;28.7;10.169;39.5775;29.1;165;309.346;279.695;275;330;275;275;569.3;568.866;50;273.792;;;4203.88;1;1
932;0.25;51.522;28.7;10.1705;39.6759;29.1;176;309.274;279.702;275;330;275;275;569.3;568.866;50;273.761;;;4203.88;1;1
933;0.25;51.5249;28.7;10.1891;39.9826;29.1;183;309.201;280.013;275;330;275;275;569.155;568.866;50;273.734;;;4203.88;1;1
934;0.25;51.6869;28.6;9.92439;40.0752;29.1;186;309.129;280.027;275;330;275;275;569.3;568.866;50;273.721;;;4203.77;1;1
935;0.25;51.8287;28.6;9.9335;39.5747;29.1;187;308.348;280.027;275;330;275;275;569.155;568.866;50;273.723;;;4201.67;1;1
936;0.25;51.93;28.6;9.97106;39.5747;29.1;198;308.377;280.027;275;330;275;275;569.155;568.866;50;273.729;;;4198.53;1;1
937;0.25;51.8171;28.6;9.94939;39.5747;29.1;223;308.507;280.027;275;330;275;275;569.3;568.866;50;273.735;;;4198.53;1;1
938;0.25;51.6233;28.6;9.89413;39.6759;29.1;223;308.637;280.027;275;330;275;275;569.3;568.866;50;273.75;;;4198.53;1;1
939;0.25;51.6233;28.6;9.89413;40.0839;29.1;223;308.594;280.027;275;330;275;275;569.3;568.866;50;273.759;;;4197.48;1;1
940;0.25;51.522;28.6;9.94671;39.8756;29.1;224;309.274;280.027;275;330;275;275;569.3;568.866;50;273.751;;;4197.48;1;1
941;0.25;51.522;28.6;9.91072;39.8785;29.1;235;309.144;280.027;275;330;275;275;569.3;569.01;50;273.734;;;4195.38;1;1
942;0.25;51.522;28.6;9.8387;39.8843;29.1;219;309.1;280.027;275;330;275;275;569.444;569.01;50;273.72;;;4195.38;1;1
943;0.25;51.4757;28.7;10.2153;39.8785;29.1;212;309.144;280.027;275;330;275;275;569.3;569.01;50;273.706;;;4195.38;1;1
944;0.25;51.8287;28.7;10.2673;39.9826;29.1;216;309.751;280.027;275;330;275;275;569.3;568.866;50;273.691;;;4193.29;1;1
945;0.25;52.0312;28.7;10.271;40.0839;29.1;218;309.838;280.027;275;330;275;275;569.155;568.866;50;273.681;;;4192.24;1;1
946;0.25;51.8287;28.7;10.3035;40.2865;29.1;216;310.344;280.027;275;330;275;275;569.155;568.721;50;273.672;;;4191.19;1;1
947;0.25;51.7274;28.7;10.2291;40.3877;29.1;204;310.373;280.027;275;330;275;275;569.01;568.576;50;273.674;;;4191.19;1;1
948;0.25;51.522;28.7;10.2245;40.1852;29.1;202;310.909;280.027;275;330;275;275;569.01;568.721;50;273.687;;;4191.19;1;1
949;0.25;51.522;28.7;10.1705;39.8814;29.1;204;310.793;280.027;275;330;275;275;569.155;568.721;50;273.703;;;4190.15;1;1
950;0.25;51.6233;28.7;10.2266;39.8814;29.2;191;311.169;280.027;275;330;275;275;569.155;568.866;50;273.714;;;4187.01;1;1
951;0.25;51.6406;28.7;10.212;39.7801;29.2;181;311.14;280.027;275;330;275;275;569.155;568.866;50;273.73;;;4187.01;1;1
952;0.25;51.5075;28.7;10.2037;39.7801;29.2;175;311.95;280.027;275;330;275;275;569.155;568.721;50;273.749;;;4187.01;1;1
953;0.25;51.4207;28.7;10.1685;39.7801;29.2;170;312.008;280.027;275;330;275;275;569.01;568.721;50;273.766;;;4185.96;1;1
954;0.25;51.7101;28.7;10.2257;39.8814;29.2;165;312.384;280.027;275;330;275;275;569.01;568.576;50;273.782;;;4185.96;1;1
955;0.25;51.522;28.7;10.1885;39.8814;29.2;156;312.37;280.027;275;330;275;275;569.01;568.721;50;273.8;;;4184.12;1;1
956;0.25;51.6233;28.7;10.1364;39.7772;29.2;145;312.297;280.027;275;330;275;275;569.01;568.866;50;273.822;;;4184.12;1;1
957;0.25;51.5191;28.8;10.5017;39.9421;29.2;137;313.006;280.027;275;330;275;275;569.155;568.721;50;273.841;;;4184.12;1;1
958;0.25;51.6262;28.8;10.5416;40.1852;29.3;126;312.833;280.027;275;330;275;275;569.01;568.721;50;273.873;;;4183.07;1;1
959;0.25;51.4207;28.8;10.5176;40.0839;29.3;116;312.833;280.027;275;330;275;275;569.01;568.576;50;273.916;;;4182.03;1;1
960;0.25;51.3194;28.8;10.3714;40.1852;29.3;112;312.833;280.027;275;330;275;275;568.866;568.576;50;273.97;;;4182.03;1;1
961;0.25;51.5075;28.8;10.4634;40.1852;29.3;111;312.948;280.027;275;330;275;275;568.866;568.432;50;274.04;;;4182.03;1;1
962;0.25;51.4236;28.8;10.4463;40.1852;29.3;103;313.006;280.027;275;330;275;275;568.721;568.432;50;274.098;;;4182.03;1;1
963;0.25;51.6291;28.8;10.488;40.1852;29.3;82;312.977;280.027;275;330;275;275;568.721;568.432;50;274.154;;;4182.03;1;1
964;0.25;51.7274;28.8;10.5261;40.1852;29.3;74;312.891;280.027;275;330;275;275;569.01;568.576;50;274.205;;;4180.58;1;1
965;0.25;51.956;28.9;10.9072;40.0839;29.3;65;312.847;280.027;275;330;275;275;569.01;568.721;50;274.249;;;4180.29;1;1
966;0.25;51.7245;28.9;10.8225;40.2894;29.3;57;312.876;280.027;275;330;275;275;569.155;568.721;50;274.287;;;4179.25;1;1
967;0.25;51.522;28.9;10.8161;40.2922;29.3;47;312.688;280.027;275;330;275;275;569.155;568.866;50;274.323;;;4179.25;1;1
968;0.25;51.8287;28.9;10.8262;40.3877;29.3;39;312.717;280.027;275;330;275;275;569.155;568.866;50;274.349;;;4178.2;1;1
969;0.25;51.9358;28.9;10.8485;40.3877;29.3;31;312.312;280.027;275;330;275;275;569.155;568.866;50;274.366;;;4175.78;1;1
970;0.25;51.8287;28.9;10.8805;40.1852;29.3;21;312.442;280.027;275;330;275;275;569.155;568.866;50;274.389;;;4174.73;1;1
971;0.25;51.7274;28.9;10.805;40.0839;29.3;2;311.878;280.027;275;330;275;275;569.155;568.866;50;274.414;;;4174.73;1;1
972;0.25;51.7274;28.9;10.7869;40.1823;29.3;0;311.791;280.027;275;330;275;275;569.3;568.866;50;274.448;;;4173.27;1;1
973;0.25;51.7159;28.9;10.8026;40.2865;29.3;0;311.227;280.027;275;330;275;275;569.155;568.866;50;274.493;;;4172.23;1;1
974;0.25;51.522;28.9;10.7441;40.1389;29.3;0;311.14;280.027;275;330;275;275;569.155;568.866;50;274.549;;;4171.18;1;1
975;0.25;51.1314;28.9;10.6626;40.1852;29.3;0;310.72;280.027;275;330;275;275;569.155;568.866;50;274.604;;;4170.14;1;1
976;0.25;51.5596;28.9;10.7339;40.4919;29.3;0;310.243;280.027;275;330;275;275;569.155;568.866;50;274.67;;;4170.14;1;1
977;0.25;51.4207;28.9;10.705;40.2865;29.3;0;309.722;280.027;275;330;275;275;569.3;569.01;50;274.729;;;4170.14;1;1
978;0.25;51.6262;28.9;10.7298;40.2865;29.2;0;309.361;280.027;275;330;275;275;569.444;569.01;50;274.764;"KHP102      ";;4169.09;1;1
979;0.25;51.8287;28.9;10.8262;40.3906;29.2;0;309.071;280.027;275;330;275;275;569.444;568.866;50;274.786;;;4164.91;1;1
980;0.25;51.9329;28.9;10.7753;40.3096;29.2;0;308.102;280.027;275;330;275;275;569.155;568.866;50;274.799;;;4164.91;1;1
981;0.25;51.8287;28.9;10.7175;40.1852;29.2;0;307.914;280.027;275;330;275;275;569.3;568.866;50;274.821;;;4164.91;1;1
982;0.25;51.6233;28.9;10.6931;39.9797;29.2;0;307.031;280.172;275;330;275;275;569.155;568.866;50;274.847;;;4160.73;1;1
983;0.25;51.93;28.9;10.7747;39.9826;29.2;2;306.409;280.158;275;330;275;275;569.155;568.866;50;274.886;;;4158.64;1;1
984;0.25;51.5741;28.9;10.7189;39.9826;29.1;8;306.192;280.165;275;330;275;275;569.155;568.721;50;274.919;;;4158.64;1;1
985;0.25;51.522;28.9;10.6541;40.1852;29.1;13;306.004;280.44;275;330;275;275;569.01;568.721;50;274.959;;;4158.64;1;1
986;0.25;51.6117;28.9;10.7087;40.2865;29.1;19;305.237;280.165;275;330;275;275;569.01;568.576;50;275.002;;;4158.64;1;1
987;0.25;51.7708;28.9;10.7055;40.3877;29.1;30;304.181;280.165;275;330;275;275;569.01;568.576;50;275.047;;;4156.56;1;1
988;0.25;52.0312;28.9;10.7594;40.434;29.1;42;304.022;280.172;275;330;275;275;569.01;568.721;50;275.079;;;4155.51;1;1
989;0.25;51.93;28.9;10.7385;40.489;29;51;302.951;280.172;275;330;275;275;569.01;568.576;50;275.094;;;4154.47;1;1
990;0.25;51.522;28.9;10.6541;40.489;29;63;302.966;280.165;275;330;275;275;568.866;568.576;50;275.097;;;4154.47;1;1
991;0.25;51.7998;28.8;10.3237;40.3877;29;66;302.083;280.165;275;330;275;275;569.01;568.576;50;275.098;;;4154.47;1;1
992;0.25;52.1181;28.8;10.4053;40.1128;29;80;302.228;280.418;275;330;275;275;568.866;568.576;50;275.098;;;4152.38;1;1
993;0.25;51.93;28.8;10.3315;40.0839;29;86;301.895;280.418;275;330;275;275;568.866;568.721;50;275.106;;;4151.34;1;1
994;0.25;51.93;28.8;10.3133;39.9826;28.9;95;301.071;280.15;275;330;275;275;568.866;568.576;50;275.122;;;4150.3;1;1
995;0.25;52.0775;28.8;10.3608;40.1852;28.9;107;300.217;280.15;275;330;275;275;568.866;568.576;50;275.126;;;4149.25;1;1
996;0.25;51.8287;28.8;10.2389;39.9826;28.9;108;300.116;280.143;275;330;275;275;568.866;568.721;50;275.125;;;4149.25;1;1
997;0.25;52.1123;28.8;10.3495;39.7772;28.9;116;299.841;280.143;275;330;275;275;569.01;568.576;50;275.13;;;4146.13;1;1
998;0.25;51.8258;28.7;9.92264;39.7859;28.9;124;300.029;280.418;275;330;275;275;568.866;568.576;50;275.138;;;4146.13;1;1
999;0.25;51.8287;28.7;9.90509;39.9826;28.9;130;299.32;280.143;275;330;275;275;569.01;568.576;50;275.143;;;4145.08;1;1
1000;0.25;52.0312;28.7;9.96198;39.9826;28.9;134;299.421;280.15;275;330;275;275;568.866;568.576;50;275.137;;;4144.43;1;1
1001;0.25;52.0312;28.7;9.90745;40.1505;28.8;131;299.797;280.418;275;330;275;275;568.866;568.432;50;275.108;;;4144.43;1;1
1002;0.25;51.6233;28.7;9.8478;40.4514;28.8;135;299.696;280.418;275;330;275;275;568.721;568.432;50;275.086;;;4143.39;1;1
1003;0.25;51.8258;28.7;9.88643;40.1707;28.8;148;299.609;280.418;275;330;275;275;568.721;568.432;50;275.095;;;4142.35;1;1
1004;0.25;51.93;28.7;9.94259;40.1852;28.8;148;298.828;280.418;275;330;275;275;568.866;568.432;50;275.123;;;4142.35;1;1
1005;0.25;51.93;28.6;9.53559;40.3877;28.8;149;298.929;280.418;275;330;275;275;568.721;568.287;50;275.161;;;4142.35;1;1
1006;0.25;52.2743;28.6;9.5623;40.2865;28.8;153;299.06;280.418;275;330;275;275;568.721;568.432;50;275.2;;;4141.14;1;1
1007;0.25;52.3351;28.6;9.59169;40.1852;28.8;153;299.87;280.418;275;330;275;275;568.721;568.432;50;275.244;;;4138.01;1;1
1008;0.25;52.5405;28.6;9.61099;39.9769;28.8;152;299.87;280.418;275;330;275;275;568.721;568.432;50;275.296;;;4138.01;1;1
1009;0.25;52.4363;28.6;9.61025;40.1823;28.8;135;299.797;280.418;275;330;275;275;568.866;568.287;50;275.344;;;4138.01;1;1
1010;0.25;52.3409;28.6;9.57447;40.2865;28.8;126;299.711;280.418;275;330;275;275;568.866;568.432;50;275.379;;;4136.97;1;1
1011;0.25;52.2483;28.6;9.50275;40.0839;28.8;123;299.552;280.411;275;330;275;275;568.866;568.432;50;275.4;;;4135.93;1;1
1012;0.25;52.1296;28.6;9.42654;40.1852;28.8;117;299.552;280.396;275;330;275;275;568.721;568.432;50;275.411;;;4135.93;1;1
1013;0.25;52.338;28.6;9.53737;40.0926;28.8;108;299.986;280.389;275;330;275;275;568.866;568.432;50;275.422;;;4135.93;1;1
1014;0.25;52.0341;28.6;9.48201;40.1736;28.8;100;300.116;280.389;275;330;275;275;568.721;568.287;50;275.431;;;4134.89;1;1
1015;0.25;51.7043;28.6;9.38575;40.1852;28.9;87;300.101;280.389;275;330;275;275;568.721;568.432;50;275.43;;;4134.89;1;1
1016;0.25;51.8258;28.6;9.44405;40.3877;28.9;70;300.448;280.389;275;330;275;275;568.721;568.287;50;275.427;;;4131.39;1;1
1017;0.25;51.9271;28.6;9.4262;40.3877;28.9;64;300.564;280.367;275;330;275;275;568.721;568.287;50;275.424;;;4130.35;1;1
1018;0.25;52.1325;28.6;9.40885;40.2865;28.9;59;300.492;280.367;275;330;275;275;568.721;568.287;50;275.417;;;4130.35;1;1
1019;0.25;52.2396;28.5;9.09175;40.2922;28.9;52;300.506;280.346;275;330;275;275;568.576;568.287;50;275.403;;;4130.35;1;1
1020;0.25;52.1325;28.5;9.12775;40.2865;28.9;49;300.593;280.339;275;330;275;275;568.721;568.287;50;275.392;;;4129.31;1;1
1021;0.25;51.8287;28.5;9.03835;39.9826;28.9;47;300.68;280.339;275;330;275;275;568.576;568.287;50;275.381;;;4127.23;1;1
1022;0.25;51.93;28.5;9.01972;39.8785;28.9;47;301.172;280.339;275;330;275;275;568.576;568.287;50;275.383;;;4126.19;1;1
1023;0.25;51.93;28.5;9.00158;40.081;28.9;47;301.085;280.353;275;330;275;275;568.721;568.287;50;275.38;;;4126.19;1;1
1024;0.25;52.0804;28.5;9.02767;40.2865;28.9;42;300.535;280.346;275;330;275;275;568.721;568.287;50;275.382;;;4126.19;1;1
1025;0.25;52.3351;28.5;9.03524;40.489;28.9;38;300.463;280.346;275;330;275;275;568.721;568.287;50;275.384;;;4123.07;1;1
1026;0.25;51.93;28.5;8.92899;40.3877;28.9;44;300.434;280.339;275;330;275;275;568.721;568.287;50;275.375;;;4123.07;1;1
1027;0.25;52.2367;28.5;8.98173;40.2865;28.9;43;300.506;280.331;275;330;275;275;568.721;568.432;50;275.367;;;4123.07;1;1
1028;0.25;52.2743;28.5;8.9882;40.3877;28.9;49;300.55;280.317;275;330;275;275;568.721;568.287;50;275.365;;;4123.07;1;1
1029;0.25;51.93;28.5;8.87457;40.1881;28.9;47;300.26;280.324;275;330;275;275;568.576;568.287;50;275.358;;;4122.02;1;1
1030;0.25;51.7274;28.5;8.85803;40.0839;28.9;55;300.13;280.324;275;330;275;275;568.576;568.142;50;275.356;"KHP102      ";;4118.9;1;1
1031;0.25;51.93;28.5;8.89271;39.9826;28.9;59;300.043;280.302;275;330;275;275;568.432;568.142;50;275.37;"KHP102      ";;4118.9;1;1
1032;0.25;52.0312;28.5;8.89188;39.9537;28.9;66;299.392;280.317;275;330;275;275;568.432;568.142;50;275.395;;;4118.9;1;1
1033;0.25;52.0312;28.5;8.8737;39.8785;28.9;70;299.32;280.317;275;330;275;275;568.432;568.142;50;275.426;;;4118.9;1;1
1034;0.25;52.1383;28.5;8.89196;40.1881;28.8;83;299.349;280.331;275;330;275;275;568.576;568.142;50;275.455;;;4117.87;1;1
1035;0.25;52.5955;28.5;8.9883;40.3877;28.8;86;298.929;280.324;275;330;275;275;568.576;568.142;50;275.483;;;4117.87;1;1
1036;0.25;52.4392;28.5;8.94328;40.081;28.8;85;299.089;280.346;275;330;275;275;568.576;568.142;50;275.508;;;4117.87;1;1
1037;0.25;52.1325;28.5;8.85455;39.8785;28.8;88;299.103;280.317;275;330;275;275;568.576;568.142;50;275.521;;;4117.87;1;1
1038;0.25;52.0284;28.5;8.76413;39.9797;28.8;91;298.741;280.346;275;330;275;275;568.576;568.142;50;275.516;;;4114.75;1;1
1039;0.25;52.2512;28.5;8.81991;40.0839;28.8;91;298.683;280.353;275;330;275;275;568.576;568.142;50;275.503;;;4112.16;1;1
1040;0.25;52.338;28.5;8.85285;40.0839;28.8;93;298.611;280.353;275;330;275;275;568.576;568.287;50;275.495;;;4112.16;1;1
1041;0.25;52.0457;28.5;8.80342;40.0839;28.8;86;297.844;280.382;275;330;275;275;568.576;568.287;50;275.501;;;4112.16;1;1
1042;0.25;52.2367;28.5;8.79922;39.8785;28.8;96;297.888;280.556;275;330;275;275;568.576;568.287;50;275.512;;;4112.16;1;1
1043;0.25;52.1354;28.5;8.76395;39.9826;28.8;101;298.032;280.519;275;330;275;275;568.576;568.287;50;275.517;;;4111.12;1;1
1044;0.25;51.82;28.5;8.71093;39.8785;28.8;101;298.119;280.519;275;330;275;275;568.576;568.287;50;275.515;;;4110.08;1;1
1045;0.25;51.7766;28.5;8.68555;39.8756;28.7;105;298.076;280.556;275;330;275;275;568.576;568.287;50;275.513;;;4109.04;1;1
1046;0.25;51.7245;28.5;8.67681;39.7859;28.7;106;297.96;280.563;275;330;275;275;568.576;568.142;50;275.493;;;4108;1;1
1047;0.25;51.7216;28.5;8.62212;39.6759;28.7;103;297.859;280.556;275;330;275;275;568.432;568.142;50;275.471;;;4108;1;1
1048;0.25;51.8287;28.4;8.30619;40.0839;28.7;107;297.844;280.519;275;330;275;275;568.432;568.142;50;275.454;;;4108;1;1
1049;0.25;52.0312;28.4;8.37501;40.4456;28.7;104;297.917;280.534;275;330;275;275;568.576;568.142;50;275.45;;;4106.96;1;1
1050;0.25;51.8287;28.4;8.28809;40.2865;28.7;109;298.003;280.563;275;330;275;275;568.721;568.287;50;275.461;;;4106.96;1;1
1051;0.25;51.8287;28.4;8.25185;40.1852;28.7;109;298.105;280.541;275;330;275;275;568.721;568.287;50;275.478;;;4106.96;1;1
1052;0.25;51.8518;28.4;8.23742;39.9797;28.7;110;298.119;280.519;275;330;275;275;568.576;568.287;50;275.511;;;4105.93;1;1
1053;0.25;51.93;28.4;8.23169;39.9826;28.7;115;297.96;280.534;275;330;275;275;568.721;568.287;50;275.544;;;4104.89;1;1
1054;0.25;52.2367;28.4;8.28031;39.9797;28.7;112;297.844;280.541;275;330;275;275;568.576;568.142;50;275.573;;;4102.81;1;1
1055;0.25;52.1933;28.4;8.27343;39.9797;28.7;112;297.815;280.541;275;330;275;275;568.576;568.142;50;275.597;;;4099;1;1
1056;0.25;52.0312;28.4;8.22957;39.6759;28.7;105;298.336;280.541;275;330;275;275;568.576;568.142;50;275.621;;;4099;1;1
1057;0.25;51.7245;28.4;8.12685;39.7772;28.7;103;298.394;280.534;275;330;275;275;568.576;568.142;50;275.638;;;4099;1;1
1058;0.25;51.8287;28.4;8.17943;39.8785;28.7;88;298.481;280.534;275;330;275;275;568.432;568.142;50;275.656;;;4097.97;1;1
1059;0.25;52.338;28.4;8.22323;39.6759;28.7;82;298.51;280.541;275;330;275;275;568.432;567.998;50;275.673;;;4096.93;1;1
1060;0.25;52.3351;28.4;8.20449;39.9942;28.7;73;298.51;280.541;275;330;275;275;568.287;567.853;50;275.687;;;4096.93;1;1
1061;0.25;52.3351;28.4;8.24106;40.2865;28.7;73;298.843;280.519;275;330;275;275;568.287;567.998;50;275.691;;;4096.93;1;1
1062;0.25;52.0312;28.4;8.13866;39.9913;28.7;71;298.452;280.534;275;330;275;275;568.287;567.853;50;275.692;;;4095.89;1;1
1063;0.25;51.8779;28.4;8.09655;39.8814;28.7;62;298.814;280.556;275;330;275;275;568.142;567.853;50;275.702;;;4094.85;1;1
1064;0.25;51.8374;28.4;8.07212;39.8814;28.7;60;298.741;280.556;275;330;275;275;568.142;567.708;50;275.702;;;4094.85;1;1
1065;0.25;52.2367;28.4;8.1343;39.8148;28.7;53;298.669;280.556;275;330;275;275;567.998;567.564;50;275.702;;;4094.85;1;1
1066;0.25;52.2338;28.4;8.09735;39.8553;28.7;45;298.597;280.519;275;330;275;275;568.142;567.708;50;275.713;;;4093.82;1;1
1067;0.25;52.5405;28.4;8.12655;39.6759;28.7;50;298.22;280.758;275;330;275;275;568.142;567.853;50;275.723;;;4092.78;1;1
1068;0.25;52.2309;28.4;8.0969;39.7772;28.7;49;298.307;280.751;275;330;275;275;568.142;567.708;50;275.732;;;4091.74;1;1
1069;0.25;52.6418;28.4;8.14221;39.8785;28.7;39;298.409;280.765;275;330;275;275;568.287;567.853;50;275.739;;;4090.71;1;1
1070;0.25;52.2367;28.4;7.98829;39.8814;28.7;39;298.409;280.744;275;330;275;275;568.142;567.708;50;275.751;;;4090.71;1;1
1071;0.25;51.93;28.4;7.95952;40.0839;28.7;34;298.061;280.744;275;330;275;275;568.142;567.708;50;275.769;;;4090.71;1;1
1072;0.25;51.6233;28.4;7.91251;40.0839;28.7;39;297.96;280.736;275;330;275;275;568.142;567.708;50;275.789;;;4089.23;1;1
1073;0.25;51.93;28.4;7.92324;39.8814;28.6;39;297.859;280.736;275;330;275;275;567.998;567.564;50;275.813;;;4086.12;1;1
1074;0.25;52.1325;28.4;7.99057;39.8785;28.6;43;297.815;280.751;275;330;275;275;567.998;567.708;50;275.835;;;4085.97;1;1
1075;0.25;51.9444;28.4;7.9073;39.7801;28.6;41;297.888;280.744;275;330;275;275;568.142;567.708;50;275.853;;;4085.97;1;1
1076;0.25;51.8287;28.4;7.87158;39.7772;28.6;40;297.266;280.744;275;330;275;275;568.142;567.708;50;275.876;;;4085.97;1;1
1077;0.25;51.6204;28.4;7.80387;39.6759;28.6;37;297.352;280.744;275;330;275;275;567.998;567.853;50;275.89;;;4082.86;1;1
1078;0.25;51.522;28.4;7.789;39.7772;28.6;35;297.396;280.736;275;330;275;275;567.998;567.708;50;275.902;;;4080.79;1;1
1079;0.25;51.6233;28.4;7.80431;39.6065;28.6;34;297.367;280.736;275;330;275;275;568.142;567.708;50;275.909;"KHP102      ";;4080.79;1;1
1080;0.25;51.93;28.4;7.81439;39.5747;28.6;34;296.933;280.729;275;330;275;275;568.142;567.853;50;275.892;;;4080.79;1;1
1081;0.25;52.338;28.3;7.46557;39.5747;28.6;34;296.817;280.722;275;330;275;275;568.142;567.708;50;275.878;;;4079.75;1;1
1082;0.25;52.1759;28.3;7.42423;39.4734;28.6;35;296.803;280.722;275;330;275;275;567.998;567.708;50;275.87;;;4077.68;1;1
1083;0.25;52.0284;28.3;7.40323;39.3721;28.5;34;296.181;280.736;275;330;275;275;567.998;567.564;50;275.873;;;4077.68;1;1
1084;0.25;51.8258;28.3;7.3382;39.5747;28.5;37;296.209;280.715;275;330;275;275;567.998;567.708;50;275.873;;;4077.68;1;1
1085;0.25;51.8287;28.3;7.35672;39.9797;28.5;47;296.282;280.729;275;330;275;275;567.998;567.708;50;275.866;;;4077.68;1;1
1086;0.25;51.93;28.3;7.35295;39.7772;28.5;54;296.036;280.707;275;330;275;275;568.142;567.708;50;275.86;;;4075.61;1;1
1087;0.25;52.1325;28.3;7.34521;39.8785;28.5;50;295.978;280.707;275;330;275;275;568.142;567.853;50;275.861;;;4074.57;1;1
1088;0.25;52.2367;28.3;7.34161;39.8785;28.5;57;295.906;280.7;275;330;275;275;568.287;567.998;50;275.86;;;4074.57;1;1
1089;0.25;51.93;28.3;7.26222;39.5775;28.5;61;295.023;280.686;275;330;275;275;568.576;568.142;50;275.85;;;4073.54;1;1
1090;0.25;51.9329;28.3;7.26262;39.5284;28.5;59;294.98;280.686;275;330;275;275;568.576;568.287;50;275.829;;;4071.64;1;1
1091;0.25;51.9271;28.3;7.24368;39.6759;28.5;67;295.602;280.881;275;330;275;275;568.721;568.142;50;275.812;;;4069.57;1;1
1092;0.25;52.2627;28.3;7.25398;39.8785;28.4;75;295.674;280.888;275;330;275;275;568.576;568.287;50;275.797;;;4069.57;1;1
1093;0.25;52.4624;28.2;6.96217;39.6759;28.4;76;295.023;280.845;275;330;275;275;568.576;568.287;50;275.789;;;4069.57;1;1
1094;0.25;52.1354;28.2;6.88235;39.4734;28.4;81;294.936;280.888;275;330;275;275;568.721;568.142;50;275.779;;;4068.53;1;1
1095;0.25;52.0312;28.2;6.83225;39.5747;28.4;96;294.85;280.91;275;330;275;275;568.576;568.142;50;275.778;;;4066.46;1;1
1096;0.25;52.1325;28.2;6.84555;39.7772;28.4;106;294.748;280.91;275;330;275;275;568.576;568.142;50;275.773;;;4066.46;1;1
1097;0.25;51.93;28.2;6.78264;39.9855;28.4;105;294.777;280.896;275;330;275;275;568.576;568.142;50;275.77;;;4066.46;1;1
1098;0.25;52.2078;28.2;6.80068;40.0405;28.4;108;294.907;280.903;275;330;275;275;568.576;568.142;50;275.763;;;4065.43;1;1
1099;0.25;52.0312;28.2;6.72316;40.0839;28.4;116;294.994;280.888;275;330;275;275;568.576;568.287;50;275.756;;;4065.43;1;1
1100;0.25;51.93;28.2;6.72822;39.9797;28.4;117;294.98;280.874;275;330;275;275;568.576;568.287;50;275.747;;;4061.3;1;1
1101;0.25;52.1325;28.2;6.75446;39.8814;28.4;113;294.864;280.896;275;330;275;275;568.576;568.142;50;275.739;;;4061.3;1;1
1102;0.25;52.0284;28.2;6.66826;39.9855;28.3;119;294.748;280.859;275;330;275;275;568.576;568.142;50;275.735;"KHP102      ";;4061.26;1;1
1103;0.25;51.93;28.2;6.61935;39.8785;28.3;121;294.748;280.896;275;330;275;275;568.576;568.142;50;275.739;"KHP102      ";;4060.23;1;1
1104;0.25;51.8432;28.1;6.29252;39.8785;28.3;120;294.864;280.888;275;330;275;275;568.432;568.142;50;275.746;;;4060.23;1;1
1105;0.25;52.1267;28.1;6.27231;39.8785;28.3;126;294.965;280.888;275;330;275;275;568.432;568.142;50;275.747;;;4056.99;1;1
1106;0.25;51.9907;28.1;6.29227;39.8785;28.3;126;295.023;280.896;275;330;275;275;568.287;567.998;50;275.742;;;4055.96;1;1
1107;0.25;52.0312;28.1;6.26082;39.7772;28.3;128;295.674;280.881;275;330;275;275;568.287;567.998;50;275.738;;;4055.96;1;1
1108;0.25;52.2338;28.1;6.2487;39.7772;28.3;125;295.573;280.881;275;330;275;275;568.287;567.998;50;275.738;;;4055.96;1;1
1109;0.25;52.2338;28.1;6.26694;39.6759;28.3;115;295.472;280.888;275;330;275;275;568.287;567.998;50;275.745;;;4052.86;1;1
1110;0.25;52.1325;28.1;6.20016;39.7772;28.3;112;295.472;280.896;275;330;275;275;568.432;568.142;50;275.756;;;4052.86;1;1
1111;0.25;52.4392;28.1;6.16333;39.6759;28.3;113;295.819;280.852;275;330;275;275;568.432;568.142;50;275.77;;;4052.86;1;1
1112;0.25;52.3351;28.1;6.18766;39.6759;28.3;114;295.92;280.896;275;330;275;275;568.432;568.142;50;275.78;;;4051.83;1;1
1113;0.25;52.3351;28.1;6.15109;39.7078;28.3;103;296.007;280.896;275;330;275;275;568.576;568.142;50;275.79;;;4050.79;1;1
1114;0.25;52.2338;28.1;6.13919;39.7917;28.3;98;296.759;280.924;275;330;275;275;568.432;568.142;50;275.797;;;4049.76;1;1
1115;0.25;52.2483;28.1;6.10438;40.1852;28.3;93;296.644;280.917;275;330;275;275;568.432;568.142;50;275.8;;;4049.76;1;1
1116;0.25;52.0168;28.1;6.02282;39.9913;28.3;80;296.557;280.917;275;330;275;275;568.432;567.998;50;275.8;;;4049.76;1;1
1117;0.25;52.011;28.1;6.00398;39.9826;28.3;72;296.774;280.91;275;330;275;275;568.432;568.142;50;275.796;;;4049.76;1;1
1118;0.25;51.9329;28.1;6.01311;39.8466;28.4;71;296.875;280.91;275;330;275;275;568.432;568.142;50;275.791;;;4047.4;1;1
1119;0.25;51.8287;28.1;5.96481;39.8785;28.4;61;296.991;280.91;275;330;275;275;568.576;568.142;50;275.781;;;4043.27;1;1
1120;0.25;51.93;28.1;5.95832;40.1302;28.4;56;297.078;280.881;275;330;275;275;568.576;568.287;50;275.78;;;4042.45;1;1
1121;0.25;51.93;28.1;5.94018;39.9826;28.4;55;297.005;280.917;275;330;275;275;568.721;568.287;50;275.783;;;4042.45;1;1
1122;0.25;52.011;28.1;5.87677;39.8785;28.4;56;297.078;280.642;275;330;275;275;568.721;568.432;50;275.785;;;4042.45;1;1
1123;0.25;52.3148;28.1;5.94765;39.8785;28.4;47;297.049;280.642;275;330;275;275;568.576;568.287;50;275.761;;;4042.45;1;1
1124;0.25;52.202;28.1;5.88012;39.7772;28.4;46;297.063;280.642;275;330;275;275;568.576;568.287;50;275.732;;;4042.45;1;1
1125;0.25;52.0862;28.1;5.83066;39.8785;28.4;50;297.121;280.642;275;330;275;275;568.576;568.142;50;275.705;;;4042.45;1;1
1126;0.25;52.2338;28.1;5.8837;39.8814;28.4;40;297.222;280.642;275;330;275;275;568.432;568.142;50;275.682;;;4042.45;1;1
1127;0.25;52.3351;28.1;5.84024;39.8785;28.4;37;297.295;280.642;275;330;275;275;568.432;568.287;50;275.667;;;4041.42;1;1
1128;0.25;52.5203;28.1;5.84255;39.8785;28.3;46;297.323;280.642;275;330;275;275;568.576;568.142;50;275.662;;;4039.36;1;1
1129;0.25;52.7431;28.1;5.83049;39.9797;28.3;55;297.309;280.642;275;330;275;275;568.432;567.998;50;275.663;;;4039.27;1;1
1130;0.25;52.4682;28.1;5.8001;40.081;28.3;60;297.222;280.642;275;330;275;275;568.432;568.142;50;275.675;;;4039.27;1;1
1131;0.25;51.8258;28.1;5.65667;39.9797;28.3;62;297.164;280.527;275;330;275;275;568.432;568.142;50;275.694;;;4038.24;1;1
1132;0.25;52.1325;28.1;5.69015;39.9045;28.3;62;296.904;280.527;275;330;275;275;568.432;568.142;50;275.723;;;4038.24;1;1
1133;0.25;52.4392;28.1;5.72363;39.9797;28.3;61;296.803;280.527;275;330;275;275;568.432;567.998;50;275.746;;;4034.12;1;1
1134;0.25;52.3929;28;5.36283;40.1823;28.3;68;296.904;280.642;275;330;275;275;568.287;567.998;50;275.763;;;4033.09;1;1
1135;0.25;52.338;28;5.32064;40.081;28.3;70;297.049;280.932;275;330;275;275;568.287;567.998;50;275.786;;;4033.09;1;1
1136;0.25;52.309;28;5.28115;40.1881;28.3;69;297.063;280.65;275;330;275;275;568.432;567.998;50;275.81;;;4033.09;1;1
1137;0.25;52.1325;28;5.29975;40.3877;28.3;65;296.933;280.917;275;330;275;275;568.432;568.142;50;275.83;;;4032.4;1;1
1138;0.25;52.092;28;5.31383;40.1852;28.3;64;296.832;280.917;275;330;275;275;568.432;568.142;50;275.84;;;4030.34;1;1
1139;0.25;52.1383;28;5.20927;40.1852;28.3;61;296.557;280.939;275;330;275;275;568.432;568.142;50;275.846;;;4030.34;1;1
1140;0.25;52.0312;28;5.19858;40.2865;28.2;59;296.094;280.657;275;330;275;275;568.576;568.287;50;275.841;;;4030.34;1;1
1141;0.25;52.1788;28;5.17684;39.9826;28.2;69;296.123;280.657;275;330;275;275;568.721;568.287;50;275.827;;;4028.28;1;1
1142;0.25;52.0515;28;5.16421;39.9797;28.2;61;296.209;280.657;275;330;275;275;568.721;568.432;50;275.819;;;4027.25;1;1
1143;0.25;51.93;28;5.09773;40.081;28.2;59;296.34;280.657;275;330;275;275;568.866;568.576;50;275.817;;;4026.22;1;1
1144;0.25;52.1325;28;5.13582;40.1071;28.2;61;296.398;280.664;275;330;275;275;568.866;568.576;50;275.795;"KHP102      ";;4026.22;1;1
1145;0.25;52.2946;28;5.07871;40.1042;28.2;59;296.759;280.917;275;330;275;275;568.866;568.576;50;275.767;;;4025.19;1;1
1146;0.25;52.1296;28;5.09911;39.8785;28.2;53;296.253;280.657;275;330;275;275;568.866;568.432;50;275.754;;;4024.16;1;1
1147;0.25;51.9734;28;5.01121;39.6759;28.2;54;296.166;280.664;275;330;275;275;568.866;568.432;50;275.733;;;4022.1;1;1
1148;0.25;52.1325;28;5.06297;39.5804;28.2;51;296.137;280.664;275;330;275;275;568.721;568.432;50;275.706;;;4022.1;1;1
1149;0.25;51.93;28;5.00702;39.7164;28.2;64;295.747;280.657;275;330;275;275;568.721;568.287;50;275.678;;;4022.1;1;1
1150;0.25;52.1354;28;4.97216;39.6123;28.2;69;295.833;280.519;275;330;275;275;568.576;568.287;50;275.643;;;4022.1;1;1
1151;0.25;52.3293;27.9;4.65365;39.6759;28.2;75;295.949;280.519;275;330;275;275;568.576;568.287;50;275.604;;;4022.1;1;1
1152;0.25;52.2946;27.9;4.61403;39.8814;28.1;86;296.079;280.519;275;330;275;275;568.576;568.287;50;275.564;;;4016.96;1;1
1153;0.25;52.3351;27.9;4.63588;39.9826;28.1;93;295.964;280.519;275;330;275;275;568.576;568.287;50;275.523;;;4016.96;1;1
1154;0.25;52.2367;27.9;4.60892;39.9392;28.1;101;295.761;280.527;275;330;275;275;568.721;568.432;50;275.478;;;4016.96;1;1
1155;0.25;52.2338;27.9;4.59042;39.7772;28.1;105;295.718;280.519;275;330;275;275;568.721;568.432;50;275.425;;;4015.76;1;1
1156;0.25;52.2338;27.9;4.57217;39.7772;28.1;117;295.92;280.527;275;330;275;275;568.866;568.432;50;275.384;;;4015.76;1;1
1157;0.25;51.9213;27.9;4.54482;39.8785;28.1;133;296.05;280.527;275;330;275;275;568.866;568.432;50;275.363;;;4015.76;1;1
1158;0.25;51.93;27.9;4.45485;39.7685;28.1;135;295.992;280.534;275;330;275;275;568.721;568.287;50;275.349;;;4015.76;1;1
1159;0.25;51.8808;27.9;4.46875;39.7251;28.1;145;295.848;280.548;275;330;275;275;568.866;568.287;50;275.346;;;4014.73;1;1
1160;0.25;51.93;27.9;4.4367;39.9826;28.1;160;295.761;280.534;275;330;275;275;568.721;568.432;50;275.351;;;4014.73;1;1
1161;0.25;51.93;27.9;4.4367;39.8785;28.1;169;295.79;280.527;275;330;275;275;568.721;568.287;50;275.353;"KHP102      ";;4013.7;1;1
1162;0.25;52.1123;27.9;4.43408;40.1852;28.1;170;295.877;280.527;275;330;275;275;568.576;568.287;50;275.318;;;4013.7;1;1
1163;0.25;52.2367;27.9;4.46291;40.2517;28.1;171;296.644;280.534;275;330;275;275;568.576;568.142;50;275.285;;;4011.64;1;1
1164;0.25;52.338;27.9;4.43499;39.8785;28.1;168;296.716;280.534;275;330;275;275;568.432;567.998;50;275.283;;;4011.64;1;1
1165;0.25;52.2425;27.8;4.05396;39.7772;28.1;170;296.672;280.534;275;330;275;275;568.432;568.142;50;275.325;;;4010.62;1;1
1166;0.25;52.338;27.8;4.09794;39.7772;28.1;176;296.904;280.534;275;330;275;275;568.287;568.142;50;275.369;;;4009.59;1;1
1167;0.25;52.338;27.8;4.00649;39.7801;28.1;175;297.309;280.534;275;330;275;275;568.432;567.998;50;275.424;;;4009.59;1;1
1168;0.25;52.1325;27.8;3.95434;39.8785;28.1;164;297.28;280.534;275;330;275;275;568.432;568.142;50;275.477;;;4009.59;1;1
1169;0.25;51.7361;27.8;3.92427;39.8814;28.1;156;297.844;280.534;275;330;275;275;568.432;568.142;50;275.524;;;4006.51;1;1
1170;0.25;51.8287;27.8;3.9313;39.8814;28.1;143;297.989;280.534;275;330;275;275;568.432;568.142;50;275.555;;;4006.51;1;1
1171;0.25;51.8287;27.8;3.91319;39.9797;28.1;130;298.611;280.534;275;330;275;275;568.432;568.142;50;275.578;;;4004.45;1;1
1172;0.25;51.9329;27.8;3.88477;39.9797;28.1;107;299.074;280.534;275;330;275;275;568.432;568.142;50;275.592;;;4004.45;1;1
1173;0.25;51.7245;27.8;3.86919;39.8785;28.1;92;299.045;280.534;275;330;275;275;568.576;568.142;50;275.598;;;4004.45;1;1
1174;0.25;51.8287;27.8;3.89509;39.9508;28.1;80;299.378;280.534;275;330;275;275;568.576;568.287;50;275.595;;;4004.45;1;1
1175;0.25;51.93;27.8;3.86641;39.8814;28.1;64;299.306;280.534;275;330;275;275;568.866;568.432;50;275.582;;;4003.42;1;1
1176;0.25;52.1354;27.8;3.82705;39.7772;28.1;55;299.855;280.534;275;330;275;275;568.721;568.432;50;275.548;;;4002.4;1;1
1177;0.25;52.0312;27.8;3.83758;39.8061;28.1;37;299.928;280.534;275;330;275;275;568.721;568.576;50;275.5;;;4002.4;1;1
1178;0.25;51.93;27.8;3.75754;39.8785;28.1;27;300.058;280.534;275;330;275;275;568.721;568.287;50;275.447;;;4001.37;1;1
1179;0.25;51.93;27.8;3.81197;39.8785;28.1;25;300.825;280.563;275;330;275;275;568.432;568.142;50;275.394;;;4001.37;1;1
1180;0.25;51.6262;27.8;3.69949;39.9826;28.1;23;300.738;280.519;275;330;275;275;568.576;568.142;50;275.353;;;3999.9;1;1
1181;0.25;51.4207;27.8;3.70273;39.9479;28.1;19;300.666;280.519;275;330;275;275;568.576;568.287;50;275.323;;;3999.9;1;1
1182;0.25;51.6233;27.8;3.66321;39.8785;28.1;17;300.608;280.563;275;330;275;275;568.576;568.287;50;275.309;;;3999.9;1;1
1183;0.25;51.8287;27.8;3.67779;39.7946;28.1;19;300.333;280.534;275;330;275;275;568.576;568.142;50;275.297;;;3996.82;1;1
1184;0.25;51.8345;27.8;3.69631;39.8785;28.1;21;300.333;280.534;275;330;275;275;568.576;568.142;50;275.286;;;3995.79;1;1
1185;0.25;51.8258;27.9;4.01135;39.8785;28.1;26;299.942;280.534;275;330;275;275;568.576;568.287;50;275.276;;;3993.74;1;1
1186;0.25;51.6753;27.9;3.96357;39.9826;28.1;34;300.029;280.534;275;330;275;275;568.721;568.287;50;275.27;;;3993.74;1;1
1187;0.25;51.7245;27.9;3.93121;39.7772;28.1;49;300.116;280.534;275;330;275;275;568.721;568.432;50;275.266;"KHP102      ";;3993.74;1;1
1188;0.25;52.1354;27.9;3.94422;39.8698;28.1;58;299.537;280.534;275;330;275;275;568.721;568.432;50;275.259;;;3991.81;1;1
1189;0.25;52.4421;27.9;3.91246;40.0289;28.1;58;299.479;280.534;275;330;275;275;568.866;568.432;50;275.252;;;3991.81;1;1
1190;0.25;52.7402;27.9;3.97155;39.6875;28.1;68;299.624;280.519;275;330;275;275;568.866;568.576;50;275.256;;;3991.81;1;1
1191;0.25;52.4392;27.9;3.87558;39.6759;28.1;91;298.886;280.534;275;330;275;275;568.721;568.432;50;275.262;;;3991.81;1;1
1192;0.25;52.2367;27.8;3.54248;39.6759;28.1;100;298.828;280.534;275;330;275;275;568.866;568.432;50;275.256;;;3990.79;1;1
1193;0.25;52.364;27.8;3.5328;39.7772;28.1;107;298.929;280.534;275;330;275;275;568.866;568.432;50;275.228;;;3987.71;1;1
1194;0.25;52.2541;27.8;3.48887;39.5747;28.1;111;298.539;280.534;275;330;275;275;568.866;568.432;50;275.2;;;3986.68;1;1
1195;0.25;51.8721;27.8;3.44525;39.6759;28.1;118;298.481;280.519;275;330;275;275;568.866;568.432;50;275.189;;;3985.66;1;1
1196;0.25;52.0341;27.8;3.45601;39.9826;28;126;298.38;280.556;275;330;275;275;568.721;568.432;50;275.185;;;3985.66;1;1
1197;0.25;52.011;27.8;3.4363;40.1678;28;135;298.307;280.519;275;330;275;275;568.866;568.432;50;275.195;;;3984.63;1;1
1198;0.25;51.7593;27.8;3.38351;39.9797;28;143;298.249;280.519;275;330;275;275;568.866;568.576;50;275.222;;;3984.63;1;1
1199;0.25;52.0226;27.8;3.40072;39.864;28;141;298.597;280.519;275;330;275;275;568.866;568.576;50;275.253;;;3983.61;1;1
1200;0.25;51.8258;27.8;3.36976;39.8785;28;139;298.683;280.563;275;330;275;275;568.866;568.576;50;275.276;;;3983.61;1;1
1201;0.25;52.0312;27.8;3.38311;40.1852;28;135;298.814;280.556;275;330;275;275;569.01;568.721;50;275.314;;;3983.61;1;1
1202;0.25;51.9271;27.8;3.34003;40.2865;28;130;298.872;280.556;275;330;275;275;569.01;568.721;50;275.361;;;3983.61;1;1
1203;0.25;51.5191;27.8;3.2778;40.1852;28;120;298.872;280.519;275;330;275;275;569.01;568.866;50;275.421;;;3981.92;1;1
1204;0.25;51.7274;27.8;3.29105;40.1678;28;113;299.031;280.519;275;330;275;275;569.01;568.866;50;275.479;;;3981.92;1;1
1205;0.25;51.93;27.8;3.30394;40.1852;28;109;298.915;280.556;275;330;275;275;569.01;568.866;50;275.522;;;3981.92;1;1
1206;0.25;52.2338;27.8;3.35976;40.0463;28;96;298.828;280.556;275;330;275;275;569.01;568.866;50;275.554;;;3980.9;1;1
1207;0.25;52.4392;27.7;2.962;39.7772;28;84;298.857;280.512;275;330;275;275;569.01;568.866;50;275.569;;;3978.7;1;1
1208;0.25;52.1788;27.7;2.8926;39.8785;28;69;298.987;280.512;275;330;275;275;569.01;568.576;50;275.564;;;3978.7;1;1
1209;0.25;52.1354;27.7;2.94484;39.8785;28;64;299.566;280.563;275;330;275;275;568.866;568.576;50;275.565;;;3978.7;1;1
1210;0.25;52.2338;27.7;2.93215;40.0839;28;54;299.638;280.563;275;330;275;275;568.866;568.576;50;275.566;;;3978.62;1;1
1211;0.25;52.0978;27.7;2.88811;39.8814;28;37;299.58;280.563;275;330;275;275;568.866;568.432;50;275.57;;;3975.55;1;1
1212;0.25;51.93;27.7;2.8425;39.7772;28;30;299.407;280.512;275;330;275;275;568.866;568.432;50;275.573;;;3974.52;1;1
1213;0.25;51.93;27.7;2.8425;39.6759;28;26;299.45;280.512;275;330;275;275;568.866;568.432;50;275.576;;;3973.5;1;1
1214;0.25;52.0544;27.7;2.84931;39.6759;28;21;299.132;280.541;275;330;275;275;568.866;568.576;50;275.578;;;3973.5;1;1
1215;0.25;51.8287;27.7;2.83696;39.6759;28;20;299.132;280.541;275;330;275;275;568.866;568.576;50;275.58;;;3973.5;1;1
1216;0.25;51.8287;27.7;2.81885;39.6296;28.1;0;299.277;280.541;275;330;275;275;568.866;568.576;50;275.583;;;3970.43;1;1
1217;0.25;52.338;27.7;2.84655;39.6759;28.1;0;299.334;280.534;275;330;275;275;568.866;568.576;50;275.596;;;3969.53;1;1
1218;0.25;52.0399;27.7;2.84852;39.9711;28.1;0;299.913;280.548;275;330;275;275;568.721;568.576;50;275.619;;;3969.53;1;1
1219;0.25;52.4334;27.7;2.85174;39.9826;28.1;3;299.045;280.541;275;330;275;275;568.721;568.432;50;275.63;;;3968.5;1;1
1220;0.25;52.1325;27.7;2.81716;39.8177;28.1;3;298.987;280.541;275;330;275;275;568.576;568.287;50;275.629;;;3967.23;1;1
1221;0.25;51.9531;27.7;2.86194;39.7801;28.1;3;298.886;280.541;275;330;275;275;568.721;568.432;50;275.616;;;3967.23;1;1
1222;0.25;51.93;27.7;2.78808;40.0839;28.1;3;298.047;280.541;275;330;275;275;568.721;568.287;50;275.6;;;3966.69;1;1
1223;0.25;52.0284;27.7;2.79336;39.9248;28.1;5;298.076;280.194;275;330;275;275;568.576;568.287;50;275.578;;;3966.69;1;1
1224;0.25;51.9763;27.7;2.75425;39.8785;28.1;8;297.946;280.15;275;330;275;275;568.721;568.432;50;275.548;;;3966.69;1;1
1225;0.25;51.93;27.7;2.76994;40.0752;28.1;12;298.003;280.15;275;330;275;275;568.721;568.287;50;275.507;;;3964.48;1;1
1226;0.25;51.9444;27.7;2.75256;40.0839;28;19;297.323;280.165;275;330;275;275;568.576;568.142;50;275.466;;;3963.45;1;1
1227;0.25;52.202;27.7;2.76621;40.0116;28;34;297.063;280.433;275;330;275;275;568.576;568.142;50;275.422;"KHP102      ";;3961.41;1;1
1228;0.25;52.5405;27.7;2.78415;39.6759;28;36;296.962;280.433;275;330;275;275;568.576;568.287;50;275.374;;;3960.38;1;1
1229;0.25;52.2338;27.7;2.82264;39.7801;28;60;296.571;280.411;275;330;275;275;568.721;568.287;50;275.337;;;3959.36;1;1
1230;0.25;51.93;27.6;2.45365;39.7772;28;86;296.484;280.411;275;330;275;275;568.576;568.287;50;275.309;;;3957.32;1;1
1231;0.25;51.5104;27.6;2.37984;39.8785;28;95;295.804;280.433;275;330;275;275;568.721;568.287;50;275.297;;;3957.32;1;1
1232;0.25;51.7274;27.6;2.42601;39.9248;28;109;295.949;280.165;275;330;275;275;568.721;568.432;50;275.286;;;3957.32;1;1
1233;0.25;51.9907;27.6;2.36571;39.7801;28;131;295.255;280.158;275;330;275;275;568.721;568.432;50;275.282;;;3957.32;1;1
1234;0.25;52.0312;27.6;2.42208;39.8814;28;143;295.255;280.136;275;330;275;275;568.721;568.287;50;275.278;;;3954.92;1;1
1235;0.25;51.7274;27.6;2.40794;39.9219;28;157;295.255;280.122;275;330;275;275;568.576;568.287;50;275.275;;;3952.19;1;1
1236;0.25;51.7245;27.6;2.4078;39.8814;28;160;295.168;280.158;275;330;275;275;568.576;568.142;50;275.278;;;3952.19;1;1
1237;0.25;51.522;27.6;2.38038;39.8785;28;170;294.763;280.165;275;330;275;275;568.576;568.142;50;275.28;;;3952.19;1;1
1238;0.25;51.6233;27.6;2.42112;40.0839;27.9;185;294.734;280.136;275;330;275;275;568.576;568.142;50;275.275;;;3952.19;1;1
1239;0.25;51.8374;27.6;2.39495;40.0839;27.9;198;295.211;280.122;275;330;275;275;568.721;568.432;50;275.253;;;3950.15;1;1
1240;0.25;52.1325;27.5;2.09106;39.9826;27.9;199;295.24;280.136;275;330;275;275;568.866;568.432;50;275.238;"KHP102      ";;3949.12;1;1
1241;0.25;52.0312;27.5;2.05064;39.7772;27.9;196;295.24;280.165;275;330;275;275;569.01;568.432;50;275.233;;;3949.12;1;1
1242;0.25;51.93;27.5;2.01035;39.7772;27.9;194;295.226;280.158;275;330;275;275;568.866;568.576;50;275.232;;;3948.1;1;1
1243;0.25;52.1267;27.5;2.09083;39.4734;27.9;192;295.92;280.136;275;330;275;275;568.866;568.576;50;275.225;;;3948.1;1;1
1244;0.25;51.8895;27.5;2.06318;39.6759;27.9;186;295.877;280.122;275;330;275;275;568.866;568.576;50;275.216;;;3947.77;1;1
1245;0.25;51.8258;27.5;2.13307;39.673;27.9;185;296.05;280.158;275;330;275;275;568.866;568.432;50;275.202;;;3947.77;1;1
1246;0.25;52.0312;27.5;2.087;39.8785;28;174;296.021;280.158;275;330;275;275;568.866;568.432;50;275.184;;;3947.77;1;1
1247;0.25;51.9271;27.5;2.1191;39.9797;28;165;296.904;280.136;275;330;275;275;568.721;568.432;50;275.162;;;3947.77;1;1
1248;0.25;51.9097;27.5;2.08212;40.1852;28;160;297.309;280.143;275;330;275;275;568.721;568.432;50;275.138;;;3947.77;1;1
1249;0.25;51.93;27.5;2.11922;39.9826;28;161;297.381;280.027;275;330;275;275;568.866;568.432;50;275.108;;;3945.73;1;1
1250;0.25;51.9271;27.5;2.1191;39.8785;28;156;298.032;280.027;275;330;275;275;569.01;568.721;50;275.079;;;3944.7;1;1
1251;0.25;51.8808;27.5;2.08096;40.1852;28;146;298.206;280.027;275;330;275;275;569.155;568.721;50;275.059;;;3944.7;1;1
1252;0.25;51.9184;27.5;2.0462;40.1331;28;148;298.134;280.027;275;330;275;275;569.155;568.866;50;275.039;;;3943.68;1;1
1253;0.25;51.9271;27.5;2.06468;40.0839;28.1;146;298.843;280.027;275;330;275;275;569.155;568.866;50;275.011;"KHP102      ";;3941.33;1;1
1254;0.25;52.1817;27.5;2.16595;40.0839;28.1;139;299.19;280.027;275;330;275;275;569.155;568.866;50;274.993;;;3941.33;1;1
1255;0.25;52.2367;27.5;2.14998;39.9826;28.1;122;299.19;280.027;275;330;275;275;569.3;568.866;50;274.96;;;3941.33;1;1
1256;0.25;52.3032;27.5;2.15272;40.0694;28.1;123;299.986;280.027;275;330;275;275;569.3;569.01;50;274.938;;;3941.33;1;1
1257;0.25;51.7593;27.5;2.13033;39.9624;28.1;118;300.448;280.027;275;330;275;275;569.3;569.01;50;274.929;;;3941.33;1;1
1258;0.25;51.93;27.5;2.10108;40.0839;28.1;116;300.506;280.027;275;330;275;275;569.444;569.01;50;274.931;;;3936.23;1;1
1259;0.25;52.1325;27.5;2.1457;40.0839;28.2;116;301.085;280.027;275;330;275;275;569.444;569.155;50;274.941;;;3936.23;1;1
1260;0.25;51.93;27.6;2.50807;39.9537;28.2;117;300.926;280.027;275;330;275;275;569.444;569.01;50;274.96;;;3936.23;1;1
1261;0.25;52.1325;27.6;2.46322;39.7801;28.2;113;301.186;280.027;275;330;275;275;569.3;569.01;50;274.981;;;3935.21;1;1
1262;0.25;52.1325;27.6;2.53609;39.7772;28.2;107;301.288;280.027;275;330;275;275;569.444;569.155;50;274.994;;;3935.21;1;1
1263;0.25;51.8142;27.6;2.48438;39.7801;28.2;100;301.837;280.027;275;330;275;275;569.444;569.155;50;275.006;;;3929.09;1;1
1264;0.25;51.7245;27.6;2.49815;39.7569;28.2;98;302.156;280.027;275;330;275;275;569.444;569.01;50;275.017;;;3929.09;1;1
1265;0.25;51.6233;27.6;2.47522;39.5747;28.2;91;302.141;280.027;275;330;275;275;569.444;569.01;50;275.029;;;3929.09;1;1
1266;0.25;51.9271;27.6;2.54424;39.6759;28.2;80;302.156;280.027;275;330;275;275;569.444;568.866;50;275.037;;;3928.07;1;1
1267;0.25;51.7274;27.6;2.53446;39.8785;28.2;74;302.705;280.027;275;330;275;275;569.3;568.866;50;275.037;;;3925.01;1;1
1268;0.25;51.6291;27.6;2.54767;39.9826;28.2;73;302.633;280.027;275;330;275;275;569.3;569.01;50;275.024;;;3923.99;1;1
1269;0.25;52.0226;27.6;2.56709;40.0839;28.2;63;302.662;280.027;275;330;275;275;569.3;569.01;50;274.996;;;3923.99;1;1
1270;0.25;51.93;27.6;2.54438;40.1852;28.3;54;302.734;280.027;275;330;275;275;569.3;569.01;50;274.956;;;3923.99;1;1
1271;0.25;52.037;27.7;2.84836;40.0839;28.3;55;302.792;280.027;275;330;275;275;569.3;568.866;50;274.916;;;3923.99;1;1
1272;0.25;52.1325;27.7;2.90825;39.864;28.3;52;302.922;280.027;275;330;275;275;569.3;568.866;50;274.904;;;3922.98;1;1
1273;0.25;51.8258;27.7;2.92735;39.673;28.3;62;302.792;280.433;275;330;275;275;569.155;568.866;50;274.908;;;3922.98;1;1
1274;0.25;52.0312;27.7;2.95713;39.6759;28.3;58;302.677;280.433;275;330;275;275;569.3;568.866;50;274.918;;;3921.96;1;1
1275;0.25;52.338;27.7;2.93799;39.7772;28.3;56;302.561;280.418;275;330;275;275;569.3;568.866;50;274.928;;;3920.13;1;1
1276;0.25;52.2049;27.7;2.93052;39.6759;28.3;65;302.532;280.418;275;330;275;275;569.155;568.866;50;274.933;;;3919.22;1;1
1277;0.25;51.7882;27.7;2.94332;39.6788;28.3;62;302.445;280.266;275;330;275;275;569.155;568.721;50;274.932;;;3919.22;1;1
1278;0.25;51.8287;27.7;2.94562;39.6759;28.3;70;302.011;280.418;275;330;275;275;569.01;568.721;50;274.93;;;3919.22;1;1
1279;0.25;51.8287;27.7;2.94562;39.6499;28.3;74;302.127;280.396;275;330;275;275;569.155;568.721;50;274.903;;;3919.22;1;1
1280;0.25;51.6233;27.7;2.93394;39.7801;28.3;72;302.141;280.396;275;330;275;275;569.155;568.866;50;274.868;;;3918.21;1;1
1281;0.25;51.7245;27.7;2.95777;39.7772;28.3;76;302.054;280.411;275;330;275;275;569.155;568.866;50;274.838;;;3917.19;1;1
1282;0.25;52.1325;27.7;2.9811;39.43;28.3;79;301.939;280.404;275;330;275;275;569.155;568.866;50;274.805;;;3917.19;1;1
1283;0.25;52.0312;27.7;3.01166;39.6759;28.3;91;301.895;280.418;275;330;275;275;569.3;568.866;50;274.77;;;3917.19;1;1
1284;0.25;52.1325;27.7;3.05397;39.8756;28.2;90;301.591;280.418;275;330;275;275;569.155;568.721;50;274.74;;;3917.19;1;1
1285;0.25;52.2338;27.7;3.0599;39.7772;28.2;102;301.664;280.425;275;330;275;275;569.155;568.866;50;274.712;;;3916.17;1;1
1286;0.25;52.2338;27.7;3.04166;39.8785;28.2;112;301.765;280.425;275;330;275;275;569.155;568.866;50;274.691;"KHP102      ";;3915.15;1;1
1287;0.25;51.8374;27.7;2.98233;39.8785;28.2;120;301.794;280.418;275;330;275;275;569.01;568.576;50;274.666;;;3915.15;1;1
1288;0.25;51.93;27.7;3.02396;39.6759;28.2;133;301.751;280.404;275;330;275;275;568.866;568.432;50;274.663;;;3915.15;1;1
1289;0.25;51.93;27.7;3.0421;39.6759;28.2;142;301.056;280.389;275;330;275;275;568.866;568.432;50;274.67;;;3914.14;1;1
1290;0.25;51.93;27.7;3.07839;39.8785;28.2;140;300.969;280.223;275;330;275;275;568.866;568.287;50;274.67;;;3911.25;1;1
1291;0.25;51.93;27.7;3.0421;39.7772;28.2;161;300.897;280.396;275;330;275;275;568.866;568.287;50;274.68;;;3909.82;1;1
1292;0.25;51.6233;27.7;3.0602;39.8785;28.2;161;300.998;280.389;275;330;275;275;568.866;568.432;50;274.692;;;3909.82;1;1
1293;0.25;51.6233;27.7;3.04217;39.8785;28.2;165;301.1;280.389;275;330;275;275;568.721;568.432;50;274.705;"KHP102      ";;3908.8;1;1
1294;0.25;52.1325;27.7;3.09039;39.5747;28.2;176;301.157;280.389;275;330;275;275;568.576;568.287;50;274.72;;;3908.8;1;1
1295;0.25;51.93;27.7;3.11467;39.2679;28.2;174;301.649;280.382;275;330;275;275;568.721;568.287;50;274.74;;;3905.75;1;1
1296;0.25;52.0312;27.7;3.10257;39.1667;28.2;177;301.548;280.382;275;330;275;275;568.576;568.287;50;274.77;;;3905.75;1;1
1297;0.25;51.93;27.7;3.09653;39.4734;28.2;161;301.49;280.396;275;330;275;275;568.721;568.287;50;274.793;;;3904.74;1;1
1298;0.25;52.0023;27.7;3.11901;39.5775;28.2;157;301.432;280.382;275;330;275;275;568.576;568.142;50;274.808;"KHP102      ";;3904.74;1;1
1299;0.25;52.0312;27.7;3.13892;39.9826;28.2;159;301.939;280.389;275;330;275;275;568.576;568.142;50;274.819;;;3902.7;1;1
1300;0.25;52.1325;27.7;3.10861;39.9797;28.3;150;302.127;280.281;275;330;275;275;568.576;568.142;50;274.831;;;3900.09;1;1
1301;0.25;52.1412;27.7;3.18198;39.8814;28.3;133;302.156;280.382;275;330;275;275;568.432;568.142;50;274.845;;;3900.09;1;1
1302;0.25;52.3351;27.7;3.19381;39.7772;28.3;127;302.821;280.295;275;330;275;275;568.432;568.142;50;274.845;;;3899.07;1;1
1303;0.25;52.338;27.7;3.15742;39.5747;28.3;125;302.575;280.375;275;330;275;275;568.432;568.142;50;274.834;;;3898.06;1;1
1304;0.25;52.0544;27.7;3.14032;39.4734;28.3;112;302.995;280.302;275;330;275;275;568.287;567.998;50;274.819;;;3897.33;1;1
1305;0.25;52.0255;27.7;3.19312;39.6181;28.3;98;302.922;280.302;275;330;275;275;568.142;567.853;50;274.799;;;3897.33;1;1
1306;0.25;52.0312;27.7;3.17527;39.7772;28.3;86;302.966;280.367;275;330;275;275;568.142;567.853;50;274.776;;;3897.33;1;1
1307;0.25;52.0312;27.7;3.22983;39.7772;28.3;86;303.906;280.317;275;330;275;275;568.142;567.853;50;274.756;;;3896.32;1;1
1308;0.25;51.93;27.7;3.18726;39.8785;28.3;81;303.921;280.317;275;330;275;275;568.142;567.853;50;274.744;;;3893.27;1;1
1309;0.25;52.1325;27.8;3.59005;39.7772;28.4;77;303.892;280.339;275;330;275;275;568.142;567.998;50;274.739;;;3893.27;1;1
1310;0.25;51.9647;27.8;3.54219;39.8785;28.4;79;303.805;280.346;275;330;275;275;568.287;567.998;50;274.729;;;3893.27;1;1
1311;0.25;51.9647;27.8;3.59665;39.8466;28.4;79;303.747;280.346;275;330;275;275;568.287;567.998;50;274.714;;;3893.27;1;1
1312;0.25;52.1354;27.8;3.59025;39.6759;28.4;78;303.675;280.331;275;330;275;275;568.287;567.853;50;274.699;;;3893.27;1;1
1313;0.25;52.1325;27.8;3.60827;39.9797;28.4;74;303.718;280.317;275;330;275;275;568.142;567.853;50;274.676;;;3893.1;1;1
1314;0.25;51.9329;27.8;3.52188;40.0839;28.4;76;303.848;280.324;275;330;275;275;568.287;567.853;50;274.656;;;3893.1;1;1
1315;0.25;52.1325;27.8;3.59005;39.7772;28.4;77;303.921;280.324;275;330;275;275;568.142;567.853;50;274.654;;;3893.1;1;1
1316;0.25;51.6233;27.8;3.55498;39.6759;28.4;88;303.964;280.324;275;330;275;275;568.142;567.853;50;274.667;;;3892.09;1;1
1317;0.25;51.8287;27.8;3.60534;39.8785;28.4;78;303.516;280.317;275;330;275;275;568.142;567.853;50;274.694;;;3892.09;1;1
1318;0.25;51.8924;27.8;3.53726;39.7772;28.4;91;303.791;280.295;275;330;275;275;567.998;567.708;50;274.73;;;3890.03;1;1
1319;0.25;52.0341;27.8;3.61963;39.4705;28.4;92;303.385;280.331;275;330;275;275;567.853;567.564;50;274.754;;;3889.01;1;1
1320;0.25;52.1325;27.8;3.64469;39.6759;28.4;94;303.342;280.324;275;330;275;275;567.708;567.564;50;274.765;;;3888;1;1
1321;0.25;51.6927;27.8;3.61394;39.9884;28.4;98;303.689;280.346;275;330;275;275;567.708;567.419;50;274.774;;;3886.43;1;1
1322;0.25;51.6522;27.8;3.66527;40.0868;28.4;88;303.038;280.324;275;330;275;275;567.564;567.419;50;274.79;;;3883.39;1;1
1323;0.25;51.522;27.8;3.65603;39.9797;28.4;96;303.212;280.288;275;330;275;275;567.708;567.274;50;274.807;;;3883.39;1;1
1324;0.25;52.0341;27.8;3.69237;39.8785;28.4;95;303.183;280.288;275;330;275;275;567.564;567.274;50;274.804;;;3882.37;1;1
1325;0.25;51.9444;27.8;3.64969;39.7772;28.4;97;303.154;280.339;275;330;275;275;567.564;567.274;50;274.786;;;3882.37;1;1
1326;0.25;51.522;27.8;3.62001;39.9826;28.4;98;303.053;280.36;275;330;275;275;567.564;567.274;50;274.771;;;3880.35;1;1
1327;0.25;51.2211;27.8;3.56307;39.6759;28.4;90;302.951;280.367;275;330;275;275;567.564;567.274;50;274.742;;;3877.32;1;1
1328;0.25;51.1169;27.8;3.68085;39.4705;28.4;83;302.966;280.367;275;330;275;275;567.564;567.274;50;274.715;;;3876.31;1;1
1329;0.25;51.3194;27.9;3.99008;39.6759;28.4;93;303.111;280.389;275;330;275;275;567.419;567.13;50;274.701;;;3876.31;1;1
1330;0.25;51.4352;27.9;3.98111;39.4734;28.4;99;302.98;280.527;275;330;275;275;567.274;566.985;50;274.69;;;3876.31;1;1
1331;0.25;51.6117;27.9;4.03083;39.5747;28.4;98;303.009;280.519;275;330;275;275;567.274;566.84;50;274.679;"KHP102      ";;3875.29;1;1
1332;0.25;51.522;27.9;4.02383;39.7772;28.4;100;302.951;280.519;275;330;275;275;567.274;566.985;50;274.659;;;3874.28;1;1
1333;0.25;51.658;27.9;4.05249;39.7772;28.4;109;302.894;280.556;275;330;275;275;567.13;566.985;50;274.649;;;3874.28;1;1
1334;0.25;51.8808;27.9;4.03373;39.5747;28.4;122;302.807;280.527;275;330;275;275;567.274;566.985;50;274.649;;;3874.28;1;1
1335;0.25;52.0312;27.9;4.08178;39.5747;28.4;121;302.749;280.519;275;330;275;275;567.274;566.84;50;274.641;"KHP102      ";;3873.1;1;1
1336;0.25;51.8287;27.9;4.06589;39.6759;28.4;119;302.705;280.519;275;330;275;275;567.274;566.985;50;274.63;;;3872.09;1;1
1337;0.25;51.6233;27.9;4.12191;39.8785;28.4;126;302.763;280.389;275;330;275;275;567.274;566.985;50;274.619;;;3872.09;1;1
1338;0.25;51.6377;27.9;4.06894;39.8785;28.4;130;302.865;280.382;275;330;275;275;567.419;566.985;50;274.608;;;3872.09;1;1
1339;0.25;51.7216;27.9;4.11169;39.7772;28.4;133;302.966;280.382;275;330;275;275;567.274;566.985;50;274.585;"KHP102      ";;3871.08;1;1
1340;0.25;51.6262;27.9;4.12214;39.9392;28.4;139;302.98;280.396;275;330;275;275;567.419;566.985;50;274.558;"KHP102      ";;3871.08;1;1
1341;0.25;51.7622;27.9;4.16919;40.0839;28.4;136;302.937;280.396;275;330;275;275;567.419;567.13;50;274.541;;;3870.07;1;1
1342;0.25;51.93;27.9;4.20085;39.8872;28.4;154;302.879;280.404;275;330;275;275;567.419;567.13;50;274.533;;;3870.07;1;1
1343;0.25;51.8287;27.9;4.17455;39.7772;28.4;150;302.821;280.404;275;330;275;275;567.274;566.985;50;274.518;;;3870.07;1;1
1344;0.25;51.93;27.9;4.16454;39.6759;28.4;150;302.749;280.404;275;330;275;275;567.274;566.985;50;274.497;;;3870.07;1;1
1345;0.25;52.0312;27.9;4.20904;39.6759;28.4;152;302.705;280.404;275;330;275;275;567.274;566.985;50;274.475;;;3869.42;1;1
1346;0.25;51.522;27.9;4.18584;39.7772;28.5;157;302.228;280.194;275;330;275;275;567.274;566.985;50;274.448;;;3869.42;1;1
1347;0.25;51.713;27.9;4.21942;39.6759;28.5;174;302.3;280.201;275;330;275;275;567.274;566.985;50;274.422;;;3868.36;1;1
1348;0.25;51.6782;27.9;4.21659;39.5747;28.5;175;302.373;280.187;275;330;275;275;567.13;566.84;50;274.388;;;3867.34;1;1
1349;0.25;51.6233;27.9;4.23014;39.5775;28.5;173;303.197;280.179;275;330;275;275;567.13;566.696;50;274.355;;;3864.31;1;1
1350;0.25;51.8229;27.9;4.22839;39.5747;28.5;183;303.139;280.179;275;330;275;275;566.985;566.696;50;274.324;;;3861.27;1;1
1351;0.25;51.7274;27.9;4.2206;39.5747;28.5;185;303.038;280.179;275;330;275;275;566.985;566.551;50;274.295;;;3861.27;1;1
1352;0.25;51.6233;27.9;4.28424;39.5747;28.5;183;302.937;280.187;275;330;275;275;566.84;566.696;50;274.272;;;3861.27;1;1
1353;0.25;51.5654;27.9;4.31549;39.5747;28.5;187;303.183;280.187;275;330;275;275;566.985;566.696;50;274.253;;;3858.6;1;1
1354;0.25;52.0312;27.9;4.3181;39.6759;28.5;192;303.299;280.187;275;330;275;275;566.985;566.551;50;274.247;;;3858.6;1;1
1355;0.25;51.9097;27.9;4.27174;39.6817;28.5;197;304.21;280.179;275;330;275;275;566.84;566.406;50;274.245;;;3857.06;1;1
1356;0.25;51.7245;27.9;4.31071;39.7772;28.5;208;304.225;280.172;275;330;275;275;566.696;566.406;50;274.237;;;3857.06;1;1
1357;0.25;51.93;27.9;4.40042;39.5747;28.5;192;304.138;280.172;275;330;275;275;566.696;566.406;50;274.21;;;3856.05;1;1
1358;0.25;51.7332;27.9;4.36568;39.5747;28.6;192;304.268;280.172;275;330;275;275;566.696;566.262;50;274.203;;;3854.02;1;1
1359;0.25;51.6667;27.9;4.34201;39.4734;28.6;192;304.196;280.165;275;330;275;275;566.696;566.406;50;274.203;;;3854.02;1;1
1360;0.25;51.4178;27.9;4.33906;39.3721;28.6;188;305.02;280.165;275;330;275;275;566.551;566.262;50;274.206;;;3852;1;1
1361;0.25;51.4207;27.9;4.33931;39.4734;28.6;178;305.15;280.15;275;330;275;275;566.551;566.262;50;274.219;;;3852;1;1
1362;0.25;51.6204;27.9;4.37419;39.5747;28.6;187;305.469;280.158;275;330;275;275;566.406;566.117;50;274.239;;;3852;1;1
1363;0.25;51.6059;28;4.72333;39.5747;28.6;178;305.469;280.15;275;330;275;275;566.406;566.117;50;274.26;;;3849.33;1;1
1364;0.25;51.5249;28;4.71592;39.6759;28.6;178;306.221;280.143;275;330;275;275;566.406;566.117;50;274.279;;;3847.31;1;1
1365;0.25;51.4207;28;4.77824;39.6759;28.6;160;306.322;280.143;275;330;275;275;566.406;566.117;50;274.278;;;3847.31;1;1
1366;0.25;51.8287;28;4.76183;39.6759;28.7;148;306.293;280.143;275;330;275;275;566.406;566.117;50;274.272;;;3846.18;1;1
1367;0.25;51.522;28;4.73365;39.5747;28.7;144;306.308;280.136;275;330;275;275;566.551;566.117;50;274.271;;;3844.16;1;1
1368;0.25;51.6233;28;4.79706;39.3721;28.7;135;307.176;280.136;275;330;275;275;566.406;566.117;50;274.274;;;3843.15;1;1
1369;0.25;51.5133;28;4.82286;39.2708;28.7;124;307.292;280.136;275;330;275;275;566.406;565.972;50;274.269;;;3841.13;1;1
1370;0.25;51.5278;28;4.77018;39.5775;28.7;122;307.581;280.136;275;330;275;275;566.262;565.972;50;274.272;;;3841.13;1;1
1371;0.25;51.522;28.1;5.15547;39.7801;28.7;113;307.538;280.136;275;330;275;275;566.262;566.117;50;274.285;;;3841.13;1;1
1372;0.25;51.5914;28.1;5.19847;39.5747;28.7;104;307.48;280.136;275;330;275;275;566.262;565.972;50;274.306;;;3840.12;1;1
1373;0.25;51.8287;28.1;5.16806;39.3721;28.8;93;307.422;280.527;275;330;275;275;566.262;565.972;50;274.324;;;3840.12;1;1
1374;0.25;51.7245;28.1;5.21188;39.3721;28.8;87;307.378;280.136;275;330;275;275;566.117;565.972;50;274.341;;;3840.12;1;1
1375;0.25;51.4497;28.1;5.22013;39.5747;28.8;91;308.116;280.136;275;330;275;275;566.117;565.972;50;274.356;;;3838.1;1;1
1376;0.25;51.4815;28.1;5.20537;39.4734;28.8;86;308.203;280.158;275;330;275;275;566.262;565.828;50;274.365;;;3838.1;1;1
1377;0.25;51.3194;28.1;5.22484;39.5428;28.8;75;308.319;280.136;275;330;275;275;566.117;565.828;50;274.376;;;3837.09;1;1
1378;0.25;51.3918;28.2;5.59908;39.8785;28.8;72;308.377;280.136;275;330;275;275;566.262;565.828;50;274.383;;;3837.09;1;1
1379;0.25;51.5191;28.2;5.57695;39.8785;28.8;63;308.304;280.136;275;330;275;275;566.117;565.828;50;274.386;"KHP102      ";;3837.09;1;1
1380;0.25;51.3918;28.2;5.65296;39.8785;28.8;65;308.232;280.541;275;330;275;275;566.117;565.683;50;274.388;;;3837.09;1;1
1381;0.25;51.0417;28.2;5.5431;39.945;28.8;56;308.131;280.527;275;330;275;275;565.972;565.538;50;274.397;;;3835.07;1;1
1382;0.25;51.2153;28.2;5.57985;39.7309;28.8;64;307.306;280.534;275;330;275;275;565.972;565.538;50;274.415;;;3833.06;1;1
1383;0.25;51.4641;28.2;5.62496;39.4734;28.8;60;307.436;280.541;275;330;275;275;565.972;565.538;50;274.444;;;3833.06;1;1
1384;0.25;51.8287;28.2;5.68292;39.4734;28.8;63;307.538;280.541;275;330;275;275;565.828;565.538;50;274.436;;;3833.06;1;1
1385;0.25;51.6204;28.2;5.67811;39.4734;28.8;62;307.581;280.527;275;330;275;275;565.972;565.683;50;274.417;;;3832.05;1;1
1386;0.25;51.9416;28.2;5.73158;39.4734;28.8;74;307.277;280.527;275;330;275;275;565.972;565.683;50;274.39;;;3830.03;1;1
1387;0.25;51.8258;28.2;5.73691;39.4329;28.8;72;307.118;280.556;275;330;275;275;565.972;565.683;50;274.358;;;3830.03;1;1
1388;0.25;51.8287;28.3;6.0529;39.4734;28.8;70;306.395;280.548;275;330;275;275;566.117;565.683;50;274.345;;;3829.02;1;1
1389;0.25;51.901;28.3;6.09761;39.4734;28.8;74;306.337;280.548;275;330;275;275;566.117;565.683;50;274.342;;;3829.02;1;1
1390;0.25;51.4178;28.3;6.09473;39.4734;28.8;75;306.872;280.527;275;330;275;275;566.117;565.683;50;274.357;;;3829.02;1;1
1391;0.25;51.2182;28.3;6.07106;39.3808;28.8;85;306.192;280.534;275;330;275;275;566.117;565.683;50;274.381;;;3826;1;1
1392;0.25;51.4091;28.3;6.12964;39.485;28.8;97;306.279;280.556;275;330;275;275;566.117;565.683;50;274.41;;;3824.02;1;1
1393;0.25;51.7361;28.3;6.13245;39.7772;28.8;112;306.062;280.556;275;330;275;275;566.117;565.683;50;274.435;;;3824.02;1;1
1394;0.25;51.8113;28.3;6.14137;39.6007;28.8;113;305.961;280.527;275;330;275;275;566.117;565.828;50;274.456;;;3823.58;1;1
1395;0.25;51.6233;28.3;6.19124;39.7772;28.8;115;305.599;280.324;275;330;275;275;566.117;565.828;50;274.481;;;3822.57;1;1
1396;0.25;51.4931;28.3;6.15764;39.9797;28.8;117;304.991;280.367;275;330;275;275;565.972;565.828;50;274.514;;;3821.57;1;1
1397;0.25;51.3166;28.3;6.17238;39.8785;28.8;126;305.035;280.367;275;330;275;275;565.972;565.683;50;274.541;;;3821.57;1;1
1398;0.25;51.4207;28.3;6.18491;39.8785;28.8;127;305.15;280.31;275;330;275;275;565.972;565.538;50;274.552;;;3821.57;1;1
1399;0.25;51.5191;28.3;6.21474;39.6759;28.8;124;304.63;280.31;275;330;275;275;565.828;565.538;50;274.552;;;3820.56;1;1
1400;0.25;51.4207;28.3;6.22084;39.7714;28.8;125;304.991;280.433;275;330;275;275;565.828;565.538;50;274.546;;;3817.54;1;1
1401;0.25;51.6117;28.3;6.20788;39.8785;28.8;128;304.933;280.425;275;330;275;275;565.828;565.538;50;274.548;;;3817.54;1;1
1402;0.25;51.7245;28.3;6.25759;39.9826;28.8;127;304.876;280.418;275;330;275;275;565.683;565.393;50;274.554;;;3816.53;1;1
1403;0.25;51.3947;28.3;6.25359;40.0868;28.8;116;304.789;280.418;275;330;275;275;565.683;565.393;50;274.564;;;3816.53;1;1
1404;0.25;51.4207;28.3;6.29272;39.8987;28.8;121;304.731;280.418;275;330;275;275;565.683;565.393;50;274.578;;;3815.52;1;1
1405;0.25;51.2153;28.3;6.24968;39.8785;28.8;118;303.979;280.44;275;330;275;275;565.683;565.249;50;274.583;;;3815.52;1;1
1406;0.25;51.5249;28.3;6.30546;40.1852;28.8;111;304.152;280.208;275;330;275;275;565.683;565.393;50;274.584;;;3814.75;1;1
1407;0.25;51.4207;28.3;6.31068;40.0723;28.8;110;304.181;280.201;275;330;275;275;565.828;565.393;50;274.58;;;3814.75;1;1
1408;0.25;51.7245;28.3;6.34797;39.8785;28.8;124;304.109;280.158;275;330;275;275;565.683;565.393;50;274.565;;;3813.75;1;1
1409;0.25;51.4207;28.3;6.32864;39.9826;28.8;123;304.109;280.324;275;330;275;275;565.683;565.249;50;274.549;;;3813.75;1;1
1410;0.25;51.2182;28.3;6.28582;39.9826;28.8;122;304.008;280.317;275;330;275;275;565.538;565.393;50;274.532;;;3812.74;1;1
1411;0.25;51.3194;28.3;6.31618;39.9826;28.8;125;303.95;280.259;275;330;275;275;565.538;565.249;50;274.52;;;3811.73;1;1
1412;0.25;51.6233;28.3;6.40767;39.9797;28.8;126;304.036;280.237;275;330;275;275;565.538;565.249;50;274.515;;;3811.73;1;1
1413;0.25;51.8258;28.3;6.46902;39.7772;28.8;124;304.152;280.237;275;330;275;275;565.538;565.249;50;274.514;;;3808.71;1;1
1414;0.25;51.2182;28.3;6.35739;39.7772;28.8;129;304.239;280.281;275;330;275;275;565.538;565.249;50;274.52;;;3807.78;1;1
1415;0.25;51.3194;28.3;6.40582;39.7801;28.8;133;304.08;280.273;275;330;275;275;565.538;565.249;50;274.547;;;3807.78;1;1
1416;0.25;51.4207;28.3;6.40049;39.8785;28.8;136;303.964;280.295;275;330;275;275;565.538;565.249;50;274.581;;;3807.78;1;1
1417;0.25;51.3194;28.3;6.45963;39.7772;28.8;135;303.979;280.187;275;330;275;275;565.393;565.104;50;274.614;;;3806.77;1;1
1418;0.25;51.4207;28.3;6.47237;40.0839;28.9;132;304.022;280.201;275;330;275;275;565.393;565.104;50;274.655;;;3803.76;1;1
1419;0.25;51.522;28.3;6.50312;40.0839;28.9;130;304.138;280.187;275;330;275;275;565.249;564.959;50;274.694;;;3803.76;1;1
1420;0.25;51.6233;28.3;6.5159;40.0463;28.9;126;304.225;280.15;275;330;275;275;565.249;564.959;50;274.71;;;3803.76;1;1
1421;0.25;51.9097;28.3;6.53392;40.0839;28.9;117;304.239;280.143;275;330;275;275;565.393;564.959;50;274.707;;;3803.76;1;1
1422;0.25;52.0312;28.3;6.62193;40.0839;28.9;113;304.123;280.129;275;330;275;275;565.393;564.959;50;274.707;;;3802.75;1;1
1423;0.25;52.1325;28.3;6.6166;39.7772;28.9;107;304.253;280.143;275;330;275;275;565.249;564.815;50;274.723;;;3802.75;1;1
1424;0.25;51.8287;28.3;6.59615;40.0376;28.9;95;304.398;280.201;275;330;275;275;565.104;564.815;50;274.752;;;3800.74;1;1
1425;0.25;51.6175;28.3;6.55123;40.3819;28.9;87;304.528;280.208;275;330;275;275;565.249;564.815;50;274.781;;;3798.73;1;1
1426;0.25;51.7274;28.3;6.56519;40.0839;28.9;79;304.731;280.165;275;330;275;275;565.104;564.815;50;274.806;;;3798.73;1;1
1427;0.25;51.7882;28.3;6.62718;40.0839;28.9;75;304.876;280.201;275;330;275;275;565.249;564.959;50;274.819;;;3797.73;1;1
1428;0.25;51.6146;28.3;6.60496;40.2865;28.9;67;304.789;280.252;275;330;275;275;565.249;564.959;50;274.816;;;3797.73;1;1
1429;0.25;51.8287;28.3;6.6686;40.3096;28.9;69;304.76;280.563;275;330;275;275;565.249;564.959;50;274.798;;;3797.73;1;1
1430;0.25;52.0197;28.3;6.71134;40.2951;28.9;64;304.731;280.563;275;330;275;275;565.249;565.104;50;274.777;"KHP102      ";;3795.72;1;1
1431;0.25;51.6233;28.3;6.64216;40.2865;28.9;58;304.659;280.512;275;330;275;275;565.393;565.104;50;274.77;"KHP102      ";;3793.82;1;1
1432;0.25;51.6262;28.3;6.66057;40.2865;29;56;304.499;280.519;275;330;275;275;565.538;565.249;50;274.773;;;3791.81;1;1
1433;0.25;51.7882;28.3;6.66339;40.1852;29;57;304.557;280.563;275;330;275;275;565.538;565.249;50;274.788;;;3791.81;1;1
1434;0.25;51.4207;28.3;6.65203;40.4861;29;60;304.601;280.563;275;330;275;275;565.538;565.104;50;274.801;;;3790.81;1;1
1435;0.25;51.522;28.3;6.64713;40.2836;29;51;304.181;280.512;275;330;275;275;565.538;565.104;50;274.819;"KHP102      ";;3788.8;1;1
1436;0.25;51.5365;28.3;6.70301;40.0839;29;52;304.282;280.563;275;330;275;275;565.538;565.104;50;274.85;;;3784.84;1;1
1437;0.25;51.7245;28.3;6.7094;39.8785;29;65;304.109;280.613;275;330;275;275;565.538;565.249;50;274.901;;;3784.84;1;1
1438;0.25;51.7998;28.3;6.77345;39.8785;29;64;303.646;280.512;275;330;275;275;565.538;565.104;50;274.961;;;3784.84;1;1
1439;0.25;51.7245;28.4;7.06058;39.7772;29;60;303.66;280.563;275;330;275;275;565.393;565.104;50;275.022;;;3782.69;1;1
1440;0.25;51.3194;28.4;7.02321;39.5747;29;63;303.631;280.563;275;330;275;275;565.393;565.104;50;275.091;;;3782.69;1;1
1441;0.25;51.114;28.4;7.01295;39.7772;29;65;303.067;280.534;275;330;275;275;565.393;565.104;50;275.165;;;3781.68;1;1
1442;0.25;51.4207;28.4;7.03707;39.7888;29;52;303.197;280.541;275;330;275;275;565.249;564.959;50;275.248;;;3781.68;1;1
1443;0.25;51.6291;28.4;7.11972;40.0839;29;48;302.648;280.541;275;330;275;275;565.104;564.815;50;275.324;"KHP102      ";;3781.68;1;1
1444;0.25;51.93;28.4;7.1249;40.1852;29;47;302.648;280.534;275;330;275;275;565.104;564.815;50;275.398;;;3781.68;1;1
1445;0.25;52.0312;28.4;7.19336;40.1852;29;40;302.633;280.534;275;330;275;275;564.959;564.67;50;275.466;"KHP102      ";;3779.68;1;1
1446;0.25;52.1296;28.4;7.20696;40.2865;29;34;301.939;280.548;275;330;275;275;564.959;564.526;50;275.521;;;3779.68;1;1
1447;0.25;51.8287;28.4;7.18346;40.2894;29;5;301.924;280.548;275;330;275;275;564.959;564.526;50;275.569;;;3778.67;1;1
1448;0.25;51.6262;28.4;7.15539;40.1852;29;0;301.562;280.541;275;330;275;275;564.959;564.526;50;275.609;;;3778.67;1;1
1449;0.25;51.93;28.4;7.23378;40.0839;29;0;301.649;280.534;275;330;275;275;564.959;564.67;50;275.634;;;3778.67;1;1
1450;0.25;51.8287;28.4;7.23778;40.1852;29;0;301.172;280.534;275;330;275;275;564.959;564.67;50;275.652;;;3778.67;1;1
1451;0.25;51.93;28.4;7.16121;40.2836;29;0;301.1;280.548;275;330;275;275;564.959;564.526;50;275.669;;;3778.67;1;1
1452;0.25;52.0284;28.4;7.22931;40.3877;29;0;300.434;280.541;275;330;275;275;564.959;564.67;50;275.684;;;3778.67;1;1
1453;0.25;51.9271;28.3;6.89896;40.5903;29;0;300.506;280.534;275;330;275;275;564.959;564.67;50;275.697;;;3777.67;1;1
1454;0.25;51.93;28.3;6.91749;40.5932;29;0;299.87;280.534;275;330;275;275;564.815;564.526;50;275.702;;;3777.67;1;1
1455;0.25;52.0312;28.3;6.9128;40.4716;29;0;299.479;280.541;275;330;275;275;564.815;564.526;50;275.7;;;3774.67;1;1
1456;0.25;51.7014;28.3;6.9051;40.2807;29;0;299.002;280.541;275;330;275;275;564.815;564.67;50;275.689;;;3773.66;1;1
1457;0.25;51.7245;28.3;6.89012;39.8958;29;0;299.103;280.541;275;330;275;275;564.815;564.67;50;275.678;;;3773.66;1;1
1458;0.25;52.0312;28.3;6.9128;39.9797;28.9;0;298.64;280.527;275;330;275;275;564.815;564.526;50;275.668;;;3772.66;1;1
1459;0.25;52.0457;28.3;6.91472;40.0839;28.9;0;297.946;280.527;275;330;275;275;564.815;564.526;50;275.649;;;3769.66;1;1
1460;0.25;51.8924;28.3;6.91248;40.489;28.9;0;297.396;280.548;275;330;275;275;564.67;564.381;50;275.633;;;3769.66;1;1
1461;0.25;51.4815;28.3;6.85774;40.489;28.9;0;297.352;280.541;275;330;275;275;564.67;564.381;50;275.623;;;3769.66;1;1
1462;0.25;51.6204;28.3;6.91231;40.4427;28.9;2;296.832;280.534;275;330;275;275;564.526;564.381;50;275.609;;;3769.66;1;1
1463;0.25;51.9271;28.3;6.93524;40.4601;28.9;13;296.513;280.527;275;330;275;275;564.381;564.236;50;275.596;;;3769.66;1;1
1464;0.25;51.8258;28.3;6.92172;40.3877;28.9;28;296.528;280.512;275;330;275;275;564.381;564.381;50;275.576;;;3767.65;1;1
1465;0.25;51.7245;28.3;6.94433;40.1852;28.9;39;295.992;280.512;275;330;275;275;564.526;564.236;50;275.551;;;3767.65;1;1
1466;0.25;51.7245;28.3;6.92626;40.1852;28.9;52;295.501;280.541;275;330;275;275;564.526;564.381;50;275.525;;;3767.65;1;1
1467;0.25;51.7245;28.3;6.92626;39.9797;28.9;69;294.821;280.512;275;330;275;275;564.67;564.381;50;275.506;;;3767.65;1;1
1468;0.25;51.7419;28.3;6.91051;40.1852;28.9;96;294.734;280.512;275;330;275;275;564.67;564.381;50;275.493;;;3766.6;1;1
1469;0.25;52.0312;28.3;6.94915;40.2865;28.9;111;294.112;280.541;275;330;275;275;564.526;564.236;50;275.483;;;3763.6;1;1
1470;0.25;51.93;28.2;6.65565;40.1852;28.9;120;294.575;280.512;275;330;275;275;564.526;564.236;50;275.463;;;3763.6;1;1
1471;0.25;51.8287;28.2;6.60644;40.1505;28.9;139;293.996;280.512;275;330;275;275;564.526;564.236;50;275.441;;;3763.6;1;1
1472;0.25;51.6233;28.2;6.61634;40.3877;28.9;147;293.953;280.512;275;330;275;275;564.381;564.091;50;275.42;"KHP102      ";;3762.6;1;1
1473;0.25;51.3194;28.2;6.54152;40.3993;28.9;163;293.924;280.541;275;330;275;275;564.526;564.236;50;275.401;;;3760.6;1;1
1474;0.25;52.0312;28.2;6.68681;40.489;28.8;169;293.721;280.512;275;330;275;275;564.526;564.236;50;275.371;;;3759.6;1;1
1475;0.25;52.6389;28.2;6.74651;40.3877;28.8;180;293.678;280.519;275;330;275;275;564.381;564.091;50;275.345;;;3759.6;1;1
1476;0.25;52.2454;28.2;6.69608;40.1794;28.8;183;293.779;280.519;275;330;275;275;564.381;564.091;50;275.314;;;3759.6;1;1
1477;0.25;52.1354;28.2;6.68198;40.0955;28.8;192;293.793;280.541;275;330;275;275;564.381;564.236;50;275.278;;;3756.6;1;1
1478;0.25;51.9271;28.2;6.65528;40.1852;28.8;196;293.967;280.519;275;330;275;275;564.381;564.236;50;275.257;;;3755.6;1;1
1479;0.25;52.1325;28.2;6.68161;40.1013;28.9;211;294.748;280.519;275;330;275;275;564.381;564.236;50;275.243;;;3755.6;1;1
1480;0.25;52.2338;28.2;6.69459;40.3877;28.9;210;294.647;280.527;275;330;275;275;564.526;564.236;50;275.235;;;3754.6;1;1
1481;0.25;52.2396;28.2;6.71358;40.3877;28.9;208;294.763;280.519;275;330;275;275;564.526;564.091;50;275.231;;;3751.6;1;1
1482;0.25;52.526;28.2;6.76875;40.3877;28.9;216;294.734;280.541;275;330;275;275;564.526;564.091;50;275.228;;;3751.6;1;1
1483;0.25;52.3495;28.2;6.67283;40.298;28.9;209;295.602;280.519;275;330;275;275;564.381;564.091;50;275.224;;;3751.6;1;1
1484;0.25;52.3351;28.2;6.76242;40.2778;28.9;209;295.949;280.527;275;330;275;275;564.381;564.091;50;275.221;;;3750.6;1;1
1485;0.25;52.3495;28.2;6.746;40.3877;28.9;191;296.846;280.519;275;330;275;275;564.236;564.091;50;275.22;;;3750.6;1;1
1486;0.25;52.2454;28.2;6.73258;40.5874;28.9;183;296.889;280.519;275;330;275;275;564.236;563.802;50;275.225;;;3747.6;1;1
1487;0.25;51.9387;28.2;6.72934;40.5903;29;170;297.656;280.389;275;330;275;275;564.236;563.802;50;275.24;;;3747.6;1;1
1488;0.25;52.1962;28.2;6.72624;40.3877;29;162;297.656;280.382;275;330;275;275;564.091;563.802;50;275.262;;;3747.6;1;1
1489;0.25;52.1325;28.2;6.66338;40.2865;29;152;297.83;280.382;275;330;275;275;564.091;563.802;50;275.278;;;3744.6;1;1
1490;0.25;52.4566;28.2;6.7598;40.3877;29;141;298.655;280.389;275;330;275;275;564.091;563.802;50;275.286;;;3742.6;1;1
1491;0.25;52.8501;28.2;6.81051;40.3877;29;135;299.002;280.389;275;330;275;275;564.091;563.802;50;275.298;;;3742.45;1;1
1492;0.25;52.6418;28.2;6.78366;40.3877;29.1;114;299.899;280.389;275;330;275;275;564.091;563.802;50;275.317;;;3741.45;1;1
1493;0.25;52.6418;28.2;6.78366;40.4919;29.1;103;300.014;280.389;275;330;275;275;564.091;563.802;50;275.329;;;3741.45;1;1
1494;0.25;52.5405;28.2;6.77061;40.5903;29.1;97;300.029;280.382;275;330;275;275;564.091;563.802;50;275.34;;;3740.45;1;1
1495;0.25;52.1701;28.3;7.0224;40.4485;29.1;76;300.738;280.382;275;330;275;275;564.091;563.802;50;275.341;;;3740.45;1;1
1496;0.25;52.0312;28.3;7.02189;40.3877;29.2;64;300.68;280.375;275;330;275;275;564.091;563.802;50;275.329;;;3740.45;1;1
1497;0.25;52.2425;28.3;7.03214;40.3877;29.2;56;300.883;280.389;275;330;275;275;564.091;563.802;50;275.317;;;3740.45;1;1
1498;0.25;52.2338;28.3;7.04922;40.3877;29.2;47;300.955;280.375;275;330;275;275;564.091;563.802;50;275.309;;;3739.45;1;1
1499;0.25;52.4306;28.3;7.07577;40.1881;29.2;47;301.837;280.382;275;330;275;275;564.091;563.802;50;275.314;;;3739.45;1;1
1500;0.25;52.338;28.3;7.08156;40.1852;29.2;34;301.924;280.382;275;330;275;275;563.947;563.657;50;275.315;;;3737.46;1;1
1501;0.25;52.0284;28.4;7.35656;40.1852;29.2;23;301.953;280.389;275;330;275;275;564.091;563.802;50;275.309;"KHP102      ";;3737.46;1;1
1502;0.25;52.2367;28.4;7.40427;40.2865;29.2;26;301.895;280.375;275;330;275;275;564.091;563.802;50;275.296;;;3737.46;1;1
1503;0.25;52.1325;28.4;7.29842;39.9797;29.2;21;301.823;280.375;275;330;275;275;564.091;563.802;50;275.282;;;3736.46;1;1
1504;0.25;51.9444;28.4;7.30838;39.9797;29.3;0;301.577;280.208;275;330;275;275;564.091;563.657;50;275.275;;;3735.46;1;1
1505;0.25;52.1181;28.4;7.36924;40.3877;29.3;0;301.114;280.237;275;330;275;275;564.091;563.802;50;275.276;;;3733.47;1;1
1506;0.25;52.1354;28.4;7.33525;40.2894;29.3;3;301.172;280.252;275;330;275;275;564.236;563.802;50;275.274;;;3733.47;1;1
1507;0.25;52.2714;28.5;7.7093;40.1476;29.3;12;301.244;280.245;275;330;275;275;563.947;563.802;50;275.279;;;3733.47;1;1
1508;0.25;52.1325;28.5;7.67057;39.9971;29.3;13;301.331;280.237;275;330;275;275;564.091;563.657;50;275.288;;;3731.47;1;1
1509;0.25;52.2338;28.5;7.68547;40.2865;29.2;12;301.157;280.259;275;330;275;275;563.947;563.657;50;275.308;;;3731.47;1;1
1510;0.25;52.1528;28.5;7.71002;40.3877;29.2;17;301.128;280.252;275;330;275;275;563.802;563.657;50;275.318;;;3731.47;1;1
1511;0.25;52.338;28.5;7.71911;40.2865;29.2;25;300.304;280.252;275;330;275;275;563.802;563.513;50;275.328;;;3731.47;1;1
1512;0.25;52.2801;28.5;7.67402;40.2865;29.2;31;300.246;280.252;275;330;275;275;563.802;563.513;50;275.337;;;3731.47;1;1
1513;0.25;52.1701;28.5;7.65788;40.2865;29.2;30;299.913;280.216;275;330;275;275;563.802;563.368;50;275.35;;;3728.48;1;1
1514;0.25;52.1325;28.5;7.68881;40.1881;29.2;43;299.942;280.216;275;330;275;275;563.802;563.513;50;275.361;;;3727.48;1;1
1515;0.25;52.1412;28.5;7.67185;40.0839;29.2;44;299.219;280.273;275;330;275;275;563.657;563.513;50;275.374;;;3727.48;1;1
1516;0.25;52.4421;28.5;7.69781;39.9797;29.2;51;299.638;280.208;275;330;275;275;563.802;563.513;50;275.383;;;3724.49;1;1
1517;0.25;52.1643;28.5;7.65703;39.8785;29.2;51;299.089;280.245;275;330;275;275;563.802;563.513;50;275.388;;;3723.5;1;1
1518;0.25;52.0312;28.5;7.6375;39.9797;29.2;61;299.117;280.245;275;330;275;275;563.802;563.513;50;275.398;;;3723.5;1;1
1519;0.25;52.1325;28.5;7.65236;39.8785;29.1;69;298.64;280.237;275;330;275;275;563.947;563.513;50;275.407;;;3723.5;1;1
1520;0.25;52.0312;28.5;7.61932;39.7772;29.1;78;298.582;280.245;275;330;275;275;563.947;563.657;50;275.417;;;3723.5;1;1
1521;0.25;51.93;28.5;7.60449;40.081;29.1;78;297.873;280.245;275;330;275;275;564.091;563.802;50;275.432;;;3722.5;1;1
1522;0.25;52.3235;28.5;7.64384;40.2865;29.1;85;297.844;280.252;275;330;275;275;563.947;563.802;50;275.448;;;3720.51;1;1
1523;0.25;52.2338;28.5;7.63073;40.1852;29.1;88;297.584;280.252;275;330;275;275;563.802;563.513;50;275.482;"KHP102      ";;3720.51;1;1
1524;0.25;52.1325;28.5;7.63415;40.081;29.1;89;297.7;280.259;275;330;275;275;563.657;563.368;50;275.536;;;3720.51;1;1
1525;0.25;52.4392;28.5;7.64243;39.9797;29.1;97;297.309;280.237;275;330;275;275;563.657;563.223;50;275.591;;;3720.51;1;1
1526;0.25;52.3351;28.5;7.62725;39.8785;29.1;90;297.309;280.23;275;330;275;275;563.657;563.223;50;275.617;;;3719.51;1;1
1527;0.25;52.0312;28.5;7.60114;39.7772;29.1;77;297.049;280.194;275;330;275;275;563.513;563.223;50;275.635;;;3717.52;1;1
1528;0.25;52.0312;28.5;7.56479;39.9797;29;74;296.933;280.194;275;330;275;275;563.513;563.368;50;275.649;;;3716.53;1;1
1529;0.25;52.2338;28.5;7.61249;39.9826;29;76;296.832;280.208;275;330;275;275;563.657;563.223;50;275.643;;;3716.53;1;1
1530;0.25;52.3264;28.5;7.64426;40.1852;29;74;296.788;280.187;275;330;275;275;563.657;563.368;50;275.632;;;3715.53;1;1
1531;0.25;52.338;28.5;7.68252;40.081;29;74;296.861;280.187;275;330;275;275;563.802;563.513;50;275.614;;;3714.53;1;1
1532;0.25;52.2222;28.5;7.53783;39.9132;29;68;296.976;280.179;275;330;275;275;563.802;563.513;50;275.597;;;3713.11;1;1
1533;0.25;51.93;28.5;7.55007;39.8785;29;64;297.063;280.172;275;330;275;275;563.947;563.513;50;275.575;;;3712.11;1;1
1534;0.25;52.2338;28.5;7.59424;39.838;29;63;297.02;280.172;275;330;275;275;563.802;563.513;50;275.557;;;3712.11;1;1
1535;0.25;52.4045;28.5;7.56414;39.9826;29;65;296.137;280.172;275;330;275;275;563.802;563.513;50;275.548;;;3712.11;1;1
1536;0.25;52.0255;28.5;7.5276;39.9913;29;65;296.065;280.534;275;330;275;275;563.802;563.513;50;275.549;;;3707.22;1;1
1537;0.25;51.8287;28.5;7.51724;40.1273;29;84;296.528;280.512;275;330;275;275;563.802;563.513;50;275.557;;;3707.22;1;1
1538;0.25;51.7477;28.5;7.48741;40.2865;29;87;296.571;280.563;275;330;275;275;563.657;563.368;50;275.572;;;3707.22;1;1
1539;0.25;52.0312;28.5;7.54661;40.2865;29;86;296.658;280.563;275;330;275;275;563.513;563.368;50;275.593;;;3706.23;1;1
1540;0.25;52.1991;28.5;7.58919;40.2865;29;79;296.716;280.512;275;330;275;275;563.513;563.368;50;275.616;;;3705.2;1;1
1541;0.25;52.2367;28.5;7.55816;40.0839;29;74;296.774;280.512;275;330;275;275;563.513;563.223;50;275.634;;;3705.2;1;1
1542;0.25;52.4392;28.5;7.62411;39.9248;29;79;296.759;280.512;275;330;275;275;563.513;563.223;50;275.633;;;3705;1;1
1543;0.25;52.4392;28.5;7.56915;39.8003;29;84;296.644;280.563;275;330;275;275;563.513;563.223;50;275.622;"KHP102      ";;3704.01;1;1
1544;0.25;52.1817;28.5;7.53198;39.8929;29;72;296.571;280.563;275;330;275;275;563.657;563.223;50;275.609;;;3703.01;1;1
1545;0.25;52.419;28.5;7.49295;40.0839;29;70;296.528;280.519;275;330;275;275;563.657;563.368;50;275.594;;;3702.02;1;1
1546;0.25;52.4768;28.5;7.57458;40.1852;29;71;296.542;280.519;275;330;275;275;563.657;563.223;50;275.595;;;3702.02;1;1
1547;0.25;52.4363;28.5;7.51375;39.9826;29;73;296.644;280.563;275;330;275;275;563.802;563.368;50;275.605;;;3701.55;1;1
1548;0.25;52.1325;28.5;7.43379;39.8785;29;73;296.73;280.563;275;330;275;275;563.802;563.513;50;275.616;;;3701.55;1;1
1549;0.25;52.338;28.5;7.51794;39.8785;29;74;296.803;280.519;275;330;275;275;563.802;563.368;50;275.626;;;3701.55;1;1
1550;0.25;52.1325;28.5;7.47022;39.7743;29;75;296.832;280.512;275;330;275;275;563.513;563.223;50;275.634;;;3701.55;1;1
1551;0.25;52.1325;28.5;7.48843;39.7772;29;69;296.745;280.519;275;330;275;275;563.513;563.079;50;275.65;;;3701.55;1;1
1552;0.25;52.5405;28.5;7.49197;39.6759;29;63;296.672;280.563;275;330;275;275;563.657;563.223;50;275.667;;;3697.58;1;1
1553;0.25;52.2193;28.5;7.42793;39.5747;29;63;296.557;280.563;275;330;275;275;563.513;563.223;50;275.682;;;3695.59;1;1
1554;0.25;52.0312;28.5;7.45571;39.6788;29;74;296.065;280.15;275;330;275;275;563.657;563.223;50;275.696;;;3694.6;1;1
1555;0.25;52.338;28.5;7.49966;39.8756;29;72;296.152;280.187;275;330;275;275;563.513;563.223;50;275.708;;;3693.6;1;1
1556;0.25;52.4363;28.5;7.49543;39.7772;29;61;296.181;280.15;275;330;275;275;563.657;563.368;50;275.721;;;3693.6;1;1
1557;0.25;52.1325;28.5;7.47022;39.7772;29;53;296.253;280.179;275;330;275;275;563.513;563.223;50;275.73;;;3692.61;1;1
1558;0.25;52.0312;28.5;7.383;39.8785;29;50;296.253;280.172;275;330;275;275;563.513;563.079;50;275.728;;;3690.62;1;1
1559;0.25;52.4306;28.5;7.45798;39.7772;29;52;296.166;280.179;275;330;275;275;563.368;563.079;50;275.725;;;3690.62;1;1
1560;0.25;52.3351;28.5;7.40783;39.8785;29;47;296.007;280.172;275;330;275;275;563.513;562.934;50;275.721;;;3690.62;1;1
1561;0.25;52.0284;28.5;7.36441;39.9826;29;42;295.819;280.324;275;330;275;275;563.368;562.934;50;275.704;;;3690.4;1;1
1562;0.25;52.1325;28.5;7.37916;39.9797;29;49;295.79;280.324;275;330;275;275;563.368;562.934;50;275.683;;;3688.41;1;1
1563;0.25;52.3003;28.5;7.32981;39.9161;29;49;295.964;280.15;275;330;275;275;563.223;562.789;50;275.665;;;3688.41;1;1
1564;0.25;52.5376;28.5;7.41814;39.9797;29;53;296.065;280.187;275;330;275;275;563.079;562.645;50;275.663;;;3686.42;1;1
1565;0.25;52.2338;28.5;7.39349;39.9769;29;59;295.978;280.187;275;330;275;275;563.223;562.789;50;275.667;;;3686.42;1;1
1566;0.25;52.3409;28.5;7.35377;39.9797;29;61;295.848;280.165;275;330;275;275;563.223;562.645;50;275.671;;;3685.43;1;1
1567;0.25;52.2338;28.5;7.41174;39.9797;29;61;295.79;280.158;275;330;275;275;563.079;562.645;50;275.684;;;3682.46;1;1
1568;0.25;51.9531;28.5;7.35377;39.9797;29;61;295.197;280.317;275;330;275;275;563.079;562.5;50;275.697;;;3681.46;1;1
1569;0.25;51.9329;28.5;7.2783;39.7772;29;63;295.341;280.382;275;330;275;275;562.934;562.645;50;275.702;;;3680.47;1;1
1570;0.25;52.1557;28.5;7.32775;39.7772;29;73;295.414;280.382;275;330;275;275;562.934;562.645;50;275.702;;;3679.48;1;1
1571;0.25;52.5405;28.5;7.32676;39.9797;29;64;295.457;280.339;275;330;275;275;563.079;562.645;50;275.703;;;3679.48;1;1
1572;0.25;52.338;28.5;7.29851;39.9826;29;70;295.457;280.346;275;330;275;275;562.934;562.645;50;275.711;;;3678.49;1;1
1573;0.25;52.1267;28.5;7.26905;39.8756;29;77;294.806;280.331;275;330;275;275;563.079;562.645;50;275.717;;;3678.49;1;1
1574;0.25;52.0747;28.5;7.27998;39.6123;29;72;294.777;280.382;275;330;275;275;563.079;562.934;50;275.719;;;3678.49;1;1
1575;0.25;51.93;28.5;7.24162;39.5747;29;78;294.806;280.331;275;330;275;275;563.223;562.934;50;275.728;;;3677.5;1;1
1576;0.25;52.1354;28.5;7.27026;39.6759;29;84;294.936;280.339;275;330;275;275;563.223;562.934;50;275.728;;;3676.51;1;1
1577;0.25;51.93;28.5;7.20533;39.7772;28.9;87;294.98;280.324;275;330;275;275;563.223;562.934;50;275.725;;;3675.52;1;1
1578;0.25;51.8808;28.5;7.18039;39.9797;28.9;83;294.922;280.382;275;330;275;275;563.368;562.934;50;275.725;;;3673.53;1;1
1579;0.25;51.93;28.5;7.16905;39.8785;28.9;83;294.806;280.389;275;330;275;275;563.223;562.789;50;275.731;;;3672.54;1;1
1580;0.25;52.0312;28.5;7.14665;40.0839;28.9;84;294.734;280.382;275;330;275;275;563.079;562.789;50;275.735;;;3672.54;1;1
1581;0.25;52.0312;28.5;7.16483;40.2286;28.9;81;294.806;280.353;275;330;275;275;562.934;562.789;50;275.743;;;3672.54;1;1
1582;0.25;51.93;28.5;7.13274;39.9161;28.9;80;294.835;280.339;275;330;275;275;563.079;562.789;50;275.749;;;3672.54;1;1
1583;0.25;51.93;28.5;7.16905;39.9884;28.9;78;294.936;280.331;275;330;275;275;563.079;562.789;50;275.747;;;3671.55;1;1
1584;0.25;52.1325;28.5;7.16056;40.1534;28.9;74;294.98;280.382;275;330;275;275;563.079;562.789;50;275.742;;;3671.55;1;1
1585;0.25;52.2338;28.5;7.15623;39.9797;28.9;74;294.864;280.367;275;330;275;275;563.079;562.645;50;275.732;"KHP102      ";;3670.08;1;1
1586;0.25;52.2338;28.5;7.13798;39.9797;28.9;72;294.748;280.367;275;330;275;275;563.223;562.789;50;275.717;;;3670.08;1;1
1587;0.25;52.1991;28.5;7.15147;40.081;28.9;76;294.748;280.331;275;330;275;275;563.223;562.789;50;275.704;;;3670.08;1;1
1588;0.25;51.6233;28.5;7.03651;40.0087;28.9;71;294.792;280.288;275;330;275;275;563.223;562.934;50;275.692;;;3668.52;1;1
1589;0.25;52.0573;28.5;7.07749;39.9826;28.9;73;294.936;280.281;275;330;275;275;563.368;562.789;50;275.671;;;3667.53;1;1
1590;0.25;52.2338;28.5;7.11973;39.9797;28.9;76;294.98;280.339;275;330;275;275;563.223;562.789;50;275.65;;;3666.54;1;1
1591;0.25;52.4537;28.5;7.09474;39.7772;28.9;78;294.864;280.346;275;330;275;275;563.079;562.645;50;275.61;;;3665.55;1;1
1592;0.25;52.338;28.5;7.04249;39.8785;28.9;78;294.748;280.389;275;330;275;275;563.079;562.789;50;275.554;;;3665.55;1;1
1593;0.25;51.9994;28.5;7.01513;39.8785;28.9;84;294.777;280.389;275;330;275;275;563.079;562.789;50;275.502;;;3664.56;1;1
1594;0.25;52.0341;28.5;7.00161;39.6759;28.9;90;294.878;280.396;275;330;275;275;563.079;562.645;50;275.451;;;3662.58;1;1
1595;0.25;52.3206;28.4;6.72151;39.5747;28.9;99;294.98;280.411;275;330;275;275;563.223;562.789;50;275.415;;;3660.6;1;1
1596;0.25;52.338;28.4;6.68715;39.6759;28.9;103;295.009;280.418;275;330;275;275;563.223;562.934;50;275.367;;;3660.6;1;1
1597;0.25;52.5434;28.4;6.69504;40.0839;28.9;119;295.689;280.027;275;330;275;275;563.223;562.934;50;275.328;;;3659.62;1;1
1598;0.25;52.4392;28.4;6.66345;40.1852;28.9;125;295.602;280.027;275;330;275;275;563.079;562.789;50;275.29;;;3656.65;1;1
1599;0.25;52.3843;28.4;6.72969;40.1852;28.9;115;295.587;280.027;275;330;275;275;562.934;562.789;50;275.258;;;3655.66;1;1
1600;0.25;52.2367;28.4;6.65596;40.0839;28.8;138;295.53;280.027;275;330;275;275;562.934;562.5;50;275.238;;;3655.66;1;1
1601;0.25;52.2946;28.4;6.60853;39.9797;28.8;150;295.587;280.027;275;330;275;275;562.789;562.5;50;275.237;;;3654.67;1;1
1602;0.25;52.662;28.4;6.69176;39.9797;28.8;164;295.587;280.027;275;330;275;275;562.789;562.5;50;275.244;;;3654.67;1;1
1603;0.25;52.4334;28.4;6.60776;39.9711;28.8;162;295.949;280.411;275;330;275;275;562.789;562.5;50;275.262;;;3652.69;1;1
1604;0.25;52.1325;28.4;6.56984;39.9248;28.8;161;296.036;280.418;275;330;275;275;562.789;562.355;50;275.266;;;3652.69;1;1
1605;0.25;52.4363;28.4;6.60813;39.6904;28.8;165;296.007;280.425;275;330;275;275;562.789;562.355;50;275.264;;;3652.69;1;1
1606;0.25;52.2338;28.4;6.56435;39.7772;28.8;162;296.644;280.425;275;330;275;275;562.934;562.5;50;275.257;;;3649.73;1;1
1607;0.25;52.2338;28.4;6.5826;39.9826;28.8;157;296.528;280.418;275;330;275;275;562.934;562.5;50;275.247;;;3649.73;1;1
1608;0.25;52.5145;28.4;6.54456;39.8785;28.8;150;296.774;280.396;275;330;275;275;562.789;562.5;50;275.24;;;3647.75;1;1
1609;0.25;52.5405;28.4;6.52946;40.0058;28.8;143;296.904;280.208;275;330;275;275;562.789;562.355;50;275.235;;;3647.75;1;1
1610;0.25;52.338;28.4;6.52257;40.081;28.8;139;297.671;280.433;275;330;275;275;562.789;562.355;50;275.24;;;3646.77;1;1
1611;0.25;51.8432;28.4;6.42468;40.0579;28.8;138;297.758;280.433;275;330;275;275;562.789;562.211;50;275.244;;;3646.77;1;1
1612;0.25;52.0312;28.4;6.48434;40.2865;28.8;125;298.061;280.201;275;330;275;275;562.645;562.211;50;275.245;;;3645.78;1;1
1613;0.25;52.1325;28.4;6.49697;40.3848;28.8;122;297.989;280.194;275;330;275;275;562.645;562.211;50;275.237;;;3645.78;1;1
1614;0.25;52.1325;28.5;6.8327;40.2836;28.8;112;298.669;280.433;275;330;275;275;562.789;562.211;50;275.222;;;3645.78;1;1
1615;0.25;52.0312;28.5;6.7649;40.0839;28.8;108;298.047;280.208;275;330;275;275;562.645;562.211;50;275.196;;;3645.78;1;1
1616;0.25;52.228;28.5;6.80872;39.9797;28.8;111;298.047;280.201;275;330;275;275;562.5;562.211;50;275.164;"KHP102      ";;3641.83;1;1
1617;0.25;52.1325;28.5;6.68698;40.0839;28.8;105;298.915;280.216;275;330;275;275;562.5;562.211;50;275.128;;;3641.83;1;1
1618;0.25;52.1325;28.5;6.70522;40.2865;28.8;96;299.031;280.208;275;330;275;275;562.5;562.211;50;275.102;;;3641.83;1;1
1619;0.25;52.1325;28.5;6.70522;40.081;28.9;100;299.334;280.216;275;330;275;275;562.5;562.211;50;275.058;;;3640.84;1;1
1620;0.25;51.8634;28.5;6.68872;39.8785;28.9;105;299.291;280.208;275;330;275;275;562.789;562.211;50;275.037;;;3639.85;1;1
1621;0.25;52.1325;28.5;6.75985;39.8814;28.9;99;299.233;280.208;275;330;275;275;562.789;562.355;50;275.027;;;3639.85;1;1
1622;0.25;52.5405;28.5;6.73931;39.8785;28.9;90;299.957;280.201;275;330;275;275;562.789;562.355;50;275.033;;;3638.87;1;1
1623;0.25;52.6418;28.5;6.77072;39.7193;28.9;90;299.884;280.194;275;330;275;275;562.789;562.355;50;275.041;;;3638.87;1;1
1624;0.25;52.5839;28.5;6.70814;39.6759;28.9;94;299.841;280.208;275;330;275;275;562.789;562.355;50;275.041;;;3636.89;1;1
1625;0.25;52.6418;28.5;6.69713;39.6759;28.9;92;299.942;280.208;275;330;275;275;562.789;562.355;50;275.039;;;3634.92;1;1
1626;0.25;52.3351;28.5;6.65811;39.7772;28.9;97;300.289;280.187;275;330;275;275;562.789;562.211;50;275.044;;;3634.92;1;1
1627;0.25;52.3351;28.5;6.58498;40.081;28.9;94;300.391;280.201;275;330;275;275;562.645;562.355;50;275.05;;;3633.93;1;1
1628;0.25;52.4392;28.5;6.59809;40.1852;28.9;90;300.289;280.187;275;330;275;275;562.789;562.355;50;275.055;;;3632.95;1;1
1629;0.25;52.5405;28.5;6.66589;39.9797;28.9;90;300.203;280.201;275;330;275;275;562.789;562.5;50;275.06;;;3632.8;1;1
1630;0.25;52.4392;28.5;6.59809;39.8756;28.9;95;300.145;280.165;275;330;275;275;562.789;562.5;50;275.067;;;3630.83;1;1
1631;0.25;52.338;28.5;6.58535;39.9797;28.9;91;300.087;280.158;275;330;275;275;562.789;562.5;50;275.071;;;3630.83;1;1
1632;0.25;52.1325;28.6;6.85878;39.9624;28.9;86;300.101;280.172;275;330;275;275;562.645;562.5;50;275.074;;;3630.83;1;1
1633;0.25;52.4421;28.6;6.8812;40.081;28.9;92;300.188;280.172;275;330;275;275;562.789;562.5;50;275.077;;;3629.84;1;1
1634;0.25;52.4392;28.6;6.88082;40.2865;28.9;88;300.289;280.179;275;330;275;275;562.789;562.355;50;275.07;;;3629.84;1;1
1635;0.25;52.3495;28.6;6.83247;40.3096;28.9;82;300.347;280.172;275;330;275;275;562.789;562.355;50;275.062;;;3628.85;1;1
1636;0.25;52.4392;28.6;6.7709;40.1852;28.9;81;300.333;280.194;275;330;275;275;562.934;562.355;50;275.047;;;3626.88;1;1
1637;0.25;52.3872;28.6;6.78248;40;28.9;81;300.231;280.187;275;330;275;275;562.934;562.5;50;275.033;;;3625.9;1;1
1638;0.25;51.8461;28.6;6.76676;40.081;28.9;79;300.159;280.187;275;330;275;275;562.934;562.355;50;275.016;;;3625.16;1;1
1639;0.25;52.1325;28.6;6.76772;40.1852;28.9;87;300.101;280.187;275;330;275;275;562.934;562.5;50;275.005;;;3623.81;1;1
1640;0.25;52.4479;28.6;6.79034;40.2865;28.9;89;300.072;280.201;275;330;275;275;562.934;562.645;50;275.003;;;3623.81;1;1
1641;0.25;52.3785;28.6;6.76306;40.2865;28.9;88;300.188;280.179;275;330;275;275;562.934;562.645;50;275.01;;;3622.82;1;1
1642;0.25;52.1123;28.6;6.65584;40.3704;28.8;81;300.26;280.194;275;330;275;275;562.934;562.645;50;275.02;;;3619.87;1;1
1643;0.25;51.9936;28.6;6.64069;40.3877;28.8;92;300.333;280.172;275;330;275;275;563.079;562.789;50;275.029;;;3617.9;1;1
1644;0.25;51.9387;28.6;6.59738;40.2865;28.8;97;300.362;280.165;275;330;275;275;562.934;562.645;50;275.036;;;3617.9;1;1
1645;0.25;51.8316;28.6;6.54756;40.1852;28.8;91;300.333;280.179;275;330;275;275;563.079;562.5;50;275.05;;;3616.37;1;1
1646;0.25;52.1383;28.6;6.5681;39.9797;28.8;91;300.231;280.179;275;330;275;275;562.934;562.5;50;275.058;;;3616.37;1;1
1647;0.25;52.1325;28.6;6.56737;39.9797;28.8;83;299.899;280.179;275;330;275;275;563.079;562.645;50;275.062;;;3615.38;1;1
1648;0.25;51.9358;28.6;6.54258;39.9826;28.8;97;299.826;280.187;275;330;275;275;562.934;562.5;50;275.066;;;3615.38;1;1
1649;0.25;52.1325;28.6;6.56737;39.8872;28.8;96;299.971;280.418;275;330;275;275;562.934;562.5;50;275.07;;;3614.4;1;1
1650;0.25;52.4392;28.5;6.23163;39.9826;28.8;96;299.971;280.201;275;330;275;275;562.934;562.5;50;275.081;;;3614.4;1;1
1651;0.25;52.1325;28.5;6.10412;40.1852;28.8;94;300.101;280.216;275;330;275;275;562.789;562.5;50;275.1;;;3612.43;1;1
1652;0.25;52.338;28.5;6.14646;40.1852;28.8;95;300.043;280.281;275;330;275;275;562.789;562.5;50;275.105;;;3612.43;1;1
1653;0.25;52.338;28.5;6.16474;40.1852;28.8;92;300;280.187;275;330;275;275;562.789;562.355;50;275.104;;;3612.43;1;1
1654;0.25;51.9763;28.5;6.08583;40.081;28.8;88;299.855;280.187;275;330;275;275;562.789;562.355;50;275.1;;;3612.43;1;1
1655;0.25;51.93;28.5;6.00782;39.8929;28.8;87;299.841;280.172;275;330;275;275;562.789;562.355;50;275.089;;;3610.46;1;1
1656;0.25;51.93;28.5;6.04413;40.0839;28.8;82;300.072;280.411;275;330;275;275;562.645;562.355;50;275.075;;;3610.46;1;1
1657;0.25;52.0341;28.5;5.98351;40.1852;28.8;84;300.13;280.411;275;330;275;275;562.789;562.5;50;275.055;"KHP102      ";;3609.48;1;1
1658;0.25;52.2338;28.5;6.02472;40.2749;28.8;87;300.029;280.411;275;330;275;275;562.934;562.5;50;275.028;;;3608.49;1;1
1659;0.25;52.2338;28.5;6.04297;40.0839;28.8;88;299.928;280.404;275;330;275;275;562.934;562.5;50;275.003;;;3608.49;1;1
1660;0.25;52.3495;28.5;6.03807;39.8785;28.8;83;299.841;280.404;275;330;275;275;562.789;562.5;50;274.97;;;3608.49;1;1
1661;0.25;52.6042;28.5;6.03068;39.8814;28.8;87;299.87;280.411;275;330;275;275;562.789;562.355;50;274.93;;;3607.51;1;1
1662;0.25;52.338;28.5;5.92703;39.9971;28.8;92;300;280.404;275;330;275;275;562.645;562.355;50;274.881;;;3607.51;1;1
1663;0.25;52.228;28.5;5.93283;39.8785;28.8;96;300.101;280.404;275;330;275;275;562.789;562.5;50;274.847;;;3607.51;1;1
1664;0.25;52.1701;28.5;5.90803;39.6759;28.8;108;300.13;280.404;275;330;275;275;562.789;562.5;50;274.839;;;3606.11;1;1
1665;0.25;52.0312;28.5;5.91048;39.8785;28.8;113;300.058;280.404;275;330;275;275;562.934;562.5;50;274.846;;;3606.11;1;1
1666;0.25;52.338;28.5;5.89044;39.8785;28.8;123;299.957;280.396;275;330;275;275;562.789;562.5;50;274.833;;;3604.66;1;1
1667;0.25;52.8472;28.5;5.92929;39.8785;28.8;128;299.87;280.396;275;330;275;275;562.934;562.355;50;274.798;;;3602.69;1;1
1668;0.25;52.7431;28.5;5.91761;39.8785;28.8;128;299.841;280.425;275;330;275;275;562.789;562.355;50;274.756;;;3602.69;1;1
1669;0.25;52.4363;28.5;5.86488;39.8785;28.8;138;299.942;280.375;275;330;275;275;562.789;562.5;50;274.705;;;3600.73;1;1
1670;0.25;52.5405;28.5;5.83982;39.8698;28.8;143;300;280.375;275;330;275;275;562.789;562.355;50;274.651;;;3599.75;1;1
1671;0.25;52.5405;28.5;5.83982;40.0839;28.7;153;300.145;280.36;275;330;275;275;562.789;562.355;50;274.604;"KHP102      ";;3599.75;1;1
1672;0.25;52.4653;28.5;5.83146;40.0839;28.7;163;300.058;280.331;275;330;275;275;562.789;562.355;50;274.568;;;3599.75;1;1
1673;0.25;52.6389;28.5;5.81397;39.9797;28.7;166;300.014;280.324;275;330;275;275;562.789;562.211;50;274.54;;;3598.76;1;1
1674;0.25;52.6418;28.5;5.81429;39.8785;28.7;187;299.928;280.324;275;330;275;275;562.789;562.211;50;274.513;;;3598.37;1;1
1675;0.25;52.1325;28.5;5.73983;39.9797;28.7;199;300.217;280.317;275;330;275;275;562.645;562.066;50;274.488;;;3598.37;1;1
1676;0.25;52.0312;28.5;5.69231;40.0839;28.7;187;300.217;280.317;275;330;275;275;562.645;562.211;50;274.464;;;3597.39;1;1
1677;0.25;52.1238;28.5;5.70244;40.0839;28.7;191;300.26;280.317;275;330;275;275;562.5;562.066;50;274.447;;;3596.41;1;1
1678;0.25;52.2975;28.4;5.38463;40.081;28.7;209;301.071;280.31;275;330;275;275;562.5;561.921;50;274.437;;;3593.46;1;1
1679;0.25;52.2367;28.4;5.30538;40.1852;28.7;207;301.172;280.31;275;330;275;275;562.5;562.066;50;274.433;;;3593.46;1;1
1680;0.25;52.1325;28.4;5.33123;39.9826;28.7;205;301.403;280.302;275;330;275;275;562.5;562.066;50;274.43;;;3592.48;1;1
1681;0.25;51.82;28.4;5.28117;40.0839;28.7;199;301.23;280.237;275;330;275;275;562.5;562.066;50;274.433;;;3592.48;1;1
1682;0.25;51.8287;28.4;5.26395;39.8785;28.7;207;301.982;280.23;275;330;275;275;562.355;562.066;50;274.44;;;3592.48;1;1
1683;0.25;51.7766;28.4;5.22248;39.838;28.7;196;302.098;280.208;275;330;275;275;562.5;562.066;50;274.439;;;3591.5;1;1
1684;0.25;51.8287;28.4;5.24584;39.8785;28.7;193;302.17;280.208;275;330;275;275;562.355;562.066;50;274.443;;;3590.52;1;1
1685;0.25;52.1325;28.4;5.27659;39.9797;28.7;187;302.242;280.208;275;330;275;275;562.5;562.066;50;274.447;;;3590.52;1;1
1686;0.25;52.5318;28.4;5.2803;39.9797;28.8;185;303.183;280.158;275;330;275;275;562.5;561.921;50;274.454;"KHP102      ";;3589.61;1;1
1687;0.25;52.338;28.5;5.61616;39.8785;28.8;170;303.501;280.143;275;330;275;275;562.355;561.921;50;274.464;;;3587.65;1;1
1688;0.25;51.9763;28.5;5.52285;40.081;28.8;165;304.138;280.136;275;330;275;275;562.355;561.921;50;274.48;;;3587.65;1;1
1689;0.25;52.0284;28.5;5.52838;39.9884;28.8;158;304.08;280.143;275;330;275;275;562.355;561.921;50;274.504;;;3587.65;1;1
1690;0.25;52.1325;28.5;5.53945;39.8785;28.8;141;304.413;280.143;275;330;275;275;562.5;562.066;50;274.527;"KHP102      ";;3587.65;1;1
1691;0.25;51.8258;28.5;5.48876;40.1244;28.8;128;304.427;280.143;275;330;275;275;562.645;562.066;50;274.544;;;3584.79;1;1
1692;0.25;52.0312;28.5;5.47416;40.1852;28.8;120;305.078;280.15;275;330;275;275;562.5;562.066;50;274.559;;;3584.79;1;1
1693;0.25;52.2338;28.5;5.51372;40.1852;28.8;118;305.208;280.15;275;330;275;275;562.645;562.066;50;274.575;;;3584.79;1;1
1694;0.25;52.1325;28.5;5.46661;39.9855;28.8;112;305.7;280.143;275;330;275;275;562.5;562.211;50;274.59;;;3583.81;1;1
1695;0.25;52.4392;28.5;5.53541;40.081;28.8;92;305.657;280.143;275;330;275;275;562.5;562.066;50;274.602;;;3581.96;1;1
1696;0.25;52.338;28.5;5.45158;40.1852;28.8;78;306.207;280.143;275;330;275;275;562.5;561.921;50;274.611;;;3580.98;1;1
1697;0.25;52.4392;28.5;5.46213;40.1852;28.8;71;306.149;280.143;275;330;275;275;562.355;561.921;50;274.621;;;3580.98;1;1
1698;0.25;52.4392;28.5;5.46213;39.9797;28.8;64;306.091;280.136;275;330;275;275;562.211;561.921;50;274.63;;;3580.98;1;1
1699;0.25;52.1325;28.5;5.35731;39.7772;28.9;44;306.047;280.143;275;330;275;275;562.355;561.921;50;274.63;;;3580.47;1;1
1700;0.25;52.1325;28.5;5.3391;40.0839;28.9;44;306.149;280.143;275;330;275;275;562.355;562.066;50;274.634;;;3579.49;1;1
1701;0.25;52.2396;28.6;5.70474;40.1852;28.9;43;306.293;280.519;275;330;275;275;562.355;562.066;50;274.642;;;3579.22;1;1
1702;0.25;52.309;28.6;5.74889;40.0984;28.9;39;306.337;280.556;275;330;275;275;562.355;562.066;50;274.648;;;3578.24;1;1
1703;0.25;52.3264;28.6;5.69594;40.1389;28.9;35;306.163;280.548;275;330;275;275;562.355;561.921;50;274.664;;;3577.26;1;1
1704;0.25;52.0312;28.6;5.66381;40.2865;28.9;31;306.134;280.556;275;330;275;275;562.355;561.921;50;274.675;;;3577.26;1;1
1705;0.25;52.2367;28.6;5.70442;40.2865;28.9;30;306.019;280.527;275;330;275;275;562.355;561.921;50;274.686;;;3574.79;1;1
1706;0.25;52.338;28.6;5.67891;40.0839;28.8;25;306.12;280.527;275;330;275;275;562.211;561.921;50;274.695;;;3572.83;1;1
1707;0.25;52.1672;28.6;5.55102;40.1649;28.8;23;305.599;280.548;275;330;275;275;562.211;561.921;50;274.706;;;3572.83;1;1
1708;0.25;52.1325;28.6;5.63841;40.1591;28.8;22;306.019;280.548;275;330;275;275;562.211;561.777;50;274.707;;;3572.83;1;1
1709;0.25;52.1065;28.6;5.58098;40.081;28.8;21;305.975;280.527;275;330;275;275;562.066;561.777;50;274.706;;;3570.87;1;1
1710;0.25;52.1325;28.6;5.58377;39.9826;28.8;21;305.15;280.527;275;330;275;275;562.066;561.777;50;274.694;;;3570.87;1;1
1711;0.25;52.338;28.6;5.62406;39.9797;28.8;21;305.064;280.548;275;330;275;275;562.211;561.777;50;274.677;;;3570.25;1;1
1712;0.25;52.2338;28.6;5.64936;39.9797;28.8;29;304.615;280.548;275;330;275;275;562.066;561.632;50;274.666;;;3570.25;1;1
1713;0.25;52.1325;28.6;5.58377;39.8785;28.8;34;304.63;280.548;275;330;275;275;562.066;561.632;50;274.658;;;3568.31;1;1
1714;0.25;52.1817;28.6;5.57081;39.9826;28.8;36;304.123;280.527;275;330;275;275;562.066;561.632;50;274.651;;;3566.49;1;1
1715;0.25;52.338;28.6;5.56918;39.8785;28.7;44;304.225;280.527;275;330;275;275;562.211;561.777;50;274.634;;;3565.52;1;1
1716;0.25;52.5405;28.6;5.60912;39.8785;28.7;61;303.921;280.548;275;330;275;275;562.066;561.632;50;274.61;;;3563.56;1;1
1717;0.25;52.2164;28.6;5.55625;39.8785;28.7;71;303.111;280.548;275;330;275;275;562.066;561.632;50;274.587;;;3562.25;1;1
1718;0.25;51.9271;28.6;5.52546;39.8206;28.7;79;303.024;280.527;275;330;275;275;562.066;561.777;50;274.566;;;3562.25;1;1
1719;0.25;52.338;28.6;5.56918;39.8814;28.7;93;302.604;280.527;275;330;275;275;562.066;561.632;50;274.544;;;3561.27;1;1
1720;0.25;52.4248;28.6;5.52348;39.6817;28.7;108;302.59;280.527;275;330;275;275;562.066;561.777;50;274.525;;;3561.27;1;1
1721;0.25;52.4392;28.5;5.18729;39.7772;28.7;126;302.054;280.548;275;330;275;275;562.066;561.777;50;274.499;;;3561.27;1;1
1722;0.25;52.3698;28.5;5.21701;39.7772;28.6;143;302.17;280.548;275;330;275;275;562.066;561.632;50;274.471;;;3559.32;1;1
1723;0.25;52.1325;28.5;5.13874;39.8814;28.6;155;301.852;280.534;275;330;275;275;562.066;561.632;50;274.446;;;3559.32;1;1
1724;0.25;52.0197;28.5;5.10945;39.8785;28.6;167;301.808;280.527;275;330;275;275;562.066;561.632;50;274.421;;;3559.32;1;1
1725;0.25;52.0312;28.5;5.11058;39.8785;28.6;170;301.071;280.548;275;330;275;275;561.921;561.487;50;274.401;;;3558.34;1;1
1726;0.25;52.3351;28.5;5.14042;40;28.6;180;300.955;280.548;275;330;275;275;561.921;561.487;50;274.381;;;3557.3;1;1
1727;0.25;52.2367;28.5;5.09426;39.9797;28.6;198;300.883;280.534;275;330;275;275;561.921;561.487;50;274.37;;;3554.14;1;1
1728;0.25;52.338;28.5;5.15899;39.8409;28.6;211;300.94;280.534;275;330;275;275;561.921;561.487;50;274.358;;;3554.14;1;1
1729;0.25;52.4884;28.5;5.10048;39.6759;28.6;218;301.071;280.548;275;330;275;275;561.777;561.487;50;274.346;;;3554.14;1;1
1730;0.25;52.1528;28.4;4.732;39.8785;28.6;219;301.794;280.548;275;330;275;275;561.921;561.487;50;274.34;;;3553.16;1;1
1731;0.25;52.0312;28.4;4.75732;40.2691;28.5;231;301.751;280.548;275;330;275;275;561.921;561.632;50;274.342;;;3552.18;1;1
1732;0.25;51.93;28.4;4.69361;40.1852;28.5;224;301.678;280.548;275;330;275;275;561.921;561.632;50;274.333;;;3552.18;1;1
1733;0.25;52.011;28.4;4.75547;40.1013;28.6;220;302.011;280.534;275;330;275;275;562.066;561.632;50;274.325;;;3552.18;1;1
1734;0.25;51.8605;28.4;4.74171;40.1013;28.6;229;301.924;280.548;275;330;275;275;561.921;561.632;50;274.313;;;3550.23;1;1
1735;0.25;52.1325;28.4;4.73016;40.2865;28.6;226;302.387;280.548;275;330;275;275;561.921;561.632;50;274.301;;;3547.3;1;1
1736;0.25;52.1325;28.4;4.71192;40.1881;28.6;210;302.474;280.534;275;330;275;275;561.921;561.777;50;274.292;;;3545.34;1;1
1737;0.25;52.4392;28.4;4.75799;40.2865;28.6;209;303.154;280.903;275;330;275;275;561.921;561.632;50;274.288;;;3544.37;1;1
1738;0.25;52.2222;28.4;4.77478;40.0839;28.6;198;303.66;280.881;275;330;275;275;561.921;561.632;50;274.288;;;3544.37;1;1
1739;0.25;51.8258;28.4;4.6661;39.9826;28.6;196;303.588;280.881;275;330;275;275;561.921;561.632;50;274.289;;;3543.39;1;1
1740;0.25;52.3206;28.4;4.69237;39.9797;28.6;188;304.109;280.874;275;330;275;275;561.777;561.487;50;274.296;;;3543.39;1;1
1741;0.25;52.5405;28.4;4.73044;39.9826;28.6;172;304.384;280.874;275;330;275;275;561.777;561.487;50;274.297;;;3541.44;1;1
1742;0.25;52.1325;28.4;4.71192;39.9797;28.6;159;304.977;280.874;275;330;275;275;561.777;561.487;50;274.306;;;3541.44;1;1
1743;0.25;52.1152;28.4;4.67394;39.9826;28.6;162;305.454;280.867;275;330;275;275;561.921;561.632;50;274.328;;;3539.49;1;1
1744;0.25;52.1325;28.4;4.69371;40.1823;28.7;143;305.584;280.859;275;330;275;275;561.921;561.632;50;274.351;;;3536.56;1;1
1745;0.25;52.5174;28.4;4.72836;40.0839;28.7;130;306.293;280.838;275;330;275;275;561.921;561.632;50;274.384;;;3536.56;1;1
1746;0.25;52.4479;28.4;4.72211;39.9219;28.7;135;306.221;280.83;275;330;275;275;561.921;561.487;50;274.397;;;3536.56;1;1
1747;0.25;52.7546;28.4;4.73129;39.8785;28.7;126;306.424;280.83;275;330;275;275;561.921;561.487;50;274.407;;;3535.59;1;1
1748;0.25;52.3727;28.4;4.66045;39.7772;28.7;100;306.308;280.802;275;330;275;275;561.921;561.487;50;274.428;"KHP102      ";;3535.25;1;1
1749;0.25;52.338;28.4;4.67564;39.9826;28.7;84;307.031;280.802;275;330;275;275;562.066;561.632;50;274.456;;;3533.3;1;1
1750;0.25;51.93;28.4;4.62105;40.0839;28.7;75;307.219;280.867;275;330;275;275;562.066;561.632;50;274.482;;;3533.3;1;1
1751;0.25;52.0312;28.4;4.63006;39.9797;28.8;66;307.248;280.816;275;330;275;275;561.921;561.632;50;274.495;;;3533.3;1;1
1752;0.25;52.0197;28.4;4.61086;39.8814;28.8;61;308.058;280.91;275;330;275;275;561.921;561.632;50;274.504;;;3531.35;1;1
1753;0.25;51.93;28.5;4.95548;39.8785;28.8;52;308.001;280.896;275;330;275;275;561.921;561.632;50;274.506;;;3530.37;1;1
1754;0.25;52.0804;28.5;4.98803;39.9884;28.8;37;307.957;280.903;275;330;275;275;562.066;561.632;50;274.516;;;3530.05;1;1
1755;0.25;52.1325;28.5;4.93839;40.081;28.8;34;307.885;280.888;275;330;275;275;562.066;561.777;50;274.525;;;3530.05;1;1
1756;0.25;52.0168;28.5;4.94559;39.9826;28.8;26;307.812;280.896;275;330;275;275;562.211;561.921;50;274.536;;;3530.05;1;1
1757;0.25;52.1672;28.5;4.97812;39.8785;28.8;26;307.118;280.896;275;330;275;275;562.355;561.921;50;274.554;;;3530.05;1;1
1758;0.25;51.8258;28.5;4.96364;39.7772;28.8;27;307.219;280.881;275;330;275;275;562.355;562.066;50;274.571;;;3528.47;1;1
1759;0.25;51.9329;28.5;4.91947;39.6759;28.8;28;307.306;280.867;275;330;275;275;562.355;562.066;50;274.586;;;3528.47;1;1
1760;0.25;51.7245;28.5;4.91781;39.9797;28.8;26;307.104;280.888;275;330;275;275;562.5;562.066;50;274.599;;;3528.47;1;1
1761;0.25;51.93;28.5;4.93734;39.9797;28.8;30;306.973;280.888;275;330;275;275;562.5;562.211;50;274.614;;;3527.5;1;1
1762;0.25;52.1325;28.5;4.9566;39.9826;28.8;35;306.149;280.896;275;330;275;275;562.645;562.211;50;274.627;;;3526.53;1;1
1763;0.25;52.5318;28.5;4.95786;39.9884;28.8;28;306.134;280.896;275;330;275;275;562.789;562.355;50;274.633;;;3525.55;1;1
1764;0.25;52.1325;28.5;4.97481;40.0839;28.8;26;305.252;280.758;275;330;275;275;562.789;562.5;50;274.641;;;3525.55;1;1
1765;0.25;52.0312;28.5;4.91061;39.9797;28.8;35;305.83;280.903;275;330;275;275;563.079;562.645;50;274.651;;;3524.78;1;1
1766;0.25;52.2338;28.5;4.94798;39.8785;28.8;39;305.208;280.758;275;330;275;275;563.079;562.789;50;274.669;;;3521.86;1;1
1767;0.25;52.1325;28.5;4.90196;39.7975;28.7;49;305.252;280.91;275;330;275;275;563.079;562.789;50;274.68;;;3521.86;1;1
1768;0.25;52.1354;28.5;4.9933;39.9797;28.7;53;304.413;280.765;275;330;275;275;563.079;562.789;50;274.691;;;3521.86;1;1
1769;0.25;52.1354;28.5;4.95687;39.6817;28.7;61;304.094;280.765;275;330;275;275;563.079;562.789;50;274.703;;;3519.91;1;1
1770;0.25;52.1325;28.5;4.88372;39.7222;28.7;63;303.964;280.78;275;330;275;275;563.223;562.789;50;274.713;;;3516.99;1;1
1771;0.25;51.9271;28.5;4.91892;40.0926;28.7;74;303.183;280.78;275;330;275;275;563.368;562.934;50;274.712;;;3515.4;1;1
1772;0.25;52.1325;28.5;4.88372;40.1852;28.7;77;302.995;280.794;275;330;275;275;563.368;562.934;50;274.699;;;3514.42;1;1
1773;0.25;51.93;28.5;4.90106;40.0839;28.7;85;303.096;280.794;275;330;275;275;563.368;563.223;50;274.681;;;3514.42;1;1
1774;0.25;51.7014;28.5;4.84334;40.0839;28.7;98;302.431;280.809;275;330;275;275;563.513;563.079;50;274.661;;;3513.45;1;1
1775;0.25;51.7274;28.4;4.53074;40.0839;28.7;102;302.951;280.874;275;330;275;275;563.513;563.223;50;274.642;;;3513.45;1;1
1776;0.25;51.6464;28.4;4.52365;39.6759;28.6;116;302.069;280.802;275;330;275;275;563.657;563.368;50;274.615;;;3513.45;1;1
1777;0.25;51.93;28.4;4.56663;39.6759;28.6;117;302.054;280.83;275;330;275;275;563.657;563.513;50;274.602;;;3513.45;1;1
1778;0.25;52.0312;28.4;4.57553;39.6759;28.6;132;301.128;280.773;275;330;275;275;563.657;563.368;50;274.593;;;3513.45;1;1
1779;0.25;51.8287;28.4;4.57583;39.5747;28.6;139;301.172;280.765;275;330;275;275;563.657;563.513;50;274.594;;;3511.51;1;1
1780;0.25;51.8287;28.4;4.53962;39.7772;28.6;151;301.259;280.744;275;330;275;275;563.802;563.368;50;274.603;;;3511.51;1;1
1781;0.25;51.8316;28.4;4.55798;39.5747;28.6;148;301.345;280.736;275;330;275;275;563.657;563.368;50;274.611;;;3511.51;1;1
1782;0.25;51.8432;28.4;4.5771;39.5775;28.6;156;301.143;280.917;275;330;275;275;563.657;563.513;50;274.61;;;3510.53;1;1
1783;0.25;51.8287;28.4;4.53962;39.7801;28.6;163;301.114;280.729;275;330;275;275;563.802;563.368;50;274.595;;;3510.53;1;1
1784;0.25;51.8287;28.4;4.57583;39.8814;28.6;179;301.013;280.729;275;330;275;275;563.802;563.657;50;274.596;;;3509.56;1;1
1785;0.25;51.8866;28.3;4.17426;39.7772;28.6;184;300.911;280.693;275;330;275;275;563.947;563.657;50;274.612;;;3509.56;1;1
1786;0.25;51.93;28.3;4.19589;39.7772;28.6;187;300.897;280.686;275;330;275;275;563.947;563.657;50;274.634;;;3509.56;1;1
1787;0.25;52.0312;28.3;4.18589;39.7772;28.6;180;301.215;280.686;275;330;275;275;563.947;563.802;50;274.66;;;3509.56;1;1
1788;0.25;51.7245;28.3;4.17929;39.6933;28.6;181;301.288;280.679;275;330;275;275;563.947;563.657;50;274.698;;;3508.59;1;1
1789;0.25;51.9068;28.3;4.23031;39.5718;28.6;174;301.345;280.679;275;330;275;275;563.947;563.657;50;274.737;;;3508.59;1;1
1790;0.25;51.93;28.3;4.17775;39.6759;28.6;167;301.476;280.679;275;330;275;275;564.091;563.802;50;274.786;;;3508.59;1;1
1791;0.25;51.8461;28.3;4.171;39.6759;28.6;161;302.083;280.671;275;330;275;275;564.091;563.802;50;274.842;;;3505.67;1;1
1792;0.25;51.7477;28.3;4.23542;39.5747;28.6;158;301.982;280.671;275;330;275;275;564.091;563.802;50;274.892;;;3503.73;1;1
1793;0.25;51.9878;28.3;4.1824;39.673;28.6;143;302.156;280.671;275;330;275;275;564.236;563.802;50;274.931;;;3503.73;1;1
1794;0.25;52.0341;28.3;4.11342;39.8785;28.6;123;302.141;280.671;275;330;275;275;564.236;563.802;50;274.933;;;3503.73;1;1
1795;0.25;52.1325;28.3;4.19404;39.9797;28.7;106;302.286;280.664;275;330;275;275;564.236;563.947;50;274.921;;;3502.76;1;1
1796;0.25;52.3582;28.3;4.2122;39.8785;28.7;100;303.111;280.664;275;330;275;275;564.381;563.947;50;274.907;;;3502.76;1;1
1797;0.25;51.8258;28.3;4.16937;39.5747;28.7;91;303.197;280.664;275;330;275;275;564.381;564.091;50;274.875;;;3498.87;1;1
1798;0.25;51.6262;28.3;4.11724;39.7772;28.7;64;303.197;280.671;275;330;275;275;564.526;564.091;50;274.842;;;3498.87;1;1
1799;0.25;52.0312;28.3;4.16772;40.2488;28.7;64;303.371;280.657;275;330;275;275;564.526;564.091;50;274.824;;;3498.87;1;1
1800;0.25;51.7216;28.3;4.12485;40.4398;28.7;52;303.299;280.657;275;330;275;275;564.526;564.236;50;274.841;;;3498.87;1;1
1801;0.25;51.9473;28.3;4.1247;40.162;28.7;45;303.212;280.664;275;330;275;275;564.67;564.236;50;274.854;;;3496.93;1;1
1802;0.25;52.1325;28.3;4.17583;39.6759;28.7;40;303.197;280.664;275;330;275;275;564.67;564.236;50;274.859;"KHP102      ";;3496.2;1;1
1803;0.25;51.7535;28.3;4.14547;39.6759;28.8;47;303.284;280.657;275;330;275;275;564.67;564.381;50;274.858;"KHP102      ";;3495.23;1;1
1804;0.25;51.8287;28.3;4.11528;39.6759;28.8;49;303.414;280.657;275;330;275;275;564.815;564.381;50;274.851;;;3495.23;1;1
1805;0.25;51.93;28.3;4.10518;39.7772;28.8;49;303.472;280.664;275;330;275;275;564.815;564.381;50;274.845;;;3494.26;1;1
1806;0.25;51.93;28.3;4.15961;39.6644;28.8;41;303.443;280.671;275;330;275;275;565.104;564.67;50;274.84;;;3493.29;1;1
1807;0.25;52.1296;28.3;4.10276;39.5747;28.8;37;303.342;280.664;275;330;275;275;564.959;564.815;50;274.835;;;3491.35;1;1
1808;0.25;51.7564;28.3;4.16378;39.5747;28.8;47;303.024;280.845;275;330;275;275;564.959;564.67;50;274.831;;;3489.79;1;1
1809;0.25;51.7245;28.3;4.12508;40.0694;28.8;51;302.922;280.867;275;330;275;275;565.104;564.67;50;274.827;;;3487.85;1;1
1810;0.25;51.7245;28.3;4.16122;39.9826;28.8;53;303.009;280.874;275;330;275;275;565.104;564.67;50;274.824;;;3486.88;1;1
1811;0.25;51.8258;28.3;4.11505;39.8814;28.8;60;303.139;280.874;275;330;275;275;565.104;564.526;50;274.824;;;3485.91;1;1
1812;0.25;51.7245;28.3;4.16122;39.8785;28.8;65;302.459;280.881;275;330;275;275;564.959;564.67;50;274.825;;;3484.94;1;1
1813;0.25;51.93;28.3;4.15961;39.8785;28.8;72;302.98;280.859;275;330;275;275;564.959;564.526;50;274.83;;;3484.94;1;1
1814;0.25;51.6233;28.3;4.17111;39.7772;28.8;78;302.908;280.867;275;330;275;275;564.959;564.67;50;274.838;;;3483.97;1;1
1815;0.25;51.8287;28.3;4.18771;39.673;28.8;82;301.968;280.874;275;330;275;275;564.959;564.67;50;274.848;;;3483.08;1;1
1816;0.25;51.8403;28.3;4.17053;39.4734;28.8;87;301.895;280.867;275;330;275;275;564.959;564.67;50;274.864;;;3482.11;1;1
1817;0.25;51.7274;28.3;4.16145;39.2708;28.7;91;301.808;280.881;275;330;275;275;565.104;564.67;50;274.88;;;3482.11;1;1
1818;0.25;51.6464;28.3;4.08277;39.2679;28.7;90;301.808;280.881;275;330;275;275;565.104;564.815;50;274.893;;;3482.11;1;1
1819;0.25;51.4207;28.3;4.13678;39.3721;28.7;96;301.91;280.888;275;330;275;275;565.249;564.67;50;274.904;"KHP102      ";;3481.14;1;1
1820;0.25;51.6262;28.3;4.13527;39.4734;28.7;100;301.924;280.888;275;330;275;275;564.959;564.67;50;274.896;;;3480.5;1;1
1821;0.25;51.6869;28.3;4.14014;39.6788;28.7;108;301.1;280.888;275;330;275;275;564.959;564.67;50;274.885;;;3478.56;1;1
1822;0.25;51.7245;28.3;4.16122;39.7772;28.7;106;300.984;280.888;275;330;275;275;565.104;564.815;50;274.88;;;3477.59;1;1
1823;0.25;51.7274;28.3;4.17952;39.9826;28.7;119;300.911;280.896;275;330;275;275;565.249;564.815;50;274.876;;;3477.59;1;1
1824;0.25;51.6233;28.3;4.17111;39.9826;28.7;118;300.897;280.91;275;330;275;275;565.249;564.815;50;274.868;;;3476.62;1;1
1825;0.25;51.8258;28.3;4.13316;39.9797;28.7;116;300.998;280.896;275;330;275;275;565.249;564.815;50;274.873;;;3476.62;1;1
1826;0.25;51.8287;28.3;4.15149;39.9826;28.7;117;301.128;280.888;275;330;275;275;565.104;564.815;50;274.887;;;3475.66;1;1
1827;0.25;51.6348;28.3;4.17204;39.9797;28.7;119;301.172;280.881;275;330;275;275;565.249;564.815;50;274.903;;;3474.69;1;1
1828;0.25;51.7245;28.3;4.16122;39.7772;28.7;120;300.926;280.888;275;330;275;275;565.249;564.959;50;274.925;;;3474.69;1;1
1829;0.25;51.8258;28.3;4.18747;39.5747;28.7;124;300.796;280.859;275;330;275;275;565.393;565.104;50;274.945;;;3474.69;1;1
1830;0.25;51.522;28.3;4.14493;39.6759;28.7;126;300.81;280.519;275;330;275;275;565.538;565.104;50;274.963;;;3474.69;1;1
1831;0.25;51.522;28.3;4.16292;39.8785;28.7;121;300.883;280.519;275;330;275;275;565.538;565.249;50;274.972;;;3473.72;1;1
1832;0.25;51.8258;28.3;4.25992;39.4734;28.7;116;300.955;280.519;275;330;275;275;565.393;565.104;50;274.978;;;3473.72;1;1
1833;0.25;52.0341;28.3;4.22251;39.4734;28.7;110;301.071;280.519;275;330;275;275;565.538;565.104;50;274.981;;;3469.67;1;1
1834;0.25;51.93;28.2;3.89777;39.6759;28.7;109;301.157;280.519;275;330;275;275;565.538;565.104;50;274.991;;;3469.03;1;1
1835;0.25;51.9358;28.2;3.84375;39.8785;28.7;109;301.114;280.519;275;330;275;275;565.538;565.249;50;274.992;;;3469.03;1;1
1836;0.25;51.9676;28.2;3.9006;40.0839;28.7;103;300.998;280.519;275;330;275;275;565.538;565.249;50;274.993;;;3467.09;1;1
1837;0.25;51.5191;28.2;3.84894;40.1852;28.7;99;300.897;280.519;275;330;275;275;565.683;565.393;50;274.996;;;3467.09;1;1
1838;0.25;51.6898;28.2;3.84361;40.0839;28.7;101;300.911;280.519;275;330;275;275;565.828;565.538;50;275.007;;;3467.09;1;1
1839;0.25;51.8142;28.2;3.90719;39.7743;28.7;96;301.056;280.519;275;330;275;275;565.828;565.393;50;275.031;;;3466.13;1;1
1840;0.25;51.6233;28.2;3.83866;39.6036;28.7;96;301.157;280.519;275;330;275;275;565.972;565.683;50;275.062;;;3466.13;1;1
1841;0.25;51.6233;28.2;3.91082;39.5747;28.7;98;301.881;280.519;275;330;275;275;565.972;565.683;50;275.1;;;3461.46;1;1
1842;0.25;51.8287;28.2;3.89017;39.5747;28.8;92;301.331;280.527;275;330;275;275;566.117;565.683;50;275.121;;;3461.46;1;1
1843;0.25;51.522;28.2;3.84915;39.3692;28.8;87;301.288;280.527;275;330;275;275;565.972;565.683;50;275.122;;;3461.46;1;1
1844;0.25;51.8287;28.2;3.87207;39.2679;28.8;77;301.288;280.548;275;330;275;275;566.117;565.683;50;275.119;;;3460.49;1;1
1845;0.25;51.8895;28.3;4.24702;39.3721;28.8;65;301.374;280.548;275;330;275;275;566.262;565.828;50;275.117;;;3458.56;1;1
1846;0.25;51.8721;28.3;4.26372;39.6759;28.8;56;301.461;280.527;275;330;275;275;566.262;565.828;50;275.117;;;3458.56;1;1
1847;0.25;51.7245;28.3;4.19738;39.6759;28.8;47;301.534;280.527;275;330;275;275;566.262;565.828;50;275.123;;;3457.59;1;1
1848;0.25;51.522;28.3;4.25294;39.6759;28.8;54;301.49;280.541;275;330;275;275;566.262;565.828;50;275.132;"KHP102      ";;3457.59;1;1
1849;0.25;51.7274;28.3;4.2699;39.6759;28.8;54;301.418;280.541;275;330;275;275;566.117;565.828;50;275.14;;;3455.66;1;1
1850;0.25;51.7274;28.3;4.25183;39.5747;28.8;49;301.345;280.541;275;330;275;275;566.262;565.828;50;275.147;;;3455.66;1;1
1851;0.25;51.7245;28.3;4.3058;39.4734;28.8;42;301.259;280.534;275;330;275;275;566.406;565.972;50;275.153;;;3454.69;1;1
1852;0.25;51.7245;28.3;4.3058;39.6441;28.8;43;300.883;280.534;275;330;275;275;566.551;566.117;50;275.157;;;3453.73;1;1
1853;0.25;51.4207;28.3;4.31644;39.5747;28.8;47;300.955;280.541;275;330;275;275;566.696;566.262;50;275.143;;;3451.8;1;1
1854;0.25;51.467;28.3;4.26638;39.5747;28.8;56;301.071;280.541;275;330;275;275;566.696;566.262;50;275.117;;;3451.04;1;1
1855;0.25;51.114;28.3;4.23712;39.9826;28.8;45;301.157;280.527;275;330;275;275;566.696;566.406;50;275.087;;;3449.11;1;1
1856;0.25;51.3194;28.3;4.25415;40.2836;28.8;52;300.492;280.541;275;330;275;275;566.696;566.551;50;275.067;;;3448.15;1;1
1857;0.25;51.522;28.3;4.32494;39.9797;28.8;63;300.434;280.556;275;330;275;275;566.84;566.551;50;275.061;;;3447.18;1;1
1858;0.25;51.522;28.3;4.27094;39.6759;28.8;79;300.029;280.541;275;330;275;275;566.84;566.551;50;275.065;;;3447.18;1;1
1859;0.25;51.5885;28.3;4.3125;39.7801;28.8;79;299.928;280.548;275;330;275;275;566.84;566.551;50;275.069;;;3447.18;1;1
1860;0.25;51.6233;28.3;4.33344;39.6759;28.8;89;299.928;280.527;275;330;275;275;566.696;566.406;50;275.072;;;3447.18;1;1
1861;0.25;51.7245;28.3;4.3781;39.5747;28.8;92;299.769;280.527;275;330;275;275;566.84;566.406;50;275.08;;;3447.18;1;1
1862;0.25;51.7014;28.3;4.35808;39.673;28.8;100;299.841;280.556;275;330;275;275;566.84;566.551;50;275.102;;;3444.29;1;1
1863;0.25;51.7274;28.3;4.36028;39.9797;28.8;98;299.913;280.556;275;330;275;275;566.985;566.551;50;275.124;;;3443.33;1;1
1864;0.25;51.8287;28.3;4.44124;39.8785;28.8;104;299.884;280.519;275;330;275;275;567.13;566.84;50;275.155;;;3442.36;1;1
1865;0.25;51.93;28.3;4.37735;39.9826;28.8;114;299.797;280.527;275;330;275;275;567.13;566.84;50;275.19;;;3442.36;1;1
1866;0.25;51.522;28.2;4.01116;40.0839;28.8;119;298.9;280.556;275;330;275;275;567.13;566.696;50;275.233;;;3440.43;1;1
1867;0.25;51.4236;28.2;4.0035;40.3877;28.8;103;298.828;280.556;275;330;275;275;567.13;566.696;50;275.275;;;3440.43;1;1
1868;0.25;51.3194;28.2;4.03125;40.3877;28.8;109;298.872;280.556;275;330;275;275;566.985;566.696;50;275.308;;;3440.43;1;1
1869;0.25;51.2124;28.2;3.98706;40.1852;28.8;110;298.958;280.556;275;330;275;275;566.985;566.696;50;275.341;;;3439.47;1;1
1870;0.25;51.3166;28.2;4.03102;40.1852;28.8;110;299.06;280.527;275;330;275;275;566.985;566.696;50;275.376;;;3439.47;1;1
1871;0.25;51.6233;28.2;4.07315;40.0839;28.8;96;299.103;280.548;275;330;275;275;566.985;566.696;50;275.413;;;3439.02;1;1
1872;0.25;51.7245;28.2;4.045;39.9479;28.8;87;299.031;280.556;275;330;275;275;566.985;566.696;50;275.445;;;3438.05;1;1
1873;0.25;51.5914;28.2;4.05262;40.0839;28.8;85;298.929;280.527;275;330;275;275;566.985;566.696;50;275.472;;;3438.05;1;1
1874;0.25;51.4207;28.2;4.0931;39.9826;28.8;77;298.857;280.527;275;330;275;275;567.274;566.84;50;275.49;;;3437.09;1;1
1875;0.25;51.2182;28.2;4.07697;40.1852;28.8;62;298.857;280.519;275;330;275;275;567.274;566.985;50;275.514;;;3435.16;1;1
1876;0.25;51.4207;28.2;4.05717;39.9826;28.8;52;298.872;280.548;275;330;275;275;567.419;567.13;50;275.554;"KHP102      ";;3435.16;1;1
1877;0.25;51.4178;28.2;4.09286;39.8785;28.8;52;298.944;280.556;275;330;275;275;567.419;567.13;50;275.593;;;3434.2;1;1
1878;0.25;51.7245;28.2;4.09921;40.0839;28.8;41;299.06;280.519;275;330;275;275;567.419;567.13;50;275.627;;;3434.2;1;1
1879;0.25;51.7245;28.2;4.18958;40.0839;28.8;31;299.117;280.519;275;330;275;275;567.274;567.13;50;275.659;"KHP102      ";;3433.24;1;1
1880;0.25;51.4207;28.2;4.14698;40.0839;28.8;25;299.045;280.548;275;330;275;275;567.274;566.985;50;275.681;;;3431.31;1;1
1881;0.25;51.3194;28.2;4.12089;40.2865;28.8;22;298.958;280.556;275;330;275;275;567.274;566.985;50;275.68;;;3429.38;1;1
1882;0.25;51.4207;28.2;4.0931;40.2894;28.8;0;298.828;280.527;275;330;275;275;567.274;566.985;50;275.66;;;3429.38;1;1
1883;0.25;51.4207;28.2;4.14698;40.0839;28.8;0;298.872;280.527;275;330;275;275;567.274;566.985;50;275.616;;;3428.42;1;1
1884;0.25;51.8287;28.2;4.17989;40.1852;28.8;0;298.597;280.527;275;330;275;275;567.274;566.985;50;275.573;;;3426.5;1;1
1885;0.25;51.522;28.2;4.17318;40.2865;28.8;0;298.683;280.548;275;330;275;275;567.274;566.84;50;275.543;;;3426.5;1;1
1886;0.25;51.7245;28.2;4.24379;40.2865;28.8;0;298.712;280.548;275;330;275;275;567.274;567.13;50;275.527;;;3426.5;1;1
1887;0.25;51.6233;28.2;4.14529;40.2865;28.8;0;298.09;280.527;275;330;275;275;567.419;567.274;50;275.513;;;3425.53;1;1
1888;0.25;51.4207;28.2;4.14698;39.8756;28.8;2;297.975;280.527;275;330;275;275;567.564;567.419;50;275.51;;;3422.65;1;1
1889;0.25;51.522;28.2;4.17318;40.081;28.8;7;297.439;280.548;275;330;275;275;567.708;567.419;50;275.509;;;3420.72;1;1
1890;0.25;51.4236;28.2;4.14722;40.4861;28.8;13;297.425;280.548;275;330;275;275;567.853;567.564;50;275.508;;;3420.72;1;1
1891;0.25;51.7274;28.2;4.22596;40.489;28.8;25;296.861;280.534;275;330;275;275;567.708;567.419;50;275.508;;;3420.22;1;1
1892;0.25;51.7245;28.2;4.17149;40.2865;28.8;37;296.962;280.534;275;330;275;275;567.708;567.419;50;275.507;;;3419.25;1;1
1893;0.25;51.4207;28.2;4.23683;40.1852;28.8;52;296.6;280.548;275;330;275;275;567.708;567.564;50;275.506;;;3418.29;1;1
1894;0.25;51.5422;28.2;4.21083;40.1852;28.8;65;296.586;280.548;275;330;275;275;567.853;567.564;50;275.505;;;3418.29;1;1
1895;0.25;51.8287;28.2;4.21613;40.3877;28.8;79;295.935;280.548;275;330;275;275;567.708;567.564;50;275.505;;;3418.29;1;1
1896;0.25;51.8258;28.2;4.2702;40.1852;28.8;96;295.819;280.527;275;330;275;275;567.853;567.564;50;275.515;;;3417.33;1;1
1897;0.25;51.5828;28.2;4.21414;40.1852;28.8;99;295.312;280.527;275;330;275;275;567.998;567.853;50;275.524;"KHP102      ";;3416.37;1;1
1898;0.25;51.6811;28.2;4.18607;40.1852;28.8;110;295.399;280.548;275;330;275;275;568.287;567.998;50;275.538;;;3415.41;1;1
1899;0.25;51.6262;28.2;4.27179;40.081;28.8;118;294.878;280.548;275;330;275;275;568.142;567.853;50;275.546;;;3415.41;1;1
1900;0.25;51.6233;28.2;4.27155;39.9884;28.8;131;294.98;280.527;275;330;275;275;568.142;567.853;50;275.552;;;3415.41;1;1
1901;0.25;51.5857;28.2;4.26844;40.1476;28.8;134;295.023;280.527;275;330;275;275;568.142;567.853;50;275.55;;;3415.41;1;1
1902;0.25;51.7245;28.2;4.22572;40.0694;28.8;130;294.85;280.541;275;330;275;275;568.287;567.998;50;275.537;;;3413.49;1;1
1903;0.25;51.577;28.2;4.23168;39.9797;28.8;131;294.806;280.548;275;330;275;275;568.287;567.998;50;275.521;;;3413.49;1;1
1904;0.25;51.6204;28.2;4.25328;39.9797;28.8;127;294.748;280.541;275;330;275;275;568.287;568.142;50;275.498;;;3413.49;1;1
1905;0.25;51.8258;28.2;4.34262;40.081;28.8;125;294.878;280.534;275;330;275;275;568.432;568.142;50;275.472;;;3413.49;1;1
1906;0.25;51.522;28.2;4.28117;40.1852;28.8;130;294.98;280.541;275;330;275;275;568.432;568.142;50;275.443;;;3412.52;1;1
1907;0.25;51.6233;28.1;4.01126;40.2865;28.8;135;295.009;280.541;275;330;275;275;568.432;567.998;50;275.414;;;3411.56;1;1
1908;0.25;51.8258;28.1;4.00886;40.3877;28.8;137;294.907;280.165;275;330;275;275;568.432;567.998;50;275.391;;;3409.64;1;1
1909;0.25;51.8258;28.1;4.00886;40.2865;28.8;139;294.777;280.165;275;330;275;275;568.432;567.998;50;275.37;;;3409.64;1;1
1910;0.25;51.6262;28.1;3.99342;40.3877;28.8;143;295.038;280.136;275;330;275;275;568.432;567.998;50;275.371;;;3406.76;1;1
1911;0.25;51.522;28.1;4.00339;40.3877;28.8;141;295.067;280.165;275;330;275;275;568.432;568.142;50;275.39;;;3403.88;1;1
1912;0.25;51.4207;28.1;3.97753;40.1215;28.8;143;295.168;280.165;275;330;275;275;568.576;568.142;50;275.414;;;3403.88;1;1
1913;0.25;51.6233;28.1;4.02929;40.0839;28.8;143;295.92;280.136;275;330;275;275;568.432;568.142;50;275.434;;;3402.92;1;1
1914;0.25;52.0197;28.1;4.04206;40.081;28.8;139;295.992;280.129;275;330;275;275;568.432;567.998;50;275.444;;;3402.92;1;1
1915;0.25;52.0341;28.1;4.06136;40.1215;28.8;133;295.92;280.158;275;330;275;275;568.432;567.998;50;275.45;;;3401.96;1;1
1916;0.25;52.0168;28.1;4.09635;40.2807;28.9;130;296.152;280.404;275;330;275;275;568.432;567.998;50;275.444;;;3401.96;1;1
1917;0.25;51.93;28.1;4.08951;40.0087;28.9;116;296.137;280.158;275;330;275;275;568.432;568.287;50;275.44;;;3401.96;1;1
1918;0.25;51.5191;28.2;4.40694;39.8785;28.9;111;296.875;280.396;275;330;275;275;568.576;568.142;50;275.436;;;3401.96;1;1
1919;0.25;52.0312;28.2;4.45075;40.0839;28.9;113;296.889;280.158;275;330;275;275;568.576;568.142;50;275.432;;;3400.21;1;1
1920;0.25;52.1325;28.2;4.49583;40.1852;28.9;109;297.034;280.165;275;330;275;275;568.576;568.287;50;275.429;;;3399.25;1;1
1921;0.25;52.1354;28.2;4.47787;40.2922;28.9;99;297.454;280.158;275;330;275;275;568.576;568.287;50;275.426;;;3397.34;1;1
1922;0.25;51.93;28.2;4.49651;40.5903;28.9;89;297.425;280.165;275;330;275;275;568.432;568.287;50;275.423;;;3395.42;1;1
1923;0.25;52.1325;28.2;4.47762;40.489;29;86;297.888;280.129;275;330;275;275;568.576;568.142;50;275.421;;;3395.42;1;1
1924;0.25;52.1325;28.2;4.49583;40.5353;29;76;297.772;280.172;275;330;275;275;568.576;568.142;50;275.419;;;3393.5;1;1
1925;0.25;52.0891;28.2;4.49209;40.489;29;70;297.801;280.187;275;330;275;275;568.576;568.142;50;275.415;;;3393.5;1;1
1926;0.25;51.7245;28.2;4.49679;40.3877;29;69;298.539;280.208;275;330;275;275;568.576;568.287;50;275.402;;;3393.3;1;1
1927;0.25;51.4207;28.2;4.48836;40.3877;29;69;298.64;280.194;275;330;275;275;568.576;568.287;50;275.39;;;3392.14;1;1
1928;0.25;51.7245;28.2;4.46065;40.4745;29;66;298.698;280.208;275;330;275;275;568.721;568.432;50;275.378;;;3391.18;1;1
1929;0.25;51.93;28.2;4.53281;40.489;29;60;298.756;280.252;275;330;275;275;568.721;568.432;50;275.358;;;3391.18;1;1
1930;0.25;52.0312;28.2;4.54165;40.5903;29;54;298.741;280.425;275;330;275;275;568.721;568.432;50;275.34;;;3391.18;1;1
1931;0.25;52.0312;28.3;4.87673;40.489;29;57;298.568;280.425;275;330;275;275;568.721;568.432;50;275.319;;;3390.22;1;1
1932;0.25;52.1354;28.3;4.94113;40.1968;29;63;298.539;280.404;275;330;275;275;568.721;568.432;50;275.294;;;3389.26;1;1
1933;0.25;52.0312;28.3;4.85853;40.1852;29.1;63;298.553;280.433;275;330;275;275;568.721;568.287;50;275.272;;;3388.3;1;1
1934;0.25;52.1817;28.3;4.90906;40.1852;29.1;68;298.524;280.433;275;330;275;275;568.576;568.287;50;275.252;;;3387.34;1;1
1935;0.25;52.1383;28.3;4.9414;40.2865;29.1;75;298.466;280.433;275;330;275;275;568.721;568.287;50;275.236;;;3386.39;1;1
1936;0.25;51.8866;28.3;4.91755;40.1534;29.1;77;298.51;280.425;275;330;275;275;568.576;568.287;50;275.234;;;3385.74;1;1
1937;0.25;52.1788;28.3;4.92702;40.1852;29.1;78;298.568;280.433;275;330;275;275;568.721;568.432;50;275.259;;;3385.74;1;1
1938;0.25;52.0312;28.3;4.93126;40.1852;29.1;78;298.741;280.433;275;330;275;275;568.866;568.432;50;275.289;;;3384.78;1;1
1939;0.25;51.9358;28.3;4.92221;39.9797;29.1;87;298.712;280.418;275;330;275;275;568.866;568.432;50;275.303;;;3382.86;1;1
1940;0.25;51.8374;28.3;4.93099;40.1823;29.1;95;298.539;280.433;275;330;275;275;568.866;568.576;50;275.318;;;3382.86;1;1
1941;0.25;51.93;28.3;4.9398;40.3877;29.1;89;298.438;280.527;275;330;275;275;568.721;568.576;50;275.328;;;3381.91;1;1
1942;0.25;52.2338;28.3;4.98695;39.9942;29.1;90;298.539;280.548;275;330;275;275;568.721;568.287;50;275.336;;;3380.95;1;1
1943;0.25;52.4392;28.3;5.02488;40.1215;29.1;91;298.119;280.534;275;330;275;275;568.721;568.432;50;275.344;;;3380.95;1;1
1944;0.25;52.3351;28.3;5.0149;40.0839;29.1;89;298.322;280.548;275;330;275;275;568.866;568.576;50;275.34;;;3379.99;1;1
1945;0.25;52.1933;28.3;5.00132;40.3877;29.1;82;298.235;280.534;275;330;275;275;568.866;568.432;50;275.343;;;3379.37;1;1
1946;0.25;52.2367;28.3;5.02372;40.2865;29.1;78;298.524;280.548;275;330;275;275;568.721;568.432;50;275.349;;;3378.41;1;1
1947;0.25;51.9416;28.4;5.34799;40.2865;29.1;82;298.698;280.548;275;330;275;275;568.721;568.287;50;275.347;;;3378.41;1;1
1948;0.25;52.1152;28.4;5.34766;40.1852;29.1;82;298.727;280.548;275;330;275;275;568.721;568.287;50;275.341;;;3378.41;1;1
1949;0.25;52.1296;28.4;5.36735;39.9826;29.1;77;298.539;280.548;275;330;275;275;568.721;568.287;50;275.336;;;3376.5;1;1
1950;0.25;52.0284;28.4;5.35693;39.9797;29.1;75;298.163;280.534;275;330;275;275;568.721;568.287;50;275.332;;;3375.54;1;1
1951;0.25;52.1181;28.4;5.42081;39.9797;29.1;78;298.119;280.534;275;330;275;275;568.576;568.142;50;275.323;;;3375.54;1;1
1952;0.25;52.066;28.4;5.37901;39.9797;29.1;80;298.119;280.541;275;330;275;275;568.432;568.142;50;275.289;;;3374.59;1;1
1953;0.25;52.3351;28.4;5.4251;40.0839;29.1;75;298.192;280.541;275;330;275;275;568.432;568.142;50;275.256;;;3372.96;1;1
1954;0.25;52.5405;28.4;5.4831;40.2865;29.1;73;298.293;280.541;275;330;275;275;568.432;568.142;50;275.23;;;3372.89;1;1
1955;0.25;52.1296;28.4;5.44022;40.3877;29.1;74;298.322;280.541;275;330;275;275;568.432;568.142;50;275.22;;;3372.89;1;1
1956;0.25;52.2338;28.4;5.45109;40.3877;29.1;78;298.061;280.534;275;330;275;275;568.432;568.142;50;275.218;;;3370.02;1;1
1957;0.25;51.9271;28.4;5.4735;40.2865;29.1;91;297.888;280.541;275;330;275;275;568.432;567.998;50;275.227;;;3369.06;1;1
1958;0.25;52.1354;28.4;5.44083;40.3877;29.1;104;297.801;280.541;275;330;275;275;568.432;568.142;50;275.235;;;3365.21;1;1
1959;0.25;52.4392;28.4;5.50917;40.1447;29.1;110;297.844;280.534;275;330;275;275;568.287;567.853;50;275.243;;;3365.21;1;1
1960;0.25;52.6273;28.4;5.49216;40.1765;29.1;112;297.946;280.541;275;330;275;275;568.142;567.853;50;275.249;;;3364.25;1;1
1961;0.25;52.5434;28.4;5.52011;39.9797;29.1;111;297.946;280.541;275;330;275;275;568.142;567.853;50;275.255;;;3363.3;1;1
1962;0.25;52.6418;28.4;5.53045;39.8785;29.1;111;298.047;280.541;275;330;275;275;568.142;567.853;50;275.262;;;3363.3;1;1
1963;0.25;52.5405;28.4;5.50146;40.0839;29.1;113;298.003;280.512;275;330;275;275;568.142;567.853;50;275.251;;;3362.34;1;1
1964;0.25;52.5781;28.4;5.48703;40.1852;29.1;113;297.917;280.512;275;330;275;275;568.142;567.853;50;275.246;;;3362.34;1;1
1965;0.25;52.7431;28.4;5.55951;40.272;29.1;112;297.83;280.512;275;330;275;275;568.142;567.853;50;275.246;;;3361.39;1;1
1966;0.25;52.3351;28.4;5.49823;40.081;29.1;113;297.83;280.519;275;330;275;275;567.998;567.708;50;275.237;;;3359.48;1;1
1967;0.25;52.1325;28.4;5.51337;40.2894;29.1;115;298.77;280.512;275;330;275;275;567.998;567.708;50;275.222;;;3359.48;1;1
1968;0.25;52.4392;28.4;5.52749;40.3704;29.1;110;298.235;280.534;275;330;275;275;567.853;567.708;50;275.225;;;3359.48;1;1
1969;0.25;52.3061;28.4;5.49519;40.5903;29.1;101;298.351;280.534;275;330;275;275;567.998;567.708;50;275.241;;;3359.48;1;1
1970;0.25;52.0312;28.4;5.50266;40.2836;29.1;98;298.322;280.541;275;330;275;275;567.998;567.708;50;275.26;;;3359.48;1;1
1971;0.25;52.1991;28.4;5.4657;40.081;29.1;102;298.22;280.541;275;330;275;275;567.853;567.708;50;275.275;;;3355.66;1;1
1972;0.25;52.3553;28.4;5.57354;39.8785;29.1;104;298.64;280.519;275;330;275;275;567.853;567.564;50;275.29;;;3354.71;1;1
1973;0.25;52.1817;28.4;5.55506;39.8611;29.1;103;298.828;280.512;275;330;275;275;567.708;567.419;50;275.32;;;3353.75;1;1
1974;0.25;52.2917;28.5;5.86696;40.0839;29.2;96;298.843;280.534;275;330;275;275;567.708;567.564;50;275.37;;;3353.75;1;1
1975;0.25;52.037;28.5;5.85657;40.3877;29.2;84;299.031;280.512;275;330;275;275;567.708;567.419;50;275.427;;;3352.8;1;1
1976;0.25;52.1354;28.5;5.88588;40.3848;29.2;80;299.103;280.512;275;330;275;275;567.708;567.419;50;275.487;;;3352.8;1;1
1977;0.25;52.0312;28.5;5.8923;40.5932;29.2;68;299.045;280.512;275;330;275;275;567.564;567.274;50;275.536;;;3352.8;1;1
1978;0.25;52.2338;28.5;5.95173;40.6916;29.2;60;298.944;280.512;275;330;275;275;567.419;567.274;50;275.56;;;3351.84;1;1
1979;0.25;52.5058;28.5;5.96438;40.3877;29.2;54;299.624;280.512;275;330;275;275;567.564;567.13;50;275.567;;;3351.84;1;1
1980;0.25;52.5405;28.5;5.96832;40.3877;29.2;43;299.609;280.512;275;330;275;275;567.419;567.274;50;275.565;;;3349.94;1;1
1981;0.25;52.3351;28.5;5.94499;40.3877;29.2;30;299.667;280.512;275;330;275;275;567.419;567.13;50;275.552;;;3349.94;1;1
1982;0.25;52.1586;28.5;5.9796;40.3877;29.2;0;299.754;280.512;275;330;275;275;567.419;567.13;50;275.501;;;3348.98;1;1
1983;0.25;52.2367;28.5;5.93381;40.3877;29.2;0;299.06;280.512;275;330;275;275;567.419;567.13;50;275.472;;;3348.03;1;1
1984;0.25;52.2338;28.5;5.95173;40.3125;29.2;0;299.117;280.519;275;330;275;275;567.419;567.274;50;275.424;;;3347.08;1;1
1985;0.25;51.9329;28.5;5.93558;40.2807;29.2;0;299.045;280.512;275;330;275;275;567.564;567.274;50;275.373;;;3346.12;1;1
1986;0.25;52.0312;28.5;5.965;40.0868;29.2;1;298.958;280.512;275;330;275;275;567.564;567.274;50;275.338;;;3345.17;1;1
1987;0.25;51.8229;28.5;5.90491;39.9826;29.2;5;298.872;280.519;275;330;275;275;567.419;567.274;50;275.306;;;3344.22;1;1
1988;0.25;52.0312;28.5;5.92865;39.9826;29.2;8;298.611;280.519;275;330;275;275;567.419;567.274;50;275.271;;;3342.31;1;1
1989;0.25;52.2338;28.5;5.91524;40.1852;29.2;14;298.655;280.519;275;330;275;275;567.419;567.274;50;275.251;;;3342.31;1;1
1990;0.25;52.3466;28.5;5.96459;39.9826;29.2;31;298.741;280.519;275;330;275;275;567.419;567.13;50;275.232;;;3342.31;1;1
1991;0.25;52.0312;28.5;5.92865;39.8785;29.2;43;298.076;280.527;275;330;275;275;567.419;567.13;50;275.214;;;3342.31;1;1
1992;0.25;52.4392;28.5;6.01178;40.2894;29.2;52;298.09;280.519;275;330;275;275;567.274;566.985;50;275.201;;;3340.8;1;1
1993;0.25;52.6013;28.5;6.03035;40.6916;29.2;67;297.7;280.519;275;330;275;275;567.274;566.985;50;275.189;;;3340.8;1;1
1994;0.25;52.4392;28.5;6.01178;40.3877;29.2;84;297.729;280.519;275;330;275;275;567.13;566.985;50;275.182;;;3339.84;1;1
1995;0.25;52.3524;28.5;6.0384;40.2836;29.2;104;296.861;280.519;275;330;275;275;567.13;566.985;50;275.173;"KHP102      ";;3338.89;1;1
1996;0.25;52.2338;28.5;5.98822;40.3877;29.2;127;296.774;280.527;275;330;275;275;567.274;566.84;50;275.161;;;3336.99;1;1
1997;0.25;52.4392;28.5;6.01178;40.1505;29.2;135;296.672;280.519;275;330;275;275;567.13;566.985;50;275.154;;;3336.99;1;1
1998;0.25;52.6447;28.5;6.03533;40.0868;29.2;141;296.644;280.527;275;330;275;275;567.274;566.84;50;275.143;;;3336.61;1;1
1999;0.25;52.7431;28.5;6.06503;40.3877;29.2;147;296.716;280.527;275;330;275;275;566.985;566.84;50;275.123;;;3336.61;1;1
2000;0.25;52.8472;28.5;6.11393;40.4919;29.2;152;296.745;280.527;275;330;275;275;566.985;566.696;50;275.092;;;3334.7;1;1
2001;0.25;52.8443;28.5;6.05822;40.3877;29.1;153;296.484;280.519;275;330;275;275;566.985;566.84;50;275.061;;;3333.75;1;1
2002;0.25;52.4392;28.5;6.04841;40.3877;29.1;165;296.398;280.519;275;330;275;275;566.985;566.696;50;275.032;;;3331.85;1;1
2003;0.25;52.0341;28.5;6.01987;40.4919;29.1;174;296.354;280.556;275;330;275;275;566.985;566.551;50;275.005;;;3329.26;1;1
2004;0.25;52.0312;28.5;5.98318;40.3877;29.1;180;296.398;280.556;275;330;275;275;566.985;566.696;50;274.981;;;3329.26;1;1
2005;0.25;52.1325;28.5;5.97661;40.2865;29.1;188;296.832;280.527;275;330;275;275;566.985;566.696;50;274.963;;;3327.36;1;1
2006;0.25;52.2338;28.5;6.02472;40.1649;29.1;194;297.005;280.519;275;330;275;275;566.985;566.84;50;274.953;;;3326.4;1;1
2007;0.25;52.1325;28.5;6.01304;40.2865;29.1;189;297.034;280.527;275;330;275;275;566.985;566.84;50;274.948;;;3326.4;1;1
2008;0.25;52.4392;28.5;6.08508;40.1707;29.1;186;297.627;280.556;275;330;275;275;566.985;566.84;50;274.943;;;3326.4;1;1
2009;0.25;52.2338;28.5;6.04297;39.9797;29.2;193;297.526;280.556;275;330;275;275;566.985;566.84;50;274.946;;;3326.4;1;1
2010;0.25;52.2454;28.5;6.02605;40.1852;29.2;196;297.888;280.519;275;330;275;275;566.696;566.696;50;274.958;;;3325.45;1;1
2011;0.25;52.3351;28.5;5.99984;40.2865;29.2;178;298.409;280.519;275;330;275;275;566.84;566.551;50;274.977;;;3324.5;1;1
2012;0.25;52.4913;28.5;6.10946;40.1852;29.2;172;298.452;280.556;275;330;275;275;566.84;566.551;50;275.001;;;3323.55;1;1
2013;0.25;52.2338;28.5;6.04297;40.2604;29.2;166;298.944;280.556;275;330;275;275;566.696;566.551;50;275.036;;;3319.75;1;1
2014;0.25;52.5405;28.5;6.0601;40.1852;29.2;159;299.638;280.556;275;330;275;275;566.551;566.406;50;275.069;;;3318.8;1;1
2015;0.25;52.4392;28.5;6.01178;40.1852;29.2;148;299.696;280.519;275;330;275;275;566.551;566.262;50;275.107;;;3318.8;1;1
2016;0.25;51.93;28.5;6.02598;40.1823;29.3;126;300.174;280.519;275;330;275;275;566.551;566.262;50;275.148;;;3318.8;1;1
2017;0.25;52.2338;28.6;6.39763;40.2865;29.3;123;300.622;280.556;275;330;275;275;566.696;566.406;50;275.186;;;3318.8;1;1
2018;0.25;52.4392;28.6;6.38613;40.2865;29.3;105;300.579;280.556;275;330;275;275;566.696;566.406;50;275.199;;;3318.8;1;1
2019;0.25;52.5405;28.6;6.41681;40.1852;29.3;86;300.911;280.519;275;330;275;275;566.551;566.262;50;275.202;;;3318.63;1;1
2020;0.25;52.4392;28.6;6.44111;40.081;29.3;75;300.897;280.519;275;330;275;275;566.551;566.262;50;275.205;;;3318.63;1;1
2021;0.25;52.0312;28.6;6.35462;40.0839;29.3;58;301.678;280.556;275;330;275;275;566.551;566.406;50;275.197;;;3318.63;1;1
2022;0.25;52.1615;28.6;6.37052;40.0839;29.3;52;301.751;280.556;275;330;275;275;566.406;566.117;50;275.194;;;3316.65;1;1
2023;0.25;52.1325;28.6;6.40343;39.8785;29.4;36;301.794;280.556;275;330;275;275;566.406;565.972;50;275.174;"KHP102      ";;3314.75;1;1
2024;0.25;52.2338;28.6;6.36111;39.8785;29.4;28;302.17;280.519;275;330;275;275;566.262;566.117;50;275.154;;;3314.75;1;1
2025;0.25;52.1325;28.7;6.70272;39.9826;29.4;24;302.069;280.519;275;330;275;275;566.262;565.972;50;275.127;;;3312.85;1;1
2026;0.25;52.1325;28.7;6.68451;40.1852;29.4;17;301.982;280.556;275;330;275;275;566.262;565.972;50;275.101;;;3311.95;1;1
2027;0.25;52.338;28.7;6.71085;40.0839;29.4;13;301.953;280.556;275;330;275;275;566.262;565.972;50;275.079;;;3311.95;1;1
2028;0.25;51.93;28.7;6.67668;39.8785;29.4;11;302.054;280.519;275;330;275;275;566.262;565.972;50;275.058;;;3311.81;1;1
2029;0.25;51.7274;28.7;6.6145;39.8785;29.4;12;302.185;280.519;275;330;275;275;566.406;566.117;50;275.041;;;3311.81;1;1
2030;0.25;52.0312;28.7;6.67152;39.8322;29.4;13;302.228;280.556;275;330;275;275;566.262;565.972;50;275.035;;;3310.86;1;1
2031;0.25;52.555;28.7;6.73868;39.7801;29.4;13;301.736;280.548;275;330;275;275;566.262;565.828;50;275.024;;;3309.92;1;1
2032;0.25;52.5434;28.7;6.73719;39.8785;29.4;17;301.548;280.548;275;330;275;275;566.117;565.972;50;275.014;;;3308.02;1;1
2033;0.25;52.5405;28.8;7.09353;39.9826;29.4;29;301.577;280.519;275;330;275;275;566.117;565.828;50;275.012;;;3308.02;1;1
2034;0.25;52.2338;28.8;7.05212;39.8785;29.4;43;300.883;280.512;275;330;275;275;566.117;565.828;50;275.011;;;3308.02;1;1
2035;0.25;52.1557;28.8;7.00513;39.7772;29.4;43;301.042;280.548;275;330;275;275;566.262;565.972;50;275.01;;;3307.07;1;1
2036;0.25;52.3351;28.8;7.06579;40.0839;29.4;56;300.767;280.563;275;330;275;275;566.262;566.117;50;275.014;;;3305.62;1;1
2037;0.25;52.5145;28.8;7.09001;40.2865;29.4;61;300.854;280.512;275;330;275;275;566.406;566.117;50;275.024;"KHP102      ";;3304.03;1;1
2038;0.25;52.3351;28.8;7.0841;40.2836;29.4;70;300.13;280.512;275;330;275;275;566.406;566.117;50;275.032;;;3303.08;1;1
2039;0.25;52.1296;28.8;6.98343;40.1852;29.4;78;300.029;280.563;275;330;275;275;566.406;566.117;50;275.04;;;3300.89;1;1
2040;0.25;52.1412;28.8;7.07608;40.1852;29.4;87;299.957;280.563;275;330;275;275;566.406;566.262;50;275.046;;;3299.94;1;1
2041;0.25;52.3351;28.8;7.04751;40.081;29.4;96;299.334;280.548;275;330;275;275;566.406;566.117;50;275.056;;;3299.94;1;1
2042;0.25;52.5405;28.8;7.11191;40.081;29.4;106;299.291;280.534;275;330;275;275;566.406;565.972;50;275.07;;;3298.99;1;1
2043;0.25;52.5376;28.8;7.03808;39.9797;29.3;108;298.973;280.534;275;330;275;275;566.262;565.972;50;275.073;;;3297.1;1;1
2044;0.25;52.338;28.8;7.01133;40.0839;29.3;106;299.089;280.548;275;330;275;275;566.262;565.972;50;275.084;;;3294.26;1;1
2045;0.25;51.8287;28.8;6.99743;40.1852;29.3;113;299.117;280.548;275;330;275;275;566.117;565.828;50;275.097;;;3294.26;1;1
2046;0.25;51.9329;28.8;6.97521;40.0839;29.3;117;299.031;280.534;275;330;275;275;566.117;565.828;50;275.115;;;3294.26;1;1
2047;0.25;52.338;28.8;7.0479;40.1447;29.3;113;298.9;280.534;275;330;275;275;565.972;565.683;50;275.138;;;3292.36;1;1
2048;0.25;52.1325;28.8;7.02024;40.1852;29.3;115;298.828;280.541;275;330;275;275;565.972;565.683;50;275.17;;;3291.42;1;1
2049;0.25;52.4392;28.8;7.0249;40.0839;29.3;112;298.944;280.548;275;330;275;275;565.972;565.828;50;275.206;;;3291.42;1;1
2050;0.25;52.6418;28.8;7.07042;40.2662;29.3;111;298.365;280.541;275;330;275;275;565.972;565.683;50;275.226;;;3291.42;1;1
2051;0.25;52.5434;28.8;7.05721;39.9797;29.3;106;298.394;280.534;275;330;275;275;565.972;565.828;50;275.234;;;3290.47;1;1
2052;0.25;52.5405;28.8;7.05682;39.7772;29.3;106;299.089;280.534;275;330;275;275;565.972;565.683;50;275.23;;;3288.58;1;1
2053;0.25;52.4392;28.8;7.06154;39.9392;29.3;101;298.987;280.541;275;330;275;275;565.828;565.683;50;275.208;;;3288.58;1;1
2054;0.25;52.4392;28.8;7.06154;39.7078;29.3;92;298.9;280.541;275;330;275;275;565.828;565.538;50;275.185;;;3288.58;1;1
2055;0.25;52.4392;28.8;7.06154;39.5747;29.3;85;298.828;280.534;275;330;275;275;565.683;565.393;50;275.154;;;3287.63;1;1
2056;0.25;52.4392;28.8;7.04322;39.6557;29.3;84;298.9;280.541;275;330;275;275;565.683;565.393;50;275.135;;;3286.69;1;1
2057;0.25;52.1325;28.8;7.02024;39.7801;29.3;83;299.016;280.541;275;330;275;275;565.538;565.393;50;275.12;;;3285.74;1;1
2058;0.25;52.0312;28.8;6.98842;40.0839;29.3;83;299.103;280.541;275;330;275;275;565.683;565.104;50;275.107;;;3285.74;1;1
2059;0.25;51.8258;28.8;6.92462;40.0839;29.3;86;299.074;280.541;275;330;275;275;565.538;565.104;50;275.094;;;3285.74;1;1
2060;0.25;51.93;28.8;6.95668;40.0839;29.3;87;298.958;280.534;275;330;275;275;565.538;565.249;50;275.085;;;3283.85;1;1
2061;0.25;52.1325;28.8;6.92918;40.081;29.3;87;298.857;280.534;275;330;275;275;565.249;564.959;50;275.075;;;3281.01;1;1
2062;0.25;52.1383;28.8;7.0028;39.9884;29.3;89;298.857;280.541;275;330;275;275;565.249;564.959;50;275.066;;;3281.01;1;1
2063;0.25;52.1325;28.8;7.02024;40.1881;29.3;92;298.973;280.541;275;330;275;275;565.249;564.959;50;275.053;;;3281.01;1;1
2064;0.25;51.9271;28.8;7.01071;40.2865;29.3;91;299.06;280.534;275;330;275;275;565.249;564.959;50;275.028;;;3281.01;1;1
2065;0.25;52.2338;28.8;6.97913;40.081;29.3;97;299.117;280.534;275;330;275;275;565.249;564.959;50;275.004;;;3281.01;1;1
2066;0.25;52.5318;28.8;7.0373;39.9797;29.3;103;299.06;280.541;275;330;275;275;565.249;564.959;50;274.981;;;3281.01;1;1
2067;0.25;52.3351;28.8;7.02923;40.2083;29.4;105;298.958;280.541;275;330;275;275;565.393;565.104;50;274.96;;;3280.07;1;1
2068;0.25;52.0312;28.8;6.97025;40.0839;29.4;110;299.117;280.541;275;330;275;275;565.538;565.249;50;274.947;;;3279.12;1;1
2069;0.25;51.93;28.8;6.9204;39.8785;29.4;110;299.089;280.534;275;330;275;275;565.393;565.104;50;274.945;;;3275.64;1;1
2070;0.25;52.0284;28.8;6.93351;39.6759;29.4;115;299.132;280.541;275;330;275;275;565.393;565.104;50;274.954;;;3274.7;1;1
2071;0.25;52.3409;28.8;6.97515;39.9363;29.4;120;299.146;280.541;275;330;275;275;565.393;564.959;50;274.964;;;3274.7;1;1
2072;0.25;52.4363;28.8;7.02451;40.0781;29.4;116;299.219;280.541;275;330;275;275;565.249;564.959;50;274.969;;;3273.75;1;1
2073;0.25;52.2338;28.8;6.96088;39.9797;29.4;112;299.349;280.534;275;330;275;275;565.393;564.959;50;274.972;;;3272.15;1;1
2074;0.25;52.2338;28.8;6.92439;39.9797;29.4;118;299.392;280.534;275;330;275;275;565.104;564.815;50;274.975;;;3272.15;1;1
2075;0.25;52.4392;28.8;7.00658;39.8785;29.4;126;299.291;280.534;275;330;275;275;565.249;564.959;50;274.978;;;3272.15;1;1
2076;0.25;52.5029;28.8;7.01509;40.081;29.4;125;299.957;280.541;275;330;275;275;565.249;564.959;50;274.988;;;3271.21;1;1
2077;0.25;52.4392;28.8;6.93331;39.8785;29.4;115;299.855;280.541;275;330;275;275;565.249;564.959;50;274.991;;;3270.27;1;1
2078;0.25;52.2338;28.8;6.92439;40.0839;29.4;110;299.913;280.534;275;330;275;275;565.393;565.104;50;274.98;;;3267.43;1;1
2079;0.25;52.4334;28.8;7.00581;40.1852;29.4;107;300.014;280.534;275;330;275;275;565.393;565.104;50;274.959;;;3267.43;1;1
2080;0.25;52.2338;28.8;6.90614;40.4832;29.4;105;300.101;280.216;275;330;275;275;565.393;565.249;50;274.941;;;3266.49;1;1
2081;0.25;52.2512;28.8;6.9632;40.3848;29.4;106;300.116;280.266;275;330;275;275;565.393;565.104;50;274.929;;;3264.6;1;1
2082;0.25;52.4363;28.8;6.95124;40.1823;29.4;105;300.058;280.266;275;330;275;275;565.249;564.959;50;274.927;;;3264.6;1;1
2083;0.25;52.338;28.8;6.90161;39.7135;29.4;105;300.203;280.259;275;330;275;275;565.249;564.959;50;274.919;;;3263.66;1;1
2084;0.25;52.1296;28.8;6.89237;39.6788;29.4;97;300.593;280.201;275;330;275;275;565.249;564.959;50;274.909;;;3263.66;1;1
2085;0.25;52.1586;28.8;6.8962;39.5747;29.4;91;300.579;280.259;275;330;275;275;565.249;564.815;50;274.896;;;3263.46;1;1
2086;0.25;52.2338;28.8;6.90614;39.6759;29.4;101;300.058;280.216;275;330;275;275;565.104;564.815;50;274.885;;;3262.52;1;1
2087;0.25;52.1325;28.8;6.94739;39.7772;29.4;105;300.738;280.223;275;330;275;275;565.104;564.815;50;274.875;;;3262.52;1;1
2088;0.25;52.1094;28.8;6.87146;39.7743;29.4;100;300.825;280.216;275;330;275;275;564.959;564.67;50;274.863;;;3262.52;1;1
2089;0.25;52.338;28.8;6.91992;39.7772;29.4;96;301.114;280.252;275;330;275;275;565.104;564.67;50;274.844;;;3261.98;1;1
2090;0.25;52.2338;28.9;7.16952;39.7772;29.4;105;301.157;280.245;275;330;275;275;565.104;564.67;50;274.818;;;3261.04;1;1
2091;0.25;51.9734;28.9;7.17008;39.9508;29.4;108;301.128;280.23;275;330;275;275;564.959;564.67;50;274.79;;;3256.32;1;1
2092;0.25;51.9416;28.9;7.16569;39.9826;29.4;104;301.027;280.187;275;330;275;275;564.959;564.67;50;274.77;;;3256.32;1;1
2093;0.25;52.1325;28.9;7.21025;40.0839;29.4;106;300.926;280.201;275;330;275;275;564.959;564.815;50;274.762;;;3256.32;1;1
2094;0.25;52.338;28.9;7.16553;40.081;29.4;112;300.883;280.266;275;330;275;275;564.959;564.67;50;274.749;"KHP102      ";;3255.38;1;1
2095;0.25;52.4392;28.9;7.23435;40.2865;29.4;118;300.94;280.216;275;330;275;275;564.815;564.526;50;274.727;;;3254.44;1;1
2096;0.25;52.5405;28.9;7.19326;40.1852;29.4;119;301.143;280.23;275;330;275;275;564.815;564.526;50;274.701;;;3253.49;1;1
2097;0.25;52.3351;28.9;7.16513;40.2865;29.4;124;301.128;280.23;275;330;275;275;564.815;564.526;50;274.678;;;3252.55;1;1
2098;0.25;52.338;28.9;7.14724;39.9797;29.4;131;301.823;280.288;275;330;275;275;564.815;564.526;50;274.658;;;3251.61;1;1
2099;0.25;51.93;28.9;7.07339;39.8785;29.4;135;301.707;280.259;275;330;275;275;564.67;564.381;50;274.64;;;3248.78;1;1
2100;0.25;52.2512;28.9;7.08063;39.8814;29.4;135;301.707;280.266;275;330;275;275;564.67;564.526;50;274.627;;;3247.84;1;1
2101;0.25;52.1325;28.9;7.11919;40.1852;29.4;138;301.678;280.216;275;330;275;275;564.67;564.381;50;274.6;;;3247.84;1;1
2102;0.25;52.283;28.9;7.08495;40.2865;29.4;146;301.693;280.281;275;330;275;275;564.526;564.381;50;274.556;;;3247.84;1;1
2103;0.25;52.2338;28.9;7.07828;40.2865;29.4;145;301.794;280.281;275;330;275;275;564.526;564.381;50;274.52;;;3245.96;1;1
2104;0.25;52.2309;28.9;7.05962;40.2865;29.4;143;302.112;280.288;275;330;275;275;564.526;564.236;50;274.478;;;3245.96;1;1
2105;0.25;52.1325;28.9;7.02811;40.1823;29.4;143;302.214;280.216;275;330;275;275;564.526;564.236;50;274.438;;;3245.96;1;1
2106;0.25;52.1296;28.9;6.99129;40.081;29.4;144;301.997;280.216;275;330;275;275;564.381;564.091;50;274.401;;;3245.02;1;1
2107;0.25;52.0312;28.9;6.92357;40.0839;29.4;152;301.997;280.259;275;330;275;275;564.526;564.091;50;274.376;;;3243.14;1;1
2108;0.25;51.9155;28.9;6.98071;40.0318;29.4;162;302.112;280.23;275;330;275;275;564.526;564.236;50;274.369;;;3240.31;1;1
2109;0.25;52.1325;28.9;6.93705;40.2836;29.4;168;302.17;280.23;275;330;275;275;564.381;564.091;50;274.373;;;3240.31;1;1
2110;0.25;52.0312;28.9;6.92357;40.3617;29.4;170;302.214;280.223;275;330;275;275;564.381;564.091;50;274.386;;;3239.37;1;1
2111;0.25;52.1412;28.9;6.9382;40.1852;29.4;179;303.125;280.223;275;330;275;275;564.526;564.091;50;274.412;;;3239.37;1;1
2112;0.25;52.4392;28.9;6.97786;40.1852;29.4;176;303.212;280.216;275;330;275;275;564.381;564.091;50;274.448;;;3238.43;1;1
2113;0.25;52.4971;28.9;6.96722;39.9797;29.4;167;303.154;280.194;275;330;275;275;564.381;564.091;50;274.462;;;3237.02;1;1
2114;0.25;52.3756;29;7.21518;39.8785;29.4;164;303.27;280.187;275;330;275;275;564.381;564.091;50;274.46;"KHP102      ";;3236.08;1;1
2115;0.25;52.4392;29;7.24227;39.9797;29.4;162;303.226;280.194;275;330;275;275;564.381;564.091;50;274.472;;;3236.08;1;1
2116;0.25;52.0428;29;7.24209;40.1823;29.5;161;303.921;280.541;275;330;275;275;564.236;564.236;50;274.484;;;3236.08;1;1
2117;0.25;52.2338;29;7.1774;39.8785;29.5;158;304.008;280.541;275;330;275;275;564.381;564.091;50;274.486;;;3236.08;1;1
2118;0.25;52.5203;29;7.25346;40.1852;29.5;146;304.152;280.541;275;330;275;275;564.381;564.236;50;274.487;;;3236.08;1;1
2119;0.25;52.6505;29;7.21626;40.1852;29.5;133;305.035;280.563;275;330;275;275;564.381;564.236;50;274.481;;;3235.14;1;1
2120;0.25;52.6418;29;7.21507;39.9769;29.5;113;304.456;280.541;275;330;275;275;564.381;564.091;50;274.465;;;3233.26;1;1
2121;0.25;52.4363;29;7.1686;39.7772;29.5;111;305.093;280.534;275;330;275;275;564.236;564.091;50;274.461;;;3233.26;1;1
2122;0.25;52.4392;29;7.16899;39.7801;29.5;116;305.049;280.534;275;330;275;275;564.236;563.947;50;274.469;;;3231.78;1;1
2123;0.25;52.1325;29;7.14527;39.7772;29.5;108;304.977;280.534;275;330;275;275;564.236;563.947;50;274.483;;;3231.78;1;1
2124;0.25;52.2338;29;7.10441;39.7425;29.5;99;305.454;280.534;275;330;275;275;564.236;563.947;50;274.496;;;3231.78;1;1
2125;0.25;52.338;29;7.04542;39.9653;29.5;97;305.498;280.534;275;330;275;275;564.236;563.947;50;274.497;;;3229.51;1;1
2126;0.25;52.5405;29;7.09104;40.0203;29.5;88;305.541;280.534;275;330;275;275;564.236;563.947;50;274.494;;;3229.51;1;1
2127;0.25;52.5405;29.1;7.39269;39.9624;29.5;84;305.599;280.534;275;330;275;275;564.236;563.947;50;274.49;;;3229.51;1;1
2128;0.25;52.2338;29.1;7.38603;40.2025;29.5;79;305.527;280.534;275;330;275;275;564.236;563.947;50;274.48;;;3227.63;1;1
2129;0.25;52.2888;29.1;7.35727;40.1852;29.5;75;305.498;280.534;275;330;275;275;564.091;563.802;50;274.468;;;3225.75;1;1
2130;0.25;52.3698;29.1;7.35038;40.0868;29.5;74;305.975;280.534;275;330;275;275;564.091;563.802;50;274.454;;;3224.81;1;1
2131;0.25;52.338;29.1;7.36419;40.0839;29.5;69;305.961;280.534;275;330;275;275;564.091;563.802;50;274.459;;;3224.81;1;1
2132;0.25;52.5405;29.1;7.31928;40.2865;29.5;65;305.425;280.534;275;330;275;275;563.947;563.802;50;274.488;;;3224.81;1;1
2133;0.25;52.5955;29.1;7.36368;40.1852;29.5;66;305.584;280.534;275;330;275;275;563.947;563.657;50;274.523;;;3224.81;1;1
2134;0.25;52.5405;29.1;7.35598;40.1852;29.5;72;305.642;280.534;275;330;275;275;563.947;563.513;50;274.555;;;3224.81;1;1
2135;0.25;52.908;29.1;7.38895;40.2025;29.5;72;305.686;280.534;275;330;275;275;563.947;563.657;50;274.567;;;3224.81;1;1
2136;0.25;52.5781;29.1;7.36125;40.0666;29.5;70;305.642;280.534;275;330;275;275;563.947;563.657;50;274.566;;;3223.87;1;1
2137;0.25;52.4624;29.1;7.34505;39.9826;29.5;74;305.57;280.527;275;330;275;275;563.947;563.657;50;274.558;;;3222.94;1;1
2138;0.25;52.5405;29.1;7.33763;39.8785;29.5;77;305.093;280.534;275;330;275;275;563.947;563.657;50;274.552;;;3221.06;1;1
2139;0.25;52.5405;29.1;7.28254;39.6759;29.5;70;304.991;280.527;275;330;275;275;563.947;563.657;50;274.536;;;3220.12;1;1
2140;0.25;52.6389;29.1;7.27779;39.8814;29.5;69;305.107;280.527;275;330;275;275;564.091;563.802;50;274.535;;;3220.12;1;1
2141;0.25;52.8328;29.1;7.32305;39.9797;29.5;75;305.237;280.527;275;330;275;275;564.091;563.802;50;274.528;;;3219.18;1;1
2142;0.25;52.6418;29.1;7.27819;40.081;29.5;77;304.745;280.527;275;330;275;275;564.091;563.802;50;274.513;;;3219.18;1;1
2143;0.25;52.338;29.1;7.23618;40.0579;29.5;78;304.688;280.527;275;330;275;275;564.091;563.802;50;274.501;;;3218.24;1;1
2144;0.25;52.2714;29.1;7.19046;40.0839;29.5;85;304.76;280.527;275;330;275;275;564.091;563.802;50;274.494;;;3218.24;1;1
2145;0.25;52.1325;29.1;7.18957;40.2778;29.4;91;303.964;280.527;275;330;275;275;564.091;563.802;50;274.5;;;3217.31;1;1
2146;0.25;52.2367;29.1;7.16744;40.2865;29.4;99;304.008;280.527;275;330;275;275;564.091;563.657;50;274.512;;;3214.49;1;1
2147;0.25;52.1325;29.1;7.15314;40.2865;29.4;105;304.123;280.527;275;330;275;275;563.947;563.802;50;274.527;;;3213.55;1;1
2148;0.25;52.0312;29.1;7.1756;40.0839;29.4;113;303.805;280.527;275;330;275;275;563.947;563.657;50;274.544;;;3212.62;1;1
2149;0.25;52.1325;29.1;7.15314;39.8785;29.4;116;303.819;280.527;275;330;275;275;563.802;563.657;50;274.562;;;3209.8;1;1
2150;0.25;52.2338;29.1;7.14879;39.8785;29.4;119;303.733;280.91;275;330;275;275;563.802;563.513;50;274.585;;;3209.8;1;1
2151;0.25;52.4392;29.1;7.12195;40.0839;29.4;121;303.646;280.924;275;330;275;275;563.657;563.513;50;274.624;;;3209.16;1;1
2152;0.25;52.4392;29.1;7.14027;40.0955;29.4;120;303.559;280.924;275;330;275;275;563.657;563.368;50;274.666;;;3209.16;1;1
2153;0.25;52.0312;29.1;7.13925;40.1244;29.4;119;303.53;280.91;275;330;275;275;563.513;563.368;50;274.699;;;3208.22;1;1
2154;0.25;52.1354;29.1;7.11711;40.298;29.4;115;303.067;280.917;275;330;275;275;563.657;563.223;50;274.722;;;3208.22;1;1
2155;0.25;52.1325;29.1;7.0803;40.1852;29.4;114;303.168;280.527;275;330;275;275;563.513;563.368;50;274.742;;;3206.35;1;1
2156;0.25;51.8663;29.1;7.026;39.9942;29.4;112;303.183;280.932;275;330;275;275;563.513;563.223;50;274.76;;;3206.35;1;1
2157;0.25;51.93;29.1;7.01648;40.081;29.4;104;303.082;280.932;275;330;275;275;563.513;563.368;50;274.763;;;3205.41;1;1
2158;0.25;52.4855;29.1;7.03654;40.081;29.4;99;302.966;280.917;275;330;275;275;563.513;563.223;50;274.747;;;3203.54;1;1
2159;0.25;52.6418;29.1;7.13104;40.3067;29.4;97;302.951;280.917;275;330;275;275;563.657;563.223;50;274.73;;;3202.42;1;1
2160;0.25;52.4103;29.1;7.09969;40.3877;29.3;94;303.111;280.939;275;330;275;275;563.513;563.223;50;274.715;;;3201.48;1;1
2161;0.25;52.5434;29.1;7.06265;40.3877;29.3;88;303.212;280.939;275;330;275;275;563.657;563.368;50;274.709;;;3201.48;1;1
2162;0.25;52.4363;29.1;7.06658;40.2199;29.3;87;303.168;280.917;275;330;275;275;563.513;563.368;50;274.73;;;3201.48;1;1
2163;0.25;52.6418;29.1;7.05749;40.162;29.3;87;303.067;280.917;275;330;275;275;563.513;563.223;50;274.759;;;3200.55;1;1
2164;0.25;52.2338;29.1;7.00279;40.1852;29.4;84;302.951;280.917;275;330;275;275;563.368;563.223;50;274.77;;;3200.55;1;1
2165;0.25;52.1325;29.1;6.971;40.081;29.3;83;302.937;280.932;275;330;275;275;563.513;563.079;50;274.781;;;3199.61;1;1
2166;0.25;52.1325;29.1;7.02563;40.0839;29.3;83;303.024;280.939;275;330;275;275;563.223;563.079;50;274.803;;;3198.06;1;1
2167;0.25;52.1325;29.1;7.00742;40.1852;29.3;81;303.154;280.917;275;330;275;275;563.223;562.934;50;274.817;;;3195.29;1;1
2168;0.25;52.0052;29.1;6.93581;39.9971;29.3;80;303.212;280.917;275;330;275;275;563.079;562.645;50;274.845;;;3193.42;1;1
2169;0.25;52.4421;29.1;6.95744;40.081;29.3;79;303.125;280.932;275;330;275;275;562.934;562.645;50;274.867;;;3193.42;1;1
2170;0.25;52.7459;29.1;7.0346;40.2025;29.3;75;302.561;280.939;275;330;275;275;562.934;562.645;50;274.87;;;3193.42;1;1
2171;0.25;52.6562;29.1;7.02263;40.2865;29.3;71;302.459;280.917;275;330;275;275;563.079;562.645;50;274.86;"KHP102      ";;3193.42;1;1
2172;0.25;52.6418;29.1;7.00232;40.489;29.3;70;302.459;280.917;275;330;275;275;563.079;562.789;50;274.842;;;3193.42;1;1
2173;0.25;52.4624;29.1;6.97845;40.489;29.3;73;302.503;280.534;275;330;275;275;563.079;562.789;50;274.826;;;3193.42;1;1
2174;0.25;52.4392;29.1;6.93871;40.3154;29.3;74;302.575;280.534;275;330;275;275;562.934;562.789;50;274.812;;;3192.48;1;1
2175;0.25;52.338;29.1;6.94362;40.2865;29.3;72;302.619;280.534;275;330;275;275;563.223;562.789;50;274.799;;;3191.55;1;1
2176;0.25;52.4421;29.1;6.92077;40.1852;29.3;74;302.257;280.534;275;330;275;275;563.368;562.934;50;274.783;;;3190.62;1;1
2177;0.25;52.6418;29;6.55294;40.2865;29.3;76;302.04;280.527;275;330;275;275;563.223;562.934;50;274.76;;;3190.62;1;1
2178;0.25;52.4566;29;6.60319;40.3877;29.3;77;301.953;280.527;275;330;275;275;563.223;562.789;50;274.736;;;3190.62;1;1
2179;0.25;52.3351;29;6.55132;40.3877;29.3;85;301.91;280.534;275;330;275;275;563.223;562.934;50;274.706;;;3189.91;1;1
2180;0.25;52.2338;29;6.53864;40.489;29.3;92;301.982;280.534;275;330;275;275;563.368;562.934;50;274.684;;;3188.98;1;1
2181;0.25;52.3322;29;6.53268;40.3877;29.3;99;302.127;280.534;275;330;275;275;563.368;562.934;50;274.664;;;3188.98;1;1
2182;0.25;52.2338;29;6.53864;40.3877;29.3;104;301.534;280.534;275;330;275;275;563.368;562.934;50;274.645;;;3187.73;1;1
2183;0.25;52.4392;29;6.5094;40.2517;29.3;108;301.49;280.534;275;330;275;275;563.368;562.934;50;274.64;;;3185.84;1;1
2184;0.25;52.4392;29;6.54604;40.1852;29.3;125;301.389;280.534;275;330;275;275;563.368;563.079;50;274.669;;;3183.04;1;1
2185;0.25;52.7431;29;6.52869;40.081;29.3;138;301.273;280.534;275;330;275;275;563.223;563.079;50;274.682;;;3183.04;1;1
2186;0.25;52.7431;29;6.52869;40.0839;29.3;136;301.172;280.534;275;330;275;275;563.223;562.934;50;274.667;;;3180.24;1;1
2187;0.25;52.4392;29;6.52772;40.0231;29.3;135;301.172;280.534;275;330;275;275;563.223;562.934;50;274.629;;;3177.39;1;1
2188;0.25;52.1325;29;6.50776;39.7772;29.3;142;300.969;280.534;275;330;275;275;563.368;563.079;50;274.605;;;3177.39;1;1
2189;0.25;52.0312;29;6.40423;39.8785;29.3;143;301.085;280.534;275;330;275;275;563.368;563.079;50;274.595;;;3176.45;1;1
2190;0.25;52.3611;29;6.48142;39.8785;29.3;159;301.172;280.534;275;330;275;275;563.368;563.079;50;274.595;;;3176.45;1;1
2191;0.25;52.4248;29;6.54424;40.1881;29.3;165;301.866;280.563;275;330;275;275;563.368;562.934;50;274.595;;;3175.52;1;1
2192;0.25;52.3987;29;6.44946;40.1852;29.2;167;301.302;280.534;275;330;275;275;563.223;562.934;50;274.595;;;3175.52;1;1
2193;0.25;52.338;29;6.47855;40.081;29.2;161;301.244;280.534;275;330;275;275;563.079;562.789;50;274.607;;;3174.59;1;1
2194;0.25;52.3553;29;6.49899;40.081;29.2;159;301.693;280.519;275;330;275;275;563.079;562.934;50;274.617;;;3174.59;1;1
2195;0.25;52.2309;29;6.48354;39.9769;29.2;159;301.707;280.563;275;330;275;275;563.079;562.645;50;274.627;;;3171.85;1;1
2196;0.25;52.3351;29;6.42332;39.8987;29.2;163;301.997;280.563;275;330;275;275;562.934;562.645;50;274.641;;;3169.99;1;1
2197;0.25;52.3351;29;6.45991;39.8958;29.2;168;302.04;280.534;275;330;275;275;562.934;562.645;50;274.655;;;3169.99;1;1
2198;0.25;51.93;29;6.3736;40.0839;29.2;156;302.199;280.527;275;330;275;275;562.934;562.645;50;274.669;;;3169.99;1;1
2199;0.25;51.93;29;6.40991;40.2836;29.2;149;302.807;280.556;275;330;275;275;562.934;562.645;50;274.682;;;3169.99;1;1
2200;0.25;52.2396;29;6.3751;40.0839;29.2;145;302.72;280.556;275;330;275;275;562.934;562.645;50;274.68;;;3169.05;1;1
2201;0.25;52.2367;29;6.3565;39.919;29.2;141;302.59;280.556;275;330;275;275;562.789;562.645;50;274.675;;;3168.12;1;1
2202;0.25;52.3351;29;6.38675;39.7772;29.2;139;302.922;280.527;275;330;275;275;562.934;562.645;50;274.686;;;3168.12;1;1
2203;0.25;52.5405;29;6.50362;39.7772;29.3;123;302.995;280.527;275;330;275;275;562.789;562.645;50;274.711;;;3166.03;1;1
2204;0.25;52.5405;29;6.39347;39.8785;29.3;114;303.819;280.556;275;330;275;275;562.789;562.5;50;274.733;;;3165.1;1;1
2205;0.25;52.9485;29;6.46161;40.0608;29.3;111;303.906;280.556;275;330;275;275;562.789;562.355;50;274.755;;;3164.17;1;1
2206;0.25;52.7431;29;6.45497;40.0521;29.3;104;303.848;280.527;275;330;275;275;562.645;562.355;50;274.774;;;3163.23;1;1
2207;0.25;52.4392;29;6.4361;40.1852;29.3;94;303.747;280.527;275;330;275;275;562.645;562.355;50;274.788;;;3163.23;1;1
2208;0.25;52.4392;29;6.38115;40.1852;29.3;82;304.008;280.527;275;330;275;275;562.789;562.355;50;274.792;;;3162.3;1;1
2209;0.25;52.7431;29;6.43654;40.0781;29.3;72;303.964;280.556;275;330;275;275;562.645;562.355;50;274.788;;;3161.37;1;1
2210;0.25;52.9485;29;6.46161;39.9624;29.3;61;304.065;280.556;275;330;275;275;562.645;562.355;50;274.789;;;3161.26;1;1
2211;0.25;52.3003;29;6.3277;39.8785;29.3;58;304.181;280.527;275;330;275;275;562.645;562.355;50;274.79;;;3161.26;1;1
2212;0.25;51.93;29;6.28289;39.9797;29.3;58;304.239;280.519;275;330;275;275;562.645;562.355;50;274.791;;;3161.26;1;1
2213;0.25;51.8258;29;6.27029;39.9797;29.3;54;304.152;280.556;275;330;275;275;562.5;562.211;50;274.791;;;3159.4;1;1
2214;0.25;51.8287;29;6.19819;39.9797;29.3;51;304.036;280.556;275;330;275;275;562.645;562.211;50;274.798;;;3158.54;1;1
2215;0.25;52.0284;29;6.33115;40.3906;29.3;52;303.964;280.519;275;330;275;275;562.645;562.355;50;274.81;;;3158.54;1;1
2216;0.25;52.0312;29;6.24062;40.489;29.3;52;304.022;280.527;275;330;275;275;562.645;562.355;50;274.83;;;3158.54;1;1
2217;0.25;52.2309;29;6.3193;40.3877;29.3;49;304.152;280.556;275;330;275;275;562.789;562.5;50;274.85;;;3153.88;1;1
2218;0.25;52.5405;29;6.28332;40.272;29.3;45;304.239;280.556;275;330;275;275;562.789;562.355;50;274.867;;;3153.88;1;1
2219;0.25;52.4392;29;6.27121;39.9826;29.3;45;304.196;280.556;275;330;275;275;562.645;562.355;50;274.882;;;3153.88;1;1
2220;0.25;51.93;29;6.22847;39.8785;29.3;45;303.805;280.519;275;330;275;275;562.645;562.355;50;274.901;;;3153.88;1;1
2221;0.25;51.6233;29;6.20972;40.081;29.3;40;303.733;280.519;275;330;275;275;562.645;562.211;50;274.905;;;3152.95;1;1
2222;0.25;52.0312;29;6.24062;40.1013;29.3;49;303.689;280.556;275;330;275;275;562.645;562.355;50;274.9;;;3152.02;1;1
2223;0.25;52.1528;29;6.23695;39.9797;29.3;52;302.966;280.556;275;330;275;275;562.645;562.211;50;274.891;;;3152.02;1;1
2224;0.25;52.0312;29;6.24062;39.7772;29.2;48;303.082;280.527;275;330;275;275;562.645;562.355;50;274.897;;;3151.09;1;1
2225;0.25;52.1325;29;6.25276;39.5747;29.2;51;302.865;280.519;275;330;275;275;562.645;562.211;50;274.91;;;3146.33;1;1
2226;0.25;52.1325;29;6.25276;39.6759;29.2;52;302.966;280.563;275;330;275;275;562.789;562.355;50;274.932;;;3146.33;1;1
2227;0.25;52.1672;29;6.29338;39.6759;29.2;68;302.937;280.563;275;330;275;275;562.645;562.211;50;274.948;;;3145.88;1;1
2228;0.25;52.2338;29;6.24664;39.8119;29.2;70;302.098;280.563;275;330;275;275;562.5;562.211;50;274.965;;;3145.88;1;1
2229;0.25;52.364;29;6.24392;39.8785;29.2;61;302.011;280.512;275;330;275;275;562.5;562.211;50;274.99;;;3145.88;1;1
2230;0.25;52.4392;29;6.21625;39.9797;29.2;69;301.635;280.512;275;330;275;275;562.355;562.066;50;275.018;;;3145.88;1;1
2231;0.25;52.2338;29;6.17365;40.1852;29.2;72;301.649;280.563;275;330;275;275;562.211;561.921;50;275.037;;;3145.88;1;1
2232;0.25;52.0312;29;6.16789;40.1273;29.2;72;300.955;280.563;275;330;275;275;562.211;561.921;50;275.047;;;3145.88;1;1
2233;0.25;52.1325;29;6.16168;39.9797;29.2;72;301.157;280.534;275;330;275;275;562.211;562.066;50;275.068;;;3143.09;1;1
2234;0.25;52.4392;29;6.19793;40.081;29.2;81;301.114;280.534;275;330;275;275;562.355;562.066;50;275.087;;;3141.23;1;1
2235;0.25;52.0312;28.9;5.79645;40.1534;29.1;80;300.246;280.541;275;330;275;275;562.355;562.066;50;275.096;;;3139.37;1;1
2236;0.25;52.1123;28.9;5.86009;40.1852;29.1;80;300.188;280.541;275;330;275;275;562.5;562.211;50;275.141;;;3139.37;1;1
2237;0.25;51.8287;28.9;5.79199;39.9797;29.1;79;300.101;280.541;275;330;275;275;562.5;562.211;50;275.204;;;3139.37;1;1
2238;0.25;51.8287;28.9;5.79199;39.7772;29.1;78;299.826;280.534;275;330;275;275;562.5;562.355;50;275.279;;;3139.37;1;1
2239;0.25;51.93;28.9;5.80331;39.783;29.1;78;299.913;280.541;275;330;275;275;562.645;562.5;50;275.351;;;3139.37;1;1
2240;0.25;52.0168;28.9;5.79484;39.8785;29.1;78;300.029;280.541;275;330;275;275;562.789;562.5;50;275.43;;;3138.44;1;1
2241;0.25;52.0312;28.9;5.77827;39.7917;29.1;66;300.101;280.541;275;330;275;275;562.789;562.5;50;275.487;;;3136.59;1;1
2242;0.25;52.1325;28.9;5.78952;39.7772;29.1;58;299.363;280.541;275;330;275;275;562.789;562.5;50;275.534;;;3133.8;1;1
2243;0.25;51.7245;28.9;5.76228;39.7772;29.1;49;299.291;280.541;275;330;275;275;562.789;562.5;50;275.58;;;3132.88;1;1
2244;0.25;51.7245;28.9;5.70807;39.8785;29.1;48;299.248;280.541;275;330;275;275;562.934;562.645;50;275.592;;;3132.88;1;1
2245;0.25;51.93;28.9;5.73074;40.081;29.1;34;299.175;280.541;275;330;275;275;562.934;562.5;50;275.573;;;3132.88;1;1
2246;0.25;52.0862;28.9;5.78438;39.8785;29.1;26;298.828;280.541;275;330;275;275;562.934;562.645;50;275.543;;;3132.88;1;1
2247;0.25;51.9589;28.8;5.39932;39.7772;29.1;22;298.944;280.534;275;330;275;275;563.079;562.934;50;275.499;;;3130.57;1;1
2248;0.25;51.9473;28.8;5.45256;39.6759;29.1;19;299.089;280.512;275;330;275;275;563.223;562.934;50;275.444;;;3130.57;1;1
2249;0.25;51.8287;28.8;5.36766;39.8785;29.1;14;298.438;280.548;275;330;275;275;563.223;563.079;50;275.405;;;3130.57;1;1
2250;0.25;51.7245;28.8;5.3388;40.081;29.1;12;298.409;280.548;275;330;275;275;563.223;563.079;50;275.388;;;3129.65;1;1
2251;0.25;51.93;28.8;5.39631;39.9508;29.1;16;298.307;280.548;275;330;275;275;563.368;563.079;50;275.379;;;3129.65;1;1
2252;0.25;51.8287;28.8;5.422;39.8785;29.1;24;297.873;280.534;275;330;275;275;563.223;563.079;50;275.363;;;3129.65;1;1
2253;0.25;51.7274;28.8;5.37527;39.8235;29.1;26;297.786;280.534;275;330;275;275;563.368;563.079;50;275.344;;;3129.65;1;1
2254;0.25;51.93;28.8;5.37815;39.6759;29.1;35;297.41;280.548;275;330;275;275;563.223;563.079;50;275.327;;;3128.72;1;1
2255;0.25;51.8518;28.8;5.3882;39.7801;29.1;47;297.512;280.548;275;330;275;275;563.368;563.079;50;275.301;;;3128.63;1;1
2256;0.25;52.0341;28.8;5.3344;39.9016;29.1;56;297.063;280.527;275;330;275;275;563.368;563.079;50;275.278;;;3128.63;1;1
2257;0.25;51.9213;28.8;5.34097;39.8785;29.1;68;296.991;280.527;275;330;275;275;563.368;563.079;50;275.257;;;3126.77;1;1
2258;0.25;51.93;28.8;5.34187;39.7772;29.1;84;296.354;280.548;275;330;275;275;563.368;563.079;50;275.246;;;3123.99;1;1
2259;0.25;52.0341;28.8;5.31623;39.8785;29.1;98;296.282;280.172;275;330;275;275;563.368;563.079;50;275.244;;;3123.07;1;1
2260;0.25;52.1962;28.7;5.01488;39.8785;29.1;116;296.369;280.143;275;330;275;275;563.368;563.079;50;275.249;;;3122.14;1;1
2261;0.25;52.0312;28.7;4.96268;40.0694;29;130;295.891;280.122;275;330;275;275;563.368;563.079;50;275.288;;;3122.14;1;1
2262;0.25;52.1354;28.7;4.99083;40.0839;29;146;296.021;280.404;275;330;275;275;563.368;562.934;50;275.338;;;3120.29;1;1
2263;0.25;51.6262;28.7;4.88797;39.8785;29;150;296.007;280.433;275;330;275;275;563.368;563.079;50;275.375;;;3118.43;1;1
2264;0.25;51.7245;28.7;4.95149;39.7772;29;147;295.92;280.425;275;330;275;275;563.368;563.079;50;275.393;;;3117.51;1;1
2265;0.25;52.1325;28.7;4.97234;39.6759;29;148;295.906;280.122;275;330;275;275;563.368;563.079;50;275.388;;;3114.73;1;1
2266;0.25;51.9792;28.7;4.95771;39.5718;29;146;295.761;280.433;275;330;275;275;563.368;563.079;50;275.393;;;3114.73;1;1
2267;0.25;52.0312;28.7;4.98085;39.7772;29;143;295.732;280.433;275;330;275;275;563.223;563.079;50;275.405;;;3114.73;1;1
2268;0.25;52.1325;28.7;4.97234;39.8929;29;141;295.819;280.15;275;330;275;275;563.368;563.079;50;275.409;;;3113.81;1;1
2269;0.25;52.2251;28.6;4.5901;39.9045;29;142;296.007;280.433;275;330;275;275;563.368;563.079;50;275.379;"KHP102      ";;3113.81;1;1
2270;0.25;52.0312;28.6;4.59124;39.9826;29;135;296.079;280.15;275;330;275;275;563.368;563.079;50;275.336;;;3113.81;1;1
2271;0.25;52.1354;28.6;4.56398;39.974;29;128;296.542;280.143;275;330;275;275;563.368;563.079;50;275.295;;;3112.88;1;1
2272;0.25;52.0255;28.6;4.53618;39.8785;29;125;296.455;280.165;275;330;275;275;563.513;563.223;50;275.262;"KHP102      ";;3110.1;1;1
2273;0.25;52.1788;28.6;4.56778;39.7772;29;126;296.832;280.418;275;330;275;275;563.657;563.368;50;275.24;;;3108.25;1;1
2274;0.25;52.1152;28.6;4.56221;39.7975;29;126;296.803;280.122;275;330;275;275;563.513;563.368;50;275.237;;;3108.25;1;1
2275;0.25;51.93;28.6;4.49157;39.8987;29;117;296.788;280.165;275;330;275;275;563.657;563.368;50;275.252;;;3106.4;1;1
2276;0.25;51.875;28.6;4.4687;39.7772;29;118;297.541;280.418;275;330;275;275;563.657;563.368;50;275.269;;;3105.48;1;1
2277;0.25;52.2251;28.6;4.53535;39.8814;29.1;119;297.613;280.418;275;330;275;275;563.947;563.657;50;275.282;;;3105.48;1;1
2278;0.25;51.8287;28.6;4.48282;39.7946;29.1;115;297.729;280.411;275;330;275;275;563.947;563.657;50;275.29;;;3105.48;1;1
2279;0.25;51.8287;28.6;4.46471;39.7946;29.1;109;298.09;280.382;275;330;275;275;563.947;563.657;50;275.288;;;3105.48;1;1
2280;0.25;51.6233;28.6;4.41094;39.8814;29.1;107;298.003;280.375;275;330;275;275;563.947;563.657;50;275.263;;;3103.63;1;1
2281;0.25;51.2153;28.6;4.3403;39.7772;29.1;107;297.902;280.396;275;330;275;275;563.802;563.657;50;275.253;;;3102.71;1;1
2282;0.25;51.4207;28.6;4.37567;39.7772;29.1;100;298.524;280.396;275;330;275;275;563.947;563.513;50;275.252;;;3102.71;1;1
2283;0.25;51.8258;28.6;4.44636;39.7772;29.1;91;298.524;280.339;275;330;275;275;563.802;563.513;50;275.267;;;3099.93;1;1
2284;0.25;51.8808;28.6;4.43295;39.7772;29.1;86;298.655;280.346;275;330;275;275;563.802;563.657;50;275.293;;;3097.59;1;1
2285;0.25;51.7245;28.6;4.43767;39.783;29.1;89;299.016;280.375;275;330;275;275;563.947;563.657;50;275.317;;;3096.66;1;1
2286;0.25;51.93;28.6;4.45529;39.8785;29.1;82;299.103;280.389;275;330;275;275;563.947;563.657;50;275.336;;;3096.66;1;1
2287;0.25;51.93;28.6;4.45529;40.081;29.1;69;299.074;280.396;275;330;275;275;563.947;563.802;50;275.353;;;3096.66;1;1
2288;0.25;52.0399;28.6;4.41019;39.8843;29.1;68;298.958;280.36;275;330;275;275;563.947;563.802;50;275.366;;;3096.66;1;1
2289;0.25;51.93;28.6;4.3827;39.8785;29.1;65;299.349;280.136;275;330;275;275;564.091;563.802;50;275.366;;;3096.66;1;1
2290;0.25;52.1325;28.6;4.3998;39.7772;29.2;57;299.537;280.404;275;330;275;275;564.091;563.802;50;275.355;;;3096.66;1;1
2291;0.25;52.2338;28.6;4.40834;39.6759;29.2;49;299.494;280.143;275;330;275;275;564.091;563.802;50;275.337;;;3094.82;1;1
2292;0.25;51.8258;28.6;4.35581;39.8785;29.2;42;299.58;280.143;275;330;275;275;564.091;563.802;50;275.317;;;3092.97;1;1
2293;0.25;51.93;28.6;4.34642;40.0839;29.2;41;299.58;280.143;275;330;275;275;564.091;563.802;50;275.281;;;3092.05;1;1
2294;0.25;51.93;28.7;4.62643;39.7772;29.2;41;299.696;280.143;275;330;275;275;564.091;563.802;50;275.228;"KHP102      ";;3091.12;1;1
2295;0.25;51.8287;28.7;4.70793;39.4734;29.2;42;299.667;280.143;275;330;275;275;563.947;563.802;50;275.179;;;3091.12;1;1
2296;0.25;51.9936;28.7;4.66843;39.6759;29.2;47;299.653;280.143;275;330;275;275;563.947;563.657;50;275.145;;;3091.12;1;1
2297;0.25;51.8258;28.7;4.63525;39.7425;29.2;56;299.58;280.15;275;330;275;275;563.802;563.513;50;275.13;;;3089.28;1;1
2298;0.25;51.7245;28.7;4.66233;39.7772;29.2;63;298.9;280.15;275;330;275;275;563.657;563.368;50;275.12;;;3089.28;1;1
2299;0.25;51.8287;28.7;4.6174;39.6759;29.2;65;298.843;280.143;275;330;275;275;563.802;563.513;50;275.106;;;3089.28;1;1
2300;0.25;52.0312;28.7;4.6718;39.8785;29.2;75;298.944;280.143;275;330;275;275;563.802;563.657;50;275.101;;;3085.59;1;1
2301;0.25;52.0312;28.7;4.5991;39.9797;29.2;91;299.045;280.15;275;330;275;275;563.802;563.657;50;275.107;;;3083.74;1;1
2302;0.25;51.93;28.7;4.62643;39.8785;29.1;98;299.117;280.165;275;330;275;275;563.947;563.657;50;275.118;;;3082.82;1;1
2303;0.25;51.93;28.7;4.60829;39.8785;29.1;101;298.944;280.172;275;330;275;275;564.091;563.802;50;275.127;;;3082.82;1;1
2304;0.25;52.2338;28.7;4.65349;39.9797;29.1;102;298.597;280.172;275;330;275;275;564.091;563.802;50;275.124;;;3082.82;1;1
2305;0.25;52.2685;28.7;4.63833;39.7627;29.1;113;298.524;280.172;275;330;275;275;564.236;563.947;50;275.121;"KHP102      ";;3080.98;1;1
2306;0.25;52.338;28.7;4.62621;39.5747;29.1;119;298.524;280.179;275;330;275;275;564.236;564.091;50;275.126;;;3080.98;1;1
2307;0.25;52.5405;28.7;4.60738;39.5804;29.1;126;298.597;280.179;275;330;275;275;564.236;563.947;50;275.135;;;3080.98;1;1
2308;0.25;52.0862;28.7;4.58576;39.6759;29.1;126;298.683;280.179;275;330;275;275;564.381;564.091;50;275.143;;;3080.41;1;1
2309;0.25;51.9965;28.7;4.55967;39.4705;29.1;127;298.741;280.165;275;330;275;275;564.381;564.236;50;275.148;;;3080.41;1;1
2310;0.25;51.9473;28.7;4.51907;39.5747;29.1;129;298.814;280.187;275;330;275;275;564.381;564.236;50;275.141;;;3078.57;1;1
2311;0.25;52.1296;28.7;4.57135;39.7801;29.1;123;298.756;280.172;275;330;275;275;564.381;564.091;50;275.132;;;3078.57;1;1
2312;0.25;51.9329;28.7;4.53595;39.7772;29.1;127;298.365;280.411;275;330;275;275;564.236;564.091;50;275.128;;;3078.41;1;1
2313;0.25;51.7303;28.7;4.48212;39.7772;29.1;134;298.365;280.418;275;330;275;275;564.381;564.091;50;275.135;;;3074.73;1;1
2314;0.25;51.7245;28.7;4.48161;39.9797;29.1;129;298.568;280.172;275;330;275;275;564.381;564.091;50;275.143;"KHP102      ";;3074.73;1;1
2315;0.25;51.6262;28.7;4.49113;39.6759;29.1;125;298.51;280.172;275;330;275;275;564.236;564.091;50;275.139;;;3074.73;1;1
2316;0.25;51.6233;28.6;4.12235;39.7772;29.1;124;298.9;280.411;275;330;275;275;564.236;563.947;50;275.125;;;3074.73;1;1
2317;0.25;51.8287;28.7;4.45443;39.7772;29.1;125;299.016;280.418;275;330;275;275;564.091;563.947;50;275.111;;;3074.73;1;1
2318;0.25;51.3194;28.7;4.41066;39.6759;29.1;121;299.103;280.418;275;330;275;275;564.236;563.947;50;275.094;;;3074.73;1;1
2319;0.25;51.4207;28.7;4.4014;39.6007;29.1;117;299.06;280.418;275;330;275;275;564.091;563.802;50;275.072;;;3074.73;1;1
2320;0.25;51.8287;28.6;4.12065;39.6672;29.1;113;299.277;280.418;275;330;275;275;564.236;563.947;50;275.053;;;3072.89;1;1
2321;0.25;51.7245;28.6;4.13044;39.6817;29.1;117;299.653;280.158;275;330;275;275;564.236;563.947;50;275.039;"KHP102      ";;3071.97;1;1
2322;0.25;51.8258;28.7;4.43607;39.6759;29.1;117;299.277;280.411;275;330;275;275;564.236;564.091;50;275.035;;;3070.28;1;1
2323;0.25;52.2338;28.7;4.48924;39.5747;29.1;109;299.233;280.411;275;330;275;275;564.236;563.947;50;275.034;;;3070.28;1;1
2324;0.25;51.9763;28.7;4.48527;39.5747;29.1;108;299.638;280.418;275;330;275;275;564.381;563.947;50;275.036;;;3070.28;1;1
2325;0.25;51.8374;28.7;4.45517;39.5747;29.1;111;299.899;280.172;275;330;275;275;564.381;564.091;50;275.043;;;3069.36;1;1
2326;0.25;51.7245;28.7;4.37317;39.6759;29.1;110;300.029;280.172;275;330;275;275;564.526;564.091;50;275.049;;;3067.52;1;1
2327;0.25;51.6725;28.7;4.42295;39.8872;29.1;105;300.087;280.172;275;330;275;275;564.526;564.236;50;275.067;;;3067.52;1;1
2328;0.25;51.6811;28.7;4.42369;40.081;29.1;100;300.145;280.179;275;330;275;275;564.67;564.381;50;275.083;;;3066.6;1;1
2329;0.25;51.7477;28.7;4.41131;39.8785;29.1;103;300.738;280.179;275;330;275;275;564.67;564.381;50;275.095;;;3066.6;1;1
2330;0.25;51.522;28.7;4.39207;39.8524;29.2;104;300.289;280.404;275;330;275;275;564.67;564.381;50;275.108;;;3062;1;1
2331;0.25;51.4149;28.7;4.40091;39.8785;29.2;89;300.637;280.201;275;330;275;275;564.67;564.381;50;275.119;;;3061.08;1;1
2332;0.25;51.522;28.7;4.33805;39.8785;29.2;85;300.26;280.404;275;330;275;275;564.67;564.381;50;275.128;;;3061.08;1;1
2333;0.25;51.5075;28.7;4.35483;39.6759;29.2;80;300.42;280.411;275;330;275;275;564.526;564.381;50;275.136;;;3059.53;1;1
2334;0.25;51.522;28.7;4.33805;39.4734;29.2;81;300.767;280.411;275;330;275;275;564.67;564.381;50;275.144;;;3058.61;1;1
2335;0.25;51.522;28.7;4.41007;39.3692;29.2;79;301.157;280.411;275;330;275;275;564.815;564.526;50;275.145;;;3058.61;1;1
2336;0.25;52.0312;28.7;4.41731;39.3721;29.2;73;301.114;280.411;275;330;275;275;564.815;564.526;50;275.129;;;3058.61;1;1
2337;0.25;52.1354;28.7;4.33506;39.4734;29.2;70;301.013;280.411;275;330;275;275;564.959;564.526;50;275.095;;;3058.61;1;1
2338;0.25;52.2338;28.7;4.39798;39.6759;29.2;63;300.926;280.411;275;330;275;275;564.959;564.67;50;275.045;;;3057.69;1;1
2339;0.25;51.6233;28.7;4.34658;39.6759;29.2;57;300.883;280.418;275;330;275;275;564.959;564.67;50;274.981;;;3055.85;1;1
2340;0.25;51.8056;28.7;4.38002;39.6759;29.2;60;300.969;280.411;275;330;275;275;564.815;564.526;50;274.916;;;3055.85;1;1
2341;0.25;52.0226;28.7;4.34385;39.8351;29.2;64;301.1;280.411;275;330;275;275;564.959;564.67;50;274.857;;;3053.1;1;1
2342;0.25;51.522;28.7;4.32005;39.8785;29.2;68;301.157;280.411;275;330;275;275;564.959;564.67;50;274.814;;;3049.86;1;1
2343;0.25;51.522;28.7;4.33805;39.5747;29.2;75;301.071;280.411;275;330;275;275;565.104;564.67;50;274.785;;;3048.95;1;1
2344;0.25;51.4352;28.7;4.33074;39.6759;29.2;87;300.94;280.143;275;330;275;275;565.104;564.67;50;274.764;;;3048.95;1;1
2345;0.25;51.5249;28.7;4.33829;39.9797;29.2;99;300.897;280.411;275;330;275;275;565.104;564.815;50;274.754;;;3048.95;1;1
2346;0.25;51.4381;28.7;4.33098;39.673;29.2;108;300.362;280.15;275;330;275;275;565.249;564.959;50;274.752;;;3048.95;1;1
2347;0.25;51.6233;28.7;4.29247;39.6759;29.2;118;300.463;280.15;275;330;275;275;565.249;564.959;50;274.757;;;3048.95;1;1
2348;0.25;51.9502;28.7;4.35596;39.9797;29.2;139;300.521;280.15;275;330;275;275;565.249;564.959;50;274.765;;;3048.95;1;1
2349;0.25;52.0891;28.7;4.34941;40.0926;29.2;151;300.506;280.411;275;330;275;275;565.104;564.959;50;274.781;;;3048.95;1;1
2350;0.25;52.2367;28.7;4.30698;39.9797;29.2;154;300.608;280.143;275;330;275;275;565.249;564.815;50;274.795;;;3048.01;1;1
2351;0.25;51.9416;28.7;4.35523;40.081;29.2;156;300.521;280.15;275;330;275;275;565.104;564.815;50;274.807;;;3046.18;1;1
2352;0.25;51.7245;28.7;4.28283;39.9797;29.1;156;300.448;280.404;275;330;275;275;565.104;564.815;50;274.829;;;3044.34;1;1
2353;0.25;51.6233;28.7;4.27444;39.7772;29.1;156;300.477;280.136;275;330;275;275;565.104;564.815;50;274.849;;;3044.34;1;1
2354;0.25;51.3137;28.7;4.28466;39.8785;29.1;156;300.405;280.143;275;330;275;275;565.104;564.67;50;274.869;;;3044.34;1;1
2355;0.25;51.6233;28.7;4.36461;40.1852;29.1;156;300.42;280.136;275;330;275;275;565.249;564.815;50;274.884;;;3042.5;1;1
2356;0.25;51.93;28.7;4.39054;39.8785;29.1;157;300.477;280.143;275;330;275;275;564.959;564.815;50;274.897;;;3042.2;1;1
2357;0.25;51.7245;28.7;4.3009;39.7772;29.1;153;301.042;280.136;275;330;275;275;564.959;564.67;50;274.909;;;3041.29;1;1
2358;0.25;51.7419;28.7;4.35657;39.6586;29.1;144;301.143;280.143;275;330;275;275;564.959;564.67;50;274.922;"KHP102      ";;3039.45;1;1
2359;0.25;51.7245;28.7;4.31896;39.6759;29.1;130;301.157;280.136;275;330;275;275;564.959;564.815;50;274.947;;;3038.19;1;1
2360;0.25;51.6233;28.7;4.31051;40.0376;29.2;125;301.62;280.143;275;330;275;275;565.104;564.959;50;274.983;;;3036.35;1;1
2361;0.25;51.7274;28.7;4.31921;39.8785;29.2;120;301.505;280.136;275;330;275;275;565.249;564.959;50;275.016;"KHP102      ";;3036.35;1;1
2362;0.25;51.7216;28.7;4.35486;39.8785;29.2;102;301.403;280.143;275;330;275;275;565.249;564.959;50;275.031;;;3036.35;1;1
2363;0.25;51.6435;28.7;4.3122;39.7772;29.2;92;302.04;280.418;275;330;275;275;565.249;564.959;50;275.039;;;3034.52;1;1
2364;0.25;51.6233;28.7;4.27444;39.7772;29.2;82;302.156;280.425;275;330;275;275;565.249;564.959;50;275.051;;;3034.52;1;1
2365;0.25;51.3657;28.7;4.23517;39.9797;29.2;73;302.185;280.382;275;330;275;275;565.249;564.959;50;275.068;;;3034.52;1;1
2366;0.25;51.5249;28.7;4.26629;40.081;29.2;64;302.083;280.418;275;330;275;275;565.104;564.815;50;275.075;;;3033.6;1;1
2367;0.25;52.0341;28.7;4.32664;40.3617;29.2;60;302.3;280.418;275;330;275;275;565.104;564.67;50;275.073;;;3031.8;1;1
2368;0.25;52.0631;28.7;4.31086;40.081;29.2;55;302.488;280.143;275;330;275;275;565.104;564.67;50;275.068;;;3030.89;1;1
2369;0.25;52.0168;28.8;4.67835;39.7541;29.2;43;302.271;280.389;275;330;275;275;564.959;564.815;50;275.071;;;3029.97;1;1
2370;0.25;51.8374;28.8;4.66222;39.7975;29.2;37;302.474;280.389;275;330;275;275;565.104;564.815;50;275.058;;;3028.14;1;1
2371;0.25;51.6233;28.8;4.60689;40.0839;29.2;33;302.474;280.389;275;330;275;275;565.249;564.815;50;275.035;;;3028.14;1;1
2372;0.25;51.9242;28.8;4.7063;39.9363;29.3;34;302.677;280.418;275;330;275;275;565.249;564.959;50;275.008;;;3027.69;1;1
2373;0.25;51.7245;28.8;4.634;39.8756;29.3;33;302.445;280.418;275;330;275;275;565.249;565.104;50;274.983;;;3027.69;1;1
2374;0.25;51.93;28.8;4.6524;40.0116;29.3;31;302.011;280.375;275;330;275;275;565.249;564.959;50;274.952;;;3027.69;1;1
2375;0.25;51.93;28.8;4.67054;39.8785;29.3;34;301.939;280.396;275;330;275;275;565.104;564.815;50;274.922;;;3026.77;1;1
2376;0.25;51.6233;28.8;4.62492;39.9103;29.3;43;301.939;280.425;275;330;275;275;564.959;564.959;50;274.9;;;3026.77;1;1
2377;0.25;51.7274;28.8;4.6704;40.1852;29.3;48;302.025;280.143;275;330;275;275;564.959;564.815;50;274.886;;;3025.85;1;1
2378;0.25;51.7274;28.8;4.65233;40.2431;29.3;52;301.562;280.143;275;330;275;275;565.104;564.815;50;274.876;;;3025.85;1;1
2379;0.25;51.7245;28.8;4.634;40.081;29.3;60;301.649;280.143;275;330;275;275;565.104;564.815;50;274.864;;;3024.02;1;1
2380;0.25;51.7245;28.8;4.61593;40.2865;29.3;76;301.157;280.15;275;330;275;275;565.104;564.959;50;274.87;;;3021.65;1;1
2381;0.25;51.8547;28.8;4.68189;40.217;29.3;86;301.071;280.15;275;330;275;275;565.249;564.959;50;274.885;;;3021.65;1;1
2382;0.25;51.7245;28.8;4.6882;39.9797;29.3;96;300.897;280.425;275;330;275;275;565.249;564.959;50;274.897;;;3021.65;1;1
2383;0.25;51.8258;28.8;4.66117;40.081;29.2;106;300.203;280.389;275;330;275;275;565.393;564.959;50;274.888;;;3018;1;1
2384;0.25;51.6233;28.8;4.58886;40.0839;29.2;113;300.26;280.375;275;330;275;275;565.249;565.104;50;274.871;"KHP102      ";;3017.08;1;1
2385;0.25;51.6233;28.8;4.66099;40.081;29.2;118;300.043;280.418;275;330;275;275;565.249;564.959;50;274.849;;;3017.08;1;1
2386;0.25;51.8287;28.8;4.67954;40.0839;29.2;129;300.13;280.425;275;330;275;275;565.249;564.959;50;274.829;;;3017.08;1;1
2387;0.25;52.0168;28.8;4.71469;40.081;29.2;146;300.101;280.389;275;330;275;275;565.249;565.104;50;274.812;;;3017.08;1;1
2388;0.25;51.522;28.8;4.63385;40.0839;29.2;148;299.986;280.367;275;330;275;275;565.249;564.959;50;274.81;;;3015.97;1;1
2389;0.25;51.6262;28.8;4.67929;39.9797;29.2;148;299.884;280.36;275;330;275;275;565.249;564.959;50;274.799;;;3015.97;1;1
2390;0.25;51.7245;28.8;4.6882;39.9797;29.2;155;299.87;280.36;275;330;275;275;565.249;565.104;50;274.788;;;3015.97;1;1
2391;0.25;51.6233;28.8;4.62492;40.0608;29.2;157;299.957;280.36;275;330;275;275;565.249;564.959;50;274.778;;;3014.27;1;1
2392;0.25;51.6233;28.8;4.62492;40.081;29.2;157;300.072;280.353;275;330;275;275;565.393;564.959;50;274.76;;;3011.53;1;1
2393;0.25;51.6927;28.7;4.33437;40.0839;29.2;165;300.145;280.367;275;330;275;275;565.393;565.104;50;274.745;;;3010.61;1;1
2394;0.25;51.93;28.7;4.35426;40.1852;29.2;168;300.072;280.404;275;330;275;275;565.393;565.104;50;274.728;;;3010.61;1;1
2395;0.25;51.8287;28.7;4.34577;40.2865;29.2;170;299.87;280.15;275;330;275;275;565.393;565.104;50;274.714;;;3010.61;1;1
2396;0.25;51.8345;28.7;4.34625;40.1765;29.2;170;300.13;280.396;275;330;275;275;565.538;565.249;50;274.701;;;3007.88;1;1
2397;0.25;52.0312;28.7;4.3991;39.9826;29.2;171;300.159;280.375;275;330;275;275;565.393;565.104;50;274.689;;;3005.14;1;1
2398;0.25;51.9763;28.7;4.3763;39.9797;29.2;170;300.694;280.172;275;330;275;275;565.249;565.104;50;274.678;;;3004.23;1;1
2399;0.25;52.0312;28.7;4.3991;39.9797;29.2;168;301.128;280.172;275;330;275;275;565.393;565.104;50;274.669;;;3004.23;1;1
2400;0.25;52.0284;28.7;4.39886;39.8785;29.2;170;301.143;280.172;275;330;275;275;565.393;565.104;50;274.671;;;3002.4;1;1
2401;0.25;52.2338;28.7;4.37973;39.8785;29.2;168;301.042;280.172;275;330;275;275;565.393;565.104;50;274.684;;;3001.49;1;1
2402;0.25;52.0341;28.7;4.38117;39.8785;29.2;170;301.693;280.143;275;330;275;275;565.393;565.104;50;274.694;;;3001.49;1;1
2403;0.25;52.228;28.7;4.41574;39.9797;29.3;156;301.62;280.179;275;330;275;275;565.249;565.104;50;274.673;;;3001.49;1;1
2404;0.25;52.5405;28.7;4.40545;40.081;29.3;155;301.881;280.208;275;330;275;275;565.393;565.104;50;274.661;;;3000.2;1;1
2405;0.25;52.5405;28.7;4.4789;40.1534;29.3;155;302.011;280.201;275;330;275;275;565.538;565.249;50;274.664;;;3000.2;1;1
2406;0.25;52.3351;28.8;4.74354;40.1852;29.3;148;302.951;280.201;275;330;275;275;565.538;565.249;50;274.668;;;3000.2;1;1
2407;0.25;52.338;28.8;4.76209;40.2865;29.3;144;302.966;280.208;275;330;275;275;565.538;565.393;50;274.672;;;3000.2;1;1
2408;0.25;52.2078;28.8;4.78674;40.3877;29.3;137;303.197;280.302;275;330;275;275;565.828;565.538;50;274.672;"KHP102      ";;2998.64;1;1
2409;0.25;52.0284;28.8;4.75212;40.1852;29.3;135;303.067;280.223;275;330;275;275;565.828;565.683;50;274.676;;;2995.36;1;1
2410;0.25;52.0399;28.8;4.75318;40.0839;29.3;126;302.966;280.194;275;330;275;275;565.972;565.683;50;274.687;;;2995.36;1;1
2411;0.25;51.8287;28.8;4.73388;40.1852;29.3;115;303.689;280.143;275;330;275;275;565.972;565.828;50;274.708;;;2994.45;1;1
2412;0.25;51.93;28.8;4.72497;40.081;29.4;112;303.747;280.201;275;330;275;275;566.117;565.828;50;274.735;;;2992.63;1;1
2413;0.25;51.8287;28.8;4.75199;39.9913;29.4;102;303.747;280.187;275;330;275;275;565.972;565.828;50;274.747;;;2990.81;1;1
2414;0.25;51.9213;28.8;4.81489;39.9797;29.4;94;304.152;280.172;275;330;275;275;565.828;565.828;50;274.747;;;2989.99;1;1
2415;0.25;51.8258;28.8;4.71549;40.2865;29.4;87;304.253;280.179;275;330;275;275;565.828;565.683;50;274.748;;;2989.99;1;1
2416;0.25;51.7245;28.8;4.74244;40.2865;29.4;82;304.167;280.179;275;330;275;275;565.828;565.538;50;274.745;;;2989.99;1;1
2417;0.25;51.93;28.8;4.79756;40.1852;29.4;78;303.979;280.187;275;330;275;275;565.828;565.538;50;274.746;;;2989.08;1;1
2418;0.25;52.1354;28.8;4.85296;40.1447;29.4;74;304.63;280.187;275;330;275;275;565.972;565.683;50;274.752;;;2989.08;1;1
2419;0.25;52.4248;28.9;5.12594;40.081;29.4;61;304.659;280.172;275;330;275;275;565.972;565.828;50;274.755;;;2989.08;1;1
2420;0.25;52.5405;28.9;5.19232;39.9769;29.4;59;304.557;280.418;275;330;275;275;566.117;565.828;50;274.751;;;2989.08;1;1
2421;0.25;52.3293;28.9;5.17145;39.8785;29.4;57;304.774;280.44;275;330;275;275;566.262;565.828;50;274.756;;;2987.26;1;1
2422;0.25;51.93;28.9;5.16827;40.1823;29.4;52;304.63;280.44;275;330;275;275;566.262;565.828;50;274.761;;;2985.35;1;1
2423;0.25;51.8287;28.9;5.12198;40.2228;29.4;47;304.528;280.433;275;330;275;275;566.262;565.972;50;274.765;;;2985.35;1;1
2424;0.25;51.93;28.9;5.16827;40.1823;29.4;48;304.456;280.44;275;330;275;275;566.262;566.117;50;274.762;;;2984.44;1;1
2425;0.25;52.1325;28.9;5.17021;40.2865;29.4;55;303.964;280.433;275;330;275;275;566.406;566.117;50;274.76;;;2982.62;1;1
2426;0.25;52.1325;28.9;5.22485;40.3877;29.4;55;303.993;280.433;275;330;275;275;566.406;566.262;50;274.764;;;2982.62;1;1
2427;0.25;52.2309;28.9;5.17997;40.489;29.4;56;304.138;280.433;275;330;275;275;566.406;566.117;50;274.761;;;2982.62;1;1
2428;0.25;52.0312;28.9;5.17835;40.3299;29.4;63;304.167;280.208;275;330;275;275;566.406;566.117;50;274.751;;;2982.62;1;1
2429;0.25;51.8258;28.9;5.1579;40.1852;29.4;62;304.196;280.411;275;330;275;275;566.262;565.972;50;274.744;;;2978.07;1;1
2430;0.25;51.93;28.9;5.16827;40.081;29.4;62;303.921;280.223;275;330;275;275;566.117;565.972;50;274.74;;;2977.16;1;1
2431;0.25;52.0312;28.9;5.2147;40.3183;29.4;61;303.791;280.216;275;330;275;275;566.117;565.972;50;274.72;;;2977.16;1;1
2432;0.25;52.2367;28.9;5.25354;40.2865;29.4;68;303.733;280.216;275;330;275;275;566.117;565.972;50;274.695;;;2976.25;1;1
2433;0.25;52.1962;28.9;5.23123;40.1852;29.4;71;302.922;280.252;275;330;275;275;566.262;565.972;50;274.672;;;2976.25;1;1
2434;0.25;51.5451;28.9;5.16598;40.2865;29.4;80;303.038;280.31;275;330;275;275;566.262;565.972;50;274.632;;;2976.25;1;1
2435;0.25;51.7245;28.9;5.22013;40.2865;29.4;95;303.168;280.36;275;330;275;275;566.262;565.972;50;274.587;;;2976.25;1;1
2436;0.25;51.8287;28.9;5.1944;40.3877;29.4;100;302.894;280.36;275;330;275;275;566.406;566.117;50;274.564;;;2976.25;1;1
2437;0.25;51.8287;28.9;5.24874;40.3877;29.4;107;302.807;280.367;275;330;275;275;566.406;566.117;50;274.569;;;2976.25;1;1
2438;0.25;51.8287;28.9;5.1763;40.489;29.4;125;302.763;280.295;275;330;275;275;566.406;566.262;50;274.572;;;2974.43;1;1
2439;0.25;51.93;28.9;5.22269;40.3819;29.4;134;302.792;280.353;275;330;275;275;566.406;566.117;50;274.594;;;2974.43;1;1
2440;0.25;51.9589;28.9;5.26193;40.1852;29.4;139;301.895;280.339;275;330;275;275;566.551;566.262;50;274.646;"KHP102      ";;2973.52;1;1
2441;0.25;52.2569;28.9;5.29211;40.1852;29.3;151;301.968;280.339;275;330;275;275;566.551;566.262;50;274.712;;;2971.55;1;1
2442;0.25;52.3351;28.9;5.35487;40.1852;29.3;154;302.127;280.563;275;330;275;275;566.551;566.262;50;274.784;"KHP102      ";;2969.73;1;1
2443;0.25;51.93;28.9;5.259;40.0839;29.3;155;302.199;280.563;275;330;275;275;566.551;566.262;50;274.84;;;2969.73;1;1
2444;0.25;52.2569;28.9;5.34688;40.3877;29.3;153;302.098;280.563;275;330;275;275;566.551;566.262;50;274.888;;;2968.82;1;1
2445;0.25;52.0312;28.9;5.23288;40.5556;29.3;146;301.939;280.541;275;330;275;275;566.551;566.117;50;274.935;;;2967.47;1;1
2446;0.25;52.3351;28.9;5.33659;40.489;29.3;131;301.895;280.563;275;330;275;275;566.551;566.117;50;274.98;;;2967.47;1;1
2447;0.25;52.4392;28.9;5.31057;40.7928;29.3;122;302.72;280.512;275;330;275;275;566.551;566.262;50;275.018;;;2967.47;1;1
2448;0.25;52.3148;28.9;5.31625;40.7928;29.3;106;302.865;280.563;275;330;275;275;566.551;566.262;50;275.045;;;2967.47;1;1
2449;0.25;52.4392;28.9;5.32889;40.3877;29.3;91;302.85;280.563;275;330;275;275;566.551;566.406;50;275.057;;;2964.74;1;1
2450;0.25;52.4363;28.9;5.3286;40.1852;29.3;82;302.373;280.541;275;330;275;275;566.551;566.262;50;275.051;;;2962.02;1;1
2451;0.25;52.3351;28.9;5.37315;40.2865;29.3;74;302.879;280.563;275;330;275;275;566.406;566.262;50;275.032;;;2962.02;1;1
2452;0.25;52.2338;28.9;5.34451;40.5903;29.3;60;302.228;280.541;275;330;275;275;566.406;566.117;50;275.006;;;2962.02;1;1
2453;0.25;52.6215;28.9;5.38418;40.5006;29.3;46;302.951;280.541;275;330;275;275;566.406;566.262;50;274.975;;;2962.02;1;1
2454;0.25;52.4392;28.9;5.38385;40.3877;29.4;39;302.951;280.541;275;330;275;275;566.551;566.117;50;274.936;;;2962.02;1;1
2455;0.25;52.1759;28.9;5.4115;40.3877;29.4;37;303.082;280.541;275;330;275;275;566.406;566.262;50;274.897;;;2961.11;1;1
2456;0.25;52.2425;28.9;5.36365;40.2836;29.4;32;303.197;280.534;275;330;275;275;566.406;566.117;50;274.863;;;2961.11;1;1
2457;0.25;52.5405;28.9;5.4126;40.2865;29.4;35;303.154;280.541;275;330;275;275;566.551;566.262;50;274.832;;;2960.21;1;1
2458;0.25;52.3351;28.9;5.39144;40.2865;29.4;41;302.286;280.541;275;330;275;275;566.551;566.262;50;274.805;;;2959.3;1;1
2459;0.25;52.5405;28.9;5.43096;40.3791;29.4;43;302.185;280.541;275;330;275;275;566.551;566.262;50;274.785;;;2958.39;1;1
2460;0.25;52.6447;28.9;5.44172;40.2865;29.4;55;302.156;280.541;275;330;275;275;566.551;566.262;50;274.768;;;2958.39;1;1
2461;0.25;52.4363;28.9;5.45685;40.2807;29.4;61;302.59;280.527;275;330;275;275;566.406;566.262;50;274.771;;;2956.58;1;1
2462;0.25;52.2367;28.9;5.3813;40.2865;29.4;72;301.982;280.541;275;330;275;275;566.406;566.117;50;274.774;;;2953.86;1;1
2463;0.25;52.0428;28.9;5.43408;40.1823;29.4;78;302.17;280.527;275;330;275;275;566.406;566.262;50;274.77;;;2953.86;1;1
2464;0.25;51.93;28.9;5.40415;40.2951;29.4;92;302.098;280.527;275;330;275;275;566.406;566.117;50;274.759;;;2953.86;1;1
2465;0.25;52.0023;28.9;5.41168;40.2865;29.4;101;301.49;280.527;275;330;275;275;566.551;566.117;50;274.752;;;2952.95;1;1
2466;0.25;52.4392;28.9;5.43881;40.3877;29.4;113;301.244;280.541;275;330;275;275;566.551;566.262;50;274.756;;;2948.43;1;1
2467;0.25;52.228;28.9;5.47166;40.2865;29.4;121;301.172;280.541;275;330;275;275;566.551;566.406;50;274.761;;;2948.43;1;1
2468;0.25;52.1325;28.9;5.44344;40.0868;29.4;123;300.926;280.527;275;330;275;275;566.551;566.262;50;274.766;;;2948.43;1;1
2469;0.25;52.3351;28.9;5.50116;39.9797;29.4;122;300.94;280.541;275;330;275;275;566.551;566.262;50;274.782;;;2948.43;1;1
2470;0.25;52.2396;28.9;5.47287;39.8785;29.4;139;301.071;280.715;275;330;275;275;566.406;566.117;50;274.792;;;2946.62;1;1
2471;0.25;52.3351;28.9;5.48288;40.081;29.4;143;301.157;280.715;275;330;275;275;566.262;566.117;50;274.793;;;2945.77;1;1
2472;0.25;52.338;28.9;5.48318;40.2865;29.4;143;301.114;280.729;275;330;275;275;566.406;566.117;50;274.784;;;2945.77;1;1
2473;0.25;52.4392;28.9;5.51211;40.3877;29.4;147;301.013;280.722;275;330;275;275;566.406;566.262;50;274.775;;;2945.77;1;1
2474;0.25;52.3351;28.9;5.46459;40.1852;29.3;149;300.897;280.715;275;330;275;275;566.551;566.406;50;274.761;;;2944.86;1;1
2475;0.25;52.2367;28.9;5.43607;40.081;29.3;147;300.926;280.7;275;330;275;275;566.551;566.551;50;274.745;;;2944.86;1;1
2476;0.25;52.1065;28.9;5.49533;40.1852;29.3;145;301.042;280.707;275;330;275;275;566.696;566.406;50;274.737;;;2944.86;1;1
2477;0.25;52.1672;28.9;5.4106;40.3877;29.4;147;301.143;280.917;275;330;275;275;566.551;566.406;50;274.724;;;2943.96;1;1
2478;0.25;52.0284;28.9;5.50527;40.489;29.4;152;301.042;280.91;275;330;275;275;566.551;566.262;50;274.709;;;2942.15;1;1
2479;0.25;52.3351;28.9;5.51944;40.489;29.4;155;300.955;280.932;275;330;275;275;566.551;566.262;50;274.697;;;2940.34;1;1
2480;0.25;52.7402;28.9;5.59901;40.5845;29.4;155;301.389;280.924;275;330;275;275;566.551;566.262;50;274.688;;;2940.34;1;1
2481;0.25;52.5405;28.9;5.55946;40.5903;29.4;158;301.432;280.917;275;330;275;275;566.551;566.262;50;274.644;;;2940.34;1;1
2482;0.25;52.338;28.9;5.51975;40.5903;29.4;158;301.534;280.917;275;330;275;275;566.551;566.262;50;274.607;;;2936.72;1;1
2483;0.25;52.3351;28.9;5.53772;40.3762;29.4;148;301.62;280.917;275;330;275;275;566.696;566.406;50;274.591;;;2934.91;1;1
2484;0.25;52.1325;28.9;5.49808;40.3877;29.4;157;302.17;280.924;275;330;275;275;566.696;566.551;50;274.594;;;2934.91;1;1
2485;0.25;52.2338;28.9;5.52701;40.489;29.4;161;302.069;280.91;275;330;275;275;566.84;566.696;50;274.608;;;2934.91;1;1
2486;0.25;52.1325;28.9;5.51629;40.3877;29.4;156;301.968;280.903;275;330;275;275;566.84;566.551;50;274.627;;;2933.11;1;1
2487;0.25;52.4363;28.9;5.58508;40.2865;29.4;155;302.488;280.91;275;330;275;275;566.696;566.406;50;274.646;;;2932.21;1;1
2488;0.25;52.6418;28.9;5.60696;40.1997;29.4;152;302.561;280.917;275;330;275;275;566.84;566.406;50;274.664;;;2931.31;1;1
2489;0.25;52.4392;28.9;5.54875;40.2865;29.4;146;302.633;280.924;275;330;275;275;566.696;566.551;50;274.683;;;2930.4;1;1
2490;0.25;52.338;28.9;5.5746;40.2865;29.4;147;303.183;280.917;275;330;275;275;566.696;566.406;50;274.708;;;2929.19;1;1
2491;0.25;52.2338;28.9;5.5635;40.2836;29.5;137;303.197;280.91;275;330;275;275;566.696;566.551;50;274.74;;;2925.79;1;1
2492;0.25;52.2338;28.9;5.58175;40.2865;29.5;127;303.342;280.707;275;330;275;275;566.84;566.551;50;274.782;;;2925.79;1;1
2493;0.25;52.3351;28.9;5.53772;40.1852;29.5;123;303.646;280.888;275;330;275;275;566.84;566.551;50;274.818;;;2925.79;1;1
2494;0.25;52.4392;28.9;5.58538;40.1881;29.5;112;303.241;280.765;275;330;275;275;566.84;566.696;50;274.845;;;2923.99;1;1
2495;0.25;52.338;28.9;5.55631;40.1852;29.5;96;303.979;280.736;275;330;275;275;566.985;566.696;50;274.857;;;2923.99;1;1
2496;0.25;52.1441;29;5.90797;40.3877;29.5;91;304.094;280.715;275;330;275;275;566.84;566.696;50;274.855;;;2923.99;1;1
2497;0.25;52.338;29;5.94825;40.3877;29.5;80;304.181;280.773;275;330;275;275;566.985;566.84;50;274.849;;;2923.99;1;1
2498;0.25;52.338;29;5.91165;39.9797;29.5;66;304.268;280.773;275;330;275;275;566.985;566.696;50;274.837;;;2923.99;1;1
2499;0.25;52.3148;29;5.98217;39.9797;29.5;61;304.225;280.722;275;330;275;275;566.84;566.551;50;274.821;;;2923.09;1;1
2500;0.25;52.2338;29;5.91814;40.081;29.5;62;304.398;280.722;275;330;275;275;566.84;566.696;50;274.807;;;2922.18;1;1
2501;0.25;52.1325;29;5.87024;40.0839;29.5;61;304.34;280.715;275;330;275;275;566.985;566.696;50;274.795;;;2922.18;1;1
2502;0.25;52.1209;29;5.96;40.0839;29.6;52;304.297;280.758;275;330;275;275;566.985;566.696;50;274.785;;;2920.38;1;1
2503;0.25;52.338;29;5.96653;40.1852;29.6;44;303.993;280.751;275;330;275;275;566.985;566.696;50;274.772;;;2919.48;1;1
2504;0.25;52.1325;29;5.94311;40.1852;29.6;47;304.08;280.686;275;330;275;275;566.84;566.696;50;274.764;;;2919.24;1;1
2505;0.25;52.3351;29;5.91133;40.2865;29.6;54;304.21;280.7;275;330;275;275;566.985;566.696;50;274.766;;;2919.24;1;1
2506;0.25;52.4884;29;5.92865;40.081;29.6;56;304.282;280.722;275;330;275;275;566.985;566.696;50;274.779;;;2918.33;1;1
2507;0.25;52.4392;29;5.94141;40.1852;29.6;57;304.21;280.686;275;330;275;275;566.985;566.696;50;274.804;;;2917.43;1;1
2508;0.25;52.0255;29;5.91273;40.081;29.6;60;303.501;280.657;275;330;275;275;566.985;566.696;50;274.826;;;2917.43;1;1
2509;0.25;52.2338;29.1;6.2728;40.2865;29.6;61;303.443;280.657;275;330;275;275;566.985;566.696;50;274.855;;;2917.43;1;1
2510;0.25;52.6418;29.1;6.34018;40.3733;29.6;66;303.385;280.686;275;330;275;275;566.985;566.696;50;274.87;;;2915.63;1;1
2511;0.25;52.4045;29.1;6.27497;40.1186;29.6;69;303.024;280.679;275;330;275;275;566.985;566.551;50;274.877;;;2912.02;1;1
2512;0.25;51.8895;29.1;6.21329;40.081;29.6;73;303.154;280.679;275;330;275;275;566.84;566.696;50;274.881;;;2911.12;1;1
2513;0.25;51.4207;29.1;6.21108;39.783;29.6;74;303.212;280.903;275;330;275;275;566.985;566.696;50;274.895;;;2911.12;1;1
2514;0.25;51.1169;29.1;6.12079;39.6441;29.5;74;302.633;280.642;275;330;275;275;566.985;566.84;50;274.9;;;2910.22;1;1
2515;0.25;50.9346;29.1;6.15236;39.5718;29.5;74;302.59;280.664;275;330;275;275;566.985;566.84;50;274.907;;;2910.22;1;1
2516;0.25;50.8102;29.1;6.06631;39.401;29.5;77;302.532;280.657;275;330;275;275;566.985;566.84;50;274.917;;;2910.22;1;1
2517;0.25;50.8073;29.1;6.13698;39.3721;29.5;78;301.953;280.642;275;330;275;275;566.985;566.696;50;274.927;;;2910.22;1;1
2518;0.25;51.0127;29.1;6.12616;39.3721;29.5;82;302.069;280.642;275;330;275;275;567.13;566.84;50;274.921;;;2910.22;1;1
2519;0.25;50.9115;29.1;6.13178;39.1667;29.5;89;302.17;280.642;275;330;275;275;566.985;566.696;50;274.91;;;2906.62;1;1
2520;0.25;50.8102;29.1;6.11958;39.1667;29.5;91;301.751;280.664;275;330;275;275;566.985;566.696;50;274.899;;;2903.92;1;1
2521;0.25;50.7812;29.1;6.13384;39.2679;29.5;93;301.678;280.657;275;330;275;275;567.13;566.696;50;274.904;;;2903.92;1;1
2522;0.25;50.8102;29.1;6.13733;39.2679;29.5;99;301.606;280.642;275;330;275;275;566.985;566.84;50;274.912;;;2901.29;1;1
2523;0.25;50.9115;29.1;6.114;39.3287;29.5;100;301.548;280.642;275;330;275;275;566.985;566.696;50;274.912;;;2898.6;1;1
2524;0.25;50.8102;29.1;6.08406;39.2679;29.5;102;301.548;280.664;275;330;275;275;566.985;566.696;50;274.906;;;2897.7;1;1
2525;0.25;51.114;29.1;6.12044;39.2679;29.5;105;300.883;280.664;275;330;275;275;566.84;566.696;50;274.92;;;2897.7;1;1
2526;0.25;50.9115;29.1;6.16735;39.2795;29.5;104;301.042;280.65;275;330;275;275;566.985;566.696;50;274.94;;;2897.7;1;1
2527;0.25;50.6047;29;5.78662;39.3692;29.5;114;301.157;280.642;275;330;275;275;567.13;566.696;50;274.953;;;2897.7;1;1
2528;0.25;50.4803;29;5.73713;39.4705;29.5;115;301.114;280.642;275;330;275;275;567.13;566.84;50;274.967;;;2897.7;1;1
2529;0.25;50.6047;29;5.75127;39.5747;29.5;113;301.013;280.664;275;330;275;275;566.985;566.696;50;274.973;;;2897.7;1;1
2530;0.25;50.7089;29;5.7631;39.32;29.5;113;300.926;280.664;275;330;275;275;566.985;566.84;50;274.976;;;2896.8;1;1
2531;0.25;51.114;29;5.827;39.1667;29.5;111;300.883;280.65;275;330;275;275;566.985;566.696;50;274.982;;;2895;1;1
2532;0.25;51.114;29;5.827;39.3692;29.5;109;300.984;280.65;275;330;275;275;567.13;566.696;50;274.995;;;2894.1;1;1
2533;0.25;50.735;29;5.78379;39.3866;29.5;106;301.085;280.671;275;330;275;275;566.985;566.696;50;275.016;;;2894.1;1;1
2534;0.25;50.7118;29;5.78115;39.4994;29.5;106;301.157;280.664;275;330;275;275;566.985;566.696;50;275.037;;;2894.1;1;1
2535;0.25;51.0301;29;5.79961;39.5747;29.5;103;301.085;280.657;275;330;275;275;566.985;566.84;50;275.056;;;2894.1;1;1
2536;0.25;51.3252;29;5.88694;39.3547;29.5;98;300.998;280.657;275;330;275;275;566.985;566.696;50;275.073;;;2891.41;1;1
2537;0.25;51.2095;29;5.85577;39.4705;29.5;96;300.911;280.657;275;330;275;275;566.985;566.84;50;275.101;;;2890.51;1;1
2538;0.25;50.9115;29;5.80391;39.6759;29.5;92;300.94;280.932;275;330;275;275;566.84;566.696;50;275.135;;;2890.51;1;1
2539;0.25;50.5035;29;5.72209;39.5573;29.5;86;301.056;280.939;275;330;275;275;566.985;566.696;50;275.165;;;2890.51;1;1
2540;0.25;50.5035;29;5.72209;39.1725;29.5;81;301.143;280.939;275;330;275;275;566.985;566.84;50;275.185;;;2890.51;1;1
2541;0.25;51.114;29;5.86271;39.2679;29.5;78;301.157;280.939;275;330;275;275;566.985;566.84;50;275.198;;;2889.61;1;1
2542;0.25;51.0098;29;5.74382;39.3374;29.5;73;300.998;280.83;275;330;275;275;566.985;566.84;50;275.208;;;2889.61;1;1
2543;0.25;50.8073;29;5.82753;39.4358;29.5;65;300.911;280.939;275;330;275;275;567.13;566.84;50;275.215;;;2889.61;1;1
2544;0.25;50.706;29;5.76278;39.5747;29.5;59;300.883;280.939;275;330;275;275;567.13;566.985;50;275.224;;;2888.71;1;1
2545;0.25;50.8941;29;5.81971;39.3692;29.5;56;300.998;280.939;275;330;275;275;567.274;567.13;50;275.233;;;2888.71;1;1
2546;0.25;50.8796;29;5.74693;39.2679;29.5;49;301.042;280.679;275;330;275;275;567.419;567.274;50;275.24;;;2888.71;1;1
2547;0.25;50.8247;29;5.79401;39.2679;29.5;46;301.172;280.939;275;330;275;275;567.419;567.274;50;275.247;;;2886.02;1;1
2548;0.25;50.8333;29;5.77725;39.2679;29.5;43;301.085;280.939;275;330;275;275;567.419;567.13;50;275.253;;;2882.98;1;1
2549;0.25;50.4977;29;5.7391;39.2679;29.5;40;300.984;280.939;275;330;275;275;567.274;567.13;50;275.258;;;2882.98;1;1
2550;0.25;50.9115;29;5.76831;39.3692;29.5;38;300.275;280.939;275;330;275;275;567.13;566.985;50;275.263;;;2882.98;1;1
2551;0.25;51.0127;29;5.81545;39.3692;29.5;37;300.26;280.939;275;330;275;275;567.13;566.985;50;275.267;;;2880.29;1;1
2552;0.25;50.4948;29;5.79169;39.265;29.5;39;300.405;280.939;275;330;275;275;567.13;566.84;50;275.271;;;2877.58;1;1
2553;0.25;50.4022;29;5.76346;39.1667;29.5;40;300.42;280.939;275;330;275;275;566.985;566.84;50;275.27;;;2877.58;1;1
2554;0.25;50.9115;29;5.80391;39.1667;29.5;36;300.116;280.939;275;330;275;275;567.13;566.84;50;275.262;;;2877.58;1;1
2555;0.25;50.8102;29;5.79236;39.1667;29.5;43;300.13;281.055;275;330;275;275;567.13;566.985;50;275.254;;;2877.58;1;1
2556;0.25;50.8247;29;5.81177;39.2679;29.5;54;299.494;280.939;275;330;275;275;567.274;566.985;50;275.237;;;2877.58;1;1
2557;0.25;50.5035;29;5.79268;39.3692;29.5;55;299.363;280.939;275;330;275;275;567.274;566.985;50;275.221;;;2877.58;1;1
2558;0.25;50.6047;29;5.8043;39.5747;29.5;52;299.074;280.773;275;330;275;275;567.274;566.985;50;275.207;;;2877.58;1;1
2559;0.25;50.7089;29;5.74537;39.3692;29.5;67;298.843;280.924;275;330;275;275;567.274;567.13;50;275.195;;;2876.69;1;1
2560;0.25;50.8304;29;5.74138;39.5573;29.5;74;298.944;280.924;275;330;275;275;567.13;567.13;50;275.193;;;2875.79;1;1
2561;0.25;51.0098;29;5.85076;39.6759;29.5;82;299.016;280.758;275;330;275;275;567.274;567.13;50;275.203;;;2874;1;1
2562;0.25;50.9115;29;5.76831;39.2679;29.5;87;298.38;280.917;275;330;275;275;567.274;567.13;50;275.22;;;2874;1;1
2563;0.25;51.2153;29;5.82065;39.2679;29.5;92;298.365;280.917;275;330;275;275;567.13;566.985;50;275.24;;;2872.91;1;1
2564;0.25;51.1169;29;5.79159;39.1667;29.5;101;298.235;280.744;275;330;275;275;567.274;566.985;50;275.259;;;2870.22;1;1
2565;0.25;51.0851;29;5.8237;39.0654;29.5;111;298.206;280.917;275;330;275;275;567.274;567.13;50;275.275;;;2870.22;1;1
2566;0.25;51.1169;29;5.86304;39.294;29.5;106;298.148;280.91;275;330;275;275;567.274;567.13;50;275.29;;;2870.22;1;1
2567;0.25;50.8102;29;5.81011;39.3692;29.5;99;297.815;280.917;275;330;275;275;567.419;567.274;50;275.294;;;2870.22;1;1
2568;0.25;50.7089;29;5.78082;39.3692;29.5;104;297.859;280.903;275;330;275;275;567.419;567.13;50;275.285;;;2870.22;1;1
2569;0.25;50.7118;29;5.74569;39.3692;29.5;114;298.032;280.809;275;330;275;275;567.419;567.13;50;275.265;;;2869.33;1;1
2570;0.25;50.7089;29;5.7631;39.3461;29.5;110;298.076;280.809;275;330;275;275;567.419;567.274;50;275.246;;;2869.33;1;1
2571;0.25;50.706;29;5.72732;39.3461;29.5;109;298.047;280.816;275;330;275;275;567.564;567.419;50;275.24;;;2869.33;1;1
2572;0.25;50.7465;29;5.74963;39.5747;29.5;113;297.96;280.802;275;330;275;275;567.564;567.419;50;275.239;;;2867.54;1;1
2573;0.25;50.9115;29;5.76831;39.7743;29.5;117;297.815;280.802;275;330;275;275;567.708;567.564;50;275.247;;;2866.64;1;1
2574;0.25;51.114;29;5.75555;39.4502;29.5;114;297.786;280.823;275;330;275;275;567.564;567.419;50;275.252;;;2866.64;1;1
2575;0.25;51.0127;29;5.77979;39.4068;29.5;114;297.946;280.802;275;330;275;275;567.564;567.274;50;275.264;;;2865.75;1;1
2576;0.25;51.114;29;5.71984;39.2216;29.5;118;298.061;280.83;275;330;275;275;567.419;567.274;50;275.279;;;2863.96;1;1
2577;0.25;51.2153;29;5.78485;39.3171;29.5;120;298.814;280.838;275;330;275;275;567.419;567.274;50;275.264;;;2863.06;1;1
2578;0.25;51.0127;29;5.70851;39.2679;29.5;111;298.77;280.845;275;330;275;275;567.564;567.274;50;275.23;;;2862.17;1;1
2579;0.25;50.8796;29;5.71139;39.3692;29.5;104;298.698;280.845;275;330;275;275;567.564;567.564;50;275.193;;;2862.17;1;1
2580;0.25;50.9115;29;5.71496;39.3692;29.5;106;298.683;280.78;275;330;275;275;567.708;567.419;50;275.169;;;2860.38;1;1
2581;0.25;50.9115;29;5.69717;39.1667;29.5;107;298.683;280.83;275;330;275;275;567.708;567.419;50;275.156;;;2860.38;1;1
2582;0.25;50.8102;29;5.68584;39.2679;29.5;104;298.553;280.83;275;330;275;275;567.708;567.564;50;275.159;;;2860.21;1;1
2583;0.25;50.9115;29;5.71496;39.4734;29.5;102;298.828;280.838;275;330;275;275;567.708;567.564;50;275.164;;;2860.21;1;1
2584;0.25;50.9896;29;5.70592;39.3692;29.5;105;298.929;280.823;275;330;275;275;567.708;567.419;50;275.168;;;2860.21;1;1
2585;0.25;50.8073;29;5.61452;39.2679;29.5;104;299.045;280.823;275;330;275;275;567.708;567.564;50;275.172;;;2859.31;1;1
2586;0.25;50.8478;29;5.65452;39.1667;29.5;104;299.103;280.867;275;330;275;275;567.708;567.419;50;275.175;;;2859.31;1;1
2587;0.25;50.9143;29;5.64414;39.3721;29.5;104;299.045;280.816;275;330;275;275;567.853;567.564;50;275.178;;;2857.52;1;1
2588;0.25;51.0127;29;5.63722;39.2708;29.5;105;299.74;280.888;275;330;275;275;567.708;567.419;50;275.181;;;2856.63;1;1
2589;0.25;50.9115;29;5.60822;39.2679;29.5;99;299.117;280.859;275;330;275;275;567.708;567.419;50;275.187;;;2854.84;1;1
2590;0.25;51.2182;29;5.65992;39.2679;29.5;90;299.089;280.888;275;330;275;275;567.708;567.419;50;275.2;;;2854.84;1;1
2591;0.25;51.3194;29;5.61731;38.941;29.5;96;299.132;280.903;275;330;275;275;567.564;567.419;50;275.232;;;2854.84;1;1
2592;0.25;51.2182;29;5.64201;39.0654;29.5;99;299.204;280.881;275;330;275;275;567.564;567.419;50;275.262;;;2851.27;1;1
2593;0.25;51.276;29;5.59464;39.0654;29.5;94;299.306;280.896;275;330;275;275;567.419;567.274;50;275.286;;;2851.27;1;1
2594;0.25;51.0127;29;5.58374;39.5486;29.6;87;299.378;280.896;275;330;275;275;567.419;567.274;50;275.302;;;2850.37;1;1
2595;0.25;50.8102;29;5.54382;39.7772;29.6;83;299.349;280.881;275;330;275;275;567.564;567.419;50;275.305;;;2850.37;1;1
2596;0.25;50.8883;29;5.60567;39.6759;29.6;80;299.826;280.787;275;330;275;275;567.564;567.419;50;275.302;;;2849.48;1;1
2597;0.25;51.2182;29;5.57044;39.5747;29.6;75;299.971;280.787;275;330;275;275;567.564;567.419;50;275.302;;;2848.59;1;1
2598;0.25;51.2182;29;5.58833;39.5718;29.6;67;299.899;280.744;275;330;275;275;567.564;567.419;50;275.304;;;2848.59;1;1
2599;0.25;50.9143;29;5.55518;39.5747;29.6;60;299.928;280.867;275;330;275;275;567.708;567.419;50;275.316;;;2848.59;1;1
2600;0.25;50.9115;29;5.59044;39.4647;29.6;57;299.986;280.802;275;330;275;275;567.998;567.564;50;275.344;;;2848.59;1;1
2601;0.25;51.3252;29;5.60001;39.5747;29.6;50;300.13;280.867;275;330;275;275;567.853;567.708;50;275.384;;;2848.59;1;1
2602;0.25;51.2182;29;5.58833;39.6701;29.6;46;300.072;280.867;275;330;275;275;567.853;567.564;50;275.42;;;2846.78;1;1
2603;0.25;51.2182;29;5.57044;39.5747;29.6;47;299.971;280.867;275;330;275;275;567.853;567.564;50;275.445;;;2844.99;1;1
2604;0.25;51.3166;29;5.63492;39.4705;29.6;46;299.826;280.867;275;330;275;275;567.853;567.564;50;275.452;;;2842.32;1;1
2605;0.25;50.9086;29;5.55455;39.4705;29.6;39;299.06;280.859;275;330;275;275;567.853;567.564;50;275.457;;;2837.86;1;1
2606;0.25;51.2124;29;5.56981;39.6094;29.6;33;299.089;280.852;275;330;275;275;567.853;567.564;50;275.453;;;2837.86;1;1
2607;0.25;50.7639;29;5.52103;39.5457;29.6;31;299.204;280.888;275;330;275;275;567.853;567.564;50;275.447;;;2836.96;1;1
2608;0.25;51.114;29;5.54125;39.3692;29.6;30;299.262;280.845;275;330;275;275;567.998;567.708;50;275.442;;;2836.07;1;1
2609;0.25;50.7089;29.1;5.78847;39.3692;29.6;30;299.334;280.838;275;330;275;275;567.998;567.708;50;275.438;;;2836.07;1;1
2610;0.25;50.9115;29.1;5.88274;39.3432;29.6;28;299.045;280.794;275;330;275;275;567.998;567.708;50;275.428;;;2836.07;1;1
2611;0.25;51.3021;29.1;5.83826;39.2072;29.6;25;298.929;280.794;275;330;275;275;567.853;567.564;50;275.413;;;2836.07;1;1
2612;0.25;51.1169;29.1;5.8529;39.2679;29.6;37;298.828;280.787;275;330;275;275;567.853;567.708;50;275.399;"KHP102      ";;2836.07;1;1
2613;0.25;51.0561;29.1;5.81027;39.2679;29.6;40;298.061;280.787;275;330;275;275;567.853;567.564;50;275.352;;;2834.29;1;1
2614;0.25;51.3194;29.1;5.80436;39.4705;29.6;43;298.163;280.78;275;330;275;275;567.853;567.708;50;275.287;;;2834.29;1;1
2615;0.25;51.2066;29.1;5.80948;39.2679;29.6;55;298.119;280.78;275;330;275;275;567.853;567.708;50;275.231;;;2834.29;1;1
2616;0.25;51.114;29.1;5.81686;39.3692;29.6;69;298.119;280.78;275;330;275;275;567.853;567.708;50;275.182;;;2833.19;1;1
2617;0.25;51.1777;29.1;5.78832;39.3692;29.6;79;297.989;280.787;275;330;275;275;567.853;567.708;50;275.148;;;2831.41;1;1
2618;0.25;51.1169;29.1;5.81719;39.1667;29.6;89;297.121;280.787;275;330;275;275;567.853;567.564;50;275.114;;;2831.41;1;1
2619;0.25;51.4178;29.1;5.83345;39.1667;29.6;102;297.049;280.787;275;330;275;275;567.853;567.564;50;275.081;;;2831.41;1;1
2620;0.25;51.1169;29;5.47011;39.3692;29.5;123;297.02;280.78;275;330;275;275;567.853;567.564;50;275.072;;;2829.63;1;1
2621;0.25;51.0127;29;5.47681;39.4734;29.5;133;296.817;280.758;275;330;275;275;567.853;567.708;50;275.084;;;2829.63;1;1
2622;0.25;50.6018;29;5.415;39.5747;29.5;146;296.933;280.751;275;330;275;275;567.998;567.708;50;275.103;;;2829.63;1;1
2623;0.25;50.5035;29;5.38683;39.4705;29.5;162;297.049;280.744;275;330;275;275;567.998;567.853;50;275.111;;;2829.63;1;1
2624;0.25;50.7089;29;5.42645;39.1667;29.5;177;297.049;280.736;275;330;275;275;567.998;567.853;50;275.102;;;2829.63;1;1
2625;0.25;51.0909;29;5.41378;39.1667;29.5;174;296.875;280.527;275;330;275;275;567.998;567.853;50;275.09;;;2828.74;1;1
2626;0.25;51.114;29;5.48768;39.0654;29.5;179;296.788;280.527;275;330;275;275;567.853;567.708;50;275.08;;;2828.74;1;1
2627;0.25;50.4051;29;5.37633;39.2679;29.5;181;297.309;280.527;275;330;275;275;567.853;567.564;50;275.071;;;2828.74;1;1
2628;0.25;50.6076;29;5.39794;39.4039;29.5;181;297.396;280.527;275;330;275;275;567.853;567.419;50;275.06;;;2826.96;1;1
2629;0.25;51.114;29;5.45195;39.4734;29.5;178;297.454;280.527;275;330;275;275;567.708;567.564;50;275.05;;;2826.07;1;1
2630;0.25;51.4207;29;5.44874;39.5747;29.5;174;298.076;280.527;275;330;275;275;567.564;567.419;50;275.045;;;2826.07;1;1
2631;0.25;51.2182;29;5.40938;39.5747;29.5;170;298.061;280.527;275;330;275;275;567.419;567.274;50;275.05;;;2825.18;1;1
2632;0.25;51.114;29;5.39838;39.4213;29.5;170;298.481;280.527;275;330;275;275;567.564;567.419;50;275.068;;;2822.51;1;1
2633;0.25;51.4207;29;5.4667;39.3692;29.5;165;298.351;280.527;275;330;275;275;567.708;567.419;50;275.086;;;2817.68;1;1
2634;0.25;51.4178;29;5.43047;39.4734;29.5;157;298.828;280.527;275;330;275;275;567.564;567.274;50;275.1;;;2817.68;1;1
2635;0.25;51.2037;29;5.44363;39.6586;29.5;157;299.334;280.527;275;330;275;275;567.708;567.419;50;275.111;;;2816.79;1;1
2636;0.25;51.2153;29;5.48064;39.673;29.5;149;299.479;280.527;275;330;275;275;567.564;567.419;50;275.122;;;2816.79;1;1
2637;0.25;51.3194;29;5.40215;39.5747;29.6;122;300.087;280.527;275;330;275;275;567.564;567.274;50;275.134;;;2816.05;1;1
2638;0.25;51.2124;29;5.37299;39.5747;29.6;116;300.13;280.527;275;330;275;275;567.564;567.419;50;275.143;;;2816.05;1;1
2639;0.25;51.1169;29;5.38083;39.5747;29.6;113;300.564;280.527;275;330;275;275;567.708;567.419;50;275.153;;;2815.16;1;1
2640;0.25;50.9549;29;5.34597;39.7772;29.6;106;300.477;280.527;275;330;275;275;567.708;567.419;50;275.176;;;2815.16;1;1
2641;0.25;50.7205;29;5.30366;39.6759;29.6;93;300.94;280.527;275;330;275;275;567.708;567.419;50;275.203;;;2813.78;1;1
2642;0.25;50.7089;29;5.3556;39.5747;29.6;85;301.215;280.527;275;330;275;275;567.708;567.419;50;275.227;;;2813.78;1;1
2643;0.25;50.5035;29.1;5.60621;39.5747;29.6;68;301.36;280.527;275;330;275;275;567.564;567.419;50;275.248;;;2813.78;1;1
2644;0.25;50.9115;29.1;5.66929;39.4734;29.6;48;301.476;280.527;275;330;275;275;567.564;567.419;50;275.268;;;2812;1;1
2645;0.25;51.0127;29.1;5.68056;39.4734;29.7;42;302.127;280.527;275;330;275;275;567.708;567.564;50;275.278;;;2810.22;1;1
2646;0.25;51.0619;29.1;5.6682;39.4734;29.7;34;302.185;280.527;275;330;275;275;567.853;567.564;50;275.275;;;2810.22;1;1
2647;0.25;51.522;29.1;5.75527;39.4444;29.7;26;302.127;280.527;275;330;275;275;567.853;567.708;50;275.263;;;2810.22;1;1
2648;0.25;51.0503;29.1;5.66692;39.2679;29.7;17;302.474;280.527;275;330;275;275;567.998;567.708;50;275.255;;;2810.22;1;1
2649;0.25;50.8247;29.1;5.67738;39.2679;29.7;0;302.416;280.527;275;330;275;275;568.142;567.998;50;275.26;;;2810.22;1;1
2650;0.25;51.0127;29.1;5.62708;39.4705;29.7;0;302.431;280.527;275;330;275;275;568.142;567.998;50;275.265;;;2810.22;1;1
2651;0.25;50.9086;29.1;5.65118;39.3721;29.7;0;302.459;280.527;275;330;275;275;567.998;567.998;50;275.28;;;2810.22;1;1
2652;0.25;50.9115;29.1;5.68707;39.3692;29.7;0;302.083;280.527;275;330;275;275;567.998;567.853;50;275.288;"KHP102      ";;2809.33;1;1
2653;0.25;50.9115;29.2;5.96159;39.5747;29.7;0;302.17;280.527;275;330;275;275;567.998;567.708;50;275.297;;;2807.56;1;1
2654;0.25;51.0127;29.2;6.00909;39.3692;29.7;0;302.141;280.527;275;330;275;275;567.998;567.708;50;275.307;;;2807.56;1;1
2655;0.25;51.114;29.2;5.98531;39.4387;29.7;0;301.418;280.527;275;330;275;275;567.853;567.708;50;275.314;;;2807.56;1;1
2656;0.25;51.0127;29.2;5.9556;39.4705;29.7;0;301.302;280.541;275;330;275;275;567.998;567.708;50;275.32;;;2806.53;1;1
2657;0.25;51.0127;29.2;6.00909;39.5747;29.7;0;300.897;280.541;275;330;275;275;567.998;567.853;50;275.327;;;2803.86;1;1
2658;0.25;50.8102;29.2;5.98523;39.4907;29.7;0;301.013;280.534;275;330;275;275;568.142;567.708;50;275.339;;;2802.09;1;1
2659;0.25;50.7089;29.2;5.92013;39.3692;29.7;4;300.477;280.534;275;330;275;275;567.998;567.853;50;275.347;;;2802.09;1;1
2660;0.25;50.8073;29.2;5.94939;39.3692;29.6;7;300.188;280.541;275;330;275;275;567.998;567.708;50;275.355;;;2802.09;1;1
2661;0.25;50.7378;29.2;5.97671;39.5747;29.6;11;300.116;280.541;275;330;275;275;567.998;567.708;50;275.365;;;2802.09;1;1
2662;0.25;50.8218;29.2;5.98659;39.5747;29.6;19;299.421;280.541;275;330;275;275;567.998;567.708;50;275.373;;;2802.09;1;1
2663;0.25;50.8102;29.2;5.94973;39.5747;29.6;30;298.872;280.534;275;330;275;275;567.998;567.708;50;275.383;;;2801.2;1;1
2664;0.25;50.5035;29.2;5.91381;39.6759;29.6;37;298.828;280.534;275;330;275;275;567.998;567.708;50;275.388;;;2799.43;1;1
2665;0.25;50.706;29.2;5.90208;39.5747;29.6;48;298.351;280.541;275;330;275;275;567.998;567.708;50;275.379;;;2798.54;1;1
2666;0.25;50.7089;29.2;5.95559;39.3692;29.6;65;298.032;280.541;275;330;275;275;568.142;567.853;50;275.368;;;2798.54;1;1
2667;0.25;50.9115;29.2;5.97937;39.2969;29.5;71;298.134;280.534;275;330;275;275;568.142;567.853;50;275.348;;;2796.77;1;1
2668;0.25;50.8102;29.2;5.94973;39.2679;29.5;75;297.555;280.534;275;330;275;275;568.142;567.853;50;275.319;;;2796.77;1;1
2669;0.25;51.114;29.2;5.96742;39.4734;29.5;77;296.962;280.541;275;330;275;275;568.142;567.853;50;275.3;;;2796.77;1;1
2670;0.25;51.0098;29.2;5.95526;39.265;29.5;92;296.861;280.541;275;330;275;275;567.998;567.853;50;275.287;;;2796.24;1;1
2671;0.25;51.114;29.1;5.63825;39.0654;29.5;110;296.311;280.541;275;330;275;275;568.142;567.853;50;275.274;;;2795.36;1;1
2672;0.25;50.8102;29.1;5.64026;39.3171;29.5;113;296.282;280.534;275;330;275;275;568.287;568.142;50;275.263;;;2795.36;1;1
2673;0.25;50.6076;29.1;5.58239;39.4734;29.5;131;296.398;280.534;275;330;275;275;568.142;567.998;50;275.256;;;2792.7;1;1
2674;0.25;50.8102;29.1;5.64026;39.5747;29.5;144;295.906;280.541;275;330;275;275;568.287;567.998;50;275.25;;;2790.93;1;1
2675;0.25;50.7089;29.1;5.64673;39.5457;29.4;145;296.036;280.563;275;330;275;275;568.287;568.142;50;275.247;;;2790.93;1;1
2676;0.25;50.6047;29.1;5.59978;39.2679;29.4;148;296.05;280.534;275;330;275;275;568.432;568.142;50;275.242;;;2790.04;1;1
2677;0.25;51.0127;29.1;5.62708;39.2708;29.4;161;295.964;280.534;275;330;275;275;568.287;567.998;50;275.228;;;2787.38;1;1
2678;0.25;51.2153;29.1;5.7389;39.4734;29.4;169;295.833;280.541;275;330;275;275;568.287;567.998;50;275.213;;;2786.5;1;1
2679;0.25;51.2182;29.1;5.66766;39.3692;29.4;165;295.804;280.541;275;330;275;275;568.142;567.853;50;275.193;;;2786.5;1;1
2680;0.25;51.2182;29.1;5.63185;39.3576;29.4;169;296.383;280.541;275;330;275;275;568.142;567.853;50;275.179;;;2786.3;1;1
2681;0.25;50.9578;29.1;5.60321;39.2708;29.4;165;296.629;280.519;275;330;275;275;568.142;567.998;50;275.168;;;2784.53;1;1
2682;0.25;51.4236;29.1;5.65444;39.3692;29.4;165;296.557;280.534;275;330;275;275;568.142;567.853;50;275.16;;;2784.53;1;1
2683;0.25;51.169;29.1;5.64431;39.5747;29.4;170;297.034;280.563;275;330;275;275;567.998;567.853;50;275.155;;;2782.79;1;1
2684;0.25;50.8073;29.1;5.60442;39.3692;29.4;157;296.933;280.563;275;330;275;275;567.998;567.853;50;275.154;;;2782.79;1;1
2685;0.25;50.9115;29.1;5.66929;39.2679;29.4;156;297.555;280.519;275;330;275;275;567.998;567.853;50;275.165;;;2780.13;1;1
2686;0.25;50.9115;29;5.28804;39.3692;29.5;155;297.512;280.519;275;330;275;275;567.998;567.708;50;275.189;;;2780.13;1;1
2687;0.25;50.8478;29;5.28142;39.2679;29.5;148;297.873;280.563;275;330;275;275;567.998;567.853;50;275.208;;;2780.13;1;1
2688;0.25;51.114;29;5.32696;39.1725;29.5;148;297.96;280.563;275;330;275;275;567.853;567.708;50;275.209;;;2778.36;1;1
2689;0.25;51.114;29;5.34481;39.5775;29.5;140;298.727;280.563;275;330;275;275;567.853;567.708;50;275.214;;;2778.36;1;1
2690;0.25;50.9867;29.1;5.64204;39.6759;29.5;135;298.799;280.519;275;330;275;275;567.998;567.708;50;275.224;;;2778.36;1;1
2691;0.25;50.9809;29.1;5.6414;39.5515;29.5;124;299.06;280.519;275;330;275;275;568.142;567.853;50;275.232;;;2778.36;1;1
2692;0.25;50.8102;29.1;5.60474;39.4647;29.5;104;298.973;280.563;275;330;275;275;568.142;567.853;50;275.243;;;2776.6;1;1
2693;0.25;50.9115;29.1;5.58034;39.2679;29.5;99;299.58;280.563;275;330;275;275;568.142;567.998;50;275.258;;;2774.1;1;1
2694;0.25;51.0156;29.1;5.64524;39.2853;29.5;96;299.523;280.519;275;330;275;275;568.287;567.853;50;275.275;;;2774.1;1;1
2695;0.25;50.9115;29.1;5.61591;39.2679;29.6;89;299.508;280.519;275;330;275;275;568.432;567.998;50;275.3;;;2774.1;1;1
2696;0.25;50.8131;29.1;5.56955;39.1667;29.6;78;299.928;280.519;275;330;275;275;568.287;568.142;50;275.337;;;2772.33;1;1
2697;0.25;50.9115;29.1;5.58034;39.2679;29.6;69;300.058;280.556;275;330;275;275;568.576;568.142;50;275.379;;;2770.56;1;1
2698;0.25;51.0127;29.1;5.66274;39.3692;29.6;62;300.738;280.556;275;330;275;275;568.576;568.287;50;275.415;;;2769.68;1;1
2699;0.25;51.0127;29.1;5.60926;39.1667;29.6;52;300.68;280.527;275;330;275;275;568.576;568.432;50;275.451;;;2769.68;1;1
2700;0.25;51.2153;29.1;5.57786;39.1667;29.6;36;300.593;280.548;275;330;275;275;568.721;568.287;50;275.47;;;2768.8;1;1
2701;0.25;51.2182;29.1;5.64974;39.4705;29.6;23;300.506;280.556;275;330;275;275;568.721;568.432;50;275.476;;;2768.8;1;1
2702;0.25;51.0098;29.1;5.66242;39.6759;29.6;17;300.434;280.556;275;330;275;275;568.721;568.576;50;275.473;;;2768.8;1;1
2703;0.25;50.7147;29.1;5.57649;39.7772;29.6;0;300.463;280.519;275;330;275;275;568.721;568.432;50;275.472;;;2768.8;1;1
2704;0.25;50.6047;29.1;5.58207;39.5747;29.6;0;300.694;280.548;275;330;275;275;568.721;568.287;50;275.464;;;2768.8;1;1
2705;0.25;50.5237;29.1;5.53784;39.5747;29.6;0;300.709;280.548;275;330;275;275;568.576;568.287;50;275.457;;;2764.38;1;1
2706;0.25;50.7784;29.2;5.9105;39.6759;29.6;0;300.767;280.556;275;330;275;275;568.432;568.287;50;275.451;;;2764.38;1;1
2707;0.25;51.0127;29.2;5.90214;39.5255;29.6;0;300.781;280.556;275;330;275;275;568.432;568.142;50;275.446;;;2764.38;1;1
2708;0.25;51.0127;29.2;5.91996;39.5747;29.6;0;300.072;280.527;275;330;275;275;568.432;568.142;50;275.449;;;2761.73;1;1
2709;0.25;51.0532;29.2;5.90683;39.4734;29.6;0;299.986;280.556;275;330;275;275;568.432;568.142;50;275.454;;;2760.85;1;1
2710;0.25;50.9578;29.2;5.94918;39.3692;29.6;0;299.826;280.563;275;330;275;275;568.432;568.142;50;275.458;;;2759.97;1;1
2711;0.25;50.7089;29.2;5.8847;39.1667;29.6;0;299.609;280.563;275;330;275;275;568.432;568.142;50;275.451;;;2759.97;1;1
2712;0.25;50.3067;29.2;5.87318;39.2622;29.6;0;299.797;280.563;275;330;275;275;568.287;568.142;50;275.446;;;2759.97;1;1
2713;0.25;50.1997;29.2;5.8256;39.1667;29.6;0;299.103;280.563;275;330;275;275;568.287;567.998;50;275.441;;;2758.21;1;1
2714;0.25;50.6047;29.2;5.87261;39.2679;29.6;2;298.799;280.563;275;330;275;275;568.142;567.853;50;275.437;;;2757.33;1;1
2715;0.25;50.5035;29.2;5.89615;39.2679;29.6;5;298.409;280.548;275;330;275;275;568.142;567.998;50;275.423;;;2757.33;1;1
2716;0.25;50.706;29.2;5.86665;39.0683;29.6;13;297.975;280.548;275;330;275;275;568.142;567.998;50;275.413;;;2753.61;1;1
2717;0.25;50.6047;29.2;5.87261;39.1638;29.6;25;297.873;280.534;275;330;275;275;568.142;567.998;50;275.412;;;2750.48;1;1
2718;0.25;51.1748;29.2;5.95664;39.2679;29.6;42;297.106;280.534;275;330;275;275;568.287;567.998;50;275.407;;;2749.93;1;1
2719;0.25;50.9086;29.2;5.8723;39.3692;29.5;52;296.875;280.563;275;330;275;275;568.287;568.142;50;275.395;;;2749.93;1;1
2720;0.25;51.1169;29.2;5.89633;39.1638;29.5;61;296.991;280.563;275;330;275;275;568.432;568.142;50;275.384;;;2749.93;1;1
2721;0.25;50.6076;29.2;5.87295;39.0654;29.5;77;296.224;280.534;275;330;275;275;568.576;568.287;50;275.356;;;2749.34;1;1
2722;0.25;50.7986;29.1;5.51473;39.1667;29.5;94;296.036;280.563;275;330;275;275;568.576;568.287;50;275.298;;;2749.34;1;1
2723;0.25;50.8333;29.1;5.5185;39.0654;29.5;110;295.992;280.548;275;330;275;275;568.576;568.287;50;275.235;;;2749.34;1;1
2724;0.25;50.9115;29.1;5.54477;38.9641;29.5;117;295.877;280.548;275;330;275;275;568.576;568.287;50;275.165;;;2749.34;1;1
2725;0.25;51.0098;29.1;5.55548;38.9641;29.5;127;295.052;280.563;275;330;275;275;568.721;568.287;50;275.1;;;2749.34;1;1
2726;0.25;51.0127;29.1;5.53797;38.7703;29.4;145;295.602;280.512;275;330;275;275;568.576;568.432;50;275.036;;;2749.34;1;1
2727;0.25;50.7089;29.1;5.50499;38.7587;29.4;167;295.703;280.563;275;330;275;275;568.721;568.287;50;274.991;;;2749.34;1;1
2728;0.25;50.6047;29.1;5.49368;38.8628;29.4;176;295.747;280.563;275;330;275;275;568.576;568.287;50;274.976;;;2748.35;1;1
2729;0.25;50.5035;29.1;5.46505;38.9641;29.4;187;295.775;280.563;275;330;275;275;568.432;568.287;50;274.973;;;2747.47;1;1
2730;0.25;50.5064;29.1;5.483;38.9641;29.4;206;295.79;280.563;275;330;275;275;568.432;568.287;50;274.981;;;2746.97;1;1
2731;0.25;50.3009;29.1;5.44313;38.8628;29.4;217;295.703;280.563;275;330;275;275;568.432;568.142;50;274.989;;;2746.97;1;1
2732;0.25;50.4022;29.1;5.47169;39.0654;29.4;220;295.616;280.563;275;330;275;275;568.287;568.142;50;274.991;;;2746.09;1;1
2733;0.25;51.0127;29.1;5.50233;39.0654;29.4;219;295.761;280.563;275;330;275;275;568.287;567.998;50;274.984;;;2742.57;1;1
2734;0.25;51.0127;29;5.19163;39.0654;29.4;225;295.747;280.563;275;330;275;275;568.287;567.998;50;274.973;;;2742.57;1;1
2735;0.25;50.8102;29;5.18877;39.3721;29.4;223;296.672;280.512;275;330;275;275;568.432;568.142;50;274.966;;;2741.25;1;1
2736;0.25;50.7205;29;5.12645;39.4734;29.4;218;297.005;280.563;275;330;275;275;568.576;568.142;50;274.968;;;2739.49;1;1
2737;0.25;50.8102;29;5.18877;39.3692;29.4;211;297.063;280.57;275;330;275;275;568.576;568.432;50;274.958;;;2738.61;1;1
2738;0.25;50.6047;29;5.13243;39.077;29.4;209;297.772;280.563;275;330;275;275;568.576;568.432;50;274.941;;;2738.17;1;1
2739;0.25;50.6047;29;5.09705;38.9641;29.4;197;297.96;280.563;275;330;275;275;568.721;568.432;50;274.913;;;2737.29;1;1
2740;0.25;50.7118;29;5.0724;38.9641;29.4;191;298.032;280.548;275;330;275;275;568.721;568.432;50;274.879;;;2735.53;1;1
2741;0.25;51.1487;29;5.11611;39.1493;29.4;179;298.843;280.548;275;330;275;275;568.576;568.432;50;274.84;;;2734.65;1;1
2742;0.25;51.1487;29;5.13397;39.1638;29.5;167;298.944;280.548;275;330;275;275;568.721;568.432;50;274.807;;;2734.65;1;1
2743;0.25;51.0127;29;5.08468;39.0654;29.5;157;299.306;280.548;275;330;275;275;568.866;568.576;50;274.781;;;2733.78;1;1
2744;0.25;50.7986;29;5.13435;39.2679;29.5;155;300.13;280.534;275;330;275;275;569.01;568.576;50;274.76;;;2732.02;1;1
2745;0.25;50.8623;29.1;5.41501;39.3692;29.5;152;300.42;280.548;275;330;275;275;569.01;568.721;50;274.736;;;2732.02;1;1
2746;0.25;51.0127;29.1;5.44885;39.1667;29.5;149;301.071;280.548;275;330;275;275;568.866;568.576;50;274.708;;;2731.14;1;1
2747;0.25;50.9115;29.1;5.40246;39.0654;29.5;135;301.215;280.548;275;330;275;275;568.721;568.432;50;274.684;;;2731.14;1;1
2748;0.25;50.9115;29.1;5.42024;38.9959;29.6;139;301.186;280.548;275;330;275;275;568.576;568.432;50;274.65;;;2731.14;1;1
2749;0.25;50.8102;29.1;5.46274;39.0654;29.6;134;301.924;280.548;275;330;275;275;568.721;568.432;50;274.636;;;2729.38;1;1
2750;0.25;50.8073;29.1;5.37366;39.1667;29.6;130;302.286;280.548;275;330;275;275;568.721;568.432;50;274.635;;;2729.38;1;1
2751;0.25;50.7089;29.1;5.36325;39.0654;29.6;129;302.373;280.548;275;330;275;275;568.576;568.432;50;274.639;;;2728.51;1;1
2752;0.25;50.9115;29.1;5.38467;38.9323;29.6;121;303.197;280.548;275;330;275;275;568.576;568.432;50;274.635;;;2726.75;1;1
2753;0.25;51.0793;29.1;5.36674;38.8628;29.6;113;303.111;280.534;275;330;275;275;568.721;568.432;50;274.628;;;2726.64;1;1
2754;0.25;51.0503;29.2;5.69246;39.0654;29.6;110;303.255;280.548;275;330;275;275;568.721;568.576;50;274.612;;;2726.64;1;1
2755;0.25;51.2182;29.2;5.72907;39.2679;29.6;111;303.197;280.548;275;330;275;275;568.721;568.576;50;274.6;;;2726.64;1;1
2756;0.25;51.0446;29.2;5.67398;39.1667;29.7;110;303.95;280.548;275;330;275;275;568.866;568.576;50;274.588;;;2723.19;1;1
2757;0.25;51.2124;29.2;5.67475;39.0654;29.7;109;304.094;280.548;275;330;275;275;568.866;568.721;50;274.587;;;2722.32;1;1
2758;0.25;51.114;29.2;5.6817;39.0683;29.7;98;304.239;280.548;275;330;275;275;568.866;568.576;50;274.591;;;2720.56;1;1
2759;0.25;50.8623;29.2;5.65372;38.8021;29.7;97;304.499;280.548;275;330;275;275;568.721;568.576;50;274.604;;;2719.82;1;1
2760;0.25;50.9028;29.2;5.60485;39.0654;29.7;100;304.47;280.548;275;330;275;275;568.866;568.576;50;274.623;;;2718.06;1;1
2761;0.25;51.2182;29.2;5.63958;39.0451;29.7;81;304.355;280.548;275;330;275;275;568.866;568.576;50;274.635;;;2718.06;1;1
2762;0.25;51.2153;29.3;6.04067;39.1667;29.7;83;305.064;280.534;275;330;275;275;568.721;568.576;50;274.655;;;2718.06;1;1
2763;0.25;51.114;29.3;6.04658;39.3692;29.7;78;304.991;280.548;275;330;275;275;568.866;568.576;50;274.67;;;2718.06;1;1
2764;0.25;50.7089;29.3;5.94552;39.158;29.7;76;305.006;280.548;275;330;275;275;568.866;568.721;50;274.685;;;2717.19;1;1
2765;0.25;50.9867;29.3;6.01371;39.0654;29.7;70;305.15;280.541;275;330;275;275;568.866;568.576;50;274.705;;;2717.19;1;1
2766;0.25;51.114;29.3;5.95728;38.9641;29.7;65;305.237;280.548;275;330;275;275;568.721;568.432;50;274.729;;;2715.73;1;1
2767;0.25;51.0185;29.3;5.9105;38.8947;29.7;64;305.223;280.541;275;330;275;275;568.866;568.432;50;274.757;;;2714.86;1;1
2768;0.25;50.6047;29.3;5.9156;39.0654;29.7;58;305.122;280.541;275;330;275;275;568.866;568.576;50;274.781;;;2714.86;1;1
2769;0.25;50.7089;29.3;5.87464;38.86;29.7;55;305.035;280.541;275;330;275;275;568.866;568.721;50;274.783;;;2714.86;1;1
2770;0.25;50.9462;29.3;5.97334;38.8628;29.7;53;304.977;280.541;275;330;275;275;569.01;568.721;50;274.782;;;2714.86;1;1
2771;0.25;50.7089;29.3;5.92778;38.8889;29.7;50;305.15;280.519;275;330;275;275;569.01;568.721;50;274.799;;;2714.86;1;1
2772;0.25;50.6047;29.3;5.86257;38.9352;29.7;43;304.456;280.541;275;330;275;275;569.01;568.866;50;274.822;;;2712.23;1;1
2773;0.25;50.8247;29.3;5.85254;39.0654;29.6;39;304.514;280.541;275;330;275;275;569.155;569.01;50;274.846;;;2710.48;1;1
2774;0.25;50.7292;29.4;6.15051;39.0451;29.6;39;304.644;280.527;275;330;275;275;569.155;568.866;50;274.875;;;2710.48;1;1
2775;0.25;50.9115;29.4;6.20819;39.294;29.6;41;304.528;280.527;275;330;275;275;569.155;569.01;50;274.89;;;2709.09;1;1
2776;0.25;51.0127;29.4;6.20272;39.184;29.6;40;303.964;280.527;275;330;275;275;569.155;569.01;50;274.878;;;2706.82;1;1
2777;0.25;51.0532;29.4;6.18981;39.1696;29.6;38;304.051;280.527;275;330;275;275;569.155;568.866;50;274.845;;;2706.35;1;1
2778;0.25;51.713;29.4;6.25173;39.4705;29.6;35;303.646;280.527;275;330;275;275;569.01;569.01;50;274.806;;;2705.47;1;1
2779;0.25;51.8287;29.4;6.26572;39.4821;29.6;39;303.762;280.527;275;330;275;275;569.01;568.866;50;274.772;;;2704.6;1;1
2780;0.25;52.0341;29.4;6.29056;39.7772;29.6;42;303.617;280.527;275;330;275;275;569.01;568.721;50;274.741;;;2701.41;1;1
2781;0.25;51.93;29.4;6.27796;39.8785;29.6;43;303.067;280.527;275;330;275;275;569.01;568.721;50;274.722;;;2700.53;1;1
2782;0.25;51.93;29.4;6.2961;39.8727;29.6;49;302.474;280.527;275;330;275;275;569.155;568.866;50;274.708;;;2700.53;1;1
2783;0.25;51.6348;29.4;6.22424;39.9219;29.6;65;302.358;280.527;275;330;275;275;569.3;569.01;50;274.707;;;2700.53;1;1
2784;0.25;51.8258;29.3;5.87727;40.1823;29.6;76;302.04;280.527;275;330;275;275;569.155;568.866;50;274.712;;;2699.97;1;1
2785;0.25;51.7245;29.3;5.84772;40.1707;29.6;87;302.069;280.527;275;330;275;275;569.155;569.01;50;274.722;;;2699.97;1;1
2786;0.25;51.6233;29.3;5.8543;39.9797;29.5;100;301.635;280.534;275;330;275;275;569.155;569.01;50;274.73;;;2699.97;1;1
2787;0.25;52.0486;29.3;5.92072;39.9797;29.5;119;301.548;280.527;275;330;275;275;569.155;569.01;50;274.738;;"(( Pi() / ([11:7] * 0.001)) * (Pow(0.5 * [3:10], 2) - Pow(0.5 * 0.48, 2))) / [32:124]";2699.97;1;1
2788;0.25;52.1296;29.3;5.91173;39.9797;29.5;121;301.562;280.527;275;330;275;275;569.3;569.01;50;274.744;;;2698.41;1;1
2789;0.25;52.1325;29.3;5.91205;39.8785;29.5;130;300.969;280.527;275;330;275;275;569.155;569.01;50;274.755;;;2697.53;1;1
2790;0.25;52.3351;29.3;5.91674;39.8785;29.5;139;300.897;280.527;275;330;275;275;569.3;568.866;50;274.762;;;2697.53;1;1
2791;0.25;52.0312;29.3;5.88239;39.6759;29.5;145;300.883;280.512;275;330;275;275;569.155;568.866;50;274.762;;;2696.66;1;1
2792;0.25;51.82;29.3;5.84041;39.6759;29.5;144;300.694;280.512;275;330;275;275;569.155;568.866;50;274.755;"KHP102      ";;2693.16;1;1
2793;0.25;51.8113;29.3;5.83943;39.6759;29.5;158;300.781;280.512;275;330;275;275;569.155;568.866;50;274.754;;;2693.16;1;1
2794;0.25;51.7245;29.3;5.81158;39.6759;29.5;163;300.637;280.541;275;330;275;275;569.155;569.01;50;274.748;;;2693.16;1;1
2795;0.25;51.6233;29.3;5.8002;39.8814;29.5;163;300.883;280.512;275;330;275;275;569.155;569.01;50;274.729;;;2693.16;1;1
2796;0.25;51.93;29.3;5.78024;39.8785;29.5;162;300.825;280.519;275;330;275;275;569.3;569.155;50;274.719;;;2692.29;1;1
2797;0.25;51.8316;29.2;5.48982;39.7772;29.5;162;300.767;280.512;275;330;275;275;569.444;569.155;50;274.718;;;2692.29;1;1
2798;0.25;51.8142;29.2;5.46988;39.7772;29.5;163;300.969;280.512;275;330;275;275;569.444;569.155;50;274.701;;;2691.42;1;1
2799;0.25;51.6233;29.2;5.41365;39.6412;29.5;162;300.883;280.512;275;330;275;275;569.444;569.155;50;274.677;"KHP102      ";;2688.8;1;1
2800;0.25;51.6233;29.2;5.41365;39.7772;29.5;152;300.926;280.512;275;330;275;275;569.444;569.155;50;274.654;;;2687.05;1;1
2801;0.25;51.6233;29.2;5.43168;39.6759;29.5;150;301.027;280.519;275;330;275;275;569.3;569.155;50;274.636;;;2687.05;1;1
2802;0.25;51.6435;29.2;5.41577;39.8785;29.5;156;301.866;280.519;275;330;275;275;569.3;569.01;50;274.618;;;2687.05;1;1
2803;0.25;51.6233;29.2;5.35952;39.6759;29.5;157;301.91;280.512;275;330;275;275;569.155;569.01;50;274.609;;;2686.18;1;1
2804;0.25;51.7622;29.2;5.39202;39.6759;29.5;156;301.548;280.534;275;330;275;275;569.3;569.01;50;274.623;;;2684.43;1;1
2805;0.25;51.7245;29.2;5.4062;39.8003;29.5;155;302.054;280.534;275;330;275;275;569.3;569.01;50;274.631;;;2684.43;1;1
2806;0.25;51.6233;29.2;5.41365;39.5747;29.5;153;301.968;280.541;275;330;275;275;569.3;569.01;50;274.636;;;2684.43;1;1
2807;0.25;51.6985;29.2;5.40348;39.7772;29.5;148;302.648;280.512;275;330;275;275;569.3;569.01;50;274.632;;;2684.43;1;1
2808;0.25;51.6985;29.2;5.40348;39.7772;29.5;144;302.59;280.541;275;330;275;275;569.155;569.155;50;274.628;;;2681.82;1;1
2809;0.25;52.0949;29.2;5.39029;39.9797;29.5;135;302.633;280.534;275;330;275;275;569.155;569.01;50;274.624;;;2681.82;1;1
2810;0.25;52.0341;29.2;5.384;40.081;29.6;135;303.212;280.534;275;330;275;275;569.155;569.01;50;274.627;;;2681.82;1;1
2811;0.25;52.1325;29.2;5.41239;40.0839;29.6;125;303.168;280.541;275;330;275;275;569.3;569.01;50;274.641;;;2681.59;1;1
2812;0.25;51.93;29.2;5.35508;40.1852;29.6;120;303.602;280.541;275;330;275;275;569.3;569.155;50;274.672;;;2681.59;1;1
2813;0.25;51.6609;29.2;5.32733;40.0434;29.6;118;303.53;280.534;275;330;275;275;569.589;569.3;50;274.704;;;2681.41;1;1
2814;0.25;51.4294;29.2;5.33939;39.8785;29.6;111;303.501;280.534;275;330;275;275;569.444;569.3;50;274.714;;;2680.54;1;1
2815;0.25;51.6233;29.2;5.35952;39.9797;29.6;109;304.08;280.534;275;330;275;275;569.444;569.3;50;274.712;;;2680.34;1;1
2816;0.25;51.8316;29.2;5.34494;39.9826;29.6;100;304.21;280.548;275;330;275;275;569.3;569.01;50;274.703;;;2679.47;1;1
2817;0.25;52.0197;29.2;5.3825;39.9769;29.6;87;304.282;280.548;275;330;275;275;569.3;569.01;50;274.694;;;2678.6;1;1
2818;0.25;51.7245;29.2;5.3339;40.081;29.6;81;304.181;280.534;275;330;275;275;569.155;569.01;50;274.683;;;2678.6;1;1
2819;0.25;51.7274;29.2;5.29805;39.9797;29.6;82;304.702;280.527;275;330;275;275;569.3;569.155;50;274.685;;;2673.21;1;1
2820;0.25;51.9329;29.2;5.33724;39.7772;29.6;67;304.601;280.548;275;330;275;275;569.155;569.01;50;274.699;;;2673.21;1;1
2821;0.25;51.8924;29.2;5.38746;39.9595;29.6;66;304.586;280.541;275;330;275;275;569.155;568.866;50;274.703;;;2672.34;1;1
2822;0.25;51.8287;29.2;5.34464;39.9797;29.6;61;304.702;280.527;275;330;275;275;569.01;568.721;50;274.703;;;2670.93;1;1
2823;0.25;51.7419;29.2;5.28146;40.1823;29.7;54;304.818;280.519;275;330;275;275;568.866;568.576;50;274.703;;;2669.19;1;1
2824;0.25;51.522;29.3;5.64481;40.2865;29.7;57;304.89;280.548;275;330;275;275;568.576;568.432;50;274.703;;;2669.19;1;1
2825;0.25;51.7188;29.3;5.63023;39.8495;29.7;59;304.731;280.563;275;330;275;275;568.721;568.432;50;274.703;;;2669.19;1;1
2826;0.25;51.7014;29.3;5.6464;39.7772;29.7;56;304.167;280.541;275;330;275;275;568.721;568.432;50;274.718;;;2669.19;1;1
2827;0.25;51.7188;29.3;5.63023;39.7801;29.7;52;304.08;280.534;275;330;275;275;568.576;568.287;50;274.751;;;2668.32;1;1
2828;0.25;51.7766;29.3;5.63653;39.8785;29.7;63;304.022;280.534;275;330;275;275;568.721;568.432;50;274.793;;;2668.32;1;1
2829;0.25;52.0139;29.3;5.60785;39.9797;29.7;70;304.036;280.556;275;330;275;275;568.721;568.576;50;274.831;;;2668.32;1;1
2830;0.25;51.6233;29.3;5.61983;39.9797;29.7;65;303.689;280.556;275;330;275;275;568.721;568.576;50;274.868;;;2667.45;1;1
2831;0.25;51.522;29.3;5.53679;40.1823;29.7;71;303.776;280.527;275;330;275;275;568.721;568.432;50;274.906;;;2665.71;1;1
2832;0.25;51.9329;29.3;5.61726;40.1852;29.6;74;303.747;280.527;275;330;275;275;568.721;568.432;50;274.944;;;2664.84;1;1
2833;0.25;51.93;29.3;5.67136;40.1852;29.6;76;303.139;280.527;275;330;275;275;568.721;568.576;50;274.972;;;2663.97;1;1
2834;0.25;51.6319;29.3;5.56667;40.081;29.6;66;303.067;280.548;275;330;275;275;568.866;568.576;50;274.986;;;2663.27;1;1
2835;0.25;51.522;29.3;5.53679;40.0087;29.6;62;302.937;280.556;275;330;275;275;568.866;568.721;50;274.999;;;2662.4;1;1
2836;0.25;51.4207;29.3;5.56186;40.2865;29.6;57;302.431;280.519;275;330;275;275;569.01;568.721;50;275.01;;;2661.53;1;1
2837;0.25;51.8258;29.3;5.56944;40.081;29.6;55;302.517;280.527;275;330;275;275;568.866;568.721;50;275.017;;;2661.53;1;1
2838;0.25;51.6233;29.3;5.54767;39.9797;29.6;48;302.59;280.548;275;330;275;275;568.866;568.576;50;275.021;;;2661.53;1;1
2839;0.25;51.4207;29.3;5.47202;39.8785;29.6;52;302.156;280.556;275;330;275;275;568.866;568.576;50;275.019;;;2658.17;1;1
2840;0.25;51.5567;29.3;5.54052;40.081;29.6;50;302.185;280.527;275;330;275;275;569.01;568.721;50;275.009;;;2658.17;1;1
2841;0.25;51.6233;29.3;5.52964;40.0897;29.6;52;302.069;280.527;275;330;275;275;569.01;568.721;50;274.997;"KHP102      ";;2658.17;1;1
2842;0.25;51.4207;29.3;5.45405;40.136;29.6;47;301.562;280.556;275;330;275;275;569.01;568.721;50;274.986;;;2658.17;1;1
2843;0.25;51.522;29.2;5.169;40.1823;29.6;52;301.476;280.556;275;330;275;275;569.01;568.721;50;274.977;;;2657.18;1;1
2844;0.25;51.6233;29.2;5.21522;40.1852;29.6;57;300.883;280.556;275;330;275;275;568.866;568.721;50;274.968;;;2656.31;1;1
2845;0.25;52.0341;29.2;5.22038;40.1852;29.6;65;301.013;280.527;275;330;275;275;568.866;568.721;50;274.961;;;2656.31;1;1
2846;0.25;51.8287;29.2;5.21787;39.9797;29.6;66;301.143;280.541;275;330;275;275;568.866;568.576;50;274.964;;;2656.31;1;1
2847;0.25;51.8403;29.2;5.25528;39.919;29.6;70;300.564;280.924;275;330;275;275;568.866;568.721;50;274.966;;;2653.56;1;1
2848;0.25;51.6811;29.2;5.18496;40.1852;29.6;78;300.448;280.932;275;330;275;275;568.866;568.576;50;274.967;;;2653.56;1;1
2849;0.25;51.7245;29.2;5.15318;40.081;29.6;83;300.391;280.932;275;330;275;275;568.866;568.576;50;274.971;;;2652.99;1;1
2850;0.25;51.93;29.2;5.20993;40.081;29.6;87;299.87;280.932;275;330;275;275;568.866;568.576;50;274.974;;;2652.99;1;1
2851;0.25;51.8287;29.2;5.19977;40.1186;29.6;95;299.87;280.924;275;330;275;275;568.866;568.721;50;274.977;;;2652.12;1;1
2852;0.25;52.1325;29.2;5.23025;39.9942;29.6;107;299.957;280.932;275;330;275;275;568.866;568.721;50;274.974;;;2652.12;1;1
2853;0.25;52.0284;29.2;5.2198;39.9797;29.5;105;299.523;280.556;275;330;275;275;568.866;568.576;50;274.977;;;2651.25;1;1
2854;0.25;51.7245;29.2;5.18932;39.9797;29.5;105;299.595;280.527;275;330;275;275;568.866;568.721;50;274.971;;;2650.39;1;1
2855;0.25;51.6233;29.2;5.16112;40.081;29.5;117;299.552;280.932;275;330;275;275;568.866;568.721;50;274.963;;;2646.92;1;1
2856;0.25;51.7245;29.2;5.15318;40.081;29.5;130;299.667;280.686;275;330;275;275;569.01;568.721;50;274.953;;;2646.92;1;1
2857;0.25;51.93;29.2;5.17365;39.9797;29.5;133;299.595;280.693;275;330;275;275;569.01;568.721;50;274.948;;;2646.92;1;1
2858;0.25;52.0341;29.2;5.18402;39.9797;29.5;137;299.58;280.693;275;330;275;275;569.01;568.721;50;274.942;;;2644.51;1;1
2859;0.25;52.1325;29.2;5.19383;39.9797;29.5;139;299.667;280.657;275;330;275;275;568.866;568.866;50;274.938;;;2643.64;1;1
2860;0.25;52.2338;29.1;4.88577;40.081;29.5;140;299.754;280.693;275;330;275;275;569.01;568.721;50;274.934;;;2642.77;1;1
2861;0.25;52.1325;29.1;4.89451;40.2865;29.5;139;299.812;280.563;275;330;275;275;568.866;568.721;50;274.933;;;2642.77;1;1
2862;0.25;51.8258;29.1;4.90193;40.1823;29.5;139;299.855;280.563;275;330;275;275;568.866;568.721;50;274.94;;;2642.63;1;1
2863;0.25;51.8258;29.1;4.82951;40.081;29.5;142;299.479;280.527;275;330;275;275;568.866;568.721;50;274.955;;;2640.9;1;1
2864;0.25;51.7245;29.1;4.802;40.1823;29.5;140;299.812;280.563;275;330;275;275;568.866;568.721;50;274.977;;;2640.9;1;1
2865;0.25;51.7245;29.1;4.83814;40.1852;29.5;130;299.754;280.563;275;330;275;275;568.866;568.721;50;274.996;;;2640.9;1;1
2866;0.25;51.849;29.1;4.886;40.1852;29.5;124;299.913;280.563;275;330;275;275;569.01;568.866;50;275.014;;;2639.17;1;1
2867;0.25;51.8258;29.1;4.8114;40.081;29.5;130;299.826;280.556;275;330;275;275;569.155;568.866;50;275.023;;;2639.17;1;1
2868;0.25;51.8287;29.1;4.84788;40.081;29.5;124;299.913;280.519;275;330;275;275;569.155;568.866;50;275.038;;;2638.3;1;1
2869;0.25;51.8258;29.1;4.82951;40.081;29.6;113;300.029;280.519;275;330;275;275;569.01;568.721;50;275.048;;;2638.3;1;1
2870;0.25;52.1354;29.1;4.82193;40.2836;29.6;112;300.116;280.563;275;330;275;275;568.866;568.721;50;275.054;;;2636.13;1;1
2871;0.25;52.2338;29.1;4.88577;40.5903;29.6;112;300.796;280.556;275;330;275;275;568.866;568.721;50;275.059;;;2634.4;1;1
2872;0.25;52.037;29.1;4.84919;40.3877;29.6;101;300.694;280.527;275;330;275;275;568.866;568.576;50;275.058;;;2632.67;1;1
2873;0.25;51.8258;29.1;4.7933;40.3877;29.6;88;300.318;280.534;275;330;275;275;568.721;568.576;50;275.057;;;2632.67;1;1
2874;0.25;51.6522;29.1;4.81333;40.3877;29.6;90;300.304;280.548;275;330;275;275;568.721;568.432;50;275.052;;;2632.67;1;1
2875;0.25;51.6233;29.1;4.81063;40.2865;29.6;91;300.998;280.548;275;330;275;275;568.721;568.576;50;275.059;;;2632.67;1;1
2876;0.25;51.5191;29.1;4.83692;40.3877;29.6;77;301.1;280.548;275;330;275;275;568.721;568.576;50;275.077;;;2632.4;1;1
2877;0.25;51.522;29.1;4.83719;40.2865;29.6;71;301.143;280.541;275;330;275;275;568.721;568.432;50;275.109;;;2632.4;1;1
2878;0.25;52.0284;29.1;4.83021;40.081;29.6;69;301.085;280.527;275;330;275;275;568.576;568.432;50;275.144;;;2630.67;1;1
2879;0.25;52.4219;29.1;4.83012;40.1852;29.6;65;301.071;280.541;275;330;275;275;568.721;568.432;50;275.185;;;2630.67;1;1
2880;0.25;52.338;29.1;4.84067;40.081;29.6;61;300.984;280.541;275;330;275;275;568.721;568.432;50;275.218;;;2630.67;1;1
2881;0.25;52.2685;29.1;4.8525;40.1968;29.6;56;300.883;280.534;275;330;275;275;568.721;568.432;50;275.247;;;2630.67;1;1
2882;0.25;51.93;29.1;4.82107;40.3877;29.6;49;301.027;280.527;275;330;275;275;568.866;568.432;50;275.273;;;2628.94;1;1
2883;0.25;51.93;29.1;4.82107;40.1823;29.6;46;301.143;280.548;275;330;275;275;568.866;568.721;50;275.296;;;2628.07;1;1
2884;0.25;52.1325;29.2;5.13919;40.1852;29.6;37;301.157;280.548;275;330;275;275;568.866;568.721;50;275.309;"KHP102      ";;2627.21;1;1
2885;0.25;52.2338;29.2;5.13093;40.3906;29.6;32;301.143;280.541;275;330;275;275;568.866;568.721;50;275.314;;;2625.48;1;1
2886;0.25;52.2425;29.2;5.20478;40.3877;29.6;25;300.969;280.527;275;330;275;275;568.866;568.721;50;275.304;;;2623.41;1;1
2887;0.25;52.2338;29.2;5.20391;40.2662;29.6;19;300.883;280.527;275;330;275;275;568.866;568.576;50;275.292;;;2620.81;1;1
2888;0.25;51.8316;29.2;5.16384;40.3906;29.6;14;300.955;280.548;275;330;275;275;569.01;568.721;50;275.282;;;2619.95;1;1
2889;0.25;52.2338;29.2;5.18567;40.3588;29.6;12;300.405;280.556;275;330;275;275;569.01;568.721;50;275.273;;;2619.09;1;1
2890;0.25;51.8779;29.2;5.11409;40.3877;29.6;14;300.477;280.527;275;330;275;275;569.155;568.866;50;275.265;;;2617.36;1;1
2891;0.25;52.0457;29.2;5.18518;40.5903;29.6;14;300.608;280.527;275;330;275;275;569.155;568.866;50;275.256;;;2617.36;1;1
2892;0.25;51.8287;29.2;5.0549;40.6916;29.6;16;300.058;280.527;275;330;275;275;569.155;568.866;50;275.238;;;2617.36;1;1
2893;0.25;51.7245;29.2;5.09897;40.489;29.6;21;299.928;280.556;275;330;275;275;569.155;568.866;50;275.221;;;2615.63;1;1
2894;0.25;51.93;29.2;5.10108;40.1071;29.6;26;299.204;280.548;275;330;275;275;569.155;568.866;50;275.207;;;2614.77;1;1
2895;0.25;51.875;29.2;5.13193;40.1939;29.6;34;299.204;280.527;275;330;275;275;569.155;568.866;50;275.195;;;2614.77;1;1
2896;0.25;52.338;29.2;5.19601;40.489;29.6;46;298.944;280.527;275;330;275;275;569.155;569.01;50;275.176;;;2614.77;1;1
2897;0.25;51.93;29.2;5.13736;40.3877;29.6;61;298.394;280.548;275;330;275;275;569.3;569.01;50;275.156;;;2614.77;1;1
2898;0.25;52.1325;29.2;5.19383;40.081;29.6;75;298.336;280.548;275;330;275;275;569.155;568.866;50;275.139;;;2613.74;1;1
2899;0.25;52.338;29.2;5.17772;40.0839;29.6;82;298.105;280.534;275;330;275;275;569.155;568.866;50;275.128;;;2612.02;1;1
2900;0.25;52.338;29.2;5.17772;40.3675;29.6;96;298.018;280.527;275;330;275;275;569.01;568.721;50;275.119;;;2609.43;1;1
2901;0.25;52.0312;29.1;4.75774;40.3877;29.6;109;297.309;280.541;275;330;275;275;569.01;568.866;50;275.118;;;2609.43;1;1
2902;0.25;51.7911;29.1;4.80818;40.5903;29.5;127;297.266;280.541;275;330;275;275;569.155;569.01;50;275.138;;;2607.74;1;1
2903;0.25;51.7245;29.1;4.74779;40.5903;29.5;138;297.295;280.541;275;330;275;275;569.155;568.866;50;275.165;;;2607.74;1;1
2904;0.25;52.1065;29.1;4.89207;40.5874;29.5;141;296.918;280.534;275;330;275;275;569.155;569.01;50;275.192;;;2606.88;1;1
2905;0.25;52.0312;29.1;4.79412;40.2836;29.5;149;296.962;280.527;275;330;275;275;569.155;569.01;50;275.213;;;2604.97;1;1
2906;0.25;52.1296;29.1;4.83961;40.2894;29.5;152;297.02;280.548;275;330;275;275;569.155;569.01;50;275.224;;;2604.97;1;1
2907;0.25;52.1325;29.1;4.85809;40.1852;29.5;152;297.034;280.541;275;330;275;275;568.866;568.576;50;275.231;;;2604.11;1;1
2908;0.25;51.7216;29.1;4.8198;40.081;29.5;152;296.947;280.534;275;330;275;275;568.866;568.576;50;275.234;;;2604.11;1;1
2909;0.25;52.0312;29.1;4.83048;39.9797;29.5;150;296.904;280.527;275;330;275;275;568.721;568.576;50;275.23;;;2602.39;1;1
2910;0.25;52.4392;29.1;4.85003;40.2083;29.5;151;296.774;280.541;275;330;275;275;568.721;568.576;50;275.229;;;2601.53;1;1
2911;0.25;52.6852;29.1;4.89119;40.2865;29.5;141;296.947;280.534;275;330;275;275;568.866;568.576;50;275.232;;;2601.53;1;1
2912;0.25;52.9456;29.1;4.87837;39.9826;29.5;141;297.555;280.534;275;330;275;275;569.01;568.721;50;275.239;;;2601.53;1;1
2913;0.25;52.5405;29.1;4.89611;40.1389;29.5;140;297.613;280.534;275;330;275;275;568.866;568.432;50;275.246;;;2598.94;1;1
2914;0.25;52.1325;29.1;4.82167;40.2865;29.5;131;297.613;280.534;275;330;275;275;568.866;568.576;50;275.252;;;2598.08;1;1
2915;0.25;52.2367;29.1;4.8678;40.2836;29.5;128;298.032;280.534;275;330;275;275;568.721;568.432;50;275.266;;;2598.08;1;1
2916;0.25;52.0312;29.1;4.79412;40.3877;29.5;117;297.931;280.534;275;330;275;275;568.721;568.432;50;275.276;;;2596.36;1;1
2917;0.25;52.0312;29.1;4.79412;40.2865;29.5;111;297.917;280.534;275;330;275;275;568.721;568.432;50;275.29;;;2592.7;1;1
2918;0.25;52.2396;29.1;4.86807;40.0781;29.5;108;298.38;280.534;275;330;275;275;568.721;568.432;50;275.297;;;2592.7;1;1
2919;0.25;52.6418;29.1;4.86877;40.1823;29.5;101;298.466;280.534;275;330;275;275;568.721;568.432;50;275.293;;;2592.7;1;1
2920;0.25;52.338;29.1;4.84067;39.9797;29.5;93;298.582;280.534;275;330;275;275;568.576;568.432;50;275.287;;;2592.7;1;1
2921;0.25;52.338;29.1;4.84067;39.8785;29.5;91;299.06;280.534;275;330;275;275;568.576;568.287;50;275.289;;;2590.98;1;1
2922;0.25;52.1325;29.1;4.78524;40.081;29.6;74;299.103;280.527;275;330;275;275;568.576;568.287;50;275.288;;;2590.98;1;1
2923;0.25;52.4392;29.1;4.83172;40.1823;29.6;68;299.016;280.527;275;330;275;275;568.432;568.287;50;275.281;;;2590.98;1;1
2924;0.25;52.4392;29.1;4.85003;39.9971;29.6;67;299.595;280.534;275;330;275;275;568.576;568.142;50;275.282;;;2590.98;1;1
2925;0.25;52.1643;29.1;4.80639;39.9797;29.6;66;299.523;280.534;275;330;275;275;568.432;568.287;50;275.276;;;2589.26;1;1
2926;0.25;52.3235;29.1;4.89416;40.1852;29.6;59;299.494;280.534;275;330;275;275;568.576;568.432;50;275.271;;;2589.26;1;1
2927;0.25;52.5405;29.1;4.87776;40.4948;29.6;60;299.537;280.527;275;330;275;275;568.576;568.432;50;275.273;;;2588.71;1;1
2928;0.25;52.2049;29.1;4.82836;40.5903;29.6;56;299.624;280.534;275;330;275;275;568.576;568.287;50;275.283;;;2587.85;1;1
2929;0.25;51.9271;29.1;4.82081;40.3877;29.6;51;300.029;280.527;275;330;275;275;568.576;568.432;50;275.29;;;2587.62;1;1
2930;0.25;51.9965;29.1;4.77276;40.1852;29.6;44;300.101;280.527;275;330;275;275;568.576;568.287;50;275.265;;;2586.76;1;1
2931;0.25;52.2338;29.1;4.83103;39.9769;29.6;39;300;280.527;275;330;275;275;568.576;568.142;50;275.235;;;2586.76;1;1
2932;0.25;52.3351;29.1;4.85868;40.2865;29.6;38;299.884;280.527;275;330;275;275;568.432;568.142;50;275.213;;;2586.76;1;1
2933;0.25;52.4392;29.1;4.83172;40.3877;29.6;39;299.566;280.527;275;330;275;275;568.432;568.287;50;275.21;;;2586.76;1;1
2934;0.25;52.4537;29.1;4.88802;40.3877;29.6;37;299.609;280.527;275;330;275;275;568.576;568.142;50;275.208;;;2586.76;1;1
2935;0.25;52.4363;29.1;4.84977;40.2836;29.6;52;299.725;280.527;275;330;275;275;568.576;568.287;50;275.194;;;2585.9;1;1
2936;0.25;52.4421;29.1;4.86862;40.0029;29.6;56;299.812;280.527;275;330;275;275;568.721;568.287;50;275.166;;;2583.08;1;1
2937;0.25;52.4392;29.1;4.88667;40.1736;29.6;55;299.855;280.527;275;330;275;275;568.576;568.287;50;275.136;;;2583.08;1;1
2938;0.25;52.4363;29.1;4.86808;40.1852;29.6;58;299.841;280.527;275;330;275;275;568.576;568.287;50;275.105;;;2582.92;1;1
2939;0.25;52.5434;29.1;4.89638;40.1852;29.6;70;299.783;280.527;275;330;275;275;568.432;568.142;50;275.103;;;2582.92;1;1
2940;0.25;52.4942;29.1;4.83678;40.0839;29.6;81;298.973;280.519;275;330;275;275;568.287;568.142;50;275.131;;;2581.09;1;1
2941;0.25;52.4103;29.1;4.86567;40.081;29.6;87;298.872;280.519;275;330;275;275;568.287;568.142;50;275.162;;;2579.37;1;1
2942;0.25;52.1325;29.1;4.82167;40.081;29.6;89;298.828;280.519;275;330;275;275;568.432;567.998;50;275.198;;;2577.65;1;1
2943;0.25;52.4392;29.1;4.86835;40.1823;29.6;92;298.973;280.519;275;330;275;275;568.432;568.142;50;275.229;;;2577.65;1;1
2944;0.25;52.7431;29.1;4.89656;40.1823;29.6;97;299.089;280.519;275;330;275;275;568.576;568.432;50;275.249;;;2575.08;1;1
2945;0.25;52.4363;29.1;4.81313;40.1852;29.6;96;298.886;280.519;275;330;275;275;568.576;568.287;50;275.267;;;2575.08;1;1
2946;0.25;52.0341;29.1;4.83075;39.9797;29.5;95;298.857;280.519;275;330;275;275;568.576;568.432;50;275.283;;;2575.08;1;1
2947;0.25;52.1701;29.1;4.82515;39.974;29.5;96;298.828;280.519;275;330;275;275;568.576;568.432;50;275.296;;;2574.22;1;1
2948;0.25;52.3351;29.1;4.85868;40.2865;29.5;102;298.192;280.534;275;330;275;275;568.576;568.287;50;275.314;;;2570.79;1;1
2949;0.25;52.474;29.1;4.88991;40.5903;29.5;96;298.626;280.519;275;330;275;275;568.576;568.287;50;275.327;;;2570.25;1;1
2950;0.25;52.6678;29.1;4.87118;40.4861;29.5;96;298.582;280.527;275;330;275;275;568.576;568.287;50;275.325;;;2570.25;1;1
2951;0.25;52.6418;29.1;4.88716;39.9769;29.5;91;298.22;280.534;275;330;275;275;568.576;568.287;50;275.322;;;2569.39;1;1
2952;0.25;52.6534;29.1;4.94341;39.9682;29.5;91;298.235;280.534;275;330;275;275;568.576;568.287;50;275.322;"KHP102      ";;2568.93;1;1
2953;0.25;52.2425;29.1;4.88659;40.3877;29.5;80;298.278;280.534;275;330;275;275;568.576;568.287;50;275.32;;;2568.93;1;1
2954;0.25;52.0718;29.1;4.83424;40.3791;29.5;83;298.322;280.534;275;330;275;275;568.576;568.287;50;275.32;;;2568.53;1;1
2955;0.25;52.0312;29.1;4.84865;40.2836;29.5;72;298.351;280.534;275;330;275;275;568.576;568.287;50;275.306;;;2567.42;1;1
2956;0.25;52.1325;29.1;4.82167;40.2894;29.5;68;298.307;280.534;275;330;275;275;568.576;568.432;50;275.275;"KHP102      ";;2567.42;1;1
2957;0.25;52.0978;29.1;4.85485;40.081;29.5;74;298.264;280.534;275;330;275;275;568.576;568.432;50;275.239;;;2566.56;1;1
2958;0.25;52.1354;29.1;4.85836;40.1273;29.5;74;298.712;280.556;275;330;275;275;568.432;568.287;50;275.202;;;2566.17;1;1
2959;0.25;52.2367;29.1;4.90429;40.1823;29.5;70;298.119;280.534;275;330;275;275;568.432;568.287;50;275.172;;;2564.46;1;1
2960;0.25;52.2367;29.1;4.88605;40.081;29.5;69;298.076;280.534;275;330;275;275;568.432;568.142;50;275.142;;;2562.53;1;1
2961;0.25;52.3409;29.1;4.93236;39.9797;29.5;74;298.669;280.519;275;330;275;275;568.432;568.287;50;275.119;;;2559.96;1;1
2962;0.25;52.1325;29.1;4.93094;39.9711;29.5;86;298.727;280.563;275;330;275;275;568.432;568.287;50;275.105;;;2559.96;1;1
2963;0.25;52.1325;29.1;4.85809;40.081;29.5;99;298.061;280.563;275;330;275;275;568.432;568.287;50;275.093;;;2559.1;1;1
2964;0.25;52.4392;29.1;4.94163;39.9797;29.5;96;298.105;280.519;275;330;275;275;568.576;568.287;50;275.083;;;2558.25;1;1
2965;0.25;52.3351;29.1;4.89525;40.081;29.5;111;298.018;280.512;275;330;275;275;568.576;568.432;50;275.068;;;2558.25;1;1
2966;0.25;52.338;29.1;4.84067;40.081;29.5;127;297.917;280.556;275;330;275;275;568.576;568.432;50;275.06;;;2557.39;1;1
2967;0.25;52.3929;29.1;4.86406;40.081;29.5;126;297.83;280.563;275;330;275;275;568.721;568.432;50;275.065;;;2554.99;1;1
2968;0.25;52.338;29.1;4.9138;39.9797;29.5;134;297.859;280.563;275;330;275;275;568.721;568.432;50;275.068;;;2554.99;1;1
2969;0.25;52.1325;29.1;4.89451;39.8872;29.5;141;297.931;280.519;275;330;275;275;568.721;568.432;50;275.08;;;2554.99;1;1
2970;0.25;52.3322;29.1;4.94982;40.1823;29.5;137;298.09;280.519;275;330;275;275;568.576;568.287;50;275.083;;;2554.99;1;1
2971;0.25;52.1325;29.1;4.8763;40.2807;29.5;139;298.872;280.563;275;330;275;275;568.576;568.287;50;275.088;;;2553.28;1;1
2972;0.25;51.9271;29.1;4.83895;39.9797;29.5;134;298.438;280.541;275;330;275;275;568.576;568.287;50;275.097;;;2551.17;1;1
2973;0.25;52.1441;29.1;4.85917;40.081;29.5;129;298.741;280.512;275;330;275;275;568.576;568.287;50;275.109;;;2551.17;1;1
2974;0.25;52.1123;29.1;4.8562;40.1852;29.5;125;298.64;280.512;275;330;275;275;568.576;568.142;50;275.125;;;2551.17;1;1
2975;0.25;52.3322;29.1;4.8767;40.1823;29.5;130;298.568;280.512;275;330;275;275;568.576;568.432;50;275.147;"KHP102      ";;2550.72;1;1
2976;0.25;52.338;29.1;4.89552;40.2865;29.5;126;298.872;280.563;275;330;275;275;568.576;568.432;50;275.171;;;2549.87;1;1
2977;0.25;52.338;29.1;4.89552;40.2865;29.5;120;298.915;280.541;275;330;275;275;568.576;568.432;50;275.185;;;2549.87;1;1
2978;0.25;52.4392;29.1;4.90499;40.081;29.5;113;299.074;280.512;275;330;275;275;568.576;568.432;50;275.198;"KHP102      ";;2546.45;1;1
2979;0.25;52.4363;29.1;4.8864;40.2836;29.6;108;299.899;280.519;275;330;275;275;568.576;568.432;50;275.21;;;2546.45;1;1
2980;0.25;52.338;29.1;4.93209;40.3877;29.6;106;299.841;280.563;275;330;275;275;568.576;568.287;50;275.22;;;2544.74;1;1
2981;0.25;52.2396;29.1;4.90457;40.2865;29.6;95;299.74;280.563;275;330;275;275;568.432;568.287;50;275.224;;;2543.89;1;1
2982;0.25;52.2338;29.1;4.88577;40.3877;29.6;84;299.942;280.519;275;330;275;275;568.287;568.142;50;275.229;;;2542.18;1;1
2983;0.25;52.4363;29.1;4.92304;40.5903;29.6;76;299.87;280.519;275;330;275;275;568.287;567.998;50;275.227;;;2539.62;1;1
2984;0.25;52.5405;29.1;5.00626;40.3877;29.6;65;299.942;280.512;275;330;275;275;568.142;567.998;50;275.213;;;2538.76;1;1
2985;0.25;52.2309;29.1;4.94024;40.2865;29.6;61;300.043;280.563;275;330;275;275;568.142;567.998;50;275.2;;;2538.76;1;1
2986;0.25;52.2338;29.1;4.90402;40.489;29.6;59;300.854;280.563;275;330;275;275;568.287;567.998;50;275.189;;;2537.91;1;1
2987;0.25;52.4219;29.1;4.93999;40.5903;29.6;53;300.911;280.512;275;330;275;275;568.287;567.998;50;275.178;;;2537.06;1;1
2988;0.25;52.2338;29.1;4.95879;40.1852;29.6;50;300.883;280.512;275;330;275;275;568.142;568.142;50;275.172;;;2536.2;1;1
2989;0.25;52.5434;29.1;4.93309;39.8756;29.6;47;300.781;280.563;275;330;275;275;568.432;568.142;50;275.164;;;2536.2;1;1
2990;0.25;52.3727;29.1;4.91706;40.081;29.6;38;300.723;280.563;275;330;275;275;568.432;568.142;50;275.156;;;2535.35;1;1
2991;0.25;52.3351;29.1;4.9684;40.2865;29.6;36;300.637;280.512;275;330;275;275;568.432;567.998;50;275.15;;;2535.35;1;1
2992;0.25;52.4566;29.1;4.94326;40.3877;29.6;36;300.608;280.519;275;330;275;275;568.287;568.142;50;275.144;;;2535.35;1;1
2993;0.25;52.4363;29.1;4.94136;40.1823;29.6;39;300.68;280.512;275;330;275;275;568.432;567.998;50;275.136;;;2535.35;1;1
2994;0.25;52.6418;29.1;4.96072;39.8785;29.6;46;300.781;280.563;275;330;275;275;568.287;567.998;50;275.124;;;2533.65;1;1
2995;0.25;52.8443;29.1;4.9798;40.081;29.6;47;300.13;280.548;275;330;275;275;568.287;567.998;50;275.11;;;2532.79;1;1
2996;0.25;52.5463;29.1;4.98846;40.081;29.6;52;300.101;280.534;275;330;275;275;568.142;567.998;50;275.097;;;2532.79;1;1
2997;0.25;52.5405;29.1;5.00626;40.081;29.6;63;299.986;280.534;275;330;275;275;568.142;567.998;50;275.086;;;2532.79;1;1
2998;0.25;52.61;29.1;4.93934;40.1823;29.6;68;299.87;280.548;275;330;275;275;568.142;567.998;50;275.074;;;2532.79;1;1
2999;0.25;52.4363;29.1;4.92304;40.3791;29.6;70;299.06;280.548;275;330;275;275;568.142;567.998;50;275.063;;;2532.79;1;1
3000;0.25;52.2338;29.1;4.99528;40.2865;29.6;77;299.161;280.534;275;330;275;275;568.142;567.853;50;275.048;;;2532.79;1;1
3001;0.25;52.2338;29.1;4.90402;40.353;29.6;92;299.248;280.534;275;330;275;275;568.142;567.853;50;275.031;;;2529.38;1;1
3002;0.25;52.5405;29.1;4.95117;40.3877;29.6;92;299.089;280.548;275;330;275;275;568.142;567.853;50;275.015;;;2526.83;1;1
3003;0.25;52.5405;29.1;4.93282;39.9797;29.6;104;299.074;280.548;275;330;275;275;568.287;567.853;50;274.99;;;2526.83;1;1
3004;0.25;52.3524;29.1;4.98834;39.9797;29.6;113;298.987;280.548;275;330;275;275;568.142;567.998;50;274.955;;;2525.98;1;1
3005;0.25;52.3698;29.1;4.9717;40.2112;29.6;118;298.872;280.534;275;330;275;275;568.142;567.853;50;274.921;;;2524.27;1;1
3006;0.25;52.338;29.1;5.02353;40.3877;29.6;122;298.032;280.534;275;330;275;275;568.142;567.853;50;274.905;;;2522.57;1;1
3007;0.25;52.3351;29.1;5.00497;40.2951;29.6;132;298.076;280.548;275;330;275;275;568.142;567.998;50;274.901;;;2522.57;1;1
3008;0.25;52.3351;29.1;4.9684;40.055;29.6;153;298.148;280.548;275;330;275;275;568.287;567.998;50;274.905;;;2522.57;1;1
3009;0.25;52.338;29.1;4.96868;39.7743;29.6;153;298.235;280.534;275;330;275;275;568.287;567.998;50;274.916;;;2520.87;1;1
3010;0.25;52.2338;29.1;4.95879;39.8032;29.6;154;298.278;280.534;275;330;275;275;568.142;567.998;50;274.924;;;2520.87;1;1
3011;0.25;52.2251;29.1;4.95797;39.8611;29.6;161;298.307;280.548;275;330;275;275;568.142;567.998;50;274.917;;;2520.87;1;1
3012;0.25;52.338;29.1;4.93209;39.9797;29.6;170;298.22;280.548;275;330;275;275;568.287;567.998;50;274.897;;;2520.87;1;1
3013;0.25;52.2598;29.1;4.94298;39.9797;29.6;166;298.9;280.548;275;330;275;275;568.287;567.998;50;274.867;;;2519.36;1;1
3014;0.25;52.1557;29.1;4.95137;40.081;29.6;164;298.828;280.534;275;330;275;275;568.432;568.142;50;274.837;;;2517.26;1;1
3015;0.25;52.309;29.1;4.96593;39.9797;29.6;160;298.886;280.534;275;330;275;275;568.287;567.998;50;274.809;;;2517.26;1;1
3016;0.25;52.3293;29.1;4.98614;39.8785;29.6;165;299.87;280.563;275;330;275;275;568.432;567.998;50;274.788;;;2514.7;1;1
3017;0.25;52.1325;29.1;4.96739;40.1852;29.6;164;299.884;280.563;275;330;275;275;568.432;567.998;50;274.768;;;2512.15;1;1
3018;0.25;52.0312;29.1;4.97591;40.2865;29.6;163;299.392;280.534;275;330;275;275;568.287;568.142;50;274.761;;;2512.15;1;1
3019;0.25;52.1296;29.1;4.98532;40.4138;29.6;164;300.072;280.534;275;330;275;275;568.287;567.998;50;274.753;;;2511.3;1;1
3020;0.25;52.3351;29.1;4.98669;40.4456;29.6;161;299.884;280.563;275;330;275;275;568.287;567.998;50;274.751;;;2511.3;1;1
3021;0.25;52.1296;29.1;4.9489;40.1823;29.6;160;300.651;280.563;275;330;275;275;568.142;567.853;50;274.757;;;2511.3;1;1
3022;0.25;52.1325;29.1;4.93094;40.1852;29.6;152;300.68;280.57;275;330;275;275;568.142;567.853;50;274.769;;;2510.45;1;1
3023;0.25;51.93;29.1;4.96623;40.0752;29.6;141;301.013;280.534;275;330;275;275;568.142;567.853;50;274.793;;;2510.45;1;1
3024;0.25;51.93;29.1;4.98437;40.081;29.6;141;301.157;280.563;275;330;275;275;567.998;567.853;50;274.816;;;2510.45;1;1
3025;0.25;52.1325;29.1;4.94918;40.489;29.7;138;301.751;280.563;275;330;275;275;568.142;567.853;50;274.839;;;2509.6;1;1
3026;0.25;52.0312;29.1;4.92136;40.5903;29.7;135;301.649;280.563;275;330;275;275;567.998;567.853;50;274.869;;;2509.6;1;1
3027;0.25;52.338;29.1;5.00525;40.3877;29.7;117;301.953;280.534;275;330;275;275;567.998;567.998;50;274.89;;;2507.91;1;1
3028;0.25;52.1325;29.1;4.96739;40.11;29.7;107;301.881;280.534;275;330;275;275;568.142;567.998;50;274.898;;;2505.36;1;1
3029;0.25;52.2396;29.1;4.99584;40.3877;29.7;99;302.185;280.548;275;330;275;275;568.287;568.142;50;274.888;;;2504.51;1;1
3030;0.25;52.309;29.2;5.35762;40.081;29.7;90;302.763;280.563;275;330;275;275;568.287;568.142;50;274.89;;;2504.51;1;1
3031;0.25;52.0255;29.2;5.32858;39.9797;29.7;80;302.358;280.541;275;330;275;275;568.287;567.998;50;274.906;;;2503.66;1;1
3032;0.25;51.9358;29.2;5.28311;40.081;29.7;78;303.197;280.534;275;330;275;275;568.142;567.998;50;274.921;;;2503.66;1;1
3033;0.25;52.5434;29.2;5.34492;40.1331;29.7;74;303.038;280.563;275;330;275;275;568.142;567.998;50;274.894;;;2502.36;1;1
3034;0.25;52.6418;29.2;5.28134;40.0781;29.8;60;302.951;280.563;275;330;275;275;568.142;567.853;50;274.843;;;2502.36;1;1
3035;0.25;52.5405;29.2;5.32627;39.9797;29.8;57;303.573;280.563;275;330;275;275;568.142;567.853;50;274.793;;;2502.36;1;1
3036;0.25;52.1325;29.2;5.23025;39.8785;29.8;52;303.689;280.563;275;330;275;275;568.142;567.998;50;274.748;;;2500.67;1;1
3037;0.25;52.1325;29.2;5.28491;39.6557;29.8;43;303.805;280.563;275;330;275;275;568.287;567.998;50;274.719;;;2499.55;1;1
3038;0.25;52.2338;29.2;5.31342;39.6759;29.8;38;303.834;280.563;275;330;275;275;568.142;567.998;50;274.701;;;2497;1;1
3039;0.25;52.1325;29.2;5.30312;39.9826;29.8;43;303.791;280.563;275;330;275;275;568.142;567.853;50;274.69;;;2497;1;1
3040;0.25;52.5405;29.2;5.27118;39.8785;29.8;53;303.704;280.563;275;330;275;275;568.142;567.998;50;274.692;;;2495.31;1;1
3041;0.25;52.6447;29.2;5.33683;39.8785;29.8;65;303.588;280.519;275;330;275;275;567.998;567.853;50;274.686;;;2495.31;1;1
3042;0.25;52.338;29.3;5.64279;40.0666;29.8;69;303.501;280.563;275;330;275;275;567.998;567.853;50;274.686;;;2494.5;1;1
3043;0.25;52.4103;29.3;5.6689;40.2865;29.8;69;303.472;280.541;275;330;275;275;568.142;567.998;50;274.699;;;2494.5;1;1
3044;0.25;52.2338;29.3;5.55854;40.3877;29.8;73;303.096;280.541;275;330;275;275;568.142;567.998;50;274.71;;;2493.65;1;1
3045;0.25;52.5434;29.3;5.59149;40.2865;29.8;82;303.212;280.541;275;330;275;275;568.142;567.998;50;274.729;;;2492.81;1;1
3046;0.25;52.6418;29.3;5.62035;40.081;29.8;91;303.183;280.541;275;330;275;275;568.142;567.853;50;274.748;;;2492.81;1;1
3047;0.25;52.2598;29.3;5.61608;39.8785;29.8;92;302.865;280.541;275;330;275;275;567.998;567.853;50;274.763;;;2490.66;1;1
3048;0.25;51.93;29.3;5.52621;39.6846;29.8;96;302.315;280.541;275;330;275;275;568.142;567.998;50;274.767;"KHP102      ";;2488.19;1;1
3049;0.25;52.2483;29.3;5.57833;39.8785;29.8;91;302.257;280.541;275;330;275;275;568.142;567.853;50;274.771;;;2488.19;1;1
3050;0.25;52.4392;29.3;5.59872;40.081;29.8;102;302.271;280.534;275;330;275;275;568.142;567.853;50;274.783;;;2487.34;1;1
3051;0.25;52.1354;29.3;5.52986;40.081;29.8;99;302.098;280.765;275;330;275;275;568.142;567.998;50;274.796;;;2485.73;1;1
3052;0.25;52.1991;29.3;5.51838;39.8785;29.8;92;302.127;280.765;275;330;275;275;568.287;567.853;50;274.808;;;2484.88;1;1
3053;0.25;52.0312;29.3;5.53699;39.8785;29.7;106;302.127;280.787;275;330;275;275;568.142;567.853;50;274.819;;;2484.88;1;1
3054;0.25;52.1325;29.3;5.52955;39.9797;29.7;112;302.04;280.78;275;330;275;275;568.142;567.998;50;274.829;;;2484.88;1;1
3055;0.25;52.4392;29.3;5.54377;40.081;29.7;112;302.011;280.773;275;330;275;275;568.287;567.998;50;274.832;;;2484.13;1;1
3056;0.25;52.3351;29.3;5.51447;40.2865;29.7;107;301.186;280.765;275;330;275;275;568.142;567.853;50;274.82;;;2482.21;1;1
3057;0.25;52.4566;29.3;5.56393;40.2662;29.7;106;301.244;280.773;275;330;275;275;568.142;567.998;50;274.799;;;2482.21;1;1
3058;0.25;52.5405;29.3;5.60954;40.3877;29.7;113;301.36;280.765;275;330;275;275;568.142;567.998;50;274.766;;;2481.37;1;1
3059;0.25;52.6418;29.3;5.56518;40.2315;29.7;111;301.476;280.758;275;330;275;275;568.142;567.998;50;274.736;;;2479.68;1;1
3060;0.25;52.338;29.3;5.51478;40.2894;29.7;107;301.722;280.845;275;330;275;275;568.142;567.998;50;274.713;;;2479.28;1;1
3061;0.25;51.8287;29.3;5.47922;40.1823;29.7;114;301.389;280.758;275;330;275;275;568.142;567.998;50;274.708;;;2479.28;1;1
3062;0.25;52.2251;29.3;5.50289;40.081;29.7;118;301.317;280.802;275;330;275;275;568.287;567.998;50;274.708;;;2479.28;1;1
3063;0.25;52.0486;29.3;5.48429;39.8322;29.7;125;301.244;280.751;275;330;275;275;568.432;568.142;50;274.723;;;2477.59;1;1
3064;0.25;52.1325;29.3;5.49313;40.081;29.7;135;301.259;280.736;275;330;275;275;568.432;568.142;50;274.749;;;2477.59;1;1
3065;0.25;52.2338;29.3;5.48555;39.8785;29.7;138;301.302;280.758;275;330;275;275;568.432;568.142;50;274.766;;;2477.59;1;1
3066;0.25;52.5405;29.3;5.49941;39.783;29.8;136;301.389;280.78;275;330;275;275;568.432;568.142;50;274.763;;;2477.59;1;1
3067;0.25;52.338;29.3;5.44162;39.8814;29.8;129;301.461;280.773;275;330;275;275;568.432;568.142;50;274.759;;;2475.05;1;1
3068;0.25;52.2338;29.3;5.48555;39.7772;29.8;122;301.418;280.787;275;330;275;275;568.432;568.287;50;274.767;;;2475.05;1;1
3069;0.25;52.3351;29.3;5.47791;39.9277;29.8;125;301.331;280.78;275;330;275;275;568.576;568.432;50;274.782;;;2474.21;1;1
3070;0.25;51.9387;29.3;5.43641;39.8843;29.8;123;301.924;280.787;275;330;275;275;568.721;568.432;50;274.802;;;2471.67;1;1
3071;0.25;52.1325;29.3;5.43847;39.8785;29.8;130;301.852;280.78;275;330;275;275;568.721;568.432;50;274.807;;;2469.14;1;1
3072;0.25;52.2367;29.3;5.43109;39.8785;29.8;115;302.025;280.519;275;330;275;275;568.576;568.287;50;274.798;;;2468.29;1;1
3073;0.25;52.338;29.3;5.49649;39.9797;29.8;110;302.17;280.715;275;330;275;275;568.576;568.287;50;274.775;;;2468.29;1;1
3074;0.25;52.2338;29.3;5.41254;39.8177;29.8;106;302.228;280.729;275;330;275;275;568.576;568.142;50;274.766;;;2468.29;1;1
3075;0.25;52.1325;29.3;5.45671;39.7772;29.8;104;302.069;280.736;275;330;275;275;568.432;568.142;50;274.74;;;2467.45;1;1
3076;0.25;52.1267;29.3;5.41965;39.6759;29.8;106;301.982;280.736;275;330;275;275;568.432;568.287;50;274.726;;;2467.45;1;1
3077;0.25;52.3351;29.3;5.42303;39.7772;29.8;108;302.734;280.744;275;330;275;275;568.432;568.287;50;274.723;;;2467.45;1;1
3078;0.25;52.5405;29.3;5.40761;39.8785;29.8;109;302.3;280.729;275;330;275;275;568.576;568.432;50;274.731;;;2466.61;1;1
3079;0.25;52.5666;29.3;5.44702;40.081;29.8;97;302.749;280.512;275;330;275;275;568.576;568.432;50;274.739;;;2465.76;1;1
3080;0.25;52.2888;29.3;5.45477;40.2865;29.8;100;302.807;280.519;275;330;275;275;568.432;568.432;50;274.745;;;2465.6;1;1
3081;0.25;52.8472;29.3;5.40226;40.2865;29.8;104;302.879;280.519;275;330;275;275;568.432;568.142;50;274.754;;;2463.91;1;1
3082;0.25;52.8472;29.3;5.4761;39.9797;29.8;104;302.922;280.519;275;330;275;275;568.287;568.142;50;274.771;;;2463.07;1;1
3083;0.25;52.7459;29.3;5.44718;39.8785;29.8;96;302.894;280.512;275;330;275;275;568.432;568.142;50;274.782;;;2462.22;1;1
3084;0.25;52.2338;29.3;5.39429;39.8785;29.8;93;302.85;280.519;275;330;275;275;568.432;567.998;50;274.796;"KHP102      ";;2462.22;1;1
3085;0.25;52.1325;29.3;5.36562;39.7772;29.8;93;302.749;280.519;275;330;275;275;568.287;568.142;50;274.81;;;2462.22;1;1
3086;0.25;52.1325;29.3;5.38383;39.8785;29.8;103;302.677;280.512;275;330;275;275;568.287;567.998;50;274.836;;;2458.85;1;1
3087;0.25;52.3553;29.3;5.38855;39.8785;29.8;99;302.633;280.519;275;330;275;275;568.287;567.998;50;274.869;;;2458.85;1;1
3088;0.25;52.2164;29.3;5.37426;39.9797;29.8;93;302.648;280.519;275;330;275;275;567.998;567.853;50;274.89;;;2458.85;1;1
3089;0.25;52.4132;29.3;5.3762;40.1823;29.8;90;302.705;280.519;275;330;275;275;568.142;567.853;50;274.903;;;2456.32;1;1
3090;0.25;52.4392;29.3;5.34223;40.4745;29.8;83;302.807;280.512;275;330;275;275;567.998;567.708;50;274.914;"KHP102      ";;2455.27;1;1
3091;0.25;52.6418;29.3;5.43643;40.3877;29.8;74;302.865;280.519;275;330;275;275;567.853;567.564;50;274.92;"KHP102      ";;2455.27;1;1
3092;0.25;52.3351;29.3;5.40475;40.1823;29.8;70;302.836;280.519;275;330;275;275;567.853;567.708;50;274.918;;;2454.43;1;1
3093;0.25;52.2338;29.3;5.37604;40.1823;29.8;68;302.763;280.519;275;330;275;275;567.853;567.564;50;274.912;;;2453.58;1;1
3094;0.25;52.4392;29.3;5.36055;39.9769;29.8;71;302.677;280.519;275;330;275;275;567.998;567.708;50;274.894;;;2451.9;1;1
3095;0.25;52.3351;29.3;5.31334;40.0723;29.8;65;302.517;280.519;275;330;275;275;567.998;567.708;50;274.873;;;2451.9;1;1
3096;0.25;52.1325;29.3;5.36562;40.081;29.8;65;302.604;280.519;275;330;275;275;568.142;567.998;50;274.853;;;2451.9;1;1
3097;0.25;51.93;29.3;5.32663;40.081;29.8;61;302.72;280.534;275;330;275;275;568.142;567.853;50;274.836;;;2451.06;1;1
3098;0.25;52.1325;29.4;5.66493;40.1823;29.8;66;302.72;280.519;275;330;275;275;568.142;567.853;50;274.822;;;2451.06;1;1
3099;0.25;52.2338;29.4;5.67594;40.3877;29.8;62;302.156;280.519;275;330;275;275;568.142;567.853;50;274.811;;;2451.06;1;1
3100;0.25;52.7431;29.4;5.73127;40.5903;29.8;61;302.141;280.519;275;330;275;275;567.998;567.853;50;274.809;;;2451.06;1;1
3101;0.25;53.1395;29.4;5.75579;40.489;29.8;76;302.025;280.519;275;330;275;275;568.142;567.853;50;274.805;;;2449.37;1;1
3102;0.25;53.0324;29.4;5.78124;40.2836;29.8;87;301.924;280.519;275;330;275;275;568.142;567.853;50;274.797;;;2448.53;1;1
3103;0.25;52.6244;29.4;5.71838;40.3906;29.8;84;301.939;280.519;275;330;275;275;568.142;567.853;50;274.796;;;2448.53;1;1
3104;0.25;52.2367;29.4;5.6945;40.2865;29.8;86;301.62;280.519;275;330;275;275;568.142;567.853;50;274.807;;;2446.85;1;1
3105;0.25;52.5405;29.4;5.69091;40.2865;29.8;90;301.693;280.519;275;330;275;275;568.142;567.853;50;274.828;;;2445.17;1;1
3106;0.25;52.6418;29.4;5.68349;40.081;29.8;100;301.736;280.519;275;330;275;275;568.142;567.853;50;274.848;;;2445.17;1;1
3107;0.25;52.6418;29.4;5.70188;39.8003;29.8;104;301.664;280.519;275;330;275;275;567.998;567.998;50;274.865;;;2445.17;1;1
3108;0.25;52.3351;29.4;5.72351;39.9797;29.8;113;301.562;280.519;275;330;275;275;567.998;567.853;50;274.876;;;2445.17;1;1
3109;0.25;52.3351;29.4;5.66866;39.8669;29.8;109;300.911;280.519;275;330;275;275;568.142;567.998;50;274.879;;;2445.17;1;1
3110;0.25;52.4334;29.4;5.69763;39.7772;29.8;110;300.883;280.519;275;330;275;275;568.142;567.998;50;274.882;;;2445.17;1;1
3111;0.25;52.4566;29.4;5.68182;39.7772;29.8;113;300.984;280.519;275;330;275;275;568.287;568.142;50;274.878;;;2443.49;1;1
3112;0.25;52.0312;29.4;5.59937;39.8785;29.8;117;301.1;280.519;275;330;275;275;568.432;568.142;50;274.872;;;2440.96;1;1
3113;0.25;52.338;29.4;5.68726;39.9884;29.8;113;301.157;280.519;275;330;275;275;568.432;568.287;50;274.865;;;2437.7;1;1
3114;0.25;52.4682;29.4;5.71973;39.8785;29.8;115;301.071;280.519;275;330;275;275;568.576;568.287;50;274.858;"KHP102      ";;2437.2;1;1
3115;0.25;52.4392;29.4;5.69826;40.1794;29.8;113;300.969;280.519;275;330;275;275;568.576;568.287;50;274.851;;;2436.36;1;1
3116;0.25;52.3351;29.4;5.65038;40.1302;29.8;113;300.883;280.534;275;330;275;275;568.576;568.287;50;274.845;;;2434.68;1;1
3117;0.25;52.2367;29.3;5.3216;40.1823;29.8;115;300.998;280.541;275;330;275;275;568.432;568.142;50;274.833;;;2433.84;1;1
3118;0.25;52.338;29.3;5.33191;40.081;29.8;109;301.085;280.541;275;330;275;275;568.432;568.287;50;274.812;;;2433.84;1;1
3119;0.25;52.1325;29.3;5.3292;40.1852;29.8;113;301.157;280.534;275;330;275;275;568.432;568.432;50;274.803;;;2433;1;1
3120;0.25;52.338;29.3;5.36848;40.5903;29.8;118;301.1;280.534;275;330;275;275;568.432;568.287;50;274.802;;;2430.48;1;1
3121;0.25;52.2367;29.3;5.35809;40.0926;29.8;117;300.984;280.541;275;330;275;275;568.432;568.142;50;274.797;;;2430.48;1;1
3122;0.25;52.1094;29.3;5.32683;39.8785;29.8;118;300.897;280.548;275;330;275;275;568.287;568.142;50;274.789;;;2430.48;1;1
3123;0.25;52.338;29.3;5.36848;39.8785;29.8;122;300.911;280.541;275;330;275;275;568.287;567.998;50;274.779;;;2429.25;1;1
3124;0.25;52.3148;29.3;5.32956;40.081;29.8;124;301.027;280.534;275;330;275;275;568.432;567.998;50;274.774;;;2427.27;1;1
3125;0.25;52.3264;29.3;5.33074;40.2836;29.8;125;301.808;280.534;275;330;275;275;568.432;568.287;50;274.777;;;2427.27;1;1
3126;0.25;52.2338;29.4;5.74893;40.3877;29.8;126;301.924;280.548;275;330;275;275;568.432;568.287;50;274.775;;;2427.27;1;1
3127;0.25;52.0312;29.3;5.31884;40.2575;29.8;122;301.837;280.548;275;330;275;275;568.576;568.287;50;274.766;;;2426.81;1;1
3128;0.25;52.4392;29.4;5.69826;39.89;29.8;120;301.78;280.527;275;330;275;275;568.576;568.287;50;274.759;;;2425.97;1;1
3129;0.25;52.2367;29.4;5.658;39.9797;29.8;114;301.649;280.527;275;330;275;275;568.576;568.432;50;274.76;;;2425.97;1;1
3130;0.25;52.1325;29.4;5.66493;39.9797;29.8;117;301.678;280.527;275;330;275;275;568.576;568.432;50;274.767;;;2425.97;1;1
3131;0.25;52.1672;29.4;5.6687;39.9797;29.8;116;301.678;280.548;275;330;275;275;568.576;568.432;50;274.772;;;2425.46;1;1
3132;0.25;52.5434;29.4;5.67287;39.9797;29.8;122;302.112;280.556;275;330;275;275;568.576;568.432;50;274.786;;;2425.46;1;1
3133;0.25;52.4566;29.4;5.68182;40.1128;29.8;119;302.185;280.527;275;330;275;275;568.721;568.576;50;274.799;;;2424.24;1;1
3134;0.25;52.4363;29.4;5.67963;40.1823;29.8;112;302.185;280.527;275;330;275;275;568.866;568.721;50;274.811;;;2422.56;1;1
3135;0.25;52.2338;29.4;5.71243;40.2836;29.8;111;302.011;280.556;275;330;275;275;569.01;568.576;50;274.821;;;2420.05;1;1
3136;0.25;52.2425;29.4;5.64038;40.2865;29.8;107;301.982;280.556;275;330;275;275;568.866;568.721;50;274.829;;;2417.54;1;1
3137;0.25;52.0399;29.4;5.63669;40.3877;29.8;106;301.939;280.527;275;330;275;275;568.866;568.721;50;274.825;;;2416.7;1;1
3138;0.25;52.0312;29.4;5.69028;40.2865;29.8;104;302.083;280.527;275;330;275;275;568.866;568.576;50;274.822;;;2416.7;1;1
3139;0.25;52.1325;29.4;5.68314;40.081;29.8;104;302.488;280.556;275;330;275;275;568.721;568.576;50;274.83;;;2414.19;1;1
3140;0.25;52.5434;29.4;5.70958;39.8785;29.8;93;302.98;280.556;275;330;275;275;568.576;568.432;50;274.841;;;2414.19;1;1
3141;0.25;52.2309;29.4;5.67562;40.055;29.8;85;302.922;280.556;275;330;275;275;568.576;568.432;50;274.855;;;2414.19;1;1
3142;0.25;52.2367;29.4;5.67625;39.8756;29.8;84;302.836;280.519;275;330;275;275;568.721;568.432;50;274.872;;;2414.19;1;1
3143;0.25;52.2309;29.4;5.71211;39.9797;29.8;81;302.763;280.519;275;330;275;275;568.721;568.432;50;274.879;;;2413.35;1;1
3144;0.25;52.2222;29.4;5.74765;40.1186;29.8;73;302.705;280.556;275;330;275;275;568.721;568.287;50;274.872;;;2412.66;1;1
3145;0.25;52.3351;29.4;5.68694;40.3848;29.8;74;302.705;280.548;275;330;275;275;568.721;568.432;50;274.868;;;2411.82;1;1
3146;0.25;52.1557;29.4;5.66745;40.1823;29.8;73;302.749;280.527;275;330;275;275;568.721;568.287;50;274.857;;;2411.82;1;1
3147;0.25;52.3843;29.4;5.69229;40.0723;29.8;79;302.865;280.527;275;330;275;275;568.721;568.287;50;274.861;;;2408.23;1;1
3148;0.25;52.1325;29.4;5.71957;40.1186;29.9;78;302.546;280.556;275;330;275;275;568.576;568.432;50;274.845;;;2408.23;1;1
3149;0.25;52.1325;29.4;5.7742;40.2865;29.9;79;302.922;280.548;275;330;275;275;568.576;568.432;50;274.82;;;2408.23;1;1
3150;0.25;52.2338;29.4;5.74893;40.2836;29.8;77;302.836;280.548;275;330;275;275;568.576;568.432;50;274.816;;;2405.72;1;1
3151;0.25;52.2685;29.4;5.69797;40.1823;29.9;70;302.083;280.527;275;330;275;275;568.576;568.287;50;274.814;;;2405.72;1;1
3152;0.25;52.4392;29.4;5.69826;40.2865;29.9;76;301.924;280.527;275;330;275;275;568.576;568.432;50;274.812;;;2405.72;1;1
3153;0.25;52.5318;29.4;5.74502;40.2836;29.9;88;301.939;280.548;275;330;275;275;568.576;568.432;50;274.811;;;2405.72;1;1
3154;0.25;52.3611;29.4;5.76294;39.9797;29.8;98;302.083;280.556;275;330;275;275;568.721;568.432;50;274.815;;;2405.72;1;1
3155;0.25;52.5434;29.4;5.80136;40.2865;29.8;98;302.185;280.556;275;330;275;275;568.721;568.432;50;274.805;;;2404.05;1;1
3156;0.25;52.4045;29.4;5.74941;40.2865;29.8;100;302.112;280.527;275;330;275;275;568.866;568.576;50;274.783;;;2404.05;1;1
3157;0.25;52.1325;29.4;5.75599;39.9797;29.8;99;301.997;280.556;275;330;275;275;568.721;568.576;50;274.762;;;2404.05;1;1
3158;0.25;52.1325;29.4;5.7742;39.9797;29.8;91;301.302;280.556;275;330;275;275;568.721;568.576;50;274.746;;;2398.2;1;1
3159;0.25;52.2338;29.4;5.76717;39.9797;29.8;96;301.288;280.556;275;330;275;275;568.576;568.432;50;274.74;;;2398.2;1;1
3160;0.25;52.1325;29.4;5.79244;40.1823;29.8;111;301.36;280.527;275;330;275;275;568.576;568.287;50;274.741;;;2397.36;1;1
3161;0.25;52.3351;29.4;5.77835;40.2836;29.8;125;301.476;280.527;275;330;275;275;568.576;568.287;50;274.756;;;2396.53;1;1
3162;0.25;52.4682;29.4;5.77472;40.1823;29.8;135;301.577;280.556;275;330;275;275;568.576;568.432;50;274.784;;;2394.86;1;1
3163;0.25;52.338;29.4;5.83355;39.9797;29.8;133;301.519;280.556;275;330;275;275;568.721;568.432;50;274.807;"KHP102      ";;2394.86;1;1
3164;0.25;52.5145;29.4;5.79816;40.3848;29.8;130;301.519;280.527;275;330;275;275;568.721;568.432;50;274.827;;;2394.27;1;1
3165;0.25;52.3351;29.4;5.79664;40.3877;29.8;126;301.461;280.541;275;330;275;275;568.721;568.432;50;274.836;;;2394.27;1;1
3166;0.25;52.338;29.4;5.83355;40.327;29.8;119;301.331;280.541;275;330;275;275;568.721;568.432;50;274.852;;;2394.27;1;1
3167;0.25;52.3582;29.4;5.7992;40.2865;29.8;122;301.317;280.541;275;330;275;275;568.721;568.432;50;274.902;;;2394.27;1;1
3168;0.25;52.5405;29.4;5.81939;40.2865;29.8;118;301.403;280.541;275;330;275;275;568.721;568.432;50;274.957;;;2394.27;1;1
3169;0.25;52.3351;29.4;5.79664;40.3877;29.8;118;301.62;280.541;275;330;275;275;568.721;568.432;50;275.008;;;2390.31;1;1
3170;0.25;52.3351;29.4;5.81495;40.489;29.8;118;301.693;280.541;275;330;275;275;568.721;568.432;50;275.082;;;2390.31;1;1
3171;0.25;52.2338;29.4;5.82194;40.081;29.8;106;301.62;280.541;275;330;275;275;568.721;568.432;50;275.147;;;2390.31;1;1
3172;0.25;52.5405;29.4;5.83777;39.8582;29.8;93;301.577;280.541;275;330;275;275;568.576;568.432;50;275.19;;;2389.48;1;1
3173;0.25;52.3351;29.4;5.79664;39.6759;29.8;84;302.083;280.541;275;330;275;275;568.432;568.287;50;275.225;;;2388.97;1;1
3174;0.25;52.2396;29.4;5.80434;39.5747;29.8;67;301.968;280.541;275;330;275;275;568.432;568.287;50;275.247;;;2387.81;1;1
3175;0.25;52.4363;29.4;5.84452;39.8785;29.8;49;301.881;280.541;275;330;275;275;568.576;568.287;50;275.244;;;2387.81;1;1
3176;0.25;52.338;29.4;5.85183;40.2865;29.8;35;301.997;280.541;275;330;275;275;568.576;568.287;50;275.239;;;2387.81;1;1
3177;0.25;51.93;29.4;5.8425;40.3588;29.8;28;302.127;280.548;275;330;275;275;568.576;568.287;50;275.229;;;2385.31;1;1
3178;0.25;51.7274;29.4;5.7655;39.9797;29.8;21;302.199;280.534;275;330;275;275;568.432;568.142;50;275.232;;;2383.93;1;1
3179;0.25;51.7274;29.4;5.7655;39.9826;29.8;14;302.127;280.534;275;330;275;275;568.432;568.287;50;275.249;;;2383.93;1;1
3180;0.25;52.0312;29.4;5.83572;39.9797;29.9;12;301.91;280.548;275;330;275;275;568.576;568.287;50;275.254;;;2382.26;1;1
3181;0.25;52.0833;29.4;5.84156;40.0723;29.9;0;301.548;280.548;275;330;275;275;568.721;568.287;50;275.254;"KHP102      ";;2382.26;1;1
3182;0.25;51.8895;29.4;5.81982;40.1157;29.9;0;301.736;280.548;275;330;275;275;568.576;568.432;50;275.235;;;2381.43;1;1
3183;0.25;52.1123;29.4;5.89942;40.0521;29.9;0;301.808;280.534;275;330;275;275;568.721;568.432;50;275.208;;;2381.43;1;1
3184;0.25;52.338;29.4;5.83355;40.1707;29.9;0;301.866;280.534;275;330;275;275;568.866;568.721;50;275.185;;;2379.76;1;1
3185;0.25;52.1615;29.4;5.90499;39.8322;29.9;0;301.128;280.548;275;330;275;275;569.01;568.576;50;275.164;;;2379.76;1;1
3186;0.25;52.2222;29.4;5.89362;39.4705;29.9;0;300.955;280.548;275;330;275;275;569.01;568.576;50;275.142;;;2379.76;1;1
3187;0.25;52.0428;29.4;5.80065;39.5747;29.9;3;300.694;280.534;275;330;275;275;569.01;568.721;50;275.107;;;2378.93;1;1
3188;0.25;52.1586;29.4;5.86822;40.1852;29.8;12;300.101;280.548;275;330;275;275;569.01;568.721;50;275.075;;;2376.58;1;1
3189;0.25;51.8287;29.4;5.86732;40.1823;29.8;22;299.913;280.548;275;330;275;275;568.866;568.721;50;275.039;;;2376.58;1;1
3190;0.25;52.0312;29.4;5.81754;39.8785;29.8;29;299.928;280.548;275;330;275;275;568.866;568.576;50;275.01;;;2376.58;1;1
3191;0.25;52.1991;29.4;5.85454;39.974;29.8;51;299.32;280.548;275;330;275;275;568.866;568.576;50;274.984;;;2374.92;1;1
3192;0.25;52.4363;29.4;5.88115;39.9219;29.8;82;299.103;280.534;275;330;275;275;568.721;568.432;50;274.966;;;2371.99;1;1
3193;0.25;52.3785;29.4;5.87466;39.9797;29.8;93;299.06;280.534;275;330;275;275;568.721;568.432;50;274.95;;;2371.99;1;1
3194;0.25;52.2107;29.4;5.91056;39.8785;29.8;111;298.047;280.548;275;330;275;275;568.721;568.432;50;274.944;;;2371.16;1;1
3195;0.25;52.1325;29.4;5.84708;39.9797;29.8;124;297.801;280.548;275;330;275;275;568.866;568.576;50;274.95;;;2369.49;1;1
3196;0.25;52.1672;29.4;5.85097;39.7772;29.8;141;297.844;280.534;275;330;275;275;568.866;568.576;50;274.958;;;2368.66;1;1
3197;0.25;52.066;29.4;5.83961;39.702;29.7;161;297.598;280.548;275;330;275;275;568.866;568.576;50;274.963;;;2368.66;1;1
3198;0.25;52.1325;29.4;5.82886;39.8785;29.7;165;297.541;280.548;275;330;275;275;568.866;568.576;50;274.97;;;2368.66;1;1
3199;0.25;52.2338;29.4;5.93142;39.9797;29.7;186;297.613;280.548;275;330;275;275;568.866;568.576;50;274.971;;;2367.83;1;1
3200;0.25;51.93;29.4;5.86064;39.8785;29.7;201;297.714;280.541;275;330;275;275;568.866;568.576;50;274.968;;;2367.83;1;1
3201;0.25;52.338;29.3;5.60619;39.8785;29.7;194;297.7;280.541;275;330;275;275;568.721;568.432;50;274.958;;;2367.83;1;1
3202;0.25;52.419;29.3;5.59656;39.8785;29.7;184;297.555;280.541;275;330;275;275;568.721;568.432;50;274.961;"KHP102      ";;2366.17;1;1
3203;0.25;52.4392;29.3;5.59872;39.6759;29.7;191;297.15;280.548;275;330;275;275;568.576;568.287;50;274.965;;;2362.79;1;1
3204;0.25;52.2338;29.3;5.55854;39.6615;29.7;192;297.83;280.556;275;330;275;275;568.576;568.287;50;274.967;;;2362.79;1;1
3205;0.25;52.2338;29.3;5.57679;39.7772;29.7;194;297.83;280.527;275;330;275;275;568.576;568.287;50;274.967;;;2362.79;1;1
3206;0.25;52.1267;29.3;5.52894;39.6759;29.7;182;297.96;280.548;275;330;275;275;568.721;568.287;50;274.962;;;2362.79;1;1
3207;0.25;52.1325;29.3;5.58419;39.8785;29.7;179;298.264;280.548;275;330;275;275;568.576;568.287;50;274.948;;;2361.96;1;1
3208;0.25;52.0312;29.3;5.57334;39.9363;29.7;174;299.089;280.548;275;330;275;275;568.576;568.287;50;274.932;;;2361.96;1;1
3209;0.25;51.9502;29.3;5.52837;39.6759;29.7;170;299.089;280.548;275;330;275;275;568.576;568.287;50;274.933;;;2361.96;1;1
3210;0.25;52.0341;29.3;5.51912;39.6672;29.7;157;299.262;280.548;275;330;275;275;568.576;568.287;50;274.941;;;2359.47;1;1
3211;0.25;52.2338;29.3;5.55854;39.5747;29.7;157;299.233;280.548;275;330;275;275;568.721;568.432;50;274.944;;;2358.64;1;1
3212;0.25;51.9184;29.3;5.52498;39.7772;29.7;148;299.841;280.556;275;330;275;275;568.721;568.432;50;274.951;;;2358.64;1;1
3213;0.25;51.9097;29.3;5.57846;39.8785;29.8;134;300.521;280.563;275;330;275;275;568.721;568.576;50;274.94;;;2357.81;1;1
3214;0.25;51.93;29.3;5.54435;39.8785;29.8;127;300.622;280.519;275;330;275;275;568.721;568.432;50;274.933;;;2354.65;1;1
3215;0.25;52.1325;29.3;5.56598;39.8785;29.8;121;301.114;280.541;275;330;275;275;568.721;568.432;50;274.93;;;2354.65;1;1
3216;0.25;51.9271;29.3;5.50776;39.8785;29.8;122;301.157;280.563;275;330;275;275;568.721;568.432;50;274.93;;;2354.65;1;1
3217;0.25;52.0312;29.3;5.57334;39.9826;29.8;105;301.577;280.541;275;330;275;275;568.576;568.432;50;274.931;;;2354.65;1;1
3218;0.25;52.0312;29.3;5.50064;40.081;29.8;91;301.707;280.563;275;330;275;275;568.721;568.287;50;274.942;;;2354.1;1;1
3219;0.25;52.1325;29.3;5.56598;39.8785;29.8;91;301.866;280.541;275;330;275;275;568.576;568.287;50;274.964;;;2353.27;1;1
3220;0.25;51.7245;29.4;5.83746;39.8206;29.9;91;301.895;280.541;275;330;275;275;568.576;568.287;50;274.993;;;2352.45;1;1
3221;0.25;51.7245;29.4;5.8736;40.1823;29.9;78;301.982;280.563;275;330;275;275;568.576;568.432;50;275.015;;;2352.45;1;1
3222;0.25;51.5191;29.4;5.81427;39.9797;29.9;74;302.691;280.541;275;330;275;275;568.576;568.432;50;275.009;;;2349.96;1;1
3223;0.25;51.522;29.4;5.8326;39.9797;29.9;72;302.778;280.534;275;330;275;275;568.721;568.432;50;275.017;;;2349.13;1;1
3224;0.25;51.93;29.4;5.82436;39.9797;29.9;57;302.734;280.541;275;330;275;275;568.721;568.576;50;275.031;;;2348.3;1;1
3225;0.25;52.1325;29.4;5.84708;39.6759;29.9;51;302.662;280.541;275;330;275;275;568.576;568.576;50;275.025;;;2345.48;1;1
3226;0.25;51.8692;29.4;5.83566;39.5747;29.9;48;302.575;280.541;275;330;275;275;568.721;568.432;50;275.029;;;2344.65;1;1
3227;0.25;51.93;29.4;5.86064;39.6007;29.9;48;302.532;280.541;275;330;275;275;568.576;568.432;50;275.037;;;2343.83;1;1
3228;0.25;51.93;29.4;5.8425;39.5747;29.9;41;302.619;280.541;275;330;275;275;568.576;568.432;50;275.044;;;2343;1;1
3229;0.25;51.93;29.4;5.86064;39.5602;29.9;39;302.778;280.534;275;330;275;275;568.576;568.432;50;275.046;;;2342.17;1;1
3230;0.25;51.8287;29.4;5.79489;39.5718;29.9;41;302.865;280.534;275;330;275;275;568.576;568.432;50;275.049;;;2341.34;1;1
3231;0.25;51.7245;29.4;5.76518;39.4878;29.9;43;302.836;280.534;275;330;275;275;568.576;568.432;50;275.043;;;2341.34;1;1
3232;0.25;51.7014;29.4;5.79872;39.7685;29.9;40;302.17;280.534;275;330;275;275;568.576;568.432;50;275.038;;;2341.34;1;1
3233;0.25;51.9271;29.5;6.17659;39.7772;29.9;34;301.982;280.534;275;330;275;275;568.576;568.287;50;275.04;;;2339.02;1;1
3234;0.25;52.0312;29.5;6.13445;39.7772;29.9;42;301.895;280.527;275;330;275;275;568.576;568.287;50;275.047;;;2339.02;1;1
3235;0.25;51.7245;29.5;6.08022;39.8351;29.9;55;301.895;280.527;275;330;275;275;568.432;568.287;50;275.065;;;2339.02;1;1
3236;0.25;51.6233;29.5;6.06831;39.8785;29.9;43;301.172;280.527;275;330;275;275;568.576;568.287;50;275.087;;;2336.74;1;1
3237;0.25;51.7274;29.5;6.08056;39.673;29.9;40;301.881;280.527;275;330;275;275;568.576;568.287;50;275.121;;;2334.26;1;1
3238;0.25;51.7101;29.5;6.11464;39.5747;29.9;43;301.924;280.527;275;330;275;275;568.576;568.432;50;275.153;;;2334.26;1;1
3239;0.25;52.0312;29.5;6.09807;39.6701;29.9;49;301.128;280.519;275;330;275;275;568.721;568.432;50;275.173;;;2333.43;1;1
3240;0.25;52.1296;29.5;6.12784;39.7772;29.9;49;301.027;280.527;275;330;275;275;568.576;568.287;50;275.183;;;2331.78;1;1
3241;0.25;52.1325;29.5;6.07351;39.9074;29.9;52;300.911;280.527;275;330;275;275;568.576;568.287;50;275.157;;;2331.78;1;1
3242;0.25;51.8316;29.5;6.07467;39.9797;29.8;55;300.666;280.527;275;330;275;275;568.576;568.287;50;275.106;;;2331.78;1;1
3243;0.25;51.7245;29.5;6.04405;39.9797;29.8;56;300.738;280.527;275;330;275;275;568.721;568.432;50;275.062;;;2330.95;1;1
3244;0.25;51.6696;29.5;6.10985;39.8785;29.8;63;300.043;280.657;275;330;275;275;568.721;568.432;50;275.036;;;2330.95;1;1
3245;0.25;52.0312;29.5;6.00719;39.5718;29.8;74;300.116;280.657;275;330;275;275;568.576;568.287;50;275.016;;;2330.95;1;1
3246;0.25;51.93;29.5;6.04992;39.3692;29.8;85;299.971;280.679;275;330;275;275;568.721;568.576;50;274.986;;;2330.95;1;1
3247;0.25;52.0312;29.5;6.11627;39.5833;29.8;90;299.797;280.664;275;330;275;275;568.721;568.432;50;274.978;;;2327.81;1;1
3248;0.25;51.8287;29.4;5.66813;39.6759;29.8;101;299.725;280.664;275;330;275;275;568.721;568.576;50;274.981;;;2326.99;1;1
3249;0.25;52.0312;29.4;5.69028;39.7454;29.8;118;299.682;280.527;275;330;275;275;568.721;568.432;50;274.98;;;2326.99;1;1
3250;0.25;52.1875;29.4;5.74383;39.8785;29.8;122;298.828;280.519;275;330;275;275;568.721;568.576;50;274.985;;;2326.16;1;1
3251;0.25;52.0312;29.4;5.72663;39.9797;29.8;128;298.958;280.519;275;330;275;275;568.721;568.576;50;275.039;;;2324.61;1;1
3252;0.25;51.6233;29.4;5.68173;39.8785;29.8;138;299.06;280.527;275;330;275;275;568.576;568.432;50;275.096;;;2322.96;1;1
3253;0.25;51.522;29.4;5.68858;39.8785;29.8;143;299.103;280.519;275;330;275;275;568.576;568.287;50;275.127;;;2322.96;1;1
3254;0.25;51.522;29.4;5.63459;39.7772;29.7;141;299.002;280.519;275;330;275;275;568.576;568.287;50;275.137;;;2322.96;1;1
3255;0.25;51.6233;29.4;5.62763;39.8727;29.7;137;298.9;280.519;275;330;275;275;568.576;568.287;50;275.144;;;2322.13;1;1
3256;0.25;51.7274;29.4;5.62091;39.9797;29.7;132;298.828;280.519;275;330;275;275;568.576;568.287;50;275.144;;;2321.31;1;1
3257;0.25;51.7245;29.4;5.60253;40.081;29.7;133;298.886;280.519;275;330;275;275;568.576;568.432;50;275.139;;;2321.31;1;1
3258;0.25;51.9329;29.4;5.64324;40.081;29.7;125;298.973;280.519;275;330;275;275;568.721;568.432;50;275.134;"KHP102      ";;2321.31;1;1
3259;0.25;52.0081;29.4;5.66958;39.8785;29.7;121;299.089;280.519;275;330;275;275;568.432;568.142;50;275.129;;;2317.72;1;1
3260;0.25;51.9531;29.4;5.64544;39.8785;29.7;118;299.089;280.519;275;330;275;275;568.287;567.998;50;275.101;;;2317.72;1;1
3261;0.25;52.1325;29.4;5.68314;40.081;29.7;118;298.987;280.527;275;330;275;275;568.287;567.998;50;275.067;;;2317.32;1;1
3262;0.25;51.7245;29.4;5.56637;40.1823;29.7;115;299.117;280.534;275;330;275;275;568.142;567.998;50;275.024;;;2315.67;1;1
3263;0.25;51.6291;29.4;5.57415;39.9797;29.7;106;299.089;280.527;275;330;275;275;567.998;567.998;50;274.981;"KHP102      ";;2313.2;1;1
3264;0.25;51.6233;29.4;5.62763;39.9797;29.8;107;299.161;280.534;275;330;275;275;568.142;567.853;50;274.944;;;2313.2;1;1
3265;0.25;51.8113;29.4;5.57571;39.9797;29.8;113;299.711;280.519;275;330;275;275;568.142;567.853;50;274.901;;;2313.2;1;1
3266;0.25;51.93;29.4;5.55219;39.9797;29.8;117;299.291;280.527;275;330;275;275;568.142;567.998;50;274.864;;;2312.38;1;1
3267;0.25;52.1325;29.4;5.57385;39.7859;29.8;127;299.349;280.534;275;330;275;275;568.287;567.998;50;274.824;;;2312.38;1;1
3268;0.25;52.1354;29.4;5.57416;39.6788;29.8;139;300.13;280.534;275;330;275;275;568.432;568.142;50;274.787;;;2312.38;1;1
3269;0.25;52.0284;29.4;5.54453;39.6586;29.8;142;300.029;280.534;275;330;275;275;568.432;568.142;50;274.754;;;2311.55;1;1
3270;0.25;51.93;29.4;5.58847;39.7772;29.8;141;299.957;280.519;275;330;275;275;568.287;567.998;50;274.715;;;2309.54;1;1
3271;0.25;52.0312;29.4;5.5812;39.9797;29.8;148;299.87;280.519;275;330;275;275;568.142;567.998;50;274.681;;;2307.91;1;1
3272;0.25;51.8287;29.4;5.54136;39.8032;29.8;154;300.622;280.715;275;330;275;275;568.287;567.998;50;274.653;;;2307.91;1;1
3273;0.25;51.7159;29.4;5.5293;39.6759;29.8;164;300.231;280.534;275;330;275;275;568.142;567.853;50;274.64;;;2307.48;1;1
3274;0.25;51.8287;29.4;5.52326;39.7772;29.8;166;300.333;280.534;275;330;275;275;568.142;567.998;50;274.635;;;2305.83;1;1
3275;0.25;52.0312;29.4;5.56302;39.9797;29.8;175;300.376;280.534;275;330;275;275;568.142;567.853;50;274.617;;;2305.83;1;1
3276;0.25;51.9734;29.4;5.55683;40.081;29.8;181;301.1;280.896;275;330;275;275;568.142;567.853;50;274.599;;;2305.83;1;1
3277;0.25;51.9271;29.4;5.46118;39.9797;29.8;181;301.013;280.896;275;330;275;275;567.998;567.853;50;274.606;;;2305.01;1;1
3278;0.25;51.8287;29.4;5.50515;39.8756;29.8;180;301.128;280.924;275;330;275;275;568.142;567.853;50;274.631;"KHP102      ";;2305.01;1;1
3279;0.25;51.6233;29.4;5.42923;39.7772;29.8;180;301.1;280.924;275;330;275;275;568.142;567.853;50;274.666;;;2305.01;1;1
3280;0.25;51.82;29.4;5.48613;39.8785;29.8;175;302.011;280.852;275;330;275;275;568.142;567.853;50;274.707;;;2305.01;1;1
3281;0.25;52.0312;29.4;5.49031;39.6759;29.8;168;302.127;280.83;275;330;275;275;568.287;567.998;50;274.736;;;2301.72;1;1
3282;0.25;51.8287;29.4;5.45083;39.7743;29.8;156;302.459;280.874;275;330;275;275;568.142;567.998;50;274.75;;;2299.72;1;1
3283;0.25;51.8287;29.4;5.46894;39.8785;29.9;148;302.445;280.874;275;330;275;275;568.142;567.998;50;274.752;;;2299.72;1;1
3284;0.25;51.93;29.4;5.47963;39.8785;29.9;138;303.096;280.823;275;330;275;275;568.287;567.998;50;274.746;;;2299.1;1;1
3285;0.25;51.8258;29.4;5.45053;40.2025;29.9;123;302.995;280.816;275;330;275;275;568.287;567.998;50;274.754;;;2297.62;1;1
3286;0.25;51.6233;29.4;5.39316;40.2865;29.9;112;303.212;280.859;275;330;275;275;568.287;567.998;50;274.766;;;2297.62;1;1
3287;0.25;51.8287;29.4;5.46894;40.2865;29.9;104;303.27;280.838;275;330;275;275;568.287;567.998;50;274.783;;;2297.62;1;1
3288;0.25;51.8287;29.4;5.45083;40.2865;29.9;98;304.094;280.83;275;330;275;275;568.287;567.998;50;274.811;;;2297.62;1;1
3289;0.25;51.9068;29.4;5.45905;40.1939;29.9;87;304.239;280.773;275;330;275;275;568.287;568.142;50;274.843;;;2295.16;1;1
3290;0.25;51.8142;29.5;5.72867;39.9797;29.9;77;304.268;280.794;275;330;275;275;568.287;568.142;50;274.858;;;2295.08;1;1
3291;0.25;51.93;29.5;5.75963;40.0579;29.9;68;304.456;280.845;275;330;275;275;568.432;568.142;50;274.865;;;2293.74;1;1
3292;0.25;52.0168;29.5;5.78743;40.081;29.9;63;304.398;280.838;275;330;275;275;568.576;568.287;50;274.86;;;2290.74;1;1
3293;0.25;51.9068;29.5;5.72078;40.081;29.9;54;304.326;280.787;275;330;275;275;568.576;568.432;50;274.849;;;2289.92;1;1
3294;0.25;51.8287;29.5;5.67595;40.1852;30;43;304.47;280.881;275;330;275;275;568.721;568.432;50;274.8;;;2289.92;1;1
3295;0.25;51.7274;29.5;5.73717;40.0839;30;37;304.355;280.773;275;330;275;275;568.721;568.432;50;274.71;;;2288.42;1;1
3296;0.25;52.0312;29.5;5.73449;40.081;30;39;304.456;280.823;275;330;275;275;568.721;568.432;50;274.653;;;2285.96;1;1
3297;0.25;52.1354;29.5;5.74597;39.8785;30;45;304.572;280.802;275;330;275;275;568.721;568.432;50;274.646;;;2285.96;1;1
3298;0.25;51.8866;29.5;5.73667;39.7772;30;49;304.644;280.744;275;330;275;275;568.576;568.432;50;274.625;;;2285.96;1;1
3299;0.25;51.8287;29.5;5.67595;39.9797;30;54;304.514;280.91;275;330;275;275;568.432;568.287;50;274.567;;;2285.14;1;1
3300;0.25;51.8287;29.5;5.73027;40.081;30;60;304.586;280.765;275;330;275;275;568.432;568.142;50;274.527;;;2284.32;1;1
3301;0.25;51.4207;29.5;5.70315;39.9797;30;66;304.514;280.758;275;330;275;275;568.432;568.142;50;274.516;;;2284.32;1;1
3302;0.25;51.5249;29.5;5.67868;39.9797;30;70;304.022;280.7;275;330;275;275;568.432;568.287;50;274.522;;;2284.32;1;1
3303;0.25;51.3744;29.5;5.6621;39.8785;30;88;304.051;280.693;275;330;275;275;568.432;568.287;50;274.543;;;2281.86;1;1
3304;0.25;51.522;29.6;6.01016;39.9797;29.9;104;304.152;280.693;275;330;275;275;568.432;568.287;50;274.571;;;2280.22;1;1
3305;0.25;51.5191;29.6;5.97383;40.081;29.9;112;303.762;280.729;275;330;275;275;568.432;568.287;50;274.611;;;2280.22;1;1
3306;0.25;52.0139;29.6;6.06755;40.1823;29.9;113;303.747;280.722;275;330;275;275;568.432;568.287;50;274.658;;;2279.4;1;1
3307;0.25;51.8547;29.6;6.03087;40.1823;29.9;122;303.689;280.686;275;330;275;275;568.576;568.432;50;274.703;;;2277.76;1;1
3308;0.25;51.7535;29.6;5.94677;40.1794;29.9;127;303.27;280.939;275;330;275;275;568.576;568.287;50;274.735;;;2277.76;1;1
3309;0.25;51.9097;29.6;6.00099;40.1823;29.9;122;302.951;280.715;275;330;275;275;568.432;568.287;50;274.768;;;2277.76;1;1
3310;0.25;52.0312;29.6;5.99686;40.2894;29.9;116;302.98;280.707;275;330;275;275;568.432;568.287;50;274.82;;;2277.72;1;1
3311;0.25;51.8287;29.5;5.73027;40.298;29.9;123;303.197;280.939;275;330;275;275;568.432;568.142;50;274.874;;;2277.06;1;1
3312;0.25;51.7245;29.5;5.61034;40.3877;29.9;122;303.183;280.939;275;330;275;275;568.432;568.142;50;274.916;;;2277.06;1;1
3313;0.25;51.7274;29.5;5.61065;40.2865;29.9;112;303.082;280.939;275;330;275;275;568.287;567.998;50;274.942;;;2277.06;1;1
3314;0.25;51.8287;29.5;5.67595;40.1823;29.9;102;302.98;280.939;275;330;275;275;568.142;567.853;50;274.94;;;2275.43;1;1
3315;0.25;51.93;29.5;5.6689;39.9797;29.9;99;302.937;280.939;275;330;275;275;568.142;567.998;50;274.922;;;2274.61;1;1
3316;0.25;52.0312;29.5;5.66178;40.0694;29.9;87;303.024;280.932;275;330;275;275;568.287;567.998;50;274.885;;;2274.61;1;1
3317;0.25;51.8287;29.5;5.63974;40.2865;29.9;75;303.139;280.932;275;330;275;275;568.287;567.998;50;274.847;;;2273.79;1;1
3318;0.25;51.7245;29.5;5.62841;40.2836;29.9;77;302.402;280.932;275;330;275;275;568.287;567.998;50;274.786;;;2269.7;1;1
3319;0.25;51.6233;29.5;5.61739;40.2865;29.9;78;302.402;280.932;275;330;275;275;568.287;567.998;50;274.723;;;2267.25;1;1
3320;0.25;51.7245;29.5;5.62841;40.0116;29.9;87;302.329;280.924;275;330;275;275;568.142;567.853;50;274.669;;;2267.25;1;1
3321;0.25;51.8258;29.5;5.62132;40.081;29.9;96;302.214;280.924;275;330;275;275;568.287;567.998;50;274.661;"KHP102      ";;2267.25;1;1
3322;0.25;51.7245;29.5;5.59227;40.1881;29.9;109;302.141;280.924;275;330;275;275;568.287;568.142;50;274.676;;;2266.43;1;1
3323;0.25;51.6233;29.5;5.56328;40.081;29.9;109;302.633;280.664;275;330;275;275;568.432;568.287;50;274.701;;;2266.43;1;1
3324;0.25;51.7274;29.5;5.57451;40.1534;29.9;109;302.228;280.932;275;330;275;275;568.432;568.287;50;274.729;;;2266.43;1;1
3325;0.25;51.8634;29.5;5.64352;40.081;29.9;108;302.358;280.924;275;330;275;275;568.576;568.287;50;274.76;;;2263.16;1;1
3326;0.25;52.0341;29.5;5.64392;40.0839;29.9;121;302.402;280.932;275;330;275;275;568.576;568.287;50;274.779;;;2262.34;1;1
3327;0.25;51.6001;29.5;5.52471;40.081;29.9;127;302.387;280.932;275;330;275;275;568.576;568.142;50;274.794;;;2262.34;1;1
3328;0.25;51.522;29.5;5.57037;39.8785;29.9;123;302.358;280.932;275;330;275;275;568.432;568.142;50;274.813;;;2261.73;1;1
3329;0.25;51.522;29.5;5.55237;40.2865;29.9;122;302.257;280.932;275;330;275;275;568.432;567.998;50;274.825;;;2260.91;1;1
3330;0.25;51.6262;29.5;5.5275;40.2865;29.9;124;302.141;280.932;275;330;275;275;568.287;568.142;50;274.813;;;2260.09;1;1
3331;0.25;52.2338;29.5;5.59256;40.081;29.9;108;302.662;280.664;275;330;275;275;568.432;567.998;50;274.785;;;2259.94;1;1
3332;0.25;52.0341;29.5;5.58936;40.2865;29.9;109;302.199;280.888;275;330;275;275;568.287;567.998;50;274.741;;;2259.94;1;1
3333;0.25;51.849;29.5;5.58761;40.3877;29.9;113;302.402;280.881;275;330;275;275;568.432;568.142;50;274.726;;;2257.49;1;1
3334;0.25;51.8287;29.5;5.56729;40.3877;29.9;106;302.474;280.881;275;330;275;275;568.432;567.998;50;274.723;;;2257.49;1;1
3335;0.25;51.93;29.5;5.54189;40.489;29.9;107;302.373;280.852;275;330;275;275;568.432;568.287;50;274.725;;;2257.49;1;1
3336;0.25;52.2338;29.5;5.59256;40.3877;29.9;112;302.315;280.852;275;330;275;275;568.432;568.142;50;274.742;;;2254.23;1;1
3337;0.25;52.3351;29.5;5.6034;40.1852;29.9;118;302.3;280.874;275;330;275;275;568.432;568.142;50;274.754;;;2252.6;1;1
3338;0.25;52.1846;29.5;5.60552;39.9797;29.9;120;302.242;280.867;275;330;275;275;568.287;568.142;50;274.768;;;2251.89;1;1
3339;0.25;51.93;29.5;5.56003;39.7772;29.9;114;302.141;280.859;275;330;275;275;568.432;568.142;50;274.768;;;2251.89;1;1
3340;0.25;51.8287;29.5;5.54919;39.9797;29.9;119;302.199;280.881;275;330;275;275;568.432;568.142;50;274.766;;;2251.08;1;1
3341;0.25;51.7274;29.5;5.55641;40.2865;29.9;119;303.125;280.859;275;330;275;275;568.576;568.287;50;274.732;;;2249.54;1;1
3342;0.25;52.0052;29.5;5.58625;40.1823;29.9;121;303.197;280.664;275;330;275;275;568.576;568.287;50;274.698;;;2249.54;1;1
3343;0.25;52.2338;29.5;5.61081;40.081;29.9;109;303.111;280.679;275;330;275;275;568.432;568.287;50;274.673;;;2248.72;1;1
3344;0.25;51.8403;29.5;5.51421;40.1534;29.9;105;302.98;280.686;275;330;275;275;568.432;568.287;50;274.651;;;2248.72;1;1
3345;0.25;51.93;29.5;5.56003;40.0781;29.9;108;302.937;280.686;275;330;275;275;568.432;568.142;50;274.621;;;2248.72;1;1
3346;0.25;51.9213;29.5;5.57724;40.1707;29.9;113;303.053;280.693;275;330;275;275;568.432;568.142;50;274.596;;;2248.72;1;1
3347;0.25;51.9821;29.5;5.51113;40.1997;29.9;114;303.183;280.693;275;330;275;275;568.432;568.142;50;274.58;;;2247.91;1;1
3348;0.25;51.5191;29.5;5.46205;40.1852;29.9;121;303.183;280.7;275;330;275;275;568.432;568.142;50;274.571;"KHP102      ";;2247.09;1;1
3349;0.25;51.6233;29.5;5.50916;40.1852;29.9;132;303.067;280.686;275;330;275;275;568.432;568.142;50;274.566;;;2245.46;1;1
3350;0.25;51.8258;29.5;5.49456;40.081;29.9;134;303.762;280.693;275;330;275;275;568.432;568.142;50;274.559;;;2244.3;1;1
3351;0.25;52.1325;29.5;5.52708;40.0839;29.9;140;303.762;280.657;275;330;275;275;568.287;568.142;50;274.557;;;2242.63;1;1
3352;0.25;52.2367;29.5;5.55637;40.1418;29.9;130;303.791;280.679;275;330;275;275;568.287;568.142;50;274.568;;;2241.01;1;1
3353;0.25;52.3351;29.5;5.53027;40.3877;29.9;125;303.863;280.679;275;330;275;275;568.287;567.998;50;274.584;;;2241.01;1;1
3354;0.25;52.1325;29.5;5.59993;40.2865;29.9;133;303.95;280.686;275;330;275;275;568.432;568.142;50;274.609;;;2241.01;1;1
3355;0.25;52.1325;29.5;5.54529;39.9769;29.9;141;304.036;280.686;275;330;275;275;568.432;568.287;50;274.636;;;2240.19;1;1
3356;0.25;52.3351;29.5;5.6034;39.8785;29.9;142;304.21;280.707;275;330;275;275;568.721;568.287;50;274.672;;;2240.19;1;1
3357;0.25;52.3524;29.5;5.58697;39.8785;29.9;139;304.167;280.664;275;330;275;275;568.576;568.287;50;274.709;;;2240.19;1;1
3358;0.25;51.8461;29.5;5.53293;40.1852;29.9;118;303.964;280.715;275;330;275;275;568.576;568.287;50;274.755;;;2240.19;1;1
3359;0.25;51.8287;29.5;5.53108;40.2865;29.9;114;303.935;280.715;275;330;275;275;568.576;568.142;50;274.805;;;2238.57;1;1
3360;0.25;51.93;29.5;5.50561;40.3877;29.9;111;304.036;280.736;275;330;275;275;568.432;568.287;50;274.863;;;2237.75;1;1
3361;0.25;52.4508;29.5;5.57915;40.3067;30;100;304.977;280.736;275;330;275;275;568.432;568.142;50;274.889;;;2236.13;1;1
3362;0.25;52.2222;29.5;5.55483;40.3877;30;93;304.977;280.736;275;330;275;275;568.576;568.142;50;274.899;;;2233.99;1;1
3363;0.25;52.3351;29.5;5.51199;40.2865;30;76;304.933;280.744;275;330;275;275;568.576;568.287;50;274.906;;;2233.18;1;1
3364;0.25;52.1499;29.5;5.52892;40.2894;30;63;304.876;280.765;275;330;275;275;568.576;568.287;50;274.927;;;2232.4;1;1
3365;0.25;52.1065;29.5;5.54252;40.3906;30;61;304.745;280.773;275;330;275;275;568.576;568.287;50;274.951;;;2231.59;1;1
3366;0.25;52.1325;29.5;5.54529;40.1852;30;45;304.702;280.773;275;330;275;275;568.576;568.432;50;274.956;;;2231.59;1;1
3367;0.25;52.2338;29.6;5.9107;40.1186;30;39;304.659;280.758;275;330;275;275;568.576;568.576;50;274.956;;;2231.59;1;1
3368;0.25;52.1701;29.6;5.88527;40.081;30;34;304.644;280.765;275;330;275;275;568.721;568.432;50;274.953;;;2231.59;1;1
3369;0.25;52.1325;29.6;5.86282;40.081;30;29;304.702;280.765;275;330;275;275;568.721;568.576;50;274.953;;;2230.78;1;1
3370;0.25;52.1325;29.6;5.8446;40.081;30;24;304.789;280.765;275;330;275;275;568.866;568.576;50;274.958;;;2229.97;1;1
3371;0.25;52.4392;29.6;5.87899;40.1823;30;21;304.21;280.758;275;330;275;275;568.866;568.576;50;274.963;;;2229.97;1;1
3372;0.25;52.5521;29.6;5.92836;40.1794;30;21;304.196;281.055;275;330;275;275;568.866;568.576;50;274.967;;;2229.15;1;1
3373;0.25;52.1325;29.6;5.8446;40.1823;30;23;304.094;281.055;275;330;275;275;568.866;568.576;50;274.971;;;2225.09;1;1
3374;0.25;52.0226;29.6;5.8868;40.1071;30;21;303.993;281.055;275;330;275;275;569.01;568.576;50;274.977;;;2222.66;1;1
3375;0.25;52.1325;29.6;5.82639;39.9797;30;21;303.588;281.055;275;330;275;275;568.866;568.576;50;274.997;;;2221.85;1;1
3376;0.25;52.3351;29.6;5.92216;39.7859;30;23;303.704;281.047;275;330;275;275;568.866;568.721;50;275.04;;;2221.85;1;1
3377;0.25;52.338;29.6;5.9042;39.6759;30;25;303.125;281.047;275;330;275;275;568.866;568.576;50;275.092;;;2219.42;1;1
3378;0.25;52.1325;29.6;5.82639;39.6759;30;28;303.212;281.055;275;330;275;275;568.721;568.576;50;275.139;;;2219.42;1;1
3379;0.25;52.2338;29.6;5.85596;39.6759;30;35;302.734;281.055;275;330;275;275;568.721;568.576;50;275.172;;;2219.42;1;1
3380;0.25;51.9589;29.6;5.82514;39.7772;30;37;302.633;281.055;275;330;275;275;568.721;568.576;50;275.198;;;2219.42;1;1
3381;0.25;52.0312;29.6;5.85143;40.1794;30;42;301.968;281.055;275;330;275;275;568.721;568.576;50;275.217;;;2219.42;1;1
3382;0.25;52.1325;29.6;5.91745;40.489;30;39;301.823;281.055;275;330;275;275;568.721;568.432;50;275.218;;;2218.6;1;1
3383;0.25;52.3351;29.6;5.86731;40.4774;29.9;42;301.562;281.047;275;330;275;275;568.721;568.432;50;275.205;;;2218.6;1;1
3384;0.25;52.9456;29.6;5.97275;40.3877;29.9;40;301.114;281.055;275;330;275;275;568.721;568.432;50;275.193;;;2216.17;1;1
3385;0.25;52.4768;29.6;5.84654;40.3877;29.9;42;301.143;281.055;275;330;275;275;568.721;568.432;50;275.182;;;2216.17;1;1
3386;0.25;52.4392;29.5;5.5596;40.2865;29.9;43;300.521;281.055;275;330;275;275;568.866;568.432;50;275.184;;;2213.74;1;1
3387;0.25;52.1267;29.5;5.52647;40.2865;29.9;49;300.68;281.055;275;330;275;275;568.721;568.576;50;275.184;;;2212.93;1;1
3388;0.25;52.4392;29.5;5.54128;40.2836;29.9;63;299.841;281.055;275;330;275;275;568.721;568.576;50;275.166;;;2208.88;1;1
3389;0.25;52.5145;29.5;5.54923;40.2865;29.9;67;299.855;281.055;275;330;275;275;568.721;568.432;50;275.148;;;2208.88;1;1
3390;0.25;51.93;29.5;5.48747;40.3646;29.9;71;299.667;281.047;275;330;275;275;568.576;568.432;50;275.121;;;2208.88;1;1
3391;0.25;52.1296;29.5;5.5632;40.1823;29.9;78;299.031;281.055;275;330;275;275;568.721;568.287;50;275.1;;;2208.88;1;1
3392;0.25;51.7332;29.5;5.46667;40.2865;29.9;94;299.103;281.055;275;330;275;275;568.576;568.287;50;275.078;;;2208.88;1;1
3393;0.25;51.901;29.5;5.48441;40.3877;29.9;104;299.103;281.055;275;330;275;275;568.576;568.432;50;275.058;;;2208.88;1;1
3394;0.25;51.8287;29.5;5.44055;39.9797;29.9;112;298.669;281.055;275;330;275;275;568.721;568.432;50;275.04;;;2208.88;1;1
3395;0.25;52.0341;29.5;5.51665;39.8785;29.9;120;298.539;281.047;275;330;275;275;568.866;568.576;50;275.015;;;2207.26;1;1
3396;0.25;52.3351;29.5;5.49371;40.081;29.9;136;298.466;281.047;275;330;275;275;568.866;568.576;50;274.997;;;2206.46;1;1
3397;0.25;52.3698;29.5;5.55224;40.081;29.8;141;298.466;281.055;275;330;275;275;568.866;568.721;50;274.989;;;2206.46;1;1
3398;0.25;52.338;29.4;5.17524;40.489;29.8;143;297.888;281.055;275;330;275;275;568.866;568.576;50;274.994;;;2206.46;1;1
3399;0.25;52.3351;29.4;5.2298;40.5093;29.8;148;298.076;281.055;275;330;275;275;568.866;568.721;50;275.009;;;2205.07;1;1
3400;0.25;52.5579;29.4;5.21534;40.4861;29.8;168;298.047;281.055;275;330;275;275;568.721;568.576;50;275.031;;;2205.07;1;1
3401;0.25;52.3582;29.4;5.15895;40.489;29.8;170;297.989;281.047;275;330;275;275;568.721;568.576;50;275.053;;;2205.07;1;1
3402;0.25;52.2338;29.4;5.21968;40.3848;29.8;176;297.873;281.055;275;330;275;275;568.866;568.576;50;275.081;;;2204.13;1;1
3403;0.25;52.4392;29.4;5.14861;40.1823;29.8;180;298.322;281.055;275;330;275;275;568.866;568.576;50;275.106;;;2203.32;1;1
3404;0.25;52.3351;29.4;5.21152;40.3848;29.8;170;298.394;281.055;275;330;275;275;568.866;568.576;50;275.129;;;2203.32;1;1
3405;0.25;52.0399;29.4;5.21849;40.1823;29.9;161;298.423;281.055;275;330;275;275;568.866;568.576;50;275.156;;;2201.7;1;1
3406;0.25;51.9271;29.4;5.15275;40.1823;29.9;156;299.045;281.055;275;330;275;275;568.866;568.576;50;275.185;;;2199.27;1;1
3407;0.25;51.93;29.4;5.17118;40.2865;29.9;155;299.074;281.055;275;330;275;275;568.866;568.576;50;275.213;;;2198.03;1;1
3408;0.25;52.3351;29.4;5.17495;40.1823;29.9;135;299.089;281.055;275;330;275;275;568.866;568.576;50;275.248;;;2197.22;1;1
3409;0.25;52.0573;29.4;5.16567;40.3356;29.9;125;299.378;281.055;275;330;275;275;568.866;568.576;50;275.277;;;2197.22;1;1
3410;0.25;52.0312;29.4;5.18126;40.2836;29.9;122;299.334;281.055;275;330;275;275;568.866;568.576;50;275.292;;;2193.99;1;1
3411;0.25;52.1325;29.4;5.1185;40.2865;29.9;109;299.855;281.055;275;330;275;275;568.866;568.576;50;275.312;;;2193.99;1;1
3412;0.25;52.2309;29.4;5.12816;40.4803;29.9;93;299.942;281.055;275;330;275;275;568.866;568.721;50;275.347;;;2193.99;1;1
3413;0.25;52.2338;29.4;5.16494;40.3877;29.9;74;300.564;281.047;275;330;275;275;569.01;568.721;50;275.39;;;2192.9;1;1
3414;0.25;52.4392;29.4;5.18525;40.2836;29.9;69;300.637;281.055;275;330;275;275;569.01;568.721;50;275.426;;;2192.77;1;1
3415;0.25;52.3495;29.4;5.15809;40.4861;29.9;56;300.637;281.047;275;330;275;275;569.01;568.721;50;275.457;;;2192.77;1;1
3416;0.25;52.5405;29.4;5.15856;40.5903;30;40;301.042;281.055;275;330;275;275;568.866;568.721;50;275.472;;;2192.77;1;1
3417;0.25;52.6447;29.4;5.20557;40.5903;30;31;300.955;281.055;275;330;275;275;568.866;568.721;50;275.47;"KHP102      ";;2189.67;1;1
3418;0.25;52.6418;29.4;5.1685;40.3819;30;8;300.883;281.055;275;330;275;275;568.866;568.576;50;275.477;;;2188.86;1;1
3419;0.25;52.3351;29.4;5.13839;40.2488;30;0;300.955;281.047;275;330;275;275;568.866;568.576;50;275.506;;;2187.56;1;1
3420;0.25;52.3351;29.4;5.15667;40.1823;30;0;301.085;281.055;275;330;275;275;569.01;568.576;50;275.514;;;2186.75;1;1
3421;0.25;52.364;29.4;5.17781;40.489;30;0;301.157;281.055;275;330;275;275;569.01;568.721;50;275.497;;;2185.95;1;1
3422;0.25;52.2078;29.4;5.16236;40.5903;30;0;301.071;281.055;275;330;275;275;568.866;568.576;50;275.498;;;2185.14;1;1
3423;0.25;52.1325;29.5;5.436;40.5903;30;0;300.984;281.055;275;330;275;275;568.866;568.721;50;275.498;;;2185.14;1;1
3424;0.25;52.1267;29.5;5.47184;40.5295;30;0;300.347;281.055;275;330;275;275;568.866;568.721;50;275.498;;;2182.91;1;1
3425;0.25;52.2338;29.5;5.48308;40.489;30;0;300.289;281.047;275;330;275;275;568.866;568.721;50;275.498;;;2182.1;1;1
3426;0.25;52.1325;29.5;5.49066;40.3877;30;0;300.376;281.055;275;330;275;275;568.866;568.721;50;275.51;;;2182.1;1;1
3427;0.25;52.338;29.5;5.47573;40.489;30;0;300;281.055;275;330;275;275;569.01;568.721;50;275.508;;;2182.1;1;1
3428;0.25;52.4392;29.5;5.46798;40.4832;30;0;300.116;281.055;275;330;275;275;568.866;568.721;50;275.49;;;2181.29;1;1
3429;0.25;52.2164;29.5;5.46301;40.2865;30;0;299.45;281.055;275;330;275;275;568.866;568.576;50;275.475;;;2181.29;1;1
3430;0.25;52.2251;29.5;5.44565;40.1678;30;0;299.45;281.055;275;330;275;275;568.721;568.576;50;275.467;;;2180.49;1;1
3431;0.25;52.4392;29.5;5.46798;40.3877;30;0;298.958;280.881;275;330;275;275;568.866;568.576;50;275.459;;;2176.88;1;1
3432;0.25;52.3351;29.5;5.51199;40.4514;30;0;298.322;280.874;275;330;275;275;568.866;568.721;50;275.431;;;2175.27;1;1
3433;0.25;52.2222;29.5;5.5001;40.3385;29.9;8;298.206;280.896;275;330;275;275;569.01;568.721;50;275.375;;;2174.33;1;1
3434;0.25;52.1325;29.5;5.47245;40.5845;29.9;21;297.975;280.787;275;330;275;275;569.01;568.721;50;275.33;;;2174.33;1;1
3435;0.25;52.2107;29.5;5.48065;40.489;29.9;30;297.266;280.917;275;330;275;275;569.01;568.721;50;275.292;;;2172.55;1;1
3436;0.25;52.3322;29.5;5.51169;40.489;29.9;48;297.309;280.917;275;330;275;275;568.866;568.866;50;275.262;;;2172.55;1;1
3437;0.25;51.9271;29.5;5.43274;40.3848;29.9;74;297.005;280.7;275;330;275;275;569.155;568.866;50;275.243;;;2172.55;1;1
3438;0.25;52.0312;29.5;5.46181;40.3877;29.9;97;296.875;280.686;275;330;275;275;569.01;568.721;50;275.236;;;2172.55;1;1
3439;0.25;52.0312;29.4;5.14491;40.2836;29.9;116;296.484;280.671;275;330;275;275;568.866;568.721;50;275.231;;;2172.55;1;1
3440;0.25;52.1325;29.4;5.1185;40.1823;29.8;136;296.528;280.722;275;330;275;275;568.866;568.576;50;275.228;;;2172.55;1;1
3441;0.25;52.474;29.4;5.15202;40.2836;29.8;147;295.848;280.896;275;330;275;275;569.01;568.576;50;275.225;;;2172.55;1;1
3442;0.25;52.3032;29.4;5.19008;40.1852;29.8;159;296.021;280.758;275;330;275;275;569.01;568.721;50;275.222;;;2170.91;1;1
3443;0.25;52.1325;29.4;5.10026;40.1852;29.8;167;296.05;280.91;275;330;275;275;569.01;568.721;50;275.23;;;2170.11;1;1
3444;0.25;52.3351;29.4;5.15667;40.3877;29.8;175;295.602;280.802;275;330;275;275;569.01;568.721;50;275.237;;;2168.57;1;1
3445;0.25;52.2338;29.4;5.16494;40.3877;29.8;178;295.428;280.845;275;330;275;275;568.866;568.721;50;275.243;;;2168.57;1;1
3446;0.25;52.3524;29.4;5.21324;40.3877;29.8;187;295.79;280.881;275;330;275;275;568.866;568.721;50;275.239;;;2167.56;1;1
3447;0.25;52.338;29.4;5.13867;40.2865;29.8;186;295.79;280.874;275;330;275;275;569.01;568.721;50;275.238;"KHP102      ";;2167.56;1;1
3448;0.25;52.2338;29.4;5.12844;40.2865;29.7;185;295.906;280.881;275;330;275;275;568.866;568.576;50;275.251;;;2167.56;1;1
3449;0.25;52.3524;29.4;5.17667;40.1823;29.7;185;296.311;280.802;275;330;275;275;569.01;568.721;50;275.271;;;2165.15;1;1
3450;0.25;52.6418;29.4;5.1685;40.1823;29.7;183;296.369;280.802;275;330;275;275;569.01;568.721;50;275.28;;;2165.15;1;1
3451;0.25;52.6418;29.4;5.1685;40.2025;29.8;178;296.976;280.859;275;330;275;275;569.01;568.576;50;275.278;;;2165.15;1;1
3452;0.25;52.3351;29.4;5.17495;40.3877;29.8;167;296.861;280.859;275;330;275;275;569.01;568.721;50;275.27;;;2165.15;1;1
3453;0.25;52.2367;29.4;5.12873;40.2836;29.8;153;297.179;280.809;275;330;275;275;568.866;568.866;50;275.262;;;2161.97;1;1
3454;0.25;52.4392;29.4;5.14861;39.9797;29.8;150;297.106;280.809;275;330;275;275;568.866;568.721;50;275.243;;;2161.97;1;1
3455;0.25;52.5376;29.4;5.17663;39.7772;29.8;147;297.946;280.859;275;330;275;275;568.721;568.432;50;275.227;;;2161.17;1;1
3456;0.25;52.2338;29.4;5.11017;39.8206;29.8;132;298.307;280.845;275;330;275;275;568.721;568.287;50;275.212;;;2160.37;1;1
3457;0.25;52.0312;29.4;5.12673;39.8785;29.8;115;298.409;280.874;275;330;275;275;568.721;568.432;50;275.208;;;2159.42;1;1
3458;0.25;52.4508;29.4;5.14975;39.8177;29.8;111;299.06;280.874;275;330;275;275;568.576;568.432;50;275.207;;;2158.61;1;1
3459;0.25;53.1482;29.4;5.23678;39.9855;29.8;101;299.45;280.874;275;330;275;275;568.576;568.432;50;275.212;;;2158.61;1;1
3460;0.25;53.0498;29.4;5.22709;40.1823;29.9;97;299.421;280.867;275;330;275;275;568.721;568.432;50;275.222;;;2158.61;1;1
3461;0.25;52.6418;29.4;5.20528;40.2836;29.9;92;299.855;280.867;275;330;275;275;568.721;568.576;50;275.24;;;2156.21;1;1
3462;0.25;52.5405;29.4;5.14018;40.1823;29.9;84;299.957;280.845;275;330;275;275;568.721;568.576;50;275.261;;;2156.21;1;1
3463;0.25;52.6418;29.4;5.20528;40.2836;29.9;74;300.55;280.852;275;330;275;275;568.866;568.576;50;275.285;;;2156.21;1;1
3464;0.25;52.6418;29.4;5.18689;40.2865;29.9;61;300.694;280.816;275;330;275;275;569.01;568.721;50;275.31;;;2154.75;1;1
3465;0.25;52.2338;29.4;5.12844;40.1823;29.9;52;301.157;280.83;275;330;275;275;569.01;568.576;50;275.332;;;2153.14;1;1
3466;0.25;52.5405;29.4;5.19526;40.1823;29.9;49;301.071;280.83;275;330;275;275;568.866;568.576;50;275.351;;;2152.34;1;1
3467;0.25;52.338;29.4;5.13867;40.0781;29.9;42;300.984;280.83;275;330;275;275;568.866;568.576;50;275.368;"KHP102      ";;2151.08;1;1
3468;0.25;52.6447;29.4;5.16878;39.9826;29.9;33;300.94;280.664;275;330;275;275;568.721;568.576;50;275.381;;;2150.78;1;1
3469;0.25;52.6939;29.4;5.15518;39.9797;29.9;26;301.693;280.679;275;330;275;275;568.721;568.432;50;275.391;;;2150.78;1;1
3470;0.25;52.3785;29.5;5.49826;39.9797;30;24;301.736;280.686;275;330;275;275;568.866;568.432;50;275.404;;;2149.98;1;1
3471;0.25;51.93;29.5;5.41488;39.9797;30;0;301.837;280.671;275;330;275;275;568.721;568.432;50;275.41;;;2149.18;1;1
3472;0.25;51.93;29.5;5.39674;40.081;30;0;301.157;280.83;275;330;275;275;568.721;568.432;50;275.409;;;2146.74;1;1
3473;0.25;52.2251;29.5;5.48217;40.0579;30;0;301.143;280.679;275;330;275;275;568.721;568.432;50;275.409;;;2146.17;1;1
3474;0.25;52.147;29.5;5.41929;39.89;30;0;301.071;280.686;275;330;275;275;568.432;568.287;50;275.414;;;2146.17;1;1
3475;0.25;52.2338;29.5;5.44656;40.081;30;0;300.969;280.693;275;330;275;275;568.432;568.287;50;275.424;;;2144.57;1;1
3476;0.25;52.4392;29.5;5.48632;40.0318;30;0;300.376;280.794;275;330;275;275;568.576;568.287;50;275.432;;;2143.77;1;1
3477;0.25;52.2338;29.5;5.48308;40.3299;30;0;300.333;280.787;275;330;275;275;568.576;568.432;50;275.425;;;2142.97;1;1
3478;0.25;52.1325;29.5;5.50887;40.2865;29.9;0;300.391;280.802;275;330;275;275;568.576;568.287;50;275.408;;;2142.17;1;1
3479;0.25;52.5405;29.5;5.46018;40.1823;29.9;0;300.174;280.802;275;330;275;275;568.576;568.287;50;275.375;;;2139.9;1;1
3480;0.25;52.5405;29.5;5.47854;40.1389;29.9;0;299.537;280.816;275;330;275;275;568.576;568.142;50;275.338;"KHP102      ";;2139.1;1;1
3481;0.25;52.4421;29.5;5.48663;40.2922;29.9;4;299.363;280.816;275;330;275;275;568.576;568.287;50;275.297;"KHP102      ";;2139.1;1;1
3482;0.25;52.4392;29.5;5.46798;40.2865;29.9;12;298.973;280.83;275;330;275;275;568.432;568.287;50;275.25;;;2136.7;1;1
3483;0.25;52.6418;29.5;5.43393;40.1823;29.9;28;298.872;280.809;275;330;275;275;568.432;568.142;50;275.202;;;2136.7;1;1
3484;0.25;52.6997;29.5;5.51357;40.1823;29.9;47;298.568;280.693;275;330;275;275;568.576;568.287;50;275.153;;;2136.7;1;1
3485;0.25;52.3351;29.5;5.49371;40.3241;29.9;65;297.931;280.794;275;330;275;275;568.576;568.287;50;275.116;;;2136.7;1;1
3486;0.25;52.3351;29.5;5.49371;40.1823;29.9;82;297.931;280.794;275;330;275;275;568.576;568.287;50;275.089;"KHP102      ";;2135.9;1;1
3487;0.25;52.1325;29.5;5.41778;40.0839;29.9;91;297.483;280.751;275;330;275;275;568.576;568.287;50;275.071;;;2135.1;1;1
3488;0.25;52.0341;29.5;5.40756;39.8814;29.8;113;297.063;280.744;275;330;275;275;568.576;568.287;50;275.055;;;2134.3;1;1
3489;0.25;52.3351;29.5;5.43883;39.8756;29.8;135;297.034;280.744;275;330;275;275;568.576;568.142;50;275.04;;;2131.1;1;1
3490;0.25;52.5405;29.5;5.46018;39.8843;29.8;152;296.918;280.722;275;330;275;275;568.576;568.142;50;275.038;;;2130.3;1;1
3491;0.25;52.6736;29.5;5.45562;39.5718;29.8;173;296.34;280.722;275;330;275;275;568.576;568.287;50;275.053;;;2130.3;1;1
3492;0.25;52.8443;29.4;5.11452;39.6817;29.8;180;296.296;280.715;275;330;275;275;568.576;568.287;50;275.081;;;2128.7;1;1
3493;0.25;52.6476;29.4;5.13226;39.6759;29.8;201;296.484;280.707;275;330;275;275;568.721;568.287;50;275.121;;;2127.11;1;1
3494;0.25;52.6418;29.4;5.13169;39.6846;29.8;210;296.615;280.693;275;330;275;275;568.721;568.287;50;275.164;;;2127.11;1;1
3495;0.25;52.4392;29.4;5.09363;39.8524;29.8;206;296.615;280.693;275;330;275;275;568.721;568.432;50;275.207;;;2127.11;1;1
3496;0.25;52.3351;29.4;5.08351;39.5747;29.8;207;296.658;280.686;275;330;275;275;568.721;568.576;50;275.252;;;2127.11;1;1
3497;0.25;52.2193;29.4;5.09051;39.8524;29.8;201;297.02;280.7;275;330;275;275;568.866;568.432;50;275.289;;;2124.71;1;1
3498;0.25;52.1325;29.4;5.10026;40.1562;29.8;204;296.904;280.693;275;330;275;275;568.721;568.576;50;275.299;"KHP102      ";;2124.71;1;1
3499;0.25;52.1325;29.4;5.06384;40.081;29.8;183;297.425;280.548;275;330;275;275;568.721;568.432;50;275.286;;;2124.71;1;1
3500;0.25;52.1325;29.4;5.08205;39.9769;29.8;167;297.396;280.548;275;330;275;275;568.576;568.287;50;275.269;;;2122.32;1;1
3501;0.25;52.1325;29.4;5.04563;40.081;29.8;154;297.844;280.548;275;330;275;275;568.432;568.287;50;275.246;;;2122.01;1;1
3502;0.25;52.4392;29.4;5.13027;40.1852;29.8;152;298.655;280.541;275;330;275;275;568.576;568.287;50;275.23;;;2120.41;1;1
3503;0.25;52.6418;29.4;5.15008;40.081;29.8;129;298.799;280.541;275;330;275;275;568.721;568.432;50;275.214;;;2119.61;1;1
3504;0.25;52.5666;29.4;5.12436;39.8756;29.8;113;299.074;280.548;275;330;275;275;568.721;568.432;50;275.195;;;2118.31;1;1
3505;0.25;52.5492;29.4;5.12267;39.6615;29.8;106;298.958;280.548;275;330;275;275;568.721;568.432;50;275.182;;;2116.72;1;1
3506;0.25;52.4711;29.4;5.11505;39.8785;29.8;99;299.609;280.541;275;330;275;275;568.721;568.432;50;275.139;;;2116.72;1;1
3507;0.25;52.5405;29.4;5.12182;40.081;29.9;96;299.884;280.541;275;330;275;275;568.721;568.432;50;275.061;;;2115.92;1;1
3508;0.25;52.4392;29.4;5.09363;40.081;29.9;90;299.884;280.548;275;330;275;275;568.721;568.432;50;275.009;;;2114.33;1;1
3509;0.25;52.2338;29.4;5.09192;40.081;29.9;82;300;280.548;275;330;275;275;568.576;568.432;50;274.983;;;2114.33;1;1
3510;0.25;52.066;29.4;5.07556;40.2662;29.9;84;300.825;280.548;275;330;275;275;568.576;568.432;50;274.985;;;2114.33;1;1
3511;0.25;52.2222;29.4;5.07255;40.081;29.9;76;300.883;280.534;275;330;275;275;568.721;568.432;50;274.998;;;2114.33;1;1
3512;0.25;52.6418;29.4;5.1133;40.081;29.9;81;300.825;280.541;275;330;275;275;568.721;568.432;50;275.015;;;2113.54;1;1
3513;0.25;52.3351;29.4;5.08351;40.1505;30;93;300.984;280.548;275;330;275;275;568.576;568.432;50;275.022;;;2113.54;1;1
3514;0.25;51.8287;29.4;5.01622;40.2865;30;91;300.883;280.548;275;330;275;275;568.721;568.432;50;275.017;;;2113.54;1;1
3515;0.25;52.0312;29.4;4.99947;40.3877;30;85;300.955;280.563;275;330;275;275;568.721;568.432;50;275.012;;;2112.32;1;1
3516;0.25;52.1325;29.4;5.02741;40.1823;30;83;300.998;280.541;275;330;275;275;568.721;568.432;50;275;;;2110.73;1;1
3517;0.25;52.1325;29.5;5.38136;40.1823;30;86;301.1;280.548;275;330;275;275;568.721;568.432;50;274.989;;;2109.93;1;1
3518;0.25;52.0312;29.5;5.37091;40.1823;30;87;301.577;280.563;275;330;275;275;568.721;568.432;50;274.987;;;2109.93;1;1
3519;0.25;52.0312;29.5;5.37091;40.2865;30;86;301.476;280.563;275;330;275;275;568.866;568.576;50;274.996;;;2109.93;1;1
3520;0.25;52.011;29.5;5.35065;40.3877;30;75;301.403;280.519;275;330;275;275;568.866;568.721;50;275.01;;;2109.13;1;1
3521;0.25;52.3351;29.5;5.40227;40.0318;30;81;301.36;280.556;275;330;275;275;568.866;568.721;50;275.034;;;2108.34;1;1
3522;0.25;52.636;29.5;5.45172;39.8785;30;82;301.273;280.556;275;330;275;275;568.866;568.576;50;275.064;;;2105.16;1;1
3523;0.25;52.338;29.5;5.42085;40.0203;30;79;301.317;280.563;275;330;275;275;568.866;568.576;50;275.083;;;2105.16;1;1
3524;0.25;52.338;29.5;5.40257;39.9045;30;78;301.403;280.556;275;330;275;275;568.866;568.721;50;275.095;;;2104.36;1;1
3525;0.25;52.1325;29.5;5.34494;40.081;30;78;301.114;280.556;275;330;275;275;568.866;568.721;50;275.113;;;2102.77;1;1
3526;0.25;52.4392;29.5;5.3947;40.081;30;78;301.143;280.556;275;330;275;275;569.01;568.721;50;275.14;;;2101.98;1;1
3527;0.25;52.338;29.5;5.40257;39.9826;30;78;301.056;280.556;275;330;275;275;569.01;568.721;50;275.172;;;2101.18;1;1
3528;0.25;52.338;29.5;5.366;40.3877;30;77;300.94;280.556;275;330;275;275;568.866;568.866;50;275.191;;;2101.18;1;1
3529;0.25;52.6418;29.5;5.36037;40.2865;30;71;300.883;280.519;275;330;275;275;569.01;568.721;50;275.197;;;2099.6;1;1
3530;0.25;52.4392;29.5;5.32143;40.081;30;65;301.056;280.534;275;330;275;275;569.01;568.866;50;275.191;"KHP102      ";;2098.01;1;1
3531;0.25;52.1528;29.5;5.34701;40.1823;30;63;301.071;280.563;275;330;275;275;568.866;568.721;50;275.172;;;2097.21;1;1
3532;0.25;52.1296;29.5;5.25356;40.3877;30;61;301.157;280.534;275;330;275;275;568.866;568.576;50;275.14;;;2097.21;1;1
3533;0.25;52.0312;29.5;5.2982;40.489;30;57;301.1;280.563;275;330;275;275;568.721;568.432;50;275.086;;;2096.42;1;1
3534;0.25;52.1325;29.5;5.23564;40.1852;30;53;300.347;280.556;275;330;275;275;568.721;568.576;50;275.031;;;2096.42;1;1
3535;0.25;52.3727;29.5;5.29635;39.8814;30;68;300.666;280.534;275;330;275;275;568.721;568.432;50;274.982;;;2095.88;1;1
3536;0.25;52.3351;29.5;5.29255;39.8785;30;80;300.622;280.534;275;330;275;275;568.721;568.432;50;274.942;;;2092.71;1;1
3537;0.25;52.4392;29.5;5.28476;39.7859;30;82;300.217;280.563;275;330;275;275;568.866;568.576;50;274.914;;;2091.92;1;1
3538;0.25;52.4161;29.5;5.30074;39.9479;30;84;300.188;280.519;275;330;275;275;568.866;568.721;50;274.89;;;2091.92;1;1
3539;0.25;52.6447;29.5;5.26868;39.9797;30;89;300.014;280.556;275;330;275;275;568.866;568.721;50;274.888;;;2090.33;1;1
3540;0.25;52.3264;29.5;5.27339;39.8785;30;104;300.101;280.527;275;330;275;275;568.866;568.721;50;274.896;;;2089.54;1;1
3541;0.25;52.1354;29.5;5.23593;39.9682;30;116;300.101;280.556;275;330;275;275;569.01;568.721;50;274.908;"KHP102      ";;2089.54;1;1
3542;0.25;52.0978;29.5;5.19575;39.9797;30;126;300.029;280.556;275;330;275;275;569.01;568.866;50;274.918;;;2089.54;1;1
3543;0.25;52.2714;29.5;5.24959;39.9797;30;135;299.942;280.556;275;330;275;275;568.866;568.721;50;274.928;;;2088.4;1;1
3544;0.25;52.5405;29.5;5.25826;39.7772;30;139;299.855;280.548;275;330;275;275;568.866;568.721;50;274.942;;;2086.81;1;1
3545;0.25;52.6418;29.5;5.25001;40.0637;30;139;299.884;280.556;275;330;275;275;568.866;568.721;50;274.962;;;2086.22;1;1
3546;0.25;52.4855;29.5;5.17942;40.0781;30;139;299.986;280.556;275;330;275;275;568.866;568.576;50;274.989;;;2086.22;1;1
3547;0.25;52.1788;29.5;5.18561;39.9826;30;140;300.101;280.527;275;330;275;275;568.866;568.576;50;275.016;;;2082.26;1;1
3548;0.25;52.3669;29.5;5.22259;40.1823;30;137;300.043;280.527;275;330;275;275;568.721;568.576;50;275.045;;;2082.26;1;1
3549;0.25;52.5318;29.5;5.16563;40.0318;30;133;299.971;280.527;275;330;275;275;568.721;568.432;50;275.055;;;2082.26;1;1
3550;0.25;52.5174;29.5;5.21925;40.1852;30;131;299.884;280.519;275;330;275;275;568.866;568.576;50;275.052;;;2081.74;1;1
3551;0.25;52.4392;29.5;5.19317;40.1823;30;130;299.841;280.527;275;330;275;275;568.866;568.721;50;275.056;;;2080.95;1;1
3552;0.25;52.3351;29.5;5.12798;40.0839;30;122;299.884;280.527;275;330;275;275;568.866;568.721;50;275.06;;;2080.95;1;1
3553;0.25;52.4392;29.5;5.21149;39.9797;30;118;300.781;280.527;275;330;275;275;569.01;568.721;50;275.047;;;2080.95;1;1
3554;0.25;52.4392;29.5;5.22981;40.081;30;111;300.883;280.527;275;330;275;275;569.01;568.721;50;275.02;;;2080.15;1;1
3555;0.25;51.93;29.5;5.08829;39.9797;30;109;300.911;280.519;275;330;275;275;568.866;568.721;50;274.984;;;2079.41;1;1
3556;0.25;52.2338;29.5;5.15458;39.9797;30;100;300.883;280.519;275;330;275;275;568.866;568.576;50;274.946;;;2079.41;1;1
3557;0.25;52.6418;29.5;5.17645;40.081;30;102;301.042;280.527;275;330;275;275;568.721;568.576;50;274.916;;;2078.62;1;1
3558;0.25;52.5405;29.5;5.18484;40.081;30;104;300.926;280.519;275;330;275;275;568.866;568.721;50;274.892;;;2076.34;1;1
3559;0.25;52.3351;29.5;5.14629;40.1823;30;99;300.94;280.534;275;330;275;275;568.721;568.576;50;274.882;;;2076.34;1;1
3560;0.25;52.4392;29.5;5.19317;40.3877;30;99;301.027;280.534;275;330;275;275;568.866;568.576;50;274.884;;;2075.55;1;1
3561;0.25;52.4392;29.5;5.13818;40.1823;30;102;301.085;280.519;275;330;275;275;568.866;568.576;50;274.893;;;2073.93;1;1
3562;0.25;52.0312;29.5;5.17094;40.2865;30;105;301.143;280.534;275;330;275;275;568.721;568.576;50;274.895;;;2073.93;1;1
3563;0.25;52.2338;29.5;5.11805;40.3848;30.1;111;301.042;280.534;275;330;275;275;568.721;568.432;50;274.884;;;2073.14;1;1
3564;0.25;51.9271;29.5;5.088;40.489;30.1;111;301.157;280.534;275;330;275;275;568.576;568.432;50;274.875;;;2072.83;1;1
3565;0.25;52.2338;29.5;5.15458;40.5903;30.1;110;301.114;280.534;275;330;275;275;568.576;568.287;50;274.863;"KHP102      ";;2071.25;1;1
3566;0.25;52.4392;29.5;5.11987;40.3877;30.1;109;301.186;280.534;275;330;275;275;568.576;568.287;50;274.844;;;2070.46;1;1
3567;0.25;52.5405;29.5;5.12975;40.2836;30.1;109;301.317;280.534;275;330;275;275;568.721;568.432;50;274.828;;;2070.46;1;1
3568;0.25;52.5405;29.5;5.14811;40.1823;30.1;110;301.751;280.534;275;330;275;275;568.721;568.432;50;274.823;;;2067.3;1;1
3569;0.25;52.419;29.6;5.43716;40.1823;30.1;106;301.418;280.534;275;330;275;275;568.576;568.432;50;274.832;;;2067.3;1;1
3570;0.25;52.4363;29.6;5.47559;40.0231;30.1;104;301.302;280.534;275;330;275;275;568.576;568.287;50;274.833;;;2067.3;1;1
3571;0.25;52.1325;29.6;5.4621;39.8785;30.1;113;301.259;280.534;275;330;275;275;568.432;568.287;50;274.829;"KHP102      ";;2067.3;1;1
3572;0.25;51.9647;29.6;5.42634;39.4705;30.1;118;301.562;280.519;275;330;275;275;568.576;568.142;50;274.835;;;2064.88;1;1
3573;0.25;52.0312;29.6;5.41511;39.673;30.1;115;301.186;280.534;275;330;275;275;568.432;568.287;50;274.862;;;2064.88;1;1
3574;0.25;52.0573;29.6;5.43601;39.8785;30.1;114;301.562;280.519;275;330;275;275;568.576;568.142;50;274.895;;;2064.09;1;1
3575;0.25;52.4392;29.6;5.42094;40.081;30.1;113;301.317;280.534;275;330;275;275;568.287;568.142;50;274.916;;;2062.51;1;1
3576;0.25;52.5434;29.6;5.46842;40.081;30.1;111;301.374;280.534;275;330;275;275;568.287;567.998;50;274.928;;;2062.51;1;1
3577;0.25;52.6418;29.6;5.46027;40.3588;30.1;113;301.432;280.534;275;330;275;275;568.287;567.998;50;274.949;;;2061.72;1;1
3578;0.25;52.1325;29.6;5.44387;40.1823;30.1;111;302.156;280.534;275;330;275;275;568.142;567.998;50;274.983;;;2060.94;1;1
3579;0.25;52.4392;29.6;5.43926;39.8785;30.1;100;302.069;280.534;275;330;275;275;568.142;567.853;50;275.014;;;2059.36;1;1
3580;0.25;52.2338;29.6;5.3997;40.081;30.1;89;301.968;280.534;275;330;275;275;568.287;567.998;50;275.024;;;2059.36;1;1
3581;0.25;52.2193;29.6;5.3982;39.9797;30.1;84;301.968;280.534;275;330;275;275;568.432;568.142;50;275.012;;;2059.36;1;1
3582;0.25;52.4392;29.6;5.45758;40.081;30.1;80;302.054;280.534;275;330;275;275;568.576;568.142;50;274.982;;;2057.52;1;1
3583;0.25;52.3727;29.6;5.41406;40.1852;30.1;74;302.17;280.541;275;330;275;275;568.576;568.432;50;274.955;;;2055.94;1;1
3584;0.25;52.2627;29.6;5.43921;40.3877;30.1;73;302.228;280.534;275;330;275;275;568.576;568.287;50;274.959;;;2055.94;1;1
3585;0.25;52.4392;29.6;5.43926;40.2865;30.1;71;302.141;280.534;275;330;275;275;568.432;568.287;50;274.975;;;2055.94;1;1
3586;0.25;52.3351;29.6;5.39189;40.0868;30.1;69;302.025;280.534;275;330;275;275;568.432;568.287;50;274.978;;;2054.37;1;1
3587;0.25;52.4248;29.6;5.45607;40.081;30.1;66;301.968;280.534;275;330;275;275;568.576;568.432;50;274.974;;;2054.37;1;1
3588;0.25;52.6389;29.6;5.47835;39.7772;30.1;65;302.011;280.534;275;330;275;275;568.576;568.432;50;274.966;;;2053.58;1;1
3589;0.25;52.2309;29.6;5.43589;39.6759;30.1;65;301.331;280.534;275;330;275;275;568.721;568.576;50;274.959;;;2052;1;1
3590;0.25;52.2367;29.6;5.47302;39.7772;30.1;66;301.49;280.534;275;330;275;275;568.721;568.576;50;274.956;;;2050.43;1;1
3591;0.25;52.3351;29.6;5.41017;39.8698;30.1;73;301.534;280.534;275;330;275;275;568.866;568.576;50;274.992;;;2050.43;1;1
3592;0.25;52.338;29.6;5.44704;39.919;30.1;77;301.505;280.534;275;330;275;275;568.721;568.576;50;275.047;;;2050.43;1;1
3593;0.25;52.5405;29.6;5.43141;40.081;30.1;79;301.447;280.534;275;330;275;275;568.721;568.576;50;275.098;;;2048.46;1;1
3594;0.25;52.2338;29.6;5.3997;40.1823;30.1;74;301.389;280.534;275;330;275;275;568.866;568.432;50;275.144;;;2048.46;1;1
3595;0.25;51.9387;29.6;5.38733;40.1823;30.1;71;300.984;280.534;275;330;275;275;568.721;568.432;50;275.184;"KHP102      ";;2048.46;1;1
3596;0.25;51.9358;29.6;5.36889;40.1823;30.1;71;300.883;280.541;275;330;275;275;568.576;568.432;50;275.243;;;2046.89;1;1
3597;0.25;52.1325;29.6;5.38923;40.081;30.1;69;300.94;280.541;275;330;275;275;568.576;568.287;50;275.298;;;2043.74;1;1
3598;0.25;51.985;29.6;5.37398;39.9797;30.1;68;301.128;280.519;275;330;275;275;568.576;568.287;50;275.367;;;2043.53;1;1
3599;0.25;51.7245;29.6;5.36512;39.7772;30.1;57;301.157;280.541;275;330;275;275;568.576;568.432;50;275.447;;;2043.53;1;1
3600;0.25;52.1209;29.6;5.44266;39.6672;30.1;50;300.434;280.563;275;330;275;275;568.721;568.576;50;275.51;;;2041.96;1;1
3601;0.25;51.93;29.6;5.38643;39.6759;30.1;43;300.347;280.563;275;330;275;275;568.721;568.432;50;275.568;;;2041.17;1;1
3602;0.25;52.1325;29.6;5.42566;39.7772;30.1;32;300.275;280.563;275;330;275;275;568.721;568.432;50;275.617;"KHP102      ";;2041.17;1;1
3603;0.25;51.93;29.6;5.38643;39.8785;30.1;21;300.231;280.527;275;330;275;275;568.721;568.432;50;275.661;;;2040.38;1;1
3604;0.25;52.2338;29.6;5.41795;39.9797;30.1;0;300.275;280.527;275;330;275;275;568.721;568.432;50;275.678;;;2039.6;1;1
3605;0.25;52.5289;29.6;5.46691;39.9826;30.1;0;300.029;280.563;275;330;275;275;568.721;568.432;50;275.663;;;2039.6;1;1
3606;0.25;52.5405;29.6;5.44976;39.9797;30.1;0;300.13;280.563;275;330;275;275;568.721;568.432;50;275.646;;;2039.6;1;1
3607;0.25;52.2367;29.6;5.3635;39.8958;30.1;0;300.116;280.527;275;330;275;275;568.721;568.432;50;275.612;;;2038.81;1;1
3608;0.25;52.4363;29.6;5.40232;39.8611;30;0;299.783;280.519;275;330;275;275;568.721;568.432;50;275.562;;;2036.46;1;1
3609;0.25;52.4392;29.6;5.42094;39.9797;30;0;299.725;280.563;275;330;275;275;568.721;568.432;50;275.509;;;2036.46;1;1
3610;0.25;52.0978;29.6;5.40384;40.1823;30;0;298.872;280.563;275;330;275;275;568.576;568.432;50;275.461;;;2036.46;1;1
3611;0.25;51.93;29.6;5.36829;39.9769;30;0;298.9;280.548;275;330;275;275;568.721;568.432;50;275.424;;;2034.89;1;1
3612;0.25;52.1325;29.6;5.37102;39.6759;30;0;298.438;280.541;275;330;275;275;568.576;568.287;50;275.399;;;2034.1;1;1
3613;0.25;52.1325;29.6;5.38923;39.673;30;0;297.975;280.519;275;330;275;275;568.432;568.287;50;275.377;;;2033.32;1;1
3614;0.25;52.0399;29.6;5.39784;39.8785;30;0;298.032;280.548;275;330;275;275;568.576;568.142;50;275.349;;;2029.39;1;1
3615;0.25;52.2164;29.6;5.37966;39.8785;30;7;297.41;280.541;275;330;275;275;568.432;568.142;50;275.307;;;2029.39;1;1
3616;0.25;52.2367;29.6;5.3635;40.1881;30;26;297.005;280.519;275;330;275;275;568.432;568.142;50;275.284;;;2029.39;1;1
3617;0.25;52.5289;29.6;5.41186;40.4167;30;52;296.803;280.541;275;330;275;275;568.432;568.142;50;275.266;;;2029.36;1;1
3618;0.25;52.5521;29.6;5.4326;40.3877;30;73;296.513;280.519;275;330;275;275;568.576;568.287;50;275.232;;;2028.58;1;1
3619;0.25;52.6418;29.6;5.42349;40.1823;30;95;295.775;280.563;275;330;275;275;568.576;568.432;50;275.179;;;2027.91;1;1
3620;0.25;52.6418;29.6;5.47866;39.9797;30;116;295.877;280.563;275;330;275;275;568.721;568.432;50;275.117;;;2027.12;1;1
3621;0.25;52.6418;29.6;5.44188;40.081;30;138;295.703;280.519;275;330;275;275;568.721;568.432;50;275.067;;;2024.44;1;1
3622;0.25;52.4392;29.5;5.04659;40.081;29.9;157;295.573;280.541;275;330;275;275;568.866;568.576;50;275.028;;;2024.44;1;1
3623;0.25;52.526;29.5;5.07329;40.081;29.9;175;294.965;280.563;275;330;275;275;568.721;568.432;50;275.007;;;2022.87;1;1
3624;0.25;52.5405;29.5;5.07469;40.0868;29.9;201;294.763;280.548;275;330;275;275;568.721;568.576;50;275.01;;;2022.87;1;1
3625;0.25;52.3438;29.5;5.0374;40.1823;29.9;214;294.734;280.541;275;330;275;275;568.721;568.287;50;275.02;;;2020.86;1;1
3626;0.25;52.4392;29.5;5.06491;40.081;29.9;226;294.777;280.512;275;330;275;275;568.576;568.287;50;275.029;;;2020.07;1;1
3627;0.25;52.2338;29.5;5.09981;40.081;29.9;232;294.85;280.519;275;330;275;275;568.576;568.287;50;275.042;;;2020.07;1;1
3628;0.25;52.0052;29.5;5.04116;40.081;29.9;237;294.994;280.541;275;330;275;275;568.576;568.287;50;275.06;;;2019.93;1;1
3629;0.25;52.1325;29.5;5.0535;40.081;29.9;241;295.558;280.548;275;330;275;275;568.576;568.287;50;275.076;;;2019.93;1;1
3630;0.25;52.1325;29.5;5.07171;40.081;29.9;235;295.602;280.519;275;330;275;275;568.432;568.287;50;275.088;;;2018.36;1;1
3631;0.25;52.1325;29.5;5.0535;39.8785;29.9;228;295.862;280.534;275;330;275;275;568.432;568.142;50;275.1;;;2018.36;1;1
3632;0.25;52.2396;29.5;5.02738;39.9826;29.9;227;295.718;280.548;275;330;275;275;568.432;568.142;50;275.101;;;2015.81;1;1
3633;0.25;52.0312;29.5;5.00733;40.2865;29.9;215;296.513;280.548;275;330;275;275;568.432;568.287;50;275.084;;;2014.25;1;1
3634;0.25;52.1325;29.5;5.07171;40.3877;29.9;205;296.947;280.541;275;330;275;275;568.432;568.287;50;275.053;;;2014.25;1;1
3635;0.25;52.2338;29.4;4.72693;40.1823;29.9;193;297.758;280.541;275;330;275;275;568.287;568.287;50;275.034;;;2013.47;1;1
3636;0.25;52.2338;29.4;4.72693;40.081;29.9;183;298.047;280.194;275;330;275;275;568.432;568.287;50;275.033;;;2012.69;1;1
3637;0.25;52.2338;29.4;4.70868;39.8814;29.9;170;298.698;280.179;275;330;275;275;568.432;568.287;50;275.057;;;2012.69;1;1
3638;0.25;52.1325;29.5;5.07171;39.7772;30;152;298.973;280.15;275;330;275;275;568.432;568.142;50;275.076;;;2012.69;1;1
3639;0.25;52.2367;29.5;5.06359;39.9797;30;144;299.653;280.172;275;330;275;275;568.576;568.142;50;275.102;;;2010.75;1;1
3640;0.25;52.1325;29.5;5.08992;40.081;30;130;299.884;280.165;275;330;275;275;568.432;568.142;50;275.145;;;2010.75;1;1
3641;0.25;52.1325;29.5;5.03528;40.0839;30;120;299.899;280.165;275;330;275;275;568.432;568.142;50;275.185;;;2010.75;1;1
3642;0.25;52.1354;29.5;5.03556;40.1823;30.1;108;300.796;280.143;275;330;275;275;568.576;568.142;50;275.22;;;2009.59;1;1
3643;0.25;51.9329;29.5;5.07043;40.081;30.1;91;301.143;280.165;275;330;275;275;568.576;568.287;50;275.24;;;2009.59;1;1
3644;0.25;52.0312;29.5;5.04368;39.8785;30.1;68;301.895;280.15;275;330;275;275;568.432;568.287;50;275.234;;;2009.59;1;1
3645;0.25;52.3466;29.5;5.09254;39.8785;30.1;52;301.808;280.165;275;330;275;275;568.576;568.142;50;275.217;;;2008.81;1;1
3646;0.25;52.4363;29.5;5.06463;39.8785;30.1;41;301.953;280.165;275;330;275;275;568.432;568.142;50;275.202;;;2007.25;1;1
3647;0.25;51.93;29.6;5.40457;39.9797;30.1;34;301.881;280.143;275;330;275;275;568.432;568.287;50;275.189;;;2005.68;1;1
3648;0.25;52.0428;29.6;5.37996;40.1823;30.2;0;301.968;280.15;275;330;275;275;568.432;568.142;50;275.169;;;2004.9;1;1
3649;0.25;52.2338;29.6;5.41795;40.081;30.2;0;302.85;280.165;275;330;275;275;568.432;568.142;50;275.148;;;2004.9;1;1
3650;0.25;52.4392;29.6;5.42094;40.0897;30.2;0;302.922;280.165;275;330;275;275;568.432;568.142;50;275.131;;;2003.07;1;1
3651;0.25;52.6389;29.6;5.47835;40.1823;30.2;0;302.937;280.143;275;330;275;275;568.576;568.142;50;275.095;;;2002.29;1;1
3652;0.25;52.4392;29.6;5.42094;40.081;30.2;0;302.865;280.172;275;330;275;275;568.432;568.287;50;275.06;;;2001.51;1;1
3653;0.25;52.0312;29.6;5.36059;40.0839;30.2;0;302.228;280.433;275;330;275;275;568.432;568.142;50;275.045;;;2000.73;1;1
3654;0.25;52.0312;29.7;5.73202;39.9797;30.2;0;301.91;280.433;275;330;275;275;568.432;568.142;50;275.023;;;1999.95;1;1
3655;0.25;52.2338;29.7;5.79083;39.9797;30.2;0;301.881;280.165;275;330;275;275;568.432;568.142;50;275.009;;;1998.39;1;1
3656;0.25;52.4363;29.7;5.75833;40.0839;30.2;2;301.997;280.165;275;330;275;275;568.432;568.287;50;274.998;;;1996.05;1;1
3657;0.25;52.2338;29.7;5.69959;39.9797;30.2;10;301.866;280.129;275;330;275;275;568.432;568.287;50;274.975;;;1994.49;1;1
3658;0.25;52.0457;29.7;5.7518;39.8785;30.2;19;301.924;280.172;275;330;275;275;568.576;568.432;50;274.956;;;1994.49;1;1
3659;0.25;52.5405;29.7;5.78812;39.7772;30.2;30;301.128;280.165;275;330;275;275;568.576;568.432;50;274.937;;;1994.49;1;1
3660;0.25;52.7431;29.7;5.82886;39.9797;30.2;41;301.013;280.165;275;330;275;275;568.576;568.287;50;274.909;;;1993.71;1;1
3661;0.25;52.4306;29.7;5.77601;40.0492;30.2;63;300.709;280.15;275;330;275;275;568.721;568.432;50;274.876;;;1992.15;1;1
3662;0.25;52.2541;29.7;5.75657;39.8785;30.1;85;299.855;280.15;275;330;275;275;568.576;568.576;50;274.845;;;1992.15;1;1
3663;0.25;52.1354;29.7;5.7435;39.8785;30.1;100;299.826;280.172;275;330;275;275;568.576;568.432;50;274.816;;;1991.37;1;1
3664;0.25;52.2338;29.7;5.77258;39.7772;30.1;125;299.638;280.15;275;330;275;275;568.576;568.287;50;274.787;;;1989.81;1;1
3665;0.25;52.6418;29.7;5.79928;39.6759;30.1;139;299.725;280.425;275;330;275;275;568.576;568.287;50;274.762;;;1989.81;1;1
3666;0.25;52.2338;29.7;5.8091;39.9797;30.1;149;299.089;280.375;275;330;275;275;568.576;568.287;50;274.725;;;1988.66;1;1
3667;0.25;51.93;29.7;5.739;39.8785;30.1;162;299.074;280.411;275;330;275;275;568.432;568.142;50;274.673;;;1987.89;1;1
3668;0.25;51.93;29.7;5.739;40.081;30.1;182;298.38;280.404;275;330;275;275;568.432;568.142;50;274.627;;;1987.89;1;1
3669;0.25;51.6262;29.7;5.74152;39.9797;30;198;298.22;280.396;275;330;275;275;568.432;568.142;50;274.602;;;1987.11;1;1
3670;0.25;52.0312;29.7;5.7502;39.9334;30;223;298.148;280.404;275;330;275;275;568.432;568.142;50;274.577;;;1986.33;1;1
3671;0.25;52.1325;29.7;5.79784;39.9797;30;237;298.192;280.404;275;330;275;275;568.576;568.432;50;274.553;;;1984.77;1;1
3672;0.25;52.0341;29.7;5.80508;39.8206;30;245;298.192;280.411;275;330;275;275;568.721;568.576;50;274.548;;;1982.44;1;1
3673;0.25;52.1354;29.7;5.77992;39.9797;30;244;298.944;280.411;275;330;275;275;568.721;568.576;50;274.565;;;1981.66;1;1
3674;0.25;51.93;29.7;5.739;40.1852;30;252;299.06;280.411;275;330;275;275;568.721;568.576;50;274.59;;;1980.89;1;1
3675;0.25;51.7245;29.6;5.38319;39.9797;30;249;299.103;280.382;275;330;275;275;568.721;568.576;50;274.611;;;1980.89;1;1
3676;0.25;51.93;29.6;5.44088;39.8206;30;252;299.392;280.418;275;330;275;275;568.721;568.576;50;274.621;;;1980.89;1;1
3677;0.25;52.228;29.6;5.47211;39.7049;30;248;300.014;280.418;275;330;275;275;568.721;568.721;50;274.632;;;1980.89;1;1
3678;0.25;52.0312;29.6;5.45149;39.8785;30;241;299.841;280.15;275;330;275;275;568.866;568.721;50;274.661;;;1978.55;1;1
3679;0.25;52.2425;29.6;5.4371;39.9797;30;227;300.101;280.418;275;330;275;275;568.866;568.721;50;274.696;;;1978.55;1;1
3680;0.25;52.0312;29.6;5.43329;39.9797;30;218;300.94;280.425;275;330;275;275;568.721;568.576;50;274.727;;;1977.78;1;1
3681;0.25;51.9271;29.6;5.44058;39.9537;30.1;197;301.895;280.15;275;330;275;275;568.576;568.432;50;274.766;;;1976.22;1;1
3682;0.25;51.8345;29.7;5.72845;39.7743;30.1;189;302.156;280.143;275;330;275;275;568.721;568.432;50;274.816;;;1976.22;1;1
3683;0.25;51.93;29.7;5.77531;39.945;30.1;174;302.879;280.15;275;330;275;275;568.721;568.432;50;274.846;;;1975.45;1;1
3684;0.25;51.5683;29.7;5.7531;39.9797;30.1;152;302.894;280.143;275;330;275;275;568.721;568.432;50;274.867;;;1974.67;1;1
3685;0.25;51.8316;29.7;5.76437;39.8785;30.1;134;302.937;280.15;275;330;275;275;568.721;568.432;50;274.871;;;1974.67;1;1
3686;0.25;52.0949;29.7;5.75723;39.7743;30.2;112;303.762;280.15;275;330;275;275;568.576;568.432;50;274.858;;;1973.89;1;1
3687;0.25;52.0312;29.7;5.7502;39.5978;30.2;93;304.109;280.15;275;330;275;275;568.432;568.287;50;274.847;;;1973.89;1;1
3688;0.25;51.93;29.7;5.739;39.673;30.2;72;305.02;280.143;275;330;275;275;568.432;568.287;50;274.832;;;1970.79;1;1
3689;0.25;52.3351;29.7;5.82036;39.8756;30.2;58;304.991;280.15;275;330;275;275;568.576;568.287;50;274.834;;;1970.79;1;1
3690;0.25;52.0747;29.7;5.7914;39.7772;30.2;43;305.107;280.158;275;330;275;275;568.432;568.142;50;274.849;;;1970.01;1;1
3691;0.25;51.93;29.7;5.77531;39.8785;30.3;32;305.006;280.158;275;330;275;275;568.432;568.142;50;274.876;;;1970.01;1;1
3692;0.25;51.8287;29.8;6.11593;39.5457;30.3;25;304.991;280.158;275;330;275;275;568.287;568.142;50;274.931;;;1967.82;1;1
3693;0.25;52.0573;29.8;6.1065;39.6759;30.3;21;305.787;280.187;275;330;275;275;568.287;568.142;50;274.997;;;1967.82;1;1
3694;0.25;51.9271;29.8;6.1094;39.9769;30.3;0;305.454;280.404;275;330;275;275;568.432;568.287;50;275.059;;;1967.82;1;1
3695;0.25;51.93;29.8;6.10974;40.1823;30.3;0;305.859;280.519;275;330;275;275;568.287;568.142;50;275.12;;;1966.22;1;1
3696;0.25;51.8287;29.8;6.11593;40.1823;30.3;0;305.83;280.519;275;330;275;275;568.432;568.142;50;275.137;;;1966.22;1;1
3697;0.25;51.8461;29.8;6.08173;40.1823;30.3;0;305.194;280.519;275;330;275;275;568.287;568.142;50;275.133;;;1965.61;1;1
3698;0.25;52.1123;29.9;6.43035;39.9769;30.3;0;305.093;280.519;275;330;275;275;568.287;568.142;50;275.132;;;1964.83;1;1
3699;0.25;52.1325;29.9;6.45106;39.8785;30.3;0;305.02;280.519;275;330;275;275;568.287;568.142;50;275.118;;;1963.41;1;1
3700;0.25;52.2338;29.9;6.4636;39.9797;30.3;0;304.601;280.563;275;330;275;275;568.287;568.142;50;275.114;;;1962.64;1;1
3701;0.25;52.0312;29.9;6.45673;39.8524;30.3;0;304.196;280.548;275;330;275;275;568.432;568.287;50;275.112;"KHP102      ";;1962.64;1;1
3702;0.25;51.8287;29.9;6.41347;39.9797;30.3;0;304.196;280.519;275;330;275;275;568.432;568.142;50;275.098;;;1961.09;1;1
3703;0.25;51.9416;29.9;6.40929;39.9797;30.3;0;304.239;280.519;275;330;275;275;568.432;568.287;50;275.077;;;1961.09;1;1
3704;0.25;52.1325;29.9;6.48751;40.0694;30.3;0;303.689;280.519;275;330;275;275;568.432;568.287;50;275.072;;;1961.09;1;1
3705;0.25;52.1354;29.9;6.46966;40.081;30.3;0;303.038;280.519;275;330;275;275;568.432;568.142;50;275.08;;;1958.76;1;1
3706;0.25;52.0312;29.9;6.43853;40.081;30.3;0;302.561;280.519;275;330;275;275;568.432;568.287;50;275.088;;;1958.76;1;1
3707;0.25;51.93;29.9;6.40786;39.8785;30.3;0;302.503;280.519;275;330;275;275;568.576;568.287;50;275.089;;;1957.99;1;1
3708;0.25;52.1325;29.9;6.50573;39.9797;30.2;0;302.054;280.512;275;330;275;275;568.721;568.287;50;275.09;;;1957.22;1;1
3709;0.25;52.3177;29.9;6.51056;39.8177;30.2;2;301.649;280.519;275;330;275;275;568.576;568.287;50;275.091;;;1954.41;1;1
3710;0.25;52.0312;29.9;6.47491;39.6759;30.2;5;301.157;280.519;275;330;275;275;568.432;568.287;50;275.097;;;1954.41;1;1
3711;0.25;52.1325;29.9;6.45106;39.8843;30.2;16;300.694;280.519;275;330;275;275;568.287;567.998;50;275.107;;;1953.64;1;1
3712;0.25;52.338;29.9;6.4582;39.8756;30.2;34;300.333;280.534;275;330;275;275;568.142;567.998;50;275.124;;;1952.09;1;1
3713;0.25;51.9271;29.9;6.44381;39.7772;30.2;52;299.913;280.519;275;330;275;275;568.287;568.142;50;275.142;;;1951.32;1;1
3714;0.25;51.7245;29.9;6.43674;39.6759;30.1;67;299.349;280.519;275;330;275;275;568.287;568.287;50;275.16;;;1951.32;1;1
3715;0.25;51.5249;29.9;6.30387;39.7772;30.1;85;298.944;280.541;275;330;275;275;568.432;568.432;50;275.151;;;1951.32;1;1
3716;0.25;51.7245;29.8;6.0494;40.081;30.1;99;298.336;280.534;275;330;275;275;568.432;568.287;50;275.124;"KHP102      ";;1949.73;1;1
3717;0.25;51.8258;29.8;6.06125;39.8785;30.1;100;298.394;280.534;275;330;275;275;568.432;568.287;50;275.117;;;1949.73;1;1
3718;0.25;51.8258;29.8;6.06125;39.673;30.1;113;298.134;280.534;275;330;275;275;568.287;568.142;50;275.104;;;1949.73;1;1
3719;0.25;51.522;29.8;5.98972;39.4705;30.1;129;297.352;280.534;275;330;275;275;568.287;567.853;50;275.105;;;1948.19;1;1
3720;0.25;51.603;29.8;6.05322;39.8785;30.1;134;297.251;280.534;275;330;275;275;568.287;567.998;50;275.11;;;1946.64;1;1
3721;0.25;51.6175;29.8;6.01885;40.081;30;138;297.208;280.534;275;330;275;275;568.142;567.998;50;275.126;;;1946.64;1;1
3722;0.25;51.6725;29.8;6.02526;40.1823;30;146;296.832;280.534;275;330;275;275;568.432;568.142;50;275.127;;;1944.33;1;1
3723;0.25;51.6233;29.8;5.98346;39.9797;30;152;296.803;280.534;275;330;275;275;568.576;568.287;50;275.124;;;1943.56;1;1
3724;0.25;51.7274;29.8;5.97746;40.0839;30;160;296.889;280.534;275;330;275;275;568.721;568.432;50;275.113;;;1942.78;1;1
3725;0.25;52.0168;29.7;5.71226;39.9797;30;160;297.005;280.534;275;330;275;275;568.576;568.432;50;275.101;;;1942.78;1;1
3726;0.25;51.93;29.7;5.68458;39.9797;30;160;297.063;280.534;275;330;275;275;568.576;568.287;50;275.087;"KHP102      ";;1942.01;1;1
3727;0.25;52.0747;29.7;5.70042;39.8785;30;162;296.991;280.541;275;330;275;275;568.432;568.142;50;275.083;;;1939.7;1;1
3728;0.25;51.8287;29.7;5.72781;39.8872;30;167;297.295;280.541;275;330;275;275;568.432;568.142;50;275.094;;;1939.05;1;1
3729;0.25;52.0718;29.7;5.7001;39.8785;30;153;297.164;280.534;275;330;275;275;568.432;568.142;50;275.118;"KHP102      ";;1938.28;1;1
3730;0.25;51.93;29.7;5.66644;39.7772;30;147;297.121;280.534;275;330;275;275;568.432;568.287;50;275.143;;;1934.97;1;1
3731;0.25;51.8403;29.7;5.71098;39.8785;30;152;297.888;280.541;275;330;275;275;568.576;568.432;50;275.167;;;1934.97;1;1
3732;0.25;51.93;29.7;5.68458;39.7859;30;156;298.018;280.534;275;330;275;275;568.576;568.432;50;275.19;;;1934.97;1;1
3733;0.25;52.2338;29.7;5.69959;39.9797;30;135;298.119;280.534;275;330;275;275;568.576;568.432;50;275.211;;;1933.43;1;1
3734;0.25;52.3148;29.7;5.74498;39.8785;30;127;298.409;280.534;275;330;275;275;568.576;568.287;50;275.225;;;1933.43;1;1
3735;0.25;52.2251;29.7;5.69865;39.5747;30;113;298.365;280.534;275;330;275;275;568.432;568.142;50;275.252;;;1933.43;1;1
3736;0.25;51.9271;29.7;5.68427;39.5718;30.1;104;298.944;280.534;275;330;275;275;568.287;568.142;50;275.283;;;1932.66;1;1
3737;0.25;51.6927;29.7;5.60443;39.6759;30.1;99;298.843;280.534;275;330;275;275;568.432;568.142;50;275.311;;;1929.61;1;1
3738;0.25;51.522;29.7;5.58593;39.8785;30.1;92;299.248;280.541;275;330;275;275;568.432;567.998;50;275.314;;;1929.61;1;1
3739;0.25;51.522;29.7;5.62192;39.7801;30.1;81;299.291;280.541;275;330;275;275;568.432;568.142;50;275.275;;;1929.61;1;1
3740;0.25;51.93;29.7;5.6483;39.6759;30.1;73;299.363;280.534;275;330;275;275;568.432;568.287;50;275.221;;;1927.3;1;1
3741;0.25;52.4363;29.7;5.63008;39.6759;30.1;56;300.13;280.534;275;330;275;275;568.576;568.287;50;275.162;;;1926.54;1;1
3742;0.25;52.2309;29.7;5.62627;39.7772;30.1;48;300.174;280.534;275;330;275;275;568.721;568.432;50;275.096;;;1926.54;1;1
3743;0.25;51.8287;29.7;5.60107;39.8785;30.1;48;300.13;280.534;275;330;275;275;568.721;568.287;50;275.042;;;1926.54;1;1
3744;0.25;51.6233;29.7;5.56081;39.7772;30.2;50;300.029;280.541;275;330;275;275;568.721;568.287;50;274.986;;;1925;1;1
3745;0.25;51.7274;29.7;5.57203;39.6759;30.2;52;299.942;280.541;275;330;275;275;568.721;568.432;50;274.949;;;1925;1;1
3746;0.25;51.8258;29.7;5.58263;39.6759;30.2;56;299.913;280.541;275;330;275;275;568.721;568.432;50;274.921;;;1925;1;1
3747;0.25;51.6233;29.7;5.57887;39.7772;30.2;64;300.029;280.563;275;330;275;275;568.721;568.432;50;274.894;;;1923.21;1;1
3748;0.25;51.8287;29.7;5.61918;39.8785;30.2;77;300.087;280.534;275;330;275;275;568.576;568.287;50;274.872;;;1920.14;1;1
3749;0.25;52.1325;29.7;5.65212;39.6759;30.2;88;300.174;280.302;275;330;275;275;568.432;568.287;50;274.857;;;1920.14;1;1
3750;0.25;52.1296;29.7;5.61536;39.4705;30.2;97;300.159;280.317;275;330;275;275;568.287;568.142;50;274.853;;;1919.37;1;1
3751;0.25;51.9271;29.7;5.5754;39.5718;30.2;111;299.957;280.563;275;330;275;275;568.432;568.142;50;274.85;;;1918.4;1;1
3752;0.25;51.522;29.7;5.5319;39.5718;30.2;117;299.595;280.563;275;330;275;275;568.432;568.287;50;274.847;;;1918.4;1;1
3753;0.25;51.8287;29.7;5.56484;39.5255;30.2;120;299.306;280.541;275;330;275;275;568.576;568.287;50;274.852;;;1917.64;1;1
3754;0.25;52.1354;29.7;5.57955;39.7772;30.2;128;299.407;280.541;275;330;275;275;568.721;568.287;50;274.858;;;1916.87;1;1
3755;0.25;52.0312;29.7;5.58658;39.8785;30.2;148;299.479;280.259;275;330;275;275;568.721;568.576;50;274.863;;;1916.87;1;1
3756;0.25;52.0312;29.7;5.55023;39.9797;30.2;152;299.725;280.23;275;330;275;275;568.866;568.576;50;274.871;;;1916.87;1;1
3757;0.25;52.0312;29.7;5.58658;40.2865;30.2;152;299.797;280.23;275;330;275;275;568.721;568.576;50;274.885;;;1916.1;1;1
3758;0.25;52.1325;29.7;5.54282;40.3848;30.2;153;299.682;280.281;275;330;275;275;568.721;568.576;50;274.898;;;1914.56;1;1
3759;0.25;51.9329;29.7;5.53974;39.8785;30.2;152;299.971;280.266;275;330;275;275;568.866;568.721;50;274.913;;;1913.8;1;1
3760;0.25;51.8287;29.7;5.4562;39.8785;30.2;156;299.899;280.266;275;330;275;275;568.866;568.721;50;274.928;;;1913.8;1;1
3761;0.25;51.658;29.7;5.51041;40.081;30.2;148;299.87;280.273;275;330;275;275;569.01;568.721;50;274.94;;;1913.8;1;1
3762;0.25;52.1325;29.7;5.5064;40.0781;30.2;139;299.942;280.273;275;330;275;275;569.01;568.721;50;274.946;;;1913.03;1;1
3763;0.25;51.9387;29.7;5.50407;39.8785;30.2;139;300.622;280.252;275;330;275;275;568.721;568.721;50;274.953;;;1912.26;1;1
3764;0.25;51.8258;29.7;5.49211;39.7772;30.2;141;300.694;280.259;275;330;275;275;568.721;568.576;50;274.961;;;1911.16;1;1
3765;0.25;52.0341;29.7;5.53236;39.8785;30.2;126;300.723;280.266;275;330;275;275;568.721;568.576;50;274.969;;;1910.39;1;1
3766;0.25;52.0312;29.7;5.51388;39.9103;30.2;120;301.1;280.266;275;330;275;275;568.866;568.721;50;274.987;;;1909.08;1;1
3767;0.25;52.2425;29.7;5.49976;40.1157;30.2;113;300.998;280.273;275;330;275;275;569.01;568.866;50;275.019;;;1908.31;1;1
3768;0.25;52.228;29.7;5.55297;40.2836;30.2;102;300.897;280.302;275;330;275;275;568.866;568.721;50;275.057;;;1908.31;1;1
3769;0.25;52.1817;29.7;5.51159;40.2894;30.2;96;301.49;280.273;275;330;275;275;569.01;568.721;50;275.099;;;1906.78;1;1
3770;0.25;51.93;29.7;5.46686;40.2257;30.2;87;301.505;280.31;275;330;275;275;569.01;568.721;50;275.141;;;1906.78;1;1
3771;0.25;51.7274;29.7;5.46361;40.2865;30.2;73;301.62;280.31;275;330;275;275;569.01;568.721;50;275.175;;;1905.24;1;1
3772;0.25;52.2338;29.7;5.49885;40.3588;30.2;67;301.678;280.31;275;330;275;275;568.866;568.721;50;275.201;;;1903.08;1;1
3773;0.25;52.0312;29.7;5.51388;40.5179;30.2;52;301.635;280.317;275;330;275;275;569.01;568.721;50;275.221;;;1902.31;1;1
3774;0.25;51.93;29.8;5.80129;40.489;30.2;49;302.083;280.317;275;330;275;275;569.01;568.866;50;275.23;;;1902.31;1;1
3775;0.25;52.1325;29.8;5.84213;40.5729;30.2;46;301.997;280.31;275;330;275;275;568.866;568.721;50;275.238;;;1899.25;1;1
3776;0.25;52.2338;29.8;5.79871;40.3935;30.2;32;301.91;280.331;275;330;275;275;568.866;568.721;50;275.253;;;1899.25;1;1
3777;0.25;52.1325;29.8;5.73283;40.1823;30.2;0;301.924;280.317;275;330;275;275;568.866;568.721;50;275.254;;;1898.89;1;1
3778;0.25;51.8634;29.8;5.75759;40.1852;30.2;0;302.098;280.187;275;330;275;275;568.866;568.721;50;275.248;;;1898.51;1;1
3779;0.25;51.93;29.8;5.74684;40.2836;30.2;0;301.693;280.295;275;330;275;275;569.01;568.866;50;275.234;"KHP102      ";;1897.74;1;1
3780;0.25;51.8287;29.8;5.75374;39.9797;30.2;0;301.693;280.165;275;330;275;275;569.01;568.866;50;275.211;;;1897.74;1;1
3781;0.25;51.93;29.8;5.80129;39.7772;30.2;0;301.62;280.31;275;330;275;275;569.01;568.721;50;275.188;;;1895.89;1;1
3782;0.25;51.93;29.8;5.69241;39.673;30.2;0;301.548;280.31;275;330;275;275;569.01;568.721;50;275.179;;;1895.89;1;1
3783;0.25;51.93;29.8;5.74684;39.7772;30.2;0;300.911;280.317;275;330;275;275;569.01;568.576;50;275.181;;;1895.13;1;1
3784;0.25;51.8345;29.8;5.68195;39.8785;30.2;3;300.94;280.158;275;330;275;275;568.866;568.721;50;275.183;;;1895.13;1;1
3785;0.25;51.7245;29.8;5.74217;39.8785;30.2;8;300.347;280.346;275;330;275;275;568.721;568.576;50;275.186;;;1894.93;1;1
3786;0.25;51.6233;29.8;5.69486;39.9797;30.2;19;300.405;280.346;275;330;275;275;568.721;568.576;50;275.187;;;1893.4;1;1
3787;0.25;51.7072;29.8;5.68606;40.1823;30.2;28;300.087;280.187;275;330;275;275;568.721;568.287;50;275.189;;;1893.4;1;1
3788;0.25;51.8287;29.8;5.69942;40.2865;30.2;36;299.74;280.179;275;330;275;275;568.721;568.432;50;275.19;;;1893.06;1;1
3789;0.25;51.93;29.8;5.74684;40.081;30.2;43;299.667;280.172;275;330;275;275;568.721;568.432;50;275.189;;;1890.33;1;1
3790;0.25;52.0891;29.8;5.74625;40.2836;30.2;48;298.857;280.158;275;330;275;275;568.721;568.576;50;275.178;;;1890.1;1;1
3791;0.25;51.93;29.8;5.78315;40.4861;30.2;60;298.872;280.165;275;330;275;275;568.721;568.576;50;275.161;;;1889.34;1;1
3792;0.25;51.6233;29.8;5.69486;40.2865;30.2;69;298.655;280.165;275;330;275;275;568.866;568.576;50;275.143;;;1887.05;1;1
3793;0.25;51.7245;29.8;5.68796;40.1852;30.1;82;297.96;280.143;275;330;275;275;568.866;568.576;50;275.129;;;1885.52;1;1
3794;0.25;51.7245;29.8;5.6699;40.2836;30.1;94;298.105;280.143;275;330;275;275;568.866;568.721;50;275.137;;;1885.52;1;1
3795;0.25;51.93;29.8;5.71056;40.1823;30.1;101;297.83;280.143;275;330;275;275;568.866;568.721;50;275.153;;;1884.76;1;1
3796;0.25;52.037;29.8;5.68597;40.3877;30.1;110;297.729;280.165;275;330;275;275;568.721;568.576;50;275.161;;;1883.22;1;1
3797;0.25;52.0312;29.7;5.38662;40.3935;30.1;127;297.642;280.165;275;330;275;275;568.721;568.576;50;275.166;;;1883.22;1;1
3798;0.25;51.8287;29.7;5.34754;40.3877;30.1;139;296.788;280.143;275;330;275;275;568.721;568.576;50;275.178;;;1882.38;1;1
3799;0.25;51.522;29.7;5.35189;40.489;30.1;141;296.817;280.129;275;330;275;275;568.721;568.432;50;275.191;;;1882.38;1;1
3800;0.25;51.7245;29.7;5.391;40.2691;30.1;141;296.933;280.165;275;330;275;275;568.721;568.432;50;275.204;;;1882.38;1;1
3801;0.25;51.522;29.7;5.2799;40.0926;30.1;147;297.034;280.165;275;330;275;275;568.721;568.432;50;275.209;;;1881.62;1;1
3802;0.25;51.522;29.7;5.33389;40.2836;30.1;147;297.034;280.143;275;330;275;275;568.576;568.432;50;275.2;;;1880.85;1;1
3803;0.25;51.6348;29.7;5.29146;40.272;30.1;145;296.933;280.143;275;330;275;275;568.576;568.287;50;275.186;;;1879.33;1;1
3804;0.25;51.522;29.7;5.2799;40.3906;30.1;147;296.788;280.411;275;330;275;275;568.576;568.432;50;275.16;;;1879.33;1;1
3805;0.25;51.8258;29.7;5.31103;40.3906;30.1;144;296.817;280.418;275;330;275;275;568.576;568.576;50;275.109;;;1877.8;1;1
3806;0.25;51.93;29.7;5.32171;40.5903;30.1;148;296.918;280.418;275;330;275;275;568.576;568.576;50;275.042;;;1877.04;1;1
3807;0.25;52.2338;29.7;5.40759;40.5903;30.1;150;297.309;280.418;275;330;275;275;568.721;568.432;50;274.968;;;1876.8;1;1
3808;0.25;52.1325;29.7;5.37889;40.2865;30.1;146;297.338;280.389;275;330;275;275;568.721;568.432;50;274.899;;;1876.8;1;1
3809;0.25;52.1325;29.7;5.34247;40.1823;30.1;143;297.873;280.165;275;330;275;275;568.576;568.432;50;274.856;;;1876.8;1;1
3810;0.25;52.1325;29.7;5.3971;39.9769;30.1;147;297.96;280.165;275;330;275;275;568.576;568.287;50;274.853;;;1875.07;1;1
3811;0.25;51.9647;29.7;5.32527;40.1042;30.1;161;297.888;280.143;275;330;275;275;568.432;568.287;50;274.861;;;1875.07;1;1
3812;0.25;52.0312;29.7;5.36844;40.081;30.1;172;297.815;280.418;275;330;275;275;568.432;568.142;50;274.881;;;1872.78;1;1
3813;0.25;52.1325;29.7;5.30604;39.9797;30.1;173;298.076;280.418;275;330;275;275;568.432;568.142;50;274.913;;;1869.54;1;1
3814;0.25;51.794;29.7;5.30777;40.081;30.1;171;298.611;280.165;275;330;275;275;568.432;568.287;50;274.935;;;1869.54;1;1
3815;0.25;51.93;29.7;5.35799;40.1562;30.1;171;299.06;280.418;275;330;275;275;568.721;568.432;50;274.945;;;1869.54;1;1
3816;0.25;52.1354;29.7;5.36097;40.1823;30.1;169;299.117;280.418;275;330;275;275;568.721;568.576;50;274.937;;;1868.78;1;1
3817;0.25;52.338;29.7;5.41837;40.0347;30.1;158;299.349;280.389;275;330;275;275;568.866;568.721;50;274.918;;;1868.02;1;1
3818;0.25;52.1325;29.7;5.3971;39.9797;30.2;148;299.262;280.433;275;330;275;275;568.866;568.721;50;274.905;;;1868.02;1;1
3819;0.25;52.2367;29.7;5.35314;40.2431;30.2;143;299.913;280.433;275;330;275;275;568.866;568.576;50;274.905;;;1866.85;1;1
3820;0.25;51.93;29.7;5.26726;40.2836;30.2;139;300.072;280.433;275;330;275;275;568.866;568.576;50;274.913;;;1864.57;1;1
3821;0.25;51.9329;29.7;5.32201;40.2836;30.2;134;300.101;280.433;275;330;275;275;568.721;568.721;50;274.921;;;1864.57;1;1
3822;0.25;51.7274;29.7;5.31902;39.9913;30.2;122;301.013;280.44;275;330;275;275;568.866;568.432;50;274.921;;;1864.57;1;1
3823;0.25;51.6262;29.7;5.29057;39.8785;30.2;113;301.114;280.44;275;330;275;275;568.721;568.432;50;274.927;;;1863.48;1;1
3824;0.25;51.7245;29.7;5.30066;40.1852;30.2;107;301.389;280.44;275;330;275;275;568.576;568.432;50;274.935;;;1862.27;1;1
3825;0.25;51.8287;29.7;5.29322;40.2865;30.2;107;301.317;280.433;275;330;275;275;568.721;568.576;50;274.943;;;1861.51;1;1
3826;0.25;52.0139;29.7;5.31214;40.489;30.2;96;301.317;280.418;275;330;275;275;568.721;568.721;50;274.961;;;1860.75;1;1
3827;0.25;51.93;29.7;5.35799;40.5556;30.2;85;301.924;280.44;275;330;275;275;568.721;568.576;50;274.968;;;1858.47;1;1
3828;0.25;52.0255;29.7;5.33149;40.2836;30.3;77;301.895;280.44;275;330;275;275;568.721;568.721;50;274.954;;;1858.47;1;1
3829;0.25;52.3698;29.7;5.36678;39.9797;30.3;73;302.025;280.44;275;330;275;275;568.721;568.576;50;274.937;;;1856.96;1;1
3830;0.25;52.2338;29.8;5.67098;39.9797;30.3;66;302.373;280.44;275;330;275;275;568.721;568.576;50;274.916;;;1856.2;1;1
3831;0.25;52.1325;29.8;5.62353;39.8756;30.3;59;302.373;280.44;275;330;275;275;568.721;568.576;50;274.899;;;1856.2;1;1
3832;0.25;52.3351;29.8;5.66369;39.9797;30.3;52;302.286;280.433;275;330;275;275;568.721;568.576;50;274.896;;;1856.2;1;1
3833;0.25;51.9242;29.8;5.63736;39.9826;30.3;47;302.214;280.44;275;330;275;275;568.721;568.576;50;274.91;;;1855.44;1;1
3834;0.25;51.9155;29.8;5.60012;40.1823;30.3;54;302.141;280.44;275;330;275;275;568.721;568.432;50;274.944;;;1855.44;1;1
3835;0.25;52.1007;29.8;5.67473;40.272;30.3;59;302.112;280.418;275;330;275;275;568.576;568.432;50;274.982;;;1854.68;1;1
3836;0.25;52.338;29.8;5.62741;40.1823;30.3;59;302.228;280.44;275;330;275;275;568.576;568.432;50;275.013;;;1853.92;1;1
3837;0.25;52.8472;29.8;5.7745;40.3877;30.3;56;302.286;280.433;275;330;275;275;568.576;568.432;50;275.054;;;1851.59;1;1
3838;0.25;52.8385;29.8;5.69969;40.1765;30.3;55;302.141;280.425;275;330;275;275;568.576;568.432;50;275.105;;;1851.59;1;1
3839;0.25;52.4508;29.8;5.65787;40.1823;30.3;56;302.112;280.425;275;330;275;275;568.721;568.432;50;275.158;;;1851.59;1;1
3840;0.25;52.5405;29.8;5.72263;40.081;30.3;50;302.011;280.418;275;330;275;275;568.721;568.432;50;275.215;;;1849.83;1;1
3841;0.25;52.5405;29.8;5.70428;40.1823;30.3;44;301.91;280.418;275;330;275;275;568.721;568.432;50;275.272;;;1847.32;1;1
3842;0.25;52.6823;29.8;5.64603;40.1852;30.3;38;301.794;280.418;275;330;275;275;568.721;568.432;50;275.319;"KHP102      ";;1847.32;1;1
3843;0.25;52.6418;29.8;5.69688;40.2894;30.3;32;301.244;280.411;275;330;275;275;568.721;568.432;50;275.362;;;1847.32;1;1
3844;0.25;52.5405;29.8;5.64919;40.408;30.3;26;301.36;280.396;275;330;275;275;568.576;568.576;50;275.389;;;1844.29;1;1
3845;0.25;52.5521;29.9;6.02561;40.5903;30.3;21;301.432;280.404;275;330;275;275;568.721;568.576;50;275.408;;;1844.29;1;1
3846;0.25;52.4392;29.9;5.97601;40.6916;30.2;0;301.143;280.411;275;330;275;275;568.866;568.576;50;275.418;;;1844.29;1;1
3847;0.25;52.1325;29.9;5.97751;40.5874;30.2;0;301.042;280.411;275;330;275;275;568.866;568.721;50;275.407;;;1842.62;1;1
3848;0.25;52.0312;29.9;5.92951;40.0723;30.2;0;300.246;280.382;275;330;275;275;568.721;568.576;50;275.395;;;1842.62;1;1
3849;0.25;52.1557;29.9;5.96191;39.9624;30.2;0;300.188;280.367;275;330;275;275;568.721;568.576;50;275.376;;;1842.62;1;1
3850;0.25;52.2338;29.9;5.97084;39.9797;30.2;0;299.812;280.389;275;330;275;275;568.866;568.721;50;275.356;;;1840.41;1;1
3851;0.25;52.4392;29.8;5.65662;40.081;30.2;0;300;280.31;275;330;275;275;568.866;568.576;50;275.338;;;1838.9;1;1
3852;0.25;52.0718;29.8;5.65338;40.1823;30.2;0;299.32;280.367;275;330;275;275;568.866;568.721;50;275.323;"KHP102      ";;1838.9;1;1
3853;0.25;51.9271;29.8;5.60137;39.974;30.2;0;299.392;280.353;275;330;275;275;568.866;568.721;50;275.317;"KHP102      ";;1837.38;1;1
3854;0.25;51.8258;29.8;5.60858;39.9479;30.2;2;299.089;280.324;275;330;275;275;568.866;568.721;50;275.31;;;1836.63;1;1
3855;0.25;52.2338;29.8;5.63446;40.2807;30.2;7;298.351;280.346;275;330;275;275;568.866;568.576;50;275.297;;;1836.26;1;1
3856;0.25;51.93;29.8;5.58354;40.1215;30.2;16;298.307;280.331;275;330;275;275;568.866;568.721;50;275.286;;;1836.26;1;1
3857;0.25;52.1325;29.8;5.58711;40.0839;30.1;32;297.801;280.331;275;330;275;275;568.866;568.721;50;275.282;;;1836.26;1;1
3858;0.25;52.4392;29.8;5.65662;40.2865;30.1;44;297.208;280.339;275;330;275;275;569.01;568.721;50;275.29;;;1834.75;1;1
3859;0.25;52.4392;29.8;5.60166;40.2836;30.1;62;297.28;280.339;275;330;275;275;569.01;568.721;50;275.283;;;1833.99;1;1
3860;0.25;52.338;29.8;5.60913;40.1823;30.1;79;297.005;280.346;275;330;275;275;569.01;568.721;50;275.271;;;1833.99;1;1
3861;0.25;52.2338;29.8;5.63446;40.081;30.1;81;296.47;280.324;275;330;275;275;569.01;568.721;50;275.263;;;1831.91;1;1
3862;0.25;51.9705;29.8;5.5879;40.0868;30.1;97;296.383;280.331;275;330;275;275;569.01;568.721;50;275.257;;;1830.39;1;1
3863;0.25;52.2338;29.8;5.61621;40.2836;30.1;120;295.906;280.31;275;330;275;275;569.01;568.721;50;275.262;;;1829.64;1;1
3864;0.25;52.2946;29.8;5.64101;40.4832;30.1;122;295.775;280.317;275;330;275;275;569.01;568.721;50;275.272;;;1828.13;1;1
3865;0.25;52.2338;29.8;5.61621;40.434;30;132;295.139;280.324;275;330;275;275;569.01;568.866;50;275.282;;;1828.13;1;1
3866;0.25;52.338;29.7;5.23551;40.5903;30;139;295.255;280.302;275;330;275;275;569.01;568.721;50;275.293;;;1827.37;1;1
3867;0.25;52.338;29.7;5.32695;40.5903;30;159;295.298;280.331;275;330;275;275;568.866;568.576;50;275.296;;;1826.62;1;1
3868;0.25;52.4392;29.7;5.26396;40.8391;30;157;295.356;280.339;275;330;275;275;569.01;568.576;50;275.291;;;1826.62;1;1
3869;0.25;52.3351;29.7;5.29007;40.9983;30;155;295.37;280.331;275;330;275;275;569.01;568.721;50;275.283;;;1825.11;1;1
3870;0.25;52.1296;29.7;5.19646;40.6192;30;158;295.399;280.339;275;330;275;275;568.866;568.721;50;275.262;;;1825.11;1;1
3871;0.25;52.2367;29.7;5.22538;40.489;30;158;295.255;280.346;275;330;275;275;569.01;568.866;50;275.243;;;1824.36;1;1
3872;0.25;52.338;29.7;5.23551;40.489;30;157;295.197;280.346;275;330;275;275;568.866;568.866;50;275.239;;;1824.36;1;1
3873;0.25;52.1325;29.7;5.25138;40.3877;30;157;295.79;280.353;275;330;275;275;569.01;568.866;50;275.247;;;1823.6;1;1
3874;0.25;52.2859;29.7;5.26683;40.5903;30;155;295.775;280.353;275;330;275;275;569.01;568.721;50;275.265;;;1823.6;1;1
3875;0.25;52.6042;29.7;5.28051;40.3877;30;148;295.877;280.36;275;330;275;275;569.155;568.721;50;275.28;;;1822.39;1;1
3876;0.25;52.5434;29.7;5.25606;40.2836;30;147;296.369;280.346;275;330;275;275;569.01;568.721;50;275.28;;;1820.88;1;1
3877;0.25;52.2512;29.7;5.24508;40.081;30;143;296.557;280.281;275;330;275;275;569.01;568.576;50;275.259;;;1818.62;1;1
3878;0.25;52.6418;29.6;4.9085;40.0839;30;141;297.049;280.346;275;330;275;275;568.721;568.432;50;275.249;;;1817.86;1;1
3879;0.25;52.5405;29.6;4.91741;40.081;30;140;296.933;280.295;275;330;275;275;568.721;568.432;50;275.241;;;1817.86;1;1
3880;0.25;52.3351;29.6;4.8799;40.2836;30;119;297.338;280.295;275;330;275;275;568.721;568.432;50;275.212;;;1817.86;1;1
3881;0.25;52.1325;29.6;4.86101;40.2836;30;118;297.295;280.288;275;330;275;275;568.576;568.432;50;275.177;;;1816.36;1;1
3882;0.25;52.4392;29.6;4.87129;40.1823;30.1;109;297.902;280.281;275;330;275;275;568.721;568.432;50;275.142;;;1816.36;1;1
3883;0.25;52.3872;29.6;4.92135;40.489;30.1;104;298.003;280.302;275;330;275;275;568.576;568.576;50;275.116;;;1816.36;1;1
3884;0.25;52.2338;29.7;5.18859;40.489;30.1;97;298.105;280.295;275;330;275;275;568.721;568.432;50;275.091;;;1814.85;1;1
3885;0.25;52.3293;29.7;5.21636;40.2865;30.1;104;298.611;280.273;275;330;275;275;568.866;568.721;50;275.067;;;1814.1;1;1
3886;0.25;52.6186;29.7;5.2452;40.489;30.1;104;298.568;280.273;275;330;275;275;568.866;568.721;50;275.036;;;1813.34;1;1
3887;0.25;52.7431;29.7;5.23918;40.3877;30.1;99;298.958;280.245;275;330;275;275;568.866;568.721;50;275.023;;;1811.84;1;1
3888;0.25;52.6418;29.7;5.24751;40.3877;30.1;103;298.872;280.245;275;330;275;275;569.01;568.721;50;275.02;;;1811.08;1;1
3889;0.25;52.4392;29.7;5.22732;40.3877;30.1;97;298.828;280.396;275;330;275;275;569.01;568.721;50;275.018;;;1810.98;1;1
3890;0.25;52.338;29.7;5.18066;40.3848;30.1;104;299.566;280.237;275;330;275;275;569.01;568.721;50;275.016;;;1810.27;1;1
3891;0.25;52.2338;29.7;5.20684;40.3877;30.2;104;299.696;280.216;275;330;275;275;569.01;568.721;50;275.014;;;1807.99;1;1
3892;0.25;52.3351;29.7;5.21694;40.3877;30.2;99;299.783;280.208;275;330;275;275;569.01;568.721;50;274.998;;;1807.99;1;1
3893;0.25;52.4392;29.7;5.209;40.272;30.2;104;299.783;280.201;275;330;275;275;569.01;568.721;50;274.973;;;1807.23;1;1
3894;0.25;52.4392;29.7;5.19068;40.1823;30.2;104;300.13;280.201;275;330;275;275;568.866;568.721;50;274.924;;;1806.48;1;1
3895;0.25;52.5839;29.7;5.22337;40.1823;30.2;104;300.014;280.201;275;330;275;275;568.866;568.576;50;274.873;;;1805.73;1;1
3896;0.25;52.5405;29.7;5.16397;40.3877;30.2;97;299.928;280.216;275;330;275;275;568.866;568.576;50;274.82;;;1805.73;1;1
3897;0.25;52.4277;29.7;5.22617;40.489;30.2;99;299.899;280.194;275;330;275;275;568.866;568.576;50;274.78;;;1804.24;1;1
3898;0.25;52.4392;29.7;5.24564;40.489;30.2;110;300.014;280.208;275;330;275;275;568.721;568.432;50;274.738;;;1801.99;1;1
3899;0.25;52.2569;29.7;5.20915;40.2836;30.2;118;300.116;280.165;275;330;275;275;568.866;568.287;50;274.7;;;1800.49;1;1
3900;0.25;52.0804;29.7;5.19155;40.081;30.2;132;300.926;280.158;275;330;275;275;568.721;568.432;50;274.677;;;1800.49;1;1
3901;0.25;52.0312;29.7;5.18665;40.3877;30.2;139;300.883;280.158;275;330;275;275;568.866;568.432;50;274.668;;;1798.98;1;1
3902;0.25;52.4392;29.7;5.19068;40.3588;30.2;146;300.781;280.15;275;330;275;275;568.866;568.576;50;274.672;;;1797.48;1;1
3903;0.25;52.338;29.7;5.19894;40.0694;30.2;142;300.767;280.143;275;330;275;275;568.721;568.432;50;274.677;;;1797.48;1;1
3904;0.25;52.364;29.7;5.18323;39.8785;30.2;144;300.68;280.143;275;330;275;275;568.721;568.287;50;274.681;;;1797.48;1;1
3905;0.25;52.4392;29.7;5.19068;39.9797;30.2;161;300.883;280.143;275;330;275;275;568.576;568.432;50;274.689;;;1795.23;1;1
3906;0.25;52.338;29.8;5.57256;40.0781;30.2;160;300.998;280.143;275;330;275;275;568.721;568.432;50;274.716;;;1795.01;1;1
3907;0.25;52.3003;29.8;5.51374;40.081;30.2;150;301.128;280.143;275;330;275;275;568.576;568.432;50;274.748;;;1795.01;1;1
3908;0.25;52.4161;29.8;5.54425;40.1823;30.2;153;301.157;280.143;275;330;275;275;568.576;568.287;50;274.785;"KHP102      ";;1792.82;1;1
3909;0.25;52.4537;29.8;5.52991;40.081;30.2;154;301.924;280.143;275;330;275;275;568.432;568.142;50;274.82;;;1792.82;1;1
3910;0.25;52.4363;29.8;5.56471;40.0637;30.2;150;301.852;280.143;275;330;275;275;568.576;568.142;50;274.858;;;1792.07;1;1
3911;0.25;52.4334;29.8;5.56441;40.2836;30.2;128;301.78;280.143;275;330;275;275;568.432;568.142;50;274.893;;;1790.57;1;1
3912;0.25;52.6418;29.8;5.56813;40.2836;30.2;120;301.939;280.143;275;330;275;275;568.576;568.142;50;274.928;;;1790.57;1;1
3913;0.25;52.8443;29.8;5.55263;40.2836;30.2;115;301.968;280.143;275;330;275;275;568.576;568.142;50;274.95;;;1790.57;1;1
3914;0.25;52.2338;29.8;5.48848;40.081;30.2;104;302.069;280.143;275;330;275;275;568.432;568.142;50;274.968;;;1789.37;1;1
3915;0.25;52.0399;29.8;5.4499;40.3848;30.2;91;302.951;280.143;275;330;275;275;568.432;568.142;50;274.989;;;1788.62;1;1
3916;0.25;52.338;29.8;5.53599;40.5787;30.2;78;302.98;280.143;275;330;275;275;568.576;568.287;50;275;;;1787.12;1;1
3917;0.25;52.4392;29.8;5.49172;40.3877;30.2;65;302.937;280.143;275;330;275;275;568.576;568.142;50;275.005;;;1787.12;1;1
3918;0.25;52.0486;29.8;5.4872;40.3877;30.2;55;302.85;280.143;275;330;275;275;568.576;568.287;50;275.008;"KHP102      ";;1786.14;1;1
3919;0.25;51.93;29.8;5.38397;40.3848;30.2;50;302.966;280.143;275;330;275;275;568.576;568.287;50;275.022;;;1785.39;1;1
3920;0.25;52.0341;29.8;5.4675;40.1823;30.2;44;302.937;280.143;275;330;275;275;568.721;568.432;50;275.044;;;1785.39;1;1
3921;0.25;52.1296;29.8;5.49574;40.3848;30.2;32;303.053;280.143;275;330;275;275;568.721;568.432;50;275.045;;;1784.64;1;1
3922;0.25;52.3351;29.8;5.5174;40.0839;30.2;25;303.183;280.143;275;330;275;275;568.721;568.432;50;275.035;;;1781.5;1;1
3923;0.25;52.0804;29.8;5.47237;39.9797;30.2;21;303.197;280.143;275;330;275;275;568.721;568.287;50;275.022;;;1781.5;1;1
3924;0.25;52.0312;29.8;5.43082;40.1823;30.3;19;303.096;280.143;275;330;275;275;568.721;568.287;50;275.008;;;1781.5;1;1
3925;0.25;52.4392;29.8;5.51007;40.3877;30.3;16;302.821;280.143;275;330;275;275;568.721;568.287;50;274.993;;;1780;1;1
3926;0.25;52.338;29.8;5.48111;40.489;30.3;13;302.185;280.389;275;330;275;275;568.432;568.287;50;274.98;;;1779.26;1;1
3927;0.25;52.1325;29.9;5.83178;40.5642;30.2;14;302.705;280.15;275;330;275;275;568.287;567.998;50;274.98;;;1779.26;1;1
3928;0.25;51.9358;29.9;5.73718;40.3877;30.3;16;302.025;280.143;275;330;275;275;568.432;567.998;50;274.994;;;1777.76;1;1
3929;0.25;52.1817;29.9;5.81906;40.1823;30.2;19;302.156;280.15;275;330;275;275;568.432;567.998;50;274.997;;;1777.58;1;1
3930;0.25;52.1325;29.9;5.75891;40.3183;30.2;28;301.968;280.027;275;330;275;275;568.432;567.998;50;274.98;;;1776.09;1;1
3931;0.25;51.93;29.9;5.75468;40.3848;30.2;35;301.924;280.035;275;330;275;275;568.432;568.142;50;274.951;;;1776.09;1;1
3932;0.25;52.0833;29.9;5.77167;40.2836;30.2;43;300.998;280.027;275;330;275;275;568.576;568.142;50;274.903;;;1776.09;1;1
3933;0.25;52.3351;29.9;5.83616;40.2112;30.2;53;300.203;280.027;275;330;275;275;568.432;568.142;50;274.857;;;1776.09;1;1
3934;0.25;52.2309;29.9;5.80627;40.2865;30.2;65;300.651;280.027;275;330;275;275;568.432;568.142;50;274.833;;;1776.09;1;1
3935;0.25;52.338;29.9;5.81817;40.1881;30.2;80;299.913;280.027;275;330;275;275;568.576;568.287;50;274.82;;;1775.34;1;1
3936;0.25;52.1325;29.9;5.75891;40.1823;30.2;97;300.029;280.027;275;330;275;275;568.721;568.432;50;274.807;;;1772.93;1;1
3937;0.25;52.0284;29.9;5.76558;40.1823;30.2;112;299.407;280.027;275;330;275;275;568.576;568.432;50;274.795;;;1772.93;1;1
3938;0.25;52.2338;29.8;5.48848;40.1823;30.2;128;299.436;280.035;275;330;275;275;568.576;568.287;50;274.781;;;1771.44;1;1
3939;0.25;52.2309;29.8;5.41516;40.1534;30.1;144;299.045;280.027;275;330;275;275;568.432;568.142;50;274.772;;;1769.39;1;1
3940;0.25;52.0312;29.8;5.43082;40.1823;30.1;155;298.958;280.027;275;330;275;275;568.287;567.998;50;274.772;;;1769.39;1;1
3941;0.25;52.3611;29.8;5.46525;40.2836;30.1;165;298.843;280.027;275;330;275;275;568.287;567.853;50;274.786;;;1769.39;1;1
3942;0.25;52.338;29.8;5.46283;40.081;30.1;173;298.872;280.027;275;330;275;275;568.142;567.853;50;274.794;;;1766.41;1;1
3943;0.25;52.1701;29.8;5.44531;39.9797;30.1;180;298.973;280.027;275;330;275;275;568.142;567.998;50;274.791;;;1766.41;1;1
3944;0.25;52.2367;29.8;5.43401;40.1881;30.1;183;299.089;280.027;275;330;275;275;568.142;567.998;50;274.782;;;1766.41;1;1
3945;0.25;52.5405;29.8;5.50233;40.5903;30.1;184;299.089;280.027;275;330;275;275;567.998;567.708;50;274.787;;;1763.43;1;1
3946;0.25;52.4392;29.8;5.4734;40.489;30.1;182;298.958;280.035;275;330;275;275;567.998;567.853;50;274.78;;;1762.7;1;1
3947;0.25;52.3438;29.8;5.46344;40.3877;30.1;184;298.872;280.035;275;330;275;275;567.998;567.708;50;274.756;;;1761.21;1;1
3948;0.25;52.6418;29.8;5.49454;40.2865;30.1;183;298.944;280.027;275;330;275;275;567.998;567.708;50;274.727;"KHP102      ";;1761.21;1;1
3949;0.25;52.6447;29.8;5.51324;40.081;30.1;190;299.19;280.027;275;330;275;275;567.998;567.708;50;274.701;;;1761.21;1;1
3950;0.25;52.4392;29.8;5.45508;39.9797;30.1;190;299.306;280.027;275;330;275;275;567.998;567.853;50;274.675;;;1761.21;1;1
3951;0.25;52.338;29.8;5.40798;39.9797;30.1;183;299.812;280.027;275;330;275;275;568.142;567.708;50;274.64;;;1759.72;1;1
3952;0.25;52.1325;29.8;5.4596;40.1823;30.1;184;300.029;280.027;275;330;275;275;568.142;567.853;50;274.608;;;1757.28;1;1
3953;0.25;52.4392;29.8;5.45508;40.5903;30.1;184;299.913;280.027;275;330;275;275;568.432;568.142;50;274.585;;;1756.53;1;1
3954;0.25;52.6418;29.8;5.49454;40.3848;30.1;183;300.608;280.035;275;330;275;275;568.287;567.998;50;274.573;"KHP102      ";;1756.34;1;1
3955;0.25;52.1296;29.8;5.44109;40.3848;30.1;175;300.897;280.027;275;330;275;275;568.432;567.998;50;274.585;;;1755.6;1;1
3956;0.25;52.0341;29.8;5.39476;40.4948;30.1;174;301.013;280.027;275;330;275;275;568.432;567.998;50;274.621;;;1754.11;1;1
3957;0.25;52.2338;29.8;5.45196;40.081;30.2;173;301.895;280.027;275;330;275;275;568.432;568.142;50;274.664;;;1754.11;1;1
3958;0.25;52.4392;29.8;5.43676;39.8785;30.2;170;301.939;280.027;275;330;275;275;568.287;567.998;50;274.708;;;1752.83;1;1
3959;0.25;52.4392;29.8;5.43676;40.0839;30.2;161;302.069;280.027;275;330;275;275;568.432;567.998;50;274.769;;;1749.86;1;1
3960;0.25;52.6418;29.8;5.47615;40.081;30.2;148;302.778;280.027;275;330;275;275;568.287;568.142;50;274.835;;;1749.86;1;1
3961;0.25;52.3351;29.8;5.42596;40.1823;30.2;128;302.705;280.035;275;330;275;275;568.576;567.998;50;274.897;;;1749.86;1;1
3962;0.25;52.4392;29.8;5.45508;40.081;30.2;107;302.951;280.035;275;330;275;275;568.576;567.998;50;274.953;;;1748.64;1;1
3963;0.25;52.7431;29.8;5.52354;39.8872;30.2;90;303.067;280.027;275;330;275;275;568.432;567.998;50;274.986;;;1747.9;1;1
3964;0.25;52.7257;29.8;5.41121;40.081;30.3;76;303.935;280.027;275;330;275;275;568.287;568.142;50;274.993;;;1747.9;1;1
3965;0.25;52.4306;29.8;5.43586;40.081;30.3;66;303.979;280.027;275;330;275;275;568.287;567.998;50;274.991;;;1747.15;1;1
3966;0.25;52.4508;29.8;5.43796;39.9797;30.3;49;304.094;280.027;275;330;275;275;568.142;567.998;50;274.976;;;1746.04;1;1
3967;0.25;52.6418;29.8;5.47615;39.9797;30.3;34;303.993;280.027;275;330;275;275;568.142;567.853;50;274.935;;;1746.04;1;1
3968;0.25;52.4363;29.8;5.39983;40.081;30.3;22;303.935;280.027;275;330;275;275;568.142;567.998;50;274.88;;;1744.29;1;1
3969;0.25;52.1325;29.8;5.38675;40.081;30.3;0;304.803;280.035;275;330;275;275;568.142;567.853;50;274.833;;;1742.08;1;1
3970;0.25;52.3351;29.9;5.78129;39.8785;30.3;0;304.89;280.035;275;330;275;275;568.142;567.998;50;274.779;;;1742.08;1;1
3971;0.25;52.4363;29.9;5.81079;39.9797;30.3;0;304.948;280.035;275;330;275;275;568.142;567.998;50;274.741;;;1741.37;1;1
3972;0.25;52.5405;29.9;5.76727;40.081;30.3;0;304.21;280.027;275;330;275;275;568.142;567.998;50;274.7;;;1739.97;1;1
3973;0.25;52.338;29.9;5.78161;39.974;30.3;0;304.138;280.027;275;330;275;275;568.287;567.853;50;274.662;;;1739.97;1;1
3974;0.25;52.2338;29.9;5.75185;39.7772;30.3;0;304.051;280.027;275;330;275;275;568.287;567.853;50;274.636;;;1739.97;1;1
3975;0.25;52.1325;29.9;5.70428;39.9797;30.3;8;303.733;280.035;275;330;275;275;568.142;567.853;50;274.614;;;1739.81;1;1
3976;0.25;52.4508;29.9;5.72078;40.2836;30.3;22;303.718;280.035;275;330;275;275;568.142;567.853;50;274.594;;;1736.1;1;1
3977;0.25;52.5405;29.9;5.74892;40.2836;30.3;31;303.096;280.035;275;330;275;275;568.142;567.853;50;274.592;;;1735.36;1;1
3978;0.25;52.4392;29.9;5.73784;40.1823;30.3;49;303.168;280.027;275;330;275;275;568.142;567.853;50;274.609;;;1735.36;1;1
3979;0.25;52.3351;29.9;5.763;40.1823;30.3;74;302.416;280.027;275;330;275;275;568.142;567.853;50;274.634;;;1735.36;1;1
3980;0.25;52.3351;29.9;5.70816;39.9797;30.3;93;302.054;280.027;275;330;275;275;568.142;567.853;50;274.664;;;1733.41;1;1
3981;0.25;52.2338;29.9;5.69711;39.8785;30.3;104;301.968;280.027;275;330;275;275;567.998;567.853;50;274.691;;;1732.67;1;1
3982;0.25;52.2569;29.9;5.71789;39.8785;30.3;126;301.114;280.035;275;330;275;275;567.998;567.708;50;274.724;;;1732.67;1;1
3983;0.25;52.3987;29.9;5.67849;40.1823;30.3;133;301.143;280.035;275;330;275;275;567.998;567.853;50;274.744;;;1731.48;1;1
3984;0.25;52.338;29.9;5.70847;40.0347;30.2;136;301.013;280.027;275;330;275;275;568.142;567.853;50;274.762;;;1731.48;1;1
3985;0.25;52.6331;29.9;5.74066;40.0666;30.2;132;301.128;280.035;275;330;275;275;568.142;567.853;50;274.778;;;1731.48;1;1
3986;0.25;52.3553;29.9;5.72865;39.8785;30.2;151;301.157;280.027;275;330;275;275;568.142;567.853;50;274.803;;;1728.52;1;1
3987;0.25;52.3351;29.9;5.72644;40.1823;30.2;153;300.289;280.027;275;330;275;275;567.998;567.708;50;274.826;;;1728.52;1;1
3988;0.25;52.7459;29.9;5.7714;40.1823;30.2;148;300.217;280.027;275;330;275;275;567.998;567.708;50;274.849;;;1728.52;1;1
3989;0.25;52.6418;29.9;5.72322;39.9797;30.2;145;300.072;280.035;275;330;275;275;568.142;567.853;50;274.86;;;1727.78;1;1
3990;0.25;52.5405;29.9;5.73056;39.8785;30.2;144;300.087;280.035;275;330;275;275;568.287;567.998;50;274.876;;;1727.78;1;1
3991;0.25;52.4392;29.9;5.7012;40.081;30.2;141;300.217;280.035;275;330;275;275;568.287;567.853;50;274.877;;;1727.78;1;1
3992;0.25;52.3351;29.9;5.70816;39.9797;30.2;141;300.304;280.027;275;330;275;275;568.287;567.853;50;274.885;;;1724.5;1;1
3993;0.25;52.5405;29.9;5.69385;39.7367;30.2;127;300.955;280.027;275;330;275;275;568.142;567.853;50;274.895;;;1724.5;1;1
3994;0.25;52.2917;29.8;5.31183;39.7859;30.2;124;301.143;280.035;275;330;275;275;567.998;567.708;50;274.902;;;1723.03;1;1
3995;0.25;52.1933;29.8;5.3201;39.9797;30.2;133;301.042;280.027;275;330;275;275;567.998;567.708;50;274.9;;;1721.55;1;1
3996;0.25;52.1354;29.8;5.25954;39.9797;30.2;118;300.926;280.035;275;330;275;275;567.998;567.708;50;274.888;;;1720.07;1;1
3997;0.25;52.2338;29.8;5.32423;39.8785;30.2;109;300.883;280.44;275;330;275;275;567.998;567.708;50;274.87;;;1720.07;1;1
3998;0.25;52.4421;29.8;5.34546;39.9797;30.2;108;300.94;280.433;275;330;275;275;567.853;567.708;50;274.851;;;1719.33;1;1
3999;0.25;52.4392;29.8;5.38181;39.8785;30.2;104;301.273;280.418;275;330;275;275;567.853;567.708;50;274.825;;;1719.17;1;1
4000;0.25;52.2338;29.8;5.28771;39.8785;30.2;103;301.36;280.027;275;330;275;275;567.853;567.708;50;274.799;;;1718.43;1;1
4001;0.25;52.1325;29.8;5.25924;39.8785;30.2;97;301.374;280.035;275;330;275;275;567.853;567.708;50;274.776;;;1717.05;1;1
4002;0.25;52.3351;29.8;5.29796;39.7714;30.2;95;301.317;280.035;275;330;275;275;567.998;567.708;50;274.756;;;1716.67;1;1
4003;0.25;52.2367;29.8;5.2515;39.7772;30.2;92;301.244;280.035;275;330;275;275;567.998;567.708;50;274.742;;;1716.67;1;1
4004;0.25;52.1325;29.8;5.22282;40.081;30.2;101;301.201;280.027;275;330;275;275;568.142;567.853;50;274.738;;;1714.45;1;1
4005;0.25;52.0312;29.8;5.24903;39.8785;30.2;102;301.128;280.035;275;330;275;275;567.998;567.708;50;274.745;;;1713.61;1;1
4006;0.25;52.2338;29.8;5.28771;39.8785;30.2;113;301.114;280.027;275;330;275;275;568.142;567.853;50;274.752;;;1712.87;1;1
4007;0.25;52.3351;29.8;5.24311;39.9826;30.2;109;301.186;280.027;275;330;275;275;567.998;567.853;50;274.769;;;1712.13;1;1
4008;0.25;51.93;29.8;5.20253;39.9855;30.2;106;301.288;280.027;275;330;275;275;568.142;567.708;50;274.785;;;1711.4;1;1
4009;0.25;52.0312;29.8;5.24903;40.3241;30.2;115;302.141;280.027;275;330;275;275;568.142;567.853;50;274.801;;;1710.66;1;1
4010;0.25;52.2338;29.8;5.23297;40.1997;30.2;113;302.185;280.035;275;330;275;275;568.287;567.998;50;274.819;;;1709.92;1;1
4011;0.25;52.3351;29.8;5.22483;40.081;30.3;106;302.011;280.027;275;330;275;275;568.287;568.142;50;274.848;;;1709.92;1;1
4012;0.25;52.5405;29.9;5.56535;39.9826;30.3;98;301.881;280.027;275;330;275;275;568.287;567.998;50;274.886;;;1709.18;1;1
4013;0.25;52.7604;29.9;5.64393;40.081;30.3;96;301.881;280.027;275;330;275;275;568.142;567.998;50;274.922;;;1709.18;1;1
4014;0.25;52.853;29.9;5.61691;39.9797;30.3;94;302.054;280.027;275;330;275;275;568.287;567.998;50;274.954;;;1708.45;1;1
4015;0.25;52.7431;29.9;5.56838;39.9797;30.3;85;302.156;280.027;275;330;275;275;568.287;567.853;50;274.982;;;1707.71;1;1
4016;0.25;52.2164;29.9;5.54926;40.081;30.3;81;302.098;280.035;275;330;275;275;568.142;567.998;50;275.007;;;1706.23;1;1
4017;0.25;52.2222;29.9;5.54988;39.8785;30.3;78;302.025;280.035;275;330;275;275;568.142;567.853;50;275.019;;;1706.23;1;1
4018;0.25;52.5405;29.9;5.54699;39.9797;30.3;66;301.895;280.027;275;330;275;275;568.142;567.853;50;275.029;"KHP102      ";;1705.5;1;1
4019;0.25;52.4392;29.9;5.51798;39.9797;30.3;63;301.939;280.027;275;330;275;275;568.142;567.853;50;275.037;;;1702.55;1;1
4020;0.25;52.2338;29.9;5.49636;40.1736;30.3;58;302.069;280.035;275;330;275;275;567.998;567.708;50;275.036;;;1701.82;1;1
4021;0.25;52.4392;29.9;5.49964;40.1534;30.3;55;302.156;280.143;275;330;275;275;567.853;567.708;50;275.027;;;1701.82;1;1
4022;0.25;52.7286;29.9;5.51156;39.9797;30.3;47;302.127;280.143;275;330;275;275;567.998;567.708;50;275.003;;;1699.61;1;1
4023;0.25;52.4392;29.9;5.48132;40.081;30.3;47;302.011;280.15;275;330;275;275;567.998;567.708;50;274.987;;;1698.87;1;1
4024;0.25;52.5203;29.9;5.50813;40.081;30.3;48;301.722;280.15;275;330;275;275;567.853;567.708;50;274.977;;;1698.87;1;1
4025;0.25;52.2772;29.9;5.50093;39.8785;30.3;49;301.62;280.15;275;330;275;275;567.853;567.708;50;274.976;;;1698.14;1;1
4026;0.25;52.4074;29.9;5.53294;39.673;30.3;52;301.476;280.346;275;330;275;275;567.853;567.564;50;274.98;;;1696.67;1;1
4027;0.25;52.2541;29.9;5.44371;39.8814;30.3;56;301.808;280.143;275;330;275;275;567.853;567.564;50;274.994;;;1696.67;1;1
4028;0.25;52.5434;29.9;5.4555;39.7772;30.3;62;301.157;280.404;275;330;275;275;567.853;567.564;50;274.997;;;1695.93;1;1
4029;0.25;52.5376;29.9;5.47325;39.5747;30.3;65;301.085;280.36;275;330;275;275;567.708;567.419;50;274.979;;;1695.51;1;1
4030;0.25;52.7431;29.9;5.49465;39.6759;30.3;68;300.998;280.353;275;330;275;275;567.708;567.564;50;274.952;;;1695.51;1;1
4031;0.25;52.5405;29.9;5.47355;39.8727;30.3;71;300.998;280.143;275;330;275;275;567.564;567.419;50;274.925;;;1694.78;1;1
4032;0.25;52.4392;29.9;5.40804;39.9797;30.3;78;300.26;280.367;275;330;275;275;567.708;567.274;50;274.904;;;1692.57;1;1
4033;0.25;52.3553;29.9;5.47255;39.9797;30.3;79;300.651;280.15;276;330;275;275;567.564;567.419;50;274.892;;;1691.84;1;1
4034;0.25;52.4392;29.9;5.40804;40.081;30.3;97;300.709;280.15;276;330;275;275;567.708;567.419;50;274.878;;;1691.11;1;1
4035;0.25;52.5405;29.8;5.11683;40.081;30.3;145;300.029;280.15;276;330;275;275;567.853;567.564;50;274.862;;;1690.37;1;1
4036;0.25;52.5405;29.8;5.13519;40.1852;30.3;222;300.087;280.15;276;330;275;275;567.708;567.564;50;274.843;;;1688.9;1;1
4037;0.25;52.4479;29.8;5.07117;40.1128;30.3;319;300.116;280.15;276;330;275;275;567.853;567.419;50;274.818;;;1688.9;1;1
4038;0.25;52.5405;29.8;5.04342;40.1823;30.2;411;300.043;280.15;276;330;275;275;567.853;567.419;50;274.8;;;1688.17;1;1
4039;0.25;52.3351;29.8;5.06026;39.9797;30.2;463;299.942;280.143;276;330;275;275;567.853;567.564;50;274.783;;;1687.43;1;1
4040;0.25;52.1354;29.8;5.04096;39.8785;30.2;473;299.884;280.143;276;330;275;275;567.853;567.708;50;274.772;;;1687.43;1;1
4041;0.25;52.1354;29.8;5.04096;40.081;30.2;475;300.651;280.143;276;330;275;275;567.998;567.708;50;274.766;;;1687.15;1;1
4042;0.25;52.2917;29.8;5.07433;40.2894;30.2;467;301.056;280.367;276;330;275;275;567.998;567.708;50;274.762;;;1682.78;1;1
4043;0.25;52.6418;29.8;5.08992;40.2865;30.2;476;301.866;280.15;276;330;275;275;567.853;567.708;50;274.763;;;1682.78;1;1
4044;0.25;52.8472;29.8;5.09132;40.2836;30.2;458;302.199;280.36;276;330;275;275;567.998;567.708;50;274.767;;;1682.78;1;1
4045;0.25;52.338;29.8;5.04226;40.2836;30.2;424;303.082;280.36;276;330;275;275;567.998;567.708;50;274.762;;;1682.05;1;1
4046;0.25;52.5347;29.8;5.06121;40.1823;30.2;419;304.051;280.367;276;330;275;275;567.853;567.564;50;274.766;;;1681.61;1;1
4047;0.25;52.717;29.8;5.04194;40.081;30.2;404;304.355;280.367;276;330;275;275;567.998;567.708;50;274.769;;;1680.14;1;1
4048;0.25;52.5347;29.8;5.11627;39.8785;30.3;380;305.425;280.367;276;330;275;275;567.853;567.564;50;274.778;;;1679.41;1;1
4049;0.25;52.3351;29.8;5.06026;39.9797;30.3;348;306.539;280.375;276;330;275;275;567.853;567.708;50;274.788;;;1678.68;1;1
4050;0.25;52.2222;29.8;5.04935;40.081;30.3;330;307.653;280.375;276;330;275;275;567.998;567.564;50;274.807;;;1678.68;1;1
4051;0.25;52.2859;29.8;5.03724;39.9797;30.3;311;308.333;280.389;276;330;275;275;567.998;567.564;50;274.826;;;1676.86;1;1
4052;0.25;51.849;29.9;5.36528;39.7772;30.4;275;309.245;280.389;276;330;275;275;567.853;567.708;50;274.857;;;1675.39;1;1
4053;0.25;51.8056;29.9;5.32459;39.8785;30.4;236;310.229;280.143;276;330;275;275;567.853;567.564;50;274.893;;;1674.66;1;1
4054;0.25;52.092;29.9;5.33584;39.8785;30.5;216;311.14;280.15;276;330;275;275;567.853;567.419;50;274.923;;;1674.66;1;1
4055;0.25;52.0515;29.9;5.36806;40.0839;30.5;193;312.254;280.15;276;330;275;275;567.708;567.419;50;274.955;;;1673.54;1;1
4056;0.25;52.1325;30;5.67572;40.1071;30.6;161;313.093;280.158;276;330;275;275;567.708;567.419;50;274.972;;;1673.54;1;1
4057;0.25;52.1065;30;5.70929;40.2865;30.6;125;313.845;280.353;276;330;275;275;567.853;567.564;50;274.983;;;1673.54;1;1
4058;0.25;52.2801;30;5.72831;40.2836;30.6;92;314.468;280.158;276;330;275;275;567.853;567.564;50;274.989;;;1671.35;1;1
4059;0.25;52.4363;30.1;6.00983;40.1823;30.7;64;315.104;280.158;276;330;275;275;567.998;567.708;50;274.996;;;1669.88;1;1
4060;0.25;52.6215;30.1;6.06784;40.2749;30.7;43;315.321;280.165;276;330;275;275;567.998;567.708;50;275.001;;;1669.15;1;1
4061;0.25;52.934;30.2;6.53723;40.1852;30.7;29;315.249;280.179;276;330;275;275;568.142;567.708;50;275.012;;;1668.42;1;1
4062;0.25;52.9948;30.2;6.47069;40.081;30.8;0;316.045;280.165;276;330;275;275;567.998;567.708;50;275.019;;;1668.4;1;1
4063;0.25;52.6418;30.2;6.44597;40.1852;30.8;0;316.146;280.172;276;330;275;275;567.998;567.564;50;275.028;;;1668.4;1;1
4064;0.25;52.4334;30.3;6.73981;40.1852;30.8;0;316.204;280.172;276;330;275;275;567.853;567.708;50;275.036;;;1666.21;1;1
4065;0.25;51.93;30.3;6.69324;39.9797;30.8;0;316.262;280.158;276;330;275;275;567.998;567.564;50;275.043;;;1665.55;1;1
4066;0.25;51.93;30.3;6.65695;39.9797;30.8;0;316.233;280.165;276;330;275;275;567.853;567.564;50;275.049;;;1664.82;1;1
4067;0.25;52.0284;30.4;7.04098;40.1765;30.8;0;316.204;280.556;276;330;275;275;567.998;567.708;50;275.055;;;1664.82;1;1
4068;0.25;52.338;30.4;7.08288;40.081;30.8;0;316.131;280.527;276;330;275;275;567.998;567.708;50;275.059;;;1662.83;1;1
4069;0.25;52.3351;30.4;7.08249;40.0781;30.8;0;315.292;280.527;276;330;275;275;567.998;567.564;50;275.064;;;1662.1;1;1
4070;0.25;52.4392;30.4;7.04163;40.2894;30.8;0;315.249;280.556;276;330;275;275;567.853;567.564;50;275.067;;;1662.1;1;1
4071;0.25;52.1325;30.5;7.39081;40.2865;30.8;0;315.046;280.556;276;330;275;275;567.998;567.708;50;275.063;;;1662.1;1;1
4072;0.25;52.2338;30.5;7.38692;39.9797;30.8;1;314.41;280.556;276;330;275;275;568.142;567.708;50;275.058;;;1660.64;1;1
4073;0.25;52.1991;30.5;7.34554;39.8785;30.8;0;314.236;280.527;276;330;275;275;567.998;567.564;50;275.062;;;1659.98;1;1
4074;0.25;52.2338;30.5;7.40517;40.1823;30.8;0;313.44;280.527;276;330;275;275;567.853;567.564;50;275.069;;;1659.98;1;1
4075;0.25;52.338;30.5;7.38337;40.081;30.7;0;313.079;280.556;276;330;275;275;567.998;567.564;50;275.082;;;1657.79;1;1
4076;0.25;52.1325;30.5;7.33618;40.081;30.7;0;312.269;280.556;276;330;275;275;567.853;567.419;50;275.095;;;1655.92;1;1
4077;0.25;52.1325;30.5;7.40903;39.9797;30.7;3;311.936;280.527;276;330;275;275;567.708;567.419;50;275.105;;;1655.51;1;1
4078;0.25;52.1325;30.5;7.3726;39.8785;30.7;17;311.155;280.519;276;330;275;275;567.564;567.274;50;275.104;;;1654.06;1;1
4079;0.25;52.3351;30.5;7.41953;40.0781;30.6;41;310.952;280.556;276;330;275;275;567.708;567.419;50;275.103;"KHP102      ";;1654.06;1;1
4080;0.25;52.1325;30.5;7.42724;40.2517;30.6;59;310.373;280.556;276;330;275;275;567.564;567.274;50;275.103;"KHP102      ";;1654.06;1;1
4081;0.25;51.9387;30.5;7.39962;40.489;30.6;81;310.127;280.679;276;330;275;275;567.564;567.274;50;275.099;;;1651.95;1;1
4082;0.25;52.2338;30.5;7.40517;40.3877;30.6;98;309.288;280.686;276;330;275;275;567.564;567.274;50;275.117;;;1651.95;1;1
4083;0.25;52.0139;30.5;7.37399;40.1823;30.5;118;308.203;280.664;276;330;275;275;567.564;567.274;50;275.154;"KHP102      ";;1649.03;1;1
4084;0.25;51.93;30.5;7.34396;39.8785;30.5;134;307.856;280.664;276;330;275;275;567.708;567.419;50;275.205;;;1649.03;1;1
4085;0.25;52.5145;30.5;7.48165;39.9797;30.5;148;307.798;280.679;276;330;275;275;567.853;567.564;50;275.26;;;1648.11;1;1
4086;0.25;52.2367;30.5;7.44208;40.0145;30.5;154;307.118;280.671;276;330;275;275;567.998;567.708;50;275.317;;;1647.39;1;1
4087;0.25;52.5347;30.5;7.50289;39.9855;30.5;163;306.916;280.664;276;330;275;275;568.142;567.708;50;275.356;;;1647.39;1;1
4088;0.25;52.4421;30.5;7.47135;40.0145;30.4;173;306.293;280.671;276;330;275;275;567.998;567.708;50;275.389;;;1645.93;1;1
4089;0.25;52.4855;30.5;7.47753;39.9797;30.4;174;306.25;280.671;276;330;275;275;567.998;567.853;50;275.413;;;1645.93;1;1
4090;0.25;52.5405;30.4;7.18371;40.2083;30.4;174;306.076;280.946;276;330;275;275;568.142;567.708;50;275.433;;;1645.48;1;1
4091;0.25;52.338;30.4;7.10116;40.2836;30.4;165;305.31;280.939;276;330;275;275;567.998;567.708;50;275.472;;;1643.3;1;1
4092;0.25;52.2367;30.4;7.06918;40.2836;30.4;158;305.686;280.693;276;330;275;275;567.998;567.708;50;275.512;;;1643.02;1;1
4093;0.25;52.5405;30.4;7.18371;40.2836;30.4;163;305.7;280.693;276;330;275;275;567.853;567.564;50;275.556;;;1643.02;1;1
4094;0.25;52.5116;30.4;7.14306;40.3877;30.4;161;305.715;280.722;276;330;275;275;567.708;567.419;50;275.597;;;1641.57;1;1
4095;0.25;52.3351;30.4;7.13734;40.2836;30.3;149;305.57;280.924;276;330;275;275;567.853;567.419;50;275.637;;;1640.12;1;1
4096;0.25;52.3351;30.4;7.11905;40.1823;30.3;134;305.642;281.055;276;330;275;275;567.853;567.419;50;275.645;;;1640.12;1;1
4097;0.25;52.7141;30.3;6.83114;40.0781;30.4;125;305.512;281.055;276;330;275;275;567.853;567.564;50;275.655;;;1640.12;1;1
4098;0.25;52.2338;30.3;6.78714;40.1823;30.4;120;305.686;281.055;276;330;275;275;567.853;567.564;50;275.66;;;1637.94;1;1
4099;0.25;52.0341;30.3;6.81575;40.1823;30.4;111;305.396;281.055;276;330;275;275;567.853;567.564;50;275.653;;;1637.94;1;1
4100;0.25;52.338;30.3;6.80067;40.2836;30.4;100;305.425;281.055;276;330;275;275;567.708;567.419;50;275.655;;;1637.21;1;1
4101;0.25;52.4971;30.3;6.78467;40.081;30.4;93;306.062;281.055;276;330;275;275;567.708;567.419;50;275.66;;;1636.14;1;1
4102;0.25;52.7054;30.3;6.84842;40.1823;30.4;91;306.076;281.055;276;330;275;275;567.708;567.419;50;275.665;;;1634.69;1;1
4103;0.25;52.5405;30.3;6.79028;40.0781;30.4;86;306.192;281.055;276;330;275;275;567.708;567.419;50;275.684;;;1633.96;1;1
4104;0.25;52.2338;30.3;6.80539;39.9826;30.4;76;306.322;281.055;276;330;275;275;567.564;567.274;50;275.715;;;1633.04;1;1
4105;0.25;52.4392;30.3;6.77719;40.1823;30.4;73;306.236;281.055;276;330;275;275;567.564;567.274;50;275.753;;;1631.4;1;1
4106;0.25;52.3351;30.3;6.81858;40.2951;30.4;71;306.076;281.047;276;330;275;275;567.564;567.274;50;275.792;;;1631.4;1;1
4107;0.25;52.3351;30.3;6.83686;40.081;30.4;67;305.454;281.055;276;330;275;275;567.564;567.274;50;275.83;;;1631.4;1;1
4108;0.25;52.4392;30.3;6.81383;40.081;30.4;61;305.44;281.055;276;330;275;275;567.564;567.419;50;275.871;;;1629.95;1;1
4109;0.25;52.1325;30.3;6.79219;40.1823;30.4;59;305.932;281.055;276;330;275;275;567.708;567.419;50;275.909;;;1629.22;1;1
4110;0.25;51.9416;30.3;6.76731;40.4659;30.4;60;305.99;281.055;276;330;275;275;567.564;567.419;50;275.942;;;1629.01;1;1
4111;0.25;52.0457;30.3;6.78088;40.3877;30.4;59;306.033;281.055;276;330;275;275;567.564;567.419;50;275.972;;;1625.55;1;1
4112;0.25;52.2338;30.3;6.82363;40.4485;30.4;45;305.99;281.055;276;330;275;275;567.708;567.564;50;275.998;;;1624.82;1;1
4113;0.25;52.3206;30.3;6.79842;40.489;30.4;34;305.122;281.055;276;330;275;275;567.853;567.708;50;276.021;;;1624.5;1;1
4114;0.25;52.2338;30.3;6.80539;40.2344;30.4;28;305.02;281.055;276;330;275;275;567.853;567.708;50;276.034;;;1624.5;1;1
4115;0.25;52.5405;30.2;6.54373;39.9797;30.4;28;304.991;281.055;276;330;275;275;567.998;567.708;50;276.041;;;1623.78;1;1
4116;0.25;52.4392;30.2;6.53111;40.081;30.4;24;304.789;281.055;276;330;275;275;567.998;567.708;50;276.041;;;1623.78;1;1
4117;0.25;52.0312;30.2;6.4621;40.0839;30.4;24;304.673;281.055;276;330;275;275;567.853;567.564;50;276.037;;;1623.05;1;1
4118;0.25;52.0312;30.2;6.49848;40.081;30.4;26;304.225;281.055;276;330;275;275;567.853;567.419;50;276.033;"KHP102      ";;1623.05;1;1
4119;0.25;52.1325;30.2;6.51112;39.9797;30.4;28;304.268;281.055;276;330;275;275;567.853;567.419;50;276.017;;;1620.88;1;1
4120;0.25;52.4074;30.2;6.56376;39.8785;30.4;30;303.675;281.047;276;330;275;275;567.853;567.419;50;276.004;"KHP102      ";;1618.71;1;1
4121;0.25;52.2338;30.2;6.48725;39.8785;30.4;31;303.545;281.055;276;330;275;275;567.853;567.564;50;275.992;;;1617.26;1;1
4122;0.25;52.2656;30.2;6.54601;39.7772;30.4;39;302.937;281.055;276;330;275;275;567.853;567.564;50;275.981;;;1617.26;1;1
4123;0.25;52.1325;30.2;6.52934;39.9797;30.4;52;302.98;281.055;276;330;275;275;567.708;567.564;50;275.98;;;1617.26;1;1
4124;0.25;52.338;30.2;6.55507;40.2836;30.4;56;302.59;281.055;276;330;275;275;567.853;567.708;50;275.966;;;1615.1;1;1
4125;0.25;52.6447;30.2;6.59348;40.3675;30.4;64;302.112;281.055;276;330;275;275;567.853;567.708;50;275.946;;;1615.1;1;1
4126;0.25;52.6881;30.2;6.59892;40.2199;30.4;78;302.083;281.055;276;330;275;275;567.998;567.708;50;275.93;;;1615.1;1;1
4127;0.25;52.338;30.2;6.53678;40.081;30.4;94;301.736;281.055;276;330;275;275;567.998;567.708;50;275.929;;;1615.1;1;1
4128;0.25;52.1325;30.1;6.21181;39.8756;30.4;106;301.186;281.055;276;330;275;275;567.853;567.708;50;275.937;;;1614.37;1;1
4129;0.25;52.0312;30.1;6.19975;39.7772;30.4;125;300.897;281.315;276;330;275;275;567.853;567.419;50;275.961;;;1614.37;1;1
4130;0.25;52.4392;30.1;6.26668;39.6759;30.3;126;300.911;281.264;276;330;275;275;567.708;567.564;50;275.988;;;1612.93;1;1
4131;0.25;52.4392;30.1;6.23004;39.7772;30.3;134;300.275;281.453;276;330;275;275;567.853;567.564;50;276.023;;;1611.2;1;1
4132;0.25;52.2338;30.1;6.22388;39.8785;30.3;140;300.362;281.438;276;330;275;275;567.853;567.564;50;276.067;"KHP102      ";;1611.2;1;1
4133;0.25;52.1238;30.1;6.19257;39.9797;30.3;152;300.347;281.438;276;330;275;275;567.853;567.708;50;276.11;;;1610.47;1;1
4134;0.25;52.0312;30.1;6.16339;39.6759;30.3;147;300.738;281.293;276;330;275;275;568.142;567.853;50;276.154;;;1610.47;1;1
4135;0.25;52.4363;30.1;6.2297;39.9797;30.3;140;299.942;281.445;276;330;275;275;568.287;567.998;50;276.2;;;1609.75;1;1
4136;0.25;52.4797;30;5.91522;39.8785;30.3;136;299.884;281.416;276;330;275;275;568.432;568.142;50;276.238;;;1609.03;1;1
4137;0.25;52.1817;30;5.93631;39.9797;30.3;141;299.87;281.424;276;330;275;275;568.432;568.142;50;276.27;;;1606.14;1;1
4138;0.25;51.8287;30;5.89615;39.7772;30.3;138;299.971;281.453;276;330;275;275;568.432;568.142;50;276.292;;;1605.42;1;1
4139;0.25;52.0689;30;5.88709;39.9797;30.3;128;300.072;281.453;276;330;275;275;568.287;567.998;50;276.299;;;1604.7;1;1
4140;0.25;52.0312;30;5.91919;40.081;30.3;125;300.854;281.236;276;330;275;275;568.287;567.998;50;276.299;;;1604.7;1;1
4141;0.25;51.8287;30;5.85994;39.9797;30.3;118;300.289;281.445;276;330;275;275;568.142;567.853;50;276.299;;;1603.98;1;1
4142;0.25;52.1354;30;5.89462;39.9797;30.3;102;300.203;281.453;276;330;275;275;568.142;567.853;50;276.302;;;1603.98;1;1
4143;0.25;52.3351;30;5.95376;39.7772;30.3;94;300.145;281.46;276;330;275;275;567.998;567.564;50;276.302;;;1603.26;1;1
4144;0.25;52.3351;30;5.93547;39.8785;30.3;82;300.101;281.46;276;330;275;275;567.853;567.564;50;276.302;;;1600.72;1;1
4145;0.25;52.4392;30;5.96561;39.9797;30.3;74;300.072;281.438;276;330;275;275;567.853;567.708;50;276.299;;;1600;1;1
4146;0.25;52.4248;30;5.92733;39.9711;30.3;77;300.94;281.467;276;330;275;275;567.998;567.564;50;276.276;;;1598.88;1;1
4147;0.25;52.3351;30;5.95376;40.081;30.3;66;301.085;281.467;276;330;275;275;567.998;567.708;50;276.268;;;1596;1;1
4148;0.25;52.1325;30;5.96714;40.0781;30.4;61;301.157;281.46;276;330;275;275;567.853;567.708;50;276.283;;;1596;1;1
4149;0.25;52.1325;30;5.9125;39.9797;30.4;61;301.143;281.46;276;330;275;275;567.998;567.708;50;276.301;;;1595.28;1;1
4150;0.25;51.93;30;5.88953;40.0839;30.4;62;301.027;281.46;276;330;275;275;567.998;567.708;50;276.329;;;1594.03;1;1
4151;0.25;52.2135;30;5.95817;40.2836;30.4;56;300.94;281.46;276;330;275;275;567.998;567.708;50;276.36;;;1594.03;1;1
4152;0.25;52.2483;30;5.96213;40.3848;30.4;56;300.883;281.46;276;330;275;275;567.998;567.853;50;276.387;;;1594.03;1;1
4153;0.25;52.0804;30;5.90659;40.1071;30.4;54;300.94;281.46;276;330;275;275;567.998;567.708;50;276.411;"KHP102      ";;1593.31;1;1
4154;0.25;52.0312;30;5.93737;39.9797;30.4;52;300.26;281.445;276;330;275;275;567.998;567.708;50;276.432;;;1593.31;1;1
4155;0.25;52.1325;30;5.9125;39.8785;30.4;48;300.362;281.467;276;330;275;275;567.998;567.853;50;276.451;;;1592.59;1;1
4156;0.25;52.1123;30;5.9102;39.9797;30.4;47;300.362;281.46;276;330;275;275;567.998;567.708;50;276.468;;;1591.87;1;1
4157;0.25;52.1325;30;5.93071;39.9797;30.4;52;300.362;281.445;276;330;275;275;567.998;567.708;50;276.486;;;1591.87;1;1
4158;0.25;52.2338;30;5.94223;39.9797;30.4;51;300.318;281.438;276;330;275;275;567.853;567.708;50;276.511;;;1591.87;1;1
4159;0.25;51.93;30;5.90767;39.7772;30.4;42;300.231;281.431;276;330;275;275;567.853;567.564;50;276.533;;;1590.47;1;1
4160;0.25;51.93;30;5.87139;39.673;30.4;43;299.812;281.431;276;330;275;275;567.853;567.419;50;276.552;;;1587.6;1;1
4161;0.25;51.7274;30;5.95694;39.8785;30.4;43;299.841;281.424;276;330;275;275;567.853;567.564;50;276.569;;;1586.88;1;1
4162;0.25;51.8374;30;5.93336;40.081;30.4;35;299.942;281.416;276;330;275;275;567.853;567.564;50;276.573;;;1586.88;1;1
4163;0.25;52.1325;30;5.98537;39.9653;30.4;32;299.494;281.395;276;330;275;275;567.853;567.708;50;276.578;;;1585.73;1;1
4164;0.25;52.1325;30;6.00359;39.9797;30.4;34;299.566;281.387;276;330;275;275;567.853;567.564;50;276.592;;;1585.73;1;1
4165;0.25;52.0284;29.9;5.60197;39.9797;30.4;42;299.494;281.402;276;330;275;275;567.853;567.564;50;276.603;;;1585.73;1;1
4166;0.25;52.0312;29.9;5.65684;39.9797;30.4;38;299.002;281.38;276;330;275;275;567.708;567.419;50;276.598;;;1584.3;1;1
4167;0.25;51.7535;29.9;5.59046;39.9219;30.4;37;298.886;281.395;276;330;275;275;567.853;567.564;50;276.579;;;1583.48;1;1
4168;0.25;51.9936;29.9;5.59824;39.7772;30.4;41;298.278;281.373;276;330;275;275;567.853;567.708;50;276.554;;;1582.54;1;1
4169;0.25;52.1325;29.9;5.61319;39.8698;30.4;42;298.293;281.387;276;330;275;275;567.998;567.708;50;276.524;;;1581.83;1;1
4170;0.25;51.93;29.9;5.62769;39.7772;30.4;49;298.336;281.387;276;330;275;275;567.998;567.708;50;276.489;;;1578.96;1;1
4171;0.25;51.6204;29.9;5.6302;39.8322;30.4;61;297.975;281.402;276;330;275;275;567.998;567.708;50;276.439;;;1578.96;1;1
4172;0.25;52.0312;29.9;5.65684;39.8785;30.3;74;298.134;281.366;276;330;275;275;567.998;567.708;50;276.411;;;1577.94;1;1
4173;0.25;51.93;29.9;5.60952;39.9797;30.3;82;297.468;281.373;276;330;275;275;567.998;567.853;50;276.397;;;1577.22;1;1
4174;0.25;51.7274;29.9;5.58764;39.9797;30.3;87;297.41;281.373;276;330;275;275;567.853;567.564;50;276.386;;;1576.5;1;1
4175;0.25;51.6638;29.9;5.59884;39.9711;30.3;104;297.295;281.387;276;330;275;275;567.998;567.564;50;276.382;;;1576.5;1;1
4176;0.25;51.7245;29.9;5.6235;39.9797;30.3;110;296.788;281.351;276;330;275;275;567.853;567.564;50;276.407;;;1575.07;1;1
4177;0.25;51.7274;29.9;5.65995;39.8611;30.3;113;296.803;281.351;276;330;275;275;567.708;567.564;50;276.448;;;1575.07;1;1
4178;0.25;52.4363;29.9;5.6459;39.7772;30.3;127;296.962;281.337;276;330;275;275;567.708;567.564;50;276.496;;;1574.35;1;1
4179;0.25;52.338;29.9;5.61703;39.7772;30.3;139;297.049;281.322;276;330;275;275;567.708;567.564;50;276.542;"KHP102      ";;1574.35;1;1
4180;0.25;52.1817;29.9;5.61849;39.8322;30.3;140;297.02;281.322;276;330;275;275;567.708;567.419;50;276.591;;;1573.27;1;1
4181;0.25;52.4392;29.9;5.6279;39.8785;30.3;135;296.918;281.315;276;330;275;275;567.708;567.419;50;276.637;;;1573.27;1;1
4182;0.25;52.3351;29.9;5.67159;39.8785;30.3;126;296.832;281.344;276;330;275;275;567.564;567.274;50;276.68;;;1569.69;1;1
4183;0.25;52.1325;29.9;5.64964;39.9797;30.3;125;296.788;281.337;276;330;275;275;567.564;567.274;50;276.701;;;1568.26;1;1
4184;0.25;52.1325;29.8;5.29567;40.2836;30.3;119;296.918;281.33;276;330;275;275;567.708;567.274;50;276.735;;;1568.26;1;1
4185;0.25;52.0284;29.8;5.28509;40.081;30.3;114;296.962;281.33;276;330;275;275;567.708;567.419;50;276.758;"KHP102      ";;1567.54;1;1
4186;0.25;52.2338;29.8;5.23297;39.5515;30.3;99;297.063;281.344;276;330;275;275;567.564;567.274;50;276.764;;;1566.21;1;1
4187;0.25;52.2367;29.8;5.30625;39.673;30.3;96;297.584;281.337;276;330;275;275;567.419;567.13;50;276.755;;;1566.21;1;1
4188;0.25;52.1152;29.8;5.2939;39.8785;30.3;82;297.425;281.214;276;330;275;275;567.419;567.13;50;276.748;;;1566.21;1;1
4189;0.25;51.9387;29.8;5.27597;39.7801;30.3;75;297.396;281.214;276;330;275;275;567.564;567.274;50;276.743;;;1564.77;1;1
4190;0.25;52.1325;29.8;5.31391;39.8553;30.3;68;297.352;281.214;276;330;275;275;567.708;567.419;50;276.732;;;1564.77;1;1
4191;0.25;52.1904;29.8;5.28331;39.8785;30.3;62;297.844;281.221;276;330;275;275;567.708;567.419;50;276.702;;;1564.77;1;1
4192;0.25;51.8316;29.8;5.22889;39.8785;30.3;58;298.018;281.228;276;330;275;275;567.708;567.564;50;276.66;;;1562.48;1;1
4193;0.25;51.6262;29.8;5.20816;39.9797;30.3;51;298.076;281.228;276;330;275;275;567.853;567.564;50;276.616;"KHP102      ";;1561.77;1;1
4194;0.25;51.8287;29.8;5.19238;39.9797;30.4;42;297.989;281.228;276;330;275;275;567.853;567.564;50;276.569;;;1561.77;1;1
4195;0.25;52.1325;29.8;5.25924;39.8785;30.4;44;297.902;281.228;276;330;275;275;567.853;567.564;50;276.516;;;1560.76;1;1
4196;0.25;52.1325;29.8;5.27746;39.5718;30.4;45;297.83;281.236;276;330;275;275;567.708;567.419;50;276.448;;;1560.76;1;1
4197;0.25;52.0226;29.8;5.22998;39.4705;30.4;46;297.801;281.236;276;330;275;275;567.708;567.419;50;276.404;;;1560.05;1;1
4198;0.25;52.4392;29.8;5.25355;39.6672;30.4;56;297.931;281.264;276;330;275;275;567.564;567.419;50;276.381;;;1557.71;1;1
4199;0.25;52.3351;29.8;5.2614;39.6701;30.4;70;298.047;281.272;276;330;275;275;567.564;567.419;50;276.357;;;1556.28;1;1
4200;0.25;51.93;29.8;5.22067;39.5718;30.4;82;298.09;281.25;276;330;275;275;567.708;567.564;50;276.341;;;1555.57;1;1
4201;0.25;51.7853;29.8;5.20613;39.6499;30.4;87;297.989;281.257;276;330;275;275;567.708;567.564;50;276.32;;;1554.86;1;1
4202;0.25;51.8287;29.9;5.52616;39.8785;30.4;96;297.888;281.243;276;330;275;275;567.708;567.564;50;276.318;;;1554.14;1;1
4203;0.25;51.7274;29.8;5.20031;40.081;30.4;110;297.454;281.221;276;330;275;275;567.853;567.708;50;276.322;;;1554.14;1;1
4204;0.25;52.1325;29.9;5.61319;39.8466;30.4;118;297.323;281.221;276;330;275;275;567.708;567.564;50;276.333;;;1554.14;1;1
4205;0.25;52.037;29.9;5.5302;39.6788;30.4;134;297.381;281.228;276;330;275;275;567.853;567.564;50;276.357;;;1552;1;1
4206;0.25;52.3351;29.9;5.58015;39.673;30.4;143;297.454;281.228;276;330;275;275;567.853;567.419;50;276.401;;;1551.29;1;1
4207;0.25;52.0312;29.9;5.5114;39.673;30.4;150;297.758;281.257;276;330;275;275;567.853;567.564;50;276.443;;;1549.86;1;1
4208;0.25;52.1325;29.9;5.54034;39.673;30.4;149;297.743;281.257;276;330;275;275;567.853;567.564;50;276.481;;;1549.09;1;1
4209;0.25;52.3409;29.9;5.56248;39.8785;30.4;148;297.743;281.221;276;330;275;275;567.853;567.564;50;276.516;;;1549.09;1;1
4210;0.25;51.9358;29.9;5.50129;39.7772;30.4;148;297.338;281.315;276;330;275;275;567.853;567.564;50;276.553;;;1549.09;1;1
4211;0.25;51.8027;29.8;5.13548;39.8785;30.4;148;297.902;281.315;276;330;275;275;567.708;567.564;50;276.592;;;1547.52;1;1
4212;0.25;51.6233;29.8;5.1177;40.081;30.4;143;297.83;281.192;276;330;275;275;567.708;567.564;50;276.625;;;1547.52;1;1
4213;0.25;52.1325;29.8;5.22282;39.9769;30.4;118;297.815;281.315;276;330;275;275;567.708;567.419;50;276.648;;;1546.18;1;1
4214;0.25;52.2541;29.9;5.535;39.7975;30.4;106;297.873;281.055;276;330;275;275;567.708;567.419;50;276.671;;;1544.76;1;1
4215;0.25;52.0168;29.9;5.4917;39.7772;30.4;96;298.857;281.055;276;330;275;275;567.564;567.274;50;276.678;;;1542.62;1;1
4216;0.25;52.1181;29.9;5.44775;39.7743;30.4;85;298.409;281.055;276;330;275;275;567.564;567.419;50;276.672;;;1541.91;1;1
4217;0.25;51.9444;29.9;5.41145;39.8785;30.4;68;298.409;281.055;276;330;275;275;567.564;567.274;50;276.674;;;1539.78;1;1
4218;0.25;52.1325;29.9;5.48571;39.7772;30.4;66;299.002;281.344;276;330;275;275;567.564;567.274;50;276.673;;;1539.07;1;1
4219;0.25;51.9387;29.9;5.44714;39.7772;30.4;57;298.915;281.366;276;330;275;275;567.708;567.419;50;276.666;;;1539.07;1;1
4220;0.25;51.522;29.9;5.40344;39.8785;30.4;43;298.843;281.178;276;330;275;275;567.708;567.419;50;276.651;;;1539.07;1;1
4221;0.25;51.7853;29.9;5.41296;39.7772;30.4;37;298.857;281.366;276;330;275;275;567.708;567.274;50;276.633;;;1539.07;1;1
4222;0.25;51.93;29.9;5.42809;39.6759;30.4;34;299.855;281.17;276;330;275;275;567.708;567.274;50;276.619;;;1536.93;1;1
4223;0.25;51.9416;29.9;5.44744;39.8611;30.4;31;299.928;281.17;276;330;275;275;567.708;567.419;50;276.604;;;1536.93;1;1
4224;0.25;51.8895;29.9;5.42385;39.8785;30.4;25;299.899;281.17;276;330;275;275;567.708;567.419;50;276.581;;;1536.22;1;1
4225;0.25;51.9039;29.9;5.3891;39.9797;30.4;18;299.826;281.192;276;330;275;275;567.708;567.274;50;276.562;;;1535.51;1;1
4226;0.25;51.93;29.9;5.44623;39.4705;30.4;17;299.74;281.17;276;330;275;275;567.708;567.274;50;276.546;;;1535.51;1;1
4227;0.25;51.93;29.9;5.3918;39.2679;30.4;17;298.857;281.17;276;330;275;275;567.564;567.274;50;276.535;;;1534.8;1;1
4228;0.25;52.0312;29.9;5.4205;39.4734;30.4;24;298.843;281.163;276;330;275;275;567.708;567.419;50;276.532;;;1533.38;1;1
4229;0.25;51.8287;29.9;5.38129;39.647;30.4;32;298.944;281.163;276;330;275;275;567.853;567.564;50;276.528;;;1533.17;1;1
4230;0.25;51.9184;29.9;5.37247;39.9797;30.4;40;299.074;281.17;276;330;275;275;567.853;567.419;50;276.529;;;1531.75;1;1
4231;0.25;51.8287;29.9;5.32697;40.081;30.4;46;298.843;281.17;276;330;275;275;567.853;567.708;50;276.526;;;1529.07;1;1
4232;0.25;51.93;29.9;5.37366;39.9219;30.4;48;298.799;281.17;276;330;275;275;567.853;567.708;50;276.52;;;1529.07;1;1
4233;0.25;51.7245;29.9;5.33434;39.8727;30.4;62;298.163;281.431;276;330;275;275;567.853;567.708;50;276.48;;;1528.36;1;1
4234;0.25;51.93;29.9;5.35552;39.8958;30.4;65;297.83;281.445;276;330;275;275;567.998;567.708;50;276.437;;;1528.36;1;1
4235;0.25;51.93;29.9;5.35552;39.9797;30.4;70;297.801;281.445;276;330;275;275;567.998;567.708;50;276.421;;;1526.94;1;1
4236;0.25;51.6233;29.9;5.28782;39.9884;30.4;82;297.902;281.424;276;330;275;275;567.998;567.564;50;276.426;;;1526.94;1;1
4237;0.25;51.8258;29.9;5.34478;39.9797;30.4;92;298.018;281.431;276;330;275;275;567.853;567.708;50;276.435;;;1525.74;1;1
4238;0.25;51.93;29.9;5.33738;39.7772;30.4;100;297.295;281.438;276;330;275;275;567.853;567.564;50;276.443;;;1525.03;1;1
4239;0.25;51.8287;29.9;5.32697;39.8785;30.4;109;297.28;281.445;276;330;275;275;567.708;567.419;50;276.449;;;1524.61;1;1
4240;0.25;51.8258;29.9;5.36288;39.7772;30.4;114;297.208;281.453;276;330;275;275;567.708;567.274;50;276.455;;;1523.2;1;1
4241;0.25;51.5365;29.9;5.29694;39.9797;30.4;118;297.121;281.445;276;330;275;275;567.708;567.274;50;276.455;;;1520.39;1;1
4242;0.25;52.0312;29.9;5.29323;39.8785;30.4;119;297.049;281.445;276;330;275;275;567.708;567.419;50;276.466;;;1520.39;1;1
4243;0.25;51.8258;29.9;5.32668;39.9797;30.4;118;297.584;281.178;276;330;275;275;567.853;567.564;50;276.47;;;1519.68;1;1
4244;0.25;51.93;29.9;5.3011;39.8785;30.3;120;297.049;281.453;276;330;275;275;567.853;567.564;50;276.463;;;1517.56;1;1
4245;0.25;51.93;29.9;5.31924;39.8785;30.3;120;297.164;281.438;276;330;275;275;567.853;567.564;50;276.456;;;1517.56;1;1
4246;0.25;51.7882;29.9;5.26851;39.7772;30.3;129;297.28;281.438;276;330;275;275;567.853;567.564;50;276.442;;;1516.85;1;1
4247;0.25;51.6233;29.9;5.28782;39.8785;30.3;124;297.758;281.185;276;330;275;275;567.998;567.564;50;276.426;;;1514.73;1;1
4248;0.25;51.6811;29.9;5.25762;40.081;30.3;126;297.772;281.185;276;330;275;275;567.853;567.564;50;276.403;;;1513.32;1;1
4249;0.25;51.8258;29.9;5.27234;39.9797;30.3;129;297.251;281.46;276;330;275;275;567.853;567.708;50;276.38;;;1513.32;1;1
4250;0.25;51.93;29.9;5.24665;39.8785;30.3;122;297.917;281.445;276;330;275;275;567.708;567.564;50;276.36;;;1511.9;1;1
4251;0.25;51.9271;29.9;5.28264;40.3819;30.3;122;297.873;281.445;276;330;275;275;567.708;567.564;50;276.35;;;1511.9;1;1
4252;0.25;52.0399;29.9;5.23958;40.2836;30.4;121;297.844;281.445;276;330;275;275;567.853;567.564;50;276.344;;;1511.9;1;1
4253;0.25;51.849;29.9;5.20224;39.9797;30.4;118;297.917;281.438;276;330;275;275;567.853;567.564;50;276.348;;;1510.49;1;1
4254;0.25;52.1209;29.9;5.24774;39.9797;30.4;126;298.264;281.438;276;330;275;275;567.853;567.708;50;276.354;;;1509.78;1;1
4255;0.25;51.6291;29.9;5.18017;39.8785;30.4;130;298.322;281.445;276;330;275;275;568.142;567.853;50;276.359;;;1509.08;1;1
4256;0.25;52.0341;29.9;5.22082;39.7772;30.4;122;298.322;281.438;276;330;275;275;568.142;567.853;50;276.363;;;1508.37;1;1
4257;0.25;52.2251;29.9;5.23998;40.1823;30.4;122;298.192;281.453;276;330;275;275;568.142;567.853;50;276.367;;;1508.37;1;1
4258;0.25;51.9444;29.9;5.21182;40.3877;30.4;115;298.915;281.445;276;330;275;275;568.142;567.853;50;276.368;;;1507.66;1;1
4259;0.25;51.8142;29.9;5.16255;40.2836;30.4;111;298.828;281.445;276;330;275;275;568.142;567.853;50;276.36;;;1506.96;1;1
4260;0.25;52.1325;29.9;5.17605;40.081;30.4;108;298.9;281.438;276;330;275;275;568.142;567.853;50;276.356;;;1506.25;1;1
4261;0.25;51.93;29.9;5.22851;39.9797;30.4;104;299.016;281.46;276;330;275;275;568.142;567.853;50;276.356;;;1505.73;1;1
4262;0.25;51.7766;29.9;5.15881;40.081;30.4;104;299.349;281.46;276;330;275;275;568.142;567.853;50;276.36;;;1505.02;1;1
4263;0.25;51.7245;29.9;5.17169;40.081;30.4;98;299.363;281.438;276;330;275;275;568.287;567.853;50;276.362;;;1504.32;1;1
4264;0.25;51.7795;29.9;5.17718;39.9797;30.4;89;299.421;281.431;276;330;275;275;568.287;567.998;50;276.353;;;1504.32;1;1
4265;0.25;51.8287;29.9;5.1821;40.081;30.4;87;300.043;281.431;276;330;275;275;568.432;567.998;50;276.336;;;1504.32;1;1
4266;0.25;51.8866;29.9;5.15164;40.2865;30.4;94;299.87;281.46;276;330;275;275;568.432;568.142;50;276.321;;;1502.56;1;1
4267;0.25;52.1325;29.9;5.21248;40.081;30.5;80;299.812;281.453;276;330;275;275;568.432;568.142;50;276.302;;;1501.85;1;1
4268;0.25;51.8287;29.9;5.12778;39.7772;30.5;74;299.913;281.431;276;330;275;275;568.576;568.142;50;276.279;;;1501.85;1;1
4269;0.25;51.8461;29.9;5.09325;39.8785;30.5;73;300.116;281.424;276;330;275;275;568.576;568.142;50;276.27;;;1500.44;1;1
4270;0.25;51.93;29.9;5.15594;40.081;30.5;76;300.174;281.46;276;330;275;275;568.432;568.142;50;276.264;;;1500.44;1;1
4271;0.25;52.1325;29.9;5.19427;40.3096;30.5;78;300.535;281.272;276;330;275;275;568.432;568.142;50;276.268;;;1499.74;1;1
4272;0.25;52.0312;29.9;5.166;40.3848;30.5;78;300.564;281.257;276;330;275;275;568.432;567.998;50;276.278;;;1496.92;1;1
4273;0.25;52.0312;29.9;5.18418;40.3762;30.5;78;300.347;281.431;276;330;275;275;568.432;567.998;50;276.295;;;1496.92;1;1
4274;0.25;52.2338;30;5.50425;40.489;30.5;78;300.347;281.272;276;330;275;275;568.432;568.142;50;276.305;;;1496.92;1;1
4275;0.25;51.93;30;5.45407;40.5382;30.5;74;300.333;281.228;276;330;275;275;568.432;568.142;50;276.3;;;1494.62;1;1
4276;0.25;51.7332;30;5.41533;40.5903;30.5;71;300.347;281.301;276;330;275;275;568.432;568.142;50;276.292;;;1493.92;1;1
4277;0.25;51.8316;30;5.42563;40.3848;30.5;70;300.434;281.301;276;330;275;275;568.576;568.142;50;276.282;;;1493.92;1;1
4278;0.25;52.1325;30;5.49358;40.081;30.5;75;300.477;281.272;276;330;275;275;568.432;568.142;50;276.262;;;1493.22;1;1
4279;0.25;52.1325;30;5.45713;39.9797;30.5;75;300.622;281.315;276;330;275;275;568.432;568.142;50;276.236;;;1492.93;1;1
4280;0.25;52.2338;30;5.5225;40.1273;30.5;73;300.405;281.344;276;330;275;275;568.432;567.998;50;276.202;;;1492.93;1;1
4281;0.25;52.1325;30;5.45713;40.4225;30.5;71;300.333;281.344;276;330;275;275;568.576;567.998;50;276.185;;;1490.82;1;1
4282;0.25;52.1325;30;5.43892;40.5787;30.5;76;300.26;281.344;276;330;275;275;568.432;568.142;50;276.175;;;1488.71;1;1
4283;0.25;51.7274;30;5.41472;40.2575;30.5;78;299.855;281.344;276;330;275;275;568.432;568.142;50;276.167;;;1488.71;1;1
4284;0.25;51.522;30;5.41122;40.1823;30.5;88;299.913;281.308;276;330;275;275;568.576;568.287;50;276.162;;;1487.31;1;1
4285;0.25;51.6262;30;5.38609;40.0839;30.5;99;300.043;281.337;276;330;275;275;568.721;568.287;50;276.161;;;1485.9;1;1
4286;0.25;52.0312;30;5.42835;40.081;30.5;104;300.13;281.337;276;330;275;275;568.721;568.432;50;276.173;;;1485.2;1;1
4287;0.25;51.93;30;5.39964;40.0752;30.5;105;300.087;281.301;276;330;275;275;568.721;568.432;50;276.196;;;1484.12;1;1
4288;0.25;51.8287;30;5.37101;40.081;30.5;108;299.986;281.351;276;330;275;275;568.721;568.432;50;276.229;;;1484.12;1;1
4289;0.25;51.93;30;5.39964;40.0752;30.5;113;299.87;281.351;276;330;275;275;568.721;568.432;50;276.262;;;1484.12;1;1
4290;0.25;51.93;30;5.36336;39.9826;30.5;115;299.855;281.344;276;330;275;275;568.721;568.432;50;276.289;;;1484.12;1;1
4291;0.25;52.0341;30;5.3923;39.9797;30.5;111;299.971;281.337;276;330;275;275;568.721;568.432;50;276.313;;;1482.68;1;1
4292;0.25;51.7245;30;5.41442;40.1389;30.5;107;300.087;281.33;276;330;275;275;568.721;568.576;50;276.323;;;1482.61;1;1
4293;0.25;51.7245;30;5.32407;40.1852;30.5;106;300.116;281.387;276;330;275;275;568.721;568.432;50;276.324;;;1482.15;1;1
4294;0.25;51.7969;30;5.34962;39.9797;30.5;102;300.043;281.409;276;330;275;275;568.721;568.432;50;276.321;;;1482.15;1;1
4295;0.25;51.8287;30;5.38911;39.8756;30.5;91;299.942;281.409;276;330;275;275;568.721;568.287;50;276.309;;;1480.02;1;1
4296;0.25;51.7274;30;5.37858;40.1852;30.5;89;299.87;281.387;276;330;275;275;568.576;568.432;50;276.285;;;1480.02;1;1
4297;0.25;51.93;30;5.3815;40.2836;30.5;90;299.899;281.431;276;330;275;275;568.721;568.287;50;276.264;;;1476.51;1;1
4298;0.25;52.3438;30;5.44267;40.4572;30.5;85;299.986;281.424;276;330;275;275;568.721;568.432;50;276.236;;;1475.11;1;1
4299;0.25;51.93;30;5.36336;40.489;30.5;83;300.072;281.424;276;330;275;275;568.721;568.432;50;276.216;;;1474.41;1;1
4300;0.25;51.7911;30;5.36711;40.1823;30.5;82;300.116;281.431;276;330;275;275;568.721;568.287;50;276.211;;;1473.71;1;1
4301;0.25;52.0284;30;5.35535;40.081;30.5;86;300.058;281.402;276;330;275;275;568.721;568.287;50;276.201;;;1473.01;1;1
4302;0.25;51.8287;30;5.3529;40.2865;30.5;87;299.971;281.445;276;330;275;275;568.576;568.142;50;276.178;;;1473.01;1;1
4303;0.25;51.7245;30;5.34214;40.3877;30.5;89;299.884;281.445;276;330;275;275;568.432;568.142;50;276.149;;;1472.31;1;1
4304;0.25;51.8779;30;5.35798;40.3964;30.5;96;299.841;281.438;276;330;275;275;568.432;568.142;50;276.128;;;1471.87;1;1
4305;0.25;52.0312;30;5.37382;40.1823;30.5;100;299.986;281.409;276;330;275;275;568.432;568.142;50;276.104;;;1469.07;1;1
4306;0.25;51.9676;30;5.36725;39.7772;30.5;101;300.043;281.445;276;330;275;275;568.576;568.287;50;276.079;;;1468.37;1;1
4307;0.25;51.8229;30;5.3523;39.7743;30.5;104;300.116;281.445;276;330;275;275;568.721;568.432;50;276.069;;;1467.03;1;1
4308;0.25;51.7361;30;5.34334;39.8785;30.5;112;300.058;281.445;276;330;275;275;568.721;568.432;50;276.077;;;1466.33;1;1
4309;0.25;51.93;30;5.3815;39.9797;30.5;118;300.217;281.46;276;330;275;275;568.721;568.432;50;276.09;;;1464.93;1;1
4310;0.25;52.0312;30;5.31929;40.081;30.5;114;300.666;281.221;276;330;275;275;568.721;568.287;50;276.114;;;1464.93;1;1
4311;0.25;51.7245;30;5.26984;40.1823;30.5;107;300.637;281.207;276;330;275;275;568.721;568.432;50;276.135;;;1463.86;1;1
4312;0.25;51.8287;30;5.42533;39.8756;30.5;107;300.13;281.46;276;330;275;275;568.576;568.287;50;276.154;;;1463.86;1;1
4313;0.25;52.0312;30;5.35564;39.8785;30.6;109;300.203;281.46;276;330;275;275;568.576;568.287;50;276.17;;;1463.86;1;1
4314;0.25;52.0312;30;5.33747;40.081;30.5;112;300.362;281.431;276;330;275;275;568.721;568.432;50;276.174;;;1462.47;1;1
4315;0.25;52.037;30;5.37442;40.081;30.5;112;300.448;281.438;276;330;275;275;568.721;568.432;50;276.172;;;1461.73;1;1
4316;0.25;52.1296;30;5.31111;39.9797;30.6;113;300.883;281.17;276;330;275;275;568.721;568.432;50;276.164;;;1461.19;1;1
4317;0.25;52.2193;30;5.39325;39.9826;30.6;112;300.825;281.17;276;330;275;275;568.866;568.432;50;276.157;;;1460.49;1;1
4318;0.25;52.2222;30;5.3753;39.9797;30.6;109;300.709;281.17;276;330;275;275;568.866;568.576;50;276.15;;;1460.49;1;1
4319;0.25;52.3351;30;5.38692;39.9797;30.6;106;300.68;281.17;276;330;275;275;568.721;568.432;50;276.154;;;1459.89;1;1
4320;0.25;52.3351;30;5.4052;39.9797;30.6;98;300.883;281.17;276;330;275;275;568.721;568.432;50;276.171;;;1458.5;1;1
4321;0.25;52.4392;30;5.39764;40.2865;30.6;95;300.94;281.17;276;330;275;275;568.866;568.432;50;276.186;;;1458.5;1;1
4322;0.25;52.3322;30;5.38662;40.2836;30.6;89;301.056;281.17;276;330;275;275;568.721;568.576;50;276.199;;;1458.5;1;1
4323;0.25;52.1354;30;5.36637;39.9797;30.6;85;301.157;281.163;276;330;275;275;568.721;568.432;50;276.213;;;1457.8;1;1
4324;0.25;51.9329;30.1;5.67997;39.8785;30.6;83;301.128;281.17;276;330;275;275;568.721;568.287;50;276.223;;;1457.8;1;1
4325;0.25;52.0312;30.1;5.76343;39.8987;30.6;82;301.042;281.17;276;330;275;275;568.721;568.432;50;276.227;"KHP102      ";;1455.81;1;1
4326;0.25;52.228;30.1;5.694;40.081;30.6;77;300.94;281.17;276;330;275;275;568.576;568.287;50;276.231;;;1454.41;1;1
4327;0.25;52.2338;30.1;5.71288;40.0926;30.6;71;300.883;281.17;276;330;275;275;568.721;568.287;50;276.246;;;1453.13;1;1
4328;0.25;52.1325;30.1;5.73823;40.1823;30.6;69;300.969;281.17;276;330;275;275;568.576;568.142;50;276.274;;;1452.08;1;1
4329;0.25;52.1296;30.1;5.70149;40.2836;30.6;68;301.1;281.17;276;330;275;275;568.432;568.142;50;276.305;;;1449.99;1;1
4330;0.25;52.2656;30.1;5.71636;40.3848;30.6;65;301.157;281.178;276;330;275;275;568.576;568.142;50;276.326;;;1448.98;1;1
4331;0.25;52.2338;30.1;5.73113;40.2807;30.6;63;301.056;281.17;276;330;275;275;568.576;568.287;50;276.315;;;1447.58;1;1
4332;0.25;52.3351;30.1;5.74224;40.1823;30.6;60;300.94;281.17;276;330;275;275;568.576;568.142;50;276.271;;;1446.19;1;1
4333;0.25;52.0312;30.1;5.69073;40.081;30.6;52;300.883;281.17;276;330;275;275;568.576;568.287;50;276.211;;;1445.49;1;1
4334;0.25;52.1325;30.1;5.68359;40.489;30.6;51;300.911;281.17;276;330;275;275;568.721;568.432;50;276.152;;;1444.91;1;1
4335;0.25;51.8866;30.1;5.6749;40.5353;30.6;52;301.042;281.17;276;330;275;275;569.01;568.576;50;276.084;;;1443.52;1;1
4336;0.25;52.1354;30.1;5.70212;40.1968;30.6;55;300.854;281.17;276;330;275;275;568.866;568.721;50;276.014;;;1442.83;1;1
4337;0.25;52.1325;30.1;5.7018;39.8785;30.6;59;300.897;281.17;276;330;275;275;569.01;568.576;50;275.948;;;1442.83;1;1
4338;0.25;52.0312;30.1;5.72708;39.9797;30.6;75;300.883;281.17;276;330;275;275;568.866;568.432;50;275.886;;;1442.83;1;1
4339;0.25;51.93;30.1;5.66151;40.0203;30.6;91;300.81;281.17;276;330;275;275;568.721;568.432;50;275.832;;;1442.13;1;1
4340;0.25;51.93;30.1;5.67965;40.0955;30.6;110;299.942;281.163;276;330;275;275;568.576;568.287;50;275.774;;;1442.13;1;1
4341;0.25;51.8258;30.1;5.66826;40.3877;30.6;126;299.884;281.163;276;330;275;275;568.576;568.142;50;275.729;;;1442.13;1;1
4342;0.25;51.93;30.1;5.69779;40.2836;30.6;145;299.884;281.17;276;330;275;275;568.576;568.142;50;275.707;;;1440.69;1;1
4343;0.25;51.9271;30.1;5.67933;40.2459;30.6;161;299.971;281.17;276;330;275;275;568.576;568.142;50;275.71;;;1440.69;1;1
4344;0.25;52.0312;30.1;5.67255;40.1823;30.6;174;300.188;281.351;276;330;275;275;568.432;567.998;50;275.725;;;1439.41;1;1
4345;0.25;52.1325;30.1;5.73823;40.1823;30.6;185;300.116;281.185;276;330;275;275;568.576;568.287;50;275.747;;;1438.72;1;1
4346;0.25;51.9531;30.1;5.66403;40.081;30.6;197;300.014;281.344;276;330;275;275;568.432;568.287;50;275.777;;;1438.72;1;1
4347;0.25;52.0428;30.1;5.67381;40.1013;30.6;204;299.928;281.185;276;330;275;275;568.721;568.287;50;275.81;;;1437.49;1;1
4348;0.25;52.1325;30.1;5.68359;40.081;30.6;203;299.87;281.178;276;330;275;275;568.721;568.432;50;275.82;;;1435.41;1;1
4349;0.25;51.9387;30.1;5.73503;40.081;30.6;203;299.87;281.178;276;330;275;275;568.721;568.432;50;275.83;;;1435.41;1;1
4350;0.25;52.1325;30.1;5.73823;40.1823;30.6;205;300.637;281.344;276;330;275;275;568.721;568.287;50;275.828;;;1435.41;1;1
4351;0.25;52.4392;30.1;5.71703;40.2836;30.6;201;300.767;281.445;276;330;275;275;568.576;568.287;50;275.797;;;1434.71;1;1
4352;0.25;52.1325;30.1;5.68359;40.1823;30.6;192;301.157;281.055;276;330;275;275;568.576;568.287;50;275.756;;;1434.02;1;1
4353;0.25;52.2309;30.1;5.69432;40.1881;30.6;185;301.1;281.055;276;330;275;275;568.576;568.287;50;275.713;;;1434.02;1;1
4354;0.25;52.2338;30.1;5.69463;40.489;30.6;183;301.606;281.055;276;330;275;275;568.576;568.287;50;275.674;;;1431.94;1;1
4355;0.25;51.956;30.1;5.66435;40.5903;30.6;179;301.534;281.055;276;330;275;275;568.576;568.287;50;275.627;;;1431.24;1;1
4356;0.25;51.9039;30.1;5.6768;40.489;30.6;170;301.924;281.055;276;330;275;275;568.432;568.142;50;275.588;;;1430.55;1;1
4357;0.25;51.9271;30.1;5.67933;40.1823;30.6;168;302.561;281.055;276;330;275;275;568.287;567.998;50;275.566;;;1428.53;1;1
4358;0.25;52.1325;30.1;5.73823;40.3501;30.6;168;302.821;281.055;276;330;275;275;568.287;567.853;50;275.563;;;1427.14;1;1
4359;0.25;52.1499;30.1;5.74014;40.4861;30.6;169;303.197;281.055;276;330;275;275;568.142;567.853;50;275.577;;;1427.14;1;1
4360;0.25;52.1325;30.1;5.73823;40.3877;30.6;163;303.834;281.055;276;330;275;275;568.287;567.998;50;275.592;;;1426.45;1;1
4361;0.25;51.9271;30.1;5.69747;40.1823;30.7;158;303.805;281.055;276;330;275;275;568.287;567.998;50;275.609;;;1425.75;1;1
4362;0.25;52.1528;30.1;5.72224;40.081;30.7;158;304.036;281.221;276;330;275;275;568.432;568.142;50;275.633;;;1425.18;1;1
4363;0.25;52.4421;30.2;6.07339;39.9797;30.7;157;303.979;281.055;276;330;275;275;568.576;568.287;50;275.662;;;1423.1;1;1
4364;0.25;52.2598;30.2;6.03403;39.8785;30.7;148;304.861;281.055;276;330;275;275;568.576;568.287;50;275.706;;;1421.71;1;1
4365;0.25;52.1499;30.2;6.03955;40.1562;30.7;132;304.962;281.055;276;330;275;275;568.576;568.287;50;275.747;;;1421.02;1;1
4366;0.25;52.6273;30.2;6.11323;40.2951;30.7;113;305.252;281.055;276;330;275;275;568.576;568.287;50;275.797;;;1420.33;1;1
4367;0.25;52.6186;30.2;6.09384;40.489;30.7;101;305.179;281.055;276;330;275;275;568.432;568.142;50;275.843;;;1420.33;1;1
4368;0.25;52.5405;30.2;6.10314;40.4861;30.7;88;305.917;281.055;276;330;275;275;568.576;568.142;50;275.875;;;1419.64;1;1
4369;0.25;52.3351;30.2;6.07928;40.2836;30.7;78;305.83;281.055;276;330;275;275;568.576;568.142;50;275.897;;;1418.98;1;1
4370;0.25;52.309;30.2;6.05798;40.1823;30.7;65;306.033;281.055;276;330;275;275;568.721;568.287;50;275.91;;;1417.59;1;1
4371;0.25;52.3206;30.2;6.0776;40.1823;30.8;49;306.12;281.055;276;330;275;275;568.721;568.432;50;275.915;;;1417.59;1;1
4372;0.25;52.7431;30.3;6.42948;40.1823;30.8;35;306.236;281.055;276;330;275;275;568.576;568.287;50;275.913;;;1416.21;1;1
4373;0.25;52.8472;30.3;6.49756;40.3877;30.8;27;306.308;281.055;276;330;275;275;568.721;568.432;50;275.909;;;1415.52;1;1
4374;0.25;52.6302;30.3;6.47088;40.3848;30.8;21;306.221;281.055;276;330;275;275;568.721;568.432;50;275.897;"KHP102      ";;1415.52;1;1
4375;0.25;52.3351;30.3;6.39803;40.2836;30.8;0;306.149;281.055;276;330;275;275;568.576;568.142;50;275.896;;;1414.14;1;1
4376;0.25;52.5405;30.3;6.42314;40.3877;30.8;0;306.062;281.055;276;330;275;275;568.576;568.287;50;275.891;;;1412.06;1;1
4377;0.25;52.4392;30.3;6.41076;40.5903;30.8;0;306.033;281.055;276;330;275;275;568.576;568.142;50;275.893;;;1411.37;1;1
4378;0.25;52.1325;30.3;6.39148;40.4282;30.8;0;305.874;281.055;276;330;275;275;568.432;568.142;50;275.905;;;1409.52;1;1
4379;0.25;52.6128;30.3;6.45037;40.1678;30.8;0;305.961;281.055;276;330;275;275;568.432;567.998;50;275.916;;;1409.52;1;1
4380;0.25;52.6389;30.3;6.43517;40.3877;30.8;0;306.019;281.055;276;330;275;275;568.432;568.142;50;275.918;;;1409.52;1;1
4381;0.25;52.7431;30.4;6.78757;40.5903;30.8;1;305.252;281.055;276;330;275;275;568.432;567.998;50;275.916;;;1409.52;1;1
4382;0.25;52.581;30.4;6.78509;40.3877;30.8;7;304.905;281.163;276;330;275;275;568.287;568.142;50;275.904;;;1408.83;1;1
4383;0.25;52.338;30.4;6.75372;40.3443;30.8;12;304.861;281.163;276;330;275;275;568.287;567.998;50;275.893;;;1407.59;1;1
4384;0.25;52.4566;30.4;6.75071;40.1794;30.7;20;304.022;281.17;276;330;275;275;568.287;567.998;50;275.869;;;1406.9;1;1
4385;0.25;52.5463;30.4;6.70715;39.9797;30.7;33;303.747;281.17;276;330;275;275;568.432;567.998;50;275.844;;;1406.21;1;1
4386;0.25;52.7431;30.4;6.75072;40.2836;30.7;47;303.819;281.17;276;330;275;275;568.287;567.998;50;275.819;;;1405.52;1;1
4387;0.25;52.2743;30.4;6.72725;40.3877;30.7;62;303.111;281.17;276;330;275;275;568.432;568.142;50;275.796;;;1403.45;1;1
4388;0.25;52.2338;30.4;6.75853;40.2836;30.7;78;302.966;281.17;276;330;275;275;568.432;568.287;50;275.78;;;1403.45;1;1
4389;0.25;52.1325;30.4;6.69079;40.3877;30.7;90;302.127;281.395;276;330;275;275;568.576;568.287;50;275.771;;;1402.08;1;1
4390;0.25;52.3351;30.4;6.73507;40.3877;30.6;109;302.011;281.395;276;330;275;275;568.576;568.142;50;275.757;"KHP102      ";;1402.08;1;1
4391;0.25;52.4306;30.4;6.71072;40.2836;30.6;124;301.201;281.395;276;330;275;275;568.432;568.142;50;275.733;;;1400.7;1;1
4392;0.25;51.8316;30.3;6.31837;40.2836;30.6;138;301.172;281.409;276;330;275;275;568.432;568.142;50;275.715;;;1400.01;1;1
4393;0.25;51.8663;30.3;6.2501;40.489;30.6;156;300.926;281.387;276;330;275;275;568.432;567.998;50;275.71;;;1400.01;1;1
4394;0.25;52.1325;30.3;6.33684;40.489;30.6;159;301.056;281.395;276;330;275;275;568.432;568.142;50;275.725;;;1398.86;1;1
4395;0.25;52.0312;30.3;6.32453;40.3877;30.6;165;300.333;281.402;276;330;275;275;568.432;568.142;50;275.747;;;1396.7;1;1
4396;0.25;51.93;30.3;6.29406;40.3791;30.5;189;300.391;281.387;276;330;275;275;568.432;568.142;50;275.784;;;1396.7;1;1
4397;0.25;51.93;30.3;6.31222;40.2836;30.5;201;300.362;281.395;276;330;275;275;568.432;567.998;50;275.824;;;1395.33;1;1
4398;0.25;52.0312;30.3;6.30633;40.3848;30.5;192;300.318;281.373;276;330;275;275;568.432;568.142;50;275.877;;;1394.64;1;1
4399;0.25;52.1325;30.3;6.33684;40.3877;30.5;191;300.246;281.351;276;330;275;275;568.432;567.998;50;275.937;;;1394.64;1;1
4400;0.25;52.6418;30.3;6.36194;40.489;30.5;192;300.13;281.373;276;330;275;275;568.432;567.998;50;275.991;;;1394.64;1;1
4401;0.25;52.9485;30.3;6.45452;40.5903;30.5;185;300.13;281.38;276;330;275;275;568.432;567.998;50;276.014;"KHP102      ";;1393.26;1;1
4402;0.25;52.6418;30.3;6.39875;40.3877;30.5;174;300.94;281.366;276;330;275;275;568.432;567.998;50;276.016;;;1392.58;1;1
4403;0.25;52.4392;30.3;6.37412;40.489;30.5;153;301.114;281.359;276;330;275;275;568.432;567.998;50;276.006;;;1391.46;1;1
4404;0.25;52.6534;30.3;6.38173;40.3848;30.5;145;301.157;281.395;276;330;275;275;568.576;568.142;50;275.994;;;1390.78;1;1
4405;0.25;52.4392;30.3;6.35578;40.2836;30.5;135;301.447;281.38;276;330;275;275;568.432;568.142;50;275.976;;;1390.09;1;1
4406;0.25;52.4711;30.3;6.35964;40.1823;30.5;125;301.374;281.402;276;330;275;275;568.432;568.142;50;275.949;;;1388.84;1;1
4407;0.25;52.636;30.3;6.34285;40.2836;30.5;114;302.04;281.402;276;330;275;275;568.432;567.998;50;275.923;;;1388.15;1;1
4408;0.25;52.5376;30.3;6.331;40.6916;30.5;108;301.866;281.315;276;330;275;275;568.287;567.998;50;275.91;;;1388.15;1;1
4409;0.25;52.3756;30.3;6.36639;40.5903;30.5;100;301.953;281.337;276;330;275;275;568.287;567.853;50;275.902;;;1388.15;1;1
4410;0.25;52.1846;30.3;6.28846;40.2836;30.5;97;302.821;281.279;276;330;275;275;568.142;567.853;50;275.9;;;1386.64;1;1
4411;0.25;52.2107;30.3;6.2916;39.9769;30.5;96;302.894;281.33;276;330;275;275;568.287;567.998;50;275.884;;;1385.96;1;1
4412;0.25;52.5521;30.3;6.36946;39.8872;30.6;88;302.821;281.322;276;330;275;275;568.142;567.853;50;275.859;;;1385.27;1;1
4413;0.25;52.7402;30.3;6.31856;39.9797;30.6;84;303.139;281.315;276;330;275;275;567.998;567.708;50;275.832;;;1383.21;1;1
4414;0.25;52.6418;30.3;6.38033;39.9797;30.6;90;303.038;281.308;276;330;275;275;567.998;567.564;50;275.797;;;1381.62;1;1
4415;0.25;52.3351;30.3;6.30659;39.9508;30.6;85;302.995;281.424;276;330;275;275;568.142;567.708;50;275.785;;;1381.62;1;1
4416;0.25;52.1325;30.3;6.28218;40.081;30.6;87;302.937;281.438;276;330;275;275;568.142;567.853;50;275.792;;;1378.88;1;1
4417;0.25;52.3843;30.3;6.27592;40.081;30.6;88;303.024;281.445;276;330;275;275;568.142;567.853;50;275.816;;;1378.2;1;1
4418;0.25;52.3351;30.3;6.30659;39.8785;30.6;88;303.154;281.453;276;330;275;275;568.142;567.853;50;275.829;;;1378.2;1;1
4419;0.25;52.1557;30.3;6.21209;39.8785;30.6;93;303.212;281.438;276;330;275;275;568.287;567.998;50;275.824;;;1378.2;1;1
4420;0.25;52.0312;30.3;6.2518;39.8756;30.6;99;303.096;281.185;276;330;275;275;568.287;567.998;50;275.807;;;1377.51;1;1
4421;0.25;52.3611;30.3;6.23656;40.081;30.6;98;303.067;281.46;276;330;275;275;568.287;567.998;50;275.784;;;1377.51;1;1
4422;0.25;52.5405;30.3;6.33135;39.8785;30.6;97;302.966;281.46;276;330;275;275;568.432;567.998;50;275.768;;;1375.46;1;1
4423;0.25;52.3032;30.3;6.30275;39.8785;30.6;100;302.951;281.438;276;330;275;275;568.287;567.853;50;275.765;;;1374.36;1;1
4424;0.25;52.0312;30.3;6.26998;40.081;30.6;105;303.096;281.438;276;330;275;275;568.287;567.853;50;275.775;;;1374.36;1;1
4425;0.25;52.4392;30.3;6.31914;39.9797;30.6;105;303.212;281.46;276;330;275;275;568.287;567.853;50;275.776;;;1373.11;1;1
4426;0.25;52.5405;30.3;6.29464;39.7743;30.6;107;303.168;281.46;276;330;275;275;568.287;567.853;50;275.767;;;1371.17;1;1
4427;0.25;52.6418;30.3;6.28838;40.081;30.6;113;303.067;281.445;276;330;275;275;568.142;567.708;50;275.76;;;1371.17;1;1
4428;0.25;52.4566;30.3;6.28458;40.081;30.6;112;302.937;281.185;276;330;275;275;568.142;567.708;50;275.75;;;1370.48;1;1
4429;0.25;52.6418;30.3;6.30677;40.0839;30.6;111;302.937;281.445;276;330;275;275;568.142;567.853;50;275.757;;;1370.46;1;1
4430;0.25;52.5405;30.3;6.31299;40.0666;30.6;115;303.082;281.207;276;330;275;275;568.142;567.708;50;275.773;;;1369.78;1;1
4431;0.25;52.2338;30.3;6.27614;40.1823;30.5;120;303.183;281.207;276;330;275;275;568.142;567.708;50;275.786;;;1369.09;1;1
4432;0.25;52.1325;30.3;6.22755;40.1823;30.5;113;303.168;281.178;276;330;275;275;568.142;567.853;50;275.795;;;1367.73;1;1
4433;0.25;52.0312;30.3;6.23362;40.0608;30.5;115;303.053;281.163;276;330;275;275;568.142;567.853;50;275.807;;;1367.04;1;1
4434;0.25;52.1094;30.3;6.22478;40.0868;30.5;118;302.966;281.199;276;330;275;275;568.142;567.853;50;275.831;;;1364.99;1;1
4435;0.25;52.1325;30.3;6.22755;39.9797;30.5;116;302.937;281.192;276;330;275;275;568.287;567.998;50;275.861;;;1364.31;1;1
4436;0.25;52.338;30.3;6.27037;39.7772;30.5;113;303.067;281.17;276;330;275;275;568.287;567.853;50;275.888;;;1363.63;1;1
4437;0.25;52.7431;30.3;6.30048;39.8785;30.5;111;303.183;281.17;276;330;275;275;568.287;567.853;50;275.91;;;1363.63;1;1
4438;0.25;52.6418;30.3;6.32516;40.0839;30.5;109;303.197;281.17;276;330;275;275;568.142;567.853;50;275.935;;;1362.94;1;1
4439;0.25;52.338;30.3;6.25209;40.1765;30.5;103;303.111;281.192;276;330;275;275;568.287;567.853;50;275.974;;;1361.58;1;1
4440;0.25;52.3524;30.3;6.25382;40.1852;30.5;96;303.009;281.17;276;330;275;275;568.142;567.853;50;276.025;;;1360.85;1;1
4441;0.25;52.1325;30.3;6.20933;40.081;30.5;95;302.966;281.409;276;330;275;275;567.998;567.708;50;276.058;;;1360.17;1;1
4442;0.25;52.2338;30.3;6.2214;40.1823;30.5;89;303.096;281.395;276;330;275;275;568.142;567.853;50;276.096;;;1360.17;1;1
4443;0.25;52.338;30.3;6.2338;40.081;30.5;80;303.197;281.192;276;330;275;275;568.142;567.708;50;276.142;;;1360.17;1;1
4444;0.25;51.9444;30.3;6.20508;40.1823;30.5;71;303.183;281.402;276;330;275;275;568.142;567.853;50;276.183;;;1358.12;1;1
4445;0.25;51.8287;30.3;6.17315;40.081;30.5;65;303.067;281.402;276;330;275;275;568.287;567.853;50;276.219;;;1356.31;1;1
4446;0.25;52.338;30.3;6.25209;39.9797;30.5;53;302.966;281.416;276;330;275;275;568.142;567.853;50;276.245;;;1356.31;1;1
4447;0.25;52.4392;30.3;6.30082;39.9797;30.5;43;302.937;281.409;276;330;275;275;568.287;567.853;50;276.266;;;1354.26;1;1
4448;0.25;52.5232;30.3;6.25586;39.9797;30.5;34;303.024;281.402;276;330;275;275;568.142;567.853;50;276.262;;;1354.26;1;1
4449;0.25;52.6418;30.3;6.26999;40.0608;30.5;25;303.154;281.402;276;330;275;275;568.142;567.853;50;276.242;"KHP102      ";;1354.26;1;1
4450;0.25;52.4392;30.3;6.24587;40.0376;30.5;0;303.197;281.402;276;330;275;275;568.142;567.708;50;276.211;;;1352.58;1;1
4451;0.25;52.3351;30.3;6.23346;40.1823;30.5;0;303.168;281.17;276;330;275;275;568.142;567.853;50;276.187;;;1351.9;1;1
4452;0.25;52.1354;30.3;6.15501;40.2836;30.5;0;302.532;281.38;276;330;275;275;568.142;567.853;50;276.16;;;1351.22;1;1
4453;0.25;52.2946;30.3;6.13727;40.081;30.5;0;302.474;281.366;276;330;275;275;568.142;567.998;50;276.13;;;1347.82;1;1
4454;0.25;52.7431;30.3;6.22675;39.9797;30.5;2;302.532;281.351;276;330;275;275;568.287;567.853;50;276.11;;;1347.82;1;1
4455;0.25;52.4392;30.3;6.20923;39.9855;30.5;4;301.939;281.214;276;330;275;275;568.287;567.853;50;276.097;;;1347.82;1;1
4456;0.25;52.5405;30.3;6.23957;40.0145;30.5;10;302.054;281.228;276;330;275;275;568.287;567.998;50;276.091;;;1345.5;1;1
4457;0.25;52.3872;30.3;6.20306;40.0781;30.5;17;301.374;281.445;276;330;275;275;568.432;568.142;50;276.102;;;1345.5;1;1
4458;0.25;52.4392;30.3;6.24587;39.8785;30.5;30;301.36;281.445;276;330;275;275;568.432;567.998;50;276.136;;;1345.5;1;1
4459;0.25;52.2859;30.3;6.17278;39.9797;30.5;43;301.027;281.453;276;330;275;275;568.432;567.998;50;276.172;;;1343.54;1;1
4460;0.25;52.5;30.3;6.21642;39.9797;30.5;56;300.101;281.409;276;330;275;275;568.432;568.142;50;276.199;;;1342.86;1;1
4461;0.25;52.338;30.2;5.82359;39.9797;30.4;70;300.101;281.453;276;330;275;275;568.432;567.998;50;276.211;;;1342.86;1;1
4462;0.25;52.0255;30.2;5.75247;39.9797;30.4;79;299.942;281.243;276;330;275;275;568.432;567.998;50;276.221;;;1342.86;1;1
4463;0.25;52.1354;30.2;5.80105;39.9797;30.4;82;299.971;281.25;276;330;275;275;568.287;567.998;50;276.233;;;1340.82;1;1
4464;0.25;52.1325;30.2;5.78252;40.0839;30.4;88;299.855;281.243;276;330;275;275;568.432;567.998;50;276.244;;;1340.82;1;1
4465;0.25;52.6794;30.2;5.86158;39.8785;30.4;93;299.117;281.257;276;330;275;275;568.432;567.998;50;276.268;;;1338.78;1;1
4466;0.25;52.6418;30.2;5.8942;39.9797;30.4;104;299.002;281.221;276;330;275;275;568.432;568.142;50;276.294;;;1338.78;1;1
4467;0.25;52.4508;30.2;5.83615;40.1823;30.4;106;298.958;281.221;276;330;275;275;568.576;568.142;50;276.312;;;1338.78;1;1
4468;0.25;52.6418;30.2;5.87579;40.1823;30.3;107;298.727;281.214;276;330;275;275;568.576;568.142;50;276.334;;;1338.78;1;1
4469;0.25;52.5723;30.2;5.8313;40.2836;30.3;102;298.582;281.228;276;330;275;275;568.576;568.142;50;276.352;;;1337.73;1;1
4470;0.25;52.4392;30.1;5.47883;40.2836;30.3;106;298.655;281.214;276;330;275;275;568.432;567.998;50;276.358;;;1336.38;1;1
4471;0.25;52.5405;30.1;5.48941;40.1823;30.3;113;298.756;281.207;276;330;275;275;568.287;567.998;50;276.357;;;1336.38;1;1
4472;0.25;52.5405;30.1;5.50777;40.081;30.3;104;298.828;281.207;276;330;275;275;568.287;567.853;50;276.364;;;1334.05;1;1
4473;0.25;52.4392;30.1;5.40556;40.1823;30.3;96;298.872;281.214;276;330;275;275;568.287;567.998;50;276.377;;;1333.37;1;1
4474;0.25;52.2338;30.1;5.40263;40.2257;30.3;97;298.872;281.207;276;330;275;275;568.432;568.142;50;276.391;;;1332.69;1;1
4475;0.25;52.0312;30.1;5.38168;40.3848;30.3;93;298.799;281.207;276;330;275;275;568.432;567.998;50;276.414;;;1331.4;1;1
4476;0.25;52.2338;30.1;5.42087;40.3848;30.3;84;298.727;281.207;276;330;275;275;568.287;568.142;50;276.444;;;1330.72;1;1
4477;0.25;52.7431;30.1;5.4553;40.3501;30.3;76;298.669;281.207;276;330;275;275;568.432;567.998;50;276.474;;;1330.72;1;1
4478;0.25;52.4392;30.1;5.46051;40.2836;30.3;72;298.626;281.199;276;330;275;275;568.287;567.853;50;276.5;;;1329.37;1;1
4479;0.25;52.173;30.1;5.39634;40.2836;30.3;67;298.597;281.199;276;330;275;275;568.287;567.853;50;276.498;;;1329.37;1;1
4480;0.25;52.3351;30;5.05778;40.3848;30.3;65;298.683;281.199;276;330;275;275;568.432;567.998;50;276.471;;;1329.37;1;1
4481;0.25;52.3351;30;5.05778;40.2836;30.3;62;298.756;281.192;276;330;275;275;568.432;567.998;50;276.421;;;1326.66;1;1
4482;0.25;52.4392;30;5.04953;40.2083;30.3;59;298.828;281.185;276;330;275;275;568.576;568.142;50;276.374;;;1326.66;1;1
4483;0.25;52.4392;30;5.08616;40.1128;30.3;58;298.872;281.185;276;330;275;275;568.432;568.142;50;276.333;;;1326.66;1;1
4484;0.25;52.2338;30;5.02974;39.9508;30.3;63;298.264;281.395;276;330;275;275;568.432;568.142;50;276.31;;;1325.98;1;1
4485;0.25;52.8443;30;5.07007;39.9797;30.3;70;298.177;281.395;276;330;275;275;568.432;568.142;50;276.302;;;1325.3;1;1
4486;0.25;52.8443;30;5.07007;40.081;30.3;79;298.105;281.402;276;330;275;275;568.576;568.287;50;276.302;;;1323.64;1;1
4487;0.25;52.5405;30;5.02254;40.1823;30.3;85;298.047;281.416;276;330;275;275;568.576;568.287;50;276.302;;;1322.03;1;1
4488;0.25;52.4392;30;5.03121;40.0955;30.3;91;297.888;281.416;276;330;275;275;568.721;568.432;50;276.287;;;1321.36;1;1
4489;0.25;52.6418;30;5.05064;39.7743;30.3;92;297.946;281.163;276;330;275;275;568.721;568.432;50;276.266;;;1320.68;1;1
4490;0.25;52.3351;30;5.02121;39.8785;30.3;98;298.061;281.17;276;330;275;275;568.866;568.432;50;276.241;;;1320;1;1
4491;0.25;52.1788;30;4.98797;40.081;30.3;104;298.032;281.17;276;330;275;275;568.866;568.432;50;276.228;;;1319.33;1;1
4492;0.25;52.4768;30;4.96146;39.8322;30.3;112;297.931;281.17;276;330;275;275;568.721;568.432;50;276.225;;;1318.65;1;1
4493;0.25;52.5405;30;5.00419;39.6586;30.3;115;297.83;281.17;276;330;275;275;568.721;568.287;50;276.211;;;1316.65;1;1
4494;0.25;52.5405;30;4.98584;39.7772;30.3;119;297.801;281.178;276;330;275;275;568.576;568.287;50;276.19;;;1315.31;1;1
4495;0.25;52.4392;30;4.99454;39.7772;30.3;126;297.917;281.178;276;330;275;275;568.576;568.287;50;276.179;;;1314.89;1;1
4496;0.25;52.5434;30;4.96775;39.6904;30.3;135;298.047;281.178;276;330;275;275;568.576;568.142;50;276.188;;;1313.54;1;1
4497;0.25;52.6418;30;4.97706;39.9797;30.3;134;298.076;281.185;276;330;275;275;568.721;568.287;50;276.209;;;1312.19;1;1
4498;0.25;52.4363;30;4.93931;39.9797;30.4;135;298.003;281.185;276;330;275;275;568.576;568.287;50;276.232;;;1312.19;1;1
4499;0.25;52.3351;30;4.89321;39.9797;30.3;139;298.51;281.178;276;330;275;275;568.576;568.287;50;276.262;;;1311.51;1;1
4500;0.25;52.5405;29.9;4.59241;40.1765;30.3;142;298.438;281.185;276;330;275;275;568.721;568.287;50;276.289;;;1311.51;1;1
4501;0.25;52.1325;29.9;4.57496;40.081;30.4;140;298.438;281.185;276;330;275;275;568.576;568.287;50;276.313;"KHP102      ";;1311.51;1;1
4502;0.25;52.1615;29.9;4.52283;40.081;30.4;130;298.264;281.445;276;330;275;275;568.721;568.432;50;276.323;;;1309.49;1;1
4503;0.25;52.338;29.9;4.59299;40.081;30.4;122;299.045;281.445;276;330;275;275;568.721;568.287;50;276.321;;;1309.49;1;1
4504;0.25;52.445;29.9;4.51075;40.2807;30.4;113;299.117;281.445;276;330;275;275;568.721;568.432;50;276.317;;;1309.49;1;1
4505;0.25;52.4537;29.9;4.52985;40.1736;30.4;99;299.089;281.199;276;330;275;275;568.721;568.432;50;276.306;;;1307.47;1;1
4506;0.25;52.6418;29.9;4.56448;40.0723;30.4;97;298.973;281.207;276;330;275;275;568.721;568.432;50;276.286;;;1307.47;1;1
4507;0.25;52.9485;29.9;4.62807;40.2199;30.4;96;299.19;281.438;276;330;275;275;568.721;568.287;50;276.263;;;1307.47;1;1
4508;0.25;52.6418;29.9;4.56448;40.1823;30.4;80;299.204;281.431;276;330;275;275;568.576;568.142;50;276.24;;;1305.33;1;1
4509;0.25;52.39;29.9;4.52435;39.9797;30.4;73;299.291;281.431;276;330;275;275;568.432;568.142;50;276.212;;;1305.33;1;1
4510;0.25;52.2338;29.9;4.47434;39.8785;30.4;73;299.349;281.424;276;330;275;275;568.287;568.142;50;276.177;;;1305.31;1;1
4511;0.25;52.3611;29.9;4.52185;39.9797;30.4;79;300.116;281.416;276;330;275;275;568.432;568.142;50;276.138;;;1302.85;1;1
4512;0.25;52.4363;29.9;4.45505;39.9797;30.4;83;300.188;281.416;276;330;275;275;568.432;568.142;50;276.099;;;1302.12;1;1
4513;0.25;52.4392;29.9;4.49194;40.081;30.5;76;300.145;281.409;276;330;275;275;568.432;568.142;50;276.054;;;1302.12;1;1
4514;0.25;52.5405;29.9;4.5557;39.8756;30.5;78;300.043;281.409;276;330;275;275;568.432;568.142;50;276.015;;;1300.88;1;1
4515;0.25;52.4363;29.9;4.49169;39.9334;30.5;90;299.971;281.402;276;330;275;275;568.576;568.142;50;275.99;;;1300.88;1;1
4516;0.25;52.4392;30;4.79301;40.1823;30.5;96;299.899;281.395;276;330;275;275;568.432;568.142;50;275.978;;;1300.2;1;1
4517;0.25;52.6157;30;4.80914;40.2807;30.5;105;299.986;281.395;276;330;275;275;568.432;568.142;50;275.985;;;1298.86;1;1
4518;0.25;52.2338;30;4.77423;40.1823;30.5;117;300.101;281.207;276;330;275;275;568.432;568.142;50;276.004;;;1298.86;1;1
4519;0.25;51.9329;30;4.71044;40.0781;30.5;121;300.159;281.207;276;330;275;275;568.432;568.142;50;276.015;;;1298.19;1;1
4520;0.25;52.3351;30;4.76521;40.081;30.5;127;300.058;281.207;276;330;275;275;568.576;568.142;50;276.024;;;1297.52;1;1
4521;0.25;52.4363;30;4.81106;40.2836;30.5;130;299.942;281.192;276;330;275;275;568.576;568.287;50;276.029;;;1295.5;1;1
4522;0.25;52.5463;30;4.80279;40.2836;30.5;135;300.666;281.185;276;330;275;275;568.721;568.287;50;276.036;;;1295.5;1;1
4523;0.25;52.4392;30;4.77469;40.1823;30.5;124;300.651;281.185;276;330;275;275;568.576;568.142;50;276.055;;;1294.72;1;1
4524;0.25;52.1296;30;4.78292;40.1823;30.5;115;300.68;281.178;276;330;275;275;568.576;568.287;50;276.072;;;1293.38;1;1
4525;0.25;52.0312;30;4.71937;40.1823;30.5;119;300.767;281.178;276;330;275;275;568.721;568.432;50;276.085;;;1293.38;1;1
4526;0.25;52.338;30;4.78375;40.1794;30.5;121;300.883;281.178;276;330;275;275;568.721;568.432;50;276.1;;;1291.79;1;1
4527;0.25;52.2338;30;4.73774;40.1765;30.5;121;300.926;281.178;276;330;275;275;568.721;568.432;50;276.108;;;1290.45;1;1
4528;0.25;52.3409;30;4.74745;40.1071;30.5;119;300.883;281.185;276;330;275;275;568.721;568.432;50;276.108;;;1290.45;1;1
4529;0.25;52.5405;30;4.76556;40.0839;30.5;114;301.085;281.568;276;330;275;275;568.866;568.432;50;276.102;;;1289.11;1;1
4530;0.25;52.4363;30;4.75611;40.081;30.5;115;300.911;281.547;276;330;275;275;568.721;568.287;50;276.091;;;1287.77;1;1
4531;0.25;52.338;30;4.76547;40.2836;30.6;104;300.897;281.366;276;330;275;275;568.721;568.287;50;276.075;;;1286.43;1;1
4532;0.25;52.4334;30;4.73753;40.1823;30.6;96;300.998;281.373;276;330;275;275;568.721;568.287;50;276.055;;;1285.76;1;1
4533;0.25;52.2338;30;4.70124;40.0926;30.6;87;300.998;281.561;276;330;275;275;568.721;568.432;50;276.037;;;1285.02;1;1
4534;0.25;52.3351;30;4.78349;40.081;30.6;91;301.128;281.561;276;330;275;275;568.721;568.432;50;276.022;;;1285.02;1;1
4535;0.25;52.5347;30;4.78338;39.9797;30.6;92;301.403;281.547;276;330;275;275;568.576;568.432;50;276.007;;;1283.68;1;1
4536;0.25;52.2367;30;4.7015;40.1534;30.6;91;301.302;281.583;276;330;275;275;568.576;568.287;50;275.986;;;1282.51;1;1
4537;0.25;52.4392;30;4.77469;40.2836;30.6;82;301.23;281.583;276;330;275;275;568.576;568.287;50;275.97;;;1282.51;1;1
4538;0.25;52.338;30;4.71062;40.2836;30.6;83;301.186;281.547;276;330;275;275;568.576;568.287;50;275.957;;;1281.84;1;1
4539;0.25;52.2338;30;4.70124;40.2836;30.6;92;301.157;281.547;276;330;275;275;568.576;568.142;50;275.942;;;1281.17;1;1
4540;0.25;52.0544;30;4.6851;40.1823;30.6;91;301.172;281.59;276;330;275;275;568.432;567.998;50;275.925;;;1281.17;1;1
4541;0.25;52.5405;30;4.71049;40.1823;30.6;92;301.23;281.59;276;330;275;275;568.432;567.998;50;275.918;;;1279.83;1;1
4542;0.25;52.6418;30;4.75635;40.1823;30.6;93;301.345;281.59;276;330;275;275;568.432;567.998;50;275.906;;;1279.55;1;1
4543;0.25;52.4392;30;4.66475;40.081;30.6;99;301.403;281.547;276;330;275;275;568.432;568.142;50;275.894;;;1279.55;1;1
4544;0.25;52.5405;30;4.67376;39.8785;30.6;100;301.374;281.547;276;330;275;275;568.576;568.142;50;275.894;;;1277.54;1;1
4545;0.25;52.4363;30;4.64618;39.9797;30.6;100;301.273;281.583;276;330;275;275;568.721;568.287;50;275.901;;;1275.07;1;1
4546;0.25;52.338;30;4.69233;39.8727;30.6;105;301.23;281.59;276;330;275;275;568.721;568.432;50;275.912;;;1275.07;1;1
4547;0.25;52.1325;30.1;4.95499;39.7772;30.6;106;301.157;281.554;276;330;275;275;568.721;568.432;50;275.911;;;1274.41;1;1
4548;0.25;52.338;30.1;5.02939;39.8756;30.6;115;301.128;281.547;276;330;275;275;568.721;568.432;50;275.913;;;1273.07;1;1
4549;0.25;52.5405;30.1;4.99377;39.8785;30.6;118;301.244;281.583;276;330;275;275;568.721;568.432;50;275.919;;;1272.4;1;1
4550;0.25;52.338;30.1;4.95623;39.9797;30.6;118;302.112;281.583;276;330;275;275;568.721;568.287;50;275.923;"KHP102      ";;1271.41;1;1
4551;0.25;52.1325;30.1;4.93678;40.081;30.6;110;302.17;281.583;276;330;275;275;568.432;568.142;50;275.929;;;1270.74;1;1
4552;0.25;52.3466;30.1;4.97534;40.2836;30.6;109;302.098;281.554;276;330;275;275;568.432;568.142;50;275.937;;;1270.74;1;1
4553;0.25;52.4392;30.1;4.96582;40.6366;30.6;106;301.997;281.554;276;330;275;275;568.432;568.142;50;275.957;;;1267.64;1;1
4554;0.25;52.2338;30.1;4.94637;40.3877;30.6;107;301.91;281.583;276;330;275;275;568.432;568.142;50;275.972;;;1266.97;1;1
4555;0.25;52.5405;30.1;5.01212;40.1823;30.6;104;301.895;281.568;276;330;275;275;568.432;568.142;50;275.967;;;1266.97;1;1
4556;0.25;52.3524;30.1;4.97589;39.9855;30.6;100;302.04;281.561;276;330;275;275;568.576;568.142;50;275.954;;;1266.47;1;1
4557;0.25;52.0312;30.1;4.89083;40.2836;30.6;97;302.141;281.568;276;330;275;275;568.432;568.142;50;275.942;;;1266.47;1;1
4558;0.25;52.3351;30.1;4.99252;40.7957;30.6;96;302.156;281.583;276;330;275;275;568.432;567.998;50;275.944;;;1266.47;1;1
4559;0.25;52.4392;30.1;4.98414;40.5903;30.6;92;302.054;281.583;276;330;275;275;568.576;568.142;50;275.963;;;1264.47;1;1
4560;0.25;52.1325;30.1;4.90035;40.2836;30.6;91;301.953;281.576;276;330;275;275;568.576;568.142;50;275.99;;;1263.14;1;1
4561;0.25;52.1441;30.1;4.90144;39.9884;30.6;91;301.881;281.554;276;330;275;275;568.576;568.142;50;276.014;;;1263.14;1;1
4562;0.25;52.1123;30.1;4.93486;39.9306;30.7;91;301.939;281.554;276;330;275;275;568.576;568.142;50;276.018;;;1261.11;1;1
4563;0.25;52.2714;30.1;4.91341;40.081;30.7;86;302.127;281.576;276;330;275;275;568.576;568.287;50;276.011;;;1260.34;1;1
4564;0.25;52.5666;30.1;4.94115;40.3848;30.7;85;302.141;281.576;276;330;275;275;568.432;568.142;50;276.01;;;1260.34;1;1
4565;0.25;52.1383;30.1;4.91911;40.3848;30.7;83;302.054;281.568;276;330;275;275;568.432;568.142;50;276.017;;;1260.34;1;1
4566;0.25;52.1123;30.1;4.91666;40.5903;30.7;82;302.054;281.561;276;330;275;275;568.432;568.142;50;276.038;;;1258.65;1;1
4567;0.25;52.1325;30.1;4.84572;40.5903;30.7;79;301.953;281.561;276;330;275;275;568.432;567.998;50;276.056;;;1258.65;1;1
4568;0.25;52.1325;30.1;4.90035;40.3762;30.7;81;301.895;281.568;276;330;275;275;568.576;568.142;50;276.076;;;1258.65;1;1
4569;0.25;52.3611;30.1;4.90355;40.0723;30.7;79;301.982;281.576;276;330;275;275;568.576;568.287;50;276.102;;;1255.99;1;1
4570;0.25;52.4392;30.1;4.91087;39.9797;30.7;74;302.069;281.561;276;330;275;275;568.576;568.287;50;276.124;;;1255.99;1;1
4571;0.25;52.4392;30.1;4.87423;39.9797;30.7;72;302.214;281.561;276;330;275;275;568.721;568.287;50;276.155;;;1255.32;1;1
4572;0.25;52.2338;30.1;4.89163;40.081;30.7;72;302.069;281.568;276;330;275;275;568.721;568.287;50;276.183;;;1252.9;1;1
4573;0.25;52.1325;30.1;4.88214;40.0839;30.7;72;302.011;281.568;276;330;275;275;568.721;568.287;50;276.193;;;1252.9;1;1
4574;0.25;52.4392;30.2;5.24858;40.3848;30.7;62;301.895;281.576;276;330;275;275;568.576;568.287;50;276.182;;;1252.9;1;1
4575;0.25;52.5405;30.2;5.27707;40.2865;30.7;52;301.345;281.561;276;330;275;275;568.721;568.432;50;276.161;;;1251.55;1;1
4576;0.25;52.8443;30.2;5.32604;40.2836;30.7;51;301.389;281.576;276;330;275;275;568.721;568.287;50;276.137;;;1250.89;1;1
4577;0.25;52.2367;30.2;5.24655;40.1823;30.7;51;301.505;281.568;276;330;275;275;568.721;568.432;50;276.093;;;1249.77;1;1
4578;0.25;52.0399;30.2;5.20861;40.1823;30.7;49;301.548;281.568;276;330;275;275;568.721;568.432;50;276.031;"KHP102      ";;1247.44;1;1
4579;0.25;52.0052;30.2;5.18697;40.0839;30.7;55;301.606;281.561;276;330;275;275;568.576;568.287;50;275.971;;;1247.44;1;1
4580;0.25;52.228;30.2;5.22743;40.081;30.7;61;301.143;281.561;276;330;275;275;568.576;568.287;50;275.918;;;1247.44;1;1
4581;0.25;52.2338;30.2;5.19152;40.1707;30.7;64;301.042;281.576;276;330;275;275;568.576;568.142;50;275.876;;;1246.62;1;1
4582;0.25;52.338;30.2;5.20187;40.081;30.7;66;300.998;281.576;276;330;275;275;568.721;568.287;50;275.844;;;1246.62;1;1
4583;0.25;52.1325;30.2;5.19967;39.7772;30.7;83;300.883;281.576;276;330;275;275;568.721;568.287;50;275.822;;;1245.95;1;1
4584;0.25;52.3351;30.2;5.21987;40.081;30.7;107;300.362;281.561;276;330;275;275;568.721;568.287;50;275.805;;;1243.47;1;1
4585;0.25;52.5405;30.2;5.24036;40.298;30.6;122;300.463;281.568;276;330;275;275;568.576;568.287;50;275.792;;;1243.47;1;1
4586;0.25;52.1036;30.2;5.21498;40.2749;30.6;140;300.579;281.576;276;330;275;275;568.721;568.432;50;275.758;;;1240.98;1;1
4587;0.25;52.1325;30.2;5.18145;40.2054;30.6;146;300.593;281.576;276;330;275;275;568.866;568.432;50;275.713;;;1240.32;1;1
4588;0.25;52.1325;30.2;5.21788;40.2951;30.6;161;300.709;281.583;276;330;275;275;568.866;568.576;50;275.679;;;1240.32;1;1
4589;0.25;52.3611;30.2;5.25905;40.3877;30.6;164;300.058;281.561;276;330;275;275;568.866;568.721;50;275.677;;;1238.99;1;1
4590;0.25;52.4392;30.2;5.26689;40.1852;30.6;169;299.841;281.554;276;330;275;275;569.01;568.576;50;275.673;;;1238.78;1;1
4591;0.25;52.4826;30.2;5.21625;40.1823;30.6;187;300.492;281.576;276;330;275;275;568.866;568.576;50;275.659;;;1238.78;1;1
4592;0.25;52.2338;30.2;5.22801;40.1823;30.6;201;300.579;281.583;276;330;275;275;568.866;568.432;50;275.645;;;1237.46;1;1
4593;0.25;52.1325;30.2;5.21788;40.2517;30.6;191;300.637;281.547;276;330;275;275;568.866;568.576;50;275.623;"KHP102      ";;1236.3;1;1
4594;0.25;51.8287;30.2;5.16936;40.081;30.6;201;300.81;281.59;276;330;275;275;569.01;568.576;50;275.61;;;1236.3;1;1
4595;0.25;52.2338;30.2;5.19152;39.7772;30.6;204;300.637;281.583;276;330;275;275;568.866;568.576;50;275.603;;;1234.31;1;1
4596;0.25;52.4971;30.2;5.19932;39.9769;30.6;211;301.027;281.576;276;330;275;275;568.866;568.432;50;275.598;;;1233.12;1;1
4597;0.25;52.3351;30.2;5.20158;40.081;30.6;209;300.911;281.583;276;330;275;275;568.721;568.287;50;275.591;;;1233.12;1;1
4598;0.25;52.0312;30.2;5.20774;40.1823;30.6;205;301.534;281.583;276;330;275;275;568.576;568.287;50;275.581;;;1232.45;1;1
4599;0.25;51.7245;30.2;5.1409;40.081;30.6;204;301.577;281.583;276;330;275;275;568.576;568.287;50;275.56;;;1232.45;1;1
4600;0.25;52.1325;30.2;5.19967;40.081;30.6;201;302.083;281.59;276;330;275;275;568.576;568.287;50;275.534;;;1232.45;1;1
4601;0.25;52.4392;30.2;5.23026;40.2836;30.6;195;302.807;281.554;276;330;275;275;568.721;568.287;50;275.492;;;1231.79;1;1
4602;0.25;52.0312;30.2;5.22592;40.1823;30.6;188;302.778;281.547;276;330;275;275;568.576;568.287;50;275.463;;;1229.81;1;1
4603;0.25;52.1325;30.2;5.23609;40.2083;30.6;187;303.009;281.576;276;330;275;275;568.576;568.287;50;275.433;;;1229.21;1;1
4604;0.25;52.3264;30.2;5.25556;40.2488;30.7;190;303.689;281.583;276;330;275;275;568.721;568.432;50;275.409;;;1227.89;1;1
4605;0.25;51.9878;30.2;5.2034;40.1852;30.7;176;303.66;281.583;276;330;275;275;568.721;568.287;50;275.386;;;1226.57;1;1
4606;0.25;52.2367;30.2;5.13704;40.081;30.7;170;304.008;281.568;276;330;275;275;568.576;568.142;50;275.365;;;1226.09;1;1
4607;0.25;52.1325;30.2;5.23609;40.081;30.7;174;304.167;281.568;276;330;275;275;568.576;568.142;50;275.349;;;1226.09;1;1
4608;0.25;52.0255;30.2;5.17081;40.0174;30.7;171;304.702;281.568;276;330;275;275;568.576;568.142;50;275.348;;;1225.43;1;1
4609;0.25;52.1325;30.2;5.19967;39.9797;30.7;162;305.208;281.576;276;330;275;275;568.432;567.998;50;275.366;;;1225.43;1;1
4610;0.25;52.2309;30.2;5.19123;40.081;30.7;161;305.122;281.576;276;330;275;275;568.432;567.998;50;275.404;;;1223.86;1;1
4611;0.25;52.3351;30.3;5.53862;39.9797;30.8;161;305.469;281.561;276;330;275;275;568.287;567.998;50;275.446;;;1221.88;1;1
4612;0.25;52.1325;30.3;5.49894;40.055;30.8;157;305.541;281.568;276;330;275;275;568.287;567.853;50;275.488;;;1221.88;1;1
4613;0.25;52.0312;30.3;5.54282;40.1823;30.8;144;306.047;281.568;276;330;275;275;568.142;567.998;50;275.523;;;1220.25;1;1
4614;0.25;52.1325;30.3;5.53539;40.2836;30.8;130;306.192;281.568;276;330;275;275;568.287;567.853;50;275.562;;;1220.25;1;1
4615;0.25;52.3293;30.3;5.59285;40.2865;30.8;125;306.713;281.576;276;330;275;275;568.287;567.998;50;275.602;;;1220.25;1;1
4616;0.25;52.4392;30.3;5.58628;40.0868;30.8;114;306.641;281.576;276;330;275;275;568.432;567.998;50;275.648;;;1219.59;1;1
4617;0.25;52.1325;30.3;5.53539;39.9797;30.8;95;306.684;281.554;276;330;275;275;568.576;568.142;50;275.699;;;1217.65;1;1
4618;0.25;52.3351;30.4;5.94879;40.0752;30.8;94;307.089;281.568;276;330;275;275;568.576;568.142;50;275.741;;;1217.65;1;1
4619;0.25;52.3351;30.4;5.89394;40.0781;30.8;74;307.06;281.554;276;330;275;275;568.576;568.287;50;275.763;;;1215.67;1;1
4620;0.25;52.1325;30.4;5.92576;40.2836;30.8;55;307.219;281.554;276;330;275;275;568.576;568.287;50;275.79;;;1215.02;1;1
4621;0.25;52.0312;30.4;5.8779;40.1997;30.8;43;307.306;281.561;276;330;275;275;568.576;568.142;50;275.819;;;1215.02;1;1
4622;0.25;52.0312;30.4;5.91425;40.2836;30.8;34;307.292;281.576;276;330;275;275;568.721;568.287;50;275.852;;;1213.67;1;1
4623;0.25;52.0312;30.4;5.93243;40.1794;30.8;25;307.161;281.554;276;330;275;275;568.721;568.287;50;275.879;;;1213.01;1;1
4624;0.25;51.93;30.4;5.92088;39.7714;30.8;17;307.089;281.547;276;330;275;275;568.576;568.287;50;275.904;;;1213.01;1;1
4625;0.25;52.1325;30.4;5.88934;39.8785;30.8;3;307.031;281.547;276;330;275;275;568.576;568.142;50;275.942;;;1210.38;1;1
4626;0.25;52.2338;30.5;6.25541;40.081;30.8;0;307.046;281.568;276;330;275;275;568.432;568.142;50;276.003;;;1209.72;1;1
4627;0.25;51.93;30.5;6.21903;40.081;30.8;0;306.742;281.547;276;330;275;275;568.576;568.142;50;276.059;;;1209.06;1;1
4628;0.25;52.0312;30.5;6.21298;40.0376;30.8;0;306.829;281.706;276;330;275;275;568.576;568.287;50;276.118;;;1208.41;1;1
4629;0.25;52.338;30.5;6.28617;39.8785;30.8;0;306.8;281.879;276;330;275;275;568.576;568.142;50;276.17;;;1208.41;1;1
4630;0.25;52.338;30.5;6.24961;39.7772;30.8;0;306.178;281.706;276;330;275;275;568.576;568.142;50;276.193;;;1208.41;1;1
4631;0.25;52.3409;30.5;6.26824;39.7772;30.8;0;305.932;281.85;276;330;275;275;568.576;568.142;50;276.186;;;1206.01;1;1
4632;0.25;52.338;30.5;6.28617;39.7251;30.8;0;305.686;281.829;276;330;275;275;568.576;568.287;50;276.165;;;1206.01;1;1
4633;0.25;52.1325;30.5;6.2615;39.5718;30.8;0;304.977;281.843;276;330;275;275;568.721;568.287;50;276.12;;;1206.01;1;1
4634;0.25;52.4392;30.5;6.35329;39.7772;30.8;0;304.688;281.821;276;330;275;275;568.576;568.287;50;276.087;;;1205.35;1;1
4635;0.25;52.2685;30.5;6.29609;39.8785;30.8;0;304.094;281.821;276;330;275;275;568.576;568.287;50;276.064;;;1204.49;1;1
4636;0.25;52.1325;30.5;6.27971;39.6759;30.8;0;304.181;281.8;276;330;275;275;568.721;568.432;50;276.045;;;1204.49;1;1
4637;0.25;52.0284;30.5;6.30351;39.7338;30.7;0;303.906;281.793;276;330;275;275;568.721;568.432;50;276.028;;;1202.35;1;1
4638;0.25;52.0284;30.5;6.26716;39.8785;30.7;0;303.111;281.778;276;330;275;275;568.721;568.287;50;276.006;;;1201.69;1;1
4639;0.25;52.0775;30.5;6.30947;39.7743;30.7;0;302.749;281.785;276;330;275;275;568.721;568.287;50;275.983;;;1200.38;1;1
4640;0.25;52.0312;30.5;6.32204;39.8785;30.7;5;302.445;281.778;276;330;275;275;568.721;568.287;50;275.952;;;1199.72;1;1
4641;0.25;52.0312;30.5;6.26751;39.7772;30.7;19;301.823;281.778;276;330;275;275;568.721;568.287;50;275.906;;;1199.07;1;1
4642;0.25;51.93;30.5;6.27345;39.8785;30.7;39;301.664;281.771;276;330;275;275;568.721;568.287;50;275.876;;;1197.76;1;1
4643;0.25;51.7245;30.5;6.28477;39.9797;30.6;60;301.085;281.756;276;330;275;275;568.721;568.287;50;275.887;;;1197.1;1;1
4644;0.25;51.7737;30.5;6.23649;39.9479;30.6;84;300.564;281.764;276;330;275;275;568.576;568.142;50;275.923;;;1196.06;1;1
4645;0.25;51.9271;30.4;5.99314;39.7772;30.6;109;300.101;281.829;276;330;275;275;568.576;568.142;50;275.958;;;1195.41;1;1
4646;0.25;52.2367;30.4;5.99235;39.5718;30.6;128;299.436;281.735;276;330;275;275;568.576;568.142;50;275.982;;;1194.75;1;1
4647;0.25;52.0312;30.4;6.04151;39.5718;30.6;138;299.349;281.72;276;330;275;275;568.432;567.998;50;276.007;;;1194.75;1;1
4648;0.25;51.6204;30.4;5.92165;39.7772;30.6;153;298.857;281.727;276;330;275;275;568.576;568.287;50;276.015;;;1193.61;1;1
4649;0.25;51.8287;30.4;5.94555;40.2373;30.5;162;298.843;281.735;276;330;275;275;568.721;568.287;50;276.01;;;1192.3;1;1
4650;0.25;51.93;30.4;5.95716;40.1823;30.5;169;298.944;281.742;276;330;275;275;568.721;568.287;50;275.997;;;1191.65;1;1
4651;0.25;52.1325;30.4;5.9804;40.081;30.5;169;298.495;281.727;276;330;275;275;568.721;568.287;50;275.98;;;1191.05;1;1
4652;0.25;52.0312;30.4;5.98696;40.081;30.5;179;298.539;281.727;276;330;275;275;568.721;568.287;50;275.949;;;1188.43;1;1
4653;0.25;51.93;30.3;5.65904;39.9942;30.5;183;298.568;281.735;276;330;275;275;568.721;568.432;50;275.918;;;1187.78;1;1
4654;0.25;52.2107;30.3;5.70787;39.8785;30.5;184;298.495;281.735;276;330;275;275;568.721;568.432;50;275.891;;;1187.13;1;1
4655;0.25;52.3495;30.3;5.70476;39.7685;30.5;184;298.929;281.735;276;330;275;275;568.866;568.432;50;275.885;;;1186.47;1;1
4656;0.25;52.2338;30.3;5.74689;39.8785;30.5;192;298.886;281.735;276;330;275;275;568.721;568.432;50;275.91;;;1185.82;1;1
4657;0.25;51.93;30.3;5.71346;39.9797;30.5;189;298.828;281.742;276;330;275;275;568.866;568.576;50;275.946;;;1185.17;1;1
4658;0.25;51.9213;30.3;5.69437;39.9769;30.5;188;299.334;281.727;276;330;275;275;569.01;568.721;50;275.986;;;1183.21;1;1
4659;0.25;51.8287;30.3;5.64801;39.8235;30.5;179;299.436;281.713;276;330;275;275;569.01;568.721;50;276.025;;;1183.21;1;1
4660;0.25;51.93;30.3;5.73161;39.5718;30.5;170;300.029;281.72;276;330;275;275;569.01;568.721;50;276.056;;;1182.04;1;1
4661;0.25;51.82;30.3;5.68327;39.673;30.5;168;300.159;281.966;276;330;275;275;569.01;568.721;50;276.084;;;1180.06;1;1
4662;0.25;51.93;30.3;5.69532;39.673;30.5;152;300.391;281.554;276;330;275;275;568.866;568.721;50;276.106;;;1179.4;1;1
4663;0.25;51.9531;30.3;5.69786;39.9682;30.5;143;300.318;281.554;276;330;275;275;568.866;568.576;50;276.127;;;1178.75;1;1
4664;0.25;52.1325;30.3;5.71754;39.9797;30.5;132;300.897;281.554;276;330;275;275;569.01;568.576;50;276.15;;;1178.75;1;1
4665;0.25;51.8258;30.3;5.72011;39.9797;30.5;116;300.911;281.561;276;330;275;275;569.01;568.721;50;276.164;;;1178.1;1;1
4666;0.25;51.522;30.2;5.31878;39.7772;30.6;97;301.432;281.561;276;330;275;275;569.01;568.576;50;276.17;;;1178.1;1;1
4667;0.25;51.5712;30.3;5.67399;39.7743;30.6;81;301.534;281.561;276;330;275;275;568.866;568.576;50;276.176;;;1177.45;1;1
4668;0.25;52.1325;30.3;5.73575;39.6788;30.6;71;302.127;281.554;276;330;275;275;568.866;568.576;50;276.19;;;1176.22;1;1
4669;0.25;52.3351;30.3;5.75803;39.7743;30.6;61;302.141;281.554;276;330;275;275;568.866;568.432;50;276.203;;;1174.92;1;1
4670;0.25;52.3351;30.3;5.7946;39.673;30.6;52;302.416;281.554;276;330;275;275;568.866;568.432;50;276.214;;;1173.62;1;1
4671;0.25;52.1007;30.3;5.75045;39.8814;30.6;43;302.402;281.561;276;330;275;275;568.866;568.432;50;276.224;;;1172.97;1;1
4672;0.25;51.8287;30.3;5.70232;39.9363;30.6;37;302.459;281.561;276;330;275;275;568.866;568.432;50;276.233;;;1172.87;1;1
4673;0.25;51.7274;30.3;5.70925;39.7772;30.6;29;302.329;281.547;276;330;275;275;568.721;568.432;50;276.238;;;1171.57;1;1
4674;0.25;51.8258;30.3;5.6839;39.8756;30.7;0;302.431;281.539;276;330;275;275;568.866;568.432;50;276.242;;;1171.57;1;1
4675;0.25;51.93;30.3;5.71346;39.8785;30.7;0;302.734;281.554;276;330;275;275;568.866;568.576;50;276.252;;;1170.89;1;1
4676;0.25;52.0312;30.3;5.76096;39.673;30.7;0;302.619;281.561;276;330;275;275;568.866;568.576;50;276.284;;;1170.17;1;1
4677;0.25;51.6927;30.3;5.63319;39.5718;30.7;0;302.459;281.539;276;330;275;275;568.866;568.576;50;276.346;;;1170.17;1;1
4678;0.25;51.6233;30.3;5.64365;39.673;30.7;0;302.546;281.561;276;330;275;275;568.866;568.576;50;276.42;"KHP102      ";;1168.19;1;1
4679;0.25;51.93;30.3;5.65904;39.8785;30.7;0;302.474;281.561;276;330;275;275;568.866;568.576;50;276.483;;;1166.89;1;1
4680;0.25;52.0312;30.3;5.72461;39.7772;30.7;0;301.953;281.554;276;330;275;275;568.866;568.432;50;276.542;;;1166.89;1;1
4681;0.25;52.1325;30.3;5.69933;39.7975;30.7;0;302.025;281.561;276;330;275;275;568.721;568.287;50;276.583;;;1166.24;1;1
4682;0.25;52.1325;30.3;5.73575;39.8756;30.7;0;301.591;281.561;276;330;275;275;568.576;568.142;50;276.6;;;1164.94;1;1
4683;0.25;52.4392;30.3;5.80613;39.8785;30.7;0;301.664;281.561;276;330;275;275;568.432;568.142;50;276.622;;;1164.94;1;1
4684;0.25;52.1441;30.3;5.73702;39.6759;30.7;0;301.157;281.561;276;330;275;275;568.576;568.287;50;276.643;;;1162.35;1;1
4685;0.25;52.1325;30.3;5.73575;39.783;30.6;0;300.637;281.561;276;330;275;275;568.721;568.432;50;276.645;;;1161.7;1;1
4686;0.25;51.8258;30.3;5.75632;39.9797;30.6;0;300.564;281.554;276;330;275;275;568.866;568.576;50;276.624;;;1161.7;1;1
4687;0.25;51.93;30.3;5.69532;40.081;30.6;0;299.957;281.561;276;330;275;275;568.866;568.576;50;276.598;;;1161.05;1;1
4688;0.25;51.8605;30.3;5.74206;40.2836;30.6;0;299.899;281.561;276;330;275;275;568.866;568.576;50;276.562;;;1160.4;1;1
4689;0.25;51.7216;30.3;5.63634;40.1591;30.6;0;299.523;281.561;276;330;275;275;568.866;568.432;50;276.514;;;1160.4;1;1
4690;0.25;51.5393;30.3;5.67049;39.673;30.6;0;299.016;281.568;276;330;275;275;568.866;568.576;50;276.476;;;1158.98;1;1
4691;0.25;51.3744;30.3;5.65234;39.673;30.6;0;299.103;281.561;276;330;275;275;568.866;568.576;50;276.431;;;1157.69;1;1
4692;0.25;51.7072;30.3;5.70702;39.8785;30.5;0;298.727;281.561;276;330;275;275;569.01;568.576;50;276.335;;;1156.23;1;1
4693;0.25;51.6204;30.3;5.69743;39.7888;30.5;5;298.003;281.865;276;330;275;275;569.01;568.576;50;276.218;;;1155.58;1;1
4694;0.25;51.4323;30.2;5.36342;39.673;30.5;12;297.049;281.923;276;330;275;275;569.01;568.721;50;276.166;;;1154.94;1;1
4695;0.25;51.36;30.2;5.35588;39.8785;30.5;35;297.483;281.814;276;330;275;275;568.866;568.721;50;276.133;;;1154.29;1;1
4696;0.25;52.0312;30.2;5.42588;39.9769;30.5;74;296.933;281.916;276;330;275;275;568.866;568.576;50;276.111;;;1153.71;1;1
4697;0.25;51.9271;30.2;5.39688;40.081;30.5;104;296.658;281.858;276;330;275;275;568.721;568.576;50;276.087;;;1153.71;1;1
4698;0.25;51.7564;30.2;5.34298;39.9797;30.5;128;296.282;281.894;276;330;275;275;568.721;568.287;50;276.062;;;1152.41;1;1
4699;0.25;51.8113;30.2;5.42105;39.8785;30.5;141;296.007;281.894;276;330;275;275;568.576;568.142;50;276.044;;;1150.86;1;1
4700;0.25;51.7361;30.2;5.37703;39.7772;30.5;172;295.862;281.901;276;330;275;275;568.432;568.142;50;276.036;;;1150.21;1;1
4701;0.25;51.8258;30.2;5.35015;39.7772;30.4;192;294.98;281.908;276;330;275;275;568.432;568.142;50;276.029;;;1148.27;1;1
4702;0.25;51.7245;30.2;5.41197;39.9711;30.4;205;294.98;281.916;276;330;275;275;568.432;568.287;50;276.02;;;1147.62;1;1
4703;0.25;51.8374;30.1;5.07183;39.9797;30.4;227;295.067;281.923;276;330;275;275;568.576;568.287;50;276.024;;;1147.62;1;1
4704;0.25;52.0052;30.1;5.03375;39.9248;30.4;248;295.11;281.923;276;330;275;275;568.721;568.432;50;276.038;;;1145.68;1;1
4705;0.25;52.0312;30.1;5.05445;39.9797;30.4;251;295.978;281.93;276;330;275;275;568.866;568.432;50;276.06;;;1145.52;1;1
4706;0.25;52.2309;30.1;5.03735;39.9797;30.4;244;296.007;281.916;276;330;275;275;568.721;568.432;50;276.087;;;1145.52;1;1
4707;0.25;52.309;30.1;5.09971;40.081;30.4;244;295.949;281.923;276;330;275;275;568.721;568.432;50;276.12;;;1144.87;1;1
4708;0.25;52.1412;30.1;5.04692;40.1823;30.4;240;296.079;281.923;276;330;275;275;568.721;568.576;50;276.16;;;1142.29;1;1
4709;0.25;52.4392;30.1;5.13072;40.1823;30.4;237;296.803;281.93;276;330;275;275;568.576;568.432;50;276.214;;;1141.64;1;1
4710;0.25;52.0255;30.1;5.07206;39.9797;30.4;228;296.788;281.583;276;330;275;275;568.576;568.287;50;276.246;;;1141.64;1;1
4711;0.25;51.8287;30.1;5.01667;39.8553;30.4;205;297.063;281.583;276;330;275;275;568.576;568.142;50;276.257;;;1140.8;1;1
4712;0.25;51.7303;30.1;4.98907;39.8785;30.4;196;298.018;281.554;276;330;275;275;568.576;568.142;50;276.258;;;1140.8;1;1
4713;0.25;51.4207;30;4.64603;39.8756;30.4;168;298.351;281.547;276;330;275;275;568.576;568.142;50;276.241;;;1140.16;1;1
4714;0.25;51.522;30;4.65518;39.8785;30.5;150;299.074;281.583;276;330;275;275;568.576;568.287;50;276.213;;;1140.16;1;1
4715;0.25;51.93;30;4.71018;39.9797;30.5;146;299.204;281.583;276;330;275;275;568.576;568.287;50;276.197;;;1140.16;1;1
4716;0.25;52.1325;30.1;5.0825;39.9797;30.5;126;299.957;281.554;276;330;275;275;568.576;568.287;50;276.199;;;1137.49;1;1
4717;0.25;52.0312;30.1;5.03627;40.081;30.5;101;299.899;281.561;276;330;275;275;568.576;568.142;50;276.2;;;1136.42;1;1
4718;0.25;52.0312;30.1;5.0181;39.8785;30.5;87;300.145;281.583;276;330;275;275;568.576;568.287;50;276.193;;;1135.77;1;1
4719;0.25;52.2338;30.1;5.11062;39.7772;30.6;85;301.056;281.576;276;330;275;275;568.576;568.287;50;276.182;;;1133.2;1;1
4720;0.25;51.9358;30.1;5.02703;39.8785;30.6;78;301.418;281.576;276;330;275;275;568.576;568.287;50;276.164;;;1132.55;1;1
4721;0.25;52.0168;30.1;5.03487;40.0781;30.6;63;301.49;281.554;276;330;275;275;568.576;568.287;50;276.133;"KHP102      ";;1131.91;1;1
4722;0.25;51.7274;30.1;5.00686;40.081;30.6;47;302.141;281.554;276;330;275;275;568.576;568.287;50;276.104;;;1130.62;1;1
4723;0.25;51.93;30.1;5.02647;39.9797;30.7;44;301.953;281.583;276;330;275;275;568.721;568.287;50;276.082;"KHP102      ";;1130.62;1;1
4724;0.25;51.93;30.1;5.00833;40.081;30.7;38;301.881;281.576;276;330;275;275;568.721;568.432;50;276.056;;;1130.62;1;1
4725;0.25;52.0284;30.1;5.03599;40.1418;30.7;35;302.329;281.554;276;330;275;275;568.721;568.287;50;276.023;;;1129.98;1;1
4726;0.25;52.2338;30.2;5.39226;39.9797;30.7;37;302.402;281.554;276;330;275;275;568.576;568.142;50;276;;;1129.33;1;1
4727;0.25;52.3351;30.2;5.421;39.9797;30.7;30;302.373;281.561;276;330;275;275;568.432;568.142;50;275.981;;;1129.33;1;1
4728;0.25;52.4392;30.2;5.35849;40.1823;30.7;30;302.416;281.583;276;330;275;275;568.432;568.142;50;275.983;;;1128.53;1;1
4729;0.25;51.93;30.2;5.34276;40.3762;30.7;43;302.431;281.583;276;330;275;275;568.432;568.142;50;275.993;;;1127.68;1;1
4730;0.25;52.1325;30.2;5.34539;40.2836;30.7;51;302.821;281.561;276;330;275;275;568.576;568.142;50;276.011;;;1127.03;1;1
4731;0.25;51.93;30.2;5.34276;40.081;30.7;52;302.04;281.554;276;330;275;275;568.432;568.142;50;276.024;"KHP102      ";;1126.11;1;1
4732;0.25;51.6233;30.2;5.3653;39.9797;30.7;56;301.895;281.568;276;330;275;275;568.576;568.142;50;276.011;;;1126.11;1;1
4733;0.25;51.522;30.2;5.30078;39.8785;30.7;62;302.011;281.576;276;330;275;275;568.576;568.142;50;276;;;1124.71;1;1
4734;0.25;51.93;30.2;5.3609;39.7743;30.7;72;302.141;281.568;276;330;275;275;568.576;568.142;50;276.002;;;1122.03;1;1
4735;0.25;51.9271;30.2;5.32432;40.081;30.7;72;301.939;281.568;276;330;275;275;568.576;568.287;50;276.011;;;1122.03;1;1
4736;0.25;51.6898;30.2;5.31805;40.3356;30.7;74;301.881;281.561;276;330;275;275;568.576;568.287;50;276.023;;;1120.65;1;1
4737;0.25;51.7419;30.2;5.35956;40.081;30.7;93;301.823;281.568;276;330;275;275;568.576;568.142;50;276.033;;;1120.01;1;1
4738;0.25;51.7159;30.3;5.63571;40.081;30.7;92;301.751;281.576;276;330;275;275;568.576;568.142;50;276.041;;;1120.01;1;1
4739;0.25;51.6117;30.3;5.6063;40.6916;30.7;93;300.883;281.561;276;330;275;275;568.576;568.287;50;276.053;;;1118.51;1;1
4740;0.25;51.5538;30.3;5.61805;40.3848;30.7;99;300.955;281.576;276;330;275;275;568.576;568.432;50;276.056;;;1117.87;1;1
4741;0.25;52.0312;30.3;5.6337;40.272;30.7;106;301.114;281.576;276;330;275;275;568.721;568.287;50;276.038;;;1117.54;1;1
4742;0.25;52.2338;30.3;5.74689;40.1823;30.7;103;301.157;281.568;276;330;275;275;568.721;568.287;50;276.025;;;1116.17;1;1
4743;0.25;52.1325;30.2;5.32715;40.1186;30.6;98;301.042;281.568;276;330;275;275;568.721;568.287;50;276.022;;;1115.53;1;1
4744;0.25;52.1325;30.3;5.64466;40.081;30.6;100;300.94;281.568;276;330;275;275;568.721;568.287;50;276.019;;;1115.53;1;1
4745;0.25;52.1325;30.3;5.66288;40.1244;30.6;100;300.883;281.568;276;330;275;275;568.866;568.432;50;276.025;;;1113.6;1;1
4746;0.25;52.0341;30.2;5.29892;40.1794;30.6;99;300.926;281.576;276;330;275;275;568.721;568.432;50;276.042;;;1113.6;1;1
4747;0.25;51.93;30.2;5.28831;40.081;30.6;102;301.042;281.568;276;330;275;275;568.721;568.432;50;276.049;"KHP102      ";;1113.49;1;1
4748;0.25;52.0312;30.2;5.26227;39.8756;30.6;105;300.839;281.561;276;330;275;275;568.866;568.576;50;276.045;;;1111.57;1;1
4749;0.25;52.0168;30.2;5.31532;39.9797;30.6;107;300.926;281.568;276;330;275;275;568.866;568.576;50;276.047;;;1110.64;1;1
4750;0.25;51.6377;30.2;5.29465;40.081;30.6;110;300.854;281.576;276;330;275;275;568.866;568.576;50;276.056;;;1109.54;1;1
4751;0.25;51.8316;30.2;5.24208;40.2865;30.6;108;300.709;281.576;276;330;275;275;568.866;568.576;50;276.069;;;1108.46;1;1
4752;0.25;51.7419;30.2;5.23301;40.2836;30.6;109;300.926;281.568;276;330;275;275;568.866;568.576;50;276.073;;;1107.18;1;1
4753;0.25;51.93;30.2;5.27017;40.081;30.6;107;300.897;281.568;276;330;275;275;568.866;568.576;50;276.085;;;1106.54;1;1
4754;0.25;51.9271;30.2;5.26988;39.8785;30.6;97;301.013;281.576;276;330;275;275;568.866;568.576;50;276.104;;;1106.54;1;1
4755;0.25;51.6435;30.2;5.25914;39.9797;30.6;96;301.114;281.576;276;330;275;275;568.866;568.432;50;276.121;;;1105.9;1;1
4756;0.25;51.7737;30.2;5.21814;40.2373;30.6;94;301.157;281.576;276;330;275;275;568.866;568.432;50;276.138;;;1104.46;1;1
4757;0.25;51.9473;30.2;5.23564;40.3848;30.6;87;301.056;281.561;276;330;275;275;568.721;568.432;50;276.139;;;1104.33;1;1
4758;0.25;51.8258;30.2;5.22339;40.1823;30.7;85;300.955;281.568;276;330;275;275;568.721;568.432;50;276.127;;;1104.33;1;1
4759;0.25;51.6233;30.2;5.18494;39.9855;30.7;84;300.883;281.576;276;330;275;275;568.576;568.432;50;276.096;;;1104.19;1;1
4760;0.25;51.6898;30.2;5.22774;40.2865;30.7;82;300.926;281.576;276;330;275;275;568.721;568.432;50;276.062;;;1102.27;1;1
4761;0.25;51.8287;30.2;5.25989;40.3791;30.7;81;301.056;281.576;276;330;275;275;568.721;568.432;50;276.031;;;1102.27;1;1
4762;0.25;52.0341;30.2;5.24439;40.1823;30.7;80;301.157;281.576;276;330;275;275;568.721;568.432;50;275.989;;;1100.99;1;1
4763;0.25;51.8287;30.2;5.22368;40.0839;30.7;80;301.114;281.576;276;330;275;275;568.866;568.432;50;275.944;;;1099.72;1;1
4764;0.25;51.93;30.2;5.21574;40.081;30.7;82;301.013;281.568;276;330;275;275;568.721;568.432;50;275.917;;;1099.08;1;1
4765;0.25;52.1325;30.2;5.29072;40.1823;30.7;89;300.926;281.576;276;330;275;275;568.721;568.432;50;275.903;;;1098.44;1;1
4766;0.25;52.338;30.2;5.31157;40.2836;30.7;98;300.883;281.561;276;330;275;275;568.576;568.287;50;275.902;;;1097.16;1;1
4767;0.25;52.2367;30.2;5.28305;40.2344;30.7;104;301.042;281.583;276;330;275;275;568.432;568.287;50;275.896;;;1096.19;1;1
4768;0.25;51.8258;30.2;5.22339;40.1794;30.7;107;301.085;281.583;276;330;275;275;568.432;568.287;50;275.875;;;1094.91;1;1
4769;0.25;51.6233;30.2;5.23904;40.1823;30.7;115;301.157;281.576;276;330;275;275;568.432;568.142;50;275.848;;;1094.91;1;1
4770;0.25;51.9907;30.2;5.22185;40.353;30.7;120;301.085;281.576;276;330;275;275;568.432;568.287;50;275.797;;;1094.41;1;1
4771;0.25;52.4334;30.2;5.28463;39.9624;30.7;126;300.984;281.576;276;330;275;275;568.576;568.142;50;275.755;;;1093.14;1;1
4772;0.25;52.1354;30.2;5.23638;39.7743;30.7;133;300.897;281.583;276;330;275;275;568.576;568.287;50;275.73;;;1093.14;1;1
4773;0.25;51.9821;30.2;5.18466;39.9797;30.7;139;300.911;281.583;276;330;275;275;568.576;568.142;50;275.718;;;1092.5;1;1
4774;0.25;52.0312;30.2;5.22592;39.9769;30.7;147;301.042;281.583;276;330;275;275;568.432;568.287;50;275.735;;;1091.58;1;1
4775;0.25;51.6233;30.2;5.18494;40.1823;30.7;149;301.157;281.554;276;330;275;275;568.576;568.287;50;275.77;;;1090.84;1;1
4776;0.25;51.522;30.2;5.17477;40.1534;30.7;157;301.085;281.568;276;330;275;275;568.576;568.142;50;275.808;;;1090.21;1;1
4777;0.25;51.6233;30.2;5.14887;40.3848;30.7;164;301.649;281.568;276;330;275;275;568.576;568.287;50;275.848;;;1087.81;1;1
4778;0.25;51.9329;30.2;5.16161;40.1736;30.7;167;301.62;281.576;276;330;275;275;568.576;568.287;50;275.89;;;1086.7;1;1
4779;0.25;52.2338;30.2;5.19152;40.2836;30.7;153;301.548;281.576;276;330;275;275;568.721;568.287;50;275.925;;;1086.7;1;1
4780;0.25;51.93;30.2;5.14316;40.2836;30.7;148;301.244;281.576;276;330;275;275;568.721;568.287;50;275.968;;;1084.16;1;1
4781;0.25;52.1325;30.2;5.16322;39.9797;30.7;146;302.083;281.576;276;330;275;275;568.721;568.432;50;276.014;;;1084.16;1;1
4782;0.25;52.338;30.2;5.16528;40.2836;30.7;129;302.098;281.576;276;330;275;275;568.721;568.432;50;276.06;;;1082.89;1;1
4783;0.25;52.228;30.2;5.19094;40.1794;30.7;113;302.112;281.576;276;330;275;275;568.721;568.432;50;276.08;;;1082.25;1;1
4784;0.25;52.2367;30.2;5.19181;40.081;30.7;107;302.792;281.568;276;330;275;275;568.576;568.287;50;276.082;;;1081.61;1;1
4785;0.25;52.0312;30.3;5.48826;40.081;30.7;98;302.734;281.576;276;330;275;275;568.721;568.432;50;276.082;;;1080.98;1;1
4786;0.25;52.338;30.3;5.52061;40.1823;30.7;80;302.677;281.554;276;330;275;275;568.721;568.432;50;276.044;;;1079.08;1;1
4787;0.25;52.1325;30.3;5.51718;40.3848;30.7;71;302.648;281.568;276;330;275;275;568.576;568.432;50;276.016;;;1079.08;1;1
4788;0.25;51.93;30.3;5.45944;40.1823;30.7;64;303.009;281.568;276;330;275;275;568.721;568.432;50;276;;;1079.08;1;1
4789;0.25;52.0312;30.3;5.48826;40.2836;30.8;61;303.154;281.568;276;330;275;275;568.866;568.576;50;275.978;;;1078.28;1;1
4790;0.25;52.1325;30.3;5.51718;40.2836;30.8;54;303.197;281.576;276;330;275;275;568.866;568.721;50;275.957;;;1077.64;1;1
4791;0.25;52.3351;30.3;5.48374;40.489;30.8;49;303.096;281.568;276;330;275;275;568.866;568.576;50;275.95;;;1077.01;1;1
4792;0.25;52.5405;30.3;5.56036;40.5903;30.8;48;303.009;281.568;276;330;275;275;569.01;568.721;50;275.963;;;1075.74;1;1
4793;0.25;52.4392;30.3;5.49466;40.4543;30.8;48;302.937;281.561;276;330;275;275;569.01;568.721;50;275.987;;;1075.74;1;1
4794;0.25;52.4392;30.3;5.5313;40.3646;30.8;49;302.373;281.576;276;330;275;275;569.01;568.721;50;276.006;;;1074.37;1;1
4795;0.25;52.2454;30.3;5.47434;40.3848;30.8;49;302.517;281.547;276;330;275;275;569.01;568.866;50;276.017;;;1074.37;1;1
4796;0.25;52.338;30.3;5.52061;40.5903;30.8;53;302.517;281.583;276;330;275;275;569.01;568.721;50;276.024;;;1073.73;1;1
4797;0.25;51.9271;30.3;5.38657;40.489;30.8;59;302.546;281.576;276;330;275;275;568.866;568.721;50;276.022;;;1071.53;1;1
4798;0.25;52.1354;30.3;5.44461;40.3762;30.8;60;302.503;281.554;276;330;275;275;568.866;568.576;50;276.01;;;1071.53;1;1
4799;0.25;52.1325;30.3;5.48073;40.4919;30.8;58;302.069;281.554;276;330;275;275;568.721;568.432;50;275.997;;;1071.53;1;1
4800;0.25;51.93;30.3;5.42316;40.408;30.8;61;301.895;281.547;276;330;275;275;568.866;568.576;50;275.986;;;1069.71;1;1
4801;0.25;52.3524;30.3;5.41241;40.2836;30.8;68;301.895;281.576;276;330;275;275;568.721;568.432;50;275.976;;;1069.71;1;1
4802;0.25;52.338;30.3;5.4292;40.4601;30.8;74;301.476;281.561;276;330;275;275;568.866;568.576;50;275.964;"KHP102      ";;1068.57;1;1
4803;0.25;52.1325;30.3;5.37146;40.3848;30.8;77;301.519;281.539;276;330;275;275;569.01;568.866;50;275.945;;;1066.68;1;1
4804;0.25;52.5405;30.3;5.46856;40.0781;30.8;82;301.577;281.568;276;330;275;275;569.155;568.866;50;275.941;;;1066.68;1;1
4805;0.25;52.3351;30.3;5.44718;40.2836;30.8;91;301.317;281.547;276;330;275;275;569.3;569.01;50;275.948;;;1066.04;1;1
4806;0.25;52.5405;30.3;5.43185;40.3848;30.8;100;300.969;281.547;276;330;275;275;569.3;569.01;50;275.965;;;1064.37;1;1
4807;0.25;52.5376;30.3;5.50497;40.489;30.7;109;300.897;281.547;276;330;275;275;569.155;568.866;50;275.992;;;1064.37;1;1
4808;0.25;52.3409;30.3;5.41121;40.489;30.7;112;300.897;281.547;276;330;275;275;569.3;569.01;50;276.016;;;1061.47;1;1
4809;0.25;52.3322;30.3;5.44688;40.3848;30.7;110;301.013;281.539;276;330;275;275;569.3;568.866;50;276.045;;;1060.84;1;1
4810;0.25;52.338;30.3;5.41091;40.2836;30.7;115;301.128;281.539;276;330;275;275;569.3;569.01;50;276.074;;;1060.84;1;1
4811;0.25;52.3929;30.3;5.4349;40.3819;30.7;112;301.157;281.561;276;330;275;275;569.444;569.155;50;276.1;;;1059.37;1;1
4812;0.25;51.93;30.3;5.33245;40.489;30.7;105;300.492;281.547;276;330;275;275;569.444;569.01;50;276.123;;;1059.37;1;1
4813;0.25;52.2309;30.3;5.41809;40.2836;30.7;100;300.391;281.547;276;330;275;275;569.444;569.155;50;276.146;;;1059.37;1;1
4814;0.25;52.3351;30.3;5.39233;40.1823;30.7;104;300.376;281.561;276;330;275;275;569.3;569.155;50;276.188;;;1057.48;1;1
4815;0.25;52.5376;30.3;5.4132;40.0116;30.7;101;300.376;281.554;276;330;275;275;569.155;568.866;50;276.224;;;1057.48;1;1
4816;0.25;52.6418;30.3;5.44232;40.1823;30.7;96;300.463;281.561;276;330;275;275;569.3;569.01;50;276.24;;;1055.38;1;1
4817;0.25;52.4392;30.3;5.42138;39.9797;30.7;88;300.608;281.561;276;330;275;275;569.3;569.01;50;276.232;;;1053.95;1;1
4818;0.25;52.338;30.3;5.39263;39.7743;30.7;84;300.68;281.561;276;330;275;275;569.444;569.155;50;276.207;;;1053.95;1;1
4819;0.25;52.0312;30.3;5.34285;39.9769;30.7;82;300.738;281.568;276;330;275;275;569.444;569.3;50;276.174;;;1053.95;1;1
4820;0.25;52.2135;30.3;5.39805;40.2836;30.7;75;300.723;281.561;276;330;275;275;569.444;569.155;50;276.156;"KHP102      ";;1052.68;1;1
4821;0.25;52.338;30.3;5.41091;40.2836;30.7;74;300.68;281.561;276;330;275;275;569.444;569.155;50;276.154;"KHP102      ";;1052.06;1;1
4822;0.25;52.3351;30.3;5.37405;40.1823;30.7;74;300.608;281.561;276;330;275;275;569.444;569.155;50;276.174;;;1052.06;1;1
4823;0.25;52.2772;30.3;5.38637;40.1823;30.7;75;300.535;281.561;276;330;275;275;569.444;569.3;50;276.197;;;1052.06;1;1
4824;0.25;52.4392;30.3;5.3664;40.1881;30.7;68;300.521;281.568;276;330;275;275;569.589;569.444;50;276.222;;;1050.8;1;1
4825;0.25;52.309;30.3;5.38965;40.2402;30.7;65;300.159;281.547;276;330;275;275;569.589;569.444;50;276.243;;;1047.65;1;1
4826;0.25;52.4363;30.3;5.3661;40.1534;30.7;69;300.579;281.554;276;330;275;275;569.589;569.3;50;276.258;;;1047.65;1;1
4827;0.25;52.3351;30.3;5.35574;40.2836;30.7;72;300.666;281.561;276;330;275;275;569.589;569.3;50;276.274;;;1047.65;1;1
4828;0.25;52.2367;30.3;5.38219;40.2836;30.7;70;300.81;281.561;276;330;275;275;569.589;569.3;50;276.288;;;1046.03;1;1
4829;0.25;52.4392;30.3;5.31144;40.5903;30.7;66;300.868;281.568;276;330;275;275;569.734;569.444;50;276.305;;;1046.03;1;1
4830;0.25;52.3785;30.3;5.3968;40.5903;30.7;56;300.81;281.568;276;330;275;275;569.734;569.444;50;276.324;;;1046.03;1;1
4831;0.25;52.0312;30.3;5.30647;40.2836;30.7;51;300.304;281.554;276;330;275;275;569.878;569.444;50;276.344;;;1044.15;1;1
4832;0.25;52.4363;30.3;5.3661;40.2836;30.7;50;300.694;281.561;276;330;275;275;569.734;569.589;50;276.362;;;1042.89;1;1
4833;0.25;52.4363;30.3;5.38445;40.3877;30.7;40;299.928;281.547;276;330;275;275;569.734;569.444;50;276.39;;;1042.89;1;1
4834;0.25;52.3351;30.3;5.37405;40.3848;30.7;35;299.884;281.547;276;330;275;275;569.589;569.444;50;276.371;;;1040.92;1;1
4835;0.25;52.4363;30.3;5.31115;40.2894;30.7;40;299.957;281.547;276;330;275;275;569.589;569.444;50;276.326;;;1040.92;1;1
4836;0.25;52.2078;30.3;5.34271;40.3241;30.7;42;300.087;281.908;276;330;275;275;569.734;569.444;50;276.289;;;1040.29;1;1
4837;0.25;52.2367;30.3;5.34567;40.3848;30.7;42;300.159;281.916;276;330;275;275;569.589;569.444;50;276.256;;;1040.29;1;1
4838;0.25;52.1904;30.3;5.34093;40.3877;30.7;39;299.783;281.771;276;330;275;275;569.589;569.444;50;276.227;;;1040.29;1;1
4839;0.25;52.037;30.3;5.30706;40.2836;30.7;45;299.725;281.814;276;330;275;275;569.589;569.444;50;276.202;;;1038.41;1;1
4840;0.25;52.6447;30.3;5.38742;40.1823;30.7;60;299.638;281.829;276;330;275;275;569.444;569.155;50;276.183;;;1037.71;1;1
4841;0.25;52.5405;30.3;5.39514;40.2865;30.7;63;298.828;281.785;276;330;275;275;569.444;569.155;50;276.182;;;1037.35;1;1
4842;0.25;52.6418;30.3;5.36874;39.9797;30.7;65;298.915;281.568;276;330;275;275;569.3;569.155;50;276.187;;;1034.21;1;1
4843;0.25;52.3756;30.3;5.37821;39.8785;30.7;82;299.016;281.568;276;330;275;275;569.3;569.155;50;276.209;;;1034.18;1;1
4844;0.25;52.2367;30.3;5.29093;40.0868;30.7;89;298.828;281.568;276;330;275;275;569.444;569.3;50;276.253;;;1034.18;1;1
4845;0.25;52.3351;30.3;5.37405;40.3993;30.7;93;298.799;281.561;276;330;275;275;569.589;569.3;50;276.285;;;1033.56;1;1
4846;0.25;51.93;30.3;5.29614;40.2778;30.7;100;298.741;281.8;276;330;275;275;569.444;569.3;50;276.31;;;1033.45;1;1
4847;0.25;52.0312;30.3;5.30647;40.1765;30.7;107;297.975;281.843;276;330;275;275;569.589;569.3;50;276.346;;;1032.82;1;1
4848;0.25;52.1586;30.3;5.31946;40.2836;30.7;112;297.902;281.561;276;330;275;275;569.589;569.3;50;276.395;;;1030.94;1;1
4849;0.25;52.2338;30.3;5.3819;40.1823;30.7;110;297.83;281.554;276;330;275;275;569.589;569.444;50;276.437;;;1030.32;1;1
4850;0.25;52.4392;30.3;5.32976;40.1823;30.7;109;297.946;281.554;276;330;275;275;569.734;569.589;50;276.467;;;1029.07;1;1
4851;0.25;52.2367;30.3;5.34567;40.1823;30.7;106;298.047;281.583;276;330;275;275;569.878;569.589;50;276.484;;;1028.44;1;1
4852;0.25;52.3322;30.2;5.00015;40.1823;30.7;96;298.047;281.583;276;330;275;275;569.734;569.589;50;276.476;;;1027.19;1;1
4853;0.25;52.1991;30.2;5.02393;40.4861;30.7;87;297.931;281.547;276;330;275;275;569.589;569.444;50;276.455;;;1026.56;1;1
4854;0.25;52.1528;30.2;4.98301;40.2836;30.7;85;297.83;281.547;276;330;275;275;569.444;569.3;50;276.423;;;1025.78;1;1
4855;0.25;52.4392;30.2;5.06536;40.1823;30.7;82;297.786;281.59;276;330;275;275;569.589;569.444;50;276.386;;;1025.78;1;1
4856;0.25;52.6418;30.2;5.01134;40.2836;30.7;77;297.888;281.59;276;330;275;275;569.734;569.444;50;276.363;;;1022.66;1;1
4857;0.25;52.4537;30.2;5.01176;40.2836;30.7;75;298.003;281.583;276;330;275;275;569.734;569.444;50;276.344;;;1022.66;1;1
4858;0.25;52.5405;30.2;5.0017;40.2836;30.7;77;298.076;281.539;276;330;275;275;569.589;569.444;50;276.328;;;1022.66;1;1
4859;0.25;52.4363;30.2;5.0101;40.3675;30.7;78;298.047;281.547;276;330;275;275;569.589;569.444;50;276.314;;;1020.78;1;1
4860;0.25;52.3322;30.2;5.01843;40.5903;30.7;82;297.902;281.59;276;330;275;275;569.734;569.589;50;276.293;;;1020.16;1;1
4861;0.25;52.5405;30.2;5.02005;40.5903;30.7;87;297.786;281.576;276;330;275;275;569.734;569.589;50;276.263;;;1019.53;1;1
4862;0.25;52.5405;30.2;5.02005;40.3848;30.7;92;297.801;281.561;276;330;275;275;569.734;569.444;50;276.22;;;1018.29;1;1
4863;0.25;52.2396;30.2;5.02783;40.2836;30.7;93;297.844;281.547;276;330;275;275;569.734;569.589;50;276.171;;;1018.29;1;1
4864;0.25;52.4392;30.2;5.04704;40.2865;30.7;96;297.946;281.583;276;330;275;275;569.734;569.589;50;276.139;;;1017.19;1;1
4865;0.25;52.6418;30.2;4.99295;40.4716;30.7;102;298.018;281.59;276;330;275;275;569.878;569.734;50;276.123;;;1016.12;1;1
4866;0.25;52.4392;30.2;5.01038;40.4311;30.7;113;298.061;281.59;276;330;275;275;570.023;569.878;50;276.112;;;1016.12;1;1
4867;0.25;52.555;30.2;5.03979;40.3704;30.7;122;298.018;281.554;276;330;275;275;570.023;569.878;50;276.103;;;1013.62;1;1
4868;0.25;52.2338;30.2;5.04552;40.0984;30.7;130;297.917;281.547;276;330;275;275;570.168;569.878;50;276.089;;;1013.62;1;1
4869;0.25;52.1325;30.2;4.98107;39.9045;30.7;138;297.815;281.583;276;330;275;275;570.023;569.878;50;276.079;;;1013.62;1;1
4870;0.25;52.3351;30.2;5.0553;39.783;30.7;143;297.917;281.568;276;330;275;275;570.023;569.734;50;276.073;;;1011.61;1;1
4871;0.25;52.3351;30.2;5.0553;39.8785;30.7;143;298.683;281.568;276;330;275;275;569.878;569.734;50;276.073;;;1010.99;1;1
4872;0.25;52.2338;30.2;5.009;39.9797;30.7;133;298.394;281.547;276;330;275;275;569.878;569.589;50;276.075;;;1010.99;1;1
4873;0.25;52.4537;30.2;5.03008;40.1823;30.7;142;298.452;281.59;276;330;275;275;569.878;569.734;50;276.078;;;1009.74;1;1
4874;0.25;52.7459;30.2;5.07656;40.0839;30.7;143;298.553;281.583;276;330;275;275;569.734;569.589;50;276.087;;;1009.12;1;1
4875;0.25;52.8472;30.2;5.06782;40.3877;30.7;143;299.045;281.583;276;330;275;275;569.878;569.589;50;276.109;;;1008.5;1;1
4876;0.25;52.5376;30.2;5.05651;40.5903;30.7;139;298.958;281.554;276;330;275;275;569.734;569.589;50;276.132;;;1007.25;1;1
4877;0.25;52.2338;30.2;5.04552;40.4832;30.7;135;298.843;281.424;276;330;275;275;569.878;569.589;50;276.159;;;1006.42;1;1
4878;0.25;52.2367;30.2;5.02755;40.217;30.7;135;299.089;281.445;276;330;275;275;569.734;569.589;50;276.166;;;1005.8;1;1
4879;0.25;52.2888;30.2;5.01427;40.2633;30.7;129;299.204;281.445;276;330;275;275;569.734;569.444;50;276.182;;;1003.85;1;1
4880;0.25;52.4392;30.2;5.06536;40.3877;30.7;121;299.32;281.445;276;330;275;275;569.734;569.444;50;276.195;;;1003.23;1;1
4881;0.25;52.2454;30.2;5.02838;40.1823;30.7;116;300.101;281.185;276;330;275;275;569.734;569.589;50;276.218;;;1001.18;1;1
4882;0.25;52.338;30.2;5.01898;40.2836;30.8;104;299.986;281.199;276;330;275;275;569.734;569.444;50;276.238;;;1000.56;1;1
4883;0.25;52.4392;30.2;5.06536;40.489;30.8;91;300.68;281.207;276;330;275;275;569.878;569.589;50;276.259;;;1000.56;1;1
4884;0.25;52.3351;30.2;5.01871;40.489;30.8;78;300.246;281.438;276;330;275;275;569.878;569.589;50;276.284;;;1000.06;1;1
4885;0.25;52.2338;30.2;5.04552;40.2836;30.8;64;300.593;281.17;276;330;275;275;569.878;569.734;50;276.305;;;998.553;1;1
4886;0.25;52.1325;30.2;5.01752;40.2836;30.8;56;300.955;281.199;276;330;275;275;569.878;569.734;50;276.327;;;997.932;1;1
4887;0.25;52.2627;30.3;5.34834;40.1823;30.8;48;301.056;281.192;276;330;275;275;569.878;569.589;50;276.348;;;997.312;1;1
4888;0.25;52.5289;30.3;5.43066;40.081;30.8;37;301.143;281.17;276;330;275;275;569.878;569.734;50;276.359;;;996.877;1;1
4889;0.25;52.3351;30.3;5.33746;39.8785;30.8;30;301.114;281.17;276;330;275;275;569.878;569.734;50;276.358;;;996.877;1;1
4890;0.25;51.93;30.3;5.35059;39.7743;30.8;25;301.013;281.156;276;330;275;275;569.878;569.734;50;276.36;;;996.257;1;1
4891;0.25;52.1296;30.3;5.40758;39.9797;30.8;22;300.94;281.185;276;330;275;275;569.878;569.589;50;276.364;;;995.637;1;1
4892;0.25;52.3351;30.3;5.42889;40.4514;30.8;16;300.883;281.192;276;330;275;275;569.734;569.444;50;276.357;;;993.82;1;1
4893;0.25;52.4566;30.3;5.4415;40.1794;30.8;12;300.984;281.17;276;330;275;275;569.734;569.444;50;276.351;;;993.201;1;1
4894;0.25;52.2338;30.3;5.36365;40.081;30.8;1;301.085;281.156;276;330;275;275;569.878;569.444;50;276.345;;;993.201;1;1
4895;0.25;52.5405;30.3;5.4135;39.9769;30.8;0;300.839;281.561;276;330;275;275;569.878;569.444;50;276.338;;;993.201;1;1
4896;0.25;52.4392;30.3;5.40306;39.8785;30.8;1;300.723;281.576;276;330;275;275;569.878;569.589;50;276.337;;;992.581;1;1
4897;0.25;52.1296;30.3;5.33472;40.081;30.8;8;300.666;281.576;276;330;275;275;570.023;569.734;50;276.344;;;991.48;1;1
4898;0.25;52.4219;30.3;5.47453;40.1823;30.8;14;300.014;281.576;276;330;275;275;570.023;569.734;50;276.347;;;989.576;1;1
4899;0.25;52.6418;30.3;5.46071;40.0347;30.8;21;299.913;281.561;276;330;275;275;569.878;569.589;50;276.342;;;988.6;1;1
4900;0.25;52.6418;30.3;5.42393;40.081;30.8;23;299.45;281.583;276;330;275;275;569.734;569.444;50;276.337;;;988.419;1;1
4901;0.25;51.9994;30.3;5.37591;40.081;30.8;26;299.494;281.576;276;330;275;275;569.878;569.589;50;276.333;;;986.564;1;1
4902;0.25;51.7245;30.3;5.34749;40.1852;30.8;38;298.929;281.568;276;330;275;275;569.878;569.734;50;276.326;;;985.945;1;1
4903;0.25;52.0139;30.3;5.34107;40.2865;30.8;43;299.089;281.554;276;330;275;275;570.023;569.734;50;276.305;;;985.442;1;1
4904;0.25;52.3351;30.3;5.39233;40.3877;30.7;51;298.727;281.561;276;330;275;275;569.878;569.589;50;276.264;;;984.824;1;1
4905;0.25;52.5434;30.3;5.43215;40.489;30.7;65;298.582;281.583;276;330;275;275;569.878;569.589;50;276.213;;;982.971;1;1
4906;0.25;52.5405;30.3;5.46856;40.4861;30.7;78;297.902;281.583;276;330;275;275;569.734;569.734;50;276.155;;;981.736;1;1
4907;0.25;52.4363;30.3;5.38445;40.2836;30.7;91;297.844;281.576;276;330;275;275;569.878;569.589;50;276.106;;;981.736;1;1
4908;0.25;52.5145;30.3;5.39247;40.3848;30.7;101;297.439;281.554;276;330;275;275;569.878;569.734;50;276.058;;;981.119;1;1
4909;0.25;52.8443;30.3;5.40785;40.3877;30.7;121;297.497;281.561;276;330;275;275;569.878;569.734;50;276.021;;;980.786;1;1
4910;0.25;52.4711;30.3;5.443;40.2836;30.7;144;296.962;281.576;276;330;275;275;570.023;569.734;50;275.99;;;979.856;1;1
4911;0.25;52.3756;30.3;5.45139;40.2836;30.7;161;297.049;281.583;276;330;275;275;569.878;569.734;50;275.978;;;979.856;1;1
4912;0.25;52.5405;30.3;5.43185;40.081;30.7;166;297.034;281.561;276;330;275;275;569.878;569.734;50;275.981;;;979.239;1;1
4913;0.25;52.3351;30.3;5.41061;40.1823;30.6;183;296.947;281.554;276;330;275;275;569.878;569.734;50;275.983;;;978.005;1;1
4914;0.25;52.5405;30.3;5.4135;40.3848;30.6;192;296.817;281.547;276;330;275;275;569.878;569.734;50;275.983;;;977.516;1;1
4915;0.25;52.1499;30.3;5.39147;40.2836;30.6;194;296.788;281.583;276;330;275;275;570.023;569.734;50;275.973;;;975.667;1;1
4916;0.25;52.1209;30.3;5.35206;40.1215;30.6;202;296.846;281.576;276;330;275;275;569.878;569.734;50;275.964;;;974.435;1;1
4917;0.25;52.5029;30.3;5.48299;40.0839;30.6;206;297.208;281.554;276;330;275;275;569.878;569.734;50;275.952;;;973.819;1;1
4918;0.25;52.5637;30.3;5.45261;40.1823;30.6;208;297.266;281.547;276;330;275;275;569.878;569.734;50;275.933;;;973.819;1;1
4919;0.25;52.6186;30.2;5.06431;40.3848;30.6;205;298.061;281.583;276;330;275;275;569.878;569.589;50;275.907;;;973.819;1;1
4920;0.25;52.6418;30.2;5.08492;40.4051;30.6;201;298.003;281.424;276;330;275;275;569.878;569.589;50;275.881;;;973.203;1;1
4921;0.25;52.4363;30.2;5.12003;40.3848;30.6;201;298.163;281.395;276;330;275;275;569.878;569.589;50;275.86;;;973.203;1;1
4922;0.25;52.3351;30.2;5.07358;40.081;30.6;200;298.38;281.424;276;330;275;275;569.734;569.444;50;275.843;;;972.587;1;1
4923;0.25;52.3611;30.2;5.0944;40.1823;30.6;185;298.843;281.431;276;330;275;275;569.734;569.589;50;275.847;;;971.543;1;1
4924;0.25;52.4392;30.2;5.102;40.0376;30.7;182;299.074;281.431;276;330;275;275;569.734;569.589;50;275.865;;;970.928;1;1
4925;0.25;52.6418;30.2;5.10331;39.8785;30.7;182;299.899;281.424;276;330;275;275;569.589;569.444;50;275.88;;;970.928;1;1
4926;0.25;52.6418;30.2;5.10331;39.7772;30.7;176;300.13;281.424;276;330;275;275;569.444;569.3;50;275.886;;;968.499;1;1
4927;0.25;52.338;30.2;5.11043;39.9797;30.7;161;300.796;281.17;276;330;275;275;569.589;569.444;50;275.884;;;967.016;1;1
4928;0.25;52.5405;30.3;5.45021;40.081;30.7;151;301.143;281.424;276;330;275;275;569.444;569.3;50;275.882;;;967.016;1;1
4929;0.25;52.4363;30.3;5.42108;39.7772;30.7;143;301.259;281.17;276;330;275;275;569.444;569.3;50;275.873;;;966.33;1;1
4930;0.25;52.1325;30.3;5.4261;39.9537;30.8;136;301.91;281.17;276;330;275;275;569.444;569.3;50;275.862;;;965.101;1;1
4931;0.25;52.1325;30.3;5.35325;40.081;30.8;120;301.91;281.17;276;330;275;275;569.444;569.155;50;275.839;;;963.015;1;1
4932;0.25;52.0312;30.3;5.3792;40.0087;30.8;104;302.619;281.178;276;330;275;275;569.444;569.3;50;275.847;;;962.84;1;1
4933;0.25;52.3351;30.3;5.39233;39.9769;30.8;107;303.096;281.17;276;330;275;275;569.589;569.444;50;275.873;;;962.84;1;1
4934;0.25;52.338;30.3;5.39263;39.9797;30.8;93;303.197;281.17;276;330;275;275;569.589;569.3;50;275.903;;;961.038;1;1
4935;0.25;52.5405;30.3;5.45021;40.1823;30.8;79;303.646;281.17;276;330;275;275;569.589;569.3;50;275.94;;;959.811;1;1
4936;0.25;52.4624;30.3;5.40545;40.3877;30.8;74;303.545;281.178;276;330;275;275;569.589;569.444;50;275.973;;;959.145;1;1
4937;0.25;52.7315;30.3;5.48844;40.5903;30.9;60;303.559;281.185;276;330;275;275;569.589;569.444;50;276.01;;;957.919;1;1
4938;0.25;52.5405;30.4;5.77021;40.3848;30.9;49;303.964;281.178;276;330;275;275;569.589;569.444;50;276.033;;;957.919;1;1
4939;0.25;52.2338;30.4;5.71828;40.1823;30.9;42;304.08;281.178;276;330;275;275;569.589;569.3;50;276.054;;;957.17;1;1
4940;0.25;52.4103;30.4;5.70096;40.2836;30.9;31;304.196;281.185;276;330;275;275;569.444;569.155;50;276.052;;;955.944;1;1
4941;0.25;52.2338;30.4;5.73653;40.081;30.9;26;304.225;281.185;276;330;275;275;569.589;569.3;50;276.011;;;954.107;1;1
4942;0.25;52.2338;30.4;5.75478;40.1476;30.9;19;304.123;281.547;276;330;275;275;569.589;569.3;50;275.947;;;954.107;1;1
4943;0.25;52.4392;30.4;5.74077;40.1823;30.9;14;304.022;281.547;276;330;275;275;569.589;569.3;50;275.885;;;953.495;1;1
4944;0.25;52.4479;30.4;5.76004;40.3183;30.9;14;303.95;281.554;276;330;275;275;569.444;569.3;50;275.832;;;952.883;1;1
4945;0.25;52.5405;30.4;5.75186;40.2836;30.9;16;304.008;281.554;276;330;275;275;569.589;569.3;50;275.799;"KHP102      ";;952.271;1;1
4946;0.25;52.5492;30.4;5.75281;40.1649;30.9;16;304.123;281.554;276;330;275;275;569.589;569.3;50;275.778;;;951.659;1;1
4947;0.25;52.555;30.4;5.73508;39.9826;30.9;21;303.834;281.547;276;330;275;275;569.444;569.3;50;275.769;;;951.047;1;1
4948;0.25;52.5839;30.5;6.07688;39.8785;30.9;28;303.631;281.547;276;330;275;275;569.589;569.3;50;275.768;;;948.45;1;1
4949;0.25;52.6418;30.5;6.08357;39.9797;30.9;40;303.545;281.554;276;330;275;275;569.444;569.3;50;275.775;;;947.838;1;1
4950;0.25;52.2483;30.5;6.01982;39.8785;30.9;55;303.009;281.554;276;330;275;275;569.589;569.3;50;275.79;;;947.838;1;1
4951;0.25;52.1325;30.5;6.02472;39.9797;30.9;74;302.937;281.59;276;330;275;275;569.734;569.444;50;275.803;;;946.565;1;1
4952;0.25;52.1528;30.5;6.0635;40.1244;30.9;77;302.431;281.547;276;330;275;275;569.734;569.444;50;275.829;;;946.565;1;1
4953;0.25;52.1325;30.5;5.98827;40.1823;30.9;86;302.503;281.547;276;330;275;275;569.589;569.3;50;275.871;;;945.955;1;1
4954;0.25;51.93;30.5;6.03759;39.9971;30.8;90;302.098;281.547;276;330;275;275;569.589;569.3;50;275.919;;;945.089;1;1
4955;0.25;52.2569;30.5;6.0391;40.081;30.8;93;302.185;281.547;276;330;275;275;569.444;569.3;50;275.953;;;944.479;1;1
4956;0.25;52.2338;30.5;6.07292;40.2865;30.8;102;301.476;281.547;276;330;275;275;569.589;569.444;50;275.972;"KHP102      ";;942.108;1;1
4957;0.25;52.0312;30.5;5.94028;40.1823;30.8;100;301.331;281.547;276;330;275;275;569.589;569.444;50;275.986;;;942.108;1;1
4958;0.25;52.1325;30.5;5.95185;39.9769;30.8;104;301.215;281.539;276;330;275;275;569.589;569.444;50;275.99;;;941.433;1;1
4959;0.25;52.1296;30.5;6.00615;39.8785;30.8;108;300.883;281.539;276;330;275;275;569.589;569.444;50;275.991;;;940.783;1;1
4960;0.25;52.2338;30.5;5.9999;40.0723;30.8;104;300.969;281.539;276;330;275;275;569.734;569.444;50;275.98;;;939.564;1;1
4961;0.25;52.4219;30.4;5.61066;39.673;30.7;100;301.071;281.547;276;330;275;275;569.734;569.444;50;275.971;;;939.211;1;1
4962;0.25;52.3351;30.4;5.63793;39.673;30.7;106;301.157;281.554;276;330;275;275;569.589;569.3;50;275.966;;;938.601;1;1
4963;0.25;52.4161;30.4;5.62835;39.8756;30.7;108;301.128;281.554;276;330;275;275;569.444;569.155;50;275.981;;;938.601;1;1
4964;0.25;52.2338;30.4;5.62702;39.9797;30.7;108;301.042;281.547;276;330;275;275;569.444;569.155;50;276.001;;;936.773;1;1
4965;0.25;52.2338;30.4;5.60877;39.8756;30.7;107;300.955;281.547;276;330;275;275;569.444;569.155;50;276.009;;;936.164;1;1
4966;0.25;52.7893;30.4;5.68687;39.8785;30.7;104;300.883;281.547;276;330;275;275;569.3;569.01;50;276;;;934.947;1;1
4967;0.25;52.8675;30.4;5.65835;39.8756;30.7;103;300.955;281.547;276;330;275;275;569.3;569.01;50;275.99;;;933.121;1;1
4968;0.25;52.6418;30.4;5.63419;40.081;30.7;99;301.071;281.554;276;330;275;275;569.3;569.01;50;275.992;;;933.121;1;1
4969;0.25;52.1296;30.4;5.52475;40.1823;30.7;99;300.376;281.554;276;330;275;275;569.3;569.155;50;275.993;;;932.512;1;1
4970;0.25;52.0312;30.4;5.5325;40.0781;30.7;98;301.085;281.561;276;330;275;275;569.155;569.01;50;275.984;;;931.904;1;1
4971;0.25;51.9589;30.4;5.5248;39.9797;30.7;97;300.984;281.561;276;330;275;275;569.3;569.155;50;275.974;;;931.296;1;1
4972;0.25;52.0428;30.4;5.55191;39.9797;30.7;97;300.897;281.561;276;330;275;275;569.3;569.01;50;275.965;;;931.296;1;1
4973;0.25;52.1325;30.4;5.54326;39.9797;30.7;96;300.94;281.561;276;330;275;275;569.3;569.01;50;275.957;;;929.001;1;1
4974;0.25;52.1354;30.4;5.54357;39.9913;30.7;97;300.998;281.568;276;330;275;275;569.155;569.155;50;275.944;;;927.979;1;1
4975;0.25;52.5376;30.4;5.56798;39.9797;30.7;97;300.897;281.568;276;330;275;275;569.3;569.01;50;275.928;;;927.371;1;1
4976;0.25;52.2338;30.4;5.53578;40.081;30.7;97;300.42;281.554;276;330;275;275;569.3;569.01;50;275.922;;;927.371;1;1
4977;0.25;52.1152;30.4;5.50498;40.1823;30.7;100;300.911;281.561;276;330;275;275;569.3;569.01;50;275.93;;;924.943;1;1
4978;0.25;52.1672;30.4;5.49226;39.8785;30.7;120;300.839;281.561;276;330;275;275;569.3;569.155;50;275.938;"KHP102      ";;924.208;1;1
4979;0.25;52.1325;30.4;5.50681;39.9826;30.7;117;300.723;281.568;276;330;275;275;569.3;569.01;50;275.948;;;923.602;1;1
4980;0.25;52.0312;30.4;5.49612;39.9797;30.7;111;300.666;281.568;276;330;275;275;569.3;569.155;50;275.965;;;923.602;1;1
4981;0.25;52.3351;30.4;5.52821;40.0318;30.7;112;300.651;281.568;276;330;275;275;569.444;569.155;50;275.985;;;921.782;1;1
4982;0.25;52.6418;30.4;5.52383;40.1823;30.7;114;300.709;281.561;276;330;275;275;569.444;569.155;50;276.003;;;921.782;1;1
4983;0.25;52.5608;30.4;5.49696;39.974;30.7;111;300.781;281.561;276;330;275;275;569.444;569.155;50;276.011;;;921.782;1;1
4984;0.25;52.7431;30.4;5.47918;39.9797;30.7;111;300.391;281.554;276;330;275;275;569.3;569.155;50;276.009;;;919.494;1;1
4985;0.25;52.3351;30.4;5.47336;39.9248;30.7;117;300.897;281.568;276;330;275;275;569.444;569.01;50;275.993;;;918.889;1;1
4986;0.25;52.2338;30.4;5.48102;40.081;30.7;118;300.535;281.561;276;330;275;275;569.3;569.01;50;275.974;;;918.889;1;1
4987;0.25;52.0862;30.4;5.42914;39.9797;30.7;113;300.81;281.576;276;330;275;275;569.3;569.01;50;275.954;;;918.283;1;1
4988;0.25;52.1528;30.4;5.47252;39.8785;30.7;102;300.998;281.554;276;330;275;275;569.155;569.01;50;275.937;;;917.677;1;1
4989;0.25;52.1325;30.4;5.43397;39.9797;30.7;104;300.911;281.185;276;330;275;275;569.155;569.01;50;275.927;;;917.072;1;1
4990;0.25;52.4392;30.4;5.46594;40.081;30.7;100;300.883;281.185;276;330;275;275;569.3;569.01;50;275.917;;;915.256;1;1
4991;0.25;52.5405;30.4;5.49485;40.081;30.7;97;300.955;281.185;276;330;275;275;569.3;569.01;50;275.909;;;914.651;1;1
4992;0.25;52.338;30.4;5.49195;40.081;30.7;97;301.085;281.185;276;330;275;275;569.3;569.155;50;275.897;;;912.844;1;1
4993;0.25;52.1296;30.4;5.43367;40.081;30.7;104;301.157;281.192;276;330;275;275;569.3;569.155;50;275.886;;;912.24;1;1
4994;0.25;52.2338;30.4;5.46277;40.0839;30.7;105;301.128;281.199;276;330;275;275;569.3;569.01;50;275.876;;;912.24;1;1
4995;0.25;52.4392;30.4;5.4293;40.081;30.7;105;301.027;281.199;276;330;275;275;569.3;569.01;50;275.875;;;911.979;1;1
4996;0.25;52.3351;30.4;5.41851;39.9797;30.7;106;300.926;281.192;276;330;275;275;569.155;569.01;50;275.889;;;911.979;1;1
4997;0.25;52.3958;30.4;5.47972;39.9682;30.7;112;301.707;281.207;276;330;275;275;569.3;569.01;50;275.913;;;911.306;1;1
4998;0.25;52.6389;30.4;5.43158;39.8958;30.7;114;301.794;281.199;276;330;275;275;569.3;569.155;50;275.931;;;910.097;1;1
4999;0.25;52.5434;30.4;5.42173;39.9797;30.7;109;301.881;281.199;276;330;275;275;569.3;569.01;50;275.94;;;909.493;1;1
5000;0.25;52.6215;30.4;5.46655;39.9103;30.8;108;301.939;281.199;276;330;275;275;569.444;569.155;50;275.957;;;907.96;1;1
5001;0.25;52.8443;30.4;5.47124;40.081;30.7;101;301.968;281.207;276;330;275;275;569.3;569.155;50;275.973;;;907.356;1;1
5002;0.25;52.8443;30.4;5.4897;40.3848;30.8;94;301.881;281.207;276;330;275;275;569.3;569.155;50;275.994;;;907.356;1;1
5003;0.25;52.2338;30.4;5.42628;40.2836;30.8;87;301.765;281.207;276;330;275;275;569.3;569.155;50;276.03;;;905.475;1;1
5004;0.25;52.2338;30.4;5.42628;40.4861;30.8;83;301.707;281.214;276;330;275;275;569.3;569.155;50;276.072;;;904.269;1;1
5005;0.25;52.1325;30.4;5.37933;40.2836;30.8;90;301.345;281.438;276;330;275;275;569.3;569.155;50;276.109;;;903.063;1;1
5006;0.25;52.3351;30.4;5.4368;40.081;30.8;85;301.403;281.46;276;330;275;275;569.444;569.155;50;276.129;;;901.433;1;1
5007;0.25;52.5405;30.4;5.43978;40.081;30.8;80;301.852;281.192;276;330;275;275;569.444;569.155;50;276.138;;;901.433;1;1
5008;0.25;52.691;30.4;5.43695;40.055;30.8;79;301.924;281.199;276;330;275;275;569.444;569.155;50;276.149;;;900.831;1;1
5009;0.25;52.4421;30.4;5.44792;39.9769;30.8;74;301.939;281.192;276;330;275;275;569.444;569.155;50;276.178;;;900.336;1;1
5010;0.25;52.581;30.4;5.40724;40.081;30.8;64;301.91;281.467;276;330;275;275;569.444;569.155;50;276.221;"KHP102      ";;900.336;1;1
5011;0.25;52.6418;30.4;5.43188;40.081;30.8;55;301.418;281.467;276;330;275;275;569.444;569.3;50;276.258;;;898.726;1;1
5012;0.25;52.4363;30.4;5.41068;39.9797;30.8;44;301.317;281.438;276;330;275;275;569.444;569.3;50;276.273;;;898.124;1;1
5013;0.25;52.6418;30.4;5.45027;39.9797;30.8;44;301.288;281.431;276;330;275;275;569.444;569.155;50;276.276;;;897.522;1;1
5014;0.25;52.5318;30.4;5.36545;39.9797;30.8;39;301.317;281.438;276;330;275;275;569.589;569.3;50;276.268;;;895.717;1;1
5015;0.25;52.3351;30.4;5.38195;39.8785;30.8;28;301.389;281.46;276;330;275;275;569.589;569.155;50;276.26;;;895.717;1;1
5016;0.25;52.228;30.4;5.42567;39.7743;30.8;19;301.49;281.46;276;330;275;275;569.444;569.155;50;276.254;;;895.115;1;1
5017;0.25;52.4363;30.4;5.37402;39.8756;30.8;14;301.157;281.445;276;330;275;275;569.444;569.155;50;276.245;;;893.694;1;1
5018;0.25;52.4363;30.4;5.41068;39.9797;30.8;0;301.1;281.445;276;330;275;275;569.444;569.3;50;276.234;;;892.712;1;1
5019;0.25;52.1325;30.4;5.36112;40.1997;30.7;0;300.998;281.467;276;330;275;275;569.444;569.3;50;276.219;;;892.111;1;1
5020;0.25;52.1383;30.4;5.37993;40.2141;30.7;6;300.333;281.453;276;330;275;275;569.589;569.3;50;276.205;;;891.51;1;1
5021;0.25;52.338;30.4;5.36394;40.1852;30.7;13;300.318;281.424;276;330;275;275;569.589;569.444;50;276.191;;;891.51;1;1
5022;0.25;52.1586;30.4;5.34555;40.0637;30.7;22;300.362;281.424;276;330;275;275;569.878;569.589;50;276.171;;;888.454;1;1
5023;0.25;52.3235;30.4;5.36245;40.081;30.7;28;299.957;281.409;276;330;275;275;569.734;569.444;50;276.152;;;887.854;1;1
5024;0.25;52.3611;30.4;5.40292;40.0839;30.7;34;300.072;281.445;276;330;275;275;569.589;569.444;50;276.135;;;887.854;1;1
5025;0.25;52.1325;30.4;5.36112;39.8785;30.7;47;299.624;281.445;276;330;275;275;569.589;569.444;50;276.119;;;886.24;1;1
5026;0.25;51.9329;30.4;5.30428;39.8785;30.7;58;299.624;281.387;276;330;275;275;569.444;569.155;50;276.1;"KHP102      ";;886.24;1;1
5027;0.25;52.1325;30.4;5.36112;40.0492;30.7;72;298.944;281.402;276;330;275;275;569.444;569.155;50;276.098;;;885.64;1;1
5028;0.25;52.2338;30.4;5.35326;40.081;30.7;90;298.38;281.438;276;330;275;275;569.3;569.155;50;276.098;;;883.842;1;1
5029;0.25;52.3351;30.4;5.32708;40.2836;30.7;100;298.365;281.387;276;330;275;275;569.3;569.01;50;276.093;;;883.842;1;1
5030;0.25;52.5405;30.4;5.42143;40.1823;30.7;110;297.902;281.17;276;330;275;275;569.3;569.155;50;276.084;;;882.044;1;1
5031;0.25;52.4508;30.3;5.07439;40.1823;30.7;118;298.003;281.178;276;330;275;275;569.3;569.155;50;276.054;;;880.887;1;1
5032;0.25;52.6273;30.3;5.07308;40.1823;30.7;129;298.003;281.387;276;330;275;275;569.3;569.155;50;276.025;;;880.887;1;1
5033;0.25;52.5405;30.3;5.11978;40.0781;30.7;139;298.032;281.38;276;330;275;275;569.444;569.3;50;276;;;879.798;1;1
5034;0.25;52.5492;30.3;5.08391;40.0405;30.6;143;297.685;281.366;276;330;275;275;569.589;569.3;50;275.98;;;879.199;1;1
5035;0.25;52.7431;30.3;5.08424;40.1794;30.6;152;297.598;281.315;276;330;275;275;569.589;569.3;50;275.962;;;879.199;1;1
5036;0.25;52.5405;30.3;5.08307;40.1794;30.6;173;297.526;281.359;276;330;275;275;569.589;569.444;50;275.952;;;878.601;1;1
5037;0.25;52.5405;30.3;5.04633;40.1823;30.6;180;297.512;281.351;276;330;275;275;569.589;569.444;50;275.952;;;878.601;1;1
5038;0.25;52.1325;30.3;4.97072;40.081;30.6;181;297.584;281.33;276;330;275;275;569.589;569.444;50;275.945;;;878.002;1;1
5039;0.25;52.3409;30.3;5.08204;39.8785;30.6;182;297.642;281.272;276;330;275;275;569.444;569.3;50;275.94;;;875.013;1;1
5040;0.25;52.4392;30.3;5.12823;39.7743;30.6;188;297.975;281.25;276;330;275;275;569.444;569.3;50;275.935;;;875.013;1;1
5041;0.25;52.2367;30.3;5.07192;40.055;30.6;191;298.061;281.257;276;330;275;275;569.444;569.155;50;275.914;"KHP102      ";;874.368;1;1
5042;0.25;52.338;30.3;5.08175;39.9797;30.6;183;298.018;281.293;276;330;275;275;569.444;569.155;50;275.878;;;874.368;1;1
5043;0.25;52.338;30.3;5.02688;40.1823;30.6;181;298.741;281.293;276;330;275;275;569.444;569.155;50;275.858;"KHP102      ";;872.576;1;1
5044;0.25;52.6389;30.2;4.71679;40.1823;30.6;180;298.09;281.293;276;330;275;275;569.444;569.155;50;275.84;;;871.382;1;1
5045;0.25;52.7431;30.2;4.78143;40.1823;30.7;184;298.843;281.25;276;330;275;275;569.444;569.155;50;275.816;;;871.382;1;1
5046;0.25;52.8009;30.2;4.69442;40.081;30.7;181;299.638;281.293;276;330;275;275;569.444;569.155;50;275.791;;;871.148;1;1
5047;0.25;52.9456;30.2;4.74428;40.081;30.7;173;299.725;281.315;276;330;275;275;569.3;569.155;50;275.78;;;869.954;1;1
5048;0.25;52.7749;30.2;4.72898;40.2344;30.7;169;300.101;281.293;276;330;275;275;569.444;569.155;50;275.771;;;869.954;1;1
5049;0.25;52.7488;30.2;4.7451;40.2778;30.7;171;300.116;281.243;276;330;275;275;569.589;569.3;50;275.761;;;868.819;1;1
5050;0.25;52.7431;30.2;4.763;40.3848;30.7;169;300.289;281.25;276;330;275;275;569.444;569.155;50;275.765;;;868.223;1;1
5051;0.25;52.5376;30.3;5.04605;40.3877;30.7;161;300.998;281.264;276;330;275;275;569.589;569.155;50;275.787;;;867.16;1;1
5052;0.25;52.6418;30.3;5.03767;40.3848;30.8;161;300.897;281.315;276;330;275;275;569.444;569.3;50;275.818;;;866.19;1;1
5053;0.25;52.4363;30.3;5.07299;40.2836;30.8;154;301.157;281.308;276;330;275;275;569.589;569.3;50;275.86;;;865.306;1;1
5054;0.25;52.2338;30.3;5.03515;40.3877;30.8;139;301.968;281.257;276;330;275;275;569.589;569.444;50;275.908;;;864.711;1;1
5055;0.25;52.1325;30.3;5.06181;40.3848;30.8;121;302.098;281.272;276;330;275;275;569.589;569.3;50;275.956;;;862.954;1;1
5056;0.25;52.4392;30.3;5.01829;39.9797;30.8;112;302.459;281.33;276;330;275;275;569.589;569.444;50;276.007;;;862.359;1;1
5057;0.25;52.3351;30.3;5.04491;40.1852;30.8;99;302.402;281.33;276;330;275;275;569.589;569.444;50;276.063;;;861.764;1;1
5058;0.25;52.3351;30.3;5.04491;40.1823;30.8;88;303.096;281.337;276;330;275;275;569.444;569.3;50;276.124;;;860.574;1;1
5059;0.25;52.0312;30.3;5.01562;39.8785;30.9;76;303.009;281.315;276;330;275;275;569.3;569.155;50;276.192;;;859.384;1;1
5060;0.25;52.3351;30.3;5.06319;39.9826;30.9;58;303.183;281.301;276;330;275;275;569.444;569.01;50;276.238;;;858.608;1;1
5061;0.25;52.7431;30.3;5.10266;40.1794;30.9;32;303.183;281.351;276;330;275;275;569.444;569.155;50;276.262;;;858.106;1;1
5062;0.25;52.2338;30.3;5.01687;40.1823;30.9;0;304.065;281.322;276;330;275;275;569.444;569.155;50;276.278;;;856.917;1;1
5063;0.25;52.2338;30.4;5.40803;40.081;30.9;0;304.21;281.279;276;330;275;275;569.444;569.3;50;276.297;"KHP102      ";;855.139;1;1
5064;0.25;52.1325;30.4;5.36112;40.081;30.9;0;304.225;281.293;276;330;275;275;569.444;569.155;50;276.336;;;853.974;1;1
5065;0.25;52.0862;30.4;5.39275;40.0203;30.9;0;304.138;281.322;276;330;275;275;569.3;569.155;50;276.402;;;853.38;1;1
5066;0.25;52.1325;30.4;5.30646;39.8785;30.9;0;304.036;281.322;276;330;275;275;569.3;569.01;50;276.467;;;853.38;1;1
5067;0.25;52.4392;30.4;5.44762;40.081;30.9;0;303.964;281.308;276;330;275;275;569.155;569.01;50;276.53;;;853.38;1;1
5068;0.25;52.5405;30.4;5.3847;40.1823;30.9;0;303.226;281.264;276;330;275;275;569.155;569.01;50;276.584;;;853.38;1;1
5069;0.25;52.5926;30.4;5.44518;40.081;30.9;0;303.313;281.25;276;330;275;275;569.155;568.721;50;276.626;;;851.6;1;1
5070;0.25;52.2338;30.4;5.37153;40.1476;30.9;0;303.733;281.409;276;330;275;275;569.01;568.721;50;276.647;;;850.414;1;1
5071;0.25;52.0312;30.4;5.36888;40.1823;30.9;0;303.212;281.301;276;330;275;275;569.01;568.866;50;276.664;;;850.414;1;1
5072;0.25;52.5405;30.4;5.3847;40.3328;30.9;0;303.067;281.272;276;330;275;275;569.155;568.866;50;276.669;;;850.414;1;1
5073;0.25;52.2338;30.4;5.38978;40.2836;30.9;0;302.329;281.264;276;330;275;275;569.155;568.866;50;276.661;;;847.45;1;1
5074;0.25;52.147;30.4;5.36261;40.1823;30.9;0;301.881;281.395;276;330;275;275;569.155;568.866;50;276.665;;;847.45;1;1
5075;0.25;52.338;30.4;5.40053;40.0116;30.9;0;301.91;281.395;276;330;275;275;569.01;568.866;50;276.668;;;847.45;1;1
5076;0.25;52.0428;30.4;5.31551;39.9797;30.9;0;301.678;281.387;276;330;275;275;569.01;568.721;50;276.671;;;847.45;1;1
5077;0.25;52.1325;30.4;5.34288;39.9797;30.9;0;301.1;281.38;276;330;275;275;569.01;568.721;50;276.673;;;846.952;1;1
5078;0.25;52.4768;30.4;5.35984;39.9797;30.9;0;301.085;281.373;276;330;275;275;568.866;568.576;50;276.664;;;844.583;1;1
5079;0.25;52.3322;30.4;5.4365;40.1823;30.9;0;300.723;281.395;276;330;275;275;568.866;568.432;50;276.626;;;844.343;1;1
5080;0.25;52.2367;30.4;5.33531;40.081;30.8;0;299.942;281.373;276;330;275;275;568.866;568.576;50;276.538;;;843.751;1;1
5081;0.25;52.2367;30.4;5.37183;39.9826;30.8;0;299.566;281.359;276;330;275;275;568.866;568.576;50;276.427;;;842.568;1;1
5082;0.25;52.1296;30.4;5.36082;39.8495;30.8;0;299.552;281.359;276;330;275;275;568.866;568.432;50;276.311;;;841.833;1;1
5083;0.25;52.0312;30.4;5.3325;39.6094;30.8;0;298.843;281.373;276;330;275;275;568.576;568.287;50;276.19;;;841.241;1;1
5084;0.25;51.4207;30.4;5.26993;39.4705;30.8;0;298.712;281.337;276;330;275;275;568.576;568.432;50;276.06;;;839.468;1;1
5085;0.25;51.114;30.4;5.2385;39.4705;30.8;0;298.061;281.315;276;330;275;275;568.721;568.432;50;275.958;"KHP102      ";;839.468;1;1
5086;0.25;51.114;30.4;5.22064;39.4705;30.8;5;298.134;281.554;276;330;275;275;568.576;568.287;50;275.895;;;837.695;1;1
5087;0.25;51.088;30.4;5.28939;39.3692;30.7;31;297.396;281.547;276;330;275;275;568.576;568.287;50;275.853;;;837.105;1;1
5088;0.25;50.8102;30.4;5.26063;39.3692;30.7;63;296.832;281.547;276;330;275;275;568.576;568.432;50;275.816;;;837.105;1;1
5089;0.25;51.0127;30.4;5.2816;39.3692;30.7;107;296.716;281.576;276;330;275;275;568.721;568.432;50;275.788;;;836.514;1;1
5090;0.25;51.114;30.4;5.27423;39.3692;30.7;157;296.238;281.561;276;330;275;275;568.721;568.432;50;275.786;;;836.514;1;1
5091;0.25;51.114;30.3;4.9272;39.4705;30.7;197;295.891;281.561;276;330;275;275;568.721;568.432;50;275.796;;;835.334;1;1
5092;0.25;51.0127;30.3;4.93526;39.265;30.7;214;295.92;281.576;276;330;275;275;568.721;568.432;50;275.827;;;833.564;1;1
5093;0.25;51.2153;30.3;4.90116;39.1667;30.7;236;295.92;281.568;276;330;275;275;568.721;568.432;50;275.893;;;832.974;1;1
5094;0.25;51.2934;30.3;4.9445;39.0451;30.7;254;295.124;281.539;276;330;275;275;568.721;568.432;50;275.965;;;831.846;1;1
5095;0.25;50.9086;30.3;4.92518;39.0625;30.7;257;295.009;281.547;276;330;275;275;568.721;568.432;50;276.018;;;831.201;1;1
5096;0.25;50.7089;30.3;4.87041;39.2679;30.7;270;295.833;281.547;276;330;275;275;568.721;568.432;50;276.056;;;831.201;1;1
5097;0.25;51.1053;30.3;4.97993;39.4705;30.7;273;295.732;281.576;276;330;275;275;568.866;568.576;50;276.072;;;828.844;1;1
5098;0.25;51.0127;30.3;4.88177;39.4705;30.7;261;296.542;281.539;276;330;275;275;568.721;568.432;50;276.08;;;828.255;1;1
5099;0.25;51.3194;30.3;4.91113;39.3692;30.7;246;296.267;281.539;276;330;275;275;568.721;568.432;50;276.094;;;827.078;1;1
5100;0.25;51.0793;30.3;4.92386;39.4444;30.7;236;297.063;281.561;276;330;275;275;568.576;568.287;50;276.095;;;826.489;1;1
5101;0.25;50.6047;30.2;4.55222;39.4068;30.7;236;297.15;281.547;276;330;275;275;568.576;568.287;50;276.09;;;825.901;1;1
5102;0.25;50.706;30.2;4.59676;39.4705;30.7;209;297.873;281.547;276;330;275;275;568.576;568.287;50;276.088;;;825.312;1;1
5103;0.25;50.6916;30.2;4.5423;39.4097;30.7;191;298.582;281.576;276;330;275;275;568.576;568.287;50;276.108;;;824.724;1;1
5104;0.25;50.6047;30.2;4.58758;39.2679;30.7;176;298.626;281.344;276;330;275;275;568.576;568.142;50;276.147;;;824.136;1;1
5105;0.25;50.5237;30.2;4.59788;39.3692;30.7;163;299.19;281.38;276;330;275;275;568.432;567.998;50;276.131;;;822.793;1;1
5106;0.25;50.5035;30.2;4.56075;39.4271;30.7;136;300.116;281.387;276;330;275;275;568.432;567.998;50;276.079;;;822.582;1;1
5107;0.25;50.706;30.2;4.61447;39.3692;30.8;110;300.362;281.409;276;330;275;275;568.287;567.998;50;276.033;;;821.995;1;1
5108;0.25;51.2182;30.2;4.6253;39.0654;30.8;100;300.333;281.409;276;330;275;275;568.287;567.998;50;275.998;;;821.407;1;1
5109;0.25;51.2153;30.3;4.97275;39.1696;30.8;82;301.013;281.293;276;330;275;275;568.432;567.998;50;275.963;;;821.407;1;1
5110;0.25;51.0041;30.3;4.9166;39.3113;30.9;67;301.172;281.416;276;330;275;275;568.432;568.287;50;275.926;;;819.3;1;1
5111;0.25;50.7986;30.3;4.8968;39.4126;30.9;67;301.968;281.416;276;330;275;275;568.576;568.432;50;275.889;;;818.126;1;1
5112;0.25;50.6047;30.3;4.86041;39.1667;30.9;65;302.127;281.416;276;330;275;275;568.721;568.287;50;275.856;;;817.506;1;1
5113;0.25;50.6047;30.3;4.86041;39.1638;30.9;58;302.488;281.416;276;330;275;275;568.721;568.432;50;275.833;;;816.333;1;1
5114;0.25;50.4659;30.3;4.86472;39.3692;31;57;302.517;281.431;276;330;275;275;568.721;568.432;50;275.818;;;815.746;1;1
5115;0.25;50.5035;30.3;4.90364;39.4705;31;52;303.154;281.431;276;330;275;275;568.721;568.432;50;275.794;;;815.445;1;1
5116;0.25;50.9172;30.4;5.25393;39.3692;31;55;303.067;281.438;276;330;275;275;568.721;568.287;50;275.748;;;812.713;1;1
5117;0.25;51.114;30.4;5.25638;39.1667;31;56;302.966;281.438;276;330;275;275;568.576;568.287;50;275.697;;;812.713;1;1
5118;0.25;51.2153;30.4;5.28468;39.1667;31;56;302.966;281.445;276;330;275;275;568.576;568.287;50;275.648;;;812.127;1;1
5119;0.25;51.3194;30.4;5.27751;38.9612;31;67;303.096;281.445;276;330;275;275;568.576;568.287;50;275.597;;;811.541;1;1
5120;0.25;50.9115;30.4;5.23555;38.9612;31;74;303.197;281.438;276;330;275;275;568.576;568.142;50;275.563;;;811.541;1;1
5121;0.25;50.9115;30.4;5.21774;38.9641;31;83;303.183;281.438;276;330;275;275;568.576;568.142;50;275.536;;;809.701;1;1
5122;0.25;50.9115;30.4;5.18217;38.9323;31;94;303.096;281.438;276;330;275;275;568.576;568.142;50;275.517;"KHP102      ";;809.116;1;1
5123;0.25;51.2153;30.4;5.26679;39.0625;31;112;303.009;281.438;276;330;275;275;568.576;568.287;50;275.512;;;808.89;1;1
5124;0.25;51.0938;30.5;5.54762;38.9612;31;117;302.937;281.438;276;330;275;275;568.721;568.432;50;275.51;;;808.305;1;1
5125;0.25;51.0127;30.5;5.57449;38.7587;31;126;303.024;281.214;276;330;275;275;568.721;568.432;50;275.511;;;808.305;1;1
5126;0.25;51.0098;30.5;5.55633;38.9612;31;139;303.139;281.445;276;330;275;275;568.721;568.432;50;275.51;;;807.635;1;1
5127;0.25;50.735;30.5;5.57958;39.0654;31;148;303.212;281.445;276;330;275;275;568.866;568.432;50;275.509;;;807.392;1;1
5128;0.25;50.5035;30.5;5.53648;39.1638;31;148;303.111;281.445;276;330;275;275;568.576;568.432;50;275.509;;;805.548;1;1
5129;0.25;50.6047;30.5;5.58294;39.1001;31;149;303.024;281.438;276;330;275;275;568.576;568.287;50;275.508;;;804.38;1;1
5130;0.25;50.4109;30.5;5.49108;39.0654;31;154;302.937;281.438;276;330;275;275;568.287;568.142;50;275.516;;;804.38;1;1
5131;0.25;50.5961;30.5;5.54663;39.1667;31;156;302.98;281.438;276;330;275;275;568.432;567.998;50;275.529;;;800.881;1;1
5132;0.25;50.5035;30.5;5.48353;39.2679;31;156;303.125;281.438;276;330;275;275;568.287;567.998;50;275.537;"KHP102      ";;800.297;1;1
5133;0.25;50.706;30.5;5.54097;39.2679;31;161;303.921;281.178;276;330;275;275;568.287;567.998;50;275.556;;;800.297;1;1
5134;0.25;50.8102;30.5;5.53458;39.1667;31;155;303.848;281.178;276;330;275;275;568.287;567.998;50;275.579;;;797.766;1;1
5135;0.25;51.0127;30.5;5.57449;39.1638;31;145;303.631;281.438;276;330;275;275;568.287;567.998;50;275.604;;;797.766;1;1
5136;0.25;50.8102;30.5;5.51683;39.2708;31;147;303.66;281.576;276;330;275;275;568.432;567.998;50;275.617;;;796.701;1;1
5137;0.25;50.3009;30.5;5.42639;39.3924;31;141;304.008;281.554;276;330;275;275;568.576;568.287;50;275.621;;;795.535;1;1
5138;0.25;50.7089;30.5;5.4704;39.5718;31;129;304.094;281.554;276;330;275;275;568.576;568.287;50;275.627;;;794.953;1;1
5139;0.25;50.8709;30.5;5.50565;39.5718;31;117;304.225;281.561;276;330;275;275;568.576;568.287;50;275.633;;;794.37;1;1
5140;0.25;50.706;30.5;5.54097;39.1638;31;116;304.861;281.561;276;330;275;275;568.432;568.287;50;275.646;;;794.37;1;1
5141;0.25;50.8102;30.5;5.51683;39.3692;31;112;304.832;281.568;276;330;275;275;568.432;568.142;50;275.663;;;794.37;1;1
5142;0.25;51.0127;30.6;5.8317;39.3692;31;93;304.789;281.561;276;330;275;275;568.432;568.142;50;275.689;"KHP102      ";;791.973;1;1
5143;0.25;51.2153;30.6;5.89064;39.5718;31;91;304.716;281.554;276;330;275;275;568.432;568.142;50;275.713;;;791.973;1;1
5144;0.25;51.5191;30.6;5.90759;39.6933;31;89;304.991;281.561;276;330;275;275;568.432;567.998;50;275.743;;;791.973;1;1
5145;0.25;51.2066;30.6;5.88964;39.5718;31;87;305.064;281.561;276;330;275;275;568.287;567.998;50;275.771;;;791.289;1;1
5146;0.25;51.1111;30.6;5.91439;39.7772;31;74;305.179;281.561;276;330;275;275;568.287;567.998;50;275.792;;;790.707;1;1
5147;0.25;50.9115;30.6;5.82013;39.4329;31;65;305.237;281.554;276;330;275;275;568.287;567.998;50;275.81;;;788.382;1;1
5148;0.25;50.7089;30.6;5.8324;39.2679;31;58;305.194;281.568;276;330;275;275;568.142;568.142;50;275.818;;;788.382;1;1
5149;0.25;50.6076;30.6;5.80307;39.2679;31;49;305.093;281.561;276;330;275;275;568.287;567.998;50;275.814;;;787.8;1;1
5150;0.25;50.9143;30.6;5.85603;39.0654;31;43;305.02;281.561;276;330;275;275;568.142;567.998;50;275.792;;;784.316;1;1
5151;0.25;50.9317;30.6;5.85803;39.0625;31.1;39;305.006;281.561;276;330;275;275;568.142;567.708;50;275.757;;;784.316;1;1
5152;0.25;50.8102;30.6;5.7908;39.0625;31.1;37;305.136;281.568;276;330;275;275;567.998;567.708;50;275.711;;;784.316;1;1
5153;0.25;50.1997;30.6;5.75629;39.0625;31.1;33;304.514;281.59;276;330;275;275;567.998;567.708;50;275.66;"KHP102      ";;782.575;1;1
5154;0.25;50.6858;30.6;5.77662;39.0654;31.1;32;304.456;281.583;276;330;275;275;567.998;567.708;50;275.608;;;782.575;1;1
5155;0.25;51.0127;30.6;5.84952;39.2679;31.1;35;304.398;281.539;276;330;275;275;567.998;567.708;50;275.55;;;781.369;1;1
5156;0.25;50.897;30.6;5.83625;39.0625;31;41;304.008;281.539;276;330;275;275;567.998;567.708;50;275.491;;;780.789;1;1
5157;0.25;50.6221;30.7;6.07769;39.0596;31;49;303.964;281.59;276;330;275;275;567.998;567.708;50;275.442;;;780.789;1;1
5158;0.25;50.9115;30.7;6.16578;39.1667;31;70;304.065;281.597;276;330;275;275;568.142;567.853;50;275.383;;;778.471;1;1
5159;0.25;50.7928;30.7;6.09818;39.0625;31;90;303.458;281.539;276;330;275;275;568.142;567.853;50;275.341;;;778.471;1;1
5160;0.25;50.4861;30.7;6.06136;39.0625;31;108;303.53;281.539;276;330;275;275;568.142;567.853;50;275.305;;;777.892;1;1
5161;0.25;50.5093;30.7;6.06414;39.2679;31;126;303.125;281.59;276;330;275;275;568.287;567.998;50;275.279;;;777.676;1;1
5162;0.25;50.8102;30.7;6.08252;39.2477;31;148;303.082;281.561;276;330;275;275;568.432;567.998;50;275.267;;;777.676;1;1
5163;0.25;50.9115;30.7;6.11243;39.2679;31;168;302.17;281.597;276;330;275;275;568.287;567.998;50;275.257;;;776.222;1;1
5164;0.25;51.0301;30.7;6.12667;39.2188;31;182;302.156;281.547;276;330;275;275;568.142;567.853;50;275.233;;;775.643;1;1
5165;0.25;51.0127;30.7;6.12458;39.2679;31;200;302.242;281.539;276;330;275;275;568.287;567.853;50;275.19;;;774.486;1;1
5166;0.25;50.706;30.7;6.05233;39.3721;31;219;302.3;281.59;276;330;275;275;568.287;567.998;50;275.156;;;773.329;1;1
5167;0.25;50.706;30.7;6.08776;39.1638;31;233;302.156;281.59;276;330;275;275;568.287;567.853;50;275.136;;;773.048;1;1
5168;0.25;50.5035;30.6;5.7382;39.1667;31;248;302.431;281.547;276;330;275;275;568.287;567.853;50;275.115;;;771.891;1;1
5169;0.25;50.6047;30.6;5.73203;39.3634;30.9;262;302.85;281.561;276;330;275;275;568.287;567.998;50;275.099;;;770.8;1;1
5170;0.25;50.6047;30.6;5.69667;39.4473;30.9;257;302.242;281.59;276;330;275;275;568.287;567.853;50;275.093;;;769.356;1;1
5171;0.25;50.4282;30.6;5.64154;39.3692;30.9;259;302.17;281.583;276;330;275;275;568.287;567.998;50;275.094;;;769.356;1;1
5172;0.25;50.5006;30.6;5.68495;39.0625;30.9;262;302.937;281.59;276;330;275;275;568.287;567.998;50;275.106;;;769.356;1;1
5173;0.25;50.6047;30.6;5.67897;39.0683;30.9;260;302.995;281.539;276;330;275;275;568.432;568.142;50;275.114;;;767.275;1;1
5174;0.25;50.9115;30.6;5.7312;39.0625;30.9;265;303.356;281.547;276;330;275;275;568.432;568.142;50;275.115;;;766.713;1;1
5175;0.25;50.9115;30.6;5.6956;39.2679;30.9;260;304.196;281.59;276;330;275;275;568.576;568.142;50;275.11;;;766.235;1;1
5176;0.25;50.9607;30.6;5.75454;39.2679;31;249;304.442;281.59;276;330;275;275;568.432;568.142;50;275.108;;;764.066;1;1
5177;0.25;50.7031;30.6;5.60145;39.1609;31;240;305.165;281.547;276;330;275;275;568.287;567.998;50;275.107;"KHP102      ";;764.066;1;1
5178;0.25;50.463;30.6;5.69834;39.3692;31;235;305.078;281.547;276;330;275;275;568.432;568.142;50;275.103;;;762.914;1;1
5179;0.25;50.706;30.6;5.69033;39.2679;31;217;305.281;281.583;276;330;275;275;568.432;568.142;50;275.092;;;762.337;1;1
5180;0.25;50.9578;30.7;6.06458;39.2622;31;203;305.975;281.583;276;330;275;275;568.576;568.142;50;275.072;;;762.337;1;1
5181;0.25;50.9115;30.7;6.02347;39.1667;31;192;306.322;281.59;276;330;275;275;568.432;567.998;50;275.053;;;760.551;1;1
5182;0.25;50.8102;30.7;5.99374;39.1667;31;186;307.219;281.554;276;330;275;275;568.432;568.142;50;275.052;"KHP102      ";;760.551;1;1
5183;0.25;50.7118;30.7;5.99985;39.0625;31.1;172;307.639;281.547;276;330;275;275;568.432;567.998;50;275.055;;;760.551;1;1
5184;0.25;50.7089;30.7;5.99951;39.0654;31.1;159;308.261;281.583;276;330;275;275;568.287;567.853;50;275.062;;;758.678;1;1
5185;0.25;51.0127;30.7;5.99981;39.1667;31.1;148;308.464;281.583;276;330;275;275;568.287;567.853;50;275.072;;;758.678;1;1
5186;0.25;50.8102;30.7;5.97599;39.1667;31.1;134;308.478;281.554;276;330;275;275;568.287;567.853;50;275.078;;;756.952;1;1
5187;0.25;50.6076;30.7;5.95217;39.2564;31.1;123;309.086;281.554;276;330;275;275;568.287;567.998;50;275.093;;;756.377;1;1
5188;0.25;50.6337;30.8;6.28131;39.5833;31.2;116;309.404;281.583;276;330;275;275;568.432;567.998;50;275.116;;;755.802;1;1
5189;0.25;50.9115;30.8;6.2802;39.5486;31.2;110;309.563;281.576;276;330;275;275;568.142;567.853;50;275.137;;;753.503;1;1
5190;0.25;51.114;30.8;6.30518;39.2679;31.2;104;310.301;281.576;276;330;275;275;568.287;567.998;50;275.176;;;753.503;1;1
5191;0.25;50.9115;30.8;6.26241;39.1667;31.2;91;310.33;281.554;276;330;275;275;568.287;567.998;50;275.215;"KHP102      ";;753.344;1;1
5192;0.25;50.5064;30.8;6.24787;39.1927;31.2;80;311.053;281.568;276;330;275;275;568.287;567.853;50;275.256;;;751.951;1;1
5193;0.25;50.7089;30.8;6.27293;39.3692;31.2;74;310.938;281.576;276;330;275;275;568.287;567.853;50;275.297;;;751.377;1;1
5194;0.25;50.9172;30.9;6.59103;39.2679;31.2;60;310.938;281.583;276;330;275;275;568.287;567.998;50;275.349;;;749.402;1;1
5195;0.25;51.0127;30.9;6.62121;39.2679;31.2;43;310.46;281.59;276;330;275;275;568.142;567.853;50;275.392;;;749.402;1;1
5196;0.25;50.8073;30.9;6.59455;39.3692;31.2;33;310.46;281.59;276;330;275;275;568.142;567.853;50;275.438;;;748.829;1;1
5197;0.25;51.0156;30.9;6.63941;39.4705;31.2;25;310.561;281.59;276;330;275;275;568.142;567.708;50;275.479;;;747.524;1;1
5198;0.25;50.8102;30.9;6.63042;39.4097;31.2;0;310.619;281.59;276;330;275;275;567.998;567.708;50;275.505;;;747.524;1;1
5199;0.25;50.7118;30.9;6.58215;39.4705;31.3;0;310.692;281.59;276;330;275;275;567.998;567.708;50;275.516;;;746.951;1;1
5200;0.25;50.5035;30.9;6.53747;39.2679;31.2;0;310.359;281.547;276;330;275;275;567.998;567.708;50;275.525;;;746.378;1;1
5201;0.25;50.4022;30.9;6.54197;39.2679;31.2;0;310.272;281.583;276;330;275;275;567.853;567.564;50;275.526;;;746.378;1;1
5202;0.25;50.4022;31;6.83135;39.3692;31.2;0;310.171;281.59;276;330;275;275;567.853;567.564;50;275.517;;;743.941;1;1
5203;0.25;51.0127;31;6.96756;39.4705;31.2;0;309.505;281.59;276;330;275;275;567.853;567.564;50;275.505;;;743.941;1;1
5204;0.25;51.0127;31;6.89627;39.673;31.2;0;309.086;281.59;276;330;275;275;567.853;567.419;50;275.485;;;742.38;1;1
5205;0.25;50.7089;31;6.92606;39.5718;31.2;0;309.201;281.583;276;330;275;275;567.708;567.419;50;275.464;;;741.808;1;1
5206;0.25;50.7089;31;6.90835;39.4705;31.2;0;308.594;281.583;276;330;275;275;567.708;567.419;50;275.453;;;741.026;1;1
5207;0.25;50.6076;31;6.84151;39.3692;31.2;0;308.319;281.59;276;330;275;275;567.708;567.419;50;275.455;;;739.882;1;1
5208;0.25;50.5035;31;6.84507;39.4705;31.2;1;307.639;281.59;276;330;275;275;567.853;567.419;50;275.47;;;739.882;1;1
5209;0.25;50.4051;31;6.83174;39.4473;31.2;8;307.205;281.547;276;330;275;275;567.853;567.419;50;275.498;;;738.258;1;1
5210;0.25;50.6047;31;6.89415;39.3692;31.1;22;306.496;281.59;276;330;275;275;567.853;567.564;50;275.52;;;737.115;1;1
5211;0.25;50.8102;31;6.92214;39.8669;31.1;38;306.019;281.583;276;330;275;275;567.853;567.564;50;275.518;"KHP102      ";;737.115;1;1
5212;0.25;50.4919;31;6.91406;39.6672;31.1;50;305.324;281.59;276;330;275;275;567.853;567.564;50;275.513;;;735.165;1;1
5213;0.25;50.68;31;6.8867;39.3663;31.1;70;305.093;281.59;276;330;275;275;567.708;567.564;50;275.517;;;734.735;1;1
5214;0.25;50.4022;31;6.86656;39.4705;31.1;95;304.499;281.59;276;330;275;275;567.708;567.419;50;275.529;;;733.023;1;1
5215;0.25;50.4803;31;6.89484;39.7396;31.1;104;304.572;281.59;276;330;275;275;567.853;567.564;50;275.542;;;733.023;1;1
5216;0.25;50.4022;31;6.86656;39.8785;31;116;304.094;281.576;276;330;275;275;567.853;567.564;50;275.549;;;733.023;1;1
5217;0.25;50.6047;30.9;6.56826;39.9797;31;121;303.458;281.583;276;330;275;275;567.708;567.564;50;275.566;;;730.838;1;1
5218;0.25;50.706;30.9;6.5814;39.8785;31;133;303.024;281.547;276;330;275;275;567.998;567.708;50;275.573;"KHP102      ";;730.268;1;1
5219;0.25;50.8131;30.9;6.5598;39.673;31;141;302.937;281.59;276;330;275;275;567.998;567.708;50;275.556;;;730.268;1;1
5220;0.25;50.8102;30.9;6.59492;39.4705;31;153;302.286;281.59;276;330;275;275;567.998;567.708;50;275.55;;;729.394;1;1
5221;0.25;50.9115;30.9;6.60807;39.3692;31;162;302.373;281.59;276;330;275;275;567.998;567.853;50;275.555;;;728.824;1;1
5222;0.25;50.6047;30.9;6.51522;39.265;30.9;167;302.474;281.583;276;330;275;275;567.853;567.708;50;275.565;;;727.932;1;1
5223;0.25;50.6047;30.9;6.58594;39.3692;30.9;169;302.054;281.576;276;330;275;275;567.998;567.708;50;275.581;;;727.363;1;1
5224;0.25;50.7841;30.9;6.55606;39.3692;30.9;186;301.968;281.576;276;330;275;275;567.853;567.708;50;275.592;;;727.164;1;1
5225;0.25;50.9115;30.8;6.2802;39.1667;30.9;187;301.953;281.576;276;330;275;275;567.998;567.708;50;275.602;;;725.457;1;1
5226;0.25;50.8709;30.8;6.2752;39.0625;30.9;187;301.91;281.576;276;330;275;275;567.998;567.708;50;275.603;;;725.457;1;1
5227;0.25;50.706;30.8;6.27257;39.2679;30.9;187;302.141;281.554;276;330;275;275;567.853;567.708;50;275.609;;;724.398;1;1
5228;0.25;50.8073;30.8;6.23185;39.2679;30.9;185;302.792;281.554;276;330;275;275;567.853;567.564;50;275.627;;;722.789;1;1
5229;0.25;50.706;30.8;6.27257;39.0625;30.9;179;302.821;281.568;276;330;275;275;567.853;567.419;50;275.666;;;722.221;1;1
5230;0.25;50.8073;30.8;6.2496;39.1262;30.9;169;302.72;281.576;276;330;275;275;567.853;567.564;50;275.714;;;720.802;1;1
5231;0.25;50.7928;30.8;6.24782;39.1638;30.9;170;302.633;281.576;276;330;275;275;567.853;567.708;50;275.751;;;720.234;1;1
5232;0.25;50.5035;30.8;6.26516;39.0625;30.9;161;302.937;281.576;276;330;275;275;567.853;567.564;50;275.769;;;720.234;1;1
5233;0.25;50.6047;30.8;6.20701;39.1667;30.9;139;302.995;281.568;276;330;275;275;567.853;567.564;50;275.785;;;718.53;1;1
5234;0.25;51.0127;30.8;6.27487;39.3692;31;128;303.848;281.568;276;330;275;275;567.853;567.564;50;275.803;;;718.53;1;1
5235;0.25;51.3166;30.8;6.36602;39.4676;31;123;303.964;281.568;276;330;275;275;567.853;567.564;50;275.826;;;717.395;1;1
5236;0.25;51.0127;30.8;6.27487;39.3808;31;104;303.935;281.561;276;330;275;275;567.998;567.564;50;275.846;;;717.156;1;1
5237;0.25;51.2153;30.8;6.33557;39.3721;31;98;304.08;281.576;276;330;275;275;567.853;567.564;50;275.863;;;715.455;1;1
5238;0.25;50.9115;30.8;6.26241;39.2679;31;96;303.993;281.568;276;330;275;275;567.853;567.419;50;275.88;;;714.888;1;1
5239;0.25;50.6105;30.8;6.27844;39.3692;31;78;303.935;281.568;276;330;275;275;567.853;567.564;50;275.918;;;714.888;1;1
5240;0.25;50.8102;30.8;6.28545;39.4705;31;69;304.847;281.568;276;330;275;275;567.853;567.564;50;275.961;;;714.373;1;1
5241;0.25;50.8102;30.8;6.24996;39.4444;31.1;60;304.977;281.568;276;330;275;275;567.853;567.564;50;276.009;;;713.239;1;1
5242;0.25;50.9288;30.8;6.30013;39.5718;31.1;48;305.035;281.576;276;330;275;275;567.853;567.564;50;276.062;;;712.673;1;1
5243;0.25;50.8073;30.8;6.2496;39.673;31.1;40;304.991;281.568;276;330;275;275;567.998;567.564;50;276.108;;;712.106;1;1
5244;0.25;50.6047;30.8;6.26004;39.673;31.1;25;304.905;281.568;276;330;275;275;567.998;567.708;50;276.132;;;712.106;1;1
5245;0.25;51.2153;30.8;6.35346;39.4213;31.1;19;304.832;281.561;276;330;275;275;567.853;567.419;50;276.151;;;709.842;1;1
5246;0.25;51.2182;30.8;6.33592;39.3692;31.1;0;304.76;281.568;276;330;275;275;567.853;567.564;50;276.16;;;709.276;1;1
5247;0.25;50.735;30.8;6.25842;39.3692;31.1;0;304.76;281.568;276;330;275;275;567.708;567.419;50;276.165;;;708.71;1;1
5248;0.25;50.6047;30.8;6.24236;39.5486;31.1;0;304.036;281.568;276;330;275;275;567.708;567.419;50;276.175;;;705.468;1;1
5249;0.25;50.6047;30.8;6.27772;39.5718;31.1;0;304.167;281.568;276;330;275;275;567.708;567.419;50;276.191;;;705.468;1;1
5250;0.25;50.5556;30.8;6.27162;39.673;31.1;0;304.225;281.568;276;330;275;275;567.564;567.419;50;276.215;;;703.773;1;1
5251;0.25;50.706;30.8;6.27257;39.673;31.1;0;303.791;281.561;276;330;275;275;567.564;567.274;50;276.248;;;703.236;1;1
5252;0.25;50.9115;30.8;6.31577;39.4705;31.1;0;303.66;281.561;276;330;275;275;567.708;567.419;50;276.259;;;703.236;1;1
5253;0.25;51.0127;30.8;6.31051;39.5718;31.1;0;302.951;281.568;276;330;275;275;567.708;567.419;50;276.265;;;701.542;1;1
5254;0.25;51.114;30.8;6.32304;39.673;31.1;0;302.633;281.568;276;330;275;275;567.998;567.564;50;276.284;;;701.542;1;1
5255;0.25;51.114;30.8;6.30518;39.7743;31.1;0;302.72;281.568;276;330;275;275;567.998;567.564;50;276.281;;;700.414;1;1
5256;0.25;50.9115;30.8;6.29798;39.7743;31.1;0;302.112;281.568;276;330;275;275;567.998;567.708;50;276.251;;;700.414;1;1
5257;0.25;50.706;30.8;6.23714;39.673;31.1;0;301.852;281.561;276;330;275;275;567.998;567.708;50;276.204;;;700.414;1;1
5258;0.25;50.9317;30.8;6.30049;39.4705;31.1;0;301.823;281.561;276;330;275;275;567.998;567.708;50;276.162;;;698.158;1;1
5259;0.25;51.0098;30.8;6.31015;39.3692;31.1;2;301.056;281.568;276;330;275;275;567.998;567.708;50;276.143;"KHP102      ";;697.595;1;1
5260;0.25;50.9115;30.8;6.31577;39.5718;31;12;300.68;281.568;276;330;275;275;567.998;567.564;50;276.138;;;697.031;1;1
5261;0.25;51.114;30.7;5.99387;39.4705;31;22;299.87;281.568;276;330;275;275;567.998;567.708;50;276.134;;;695.905;1;1
5262;0.25;50.9925;30.7;5.99743;39.4705;31;39;299.465;281.554;276;330;275;275;567.998;567.708;50;276.13;;;695.905;1;1
5263;0.25;50.816;30.7;5.95892;39.3692;31;59;299.479;281.554;276;330;275;275;567.998;567.708;50;276.128;;;694.779;1;1
5264;0.25;50.7552;30.7;5.9518;39.3692;31;78;299.002;281.568;276;330;275;275;568.142;567.853;50;276.136;;;694.258;1;1
5265;0.25;50.8073;30.7;5.97565;39.5284;31;98;298.553;281.561;276;330;275;275;568.142;567.853;50;276.153;;;692.57;1;1
5266;0.25;50.9115;30.7;5.95233;39.5718;31;112;298.495;281.561;276;330;275;275;568.142;567.853;50;276.172;;;691.445;1;1
5267;0.25;51.114;30.7;5.97601;39.4705;30.9;130;297.975;281.554;276;330;275;275;568.287;567.708;50;276.19;;;691.445;1;1
5268;0.25;51.114;30.7;6.01173;39.4763;30.9;139;297.251;281.554;276;330;275;275;568.287;567.853;50;276.217;;;689.759;1;1
5269;0.25;50.9693;30.7;6.03032;39.7656;30.9;142;297.237;281.554;276;330;275;275;568.287;567.998;50;276.265;;;689.197;1;1
5270;0.25;51.2182;30.6;5.69413;39.673;30.9;149;297.266;281.554;276;330;275;275;568.287;567.998;50;276.292;;;688.073;1;1
5271;0.25;50.6047;30.6;5.59058;39.6904;30.9;152;297.352;281.561;276;330;275;275;568.287;567.998;50;276.298;;;687.512;1;1
5272;0.25;50.3993;30.6;5.55027;39.6759;30.9;148;296.991;281.561;276;330;275;275;568.432;568.142;50;276.322;;;686.95;1;1
5273;0.25;50.5035;30.6;5.64996;39.5718;30.9;151;297.063;281.554;276;330;275;275;568.432;567.998;50;276.348;;;686.784;1;1
5274;0.25;50.8102;30.6;5.63102;39.4705;30.9;153;296.962;281.561;276;330;275;275;568.432;568.142;50;276.379;;;686.649;1;1
5275;0.25;50.6076;30.6;5.64393;39.3721;30.9;155;297.367;281.554;276;330;275;275;568.432;567.998;50;276.416;;;685.527;1;1
5276;0.25;50.8073;30.6;5.64845;39.5747;30.9;152;297.526;281.568;276;330;275;275;568.432;568.142;50;276.448;;;684.966;1;1
5277;0.25;51.114;30.6;5.68255;39.6701;30.9;136;297.526;281.576;276;330;275;275;568.432;568.287;50;276.472;;;684.966;1;1
5278;0.25;51.114;30.6;5.70041;39.5718;30.9;118;297.237;281.561;276;330;275;275;568.287;568.142;50;276.492;;;681.701;1;1
5279;0.25;51.0156;30.6;5.68944;39.6412;30.9;110;297.989;281.561;276;330;275;275;568.432;568.142;50;276.517;;;681.701;1;1
5280;0.25;51.1024;30.5;5.31646;39.5718;30.9;100;298.076;281.568;276;330;275;275;568.432;567.998;50;276.532;;;681.551;1;1
5281;0.25;51.0156;30.5;5.30743;39.7772;30.9;91;298.134;281.554;276;330;275;275;568.287;567.998;50;276.526;;;679.897;1;1
5282;0.25;51.0156;30.5;5.28961;39.7743;30.9;82;298.683;281.576;276;330;275;275;568.287;568.142;50;276.509;;;679.575;1;1
5283;0.25;50.8073;30.5;5.3035;39.5862;30.9;74;298.626;281.568;276;330;275;275;568.432;568.142;50;276.491;;;679.255;1;1
5284;0.25;50.8073;30.5;5.3035;39.3692;30.9;61;298.466;281.561;276;330;275;275;568.432;568.142;50;276.48;;;678.386;1;1
5285;0.25;50.9115;30.5;5.33216;39.3692;30.9;52;298.828;281.568;276;330;275;275;568.432;567.998;50;276.469;;;678.386;1;1
5286;0.25;50.8912;30.5;5.29448;39.5718;31;45;298.915;281.568;276;330;275;275;568.432;568.142;50;276.456;;;675.03;1;1
5287;0.25;50.706;30.5;5.27522;39.673;31;39;299.031;281.561;276;330;275;275;568.576;568.287;50;276.446;;;674.471;1;1
5288;0.25;50.8102;30.5;5.32155;39.6644;31;37;299.117;281.561;276;330;275;275;568.721;568.287;50;276.432;;;674.015;1;1
5289;0.25;50.6047;30.5;5.21165;39.673;31;37;299.031;281.576;276;330;275;275;568.576;568.287;50;276.432;;;673.05;1;1
5290;0.25;50.7841;30.5;5.24786;39.673;31;41;298.944;281.568;276;330;275;275;568.576;568.287;50;276.44;;;672.837;1;1
5291;0.25;51.0127;30.5;5.25366;39.673;31;43;298.857;281.568;276;330;275;275;568.576;568.287;50;276.448;;;671.185;1;1
5292;0.25;51.0619;30.5;5.27657;39.5718;31;43;298.857;281.554;276;330;275;275;568.721;568.287;50;276.453;;;670.69;1;1
5293;0.25;51.3166;30.5;5.35666;39.673;31;43;298.9;281.554;276;330;275;275;568.721;568.287;50;276.459;;;669.574;1;1
5294;0.25;51.0127;30.5;5.28931;39.673;31;43;299.06;281.583;276;330;275;275;568.721;568.432;50;276.467;;;668.464;1;1
5295;0.25;50.9115;30.6;5.58889;39.5718;31;43;299.103;281.568;276;330;275;275;568.866;568.432;50;276.485;;;667.906;1;1
5296;0.25;51.114;30.6;5.61113;39.6759;31;43;299.06;281.561;276;330;275;275;568.866;568.576;50;276.51;;;667.349;1;1
5297;0.25;50.706;30.6;5.63719;39.673;31;43;298.669;281.561;276;330;275;275;569.01;568.576;50;276.523;;;667.349;1;1
5298;0.25;50.6047;30.6;5.59058;39.5718;31;43;298.597;281.561;276;330;275;275;569.01;568.721;50;276.54;;;666.058;1;1
5299;0.25;50.5035;30.6;5.50879;39.5718;31;49;298.553;281.561;276;330;275;275;569.155;568.721;50;276.56;;;665.529;1;1
5300;0.25;50.6047;30.5;5.247;39.673;31;48;298.568;281.568;276;330;275;275;569.01;568.721;50;276.584;;;664.971;1;1
5301;0.25;50.9115;30.5;5.26102;39.7743;31;47;297.96;281.568;276;330;275;275;568.866;568.576;50;276.611;;;664.971;1;1
5302;0.25;50.8102;30.5;5.2328;39.673;31;47;298.076;281.561;276;330;275;275;568.721;568.432;50;276.656;;;664.414;1;1
5303;0.25;51.114;30.5;5.28195;39.5312;31;47;298.119;281.561;276;330;275;275;568.721;568.432;50;276.708;"KHP102      ";;662.744;1;1
5304;0.25;50.8102;30.5;5.2328;39.5718;31;46;298.032;281.561;276;330;275;275;568.576;568.432;50;276.753;;;662.188;1;1
5305;0.25;51.1169;30.5;5.22865;39.5718;31;44;297.237;281.547;276;330;275;275;568.576;568.432;50;276.792;;;661.631;1;1
5306;0.25;51.114;30.5;5.28195;39.4705;31;35;297.569;281.568;276;330;275;275;568.721;568.432;50;276.827;;;659.38;1;1
5307;0.25;51.2153;30.5;5.25661;39.5718;31;31;297.251;281.547;276;330;275;275;568.866;568.721;50;276.858;;;659.309;1;1
5308;0.25;50.9115;30.5;5.26102;39.4705;31;28;297.338;281.583;276;330;275;275;569.01;568.721;50;276.877;;;658.197;1;1
5309;0.25;51.0127;30.5;5.23582;39.265;31;27;297.454;281.583;276;330;275;275;569.01;568.721;50;276.891;;;658.197;1;1
5310;0.25;50.6018;30.5;5.17597;39.2679;31;22;297.063;281.554;276;330;275;275;569.01;568.721;50;276.902;;;657.086;1;1
5311;0.25;50.9115;30.5;5.20764;39.3692;31;17;297.005;281.554;276;330;275;275;569.01;568.721;50;276.901;;;654.865;1;1
5312;0.25;50.9288;30.5;5.20942;39.673;31;14;296.904;281.583;276;330;275;275;569.155;569.01;50;276.901;;;654.865;1;1
5313;0.25;50.9115;30.5;5.20764;39.5718;30.9;12;296.253;281.576;276;330;275;275;569.3;568.866;50;276.891;;;654.31;1;1
5314;0.25;51.2182;30.5;5.22112;39.673;30.9;0;296.224;281.547;276;330;275;275;569.3;568.866;50;276.885;;;653.762;1;1
5315;0.25;51.0127;30.5;5.23582;39.7772;30.9;0;296.253;281.547;276;330;275;275;569.155;568.866;50;276.869;;;653.762;1;1
5316;0.25;50.7089;30.5;5.18692;39.8756;30.9;0;295.891;281.583;276;330;275;275;569.3;568.866;50;276.818;;;652.856;1;1
5317;0.25;50.8015;30.5;5.1609;39.5718;30.9;2;295.978;281.583;276;330;275;275;569.155;568.866;50;276.759;;;652.856;1;1
5318;0.25;50.8594;30.5;5.11348;39.4705;30.9;8;296.05;281.583;276;330;275;275;569.155;568.866;50;276.711;;;650.638;1;1
5319;0.25;51.0127;30.5;5.16454;39.6759;30.9;14;295.486;281.547;276;330;275;275;569.01;568.721;50;276.653;;;649.53;1;1
5320;0.25;50.9086;30.5;5.18956;39.673;30.9;26;295.312;281.554;276;330;275;275;569.01;568.721;50;276.602;;;648.009;1;1
5321;0.25;50.6105;30.5;5.12382;39.673;30.9;45;294.792;281.576;276;330;275;275;569.155;568.866;50;276.557;;;648.009;1;1
5322;0.25;50.706;30.5;5.1512;39.673;30.9;52;294.748;281.583;276;330;275;275;569.155;568.866;50;276.517;;;647.455;1;1
5323;0.25;50.8073;30.5;5.12599;39.5718;30.9;74;294.271;281.561;276;330;275;275;569.155;569.01;50;276.472;;;646.172;1;1
5324;0.25;50.9172;30.5;5.15487;39.5718;30.9;92;294.372;281.554;276;330;275;275;569.444;569.155;50;276.419;;;645.619;1;1
5325;0.25;51.1169;30.5;5.17508;39.673;30.9;113;294.329;281.576;276;330;275;275;569.589;569.3;50;276.366;"KHP102      ";;645.066;1;1
5326;0.25;51.1053;30.4;4.79123;39.7772;30.9;135;293.909;281.576;276;330;275;275;569.734;569.3;50;276.33;;;644.021;1;1
5327;0.25;51.2153;30.4;4.81943;39.673;30.9;148;293.779;281.583;276;330;275;275;569.589;569.3;50;276.309;;;643.468;1;1
5328;0.25;51.1169;30.4;4.75658;39.673;30.9;172;293.779;281.554;276;330;275;275;569.589;569.155;50;276.279;;;640.982;1;1
5329;0.25;50.9172;30.4;4.79139;39.5718;30.9;179;293.793;281.583;276;330;275;275;569.444;569.155;50;276.254;;;639.878;1;1
5330;0.25;50.9115;30.4;4.80863;39.4705;30.9;201;293.822;281.576;276;330;275;275;569.444;569.155;50;276.238;;;639.878;1;1
5331;0.25;50.9115;30.4;4.77306;39.4705;30.8;205;293.909;281.583;276;330;275;275;569.444;569.155;50;276.222;;;638.775;1;1
5332;0.25;50.706;30.4;4.77151;39.673;30.8;219;294.025;281.554;276;330;275;275;569.444;569.155;50;276.214;;;638.775;1;1
5333;0.25;50.8015;30.4;4.72723;39.7743;30.8;234;294.343;281.554;276;330;275;275;569.444;569.155;50;276.196;;;637.109;1;1
5334;0.25;50.9115;30.4;4.75527;39.9421;30.8;236;294.141;281.583;276;330;275;275;569.3;569.155;50;276.176;;;636.879;1;1
5335;0.25;51.0127;30.4;4.80037;39.8756;30.8;230;294.748;281.583;276;330;275;275;569.444;569.01;50;276.159;;;636.328;1;1
5336;0.25;51.4207;30.4;4.78485;39.8785;30.8;232;294.777;281.576;276;330;275;275;569.444;569.155;50;276.149;;;633.311;1;1
5337;0.25;51.5104;30.4;4.81121;40.081;30.8;229;295.298;281.547;276;330;275;275;569.444;569.01;50;276.156;;;633.311;1;1
5338;0.25;50.9115;30.4;4.73746;39.9797;30.9;231;295.978;281.547;276;330;275;275;569.3;569.01;50;276.183;;;633.311;1;1
5339;0.25;51.114;30.4;4.73845;39.673;30.9;221;296.47;281.583;276;330;275;275;569.155;569.01;50;276.22;;;632.76;1;1
5340;0.25;50.8189;30.4;4.72885;39.5804;30.9;210;296.976;281.583;276;330;275;275;569.3;568.866;50;276.253;;;632.523;1;1
5341;0.25;50.8102;30.4;4.67479;39.7193;30.9;196;297.396;281.554;276;330;275;275;569.3;569.01;50;276.259;;;631.425;1;1
5342;0.25;50.9115;30.4;4.68411;39.673;30.9;176;297.873;281.547;276;330;275;275;569.3;569.155;50;276.251;;;630.974;1;1
5343;0.25;51.0185;30.4;4.69396;39.7801;30.9;162;298.134;281.583;276;330;275;275;569.444;569.01;50;276.237;;;629.791;1;1
5344;0.25;50.9115;30.4;4.73746;39.7772;31;149;298.9;281.576;276;330;275;275;569.3;569.155;50;276.223;;;628.692;1;1
5345;0.25;50.8102;30.4;4.74581;39.7396;31;139;299.58;281.576;276;330;275;275;569.3;569.01;50;276.205;;;627.529;1;1
5346;0.25;51.114;30.4;4.66703;39.8785;31;114;300.159;281.561;276;330;275;275;569.155;568.866;50;276.188;;;626.979;1;1
5347;0.25;51.4207;30.4;4.713;39.4705;31;106;300.781;281.554;276;330;275;275;569.3;568.866;50;276.166;;;626.43;1;1
5348;0.25;50.9664;30.4;4.70697;39.4184;31;88;301.056;281.568;276;330;275;275;569.155;568.866;50;276.13;;;625.484;1;1
5349;0.25;51.114;30.4;4.75631;39.3692;31.1;72;300.955;281.576;276;330;275;275;569.155;568.866;50;276.095;;;625.484;1;1
5350;0.25;51.4207;30.5;5.09804;39.566;31.1;76;301.62;281.561;276;330;275;275;569.155;568.866;50;276.073;;;624.338;1;1
5351;0.25;51.3223;30.5;5.05242;39.5718;31.1;68;301.953;281.568;276;330;275;275;569.155;568.866;50;276.065;;;622.211;1;1
5352;0.25;51.3194;30.5;5.05214;39.4705;31.1;67;301.997;281.576;276;330;275;275;569.155;568.866;50;276.069;"KHP102      ";;622.211;1;1
5353;0.25;51.2182;30.5;4.9706;39.5718;31.1;56;302.792;281.568;276;330;275;275;569.01;568.576;50;276.072;;;620.018;1;1
5354;0.25;51.2153;30.5;4.98821;39.673;31.1;49;302.85;281.568;276;330;275;275;569.01;568.721;50;276.078;;;620.018;1;1
5355;0.25;51.2153;30.5;5.04189;39.7598;31.2;44;302.879;281.561;276;330;275;275;569.01;568.576;50;276.092;"KHP102      ";;620.018;1;1
5356;0.25;51.1169;30.6;5.32568;39.6528;31.2;47;303.082;281.561;276;330;275;275;568.866;568.432;50;276.105;;;619.764;1;1
5357;0.25;51.3194;30.6;5.34678;39.4705;31.2;42;302.98;281.576;276;330;275;275;569.01;568.576;50;276.116;;;619.764;1;1
5358;0.25;51.6233;30.6;5.37844;39.3692;31.2;35;302.937;281.576;276;330;275;275;569.01;568.721;50;276.134;;;618.121;1;1
5359;0.25;51.6667;30.6;5.41906;39.5718;31.2;35;303.067;281.561;276;330;275;275;569.01;568.721;50;276.153;;;617.573;1;1
5360;0.25;51.9271;30.6;5.37381;39.8785;31.2;32;303.197;281.561;276;330;275;275;569.01;568.866;50;276.164;;;617.026;1;1
5361;0.25;52.338;30.6;5.41633;40.1823;31.2;28;303.154;281.568;276;330;275;275;569.155;568.576;50;276.16;;;615.467;1;1
5362;0.25;52.3438;30.6;5.47179;40.3877;31.2;24;303.038;281.576;276;330;275;275;569.01;568.721;50;276.153;;;615.467;1;1
5363;0.25;52.4392;30.7;5.7462;40.1765;31.2;22;302.966;281.576;276;330;275;275;569.01;568.721;50;276.152;;;614.645;1;1
5364;0.25;52.309;30.7;5.75021;40.2836;31.2;21;302.546;281.561;276;330;275;275;569.155;568.866;50;276.146;;;614.645;1;1
5365;0.25;52.1325;30.7;5.69436;40.2894;31.2;19;302.648;281.568;276;330;275;275;569.01;568.866;50;276.139;;;613.551;1;1
5366;0.25;52.0226;30.7;5.73689;40.3646;31.1;30;302.633;281.576;276;330;275;275;569.155;568.721;50;276.127;;;611.179;1;1
5367;0.25;52.3466;30.7;5.73606;40.3848;31.1;37;302.141;281.59;276;330;275;275;569.155;569.01;50;276.113;;;610.633;1;1
5368;0.25;52.6418;30.7;5.80518;40.2836;31.1;32;302.098;281.59;276;330;275;275;569.3;569.155;50;276.11;;;608.967;1;1
5369;0.25;52.7431;30.7;5.76104;40.2836;31.1;42;301.288;281.59;276;330;275;275;569.3;569.01;50;276.109;;;608.422;1;1
5370;0.25;52.6418;30.7;5.78679;40.2865;31.1;50;301.606;281.568;276;330;275;275;569.444;569.155;50;276.127;;;607.256;1;1
5371;0.25;52.1383;30.7;5.71323;40.2836;31.1;54;300.897;281.568;276;330;275;275;569.444;569.155;50;276.146;;;606.711;1;1
5372;0.25;52.0312;30.7;5.75603;40.081;31.1;57;300.911;281.576;276;330;275;275;569.444;569.155;50;276.173;;;606.166;1;1
5373;0.25;51.93;30.7;5.72668;40.1823;31.1;70;300.275;281.547;276;330;275;275;569.589;569.3;50;276.184;;;605.199;1;1
5374;0.25;52.1325;30.7;5.73081;40.2836;31;74;300.694;281.576;276;330;275;275;569.444;569.3;50;276.188;;;605.199;1;1
5375;0.25;52.3351;30.7;5.6982;40.3848;31;85;300.101;281.59;276;330;275;275;569.444;569.155;50;276.188;;;603.02;1;1
5376;0.25;52.3351;30.7;5.67991;40.2836;31;87;300;281.944;276;330;275;275;569.444;569.3;50;276.211;;;602.862;1;1
5377;0.25;52.338;30.7;5.69851;40.1823;31;94;299.711;281.944;276;330;275;275;569.589;569.3;50;276.253;;;602.318;1;1
5378;0.25;52.7431;30.7;5.76104;40.4861;31;94;299.175;281.952;276;330;275;275;569.734;569.155;50;276.285;;;600.141;1;1
5379;0.25;52.7431;30.7;5.74262;40.57;31;94;299.204;281.952;276;330;275;275;569.589;569.155;50;276.302;;;600.141;1;1
5380;0.25;52.3351;30.7;5.66163;40.2836;31;97;299.32;281.966;276;330;275;275;569.589;569.155;50;276.339;;;599.702;1;1
5381;0.25;52.4392;30.7;5.70954;39.9769;31;94;299.06;281.966;276;330;275;275;569.589;569.3;50;276.371;"KHP102      ";;599.159;1;1
5382;0.25;52.309;30.7;5.71364;39.8727;31;92;299.117;281.944;276;330;275;275;569.589;569.3;50;276.385;;;599.159;1;1
5383;0.25;52.5405;30.7;5.6655;39.8785;30.9;92;299.002;281.966;276;330;275;275;569.589;569.3;50;276.387;;;596.503;1;1
5384;0.25;52.4421;30.7;5.70985;40.2836;30.9;87;298.886;281.959;276;330;275;275;569.444;569.3;50;276.388;;;596.503;1;1
5385;0.25;52.5318;30.7;5.68292;40.4861;30.9;83;298.828;281.959;276;330;275;275;569.589;569.3;50;276.386;;;595.413;1;1
5386;0.25;52.8472;30.7;5.69858;40.2836;30.9;81;298.944;281.966;276;330;275;275;569.589;569.444;50;276.374;;;594.633;1;1
5387;0.25;52.7431;30.6;5.42138;40.1823;30.9;76;299.045;281.966;276;330;275;275;569.589;569.444;50;276.36;;;592.462;1;1
5388;0.25;52.8385;30.6;5.32044;40.081;30.9;75;298.553;281.966;276;330;275;275;569.589;569.3;50;276.361;;;592.391;1;1
5389;0.25;52.9196;30.6;5.36557;40.1823;30.9;79;298.51;281.966;276;330;275;275;569.734;569.3;50;276.366;;;592.391;1;1
5390;0.25;52.7431;30.6;5.38453;40.2836;30.9;80;298.394;281.966;276;330;275;275;569.589;569.155;50;276.369;;;591.307;1;1
5391;0.25;52.5405;30.6;5.34549;40.1823;30.9;80;298.322;281.944;276;330;275;275;569.444;569.3;50;276.372;;;590.765;1;1
5392;0.25;52.6418;30.6;5.33741;39.9769;30.9;74;298.264;281.966;276;330;275;275;569.444;569.155;50;276.378;;;588.598;1;1
5393;0.25;52.6418;30.6;5.37419;39.8756;30.9;82;298.322;281.959;276;330;275;275;569.444;569.155;50;276.387;;;588.598;1;1
5394;0.25;52.4392;30.6;5.37183;40.081;30.9;78;298.409;281.959;276;330;275;275;569.444;569.155;50;276.399;;;588.598;1;1
5395;0.25;52.2338;30.6;5.29604;40.2836;30.9;75;298.626;281.944;276;330;275;275;569.444;569.155;50;276.409;;;585.998;1;1
5396;0.25;52.1412;30.6;5.30487;40.1823;30.9;81;298.683;281.93;276;330;275;275;569.444;569.155;50;276.42;;;585.998;1;1
5397;0.25;52.4363;30.6;5.31658;40.1823;30.9;80;298.64;281.944;276;330;275;275;569.444;569.155;50;276.429;;;584.916;1;1
5398;0.25;52.6418;30.6;5.33741;40.081;30.9;82;298.597;281.93;276;330;275;275;569.589;569.155;50;276.438;;;584.916;1;1
5399;0.25;52.4392;30.6;5.29855;39.9797;30.9;75;298.495;281.944;276;330;275;275;569.589;569.3;50;276.445;;;584.916;1;1
5400;0.25;52.3843;30.6;5.2747;39.8785;30.9;69;298.495;281.93;276;330;275;275;569.589;569.3;50;276.45;;;582.349;1;1
5401;0.25;52.5434;30.6;5.27237;39.9797;30.9;65;298.438;281.937;276;330;275;275;569.878;569.444;50;276.445;;;582.349;1;1
5402;0.25;52.5029;30.6;5.28664;40.081;30.9;67;298.539;281.916;276;330;275;275;569.878;569.444;50;276.452;;;582.067;1;1
5403;0.25;52.3351;30.6;5.30631;39.9797;30.9;61;298.669;281.93;276;330;275;275;569.878;569.444;50;276.458;;;581.735;1;1
5404;0.25;52.3351;30.6;5.30631;39.8756;30.9;56;298.698;281.923;276;330;275;275;569.878;569.444;50;276.463;;;581.735;1;1
5405;0.25;52.3351;30.6;5.25146;39.9769;30.9;52;298.741;281.916;276;330;275;275;569.878;569.444;50;276.467;;;579.036;1;1
5406;0.25;52.8472;30.6;5.32132;40.2894;30.9;62;298.568;281.923;276;330;275;275;569.734;569.589;50;276.474;;;579.036;1;1
5407;0.25;52.9485;30.6;5.31302;40.2836;30.9;48;297.917;281.937;277;330;275;275;569.878;569.589;50;276.486;;;578.273;1;1
5408;0.25;53.0498;30.6;5.30465;40.081;30.9;52;297.83;281.937;277;330;275;275;569.878;569.444;50;276.499;;;577.733;1;1
5409;0.25;52.7893;30.6;5.31549;39.8929;30.9;90;297.772;281.93;277;330;275;275;569.734;569.589;50;276.517;;;574.458;1;1
5410;0.25;52.4392;30.6;5.28023;39.9826;30.9;168;297.844;281.93;277;330;275;275;569.878;569.444;50;276.502;;;574.458;1;1
5411;0.25;52.2367;30.6;5.24159;40.081;30.9;262;297.946;281.93;277;330;275;275;569.734;569.444;50;276.47;;;574.458;1;1
5412;0.25;52.5405;30.6;5.29043;39.9797;30.9;343;298.047;281.908;277;330;275;275;569.878;569.444;50;276.445;;;573.919;1;1
5413;0.25;52.5405;30.6;5.25372;39.8785;30.9;382;297.989;281.901;277;330;275;275;569.878;569.444;50;276.414;;;573.381;1;1
5414;0.25;52.2338;30.6;5.2413;39.8785;30.9;382;297.989;281.879;277;330;275;275;569.734;569.589;50;276.377;;;571.229;1;1
5415;0.25;52.364;30.5;4.93543;39.8785;30.9;384;298.582;281.894;277;330;275;275;569.878;569.589;50;276.352;;;570.691;1;1
5416;0.25;52.5405;30.5;4.93372;40.1823;30.9;387;298.553;281.872;277;330;275;275;569.878;569.589;50;276.335;;;570.691;1;1
5417;0.25;52.3351;30.5;4.93271;40.2836;30.9;379;299.146;281.887;277;330;275;275;570.023;569.589;50;276.326;;;568.003;1;1
5418;0.25;52.5405;30.5;4.91536;40.1823;30.9;379;299.855;281.872;277;330;275;275;569.878;569.589;50;276.322;;;568.003;1;1
5419;0.25;52.5579;30.5;4.93535;40.3848;30.9;363;300.506;281.698;277;330;275;275;569.878;569.444;50;276.323;;;567.954;1;1
5420;0.25;52.6447;30.5;4.92511;40.1794;30.9;357;301.114;281.691;277;330;275;275;569.878;569.589;50;276.315;;;567.954;1;1
5421;0.25;52.5405;30.5;4.91536;39.8785;30.9;346;301.953;281.865;277;330;275;275;569.878;569.589;50;276.316;;;567.555;1;1
5422;0.25;52.5463;30.5;4.95261;39.945;31;317;302.358;281.684;277;330;275;275;570.023;569.734;50;276.319;;;565.407;1;1
5423;0.25;52.9572;30.5;4.99134;39.8785;31;307;303.27;281.706;277;330;275;275;570.023;569.734;50;276.331;;;565.407;1;1
5424;0.25;53.0498;30.5;4.98154;40.081;31;269;304.413;281.698;277;330;275;275;570.023;569.878;50;276.339;;;564.398;1;1
5425;0.25;52.7459;30.6;5.25581;40.081;31;244;305.179;281.706;277;330;275;275;570.168;569.734;50;276.345;;;563.326;1;1
5426;0.25;52.3351;30.6;5.19659;40.2836;31.1;231;306.062;281.858;277;330;275;275;570.168;569.734;50;276.361;;;563.326;1;1
5427;0.25;52.2309;30.6;5.20449;40.191;31.1;219;306.612;281.706;277;330;275;275;570.168;569.878;50;276.38;;;562.517;1;1
5428;0.25;52.3438;30.6;5.21574;40.081;31.1;199;307.451;281.706;277;330;275;275;570.168;569.878;50;276.402;;;561.445;1;1
5429;0.25;52.2367;30.6;5.18682;40.1823;31.2;166;308.189;281.821;277;330;275;275;570.023;569.878;50;276.427;;;560.729;1;1
5430;0.25;52.0515;30.7;5.54004;40.2459;31.2;139;309.086;281.72;277;330;275;275;570.023;569.734;50;276.453;;;559.657;1;1
5431;0.25;52.0949;30.7;5.50824;40.081;31.2;108;309.375;281.727;277;330;275;275;570.023;569.734;50;276.477;;;557.379;1;1
5432;0.25;52.5405;30.7;5.5737;40.1997;31.3;87;310.214;281.735;277;330;275;275;570.168;569.734;50;276.495;;;557.379;1;1
5433;0.25;52.5405;30.7;5.50029;40.2836;31.3;60;310.619;281.756;277;330;275;275;570.023;569.878;50;276.506;;;557.379;1;1
5434;0.25;52.6418;30.8;5.92346;40.1823;31.3;10;311.4;281.764;277;330;275;275;570.168;570.023;50;276.493;;;555.802;1;1
5435;0.25;52.9485;30.8;5.90248;40.1823;31.4;0;311.545;281.764;277;330;275;275;570.312;569.878;50;276.494;;;555.268;1;1
5436;0.25;52.9311;30.8;5.91903;39.9537;31.4;0;311.473;281.764;277;330;275;275;570.312;569.878;50;276.501;"KHP102      ";;552.596;1;1
5437;0.25;52.7431;30.8;5.84273;39.9826;31.4;0;312.196;281.764;277;330;275;275;570.168;569.878;50;276.522;;;552.596;1;1
5438;0.25;52.7431;30.9;6.21924;39.7743;31.4;0;312.182;281.771;277;330;275;275;570.023;569.734;50;276.559;;;552.596;1;1
5439;0.25;52.9311;30.9;6.18595;39.8814;31.4;0;312.312;281.778;277;330;275;275;570.023;569.734;50;276.592;;;551.528;1;1
5440;0.25;52.6823;30.9;6.19367;40.3848;31.4;0;312.428;281.785;277;330;275;275;570.168;569.878;50;276.593;;;550.995;1;1
5441;0.25;52.5405;31;6.53372;40.3848;31.4;0;312.37;281.793;277;330;275;275;570.168;569.734;50;276.564;;;549.927;1;1
5442;0.25;52.6418;31;6.47276;40.1823;31.4;0;312.283;281.793;277;330;275;275;570.168;569.878;50;276.528;;;549.394;1;1
5443;0.25;52.3351;31;6.48989;40.0984;31.4;0;311.415;281.8;277;330;275;275;570.168;569.878;50;276.485;;;548.861;1;1
5444;0.25;52.338;31;6.49025;40.081;31.4;0;311.386;281.778;277;330;275;275;570.312;569.878;50;276.441;;;547.269;1;1
5445;0.25;52.3351;31;6.52646;39.9769;31.4;0;311.155;281.771;277;330;275;275;570.457;570.023;50;276.423;;;546.375;1;1
5446;0.25;52.4537;31.1;6.84241;40.081;31.4;0;310.532;281.8;277;330;275;275;570.457;570.168;50;276.443;;;545.843;1;1
5447;0.25;52.4219;31.1;6.81994;40.1823;31.4;0;310.894;281.959;277;330;275;275;570.457;570.168;50;276.469;;;545.843;1;1
5448;0.25;52.1528;31.1;6.83959;40.1823;31.4;0;310.402;281.937;277;330;275;275;570.602;570.168;50;276.479;;;544.824;1;1
5449;0.25;51.93;31.1;6.75595;40.0116;31.3;0;309.823;282.082;277;330;275;275;570.312;570.168;50;276.481;;;544.824;1;1
5450;0.25;52.1325;31.1;6.72766;39.9797;31.3;2;309.144;282.082;277;330;275;275;570.457;570.023;50;276.476;;;543.227;1;1
5451;0.25;52.0312;31.1;6.73277;40.081;31.3;8;308.637;282.075;277;330;275;275;570.168;570.023;50;276.472;;;542.695;1;1
5452;0.25;51.9213;31.1;6.73668;40.3877;31.3;21;308.102;281.952;277;330;275;275;570.168;569.878;50;276.48;;;542.695;1;1
5453;0.25;51.93;31.1;6.70152;40.3848;31.3;31;307.755;281.923;277;330;275;275;570.312;569.878;50;276.501;;;539.92;1;1
5454;0.25;52.2338;31.1;6.77723;40.3848;31.2;47;307.205;281.923;277;330;275;275;570.312;569.878;50;276.53;;;539.92;1;1
5455;0.25;52.1441;31.1;6.71091;40.1852;31.2;65;306.887;282.075;277;330;275;275;570.312;569.878;50;276.56;;;539.389;1;1
5456;0.25;52.2454;31.1;6.74222;39.8785;31.2;79;306.293;282.082;277;330;275;275;570.457;570.168;50;276.587;;;538.586;1;1
5457;0.25;52.4392;31.1;6.7489;39.9769;31.2;103;305.758;282.082;277;330;275;275;570.457;570.168;50;276.611;;;538.586;1;1
5458;0.25;52.2338;31.1;6.74073;40.081;31.1;117;305.02;282.075;277;330;275;275;570.602;570.312;50;276.634;;;537.708;1;1
5459;0.25;52.2569;31.1;6.79848;39.8785;31.1;132;304.47;282.075;277;330;275;275;570.747;570.312;50;276.645;;;536.116;1;1
5460;0.25;52.3756;31;6.44003;39.783;31.1;139;304.543;282.075;277;330;275;275;570.602;570.168;50;276.664;;;534.525;1;1
5461;0.25;52.526;31;6.3851;39.8756;31.1;139;304.196;282.082;277;330;275;275;570.602;570.168;50;276.689;;;533.496;1;1
5462;0.25;52.6418;31;6.41756;39.89;31.1;145;304.239;282.082;277;330;275;275;570.602;570.312;50;276.709;;;532.966;1;1
5463;0.25;52.3351;31;6.41676;39.9392;31.1;148;303.631;282.082;277;330;275;275;570.602;570.168;50;276.714;;;532.408;1;1
5464;0.25;52.4132;31;6.38969;39.9797;31;146;303.458;282.075;277;330;275;275;570.602;570.168;50;276.716;;;532.408;1;1
5465;0.25;52.4392;31;6.39287;39.864;31;147;303.328;282.075;277;330;275;275;570.457;570.168;50;276.691;;;531.348;1;1
5466;0.25;52.2975;31;6.41215;39.9797;31;153;303.342;282.075;277;330;275;275;570.602;570.312;50;276.648;;;530.819;1;1
5467;0.25;52.5405;31;6.44195;40.081;31;148;303.038;282.082;277;330;275;275;570.457;570.168;50;276.602;;;530.29;1;1
5468;0.25;52.2135;31;6.38359;40.081;31;142;303.183;282.082;277;330;275;275;570.457;570.023;50;276.553;;;529.33;1;1
5469;0.25;52.0312;30.9;6.08078;40.1823;31;152;303.183;282.082;277;330;275;275;570.457;570.023;50;276.479;;;528.272;1;1
5470;0.25;52.4392;30.9;6.07348;40.081;31;159;303.096;282.075;277;330;275;275;570.602;570.168;50;276.402;;;527.743;1;1
5471;0.25;52.3495;30.9;6.09969;39.8785;31;164;302.966;282.075;277;330;275;275;570.602;570.168;50;276.348;;;527.743;1;1
5472;0.25;52.4132;30.9;6.05215;39.8785;31;180;303.197;282.075;277;330;275;275;570.602;570.168;50;276.317;;;525.1;1;1
5473;0.25;52.5405;30.9;6.03014;40.1823;31;191;303.776;282.082;277;330;275;275;570.602;570.312;50;276.281;;;525.1;1;1
5474;0.25;52.9485;30.9;6.15098;40.4861;31;184;303.877;282.082;277;330;275;275;570.602;570.168;50;276.255;;;524.572;1;1
5475;0.25;53.0498;30.9;6.12566;40.5903;31;191;303.487;282.082;277;330;275;275;570.747;570.312;50;276.237;;;522.822;1;1
5476;0.25;52.9485;30.9;6.11396;40.4109;31;208;304.21;282.075;277;330;275;275;570.747;570.312;50;276.273;;;522.294;1;1
5477;0.25;52.4363;30.9;6.1098;40.1823;31;226;304.109;282.075;277;330;275;275;570.602;570.168;50;276.315;;;520.712;1;1
5478;0.25;52.3351;30.9;6.07972;39.9797;31.1;212;304.008;282.075;277;330;275;275;570.602;570.168;50;276.357;;;520.712;1;1
5479;0.25;52.338;30.9;6.04346;39.9797;31.1;217;304.21;282.082;277;330;275;275;570.602;570.312;50;276.411;;;519.346;1;1
5480;0.25;52.3669;30.9;6.0651;40.1823;31.1;222;304.268;282.082;277;330;275;275;570.602;570.168;50;276.454;;;518.412;1;1
5481;0.25;52.2222;30.9;6.0301;40.2025;31.1;209;305.165;282.082;277;330;275;275;570.602;570.168;50;276.504;;;517.359;1;1
5482;0.25;52.364;30.9;6.02818;40.1823;31.1;205;305.498;282.075;277;330;275;275;570.602;570.168;50;276.55;;;517.359;1;1
5483;0.25;52.338;30.9;6.02518;40.1823;31.1;194;305.469;282.075;277;330;275;275;570.602;570.168;50;276.582;;;516.832;1;1
5484;0.25;52.0775;30.9;6.01339;40.3646;31.1;170;306.149;282.075;277;330;275;275;570.457;570.168;50;276.598;"KHP102      ";;514.727;1;1
5485;0.25;51.9271;30.9;6.03233;40.1823;31.1;145;306.25;282.082;277;330;275;275;570.457;570.023;50;276.597;;;514.727;1;1
5486;0.25;52.1325;30.9;6.05619;39.9797;31.1;135;306.221;282.082;277;330;275;275;570.457;570.168;50;276.577;;;513.489;1;1
5487;0.25;52.3611;30.9;6.02785;40.081;31.1;126;307.161;282.082;277;330;275;275;570.457;570.023;50;276.545;;;513.489;1;1
5488;0.25;52.2425;30.9;6.03244;40.1823;31.2;105;307.552;282.075;277;330;275;275;570.457;570.023;50;276.502;;;513.489;1;1
5489;0.25;52.2367;30.9;6.01352;40.1794;31.2;88;307.567;282.075;277;330;275;275;570.457;570.168;50;276.465;;;511.354;1;1
5490;0.25;52.4392;30.9;6.09182;40.1823;31.2;73;308.261;282.082;277;330;275;275;570.602;570.023;50;276.438;;;511.354;1;1
5491;0.25;52.5405;30.9;6.08521;40.2865;31.2;66;308.189;282.082;277;330;275;275;570.602;570.168;50;276.397;;;510.463;1;1
5492;0.25;52.7402;30.9;6.07148;39.9797;31.2;60;308.16;282.082;277;330;275;275;570.602;570.312;50;276.351;;;509.029;1;1
5493;0.25;52.7431;30.9;6.10867;39.673;31.2;61;308.087;282.082;277;330;275;275;570.602;570.312;50;276.322;;;507.98;1;1
5494;0.25;52.4248;30.9;6.03517;40.0752;31.2;67;308.29;282.075;277;330;275;275;570.457;570.168;50;276.296;;;507.252;1;1
5495;0.25;51.8258;30.9;5.94812;39.8785;31.3;77;308.391;282.075;277;330;275;275;570.457;570.168;50;276.263;;;505.823;1;1
5496;0.25;51.956;30.9;5.96306;39.8756;31.3;76;308.521;282.075;277;330;275;275;570.602;570.023;50;276.233;;;505.823;1;1
5497;0.25;52.0312;30.9;5.98987;39.9769;31.3;75;308.608;282.082;277;330;275;275;570.457;570.023;50;276.21;;;505.823;1;1
5498;0.25;52.4392;31;6.39287;39.8785;31.3;79;308.579;282.089;277;330;275;275;570.457;570.023;50;276.217;;;505.009;1;1
5499;0.25;52.4334;31;6.35553;39.8756;31.3;87;308.16;282.082;277;330;275;275;570.457;570.168;50;276.25;;;504.58;1;1
5500;0.25;52.1296;31;6.35512;39.8785;31.3;101;308.073;282.075;277;330;275;275;570.457;570.023;50;276.295;;;502.58;1;1
5501;0.25;51.93;31;6.2945;39.8785;31.3;114;308.116;282.075;277;330;275;275;570.457;570.168;50;276.355;;;502.056;1;1
5502;0.25;52.3351;31;6.34361;40.3848;31.3;126;308.174;282.082;277;330;275;275;570.457;570.023;50;276.417;;;500.737;1;1
5503;0.25;52.5405;31;6.44195;40.1823;31.3;118;308.203;282.082;277;330;275;275;570.457;570.023;50;276.469;"KHP102      ";;498.646;1;1
5504;0.25;52.5116;31;6.40169;40.2344;31.3;117;307.682;282.082;277;330;275;275;570.457;570.023;50;276.544;"KHP102      ";;498.646;1;1
5505;0.25;52.4392;31;6.41119;40.2836;31.3;112;307.668;282.082;277;330;275;275;570.457;570.168;50;276.621;;;498.646;1;1
5506;0.25;52.5318;31;6.38581;40.1823;31.2;112;307.711;282.075;277;330;275;275;570.602;570.168;50;276.673;;;498.646;1;1
5507;0.25;52.4682;31;6.37807;40.2807;31.2;104;307.711;282.075;277;330;275;275;570.457;570.168;50;276.695;;;497.079;1;1
5508;0.25;52.7402;31;6.44798;40.4861;31.2;95;307.567;282.075;277;330;275;275;570.457;570.168;50;276.693;;;495.512;1;1
5509;0.25;52.7459;31;6.41183;40.5874;31.2;83;307.364;282.082;277;330;275;275;570.457;570.168;50;276.68;;;494.991;1;1
5510;0.25;52.3351;31;6.43504;40.2836;31.2;79;307.118;282.089;277;330;275;275;570.457;570.168;50;276.66;;;494.469;1;1
5511;0.25;52.3148;31;6.3777;40.2836;31.2;78;307.234;282.082;277;330;275;275;570.602;570.168;50;276.63;;;493.53;1;1
5512;0.25;52.2425;31;6.35063;40.2836;31.2;69;307.248;282.075;277;330;275;275;570.602;570.312;50;276.611;;;493.53;1;1
5513;0.25;52.1325;31;6.35548;40.081;31.2;67;307.306;282.075;277;330;275;275;570.747;570.457;50;276.605;;;493.008;1;1
5514;0.25;52.228;31;6.33063;39.7454;31.2;65;307.219;282.075;277;330;275;275;570.747;570.457;50;276.604;;;490.198;1;1
5515;0.25;52.3206;31;6.41499;39.7743;31.2;64;306.727;282.082;277;330;275;275;570.891;570.457;50;276.604;;;490.198;1;1
5516;0.25;52.6418;31;6.32561;39.7772;31.2;70;306.308;282.082;277;330;275;275;570.891;570.457;50;276.594;;;490.198;1;1
5517;0.25;52.2338;31;6.33133;39.673;31.2;75;306.525;282.082;277;330;275;275;571.036;570.602;50;276.584;;;487.993;1;1
5518;0.25;52.4392;31;6.37455;39.5544;31.2;79;305.99;282.075;277;330;275;275;570.891;570.747;50;276.574;;;487.993;1;1
5519;0.25;52.4537;31;6.35799;39.673;31.2;81;306.192;282.075;277;330;275;275;570.891;570.602;50;276.56;;;487.318;1;1
5520;0.25;52.338;31;6.36224;39.7743;31.2;85;306.264;282.082;277;330;275;275;570.891;570.457;50;276.551;;;486.798;1;1
5521;0.25;52.4392;31;6.37455;39.7743;31.2;100;305.454;282.082;277;330;275;275;570.891;570.457;50;276.554;;;486.798;1;1
5522;0.25;52.4392;31;6.37455;40.0492;31.2;104;305.382;282.082;277;330;275;275;570.891;570.457;50;276.565;;;486.278;1;1
5523;0.25;52.2917;31;6.37488;40.1823;31.2;112;305.31;282.075;277;330;275;275;571.036;570.602;50;276.595;;;485.238;1;1
5524;0.25;52.5405;31;6.42357;40.1823;31.2;114;304.991;282.075;277;330;275;275;570.891;570.602;50;276.63;;;483.679;1;1
5525;0.25;52.3351;30.9;6.06141;40.1823;31.2;117;305.02;282.075;277;330;275;275;571.036;570.602;50;276.669;;;483.16;1;1
5526;0.25;52.4363;30.9;6.01819;40.081;31.2;129;305.136;282.082;277;330;275;275;570.891;570.602;50;276.681;;;480.922;1;1
5527;0.25;52.7431;30.9;6.10867;39.8756;31.2;133;305.237;282.082;277;330;275;275;570.891;570.602;50;276.68;;;480.922;1;1
5528;0.25;52.6389;30.9;6.07821;39.8785;31.2;126;304.485;282.082;277;330;275;275;570.891;570.457;50;276.672;;;479.885;1;1
5529;0.25;52.3119;30.9;6.05873;40.0521;31.2;135;304.485;282.082;277;330;275;275;570.747;570.457;50;276.674;;;479.885;1;1
5530;0.25;52.1296;30.9;6.01941;40.2836;31.2;136;304.369;282.075;277;330;275;275;570.747;570.602;50;276.684;;;479.885;1;1
5531;0.25;52.2338;30.9;5.9767;40.2836;31.2;138;304.268;282.075;277;330;275;275;570.747;570.457;50;276.685;;;477.118;1;1
5532;0.25;52.5405;30.9;6.06685;40.2836;31.2;133;304.239;282.075;277;330;275;275;570.747;570.457;50;276.683;;;477.118;1;1
5533;0.25;52.7431;30.9;6.10867;40.3848;31.2;139;304.21;282.082;277;330;275;275;570.747;570.457;50;276.663;;;475.972;1;1
5534;0.25;52.9456;30.9;6.09513;40.489;31.2;139;304.369;282.082;277;330;275;275;570.891;570.457;50;276.632;;;475.473;1;1
5535;0.25;52.5087;30.9;6.08152;40.2836;31.2;133;304.384;282.082;277;330;275;275;571.036;570.602;50;276.601;;;473.921;1;1
5536;0.25;52.5984;30.9;6.14706;40.1823;31.2;126;304.47;282.241;277;330;275;275;570.891;570.602;50;276.594;;;472.762;1;1
5537;0.25;52.3351;30.9;6.02485;40.1852;31.2;133;304.442;282.27;277;330;275;275;571.036;570.602;50;276.605;;;472.762;1;1
5538;0.25;52.4392;30.9;6.03684;40.081;31.2;139;304.716;282.465;277;330;275;275;571.036;570.602;50;276.616;;;472.245;1;1
5539;0.25;52.7431;30.9;6.05339;40.0637;31.2;142;304.659;282.465;277;330;275;275;570.891;570.457;50;276.626;;;472.123;1;1
5540;0.25;52.7431;30.9;6.16397;39.6759;31.2;141;304.21;282.277;277;330;275;275;570.891;570.457;50;276.645;;;470.573;1;1
5541;0.25;52.4363;30.9;6.03651;39.8785;31.2;139;304.239;282.473;277;330;275;275;571.036;570.457;50;276.683;;;469.596;1;1
5542;0.25;52.4334;30.9;6.03617;40.1823;31.2;143;304.818;282.465;277;330;275;275;570.891;570.457;50;276.716;;;467.596;1;1
5543;0.25;52.2801;30.9;6.05505;40.3848;31.2;145;305.266;282.48;277;330;275;275;570.891;570.457;50;276.737;;;467.596;1;1
5544;0.25;52.3351;30.9;6.00657;40.2778;31.2;131;305.179;282.473;277;330;275;275;571.036;570.457;50;276.754;;;467.361;1;1
5545;0.25;52.0457;30.9;5.97336;40.081;31.2;124;305.064;282.444;277;330;275;275;570.891;570.457;50;276.76;;;465.742;1;1
5546;0.25;52.1296;30.9;6.0012;40.081;31.2;116;304.991;282.451;277;330;275;275;570.891;570.457;50;276.755;;;465.742;1;1
5547;0.25;51.93;30.9;6.0508;40.3733;31.2;109;305.02;282.451;277;330;275;275;570.891;570.457;50;276.741;;;463.562;1;1
5548;0.25;51.9271;30.9;5.97788;40.3328;31.2;104;305.15;282.436;277;330;275;275;570.891;570.457;50;276.719;;;463.047;1;1
5549;0.25;51.93;30.9;5.96007;40.3848;31.2;103;305.252;282.429;277;330;275;275;570.891;570.457;50;276.693;;;462.018;1;1
5550;0.25;52.2367;30.9;6.03177;40.2836;31.2;105;305.194;282.371;277;330;275;275;571.036;570.602;50;276.659;;;459.446;1;1
5551;0.25;52.2309;30.9;6.04935;40.3819;31.2;105;305.888;282.364;277;330;275;275;571.036;570.602;50;276.618;;;459.446;1;1
5552;0.25;52.3351;30.9;6.07972;40.3848;31.2;104;305.802;282.357;277;330;275;275;570.891;570.602;50;276.579;;;459.446;1;1
5553;0.25;52.3351;30.9;5.98828;40.1823;31.2;105;305.758;282.35;277;330;275;275;570.891;570.602;50;276.54;;;459.446;1;1
5554;0.25;52.0949;30.9;6.0154;40.0434;31.2;101;305.845;282.364;277;330;275;275;570.891;570.602;50;276.527;;;458.932;1;1
5555;0.25;51.93;30.9;5.96007;40.1823;31.2;109;305.382;282.357;277;330;275;275;570.891;570.457;50;276.532;"KHP102      ";;458.001;1;1
5556;0.25;51.9907;30.9;5.96705;40.3848;31.2;120;306.033;282.364;277;330;275;275;570.891;570.457;50;276.54;;;456.973;1;1
5557;0.25;52.0573;30.9;5.99287;40.2836;31.2;121;306.004;282.364;277;330;275;275;570.747;570.457;50;276.552;;;455.946;1;1
5558;0.25;52.1325;30.9;6.00153;40.081;31.2;119;305.917;282.357;277;330;275;275;570.747;570.457;50;276.566;;;455.433;1;1
5559;0.25;52.0689;30.9;5.93963;40.081;31.2;123;305.845;282.357;277;330;275;275;570.602;570.312;50;276.567;"KHP102      ";;453.183;1;1
5560;0.25;52.1296;30.9;6.01941;40.1823;31.2;133;305.758;282.321;277;330;275;275;570.747;570.312;50;276.561;;;453.183;1;1
5561;0.25;52.2338;30.9;6.01319;40.0839;31.2;131;305.773;282.321;277;330;275;275;570.602;570.312;50;276.554;;;452.67;1;1
5562;0.25;52.1325;30.9;6.00153;40.1823;31.2;126;305.874;282.292;277;330;275;275;570.747;570.168;50;276.541;;;452.67;1;1
5563;0.25;52.3351;30.9;6.04313;40.081;31.2;128;305.961;282.292;277;330;275;275;570.602;570.312;50;276.525;;;452.67;1;1
5564;0.25;52.5405;30.9;6.08521;39.8756;31.2;132;305.99;282.292;277;330;275;275;570.747;570.168;50;276.508;;;450.866;1;1
5565;0.25;52.5405;30.9;6.01179;40.081;31.2;135;305.975;282.284;277;330;275;275;570.747;570.312;50;276.496;;;450.354;1;1
5566;0.25;52.0312;30.9;6.00805;40.217;31.2;135;305.946;282.284;277;330;275;275;570.747;570.457;50;276.497;;;449.33;1;1
5567;0.25;52.2367;30.9;6.03177;40.2836;31.2;136;305.845;282.263;277;330;275;275;570.747;570.457;50;276.498;;;449.33;1;1
5568;0.25;52.338;30.9;6.0069;40.2402;31.3;138;305.758;282.263;277;330;275;275;570.747;570.457;50;276.499;;;446.771;1;1
5569;0.25;52.3351;30.9;6.02485;40.0955;31.3;138;305.686;282.248;277;330;275;275;570.747;570.457;50;276.529;;;446.26;1;1
5570;0.25;52.5405;30.9;6.08521;40.0781;31.3;138;305.628;282.227;277;330;275;275;570.602;570.312;50;276.592;;;444.727;1;1
5571;0.25;52.5376;30.9;6.06652;40.2865;31.3;133;306.076;282.234;277;330;275;275;570.747;570.312;50;276.658;;;444.273;1;1
5572;0.25;52.4797;30.9;6.05984;40.2836;31.3;139;306.192;282.248;277;330;275;275;570.602;570.312;50;276.708;;;443.763;1;1
5573;0.25;52.2338;30.9;6.01319;40.3848;31.3;131;306.264;282.241;277;330;275;275;570.602;570.312;50;276.753;;;443.763;1;1
5574;0.25;52.4392;30.9;6.05516;40.3848;31.3;126;306.221;282.241;277;330;275;275;570.602;570.312;50;276.795;;;443.763;1;1
5575;0.25;52.4855;30.9;6.0605;40.3009;31.3;112;306.105;282.241;277;330;275;275;570.602;570.457;50;276.849;;;441.509;1;1
5576;0.25;52.1325;30.9;6.00153;40.1823;31.3;104;306.004;282.227;277;330;275;275;570.747;570.457;50;276.907;;;441.509;1;1
5577;0.25;52.1325;30.9;6.00153;40.1823;31.3;96;306.641;282.212;277;330;275;275;570.747;570.457;50;276.969;;;440.489;1;1
5578;0.25;52.3351;30.9;6.07972;40.1823;31.3;88;306.698;282.205;277;330;275;275;570.747;570.457;50;277.029;;;439.979;1;1
5579;0.25;52.0312;30.9;6.00805;39.9797;31.3;67;306.8;282.212;277;330;275;275;570.747;570.312;50;277.083;;;438.93;1;1
5580;0.25;52.0312;30.9;6.00805;39.9508;31.3;50;306.858;282.212;277;330;275;275;570.747;570.457;50;277.131;;;438.421;1;1
5581;0.25;51.6319;30.9;5.97998;39.9797;31.3;34;306.858;282.205;277;330;275;275;570.747;570.457;50;277.181;;;436.383;1;1
5582;0.25;52.0312;30.9;6.00805;39.9797;31.3;0;306.858;282.212;277;330;275;275;570.747;570.457;50;277.243;;;436.383;1;1
5583;0.25;52.4161;30.9;6.10744;39.9797;31.3;0;306.38;282.212;277;330;275;275;570.891;570.457;50;277.284;"KHP102      ";;436.383;1;1
5584;0.25;52.7431;30.9;6.05339;39.8785;31.3;0;306.12;282.198;277;330;275;275;570.747;570.457;50;277.319;;;434.897;1;1
5585;0.25;52.3351;31;6.41676;39.673;31.3;0;306.047;282.19;277;330;275;275;570.747;570.457;50;277.36;;;434.388;1;1
5586;0.25;52.3351;31;6.39845;39.8148;31.3;0;306.019;282.574;277;330;275;275;570.747;570.312;50;277.357;;;432.842;1;1
5587;0.25;52.3351;31;6.41676;39.9797;31.3;0;305.512;282.574;277;330;275;275;570.602;570.168;50;277.314;;;432.842;1;1
5588;0.25;52.4363;31;6.39252;39.673;31.3;0;305.584;282.581;277;330;275;275;570.602;570.168;50;277.257;;;432.842;1;1
5589;0.25;52.6418;31;6.47276;39.9797;31.3;0;305.223;282.588;277;330;275;275;570.602;570.312;50;277.187;;;430.637;1;1
5590;0.25;52.5405;31;6.4603;40.0752;31.3;0;304.659;282.588;277;330;275;275;570.602;570.168;50;277.119;;;430.273;1;1
5591;0.25;52.1325;31;6.33727;40.081;31.3;0;304.08;282.574;277;330;275;275;570.602;570.168;50;277.049;;;429.258;1;1
5592;0.25;52.0312;31;6.34313;40.081;31.3;0;303.993;282.581;277;330;275;275;570.457;570.023;50;276.989;;;429.258;1;1
5593;0.25;51.8258;31;6.31809;39.8785;31.3;0;303.313;282.581;277;330;275;275;570.312;569.878;50;276.946;;;426.931;1;1
5594;0.25;51.7332;31;6.3068;39.7743;31.3;7;303.009;282.581;277;330;275;275;570.168;569.734;50;276.926;;;425.953;1;1
5595;0.25;52.1325;31;6.35548;39.809;31.3;19;302.532;282.588;277;330;275;275;570.168;569.734;50;276.917;;;424.624;1;1
5596;0.25;52.2338;31;6.42259;39.7743;31.3;43;302.185;282.581;277;330;275;275;570.023;569.734;50;276.904;;;424.106;1;1
5597;0.25;52.3351;30.9;6.04447;39.838;31.2;74;301.852;282.581;277;330;275;275;569.878;569.734;50;276.877;;;424.106;1;1
5598;0.25;52.338;30.9;6.09834;39.8756;31.2;98;301.013;282.581;277;330;275;275;569.878;569.589;50;276.851;;;423.093;1;1
5599;0.25;52.0312;30.9;6.04443;40.0666;31.2;124;300.68;282.588;277;330;275;275;569.878;569.589;50;276.828;;;423.093;1;1
5600;0.25;51.93;30.9;6.0508;39.809;31.2;132;300.651;282.4;277;330;275;275;569.878;569.589;50;276.814;;;420.101;1;1
5601;0.25;51.8258;30.9;6.02056;39.673;31.2;135;299.855;282.581;277;330;275;275;569.734;569.444;50;276.802;;;420.101;1;1
5602;0.25;51.7245;30.9;6.0088;39.9797;31.2;136;299.797;282.581;277;330;275;275;569.589;569.3;50;276.799;;;419.091;1;1
5603;0.25;52.1007;30.9;6.01607;40.081;31.1;137;299.899;282.581;277;330;275;275;569.589;569.155;50;276.817;;;418.452;1;1
5604;0.25;52.2338;30.9;6.04968;40.081;31.1;136;299.913;282.581;277;330;275;275;569.444;569.3;50;276.846;;;417.321;1;1
5605;0.25;52.2888;30.9;6.07434;39.9797;31.1;139;299.06;282.371;277;330;275;275;569.444;569.155;50;276.89;;;416.311;1;1
5606;0.25;52.1181;30.9;6.05451;40.2836;31.1;133;298.929;282.371;277;330;275;275;569.589;569.3;50;276.925;;;416.311;1;1
5607;0.25;52.1325;30.8;5.73867;40.0781;31.1;139;298.857;282.371;277;330;275;275;569.444;569.3;50;276.964;;;415.247;1;1
5608;0.25;52.1325;30.8;5.73867;39.9797;31.1;139;298.857;282.371;277;330;275;275;569.444;569.155;50;277;;;414.742;1;1
5609;0.25;51.93;30.8;5.69823;39.9797;31.1;137;298.987;282.357;277;330;275;275;569.444;569.01;50;277.039;;;414.238;1;1
5610;0.25;52.2367;30.8;5.76838;39.783;31.1;140;299.089;282.35;277;330;275;275;569.3;569.01;50;277.054;;;413.734;1;1
5611;0.25;52.3322;30.8;5.76065;39.7743;31.1;138;299.089;282.35;277;330;275;275;569.3;568.866;50;277.054;;;411.718;1;1
5612;0.25;52.0312;30.8;5.67297;40.0608;31.1;140;298.987;282.35;277;330;275;275;569.155;568.866;50;277.048;;;411.718;1;1
5613;0.25;52.0341;30.8;5.69146;39.9797;31.1;138;298.872;282.342;277;330;275;275;569.155;568.866;50;277.043;;;411.718;1;1
5614;0.25;52.0312;30.8;5.67297;39.7743;31.1;137;299.609;282.342;277;330;275;275;569.155;568.866;50;277.052;;;409.704;1;1
5615;0.25;51.7535;30.8;5.67886;39.7222;31.1;138;299.653;282.321;277;330;275;275;569.01;568.721;50;277.073;;;409.704;1;1
5616;0.25;51.739;30.8;5.65918;39.7743;31.1;141;299.725;282.306;277;330;275;275;569.01;568.721;50;277.089;;;407.692;1;1
5617;0.25;51.7766;30.8;5.66329;39.8785;31.1;139;300.043;282.321;277;330;275;275;569.01;568.721;50;277.097;;;406.821;1;1
5618;0.25;51.8229;30.8;5.65025;39.8785;31.1;137;300.145;282.321;277;330;275;275;568.866;568.576;50;277.094;;;406.821;1;1
5619;0.25;52.037;30.8;5.6736;39.8698;31.1;136;300.101;282.321;277;330;275;275;568.866;568.576;50;277.101;;;405.314;1;1
5620;0.25;52.4363;30.8;5.69882;39.673;31.2;136;300.825;282.335;277;330;275;275;568.866;568.576;50;277.096;;;404.658;1;1
5621;0.25;52.5405;30.8;5.72849;39.5718;31.2;139;300.723;282.335;277;330;275;275;568.866;568.432;50;277.086;;;404.658;1;1
5622;0.25;52.2367;30.8;5.65887;39.673;31.2;138;300.087;282.284;277;330;275;275;568.721;568.287;50;277.073;;;404.658;1;1
5623;0.25;51.8258;30.8;5.61436;39.673;31.2;139;300.969;282.277;277;330;275;275;568.576;568.287;50;277.064;;;403.152;1;1
5624;0.25;51.93;30.8;5.64378;39.8756;31.2;137;301.071;282.277;277;330;275;275;568.576;568.287;50;277.052;;;402.651;1;1
5625;0.25;51.93;30.8;5.64378;39.9797;31.2;139;301.432;282.277;277;330;275;275;568.576;568.142;50;277.047;;;400.231;1;1
5626;0.25;51.7245;30.8;5.6576;39.9797;31.2;135;301.374;282.284;277;330;275;275;568.576;568.287;50;277.08;;;400.231;1;1
5627;0.25;51.8258;30.8;5.61436;39.8756;31.2;138;301.273;282.292;277;330;275;275;568.576;568.142;50;277.131;;;400.231;1;1
5628;0.25;52.0081;30.8;5.67044;39.8756;31.2;125;301.939;282.299;277;330;275;275;568.576;568.142;50;277.165;;;399.229;1;1
5629;0.25;52.2367;30.8;5.64062;39.8756;31.2;113;301.953;282.306;277;330;275;275;568.576;568.287;50;277.191;;;397.674;1;1
5630;0.25;52.2338;30.8;5.62206;39.7656;31.2;109;302.286;282.335;277;330;275;275;568.576;568.287;50;277.202;;;396.673;1;1
5631;0.25;52.2714;30.8;5.69915;39.7743;31.2;104;302.344;282.335;277;330;275;275;568.721;568.287;50;277.202;;;396.172;1;1
5632;0.25;52.1325;30.8;5.6658;39.673;31.2;93;302.387;282.328;277;330;275;275;568.576;568.287;50;277.219;;;394.644;1;1
5633;0.25;51.9329;30.8;5.60781;39.7425;31.2;86;302.329;282.35;277;330;275;275;568.576;568.287;50;277.263;;;394.644;1;1
5634;0.25;51.93;30.8;5.6075;39.7772;31.2;82;303.038;282.342;277;330;275;275;568.432;568.142;50;277.322;;;392.146;1;1
5635;0.25;51.9213;30.8;5.57029;39.7714;31.3;71;302.951;282.342;277;330;275;275;568.432;568.142;50;277.385;;;392.146;1;1
5636;0.25;51.93;30.8;5.58936;39.8785;31.3;58;302.937;282.241;277;330;275;275;568.287;567.998;50;277.439;;;392.146;1;1
5637;0.25;51.93;30.8;5.62564;39.7743;31.3;44;303.038;282.335;277;330;275;275;568.432;567.998;50;277.494;;;391.647;1;1
5638;0.25;51.93;30.8;5.6075;39.7743;31.3;34;303.168;282.35;277;330;275;275;568.432;568.142;50;277.535;;;391.148;1;1
5639;0.25;51.9271;30.9;5.9416;39.8756;31.3;25;303.212;282.35;277;330;275;275;568.576;568.142;50;277.561;;;390.212;1;1
5640;0.25;52.1325;30.9;5.89226;40.081;31.3;17;303.125;282.335;277;330;275;275;568.576;568.142;50;277.576;;;389.713;1;1
5641;0.25;51.794;30.9;5.89018;39.8756;31.3;0;303.024;282.35;277;330;275;275;568.287;568.142;50;277.59;;;387.013;1;1
5642;0.25;51.9271;30.9;5.88718;39.7743;31.3;0;302.937;282.371;277;330;275;275;568.287;567.998;50;277.595;;;387.013;1;1
5643;0.25;52.364;30.9;5.91842;39.8785;31.3;0;303.009;282.378;277;330;275;275;568.287;567.998;50;277.596;;;385.676;1;1
5644;0.25;52.526;30.9;5.97343;39.673;31.3;0;303.154;282.386;277;330;275;275;568.287;567.998;50;277.606;;;385.676;1;1
5645;0.25;52.2367;30.9;5.94053;39.6759;31.3;0;303.212;282.393;277;330;275;275;568.287;567.998;50;277.617;;;384.681;1;1
5646;0.25;52.0457;30.9;5.86424;39.673;31.3;0;302.358;282.393;277;330;275;275;568.287;567.998;50;277.626;;;384.651;1;1
5647;0.25;52.1325;30.9;5.8376;39.7743;31.3;0;302.271;282.4;277;330;275;275;568.287;567.998;50;277.645;;;384.618;1;1
5648;0.25;52.1325;30.9;5.85581;39.945;31.3;0;301.91;282.393;277;330;275;275;568.142;567.998;50;277.667;;;383.279;1;1
5649;0.25;52.0312;30.9;5.82626;39.8785;31.3;0;301.881;282.61;277;330;275;275;568.142;567.998;50;277.693;;;383.054;1;1
5650;0.25;51.9068;30.9;5.83046;39.7743;31.2;0;301.273;282.61;277;330;275;275;568.142;567.853;50;277.717;;;380.366;1;1
5651;0.25;51.5885;30.9;5.75866;39.8409;31.2;0;301.345;282.617;277;330;275;275;567.998;567.853;50;277.733;;;380.366;1;1
5652;0.25;51.7274;30.9;5.81031;39.9797;31.2;0;301.157;282.617;277;330;275;275;568.142;567.853;50;277.749;;;379.02;1;1
5653;0.25;51.7245;30.9;5.80998;39.9797;31.2;0;300.405;282.574;277;330;275;275;568.142;567.708;50;277.781;;;378.699;1;1
5654;0.25;51.8866;30.9;5.79193;40.081;31.2;0;300.347;282.603;277;330;275;275;567.998;567.708;50;277.817;;;377.197;1;1
5655;0.25;52.3351;30.9;5.87856;39.9479;31.2;0;299.899;282.61;277;330;275;275;567.998;567.708;50;277.828;;;377.197;1;1
5656;0.25;52.5;30.9;5.87875;39.673;31.2;0;299.175;282.574;277;330;275;275;567.998;567.708;50;277.81;;;374.908;1;1
5657;0.25;52.3351;30.9;5.87856;39.7627;31.2;0;299.204;282.581;277;330;275;275;567.998;567.708;50;277.786;;;374.908;1;1
5658;0.25;52.4219;30.9;5.88831;39.7743;31.2;0;298.958;282.617;277;330;275;275;567.998;567.708;50;277.767;;;374.412;1;1
5659;0.25;52.1325;30.9;5.80118;39.8785;31.1;0;298.38;282.61;277;330;275;275;567.998;567.708;50;277.739;;;372.716;1;1
5660;0.25;52.1325;30.8;5.46544;39.7714;31.1;2;298.785;282.588;277;330;275;275;568.142;567.853;50;277.707;;;372.716;1;1
5661;0.25;52.2512;30.8;5.45962;39.8785;31.1;8;297.989;282.588;277;330;275;275;568.287;567.853;50;277.689;;;371.674;1;1
5662;0.25;52.0312;30.8;5.473;40.1823;31.1;19;297.584;282.595;277;330;275;275;568.142;567.853;50;277.679;;;371.674;1;1
5663;0.25;52.092;30.8;5.46119;40.1852;31.1;34;296.803;282.603;277;330;275;275;568.142;567.853;50;277.68;;;371.133;1;1
5664;0.25;52.3322;30.8;5.48637;40.2344;31.1;54;296.788;282.603;277;330;275;275;567.998;567.708;50;277.685;"KHP102      ";;370.144;1;1
5665;0.25;52.2338;30.8;5.51255;40.1823;31.1;71;296.484;282.581;277;330;275;275;568.142;567.853;50;277.695;;;368.341;1;1
5666;0.25;51.93;30.8;5.38978;39.8756;31.1;87;296.571;282.588;277;330;275;275;568.142;567.853;50;277.699;;;367.098;1;1
5667;0.25;51.8287;30.8;5.41548;39.9942;31;98;295.992;282.595;277;330;275;275;567.998;567.853;50;277.699;;;365.124;1;1
5668;0.25;52.0341;30.8;5.45513;39.9769;31;104;295.703;282.595;277;330;275;275;567.998;567.853;50;277.699;;;365.124;1;1
5669;0.25;52.0312;30.7;5.10157;39.673;31;120;295.631;282.603;277;330;275;275;568.142;567.998;50;277.707;;;365.124;1;1
5670;0.25;51.7245;30.7;5.0715;39.8438;31;123;295.587;282.595;277;330;275;275;568.287;567.853;50;277.72;;;364.348;1;1
5671;0.25;52.0978;30.7;5.0717;39.9769;31;137;295.53;282.595;277;330;275;275;568.142;567.998;50;277.737;;;364.348;1;1
5672;0.25;52.0312;30.7;5.06522;39.9074;31;135;294.763;282.603;277;330;275;275;568.287;567.853;50;277.763;;;363.363;1;1
5673;0.25;52.0312;30.7;5.08339;39.9797;31;139;294.777;282.595;277;330;275;275;568.142;567.708;50;277.8;;;363.363;1;1
5674;0.25;52.1615;30.7;5.11434;39.8756;31;143;294.936;282.61;277;330;275;275;567.998;567.853;50;277.834;;;360.918;1;1
5675;0.25;52.0312;30.7;5.08339;39.7743;31;143;295.009;282.61;277;330;275;275;567.998;567.853;50;277.866;;;359.549;1;1
5676;0.25;52.0312;30.7;5.10157;39.8756;31;141;295.399;282.603;277;330;275;275;568.142;567.708;50;277.904;;;359.058;1;1
5677;0.25;52.0341;30.6;4.74858;40.081;31;133;295.284;282.595;277;330;275;275;567.998;567.708;50;277.93;;;358.33;1;1
5678;0.25;51.8258;30.6;4.67522;39.9797;31;116;295.168;282.603;277;330;275;275;567.853;567.708;50;277.948;;;358.33;1;1
5679;0.25;51.7998;30.6;4.76338;40.1852;31;104;295.515;282.588;277;330;275;275;567.853;567.564;50;277.967;;;358.33;1;1
5680;0.25;51.9821;30.6;4.7075;40.2836;31;101;295.862;282.61;277;330;275;275;567.708;567.564;50;277.982;;;357.838;1;1
5681;0.25;52.0312;30.6;4.74831;39.9769;31;90;295.848;282.61;277;330;275;275;567.853;567.564;50;277.979;;;354.03;1;1
5682;0.25;52.0312;30.6;4.73013;39.9797;31;74;295.978;282.473;277;330;275;275;567.853;567.419;50;277.952;;;354.03;1;1
5683;0.25;51.93;30.6;4.73907;39.9769;31;65;296.73;282.263;277;330;275;275;567.853;567.564;50;277.926;;;352.671;1;1
5684;0.25;52.2338;30.6;4.74855;39.9797;31.1;60;296.296;282.458;277;330;275;275;567.853;567.419;50;277.91;;;352.671;1;1
5685;0.25;52.1325;30.6;4.75755;39.9797;31.1;49;296.238;282.465;277;330;275;275;567.708;567.419;50;277.888;;;352.671;1;1
5686;0.25;51.93;30.6;4.72093;40.081;31.1;43;296.788;282.465;277;330;275;275;567.708;567.274;50;277.855;;;351.473;1;1
5687;0.25;51.93;30.6;4.66648;40.081;31.1;50;296.832;282.465;277;330;275;275;567.564;567.13;50;277.826;;;350.983;1;1
5688;0.25;52.1325;30.6;4.66647;40.1823;31.1;46;296.933;282.436;277;330;275;275;567.419;567.274;50;277.801;;;350.223;1;1
5689;0.25;52.0515;30.6;4.73198;40.1823;31.1;39;297.049;282.429;277;330;275;275;567.419;567.13;50;277.778;;;349.112;1;1
5690;0.25;52.1325;30.6;4.75755;40.0984;31.1;38;297.005;282.465;277;330;275;275;567.419;567.13;50;277.76;;;348.133;1;1
5691;0.25;52.1325;30.6;4.70289;40.1823;31.1;42;296.918;282.444;277;330;275;275;567.419;567.274;50;277.753;;;347.644;1;1
5692;0.25;52.1094;30.6;4.75544;40.3501;31.1;46;296.817;282.451;277;330;275;275;567.564;567.274;50;277.738;;;345.199;1;1
5693;0.25;52.1325;30.6;4.70289;40.4861;31.1;49;296.788;282.422;277;330;275;275;567.419;567.13;50;277.725;;;345.199;1;1
5694;0.25;52.0949;30.6;4.71772;40.3848;31.2;56;296.846;282.465;277;330;275;275;567.419;567.13;50;277.714;;;343.738;1;1
5695;0.25;52.1325;30.6;4.72113;40.1794;31.2;66;296.962;282.465;277;330;275;275;567.274;566.985;50;277.709;;;343.292;1;1
5696;0.25;52.1354;30.6;4.70315;40.2633;31.2;64;297.049;282.473;277;330;275;275;567.274;566.985;50;277.708;;;343.165;1;1
5697;0.25;52.2078;30.6;4.70968;40.1823;31.2;70;297.034;282.444;277;330;275;275;567.274;566.985;50;277.712;;;342.189;1;1
5698;0.25;52.1354;30.6;4.70315;39.9769;31.2;74;296.889;282.27;277;330;275;275;567.419;566.985;50;277.727;;;339.644;1;1
5699;0.25;51.7245;30.6;4.68418;40.081;31.2;77;296.846;282.473;277;330;275;275;567.419;567.13;50;277.746;;;339.644;1;1
5700;0.25;51.6233;30.6;4.67501;40.3183;31.2;76;296.817;282.263;277;330;275;275;567.708;567.274;50;277.763;;;339.644;1;1
5701;0.25;51.7245;30.6;4.68418;40.2836;31.2;76;296.918;282.255;277;330;275;275;567.708;567.419;50;277.772;;;338.67;1;1
5702;0.25;52.0312;30.6;4.71196;40.2836;31.2;79;296.369;282.436;277;330;275;275;567.708;567.564;50;277.775;;;338.67;1;1
5703;0.25;52.3351;30.6;4.73947;40.1852;31.1;80;296.774;282.27;277;330;275;275;567.853;567.564;50;277.778;;;337.9;1;1
5704;0.25;51.9097;30.6;4.73722;40.1794;31.1;80;296.629;282.234;277;330;275;275;567.708;567.419;50;277.778;;;337.9;1;1
5705;0.25;51.7274;30.6;4.68444;40.0955;31.1;86;296.455;282.487;277;330;275;275;567.853;567.564;50;277.786;;;335.952;1;1
5706;0.25;52.092;30.6;4.75386;40.1823;31.1;86;296.441;282.234;277;330;275;275;567.708;567.419;50;277.788;;;335.952;1;1
5707;0.25;51.93;30.6;4.68462;40.2836;31.1;87;296.354;282.219;277;330;275;275;567.564;567.274;50;277.789;;;334.38;1;1
5708;0.25;51.7245;30.6;4.66609;40.2836;31.1;82;296.369;282.487;277;330;275;275;567.564;567.274;50;277.787;;;332.615;1;1
5709;0.25;52.1325;30.6;4.68468;40.081;31.1;80;296.398;282.198;277;330;275;275;567.564;567.274;50;277.789;;;332.13;1;1
5710;0.25;52.338;30.6;4.70314;40.081;31.1;78;296.455;282.198;277;330;275;275;567.564;567.274;50;277.79;;;332.13;1;1
5711;0.25;52.1325;30.6;4.73934;40.081;31.1;81;297.034;282.198;277;330;275;275;567.419;567.274;50;277.792;;;331.644;1;1
5712;0.25;52.338;30.6;4.70314;39.9797;31.1;70;297.049;282.198;277;330;275;275;567.564;567.274;50;277.793;;;331.41;1;1
5713;0.25;52.2309;30.6;4.71177;40.1823;31.1;71;296.962;282.205;277;330;275;275;567.564;567.274;50;277.788;;;330.925;1;1
5714;0.25;51.6204;30.6;4.65669;40.1823;31.2;68;296.861;282.205;277;330;275;275;567.564;567.274;50;277.778;;;328.83;1;1
5715;0.25;51.7245;30.6;4.61188;40.1823;31.2;61;296.788;282.198;277;330;275;275;567.564;567.274;50;277.769;;;328.83;1;1
5716;0.25;51.7245;30.6;4.68418;40.2836;31.2;63;296.803;282.422;277;330;275;275;567.419;567.274;50;277.758;;;327.699;1;1
5717;0.25;51.93;30.6;4.68462;40.1823;31.2;65;296.962;282.198;277;330;275;275;567.564;567.274;50;277.743;;;326.451;1;1
5718;0.25;51.9329;30.6;4.72119;40.081;31.2;65;297.049;282.198;277;330;275;275;567.564;567.274;50;277.724;;;325.486;1;1
5719;0.25;52.0312;30.6;4.73013;40.081;31.2;71;297.034;282.205;277;330;275;275;567.564;567.274;50;277.71;;;325.001;1;1
5720;0.25;52.1325;30.6;4.72113;39.9797;31.2;65;296.991;282.429;277;330;275;275;567.564;567.13;50;277.7;;;323.55;1;1
5721;0.25;52.338;30.6;4.7763;39.7772;31.2;74;296.832;282.212;277;330;275;275;567.419;567.13;50;277.694;;;323.034;1;1
5722;0.25;52.5463;30.6;4.77696;39.6094;31.2;72;297.584;282.415;277;330;275;275;567.419;566.985;50;277.698;;;322.067;1;1
5723;0.25;52.3351;30.6;4.73947;39.673;31.2;76;297.613;282.407;277;330;275;275;567.419;567.13;50;277.698;;;321.101;1;1
5724;0.25;52.3148;30.6;4.70106;39.7743;31.2;74;297.642;282.393;277;330;275;275;567.419;567.13;50;277.698;;;321.101;1;1
5725;0.25;52.1325;30.6;4.68468;39.9797;31.2;65;297.063;282.205;277;330;275;275;567.274;566.985;50;277.695;;;318.753;1;1
5726;0.25;52.0312;30.6;4.71196;40.2836;31.2;63;297.063;282.205;277;330;275;275;567.274;566.985;50;277.697;;;318.753;1;1
5727;0.25;52.0052;30.6;4.7096;40.2836;31.2;68;296.976;282.205;277;330;275;275;567.274;566.985;50;277.703;"KHP102      ";;318.271;1;1
5728;0.25;51.9387;30.6;4.72172;40.2865;31.2;72;296.889;282.212;277;330;275;275;567.274;567.13;50;277.712;;;318.271;1;1
5729;0.25;51.8287;30.6;4.67549;40.2865;31.2;84;296.788;282.219;277;330;275;275;567.274;567.13;50;277.714;;;316.824;1;1
5730;0.25;52.0312;30.6;4.67558;40.1823;31.2;84;296.803;282.205;277;330;275;275;567.419;567.274;50;277.719;;;316.315;1;1
5731;0.25;52.0312;30.6;4.67558;39.9797;31.2;82;296.904;282.212;277;330;275;275;567.419;567.274;50;277.729;;;314.388;1;1
5732;0.25;52.0284;30.6;4.72987;40.0174;31.2;82;297.02;282.205;277;330;275;275;567.274;567.13;50;277.736;;;313.848;1;1
5733;0.25;52.4248;30.6;4.71094;40.2836;31.2;82;297.034;282.198;277;330;275;275;567.419;567.13;50;277.729;;;313.033;1;1
5734;0.25;52.2338;30.6;4.7303;40.081;31.2;86;296.962;282.19;277;330;275;275;567.274;566.985;50;277.72;;;312.07;1;1
5735;0.25;52.0312;30.6;4.73013;40.1823;31.2;77;296.861;282.198;277;330;275;275;567.274;566.985;50;277.709;;;311.792;1;1
5736;0.25;51.9213;30.6;4.68384;40.2836;31.2;75;296.788;282.458;277;330;275;275;567.274;567.13;50;277.697;;;311.123;1;1
5737;0.25;52.1325;30.6;4.70289;40.2286;31.2;82;296.817;282.198;277;330;275;275;567.274;566.985;50;277.691;;;309.692;1;1
5738;0.25;52.2367;30.6;4.73056;40.2865;31.2;75;296.933;282.198;277;330;275;275;567.274;567.13;50;277.689;;;308.731;1;1
5739;0.25;52.0312;30.6;4.69376;40.2836;31.2;82;297.034;282.205;277;330;275;275;567.274;566.985;50;277.688;;;308.251;1;1
5740;0.25;52.1325;30.6;4.72113;40.2807;31.2;74;297.063;282.465;277;330;275;275;567.13;566.985;50;277.683;;;306.938;1;1
5741;0.25;52.1325;30.6;4.66647;40.1823;31.2;75;296.991;282.198;277;330;275;275;567.274;566.985;50;277.679;;;306.938;1;1
5742;0.25;52.1817;30.6;4.74381;40.081;31.2;80;296.832;282.458;277;330;275;275;567.13;566.985;50;277.676;;;304.989;1;1
5743;0.25;52.0833;30.6;4.64387;40.0839;31.2;81;296.803;282.458;277;330;275;275;567.274;566.985;50;277.668;;;304.989;1;1
5744;0.25;52.0399;30.6;4.67636;39.9769;31.2;84;296.875;282.451;277;330;275;275;567.274;566.985;50;277.648;;;303.28;1;1
5745;0.25;51.9271;30.6;4.64808;39.8785;31.2;81;296.962;282.458;277;330;275;275;567.274;567.13;50;277.626;;;302.801;1;1
5746;0.25;51.93;30.6;4.64834;40.0839;31.2;80;297.526;282.458;277;330;275;275;567.419;567.13;50;277.604;;;302.152;1;1
5747;0.25;51.93;30.7;5.00091;40.3819;31.2;70;297.555;282.458;277;330;275;275;567.419;567.13;50;277.581;;;300.716;1;1
5748;0.25;52.1615;30.7;5.05967;40.2836;31.2;74;297.541;282.473;277;330;275;275;567.274;567.13;50;277.571;;;300.238;1;1
5749;0.25;52.5116;30.7;5.09363;40.2836;31.2;82;297.454;282.473;277;330;275;275;567.274;566.985;50;277.566;;;299.444;1;1
5750;0.25;52.2338;30.7;5.01192;40.2865;31.2;81;297.41;282.465;277;330;275;275;567.274;566.985;50;277.576;;;299.444;1;1
5751;0.25;52.4653;30.7;5.07079;40.2836;31.2;82;297.367;282.458;277;330;275;275;567.13;566.84;50;277.578;"KHP102      ";;298.009;1;1
5752;0.25;52.5839;30.7;5.06388;40.3877;31.2;93;297.367;282.458;277;330;275;275;566.985;566.696;50;277.584;;;297.832;1;1
5753;0.25;52.4392;30.7;5.04995;40.3848;31.2;89;297.396;282.458;277;330;275;275;566.985;566.696;50;277.593;"KHP102      ";;296.877;1;1
5754;0.25;52.2338;30.7;4.95718;40.2836;31.2;81;297.497;282.465;277;330;275;275;566.84;566.551;50;277.602;;;296.877;1;1
5755;0.25;52.4363;30.7;5.06799;40.081;31.2;80;297.598;282.465;277;330;275;275;566.84;566.551;50;277.612;"KHP102      ";;294.967;1;1
5756;0.25;52.3322;30.7;5.03964;40.2836;31.2;91;297.714;282.465;277;330;275;275;566.696;566.406;50;277.622;;;294.49;1;1
5757;0.25;51.93;30.7;4.98277;40.2836;31.2;83;297.685;282.473;277;330;275;275;566.696;566.406;50;277.623;;;293.749;1;1
5758;0.25;52.2367;30.7;5.03045;40.1215;31.2;94;297.598;282.473;277;330;275;275;566.696;566.406;50;277.623;;;293.273;1;1
5759;0.25;52.1557;30.7;4.96798;40.1823;31.2;87;297.584;282.458;277;330;275;275;566.84;566.406;50;277.612;;;290.756;1;1
5760;0.25;52.1181;30.7;5.00081;39.9797;31.2;89;297.512;282.451;277;330;275;275;566.84;566.406;50;277.601;;;290.742;1;1
5761;0.25;52.0312;30.7;5.01066;39.7743;31.2;82;297.844;282.444;277;330;275;275;566.84;566.551;50;277.59;;;289.784;1;1
5762;0.25;51.9387;30.7;4.94731;39.8756;31.2;81;297.917;282.444;277;330;275;275;566.84;566.551;50;277.579;;;289.784;1;1
5763;0.25;51.8287;30.7;4.95495;40.1823;31.2;70;298.003;282.284;277;330;275;275;566.985;566.551;50;277.558;;;289.529;1;1
5764;0.25;52.2338;30.7;5.03017;40.1939;31.2;68;298.09;282.277;277;330;275;275;566.985;566.696;50;277.54;;;287.505;1;1
5765;0.25;52.5405;30.7;5.023;40.4861;31.2;72;298.061;282.284;277;330;275;275;566.985;566.696;50;277.524;;;286.555;1;1
5766;0.25;52.5694;30.7;5.04413;40.5874;31.2;72;297.96;282.277;277;330;275;275;566.985;566.84;50;277.51;;;285.605;1;1
5767;0.25;52.5405;30.7;5.0597;40.5874;31.2;68;297.859;282.277;277;330;275;275;567.13;566.84;50;277.491;;;285.605;1;1
5768;0.25;52.3061;30.7;5.03713;40.4861;31.2;80;297.815;282.313;277;330;275;275;567.13;566.84;50;277.47;;;284.181;1;1
5769;0.25;52.3351;30.7;5.00336;40.5903;31.2;78;297.917;282.422;277;330;275;275;567.13;566.84;50;277.455;;;283.706;1;1
5770;0.25;52.4711;30.7;5.05302;40.3848;31.2;80;298.032;282.436;277;330;275;275;566.985;566.84;50;277.439;;;281.61;1;1
5771;0.25;52.0081;30.7;4.95393;40.081;31.2;87;298.047;282.313;277;330;275;275;566.985;566.696;50;277.404;;;281.61;1;1
5772;0.25;52.2338;30.7;5.01192;40.0839;31.2;92;297.946;282.335;277;330;275;275;566.985;566.696;50;277.358;;;281.58;1;1
5773;0.25;52.3264;30.7;4.98425;40.1823;31.2;94;297.859;282.342;277;330;275;275;566.985;566.696;50;277.324;;;281.106;1;1
5774;0.25;51.93;30.7;4.96463;40.3848;31.2;98;297.888;282.422;277;330;275;275;566.985;566.696;50;277.301;;;281.106;1;1
5775;0.25;52.2338;30.7;4.99367;40.2836;31.2;111;297.844;282.35;277;330;275;275;566.84;566.551;50;277.27;;;279.685;1;1
5776;0.25;52.1325;30.7;4.98399;40.2836;31.2;118;297.96;282.35;277;330;275;275;566.985;566.696;50;277.228;;;277.283;1;1
5777;0.25;52.1325;30.7;5.0022;40.1852;31.2;116;298.278;282.371;277;330;275;275;566.985;566.84;50;277.191;;;277.283;1;1
5778;0.25;52.0255;30.7;4.97376;40.1823;31.2;112;298.351;282.4;277;330;275;275;567.13;566.84;50;277.148;;;276.416;1;1
5779;0.25;52.1325;30.7;5.02042;40.2691;31.2;122;298.336;282.407;277;330;275;275;566.985;566.696;50;277.095;;;276.025;1;1
5780;0.25;52.5289;30.7;5.02189;39.9797;31.2;143;298.249;282.407;277;330;275;275;567.13;566.84;50;277.045;;;275.08;1;1
5781;0.25;52.1325;30.7;4.91114;40.1042;31.2;149;298.163;282.4;277;330;275;275;566.985;566.696;50;276.995;;;274.608;1;1
5782;0.25;52.2338;30.7;4.97543;40.3848;31.2;163;298.09;282.4;277;330;275;275;566.985;566.696;50;276.954;;;273.664;1;1
5783;0.25;52.6418;30.7;5.01429;40.5903;31.2;176;298.843;282.386;277;330;275;275;567.13;566.551;50;276.904;;;271.483;1;1
5784;0.25;52.4392;30.7;4.97668;40.2836;31.2;170;298.915;282.378;277;330;275;275;566.985;566.84;50;276.853;;;271.483;1;1
5785;0.25;52.0312;30.7;4.97431;40.2836;31.2;173;299.045;282.364;277;330;275;275;566.985;566.696;50;276.812;;;271.011;1;1
5786;0.25;51.9444;30.7;4.94787;40.3877;31.2;184;299.349;282.35;277;330;275;275;566.84;566.696;50;276.774;;;270.654;1;1
5787;0.25;51.8403;30.7;4.91983;40.3848;31.2;194;299.32;282.082;277;330;275;275;566.84;566.551;50;276.75;;;269.218;1;1
5788;0.25;51.956;30.7;4.93082;40.1823;31.2;209;300;282.082;277;330;275;275;566.84;566.406;50;276.724;;;268.747;1;1
5789;0.25;52.3351;30.7;4.93022;40.081;31.2;218;299.957;282.082;277;330;275;275;566.84;566.406;50;276.701;;;266.152;1;1
5790;0.25;52.1875;30.7;4.97102;40.1071;31.2;210;300.145;282.089;277;330;275;275;566.84;566.406;50;276.682;;;266.152;1;1
5791;0.25;52.2367;30.7;4.99395;40.0897;31.2;211;300.116;282.075;277;330;275;275;566.985;566.696;50;276.675;;;265.931;1;1
5792;0.25;52.3351;30.7;5.00336;40.1823;31.2;202;300.969;282.075;277;330;275;275;566.985;566.696;50;276.669;;;265.461;1;1
5793;0.25;52.7459;30.8;5.34546;40.1823;31.2;209;301.128;282.075;277;330;275;275;567.13;566.84;50;276.652;;;264.586;1;1
5794;0.25;52.3351;30.8;5.30382;40.1823;31.3;209;301.982;282.082;277;330;275;275;567.13;566.985;50;276.647;;;263.646;1;1
5795;0.25;52.7488;30.8;5.3089;40.2865;31.3;200;302.098;282.082;277;330;275;275;567.13;566.84;50;276.639;;;262.33;1;1
5796;0.25;52.9456;30.8;5.38419;40.2836;31.3;190;302.271;282.082;277;330;275;275;566.985;566.696;50;276.645;;;262.33;1;1
5797;0.25;52.5405;30.8;5.36135;40.1823;31.3;170;302.951;282.075;277;330;275;275;566.985;566.696;50;276.668;;;261.458;1;1
5798;0.25;52.338;30.8;5.34068;40.1823;31.3;174;303.284;282.075;277;330;275;275;566.985;566.84;50;276.699;;;260.051;1;1
5799;0.25;52.3351;30.8;5.26726;40.1823;31.3;166;303.299;282.082;277;330;275;275;566.985;566.696;50;276.717;;;259.617;1;1
5800;0.25;52.8443;30.8;5.35543;39.9797;31.3;155;304.138;282.082;277;330;275;275;566.985;566.696;50;276.711;;;257.274;1;1
5801;0.25;52.9485;30.8;5.42148;39.8785;31.3;136;304.47;282.082;277;330;275;275;566.985;566.696;50;276.7;;;257.274;1;1
5802;0.25;52.6968;30.8;5.32207;39.8785;31.4;135;304.933;282.089;277;330;275;275;566.84;566.696;50;276.705;;;256.358;1;1
5803;0.25;52.6389;30.8;5.38978;40.1823;31.4;139;305.107;282.075;277;330;275;275;566.84;566.551;50;276.705;;;256.358;1;1
5804;0.25;52.8357;30.9;5.76865;40.4861;31.4;124;305.845;282.075;277;330;275;275;566.696;566.551;50;276.692;;;254.657;1;1
5805;0.25;52.7807;30.9;5.68889;40.191;31.4;104;305.758;282.075;277;330;275;275;566.696;566.406;50;276.668;;;254.657;1;1
5806;0.25;52.7431;30.9;5.70326;40.081;31.4;95;306.091;282.082;277;330;275;275;566.551;566.406;50;276.641;;;252.788;1;1
5807;0.25;52.2338;30.9;5.6117;40.2575;31.4;87;306.568;282.082;277;330;275;275;566.551;566.262;50;276.634;;;252.321;1;1
5808;0.25;52.2338;30.9;5.5752;40.2836;31.4;77;306.655;282.082;277;330;275;275;566.696;566.406;50;276.652;;;251.162;1;1
5809;0.25;52.1499;30.9;5.60268;40.4659;31.4;69;306.568;282.082;277;330;275;275;566.696;566.406;50;276.699;;;251.162;1;1
5810;0.25;52.5232;31;5.94434;40.5671;31.5;70;306.887;282.075;277;330;275;275;566.696;566.406;50;276.749;;;250.789;1;1
5811;0.25;52.7199;31;5.96661;40.2836;31.5;66;307.118;282.075;277;330;275;275;566.696;566.406;50;276.793;;;250.111;1;1
5812;0.25;52.2569;31;5.93247;40.1823;31.5;58;307.046;282.082;277;330;275;275;566.696;566.406;50;276.788;;;249.178;1;1
5813;0.25;51.9271;31;5.9313;40.1823;31.5;47;307.06;282.082;277;330;275;275;566.696;566.262;50;276.766;;;248.712;1;1
5814;0.25;52.5926;31;6.00732;40.081;31.5;39;307.176;282.082;277;330;275;275;566.551;566.262;50;276.743;;;246.848;1;1
5815;0.25;52.9282;31;5.97167;39.945;31.5;32;307.306;282.082;277;330;275;275;566.551;566.262;50;276.71;;;245.917;1;1
5816;0.25;52.7431;31;5.98765;39.9826;31.5;28;307.277;282.075;277;330;275;275;566.551;566.406;50;276.642;;;245.917;1;1
5817;0.25;52.6418;31.1;6.29678;40.4774;31.5;28;307.176;282.075;277;330;275;275;566.696;566.551;50;276.604;;;244.521;1;1
5818;0.25;52.6157;31.1;6.34881;40.4861;31.5;27;306.814;282.082;277;330;275;275;566.84;566.551;50;276.625;;;243.353;1;1
5819;0.25;52.5289;31.1;6.24656;40.3848;31.5;30;306.742;282.082;277;330;275;275;566.84;566.406;50;276.7;;;242.888;1;1
5820;0.25;52.3872;31.1;6.248;40.081;31.5;34;306.756;282.364;277;330;275;275;566.84;566.551;50;276.79;;;242.888;1;1
5821;0.25;52.4363;31.1;6.29052;40.1823;31.5;40;306.12;282.313;277;330;275;275;566.84;566.551;50;276.859;;;242.424;1;1
5822;0.25;52.5405;31.1;6.30302;40.1794;31.5;41;306.221;282.35;277;330;275;275;566.84;566.551;50;276.911;;;242.125;1;1
5823;0.25;52.4768;31.1;6.33205;39.8843;31.5;46;306.264;282.342;277;330;275;275;566.84;566.551;50;276.954;;;239.765;1;1
5824;0.25;52.5405;31.1;6.30302;40.0608;31.4;46;305.932;282.342;277;330;275;275;566.84;566.551;50;277.003;;;239.182;1;1
5825;0.25;52.9456;31.1;6.33312;40.1823;31.4;57;305.874;282.335;277;330;275;275;566.84;566.406;50;277.041;;;237.389;1;1
5826;0.25;52.8414;31.1;6.32066;40.4861;31.4;41;304.991;282.292;277;330;275;275;566.696;566.262;50;277.056;;;237.389;1;1
5827;0.25;52.9456;31.1;6.37011;40.5874;31.4;38;305.02;282.082;277;330;275;275;566.696;566.262;50;277.045;;;236.462;1;1
5828;0.25;52.8964;31.1;6.32724;40.4109;31.4;31;304.847;282.082;277;330;275;275;566.551;566.117;50;277.029;;;236.462;1;1
5829;0.25;52.6418;31.1;6.24158;40.3848;31.4;30;304.919;282.306;277;330;275;275;566.551;566.262;50;277.027;;;235.999;1;1
5830;0.25;52.3293;31.1;6.22281;40.3848;31.4;30;304.167;282.27;277;330;275;275;566.551;566.262;50;277.01;;;235.447;1;1
5831;0.25;52.2772;31.1;6.25317;40.3848;31.4;33;304.065;282.292;277;330;275;275;566.696;566.262;50;276.982;;;232.918;1;1
5832;0.25;52.1296;31.1;6.25373;40.4861;31.4;34;303.704;282.313;277;330;275;275;566.696;566.406;50;276.951;;;232.789;1;1
5833;0.25;52.2338;31.1;6.21146;40.3646;31.3;36;303.646;282.306;277;330;275;275;566.551;566.262;50;276.931;;;231.395;1;1
5834;0.25;52.3351;31.1;6.26009;40.3848;31.3;44;303.024;282.263;277;330;275;275;566.551;566.262;50;276.913;;;230.933;1;1
5835;0.25;52.1181;31.1;6.2159;40.3848;31.3;49;303.154;282.306;277;330;275;275;566.551;566.262;50;276.892;;;230.3;1;1
5836;0.25;51.9271;31.1;6.21129;40.4861;31.3;62;302.648;282.473;277;330;275;275;566.551;566.117;50;276.887;;;229.334;1;1
5837;0.25;52.0312;31.1;6.18737;40.5874;31.3;65;302.821;282.292;277;330;275;275;566.406;566.117;50;276.868;;;227.95;1;1
5838;0.25;52.419;31.1;6.23348;40.3848;31.3;74;301.939;282.473;277;330;275;275;566.406;566.117;50;276.806;;;227.95;1;1
5839;0.25;52.2367;31.1;6.19355;40.3848;31.3;96;301.953;282.444;277;330;275;275;566.406;566.117;50;276.728;;;226.404;1;1
5840;0.25;52.2338;31;5.89332;40.2836;31.3;109;301.374;282.473;277;330;275;275;566.551;566.117;50;276.648;;;226.404;1;1
5841;0.25;52.2309;31;5.87475;40.2807;31.3;119;301.49;282.48;277;330;275;275;566.406;566.117;50;276.611;;;225.655;1;1
5842;0.25;52.3351;31;5.90475;40.2836;31.3;141;301.114;282.48;277;330;275;275;566.406;566.117;50;276.624;;;223.839;1;1
5843;0.25;52.1354;31;5.86401;40.2836;31.3;152;301.157;282.48;277;330;275;275;566.406;566.262;50;276.693;"KHP102      ";;222.919;1;1
5844;0.25;52.2338;31;5.89332;40.2865;31.2;175;301.085;282.473;277;330;275;275;566.406;566.117;50;276.76;"KHP102      ";;222.919;1;1
5845;0.25;52.0862;31;5.82208;40.1823;31.2;183;300.984;282.465;277;330;275;275;566.406;566.117;50;276.761;;;222.6;1;1
5846;0.25;52.364;31;5.87142;40.3848;31.2;184;300.883;282.473;277;330;275;275;566.262;566.117;50;276.708;;;221.669;1;1
5847;0.25;52.4132;31;5.87694;40.3848;31.2;190;300.911;282.473;277;330;275;275;566.406;565.972;50;276.634;;;220.73;1;1
5848;0.25;52.2396;31;5.85747;40.3848;31.2;190;300.998;282.451;277;330;275;275;566.406;566.117;50;276.557;"KHP102      ";;219.317;1;1
5849;0.25;52.39;31;5.92928;40.2836;31.2;192;301.114;282.494;277;330;275;275;566.406;566.117;50;276.493;;;219.317;1;1
5850;0.25;52.3351;31;5.88646;40.3848;31.2;192;301.157;282.487;277;330;275;275;566.262;565.972;50;276.426;;;217.507;1;1
5851;0.25;52.2338;30.9;5.52044;40.2431;31.2;214;301.071;282.487;277;330;275;275;566.262;565.972;50;276.355;;;217.507;1;1
5852;0.25;52.3698;30.9;5.58972;40.081;31.2;218;301.519;282.487;277;330;275;275;566.406;565.972;50;276.294;"KHP102      ";;217.049;1;1
5853;0.25;52.5405;30.9;5.58956;40.2836;31.2;223;301.447;282.48;277;330;275;275;566.262;565.972;50;276.241;;;217.049;1;1
5854;0.25;52.4363;30.9;5.54184;40.1823;31.2;231;301.982;282.473;277;330;275;275;566.262;565.972;50;276.203;;;215.17;1;1
5855;0.25;52.4392;30.9;5.57879;40.1157;31.2;244;302.011;282.473;277;330;275;275;566.262;565.972;50;276.202;;;214.254;1;1
5856;0.25;52.2222;30.9;5.51921;40.3009;31.2;247;302.662;282.48;277;330;275;275;566.262;566.117;50;276.2;;;211.867;1;1
5857;0.25;52.2483;30.9;5.57675;40.4861;31.3;245;303.212;282.458;277;330;275;275;566.406;566.117;50;276.187;;;211.867;1;1
5858;0.25;52.5405;30.9;5.51614;40.2836;31.3;245;303.704;282.487;277;330;275;275;566.406;566.117;50;276.19;;;210.953;1;1
5859;0.25;52.6418;30.9;5.56356;40.0897;31.3;244;303.819;282.494;277;330;275;275;566.406;565.972;50;276.194;;;210.953;1;1
5860;0.25;52.4392;30.9;5.45055;40.1823;31.3;240;304.572;282.494;277;330;275;275;566.406;565.972;50;276.233;;;210.892;1;1
5861;0.25;52.3351;30.9;5.54942;40.081;31.3;236;304.731;282.48;277;330;275;275;566.406;566.117;50;276.274;;;209.978;1;1
5862;0.25;52.2338;30.9;5.50219;40.0492;31.3;231;305.035;282.075;277;330;275;275;566.406;565.972;50;276.31;;;207.855;1;1
5863;0.25;52.2338;30.9;5.55693;40.2604;31.3;214;305.99;282.075;277;330;275;275;566.406;566.117;50;276.33;;;207.855;1;1
5864;0.25;52.1325;31;5.88189;40.3848;31.4;200;306.612;282.082;277;330;275;275;566.406;566.117;50;276.327;;;205.297;1;1
5865;0.25;52.0689;31;5.83833;40.1823;31.4;178;306.988;282.082;277;330;275;275;566.262;566.117;50;276.335;;;205.297;1;1
5866;0.25;52.4363;31;5.91617;40.1707;31.4;161;307.263;282.089;277;330;275;275;566.406;566.117;50;276.373;;;204.436;1;1
5867;0.25;52.2367;31;5.8754;40.081;31.4;136;307.899;282.082;277;330;275;275;566.551;566.117;50;276.42;;;203.932;1;1
5868;0.25;52.4306;31;5.8972;39.8814;31.4;118;308.073;282.075;277;330;275;275;566.551;566.117;50;276.481;;;203.932;1;1
5869;0.25;52.4363;31;5.89785;39.9826;31.4;102;308.738;282.473;277;330;275;275;566.551;566.262;50;276.561;;;202.964;1;1
5870;0.25;52.4479;31;5.84419;39.9797;31.5;89;309.129;282.458;277;330;275;275;566.696;566.262;50;276.633;;;201.042;1;1
5871;0.25;52.7344;31;5.85769;39.673;31.5;82;309.317;282.212;277;330;275;275;566.406;566.262;50;276.637;;;201.042;1;1
5872;0.25;52.6418;31.1;6.24158;39.8785;31.5;49;309.939;282.487;277;330;275;275;566.551;566.262;50;276.631;;;200.134;1;1
5873;0.25;52.7459;31.1;6.25394;40.081;31.5;40;309.621;282.4;277;330;275;275;566.406;565.972;50;276.647;;;199.225;1;1
5874;0.25;52.7431;31.1;6.23517;40.1823;31.5;24;310.315;282.219;277;330;275;275;566.406;566.117;50;276.675;;;198.904;1;1
5875;0.25;52.5405;31.1;6.22958;40.2807;31.5;0;310.272;282.212;277;330;275;275;566.262;565.972;50;276.719;;;196.664;1;1
5876;0.25;52.7431;31.1;6.21674;40.3009;31.6;0;310.2;282.205;277;330;275;275;566.117;565.828;50;276.794;;;196.211;1;1
5877;0.25;52.4363;31.1;6.19891;40.3848;31.6;0;310.113;282.205;277;330;275;275;566.262;565.972;50;276.853;;;196.211;1;1
5878;0.25;52.2338;31.2;6.54784;40.2604;31.6;0;310.171;282.205;277;330;275;275;566.262;565.828;50;276.929;;;195.304;1;1
5879;0.25;52.2338;31.2;6.4931;40.081;31.6;0;309.664;282.198;277;330;275;275;566.262;565.972;50;277.005;;;195.304;1;1
5880;0.25;52.338;31.2;6.48777;40.081;31.6;0;309.78;282.205;277;330;275;275;566.262;565.972;50;277.071;;;194.498;1;1
5881;0.25;52.4392;31.2;6.53696;40.1823;31.6;0;309.361;282.205;277;330;275;275;566.262;565.972;50;277.105;;;192.687;1;1
5882;0.25;52.2338;31.2;6.54784;39.8756;31.6;0;309.288;282.205;277;330;275;275;566.262;565.828;50;277.118;"KHP102      ";;191.783;1;1
5883;0.25;51.93;31.2;6.45534;39.9797;31.6;0;308.724;282.212;277;330;275;275;566.262;565.972;50;277.116;;;190.13;1;1
5884;0.25;52.2251;31.2;6.49202;40.1823;31.6;0;308.608;282.19;277;330;275;275;566.262;565.828;50;277.077;;;189.941;1;1
5885;0.25;52.1181;31.2;6.47872;40.3848;31.6;0;308.116;282.407;277;330;275;275;566.262;565.972;50;277.023;;;189.382;1;1
5886;0.25;52.1441;31.2;6.50017;40.3848;31.5;0;307.465;282.4;277;330;275;275;566.117;565.972;50;276.956;;;189.382;1;1
5887;0.25;52.2338;31.2;6.5296;40.4861;31.5;0;307.219;282.407;277;330;275;275;566.117;565.972;50;276.872;;;187.881;1;1
5888;0.25;51.8258;31.2;6.46049;40.2836;31.5;0;306.684;282.407;277;330;275;275;566.262;565.972;50;276.808;;;187.429;1;1
5889;0.25;51.8258;31.2;6.4967;39.9769;31.5;0;306.293;282.415;277;330;275;275;566.262;565.972;50;276.769;;;185.648;1;1
5890;0.25;52.338;31.2;6.52434;40.1852;31.5;0;305.498;282.4;277;330;275;275;566.262;565.972;50;276.744;;;185.648;1;1
5891;0.25;52.5405;31.2;6.56794;40.1823;31.5;0;305.396;282.4;277;330;275;275;566.262;565.972;50;276.728;;;184.437;1;1
5892;0.25;52.1325;31.2;6.53515;40.1823;31.4;0;304.977;282.393;277;330;275;275;566.262;566.117;50;276.724;;;184.437;1;1
5893;0.25;52.5405;31.2;6.47617;40.2836;31.4;5;304.442;282.4;277;330;275;275;566.262;565.972;50;276.715;;;183.987;1;1
5894;0.25;52.5405;31.2;6.49452;40.6916;31.4;21;304.21;282.407;277;330;275;275;566.262;565.972;50;276.692;;;183.987;1;1
5895;0.25;52.2193;31.2;6.49131;40.6916;31.4;45;303.617;282.415;277;330;275;275;566.262;565.972;50;276.684;;;180.358;1;1
5896;0.25;52.2338;31.2;6.43836;40.4861;31.4;69;303.168;282.436;277;330;275;275;566.262;566.117;50;276.697;;;180.358;1;1
5897;0.25;52.2338;31.2;6.45661;40.1823;31.4;91;302.503;282.444;277;330;275;275;566.262;565.972;50;276.704;;;179.459;1;1
5898;0.25;52.5405;31.2;6.51288;40.081;31.3;113;302.025;282.429;277;330;275;275;566.406;566.117;50;276.714;;;179.459;1;1
5899;0.25;52.5405;31.2;6.53123;39.974;31.3;130;301.36;282.436;277;330;275;275;566.406;566.117;50;276.732;;;178.98;1;1
5900;0.25;52.3351;31.1;6.15037;39.8727;31.3;148;300.955;282.429;277;330;275;275;566.406;566.117;50;276.756;;;178.531;1;1
5901;0.25;52.2367;31.1;6.15706;39.8756;31.3;173;301.042;282.422;277;330;275;275;566.406;565.972;50;276.789;;;176.736;1;1
5902;0.25;52.3351;31.1;6.09552;40.0839;31.3;181;300.593;282.429;277;330;275;275;566.262;565.828;50;276.819;;;176.367;1;1
5903;0.25;52.1325;31.1;6.10836;40.3848;31.3;186;300.593;282.436;277;330;275;275;566.117;565.972;50;276.816;;;173.935;1;1
5904;0.25;51.93;31.1;6.08462;40.3848;31.3;194;300.492;282.429;277;330;275;275;566.117;565.972;50;276.787;;;173.935;1;1
5905;0.25;52.1325;31.1;6.12657;40.1823;31.2;197;300.448;282.436;277;330;275;275;566.117;565.828;50;276.743;;;173.04;1;1
5906;0.25;52.4392;31.1;6.14429;40.1823;31.2;189;300.391;282.451;277;330;275;275;566.117;565.972;50;276.691;;;173.04;1;1
5907;0.25;52.2309;31.1;6.08339;40.2836;31.2;192;300.362;282.075;277;330;275;275;566.117;565.972;50;276.658;;;172.157;1;1
5908;0.25;51.93;31;5.75019;40.2836;31.2;201;300.405;282.075;277;330;275;275;566.117;565.828;50;276.639;;;171.224;1;1
5909;0.25;52.1354;31;5.71828;39.9074;31.2;203;300.506;282.082;277;330;275;275;566.262;565.972;50;276.639;;;169.437;1;1
5910;0.25;52.0284;31;5.72474;39.7743;31.2;201;301.143;282.082;277;330;275;275;566.117;565.828;50;276.649;;;169.086;1;1
5911;0.25;52.1325;31;5.69975;39.7772;31.2;202;301.114;282.082;277;330;275;275;566.262;565.828;50;276.655;;;167.3;1;1
5912;0.25;52.3351;31;5.77677;40.1823;31.3;209;301.635;282.082;277;330;275;275;566.117;565.972;50;276.666;"KHP102      ";;167.3;1;1
5913;0.25;52.4363;31;5.76963;40.2836;31.3;203;301.562;282.075;277;330;275;275;566.117;565.828;50;276.679;;;167.251;1;1
5914;0.25;52.5174;31;5.81523;40.2836;31.3;196;301.953;282.075;277;330;275;275;566.117;565.828;50;276.673;;;167.251;1;1
5915;0.25;52.1325;31;5.69975;40.3848;31.3;189;301.997;282.075;277;330;275;275;566.262;565.828;50;276.676;;;165.467;1;1
5916;0.25;52.5434;31;5.72632;40.4861;31.3;185;302.807;282.082;277;330;275;275;566.117;565.828;50;276.696;;;165.243;1;1
5917;0.25;52.6418;31;5.70026;40.2836;31.3;171;303.168;282.082;277;330;275;275;566.117;565.828;50;276.728;;;163.442;1;1
5918;0.25;52.636;31;5.75479;40.2865;31.3;167;303.183;282.082;277;330;275;275;566.117;565.828;50;276.768;;;163.442;1;1
5919;0.25;52.8443;31;5.81452;40.2836;31.4;158;303.819;282.082;277;330;275;275;566.117;565.828;50;276.808;;;162.331;1;1
5920;0.25;52.6418;31;5.73704;40.1823;31.4;138;304.08;282.075;277;330;275;275;566.117;565.828;50;276.876;;;162.088;1;1
5921;0.25;52.3698;31;5.6891;40.081;31.4;115;304.21;282.075;277;330;275;275;566.117;565.972;50;276.972;;;159.867;1;1
5922;0.25;52.0978;31;5.65955;40.081;31.4;103;304.34;282.082;277;330;275;275;566.117;565.972;50;277.065;;;159.653;1;1
5923;0.25;52.3293;31;5.66642;40.1823;31.4;92;305.237;282.082;277;330;275;275;566.262;565.972;50;277.152;"KHP102      ";;157.892;1;1
5924;0.25;52.2338;31;5.63783;40.1852;31.4;76;305.237;282.089;277;330;275;275;566.262;565.972;50;277.214;;;157.892;1;1
5925;0.25;52.4566;31;5.6802;39.9797;31.5;56;305.367;282.075;277;330;275;275;566.262;565.972;50;277.281;;;156.467;1;1
5926;0.25;52.3351;31;5.63048;40.081;31.5;34;305.295;282.075;277;330;275;275;566.262;565.972;50;277.337;;;156.467;1;1
5927;0.25;52.2685;31;5.60506;40.081;31.5;0;305.223;282.075;277;330;275;275;566.406;565.972;50;277.376;;;155.888;1;1
5928;0.25;52.1441;31;5.60993;40.0666;31.5;0;306.004;282.27;277;330;275;275;566.262;565.828;50;277.385;;;155.888;1;1
5929;0.25;52.0312;31.1;5.95105;39.9971;31.5;0;306.12;282.284;277;330;275;275;566.117;565.972;50;277.377;;;152.345;1;1
5930;0.25;51.9647;31.1;5.92529;40.1823;31.5;0;306.25;282.284;277;330;275;275;566.117;565.972;50;277.343;;;152.345;1;1
5931;0.25;52.0341;31.1;5.95138;40.3848;31.5;0;305.469;282.089;277;330;275;275;566.117;565.828;50;277.28;;;150.895;1;1
5932;0.25;52.0284;31.1;5.87799;40.3241;31.5;0;305.411;282.067;277;330;275;275;566.117;565.828;50;277.215;;;150.895;1;1
5933;0.25;52.4045;31.1;5.92049;40.4861;31.5;0;305.353;282.075;277;330;275;275;566.117;565.828;50;277.157;;;149.128;1;1
5934;0.25;52.5174;31.1;5.96996;40.272;31.5;0;305.035;282.277;277;330;275;275;566.262;565.828;50;277.108;;;149.128;1;1
5935;0.25;52.4392;31.1;5.94276;40.0347;31.5;0;304.977;282.284;277;330;275;275;566.262;565.828;50;277.087;"KHP102      ";;148.489;1;1
5936;0.25;52.4392;31.1;5.92441;40.2836;31.5;0;304.253;282.27;277;330;275;275;566.262;565.828;50;277.077;;;148.489;1;1
5937;0.25;51.9416;31.1;5.88636;40.3733;31.5;0;304.384;282.277;277;330;275;275;566.262;565.972;50;277.057;;;147.38;1;1
5938;0.25;52.0312;31.1;5.9147;40.081;31.5;0;304.225;282.219;277;330;275;275;566.262;565.972;50;277.038;;;147.38;1;1
5939;0.25;52.1325;31.1;5.92621;39.7743;31.5;0;304.167;282.255;277;330;275;275;566.262;565.972;50;277.016;;;144.595;1;1
5940;0.25;52.2222;31.1;5.95465;39.7743;31.5;0;303.356;282.234;277;330;275;275;566.406;566.117;50;277.003;;;144.149;1;1
5941;0.25;52.0226;31.1;5.89554;39.7743;31.5;0;302.995;282.241;277;330;275;275;566.406;566.117;50;276.991;;;143.519;1;1
5942;0.25;52.2367;31.1;5.88328;39.7743;31.5;2;302.141;282.234;277;330;275;275;566.262;565.972;50;276.978;;;143.519;1;1
5943;0.25;52.2338;31.1;5.88296;39.7743;31.4;12;302.156;282.234;277;330;275;275;566.117;565.972;50;276.949;;;142.725;1;1
5944;0.25;52.2598;31.1;5.88589;39.7975;31.4;32;302.04;282.227;277;330;275;275;566.117;565.828;50;276.901;;;142.285;1;1
5945;0.25;52.338;31.1;5.89469;39.9797;31.4;49;301.389;282.234;277;330;275;275;566.117;565.972;50;276.847;;;140.527;1;1
5946;0.25;52.474;31.1;5.92834;39.8756;31.4;75;301.157;282.234;277;330;275;275;566.117;565.828;50;276.814;;;140.297;1;1
5947;0.25;52.3177;31.1;5.83758;39.9363;31.4;97;301.071;282.241;277;330;275;275;566.117;565.972;50;276.815;;;138.346;1;1
5948;0.25;51.8808;31.1;5.86132;39.8987;31.4;125;300.231;282.234;277;330;275;275;566.117;565.972;50;276.822;;;138.346;1;1
5949;0.25;52.0312;31.1;5.80562;39.673;31.3;142;299.913;282.227;277;330;275;275;566.117;565.972;50;276.839;;;137.029;1;1
5950;0.25;52.4363;31.1;5.86913;39.5718;31.3;156;299.855;282.234;277;330;275;275;566.262;565.972;50;276.866;;;137.029;1;1
5951;0.25;52.4421;31.1;5.90642;39.9797;31.3;174;299.132;282.241;277;330;275;275;566.262;565.972;50;276.906;;;135.856;1;1
5952;0.25;52.6418;31.1;5.89213;40.2836;31.3;183;299.725;282.444;277;330;275;275;566.406;565.972;50;276.951;;;135.856;1;1
5953;0.25;52.8443;31;5.6114;40.3212;31.3;201;299.769;282.458;277;330;275;275;566.406;566.117;50;277.003;;;133.229;1;1
5954;0.25;52.9456;31;5.56667;40.2836;31.3;204;299.797;282.458;277;330;275;275;566.262;565.972;50;277.057;;;133.229;1;1
5955;0.25;52.9369;31;5.58425;40.4861;31.3;189;299.711;282.494;277;330;275;275;566.117;565.972;50;277.079;;;132.291;1;1
5956;0.25;52.5376;31;5.50542;40.2836;31.2;180;299.624;282.48;277;330;275;275;566.117;565.828;50;277.078;;;132.291;1;1
5957;0.25;52.3264;31;5.51984;40.1823;31.2;179;299.552;282.444;277;330;275;275;566.117;565.828;50;277.091;;;130.979;1;1
5958;0.25;52.4363;31;5.5864;40.1794;31.2;176;299.826;282.451;277;330;275;275;566.117;565.828;50;277.123;;;130.979;1;1
5959;0.25;52.3611;31;5.52351;40.1823;31.2;164;299.899;282.48;277;330;275;275;566.117;565.972;50;277.16;"KHP102      ";;130.084;1;1
5960;0.25;52.338;31;5.52106;40.1071;31.2;161;300.014;282.48;277;330;275;275;566.262;565.972;50;277.194;;;129.648;1;1
5961;0.25;52.1123;31;5.49726;40.0231;31.2;148;300.839;282.451;277;330;275;275;566.262;565.972;50;277.221;;;127.466;1;1
5962;0.25;52.7807;31;5.60464;40.1852;31.3;137;300.839;282.436;277;330;275;275;566.406;566.117;50;277.218;;;127.007;1;1
5963;0.25;53.0845;31;5.54418;40.081;31.3;125;301.042;282.436;277;330;275;275;566.406;566.117;50;277.211;;;125.7;1;1
5964;0.25;52.9485;31;5.56697;39.8756;31.3;116;300.94;282.458;277;330;275;275;566.406;565.972;50;277.201;;;124.783;1;1
5965;0.25;52.6418;31;5.53472;39.8785;31.3;93;301.649;282.444;277;330;275;275;566.117;565.828;50;277.192;;;123.912;1;1
5966;0.25;52.1325;31;5.49939;39.8785;31.3;87;301.693;282.364;277;330;275;275;566.117;565.828;50;277.208;;;123.912;1;1
5967;0.25;52.1325;31;5.53582;39.9797;31.3;75;302.04;282.357;277;330;275;275;566.117;565.972;50;277.242;;;123.042;1;1
5968;0.25;52.3351;31;5.50248;40.0203;31.3;68;302.156;282.364;277;330;275;275;566.117;565.683;50;277.271;;;122.173;1;1
5969;0.25;52.3351;31;5.50248;40.0781;31.3;54;302.127;282.364;277;330;275;275;566.117;565.683;50;277.285;;;121.738;1;1
5970;0.25;52.6331;31;5.5522;39.9797;31.4;42;302.025;282.292;277;330;275;275;566.117;565.828;50;277.302;;;120.592;1;1
5971;0.25;52.5405;31;5.52408;40.081;31.4;39;302.619;282.27;277;330;275;275;566.117;565.683;50;277.315;;;120.153;1;1
5972;0.25;52.5926;31;5.54792;40.0955;31.4;33;302.517;282.255;277;330;275;275;566.117;565.683;50;277.301;;;118.834;1;1
5973;0.25;52.4971;31;5.53785;40.1823;31.4;22;302.677;282.263;277;330;275;275;565.972;565.683;50;277.27;;;117.79;1;1
5974;0.25;52.4363;31;5.49481;40.1823;31.4;16;302.72;282.234;277;330;275;275;565.972;565.828;50;277.211;;;117.514;1;1
5975;0.25;52.4363;31;5.53144;40.0868;31.4;17;302.648;282.198;277;330;275;275;565.972;565.683;50;277.142;;;115.985;1;1
5976;0.25;52.5376;31;5.52377;40.2836;31.4;17;302.59;282.198;277;330;275;275;565.972;565.538;50;277.069;;;115.031;1;1
5977;0.25;52.3351;31;5.44763;40.1823;31.4;12;302.025;282.227;277;330;275;275;565.972;565.538;50;277.005;;;114.932;1;1
5978;0.25;52.5405;31;5.52408;40.2778;31.4;12;301.924;282.234;277;330;275;275;565.972;565.538;50;276.927;;;113.896;1;1
5979;0.25;52.4392;31;5.51343;40.2836;31.4;25;301.939;282.212;277;330;275;275;565.972;565.538;50;276.859;;;112.603;1;1
5980;0.25;52.5752;31;5.49099;39.9797;31.4;43;302.083;282.212;277;330;275;275;565.972;565.538;50;276.804;;;112.171;1;1
5981;0.25;52.5694;31;5.50875;40.0839;31.4;53;301.649;282.205;277;330;275;275;565.972;565.683;50;276.753;"KHP102      ";;111.738;1;1
5982;0.25;52.4913;31;5.50057;40.2836;31.4;87;301.664;282.219;277;330;275;275;565.972;565.683;50;276.708;;;111.173;1;1
5983;0.25;52.6707;31;5.51937;40.1823;31.4;113;301.085;282.227;277;330;275;275;566.117;565.828;50;276.684;;;110.243;1;1
5984;0.25;52.8443;31;5.50064;39.9797;31.4;128;300.998;282.19;277;330;275;275;566.117;565.972;50;276.674;;;108.88;1;1
5985;0.25;52.8443;31;5.5191;40.081;31.4;148;300.911;282.183;277;330;275;275;566.117;565.828;50;276.69;;;108.88;1;1
5986;0.25;52.662;31;5.51846;40.1823;31.4;170;300.405;282.212;277;330;275;275;566.117;565.683;50;276.727;;;106.794;1;1
5987;0.25;52.4392;31;5.47679;39.9797;31.3;181;300.448;282.227;277;330;275;275;566.117;565.683;50;276.754;;;106.794;1;1
5988;0.25;52.4363;31;5.47649;40.0839;31.3;201;300.391;282.198;277;330;275;275;566.117;565.683;50;276.758;;;106.085;1;1
5989;0.25;52.4913;31;5.5189;40.1823;31.3;206;300.448;282.198;277;330;275;275;565.972;565.683;50;276.752;;;105.224;1;1
5990;0.25;52.7431;31;5.52695;40.3848;31.3;211;300.521;282.198;277;330;275;275;565.972;565.683;50;276.758;;;104.071;1;1
5991;0.25;52.6418;31;5.49794;40.2836;31.3;210;300.521;282.205;277;330;275;275;565.972;565.538;50;276.776;;;104.071;1;1
5992;0.25;52.7431;31;5.5638;40.081;31.3;208;301.071;282.212;277;330;275;275;565.828;565.393;50;276.8;;;102.924;1;1
5993;0.25;52.7402;31;5.52664;39.8785;31.3;198;300.969;282.19;277;330;275;275;565.828;565.538;50;276.829;;;102.924;1;1
5994;0.25;52.6418;31;5.47955;39.9797;31.3;195;300.897;282.176;277;330;275;275;565.972;565.538;50;276.842;;;100.357;1;1
5995;0.25;52.4392;31;5.49511;40.081;31.3;192;301.331;282.212;277;330;275;275;565.972;565.683;50;276.856;;;99.4989;1;1
5996;0.25;52.3466;31;5.44883;40.081;31.3;182;301.389;282.219;277;330;275;275;566.117;565.828;50;276.883;;;99.3056;1;1
5997;0.25;52.0312;31;5.45236;39.8756;31.3;168;302.098;282.198;277;330;275;275;566.262;565.972;50;276.916;;;98.5923;1;1
5998;0.25;52.3409;31;5.42995;40.081;31.3;150;302.561;282.198;277;330;275;275;566.262;565.972;50;276.964;;;97.0373;1;1
5999;0.25;52.5434;31;5.50602;40.2836;31.3;145;302.532;282.183;277;330;275;275;566.262;565.828;50;277.019;;;97.0373;1;1
6000;0.25;52.338;31;5.4845;40.2836;31.3;132;303.111;282.198;277;330;275;275;566.262;565.828;50;277.07;;;96.2648;1;1
6001;0.25;52.5318;31;5.44976;39.9971;31.3;115;303.009;282.212;277;330;275;275;566.117;565.683;50;277.109;;;95.6278;1;1
6002;0.25;52.5868;31;5.51057;39.9884;31.3;96;303.733;282.451;277;330;275;275;566.117;565.683;50;277.121;;;95.2;1;1
6003;0.25;52.6418;31;5.46116;40.081;31.4;83;303.979;282.176;277;330;275;275;566.117;565.683;50;277.106;;;92.9806;1;1
6004;0.25;52.6707;31;5.55617;40.1794;31.4;71;304.094;282.219;277;330;275;275;566.117;565.683;50;277.085;;;92.9806;1;1
6005;0.25;52.7344;31;5.47077;40.3848;31.4;50;304.21;282.219;277;330;275;275;566.117;565.828;50;277.075;;;92.4846;1;1
6006;0.25;52.5405;31;5.48737;40.1649;31.4;41;304.514;282.227;277;330;275;275;566.117;565.683;50;277.072;;;91.5931;1;1
6007;0.25;52.2338;31;5.43709;39.8756;31.4;30;304.905;282.422;277;330;275;275;566.117;565.828;50;277.053;;;90.4177;1;1
6008;0.25;52.338;31;5.44793;40.081;31.4;0;304.398;282.176;277;330;275;275;566.262;565.828;50;277.022;;;89.1386;1;1
6009;0.25;52.7431;31;5.52695;40.1794;31.4;0;304.326;282.19;277;330;275;275;566.262;565.972;50;276.974;;;87.4348;1;1
6010;0.25;52.9456;31.1;5.83365;40.081;31.4;0;304.774;282.429;277;330;275;275;566.406;565.828;50;276.932;;;87.4348;1;1
6011;0.25;53.151;31.1;5.85629;40.2836;31.4;3;304.876;282.429;277;330;275;275;566.551;566.117;50;276.902;;;86.7103;1;1
6012;0.25;52.7431;31.1;5.84819;40.272;31.5;8;304.933;282.429;277;330;275;275;566.406;566.117;50;276.879;;;86.7103;1;1
6013;0.25;52.5405;31.1;5.80737;40.2488;31.5;12;305.006;282.458;277;330;275;275;566.262;566.117;50;276.867;;;85.0091;1;1
6014;0.25;52.4392;31.1;5.79618;40.3848;31.5;18;304.167;282.422;277;330;275;275;566.262;565.972;50;276.859;;;85.0091;1;1
6015;0.25;52.3987;31.1;5.82831;40.327;31.5;25;304.065;282.436;277;330;275;275;566.117;565.828;50;276.853;;;83.4609;1;1
6016;0.25;52.5145;31.1;5.8045;40.1852;31.5;39;303.877;282.436;277;330;275;275;566.117;565.828;50;276.834;;;83.3278;1;1
6017;0.25;52.3119;31.1;5.80038;40.4948;31.4;50;303.689;282.451;277;330;275;275;566.117;565.683;50;276.797;;;81.355;1;1
6018;0.25;52.2193;31.1;5.79012;40.4861;31.4;69;303.414;282.595;277;330;275;275;566.117;565.683;50;276.757;;;81.355;1;1
6019;0.25;52.5405;31.1;5.82573;40.2807;31.4;82;303.053;282.603;277;330;275;275;565.972;565.683;50;276.713;;;80.0196;1;1
6020;0.25;52.7431;31.1;5.81134;40.3848;31.4;94;303.154;282.61;277;330;275;275;566.117;565.683;50;276.664;;;79.5959;1;1
6021;0.25;52.4363;31.1;5.8325;40.3848;31.4;106;302.517;282.588;277;330;275;275;566.117;565.538;50;276.622;;;78.9466;1;1
6022;0.25;52.5405;31.1;5.78902;40.2836;31.4;126;302.575;282.581;277;330;275;275;565.972;565.538;50;276.576;;;78.9466;1;1
6023;0.25;52.3351;31.1;5.80295;40.1823;31.4;138;301.953;282.574;277;330;275;275;565.972;565.538;50;276.534;;;77.6767;1;1
6024;0.25;52.4595;31.1;5.83507;39.9769;31.4;156;301.866;282.603;277;330;275;275;565.972;565.683;50;276.5;"KHP102      ";;77.6767;1;1
6025;0.25;52.4421;31.1;5.81482;39.7859;31.3;178;301.895;282.61;277;330;275;275;566.117;565.683;50;276.463;;;75.9352;1;1
6026;0.25;52.6418;31.1;5.83696;40.0434;31.3;196;302.141;282.588;277;330;275;275;565.972;565.683;50;276.439;;;75.2683;1;1
6027;0.25;52.6447;31.1;5.85567;40.1013;31.3;199;301.534;282.617;277;330;275;275;565.972;565.538;50;276.415;"KHP102      ";;74.0013;1;1
6028;0.25;52.3611;31.1;5.78755;40.081;31.3;219;301.577;282.61;277;330;275;275;565.972;565.683;50;276.4;;;73.0553;1;1
6029;0.25;52.1325;31.1;5.7987;40.1823;31.3;234;302.098;282.581;277;330;275;275;565.972;565.683;50;276.4;;;72.6334;1;1
6030;0.25;52.1557;31;5.46539;40.298;31.3;250;302.112;282.567;277;330;275;275;565.972;565.538;50;276.399;;;71.79;1;1
6031;0.25;52.1325;31;5.44476;40.3848;31.3;246;301.91;282.61;277;330;275;275;566.117;565.683;50;276.405;;;71.3605;1;1
6032;0.25;52.2338;31;5.47358;40.2836;31.3;247;301.852;282.617;277;330;275;275;566.117;565.683;50;276.416;;;70.9391;1;1
6033;0.25;52.3351;31;5.50248;40.1244;31.3;253;302.445;282.61;277;330;275;275;566.262;565.828;50;276.437;;;70.0965;1;1
6034;0.25;52.3351;31;5.44763;40.1823;31.3;251;302.604;282.603;277;330;275;275;566.117;565.828;50;276.464;;;67.7348;1;1
6035;0.25;51.8258;31;5.43083;39.9769;31.3;239;303.197;282.603;277;330;275;275;565.972;565.683;50;276.494;;;67.7348;1;1
6036;0.25;52.3351;31;5.55732;39.8756;31.3;227;303.646;282.603;277;330;275;275;566.117;565.828;50;276.529;;;65.4674;1;1
6037;0.25;52.4566;31;5.51525;40.081;31.3;214;304.08;282.61;277;330;275;275;566.262;565.828;50;276.565;;;65.4674;1;1
6038;0.25;52.4392;31;5.49511;40.1823;31.3;196;304.326;282.588;277;330;275;275;566.262;565.972;50;276.613;;;65.0476;1;1
6039;0.25;52.5405;31;5.50572;40.081;31.3;188;304.977;282.581;277;330;275;275;566.117;565.828;50;276.669;;;65.0476;1;1
6040;0.25;52.6128;31;5.49492;39.8756;31.4;171;305.165;282.574;277;330;275;275;566.262;565.828;50;276.742;;;63.6026;1;1
6041;0.25;52.8443;31;5.55602;39.8785;31.4;153;305.599;282.581;277;330;275;275;566.117;565.828;50;276.817;;;63.6026;1;1
6042;0.25;52.717;31;5.54263;39.7743;31.4;131;306.236;282.588;277;330;275;275;566.117;565.828;50;276.877;;;62.2295;1;1
6043;0.25;52.827;31;5.51728;39.673;31.4;104;306.568;282.588;277;330;275;275;566.117;565.828;50;276.936;;;61.3916;1;1
6044;0.25;52.7431;31.1;5.84819;39.673;31.4;84;307.118;282.588;277;330;275;275;566.262;565.828;50;276.994;;;59.5978;1;1
6045;0.25;52.3322;31.1;5.76607;39.9797;31.5;65;307.06;282.574;277;330;275;275;566.117;565.828;50;277.033;;;58.4147;1;1
6046;0.25;52.2338;31.1;5.80997;40.2807;31.5;2;307.407;282.581;277;330;275;275;566.262;565.828;50;277.032;;;58.4147;1;1
6047;0.25;52.0312;31.1;5.80562;40.1823;31.5;0;307.523;282.581;277;330;275;275;566.117;565.828;50;277.02;;;58.0026;1;1
6048;0.25;52.2714;31.1;5.83241;40.081;31.5;0;308.29;282.581;277;330;275;275;565.972;565.683;50;276.996;;;57.5847;1;1
6049;0.25;52.5029;31.1;5.82156;39.9682;31.5;0;308.333;282.588;277;330;275;275;566.117;565.683;50;276.965;"KHP102      ";;56.4789;1;1
6050;0.25;52.3351;31.1;5.87608;39.8119;31.5;0;308.261;282.588;277;330;275;275;566.117;565.683;50;276.943;;;55.7751;1;1
6051;0.25;52.338;31.1;5.82155;39.8785;31.5;0;308.16;282.574;277;330;275;275;565.972;565.828;50;276.925;;;54.4959;1;1
6052;0.25;52.3351;31.2;6.17655;39.7743;31.6;0;308.102;282.574;277;330;275;275;566.117;565.683;50;276.895;;;54.4779;1;1
6053;0.25;52.3466;31.2;6.14135;39.7772;31.6;0;308.087;282.697;277;330;275;275;565.972;565.683;50;276.859;;;52.7798;1;1
6054;0.25;52.037;31.2;6.17774;39.9797;31.6;0;307.784;282.964;277;330;275;275;565.828;565.683;50;276.819;;;51.947;1;1
6055;0.25;52.2338;31.2;6.12811;39.8785;31.6;0;307.841;282.964;277;330;275;275;565.828;565.683;50;276.774;;;50.9698;1;1
6056;0.25;52.0341;31.2;6.15922;40.081;31.6;0;307.292;282.957;277;330;275;275;565.972;565.538;50;276.762;;;50.5538;1;1
6057;0.25;52.0341;31.2;6.10468;39.8756;31.6;0;307.219;282.935;277;330;275;275;565.828;565.538;50;276.772;;;49.7893;1;1
6058;0.25;52.1325;31.2;6.15265;39.8756;31.6;0;306.626;282.935;277;330;275;275;565.828;565.538;50;276.775;;;49.3736;1;1
6059;0.25;52.2309;31.2;6.16426;39.9942;31.5;0;306.091;282.943;277;330;275;275;565.683;565.538;50;276.806;;;48.2463;1;1
6060;0.25;52.1325;31.2;6.11623;40.081;31.5;1;306.062;282.95;277;330;275;275;565.828;565.538;50;276.851;;;47.4134;1;1
6061;0.25;52.2338;31.2;6.18285;39.8756;31.5;3;305.686;282.957;277;330;275;275;565.828;565.393;50;276.935;;;45.3847;1;1
6062;0.25;52.4363;31.2;6.15187;39.8785;31.5;0;305.237;282.972;277;330;275;275;565.828;565.538;50;277.027;;;44.6679;1;1
6063;0.25;52.0312;31.2;6.15887;39.9797;31.5;0;304.803;282.979;277;330;275;275;565.828;565.538;50;277.109;;;44.5828;1;1
6064;0.25;51.8953;31.2;6.10652;40.0897;31.5;0;304.196;282.957;277;330;275;275;565.828;565.538;50;277.16;;;43.218;1;1
6065;0.25;51.7245;31.2;6.08643;40.0781;31.5;0;304.094;282.972;277;330;275;275;565.828;565.393;50;277.19;;;43.218;1;1
6066;0.25;51.7216;31.2;6.08609;40.1823;31.4;0;303.631;282.979;277;330;275;275;565.683;565.393;50;277.215;;;42.5972;1;1
6067;0.25;51.6406;31.2;6.07656;40.1794;31.4;0;302.966;282.979;277;330;275;275;565.828;565.393;50;277.236;;;42.1835;1;1
6068;0.25;52.2541;31.2;6.18525;39.8756;31.4;0;302.749;282.979;277;330;275;275;565.828;565.393;50;277.254;;;40.5297;1;1
6069;0.25;52.1325;31.2;6.20729;39.7743;31.4;0;302.17;282.964;277;330;275;275;565.828;565.538;50;277.282;;;40.1165;1;1
6070;0.25;51.93;31.2;6.1106;39.5718;31.4;0;301.866;282.964;277;330;275;275;565.972;565.683;50;277.307;;;38.1255;1;1
6071;0.25;52.1325;31.2;6.15265;39.673;31.4;0;301.808;282.986;277;330;275;275;566.117;565.683;50;277.321;;;38.029;1;1
6072;0.25;52.3322;31.1;5.80263;39.7743;31.3;0;300.998;282.993;277;330;275;275;566.262;565.828;50;277.311;;;36.799;1;1
6073;0.25;52.2338;31.1;5.80997;39.8756;31.3;0;300.637;282.972;277;330;275;275;566.117;565.683;50;277.277;;;35.5629;1;1
6074;0.25;52.3351;31.1;5.82123;40.081;31.3;0;299.913;282.972;277;330;275;275;565.972;565.538;50;277.239;;;35.5629;1;1
6075;0.25;52.338;31.1;5.82155;39.8756;31.3;0;299.19;282.784;277;330;275;275;565.972;565.538;50;277.217;;;33.9198;1;1
6076;0.25;52.3264;31.1;5.80199;39.7049;31.3;0;299.711;282.986;277;330;275;275;565.972;565.538;50;277.196;;;33.9198;1;1
6077;0.25;52.2425;31.1;5.79268;39.7772;31.3;0;299.117;282.784;277;330;275;275;565.972;565.538;50;277.173;;;33.6105;1;1
6078;0.25;52.2917;31.1;5.85294;39.9797;31.3;0;298.814;282.957;277;330;275;275;565.972;565.538;50;277.154;;;33.1992;1;1
6079;0.25;52.4363;31.1;5.85082;40.081;31.3;0;298.105;282.979;277;330;275;275;565.972;565.538;50;277.137;;;31.4191;1;1
6080;0.25;52.3032;31;5.49913;40.1591;31.2;0;297.106;282.805;277;330;275;275;565.972;565.538;50;277.111;"KHP102      ";;31.4191;1;1
6081;0.25;52.2193;31;5.49031;40.081;31.2;0;297.078;282.812;277;330;275;275;565.972;565.538;50;277.089;;;29.5943;1;1
6082;0.25;52.3438;31;5.50339;39.9363;31.2;0;296.788;282.964;277;330;275;275;565.828;565.538;50;277.079;;;29.5943;1;1
6083;0.25;52.3351;31;5.42935;39.8785;31.2;0;296.108;282.762;277;330;275;275;565.828;565.538;50;277.061;;;27.715;1;1
6084;0.25;52.2338;31;5.47358;40.0376;31.2;0;296.629;282.964;277;330;275;275;565.828;565.538;50;277.025;;;26.4862;1;1
6085;0.25;52.0312;31;5.416;39.9711;31.2;0;296.021;282.603;277;330;275;275;565.828;565.538;50;276.988;;;26.0768;1;1
6086;0.25;52.1354;30.9;5.07288;39.8785;31.2;0;295.255;282.762;277;330;275;275;565.828;565.538;50;276.959;;;25.4844;1;1
6087;0.25;52.1123;30.9;5.12524;40.081;31.2;0;294.922;282.697;277;330;275;275;565.828;565.683;50;276.938;;;25.0753;1;1
6088;0.25;52.0168;30.9;5.07951;39.9161;31.2;0;294.806;282.718;277;330;275;275;565.828;565.683;50;276.904;;;24.3932;1;1
6089;0.25;51.93;30.9;5.08917;39.8756;31.2;0;294.416;282.986;277;330;275;275;565.828;565.683;50;276.873;;;23.2887;1;1
6090;0.25;52.1296;30.9;5.09053;39.8756;31.1;0;293.764;282.581;277;330;275;275;565.972;565.683;50;276.884;;;22.2737;1;1
6091;0.25;51.93;30.9;5.1436;39.7801;31.1;0;293.692;282.588;277;330;275;275;565.972;565.683;50;276.924;;;21.3246;1;1
6092;0.25;51.9242;30.9;5.10674;39.7164;31.1;0;293.461;282.574;277;330;275;275;565.972;565.538;50;276.981;;;20.0229;1;1
6093;0.25;52.338;30.8;4.81038;39.7743;31.1;0;293.562;282.588;277;330;275;275;565.972;565.828;50;277.043;;;19.6153;1;1
6094;0.25;52.3351;30.8;4.79183;39.8785;31.1;0;292.969;282.574;277;330;275;275;565.972;565.683;50;277.112;;;19.2078;1;1
6095;0.25;52.0486;30.8;4.7656;39.8756;31.1;0;292.824;282.588;277;330;275;275;565.972;565.683;50;277.19;;;18.6018;1;1
6096;0.25;52.1325;30.8;4.84613;39.9797;31.1;0;292.318;282.595;277;330;275;275;565.972;565.683;50;277.257;;;18.1946;1;1
6097;0.25;52.1325;30.8;4.75508;39.8756;31.1;0;291.667;282.595;277;330;275;275;565.972;565.683;50;277.321;;;16.8183;1;1
6098;0.25;52.4363;30.8;4.80111;39.9016;31.1;0;291.71;282.581;277;330;275;275;565.972;565.683;50;277.326;;;16.4115;1;1
6099;0.25;52.3351;30.8;4.79183;40.081;31.1;0;291.421;282.581;277;330;275;275;565.972;565.683;50;277.317;;;16.0049;1;1
6100;0.25;52.3351;30.7;4.4548;39.8785;31.1;0;291.508;282.588;277;330;275;275;565.972;565.683;50;277.321;;;14.4569;1;1
6101;0.25;52.3351;30.7;4.43652;39.9074;31.1;0;290.914;282.61;277;330;275;275;565.828;565.538;50;277.322;;;13.2872;1;1
6102;0.25;52.5347;30.7;4.41671;40.2836;31.1;0;290.842;282.595;277;330;275;275;565.828;565.538;50;277.305;;;12.8815;1;1
6103;0.25;51.9242;30.7;4.40169;40.081;31.1;0;290.278;282.588;277;330;275;275;565.828;565.538;50;277.307;;;11.4657;1;1
6104;0.25;51.7245;30.7;4.38476;39.9797;31;0;290.162;282.581;277;330;275;275;565.828;565.538;50;277.309;;;11.4657;1;1
6105;0.25;51.7274;30.7;4.36694;40.081;31;0;289.627;282.581;277;330;275;275;565.828;565.538;50;277.297;;;9.91025;1;1
6106;0.25;51.5625;30.7;4.33497;40.081;31;0;289.714;282.595;277;330;275;275;565.828;565.538;50;277.278;;;9.50543;1;1
6107;0.25;51.9271;30.6;4.04938;40.081;31;0;289.844;282.61;277;330;275;275;565.972;565.683;50;277.268;;;9.10073;1;1
6108;0.25;51.8316;30.6;4.0238;39.8785;31;0;289.598;282.581;277;330;275;275;565.972;565.683;50;277.268;;;8.29165;1;1
6109;0.25;52.1325;30.6;4.04716;39.673;31;0;289.308;282.205;277;330;275;275;565.972;565.538;50;277.27;;;7.71875;1;1
6110;0.25;52.3351;30.6;4.0446;39.673;31;0;288.657;282.473;277;330;275;275;566.117;565.683;50;277.267;;;6.91043;1;1
6111;0.25;52.526;30.6;4.05936;39.7743;31;0;288.585;282.473;277;330;275;275;565.972;565.683;50;277.273;;;6.39097;1;1
6112;0.25;52.0284;30.6;4.0209;39.7309;31;0;288.643;282.444;277;330;275;275;565.972;565.683;50;277.277;;;4.23664;1;1
6113;0.25;51.9271;30.6;4.03121;39.7743;31;0;288.469;282.48;277;330;275;275;565.972;565.683;50;277.27;;;4.23664;1;1
6114;0.25;51.8056;30.6;4.02178;39.8756;31;0;288.556;282.48;277;330;275;275;565.828;565.538;50;277.235;;;2.67195;1;1
6115;0.25;52.147;30.5;3.67602;40.081;31;0;287.789;282.48;277;330;275;275;565.828;565.538;48.9242;277.195;"KHP102      ";;2.26913;1;1
6116;0.25;52.0312;30.5;3.70422;40.081;31;0;287.789;282.48;277;330;275;275;565.828;565.393;42.944;277.157;;;1.86643;1;1
6117;0.25;51.8113;30.5;3.63426;40.1823;31;0;287.717;282.4;277;330;275;275;565.828;565.393;34.8442;277.128;;;1.86643;1;1
