time;Banddicke;Verzinnungsstation: Durchflussmenge;Verzinnungsstation: Rücklauftemperatur;Verzinnungsstation: Kühlleistung;Verzinnungsstation FU: Durchflussmenge;Verzinnungsstation FU: Rücklauftemperatur;Ofenleistung;Wannentemperatur außen;Wannentemperatur innen;Solltemperatur unter Zinnbadrolle;Bandbreite;Laufprogramm Online Zinnbad / Anlagenstartwert Rezept;Laufprogramm Online Zinnbad / Anlagenstartwert korrigiert;Abblasung OS Luftdruck;Abblasung US Luftdruck;Bandgeschwindigkeit;Temperatur unter Zinnbadrolle;MON Verzinnungseinheit Verzinnungsstation Ofen 1 aktiv;MON Verzinnungseinheit Verzinnungsstation Ofen 2 aktiv;Legierung;ChannelInfoFieldText([10:1], "$PDA_expression");Bandlänge auf Abhaspel;Hubtraverse unten;Bandtransport
0;0.4;52.5434;26.9;17.1871;40.0347;24.9;223;307.017;267.781;265;360;272;272;309.751;309.462;60;263.847;1;0;;;1729.7;1;1
1;0.4;52.6447;26.9;17.1835;40.0897;24.9;222;307.089;267.752;265;360;272;272;309.607;309.462;60;263.853;1;0;;;1728.1;1;1
2;0.4;52.1354;26.9;17.0355;40.191;24.9;223;307.205;267.723;265;360;272;272;309.607;309.607;60;263.858;1;0;;;1728.1;1;1
3;0.4;52.0341;26.9;16.9115;39.9855;24.9;220;307.292;267.716;265;360;272;272;309.607;309.607;60;263.862;1;0;;;1727;1;1
4;0.4;51.9329;26.9;16.8786;39.9855;24.8;218;306.554;267.788;265;360;272;272;309.751;309.607;60;263.866;1;0;;;1726.45;1;1
5;0.4;51.8866;26.9;16.7729;40.0897;24.8;229;306.481;267.766;265;360;272;272;309.607;309.607;60;263.87;1;0;;;1725.89;1;1
6;0.4;51.9329;26.9;16.7879;39.8843;24.8;229;306.38;267.882;265;360;272;272;309.607;309.462;60;263.873;1;0;;;1725.89;1;1
7;0.4;52.0341;26.9;16.8024;39.8843;24.8;227;306.279;267.896;265;360;272;272;309.607;309.462;60;263.881;1;0;;;1723.14;1;1
8;0.4;52.3756;26.9;16.8395;39.6817;24.8;223;306.264;267.904;265;360;272;272;309.607;309.317;60;263.891;1;0;;;1722.81;1;1
9;0.4;52.2338;26.9;16.7391;39.783;24.8;224;306.322;267.896;265;360;272;272;309.607;309.462;60;263.903;1;0;;;1720.11;1;1
10;0.4;51.9329;26.9;16.6608;39.6817;24.8;231;306.395;267.889;265;360;272;272;309.607;309.462;60;263.915;1;0;;;1719.56;1;1
11;0.4;52.0428;26.9;16.6597;39.7685;24.8;231;306.481;267.875;265;360;272;272;309.607;309.462;60;263.924;1;0;;;1719.01;1;1
12;0.4;52.338;26.9;16.6994;39.9884;24.8;231;306.539;267.882;265;360;272;272;309.751;309.462;60;263.933;1;0;;;1717.36;1;1
13;0.4;52.4421;26.9;16.696;40.1939;24.8;226;306.496;267.86;265;360;272;272;309.607;309.462;60;263.947;1;0;;;1717.36;1;1
14;0.4;52.2367;26.9;16.5758;40.2922;24.8;223;306.409;267.86;265;360;272;272;309.607;309.607;60;263.959;1;0;;;1715.95;1;1
15;0.4;51.9329;26.9;16.425;39.8843;24.8;228;306.351;267.86;265;360;272;272;309.751;309.607;60;263.97;1;0;"KHP7025     ";;1715.95;1;1
16;0.4;51.8287;26.9;16.4282;39.9884;24.8;231;306.236;267.882;265;360;272;272;309.607;309.607;60;263.985;1;0;;;1715.4;1;1
17;0.4;51.8287;26.9;16.3377;40.0926;24.8;223;306.308;267.867;265;360;272;272;309.751;309.607;60;263.997;1;0;;;1714.3;1;1
18;0.4;51.6609;26.9;16.2487;39.9884;24.8;220;306.38;267.889;265;360;272;272;309.607;309.607;60;264.009;1;0;;;1713.67;1;1
19;0.4;52.0341;26.9;16.3297;40.0897;24.8;223;306.453;267.889;265;360;272;272;309.607;309.462;60;264.02;1;0;;;1712.45;1;1
20;0.4;51.8056;26.9;16.2218;40.1505;24.8;223;306.51;267.889;265;360;272;272;309.607;309.462;60;264.038;1;0;;;1710.8;1;1
21;0.4;51.4236;26.8;15.771;40.3935;24.8;223;306.467;267.896;265;360;272;272;309.607;309.462;60;264.057;1;0;;;1710.25;1;1
22;0.4;51.5249;26.8;15.7301;40.2112;24.8;214;307.219;267.911;265;360;272;272;309.607;309.462;60;264.07;1;0;;;1710.25;1;1
23;0.4;51.8316;26.8;15.7513;40.0203;24.8;205;307.133;267.911;265;360;272;272;309.462;309.462;60;264.085;1;0;;;1708.39;1;1
24;0.4;51.8316;26.8;15.7694;40.0897;24.8;201;307.046;267.954;265;360;272;272;309.607;309.462;60;264.099;1;0;;;1707.84;1;1
25;0.4;52.1354;26.8;15.8072;40.3935;24.8;196;307.06;268.33;265;360;272;272;309.607;309.462;60;264.118;1;0;;;1706.53;1;1
26;0.4;52.338;26.8;15.8686;40.599;24.8;196;307.19;268.258;265;360;272;272;309.607;309.462;60;264.137;1;0;;;1705.76;1;1
27;0.4;52.0312;26.8;15.7029;40.4948;24.8;191;307.306;268.229;265;360;272;272;309.607;309.462;60;264.157;1;0;;;1704.99;1;1
28;0.4;51.9329;26.8;15.6369;40.2922;24.8;184;307.292;268.2;265;360;272;272;309.607;309.462;60;264.17;1;0;;;1704.44;1;1
29;0.4;51.9444;26.8;15.6585;39.9884;24.8;183;307.219;268.287;265;360;272;272;309.607;309.462;60;264.185;1;0;;;1701.72;1;1
30;0.4;51.9329;26.8;15.5643;39.6817;24.8;182;307.118;268.316;265;360;272;272;309.462;309.462;60;264.198;1;0;;;1701.72;1;1
31;0.4;51.9329;26.8;15.4736;39.783;24.8;176;307.031;268.251;265;360;272;272;309.607;309.462;60;264.21;1;0;;;1701.18;1;1
32;0.4;51.2934;26.8;15.3727;39.6817;24.8;172;307.06;268.222;265;360;272;272;309.607;309.462;60;264.22;1;0;;;1700.65;1;1
33;0.4;50.6076;26.8;15.0257;39.4792;24.8;170;307.161;268.244;265;360;272;272;309.607;309.462;60;264.229;1;0;;;1699.33;1;1
34;0.4;50.6076;26.8;15.0787;39.2506;24.8;171;307.277;268.28;265;360;272;272;309.607;309.462;60;264.241;1;0;;;1697.68;1;1
35;0.4;50.8044;26.8;15.0664;39.1725;24.8;169;306.539;268.28;265;360;272;272;309.607;309.462;60;264.255;1;0;;;1696.59;1;1
36;0.4;50.6771;26.8;14.9046;39.2708;24.8;163;306.481;268.598;265;360;272;272;309.607;309.462;60;264.271;1;0;;;1693.66;1;1
37;0.4;50.9115;26.8;15.0092;39.375;24.8;170;306.424;268.598;265;360;272;272;309.607;309.462;60;264.286;1;0;"KHP7025     ";;1693.12;1;1
38;0.4;50.7378;26.8;14.958;39.375;24.8;173;306.337;268.613;265;360;272;272;309.607;309.462;60;264.298;1;0;;;1693.12;1;1
39;0.4;50.7089;26.8;14.914;39.375;24.8;169;306.293;268.605;265;360;272;272;309.607;309.462;60;264.31;1;0;;;1692.57;1;1
40;0.4;51.0359;26.8;14.9745;39.5833;24.8;168;306.004;268.613;265;360;272;272;309.607;309.462;60;264.32;1;0;;;1691.47;1;1
41;0.4;51.0446;26.8;14.8879;39.5804;24.8;171;306.236;268.367;265;360;272;272;309.607;309.462;60;264.332;1;0;;;1691.47;1;1
42;0.4;50.9462;26.8;14.9126;39.4792;24.7;175;306.25;268.367;265;360;272;272;309.751;309.607;60;264.339;1;0;;;1690.21;1;1
43;0.4;50.7089;26.8;14.7723;39.4792;24.7;174;306.163;268.367;265;360;272;272;309.607;309.462;60;264.355;1;0;;;1687.47;1;1
44;0.4;50.7986;26.8;14.7807;39.4792;24.7;172;305.454;268.359;265;360;272;272;309.607;309.462;60;264.371;1;0;"KHP7025     ";;1686.92;1;1
45;0.4;50.5064;26.8;14.625;39.3779;24.7;181;305.44;268.613;265;360;272;272;309.607;309.462;60;264.383;1;0;;;1685.83;1;1
46;0.4;50.8131;26.8;14.6961;39.2737;24.7;185;305.367;268.359;265;360;272;272;309.607;309.462;60;264.397;1;0;;;1685.28;1;1
47;0.4;51.1169;26.8;14.6947;39.4705;24.7;178;305.498;268.359;265;360;272;272;309.607;309.462;60;264.411;1;0;;;1684.19;1;1
48;0.4;51.0012;26.8;14.6614;39.4792;24.7;172;305.252;268.41;265;360;272;272;309.607;309.462;60;264.424;1;0;;;1684.19;1;1
49;0.4;50.7089;26.8;14.5065;39.1725;24.7;183;305.208;268.403;265;360;272;272;309.607;309.462;60;264.44;1;0;;;1683.1;1;1
50;0.4;50.7118;26.8;14.4719;39.2737;24.7;185;305.122;268.424;265;360;272;272;309.462;309.462;60;264.458;1;0;;;1681.46;1;1
51;0.4;50.8131;26.7;14.1913;39.375;24.7;183;305.02;268.446;265;360;272;272;309.607;309.462;60;264.474;1;0;;;1679.82;1;1
52;0.4;50.7986;26.7;14.0985;39.1725;24.7;180;304.977;268.446;265;360;272;272;309.462;309.317;60;264.488;1;0;"KHP7025     ";;1678.73;1;1
53;0.4;50.735;26.7;14.0986;39.3779;24.7;181;304.991;268.678;265;360;272;272;309.607;309.462;60;264.501;1;0;;;1677.53;1;1
54;0.4;50.5874;26.7;14.0223;39.5804;24.7;180;305.136;268.692;265;360;272;272;309.607;309.462;60;264.512;1;0;;;1676.44;1;1
55;0.4;50.8796;26.7;14.0677;39.6817;24.7;174;305.237;268.439;265;360;272;272;309.607;309.462;60;264.522;1;0;;;1676.44;1;1
56;0.4;50.8102;26.7;14.013;39.5804;24.6;172;304.514;268.432;265;360;272;272;309.607;309.462;60;264.538;1;0;;;1675.89;1;1
57;0.4;50.8565;26.7;13.9902;39.3981;24.6;171;304.326;268.432;265;360;272;272;309.607;309.462;60;264.553;1;0;;;1674.26;1;1
58;0.4;51.0156;26.7;13.9984;39.3837;24.6;171;304.239;268.569;265;360;272;272;309.607;309.607;60;264.569;1;0;;;1673.17;1;1
59;0.4;50.9143;26.7;13.9528;39.375;24.6;175;304.297;268.772;265;360;272;272;309.607;309.462;60;264.584;1;0;"KHP7025     ";;1672.35;1;1
60;0.4;50.9143;26.7;13.8638;39.1753;24.6;175;304.456;268.75;265;360;272;272;309.607;309.462;60;264.604;1;0;;;1672.35;1;1
61;0.4;50.9143;26.7;13.8283;39.1725;24.6;173;304.427;268.736;265;360;272;272;309.607;309.462;60;264.627;1;0;;;1671.26;1;1
62;0.4;50.8102;26.7;13.7645;39.0712;24.6;164;304.499;268.736;265;360;272;272;309.751;309.462;60;264.647;1;0;;;1669.83;1;1
63;0.4;50.7089;26.7;13.737;39.0741;24.6;158;304.21;268.786;265;360;272;272;309.607;309.462;60;264.673;1;0;;;1667.65;1;1
64;0.4;50.5064;26.7;13.6645;39.349;24.6;168;304.094;268.815;265;360;272;272;309.607;309.462;60;264.699;1;0;;;1667.65;1;1
65;0.4;50.408;26.7;13.6203;39.375;24.6;169;303.993;268.793;265;360;272;272;309.607;309.462;60;264.733;1;0;;;1666.02;1;1
66;0.4;50.6047;26.7;13.6381;39.1725;24.6;162;303.95;268.779;265;360;272;272;309.607;309.317;60;264.764;1;0;;;1665.48;1;1
67;0.4;50.6163;26.6;13.2799;39.375;24.6;160;303.371;268.764;265;360;272;272;309.462;309.462;60;264.791;1;0;;;1664.39;1;1
68;0.4;50.8131;26.6;13.296;39.3779;24.6;165;303.501;268.75;265;360;272;272;309.462;309.317;60;264.815;1;0;;;1662.76;1;1
69;0.4;50.9143;26.6;13.2513;39.2737;24.6;163;303.545;268.736;265;360;272;272;309.607;309.462;60;264.844;1;0;;;1662.22;1;1
70;0.4;50.8131;26.6;13.1894;39.375;24.6;156;303.501;268.866;265;360;272;272;309.607;309.462;60;264.868;1;0;;;1661.44;1;1
71;0.4;50.9259;26.6;13.2365;39.375;24.6;155;303.067;268.895;265;360;272;272;309.607;309.462;60;264.894;1;0;"KHP7025     ";;1660.9;1;1
72;0.4;50.9143;26.6;13.1802;39.4329;24.6;155;302.951;269.213;265;360;272;272;309.607;309.607;60;264.917;1;0;;;1659.9;1;1
73;0.4;50.8102;26.6;13.1709;39.2708;24.6;151;302.922;268.924;265;360;272;272;309.607;309.607;60;264.938;1;0;;;1659.54;1;1
74;0.4;50.9057;26.6;13.1423;39.1725;24.5;148;302.3;268.938;265;360;272;272;309.751;309.462;60;264.957;1;0;;;1659;1;1
75;0.4;50.8102;26.6;13.1177;39.2737;24.5;152;302.677;269.22;265;360;272;272;309.751;309.462;60;264.973;1;0;;;1657.37;1;1
76;0.4;50.7494;26.6;13.0488;39.4763;24.5;153;302.763;269.191;265;360;272;272;309.607;309.462;60;264.99;1;0;;;1655.62;1;1
77;0.4;50.6568;26.6;12.9896;39.3779;24.5;146;302.532;269.206;265;360;272;272;309.607;309.462;60;265.008;1;0;;;1654;1;1
78;0.4;50.6047;26.6;12.9232;39.1725;24.5;143;302.04;269.198;265;360;272;272;309.607;309.462;60;265.023;1;0;;;1653.45;1;1
79;0.4;50.5064;26.6;12.8451;39.4502;24.5;142;301.895;269.191;265;360;272;272;309.607;309.462;60;265.035;1;0;;;1651.83;1;1
80;0.4;50.4456;26.5;12.5048;39.3837;24.5;143;301.866;269.3;265;360;272;272;309.607;309.462;60;265.054;1;0;;;1651.29;1;1
81;0.4;50.7089;26.5;12.5169;39.1725;24.5;142;302.083;269.278;265;360;272;272;309.607;309.462;60;265.071;1;0;;;1650.39;1;1
82;0.4;50.5064;26.5;12.414;39.0683;24.5;141;301.823;269.264;265;360;272;272;309.607;309.462;60;265.085;1;0;;;1648.77;1;1
83;0.4;50.7263;26.5;12.4503;38.8686;24.5;147;301.866;269.256;265;360;272;272;309.751;309.462;60;265.101;1;0;;;1648.23;1;1
84;0.4;50.897;26.5;12.5278;38.9699;24.5;144;301.837;269.314;265;360;272;272;309.607;309.462;60;265.121;1;0;;;1647.14;1;1
85;0.4;51.1169;26.5;12.5284;39.4705;24.5;137;301.013;269.314;265;360;272;272;309.607;309.462;60;265.142;1;0;"KHP7025     ";;1646.06;1;1
86;0.4;50.8102;26.5;12.4177;39.5804;24.5;143;300.911;269.314;265;360;272;272;309.607;309.462;60;265.163;1;0;;;1645.52;1;1
87;0.4;50.6076;26.5;12.3328;39.4792;24.5;146;300.883;269.3;265;360;272;272;309.607;309.462;60;265.178;1;0;;;1644.73;1;1
88;0.4;50.7234;26.5;12.3256;39.375;24.4;143;300.998;269.278;265;360;272;272;309.607;309.462;60;265.204;1;0;;;1643.67;1;1
89;0.4;50.7841;26.5;12.3403;39.2737;24.4;141;300.796;269.264;265;360;272;272;309.607;309.462;60;265.226;1;0;;;1642.04;1;1
90;0.4;50.6366;26.5;12.216;39.0712;24.4;141;300.897;269.256;265;360;272;272;309.607;309.462;60;265.246;1;0;;;1640.96;1;1
91;0.4;50.5237;26.5;12.1888;39.1725;24.4;140;300.883;269.3;265;360;272;272;309.607;309.462;60;265.264;1;0;;;1640.96;1;1
92;0.4;50.4022;26.4;11.7996;39.3403;24.4;132;300.825;269.329;265;360;272;272;309.607;309.607;60;265.279;1;0;;;1640.96;1;1
93;0.4;50.4109;26.4;11.8193;39.2737;24.4;127;299.942;269.314;265;360;272;272;309.607;309.462;60;265.295;1;0;;;1639.88;1;1
94;0.4;50.6568;26.4;11.8239;39.4792;24.4;135;299.913;269.625;265;360;272;272;309.607;309.462;60;265.31;1;0;;;1639.34;1;1
95;0.4;50.3125;26.4;11.7611;39.5804;24.4;138;299.884;269.647;265;360;272;272;309.607;309.462;60;265.328;1;0;;;1637.18;1;1
96;0.4;50.2431;26.4;11.6746;39.1001;24.4;137;299.87;269.64;265;360;272;272;309.607;309.462;60;265.345;1;0;;;1635.02;1;1
97;0.4;50.2025;26.4;11.6652;39.1725;24.4;133;299.725;269.633;265;360;272;272;309.607;309.607;60;265.359;1;0;;;1634.68;1;1
98;0.4;50.6105;26.4;11.7423;39.2766;24.4;134;299.841;269.604;265;360;272;272;309.751;309.462;60;265.376;1;0;;;1633.06;1;1
99;0.4;50.7089;26.4;11.7474;39.375;24.4;135;299.87;269.596;265;360;272;272;309.607;309.462;60;265.39;1;0;;;1633.06;1;1
100;0.4;50.6076;26.4;11.6886;39.4502;24.4;135;299.074;269.575;265;360;272;272;309.607;309.462;60;265.403;1;0;;;1631.87;1;1
101;0.4;50.9143;26.4;11.7239;39.3547;24.3;137;298.958;269.56;265;360;272;272;309.607;309.462;60;265.414;1;0;;;1631.33;1;1
102;0.4;50.7089;26.3;11.3323;39.4994;24.3;139;298.857;269.567;265;360;272;272;309.751;309.462;60;265.424;1;0;;;1629.18;1;1
103;0.4;50.0955;26.3;11.2302;39.4792;24.3;141;298.828;269.553;265;360;272;272;309.607;309.462;60;265.433;1;0;;;1629.18;1;1
104;0.4;50.1997;26.3;11.1658;39.2737;24.3;139;298.669;269.589;265;360;272;272;309.607;309.462;60;265.441;1;0;;;1627.56;1;1
105;0.4;50.2691;26.3;11.1989;39.4763;24.3;135;298.756;269.596;265;360;272;272;309.607;309.462;60;265.448;1;0;;;1626.47;1;1
106;0.4;50.5064;26.3;11.2694;39.2737;24.3;146;298.828;269.625;265;360;272;272;309.607;309.462;60;265.457;1;0;;;1626.47;1;1
107;0.4;50.7089;26.3;11.2969;39.1725;24.3;148;298.886;269.633;265;360;272;272;309.607;309.317;60;265.47;1;0;;;1624.85;1;1
108;0.4;50.7089;26.3;11.226;39.1725;24.3;141;298.814;269.604;265;360;272;272;309.462;309.317;60;265.477;1;0;;;1624.85;1;1
109;0.4;50.7089;26.3;11.1728;39.1725;24.3;143;298.741;269.582;265;360;272;272;309.607;309.317;60;265.488;1;0;;;1623.24;1;1
110;0.4;50.7089;26.3;11.1905;39.2737;24.3;140;298.655;269.582;265;360;272;272;309.607;309.317;60;265.498;1;0;;;1621.09;1;1
111;0.4;50.5064;26.3;11.1282;39.0712;24.3;135;298.597;269.553;265;360;272;272;309.607;309.317;60;265.51;1;0;;;1619.47;1;1
112;0.4;50.3154;26.2;10.7797;39.0712;24.3;135;297.859;269.531;265;360;272;272;309.607;309.317;60;265.52;1;0;;;1619.47;1;1
113;0.4;50.5527;26.2;10.7598;39.1725;24.3;136;297.946;269.524;265;360;272;272;309.462;309.317;60;265.529;1;0;;;1618.4;1;1
114;0.4;50.4109;26.2;10.6768;39.1725;24.2;137;298.018;269.51;265;360;272;272;309.607;309.462;60;265.537;1;0;;;1617.86;1;1
115;0.4;50.3038;26.2;10.6893;39.1725;24.2;140;298.047;269.473;265;360;272;272;309.607;309.317;60;265.545;1;0;;;1616.78;1;1
116;0.4;50.6076;26.2;10.7539;39.375;24.2;140;297.917;269.416;265;360;272;272;309.607;309.462;60;265.551;1;0;;;1615.71;1;1
117;0.4;50.7986;26.2;10.7767;39.2737;24.2;139;297.801;269.401;265;360;272;272;309.607;309.462;60;265.557;1;0;;;1615.17;1;1
118;0.4;51.0012;26.2;10.784;39.2072;24.2;140;297.83;269.379;265;360;272;272;309.462;309.317;60;265.562;1;0;;;1613.89;1;1
119;0.4;50.4051;26.2;10.6404;39.0712;24.2;139;297.931;269.387;265;360;272;272;309.607;309.317;60;265.566;1;0;;;1613.36;1;1
120;0.4;50.4253;26.2;10.6975;39.2737;24.2;133;298.018;269.408;265;360;272;272;309.607;309.462;60;265.57;1;0;;;1613.36;1;1
121;0.4;50.5064;26.1;10.3718;39.2737;24.2;132;297.584;269.416;265;360;272;272;309.462;309.462;60;265.574;1;0;;;1612.28;1;1
122;0.4;50.6163;26.1;10.2883;39.2737;24.2;134;297.569;269.835;265;360;272;272;309.751;309.462;60;265.58;1;0;;;1611.21;1;1
123;0.4;50.7118;26.1;10.3254;39.1725;24.2;139;297.468;269.821;265;360;272;272;309.751;309.462;60;265.587;1;0;;;1609.6;1;1
124;0.4;50.7957;26.1;10.3425;38.9699;24.2;139;297.526;269.792;265;360;272;272;309.607;309.462;60;265.599;1;0;;;1608.53;1;1
125;0.4;50.4051;26.1;10.2277;39.1725;24.2;140;297.266;269.792;265;360;272;272;309.607;309.462;60;265.611;1;0;;;1608.03;1;1
126;0.4;50.3038;26.1;10.2247;38.9699;24.2;138;297.193;269.77;265;360;272;272;309.607;309.462;60;265.62;1;0;;;1608.03;1;1
127;0.4;50.4167;26.1;10.2301;39.0741;24.2;133;297.685;269.763;265;360;272;272;309.607;309.462;60;265.629;1;0;;;1606.96;1;1
128;0.4;50.7089;26.1;10.2185;39.0741;24.2;135;297.801;269.806;265;360;272;272;309.607;309.462;60;265.637;1;0;"KHP7025     ";;1605.35;1;1
129;0.4;50.6076;26.1;10.2158;38.9699;24.2;137;297.873;269.835;265;360;272;272;309.607;309.462;60;265.65;1;0;;;1604.96;1;1
130;0.4;50.5064;26.1;10.16;39.1725;24.1;135;297.844;270.146;265;360;272;272;309.607;309.462;60;265.667;1;0;;;1603.88;1;1
131;0.4;50.5527;26.1;10.2047;39.0712;24.1;128;297.758;270.132;265;360;272;272;309.607;309.607;60;265.683;1;0;;;1603.35;1;1
132;0.4;50.9143;26;9.89644;39.1725;24.1;124;297.28;269.944;265;360;272;272;309.607;309.462;60;265.696;1;0;;;1602.81;1;1
133;0.4;50.5035;26;9.85186;39.2622;24.1;119;297.598;270.124;265;360;272;272;309.751;309.607;60;265.711;1;0;;;1600.67;1;1
134;0.4;50.6076;26;9.87218;39.077;24.1;118;297.584;270.11;265;360;272;272;309.751;309.607;60;265.729;1;0;;;1600.67;1;1
135;0.4;50.4716;26;9.79276;39.1753;24.1;116;297.671;270.095;265;360;272;272;309.751;309.607;60;265.749;1;0;;;1598.01;1;1
136;0.4;50.3762;26;9.75661;38.9699;24.1;110;297.772;270.088;265;360;272;272;309.751;309.607;60;265.769;1;0;"KHP7025     ";;1597.47;1;1
137;0.4;50.3009;26;9.72447;38.8686;24.1;108;297.049;270.255;265;360;272;272;309.607;309.607;60;265.792;1;0;;;1597.47;1;1
138;0.4;50.4688;26;9.75691;38.8686;24.1;112;297.063;270.276;265;360;272;272;309.751;309.607;60;265.816;1;0;;;1596.12;1;1
139;0.4;50.4196;26;9.69456;38.9699;24.1;117;296.976;270.305;265;360;272;272;309.751;309.607;60;265.839;1;0;;;1595.05;1;1
140;0.4;50.4051;26;9.727;39.2737;24.1;112;296.832;270.356;265;360;272;272;309.751;309.462;60;265.863;1;0;;;1592.37;1;1
141;0.4;49.9971;26;9.64826;39.375;24.1;105;296.774;270.305;265;360;272;272;309.751;309.462;60;265.881;1;0;;;1592.37;1;1
142;0.4;49.8958;26;9.61129;39.2737;24.1;104;296.586;270.312;265;360;272;272;309.751;309.462;60;265.901;1;0;;;1591.84;1;1
143;0.4;50.1997;25.9;9.29392;39.0712;24.1;104;296.644;270.298;265;360;272;272;309.751;309.462;60;265.918;1;0;;;1590.77;1;1
144;0.4;50.7089;25.9;9.44134;39.1725;24.1;106;296.745;270.284;265;360;272;272;309.751;309.607;60;265.939;1;0;;;1588.64;1;1
145;0.4;50.6568;25.9;9.37856;39.1725;24.1;104;296.803;270.276;265;360;272;272;309.751;309.607;60;265.957;1;0;;;1587.72;1;1
146;0.4;50.7089;25.9;9.37049;39.0394;24.1;105;296.832;270.269;265;360;272;272;309.751;309.462;60;265.973;1;0;;;1587.19;1;1
147;0.4;50.6076;25.9;9.36945;38.9699;24.1;91;295.978;270.32;265;360;272;272;309.607;309.462;60;265.983;1;0;;;1585.16;1;1
148;0.4;50.4022;25.9;9.31381;38.9699;24.1;91;295.877;270.341;265;360;272;272;309.607;309.462;60;265.989;1;0;;;1584.63;1;1
149;0.4;50.7089;25.9;9.37049;38.9699;24;92;295.775;270.327;265;360;272;272;309.607;309.462;60;265.997;1;0;;;1583.03;1;1
150;0.4;50.6105;25.9;9.33463;39.1725;24;92;295.602;270.312;265;360;272;272;309.607;309.317;60;266.001;1;0;;;1583.03;1;1
151;0.4;50.5064;25.9;9.31541;39.0712;24;92;295.66;270.298;265;360;272;272;309.462;309.317;60;266.004;1;0;;;1582.5;1;1
152;0.4;50.6105;25.9;9.31692;38.8657;24;97;295.747;270.291;265;360;272;272;309.462;309.317;60;266.01;1;0;;;1581.43;1;1
153;0.4;50.4051;25.9;9.2791;38.8686;24;92;295.009;270.291;265;360;272;272;309.462;309.462;60;266.018;1;0;;;1581.43;1;1
154;0.4;50.3212;25.8;8.97477;38.9699;24;92;294.994;270.269;265;360;272;272;309.607;309.317;60;266.024;1;0;;;1579.84;1;1
155;0.4;50.5064;25.8;8.9372;38.9699;24;97;294.806;270.312;265;360;272;272;309.751;309.462;60;266.023;1;0;;;1579.3;1;1
156;0.4;50.5006;25.8;8.95381;39.1725;24;97;294.531;270.363;265;360;272;272;309.607;309.462;60;266.021;1;0;;;1578.24;1;1
157;0.4;50.6395;25.8;8.97844;39.0712;24;100;294.01;270.356;265;360;272;272;309.751;309.462;60;266.018;1;0;;;1577.15;1;1
158;0.4;50.9115;25.8;9.00888;39.1725;24;113;293.851;270.341;265;360;272;272;309.607;309.317;60;266.01;1;0;;;1576.2;1;1
159;0.4;50.5064;25.8;8.91955;39.3953;24;112;293.967;270.284;265;360;272;272;309.607;309.462;60;265.998;1;0;;;1575.14;1;1
160;0.4;50.3009;25.8;8.88327;39.3779;24;118;293.996;270.269;265;360;272;272;309.607;309.462;60;265.987;1;0;;;1573.65;1;1
161;0.4;50.3009;25.8;8.93599;39.4792;24;126;293.099;270.298;265;360;272;272;309.607;309.462;60;265.977;1;0;;;1573.3;1;1
162;0.4;50.3009;25.8;8.88327;39.2737;23.9;130;293.012;270.298;265;360;272;272;309.607;309.462;60;265.963;1;0;;;1572.77;1;1
163;0.4;50.4167;25.7;8.54381;39.1725;23.9;130;292.954;270.305;265;360;272;272;309.607;309.462;60;265.951;1;0;;;1571.71;1;1
164;0.4;50.5064;25.7;8.55901;39.0712;23.9;139;292.969;270.32;265;360;272;272;309.751;309.462;60;265.942;1;0;;;1571.71;1;1
165;0.4;50.1997;25.7;8.48949;39.1725;23.9;151;293.027;270.305;265;360;272;272;309.751;309.462;60;265.934;1;0;;;1571.18;1;1
166;0.4;50.0955;25.7;8.45438;39.0712;23.9;152;292.911;270.341;265;360;272;272;309.607;309.462;60;265.924;1;0;;;1568.94;1;1
167;0.4;50.4051;25.7;8.57706;39.1725;23.9;152;292.954;270.327;265;360;272;272;309.607;309.462;60;265.916;1;0;;;1568.78;1;1
168;0.4;50.7089;25.7;8.61105;39.3721;23.9;159;292.839;270.262;265;360;272;272;309.462;309.317;60;265.903;1;0;;;1568.78;1;1
169;0.4;50.5064;25.7;8.54136;39.4792;23.9;166;292.737;270.255;265;360;272;272;309.607;309.317;60;265.892;1;0;;;1566.13;1;1
170;0.4;50.3038;25.7;8.52468;39.2737;23.9;168;292.679;270.298;265;360;272;272;309.607;309.462;60;265.882;1;0;;;1566.13;1;1
171;0.4;50.2546;25.7;8.46368;39.2766;23.9;168;292.781;270.32;265;360;272;272;309.462;309.317;60;265.872;1;0;;;1565.07;1;1
172;0.4;50.3038;25.6;8.14801;39.1725;23.9;173;292.882;270.32;265;360;272;272;309.607;309.317;60;265.865;1;0;;;1562.95;1;1
173;0.4;50.11;25.6;8.13411;39.2737;23.9;177;292.969;270.312;265;360;272;272;309.607;309.317;60;265.861;1;0;;;1561.88;1;1
174;0.4;50.2922;25.6;8.0934;39.1753;23.9;176;293.113;270.349;265;360;272;272;309.607;309.462;60;265.854;1;0;;;1560.92;1;1
175;0.4;50.2807;25.6;8.16182;39.1725;23.9;170;293.027;270.334;265;360;272;272;309.607;309.317;60;265.855;1;0;;;1559.86;1;1
176;0.4;50.1997;25.6;8.14867;39.2737;23.9;174;292.925;270.32;265;360;272;272;309.607;309.462;60;265.853;1;0;;;1558.27;1;1
177;0.4;50.0984;25.6;8.11473;39.375;23.9;171;292.998;270.255;265;360;272;272;309.607;309.462;60;265.848;1;0;;;1557.21;1;1
178;0.4;50.0868;25.6;8.06034;39.2737;23.9;166;293.851;270.255;265;360;272;272;309.607;309.462;60;265.845;1;0;;;1556.15;1;1
179;0.4;50.1013;25.6;8.04517;39.1725;23.9;173;293.895;270.356;265;360;272;272;309.751;309.462;60;265.841;1;0;;;1554.56;1;1
180;0.4;50.1997;25.6;8.11357;39.0712;23.9;170;293.953;270.363;265;360;272;272;309.751;309.462;60;265.845;1;0;;;1554.03;1;1
181;0.4;50.3935;25.6;8.1097;39.0712;23.9;168;293.924;270.305;265;360;272;272;309.751;309.607;60;265.851;1;0;;;1553.97;1;1
182;0.4;50.5064;25.6;8.11021;39.0712;23.9;167;294.242;270.298;265;360;272;272;309.607;309.462;60;265.856;1;0;;;1553.97;1;1
183;0.4;50.3038;25.5;7.78888;39.1898;23.9;162;294.184;270.312;265;360;272;272;309.607;309.462;60;265.862;1;0;;;1551.33;1;1
184;0.4;50.5903;25.5;7.83323;39.2737;23.9;157;294.083;270.298;265;360;272;272;309.607;309.462;60;265.866;1;0;;;1550.8;1;1
185;0.4;50.2662;25.5;7.71281;39.1811;23.9;150;294.155;270.291;265;360;272;272;309.751;309.462;60;265.869;1;0;;;1550.8;1;1
186;0.4;50.3038;25.5;7.78888;39.2737;23.9;143;294.907;270.139;265;360;272;272;309.607;309.462;60;265.87;1;0;;;1547.63;1;1
187;0.4;50.3009;25.5;7.75329;39.1725;23.9;145;295.009;270.175;265;360;272;272;309.607;309.607;60;265.869;1;0;;;1547.63;1;1
188;0.4;50.8854;25.5;7.8256;39.4387;23.9;143;294.951;270.197;265;360;272;272;309.751;309.462;60;265.869;1;0;;;1547.1;1;1
189;0.4;51.4959;25.5;7.99145;39.8843;23.9;137;294.835;270.211;265;360;272;272;309.607;309.317;60;265.865;1;0;;;1545.52;1;1
190;0.4;51.7274;25.5;7.99123;39.8843;23.9;135;294.734;270.204;265;360;272;272;309.607;309.462;60;265.868;1;0;;;1545.52;1;1
191;0.4;51.5741;25.5;7.94953;39.9855;24;135;295.356;270.204;265;360;272;272;309.607;309.317;60;265.869;1;0;;;1543.29;1;1
192;0.4;51.5249;25.5;7.92394;39.8872;24;135;295.341;270.218;265;360;272;272;309.607;309.462;60;265.872;1;0;;;1542.76;1;1
193;0.4;51.7274;25.5;7.95509;39.8843;24;126;295.443;270.211;265;360;272;272;309.607;309.462;60;265.87;1;0;;;1541.62;1;1
194;0.4;51.93;25.5;7.98624;39.6817;24;122;295.515;270.197;265;360;272;272;309.607;309.462;60;265.864;1;0;;;1541.09;1;1
195;0.4;51.5249;25.5;7.92394;39.6817;24;119;295.631;270.182;265;360;272;272;309.462;309.462;60;265.857;1;0;;;1538.99;1;1
196;0.4;51.7274;25.5;7.95509;39.6817;24;121;295.631;270.197;265;360;272;272;309.607;309.462;60;265.851;1;0;;;1537.93;1;1
197;0.4;51.9329;25.5;7.91412;39.6788;24;121;295.182;269.929;265;360;272;272;309.607;309.462;60;265.845;1;0;;;1536.88;1;1
198;0.4;51.93;25.5;7.98624;39.5804;24;119;295.081;269.915;265;360;272;272;309.607;309.317;60;265.84;1;0;;;1534.77;1;1
199;0.4;51.8287;25.5;7.93446;39.5804;24;122;295.023;269.915;265;360;272;272;309.607;309.317;60;265.839;1;0;;;1534.77;1;1
200;0.4;51.7274;25.5;7.93702;39.6817;24;120;295.067;269.922;265;360;272;272;309.607;309.462;60;265.841;1;0;;;1533.82;1;1
201;0.4;51.7274;25.5;7.88281;39.783;24;120;295.11;269.922;265;360;272;272;309.607;309.462;60;265.844;1;0;;;1533.29;1;1
202;0.4;52.0284;25.5;7.9832;39.8409;24;118;295.009;270.168;265;360;272;272;309.607;309.462;60;265.843;1;0;;;1532.77;1;1
203;0.4;51.8287;25.5;7.95256;39.9855;24;122;294.951;270.182;265;360;272;272;309.607;309.462;60;265.841;1;0;;;1531.19;1;1
204;0.4;51.6551;25.5;7.90788;39.8843;24;131;294.864;270.204;265;360;272;272;309.607;309.462;60;265.842;1;0;;;1530.66;1;1
205;0.4;52.2367;25.5;8.03341;39.4763;24;136;294.748;270.226;265;360;272;272;309.607;309.462;60;265.84;1;0;;;1528.44;1;1
206;0.4;52.0341;25.5;8.00226;39.5804;24;136;294.763;270.211;265;360;272;272;309.607;309.462;60;265.835;1;0;;;1527.91;1;1
207;0.4;51.8258;25.5;7.91591;39.6817;24;136;294.864;270.24;265;360;272;272;309.607;309.462;60;265.832;1;0;;;1526.33;1;1
208;0.4;51.441;25.5;7.83916;39.3721;24;136;294.98;270.334;265;360;272;272;309.607;309.462;60;265.828;1;0;;;1526.16;1;1
209;0.4;51.3194;25.5;7.83857;39.5689;24;138;294.994;270.32;265;360;272;272;309.607;309.462;60;265.825;1;0;;;1525.64;1;1
210;0.4;51.5567;25.5;7.82075;39.8177;24;139;294.878;270.305;265;360;272;272;309.607;309.607;60;265.823;1;0;;;1524.71;1;1
211;0.4;51.6262;25.5;7.86738;39.9855;24;140;294.777;270.305;265;360;272;272;309.607;309.462;60;265.826;1;0;;;1523.69;1;1
212;0.4;51.6233;25.5;7.83085;40.0174;24;139;294.734;270.298;265;360;272;272;309.607;309.317;60;265.829;1;0;;;1522.64;1;1
213;0.4;51.7274;25.5;7.84665;40.0116;24;139;294.85;270.269;265;360;272;272;309.607;309.462;60;265.834;1;0;;;1522.3;1;1
214;0.4;51.8895;25.5;7.90751;39.9826;24;138;294.98;270.276;265;360;272;272;309.607;309.317;60;265.841;1;0;;;1519.67;1;1
215;0.4;51.93;25.5;7.93182;40.0897;24;137;294.994;270.349;265;360;272;272;309.607;309.462;60;265.854;1;0;;;1519.15;1;1
216;0.4;51.8287;25.5;7.88011;39.9855;24;137;294.893;270.349;265;360;272;272;309.607;309.462;60;265.871;1;0;;;1518.62;1;1
217;0.4;51.9329;25.5;7.89595;39.9855;24;139;294.777;270.312;265;360;272;272;309.607;309.462;60;265.885;1;0;;;1517.58;1;1
218;0.4;52.338;25.5;7.95754;39.8843;24;135;294.777;270.32;265;360;272;272;309.607;309.462;60;265.898;1;0;;;1517.05;1;1
219;0.4;52.0341;25.5;7.89317;39.783;24;126;294.835;270.298;265;360;272;272;309.607;309.462;60;265.909;1;0;;;1516;1;1
220;0.4;51.8287;25.5;7.88011;39.8843;24;126;294.951;270.284;265;360;272;272;309.607;309.462;60;265.919;1;0;;;1514.43;1;1
221;0.4;51.8287;25.5;7.91635;39.8814;24;126;295.009;270.284;265;360;272;272;309.607;309.462;60;265.928;1;0;;;1513.91;1;1
222;0.4;51.849;25.4;7.54929;39.783;24;123;294.835;270.32;265;360;272;272;309.751;309.607;60;265.936;1;0;;;1513.38;1;1
223;0.4;51.9329;25.4;7.52522;39.8843;24;121;294.734;270.356;265;360;272;272;309.607;309.462;60;265.942;1;0;;;1511.29;1;1
224;0.4;52.0255;25.4;7.55681;40.191;24;120;294.719;270.341;265;360;272;272;309.607;309.462;60;265.944;1;0;"KHP7025     ";;1511.29;1;1
225;0.4;52.1181;25.4;7.55205;40.191;24;113;294.821;270.327;265;360;272;272;309.751;309.462;60;265.95;1;0;;;1508.39;1;1
226;0.4;52.1441;25.4;7.53761;40.1157;24;109;294.198;270.32;265;360;272;272;309.607;309.462;60;265.952;1;0;;;1508.39;1;1
227;0.4;52.0341;25.4;7.52172;40.0897;24;106;294.198;270.262;265;360;272;272;309.607;309.317;60;265.958;1;0;;;1507.87;1;1
228;0.4;51.901;25.4;7.48434;39.8843;24;112;294.184;270.298;265;360;272;272;309.607;309.462;60;265.962;1;0;;;1506.82;1;1
229;0.4;51.8258;25.4;7.4735;39.783;24;110;294.112;270.305;265;360;272;272;309.607;309.462;60;265.957;1;0;;;1506.58;1;1
230;0.4;51.9965;25.4;7.53444;39.4965;24;116;293.996;270.349;265;360;272;272;309.607;309.462;60;265.957;1;0;;;1503.44;1;1
231;0.4;52.1354;25.4;7.53636;39.6615;24;109;293.924;270.37;265;360;272;272;309.607;309.462;60;265.95;1;0;;;1502.4;1;1
232;0.4;52.0341;25.4;7.53989;39.8843;24;108;293.967;270.356;265;360;272;272;309.607;309.462;60;265.945;1;0;;;1501.51;1;1
233;0.4;51.8287;25.4;7.47391;39.974;24.1;108;294.068;270.334;265;360;272;272;309.751;309.462;60;265.931;1;0;;;1500.99;1;1
234;0.4;51.5249;25.4;7.4661;40.0897;24.1;106;293.837;270.32;265;360;272;272;309.607;309.317;60;265.917;1;0;;;1500.44;1;1
235;0.4;51.6348;25.4;7.46399;39.9884;24.1;106;293.924;270.305;265;360;272;272;309.751;309.317;60;265.901;1;0;;;1498.92;1;1
236;0.4;51.6262;25.4;7.46274;39.8843;24.1;117;293.981;270.255;265;360;272;272;309.462;309.462;60;265.887;1;0;;;1497.87;1;1
237;0.4;51.6262;25.4;7.51685;39.7193;24.1;124;293.837;270.305;265;360;272;272;309.462;309.462;60;265.866;1;0;;;1497.35;1;1
238;0.4;51.7274;25.4;7.47738;39.8843;24.1;125;293.649;270.349;265;360;272;272;309.751;309.317;60;265.849;1;0;;;1496.83;1;1
239;0.4;51.6262;25.4;7.44471;40.0694;24.1;124;293.764;270.363;265;360;272;272;309.607;309.317;60;265.832;1;0;;;1496.31;1;1
240;0.4;51.7274;25.4;7.47738;40.0897;24.1;133;293.244;270.349;265;360;272;272;309.607;309.317;60;265.813;1;0;;;1495.26;1;1
241;0.4;51.8287;25.4;7.49202;40.1678;24.1;136;293.316;270.334;265;360;272;272;309.462;309.317;60;265.788;1;0;;;1494.74;1;1
242;0.4;51.8547;25.4;7.45955;40.0897;24.1;140;293.287;270.32;265;360;272;272;309.607;309.462;60;265.768;1;0;;;1492.66;1;1
243;0.4;51.8721;25.4;7.53453;40.1302;24.1;142;293.229;270.305;265;360;272;272;309.607;309.317;60;265.747;1;0;"KHP7025     ";;1491.74;1;1
244;0.4;51.93;25.4;7.48852;40.2922;24.1;158;293.157;270.291;265;360;272;272;309.607;309.317;60;265.721;1;0;"KHP7025     ";;1491.08;1;1
245;0.4;51.93;25.4;7.5248;40.0897;24.1;165;293.099;270.262;265;360;272;272;309.462;309.317;60;265.696;1;0;;;1489;1;1
246;0.4;51.8953;25.4;7.51977;39.9855;24.1;168;293.07;270.349;265;360;272;272;309.462;309.172;60;265.668;1;0;;;1489;1;1
247;0.4;51.739;25.4;7.47905;39.5804;24.1;170;293.113;270.363;265;360;272;272;309.462;309.317;60;265.643;1;0;;;1487.44;1;1
248;0.4;51.93;25.4;7.50666;39.7946;24.1;179;293.258;270.312;265;360;272;272;309.607;309.317;60;265.615;1;0;;;1486.92;1;1
249;0.4;52.1036;25.4;7.51355;39.8843;24.1;181;293.692;270.312;265;360;272;272;309.607;309.317;60;265.591;1;0;;;1486.4;1;1
250;0.4;52.338;25.4;7.58392;40.191;24.1;180;293.649;270.305;265;360;272;272;309.462;309.317;60;265.569;1;0;;;1485.29;1;1
251;0.4;52.1325;25.4;7.55415;39.9855;24.1;182;293.287;270.312;265;360;272;272;309.607;309.317;60;265.55;1;0;;;1484.77;1;1
252;0.4;51.8287;25.4;7.51013;39.8843;24.1;189;293.244;270.298;265;360;272;272;309.607;309.462;60;265.527;1;0;;;1481.66;1;1
253;0.4;51.8287;25.4;7.54634;39.8843;24.1;199;293.475;270.298;265;360;272;272;309.462;309.317;60;265.512;1;0;;;1481.14;1;1
254;0.4;51.6377;25.4;7.48245;39.8061;24.1;206;293.692;270.334;265;360;272;272;309.462;309.317;60;265.499;1;0;;;1481.14;1;1
255;0.4;51.4236;25.4;7.46939;39.9855;24.1;208;293.866;270.349;265;360;272;272;309.462;309.317;60;265.488;1;0;;;1480.1;1;1
256;0.4;51.6262;25.4;7.48078;40.0868;24.2;211;293.866;270.356;265;360;272;272;309.607;309.317;60;265.478;1;0;;;1479.25;1;1
257;0.4;51.6262;25.4;7.49881;40.3733;24.2;210;293.938;270.341;265;360;272;272;309.462;309.317;60;265.469;1;0;;;1478.21;1;1
258;0.4;51.8287;25.4;7.54634;40.191;24.2;211;294.416;270.327;265;360;272;272;309.607;309.317;60;265.45;1;0;;;1478.21;1;1
259;0.4;51.8287;25.4;7.52823;40.2922;24.2;216;294.473;270.298;265;360;272;272;309.607;309.317;60;265.433;1;0;;;1477.88;1;1
260;0.4;51.7274;25.4;7.51352;40.3906;24.2;215;294.719;270.284;265;360;272;272;309.607;309.317;60;265.418;1;0;;;1476.32;1;1
261;0.4;51.875;25.4;7.57123;40.0868;24.2;210;294.806;270.276;265;360;272;272;309.607;309.462;60;265.401;1;0;;;1474.76;1;1
262;0.4;51.93;25.4;7.59739;39.8843;24.2;203;295.645;270.291;265;360;272;272;309.607;309.317;60;265.38;1;0;;;1472.87;1;1
263;0.4;52.338;25.4;7.65708;40.191;24.2;209;295.645;270.327;265;360;272;272;309.462;309.462;60;265.354;1;0;;;1472.87;1;1
264;0.4;52.3409;25.4;7.58434;40.0897;24.3;202;295.718;270.341;265;360;272;272;309.607;309.317;60;265.334;1;0;;;1472.87;1;1
265;0.4;51.8287;25.4;7.54634;40.0897;24.3;197;295.935;270.327;265;360;272;272;309.607;309.317;60;265.307;1;0;;;1469.76;1;1
266;0.4;51.5249;25.4;7.52012;39.9855;24.3;197;295.79;270.312;265;360;272;272;309.462;309.317;60;265.283;1;0;;;1469.76;1;1
267;0.4;51.6233;25.4;7.51642;39.6817;24.3;198;296.412;270.298;265;360;272;272;309.607;309.317;60;265.252;1;0;;;1467.69;1;1
268;0.4;51.4294;25.4;7.56009;39.783;24.3;202;296.513;270.276;265;360;272;272;309.607;309.317;60;265.219;1;0;;;1467.69;1;1
269;0.4;51.6262;25.4;7.48078;39.9855;24.3;201;296.615;270.276;265;360;272;272;309.607;309.317;60;265.186;1;0;;;1467.17;1;1
270;0.4;51.93;25.4;7.61553;40.0897;24.4;202;297.063;270.32;265;360;272;272;309.462;309.317;60;265.153;1;0;;;1465.1;1;1
271;0.4;52.338;25.4;7.65708;39.9855;24.4;201;297.02;270.349;265;360;272;272;309.607;309.317;60;265.125;1;0;;;1464.58;1;1
272;0.4;52.1354;25.4;7.60923;39.783;24.4;199;296.904;270.334;265;360;272;272;309.607;309.462;60;265.09;1;0;;;1463.45;1;1
273;0.4;52.2367;25.4;7.69701;39.9855;24.4;201;297.41;270.32;265;360;272;272;309.607;309.317;60;265.06;1;0;;;1462.17;1;1
274;0.4;52.1354;25.5;7.99962;40.0868;24.4;205;297.338;270.305;265;360;272;272;309.607;309.462;60;265.031;1;0;;;1461.69;1;1
275;0.4;51.93;25.5;7.94996;39.9855;24.4;208;297.772;270.291;265;360;272;272;309.607;309.462;60;265.008;1;0;;;1461.11;1;1
276;0.4;51.8287;25.5;7.95256;39.783;24.5;214;297.931;270.284;265;360;272;272;309.607;309.317;60;264.978;1;0;;;1459.04;1;1
277;0.4;52.2309;25.5;8.03252;39.7512;24.5;215;298.047;270.276;265;360;272;272;309.607;309.317;60;264.955;1;0;;;1459.04;1;1
278;0.4;52.1383;25.5;8.01828;39.8553;24.5;215;298.466;269.907;265;360;272;272;309.607;309.317;60;264.928;1;0;;;1456.46;1;1
279;0.4;52.0081;25.5;7.96192;39.9103;24.5;222;298.539;269.915;265;360;272;272;309.607;309.317;60;264.902;1;0;;;1455.43;1;1
280;0.4;51.9502;25.5;8.00751;40.0868;24.5;218;298.438;269.922;265;360;272;272;309.607;309.317;60;264.873;1;0;;;1454.91;1;1
281;0.4;52.0341;25.5;7.98409;40.0868;24.5;215;298.828;270.211;265;360;272;272;309.462;309.317;60;264.842;1;0;;;1453.88;1;1
282;0.4;52.1354;25.6;8.3718;39.8843;24.5;217;298.9;270.204;265;360;272;272;309.462;309.317;60;264.815;1;0;;;1452.85;1;1
283;0.4;51.93;25.6;8.33881;39.783;24.6;218;299.031;270.19;265;360;272;272;309.462;309.317;60;264.79;1;0;;;1450.79;1;1
284;0.4;51.6262;25.6;8.30806;39.7946;24.6;228;299.363;269.944;265;360;272;272;309.462;309.317;60;264.769;1;0;;;1450.75;1;1
285;0.4;51.7274;25.6;8.3605;39.8409;24.6;229;299.421;269.929;265;360;272;272;309.607;309.317;60;264.75;1;0;;;1450.23;1;1
286;0.4;51.93;25.6;8.4114;39.8843;24.6;231;300.116;269.922;265;360;272;272;309.462;309.317;60;264.734;1;0;;;1448.69;1;1
287;0.4;52.0341;25.6;8.3919;39.8843;24.6;238;300.058;269.915;265;360;272;272;309.462;309.317;60;264.718;1;0;;;1448.17;1;1
288;0.4;51.8287;25.6;8.37687;39.9855;24.6;235;299.942;269.915;265;360;272;272;309.462;309.317;60;264.708;1;0;;;1447.14;1;1
289;0.4;51.8287;25.7;8.71065;40.2922;24.6;233;300.246;269.907;265;360;272;272;309.462;309.317;60;264.701;1;0;;;1446.57;1;1
290;0.4;51.93;25.7;8.67324;40.1881;24.6;233;300.203;269.9;265;360;272;272;309.462;309.317;60;264.698;1;0;;;1444.62;1;1
291;0.4;51.93;25.7;8.74583;40.0868;24.7;231;300.911;269.893;265;360;272;272;309.462;309.317;60;264.698;1;0;;;1444.11;1;1
292;0.4;52.1065;25.7;8.75733;39.8843;24.7;231;301.042;269.886;265;360;272;272;309.607;309.462;60;264.698;1;0;;;1444.11;1;1
293;0.4;52.2396;25.7;8.7797;39.8843;24.7;226;301.157;269.878;265;360;272;272;309.607;309.317;60;264.698;1;0;;;1443.08;1;1
294;0.4;52.3322;25.7;8.85014;39.8843;24.7;224;301.432;269.763;265;360;272;272;309.607;309.317;60;264.698;1;0;;;1442.57;1;1
295;0.4;51.7274;25.8;9.02675;39.7859;24.7;215;301.447;269.792;265;360;272;272;309.607;309.462;60;264.698;1;0;;;1439.62;1;1
296;0.4;51.8316;25.8;9.04492;39.783;24.7;211;301.924;269.828;265;360;272;272;309.607;309.317;60;264.692;1;0;;;1438.6;1;1
297;0.4;51.93;25.8;9.08026;39.783;24.7;209;301.91;269.821;265;360;272;272;309.607;309.317;60;264.681;1;0;;;1438.08;1;1
298;0.4;52.0197;25.8;9.11412;39.9479;24.8;207;302.04;269.806;265;360;272;272;309.462;309.317;60;264.678;1;0;;;1437.05;1;1
299;0.4;51.7303;25.8;9.08149;39.783;24.8;202;302.995;269.777;265;360;272;272;309.607;309.317;60;264.669;1;0;;;1436.54;1;1
300;0.4;51.9329;25.8;9.08076;39.6817;24.8;201;302.517;269.777;265;360;272;272;309.462;309.317;60;264.658;1;0;;;1436.54;1;1
301;0.4;52.1354;25.9;9.48836;39.8843;24.8;194;302.459;269.763;265;360;272;272;309.462;309.317;60;264.646;1;0;;;1434.06;1;1
302;0.4;51.5249;25.9;9.34125;39.9855;24.8;187;303.009;269.799;265;360;272;272;309.462;309.317;60;264.63;1;0;;;1434.06;1;1
303;0.4;52.0226;25.9;9.486;40.0492;24.8;183;302.922;269.835;265;360;272;272;309.462;309.317;60;264.615;1;0;;;1433.55;1;1
304;0.4;51.8316;25.9;9.43307;39.9826;24.8;182;302.937;269.835;265;360;272;272;309.462;309.172;60;264.597;1;0;;;1431.54;1;1
305;0.4;51.5654;25.9;9.43866;39.9884;24.9;183;303.139;269.813;265;360;272;272;309.462;309.172;60;264.577;1;0;;;1430.14;1;1
306;0.4;51.7274;25.9;9.46832;40.0694;24.9;182;303.212;269.589;265;360;272;272;309.462;309.172;60;264.56;1;0;;;1429.12;1;1
307;0.4;51.9329;26;9.82223;40.0868;24.9;183;303.921;269.553;265;360;272;272;309.462;309.172;60;264.542;1;0;;;1427.58;1;1
308;0.4;51.8287;26;9.83874;40.0897;24.9;186;303.385;269.401;265;360;272;272;309.317;309.172;60;264.526;1;0;;;1426.04;1;1
309;0.4;51.522;26;9.76252;39.9884;24.9;193;303.776;269.582;265;360;272;272;309.462;309.172;60;264.511;1;0;;;1424.51;1;1
310;0.4;51.6262;26;9.78226;40.0087;24.9;186;303.747;269.604;265;360;272;272;309.317;309.172;60;264.503;1;0;;;1423.99;1;1
311;0.4;51.6291;26;9.83691;40.0897;24.9;185;303.848;269.553;265;360;272;272;309.317;309.172;60;264.503;1;0;;;1423.44;1;1
312;0.4;51.9271;26.1;10.21;40.2054;24.9;186;303.979;269.546;265;360;272;272;309.462;309.172;60;264.508;1;0;;;1422.93;1;1
313;0.4;52.0544;26.1;10.2532;40.0897;25;200;304.022;269.604;265;360;272;272;309.462;309.172;60;264.514;1;0;;;1422.42;1;1
314;0.4;52.1817;26.1;10.2783;39.8843;25;201;303.979;269.596;265;360;272;272;309.462;309.317;60;264.52;1;0;;;1421.18;1;1
315;0.4;51.93;26.1;10.1924;39.9855;25;201;303.906;269.553;265;360;272;272;309.462;309.172;60;264.535;1;0;;;1420.67;1;1
316;0.4;52.1354;26.1;10.3056;40.0897;25;205;303.834;269.553;265;360;272;272;309.462;309.317;60;264.541;1;0;;;1419.64;1;1
317;0.4;52.1354;26.1;10.2874;40.2228;25;203;303.226;269.437;265;360;272;272;309.462;309.317;60;264.553;1;0;;;1418.62;1;1
318;0.4;51.82;26.1;10.2614;40.2922;25;192;303.255;269.452;265;360;272;272;309.462;309.317;60;264.562;1;0;;;1417.6;1;1
319;0.4;51.6175;26.2;10.5717;40.1881;25;191;303.356;269.459;265;360;272;272;309.462;309.317;60;264.577;1;0;;;1416.58;1;1
320;0.4;51.6291;26.2;10.556;40.191;25;196;303.443;269.452;265;360;272;272;309.462;309.317;60;264.588;1;0;;;1416.07;1;1
321;0.4;52.1354;26.2;10.6413;40.0897;25;196;303.487;269.452;265;360;272;272;309.607;309.317;60;264.601;1;0;;;1415.05;1;1
322;0.4;52.2367;26.2;10.662;39.9855;25;189;303.458;269.466;265;360;272;272;309.607;309.462;60;264.609;1;0;;;1414.54;1;1
323;0.4;51.8287;26.2;10.615;39.8785;25;186;303.356;269.459;265;360;272;272;309.607;309.317;60;264.619;1;0;;;1413.63;1;1
324;0.4;51.8808;26.2;10.6256;39.8843;25;183;303.284;269.437;265;360;272;272;309.607;309.317;60;264.617;1;0;;;1411.74;1;1
325;0.4;52.0312;26.2;10.6564;40.0868;25.1;181;303.197;269.444;265;360;272;272;309.607;309.462;60;264.621;1;0;;;1411.23;1;1
326;0.4;51.93;26.2;10.6176;39.9855;25.1;182;302.951;269.43;265;360;272;272;309.607;309.317;60;264.626;1;0;;;1410.22;1;1
327;0.4;52.4421;26.3;11.0966;40.0897;25.1;181;303.082;269.444;265;360;272;272;309.607;309.462;60;264.632;1;0;"KHP7025     ";;1409.2;1;1
328;0.4;52.6447;26.3;11.1395;40.1881;25.1;183;303.197;269.444;265;360;272;272;309.607;309.317;60;264.633;1;0;;;1409.2;1;1
329;0.4;51.93;26.3;11.0427;40.1505;25.1;183;303.168;269.43;265;360;272;272;309.607;309.317;60;264.635;1;0;;;1408.69;1;1
330;0.4;51.7274;26.3;10.9996;40.0897;25.1;183;303.067;269.43;265;360;272;272;309.607;309.317;60;264.632;1;0;;;1406.14;1;1
331;0.4;51.9329;26.3;11.007;40.2431;25.1;183;302.951;269.459;265;360;272;272;309.462;309.317;60;264.628;1;0;;;1406.14;1;1
332;0.4;52.1354;26.3;11.1046;40.0868;25.1;182;302.922;269.56;265;360;272;272;309.462;309.317;60;264.619;1;0;;;1404.47;1;1
333;0.4;52.1325;26.3;11.0858;40.191;25.1;183;302.966;269.502;265;360;272;272;309.462;309.317;60;264.612;1;0;;;1404.47;1;1
334;0.4;51.8287;26.3;11.0574;40.4977;25.1;181;303.139;269.488;265;360;272;272;309.462;309.317;60;264.6;1;0;;;1403.46;1;1
335;0.4;51.522;26.4;11.3057;40.5961;25.1;181;303.154;269.444;265;360;272;272;309.462;309.317;60;264.584;1;0;;;1401.87;1;1
336;0.4;51.7708;26.4;11.3784;40.3906;25.2;181;303.053;269.495;265;360;272;272;309.462;309.317;60;264.562;1;0;;;1400.85;1;1
337;0.4;51.5249;26.4;11.2704;40.191;25.2;183;302.966;269.473;265;360;272;272;309.462;309.317;60;264.542;1;0;;;1399.83;1;1
338;0.4;51.7274;26.4;11.3147;40.1765;25.2;183;302.922;269.473;265;360;272;272;309.462;309.317;60;264.522;1;0;;;1398.21;1;1
339;0.4;51.9329;26.4;11.4866;40.191;25.2;185;302.3;269.473;265;360;272;272;309.462;309.317;60;264.5;1;0;;;1397.7;1;1
340;0.4;51.93;26.4;11.3953;40.0868;25.2;192;302.387;269.51;265;360;272;272;309.462;309.317;60;264.484;1;0;;;1396.56;1;1
341;0.4;52.1354;26.4;11.495;39.8814;25.2;209;302.416;269.546;265;360;272;272;309.607;309.317;60;264.464;1;0;;;1394.53;1;1
342;0.4;52.1354;26.4;11.495;39.783;25.2;213;302.344;269.582;265;360;272;272;309.607;309.317;60;264.445;1;0;;;1393.01;1;1
343;0.4;51.8316;26.4;11.4823;39.8843;25.2;210;302.185;269.589;265;360;272;272;309.607;309.462;60;264.43;1;0;;;1393.01;1;1
344;0.4;51.8287;26.4;11.4636;39.9884;25.2;217;302.141;269.575;265;360;272;272;309.607;309.317;60;264.412;1;0;;;1392.5;1;1
345;0.4;52.1354;26.4;11.5679;39.8843;25.2;217;302.214;269.582;265;360;272;272;309.462;309.317;60;264.394;1;0;;;1392.47;1;1
346;0.4;52.0341;26.5;11.8623;39.783;25.2;219;302.445;269.589;265;360;272;272;309.607;309.317;60;264.376;1;0;;;1389.93;1;1
347;0.4;52.1094;26.5;11.8977;39.8843;25.2;227;302.546;269.582;265;360;272;272;309.607;309.462;60;264.356;1;0;;;1388.92;1;1
348;0.4;52.3119;26.5;11.9074;39.945;25.2;232;302.517;269.604;265;360;272;272;309.462;309.317;60;264.339;1;0;;;1388.41;1;1
349;0.4;52.0341;26.5;11.8623;40.0839;25.2;239;302.445;269.611;265;360;272;272;309.607;309.317;60;264.324;1;0;;;1387.3;1;1
350;0.4;52.1354;26.5;11.9583;39.8843;25.3;243;302.474;269.56;265;360;272;272;309.462;309.317;60;264.31;1;0;;;1386.79;1;1
351;0.4;52.4392;26.5;12.0096;40.0868;25.3;246;302.3;269.596;265;360;272;272;309.607;309.317;60;264.298;1;0;;;1385.27;1;1
352;0.4;51.9329;26.5;11.9118;40.217;25.3;250;302.922;269.596;265;360;272;272;309.462;309.462;60;264.294;1;0;;;1384.26;1;1
353;0.4;51.93;26.5;11.893;39.9855;25.3;253;303.009;269.596;265;360;272;272;309.607;309.317;60;264.293;1;0;;;1384.26;1;1
354;0.4;52.4421;26.5;12.0286;39.8843;25.3;257;303.154;269.596;265;360;272;272;309.607;309.317;60;264.29;1;0;;;1383.25;1;1
355;0.4;52.0341;26.5;11.9532;39.783;25.3;255;303.212;269.596;265;360;272;272;309.607;309.317;60;264.292;1;0;;;1382.47;1;1
356;0.4;52.5434;26.5;12.0519;39.9855;25.3;253;303.617;269.589;265;360;272;272;309.607;309.317;60;264.29;1;0;;;1381.45;1;1
357;0.4;52.338;26.6;12.3418;40.1823;25.3;246;303.458;269.633;265;360;272;272;309.607;309.317;60;264.291;1;0;;;1380.12;1;1
358;0.4;52.1354;26.6;12.3487;40.1302;25.3;245;303.414;269.647;265;360;272;272;309.607;309.317;60;264.292;1;0;;;1379.69;1;1
359;0.4;52.1354;26.6;12.3487;39.9855;25.3;245;304.022;269.546;265;360;272;272;309.607;309.317;60;264.293;1;0;;;1376.66;1;1
360;0.4;52.3843;26.6;12.4259;39.9855;25.3;243;304.036;269.553;265;360;272;272;309.462;309.172;60;264.291;1;0;"KHP7025     ";;1374.84;1;1
361;0.4;52.7257;26.6;12.5069;40.191;25.4;231;304.152;269.517;265;360;272;272;309.462;309.317;60;264.288;1;0;;;1373.83;1;1
362;0.4;52.7488;26.6;12.4755;40.0521;25.4;232;304.181;269.669;265;360;272;272;309.462;309.317;60;264.281;1;0;;;1372.82;1;1
363;0.4;52.1354;26.6;12.3851;40.0897;25.4;231;304.76;269.488;265;360;272;272;309.462;309.172;60;264.272;1;0;;;1372.32;1;1
364;0.4;52.0312;26.6;12.3785;39.9855;25.4;230;304.716;269.256;265;360;272;272;309.607;309.317;60;264.264;1;0;;;1371.31;1;1
365;0.4;51.5249;26.7;12.5899;39.9826;25.4;223;304.688;269.249;265;360;272;272;309.607;309.317;60;264.258;1;0;;;1370.3;1;1
366;0.4;51.9329;26.7;12.7622;39.9855;25.4;225;304.485;269.256;265;360;272;272;309.607;309.462;60;264.263;1;0;;;1369.8;1;1
367;0.4;52.3438;26.7;12.8448;40.2922;25.4;223;305.02;269.3;265;360;272;272;309.607;309.462;60;264.267;1;0;;;1369.29;1;1
368;0.4;52.5434;26.7;12.8204;40.2922;25.5;219;305.194;269.321;265;360;272;272;309.607;309.317;60;264.272;1;0;;;1367.28;1;1
369;0.4;52.1354;26.7;12.8119;40.3935;25.5;217;305.266;269.3;265;360;272;272;309.607;309.317;60;264.286;1;0;;;1366.44;1;1
370;0.4;52.1354;26.7;12.7937;40.2922;25.5;218;305.179;269.285;265;360;272;272;309.607;309.462;60;264.302;1;0;;;1366.02;1;1
371;0.4;52.3409;26.7;12.899;40.2807;25.5;214;305.078;269.271;265;360;272;272;309.462;309.317;60;264.322;1;0;;;1365.41;1;1
372;0.4;52.0341;26.8;13.0858;40.2922;25.5;211;304.991;269.256;265;360;272;272;309.607;309.462;60;264.341;1;0;;;1363.9;1;1
373;0.4;51.8287;26.8;13.0341;40.2546;25.5;211;304.977;269.235;265;360;272;272;309.607;309.317;60;264.359;1;0;;;1363.4;1;1
374;0.4;52.037;26.8;13.1774;39.9855;25.5;205;305.15;269.321;265;360;272;272;309.462;309.317;60;264.381;1;0;;;1362.22;1;1
375;0.4;52.4334;26.8;13.2778;40.0897;25.5;201;305.888;269.314;265;360;272;272;309.462;309.317;60;264.405;1;0;;;1362.22;1;1
376;0.4;52.1036;26.8;13.1579;40.0897;25.6;201;305.917;269.293;265;360;272;272;309.462;309.317;60;264.431;1;0;;;1360.24;1;1
377;0.4;51.794;26.8;13.152;40.191;25.6;192;305.802;269.271;265;360;272;272;309.462;309.317;60;264.459;1;0;;;1359.74;1;1
378;0.4;51.8258;26.9;13.4758;40.191;25.6;182;305.744;269.249;265;360;272;272;309.462;309.172;60;264.483;1;0;;;1357.73;1;1
379;0.4;52.1354;26.9;13.5199;40.3935;25.6;178;305.715;269.242;265;360;272;272;309.317;309.172;60;264.508;1;0;;;1357.73;1;1
380;0.4;52.0341;26.9;13.5481;40.2922;25.6;169;305.454;269.271;265;360;272;272;309.462;309.172;60;264.53;1;0;;;1356.99;1;1
381;0.4;51.8287;26.9;13.4946;40.1707;25.6;166;305.686;269.329;265;360;272;272;309.462;309.172;60;264.549;1;0;;;1355.8;1;1
382;0.4;51.9329;26.9;13.5036;39.8843;25.6;157;305.787;269.307;265;360;272;272;309.462;309.172;60;264.566;1;0;;;1355.3;1;1
383;0.4;51.93;26.9;13.4847;39.8843;25.6;148;305.888;269.285;265;360;272;272;309.462;309.172;60;264.581;1;0;;;1353.79;1;1
384;0.4;51.9329;26.9;13.5218;39.6817;25.6;148;305.932;269.278;265;360;272;272;309.317;309.172;60;264.594;1;0;;;1352.88;1;1
385;0.4;52.1354;27;13.9467;39.6817;25.6;145;305.888;269.264;265;360;272;272;309.317;309.172;60;264.606;1;0;;;1351.88;1;1
386;0.4;52.5839;27;14.0483;39.9884;25.6;140;305.165;269.249;265;360;272;272;309.317;309.172;60;264.616;1;0;;;1350.86;1;1
387;0.4;52.2367;27;13.9738;40.0868;25.6;143;305.064;269.271;265;360;272;272;309.317;309.172;60;264.628;1;0;;;1350.57;1;1
388;0.4;52.0978;27;13.973;39.9855;25.6;141;304.977;269.321;265;360;272;272;309.462;309.172;60;264.649;1;0;;;1348.56;1;1
389;0.4;52.1354;27;13.9831;39.9855;25.6;143;304.499;269.314;265;360;272;272;309.462;309.317;60;264.666;1;0;;;1347.48;1;1
390;0.4;52.037;27;13.9749;40.055;25.6;139;304.514;269.293;265;360;272;272;309.462;309.317;60;264.681;1;0;;;1345.98;1;1
391;0.4;51.9329;27;13.8744;40.0868;25.6;141;304.167;269.264;265;360;272;272;309.462;309.317;60;264.695;1;0;;;1345.48;1;1
392;0.4;51.9329;27;13.8925;40.0897;25.6;143;304.239;269.256;265;360;272;272;309.462;309.317;60;264.713;1;0;;;1344.98;1;1
393;0.4;52.0139;27.1;14.2673;39.8843;25.6;147;303.617;269.256;265;360;272;272;309.462;309.317;60;264.731;1;0;;;1343.97;1;1
394;0.4;51.9329;27.1;14.2451;40.2922;25.6;148;303.718;269.329;265;360;272;272;309.462;309.317;60;264.745;1;0;;;1342.97;1;1
395;0.4;52.0341;27.1;14.2547;40.2459;25.6;152;302.966;269.314;265;360;272;272;309.462;309.317;60;264.762;1;0;;;1341.19;1;1
396;0.4;52.1354;27.1;14.3371;40.0868;25.6;147;302.966;269.683;265;360;272;272;309.462;309.172;60;264.778;1;0;;;1340.19;1;1
397;0.4;52.1354;27.1;14.3189;40.0897;25.6;149;303.111;269.683;265;360;272;272;309.462;309.317;60;264.792;1;0;;;1338.68;1;1
398;0.4;52.1354;27.1;14.3189;40.1881;25.6;152;302.937;269.669;265;360;272;272;309.462;309.317;60;264.804;1;0;;;1338.68;1;1
399;0.4;52.3264;27.1;14.3896;40.0868;25.6;151;302.908;269.647;265;360;272;272;309.462;309.317;60;264.823;1;0;;;1337.68;1;1
400;0.4;51.93;27.1;14.335;39.8843;25.6;161;302.821;269.633;265;360;272;272;309.462;309.317;60;264.844;1;0;;;1336.68;1;1
401;0.4;52.1354;27.1;14.3917;39.6817;25.6;161;301.982;269.633;265;360;272;272;309.462;309.317;60;264.862;1;0;;;1336.19;1;1
402;0.4;52.4392;27.1;14.5122;39.783;25.6;157;301.881;269.633;265;360;272;272;309.462;309.317;60;264.887;1;0;;;1335.2;1;1
403;0.4;52.3611;27.1;14.454;40.0897;25.6;156;301.924;269.604;265;360;272;272;309.462;309.317;60;264.91;1;0;;;1333.2;1;1
404;0.4;52.1354;27.1;14.4099;40.1273;25.6;155;302.069;269.633;265;360;272;272;309.462;309.172;60;264.93;1;0;;;1332.71;1;1
405;0.4;51.9329;27.1;14.354;39.9855;25.6;152;301.461;269.416;265;360;272;272;309.462;309.172;60;264.949;1;0;;;1330.71;1;1
406;0.4;52.1354;27.1;14.4099;40.0868;25.6;146;301.881;269.669;265;360;272;272;309.317;309.172;60;264.967;1;0;;;1330.71;1;1
407;0.4;52.2917;27.1;14.4349;40.0781;25.6;148;301.288;269.423;265;360;272;272;309.317;309.172;60;264.982;1;0;;;1330.21;1;1
408;0.4;52.2367;27.1;14.4197;39.8814;25.6;153;301.765;269.683;265;360;272;272;309.317;309.172;60;264.996;1;0;;;1327.72;1;1
409;0.4;52.3843;27.1;14.4787;39.9855;25.6;149;300.883;269.423;265;360;272;272;309.317;309.172;60;265.006;1;0;;;1327.72;1;1
410;0.4;52.4421;27.1;14.4764;40.0868;25.6;136;300.984;269.408;265;360;272;272;309.317;309.172;60;265.015;1;0;;;1327.22;1;1
411;0.4;52.2367;27.1;14.4379;40.0839;25.6;139;301.114;269.401;265;360;272;272;309.317;309.172;60;265.025;1;0;;;1326.22;1;1
412;0.4;51.8287;27.1;14.3433;40.0868;25.6;142;301.157;269.387;265;360;272;272;309.317;309.172;60;265.034;1;0;;;1325.4;1;1
413;0.4;52.0341;27.1;14.4365;40.0926;25.6;141;300.376;269.379;265;360;272;272;309.462;309.317;60;265.041;1;0;;;1324.4;1;1
414;0.4;52.0341;27.1;14.4001;40.1447;25.6;147;300.304;269.379;265;360;272;272;309.462;309.317;60;265.048;1;0;;;1323.9;1;1
415;0.4;52.1354;27.1;14.4282;40.191;25.6;146;300.781;269.611;265;360;272;272;309.462;309.317;60;265.054;1;0;;;1322.91;1;1
416;0.4;51.8982;27.1;14.3806;40.0868;25.6;152;299.87;269.596;265;360;272;272;309.317;309.172;60;265.059;1;0;;;1321.91;1;1
417;0.4;51.8287;27.1;14.3795;39.9855;25.6;152;299.841;269.596;265;360;272;272;309.462;309.172;60;265.064;1;0;;;1319.43;1;1
418;0.4;51.93;27.1;14.3894;40.0318;25.6;153;299.986;269.582;265;360;272;272;309.462;309.172;60;265.071;1;0;;;1319.43;1;1
419;0.4;52.0312;27.1;14.4175;40.2922;25.6;152;299.841;269.582;265;360;272;272;309.317;309.172;60;265.074;1;0;;;1318.96;1;1
420;0.4;52.2367;27.1;14.4927;40.191;25.6;152;299.884;269.567;265;360;272;272;309.317;309.172;60;265.077;1;0;;;1316.97;1;1
421;0.4;52.1094;27.1;14.4392;39.9855;25.6;158;299.928;269.546;265;360;272;272;309.317;309.172;60;265.077;1;0;;;1316.47;1;1
422;0.4;51.6956;27.1;14.3787;39.9219;25.6;161;299.045;269.604;265;360;272;272;309.317;309.172;60;265.08;1;0;;;1314.48;1;1
423;0.4;52.092;27.1;14.4161;39.974;25.6;162;298.9;269.444;265;360;272;272;309.317;309.172;60;265.082;1;0;;;1313.99;1;1
424;0.4;52.2801;27.1;14.5413;39.9855;25.6;166;298.828;269.437;265;360;272;272;309.317;309.172;60;265.076;1;0;;;1313.99;1;1
425;0.4;52.2309;27.1;14.5276;40.191;25.6;170;298.886;269.437;265;360;272;272;309.317;309.172;60;265.067;1;0;;;1312.04;1;1
426;0.4;52.0312;27.1;14.4902;40.2546;25.6;170;298.958;269.43;265;360;272;272;309.462;309.172;60;265.06;1;0;;;1312.04;1;1
427;0.4;52.1354;27.1;14.4828;40.0694;25.6;171;298.322;269.416;265;360;272;272;309.462;309.172;60;265.054;1;0;;;1311.88;1;1
428;0.4;52.0891;27.1;14.4882;40.2951;25.6;177;298.38;269.416;265;360;272;272;309.317;309.172;60;265.048;1;0;;;1309.94;1;1
429;0.4;52.0978;27.1;14.4906;40.0868;25.6;189;298.322;269.416;265;360;272;272;309.317;309.172;60;265.041;1;0;;;1307.32;1;1
430;0.4;51.8287;27.1;14.4157;39.9306;25.6;187;298.264;269.416;265;360;272;272;309.317;309.172;60;265.032;1;0;;;1307.32;1;1
431;0.4;52.0341;27.1;14.5274;39.9855;25.6;182;298.177;269.408;265;360;272;272;309.317;309.172;60;265.023;1;0;;;1306.61;1;1
432;0.4;52.338;27.1;14.6488;39.9855;25.6;183;298.105;269.401;265;360;272;272;309.462;309.172;60;265.01;1;0;;;1304.62;1;1
433;0.4;52.338;27.1;14.5757;39.8843;25.6;196;298.047;269.401;265;360;272;272;309.462;309.172;60;264.999;1;0;;;1304.62;1;1
434;0.4;52.0544;27.1;14.5331;39.9855;25.6;199;298.119;269.387;265;360;272;272;309.462;309.317;60;264.994;1;0;;;1302.15;1;1
435;0.4;52.1701;27.1;14.5471;39.8843;25.6;189;298.206;269.387;265;360;272;272;309.317;309.172;60;264.984;1;0;;;1301.65;1;1
436;0.4;52.0284;27.1;14.5076;39.8843;25.6;199;298.293;269.394;265;360;272;272;309.317;309.172;60;264.977;1;0;;;1300.66;1;1
437;0.4;51.8027;27.1;14.4266;39.9913;25.6;199;298.351;269.379;265;360;272;272;309.172;309.028;60;264.968;1;0;;;1299.18;1;1
438;0.4;51.7274;27.1;14.4237;39.9826;25.6;200;298.278;269.394;265;360;272;272;309.317;309.028;60;264.961;1;0;;;1298.69;1;1
439;0.4;52.0689;27.1;14.4643;39.8843;25.6;208;298.206;269.43;265;360;272;272;309.317;309.172;60;264.958;1;0;;;1297.54;1;1
440;0.4;51.9329;27.1;14.4628;39.783;25.6;211;298.886;269.466;265;360;272;272;309.317;309.172;60;264.958;1;0;;;1297.54;1;1
441;0.4;52.0341;27.1;14.4547;40.0868;25.6;205;298.828;269.531;265;360;272;272;309.317;309.172;60;264.955;1;0;;;1296.14;1;1
442;0.4;52.1354;27.1;14.4646;40.2922;25.6;201;298.929;269.531;265;360;272;272;309.317;309.172;60;264.96;1;0;;;1295.45;1;1
443;0.4;52.0168;27.1;14.5044;40.1997;25.6;201;299.045;269.553;265;360;272;272;309.317;309.172;60;264.965;1;0;;;1294.46;1;1
444;0.4;51.7274;27.1;14.4237;40.1881;25.6;203;299.117;269.553;265;360;272;272;309.317;309.028;60;264.97;1;0;;;1293.6;1;1
445;0.4;51.739;27.1;14.3908;39.8843;25.6;205;299.349;269.553;265;360;272;272;309.317;309.028;60;264.973;1;0;"KHP7025     ";;1293.6;1;1
446;0.4;52.0341;27.1;14.491;40.1505;25.6;205;299.32;269.575;265;360;272;272;309.317;309.028;60;264.976;1;0;;;1290.64;1;1
447;0.4;52.037;27.1;14.4919;40.2922;25.6;196;299.233;269.567;265;360;272;272;309.462;309.172;60;264.979;1;0;"KHP7025     ";;1290.18;1;1
448;0.4;52.1354;27.1;14.5375;40.4977;25.6;196;299.175;269.567;265;360;272;272;309.317;309.172;60;264.982;1;0;;;1290.18;1;1
449;0.4;52.147;27.1;14.4678;40.5961;25.6;196;299.219;269.553;265;360;272;272;309.317;309.172;60;264.984;1;0;;;1288.7;1;1
450;0.4;52.0862;27.1;14.4692;40.5961;25.6;195;299.291;269.553;265;360;272;272;309.317;309.172;60;264.986;1;0;;;1286.74;1;1
451;0.4;51.9329;27.1;14.4628;40.4948;25.6;189;300.101;269.553;265;360;272;272;309.462;309.172;60;264.991;1;0;;;1286.25;1;1
452;0.4;51.8287;27.1;14.4157;40.2922;25.6;183;300.188;269.546;265;360;272;272;309.317;309.028;60;264.993;1;0;;;1284.92;1;1
453;0.4;52.1354;27.1;14.501;40.2922;25.6;181;300.13;269.531;265;360;272;272;309.317;309.028;60;264.998;1;0;;;1283.94;1;1
454;0.4;52.1354;27.1;14.5192;40.3385;25.6;175;300.014;269.531;265;360;272;272;309.317;309.172;60;265.005;1;0;;;1282.95;1;1
455;0.4;52.2367;27.1;14.5292;40.2951;25.6;172;299.913;269.524;265;360;272;272;309.317;309.028;60;265.015;1;0;;;1281.48;1;1
456;0.4;51.93;27.1;14.462;40.2922;25.7;176;299.899;269.524;265;360;272;272;309.317;309.028;60;265.027;1;0;;;1280;1;1
457;0.4;51.9329;27.2;14.7973;40.2922;25.7;177;300;269.524;265;360;272;272;309.317;309.028;60;265.044;1;0;;;1279.51;1;1
458;0.4;52.1354;27.2;14.855;39.9566;25.7;173;300.13;269.567;265;360;272;272;309.317;309.028;60;265.062;1;0;;;1278.53;1;1
459;0.4;51.93;27.2;14.7783;39.783;25.7;172;300.463;269.582;265;360;272;272;309.317;309.028;60;265.077;1;0;;;1277.05;1;1
460;0.4;52.0312;27.2;14.7708;39.783;25.7;161;300.463;269.285;265;360;272;272;309.317;309.028;60;265.088;1;0;;;1277.05;1;1
461;0.4;52.1354;27.2;14.8004;39.783;25.7;156;300.304;269.271;265;360;272;272;309.462;309.028;60;265.1;1;0;;;1276.56;1;1
462;0.4;52.0284;27.2;14.77;39.783;25.7;148;300.304;269.256;265;360;272;272;309.317;309.028;60;265.114;1;0;;;1275.09;1;1
463;0.4;51.8518;27.2;14.7561;39.9566;25.7;150;300.318;269.249;265;360;272;272;309.317;309.172;60;265.124;1;0;;;1274.11;1;1
464;0.4;51.8287;27.2;14.6952;39.9913;25.7;149;300.217;269.227;265;360;272;272;309.317;309.172;60;265.132;1;0;;;1273.61;1;1
465;0.4;51.93;27.2;14.7239;39.9855;25.7;147;300.275;269.256;265;360;272;272;309.172;309.172;60;265.14;1;0;;;1272.14;1;1
466;0.4;52.0862;27.2;14.7864;39.783;25.7;135;300.362;269.3;265;360;272;272;309.172;309.172;60;265.141;1;0;;;1271.16;1;1
467;0.4;52.037;27.2;14.7361;39.783;25.7;133;300.145;269.285;265;360;272;272;309.317;309.172;60;265.142;1;0;;;1269.11;1;1
468;0.4;52.1904;27.2;14.743;40.0897;25.7;135;300.043;269.278;265;360;272;272;309.462;309.172;60;265.142;1;0;;;1268.13;1;1
469;0.4;52.1354;27.2;14.7093;40.1244;25.7;140;299.942;269.271;265;360;272;272;309.317;309.172;60;265.142;1;0;;;1267.64;1;1
470;0.4;52.0341;27.2;14.7352;39.9855;25.7;140;299.87;269.242;265;360;272;272;309.317;309.028;60;265.141;1;0;;;1266.17;1;1
471;0.4;52.338;27.2;14.7481;39.9855;25.7;141;299.87;269.256;265;360;272;272;309.317;309.028;60;265.136;1;0;;;1266.17;1;1
472;0.4;52.4363;27.2;14.8858;40.1591;25.7;141;299.971;269.307;265;360;272;272;309.172;309.028;60;265.132;1;0;;;1266.01;1;1
473;0.4;51.9329;27.2;14.6884;40.1765;25.7;141;299.523;269.321;265;360;272;272;309.317;309.028;60;265.128;1;0;;;1262.94;1;1
474;0.4;52.2367;27.2;14.7196;40.191;25.7;141;299.58;269.293;265;360;272;272;309.317;309.028;60;265.125;1;0;;;1262.89;1;1
475;0.4;52.0341;27.2;14.7171;40.2922;25.7;148;299.552;269.285;265;360;272;272;309.317;309.028;60;265.122;1;0;;;1262.4;1;1
476;0.4;51.7274;27.2;14.558;40.191;25.7;153;299.508;269.278;265;360;272;272;309.462;309.172;60;265.12;1;0;;;1261.34;1;1
477;0.4;51.7274;27.2;14.5942;39.9855;25.7;153;299.421;269.408;265;360;272;272;309.462;309.172;60;265.118;1;0;;;1260.26;1;1
478;0.4;51.8287;27.2;14.6046;39.9855;25.7;153;299.349;269.394;265;360;272;272;309.317;309.172;60;265.116;1;0;;;1259.29;1;1
479;0.4;52.1354;27.3;15.0814;40.0868;25.7;154;298.828;269.35;265;360;272;272;309.317;309.028;60;265.114;1;0;;;1258.31;1;1
480;0.4;52.4392;27.3;15.0961;40.0868;25.7;165;298.9;269.35;265;360;272;272;309.317;309.172;60;265.11;1;0;;;1257.82;1;1
481;0.4;52.2367;27.3;15.0195;40.2894;25.7;168;299.016;269.379;265;360;272;272;309.317;309.028;60;265.109;1;0;;;1256.82;1;1
482;0.4;52.2367;27.3;15.0378;40.1881;25.7;168;299.103;269.394;265;360;272;272;309.317;309.028;60;265.108;1;0;;;1255.35;1;1
483;0.4;51.9792;27.3;14.891;40.0897;25.7;168;299.074;269.437;265;360;272;272;309.317;309.028;60;265.107;1;0;;;1255.35;1;1
484;0.4;51.9329;27.3;14.9321;39.8843;25.7;175;298.958;269.423;265;360;272;272;309.462;309.028;60;265.112;1;0;;;1254.38;1;1
485;0.4;52.0341;27.3;14.9613;39.8843;25.7;173;298.828;269.705;265;360;272;272;309.462;309.028;60;265.111;1;0;;;1251.94;1;1
486;0.4;51.8287;27.2;14.5503;39.9103;25.7;173;298.886;269.705;265;360;272;272;309.317;309.028;60;265.109;1;0;;;1251.94;1;1
487;0.4;51.93;27.2;14.5606;39.8843;25.7;177;298.134;269.437;265;360;272;272;309.317;309.028;60;265.111;1;0;;;1250.96;1;1
488;0.4;52.1354;27.2;14.5635;39.8843;25.6;177;298.206;269.416;265;360;272;272;309.317;309.028;60;265.11;1;0;;;1249.13;1;1
489;0.4;52.0341;27.2;14.5534;40.191;25.6;191;298.293;269.416;265;360;272;272;309.172;309.172;60;265.109;1;0;;;1247.67;1;1
490;0.4;52.1354;27.2;14.5818;40.2922;25.7;192;298.322;269.676;265;360;272;272;309.172;309.172;60;265.108;1;0;;;1246.69;1;1
491;0.4;52.1354;27.2;14.5453;40.136;25.6;187;298.669;269.661;265;360;272;272;309.317;309.028;60;265.107;1;0;;;1246.21;1;1
492;0.4;52.3322;27.2;14.6185;40.2865;25.6;187;298.192;269.661;265;360;272;272;309.172;309.028;60;265.106;1;0;;;1246.1;1;1
493;0.4;51.8895;27.2;14.4586;40.0868;25.6;190;298.611;269.647;265;360;272;272;309.172;309.028;60;265.097;1;0;;;1244.09;1;1
494;0.4;52.1354;27.2;14.5453;39.8843;25.7;195;298.524;269.64;265;360;272;272;309.317;309.172;60;265.089;1;0;;;1243.12;1;1
495;0.4;51.93;27.2;14.4517;39.8843;25.7;189;298.582;269.64;265;360;272;272;309.317;309.028;60;265.08;1;0;;;1242.63;1;1
496;0.4;51.5393;27.2;14.325;40.0868;25.7;190;298.756;269.647;265;360;272;272;309.317;309.028;60;265.07;1;0;;;1241.66;1;1
497;0.4;51.7216;27.2;14.3938;40.2922;25.7;188;299.074;269.64;265;360;272;272;309.172;309.028;60;265.063;1;0;"KHP7025     ";;1240.68;1;1
498;0.4;52.0341;27.2;14.4625;40.1881;25.7;189;299.117;269.777;265;360;272;272;309.317;309.028;60;265.058;1;0;;;1240.2;1;1
499;0.4;51.93;27.2;14.361;40.4948;25.7;192;299.074;269.799;265;360;272;272;309.317;309.172;60;265.053;1;0;;;1238.85;1;1
500;0.4;51.6233;27.2;14.2942;40.2922;25.7;187;298.973;269.828;265;360;272;272;309.317;309.172;60;265.047;1;0;;;1238.36;1;1
501;0.4;51.7274;27.2;14.305;39.8843;25.7;184;298.843;269.813;265;360;272;272;309.462;309.028;60;265.042;1;0;;;1236.9;1;1
502;0.4;51.9329;27.2;14.3981;39.783;25.7;187;298.857;269.792;265;360;272;272;309.317;309.172;60;265.038;1;0;;;1235.55;1;1
503;0.4;51.9618;27.2;14.3153;39.9855;25.7;188;299.711;269.777;265;360;272;272;309.462;309.172;60;265.034;1;0;;;1234.38;1;1
504;0.4;51.6262;27.2;14.2229;40.1881;25.7;187;299.769;269.763;265;360;272;272;309.462;309.172;60;265.03;1;0;;;1233.9;1;1
505;0.4;51.6262;27.2;14.2589;40.2922;25.7;183;299.407;269.763;265;360;272;272;309.462;309.172;60;265.027;1;0;;;1233.41;1;1
506;0.4;51.8287;27.2;14.3149;40.3646;25.7;175;299.913;269.813;265;360;272;272;309.317;309.172;60;265.022;1;0;"KHP7025     ";;1230.99;1;1
507;0.4;51.93;27.3;14.6954;40.1881;25.7;174;299.812;269.835;265;360;272;272;309.317;309.172;60;265.019;1;0;;;1230.99;1;1
508;0.4;51.8287;27.3;14.6306;39.9855;25.7;176;299.754;269.821;265;360;272;272;309.317;309.172;60;265.013;1;0;;;1229.53;1;1
509;0.4;51.9936;27.3;14.6953;39.8843;25.7;185;299.899;269.806;265;360;272;272;309.172;309.028;60;265.003;1;0;;;1228.56;1;1
510;0.4;51.9821;27.3;14.6012;39.8843;25.7;185;299.87;269.792;265;360;272;272;309.172;309.028;60;264.991;1;0;;;1228.08;1;1
511;0.4;52.1354;27.3;14.6443;39.783;25.7;174;299.928;269.784;265;360;272;272;309.172;309.028;60;264.981;1;0;;;1227.6;1;1
512;0.4;52.338;27.3;14.6463;39.6817;25.7;174;300.043;269.777;265;360;272;272;309.172;309.028;60;264.971;1;0;;;1227.11;1;1
513;0.4;52.5434;27.3;14.7038;39.783;25.7;175;300.13;269.763;265;360;272;272;309.172;309.028;60;264.963;1;0;;;1225.81;1;1
514;0.4;52.5405;27.3;14.7213;39.8843;25.7;177;300.087;269.763;265;360;272;272;309.317;309.028;60;264.956;1;0;;;1224.35;1;1
515;0.4;52.338;27.3;14.6829;39.8843;25.7;179;299.986;269.806;265;360;272;272;309.317;309.028;60;264.949;1;0;;;1222.74;1;1
516;0.4;52.0341;27.3;14.5431;39.9855;25.7;183;299.884;270.11;265;360;272;272;309.172;309.028;60;264.95;1;0;;;1222.26;1;1
517;0.4;51.9444;27.3;14.518;40.1881;25.7;184;299.841;270.088;265;360;272;272;309.317;309.028;60;264.956;1;0;;;1221.29;1;1
518;0.4;52.338;27.3;14.5915;40.1968;25.7;183;299.942;270.03;265;360;272;272;309.317;309.028;60;264.961;1;0;;;1219.84;1;1
519;0.4;52.2396;27.3;14.564;40.3935;25.7;187;300.058;270.016;265;360;272;272;309.172;309.028;60;264.966;1;0;;;1219.36;1;1
520;0.4;52.2396;27.3;14.5275;40.3964;25.7;188;300.145;270.059;265;360;272;272;309.317;309.028;60;264.97;1;0;;;1218.2;1;1
521;0.4;52.2338;27.3;14.5259;40.2922;25.7;187;300.058;270.045;265;360;272;272;309.317;309.172;60;264.979;1;0;;;1217.23;1;1
522;0.4;52.5405;27.3;14.5745;40.3935;25.7;189;299.971;269.987;265;360;272;272;309.172;309.028;60;264.989;1;0;;;1216.75;1;1
523;0.4;52.5434;27.3;14.5386;40.4861;25.7;192;299.884;269.965;265;360;272;272;309.172;309.028;60;264.995;1;0;;;1215.78;1;1
524;0.4;52.2367;27.3;14.4537;40.3935;25.7;189;300.492;270.168;265;360;272;272;309.317;309.028;60;265.006;1;0;;;1214.34;1;1
525;0.4;52.4392;27.3;14.4731;40.191;25.7;182;300.448;270.182;265;360;272;272;309.172;309.028;60;265.011;1;0;;;1214.34;1;1
526;0.4;52.0341;27.3;14.3977;40.1678;25.7;174;300.463;269.965;265;360;272;272;309.317;309.172;60;265.015;1;0;;;1212.77;1;1
527;0.4;51.93;27.3;14.3507;40.1881;25.7;173;300.521;269.915;265;360;272;272;309.317;309.028;60;265.022;1;0;;;1211.78;1;1
528;0.4;52.0312;27.3;14.3242;40.0868;25.7;172;300.608;269.907;265;360;272;272;309.317;309.028;60;265.031;1;0;;;1210.5;1;1
529;0.4;52.0341;27.3;14.3068;39.9624;25.7;170;300.694;269.936;265;360;272;272;309.172;309.028;60;265.039;1;0;;;1209.65;1;1
530;0.4;51.7159;27.3;14.2012;40.0868;25.7;165;300.492;269.936;265;360;272;272;309.172;309.028;60;265.046;1;0;;;1208.68;1;1
531;0.4;51.93;27.3;14.26;40.1881;25.7;161;300.434;269.922;265;360;272;272;309.172;309.028;60;265.052;1;0;;;1208.08;1;1
532;0.4;51.7245;27.3;14.1855;39.8843;25.7;161;300.42;269.944;265;360;272;272;309.172;308.883;60;265.058;1;0;;;1206.64;1;1
533;0.4;52.2396;27.3;14.3267;39.9913;25.7;163;300.347;269.965;265;360;272;272;309.172;308.883;60;265.063;1;0;;;1205.21;1;1
534;0.4;52.338;27.3;14.2989;40.0868;25.7;161;300.376;270.03;265;360;272;272;309.172;308.883;60;265.079;1;0;;;1204.73;1;1
535;0.4;52.1354;27.3;14.1889;40.1881;25.7;162;300.463;270.023;265;360;272;272;309.172;308.883;60;265.093;1;0;;;1202.32;1;1
536;0.4;52.1354;27.3;14.2071;39.9855;25.7;161;300.55;269.965;265;360;272;272;309.172;309.028;60;265.105;1;0;;;1201.84;1;1
537;0.4;52.2338;27.3;14.1792;40.0868;25.7;157;300.767;270.182;265;360;272;272;309.172;308.883;60;265.115;1;0;;;1201.11;1;1
538;0.4;52.338;27.3;14.244;40.2054;25.7;152;300.752;270.009;265;360;272;272;309.172;308.883;60;265.125;1;0;;;1199.67;1;1
539;0.4;52.3698;27.4;14.5716;40.1881;25.7;147;300.579;270.001;265;360;272;272;309.172;308.883;60;265.133;1;0;;;1199.67;1;1
540;0.4;51.8287;27.4;14.3305;40.1881;25.7;147;300.477;269.944;265;360;272;272;309.172;309.028;60;265.134;1;0;;;1197.75;1;1
541;0.4;51.7101;27.4;14.3339;40.2894;25.7;147;300.405;269.936;265;360;272;272;309.317;309.028;60;265.13;1;0;;;1197.75;1;1
542;0.4;51.794;27.4;14.3752;40.055;25.7;143;300.217;269.878;265;360;272;272;309.317;309.028;60;265.13;1;0;;;1197.75;1;1
543;0.4;51.4294;27.4;14.1483;40.0839;25.7;141;299.87;269.907;265;360;272;272;309.317;309.028;60;265.126;1;0;;;1195.06;1;1
544;0.4;51.4207;27.4;14.1459;40.1505;25.7;146;300.014;269.907;265;360;272;272;309.172;309.028;60;265.123;1;0;;;1195.06;1;1
545;0.4;51.5249;27.4;14.1925;40.0868;25.7;151;300.116;269.871;265;360;272;272;309.317;309.028;60;265.121;1;0;;;1194.17;1;1
546;0.4;51.9242;27.4;14.2481;40.191;25.7;150;300.116;269.857;265;360;272;272;309.317;309.028;60;265.119;1;0;;;1192.23;1;1
547;0.4;51.93;27.4;14.2134;40.0868;25.7;148;300;269.878;265;360;272;272;309.317;309.028;60;265.117;1;0;;;1191.27;1;1
548;0.4;51.9242;27.4;14.2481;40.0868;25.7;151;299.899;269.929;265;360;272;272;309.317;309.028;60;265.115;1;0;;;1191.27;1;1
549;0.4;52.0139;27.4;14.2545;40.1794;25.7;148;299.841;269.936;265;360;272;272;309.317;309.028;60;265.116;1;0;;;1189.14;1;1
550;0.4;51.93;27.4;14.1771;40.11;25.7;149;299.19;270.182;265;360;272;272;309.317;309.028;60;265.12;1;0;;;1188.57;1;1
551;0.4;52.1412;27.4;14.2165;40.1881;25.7;150;299.277;269.929;265;360;272;272;309.317;309.028;60;265.125;1;0;;;1188.57;1;1
552;0.4;51.9329;27.4;14.1416;40.191;25.7;153;299.349;269.821;265;360;272;272;309.172;309.028;60;265.123;1;0;;;1187.01;1;1
553;0.4;51.93;27.4;14.1045;40.2894;25.7;154;299.826;269.799;265;360;272;272;309.172;309.028;60;265.123;1;0;;;1186.54;1;1
554;0.4;51.8403;27.4;14.0439;40.5729;25.7;157;299.769;269.784;265;360;272;272;309.172;309.028;60;265.12;1;0;;;1185.58;1;1
555;0.4;52.1354;27.4;14.1239;40.4832;25.7;161;298.929;269.784;265;360;272;272;309.317;309.172;60;265.115;1;0;;;1184.15;1;1
556;0.4;52.1412;27.4;14.1437;40.2315;25.7;171;298.857;269.77;265;360;272;272;309.317;309.028;60;265.105;1;0;;;1183.19;1;1
557;0.4;52.0515;27.4;13.992;39.9855;25.7;172;298.857;269.777;265;360;272;272;309.317;309.172;60;265.093;1;0;"KHP7025     ";;1182.71;1;1
558;0.4;52.0515;27.4;14.0284;39.9855;25.7;174;298.987;269.806;265;360;272;272;309.317;309.028;60;265.083;1;0;;;1180.8;1;1
559;0.4;52.2367;27.4;14.0601;39.9855;25.7;177;298.293;269.835;265;360;272;272;309.317;309.172;60;265.074;1;0;;;1180.09;1;1
560;0.4;52.2367;27.4;14.0053;39.9855;25.7;180;298.814;269.806;265;360;272;272;309.317;309.028;60;265.066;1;0;;;1179.61;1;1
561;0.4;52.2338;27.4;14.0045;39.9855;25.7;192;298.727;269.792;265;360;272;272;309.317;309.028;60;265.056;1;0;;;1178.18;1;1
562;0.4;52.526;27.4;14.0645;39.8843;25.7;188;298.177;269.792;265;360;272;272;309.317;309.028;60;265.044;1;0;;;1176.29;1;1
563;0.4;52.4421;27.4;14.0054;40.2257;25.7;200;298.597;269.763;265;360;272;272;309.317;309.028;60;265.039;1;0;;;1175.33;1;1
564;0.4;52.5405;27.4;13.995;40.0955;25.6;202;298.597;269.763;265;360;272;272;309.172;309.028;60;265.035;1;0;;;1174.86;1;1
565;0.4;52.338;27.4;13.9228;39.8843;25.6;201;298.683;269.799;265;360;272;272;309.172;309.028;60;265.031;1;0;;;1174.16;1;1
566;0.4;51.9329;27.3;13.4443;39.9855;25.6;200;298.77;269.835;265;360;272;272;309.172;309.028;60;265.024;1;0;;;1172.53;1;1
567;0.4;52.0457;27.3;13.4189;40.1881;25.6;209;298.828;269.828;265;360;272;272;309.317;309.028;60;265.014;1;0;;;1171.58;1;1
568;0.4;51.9387;27.3;13.355;40.2141;25.6;212;298.77;269.813;265;360;272;272;309.172;308.883;60;265.002;1;0;;;1170.71;1;1
569;0.4;52.1354;27.3;13.442;40.0058;25.6;206;298.683;269.799;265;360;272;272;309.317;309.028;60;264.983;1;0;;;1169.28;1;1
570;0.4;51.6262;27.3;13.2927;39.8814;25.6;207;298.9;269.784;265;360;272;272;309.172;309.028;60;264.965;1;0;;;1168.8;1;1
571;0.4;51.7303;27.3;13.2834;39.8843;25.6;208;298.828;269.77;265;360;272;272;309.172;309.028;60;264.947;1;0;;;1168.47;1;1
572;0.4;52.0341;27.3;13.325;39.8843;25.6;207;298.886;269.784;265;360;272;272;309.172;308.883;60;264.936;1;0;;;1166.2;1;1
573;0.4;52.3177;27.3;13.3062;39.9855;25.6;207;298.987;269.821;265;360;272;272;309.172;308.883;60;264.923;1;0;;;1165.72;1;1
574;0.4;52.1354;27.3;13.3145;39.9855;25.6;206;299.103;269.835;265;360;272;272;309.172;308.883;60;264.911;1;0;;;1164.3;1;1
575;0.4;51.93;27.3;13.2439;39.9855;25.6;209;299.797;269.828;265;360;272;272;309.172;308.883;60;264.905;1;0;;;1162.72;1;1
576;0.4;51.7274;27.3;13.1923;39.7222;25.6;219;299.248;269.466;265;360;272;272;309.172;308.883;60;264.899;1;0;;;1162.38;1;1
577;0.4;52.0341;27.3;13.1978;39.5775;25.6;217;299.175;269.481;265;360;272;272;309.172;308.883;60;264.899;1;0;;;1161.91;1;1
578;0.4;51.9126;27.3;13.1669;39.5804;25.6;203;299.117;269.466;265;360;272;272;309.172;309.028;60;264.896;1;0;;;1161.43;1;1
579;0.4;51.6262;27.3;13.0402;39.5775;25.7;201;299.899;269.466;265;360;272;272;309.317;309.028;60;264.896;1;0;;;1160.01;1;1
580;0.4;51.8287;27.3;13.0551;39.783;25.7;214;299.971;269.459;265;360;272;272;309.317;309.028;60;264.896;1;0;;;1160.01;1;1
581;0.4;51.9329;27.3;13.0632;39.7772;25.7;209;299.986;269.452;265;360;272;272;309.172;309.028;60;264.893;1;0;;;1159.53;1;1
582;0.4;52.2396;27.3;13.1039;39.5775;25.7;201;300.448;269.488;265;360;272;272;309.172;309.028;60;264.89;1;0;;;1157.16;1;1
583;0.4;52.1354;27.3;13.0777;39.6846;25.7;196;300.463;269.488;265;360;272;272;309.172;308.883;60;264.883;1;0;;;1156.69;1;1
584;0.4;51.93;27.3;13.008;39.6817;25.7;196;300.463;269.538;265;360;272;272;309.028;308.883;60;264.874;1;0;;;1154.79;1;1
585;0.4;51.765;27.3;12.9667;39.8843;25.7;194;301.085;269.408;265;360;272;272;309.172;309.028;60;264.865;1;0;;;1154.79;1;1
586;0.4;51.7361;27.4;13.2023;39.9855;25.7;194;301.013;269.416;265;360;272;272;309.172;309.028;60;264.861;1;0;;;1153.85;1;1
587;0.4;51.7274;27.4;13.2181;39.9855;25.7;188;300.926;269.437;265;360;272;272;309.317;309.028;60;264.854;1;0;;;1153.37;1;1
588;0.4;51.5654;27.4;13.1227;39.9884;25.7;189;300.868;269.437;265;360;272;272;309.172;309.028;60;264.852;1;0;;;1152.15;1;1
589;0.4;52.0312;27.4;13.2594;39.8814;25.7;191;301.317;269.43;265;360;272;272;309.172;309.028;60;264.852;1;0;;;1150.73;1;1
590;0.4;51.9155;27.4;13.1392;39.783;25.7;187;301.562;269.611;265;360;272;272;309.317;309.028;60;264.857;1;0;;;1150.73;1;1
591;0.4;51.8287;27.4;13.1173;39.6586;25.7;176;301.49;269.416;265;360;272;272;309.317;309.028;60;264.859;1;0;;;1148.83;1;1
592;0.4;51.6291;27.4;13.0848;39.6817;25.7;176;301.562;269.596;265;360;272;272;309.172;309.028;60;264.864;1;0;;;1147.05;1;1
593;0.4;51.6262;27.4;13.066;39.8872;25.7;174;301.49;269.596;265;360;272;272;309.317;309.028;60;264.868;1;0;;;1147.03;1;1
594;0.4;51.4583;27.4;13.0056;39.8843;25.7;175;301.288;269.264;265;360;272;272;309.317;309.028;60;264.871;1;0;;;1145.61;1;1
595;0.4;51.8287;27.4;13.0992;39.8351;25.7;180;301.201;269.242;265;360;272;272;309.317;309.028;60;264.874;1;0;;;1144.67;1;1
596;0.4;51.8287;27.4;13.0629;39.6817;25.7;181;301.157;269.242;265;360;272;272;309.172;309.028;60;264.882;1;0;;;1143.99;1;1
597;0.4;51.6348;27.4;12.9239;39.8843;25.7;174;301.201;269.285;265;360;272;272;309.172;309.028;60;264.89;1;0;;;1142.58;1;1
598;0.4;52.0023;27.4;13.0522;40.1881;25.7;175;301.288;269.307;265;360;272;272;309.172;309.028;60;264.903;1;0;;;1141.58;1;1
599;0.4;51.93;27.4;12.9796;40.0868;25.7;173;301.389;269.293;265;360;272;272;309.172;308.883;60;264.914;1;0;;;1140.64;1;1
600;0.4;51.8287;27.4;12.9543;40.0868;25.7;173;301.418;269.264;265;360;272;272;309.317;309.028;60;264.923;1;0;;;1140.64;1;1
601;0.4;51.8287;27.4;12.9181;39.9277;25.7;168;301.36;269.249;265;360;272;272;309.172;309.028;60;264.932;1;0;;;1139;1;1
602;0.4;51.8287;27.4;12.8637;39.8843;25.7;161;301.259;269.235;265;360;272;272;309.317;309.028;60;264.94;1;0;;;1137.59;1;1
603;0.4;51.7274;27.4;12.8386;39.8843;25.7;165;301.606;269.285;265;360;272;272;309.172;309.028;60;264.947;1;0;;;1136.65;1;1
604;0.4;51.6233;27.4;12.7767;39.9855;25.7;167;301.562;269.307;265;360;272;272;309.172;309.028;60;264.954;1;0;;;1134.29;1;1
605;0.4;51.8287;27.4;12.8275;39.783;25.7;160;301.114;269.307;265;360;272;272;309.317;309.028;60;264.959;1;0;;;1133.35;1;1
606;0.4;51.7188;27.4;12.7822;39.5775;25.7;155;301.707;269.278;265;360;272;272;309.172;309.028;60;264.964;1;0;;;1132.41;1;1
607;0.4;51.9965;27.4;12.7964;39.783;25.7;155;301.794;269.264;265;360;272;272;309.317;309.028;60;264.969;1;0;;;1131.94;1;1
608;0.4;52.1354;27.4;12.8488;39.7049;25.7;161;301.823;269.242;265;360;272;272;309.317;309.028;60;264.972;1;0;;;1131;1;1
609;0.4;51.7274;27.4;12.7483;39.728;25.7;162;301.866;269.235;265;360;272;272;309.317;309.028;60;264.976;1;0;;;1130.06;1;1
610;0.4;51.6696;27.4;12.7159;39.8843;25.7;151;301.085;269.264;265;360;272;272;309.317;309.028;60;264.967;1;0;;;1130.06;1;1
611;0.4;51.6696;27.4;12.6618;39.783;25.7;158;300.984;269.314;265;360;272;272;309.317;309.028;60;264.96;1;0;;;1127.89;1;1
612;0.4;51.8374;27.4;12.6848;39.6817;25.7;165;300.911;269.3;265;360;272;272;309.317;309.028;60;264.95;1;0;;;1127.42;1;1
613;0.4;51.8287;27.4;12.6283;39.7743;25.7;166;300.883;269.285;265;360;272;272;309.172;309.028;60;264.944;1;0;;;1126.95;1;1
614;0.4;51.7274;27.4;12.6217;39.7251;25.7;166;300.998;269.271;265;360;272;272;309.172;309.028;60;264.939;1;0;"KHP7025     ";;1125.55;1;1
615;0.4;51.8287;27.4;12.6283;39.8843;25.7;165;300.883;269.256;265;360;272;272;309.317;309.028;60;264.935;1;0;;;1125.08;1;1
616;0.4;51.7274;27.4;12.6037;39.783;25.7;167;300.926;269.249;265;360;272;272;309.317;309.028;60;264.933;1;0;;;1124.61;1;1
617;0.4;51.6233;27.4;12.5242;40.0868;25.7;167;300.94;269.242;265;360;272;272;309.317;309.172;60;264.93;1;0;;;1123.67;1;1
618;0.4;52.0341;27.4;12.5875;39.8843;25.7;179;300.825;269.314;265;360;272;272;309.317;309.028;60;264.935;1;0;;;1122.16;1;1
619;0.4;51.8287;27.4;12.5197;40.0868;25.6;187;300.796;269.314;265;360;272;272;309.317;309.172;60;264.94;1;0;;;1121.69;1;1
620;0.4;51.5249;27.4;12.4283;40.0868;25.6;183;300.738;269.307;265;360;272;272;309.317;309.028;60;264.947;1;0;;;1120.42;1;1
621;0.4;51.331;27.4;12.3277;40.0868;25.6;182;300.694;269.285;265;360;272;272;309.317;309.172;60;264.953;1;0;;;1118.54;1;1
622;0.4;51.2268;27.4;12.3206;39.6788;25.6;181;300.304;269.264;265;360;272;272;309.317;309.172;60;264.959;1;0;;;1117.97;1;1
623;0.4;51.4178;27.4;12.3306;39.8843;25.6;181;300.26;269.256;265;360;272;272;309.172;309.028;60;264.964;1;0;;;1116.12;1;1
624;0.4;51.7274;27.4;12.441;39.6788;25.6;179;300.405;269.249;265;360;272;272;309.317;309.028;60;264.968;1;0;;;1115.65;1;1
625;0.4;51.6146;27.4;12.3417;39.5804;25.6;182;300.463;269.278;265;360;272;272;309.317;309.028;60;264.98;1;0;;;1115.18;1;1
626;0.4;52.0341;27.4;12.442;39.6875;25.6;181;300.42;269.314;265;360;272;272;309.317;309.028;60;264.993;1;0;;;1112.74;1;1
627;0.4;52.0052;27.4;12.4715;39.7367;25.6;177;300.362;269.314;265;360;272;272;309.317;309.028;60;265.006;1;0;;;1112.74;1;1
628;0.4;51.6291;27.4;12.3452;39.783;25.6;175;300.26;269.293;265;360;272;272;309.317;309.028;60;265.018;1;0;;;1110.87;1;1
629;0.4;51.9329;27.4;12.3634;39.8814;25.6;176;300.188;269.264;265;360;272;272;309.317;309.172;60;265.038;1;0;;;1110.4;1;1
630;0.4;51.7274;27.4;12.3326;39.8843;25.6;173;300.535;269.235;265;360;272;272;309.317;309.028;60;265.055;1;0;;;1110.4;1;1
631;0.4;51.8287;27.4;12.3024;39.8843;25.6;173;300.246;269.256;265;360;272;272;309.317;309.172;60;265.072;1;0;;;1109.93;1;1
632;0.4;51.5249;27.4;12.2483;39.8843;25.6;171;300.362;269.285;265;360;272;272;309.317;309.317;60;265.09;1;0;;;1109;1;1
633;0.4;51.4236;27.4;12.2062;40.0405;25.6;173;300.448;269.329;265;360;272;272;309.317;309.172;60;265.114;1;0;;;1107.26;1;1
634;0.4;51.8287;27.4;12.248;39.6846;25.6;162;300.101;269.285;265;360;272;272;309.317;309.317;60;265.134;1;0;;;1105.4;1;1
635;0.4;51.8316;27.4;12.2668;39.9855;25.6;159;300;269.264;265;360;272;272;309.317;309.172;60;265.158;1;0;"KHP7025     ";;1103.53;1;1
636;0.4;51.93;27.4;12.272;39.9855;25.6;162;299.899;269.278;265;360;272;272;309.317;309.028;60;265.186;1;0;;;1103.06;1;1
637;0.4;52.0341;27.4;12.2602;39.9653;25.6;162;299.841;269.264;265;360;272;272;309.317;309.172;60;265.21;1;0;;;1102.6;1;1
638;0.4;51.7274;27.4;12.188;40.1157;25.6;157;299.942;269.372;265;360;272;272;309.462;309.028;60;265.234;1;0;;;1102.38;1;1
639;0.4;51.6175;27.4;12.1621;39.8843;25.6;148;300.043;269.358;265;360;272;272;309.462;309.172;60;265.255;1;0;;;1100.89;1;1
640;0.4;51.7303;27.4;12.0802;39.9826;25.6;148;300.13;269.379;265;360;272;272;309.317;309.172;60;265.272;1;0;;;1099.52;1;1
641;0.4;51.8258;27.4;12.1568;39.8843;25.6;147;300.087;269.401;265;360;272;272;309.317;309.172;60;265.286;1;0;;;1099.34;1;1
642;0.4;51.7274;27.4;12.1338;39.783;25.6;136;299.87;269.719;265;360;272;272;309.317;309.172;60;265.297;1;0;;;1098.41;1;1
643;0.4;52.0341;27.4;12.2057;39.6817;25.6;127;299.884;269.719;265;360;272;272;309.317;309.172;60;265.307;1;0;;;1097.01;1;1
644;0.4;52.0341;27.4;12.1694;39.783;25.6;126;299.942;269.719;265;360;272;272;309.462;309.172;60;265.313;1;0;;;1096.55;1;1
645;0.4;52.1354;27.4;12.1384;39.7859;25.6;121;299.942;269.452;265;360;272;272;309.462;309.172;60;265.323;1;0;;;1095.15;1;1
646;0.4;52.3351;27.4;12.2031;39.8698;25.6;113;299.855;269.698;265;360;272;272;309.462;309.317;60;265.329;1;0;;;1093.29;1;1
647;0.4;52.1325;27.4;12.1559;39.783;25.6;111;299.928;269.821;265;360;272;272;309.462;309.172;60;265.334;1;0;;;1092.36;1;1
648;0.4;51.9965;27.4;12.0697;39.9855;25.5;122;299.407;269.813;265;360;272;272;309.317;309.172;60;265.332;1;0;;;1091.74;1;1
649;0.4;51.6753;27.4;11.9771;39.8061;25.5;115;299.031;269.806;265;360;272;272;309.317;309.172;60;265.336;1;0;;;1091.28;1;1
650;0.4;51.6262;27.4;11.9296;39.9855;25.5;120;298.915;269.792;265;360;272;272;309.317;309.028;60;265.343;1;0;"KHP7025     ";;1090.77;1;1
651;0.4;51.93;27.4;12.0361;40.1968;25.5;122;298.828;269.777;265;360;272;272;309.317;309.172;60;265.342;1;0;;;1089.38;1;1
652;0.4;51.8287;27.4;11.9583;39.9855;25.5;121;298.105;269.763;265;360;272;272;309.462;309.172;60;265.344;1;0;"KHP7025     ";;1088.92;1;1
653;0.4;51.849;27.4;11.9267;39.9855;25.5;121;298.785;269.792;265;360;272;272;309.317;309.028;60;265.354;1;0;;;1085.67;1;1
654;0.4;51.7332;27.4;11.9001;39.8843;25.5;132;298.814;269.835;265;360;272;272;309.172;309.028;60;265.357;1;0;;;1085.67;1;1
655;0.4;52.0689;27.4;11.9955;39.783;25.5;135;298.857;269.821;265;360;272;272;309.317;309.028;60;265.365;1;0;;;1085.5;1;1
656;0.4;51.6233;27.3;11.5243;39.6904;25.5;141;298.047;269.806;265;360;272;272;309.462;309.172;60;265.371;1;0;;;1084.11;1;1
657;0.4;51.8287;27.3;11.5702;39.783;25.5;142;297.975;269.792;265;360;272;272;309.462;309.172;60;265.374;1;0;;;1083.65;1;1
658;0.4;51.8287;27.3;11.5159;39.9855;25.5;141;297.83;269.777;265;360;272;272;309.462;309.172;60;265.382;1;0;;;1082.72;1;1
659;0.4;51.7274;27.3;11.5115;39.9826;25.5;140;297.555;269.763;265;360;272;272;309.462;309.172;60;265.39;1;0;;;1082.26;1;1
660;0.4;51.93;27.3;11.5565;39.702;25.5;141;297.555;269.763;265;360;272;272;309.462;309.172;60;265.397;1;0;;;1079.95;1;1
661;0.4;51.9329;27.3;11.5753;39.783;25.5;142;297.685;269.784;265;360;272;272;309.317;309.172;60;265.411;1;0;;;1079.4;1;1
662;0.4;52.2367;27.3;11.6248;39.8843;25.5;148;297.758;269.828;265;360;272;272;309.317;309.172;60;265.423;1;0;;;1079.4;1;1
663;0.4;51.7737;27.3;11.4675;39.9826;25.4;148;297.063;269.828;265;360;272;272;309.317;309.172;60;265.432;1;0;;;1078.94;1;1
664;0.4;51.4236;27.3;11.372;40.1881;25.4;153;296.991;269.813;265;360;272;272;309.317;309.028;60;265.44;1;0;;;1078.01;1;1
665;0.4;51.7274;27.3;11.4211;39.9855;25.4;154;296.889;269.799;265;360;272;272;309.317;309.028;60;265.445;1;0;;;1074.56;1;1
666;0.4;52.0341;27.3;11.4706;39.9855;25.4;148;296.803;269.784;265;360;272;272;309.317;309.028;60;265.454;1;0;;;1074.56;1;1
667;0.4;52.0891;27.3;11.5009;40.2517;25.4;150;296.803;269.77;265;360;272;272;309.317;309.028;60;265.459;1;0;;;1072.72;1;1
668;0.4;52.0341;27.3;11.4888;40.0868;25.4;149;296.918;269.763;265;360;272;272;309.172;309.028;60;265.475;1;0;;;1071.79;1;1
669;0.4;52.2801;27.2;11.1516;39.8843;25.4;146;296.586;269.799;265;360;272;272;309.317;308.883;60;265.484;1;0;;;1071.79;1;1
670;0.4;52.4392;27.2;11.1856;40.026;25.4;146;296.687;269.835;265;360;272;272;309.317;309.028;60;265.497;1;0;;;1070.87;1;1
671;0.4;52.4392;27.2;11.1489;39.9855;25.4;150;296.745;269.821;265;360;272;272;309.462;309.028;60;265.506;1;0;;;1070.03;1;1
672;0.4;52.2367;27.2;11.1424;39.9855;25.4;153;296.513;269.813;265;360;272;272;309.317;309.172;60;265.517;1;0;;;1068.96;1;1
673;0.4;52.0052;27.2;11.0748;39.9855;25.4;157;296.412;269.799;265;360;272;272;309.317;309.028;60;265.521;1;0;;;1068.5;1;1
674;0.4;51.93;27.2;11.0225;40.2922;25.4;149;296.354;269.784;265;360;272;272;309.462;309.028;60;265.526;1;0;;;1067.23;1;1
675;0.4;51.6262;27.2;10.9941;40.2922;25.4;147;296.369;269.777;265;360;272;272;309.317;309.172;60;265.524;1;0;;;1066.77;1;1
676;0.4;52.0341;27.2;10.9901;40.1881;25.4;146;296.455;269.763;265;360;272;272;309.317;309.028;60;265.518;1;0;"KHP7025     ";;1065.39;1;1
677;0.4;52.0486;27.2;11.0295;40.2517;25.4;146;296.499;269.763;265;360;272;272;309.317;309.172;60;265.51;1;0;;;1064.39;1;1
678;0.4;51.93;27.2;10.9862;40.0868;25.4;142;296.629;269.777;265;360;272;272;309.317;309.028;60;265.497;1;0;;;1063.01;1;1
679;0.4;52.0399;27.2;10.9731;40.0868;25.4;143;296.672;269.828;265;360;272;272;309.317;309.172;60;265.486;1;0;;;1061.06;1;1
680;0.4;52.1557;27.2;10.9429;40.0868;25.4;143;295.935;269.828;265;360;272;272;309.317;309.028;60;265.476;1;0;;;1060.6;1;1
681;0.4;52.1354;27.2;10.9386;39.9855;25.4;140;295.819;269.813;265;360;272;272;309.462;309.028;60;265.466;1;0;;;1060.6;1;1
682;0.4;52.0341;27.1;10.6368;39.8756;25.4;148;295.747;269.806;265;360;272;272;309.317;309.172;60;265.456;1;0;;;1058.84;1;1
683;0.4;51.93;27.1;10.5429;39.6817;25.4;153;295.833;269.792;265;360;272;272;309.317;309.028;60;265.448;1;0;;;1058.84;1;1
684;0.4;51.9329;27.1;10.598;39.783;25.4;155;295.964;269.777;265;360;272;272;309.317;309.028;60;265.443;1;0;;;1057.92;1;1
685;0.4;52.0081;27.1;10.577;40.0868;25.4;155;296.036;269.763;265;360;272;272;309.317;309.028;60;265.437;1;0;;;1057.46;1;1
686;0.4;52.2367;27.1;10.6417;40.0868;25.4;154;295.978;269.763;265;360;272;272;309.462;309.172;60;265.431;1;0;;;1055.44;1;1
687;0.4;51.9271;27.1;10.5242;40.0868;25.4;161;295.848;269.806;265;360;272;272;309.317;309.028;60;265.427;1;0;;;1053.15;1;1
688;0.4;51.7274;27.1;10.4657;40.0868;25.4;162;295.761;269.835;265;360;272;272;309.317;309.028;60;265.424;1;0;;;1053.15;1;1
689;0.4;51.6262;27.1;10.4091;39.9855;25.4;159;295.804;269.828;265;360;272;272;309.172;309.028;60;265.421;1;0;;;1052.69;1;1
690;0.4;51.9444;27.1;10.5096;39.9219;25.4;166;295.891;269.806;265;360;272;272;309.317;309.028;60;265.419;1;0;;;1052.23;1;1
691;0.4;52.0341;27.1;10.5277;40.0868;25.3;168;295.992;269.799;265;360;272;272;309.172;308.883;60;265.409;1;0;;;1050.94;1;1
692;0.4;52.0341;27.1;10.4914;40.1881;25.3;169;296.05;269.784;265;360;272;272;309.172;308.883;60;265.397;1;0;;;1049.57;1;1
693;0.4;51.8287;27.1;10.4318;40.1273;25.3;169;295.92;269.763;265;360;272;272;309.172;308.883;60;265.386;1;0;;;1049.11;1;1
694;0.4;51.6262;27.1;10.4091;40.1881;25.3;175;295.79;269.77;265;360;272;272;309.172;308.883;60;265.377;1;0;;;1047.73;1;1
695;0.4;51.7303;27.1;10.394;40.2749;25.3;173;295.761;269.828;265;360;272;272;309.172;308.883;60;265.368;1;0;;;1046.36;1;1
696;0.4;51.7274;27.1;10.4114;40.2894;25.3;174;295.935;269.813;265;360;272;272;309.317;308.883;60;265.361;1;0;;;1045.9;1;1
697;0.4;51.6262;27.1;10.373;40.3993;25.3;176;296.065;269.799;265;360;272;272;309.317;309.028;60;265.354;1;0;"KHP7025     ";;1044.99;1;1
698;0.4;51.6262;27;10.0586;40.3906;25.3;181;296.036;269.792;265;360;272;272;309.172;309.028;60;265.348;1;0;;;1042.41;1;1
699;0.4;51.4786;27;9.9579;40.3964;25.3;181;295.833;269.77;265;360;272;272;309.317;309.028;60;265.343;1;0;;;1042.41;1;1
700;0.4;51.8316;27;10.0805;40.4427;25.3;181;295.747;269.763;265;360;272;272;309.317;309.028;60;265.338;1;0;;;1042.41;1;1
701;0.4;51.5249;27;9.94886;40.3906;25.3;187;295.79;269.792;265;360;272;272;309.317;309.028;60;265.334;1;0;;;1040.58;1;1
702;0.4;51.3194;27;9.92712;40.1881;25.3;187;295.92;269.835;265;360;272;272;309.317;309.028;60;265.33;1;0;;;1039.67;1;1
703;0.4;51.6464;27;9.99037;40.0145;25.3;190;296.817;269.828;265;360;272;272;309.317;309.028;60;265.327;1;0;;;1039.21;1;1
704;0.4;51.93;27;10.0271;40.0868;25.3;185;296.803;269.813;265;360;272;272;309.172;309.028;60;265.324;1;0;;;1036.57;1;1
705;0.4;52.0399;27;10.0483;40.1186;25.3;183;296.701;269.799;265;360;272;272;309.317;309.028;60;265.322;1;0;;;1036.12;1;1
706;0.4;51.93;27;10.0271;40.0868;25.3;178;296.586;269.792;265;360;272;272;309.172;309.028;60;265.32;1;0;;;1036.12;1;1
707;0.4;51.93;27;9.97263;39.8843;25.4;173;296.542;269.777;265;360;272;272;309.317;309.028;60;265.317;1;0;;;1034.29;1;1
708;0.4;51.93;27;9.93635;39.8843;25.4;182;296.803;269.763;265;360;272;272;309.172;309.028;60;265.31;1;0;;;1033.84;1;1
709;0.4;52.066;27;9.99875;40.1881;25.4;180;296.933;269.64;265;360;272;272;309.172;309.028;60;265.309;1;0;;;1032.14;1;1
710;0.4;52.2367;27;10.0133;40.0868;25.4;173;297.063;269.394;265;360;272;272;309.317;309.028;60;265.308;1;0;;;1030.78;1;1
711;0.4;51.8287;27;9.97131;40.0897;25.4;173;296.991;269.408;265;360;272;272;309.172;309.028;60;265.307;1;0;;;1030.78;1;1
712;0.4;51.7303;27;9.89815;39.8843;25.4;173;297.729;269.625;265;360;272;272;309.317;309.028;60;265.3;1;0;;;1029.25;1;1
713;0.4;51.9473;27;9.93967;39.9884;25.4;173;297.642;269.64;265;360;272;272;309.172;309.028;60;265.289;1;0;;;1028.8;1;1
714;0.4;52.0312;27;9.93755;40.1736;25.4;164;297.584;269.69;265;360;272;272;309.317;309.028;60;265.283;1;0;;;1027.89;1;1
715;0.4;51.93;27;9.90007;40.3819;25.4;160;297.555;269.676;265;360;272;272;309.317;309.028;60;265.273;1;0;;;1026.96;1;1
716;0.4;51.7274;27;9.89759;40.3935;25.4;165;297.627;269.676;265;360;272;272;309.317;309.028;60;265.263;1;0;;;1026.05;1;1
717;0.4;52.0312;27;9.93755;40.3964;25.4;168;297.946;269.676;265;360;272;272;309.317;309.028;60;265.256;1;0;;;1023.32;1;1
718;0.4;52.338;27;9.99613;40.1881;25.4;162;298.047;269.683;265;360;272;272;309.317;309.028;60;265.249;1;0;;;1022.42;1;1
719;0.4;52.0428;27;9.88522;39.9855;25.4;157;298.003;269.394;265;360;272;272;309.317;309.028;60;265.244;1;0;;;1022.42;1;1
720;0.4;51.8287;27;9.84455;39.9855;25.4;158;297.902;269.379;265;360;272;272;309.172;308.883;60;265.239;1;0;;;1021.39;1;1
721;0.4;51.7245;27;9.82476;40.0868;25.4;158;297.801;269.379;265;360;272;272;309.317;308.883;60;265.233;1;0;;;1020.48;1;1
722;0.4;51.93;27;9.8275;40.1881;25.4;158;297.815;269.372;265;360;272;272;309.317;309.028;60;265.221;1;0;;;1020.48;1;1
723;0.4;52.0428;27;9.84886;39.8843;25.4;160;297.888;269.365;265;360;272;272;309.172;309.028;60;265.207;1;0;;;1019.58;1;1
724;0.4;52.0341;27;9.86539;40.0203;25.4;161;298.032;269.358;265;360;272;272;309.317;309.028;60;265.195;1;0;;;1018.67;1;1
725;0.4;52.4045;27;9.95392;40.1186;25.4;161;298.09;269.35;265;360;272;272;309.317;309.028;60;265.184;1;0;;;1017.77;1;1
726;0.4;52.5434;27;9.92521;40.0868;25.4;165;298.032;269.358;265;360;272;272;309.172;309.028;60;265.175;1;0;"KHP7025     ";;1016.04;1;1
727;0.4;52.1354;27;9.84814;40.0868;25.4;167;297.917;269.35;265;360;272;272;309.172;309.028;60;265.166;1;0;;;1015.14;1;1
728;0.4;51.93;27;9.75491;40.0868;25.4;168;297.83;269.379;265;360;272;272;309.172;309.028;60;265.158;1;0;;;1013.78;1;1
729;0.4;51.8287;27;9.73589;40.0897;25.4;167;297.83;269.394;265;360;272;272;309.172;309.028;60;265.152;1;0;;;1011.97;1;1
730;0.4;51.93;27;9.73677;39.5775;25.4;174;297.917;269.408;265;360;272;272;309.172;308.883;60;265.146;1;0;;;1011.52;1;1
731;0.4;51.9329;27;9.75546;39.702;25.4;179;298.018;269.43;265;360;272;272;309.172;308.883;60;265.141;1;0;;;1011.52;1;1
732;0.4;52.1325;27;9.8476;39.9624;25.4;180;298.061;269.43;265;360;272;272;309.172;308.883;60;265.136;1;0;;;1008.99;1;1
733;0.4;52.1354;27;9.7935;39.8843;25.4;180;298.09;269.293;265;360;272;272;309.172;308.883;60;265.132;1;0;;;1008.54;1;1
734;0.4;52.0341;27;9.71995;39.9855;25.4;181;297.989;269.271;265;360;272;272;309.172;308.738;60;265.129;1;0;;;1007.19;1;1
735;0.4;51.93;27;9.71863;40.1881;25.4;186;297.859;269.249;265;360;272;272;309.172;309.028;60;265.125;1;0;;;1006.74;1;1
736;0.4;52.1354;27;9.77529;40.2894;25.4;187;297.815;269.235;265;360;272;272;309.172;308.883;60;265.122;1;0;;;1006.29;1;1
737;0.4;52.2772;27;9.80187;40.0868;25.4;186;298.09;269.249;265;360;272;272;309.172;308.883;60;265.114;1;0;;;1004.93;1;1
738;0.4;52.1354;27;9.75708;39.8843;25.4;186;298.148;269.3;265;360;272;272;309.172;308.883;60;265.101;1;0;;;1004.48;1;1
739;0.4;52.3177;27;9.79119;39.9855;25.4;185;298.249;269.3;265;360;272;272;309.172;308.883;60;265.087;1;0;;;1003.73;1;1
740;0.4;52.0747;27;9.70932;40.0868;25.4;185;298.307;269.271;265;360;272;272;309.172;309.028;60;265.071;1;0;;;1001.93;1;1
741;0.4;52.0341;27;9.77448;39.8843;25.4;179;298.336;269.264;265;360;272;272;309.172;309.028;60;265.052;1;0;;;1000.57;1;1
742;0.4;51.6262;27;9.6257;39.8843;25.4;175;298.322;269.242;265;360;272;272;309.172;309.028;60;265.024;1;0;;;999.674;1;1
743;0.4;51.93;27;9.68235;39.9855;25.4;180;298.249;269.227;265;360;272;272;309.172;309.028;60;264.992;1;0;;;998.773;1;1
744;0.4;51.8287;27;9.68157;40.1881;25.4;189;298.163;269.242;265;360;272;272;309.028;308.883;60;264.961;1;0;;;997.423;1;1
745;0.4;52.0312;27;9.66485;40.1881;25.4;195;298.076;269.293;265;360;272;272;309.028;308.738;60;264.932;1;0;;;996.886;1;1
746;0.4;51.9271;27;9.6455;40.0868;25.4;200;298.061;269.293;265;360;272;272;309.028;308.738;60;264.905;1;0;;;996.257;1;1
747;0.4;51.6551;27;9.57693;39.8814;25.4;211;298.134;269.271;265;360;272;272;309.028;308.738;60;264.882;1;0;;;995.357;1;1
748;0.4;51.6291;27;9.59014;40.081;25.4;214;298.235;269.256;265;360;272;272;309.028;308.738;60;264.861;1;0;;;995.357;1;1
749;0.4;51.7303;27;9.59088;39.9884;25.4;221;299.103;269.242;265;360;272;272;309.028;308.738;60;264.842;1;0;;;994.009;1;1
750;0.4;51.8779;27;9.60012;39.9855;25.4;214;299.089;269.22;265;360;272;272;309.028;308.738;60;264.829;1;0;;;992.214;1;1
751;0.4;51.9329;27;9.61029;39.8814;25.4;214;298.973;269.242;265;360;272;272;309.028;308.738;60;264.815;1;0;;;990.982;1;1
752;0.4;52.1354;27;9.66599;40.0868;25.4;223;298.857;269.293;265;360;272;272;309.028;308.883;60;264.81;1;0;;;990.084;1;1
753;0.4;52.0949;27;9.6949;40.1881;25.4;227;299.32;269.293;265;360;272;272;309.028;308.883;60;264.81;1;0;;;990.084;1;1
754;0.4;52.1354;27;9.64777;40.2894;25.4;230;299.378;269.271;265;360;272;272;309.172;308.738;60;264.809;1;0;;;989.187;1;1
755;0.4;52.1354;27;9.64777;40.0868;25.4;231;299.479;269.256;265;360;272;272;309.028;308.883;60;264.808;1;0;;;988.738;1;1
756;0.4;51.9329;27;9.57401;40.0868;25.4;231;300.159;269.242;265;360;272;272;309.172;308.883;60;264.807;1;0;;;987.831;1;1
757;0.4;51.7274;27;9.55421;39.9074;25.5;226;300.174;269.068;265;360;272;272;309.028;308.738;60;264.807;1;0;;;985.062;1;1
758;0.4;51.93;27;9.59162;39.6788;25.5;220;300;269.054;265;360;272;272;309.172;308.883;60;264.806;1;0;;;984.166;1;1
759;0.4;52.0139;27;9.57078;39.783;25.5;218;300.492;269.083;265;360;272;272;309.172;308.883;60;264.805;1;0;;;983.718;1;1
760;0.4;52.2685;27.1;9.9725;39.9855;25.5;209;300.434;269.112;265;360;272;272;309.172;308.883;60;264.802;1;0;;;982.295;1;1
761;0.4;52.0978;27.1;9.93993;40.0145;25.5;201;300.391;269.141;265;360;272;272;309.028;308.883;60;264.799;1;0;;;981.278;1;1
762;0.4;52.1354;27.1;9.92889;40.0868;25.5;204;300.883;269.119;265;360;272;272;309.028;308.738;60;264.792;1;0;;;980.831;1;1
763;0.4;52.2367;27.1;9.94818;40.0868;25.5;199;300.984;269.112;265;360;272;272;309.028;308.738;60;264.791;1;0;;;980.383;1;1
764;0.4;51.6233;27.1;9.83135;39.9855;25.5;196;301.114;269.104;265;360;272;272;309.028;308.883;60;264.784;1;0;;;978.148;1;1
765;0.4;51.8721;27.1;9.8425;39.9855;25.5;195;301.172;269.097;265;360;272;272;309.028;308.738;60;264.774;1;0;;;977.701;1;1
766;0.4;51.9329;27.1;9.83589;39.8843;25.5;194;301.114;269.104;265;360;272;272;309.028;308.883;60;264.759;1;0;;;976.807;1;1
767;0.4;52.1354;27.1;9.89246;40.0087;25.5;196;301.562;269.104;265;360;272;272;309.028;308.738;60;264.741;1;0;;;975.914;1;1
768;0.4;52.338;27.1;9.91261;39.8843;25.5;190;301.62;268.996;265;360;272;272;309.028;308.738;60;264.725;1;0;;;974.575;1;1
769;0.4;52.338;27.1;9.93089;39.6817;25.5;184;301.562;268.981;265;360;272;272;309.028;308.883;60;264.709;1;0;;;971.452;1;1
770;0.4;52.2396;27.1;9.93048;40.0868;25.6;182;301.62;269.256;265;360;272;272;309.172;308.738;60;264.684;1;0;;;971.452;1;1
771;0.4;51.9994;27.1;9.86666;40.1881;25.6;190;301.707;269.242;265;360;272;272;308.883;308.738;60;264.669;1;0;;;970.56;1;1
772;0.4;51.8287;27.1;9.83427;39.9855;25.6;194;301.794;269.278;265;360;272;272;309.028;308.738;60;264.649;1;0;;;970.363;1;1
773;0.4;52.037;27.1;9.8738;39.9855;25.6;195;301.866;269.321;265;360;272;272;309.028;308.594;60;264.631;1;0;;;970.221;1;1
774;0.4;52.0226;27.1;9.9074;39.9826;25.6;196;301.794;269.3;265;360;272;272;309.028;308.594;60;264.618;1;0;;;967.362;1;1
775;0.4;52.1354;27.1;9.89246;39.9884;25.6;200;301.736;269.285;265;360;272;272;309.028;308.738;60;264.605;1;0;;;967.362;1;1
776;0.4;52.338;27.2;10.2131;40.0868;25.6;209;301.664;269.264;265;360;272;272;309.028;308.883;60;264.593;1;0;;;966.027;1;1
777;0.4;52.3669;27.2;10.3102;39.9855;25.6;212;301.577;269.242;265;360;272;272;309.028;308.883;60;264.583;1;0;"KHP7025     ";;964.715;1;1
778;0.4;52.1354;27.2;10.21;39.9855;25.6;213;301.577;269.264;265;360;272;272;309.172;308.883;60;264.574;1;0;;;963.825;1;1
779;0.4;52.4392;27.2;10.2512;39.9855;25.6;218;301.577;269.321;265;360;272;272;309.172;308.883;60;264.565;1;0;;;962.936;1;1
780;0.4;52.4392;27.2;10.2145;39.9855;25.6;218;302.054;269.314;265;360;272;272;309.172;309.028;60;264.558;1;0;;;962.764;1;1
781;0.4;52.3669;27.2;10.2004;39.9826;25.6;226;302.17;269.293;265;360;272;272;309.317;309.028;60;264.552;1;0;"KHP7025     ";;961.779;1;1
782;0.4;52.147;27.2;10.1758;40.0868;25.6;219;302.17;269.278;265;360;272;272;309.172;309.028;60;264.546;1;0;"KHP7025     ";;960.447;1;1
783;0.4;52.4392;27.2;10.2328;40.3443;25.6;218;302.054;269.271;265;360;272;272;309.172;308.883;60;264.535;1;0;;;959.115;1;1
784;0.4;52.4392;27.2;10.3061;40.2894;25.6;223;301.953;269.249;265;360;272;272;309.172;308.883;60;264.519;1;0;;;958.356;1;1
785;0.4;52.5405;27.2;10.2526;40.0839;25.6;222;302.358;269.242;265;360;272;272;309.172;308.883;60;264.506;1;0;;;956.983;1;1
786;0.4;52.4392;27.2;10.1962;39.8843;25.6;223;302.17;269.329;265;360;272;272;309.172;308.883;60;264.49;1;0;;;956.096;1;1
787;0.4;52.5405;27.2;10.2342;39.9855;25.6;218;302.836;269.314;265;360;272;272;309.172;308.883;60;264.469;1;0;;;955.652;1;1
788;0.4;52.3553;27.2;10.2165;40.1881;25.6;218;302.358;269.314;265;360;272;272;309.172;308.883;60;264.45;1;0;;;953.879;1;1
789;0.4;52.338;27.2;10.1765;39.9855;25.6;230;303.154;269.264;265;360;272;272;309.172;308.883;60;264.427;1;0;;;953.407;1;1
790;0.4;52.1354;27.2;10.1189;40.1244;25.6;231;303.038;269.249;265;360;272;272;309.172;309.028;60;264.402;1;0;;;952.597;1;1
791;0.4;52.338;27.2;10.1582;40.2922;25.6;220;302.937;269.256;265;360;272;272;309.172;309.028;60;264.379;1;0;;;950.383;1;1
792;0.4;52.4392;27.2;10.1596;39.9855;25.7;226;302.98;269.293;265;360;272;272;309.172;309.028;60;264.35;1;0;;;950.383;1;1
793;0.4;51.9271;27.2;10.0241;39.783;25.7;227;303.906;269.661;265;360;272;272;309.172;308.883;60;264.322;1;0;;;949.056;1;1
794;0.4;51.7274;27.3;10.3909;39.9219;25.7;226;303.95;269.625;265;360;272;272;309.172;308.883;60;264.3;1;0;;;948.171;1;1
795;0.4;52.1354;27.3;10.4182;39.9855;25.7;223;303.602;269.596;265;360;272;272;309.172;308.883;60;264.27;1;0;;;947.398;1;1
796;0.4;52.1325;27.3;10.4177;39.9855;25.7;231;303.631;269.654;265;360;272;272;309.172;308.883;60;264.24;1;0;"KHP7025     ";;946.512;1;1
797;0.4;52.2367;27.3;10.4385;39.783;25.7;231;303.993;269.538;265;360;272;272;309.172;308.883;60;264.213;1;0;;;946.512;1;1
798;0.4;52.4132;27.3;10.4737;39.8177;25.7;232;303.964;269.553;265;360;272;272;309.172;308.883;60;264.188;1;0;;;945.628;1;1
799;0.4;52.0341;27.3;10.398;39.8843;25.7;240;304.022;269.538;265;360;272;272;309.172;308.883;60;264.163;1;0;;;943.42;1;1
800;0.4;51.9329;27.3;10.414;40.0868;25.7;239;304.152;269.481;265;360;272;272;309.172;308.883;60;264.137;1;0;;;942.537;1;1
801;0.4;52.1354;27.3;10.4364;40.191;25.7;244;304.225;269.473;265;360;272;272;309.172;308.883;60;264.119;1;0;;;941.655;1;1
802;0.4;51.7274;27.3;10.3367;39.9855;25.7;253;304.167;269.459;265;360;272;272;309.317;308.883;60;264.105;1;0;;;941.655;1;1
803;0.4;51.9473;27.3;10.3988;39.6788;25.7;259;304.557;269.452;265;360;272;272;309.172;308.883;60;264.094;1;0;;;939.009;1;1
804;0.4;52.037;27.3;10.4168;39.783;25.7;265;304.456;269.437;265;360;272;272;309.172;308.883;60;264.084;1;0;"KHP7025     ";;939.009;1;1
805;0.4;52.1209;27.3;10.3971;40.1128;25.7;262;304.369;269.416;265;360;272;272;309.172;308.883;60;264.083;1;0;;;937.687;1;1
806;0.4;52.1354;27.3;10.4182;40.191;25.7;263;304.499;269.43;265;360;272;272;309.172;308.883;60;264.084;1;0;;;937.606;1;1
807;0.4;52.5405;27.3;10.5175;40.1071;25.7;275;305.194;269.416;265;360;272;272;309.172;308.883;60;264.084;1;0;;;936.832;1;1
808;0.4;52.5405;27.4;10.8008;40.0868;25.8;275;305.252;269.423;265;360;272;272;309.172;308.883;60;264.086;1;0;;;934.631;1;1
809;0.4;52.4392;27.4;10.835;39.9855;25.8;266;305.208;269.661;265;360;272;272;309.172;308.883;60;264.087;1;0;;;933.751;1;1
810;0.4;52.5405;27.4;10.8008;39.9016;25.8;267;305.44;269.466;265;360;272;272;309.172;308.883;60;264.086;1;0;;;933.311;1;1
811;0.4;52.7315;27.4;10.8401;40.0868;25.8;266;305.411;269.473;265;360;272;272;308.883;308.738;60;264.081;1;0;;;932.431;1;1
812;0.4;52.2367;27.4;10.7749;39.8958;25.8;253;305.758;269.719;265;360;272;272;309.172;308.883;60;264.075;1;0;;;931.992;1;1
813;0.4;51.8316;27.4;10.7094;40.0897;25.8;259;306.033;269.719;265;360;272;272;309.028;308.738;60;264.066;1;0;;;929.471;1;1
814;0.4;52.1354;27.4;10.754;40.1881;25.8;257;306.149;269.705;265;360;272;272;309.028;308.883;60;264.059;1;0;;;928.592;1;1
815;0.4;51.8287;27.4;10.6545;39.9855;25.8;250;306.612;269.423;265;360;272;272;309.172;308.883;60;264.053;1;0;;;928.153;1;1
816;0.4;52.3756;27.4;10.7486;40.1852;25.8;244;306.496;269.401;265;360;272;272;309.172;308.883;60;264.047;1;0;;;927.714;1;1
817;0.4;52.338;27.4;10.7592;40.1881;25.8;238;306.496;269.394;265;360;272;272;309.172;308.738;60;264.03;1;0;;;926.217;1;1
818;0.4;52.2338;27.5;11.0924;40.081;25.8;244;307.089;269.394;265;360;272;272;309.172;308.883;60;264.015;1;0;;;925.34;1;1
819;0.4;52.0341;27.5;10.9773;39.9855;25.9;236;307.046;269.654;265;360;272;272;309.172;308.883;60;264.01;1;0;;;924.901;1;1
820;0.4;52.3322;27.5;11.095;40.0897;25.9;225;307.06;269.64;265;360;272;272;309.172;308.883;60;264.009;1;0;;;922.775;1;1
821;0.4;52.338;27.5;11.1145;40.0868;25.9;231;307.205;269.633;265;360;272;272;309.172;308.883;60;264.008;1;0;;;922.337;1;1
822;0.4;52.6447;27.5;11.1429;39.7888;25.9;231;307.306;269.625;265;360;272;272;309.172;308.883;60;264.012;1;0;"KHP7025     ";;920.115;1;1
823;0.4;52.338;27.5;11.0597;39.6788;25.9;231;308.03;269.604;265;360;272;272;309.172;308.883;60;264.022;1;0;;;919.678;1;1
824;0.4;52.338;27.5;11.0779;40.0926;25.9;231;307.943;269.596;265;360;272;272;309.172;308.883;60;264.031;1;0;;;919.678;1;1
825;0.4;52.0312;27.5;11.0312;40.3935;25.9;225;307.899;269.596;265;360;272;272;309.172;308.883;60;264.042;1;0;;;918.076;1;1
826;0.4;51.9329;27.5;10.9922;40.3935;25.9;225;307.827;269.604;265;360;272;272;309.172;309.028;60;264.06;1;0;;;918.076;1;1
827;0.4;52.4248;27.6;11.4339;40.2894;25.9;222;307.798;269.64;265;360;272;272;309.172;308.883;60;264.076;1;0;;;915.89;1;1
828;0.4;52.2627;27.6;11.4351;40.3935;25.9;210;307.87;269.452;265;360;272;272;309.172;308.883;60;264.091;1;0;;;915.453;1;1
829;0.4;51.8432;27.6;11.3252;40.3935;26;212;307.465;269.452;265;360;272;272;309.172;308.883;60;264.104;1;0;;;915.016;1;1
830;0.4;52.0341;27.6;11.3124;40.1881;26;209;307.509;269.423;265;360;272;272;309.172;308.883;60;264.12;1;0;;;913.269;1;1
831;0.4;52.2367;27.6;11.4294;40.0839;26;214;307.523;269.416;265;360;272;272;309.172;309.028;60;264.138;1;0;;;913.269;1;1
832;0.4;51.93;27.6;11.3079;39.89;26;213;308.044;269.444;265;360;272;272;309.172;308.883;60;264.159;1;0;;;911.047;1;1
833;0.4;52.1354;27.6;11.3891;39.783;26;203;307.364;269.437;265;360;272;272;309.172;309.028;60;264.174;1;0;;;909.738;1;1
834;0.4;51.9387;27.6;11.3098;39.783;26;210;307.277;269.408;265;360;272;272;309.172;308.883;60;264.187;1;0;;;909.302;1;1
835;0.4;52.2367;27.7;11.7293;40.0868;26;197;307.248;269.408;265;360;272;272;309.172;308.883;60;264.208;1;0;;;908.43;1;1
836;0.4;52.1354;27.7;11.743;40.2749;26;189;307.292;269.43;265;360;272;272;309.172;308.883;60;264.23;1;0;;;906.252;1;1
837;0.4;52.0341;27.7;11.6838;40.0376;26;189;307.393;269.423;265;360;272;272;309.172;308.883;60;264.25;1;0;;;904.945;1;1
838;0.4;52.2338;27.7;11.7652;39.9855;26;182;307.48;269.423;265;360;272;272;309.172;308.883;60;264.272;1;0;;;904.945;1;1
839;0.4;52.3409;27.7;11.7344;40.2141;26;174;307.523;269.387;265;360;272;272;309.172;308.883;60;264.29;1;0;;;904.51;1;1
840;0.4;52.2541;27.7;11.7332;40.1881;26;170;307.509;269.416;265;360;272;272;309.172;308.883;60;264.31;1;0;;;903.64;1;1
841;0.4;51.9473;27.7;11.6099;40.0868;26;174;307.451;269.408;265;360;272;272;309.172;308.883;60;264.329;1;0;;;901.465;1;1
842;0.4;51.9329;27.7;11.6611;39.8843;26;169;307.378;269.423;265;360;272;272;309.172;308.883;60;264.343;1;0;;;900.595;1;1
843;0.4;52.1354;27.7;11.7248;39.8843;26;163;307.06;269.387;265;360;272;272;309.172;308.883;60;264.352;1;0;;;900.595;1;1
844;0.4;52.5434;27.7;11.8349;39.8843;26;161;307.031;269.278;265;360;272;272;309.172;308.883;60;264.357;1;0;"KHP7025     ";;899.726;1;1
845;0.4;52.5434;27.7;11.7798;39.9855;26;163;307.118;269.343;265;360;272;272;309.172;308.883;60;264.362;1;0;;;897.989;1;1
846;0.4;52.2685;27.7;11.7548;39.9855;26;162;307.248;269.343;265;360;272;272;309.172;308.883;60;264.366;1;0;;;896.516;1;1
847;0.4;52.0341;27.7;11.7202;40.0868;26;161;306.51;269.321;265;360;272;272;309.172;308.883;60;264.37;1;0;;;895.648;1;1
848;0.4;52.0052;27.8;11.9941;40.1881;26;160;306.453;269.3;265;360;272;272;309.172;308.883;60;264.373;1;0;;;895.648;1;1
849;0.4;51.8287;27.8;11.9534;40.2894;26;167;306.467;269.285;265;360;272;272;309.172;309.028;60;264.376;1;0;;;894.347;1;1
850;0.4;52.0312;27.8;12.0183;40.1881;26;165;306.395;269.271;265;360;272;272;309.172;309.028;60;264.387;1;0;;;892.65;1;1
851;0.4;52.1007;27.8;12.0889;40.2836;26;161;306.047;269.293;265;360;272;272;309.172;309.028;60;264.4;1;0;;;892.216;1;1
852;0.4;52.1354;27.8;12.0788;40.2894;26;164;306.033;269.3;265;360;272;272;309.317;308.883;60;264.411;1;0;;;892.216;1;1
853;0.4;51.985;27.8;11.9713;40.2894;26;169;306.134;269.336;265;360;272;272;309.317;309.028;60;264.424;1;0;;;891.35;1;1
854;0.4;52.0341;27.8;12.0008;40.2894;26;170;305.498;269.321;265;360;272;272;309.317;308.883;60;264.436;1;0;;;890.633;1;1
855;0.4;52.2396;27.8;12.0664;40.2922;26;168;305.57;269.3;265;360;272;272;309.172;308.883;60;264.451;1;0;;;889.334;1;1
856;0.4;52.3409;27.8;12.1081;39.9855;26;175;305.599;269.285;265;360;272;272;309.172;308.883;60;264.467;1;0;;;886.453;1;1
857;0.4;52.2367;27.8;12.0657;39.8843;26;176;305.194;269.271;265;360;272;272;309.028;308.738;60;264.482;1;0;;;886.453;1;1
858;0.4;52.0341;27.8;12.0189;39.9855;26;178;305.093;269.293;265;360;272;272;309.028;308.883;60;264.498;1;0;;;885.588;1;1
859;0.4;52.4913;27.8;12.1245;39.9855;26;191;304.991;269.343;265;360;272;272;309.172;308.883;60;264.516;1;0;;;883.428;1;1
860;0.4;52.3438;27.8;12.1088;39.9855;26;182;304.933;269.336;265;360;272;272;309.028;308.738;60;264.536;1;0;;;883.428;1;1
861;0.4;52.3061;27.8;12.1183;40.1881;26;182;304.557;269.271;265;360;272;272;309.028;308.883;60;264.553;1;0;;;881.552;1;1
862;0.4;52.338;27.8;12.1257;40.3935;26;187;304.716;269.3;265;360;272;272;309.028;308.883;60;264.572;1;0;;;881.193;1;1
863;0.4;52.0168;27.8;12.0695;40.2894;26;187;304.499;269.249;265;360;272;272;309.172;308.738;60;264.598;1;0;;;881.193;1;1
864;0.4;51.93;27.8;12.013;40.3819;26;183;304.109;269.271;265;360;272;272;309.028;308.738;60;264.621;1;0;;;878.476;1;1
865;0.4;52.0689;27.8;12.0452;40.2922;26;183;304.008;269.278;265;360;272;272;309.172;308.883;60;264.642;1;0;;;878.476;1;1
866;0.4;52.2367;27.8;12.084;40.2922;26;182;304.008;269.336;265;360;272;272;309.172;308.883;60;264.66;1;0;;;877.614;1;1
867;0.4;51.9329;27.8;12.0681;40.3762;26;182;304.065;269.336;265;360;272;272;309.028;308.883;60;264.683;1;0;;;875.891;1;1
868;0.4;52.092;27.8;12.0869;40.3906;26;176;304.109;269.321;265;360;272;272;309.172;308.883;60;264.707;1;0;;;875.891;1;1
869;0.4;52.0284;27.8;12.0903;40.515;26;173;303.689;269.307;265;360;272;272;309.172;308.883;60;264.729;1;0;;;874.599;1;1
870;0.4;52.1238;27.7;11.7951;40.2922;26;172;303.675;269.249;265;360;272;272;309.172;308.883;60;264.748;1;0;;;873.308;1;1
871;0.4;52.1325;27.7;11.7606;40.0666;26;174;303.617;269.278;265;360;272;272;309.172;308.883;60;264.765;1;0;;;871.588;1;1
872;0.4;52.1846;27.7;11.7176;40.0868;26;170;303.487;269.271;265;360;272;272;309.172;308.883;60;264.788;1;0;;;871.158;1;1
873;0.4;52.3409;27.7;11.8259;40.1881;26;163;303.443;269.321;265;360;272;272;309.172;308.883;60;264.812;1;0;;;870.836;1;1
874;0.4;52.364;27.7;11.8311;39.9855;26;157;303.472;269.3;265;360;272;272;309.172;309.028;60;264.838;1;0;;;870.836;1;1
875;0.4;52.5405;27.7;11.8526;39.8987;26;150;303.573;269.654;265;360;272;272;309.172;308.883;60;264.859;1;0;;;869.117;1;1
876;0.4;52.4421;27.7;11.922;39.8843;26;147;303.689;269.661;265;360;272;272;309.172;308.883;60;264.884;1;0;;;867.602;1;1
877;0.4;52.338;27.7;11.8618;40.1881;26;146;303.805;269.669;265;360;272;272;309.172;308.738;60;264.908;1;0;;;867.602;1;1
878;0.4;52.3409;27.7;11.8624;40.0868;26;139;303.168;269.661;265;360;272;272;309.172;308.738;60;264.931;1;0;;;866.743;1;1
879;0.4;52.338;27.7;11.8435;39.9855;26.1;137;303.053;269.633;265;360;272;272;309.172;308.883;60;264.953;1;0;;;865.436;1;1
880;0.4;52.4392;27.7;11.8847;39.9103;26.1;136;302.951;269.669;265;360;272;272;309.172;308.883;60;264.978;1;0;;;863.292;1;1
881;0.4;52.1354;27.7;11.8341;39.9855;26.1;134;302.937;269.314;265;360;272;272;309.172;308.883;60;265.003;1;0;;;860.526;1;1
882;0.4;51.93;27.7;11.733;39.8843;26.1;127;302.662;269.285;265;360;272;272;309.172;308.883;60;265.025;1;0;;;860.526;1;1
883;0.4;51.8287;27.7;11.7645;40.0868;26.1;132;302.778;269.271;265;360;272;272;309.172;308.738;60;265.057;1;0;;;860.098;1;1
884;0.4;51.8113;27.7;11.7424;40.1881;26.1;129;302.865;269.64;265;360;272;272;309.028;308.883;60;265.085;1;0;;;859.618;1;1
885;0.4;52.0312;27.7;11.8105;40.2922;26.1;118;302.156;269.64;265;360;272;272;309.028;308.883;60;265.118;1;0;;;858.762;1;1
886;0.4;52.173;27.7;11.8244;40.2894;26.1;113;301.968;269.416;265;360;272;272;309.028;308.738;60;265.147;1;0;;;857.906;1;1
887;0.4;52.0399;27.7;11.8124;40.3906;26.1;117;301.924;269.437;265;360;272;272;309.172;308.883;60;265.176;1;0;;;856.58;1;1
888;0.4;51.8837;27.7;11.777;40.3935;26.1;114;301.23;269.437;265;360;272;272;309.028;308.883;60;265.201;1;0;;;856.153;1;1
889;0.4;51.93;27.7;11.7693;40.3906;26.1;117;301.722;269.712;265;360;272;272;309.172;308.883;60;265.236;1;0;;;854.87;1;1
890;0.4;52.4421;27.7;11.922;40.2894;26.1;111;301.157;269.43;265;360;272;272;309.172;308.883;60;265.269;1;0;;;854.443;1;1
891;0.4;52.4392;27.7;11.9397;40.1881;26.1;114;301.1;269.43;265;360;272;272;309.172;308.883;60;265.299;1;0;"KHP7025     ";;853.162;1;1
892;0.4;52.338;27.7;11.8984;40.0868;26.1;114;300.246;269.437;265;360;272;272;309.172;308.883;60;265.333;1;0;;;850.54;1;1
893;0.4;52.4537;27.7;11.9063;40.1881;26.1;104;300.159;269.43;265;360;272;272;309.172;308.883;60;265.366;1;0;;;850.54;1;1
894;0.4;52.5405;27.7;11.9444;40.1881;26.1;102;300.13;269.423;265;360;272;272;309.172;308.883;60;265.403;1;0;;;850.54;1;1
895;0.4;52.338;27.7;11.8984;39.9855;26.1;99;299.942;269.437;265;360;272;272;309.172;308.883;60;265.437;1;0;;;849.687;1;1
896;0.4;52.1181;27.7;11.8302;40.2894;26.1;100;300.087;269.43;265;360;272;272;309.172;308.883;60;265.473;1;0;;;848.408;1;1
897;0.4;51.9271;27.7;11.7868;40.1881;26.1;97;299.407;269.437;265;360;272;272;309.172;308.883;60;265.52;1;0;;;846.334;1;1
898;0.4;51.8287;27.7;11.7464;40.0752;26.1;97;299.407;269.437;265;360;272;272;309.172;308.883;60;265.56;1;0;;;845.483;1;1
899;0.4;52.1354;27.7;11.8159;40.0868;26.1;93;299.031;269.452;265;360;272;272;309.028;308.883;60;265.592;1;0;;;845.483;1;1
900;0.4;52.3409;27.6;11.5437;40.2402;26.1;93;298.958;269.452;265;360;272;272;309.028;308.738;60;265.627;1;0;;;845.057;1;1
901;0.4;52.338;27.6;11.5064;40.3935;26.1;87;298.249;269.495;265;360;272;272;309.028;308.883;60;265.663;1;0;;;844.629;1;1
902;0.4;52.4248;27.6;11.5622;40.2894;26;84;298.206;269.51;265;360;272;272;309.028;308.883;60;265.698;1;0;;;842.502;1;1
903;0.4;52.2367;27.6;11.5024;40.1881;26;86;297.902;269.618;265;360;272;272;309.172;308.883;60;265.734;1;0;;;841.652;1;1
904;0.4;52.1354;27.6;11.4801;39.9855;26;82;298.047;269.618;265;360;272;272;309.172;308.883;60;265.767;1;0;;;840.041;1;1
905;0.4;52.3409;27.6;11.5619;39.8843;26;79;297.642;269.64;265;360;272;272;309.172;308.883;60;265.796;1;0;;;839.616;1;1
906;0.4;52.0978;27.6;11.4537;40.0868;26;74;297.613;269.647;265;360;272;272;309.028;308.883;60;265.818;1;0;;;839.063;1;1
907;0.4;52.0312;27.6;11.5117;40.0868;26;74;296.976;269.64;265;360;272;272;309.028;308.883;60;265.841;1;0;;;837.617;1;1
908;0.4;52.2396;27.6;11.4483;39.9855;26;71;296.861;269.633;265;360;272;272;309.172;308.738;60;265.859;1;0;;;836.107;1;1
909;0.4;52.6447;27.6;11.6474;40.1881;26;69;296.369;269.806;265;360;272;272;309.028;308.883;60;265.875;1;0;;;834.835;1;1
910;0.4;52.4277;27.6;11.5628;40.1852;26;75;296.398;269.792;265;360;272;272;309.028;308.883;60;265.889;1;0;;;833.607;1;1
911;0.4;52.4392;27.6;11.5287;39.945;26;72;295.949;269.777;265;360;272;272;309.028;308.883;60;265.901;1;0;;;833.408;1;1
912;0.4;52.4363;27.6;11.5098;40.0608;26;75;296.021;269.77;265;360;272;272;309.172;308.883;60;265.912;1;0;;;832.951;1;1
913;0.4;52.338;27.5;11.2242;40.2922;26;72;295.689;269.763;265;360;272;272;309.172;308.883;60;265.922;1;0;;;831.002;1;1
914;0.4;52.5405;27.5;11.2126;40.3935;26;78;294.951;269.792;265;360;272;272;309.172;308.883;60;265.93;1;0;;;829.732;1;1
915;0.4;52.4421;27.5;11.1916;40.3906;26;79;294.835;269.835;265;360;272;272;309.172;308.883;60;265.94;1;0;;;828.463;1;1
916;0.4;52.4392;27.5;11.191;40.0868;26;79;294.372;269.821;265;360;272;272;309.172;308.883;60;265.947;1;0;;;828.463;1;1
917;0.4;52.4392;27.5;11.1727;40.0868;26;87;294.372;269.813;265;360;272;272;309.172;308.883;60;265.953;1;0;;;828.058;1;1
918;0.4;52.338;27.5;11.1328;40.3125;26;91;293.822;269.799;265;360;272;272;309.172;308.883;60;265.955;1;0;;;826.368;1;1
919;0.4;52.1065;27.5;11.1564;40.3906;26;97;293.953;269.784;265;360;272;272;309.172;308.883;60;265.958;1;0;;;825.349;1;1
920;0.4;52.0341;27.5;11.1046;40.2054;26;100;293.649;269.777;265;360;272;272;309.172;308.883;60;265.957;1;0;;;824.504;1;1
921;0.4;52.0341;27.5;11.1227;40.11;26;104;293.562;269.763;265;360;272;272;309.028;308.883;60;265.961;1;0;;;822.816;1;1
922;0.4;51.93;27.5;11.0823;40.0868;26;106;292.81;269.77;265;360;272;272;309.028;308.883;60;265.965;1;0;;;822.816;1;1
923;0.4;51.9387;27.4;10.7497;40.3733;26;111;292.694;270.175;265;360;272;272;309.172;308.883;60;265.969;1;0;;;820.707;1;1
924;0.4;51.93;27.4;10.766;40.3819;26;117;292.694;270.197;265;360;272;272;309.172;308.883;60;265.972;1;0;;;819.864;1;1
925;0.4;52.338;27.4;10.8506;40.2894;26;124;292.462;270.204;265;360;272;272;309.028;308.883;60;265.972;1;0;;;819.249;1;1
926;0.4;52.0312;27.4;10.7689;40.2894;26;133;292.535;270.197;265;360;272;272;309.028;308.883;60;265.975;1;0;;;817.564;1;1
927;0.4;52.2396;27.4;10.8667;40.2054;26;134;292.65;270.204;265;360;272;272;309.028;308.883;60;265.978;1;0;;;817.185;1;1
928;0.4;52.1991;27.4;10.8401;40.1881;26;133;292.665;270.211;265;360;272;272;309.028;308.883;60;265.983;1;0;;;816.764;1;1
929;0.4;52.0341;27.4;10.7695;40.2922;26;135;291.884;270.19;265;360;272;272;309.028;308.883;60;265.991;1;0;;;816.343;1;1
930;0.4;52.0544;27.4;10.7918;40.0868;26;135;291.768;270.19;265;360;272;272;309.172;308.883;60;266.006;1;0;;;816.343;1;1
931;0.4;52.1354;27.4;10.8451;40.0579;26;146;291.696;270.175;265;360;272;272;309.172;308.883;60;266.018;1;0;;;813.551;1;1
932;0.4;51.93;27.3;10.4316;40.0868;26;145;291.768;270.175;265;360;272;272;309.028;308.883;60;266.037;1;0;;;812.851;1;1
933;0.4;52.1007;27.3;10.4477;40.0868;26;144;291.84;270.298;265;360;272;272;309.172;308.883;60;266.053;1;0;;;812.431;1;1
934;0.4;52.2454;27.3;10.495;40.026;26;144;291.927;270.284;265;360;272;272;309.172;308.883;60;266.07;1;0;;;811.75;1;1
935;0.4;52.338;27.3;10.5867;39.8843;26;141;291.97;270.269;265;360;272;272;309.172;308.883;60;266.094;1;0;;;810.91;1;1
936;0.4;52.2396;27.3;10.5485;39.8843;26;140;291.869;270.255;265;360;272;272;309.172;308.883;60;266.118;1;0;;;808.811;1;1
937;0.4;52.4392;27.3;10.5705;39.8843;26;140;291.797;270.276;265;360;272;272;309.172;308.883;60;266.139;1;0;;;807.133;1;1
938;0.4;52.1615;27.3;10.5692;40.1881;26;139;291.71;270.312;265;360;272;272;309.172;309.028;60;266.157;1;0;;;805.875;1;1
939;0.4;52.0341;27.3;10.4889;40.0984;26;126;292.303;270.334;265;360;272;272;309.172;309.028;60;266.168;1;0;;;805.875;1;1
940;0.4;51.93;27.3;10.5405;40.0897;26;119;292.376;270.312;265;360;272;272;309.172;308.883;60;266.183;1;0;;;805.456;1;1
941;0.4;51.9329;27.3;10.5048;40.1881;26;111;292.491;270.298;265;360;272;272;309.172;309.028;60;266.195;1;0;;;803.456;1;1
942;0.4;51.9329;27.3;10.5048;40.4485;26;100;292.477;270.284;265;360;272;272;309.172;309.028;60;266.204;1;0;;;803.226;1;1
943;0.4;51.8258;27.3;10.5193;40.4803;26;96;292.491;270.276;265;360;272;272;309.172;308.883;60;266.214;1;0;;;801.133;1;1
944;0.4;52.0312;27.3;10.5065;40.4282;26;92;292.332;270.276;265;360;272;272;309.172;308.883;60;266.222;1;0;;;801.133;1;1
945;0.4;52.0515;27.3;10.5833;40.2894;26;91;292.477;270.269;265;360;272;272;309.172;308.883;60;266.233;1;0;;;800.925;1;1
946;0.4;52.4392;27.3;10.7171;40.0868;26;90;292.13;270.341;265;360;272;272;309.172;308.883;60;266.241;1;0;;;800.308;1;1
947;0.4;52.3351;27.3;10.641;40.2894;26;84;292.13;270.327;265;360;272;272;309.172;308.883;60;266.249;1;0;;;799.471;1;1
948;0.4;52.2367;27.3;10.6027;40.3935;26;80;292.216;270.508;265;360;272;272;309.028;308.883;60;266.254;1;0;;;797.04;1;1
949;0.4;52.1036;27.3;10.6303;40.3906;26.1;79;292.289;270.457;265;360;272;272;309.028;308.883;60;266.259;1;0;;;796.623;1;1
950;0.4;52.1354;27.3;10.6368;40.1881;26.1;79;292.347;270.457;265;360;272;272;309.028;308.883;60;266.266;1;0;;;795.37;1;1
951;0.4;52.3409;27.3;10.6604;40.1881;26.1;71;292.361;270.45;265;360;272;272;309.172;308.883;60;266.271;1;0;;;794.535;1;1
952;0.4;52.2367;27.3;10.6575;40.0839;26.1;65;291.884;270.479;265;360;272;272;309.172;308.883;60;266.273;1;0;;;794.118;1;1
953;0.4;52.4392;27.3;10.7171;40.1765;26.1;64;291.768;270.479;265;360;272;272;309.028;308.883;60;266.269;1;0;;;793.284;1;1
954;0.4;52.338;27.3;10.7147;39.9855;26.1;74;291.696;270.472;265;360;272;272;309.028;308.883;60;266.263;1;0;;;791.925;1;1
955;0.4;52.0341;27.3;10.6707;39.9682;26.1;74;291.667;270.414;265;360;272;272;309.028;308.738;60;266.258;1;0;;;790.597;1;1
956;0.4;52.1354;27.3;10.7097;39.9884;26.1;74;291.088;270.435;265;360;272;272;309.028;308.883;60;266.252;1;0;;;788.099;1;1
957;0.4;52.338;27.3;10.7513;40.0868;26.1;79;291.131;270.428;265;360;272;272;309.172;308.738;60;266.242;1;0;;;787.683;1;1
958;0.4;52.338;27.3;10.7147;40.0868;26.1;93;291.233;270.407;265;360;272;272;309.028;308.738;60;266.236;1;0;;;787.267;1;1
959;0.4;52.3003;27.3;10.7984;40.0868;26.1;94;291.247;270.385;265;360;272;272;309.028;308.883;60;266.231;1;0;;;787.142;1;1
960;0.4;52.4392;27.3;10.7904;39.9884;26;93;290.871;270.378;265;360;272;272;309.028;308.883;60;266.221;1;0;;;784.923;1;1
961;0.4;52.338;27.3;10.7513;39.9855;26;94;290.726;270.407;265;360;272;272;309.028;308.738;60;266.216;1;0;;;783.031;1;1
962;0.4;52.1383;27.3;10.7285;39.8843;26;103;290.639;270.414;265;360;272;272;309.028;308.738;60;266.208;1;0;;;782.615;1;1
963;0.4;52.1354;27.3;10.6915;39.783;26;106;290.654;270.414;265;360;272;272;308.883;308.883;60;266.197;1;0;;;780.91;1;1
964;0.4;51.93;27.3;10.7219;40.0868;26;108;290.842;270.725;265;360;272;272;309.028;308.738;60;266.184;1;0;;;780.91;1;1
965;0.4;52.1383;27.3;10.7649;40.0868;26;113;290.856;270.855;265;360;272;272;309.028;308.738;60;266.174;1;0;;;780.495;1;1
966;0.4;52.338;27.3;10.8244;40.0897;26;113;290.914;270.841;265;360;272;272;309.028;308.883;60;266.166;1;0;"KHP7025     ";;780.032;1;1
967;0.4;52.5405;27.3;10.8296;40.2922;26;113;290.104;270.826;265;360;272;272;309.028;308.738;60;266.152;1;0;;;780.032;1;1
968;0.4;52.5434;27.3;10.8119;40.3935;26;117;289.959;270.812;265;360;272;272;309.028;308.738;60;266.143;1;0;;;776.223;1;1
969;0.4;52.2598;27.3;10.7718;40.1968;26;135;289.858;270.804;265;360;272;272;309.172;308.738;60;266.132;1;0;;;775.395;1;1
970;0.4;52.4421;27.3;10.8643;40.1881;26;140;289.829;270.79;265;360;272;272;309.028;308.738;60;266.127;1;0;;;774.567;1;1
971;0.4;52.0312;27.3;10.761;40.1881;26;141;289.887;270.783;265;360;272;272;309.028;308.738;60;266.124;1;0;;;774.153;1;1
972;0.4;52.037;27.2;10.4271;40.0868;26;141;289.974;270.819;265;360;272;272;309.028;308.883;60;266.121;1;0;;;773.74;1;1
973;0.4;51.9329;27.2;10.4244;40.1997;26;143;290.061;270.855;265;360;272;272;309.028;308.738;60;266.118;1;0;;;772.085;1;1
974;0.4;51.9416;27.2;10.408;40.2488;26;148;290.914;270.848;265;360;272;272;309.028;308.738;60;266.114;1;0;;;771.331;1;1
975;0.4;51.93;27.2;10.4056;39.9855;26;148;290.842;270.833;265;360;272;272;309.028;308.738;60;266.11;1;0;;;769.501;1;1
976;0.4;51.7303;27.2;10.3656;39.9711;26;142;290.726;270.826;265;360;272;272;309.028;308.738;60;266.105;1;0;;;769.088;1;1
977;0.4;51.6059;27.2;10.3046;39.9826;26;141;290.625;270.812;265;360;272;272;308.883;308.738;60;266.093;1;0;;;769.088;1;1
978;0.4;51.93;27.2;10.4419;40.162;26;141;290.683;270.797;265;360;272;272;309.028;308.594;60;266.081;1;0;;;768.631;1;1
979;0.4;52.2338;27.2;10.4483;40.0868;26;141;290.77;270.79;265;360;272;272;309.028;308.738;60;266.072;1;0;"KHP7025     ";;767.758;1;1
980;0.4;52.2367;27.2;10.4853;40.1881;26;141;290.885;270.819;265;360;272;272;309.028;308.883;60;266.063;1;0;;;765.695;1;1
981;0.4;51.9329;27.2;10.4244;40.4948;26;142;291.233;270.855;265;360;272;272;309.028;308.738;60;266.047;1;0;;;764.87;1;1
982;0.4;52.202;27.2;10.5148;40.2894;26;141;291.131;270.848;265;360;272;272;309.028;308.738;60;266.03;1;0;;;763.245;1;1
983;0.4;52.1354;27.2;10.5014;40.2344;26;130;291.073;270.833;265;360;272;272;308.883;308.738;60;266.015;1;0;;;760.552;1;1
984;0.4;52.0312;27.2;10.4623;40.2922;26;136;291.059;270.826;265;360;272;272;309.028;308.738;60;265.994;1;0;;;760.552;1;1
985;0.4;52.0341;27.3;10.7798;40.0868;26;141;290.958;270.804;265;360;272;272;309.028;308.738;60;265.974;1;0;;;759.729;1;1
986;0.4;52.2309;27.3;10.8023;39.9855;26;142;290.9;270.797;265;360;272;272;309.028;308.738;60;265.955;1;0;"KHP7025     ";;758.906;1;1
987;0.4;52.2367;27.3;10.8582;39.8843;26;143;290.987;270.79;265;360;272;272;309.028;308.738;60;265.931;1;0;;;758.495;1;1
988;0.4;52.2367;27.3;10.8217;40.2778;26;145;291.073;270.804;265;360;272;272;309.028;308.738;60;265.905;1;0;;;756.13;1;1
989;0.4;52.0341;27.3;10.7434;40.1881;26;152;291.942;270.558;265;360;272;272;309.028;308.738;60;265.882;1;0;;;755.719;1;1
990;0.4;52.1296;27.3;10.7631;40.1881;26;158;291.898;270.551;265;360;272;272;309.028;308.738;60;265.862;1;0;;;755.684;1;1
991;0.4;52.2367;27.3;10.8035;40.0868;26;154;291.782;270.537;265;360;272;272;308.883;308.738;60;265.844;1;0;;;754.863;1;1
992;0.4;52.0544;27.3;10.7658;39.9855;26.1;157;291.696;270.53;265;360;272;272;309.028;308.738;60;265.823;1;0;;;754.042;1;1
993;0.4;52.1354;27.3;10.8736;40.0868;26.1;160;291.652;270.501;265;360;272;272;308.883;308.738;60;265.806;1;0;;;752.775;1;1
994;0.4;51.6725;27.3;10.6868;40.0868;26.1;166;291.768;270.479;265;360;272;272;309.028;308.738;60;265.789;1;0;;;752.365;1;1
995;0.4;51.7043;27.3;10.7114;40.0926;26.1;170;291.869;270.464;265;360;272;272;309.028;308.738;60;265.777;1;0;;;749.775;1;1
996;0.4;51.6262;27.3;10.6412;40.1881;26.1;177;292.289;270.45;265;360;272;272;309.028;308.738;60;265.762;1;0;;;749.075;1;1
997;0.4;51.6175;27.3;10.6033;39.8872;26.1;179;292.188;270.443;265;360;272;272;309.028;308.594;60;265.749;1;0;;;747.028;1;1
998;0.4;52.0312;27.3;10.6883;40.0897;26.1;170;292.115;270.428;265;360;272;272;309.028;308.738;60;265.737;1;0;;;747.028;1;1
999;0.4;52.4855;27.3;10.8183;40.1881;26.1;170;292.057;270.435;265;360;272;272;308.883;308.738;60;265.721;1;0;"KHP7025     ";;746.619;1;1
1000;0.4;52.1152;27.3;10.7055;40.0868;26.1;177;291.942;270.428;265;360;272;272;309.028;308.594;60;265.708;1;0;;;745.801;1;1
1001;0.4;52.0312;27.3;10.7065;40.1881;26.1;177;292.766;270.407;265;360;272;272;309.028;308.738;60;265.695;1;0;;;745.801;1;1
1002;0.4;52.0284;27.3;10.7604;40.1881;26.1;174;292.882;270.407;265;360;272;272;309.028;308.738;60;265.679;1;0;"KHP7025     ";;743.925;1;1
1003;0.4;52.1354;27.3;10.6915;40.1881;26.1;174;292.969;270.399;265;360;272;272;309.028;308.738;60;265.67;1;0;;;742.291;1;1
1004;0.4;52.2367;27.3;10.7487;40.1881;26.1;177;292.882;270.407;265;360;272;272;309.028;308.738;60;265.662;1;0;;;741.086;1;1
1005;0.4;52.0428;27.3;10.6907;39.9855;26.1;179;293.07;270.407;265;360;272;272;309.028;308.594;60;265.655;1;0;;;739.744;1;1
1006;0.4;51.9242;27.3;10.6481;40.0839;26.1;180;292.94;270.414;265;360;272;272;308.883;308.594;60;265.649;1;0;;;739.744;1;1
1007;0.4;51.9329;27.4;11.0388;39.9277;26.1;174;292.983;270.435;265;360;272;272;308.883;308.738;60;265.644;1;0;;;738.928;1;1
1008;0.4;52.0515;27.4;11.0277;39.9855;26.1;175;293.808;270.472;265;360;272;272;308.883;308.594;60;265.639;1;0;;;738.113;1;1
1009;0.4;51.9358;27.4;10.985;40.0868;26.1;174;293.909;270.472;265;360;272;272;308.883;308.594;60;265.634;1;0;"KHP7025     ";;737.297;1;1
1010;0.4;51.93;27.4;11.0019;40.0868;26.2;170;293.981;270.349;265;360;272;272;309.028;308.594;60;265.631;1;0;;;735.26;1;1
1011;0.4;52.1354;27.4;11.009;40.0868;26.2;169;294.17;270.327;265;360;272;272;308.883;308.594;60;265.624;1;0;;;734.393;1;1
1012;0.4;52.1123;27.4;10.9859;39.8843;26.2;168;294.025;270.32;265;360;272;272;308.883;308.594;60;265.619;1;0;;;732.564;1;1
1013;0.4;52.338;27.4;11.0518;40.0781;26.2;162;293.938;270.305;265;360;272;272;309.028;308.594;60;265.611;1;0;;;732.564;1;1
1014;0.4;52.5405;27.4;11.0578;40.191;26.2;155;294.763;270.298;265;360;272;272;308.883;308.594;60;265.602;1;0;;;731.751;1;1
1015;0.4;52.5405;27.4;11.0211;40.1881;26.2;156;294.893;270.284;265;360;272;272;308.883;308.594;60;265.591;1;0;;;731.751;1;1
1016;0.4;52.1354;27.4;10.9544;39.9855;26.2;149;294.98;270.262;265;360;272;272;308.883;308.594;60;265.581;1;0;;;731.005;1;1
1017;0.4;52.1354;27.4;10.9361;39.8843;26.2;147;295.009;270.327;265;360;272;272;308.883;308.594;60;265.57;1;0;;;728.865;1;1
1018;0.4;51.93;27.4;10.893;39.8843;26.2;147;294.878;270.356;265;360;272;272;308.883;308.449;60;265.55;1;0;;;728.053;1;1
1019;0.4;52.1788;27.5;11.2813;39.783;26.2;150;294.806;270.349;265;360;272;272;308.883;308.449;60;265.533;1;0;;;725.782;1;1
1020;0.4;52.3495;27.5;11.3365;39.783;26.2;151;294.951;270.327;265;360;272;272;308.883;308.738;60;265.518;1;0;;;725.376;1;1
1021;0.4;52.1354;27.5;11.2355;39.6817;26.2;148;295.023;270.312;265;360;272;272;308.883;308.594;60;265.496;1;0;;;724.971;1;1
1022;0.4;52.2367;27.5;11.239;39.809;26.2;146;295.095;270.298;265;360;272;272;309.028;308.594;60;265.474;1;0;;;724.16;1;1
1023;0.4;52.1354;27.5;11.199;39.9942;26.2;145;295.168;270.291;265;360;272;272;308.883;308.594;60;265.455;1;0;;;724.16;1;1
1024;0.4;52.4392;27.5;11.246;40.2894;26.2;146;295.226;270.291;265;360;272;272;308.883;308.594;60;265.438;1;0;;;723.755;1;1
1025;0.4;52.6562;27.5;11.3109;40.3762;26.3;145;295.211;269.886;265;360;272;272;308.883;308.594;60;265.422;1;0;;;722.619;1;1
1026;0.4;52.6707;27.5;11.3324;40.2749;26.3;156;295.124;269.944;265;360;272;272;308.883;308.594;60;265.402;1;0;;;720.595;1;1
1027;0.4;52.5984;27.5;11.3169;40.0868;26.3;164;295.761;269.973;265;360;272;272;308.883;308.449;60;265.382;1;0;;;719.097;1;1
1028;0.4;52.2367;27.5;11.2025;40.1128;26.3;159;295.761;269.951;265;360;272;272;308.738;308.449;60;265.361;1;0;;;717.884;1;1
1029;0.4;52.338;27.6;11.5064;39.9855;26.3;157;295.862;269.951;265;360;272;272;308.883;308.449;60;265.336;1;0;;;717.076;1;1
1030;0.4;52.1296;27.6;11.5153;40.0839;26.3;161;295.978;269.915;265;360;272;272;308.883;308.449;60;265.319;1;0;;;716.672;1;1
1031;0.4;51.6233;27.6;11.3493;40.0868;26.3;162;296.007;269.958;265;360;272;272;308.738;308.449;60;265.296;1;0;;;715.784;1;1
1032;0.4;51.4207;27.6;11.3407;40.1881;26.3;166;295.92;269.951;265;360;272;272;308.883;308.449;60;265.274;1;0;;;714.976;1;1
1033;0.4;51.4207;27.6;11.3228;40.0868;26.3;173;295.804;269.922;265;360;272;272;308.738;308.449;60;265.254;1;0;;;713.484;1;1
1034;0.4;51.6262;27.6;11.35;39.9826;26.3;180;295.775;269.886;265;360;272;272;308.738;308.449;60;265.242;1;0;;;712.184;1;1
1035;0.4;51.6262;27.6;11.2959;39.8843;26.3;181;295.775;270.168;265;360;272;272;308.738;308.449;60;265.229;1;0;;;710.399;1;1
1036;0.4;51.8866;27.6;11.3891;39.6701;26.3;180;296.615;270.161;265;360;272;272;308.883;308.304;60;265.214;1;0;;;709.19;1;1
1037;0.4;51.7274;27.6;11.2999;39.783;26.3;191;296.701;270.153;265;360;272;272;308.738;308.449;60;265.202;1;0;;;708.385;1;1
1038;0.4;52.0341;27.6;11.4215;39.783;26.3;192;296.73;270.153;265;360;272;272;308.738;308.449;60;265.19;1;0;;;707.983;1;1
1039;0.4;51.93;27.6;11.3442;39.8872;26.3;183;296.672;269.777;265;360;272;272;308.738;308.449;60;265.18;1;0;;;707.178;1;1
1040;0.4;51.8287;27.6;11.3583;39.9855;26.3;183;296.586;269.835;265;360;272;272;308.738;308.449;60;265.171;1;0;;;707.178;1;1
1041;0.4;51.8287;27.6;11.3039;40.1881;26.3;196;296.484;269.828;265;360;272;272;308.738;308.449;60;265.166;1;0;;;705.623;1;1
1042;0.4;52.1354;27.6;11.3708;39.9855;26.3;199;296.774;269.813;265;360;272;272;308.738;308.304;60;265.151;1;0;;;704.417;1;1
1043;0.4;51.93;27.6;11.3623;39.9855;26.3;191;296.875;269.799;265;360;272;272;308.594;308.304;60;265.134;1;0;;;703.022;1;1
1044;0.4;51.93;27.6;11.3079;39.8843;26.3;187;296.991;269.784;265;360;272;272;308.594;308.304;60;265.119;1;0;;;700.637;1;1
1045;0.4;52.1354;27.7;11.7248;39.6788;26.3;189;297.063;269.77;265;360;272;272;308.738;308.304;60;265.106;1;0;;;699.835;1;1
1046;0.4;52.419;27.7;11.8069;39.8843;26.3;190;297.743;269.763;265;360;272;272;308.738;308.304;60;265.093;1;0;;;699.835;1;1
1047;0.4;52.338;27.7;11.6972;39.9074;26.3;190;297.758;269.763;265;360;272;272;308.738;308.304;60;265.077;1;0;;;699.033;1;1
1048;0.4;52.1354;27.7;11.6337;40.0463;26.3;188;297.685;269.77;265;360;272;272;308.738;308.304;60;265.056;1;0;;;699.033;1;1
1049;0.4;52.1354;27.7;11.6155;39.8843;26.3;194;297.598;269.835;265;360;272;272;308.738;308.304;60;265.039;1;0;;;697.83;1;1
1050;0.4;52.1152;27.7;11.6292;39.8843;26.3;195;297.555;269.727;265;360;272;272;308.738;308.449;60;265.023;1;0;;;697.029;1;1
1051;0.4;51.93;27.7;11.6242;39.8843;26.4;195;297.627;269.698;265;360;272;272;308.738;308.449;60;265.009;1;0;;;695.828;1;1
1052;0.4;52.1354;27.7;11.6337;39.6788;26.4;196;297.729;269.698;265;360;272;272;308.738;308.304;60;264.989;1;0;;;694.033;1;1
1053;0.4;52.2367;27.7;11.6016;39.592;26.4;196;298.061;269.676;265;360;272;272;308.738;308.304;60;264.968;1;0;;;692.596;1;1
1054;0.4;52.1354;27.7;11.5791;39.6788;26.4;196;298.105;269.669;265;360;272;272;308.594;308.304;60;264.947;1;0;;;691.686;1;1
1055;0.4;52.0341;27.7;11.6111;39.6933;26.4;194;297.975;269.654;265;360;272;272;308.594;308.304;60;264.924;1;0;;;691.686;1;1
1056;0.4;51.93;27.7;11.5516;39.7975;26.4;196;297.873;269.647;265;360;272;272;308.594;308.304;60;264.898;1;0;;;690.887;1;1
1057;0.4;51.5249;27.7;11.4615;39.9855;26.4;205;297.873;269.459;265;360;272;272;308.594;308.304;60;264.875;1;0;;;690.487;1;1
1058;0.4;51.5278;27.8;11.794;40.1881;26.4;205;298.365;269.488;265;360;272;272;308.594;308.304;60;264.855;1;0;;;688.89;1;1
1059;0.4;51.7303;27.8;11.8223;39.9855;26.4;208;298.756;269.611;265;360;272;272;308.594;308.304;60;264.837;1;0;;;688.222;1;1
1060;0.4;51.93;27.8;11.8497;39.8814;26.4;213;298.568;269.502;265;360;272;272;308.594;308.304;60;264.818;1;0;;;688.222;1;1
1061;0.4;51.9271;27.8;11.8491;39.6788;26.4;215;298.51;269.256;265;360;272;272;308.594;308.304;60;264.799;1;0;;;684.575;1;1
1062;0.4;51.7737;27.8;11.8322;39.8843;26.4;218;299.002;269.3;265;360;272;272;308.594;308.304;60;264.778;1;0;;;684.575;1;1
1063;0.4;51.4178;27.8;11.7508;39.9855;26.5;217;298.872;269.285;265;360;272;272;308.594;308.304;60;264.759;1;0;;;683.434;1;1
1064;0.4;51.522;27.8;11.7386;40.0868;26.5;213;298.828;269.264;265;360;272;272;308.449;308.304;60;264.742;1;0;;;681.762;1;1
1065;0.4;51.8287;27.8;11.7542;40.0868;26.5;219;298.886;269.242;265;360;272;272;308.449;308.304;60;264.725;1;0;;;681.257;1;1
1066;0.4;51.7274;27.8;11.7493;40.0868;26.5;222;299.494;269.227;265;360;272;272;308.594;308.304;60;264.711;1;0;;;680.125;1;1
1067;0.4;51.8287;27.8;11.7361;40.0868;26.5;217;299.595;269.227;265;360;272;272;308.594;308.304;60;264.698;1;0;;;680.125;1;1
1068;0.4;51.901;27.8;11.7706;40.0897;26.5;219;299.667;269.264;265;360;272;272;308.594;308.304;60;264.678;1;0;;;679.727;1;1
1069;0.4;51.93;27.9;12.1479;40.0608;26.5;220;299.653;269.3;265;360;272;272;308.594;308.304;60;264.658;1;0;;;678.932;1;1
1070;0.4;51.8287;27.9;12.0518;40.0492;26.5;226;300.058;269.285;265;360;272;272;308.594;308.304;60;264.64;1;0;;;676.549;1;1
1071;0.4;51.7274;27.9;12.0282;39.8843;26.5;223;299.971;269.271;265;360;272;272;308.594;308.449;60;264.619;1;0;;;675.485;1;1
1072;0.4;51.93;27.9;12.0572;40.0897;26.5;220;299.899;269.256;265;360;272;272;308.594;308.16;60;264.601;1;0;;;673.898;1;1
1073;0.4;52.2367;27.9;12.1466;39.8843;26.5;224;300.463;269.235;265;360;272;272;308.594;308.304;60;264.583;1;0;;;672.312;1;1
1074;0.4;52.1354;27.9;12.1595;39.8929;26.5;225;300.55;269.227;265;360;272;272;308.594;308.304;60;264.566;1;0;;;672.312;1;1
1075;0.4;52.1354;27.9;12.1595;39.9855;26.5;218;300.694;269.054;265;360;272;272;308.594;308.304;60;264.549;1;0;;;671.196;1;1
1076;0.4;52.3524;27.9;12.1553;40.0868;26.5;223;300.81;269.083;265;360;272;272;308.594;308.304;60;264.532;1;0;;;670.445;1;1
1077;0.4;52.0052;27.9;12.0746;40.1968;26.6;229;301.157;269.097;265;360;272;272;308.594;308.304;60;264.517;1;0;;;670.049;1;1
1078;0.4;52.2338;27.9;12.1095;40.1881;26.6;224;301.013;269.09;265;360;272;272;308.594;308.304;60;264.504;1;0;;;668.862;1;1
1079;0.4;52.1354;28;12.4224;39.8814;26.6;223;300.911;269.112;265;360;272;272;308.594;308.304;60;264.492;1;0;;;668.862;1;1
1080;0.4;52.3177;28;12.5024;39.8814;26.6;227;300.883;269.09;265;360;272;272;308.594;308.304;60;264.481;1;0;;;666.753;1;1
1081;0.4;52.338;28;12.4341;39.6875;26.6;228;301.519;269.083;265;360;272;272;308.594;308.449;60;264.472;1;0;;;665.958;1;1
1082;0.4;52.2367;28;12.4283;39.8177;26.6;227;301.62;269.083;265;360;272;272;308.594;308.449;60;264.469;1;0;;;663.588;1;1
1083;0.4;52.1412;28;12.4056;39.8843;26.6;220;301.722;269.083;265;360;272;272;308.594;308.449;60;264.47;1;0;;;662.526;1;1
1084;0.4;51.8287;28;12.3312;39.8843;26.6;221;301.736;269.083;265;360;272;272;308.738;308.449;60;264.47;1;0;;;662.526;1;1
1085;0.4;52.0515;28;12.3842;39.9855;26.6;232;302.141;269.09;265;360;272;272;308.594;308.449;60;264.466;1;0;;;661.451;1;1
1086;0.4;51.93;28;12.319;39.8814;26.6;228;302.04;269.068;265;360;272;272;308.738;308.304;60;264.462;1;0;;;661.451;1;1
1087;0.4;52.0341;28.1;12.6788;39.6875;26.6;218;301.953;269.076;265;360;272;272;308.738;308.449;60;264.454;1;0;;;660.268;1;1
1088;0.4;52.3409;28.1;12.717;39.8843;26.6;220;301.982;269.076;265;360;272;272;308.594;308.449;60;264.448;1;0;;;659.874;1;1
1089;0.4;51.93;28.1;12.599;39.7801;26.6;220;302.127;268.736;265;360;272;272;308.594;308.304;60;264.438;1;0;;;659.479;1;1
1090;0.4;51.93;28.1;12.6353;39.8843;26.6;220;302.85;268.786;265;360;272;272;308.594;308.449;60;264.432;1;0;"KHP7025     ";;656.92;1;1
1091;0.4;52.1354;28.1;12.6671;40.5932;26.6;214;302.85;268.808;265;360;272;272;308.594;308.449;60;264.424;1;0;;;656.92;1;1
1092;0.4;51.93;28.1;12.6172;40.4948;26.6;212;302.792;268.793;265;360;272;272;308.594;308.449;60;264.41;1;0;;;654.085;1;1
1093;0.4;52.0341;28.1;12.6061;40.1881;26.6;215;302.749;268.779;265;360;272;272;308.594;308.449;60;264.398;1;0;;;653.299;1;1
1094;0.4;51.8287;28.1;12.5382;40.1881;26.6;214;302.459;268.75;265;360;272;272;308.594;308.304;60;264.387;1;0;;;652.249;1;1
1095;0.4;52.1354;28.2;12.9482;39.9855;26.6;211;302.459;268.736;265;360;272;272;308.594;308.304;60;264.377;1;0;;;650.783;1;1
1096;0.4;52.1354;28.2;13.0028;39.9421;26.6;213;302.995;268.75;265;360;272;272;308.594;308.449;60;264.362;1;0;;;650.783;1;1
1097;0.4;52.2367;28.2;12.9551;39.8843;26.6;217;303.125;268.801;265;360;272;272;308.594;308.304;60;264.347;1;0;;;649.998;1;1
1098;0.4;52.338;28.2;12.9985;39.9855;26.6;214;303.212;268.808;265;360;272;272;308.594;308.304;60;264.338;1;0;;;649.998;1;1
1099;0.4;51.8287;28.2;12.8358;39.9132;26.6;205;303.139;268.793;265;360;272;272;308.594;308.304;60;264.331;1;0;;;648.037;1;1
1100;0.4;52.0312;28.2;12.8678;39.8843;26.7;212;303.038;268.772;265;360;272;272;308.594;308.449;60;264.317;1;0;;;648.037;1;1
1101;0.4;52.0341;28.2;12.923;39.8843;26.7;214;302.951;268.757;265;360;272;272;308.594;308.304;60;264.304;1;0;;;647.253;1;1
1102;0.4;52.0312;28.2;12.886;39.7135;26.7;216;302.937;268.736;265;360;272;272;308.738;308.304;60;264.292;1;0;;;645.686;1;1
1103;0.4;51.93;28.3;13.1953;39.5775;26.7;222;303.067;268.75;265;360;272;272;308.738;308.304;60;264.282;1;0;;;644.121;1;1
1104;0.4;52.0312;28.3;13.1847;39.8814;26.7;223;303.212;268.808;265;360;272;272;308.738;308.304;60;264.27;1;0;;;642.46;1;1
1105;0.4;51.9589;28.3;13.13;39.9855;26.7;223;303.154;268.808;265;360;272;272;308.594;308.449;60;264.262;1;0;;;641.287;1;1
1106;0.4;51.9705;28.3;13.1511;40.0694;26.7;226;303.559;268.453;265;360;272;272;308.738;308.304;60;264.256;1;0;;;640.118;1;1
1107;0.4;51.7274;28.3;13.0896;39.9855;26.7;226;303.472;268.49;265;360;272;272;308.594;308.304;60;264.247;1;0;;;639.365;1;1
1108;0.4;52.0312;28.3;13.221;39.8843;26.7;225;303.429;268.468;265;360;272;272;308.594;308.304;60;264.242;1;0;;;638.194;1;1
1109;0.4;52.1325;28.3;13.1921;39.8843;26.6;218;303.4;268.403;265;360;272;272;308.594;308.304;60;264.237;1;0;;;637.65;1;1
1110;0.4;51.8374;28.3;13.1355;39.6788;26.7;217;303.443;268.374;265;360;272;272;308.594;308.304;60;264.234;1;0;;;637.26;1;1
1111;0.4;52.1354;28.3;13.1382;39.6788;26.6;230;303.53;268.359;265;360;272;272;308.594;308.304;60;264.23;1;0;;;636.721;1;1
1112;0.4;52.1354;28.3;13.1564;39.6788;26.6;222;303.545;268.388;265;360;272;272;308.738;308.449;60;264.224;1;0;;;635.942;1;1
1113;0.4;51.8287;28.4;13.4128;39.8351;26.6;222;303.443;268.381;265;360;272;272;308.594;308.304;60;264.217;1;0;;;635.552;1;1
1114;0.4;51.9184;28.4;13.3816;39.9884;26.6;230;303.356;268.338;265;360;272;272;308.738;308.449;60;264.204;1;0;;;635.162;1;1
1115;0.4;52.1354;28.4;13.4922;39.8843;26.6;238;303.993;268.345;265;360;272;272;308.594;308.449;60;264.188;1;0;;;633.214;1;1
1116;0.4;52.5145;28.4;13.4985;40.0868;26.6;235;303.95;268.374;265;360;272;272;308.738;308.449;60;264.169;1;0;;;631.269;1;1
1117;0.4;52.1354;28.4;13.4557;40.0868;26.7;227;304.065;268.374;265;360;272;272;308.738;308.304;60;264.151;1;0;;;630.102;1;1
1118;0.4;51.7274;28.4;13.3324;40.0868;26.6;227;304.181;268.338;265;360;272;272;308.738;308.449;60;264.128;1;0;;;629.325;1;1
1119;0.4;51.6262;28.4;13.3243;40.1881;26.7;232;304.196;268.338;265;360;272;272;308.738;308.449;60;264.102;1;0;;;628.031;1;1
1120;0.4;51.6262;28.4;13.2521;40.0868;26.7;228;304.094;268.388;265;360;272;272;308.738;308.449;60;264.077;1;0;;;626.686;1;1
1121;0.4;52.2367;28.4;13.4454;40.0868;26.7;238;303.979;268.381;265;360;272;272;308.738;308.449;60;264.052;1;0;;;625.134;1;1
1122;0.4;52.0341;28.4;13.3205;40.0897;26.7;242;303.95;268.417;265;360;272;272;308.738;308.449;60;264.027;1;0;;;625.134;1;1
1123;0.4;51.9329;28.4;13.2946;40.0868;26.7;244;304.051;268.41;265;360;272;272;308.738;308.449;60;264.001;1;0;;;623.734;1;1
1124;0.4;52.1354;28.5;13.6458;39.9855;26.7;247;304.398;268.41;265;360;272;272;308.594;308.304;60;263.969;1;0;;;623.734;1;1
1125;0.4;52.0341;28.5;13.6193;40.0868;26.7;257;304.442;268.424;265;360;272;272;308.594;308.304;60;263.942;1;0;;;623.347;1;1
1126;0.4;52.0341;28.5;13.6193;40.0347;26.7;251;304.369;268.417;265;360;272;272;308.594;308.304;60;263.912;1;0;;;621.797;1;1
1127;0.4;52.1354;28.5;13.6822;39.9884;26.7;258;304.311;268.417;265;360;272;272;308.594;308.304;60;263.876;1;0;;;621.797;1;1
1128;0.4;51.93;28.5;13.6101;40.1447;26.7;257;304.253;268.273;265;360;272;272;308.594;308.304;60;263.848;1;0;;;619.475;1;1
1129;0.4;51.5654;28.5;13.4786;40.1881;26.7;277;304.977;268.229;265;360;272;272;308.594;308.304;60;263.819;1;0;;;618.837;1;1
1130;0.4;51.7274;28.5;13.5751;40.2865;26.7;269;305.136;268.273;265;360;272;272;308.449;308.304;60;263.8;1;0;;;617.291;1;1
1131;0.4;51.7274;28.5;13.5028;40.1881;26.7;275;305.237;268.28;265;360;272;272;308.594;308.304;60;263.786;1;0;;;616.518;1;1
1132;0.4;51.93;28.5;13.5376;39.8843;26.7;279;305.266;268.28;265;360;272;272;308.449;308.304;60;263.776;1;0;;;614.587;1;1
1133;0.4;51.7274;28.5;13.5028;39.8843;26.7;287;305.527;268.28;265;360;272;272;308.594;308.304;60;263.768;1;0;;;613.534;1;1
1134;0.4;51.7274;28.5;13.4667;40.1881;26.7;284;305.469;268.251;265;360;272;272;308.594;308.304;60;263.761;1;0;;;610.939;1;1
1135;0.4;52.1238;28.5;13.5881;40.2633;26.7;283;305.425;268.215;265;360;272;272;308.594;308.304;60;263.757;1;0;;;610.554;1;1
1136;0.4;52.3409;28.5;13.6081;40.2025;26.7;285;305.975;268.28;265;360;272;272;308.594;308.304;60;263.753;1;0;;;610.554;1;1
1137;0.4;52.1354;28.6;13.854;40.2922;26.7;292;305.975;268.302;265;360;272;272;308.594;308.304;60;263.754;1;0;;;609.784;1;1
1138;0.4;51.9705;28.6;13.8283;40.0839;26.7;292;306.12;268.273;265;360;272;272;308.594;308.304;60;263.756;1;0;;;609.013;1;1
1139;0.4;51.9936;28.6;13.8163;39.8756;26.7;285;306.684;268.251;265;360;272;272;308.594;308.449;60;263.755;1;0;"KHP7025     ";;608.629;1;1
1140;0.4;51.93;28.6;13.7813;39.9855;26.7;279;306.713;268.222;265;360;272;272;308.594;308.449;60;263.758;1;0;;;607.851;1;1
1141;0.4;52.1065;28.6;13.7917;40.0868;26.7;282;307.234;268.28;265;360;272;272;308.594;308.304;60;263.762;1;0;;;606.812;1;1
1142;0.4;51.7969;28.6;13.7821;39.8843;26.7;275;307.133;268.294;265;360;272;272;308.594;308.304;60;263.767;1;0;;;606.043;1;1
1143;0.4;51.7274;28.6;13.6733;39.8814;26.7;267;307.61;268.265;265;360;272;272;308.594;308.449;60;263.771;1;0;;;604.545;1;1
1144;0.4;51.93;28.6;13.7268;39.7801;26.7;266;307.595;268.2;265;360;272;272;308.594;308.449;60;263.774;1;0;;;604.545;1;1
1145;0.4;52.1354;28.6;13.7812;39.783;26.7;265;307.87;268.265;265;360;272;272;308.594;308.449;60;263.777;1;0;;;604.08;1;1
1146;0.4;52.1354;28.6;13.7629;40.0868;26.8;254;308.189;268.287;265;360;272;272;308.738;308.449;60;263.774;1;0;;;602.161;1;1
1147;0.4;51.6204;28.6;13.627;40.1881;26.8;239;308.304;268.273;265;360;272;272;308.738;308.449;60;263.768;1;0;;;601.393;1;1
1148;0.4;51.7274;28.7;13.9703;40.191;26.8;236;308.449;268.244;265;360;272;272;308.738;308.449;60;263.759;1;0;;;598.836;1;1
1149;0.4;51.93;28.7;14.0431;40.1881;26.8;224;308.955;268.215;265;360;272;272;308.594;308.449;60;263.751;1;0;;;598.453;1;1
1150;0.4;52.0341;28.7;14.0895;39.9855;26.8;227;308.927;268.28;265;360;272;272;308.594;308.304;60;263.746;1;0;;;597.304;1;1
1151;0.4;51.93;28.7;14.0068;39.783;26.8;221;308.869;268.302;265;360;272;272;308.594;308.449;60;263.736;1;0;;;595.773;1;1
1152;0.4;51.7795;28.7;13.9843;39.8003;26.8;230;309.071;268.265;265;360;272;272;308.594;308.304;60;263.725;1;0;;;594.834;1;1
1153;0.4;51.93;28.7;13.9887;39.9855;26.8;236;309.158;268.229;265;360;272;272;308.594;308.304;60;263.711;1;0;;;594.069;1;1
1154;0.4;51.9676;28.7;13.9444;40.0868;26.8;221;309.346;268.244;265;360;272;272;308.594;308.304;60;263.704;1;0;;;592.923;1;1
1155;0.4;51.93;28.7;13.9524;39.9826;26.8;220;309.361;268.287;265;360;272;272;308.738;308.304;60;263.693;1;0;;;591.516;1;1
1156;0.4;52.1296;28.7;14.0243;39.8843;26.8;225;309.317;268.302;265;360;272;272;308.594;308.304;60;263.685;1;0;;;591.516;1;1
1157;0.4;51.8287;28.7;13.9071;39.9855;26.8;224;309.187;268.273;265;360;272;272;308.594;308.449;60;263.675;1;0;;;589.99;1;1
1158;0.4;51.8287;28.8;14.2047;39.7193;26.8;223;309.1;268.345;265;360;272;272;308.594;308.449;60;263.665;1;0;;;589.99;1;1
1159;0.4;51.7072;28.8;14.2075;39.7714;26.8;227;309.1;268.374;265;360;272;272;308.738;308.449;60;263.653;1;0;;;588.464;1;1
1160;0.4;51.8432;28.8;14.2086;39.8843;26.8;231;309.201;268.374;265;360;272;272;308.738;308.304;60;263.642;1;0;"KHP7025     ";;588.003;1;1
1161;0.4;52.0023;28.8;14.2522;39.7801;26.8;229;309.346;268.381;265;360;272;272;308.738;308.449;60;263.631;1;0;;;588.003;1;1
1162;0.4;51.8287;28.8;14.2047;39.7569;26.8;233;309.332;268.396;265;360;272;272;308.738;308.449;60;263.628;1;0;;;585.717;1;1
1163;0.4;51.93;28.8;14.178;39.8843;26.8;236;309.259;268.388;265;360;272;272;308.594;308.449;60;263.621;1;0;;;585.336;1;1
1164;0.4;52.338;28.8;14.2893;39.7801;26.8;244;309.201;268.396;265;360;272;272;308.594;308.449;60;263.616;1;0;;;583.815;1;1
1165;0.4;51.7216;28.8;14.1572;39.7164;26.8;243;309.129;268.396;265;360;272;272;308.594;308.449;60;263.614;1;0;;;583.091;1;1
1166;0.4;51.7274;28.8;14.1046;39.9363;26.8;252;309.071;268.424;265;360;272;272;308.738;308.449;60;263.613;1;0;;;582.797;1;1
1167;0.4;52.2714;28.8;14.2164;39.9855;26.8;246;309.115;268.432;265;360;272;272;308.738;308.449;60;263.615;1;0;;;581.657;1;1
1168;0.4;52.1354;28.8;14.1794;40.0868;26.8;247;309.259;268.482;265;360;272;272;308.594;308.304;60;263.625;1;0;;;580.897;1;1
1169;0.4;51.9473;28.8;14.1283;40.1881;26.8;253;309.346;268.49;265;360;272;272;308.738;308.449;60;263.634;1;0;;;579.078;1;1
1170;0.4;51.8692;28.8;14.107;40.2894;26.8;250;309.317;268.504;265;360;272;272;308.738;308.449;60;263.641;1;0;;;578.554;1;1
1171;0.4;51.7274;28.8;14.0504;40.2894;26.8;253;309.245;268.504;265;360;272;272;308.594;308.449;60;263.651;1;0;;;576.597;1;1
1172;0.4;51.6262;28.8;14.0589;40.2286;26.8;254;309.158;268.482;265;360;272;272;308.594;308.449;60;263.665;1;0;;;575.082;1;1
1173;0.4;52.1354;28.8;14.1248;40.0926;26.8;250;309.086;268.453;265;360;272;272;308.738;308.449;60;263.679;1;0;;;573.344;1;1
1174;0.4;52.1354;28.9;14.4605;39.9855;26.8;251;309.115;268.475;265;360;272;272;308.594;308.449;60;263.692;1;0;"KHP7025     ";;572.209;1;1
1175;0.4;52.3293;28.9;14.5326;40.1881;26.8;251;309.23;268.461;265;360;272;272;308.738;308.449;60;263.711;1;0;;;571.453;1;1
1176;0.4;52.0312;28.9;14.3953;40.1881;26.8;257;309.346;268.41;265;360;272;272;308.738;308.449;60;263.732;1;0;;;571.075;1;1
1177;0.4;51.8316;28.9;14.3581;40.2894;26.8;251;309.317;268.424;265;360;272;272;308.594;308.304;60;263.751;1;0;;;569.186;1;1
1178;0.4;52.0891;28.9;14.4113;40.2922;26.8;245;309.245;268.424;265;360;272;272;308.594;308.304;60;263.771;1;0;;;568.808;1;1
1179;0.4;51.93;28.9;14.3491;40.3906;26.8;246;309.172;268.403;265;360;272;272;308.594;308.304;60;263.788;1;0;;;568.053;1;1
1180;0.4;51.93;28.9;14.3672;40.3906;26.8;241;309.086;268.396;265;360;272;272;308.594;308.304;60;263.815;1;0;;;566.605;1;1
1181;0.4;52.338;28.9;14.4618;40.2894;26.8;237;309.115;268.396;265;360;272;272;308.594;308.304;60;263.841;1;0;;;566.228;1;1
1182;0.4;52.4363;28.9;14.4524;39.9884;26.8;232;309.259;268.743;265;360;272;272;308.594;308.304;60;263.86;1;0;;;565.415;1;1
1183;0.4;52.4392;28.9;14.3982;39.9855;26.8;227;309.346;268.801;265;360;272;272;308.738;308.449;60;263.887;1;0;;;564.662;1;1
1184;0.4;52.4392;28.9;14.4532;39.8843;26.8;218;309.317;268.808;265;360;272;272;308.738;308.449;60;263.911;1;0;;;563.908;1;1
1185;0.4;52.2367;28.9;14.3973;40.1302;26.8;210;309.216;268.786;265;360;272;272;308.594;308.449;60;263.942;1;0;;;562.778;1;1
1186;0.4;51.9329;28.9;14.2773;40.1881;26.8;209;309.129;268.764;265;360;272;272;308.738;308.449;60;263.972;1;0;;;561.649;1;1
1187;0.4;52.0341;28.9;14.3052;40.2691;26.8;205;309.071;268.743;265;360;272;272;308.738;308.449;60;264.002;1;0;;;561.273;1;1
1188;0.4;51.93;28.9;14.2221;40.1881;26.8;196;309.172;268.736;265;360;272;272;308.738;308.449;60;264.03;1;0;;;560.897;1;1
1189;0.4;51.93;28.9;14.2947;40.2894;26.9;189;309.303;268.786;265;360;272;272;308.594;308.449;60;264.061;1;0;;;559.449;1;1
1190;0.4;52.0341;28.9;14.2506;40.0868;26.9;187;309.346;268.815;265;360;272;272;308.738;308.449;60;264.087;1;0;;;559.449;1;1
1191;0.4;52.0226;28.9;14.1929;39.9855;26.9;176;309.245;268.801;265;360;272;272;308.738;308.449;60;264.111;1;0;;;557.34;1;1
1192;0.4;51.8316;28.9;14.177;40.3819;26.9;175;309.1;268.772;265;360;272;272;308.738;308.449;60;264.135;1;0;;;556.559;1;1
1193;0.4;51.93;28.9;14.2039;40.2344;26.9;165;309.086;268.757;265;360;272;272;308.738;308.449;60;264.157;1;0;;;556.183;1;1
1194;0.4;51.93;28.9;14.1858;40.0868;26.9;160;308.941;269.112;265;360;272;272;308.594;308.449;60;264.176;1;0;;;554.311;1;1
1195;0.4;51.93;28.9;14.2221;39.9826;26.9;155;309.042;269.133;265;360;272;272;308.594;308.304;60;264.19;1;0;;;553.936;1;1
1196;0.4;52.1354;28.9;14.2419;39.9884;26.9;156;309.115;269.126;265;360;272;272;308.738;308.449;60;264.203;1;0;;;553.172;1;1
1197;0.4;52.338;28.9;14.279;40.1881;26.9;151;308.333;269.133;265;360;272;272;308.738;308.449;60;264.214;1;0;;;552.704;1;1
1198;0.4;52.2338;28.9;14.2141;40.1881;26.9;149;308.232;269.155;265;360;272;272;308.738;308.449;60;264.236;1;0;;;551.955;1;1
1199;0.4;52.1325;28.9;14.1865;40.1881;26.8;153;308.145;269.177;265;360;272;272;308.738;308.594;60;264.254;1;0;;;549.569;1;1
1200;0.4;51.93;28.9;14.1314;40.2894;26.8;151;307.812;269.191;265;360;272;272;308.738;308.594;60;264.276;1;0;;;549.195;1;1
1201;0.4;51.8287;28.9;14.0676;40.3906;26.8;153;307.784;269.198;265;360;272;272;308.738;308.449;60;264.299;1;0;;;547.561;1;1
1202;0.4;52.2367;28.9;14.1783;40.3906;26.8;152;307.899;269.184;265;360;272;272;308.738;308.449;60;264.322;1;0;;;547.187;1;1
1203;0.4;52.4363;28.9;14.2325;40.4919;26.8;148;307.219;269.162;265;360;272;272;308.738;308.449;60;264.351;1;0;;;545.885;1;1
1204;0.4;52.1354;28.9;14.1691;40.5932;26.8;144;307.306;269.141;265;360;272;272;308.738;308.449;60;264.379;1;0;;;544.901;1;1
1205;0.4;52.2367;28.9;14.1601;40.5584;26.8;156;307.06;269.126;265;360;272;272;308.738;308.594;60;264.404;1;0;;;543.782;1;1
1206;0.4;52.3409;28.9;14.1335;40.4774;26.8;151;306.901;269.097;265;360;272;272;308.738;308.594;60;264.432;1;0;;;542.12;1;1
1207;0.4;52.4392;28.9;14.1967;40.1013;26.8;153;306.8;269.264;265;360;272;272;308.883;308.449;60;264.462;1;0;;;541.375;1;1
1208;0.4;52.2338;28.9;14.1045;40.0868;26.8;151;306.019;269.256;265;360;272;272;308.738;308.594;60;264.488;1;0;;;540.244;1;1
1209;0.4;52.1354;28.9;14.0962;40.2141;26.8;151;306.033;269.249;265;360;272;272;308.883;308.594;60;264.52;1;0;;;539.027;1;1
1210;0.4;51.8287;28.9;14.0314;40.1881;26.8;151;305.715;269.293;265;360;272;272;308.883;308.738;60;264.551;1;0;;;537.555;1;1
1211;0.4;51.8229;28.9;13.9574;40.4861;26.8;150;305.773;269.329;265;360;272;272;309.028;308.738;60;264.58;1;0;;;536.068;1;1
1212;0.4;51.8287;28.9;13.9589;40.4919;26.8;151;305.396;269.3;265;360;272;272;308.883;308.738;60;264.608;1;0;;;535.697;1;1
1213;0.4;52.0312;28.9;14.0135;39.9826;26.7;149;305.179;269.293;265;360;272;272;309.028;308.738;60;264.636;1;0;;;534.212;1;1
1214;0.4;52.1354;28.8;13.6876;40.0868;26.7;148;305.078;269.278;265;360;272;272;308.883;308.594;60;264.664;1;0;;;533.098;1;1
1215;0.4;52.1354;28.8;13.724;40.1881;26.7;145;304.485;269.256;265;360;272;272;308.883;308.594;60;264.69;1;0;;;532.728;1;1
1216;0.4;52.0341;28.8;13.6428;40.1823;26.7;139;304.456;269.249;265;360;272;272;308.883;308.594;60;264.714;1;0;;;530.075;1;1
1217;0.4;52.1354;28.8;13.6512;39.9826;26.7;142;304.065;269.285;265;360;272;272;308.883;308.594;60;264.738;1;0;;;530.075;1;1
1218;0.4;52.0341;28.8;13.661;40.0868;26.7;142;304.196;269.524;265;360;272;272;308.883;308.594;60;264.759;1;0;;;529.335;1;1
1219;0.4;52.1354;28.8;13.6512;40.3617;26.7;144;303.66;269.524;265;360;272;272;308.883;308.594;60;264.781;1;0;;;528.588;1;1
1220;0.4;52.1325;28.8;13.614;40.3906;26.7;145;303.516;269.51;265;360;272;272;308.883;308.594;60;264.797;1;0;;;527.478;1;1
1221;0.4;52.4826;28.8;13.7054;40.0868;26.7;148;303.125;269.473;265;360;272;272;308.738;308.449;60;264.818;1;0;;;525.842;1;1
1222;0.4;52.4363;28.8;13.6933;39.9855;26.7;146;302.937;269.452;265;360;272;272;308.738;308.594;60;264.836;1;0;;;525.472;1;1
1223;0.4;52.2396;28.8;13.6419;40.3704;26.7;148;302.98;269.437;265;360;272;272;308.738;308.594;60;264.855;1;0;;;523.486;1;1
1224;0.4;52.3409;28.7;13.313;40.3906;26.7;144;302.402;269.416;265;360;272;272;308.738;308.449;60;264.871;1;0;;;523.486;1;1
1225;0.4;52.2396;28.7;13.2872;40.3096;26.7;143;302.503;269.423;265;360;272;272;308.738;308.449;60;264.886;1;0;;;521.502;1;1
1226;0.4;52.5405;28.7;13.3638;40.1881;26.7;141;302.185;269.408;265;360;272;272;308.738;308.449;60;264.9;1;0;;;521.22;1;1
1227;0.4;52.4392;28.7;13.3014;40.2894;26.7;144;302.04;269.654;265;360;272;272;308.738;308.449;60;264.914;1;0;;;520.114;1;1
1228;0.4;52.338;28.7;13.3306;39.9855;26.7;152;301.939;269.611;265;360;272;272;308.883;308.594;60;264.925;1;0;;;519.009;1;1
1229;0.4;52.2367;28.7;13.2683;40.0868;26.7;153;301.664;269.77;265;360;272;272;308.883;308.594;60;264.938;1;0;;;518.468;1;1
1230;0.4;52.7488;28.7;13.3799;40.0868;26.6;147;301.215;269.777;265;360;272;272;308.883;308.738;60;264.954;1;0;;;516.628;1;1
1231;0.4;52.4913;28.7;13.3146;40.0723;26.6;152;301.794;269.835;265;360;272;272;308.883;308.594;60;264.973;1;0;;;516.26;1;1
1232;0.4;52.0312;28.6;12.8446;40.0868;26.6;149;301.071;269.821;265;360;272;272;308.883;308.594;60;264.987;1;0;;;515.244;1;1
1233;0.4;52.5405;28.6;12.9337;39.9855;26.6;160;301.157;269.806;265;360;272;272;308.883;308.594;60;265.003;1;0;;;513.89;1;1
1234;0.4;52.5405;28.6;12.9337;39.9855;26.6;159;301.114;269.799;265;360;272;272;308.883;308.594;60;265.013;1;0;;;513.156;1;1
1235;0.4;52.5405;28.6;12.9704;40.1794;26.6;155;300.752;269.784;265;360;272;272;308.883;308.594;60;265.023;1;0;;;512.278;1;1
1236;0.4;52.2975;28.6;12.8007;39.9855;26.6;153;300.694;269.77;265;360;272;272;308.738;308.594;60;265.032;1;0;;;511.094;1;1
1237;0.4;52.2338;28.6;12.8399;39.8814;26.6;165;300.608;269.763;265;360;272;272;308.883;308.594;60;265.042;1;0;;;510.728;1;1
1238;0.4;52.2859;28.6;12.7979;39.9855;26.6;166;299.899;269.763;265;360;272;272;308.883;308.594;60;265.049;1;0;;;509.628;1;1
1239;0.4;52.2367;28.6;12.7858;40.1881;26.6;162;300;269.821;265;360;272;272;308.883;308.594;60;265.058;1;0;;;508.529;1;1
1240;0.4;52.1354;28.5;12.4435;40.1852;26.6;167;300.072;269.835;265;360;272;272;308.883;308.594;60;265.07;1;0;;;507.172;1;1
1241;0.4;52.2078;28.5;12.4061;39.9855;26.6;169;300.145;270.153;265;360;272;272;309.028;308.738;60;265.082;1;0;;;506.534;1;1
1242;0.4;52.4421;28.5;12.4801;40.0868;26.6;167;299.826;270.161;265;360;272;272;308.883;308.594;60;265.093;1;0;;;505.071;1;1
1243;0.4;52.338;28.5;12.4736;39.9826;26.6;161;299.74;270.161;265;360;272;272;308.883;308.594;60;265.105;1;0;;;504.705;1;1
1244;0.4;52.2367;28.5;12.3764;39.9855;26.6;171;299.653;270.146;265;360;272;272;308.883;308.594;60;265.116;1;0;;;503.095;1;1
1245;0.4;52.1354;28.5;12.3707;40.3472;26.6;180;299.58;270.146;265;360;272;272;308.883;308.738;60;265.125;1;0;;;501.875;1;1
1246;0.4;52.3495;28.5;12.4032;40.0868;26.6;173;299.624;270.153;265;360;272;272;308.883;308.738;60;265.133;1;0;;;501.875;1;1
1247;0.4;52.5434;28.5;12.4675;40.0174;26.6;162;299.711;270.153;265;360;272;272;308.883;308.738;60;265.146;1;0;;;499.945;1;1
1248;0.4;52.3843;28.5;12.3931;40.0781;26.6;157;299.812;270.139;265;360;272;272;308.883;308.738;60;265.152;1;0;;;499.216;1;1
1249;0.4;51.93;28.4;11.9693;39.9855;26.6;168;299.117;270.146;265;360;272;272;309.028;308.594;60;265.157;1;0;;;497.946;1;1
1250;0.4;52.1354;28.4;12.0713;40.0868;26.6;165;298.987;269.893;265;360;272;272;309.028;308.738;60;265.165;1;0;;;497.582;1;1
1251;0.4;52.3409;28.4;12.0458;40.2894;26.6;170;298.929;270.153;265;360;272;272;308.883;308.738;60;265.169;1;0;;;497.582;1;1
1252;0.4;52.338;28.4;12.0634;40.2894;26.6;170;298.857;270.161;265;360;272;272;308.883;308.594;60;265.172;1;0;;;496.232;1;1
1253;0.4;52.1325;28.4;11.9614;39.9855;26.6;172;298.828;270.153;265;360;272;272;308.883;308.594;60;265.175;1;0;;;494.222;1;1
1254;0.4;52.2396;28.4;12.0042;39.9855;26.6;170;298.944;270.276;265;360;272;272;308.883;308.738;60;265.179;1;0;;;493.495;1;1
1255;0.4;52.2338;28.4;11.9481;40.0868;26.6;167;299.045;270.269;265;360;272;272;308.883;308.738;60;265.179;1;0;;;492.03;1;1
1256;0.4;51.93;28.4;11.8786;40.0868;26.6;170;299.089;270.341;265;360;272;272;309.028;308.883;60;265.177;1;0;;;492.03;1;1
1257;0.4;52.2888;28.4;11.9242;40.1881;26.6;170;299.045;270.341;265;360;272;272;309.028;308.883;60;265.181;1;0;;;491.667;1;1
1258;0.4;52.1354;28.4;11.9621;40.1794;26.6;167;298.929;270.327;265;360;272;272;308.883;308.738;60;265.182;1;0;;;490.239;1;1
1259;0.4;52.4392;28.4;12.0134;40.1881;26.6;167;298.828;270.298;265;360;272;272;309.028;308.738;60;265.179;1;0;;;489.9;1;1
1260;0.4;52.0312;28.4;11.92;39.9855;26.6;169;298.843;270.291;265;360;272;272;309.028;308.883;60;265.182;1;0;;;488.45;1;1
1261;0.4;52.1354;28.3;11.5534;40.0116;26.6;167;298.944;270.291;265;360;272;272;309.028;308.883;60;265.189;1;0;;;488.087;1;1
1262;0.4;52.6186;28.3;11.6421;40.0868;26.5;167;299.031;270.284;265;360;272;272;309.028;308.883;60;265.192;1;0;;;486.276;1;1
1263;0.4;52.4392;28.3;11.6208;40.0868;26.6;167;299.117;270.276;265;360;272;272;309.028;308.738;60;265.199;1;0;;;485.914;1;1
1264;0.4;52.3409;28.3;11.5441;40.2894;26.6;170;299.06;270.32;265;360;272;272;309.028;308.738;60;265.205;1;0;;;484.829;1;1
1265;0.4;52.338;28.3;11.58;40.2894;26.6;170;298.958;270.356;265;360;272;272;308.883;308.883;60;265.213;1;0;;;484.467;1;1
1266;0.4;52.5434;28.3;11.6071;40.0868;26.6;169;298.872;270.341;265;360;272;272;309.028;308.738;60;265.223;1;0;;;484.05;1;1
1267;0.4;52.6447;28.3;11.5927;40.0897;26.6;167;298.828;270.327;265;360;272;272;309.028;308.738;60;265.235;1;0;;;482.605;1;1
1268;0.4;52.5405;28.3;11.6065;40.1881;26.6;165;298.9;270.284;265;360;272;272;309.028;308.738;60;265.245;1;0;;;482.605;1;1
1269;0.4;52.4508;28.3;11.5867;40.1881;26.6;161;299.002;270.276;265;360;272;272;309.028;308.883;60;265.257;1;0;;;481.565;1;1
1270;0.4;52.6186;28.3;11.6054;39.9855;26.6;159;299.103;270.291;265;360;272;272;308.883;308.738;60;265.27;1;0;;;479.76;1;1
1271;0.4;52.0312;28.3;11.4395;40.1881;26.6;158;299.074;270.291;265;360;272;272;309.028;308.738;60;265.282;1;0;"KHP7025     ";;478.699;1;1
1272;0.4;52.0341;28.3;11.3674;40.0897;26.6;157;298.973;270.312;265;360;272;272;309.028;308.738;60;265.298;1;0;;;477.257;1;1
1273;0.4;52.338;28.3;11.5069;39.7801;26.6;157;298.886;270.327;265;360;272;272;308.883;308.738;60;265.31;1;0;;;476.897;1;1
1274;0.4;52.0341;28.3;11.4037;40.0897;26.6;155;298.828;270.356;265;360;272;272;309.028;308.738;60;265.327;1;0;;;476.173;1;1
1275;0.4;52.419;28.3;11.4514;40.0868;26.6;153;298.9;270.341;265;360;272;272;309.028;308.738;60;265.339;1;0;;;473.914;1;1
1276;0.4;52.3524;28.3;11.4186;40.026;26.6;153;299.016;270.32;265;360;272;272;309.028;308.738;60;265.355;1;0;;;473.554;1;1
1277;0.4;52.338;28.3;11.4337;39.8814;26.6;148;299.103;270.276;265;360;272;272;308.883;308.738;60;265.372;1;0;;;472.755;1;1
1278;0.4;52.2251;28.3;11.4091;39.7801;26.6;142;299.06;270.262;265;360;272;272;309.028;308.738;60;265.389;1;0;;;470.783;1;1
1279;0.4;52.0341;28.3;11.3674;39.8843;26.6;142;298.958;270.291;265;360;272;272;309.028;308.738;60;265.402;1;0;;;469.347;1;1
1280;0.4;52.1354;28.3;11.3531;39.8843;26.6;141;298.857;270.291;265;360;272;272;309.028;308.738;60;265.421;1;0;;;468.271;1;1
1281;0.4;52.0341;28.3;11.3492;39.8727;26.5;135;298.828;270.305;265;360;272;272;308.883;308.594;60;265.437;1;0;;;466.605;1;1
1282;0.4;52.4392;28.3;11.3826;39.8814;26.5;132;298.929;270.327;265;360;272;272;308.883;308.594;60;265.453;1;0;;;465.889;1;1
1283;0.4;52.4392;28.3;11.3643;39.9855;26.6;132;299.031;270.305;265;360;272;272;309.028;308.594;60;265.47;1;0;;;464.457;1;1
1284;0.4;52.4392;28.3;11.3826;40.1881;26.5;126;299.117;270.334;265;360;272;272;308.883;308.594;60;265.487;1;0;;;463.553;1;1
1285;0.4;52.1354;28.3;11.3166;40.0868;26.5;120;298.293;270.32;265;360;272;272;308.883;308.738;60;265.511;1;0;;;463.553;1;1
1286;0.4;51.9329;28.2;10.9382;40.191;26.5;113;298.307;270.262;265;360;272;272;309.028;308.883;60;265.536;1;0;"KHP7025     ";;461.051;1;1
1287;0.4;52.2454;28.2;10.9675;40.1881;26.5;120;298.249;270.255;265;360;272;272;308.883;308.738;60;265.551;1;0;;;460.694;1;1
1288;0.4;52.6215;28.2;11.0465;40.1881;26.5;120;298.105;270.312;265;360;272;272;309.172;308.738;60;265.574;1;0;;;459.623;1;1
1289;0.4;52.5405;28.2;10.9928;40.0984;26.5;119;298.076;270.356;265;360;272;272;309.028;308.883;60;265.598;1;0;;;458.91;1;1
1290;0.4;52.4392;28.2;10.9533;40.1881;26.5;112;297.917;270.312;265;360;272;272;309.028;308.738;60;265.621;1;0;;;458.643;1;1
1291;0.4;52.4392;28.2;10.9533;40.1881;26.5;108;298.003;270.291;265;360;272;272;309.028;308.738;60;265.644;1;0;;;457.573;1;1
1292;0.4;52.445;28.2;10.9545;40.1881;26.5;112;298.003;270.32;265;360;272;272;309.028;308.883;60;265.667;1;0;;;457.217;1;1
1293;0.4;52.1354;28.2;10.8534;40.4861;26.5;110;298.047;270.305;265;360;272;272;309.028;308.883;60;265.689;1;0;;;456.139;1;1
1294;0.4;52.0312;28.2;10.8135;40.1881;26.5;109;297.381;270.298;265;360;272;272;309.172;308.883;60;265.706;1;0;;;455.427;1;1
1295;0.4;52.1383;28.2;10.8358;40.3733;26.5;109;297.381;270.269;265;360;272;272;309.172;308.883;60;265.729;1;0;;;455.238;1;1
1296;0.4;52.1962;28.2;10.8843;40.4919;26.5;106;297.309;270.312;265;360;272;272;309.172;309.028;60;265.751;1;0;;;455.136;1;1
1297;0.4;51.93;28.2;10.7743;40.3067;26.5;100;296.774;270.363;265;360;272;272;309.172;309.028;60;265.773;1;0;;;453.707;1;1
1298;0.4;52.0341;28.2;10.7959;40.2894;26.5;100;296.861;270.349;265;360;272;272;309.172;308.883;60;265.798;1;0;;;452.503;1;1
1299;0.4;51.794;28.2;10.6918;40.1244;26.5;99;296.962;270.284;265;360;272;272;309.172;308.883;60;265.818;1;0;;;451.082;1;1
1300;0.4;51.8403;28.2;10.7195;39.8843;26.5;104;296.571;270.276;265;360;272;272;309.172;308.883;60;265.838;1;0;;;449.662;1;1
1301;0.4;51.7274;28.2;10.7142;39.9855;26.5;95;296.47;270.305;265;360;272;272;309.172;308.883;60;265.856;1;0;;;447.195;1;1
1302;0.4;52.0312;28.2;10.7772;40.1881;26.5;96;296.398;270.298;265;360;272;272;309.172;308.883;60;265.872;1;0;;;447.195;1;1
1303;0.4;52.1354;28.2;10.7805;40.1389;26.5;93;296.311;270.312;265;360;272;272;309.172;308.883;60;265.886;1;0;;;445.718;1;1
1304;0.4;52.2685;28.2;10.7532;40.2894;26.5;87;295.819;270.32;265;360;272;272;309.172;308.883;60;265.906;1;0;;;444.649;1;1
1305;0.4;52.2685;28.2;10.7715;40.2575;26.5;96;295.819;270.312;265;360;272;272;309.028;308.883;60;265.919;1;0;;;443.264;1;1
1306;0.4;52.4074;28.2;10.8184;40.1881;26.5;93;295.833;270.341;265;360;272;272;309.028;308.883;60;265.934;1;0;;;441.536;1;1
1307;0.4;52.1325;28.1;10.3713;40.2894;26.5;91;295.515;270.327;265;360;272;272;309.172;308.883;60;265.951;1;0;;;441.183;1;1
1308;0.4;52.0312;28.1;10.3512;40.1881;26.5;98;295.703;270.262;265;360;272;272;309.172;308.883;60;265.973;1;0;;;440.197;1;1
1309;0.4;52.0544;28.1;10.3376;39.9682;26.5;91;295.645;270.255;265;360;272;272;309.028;308.883;60;265.988;1;0;;;439.491;1;1
1310;0.4;52.2396;28.1;10.3379;39.8061;26.5;87;294.85;270.298;265;360;272;272;309.172;308.883;60;266.002;1;0;;;438.903;1;1
1311;0.4;52.338;28.1;10.4122;39.9797;26.5;88;294.748;270.341;265;360;272;272;309.172;308.883;60;266.016;1;0;;;437.845;1;1
1312;0.4;52.5405;28.1;10.3974;40.2922;26.5;91;294.763;270.363;265;360;272;272;309.172;309.028;60;266.026;1;0;;;437.531;1;1
1313;0.4;52.2193;28.1;10.3703;39.9884;26.4;87;294.56;270.312;265;360;272;272;309.028;308.738;60;266.04;1;0;;;437.178;1;1
1314;0.4;51.8461;28.1;10.26;39.8814;26.4;89;294.69;270.298;265;360;272;272;309.172;308.883;60;266.048;1;0;;;435.905;1;1
1315;0.4;51.9329;28.1;10.2046;39.9855;26.4;95;293.953;270.32;265;360;272;272;309.172;308.883;60;266.061;1;0;;;435.553;1;1
1316;0.4;51.93;28.1;10.2585;40.1881;26.4;93;293.895;270.298;265;360;272;272;309.172;308.883;60;266.071;1;0;;;434.688;1;1
1317;0.4;52.0312;28.1;10.2057;40.1881;26.4;93;293.837;270.262;265;360;272;272;309.172;308.883;60;266.076;1;0;;;433.629;1;1
1318;0.4;52.3409;28;9.96595;40.0868;26.4;93;293.519;270.276;265;360;272;272;309.172;308.883;60;266.09;1;0;;;430.818;1;1
1319;0.4;52.3785;28;9.95481;40.0087;26.4;96;292.954;270.356;265;360;272;272;309.172;309.028;60;266.096;1;0;;;430.818;1;1
1320;0.4;52.5405;28;9.91219;40.0752;26.4;98;292.925;270.341;265;360;272;272;309.172;309.028;60;266.106;1;0;;;428.01;1;1
1321;0.4;52.5434;28;9.9678;40.2894;26.4;100;292.925;270.327;265;360;272;272;309.172;309.028;60;266.117;1;0;;;428.01;1;1
1322;0.4;52.8472;28;10.007;40.0868;26.4;102;292.954;270.327;265;360;272;272;309.172;309.028;60;266.125;1;0;;;426.258;1;1
1323;0.4;52.8501;28;10.026;39.9855;26.4;107;292.086;270.428;265;360;272;272;309.172;309.028;60;266.122;1;0;;;425.343;1;1
1324;0.4;52.9311;28;10.0229;40.1881;26.4;105;291.97;270.298;265;360;272;272;309.317;309.028;60;266.12;1;0;;;424.993;1;1
1325;0.4;52.772;28;9.95586;40.3848;26.4;111;291.898;270.414;265;360;272;272;309.317;309.028;60;266.115;1;0;;;423.38;1;1
1326;0.4;52.5116;28;9.88839;40.0318;26.4;113;291.623;270.421;265;360;272;272;309.317;309.028;60;266.113;1;0;;;423.358;1;1
1327;0.4;52.6447;28;9.91346;39.783;26.4;114;291.753;270.435;265;360;272;272;309.317;309.028;60;266.112;1;0;;;422.659;1;1
1328;0.4;52.6476;27.9;9.57495;39.9855;26.4;121;291.826;270.443;265;360;272;272;309.172;309.028;60;266.11;1;0;;;422.31;1;1
1329;0.4;52.6736;27.9;9.54288;40.1823;26.4;120;291.175;270.45;265;360;272;272;309.172;309.028;60;266.11;1;0;;;421.611;1;1
1330;0.4;52.4392;27.9;9.50042;40.0868;26.4;124;291.16;270.479;265;360;272;272;309.172;308.883;60;266.109;1;0;;;420.563;1;1
1331;0.4;52.1354;27.9;9.46359;39.9855;26.4;142;291.131;270.414;265;360;272;272;309.172;309.028;60;266.108;1;0;;;419.265;1;1
1332;0.4;51.7911;27.9;9.40109;39.6788;26.4;141;291.045;270.363;265;360;272;272;309.172;309.028;60;266.101;1;0;;;417.463;1;1
1333;0.4;52.0341;27.9;9.39065;39.783;26.4;141;290.943;270.341;265;360;272;272;309.172;309.028;60;266.092;1;0;;;417.012;1;1
1334;0.4;52.202;27.9;9.49391;40.0868;26.4;142;290.9;270.327;265;360;272;272;309.172;309.028;60;266.081;1;0;;;414.922;1;1
1335;0.4;52.338;27.9;9.46376;40.0868;26.4;140;290.943;270.312;265;360;272;272;309.172;309.028;60;266.072;1;0;;;413.834;1;1
1336;0.4;52.4392;27.9;9.48208;40.2894;26.4;142;291.045;270.305;265;360;272;272;309.172;308.883;60;266.06;1;0;;;412.791;1;1
1337;0.4;51.9184;27.9;9.3879;40.3906;26.4;142;291.117;270.255;265;360;272;272;309.172;308.883;60;266.045;1;0;;;411.194;1;1
1338;0.4;52.0312;27.8;9.03687;40.2459;26.4;143;291.189;270.305;265;360;272;272;309.172;308.883;60;266.037;1;0;;;411.194;1;1
1339;0.4;52.1325;27.8;8.99982;39.9855;26.4;142;291.146;270.356;265;360;272;272;309.172;309.028;60;266.027;1;0;;;410.718;1;1
1340;0.4;52.2367;27.8;9.07255;39.9855;26.4;149;291.045;270.32;265;360;272;272;309.172;309.028;60;266.022;1;0;;;410.371;1;1
1341;0.4;52.2512;27.8;9.07506;40.1881;26.4;155;290.943;270.305;265;360;272;272;309.172;308.883;60;266.013;1;0;;;409.889;1;1
1342;0.4;52.2396;27.8;9.0548;39.9855;26.4;158;290.9;270.327;265;360;272;272;309.172;308.883;60;266.008;1;0;;;408.542;1;1
1343;0.4;52.7604;27.8;9.12665;40.2922;26.4;158;290.958;270.312;265;360;272;272;309.172;308.883;60;266.007;1;0;;;407.389;1;1
1344;0.4;52.7459;27.8;9.10572;40.1881;26.5;156;291.045;270.298;265;360;272;272;309.172;309.028;60;266.006;1;0;;;405.858;1;1
1345;0.4;52.338;27.8;9.03529;39.9855;26.5;160;291.826;270.298;265;360;272;272;309.317;309.028;60;266.005;1;0;;;404.469;1;1
1346;0.4;52.2743;27.8;9.04256;40.0868;26.5;159;291.913;270.349;265;360;272;272;309.317;309.028;60;266.005;1;0;;;403.431;1;1
1347;0.4;52.5405;27.8;9.03355;40.1881;26.5;155;291.826;270.363;265;360;272;272;309.172;309.172;60;266.004;1;0;;;402.049;1;1
1348;0.4;52.4913;27.8;9.02509;40.0434;26.5;153;291.667;270.349;265;360;272;272;309.172;309.028;60;266.003;1;0;;;400.668;1;1
1349;0.4;52.6418;27.8;9.03257;40.1881;26.5;156;291.696;270.284;265;360;272;272;309.172;309.028;60;266.002;1;0;;;399.633;1;1
1350;0.4;52.4161;27.8;9.04877;40.1881;26.5;156;292.043;270.312;265;360;272;272;309.317;309.172;60;266.002;1;0;;;399.288;1;1
1351;0.4;52.2512;27.8;8.96554;39.9913;26.5;151;292.665;270.284;265;360;272;272;309.317;309.028;60;265.998;1;0;;;399.288;1;1
1352;0.4;52.338;27.8;8.96213;39.9855;26.5;139;292.694;270.291;265;360;272;272;309.462;309.028;60;265.992;1;0;;;397.613;1;1
1353;0.4;52.1354;27.8;9.00032;40.1447;26.5;138;292.607;270.334;265;360;272;272;309.317;309.172;60;265.982;1;0;;;396.924;1;1
1354;0.4;52.1354;27.8;8.94568;40.0839;26.5;145;292.491;270.334;265;360;272;272;309.317;309.028;60;265.972;1;0;;;396.325;1;1
1355;0.4;52.3582;27.8;8.92901;40.0145;26.5;145;292.419;270.32;265;360;272;272;309.172;309.028;60;265.961;1;0;;;395.636;1;1
1356;0.4;52.2367;27.8;8.89004;40.0868;26.5;144;292.679;270.32;265;360;272;272;309.317;309.028;60;265.951;1;0;;;393.8;1;1
1357;0.4;52.2367;27.8;8.90829;40.1852;26.5;139;292.737;270.312;265;360;272;272;309.317;309.172;60;265.939;1;0;;;392.082;1;1
1358;0.4;52.1354;27.8;8.8728;40.3704;26.6;136;292.824;270.276;265;360;272;272;309.317;309.028;60;265.926;1;0;;;390.308;1;1
1359;0.4;52.2367;27.8;8.87179;39.9855;26.6;137;292.94;270.269;265;360;272;272;309.317;309.028;60;265.912;1;0;;;389.197;1;1
1360;0.4;52.3177;27.8;8.92211;39.9884;26.6;139;292.954;270.276;265;360;272;272;309.317;309.028;60;265.9;1;0;;;388.914;1;1
1361;0.4;52.3351;27.8;8.8885;40.3906;26.6;139;292.839;270.312;265;360;272;272;309.317;309.028;60;265.889;1;0;"KHP7025     ";;388.476;1;1
1362;0.4;52.2367;27.8;8.89004;40.0347;26.6;141;292.723;270.349;265;360;272;272;309.317;309.172;60;265.879;1;0;;;387.769;1;1
1363;0.4;52.4392;27.8;8.85124;39.8814;26.6;139;293.359;270.32;265;360;272;272;309.317;309.172;60;265.868;1;0;;;387.426;1;1
1364;0.4;52.4392;27.8;8.90619;40.0868;26.6;137;293.388;270.312;265;360;272;272;309.462;309.028;60;265.857;1;0;;;386.399;1;1
1365;0.4;52.1354;27.8;8.81817;40.1881;26.6;133;293.446;270.298;265;360;272;272;309.317;309.172;60;265.84;1;0;;;384.74;1;1
1366;0.4;52.1354;27.8;8.85459;40.1881;26.6;135;293.49;270.284;265;360;272;272;309.462;309.172;60;265.827;1;0;;;382.348;1;1
1367;0.4;52.1354;27.8;8.81817;40.0839;26.6;137;293.547;270.269;265;360;272;272;309.462;309.172;60;265.812;1;0;;;382.007;1;1
1368;0.4;52.0312;27.8;8.7642;40.2836;26.6;139;293.359;270.305;265;360;272;272;309.462;309.172;60;265.802;1;0;;;380.055;1;1
1369;0.4;52.0312;27.8;8.7642;40.3906;26.6;148;293.258;270.341;265;360;272;272;309.462;309.317;60;265.792;1;0;;;379.373;1;1
1370;0.4;52.2367;27.8;8.81705;40.3906;26.6;153;293.113;270.341;265;360;272;272;309.607;309.317;60;265.78;1;0;;;378.01;1;1
1371;0.4;52.2367;27.8;8.7988;40.0868;26.6;154;293.027;270.32;265;360;272;272;309.462;309.317;60;265.771;1;0;;;377.67;1;1
1372;0.4;52.3495;27.8;8.81781;40.0868;26.6;155;293.027;270.305;265;360;272;272;309.462;309.317;60;265.76;1;0;;;377.67;1;1
1373;0.4;52.0862;27.8;8.77345;40.1881;26.6;155;293.793;270.291;265;360;272;272;309.462;309.317;60;265.748;1;0;;;376.649;1;1
1374;0.4;52.0312;27.9;9.15381;39.9884;26.6;152;293.909;270.19;265;360;272;272;309.462;309.172;60;265.735;1;0;;;375.957;1;1
1375;0.4;52.1643;27.9;9.10431;40.1881;26.7;151;293.967;270.175;265;360;272;272;309.607;309.317;60;265.722;1;0;;;375.503;1;1
1376;0.4;52.2367;27.9;9.06219;40.3906;26.7;152;293.837;269.922;265;360;272;272;309.607;309.172;60;265.711;1;0;;;372.702;1;1
1377;0.4;52.2367;27.9;9.06219;40.1881;26.7;157;293.721;269.915;265;360;272;272;309.462;309.317;60;265.699;1;0;;;372.023;1;1
1378;0.4;52.2714;27.9;9.01343;40.0868;26.7;157;293.678;270.175;265;360;272;272;309.607;309.317;60;265.688;1;0;;;370.328;1;1
1379;0.4;52.0486;27.9;9.02956;39.8814;26.7;158;294.054;269.965;265;360;272;272;309.462;309.317;60;265.667;1;0;;;369.989;1;1
1380;0.4;51.93;27.9;8.97269;39.9855;26.7;164;294.17;269.987;265;360;272;272;309.607;309.317;60;265.648;1;0;;;369.65;1;1
1381;0.4;52.2367;27.9;9.02569;40.0694;26.7;166;294.256;269.987;265;360;272;272;309.607;309.462;60;265.624;1;0;;;368.973;1;1
1382;0.4;52.338;27.9;9.06147;40.0666;26.7;169;294.271;269.965;265;360;272;272;309.607;309.317;60;265.601;1;0;;;368.295;1;1
1383;0.4;52.4392;27.9;9.00573;40.0839;26.7;170;294.198;269.951;265;360;272;272;309.607;309.462;60;265.576;1;0;;;366.615;1;1
1384;0.4;52.2483;27.9;8.95466;40.0029;26.7;170;294.126;269.944;265;360;272;272;309.607;309.317;60;265.554;1;0;"KHP7025     ";;365.6;1;1
1385;0.4;52.1354;27.9;8.88068;40.0723;26.7;180;294.763;269.922;265;360;272;272;309.607;309.462;60;265.537;1;0;;;364.167;1;1
1386;0.4;51.6262;27.9;8.86609;40.0868;26.7;180;294.734;269.907;265;360;272;272;309.462;309.462;60;265.515;1;0;;;363.438;1;1
1387;0.4;51.4207;27.9;8.81282;39.9855;26.7;174;294.821;269.9;265;360;272;272;309.607;309.317;60;265.495;1;0;;;362.089;1;1
1388;0.4;52.2367;27.9;8.91617;39.8814;26.7;178;294.922;269.893;265;360;272;272;309.462;309.317;60;265.475;1;0;;;361.414;1;1
1389;0.4;52.0602;27.9;8.84967;40.0868;26.7;180;295.009;269.878;265;360;272;272;309.462;309.317;60;265.456;1;0;;;360.74;1;1
1390;0.4;52.2367;27.9;8.86143;40.3906;26.7;182;295.139;269.878;265;360;272;272;309.607;309.317;60;265.437;1;0;;;359.73;1;1
1391;0.4;52.1354;27.9;8.88068;40.3906;26.7;183;295.081;269.871;265;360;272;272;309.607;309.317;60;265.417;1;0;;;358.838;1;1
1392;0.4;52.338;27.9;8.91518;40.3906;26.7;185;295.009;269.878;265;360;272;272;309.607;309.317;60;265.404;1;0;;;357.828;1;1
1393;0.4;52.1354;28;9.16179;40.3906;26.7;185;294.994;269.9;265;360;272;272;309.607;309.317;60;265.389;1;0;;;356.344;1;1
1394;0.4;52.1354;28;9.19822;40.3906;26.8;192;295.023;269.907;265;360;272;272;309.607;309.462;60;265.366;1;0;;;356.008;1;1
1395;0.4;52.4392;28;9.25182;40.1881;26.8;192;295.978;269.944;265;360;272;272;309.607;309.317;60;265.35;1;0;;;354.44;1;1
1396;0.4;52.338;28;9.16082;39.9855;26.8;189;296.065;269.951;265;360;272;272;309.607;309.462;60;265.333;1;0;"KHP7025     ";;353.859;1;1
1397;0.4;52.3264;28;9.19535;39.8958;26.8;188;295.978;269.944;265;360;272;272;309.607;309.462;60;265.318;1;0;;;353.859;1;1
1398;0.4;52.0341;28;9.10764;39.8814;26.8;188;296.079;269.936;265;360;272;272;309.607;309.462;60;265.304;1;0;;;353.524;1;1
1399;0.4;52.1354;28;9.18;39.8814;26.8;190;296.007;269.936;265;360;272;272;309.607;309.462;60;265.292;1;0;;;351.625;1;1
1400;0.4;52.3293;28;9.1593;40.1881;26.8;187;296.007;269.929;265;360;272;272;309.607;309.317;60;265.283;1;0;;;349.281;1;1
1401;0.4;52.6273;28;9.22985;40.2894;26.8;186;296.108;269.922;265;360;272;272;309.607;309.462;60;265.275;1;0;;;348.23;1;1
1402;0.4;52.4392;28;9.17854;40.0868;26.8;190;296.976;269.922;265;360;272;272;309.607;309.462;60;265.27;1;0;;;347.227;1;1
1403;0.4;52.4277;28;9.15818;40.0868;26.8;184;297.063;269.915;265;360;272;272;309.607;309.462;60;265.264;1;0;;;346.211;1;1
1404;0.4;52.1528;28;9.1284;40.0868;26.8;185;297.266;269.907;265;360;272;272;309.751;309.607;60;265.26;1;0;;;346.211;1;1
1405;0.4;51.93;28.1;9.33311;40.3906;26.8;184;297.193;269.907;265;360;272;272;309.751;309.607;60;265.254;1;0;;;344.928;1;1
1406;0.4;52.1094;28.1;9.4746;40.3906;26.8;186;297.135;269.9;265;360;272;272;309.751;309.607;60;265.253;1;0;;;344.382;1;1
1407;0.4;52.2367;28.1;9.44297;40.2894;26.9;175;297.83;269.9;265;360;272;272;309.751;309.607;60;265.25;1;0;;;342.765;1;1
1408;0.4;52.0312;28.1;9.42401;40.3906;26.9;175;297.844;269.893;265;360;272;272;309.751;309.607;60;265.244;1;0;;;340.706;1;1
1409;0.4;51.93;28.1;9.38753;40.489;26.9;168;297.946;269.886;265;360;272;272;309.751;309.462;60;265.236;1;0;;;339.708;1;1
1410;0.4;52.5434;28.1;9.46171;40.2894;26.9;168;298.076;269.9;265;360;272;272;309.751;309.607;60;265.228;1;0;;;339.097;1;1
1411;0.4;52.6447;28.1;9.57193;40.0868;26.9;168;298.018;270.03;265;360;272;272;309.751;309.607;60;265.213;1;0;;;339.097;1;1
1412;0.4;52.338;28.1;9.443;40.1852;26.9;171;298.409;270.038;265;360;272;272;309.751;309.607;60;265.201;1;0;;;339.097;1;1
1413;0.4;52.5839;28.1;9.43226;40.0868;26.9;168;298.322;270.052;265;360;272;272;309.751;309.607;60;265.185;1;0;;;337.104;1;1
1414;0.4;52.6968;28.1;9.48932;40.2894;26.9;158;298.278;270.045;265;360;272;272;309.751;309.607;60;265.17;1;0;;;336.44;1;1
1415;0.4;52.6215;28.2;9.86981;40.3906;26.9;162;298.365;270.081;265;360;272;272;309.751;309.607;60;265.151;1;0;;;333.671;1;1
1416;0.4;52.3409;28.2;9.81717;40.2894;26.9;165;298.409;270.074;265;360;272;272;309.751;309.607;60;265.134;1;0;;;332.872;1;1
1417;0.4;52.3409;28.2;9.79888;40.3906;26.9;165;298.481;270.074;265;360;272;272;309.751;309.607;60;265.115;1;0;;;331.879;1;1
1418;0.4;52.5434;28.2;9.87354;40.2865;26.9;161;298.582;270.074;265;360;272;272;309.896;309.607;60;265.09;1;0;;;331.879;1;1
1419;0.4;52.2338;28.2;9.77884;40.1881;26.9;168;298.409;270.001;265;360;272;272;309.896;309.751;60;265.067;1;0;;;331.879;1;1
1420;0.4;52.4653;28.2;9.89551;40.1881;26.9;170;298.293;270.009;265;360;272;272;309.896;309.751;60;265.044;1;0;;;329.964;1;1
1421;0.4;52.338;28.2;9.8715;40.1707;26.9;170;298.235;269.994;265;360;272;272;309.896;309.751;60;265.019;1;0;;;328.442;1;1
1422;0.4;52.338;28.2;9.83493;39.8843;26.9;181;298.365;269.98;265;360;272;272;309.896;309.751;60;264.994;1;0;;;326.678;1;1
1423;0.4;52.2135;28.2;9.81155;40.2575;26.9;182;298.148;269.98;265;360;272;272;309.896;309.751;60;264.966;1;0;;;326.362;1;1
1424;0.4;52.1354;28.3;10.169;40.1881;27;196;298.235;269.973;265;360;272;272;309.896;309.751;60;264.938;1;0;;;325.703;1;1
1425;0.4;52.2107;28.3;10.1655;40.1881;27;205;298.293;269.951;265;360;272;272;309.896;309.751;60;264.911;1;0;;;325.044;1;1
1426;0.4;52.5434;28.3;10.2303;40.4225;27;203;298.38;269.936;265;360;272;272;309.896;309.607;60;264.887;1;0;;;325.044;1;1
1427;0.4;52.5405;28.3;10.2297;40.3906;27;205;299.074;269.915;265;360;272;272;309.896;309.607;60;264.865;1;0;;;322.41;1;1
1428;0.4;52.5405;28.3;10.2481;40.2894;27;214;298.973;269.915;265;360;272;272;309.896;309.751;60;264.846;1;0;;;322.41;1;1
1429;0.4;52.6447;28.3;10.2316;40.2894;27;209;298.915;269.907;265;360;272;272;309.896;309.607;60;264.83;1;0;;;320.109;1;1
1430;0.4;52.6794;28.3;10.2751;40.2894;27;214;298.828;269.893;265;360;272;272;309.896;309.751;60;264.815;1;0;;;319.453;1;1
1431;0.4;52.6447;28.3;10.2868;40.1881;27;217;298.843;269.886;265;360;272;272;309.896;309.751;60;264.801;1;0;;;319.453;1;1
1432;0.4;52.4363;28.3;10.2644;40.2894;27;228;299.233;269.893;265;360;272;272;310.04;309.751;60;264.79;1;0;;;318.796;1;1
1433;0.4;52.4392;28.3;10.2649;40.0868;27;228;299.306;269.922;265;360;272;272;310.04;309.751;60;264.78;1;0;;;317.577;1;1
1434;0.4;52.0949;28.3;10.2339;39.8814;27;214;299.363;269.951;265;360;272;272;310.04;309.751;60;264.771;1;0;;;315.592;1;1
1435;0.4;51.9444;28.3;10.1862;40.191;27;214;299.392;269.958;265;360;272;272;310.04;309.751;60;264.762;1;0;;;314.61;1;1
1436;0.4;51.93;28.4;10.4815;40.0868;27;231;300.072;269.965;265;360;272;272;310.04;309.751;60;264.755;1;0;;;314.61;1;1
1437;0.4;52.338;28.4;10.6553;40.0347;27;226;299.942;270.124;265;360;272;272;310.04;309.751;60;264.748;1;0;;;313.955;1;1
1438;0.4;52.4421;28.4;10.6399;40.1881;27;219;299.812;270.117;265;360;272;272;310.04;309.751;60;264.742;1;0;;;312.648;1;1
1439;0.4;52.4392;28.4;10.6576;40.3791;27;221;300.564;270.11;265;360;272;272;309.896;309.751;60;264.737;1;0;;;311.783;1;1
1440;0.4;52.1557;28.4;10.6;40.1881;27;220;300.637;270.103;265;360;272;272;309.896;309.751;60;264.733;1;0;;;311.13;1;1
1441;0.4;52.2193;28.4;10.6312;40.2894;27;212;300.839;270.117;265;360;272;272;309.896;309.751;60;264.729;1;0;;;308.353;1;1
1442;0.4;52.2367;28.4;10.6712;40.1881;27;219;301.157;270.117;265;360;272;272;309.896;309.751;60;264.725;1;0;;;307.05;1;1
1443;0.4;52.5463;28.4;10.6427;40.0868;27;205;301.042;270.124;265;360;272;272;309.896;309.896;60;264.722;1;0;;;307.05;1;1
1444;0.4;52.5434;28.4;10.6971;39.9855;27.1;205;300.984;269.9;265;360;272;272;310.04;309.751;60;264.719;1;0;;;305.764;1;1
1445;0.4;52.4711;28.4;10.7008;40.0868;27.1;203;301.635;270.117;265;360;272;272;310.04;309.896;60;264.717;1;0;;;305.764;1;1
1446;0.4;52.2569;28.5;10.9754;40.1881;27.1;191;301.143;269.878;265;360;272;272;310.04;309.896;60;264.718;1;0;;;304.138;1;1
1447;0.4;52.4392;28.5;10.9953;40.1881;27.1;197;301.201;269.871;265;360;272;272;310.04;309.751;60;264.716;1;0;;;303.163;1;1
1448;0.4;52.2367;28.5;11.0259;39.9855;27.1;198;302.069;269.878;265;360;272;272;310.04;309.751;60;264.713;1;0;;;302.839;1;1
1449;0.4;52.1181;28.5;11.019;40.1881;27.1;189;302.156;269.9;265;360;272;272;310.04;309.896;60;264.712;1;0;;;301.658;1;1
1450;0.4;51.9329;28.5;11.0162;40.0868;27.1;189;302.141;269.929;265;360;272;272;310.04;309.896;60;264.71;1;0;;;300.463;1;1
1451;0.4;52.2367;28.5;11.0076;40.0868;27.1;187;302.04;269.951;265;360;272;272;310.04;309.896;60;264.709;1;0;;;300.139;1;1
1452;0.4;51.9271;28.5;10.9968;40.0868;27.1;183;301.895;269.965;265;360;272;272;310.185;310.04;60;264.707;1;0;;;297.357;1;1
1453;0.4;52.1354;28.5;11.0591;40.0868;27.1;183;301.881;269.958;265;360;272;272;310.04;310.04;60;264.706;1;0;;;297.311;1;1
1454;0.4;52.4508;28.6;11.4088;40.1476;27.1;183;302.054;269.958;265;360;272;272;310.33;309.896;60;264.703;1;0;;;296.971;1;1
1455;0.4;52.4421;28.6;11.4619;40.0868;27.1;186;302.185;269.951;265;360;272;272;310.185;310.04;60;264.702;1;0;;;296.054;1;1
1456;0.4;52.0341;28.6;11.3546;40.0868;27.2;183;302.156;269.936;265;360;272;272;310.185;310.04;60;264.701;1;0;;;293.514;1;1
1457;0.4;51.9329;28.6;11.3143;40.0868;27.2;183;302.04;269.936;265;360;272;272;310.185;309.896;60;264.701;1;0;;;293.191;1;1
1458;0.4;52.2367;28.6;11.417;39.9855;27.2;183;301.953;269.944;265;360;272;272;310.185;309.896;60;264.698;1;0;;;292.227;1;1
1459;0.4;52.2367;28.6;11.4353;39.8843;27.2;183;301.924;270.19;265;360;272;272;310.185;310.04;60;264.694;1;0;;;291.583;1;1
1460;0.4;52.0341;28.6;11.3364;39.8814;27.2;182;301.997;269.936;265;360;272;272;310.185;309.896;60;264.692;1;0;;;290.294;1;1
1461;0.4;52.2483;28.6;11.4195;40.2459;27.2;185;302.04;269.951;265;360;272;272;310.33;310.04;60;264.692;1;0;;;288.842;1;1
1462;0.4;52.338;28.6;11.4392;40.2894;27.2;184;302.141;269.944;265;360;272;272;310.185;310.04;60;264.688;1;0;;;288.198;1;1
1463;0.4;52.2367;28.6;11.417;40.2922;27.2;183;302.199;269.944;265;360;272;272;310.33;310.04;60;264.686;1;0;;;287.555;1;1
1464;0.4;52.1354;28.7;11.7488;40.1881;27.2;183;301.997;270.153;265;360;272;272;310.33;310.04;60;264.684;1;0;;;286.913;1;1
1465;0.4;52.4392;28.7;11.8173;40.2894;27.2;184;301.881;269.944;265;360;272;272;310.33;310.04;60;264.675;1;0;;;285.629;1;1
1466;0.4;52.0689;28.7;11.7157;40.3906;27.2;183;301.982;270.168;265;360;272;272;310.185;310.04;60;264.666;1;0;;;284.345;1;1
1467;0.4;52.338;28.7;11.8128;40.2894;27.2;181;302.112;270.124;265;360;272;272;310.33;310.04;60;264.659;1;0;;;283.384;1;1
1468;0.4;52.4392;28.7;11.8173;40.2894;27.2;182;302.199;269.958;265;360;272;272;310.33;310.04;60;264.652;1;0;;;281.832;1;1
1469;0.4;52.0341;28.7;11.7079;40.1881;27.2;185;302.141;270.168;265;360;272;272;310.33;310.04;60;264.646;1;0;;;281.464;1;1
1470;0.4;52.1238;28.7;11.728;40.2894;27.2;187;301.968;270.197;265;360;272;272;310.33;310.04;60;264.636;1;0;;;281.464;1;1
1471;0.4;52.0341;28.7;11.7079;40.1881;27.2;187;301.895;270.117;265;360;272;272;310.33;310.185;60;264.62;1;0;;;280.204;1;1
1472;0.4;51.7274;28.7;11.6388;40.1881;27.2;191;301.447;270.081;265;360;272;272;310.475;310.185;60;264.607;1;0;;;277.742;1;1
1473;0.4;52.1354;28.7;11.7671;40.2894;27.2;190;301.664;270.124;265;360;272;272;310.475;310.185;60;264.595;1;0;;;276.785;1;1
1474;0.4;52.2367;28.7;11.7717;40.0723;27.2;194;301.736;270.168;265;360;272;272;310.475;310.185;60;264.584;1;0;;;276.785;1;1
1475;0.4;52.2656;28.7;11.7599;40.0868;27.2;197;301.751;270.161;265;360;272;272;310.33;310.185;60;264.575;1;0;;;275.268;1;1
1476;0.4;52.1354;28.7;11.7488;39.8814;27.2;214;301.693;270.117;265;360;272;272;310.475;310.185;60;264.56;1;0;;;274.949;1;1
1477;0.4;52.338;28.8;12.0767;39.9884;27.2;214;301.591;270.103;265;360;272;272;310.475;310.185;60;264.552;1;0;;;273.259;1;1
1478;0.4;52.1354;28.8;12.0664;40.0608;27.2;213;301.577;270.11;265;360;272;272;310.475;310.33;60;264.54;1;0;;;272.623;1;1
1479;0.4;51.93;28.8;11.9826;39.8814;27.2;212;301.476;270.146;265;360;272;272;310.475;310.185;60;264.524;1;0;;;272.623;1;1
1480;0.4;52.0341;28.8;12.0975;39.8814;27.2;214;301.49;270.132;265;360;272;272;310.475;310.04;60;264.51;1;0;;;271.977;1;1
1481;0.4;52.0341;28.8;12.0429;40.3067;27.2;222;301.577;270.067;265;360;272;272;310.33;310.185;60;264.497;1;0;;;269.752;1;1
1482;0.4;52.2367;28.8;12.1081;40.2894;27.2;223;301.678;270.255;265;360;272;272;310.475;310.185;60;264.489;1;0;"KHP7025     ";;268.8;1;1
1483;0.4;52.1354;28.8;12.1028;40.2894;27.2;223;301.693;270.276;265;360;272;272;310.475;310.185;60;264.489;1;0;;;267.943;1;1
1484;0.4;52.338;28.8;12.095;40.2922;27.2;231;301.635;270.276;265;360;272;272;310.475;310.33;60;264.485;1;0;;;267.626;1;1
1485;0.4;52.2367;28.8;12.0716;40.2865;27.2;234;301.534;270.312;265;360;272;272;310.475;310.33;60;264.487;1;0;;;265.55;1;1
1486;0.4;52.2367;28.8;12.0898;40.2894;27.2;234;301.953;270.341;265;360;272;272;310.475;310.185;60;264.488;1;0;;;263.652;1;1
1487;0.4;52.2338;28.8;12.0527;40.1881;27.2;233;301.91;270.327;265;360;272;272;310.475;310.185;60;264.49;1;0;;;263.019;1;1
1488;0.4;52.338;28.8;12.0767;40.1881;27.2;228;301.997;270.327;265;360;272;272;310.475;310.33;60;264.491;1;0;;;263.019;1;1
1489;0.4;52.4392;28.8;12.1184;40.1881;27.2;228;302.127;270.312;265;360;272;272;310.475;310.185;60;264.493;1;0;;;261.954;1;1
1490;0.4;52.338;28.8;12.095;40.1881;27.2;227;302.85;270.298;265;360;272;272;310.475;310.04;60;264.494;1;0;;;260.06;1;1
1491;0.4;52.5405;28.8;12.1418;40.1881;27.2;225;302.474;270.276;265;360;272;272;310.33;310.185;60;264.494;1;0;;;259.43;1;1
1492;0.4;52.5955;28.8;12.1177;40.1476;27.2;224;302.214;270.284;265;360;272;272;310.475;310.185;60;264.495;1;0;;;259.114;1;1
1493;0.4;52.338;28.8;12.0584;40.0868;27.2;219;302.677;270.341;265;360;272;272;310.33;310.04;60;264.498;1;0;;;258.799;1;1
1494;0.4;52.2309;28.8;12.0885;39.9016;27.3;213;302.922;270.327;265;360;272;272;310.475;310.185;60;264.499;1;0;;;256.623;1;1
1495;0.4;52.2338;28.8;12.0527;39.8814;27.3;211;303.139;270.349;265;360;272;272;310.475;310.185;60;264.499;1;0;;;256.044;1;1
1496;0.4;52.6244;28.9;12.4633;40.1331;27.3;203;303.212;270.341;265;360;272;272;310.33;310.185;60;264.496;1;0;;;255.36;1;1
1497;0.4;52.4392;28.9;12.4195;39.9045;27.3;203;303.125;270.32;265;360;272;272;310.475;310.33;60;264.493;1;0;;;254.46;1;1
1498;0.4;52.4392;28.9;12.4195;40.1881;27.3;202;303.009;270.305;265;360;272;272;310.475;310.33;60;264.487;1;0;;;252.937;1;1
1499;0.4;51.9242;28.9;12.2975;40.3848;27.3;203;302.922;270.291;265;360;272;272;310.619;310.33;60;264.477;1;0;;;252.294;1;1
1500;0.4;51.8287;28.9;12.2749;40.4919;27.3;202;303.762;270.255;265;360;272;272;310.619;310.33;60;264.469;1;0;;;250.264;1;1
1501;0.4;52.1383;28.9;12.33;40.2865;27.3;187;303.819;270.284;265;360;272;272;310.619;310.33;60;264.469;1;0;;;250.264;1;1
1502;0.4;52.3814;28.9;12.3692;39.9855;27.3;188;303.921;270.349;265;360;272;272;310.619;310.33;60;264.47;1;0;;;248.811;1;1
1503;0.4;52.4392;28.9;12.3645;39.8814;27.3;187;303.979;270.327;265;360;272;272;310.619;310.475;60;264.474;1;0;;;247.56;1;1
1504;0.4;52.419;28.9;12.3963;39.7801;27.3;183;303.935;270.341;265;360;272;272;310.764;310.475;60;264.478;1;0;;;246.919;1;1
1505;0.4;52.4392;28.9;12.3462;39.8814;27.3;187;303.863;270.327;265;360;272;272;310.764;310.475;60;264.486;1;0;"KHP7025     ";;246.919;1;1
1506;0.4;52.5434;28.9;12.389;39.9855;27.3;185;303.791;270.312;265;360;272;272;310.764;310.475;60;264.488;1;0;;;245.332;1;1
1507;0.4;52.7488;28.9;12.5112;40.0868;27.3;186;303.718;270.305;265;360;272;272;310.764;310.475;60;264.501;1;0;;;244.084;1;1
1508;0.4;53.0122;29;12.878;40.1881;27.3;185;303.704;270.168;265;360;272;272;310.764;310.475;60;264.512;1;0;;;242.589;1;1
1509;0.4;52.6447;29;12.7888;40.191;27.3;183;303.791;270.139;265;360;272;272;310.619;310.475;60;264.525;1;0;;;241.966;1;1
1510;0.4;52.4421;29;12.7212;40.3009;27.3;194;303.892;270.168;265;360;272;272;310.764;310.475;60;264.534;1;0;;;241.655;1;1
1511;0.4;52.309;29;12.6706;40.3906;27.3;190;303.964;269.958;265;360;272;272;310.764;310.475;60;264.542;1;0;;;240.099;1;1
1512;0.4;52.2367;29;12.6166;40.2865;27.4;187;303.979;270.153;265;360;272;272;310.764;310.619;60;264.56;1;0;;;238.527;1;1
1513;0.4;52.1354;29;12.6286;40.1881;27.4;177;303.4;269.958;265;360;272;272;310.764;310.475;60;264.573;1;0;;;238.306;1;1
1514;0.4;52.1354;29;12.6104;40.1881;27.4;174;303.805;270.19;265;360;272;272;310.764;310.475;60;264.586;1;0;;;237.082;1;1
1515;0.4;52.1354;29;12.6286;39.9855;27.4;175;303.733;270.226;265;360;272;272;310.764;310.475;60;264.598;1;0;;;235.222;1;1
1516;0.4;51.9329;29;12.5251;40.0868;27.4;171;302.937;270.226;265;360;272;272;310.764;310.475;60;264.61;1;0;;;235.198;1;1
1517;0.4;51.7274;29;12.4936;40.0868;27.4;177;303.082;270.24;265;360;272;272;310.619;310.33;60;264.615;1;0;;;233.649;1;1
1518;0.4;52.0602;29;12.5922;40.191;27.4;183;303.168;270.218;265;360;272;272;310.764;310.475;60;264.618;1;0;;;232.84;1;1
1519;0.4;51.8345;29;12.5557;40.3067;27.4;177;303.197;270.24;265;360;272;272;310.764;310.619;60;264.617;1;0;;;230.986;1;1
1520;0.4;51.8287;29;12.5362;40.1881;27.4;174;303.111;270.233;265;360;272;272;310.764;310.475;60;264.615;1;0;;;230.059;1;1
1521;0.4;51.7274;29;12.5117;40.1881;27.4;174;302.995;270.226;265;360;272;272;310.764;310.619;60;264.613;1;0;;;230.059;1;1
1522;0.4;51.7274;29;12.5298;40.1881;27.4;174;302.922;270.218;265;360;272;272;310.909;310.475;60;264.612;1;0;;;229.134;1;1
1523;0.4;52.338;29;12.6777;40.0868;27.4;174;302.734;270.204;265;360;272;272;310.909;310.619;60;264.61;1;0;;;228.208;1;1
1524;0.4;52.4566;29;12.7247;39.8843;27.4;182;302.865;270.197;265;360;272;272;310.909;310.619;60;264.609;1;0;;;226.429;1;1
1525;0.4;51.9589;29;12.5677;39.9277;27.4;182;302.922;270.19;265;360;272;272;310.909;310.619;60;264.608;1;0;;;226.121;1;1
1526;0.4;51.7274;29;12.4756;39.8843;27.4;175;302.937;270.182;265;360;272;272;310.909;310.619;60;264.607;1;0;;;224.681;1;1
1527;0.4;51.9271;29;12.5963;39.8206;27.4;182;302.85;270.168;265;360;272;272;310.909;310.619;60;264.61;1;0;;;223.759;1;1
1528;0.4;52.1354;29;12.5922;39.9855;27.4;176;301.968;270.175;265;360;272;272;310.909;310.619;60;264.62;1;0;;;223.145;1;1
1529;0.4;52.5405;29.1;13.0467;40.0955;27.4;179;301.895;270.153;265;360;272;272;310.909;310.619;60;264.629;1;0;;;221.917;1;1
1530;0.4;52.1615;29.1;12.9162;39.8814;27.4;194;301.924;270.146;265;360;272;272;310.909;310.619;60;264.636;1;0;;;221.303;1;1
1531;0.4;51.93;29.1;12.8225;39.8148;27.4;191;302.069;270.139;265;360;272;272;310.909;310.764;60;264.643;1;0;"KHP7025     ";;219.733;1;1
1532;0.4;51.93;29.1;12.877;39.7801;27.4;192;302.17;270.124;265;360;272;272;310.909;310.764;60;264.649;1;0;;;219.332;1;1
1533;0.4;52.1354;29.1;12.9279;39.6644;27.4;192;302.098;270.117;265;360;272;272;310.909;310.764;60;264.655;1;0;;;218.98;1;1
1534;0.4;52.2396;29.1;12.9537;39.8814;27.4;190;301.591;270.139;265;360;272;272;310.909;310.764;60;264.66;1;0;;;217.144;1;1
1535;0.4;52.0312;29.1;12.9021;39.7975;27.4;188;301.591;270.161;265;360;272;272;310.909;310.764;60;264.667;1;0;;;216.64;1;1
1536;0.4;51.6377;29.1;12.8045;39.7801;27.4;196;301.49;270.168;265;360;272;272;310.909;310.764;60;264.671;1;0;;;215.113;1;1
1537;0.4;51.7303;29.1;12.8094;39.8814;27.4;204;301.591;270.168;265;360;272;272;310.909;310.764;60;264.674;1;0;;;213.588;1;1
1538;0.4;52.0341;29.1;12.9028;40.1215;27.4;201;301.432;269.944;265;360;272;272;311.053;310.764;60;264.677;1;0;;;212.064;1;1
1539;0.4;51.7159;29.1;12.8419;39.9855;27.4;196;301.461;269.936;265;360;272;272;311.053;310.764;60;264.679;1;0;;;211.302;1;1
1540;0.4;51.8287;29.1;12.7975;39.7801;27.4;197;301.432;269.944;265;360;272;272;311.053;310.764;60;264.681;1;0;;;210.998;1;1
1541;0.4;51.9271;29.1;12.8763;39.8843;27.4;197;301.577;270.088;265;360;272;272;311.053;310.764;60;264.683;1;0;;;209.477;1;1
1542;0.4;52.0023;29.1;12.8222;39.7801;27.4;190;301.49;269.806;265;360;272;272;311.053;310.764;60;264.684;1;0;;;208.565;1;1
1543;0.4;51.8287;29.1;12.8156;39.7801;27.4;188;301.403;269.784;265;360;272;272;310.909;310.619;60;264.686;1;0;;;207.958;1;1
1544;0.4;51.93;29.1;12.8225;39.8814;27.4;187;301.317;269.763;265;360;272;272;310.909;310.764;60;264.686;1;0;;;207.958;1;1
1545;0.4;52.0341;29.1;12.8846;39.783;27.4;196;301.345;269.763;265;360;272;272;311.053;310.764;60;264.685;1;0;;;206.095;1;1
1546;0.4;52.0312;29.1;12.8476;39.7975;27.4;194;301.519;269.799;265;360;272;272;311.053;310.764;60;264.675;1;0;;;205.489;1;1
1547;0.4;52.0312;29.1;12.8476;39.8814;27.4;195;301.62;269.828;265;360;272;272;311.053;310.764;60;264.666;1;0;;;205.186;1;1
1548;0.4;52.092;29.1;12.8444;40.2865;27.4;188;301.635;269.821;265;360;272;272;311.053;310.764;60;264.649;1;0;;;202.793;1;1
1549;0.4;52.2396;29.1;12.899;40.2894;27.4;188;301.664;269.806;265;360;272;272;311.053;310.619;60;264.633;1;0;;;202.793;1;1
1550;0.4;52.1354;29.1;12.8733;40.0868;27.4;191;301.562;269.792;265;360;272;272;311.053;310.764;60;264.615;1;0;;;201.53;1;1
1551;0.4;52.1441;29.1;12.839;39.9826;27.4;191;301.49;269.784;265;360;272;272;311.053;310.764;60;264.593;1;0;;;199.719;1;1
1552;0.4;51.93;29.1;12.7863;39.7801;27.4;188;301.432;269.77;265;360;272;272;311.198;310.909;60;264.571;1;0;;;198.893;1;1
1553;0.4;51.9097;29.1;12.8175;39.6788;27.4;202;301.447;269.763;265;360;272;272;311.198;310.909;60;264.552;1;0;;;198.591;1;1
1554;0.4;52.1412;29.1;12.8929;39.7309;27.4;211;301.49;269.763;265;360;272;272;311.198;310.909;60;264.534;1;0;;;197.969;1;1
1555;0.4;52.1354;29.1;12.8733;39.7801;27.4;213;301.606;269.813;265;360;272;272;311.198;310.909;60;264.519;1;0;;;196.764;1;1
1556;0.4;51.93;29.1;12.7681;39.7164;27.4;217;301.678;269.835;265;360;272;272;311.053;310.909;60;264.505;1;0;;;194.959;1;1
1557;0.4;51.4207;29.1;12.6788;39.7685;27.4;218;301.722;269.821;265;360;272;272;311.053;310.909;60;264.493;1;0;;;194.358;1;1
1558;0.4;51.7101;29.1;12.7502;39.9884;27.4;218;301.649;269.813;265;360;272;272;311.198;310.909;60;264.482;1;0;;;193.778;1;1
1559;0.4;51.9821;29.1;12.7991;40.0868;27.4;224;301.606;269.799;265;360;272;272;311.198;310.909;60;264.475;1;0;;;191.678;1;1
1560;0.4;52.0341;29.1;12.8119;39.8814;27.4;225;301.519;269.784;265;360;272;272;311.198;311.053;60;264.467;1;0;;;191.454;1;1
1561;0.4;52.338;29.1;12.8867;39.9826;27.4;232;301.461;269.495;265;360;272;272;311.343;311.053;60;264.464;1;0;;;190.681;1;1
1562;0.4;52.2193;29.1;12.8758;39.8814;27.4;241;301.461;269.488;265;360;272;272;311.198;310.909;60;264.457;1;0;;;189.483;1;1
1563;0.4;51.7882;29.1;12.7695;39.9826;27.4;245;301.534;269.495;265;360;272;272;311.198;311.053;60;264.454;1;0;;;187.987;1;1
1564;0.4;51.93;29.1;12.8044;39.8814;27.4;245;301.606;269.481;265;360;272;272;311.198;311.053;60;264.459;1;0;;;187.515;1;1
1565;0.4;51.93;29.1;12.7318;39.8582;27.5;245;301.722;269.502;265;360;272;272;311.198;310.909;60;264.464;1;0;;;186.021;1;1
1566;0.4;51.5538;29.1;12.7117;40.0868;27.5;250;302.214;269.488;265;360;272;272;311.198;311.053;60;264.466;1;0;"KHP7025     ";;185.722;1;1
1567;0.4;51.6233;29.1;12.6927;39.9855;27.5;244;302.083;269.524;265;360;272;272;311.198;311.198;60;264.466;1;0;;;184.747;1;1
1568;0.4;51.8287;29.1;12.7794;39.9855;27.5;238;301.982;269.531;265;360;272;272;311.343;311.053;60;264.471;1;0;;;182.358;1;1
1569;0.4;52.1267;29.1;12.7801;40.1881;27.5;237;302.488;269.553;265;360;272;272;311.343;311.053;60;264.474;1;0;;;182.358;1;1
1570;0.4;51.9271;29.1;12.7493;40.1881;27.5;229;302.546;269.553;265;360;272;272;311.198;311.198;60;264.485;1;0;;;181.465;1;1
1571;0.4;52.0168;29.1;12.7713;40.1881;27.5;223;303.111;269.538;265;360;272;272;311.343;311.053;60;264.498;1;0;;;180.276;1;1
1572;0.4;52.2222;29.1;12.8035;39.9855;27.5;215;303.212;269.531;265;360;272;272;311.343;311.053;60;264.512;1;0;;;178.743;1;1
1573;0.4;52.0312;29.1;12.7385;39.8814;27.5;214;303.747;269.531;265;360;272;272;311.343;311.198;60;264.533;1;0;;;178.149;1;1
1574;0.4;52.338;29.1;12.8501;40.1881;27.5;207;303.762;269.575;265;360;272;272;311.487;311.198;60;264.568;1;0;;;177.331;1;1
1575;0.4;52.0341;29.1;12.7755;40.1881;27.5;196;303.675;269.575;265;360;272;272;311.487;311.198;60;264.601;1;0;;;176.161;1;1
1576;0.4;52.338;29.2;13.2055;40.2894;27.5;188;304.008;269.365;265;360;272;272;311.487;311.198;60;264.637;1;0;;;176.152;1;1
1577;0.4;52.338;29.2;13.1506;40.1881;27.5;180;304.094;269.567;265;360;272;272;311.487;311.198;60;264.684;1;0;;;173.986;1;1
1578;0.4;52.1354;29.2;13.1179;40.3906;27.5;171;304.225;269.227;265;360;272;272;311.343;311.198;60;264.733;1;0;;;173.69;1;1
1579;0.4;51.93;29.2;13.0844;40.1881;27.6;163;304.196;269.408;265;360;272;272;311.343;311.198;60;264.78;1;0;;;173.324;1;1
1580;0.4;51.93;29.2;13.0662;39.8611;27.6;157;304.065;269.401;265;360;272;272;311.487;311.198;60;264.827;1;0;;;171.552;1;1
1581;0.4;51.7274;29.2;12.943;39.6499;27.6;151;303.964;269.43;265;360;272;272;311.343;311.198;60;264.878;1;0;;;170.962;1;1
1582;0.4;51.93;29.2;13.03;39.7801;27.6;138;303.964;269.444;265;360;272;272;311.343;311.198;60;264.926;1;0;;;168.878;1;1
1583;0.4;51.7274;29.2;12.9791;40.0579;27.6;128;304.138;269.444;265;360;272;272;311.487;311.198;60;264.97;1;0;;;168.562;1;1
1584;0.4;51.9444;29.2;13.0517;40.1881;27.6;118;304.253;269.408;265;360;272;272;311.487;311.343;60;265.013;1;0;;;167.214;1;1
1585;0.4;52.0052;29.2;13.1033;39.8814;27.6;109;304.21;269.293;265;360;272;272;311.487;311.343;60;265.048;1;0;;;166.626;1;1
1586;0.4;51.9329;29.2;13.0307;39.7801;27.6;100;304.036;269.604;265;360;272;272;311.632;311.343;60;265.078;1;0;;;166.038;1;1
1587;0.4;51.8287;29.2;12.9683;39.7801;27.6;90;304.051;269.408;265;360;272;272;311.632;311.343;60;265.106;1;0;;;164.863;1;1
1588;0.4;52.092;29.3;13.4243;39.8756;27.6;79;303.197;269.249;265;360;272;272;311.632;311.343;60;265.129;1;0;;;164.042;1;1
1589;0.4;51.93;29.3;13.3281;39.6788;27.6;74;303.154;269.358;265;360;272;272;311.487;311.343;60;265.148;1;0;;;162.215;1;1
1590;0.4;51.8287;29.3;13.3202;39.4763;27.6;71;303.067;269.596;265;360;272;272;311.632;311.343;60;265.165;1;0;;;161.629;1;1
1591;0.4;51.739;29.3;13.2791;39.6788;27.6;71;303.183;269.611;265;360;272;272;311.632;311.343;60;265.181;1;0;;;160.459;1;1
1592;0.4;51.7159;29.3;13.237;39.8843;27.6;67;302.431;269.372;265;360;272;272;311.632;311.198;60;265.189;1;0;;;159.851;1;1
1593;0.4;51.8287;29.3;13.3202;39.838;27.6;65;302.199;269.358;265;360;272;272;311.487;311.343;60;265.195;1;0;;;158.4;1;1
1594;0.4;51.9358;29.3;13.3296;39.8814;27.6;65;302.025;269.372;265;360;272;272;311.632;311.343;60;265.207;1;0;;;157.05;1;1
1595;0.4;52.2367;29.3;13.3886;39.8814;27.6;66;301.172;269.437;265;360;272;272;311.487;311.343;60;265.218;1;0;;;156.175;1;1
1596;0.4;52.066;29.3;13.3448;40.1881;27.6;74;300.883;269.285;265;360;272;272;311.487;311.343;60;265.223;1;0;;;155.301;1;1
1597;0.4;52.1238;29.3;13.3597;40.0868;27.5;80;300.709;269.661;265;360;272;272;311.487;311.343;60;265.233;1;0;;;155.149;1;1
1598;0.4;51.8547;29.3;13.2545;39.9826;27.5;89;300;269.654;265;360;272;272;311.487;311.198;60;265.238;1;0;;;154.08;1;1
1599;0.4;52.0312;29.3;13.3541;39.8669;27.5;100;300.101;269.661;265;360;272;272;311.487;311.343;60;265.244;1;0;"KHP7025     ";;153.138;1;1
1600;0.4;51.7274;29.3;13.2219;39.6788;27.5;99;299.87;269.654;265;360;272;272;311.487;311.343;60;265.249;1;0;;;151.976;1;1
1601;0.4;51.6262;29.3;13.2321;39.5775;27.5;110;299.074;269.654;265;360;272;272;311.487;311.343;60;265.255;1;0;;;150.524;1;1
1602;0.4;51.548;29.3;13.158;39.8814;27.5;118;298.958;269.647;265;360;272;272;311.487;311.198;60;265.257;1;0;;;149.654;1;1
1603;0.4;51.4236;29.2;12.8311;39.9855;27.5;124;298.611;269.271;265;360;272;272;311.487;311.198;60;265.262;1;0;;;148.495;1;1
1604;0.4;51.5278;29.2;12.785;40.1881;27.5;130;297.786;269.264;265;360;272;272;311.487;311.343;60;265.266;1;0;;;147.285;1;1
1605;0.4;52.1325;29.2;12.9533;40.3906;27.4;137;297.873;269.264;265;360;272;272;311.487;311.343;60;265.268;1;0;;;146.521;1;1
1606;0.4;52.0312;29.2;12.9281;40.1881;27.4;141;297.772;269.336;265;360;272;272;311.632;311.343;60;265.263;1;0;;;146.164;1;1
1607;0.4;52.3409;29.2;13.005;39.9855;27.4;149;297.034;269.321;265;360;272;272;311.632;311.487;60;265.259;1;0;;;144.075;1;1
1608;0.4;52.338;29.2;12.986;39.9855;27.4;163;297.034;269.307;265;360;272;272;311.487;311.343;60;265.249;1;0;;;144.042;1;1
1609;0.4;52.1354;29.2;12.9358;40.0868;27.4;168;296.947;269.285;265;360;272;272;311.632;311.487;60;265.243;1;0;;;142.686;1;1
1610;0.4;52.1325;29.2;12.9533;39.9826;27.4;174;296.629;269.242;265;360;272;272;311.632;311.487;60;265.238;1;0;;;141.534;1;1
1611;0.4;51.9039;29.2;12.8602;40.0868;27.4;179;296.586;269.235;265;360;272;272;311.632;311.487;60;265.234;1;0;;;140.958;1;1
1612;0.4;52.0457;29.2;12.8953;40.0839;27.4;183;296.036;269.264;265;360;272;272;311.632;311.487;60;265.23;1;0;;;139.807;1;1
1613;0.4;52.2743;29.1;12.6336;40.1881;27.4;187;295.761;269.314;265;360;272;272;311.777;311.487;60;265.226;1;0;;;138.945;1;1
1614;0.4;51.93;29.1;12.496;40.1881;27.4;199;295.992;269.307;265;360;272;272;311.632;311.487;60;265.22;1;0;;;137.095;1;1
1615;0.4;51.8982;29.1;12.4883;40.1881;27.4;203;296.05;269.293;265;360;272;272;311.777;311.487;60;265.218;1;0;;;136.522;1;1
1616;0.4;52.0312;29.1;12.5567;40.0868;27.4;206;295.978;269.314;265;360;272;272;311.777;311.487;60;265.215;1;0;;;135.41;1;1
1617;0.4;52.2107;29.1;12.5817;40.2894;27.4;208;295.862;269.293;265;360;272;272;311.632;311.487;60;265.208;1;0;;;135.155;1;1
1618;0.4;52.1354;29.1;12.5454;40.0839;27.4;206;296.455;269.256;265;360;272;272;311.777;311.632;60;265.207;1;0;;;134.171;1;1
1619;0.4;52.1354;29.1;12.509;40.2894;27.4;203;296.528;269.249;265;360;272;272;311.777;311.487;60;265.2;1;0;;;131.884;1;1
1620;0.4;52.0312;29.1;12.4658;40.2894;27.4;196;296.687;269.293;265;360;272;272;311.777;311.487;60;265.2;1;0;;;131.884;1;1
1621;0.4;52.0312;29.1;12.5385;40.0868;27.4;196;296.672;269.329;265;360;272;272;311.777;311.487;60;265.194;1;0;;;130.172;1;1
1622;0.4;52.1354;29.1;12.5272;40.2894;27.4;196;296.484;269.329;265;360;272;272;311.777;311.487;60;265.189;1;0;;;129.901;1;1
1623;0.4;52.3409;29.1;12.5217;40.2894;27.4;200;296.557;269.256;265;360;272;272;311.777;311.487;60;265.181;1;0;;;129.439;1;1
1624;0.4;52.3351;29;12.1832;40.0868;27.4;204;296.904;269.242;265;360;272;272;311.632;311.487;60;265.172;1;0;;;126.929;1;1
1625;0.4;51.93;29;12.1252;40.0839;27.4;201;296.803;269.278;265;360;272;272;311.777;311.487;60;265.164;1;0;;;126.929;1;1
1626;0.4;52.2193;29;12.1381;40.0984;27.4;190;296.803;269.264;265;360;272;272;311.777;311.632;60;265.154;1;0;;;125.224;1;1
1627;0.4;51.8345;29;12.0486;40.0868;27.4;195;296.904;269.307;265;360;272;272;311.777;311.487;60;265.137;1;0;"KHP7025     ";;124.549;1;1
1628;0.4;51.7274;29;12.0418;40.1881;27.4;193;297.786;269.307;265;360;272;272;311.777;311.632;60;265.133;1;0;;;124.402;1;1
1629;0.4;51.8287;29;12.011;40.3328;27.4;189;297.873;269.293;265;360;272;272;311.921;311.632;60;265.124;1;0;;;122.392;1;1
1630;0.4;52.2367;29;12.1056;40.5961;27.4;189;297.83;269.307;265;360;272;272;311.921;311.632;60;265.119;1;0;;;121.805;1;1
1631;0.4;52.5405;29;12.2311;40.5006;27.4;196;297.946;269.285;265;360;272;272;311.921;311.777;60;265.116;1;0;;;120.327;1;1
1632;0.4;52.1672;29;12.126;40.3906;27.4;196;297.873;269.264;265;360;272;272;311.921;311.632;60;265.115;1;0;;;118.945;1;1
1633;0.4;51.93;29;11.9982;40.3906;27.5;185;297.815;269.647;265;360;272;272;311.921;311.777;60;265.113;1;0;;;118.914;1;1
1634;0.4;51.9676;29;12.0432;40.2894;27.5;186;297.873;269.647;265;360;272;272;311.777;311.632;60;265.116;1;0;;;118.349;1;1
1635;0.4;51.8258;29;11.9742;40.3935;27.5;185;298.669;269.647;265;360;272;272;311.777;311.632;60;265.125;1;0;;;116.939;1;1
1636;0.4;51.7361;29;11.9354;40.4919;27.5;185;298.756;269.669;265;360;272;272;311.777;311.632;60;265.133;1;0;;;115.221;1;1
1637;0.4;51.93;29;11.9982;40.1881;27.5;178;298.799;269.712;265;360;272;272;311.921;311.632;60;265.141;1;0;;;114.98;1;1
1638;0.4;51.8142;29;11.9534;39.9855;27.5;182;299.002;269.705;265;360;272;272;311.777;311.632;60;265.157;1;0;;;114.136;1;1
1639;0.4;52.0312;29;12.0035;40.1881;27.5;174;298.9;269.69;265;360;272;272;311.777;311.487;60;265.173;1;0;;;113.064;1;1
1640;0.4;52.0341;29;11.9496;40.3906;27.5;162;298.828;269.69;265;360;272;272;311.777;311.487;60;265.191;1;0;;;112.182;1;1
1641;0.4;52.0312;29;11.9671;40.3906;27.5;161;298.872;269.669;265;360;272;272;311.632;311.632;60;265.203;1;0;;;109.938;1;1
1642;0.4;51.93;29.1;12.2057;40.1852;27.5;160;298.973;269.661;265;360;272;272;311.777;311.487;60;265.215;1;0;;;109.938;1;1
1643;0.4;52.1325;29.1;12.2897;40.0868;27.5;156;299.783;269.647;265;360;272;272;311.921;311.632;60;265.23;1;0;;;109.12;1;1
1644;0.4;52.0341;29.1;12.2665;39.9855;27.5;152;299.783;269.64;265;360;272;272;311.921;311.632;60;265.246;1;0;;;107.721;1;1
1645;0.4;51.8518;29.1;12.2235;40.1186;27.5;148;299.696;269.625;265;360;272;272;311.777;311.632;60;265.261;1;0;;;107.162;1;1
1646;0.4;52.338;29.1;12.2833;40.3906;27.5;137;299.566;269.596;265;360;272;272;311.777;311.632;60;265.272;1;0;;;105.486;1;1
1647;0.4;52.3351;29.1;12.3557;40.2894;27.6;132;299.421;269.546;265;360;272;272;311.777;311.632;60;265.275;1;0;;;104.928;1;1
1648;0.4;52.2396;29.1;12.2784;40.3906;27.6;128;299.508;269.575;265;360;272;272;311.777;311.487;60;265.278;1;0;;;104.016;1;1
1649;0.4;51.9329;29.1;12.1882;40.3385;27.6;126;299.595;269.604;265;360;272;272;311.921;311.632;60;265.281;1;0;;;102.939;1;1
1650;0.4;52.1238;29.1;12.233;40.1881;27.6;126;299.58;269.64;265;360;272;272;311.921;311.777;60;265.28;1;0;;;102.104;1;1
1651;0.4;52.1354;29.1;12.1993;40.3935;27.6;124;299.667;269.647;265;360;272;272;311.921;311.632;60;265.28;1;0;;;101.27;1;1
1652;0.4;51.93;29.1;12.1512;40.5932;27.6;122;299.653;269.546;265;360;272;272;311.921;311.632;60;265.279;1;0;;;100.436;1;1
1653;0.4;51.7274;29.1;12.14;40.2025;27.6;121;299.682;269.661;265;360;272;272;312.066;311.777;60;265.282;1;0;;;98.3291;1;1
1654;0.4;51.658;29.1;12.0876;40.1852;27.6;118;298.929;269.589;265;360;272;272;311.921;311.777;60;265.284;1;0;;;98.0518;1;1
1655;0.4;51.8287;29.1;12.1094;40.4919;27.6;115;298.843;269.51;265;360;272;272;312.066;311.777;60;265.283;1;0;;;97.2249;1;1
1656;0.4;51.93;29.1;12.1331;40.4774;27.6;120;298.843;269.502;265;360;272;272;312.066;311.777;60;265.285;1;0;;;96.3941;1;1
1657;0.4;52.0312;29.1;12.1204;40.3906;27.6;122;298.973;269.51;265;360;272;272;312.066;311.921;60;265.287;1;0;;;95.6794;1;1
1658;0.4;52.2338;29.1;12.1493;40.2836;27.6;126;298.553;269.77;265;360;272;272;312.066;311.777;60;265.289;1;0;;;93.8219;1;1
1659;0.4;52.3438;29.1;12.2115;40.1881;27.6;126;298.626;269.763;265;360;272;272;311.921;311.777;60;265.292;1;0;;;93.1642;1;1
1660;0.4;52.1412;29.1;12.0731;40.3906;27.6;135;298.539;269.777;265;360;272;272;312.066;311.777;60;265.294;1;0;;;92.2822;1;1
1661;0.4;52.2367;29.1;12.1317;40.3906;27.6;141;298.452;269.835;265;360;272;272;312.066;311.921;60;265.295;1;0;;;90.9042;1;1
1662;0.4;52.3409;29.1;12.1194;40.2894;27.6;142;297.758;269.835;265;360;272;272;312.066;311.921;60;265.295;1;0;;;90.7064;1;1
1663;0.4;52.4392;29.1;12.1421;40.2894;27.6;143;297.772;269.813;265;360;272;272;312.211;311.921;60;265.295;1;0;;;89.3664;1;1
1664;0.4;52.5405;29.1;12.1656;40.1534;27.6;149;297.989;269.799;265;360;272;272;312.066;311.921;60;265.294;1;0;;;88.8165;1;1
1665;0.4;52.1354;29.1;12.0536;40.1881;27.6;150;298.076;269.77;265;360;272;272;312.211;311.921;60;265.288;1;0;;;87.4796;1;1
1666;0.4;52.1325;29.1;12.0347;40.2894;27.6;148;297.7;269.77;265;360;272;272;312.066;311.921;60;265.285;1;0;;;85.8895;1;1
1667;0.4;52.0486;29.1;12.0153;40.2894;27.6;149;297.656;269.763;265;360;272;272;312.211;311.921;60;265.278;1;0;;;84.724;1;1
1668;0.4;52.4392;29.1;12.1238;40.1881;27.6;161;297.338;269.806;265;360;272;272;312.211;311.777;60;265.274;1;0;;;83.9028;1;1
1669;0.4;52.338;29.1;12.0455;39.9826;27.6;167;297.208;269.835;265;360;272;272;312.066;311.921;60;265.274;1;0;;;83.0772;1;1
1670;0.4;52.6447;29.1;12.0793;40.0666;27.5;161;297.483;269.828;265;360;272;272;312.066;311.921;60;265.269;1;0;;;82.0339;1;1
1671;0.4;52.3987;29.1;12.0961;40.0868;27.5;161;297.512;269.813;265;360;272;272;312.211;311.921;60;265.266;1;0;;;81.3916;1;1
1672;0.4;52.4392;29.1;12.0139;39.9132;27.5;165;297.338;269.792;265;360;272;272;312.066;311.921;60;265.264;1;0;;;79.7548;1;1
1673;0.4;52.5434;29.1;12.0744;39.8814;27.5;169;297.671;269.784;265;360;272;272;312.211;311.921;60;265.258;1;0;;;79.2098;1;1
1674;0.4;52.2367;29.1;11.9857;39.7946;27.5;168;297.063;269.763;265;360;272;272;312.066;311.777;60;265.251;1;0;"KHP7025     ";;78.665;1;1
1675;0.4;52.338;29.1;12.0272;39.9855;27.5;170;297.005;269.763;265;360;272;272;312.066;311.777;60;265.245;1;0;;;77.3044;1;1
1676;0.4;52.4306;29.1;12.0119;40.0839;27.5;178;296.947;269.77;265;360;272;272;312.211;311.777;60;265.24;1;0;;;76.6483;1;1
1677;0.4;52.0341;29.1;11.9029;40.0839;27.5;182;296.846;269.821;265;360;272;272;312.211;311.921;60;265.235;1;0;;;75.7155;1;1
1678;0.4;52.0341;29.1;11.8665;39.9855;27.5;183;296.774;269.828;265;360;272;272;312.211;311.777;60;265.231;1;0;;;74.9012;1;1
1679;0.4;52.0341;29.1;11.8302;39.8814;27.5;183;296.846;269.813;265;360;272;272;312.211;311.921;60;265.227;1;0;;;72.6603;1;1
1680;0.4;52.0341;29.1;11.8847;39.8814;27.6;183;297.005;269.792;265;360;272;272;312.211;311.921;60;265.224;1;0;;;71.8483;1;1
1681;0.4;52.2367;29.1;11.9127;40.0752;27.6;183;297.323;269.77;265;360;272;272;312.066;311.921;60;265.22;1;0;;;70.6123;1;1
1682;0.4;51.6262;29.1;11.7374;40.0781;27.6;183;297.309;269.763;265;360;272;272;312.066;311.921;60;265.209;1;0;;;70.1347;1;1
1683;0.4;51.8287;29.1;11.8197;40.0897;27.6;183;297.786;269.763;265;360;272;272;312.211;311.921;60;265.197;1;0;;;68.7552;1;1
1684;0.4;51.901;29.1;11.7999;39.6788;27.6;182;297.685;270.211;265;360;272;272;312.211;311.921;60;265.186;1;0;;;67.9239;1;1
1685;0.4;52.1354;29.1;11.8168;39.6788;27.6;176;297.627;270.226;265;360;272;272;312.211;311.777;60;265.176;1;0;"KHP7025     ";;67.9239;1;1
1686;0.4;52.228;29.1;11.8195;39.8814;27.6;183;297.569;269.835;265;360;272;272;312.211;311.921;60;265.168;1;0;;;66.1836;1;1
1687;0.4;52.1701;29.1;11.8246;39.8814;27.6;184;297.005;269.813;265;360;272;272;312.211;311.921;60;265.155;1;0;;;65.1112;1;1
1688;0.4;52.1325;29.1;11.8343;39.8814;27.6;188;297.078;269.799;265;360;272;272;312.211;311.921;60;265.149;1;0;;;64.551;1;1
1689;0.4;52.228;29.1;11.8377;39.9855;27.6;187;297.164;269.907;265;360;272;272;312.211;311.921;60;265.143;1;0;;;63.1987;1;1
1690;0.4;52.2367;29.1;11.8032;40.0203;27.6;184;298.003;270.19;265;360;272;272;312.355;311.921;60;265.138;1;0;;;63.112;1;1
1691;0.4;52.2367;29.1;11.8032;40.1852;27.6;183;298.09;269.893;265;360;272;272;312.211;311.921;60;265.134;1;0;;;60.7114;1;1
1692;0.4;51.9936;29.1;11.7301;40.1881;27.6;183;297.975;269.9;265;360;272;272;312.211;312.066;60;265.13;1;0;;;59.9087;1;1
1693;0.4;52.1354;29.1;11.6893;39.9797;27.6;183;297.873;269.886;265;360;272;272;312.211;311.921;60;265.118;1;0;;;59.5306;1;1
1694;0.4;52.2367;29.1;11.712;40.1881;27.6;183;297.83;269.878;265;360;272;272;312.211;311.921;60;265.105;1;0;;;58.9101;1;1
1695;0.4;52.1325;29.1;11.7068;40.4919;27.6;183;298.119;269.878;265;360;272;272;312.211;311.921;60;265.094;1;0;;;57.0415;1;1
1696;0.4;52.2367;29.1;11.712;40.4919;27.6;187;298.163;269.886;265;360;272;272;312.355;312.066;60;265.083;1;0;;;55.7088;1;1
1697;0.4;52.1354;29.1;11.7439;40.4919;27.6;181;298.235;269.878;265;360;272;272;312.211;312.066;60;265.066;1;0;;;54.4928;1;1
1698;0.4;52.1933;29.1;11.7387;40.3906;27.6;174;298.322;269.9;265;360;272;272;312.211;312.066;60;265.047;1;0;;;54.2268;1;1
1699;0.4;52.2425;29.1;11.6767;40.2865;27.6;174;298.322;269.936;265;360;272;272;312.211;312.066;60;265.03;1;0;"KHP7025     ";;53.0145;1;1
1700;0.4;52.1354;29.1;11.6893;39.9826;27.6;187;298.249;269.951;265;360;272;272;312.211;312.066;60;265.012;1;0;;;51.9615;1;1
1701;0.4;52.2193;29.1;11.6351;39.8814;27.6;188;298.958;269.951;265;360;272;272;312.355;311.921;60;264.999;1;0;;;51.4136;1;1
1702;0.4;52.0312;29.1;11.6114;39.9855;27.6;193;298.857;269.944;265;360;272;272;312.355;312.066;60;264.985;1;0;"KHP7025     ";;50.9632;1;1
1703;0.4;52.338;29.1;11.7347;39.7946;27.6;187;298.828;269.929;265;360;272;272;312.355;312.066;60;264.967;1;0;;;49.5268;1;1
1704;0.4;52.5318;29.1;11.7231;39.6788;27.6;185;298.929;269.915;265;360;272;272;312.355;312.066;60;264.948;1;0;;;48.4685;1;1
1705;0.4;52.7459;29.1;11.7524;39.8814;27.6;192;299.32;269.915;265;360;272;272;312.355;312.066;60;264.929;1;0;;;47.2251;1;1
1706;0.4;52.5405;29.1;11.7066;40.0839;27.6;194;299.378;269.907;265;360;272;272;312.355;312.066;60;264.908;1;0;;;46.1905;1;1
1707;0.4;52.5434;29.2;12.0273;40.1128;27.7;178;299.349;269.9;265;360;272;272;312.355;312.066;60;264.89;1;0;;;45.6628;1;1
1708;0.4;52.4392;29.2;11.9852;40.0868;27.7;117;299.291;269.9;265;360;272;272;312.355;312.066;60;264.869;1;0;;;43.7241;1;1
1709;0.4;52.5434;29.2;12.009;39.9855;27.7;0;299.204;270.276;265;360;272;272;312.355;312.066;60;263.782;1;0;;;42.9348;1;1
