Time;[11:7];[31:48];[31:110];[31:112];[31:115];[32:1];[32:80];[32:85];[32:124];[33:108];[ChannelInfoFieldText([10:1], "$PDA_expression")]_text;[Bandl‰nge auf Abhaspel]
time;Banddicke;Ofenleistung;Wannentemperatur auﬂen;Wannentemperatur innen;Solltemperatur unter Zinnbadrolle;Bandbreite;Abblasung OS Luftdruck;Abblasung US Luftdruck;Bandgeschwindigkeit;Temperatur unter Zinnbadrolle;ChannelInfoFieldText([10:1], "$PDA_expression");Bandl‰nge auf Abhaspel
sec;mm;kW;∞C;∞C;∞C;mm;mbar;mbar;m/min;∞C;;m
0;0,32;0,5;273,785;274,371;273,84;355;0,434028;0,868056;0;271,302;;4143,76
1;0,32;0;273,698;274,374;273,84;355;0,564236;0,868056;0;271,301;;4143,76
2;0,32;0;273,698;274,371;273,84;355;0,484664;0,868056;0;271,301;;4143,76
3;0,32;0;274,031;274,378;273,84;355;0,477431;0,868056;0;271,301;;4143,76
4;0,32;0,5;274,081;274,334;273,84;355;0,455729;0,868056;0;271,301;;4143,76
5;0,32;1;274,219;274,117;273,84;355;0,535301;0,868056;0;271,302;;4143,76
6;0,32;14;274,248;274,081;273,84;355;0,5136;0,868056;0;271,288;;4143,76
7;0,32;44;274,219;274,067;273,84;355;0,441262;0,868056;0;271,28;;4143,76
8;0,32;65;274,089;274,031;273,84;355;0,5136;0,868056;0;271,283;;4143,76
9;0,32;64;273,741;274,06;273,84;355;0,462963;0,868056;0;271,281;;4143,76
10;0,32;55;273,553;274,146;273,84;355;0,499132;0,868056;0;271,28;;4143,76
11;0,32;55,5;273,618;274,175;273,84;355;0,434028;0,976562;0;271,282;;4143,76
12;0,32;57;274,002;274,02;273,84;355;0,578704;1,01273;0;271,284;;4143,76
13;0,32;56,5;273,734;274,183;273,84;355;0,5136;1,01273;0;271,285;;4143,76
14;0,32;52,5;273,712;274,186;273,84;355;0,5136;0,969329;0;271,288;;4143,76
15;0,32;55,5;273,633;274,215;273,84;355;0,448495;1,01273;0;271,291;;4143,76
16;0,32;82;274,255;274,222;273,84;355;0,434028;0,889757;0;271,297;;4143,76
17;0,32;82,5;274,327;274,15;273,84;355;0,434028;0,868056;0;271,289;;4143,76
18;0,32;84;274,429;274,016;273,84;355;0,462963;0,868056;0;271,293;;4143,76
19;0,32;65,5;274,667;274,013;273,84;355;0,448495;0,868056;0;271,3;;4143,76
20;0,32;60,5;274,863;274,009;273,84;355;0,477431;0,868056;0;271,294;;4143,76
21;0,32;80;274,725;274,005;273,84;355;0,491898;0,868056;0;271,3;;4143,76
22;0,32;63;275,282;274,002;273,84;355;0,549769;0,868056;0;271,301;;4143,76
23;0,32;45,5;275,34;273,864;273,84;355;0,5136;0,868056;0;271,306;;4143,76
24;0,32;56,5;275,521;273,886;273,84;355;0,535301;0,868056;0;271,305;;4143,76
25;0,32;83,5;275,673;273,904;273,84;355;0,5136;0,868056;0;271,299;;4143,76
26;0,32;95,5;275,969;273,904;273,84;355;0,477431;0,868056;0;271,3;;4143,76
27;0,32;102,5;276,541;273,893;273,84;355;0,484664;0,868056;0;271,305;;4143,76
28;0,32;98;276,447;273,882;273,84;355;0,477431;0,868056;0;271,305;;4143,76
29;0,32;88;277,047;273,875;273,84;355;0,484664;0,868056;0;271,307;;4143,76
30;0,32;77;277,025;273,864;273,84;355;0,5136;0,868056;0;271,313;;4143,76
31;0,32;75,5;277,25;273,864;273,84;355;0,506366;0,868056;0;271,314;;4143,76
32;0,32;71,5;277,51;273,886;273,84;355;0,499132;0,824653;0;271,315;;4143,76
33;0,32;65,5;277,872;273,908;273,84;355;0,484664;0,889757;0;271,316;;4143,76
34;0,32;49,5;278,168;273,904;273,84;355;0,484664;0,889757;0;271,314;;4143,76
35;0,32;47;278,335;273,9;273,84;355;0,520833;0,868056;0;271,317;;4143,76
36;0,32;44;278,458;273,89;273,84;355;0,506366;0,868056;0;271,319;;4143,76
37;0,32;21;278,74;273,868;273,84;355;0,578704;0,868056;0;271,321;;4143,76
38;0,32;0;278,921;273,861;273,84;355;0,578704;0,868056;0;271,31;;4143,76
39;0,32;0;278,733;273,882;273,84;355;0,578704;0,925926;0;271,309;;4143,76
40;0,32;0;279,528;273,904;273,84;355;0,622106;0,868056;0;271,308;;4143,76
41;0,32;0;279,615;273,897;273,84;355;0,578704;0,868056;0;271,308;;4143,76
42;0,32;0;279,63;273,879;273,84;355;0,622106;0,868056;0;271,308;;4143,76
43;0,32;0;279,528;273,861;273,84;355;0,578704;0,868056;0;271,31;;4143,76
44;0,32;0;279,702;273,886;273,84;355;0,578704;0,868056;0;271,309;;4143,76
45;0,32;0,5;280,085;273,973;273,84;355;0,578704;0,868056;0;271,309;;4143,76
46;0,32;0;280,107;274,02;273,84;355;0,578704;0,868056;0;271,311;;4143,76
47;0,32;0;280,129;274,002;273,84;355;0,578704;0,868056;0;271,318;;4143,76
48;0,32;0;280,158;274,114;273,84;355;0,578704;0,868056;0;271,327;;4143,76
49;0,32;0,5;279,63;274,244;273,84;355;0,578704;0,868056;0;271,335;;4143,76
50;0,32;0;279,579;274,269;273,84;355;0,578704;0,868056;0;271,342;;4143,76
51;0,32;0;279,456;274,251;273,84;355;0,578704;0,868056;0;271,349;;4143,76
52;0,32;0;279,391;274,226;273,84;355;0,578704;0,824653;0;271,355;;4143,76
53;0,32;0;279,442;274,197;273,84;355;0,578704;0,868056;0;271,36;;4143,76
54;0,32;0;279,536;274,161;273,84;355;0,578704;0,868056;0;271,364;;4143,76
55;0,32;0;279,63;274,154;273,84;355;0,578704;0,868056;0;271,368;;4143,76
56;0,32;0;279,608;274,436;273,84;355;0,578704;0,868056;0;271,372;;4143,76
57;0,32;0;279,369;274,432;273,84;355;0,578704;0,868056;0;271,375;;4143,76
58;0,32;0;279,159;274,396;273,84;355;0,578704;0,868056;0;271,378;;4143,76
59;0,32;0;279,167;274,36;273,84;355;0,578704;0,868056;0;271,38;;4143,76
60;0,32;0;278,964;274,367;273,84;355;0,578704;0,868056;0;271,382;;4143,76
61;0,32;0;279,232;274,432;273,84;355;0,578704;0,868056;0;271,384;;4143,76
62;0,32;0;278,928;274,418;273,84;355;0,578704;0,868056;0;271,386;;4143,76
63;0,32;0;278,588;274,389;273,84;355;0,578704;0,868056;0;271,387;;4143,76
64;0,32;0;278,581;274,389;273,84;355;0,578704;0,868056;0;271,389;;4143,76
65;0,32;0;278,487;274,588;273,84;355;0,578704;0,868056;0;271,39;;4143,76
66;0,32;0;278,356;274,794;273,84;355;0,578704;0,868056;0;271,391;;4143,76
67;0,32;0;278,342;274,805;273,84;355;0,578704;0,868056;0;271,395;;4143,76
68;0,32;0;278,451;274,653;273,84;355;0,578704;0,868056;0;271,405;;4143,76
69;0,32;0;278,328;274,761;273,84;355;0,578704;0,868056;0;271,413;;4143,76
70;0,32;0;278,125;274,624;273,84;355;0,578704;0,868056;0;271,421;;4143,76
71;0,32;0,5;278,009;274,497;273,84;355;0,578704;0,868056;0;271,43;;4143,76
72;0,32;0;277,792;274,573;273,84;355;0,578704;0,868056;0;271,439;;4143,76
73;0,32;0;277,619;274,707;273,84;355;0,578704;0,868056;0;271,446;;4143,76
74;0,32;0;277,445;274,721;273,84;355;0,578704;0,868056;0;271,452;;4143,76
75;0,32;0;277,351;274,714;273,84;355;0,578704;0,868056;0;271,458;;4143,76
76;0,32;0;277,438;274,721;273,84;355;0,578704;0,868056;0;271,463;;4143,76
77;0,32;0;277,539;274,888;273,84;355;0,578704;0,868056;0;271,468;;4143,76
78;0,32;0;277,568;274,892;273,84;355;0,578704;0,868056;0;271,472;;4143,76
79;0,32;0,5;277,351;274,92;273,84;355;0,578704;0,868056;0;271,475;;4143,76
80;0,32;0;277,3;274,91;273,84;355;0,578704;0,868056;0;271,478;;4143,76
81;0,32;0;277,098;274,899;273,84;355;0,578704;0,868056;0;271,481;;4143,76
82;0,32;0;277,134;274,888;273,84;355;0,578704;0,868056;0;271,484;;4143,76
83;0,32;0;277,177;274,906;273,84;355;0,578704;0,868056;0;271,486;;4143,76
84;0,32;0;277,163;274,928;273,84;355;0,578704;0,868056;0;271,488;;4143,76
85;0,32;0;277,069;274,917;273,84;355;0,578704;0,868056;0;271,489;;4143,76
86;0,32;0;276,787;274,906;273,84;355;0,578704;0,868056;0;271,491;;4143,76
87;0,32;0;276,454;274,895;273,84;355;0,578704;0,868056;0;271,492;;4143,76
88;0,32;0;276,345;274,899;273,84;355;0,578704;0,868056;0;271,494;;4143,76
89;0,32;0;276,432;274,928;273,84;355;0,578704;0,868056;0;271,495;;4143,76
90;0,32;0;276,483;274,92;273,84;355;0,578704;0,868056;0;271,495;;4143,76
91;0,32;0;276,555;274,906;273,84;355;0,578704;0,868056;0;271,496;;4143,76
92;0,32;0;276,497;274,895;273,84;355;0,578704;0,868056;0;271,497;;4143,76
93;0,32;0;276,36;274,888;273,84;355;0,578704;0,868056;0;271,497;;4143,76
94;0,32;0;276,02;274,917;273,84;355;0,578704;0,868056;0;271,498;;4143,76
95;0,32;0;276,1;274,924;273,84;355;0,578704;0,868056;0;271,499;;4143,76
96;0,32;0;276,165;274,91;273,84;355;0,593171;0,868056;0;271,5;;4143,76
97;0,32;0,5;276,179;274,902;273,84;355;0,607639;0,868056;0;271,5;;4143,76
98;0,32;0;276,244;274,891;273,84;355;0,614873;0,868056;0;271,5;;4143,76
99;0,32;0;276,056;274,902;273,84;355;0,593171;0,868056;0;271,496;;4143,76
100;0,32;0;275,977;274,924;273,84;355;0,578704;0,868056;0;271,487;;4143,76
101;0,32;0;276,049;274,92;273,84;355;0,578704;0,868056;0;271,479;;4143,76
102;0,32;0;275,839;274,906;273,84;355;0,614873;0,868056;0;271,47;;4143,76
103;0,32;0;275,34;274,895;273,84;355;0,578704;0,868056;0;271,462;;4143,76
104;0,32;0;275,412;274,891;273,84;355;0,578704;0,868056;0;271,455;;4143,76
105;0,32;0;275,499;274,928;273,84;355;0,578704;0,868056;0;271,448;;4143,76
106;0,32;0;275,499;274,92;273,84;355;0,578704;0,868056;0;271,443;;4143,76
107;0,32;0;275,376;274,91;273,84;355;0,578704;0,868056;0;271,438;;4143,76
108;0,32;0;275,268;274,895;273,84;355;0,578704;0,868056;0;271,433;;4143,76
109;0,32;0;275,297;274,891;273,84;355;0,578704;0,868056;0;271,43;;4143,76
110;0,32;0;275,405;274,924;273,84;355;0,578704;0,868056;0;271,426;;4143,76
111;0,32;0;275,499;274,703;273,84;355;0,578704;0,868056;0;271,423;;4143,76
112;0,32;0;275,514;274,765;273,84;355;0,578704;0,868056;0;271,42;;4143,76
113;0,32;0,5;275,282;274,732;273,84;355;0,578704;0,868056;0;271,418;;4143,76
114;0,32;0;275,08;274,732;273,84;355;0,578704;0,868056;0;271,416;;4143,76
115;0,32;0;274,754;274,678;273,84;355;0,578704;0,969329;0;271,414;;4143,76
116;0,32;0;274,508;274,682;273,84;355;0,622106;1,01273;0;271,412;;4143,76
117;0,32;0;274,58;274,714;273,84;355;0,578704;1,01273;0;271,411;;4143,76
118;0,32;0;274,631;274,703;273,84;355;0,578704;0,925926;0;271,41;;4143,76
119;0,32;0;274,696;274,711;273,84;355;0,578704;0,925926;0;271,408;;4143,76
120;0,32;0,5;274,776;274,721;273,84;355;0,578704;0,954861;0;271,407;;4143,76
121;0,32;0;274,812;274,743;273,84;355;0,535301;0,868056;0;271,407;;4143,76
122;0,32;0;274,812;274,653;273,84;355;0,477431;0,868056;0;271,406;;4143,76
123;0,32;0;274,718;274,664;273,84;355;0,455729;0,868056;0;271,405;;4143,76
124;0,32;0;274,674;274,664;273,84;355;0,578704;0,868056;0;271,404;;4143,76
125;0,32;0;274,508;274,533;273,84;355;0,578704;0,868056;0;271,401;;4143,76
126;0,32;0;274,414;274,537;273,84;355;0,578704;0,868056;0;271,398;;4143,76
127;0,32;0;274,494;274,552;273,84;355;0,578704;0,868056;0;271,393;;4143,76
128;0,32;0;274,457;274,49;273,84;355;0,578704;0,868056;0;271,386;;4143,76
129;0,32;0;274,306;274,421;273,84;355;0,578704;0,868056;0;271,379;;4143,76
130;0,32;0;274,255;274,41;273,84;355;0,578704;0,868056;0;271,37;;4143,76
131;0,32;0;274,342;274,392;273,84;355;0,578704;0,868056;0;271,365;;4143,76
132;0,32;0;274,421;274,385;273,84;355;0,578704;0,868056;0;271,358;;4143,76
133;0,32;0;274,479;274,371;273,84;355;0,578704;0,868056;0;271,352;;4143,76
134;0,32;0;274,436;274,403;273,84;355;0,578704;0,868056;0;271,346;;4143,76
135;0,32;0;274,269;274,396;273,84;355;0,578704;0,868056;0;271,341;;4143,76
136;0,32;0;274,269;274,385;273,84;355;0,578704;0,868056;0;271,336;;4143,76
137;0,32;0;274,356;274,378;273,84;355;0,578704;0,868056;0;271,332;;4143,76
138;0,32;0;274,436;274,371;273,84;355;0,578704;0,868056;0;271,329;;4143,76
139;0,32;0;274,486;274,389;273,84;355;0,578704;0,868056;0;271,326;;4143,76
140;0,32;0;274,139;274,414;273,84;355;0,578704;0,868056;0;271,323;;4143,76
141;0,32;0;273,727;274,414;273,84;355;0,578704;0,868056;0;271,321;;4143,76
142;0,32;0;273,568;274,403;273,84;355;0,578704;0,868056;0;271,318;;4143,76
143;0,32;0;274,023;274,363;273,84;355;0,578704;0,868056;0;271,316;;4143,76
144;0,32;0;273,777;274,367;273,84;355;0,578704;0,868056;0;271,315;;4143,76
145;0,32;0;273,546;274,374;273,84;355;0,578704;0,868056;0;271,314;;4143,76
146;0,32;0;274,074;274,193;273,84;355;0,578704;0,868056;0;271,313;;4143,76
147;0,32;1;274,11;274,031;273,84;355;0,578704;0,868056;0;271,313;;4143,76
148;0,32;7,5;274,06;274,013;273,84;355;0,578704;0,868056;0;271,288;;4143,76
149;0,32;34,5;273,973;274,193;273,84;355;0,578704;0,868056;0;271,286;;4143,76
150;0,32;80,5;273,835;273,987;273,84;355;0,578704;0,868056;0;271,283;;4143,76
151;0,32;95,5;273,72;273,987;273,84;355;0,578704;0,868056;0;271,281;;4143,76
152;0,32;73;273,655;273,987;273,84;355;0,578704;0,93316;0;271,284;;4143,76
153;0,32;49;273,727;274,005;273,84;355;0,578704;0,983796;0;271,286;;4143,76
154;0,32;39,5;273,944;274,244;273,84;355;0,578704;0,954861;0;271,289;;4143,76
155;0,32;42;273,98;274,121;273,84;355;0,578704;1,01273;0;271,294;;4143,76
156;0,32;51,5;274,038;274,107;273,84;355;0,578704;1,01273;0;271,292;;4143,76
157;0,32;52,5;274,457;274,052;273,84;355;0,578704;1,01273;0;271,293;;4143,76
158;0,32;47,5;274,342;274,078;273,84;355;0,578704;1,01273;0;271,293;;4143,76
159;0,32;46;274,262;274,117;273,84;355;0,578704;0,925926;0;271,291;;4143,76
160;0,32;44,5;274,45;274,161;273,84;355;0,578704;0,868056;0;271,291;;4143,76
161;0,32;50,5;275,195;274,154;273,84;355;0,578704;0,868056;0;271,295;;4143,76
162;0,32;56,5;275,239;274,121;273,84;355;0,578704;0,868056;0;271,289;;4143,76
163;0,32;48;275,289;274,085;273,84;355;0,578704;0,868056;0;271,301;;4143,76
164;0,32;56,5;275,47;273,973;273,84;355;0,622106;0,868056;0;271,302;;4143,76
165;0,32;57,5;275,376;273,868;273,84;355;0,578704;0,868056;0;271,3;;4143,76
166;0,32;74,5;275,318;273,864;273,84;355;0,578704;0,868056;0;271,291;;4143,76
167;0,32;97;275,492;273,886;273,84;355;0,578704;0,868056;0;271,284;;4143,76
168;0,32;102,5;275,875;273,908;273,84;355;0,578704;0,868056;0;271,286;;4143,76
169;0,32;101,5;275,76;273,897;273,84;355;0,578704;0,868056;0;271,291;;4143,76
170;0,32;102;276,15;273,89;273,84;355;0,578704;0,868056;0;271,291;;4143,76
171;0,32;99,5;276,447;273,875;273,84;355;0,578704;0,868056;0;271,295;;4143,76
172;0,32;85,5;276,36;273,864;273,84;355;0,578704;0,868056;0;271,296;;4143,76
173;0,32;78;276,895;273,864;273,84;355;0,578704;0,868056;0;271,298;;4143,76
174;0,32;71,5;277,235;273,893;273,84;355;0,578704;0,868056;0;271,292;;4143,76
175;0,32;58,5;277,561;273,904;273,84;355;0,578704;0,868056;0;271,29;;4143,76
176;0,32;50,5;277,836;273,893;273,84;355;0,578704;0,824653;0;271,286;;4143,76
177;0,32;47;277,995;273,882;273,84;355;0,578704;0,868056;0;271,285;;4143,76
178;0,32;40;277,901;273,875;273,84;355;0,578704;0,868056;0;271,291;;4143,76
179;0,32;27,5;278,378;273,864;273,84;355;0,578704;0,868056;0;271,292;;4143,76
180;0,32;26;278,364;273,861;273,84;355;0,578704;0,868056;0;271,296;;4143,76
181;0,32;25,5;278,776;273,864;273,84;355;0,578704;0,868056;0;271,386;;4143,76
182;0,32;1,5;279,065;273,882;273,84;355;0,578704;0,868056;0;271,73;;4143,76
183;0,32;0;279,152;273,908;273,84;355;0,578704;0,868056;0;271,682;;4143,76
184;0,32;0;279,536;273,897;273,84;355;0,578704;0,868056;0;271,638;;4143,76
185;0,32;0;279,55;273,882;273,84;355;0,622106;0,868056;0;271,6;;4143,76
186;0,32;0;279,413;273,875;273,84;355;0,578704;0,868056;0;271,565;;4143,76
187;0,32;0;279,391;273,864;273,84;355;0,578704;0,868056;0;271,535;;4143,76
188;0,32;0;279,449;273,872;273,84;355;0,578704;0,868056;0;271,509;;4143,76
189;0,32;0;279,55;273,904;273,84;355;0,578704;0,868056;0;271,485;;4143,76
190;0,32;0;279,615;273,955;273,84;355;0,578704;0,868056;0;271,464;;4143,76
191;0,32;0;279,63;273,998;273,84;355;0,578704;0,868056;0;271,446;;4143,76
192;0,32;0;279,601;273,984;273,84;355;0,578704;0,868056;0;271,429;;4143,76
193;0,32;0;279,427;274,114;273,84;355;0,578704;0,868056;0;271,415;;4143,76
194;0,32;0;279,405;274,266;273,84;355;0,578704;0,868056;0;271,402;;4143,76
195;0,32;0;279,47;274,259;273,84;355;0,578704;0,868056;0;271,39;;4143,76
196;0,32;0;279,543;274,24;273,84;355;0,578704;0,868056;0;271,38;;4143,76
197;0,32;0;279,485;274,107;273,84;355;0,578704;0,868056;0;271,371;;4143,76
198;0,32;0;279,203;274,089;273,84;355;0,578704;0,868056;0;271,364;;4143,76
199;0,32;0;279,167;274,389;273,84;355;0,578704;0,868056;0;271,356;;4143,76
200;0,32;0;279,282;274,396;273,84;355;0,578704;0,868056;0;271,35;;4143,76
201;0,32;0;279,036;274,4;273,84;355;0,578704;0,868056;0;271,345;;4143,76
202;0,32;0;279,167;274,4;273,84;355;0,578704;0,868056;0;271,34;;4143,76
203;0,32;0;279,203;274,414;273,84;355;0,578704;0,868056;0;271,338;;4143,76
204;0,32;0;278,429;274,403;273,84;355;0,578704;0,868056;0;271,337;;4143,76
205;0,32;0,5;278,508;274,363;273,84;355;0,622106;0,868056;0;271,339;;4143,76
206;0,32;0;278,581;274,414;273,84;355;0,578704;0,868056;0;271,344;;4143,76
207;0,32;0;278,552;274,396;273,84;355;0,578704;0,868056;0;271,346;;4143,76
208;0,32;0;278,429;274,591;273,84;355;0,578704;0,824653;0;271,346;;4143,76
209;0,32;0;278,103;274,772;273,84;355;0,578704;0,875289;0;271,35;;4143,76
210;0,32;0;277,966;274,761;273,84;355;0,578704;0,896991;0;271,355;;4143,76
211;0,32;0;278,024;274,79;273,84;355;2,57523;3,03096;0;271,36;;4143,76
212;0,32;0;278,125;274,783;273,84;355;85,612;86,8634;0;271,365;;4143,76
213;0,32;0;278,205;274,754;273,84;355;241,978;241,392;0;271,368;;4143,76
214;0,32;0;278,284;274,721;273,84;355;345,942;347,345;0;271,371;;4143,76
215;0,32;0;277,966;274,674;273,84;355;407,306;406,518;0;271,373;;4143,76
216;0,32;0;277,459;274,653;273,84;355;440,661;438,578;0;271,376;;4143,76
217;0,32;0;277,351;274,703;273,84;355;459,997;459,606;0;271,379;;4143,76
218;0,32;0;277,38;274,783;273,84;355;471,441;470,703;0;271,381;;4143,76
219;0,32;0;277,474;274,787;273,84;355;477,792;476,548;0;271,383;;4143,76
220;0,32;0;277,546;274,779;273,84;355;480,679;479,507;0;271,385;;4143,76
221;0,32;0;277,293;274,859;273,84;355;481,865;480,729;0;271,386;;4143,76
222;0,32;0;277,004;274,888;273,84;355;482,27;481,105;0;271,388;;4143,76
223;0,32;0;276,968;274,917;273,84;355;482,487;481,467;0;271,389;;4143,76
224;0,32;0;276,902;274,924;273,84;355;482,928;481,894;0;271,39;;4143,76
225;0,32;0;276,931;274,91;273,84;355;482,523;481,561;0;271,391;;4143,76
226;0,32;0;276,83;274,899;273,84;355;481,366;480,288;0;271,392;;4143,76
227;0,32;0;276,664;274,891;273,84;355;480,064;478,993;0;271,393;;4143,76
228;0,32;0;276,613;274,917;273,84;355;478,74;477,72;0;271,393;;4143,76
229;0,32;0;276,548;274,924;273,84;355;477,713;476,7;0;271,394;;4143,76
230;0,32;0;276,483;274,91;273,84;355;477,091;475,933;0;271,395;;4143,76
231;0,32;0;276,353;274,899;273,84;355;476,476;475,376;0;271,396;;4143,76
232;0,32;0;276,309;274,891;273,84;355;475,441;474,436;0;271,396;;4143,76
233;0,32;0;276,382;274,902;273,84;355;474,016;473,054;0;271,396;;4143,76
234;0,32;0;276,461;274,924;273,84;355;472,635;471,774;0;271,396;;4143,76
235;0,32;0;276,555;274,902;273,84;355;468,714;466,088;0;271,396;;4143,76
236;0,32;0;276,374;274,895;273,84;355;372,83;365,314;0;271,396;;4143,76
237;0,32;0;276,121;274,891;273,84;355;226,852;230,483;0;271,396;;4143,76
238;0,32;0;275,666;274,91;273,84;355;139,547;139,8;0;271,396;;4143,76
239;0,32;0;275,571;274,924;273,84;355;86,0966;83,5286;0;271,396;;4143,76
240;0,32;0;275,557;274,917;273,84;355;52,2714;52,0255;0;271,396;;4143,76
241;0,32;0;275,586;274,906;273,84;355;31,5104;32,1036;0;271,396;;4143,76
242;0,32;0;275,637;274,895;273,84;355;19,7483;19,8061;0;271,396;;4143,76
243;0,32;0;275,68;274,888;273,84;355;12,1238;12,5362;0;271,396;;4143,76
244;0,32;0;275,615;274,917;273,84;355;7,58825;8,03675;0;271,396;;4143,76
245;0,32;0;275,477;274,924;273,84;355;4,88281;5,1577;0;271,396;;4143,76
246;0,32;0;275,347;274,91;273,84;355;3,1684;3,54456;0;271,396;;4143,76
247;0,32;0;275,275;274,895;273,84;355;2,14844;2,47396;0;271,396;;4143,76
248;0,32;0;275,326;274,888;273,84;355;1,5408;1,88079;0;271,396;;4143,76
249;0,32;0;275,398;274,826;273,84;355;1,20081;1,46123;0;271,396;;4143,76
250;0,32;0;275,485;274,693;273,84;355;0,962095;1,23698;0;271,396;;4143,76
251;0,32;0;275,456;274,519;273,84;355;0,860822;1,07784;0;271,396;;4143,76
252;0,32;0;275,34;274,519;273,84;355;0,72338;1,0055;0;271,396;;4143,76
253;0,32;0;274,66;274,519;273,84;355;0,593171;0,925926;0;271,396;;4143,76
254;0,32;0;274,588;274,537;273,84;355;0,578704;0,969329;0;271,391;;4143,76
255;0,32;0;274,631;274,562;273,84;355;0,578704;0,889757;0;271,385;;4143,76
256;0,32;0;274,689;274,602;273,84;355;0,578704;0,868056;0;271,378;;4143,76
257;0,32;0;274,899;274,693;273,84;355;0,578704;0,868056;0;271,37;;4143,76
258;0,32;0;274,913;274,689;273,84;355;0,578704;0,868056;0;271,365;;4143,76
259;0,32;0;275,014;274,725;273,84;355;0,578704;0,868056;0;271,358;;4143,76
260;0,32;0;274,957;274,725;273,84;355;0,600405;0,868056;0;271,351;;4143,76
261;0,32;0;274,935;274,776;273,84;355;0,607639;0,868056;0;271,346;;4143,76
262;0,32;0;274,964;274,779;273,84;355;0,448495;0,868056;0;271,341;;4143,76
263;0,32;0;275,022;274,772;273,84;355;0,520833;0,868056;0;271,336;;4143,76
264;0,32;0;274,768;274,729;273,84;355;0,520833;0,868056;0;271,332;;4143,76
265;0,32;0;274,479;274,649;273,84;355;0,549769;0,868056;0;271,33;;4143,76
266;0,32;0;274,371;274,649;273,84;355;0,578704;0,868056;0;271,328;;4143,76
267;0,32;0;274,262;274,548;273,84;355;0,578704;0,868056;0;271,325;;4143,76
268;0,32;0;274,262;274,418;273,84;355;0,578704;0,868056;0;271,322;;4143,76
269;0,32;0;274,334;274,4;273,84;355;0,578704;0,868056;0;271,32;;4143,76
270;0,32;0;274,421;274,389;273,84;355;0,578704;0,868056;0;271,318;;4143,76
271;0,32;0;274,494;274,389;273,84;355;0,578704;0,868056;0;271,316;;4143,76
272;0,32;0;274,472;274,385;273,84;355;0,578704;0,868056;0;271,315;;4143,76
273;0,32;0;274,327;274,392;273,84;355;0,578704;0,868056;0;271,313;;4143,76
274;0,32;0;274,255;274,418;273,84;355;0,578704;0,868056;0;271,312;;4143,76
275;0,32;0;274,356;274,403;273,84;355;0,578704;0,868056;0;271,31;;4143,76
276;0,32;0;274,45;274,396;273,84;355;0,578704;0,868056;0;271,31;;4143,76
277;0,32;0;274,494;274,389;273,84;355;0,578704;0,817419;0;271,309;;4143,76
278;0,32;0;274,429;274,385;273,84;355;0,578704;0,868056;0;271,308;;4143,76
279;0,32;0;273,72;274,382;273,84;355;0,578704;0,868056;0;271,307;;4143,76
280;0,32;0;273,655;274,389;273,84;355;0,578704;0,868056;0;271,307;;4143,76
281;0,32;0;273,524;274,414;273,84;355;0,578704;0,868056;0;271,306;;4143,76
282;0,32;0;273,589;274,414;273,84;355;0,578704;0,868056;0;271,305;;4143,76
283;0,32;0;273,618;274,41;273,84;355;0,578704;0,868056;0;271,305;;4143,76
284;0,32;0;273,662;274,4;273,84;355;0,578704;0,868056;0;271,305;;4143,76
285;0,32;0;273,676;274,183;273,84;355;0,578704;0,868056;0;271,305;;4143,76
286;0,32;0;273,857;274,096;273,84;355;0,578704;0,868056;0;271,305;;4143,76
287;0,32;3,5;273,756;274,099;273,84;355;0,578704;0,868056;0;271,297;;4143,76
288;0,32;26,5;273,864;274,013;273,84;355;0,578704;0,868056;0;271,292;;4143,76
289;0,32;40,5;273,51;274,295;273,84;355;0,578704;0,868056;0;271,283;;4143,76
290;0,32;41;273,727;274,15;273,84;355;0,578704;0,868056;0;271,286;;4143,76
291;0,32;42;273,872;274,016;273,84;355;0,578704;0,911458;0;271,286;;4143,76
292;0,32;57;273,872;274,016;273,84;355;0,578704;0,868056;0;271,286;;4143,76
293;0,32;80,5;273,821;274,031;273,84;355;0,578704;0,868056;0;271,301;;4143,76
294;0,32;69;273,756;274,063;273,84;355;0,578704;0,868056;0;271,302;;4143,76
295;0,32;56,5;273,662;274,107;273,84;355;0,578704;0,868056;0;271,302;;4143,76
296;0,32;54;273,785;274,099;273,84;355;0,470197;0,868056;0;271,304;;4143,76
297;0,32;54;273,466;274,121;273,84;355;0,470197;0,868056;0;271,304;;4143,76
298;0,32;58,5;274,298;274,136;273,84;355;0,484664;0,868056;0;271,304;;4143,76
299;0,32;60,5;274,385;274,143;273,84;355;0,491898;0,868056;0;271,308;;4143,76
300;0,32;64,5;274,465;274,15;273,84;355;0,484664;0,868056;0;271,307;;4143,76
301;0,32;58;274,841;274,013;273,84;355;0,5136;0,868056;0;271,309;;4143,76
302;0,32;40;275,094;274,034;273,84;355;0,5136;0,868056;0;271,312;;4143,76
303;0,32;38;274,971;274,02;273,84;355;0,434028;0,868056;0;271,312;;4143,76
304;0,32;49;275,116;273,893;273,84;355;0,434028;0,868056;0;271,305;;4143,76
305;0,32;52;275,311;273,882;273,84;355;0,455729;0,817419;0;271,313;;4143,76
306;0,32;44;275,405;273,875;273,84;355;0,542535;0,868056;0;271,303;;4143,76
307;0,32;71;275,564;273,868;273,84;355;0,528067;0,868056;0;271,312;;4143,76
308;0,32;93;275,998;273,861;273,84;355;0,448495;0,83912;-1,98912;271,315;;4143,76
309;0,32;93,5;275,911;273,882;273,84;355;0,484664;0,860822;-9,3043;271,32;;4143,76
310;0,32;90,5;275,991;273,908;273,84;355;0,499132;0,868056;-9,99936;271,324;;4143,76
311;0,32;94;276,309;273,893;273,84;355;0,520833;0,868056;-5,01312;271,33;;4143,76
312;0,32;96,5;276,382;273,89;273,84;355;0,484664;0,868056;-0,02064;271,339;;4143,76
313;0,32;85;276,946;273,882;273,84;355;0,434028;0,868056;0;271,341;;4143,76
314;0,32;72,5;277,308;273,875;273,84;355;0,506366;0,868056;0;271,347;;4143,76
315;0,32;71;277,452;273,868;273,84;355;0,448495;0,868056;0;271,358;;4143,76
316;0,32;66;277,503;273,864;273,84;355;0,491898;0,868056;0;271,364;;4143,76
317;0,32;54;277,792;273,89;273,84;355;0,535301;0,868056;0;271,388;;4143,76
318;0,32;44;278,111;273,904;273,84;355;0,506366;0,868056;0;271,413;;4143,76
319;0,32;40,5;278,27;273,89;273,84;355;0,5136;0,868056;0;271,434;;4143,76
320;0,32;31,5;278,472;273,879;273,84;355;0,491898;0,868056;0;271,445;;4143,76
321;0,32;21;278,595;273,861;273,84;355;0,448495;0,831887;0;271,458;;4143,76
322;0,32;17;279,181;273,886;273,84;355;0,470197;0,868056;0;271,524;;4143,76
323;0,32;0;278,986;273,904;273,84;355;0,434028;0,868056;-1,62432;271,672;;4143,76
324;0,32;0;279,203;273,89;273,84;355;0,520833;0,868056;-2,34496;271,63;;4143,76
325;0,32;0;279,152;273,875;273,84;355;0,520833;0,868056;-3,59936;271,593;;4143,76
326;0,32;0;279,405;274,233;273,84;355;0,535301;0,868056;-4,39984;271,559;;4143,76
327;0,32;0;279,463;274,23;273,84;355;0,462963;0,817419;0;271,53;;4143,76
328;0,32;0;279,536;274,24;273,84;355;0,434028;0,868056;0;271,504;;4143,76
329;0,32;0;279,608;274,215;273,84;355;0,477431;0,868056;0;271,481;;4143,76
330;0,32;0;279,608;274,183;273,84;355;0,434028;0,868056;0;271,46;;4143,76
331;0,32;0;279,442;274,063;273,84;355;0,549769;0,868056;0;271,442;;4143,76
332;0,32;0;279,391;274,052;273,84;355;0,462963;0,868056;0;271,426;;4143,76
333;0,32;0;279,463;274,056;273,84;355;0,470197;0,868056;0;271,412;;4143,76
334;0,32;0;279,601;274,107;273,84;355;0,434028;0,868056;0;271,399;;4143,76
335;0,32;0;279,637;274,19;273,84;355;0,499132;0,868056;0;271,385;;4143,76
336;0,32;0;279,615;274,266;273,84;355;0,535301;0,868056;0;271,376;;4143,76
337;0,32;0;279,47;274,374;273,84;355;0,499132;0,868056;0;271,366;;4143,76
338;0,32;0;279,384;274,367;273,84;355;0,477431;0,868056;0;271,357;;4143,76
339;0,32;0;279,29;274,403;273,84;355;0,491898;0,868056;0;271,351;;4143,76
340;0,32;0;279,239;274,425;273,84;355;0,5136;0,868056;0;271,345;;4143,76
341;0,32;0;279,21;274,407;273,84;355;0,434028;0,868056;0;271,338;;4143,76
342;0,32;0;279,275;274,367;273,84;355;0,520833;0,868056;0;271,33;;4143,76
343;0,32;0;279,21;274,363;273,84;355;0,477431;0,868056;0;271,325;;4143,76
344;0,32;0;279,123;274,403;273,84;355;0,470197;0,868056;0;271,32;;4143,76
345;0,32;0;278,733;274,418;273,84;355;0,5136;0,868056;0;271,317;;4143,76
346;0,32;0;278,342;274,642;273,84;355;0,499132;0,868056;0;271,314;;4143,76
347;0,32;0;278,393;274,707;273,84;355;0,470197;0,868056;0;271,311;;4143,76
348;0,32;0;278,465;274,674;273,84;355;0,441262;0,868056;0;271,309;;4143,76
349;0,32;0;278,537;274,671;273,84;355;0,535301;0,868056;0;271,303;;4143,76
350;0,32;0;278,61;274,674;273,84;355;0,535301;0,868056;0;271,303;;4143,76
351;0,32;0;278,443;274,685;273,84;355;0,528067;0,868056;0;271,303;;4143,76
352;0,32;0;278,241;274,653;273,84;355;0,528067;0,868056;0;271,303;;4143,76
353;0,32;0;278,132;274,638;273,84;355;0,455729;0,868056;0;271,303;;4143,76
354;0,32;0;278,118;274,62;273,84;355;0,499132;0,868056;0;271,297;;4143,76
355;0,32;0;278,161;274,747;273,84;355;0,477431;0,868056;0;271,294;;4143,76
356;0,32;0;278,255;274,917;273,84;355;0,535301;0,868056;0;271,292;;4143,76
357;0,32;0;277,554;274,924;273,84;355;0,528067;0,868056;0;271,293;;4143,76
358;0,32;0;277,611;274,91;273,84;355;0,455729;0,868056;0;271,294;;4143,76
359;0,32;0;277,554;274,899;273,84;355;0,549769;0,868056;0;271,292;;4143,76
360;0,32;0;277,423;274,891;273,84;355;0,434028;0,868056;0;271,288;;4143,76
361;0,32;0;277,358;274,91;273,84;355;0,448495;0,868056;0;271,287;;4143,76
362;0,32;0;277,423;274,924;273,84;355;0,520833;0,868056;0;271,286;;4143,76
363;0,32;0;277,344;274,917;273,84;355;0,477431;0,868056;0;271,285;;4143,76
364;0,32;0;277,185;274,902;273,84;355;0,484664;0,868056;0;271,284;;4143,76
365;0,32;0;277,206;274,891;273,84;355;0,535301;0,868056;0;271,281;;4143,76
366;0,32;0;277,221;274,892;273,84;355;0,578704;0,868056;0;271,28;;4143,76
367;0,32;0;276,975;274,928;273,84;355;0,506366;0,904225;0;271,278;;4143,76
368;0,32;0;276,888;274,913;273,84;355;0,434028;0,868056;0;271,273;;4143,76
369;0,32;0;276,671;274,902;273,84;355;0,434028;0,868056;0;271,269;;4143,76
370;0,32;0;276,447;274,891;273,84;355;0,578704;0,868056;0;271,267;;4143,76
371;0,32;0;276,534;274,899;273,84;355;0,549769;0,824653;0;271,262;;4143,76
372;0,32;0;276,512;275,246;273,84;355;0,434028;0,868056;0;271,256;;4143,76
373;0,32;0;276,36;275,199;273,84;355;0,434028;0,868056;0;271,256;;4143,76
374;0,32;0;276,302;275,188;273,84;355;0,477431;0,817419;0;271,257;;4143,76
375;0,32;0;276,382;275,271;273,84;355;0,535301;0,868056;0;271,258;;4143,76
376;0,32;0;275,687;275,279;273,84;355;0,462963;0,868056;0;271,253;;4143,76
377;0,32;0;275,788;275,271;273,84;355;0,5136;0,868056;0;271,252;;4143,76
378;0,32;0;275,875;275,307;273,84;355;0,441262;0,868056;0;271,254;;4143,76
379;0,32;0;275,825;275,315;273,84;355;0,535301;0,868056;0;271,257;;4143,76
380;0,32;0;275,745;275,315;273,84;355;0,578704;0,868056;0;271,262;;4143,76
381;0,32;0;275,76;275,293;273,84;355;0,455729;0,868056;0;271,265;;4143,76
382;0,32;0;275,817;275,271;273,84;355;0,564236;1,86632;0;271,267;;4143,76
383;0,32;0;275,796;275,09;273,84;355;65,9071;68,4534;0;271,267;;4143,76
384;0,32;0;275,709;274,924;273,84;355;223,734;224,204;0;271,27;;4143,76
385;0,32;0;275,615;274,913;273,84;355;337,731;340,509;0;271,273;;4143,76
386;0,32;0;275,485;275,018;273,84;355;403,356;405,99;0;271,273;;4143,76
387;0,32;0;275,362;275,127;273,84;355;444,517;443,981;0;271,272;;4143,76
388;0,32;0;275,268;275,177;273,84;355;467,564;466,855;0;271,275;;4143,76
389;0,32;0;275,289;275,21;273,84;355;480,035;479,188;0;271,275;;4143,76
390;0,32;0;275,369;275,21;273,84;355;486,733;485,764;0;271,277;;4143,76
391;0,32;0;275,441;275,051;273,84;355;489,757;488,628;0;271,279;;4143,76
392;0,32;0;275,514;274,906;273,84;355;490,394;489,345;0;271,281;;4143,76
393;0,32;0;275,492;274,895;273,84;355;489,764;488,686;0;271,283;;4143,76
394;0,32;0;275,362;274,888;273,84;355;488,303;487,138;0;271,285;;4143,76
395;0,32;0;275,275;274,92;273,84;355;486,502;485,388;0;271,287;;4143,76
396;0,32;0;275,318;274,92;273,84;355;484,686;483,594;0;271,288;;4143,76
397;0,32;0;275,42;274,906;273,84;355;482,812;481,641;0;271,29;;4143,76
398;0,32;0;274,805;274,895;273,84;355;481,163;479,97;0;271,291;;4143,76
399;0,32;0;274,74;274,888;273,84;355;479,709;478,646;0;271,293;;4143,76
400;0,32;0;274,617;274,92;273,84;355;478,277;477,141;0;271,293;;4143,76
401;0,32;0;274,544;274,92;273,84;355;476,649;475,6;0;271,294;;4143,76
402;0,32;0;274,479;274,91;273,84;355;475,036;473,987;0;271,295;;4143,76
403;0,32;0;274,486;274,895;273,84;355;473,503;472,483;0;271,296;;4143,76
404;0,32;0;274,544;274,888;273,84;355;471,955;470,819;0;271,296;;4143,76
405;0,32;0;275,094;274,928;273,84;355;470,356;469,358;0;271,297;;4143,76
406;0,32;0;275,13;274,917;273,84;355;469,097;468,056;0;271,298;;4143,76
407;0,32;0;274,949;274,906;273,84;355;468,07;467,05;0;271,298;;4143,76
408;0,3008;0;275,13;274,895;271,27;359,5;467,882;466,457;0;271,298;;4408,96
409;0,3;0;275,029;274,888;268,7;360;429,398;428,856;0;271,298;;4420,01
410;0,3;0;274,87;274,92;268,7;360;360,323;359,028;0;271,298;;4420,01
411;0,3;0;274,834;274,917;268,7;360;317,94;317,195;0;271,298;;4420,01
412;0,3;0;274,812;274,91;268,7;360;306,453;305,859;0;271,298;;4420,01
413;0,3;0;274,703;274,891;268,7;360;301,808;301,15;0;271,298;;4420,01
414;0,3;0;274,834;274,888;268,7;360;299,146;298,524;0;271,298;;4420,01
415;0,3;0;274,624;274,917;268,7;360;297,468;296,918;0;271,298;;4420,01
416;0,3;0;274,494;274,924;268,7;360;296,499;295,906;0;271,298;;4420,01
417;0,3;0;274,356;274,902;268,7;360;296,021;295,399;0;271,298;;4420,01
418;0,3;0;274,255;274,837;268,7;360;295,869;295,197;0;271,298;;4420,01
419;0,3;0;274,298;274,747;268,7;360;295,964;295,327;0;271,298;;4420,01
420;0,3;0;274,371;274,776;268,7;360;296,072;295,486;0;271,301;;4420,01
421;0,3;0;274,465;274,797;268,7;360;296,434;295,884;0;271,301;;4420,01
422;0,3;0;274,501;274,609;268,7;360;296,861;296,332;0;271,301;;4420,01
423;0,3;0;274,392;274,573;266,85;360;297,396;296,759;0,831904;271,301;;4420,7
424;0,3;0;274,306;274,566;265;360;297,837;297,244;4,19134;271,301;;4406,15
425;0,3;0;274,298;274,595;265;360;298,192;297,555;5;271,301;;4411,98
426;0,3;0;274,371;274,646;265;360;298,452;297,895;5;271,301;;4395,54
427;0,3;0;274,429;274,613;265;360;298,662;298,032;5;271,301;;4409,55
428;0,3;0;274,479;274,53;265;360;298,814;298,17;5;271,301;;4428,98
429;0,3;0;274,45;274,599;265;360;298,9;298,322;5,11238;271,301;;4440,06
430;0,3;0;274,349;274,599;265;360;299,031;298,43;7,73997;271,301;;4443,76
431;0,3;0;274,262;274,678;265;360;299,089;298,539;15,1898;271,301;;4447,11
432;0,3;0;274,32;274,732;265;360;299,204;298,734;25,0214;271,301;;4454,76
433;0,3;0;274,4;274,754;265;360;299,407;298,9;32,4088;271,301;;4470,24
434;0,3;0;274,465;274,772;265;360;299,443;298,922;34,9186;271,301;;4495,81
435;0,3;0;274,465;274,631;265;360;299,335;298,727;35;271,301;;4508,77
436;0,3;0;273,843;274,497;265;360;299,183;298,626;35;271,301;;4511,98
437;0,3;0;273,756;274,627;265;360;299,045;298,553;35;271,301;;4514,24
438;0,3;0;273,647;274,479;265;360;299,161;298,56;35;271,301;;4515,82
439;0,3;0;273,64;274,41;265;360;299,06;298,466;35;271,301;;4512,6
440;0,3;0;273,691;274,396;265;360;299,002;298,466;35;271,301;;4510,4
441;0,3;0;273,72;274,382;265;360;298,944;298,372;35;271,3;;4505,83
442;0,3;0;274,002;274,378;265;360;298,785;298,315;35;271,292;;4505,19
443;0,3;0;274,002;274,4;265;360;298,72;298,126;35;271,281;;4504,57
444;0,3;0;273,734;274,414;265;360;298,568;298,069;35;271,272;;4503,17
445;0,3;0;274,096;274,371;265;360;298,459;297,873;35;271,263;;4503,62
446;0,3;0;274,031;274,36;265;360;298,322;297,743;35;271,254;;4504,37
447;0,3;0;274,067;274,353;265;360;298,199;297,692;35;271,237;;4509,69
448;0,3;0;274,139;274,382;265;360;298,134;297,584;35;271,22;;4504,95
449;0,3;0;274,19;274,389;265;360;297,975;297,381;35;271,197;;4504,36
450;0,3;0;274,248;274,396;265;360;297,888;297,309;35;271,174;;4500,19
451;0,3;0;274,009;274,374;265;360;297,7;297,157;35;271,145;;4501,01
452;0,3;0;274,183;274,353;265;360;297,555;296,897;35;271,114;;4508,9
453;0,3;0;274,096;274,389;265;360;297,36;296,774;35;271,079;;4508,91
454;0,3;0;274,023;274,222;265;360;297,295;296,644;35;271,039;;4503,48
455;0,3;0;274,016;274,031;265;360;297,164;296,622;35;271;;4502,05
456;0,3;0;274,081;274,016;265;360;297,128;296,528;35;270,959;;4497,08
457;0,3;0;274,081;273,987;265;360;296,976;296,369;35;270,917;;4495,58
458;0,3;0;273,749;273,98;265;360;296,875;296,296;35;270,879;;4501,49
459;0,3;0;273,495;274,016;265;360;296,759;296,209;35;270,836;;4500,55
460;0,3;0;273,401;274,132;265;360;296,607;296,05;35;270,796;;4500,71
461;0,3;0;273,264;274,222;265;360;296,499;296,058;35;270,751;;4499,26
462;0,3;0;273,235;274,212;265;360;296,434;295,978;35;270,708;;4499,11
463;0,3;0;273,286;274,215;265;360;296,347;295,862;35;270,663;;4496,62
464;0,3;0;273,336;274,219;265;360;296,231;295,775;35;270,615;;4490,31
465;0,3;0;273,416;274,24;265;360;296,238;295,718;35;270,563;;4486,94
466;0,3;0;273,466;274,222;265;360;296,152;295,609;35;270,508;;4487,94
467;0,3;0;273,409;273,882;265;360;296,137;295,537;35;270,451;;4491,82
468;0,3;0;273,278;273,868;265;360;296,007;295,472;35;270,389;;4491,02
469;0,3;0;273,22;273,861;265;360;296,007;295,428;35;270,321;;4492,45
470;0,3;0;273,286;273,904;265;360;296,007;295,428;35;270,247;;4491,35
471;0,3;0;273,358;273,897;265;360;295,913;295,312;35;270,17;;4488,31
472;0,3;0;273,423;273,882;265;360;295,898;295,37;35;270,088;;4481,46
473;0,3;0;273,466;273,868;265;360;295,862;295,284;35;270,002;;4482,89
474;0,3;0;273,43;273,861;265;360;295,819;295,269;35;269,916;;4488,81
475;0,3;0;273,3;273,886;265;360;295,718;295,139;35;269,831;;4488,25
476;0,3;0;273,257;273,9;265;360;295,58;295,052;35;269,745;;4487,46
477;0,3;0;273,278;273,89;265;360;295,501;294,951;35;269,662;;4483,42
478;0,3;0;273,322;273,532;265;360;295,428;294,9;35;269,585;;4482,35
479;0,3;0;273,069;273,633;265;360;295,385;294,777;35;269,517;;4480,74
480;0,3;0;272,758;273,738;265;360;295,284;294,705;35;269,45;;4483,44
481;0,3;0;272,801;273,763;265;360;295,168;294,575;35;269,39;;4481,97
482;0,3;0;272,837;273,77;265;360;295,067;294,56;35;269,334;;4483,25
483;0,3;0;272,931;273,64;265;360;295,038;294,56;35;269,283;;4466,73
484;0,3;0;272,873;273,752;265;360;295,132;294,488;35;269,228;;4449,11
485;0,3;0;272,844;273,593;265;360;294,994;294,415;35;269,179;;4441,58
486;0,3;0;272,924;273,466;265;360;294,922;294,408;35;269,127;;4434,8
487;0,3;0;272,895;273,618;265;360;294,85;294,329;35;269,078;;4430,08
488;0,3;0;272,975;273,517;265;360;294,85;294,3;35;269,025;;4425,63
489;0,3;0;273,018;273,6;265;360;294,705;294,141;35;268,977;;4420,22
490;0,3;0;273,025;273,582;265;360;294,633;294,032;35;268,929;;4413,51
491;0,3;0;272,96;273,477;265;360;294,524;293,989;35;268,881;;4410,63
492;0,3;0;272,852;273,492;265;360;294,466;293,982;35;268,833;;4410,63
493;0,3;0;272,504;273,387;265;360;294,423;293,858;35,0067;268,782;;4410,24
494;0,3;2,5;272,425;273,383;265;360;294,538;293,924;36,4372;268,724;;4408,2
495;0,3;12;272,475;273,369;265;360;294,705;294,177;39,5997;268,665;;4403,99
496;0,3;27;272,519;273,354;265;360;294,828;294,271;40;268,614;;4402,74
497;0,3;43,5;272,541;273,347;265;360;294,994;294,271;40;268,576;;4401,95
498;0,3;56,5;272,656;273,387;265;360;294,958;294,271;40;268,539;;4401,95
499;0,3;68,5;272,671;273,387;265;360;294,922;294,271;40;268,503;;4401,95
500;0,3;80;272,663;273,369;265;360;294,878;294,256;40;268,471;;4400,45
501;0,3;98;272,548;273,358;265;360;294,864;294,126;40;268,442;;4399,05
502;0,3;118,5;272,475;273,347;265;360;294,806;294,09;40;268,41;;4399
503;0,3;123,5;272,736;273,365;265;360;294,741;294,112;40;268,385;;4398,09
504;0,3;127,5;272,808;273,304;265;360;294,705;294,032;40;268,361;;4397,9
505;0,3;135;273,445;273,202;265;360;294,661;293,982;40;268,334;;4395,77
506;0,3;141;273,466;273,192;265;360;294,56;293,982;40;268,307;;4395,19
507;0,3;142;273,691;273,184;265;360;294,56;293,938;40;268,28;;4395,19
508;0,3;142;273,908;273,206;265;360;294,466;293,982;40;268,246;;4395,19
509;0,3;149,5;274,248;273,242;265;360;294,517;293,88;40;268,216;;4395,19
510;0,3;142,5;274,624;273,224;265;360;294,481;293,837;40;268,186;;4395,19
511;0,3;143;275,043;273,202;265;360;294,408;293,736;40;268,156;;4395,19
512;0,3;137,5;275,485;273,177;265;360;294,249;293,699;40;268,131;;4394,43
513;0,3;133,5;275,861;273,17;265;360;294,177;293,555;40;268,103;;4394,23
514;0,3;120;276,331;273,173;265;360;294,126;293,526;40;268,079;;4394,23
515;0,3;113;276,743;272,884;265;360;294,126;293,446;40;268,061;;4393,68
516;0,3;111,5;277,062;272,87;265;360;294,061;293,49;40;268,044;;4393,26
517;0,3;103,5;277,387;272,852;265;360;293,982;293,352;40;268,031;;4393,26
518;0,3;86,5;278,212;272,841;265;360;293,982;293,403;40;268,014;;4392,89
519;0,3;80,5;278,407;272,852;265;360;293,974;293,33;40;267,992;;4391,78
520;0,3;79,5;278,696;272,88;265;360;293,887;293,258;40;267,974;;4385,16
521;0,3;66;279,355;272,87;265;360;293,837;293,207;40;267,962;;4383,63
522;0,3;55,5;279,456;272,852;265;360;293,757;293,063;40;267,953;;4383,63
523;0,3;44,5;279,478;272,837;265;360;293,692;293,113;40;267,943;;4383,63
524;0,3;37,5;279,905;272,859;265;360;293,728;293,113;40;267,922;;4380,88
525;0,3;1;280,375;272,884;265;360;293,634;293,027;40,0024;267,901;;4378,17
526;0,3;0,5;280,563;272,877;265;360;293,642;292,969;41,2572;267,884;;4375,92
527;0,3;1,5;280,809;272,855;265;360;293,547;292,867;46,8758;267,869;;4374,04
528;0,3;0;280,932;272,841;265;360;293,497;292,918;56,3103;267,851;;4370,49
529;0,3;0;280,924;272,841;265;360;293,403;292,824;65,2242;267,834;;4368,79
530;0,3;0;280,83;272,884;265;360;293,367;292,781;69,4734;267,815;;4368,23
531;0,3;0;280,794;272,877;265;360;293,309;292,679;70;267,79;;4368,23
532;0,3;0;281,453;272,862;265;360;293,265;292,643;70;267,77;;4367,71
533;0,3;0;281,51;272,844;265;360;293,258;292,6;70;267,743;;4365,86
534;0,3;0;281,011;272,852;265;360;293,258;292,665;70;267,716;;4365,01
535;0,3;0;281,098;272,888;265;360;293,258;292,636;70;267,691;;4364,21
536;0,3;0;280,946;272,891;265;360;293,258;292,622;70;267,661;;4364,21
537;0,3;0;280,845;273,029;265;360;293,207;292,622;70;267,631;;4364,21
538;0,3;1;280,722;273,036;265;360;293,113;292,535;70;267,598;;4364,21
539;0,3;2;280,664;273,065;265;360;293,113;292,441;70;267,564;;4364,21
540;0,3;2;280,671;273,126;265;360;293,07;292,39;70;267,53;;4362,5
541;0,3;4;280,476;273,13;265;360;293,07;292,412;70;267,49;;4359,25
542;0,3;7,5;280,556;273,134;265;360;293,07;292,412;70;267,44;;4358,45
543;0,3;17;280,628;273,145;265;360;292,998;292,39;70;267,385;;4357,5
544;0,3;33,5;280,65;273,199;265;360;292,969;292,26;70;267,344;;4357,49
545;0,3;47;279,753;273,21;265;360;292,969;292,405;70;267,307;;4356,65
546;0,3;64;280,013;273,391;265;360;292,969;292,462;70;267,275;;4356,53
547;0,3;82;279,796;273,387;265;360;292,969;292,39;70;267,246;;4356,53
548;0,3;93;279,962;273,38;265;360;292,969;292,296;70;267,213;;4355,52
549;0,3;106,5;280,013;273,369;265;360;292,882;292,245;70;267,181;;4355,44
550;0,3;117;280,006;273,351;265;360;292,875;292,245;70;267,151;;4355,44
551;0,3;123;280,042;273,369;265;360;292,759;292,166;70;267,118;;4354,46
552;0,3;125;280,064;273,398;265;360;292,679;292,101;70;267,086;;4350,6
553;0,3;133;280,027;273,387;265;360;292,679;292,057;70;267,049;;4349,68
554;0,3;139,5;279,912;273,376;265;360;292,679;292,079;70;267,009;;4349,68
555;0,3;145;279,782;273,362;265;360;292,535;292,007;70;266,973;;4349,68
556;0,3;155,5;280,433;273,369;265;360;292,593;291,999;70;266,94;;4349,68
557;0,3;162,5;280,505;273,398;265;360;292,578;291,999;70;266,907;;4349,68
558;0,3;161;280,982;273,383;265;360;292,433;291,848;70;266,874;;4349,11
559;0,3;163,5;281,431;273,398;265;360;292,491;291,811;70;266,838;;4344,14
560;0,3;158,5;281,518;273,376;265;360;292,491;291,811;70;266,797;;4340,79
561;0,3;152;281,525;273,351;265;360;292,462;291,862;70;266,767;;4339,29
562;0,3;158;282,169;273,405;265;360;292,39;291,811;70;266,732;;4339,29
563;0,3;157,5;282,299;273,409;265;360;292,39;291,862;70;266,694;;4339,29
564;0,3;161;282,567;273,376;265;360;292,39;291,811;70;266,658;;4339,29
565;0,3;157;283,326;273,365;265;360;292,325;291,768;70;266,617;;4338,63
566;0,3;151,5;283,514;273,358;265;360;292,296;291,674;70;266,58;;4335,48
567;0,3;151,5;283,919;273,387;265;360;292,245;291,602;70;266,549;;4329,42
568;0,3;149;284,093;273,405;265;360;292,151;291,493;70;266,516;;4327,79
569;0,3;143,5;284,498;273,387;265;360;292,101;291,385;70;266,477;;4327,79
570;0,3;143,5;284,838;273,365;265;360;291,985;291,37;70;266,438;;4327,79
571;0,3;143,5;285,113;273,358;265;360;292,036;291,377;70;266,403;;4327,79
572;0,3;136,5;285,72;273,38;265;360;292,05;291,399;70;266,369;;4327,79
573;0,3;134;286,299;273,401;265;360;292,101;291,522;70;266,336;;4327,53
574;0,3;135,5;286,415;273,383;265;360;292,101;291,471;70;266,304;;4324,27
575;0,3;135,5;286,545;273,369;265;360;292,101;291,471;70;266,262;;4322,04
576;0,3;127,5;286,733;273,738;265;360;291,97;291,413;70;266,224;;4322,04
577;0,3;127,5;287,138;273,734;265;360;291,97;291,377;70;266,184;;4322,04
578;0,3;127;287,753;273,723;265;360;291,992;291,377;70;266,154;;4322,04
579;0,3;114;287,818;273,683;265;360;291,985;291,377;70;266,118;;4322,03
580;0,3;116,5;288,484;273,687;265;360;291,978;291,319;70;266,08;;4321,08
581;0,3;119,5;288,527;273,669;265;360;291,956;291,233;70;266,043;;4318,35
582;0,3;124;288,621;273,655;265;360;291,898;291,204;70;266,006;;4314,73
583;0,3;119,5;288,968;273,629;265;360;291,811;291,139;70;265,964;;4313,23
584;0,3;121,5;289,417;273,6;265;360;291,732;291,175;70;265,92;;4311,56
585;0,3;130,5;289,193;273,89;265;360;291,753;291,088;70;265,878;;4309,33
586;0,3;125;289,923;273,875;265;360;291,725;291,059;70;265,838;;4308,71
587;0,3;118,5;289,851;273,864;265;360;291,739;290,994;70;265,791;;4308,71
588;0,3;124,5;289,88;273,872;265;360;291,667;290,929;70;265,742;;4308,71
589;0,3;136,5;289,873;273,908;265;360;291,63;290,885;70;265,695;;4307,41
590;0,3;139,5;289,815;273,897;265;360;291,573;290,871;70;265,647;;4304,58
591;0,3;138;290,712;273,882;265;360;291,623;290,943;70;265,605;;4303,93
592;0,3;151,5;290,828;274,233;265;360;291,623;290,979;70;265,568;;4300,79
593;0,3;150,5;291,233;274,114;265;360;291,616;290,987;70;265,533;;4298,36
594;0,3;160;291,464;274,013;265;360;291,529;290,828;70;265,495;;4298,2
595;0,3;166;291,319;274,027;265;360;291,522;290,929;70;265,458;;4298,2
596;0,3;165,5;291,725;274,034;265;360;291,5;290,864;70;265,419;;4298,2
597;0,3;177;291,674;274,038;265;360;291,377;290,755;70;265,38;;4297,69
598;0,3;175;291,934;274,382;265;360;291,377;290,799;70;265,345;;4296,3
599;0,3;185;292,448;274,363;265;360;291,428;290,799;70;265,309;;4295,68
600;0,3;192,5;292,499;274,4;265;360;291,377;290,762;70;265,27;;4291,17
601;0,3;182,5;292,904;274,403;265;360;291,334;290,654;70;265,244;;4287,71
602;0,3;189;292,773;274,374;265;360;291,298;290,611;70;265,213;;4287,71
603;0,3;191;293,49;274,36;265;360;291,233;290,589;70;265,18;;4287,71
604;0,3;204;293,519;274,356;265;360;291,139;290,466;70;265,145;;4287,71
605;0,3;204,5;293,844;274,526;265;360;291,16;290,365;70;265,113;;4287,52
606;0,3;199,5;294,314;274,53;265;360;291,175;290,422;70;265,087;;4287,5
607;0,3;199;294,705;274,508;265;360;291,095;290,437;70;265,055;;4285,41
608;0,3;197;294,951;274,635;265;360;291,088;290,415;70;265,026;;4282,28
609;0,3;192;294,893;274,609;265;360;291,023;290,365;70;264,995;;4279,87
610;0,3;192;295,349;274,606;265;360;291,03;290,314;70;264,966;;4279,87
611;0,3;191,5;295,747;274,754;265;360;291,073;290,321;70;264,936;;4279,87
612;0,3;192,5;295,826;274,635;265;360;291,045;290,422;70;264,903;;4279,87
613;0,3;192,5;296,47;274,721;265;360;291,023;290,386;70;264,876;;4279,1
614;0,3;187;296,882;274,906;265;360;290,943;290,314;70;264,845;;4278,65
615;0,3;182,5;297,041;274,895;265;360;290,943;290,365;70;264,815;;4275,61
616;0,3;181;297,258;274,899;265;360;290,943;290,328;70;264,791;;4273,62
617;0,3;182;297,569;274,928;265;360;290,885;290,285;70;264,763;;4273,62
618;0,3;186,5;297,83;274,917;265;360;290,914;290,22;70;264,743;;4273,59
619;0,3;187,5;297,917;274,91;265;360;290,943;290,321;70;264,73;;4273,34
620;0,3;174,5;298,814;274,895;265;360;290,943;290,249;70;264,717;;4273,34
621;0,3;172,5;298,879;274,986;265;360;290,943;290,307;70;264,701;;4273,34
622;0,3;173,5;299,016;275,098;265;360;290,943;290,22;70;264,684;;4272,07
623;0,3;168;298,98;275,105;265;360;290,828;290,075;70;264,666;;4268,98
624;0,3;164;299,269;275,094;265;360;290,799;290,075;70;264,655;;4267,51
625;0,3;165;299,609;275,061;265;360;290,705;290,039;70;264,644;;4265,1
626;0,3;164;299,638;275,04;265;360;290,647;289,945;70;264,637;;4262,83
627;0,3;163,5;299,993;275,286;265;360;290,553;289,837;70;264,628;;4262,11
628;0,3;158;300,094;275,369;265;360;290,43;289,699;70;264,61;;4262,11
629;0,3;154;300,116;275,416;265;360;290,314;289,677;70;264,588;;4262,11
630;0,3;157;300,557;275,401;265;360;290,126;289,518;70;264,567;;4261,9
631;0,3;149;300,528;275,391;265;360;290,075;289,417;70;264,548;;4261,5
632;0,3;149,5;300,47;275,383;265;360;289,952;289,345;70;264,526;;4260,81
633;0,3;147;300,883;275,752;265;360;289,931;289,207;70;264,505;;4255,19
634;0,3;150,5;300,911;275,76;265;360;289,786;289,185;70;264,484;;4252,94
635;0,3;141;301,042;275,72;265;360;289,75;289,062;70;264,456;;4252,94
636;0,3;141;301,143;275,68;265;360;289,742;289,019;70;264,432;;4252,94
637;0,3;142;301,114;275,68;265;360;289,699;288,918;70;264,405;;4252,94
638;0,3;144;301,707;275,691;265;360;289,648;289,026;70;264,386;;4252,69
639;0,3;154,5;301,685;275,828;265;360;289,735;289,099;70;264,359;;4251,99
640;0,3;154,5;301,136;275,937;265;360;289,902;289,2;70;264,337;;4249,73
641;0,3;157;301,201;275,926;265;360;290,01;289,352;70;264,316;;4244,85
642;0,3;150;301,28;275,919;265;360;290,111;289,453;70;264,295;;4244,39
643;0,3;157,5;301,353;275,919;265;360;290,22;289,525;70;264,28;;4244,39
644;0,3;170;301,411;275,944;265;360;290,278;289,685;70;264,266;;4243,85
645;0,3;174,5;301,367;276,313;265;360;290,394;289,786;70;264,248;;4243,44
646;0,3;162;301,302;276,313;265;360;290,509;289,887;70;264,217;;4243,44
647;0,3;178;301,237;276,317;265;360;290,596;289,931;70;264,191;;4241,82
648;0,3;195;301,707;276,056;265;360;290,762;290,061;70;264,166;;4238,38
649;0,3;197,5;301,801;276,067;265;360;290,828;290,169;70;264,141;;4234,08
650;0,3;199;301,685;276,092;265;360;291,023;290,321;70;264,124;;4233,07
651;0,3;203;301,751;276,288;265;360;291,088;290,386;70;264,101;;4233,07
652;0,3;203;302,17;276,44;265;360;291,189;290,509;70;264,073;;4232,32
653;0,3;211,5;302,112;276,432;265;360;291,363;290,553;70;264,051;;4232,12
654;0,3;204;302,018;276,429;265;360;291,479;290,69;70;264,025;;4232,12
655;0,3;207;301,953;276,44;265;360;291,565;290,762;70;264,003;;4231,19
656;0,3;215,5;302,264;276,461;265;360;291,667;290,842;70;263,981;;4228,56
657;0,3;213;302,662;276,432;265;360;291,667;291,001;70;263,962;;4227,38
658;0,3;217,5;302,698;276,798;265;360;291,688;291,095;70;263,943;;4227,38
659;0,3;227;302,662;276,79;265;360;291,811;291,182;70;263,931;;4225,45
660;0,3;228;303,045;276,79;265;360;291,949;291,218;70;263,918;;4224,53
661;0,3;225;302,951;276,79;265;360;292,007;291,29;70;263,905;;4224,53
662;0,3;220,5;302,959;276,776;265;360;291,992;291,377;70;263,892;;4224,53
663;0,3;226,5;303,762;276,751;265;360;292,072;291,392;70;263,878;;4224,22
664;0,3;234,5;303,588;276,736;265;360;292,188;291,508;70;263,869;;4221,1
665;0,3;216,5;304,102;276,827;265;360;292,245;291,5;70;263,863;;4219,59
666;0,3;216;304,174;276,95;265;360;292,303;291,602;70;263,857;;4217,42
667;0,3;218;304,478;276,968;265;360;292,39;291,667;70;263,853;;4215,39
668;0,3;214,5;304,825;276,96;265;360;292,39;291,681;70;263,851;;4215,39
669;0,3;209;304,782;276,953;265;360;292,441;291,739;70;263,845;;4215,39
670;0,3;204,5;304,991;276,946;265;360;292,477;291,797;70;263,839;;4215,39
671;0,3;204,5;305,078;276,942;265;360;292,535;291,942;70;263,834;;4213,84
672;0,3;194,5;305,519;277,163;265;360;292,658;291,956;70;263,825;;4213,5
673;0,3;192,5;305,671;277,362;265;360;292,817;292,065;70;263,82;;4211,59
674;0,3;186,5;305,44;277,333;265;360;292,831;292,101;70;263,818;;4207,24
675;0,3;182,5;306,062;277,304;265;360;292,867;292,144;70;263,821;;4205,93
676;0,3;178,5;306,062;277,203;265;360;292,853;292,245;70;263,82;;4205,93
677;0,3;172;306,091;277,362;265;360;292,969;292,245;70;263,823;;4205,82
678;0,3;172,5;306,33;277,355;265;360;292,969;292,245;70;263,821;;4204,98
679;0,3;170;306,532;277,398;265;360;292,969;292,245;70;263,818;;4204,98
680;0,3;164;306,561;277,456;265;360;292,969;292,296;70;263,814;;4203,85
681;0,3;154;306,503;277,46;265;360;292,969;292,159;70;263,808;;4200,87
682;0,3;155;306,474;277,467;265;360;292,969;292,245;70;263,802;;4196,8
683;0,3;150;306,742;277,485;265;360;292,969;292,245;70;263,793;;4194,57
684;0,3;148;307,038;277,459;265;360;292,904;292,115;70;263,788;;4194,57
685;0,3;149,5;307,118;277,456;265;360;292,824;292,144;70;263,789;;4194,57
686;0,3;143,5;307,292;277,601;265;360;292,737;292,014;70;263,788;;4194,57
687;0,3;141;307,292;277,684;265;360;292,81;292,057;70;263,782;;4194,57
688;0,3;141,5;307,212;277,713;265;360;292,766;291,978;70;263,781;;4193,21
689;0,3;143;307,14;277,752;265;360;292,679;291,956;70;263,776;;4189,7
690;0,3;143,5;307,06;277,774;265;360;292,679;291,956;70;263,774;;4187,09
691;0,3;144;307,038;277,781;265;360;292,679;291,956;70;263,769;;4186,38
692;0,3;147;306,301;277,886;265;360;292,679;291,956;70;263,77;;4183,75
693;0,3;149,5;306,959;277,969;265;360;292,679;291,956;70;263,77;;4183,24
694;0,3;150,5;306,973;277,988;265;360;292,629;291,913;70;263,77;;4182,99
695;0,3;152;306,937;277,98;265;360;292,679;291,913;70;263,77;;4182,3
696;0,3;166,5;306,843;277,977;265;360;292,679;291,956;70;263,767;;4181,85
697;0,3;167;306,742;277,973;265;360;292,585;291,956;70;263,763;;4179,81
698;0,3;161,5;306,366;277,969;265;360;292,564;291,905;70;263,758;;4179,52
699;0,3;160,5;305,975;277,984;265;360;292,571;291,811;70;263,756;;4176,38
700;0,3;174;305,997;278,136;265;360;292,571;291,811;70;263,758;;4173,38
701;0,3;179;306,105;278,107;265;360;292,542;291,811;70;263,762;;4171,98
702;0,3;172,5;306,221;278,107;265;360;292,564;291,811;70;263,763;;4171,94
703;0,3;173;306,214;278,143;265;360;292,535;291,811;70;263,765;;4171,91
704;0,3;181;306,113;278,205;266;360;292,535;291,811;70;263,773;;4171,91
705;0,3;181,5;306,033;278,208;266;360;292,448;291,811;70;263,781;;4171,91
706;0,3;211,5;305,621;278,201;266;360;292,535;291,768;70;263,79;;4170,62
707;0,3;288,5;305,57;278,158;266;360;292,491;291,753;70;263,791;;4167,05
708;0,3;374;305,961;278,125;266;360;292,484;291,753;70;263,793;;4165,51
709;0,3;463;306,011;278,125;266;360;292,441;291,696;70;263,797;;4165,43
710;0,3;530;306,214;278,103;266;360;292,433;291,732;70;263,803;;4165,43
711;0,3;539;306,134;278,096;266;360;292,39;291,71;70;263,81;;4165,43
712;0,3;534,5;306,807;278,1;266;360;292,31;291,659;70;263,817;;4165,43
713;0,3;530,5;306,894;278,23;266;360;292,245;291,522;70;263,821;;4164,8
714;0,3;514,5;307,198;278,356;266;360;292,159;291,522;70;263,823;;4161,84
715;0,3;505;308,225;278,36;266;360;292,245;291,522;70;263,82;;4158,88
716;0,3;481,5;308,955;278,331;266;360;292,245;291,522;70;263,821;;4158,84
717;0,3;457,5;309,91;278,237;266;360;292,289;291,522;70;263,819;;4158,84
718;0,3;436;310,576;278,328;266;360;292,245;291,522;70;263,817;;4158,84
719;0,3;414;311,263;278,197;266;360;292,245;291,652;70;263,809;;4158,38
720;0,3;392;311,986;278,266;266;360;292,245;291,659;70;263,806;;4157,9
721;0,3;365,5;313,043;278,367;266;360;292,245;291,522;70;263,804;;4157,25
722;0,3;346;313,643;278,512;266;360;292,245;291,522;70;263,801;;4155,96
723;0,3;327,5;314,75;278,519;266;360;292,303;291,602;70;263,799;;4153,19
724;0,3;304,5;315,328;278,516;266;360;292,39;291,667;70;263,795;;4153,19
725;0,3;280;316,312;278,458;266;360;292,39;291,667;70;263,789;;4151,91
726;0,3;264;316,508;278,483;266;360;292,39;291,667;70;263,777;;4151,31
727;0,3;239,5;317,368;278,512;266;360;292,39;291,717;70;263,766;;4151,31
728;0,3;207;317,889;278,505;266;360;292,39;291,667;70;263,757;;4151,31
729;0,3;194;318,388;278,483;266;360;292,318;291,63;70;263,755;;4151,13
730;0,3;188,5;319,039;278,689;266;360;292,289;291,558;70;263,747;;4149,52
731;0,3;176;319,575;278,729;266;360;292,253;291,522;70;263,746;;4147,83
732;0,3;156;319,755;278,758;266;360;292,245;291,522;70;263,736;;4142,43
733;0,3;145;319,683;278,787;266;360;292,173;291,522;70;263,733;;4138,15
734;0,3;144,5;320,421;278,783;266;360;292,188;291,486;70;263,727;;4138,15
735;0,3;134,5;320,349;279;266;360;292,209;291,479;70;263,718;;4138,15
736;0,3;121,5;320,435;278,997;266;360;292,231;291,565;70;263,711;;4138,15
737;0,3;122,5;320,472;278,993;266;360;292,144;291,565;70;263,702;;4138,15
738;0,3;120;320,602;279,055;266;360;292,224;291,565;70;263,695;;4137,73
739;0,3;124;320,566;279,257;266;360;292,296;291,522;70;263,684;;4136,19
740;0,3;125,5;320,558;279,395;266;360;292,296;291,645;70;263,675;;4132,21
741;0,3;129,5;320,501;279,384;266;360;292,296;291,544;70;263,666;;4127,41
742;0,3;135;320,443;279,514;266;360;292,245;291,522;70;263,659;;4126,89
743;0,3;129,5;319,98;279,492;266;360;292,318;291,58;70;263,65;;4126,58
744;0,3;141,5;320,088;279,507;266;360;292,253;291,558;70;263,645;;4125,91
745;0,3;154;319,878;279,626;266;360;292,245;291,522;70;263,639;;4125,01
746;0,3;156,5;319,582;279,644;266;360;292,245;291,522;70;263,634;;4123,9
747;0,3;163;319,278;279,648;266;360;292,245;291,522;70;263,629;;4121,09
748;0,3;176,5;318,938;279,655;266;360;292,245;291,522;70;263,629;;4117,2
749;0,3;190;318,598;280,02;266;360;292,282;291,522;70;263,628;;4115,26
750;0,3;203,5;318,396;280,02;266;360;292,231;291,428;70;263,634;;4115,26
751;0,3;209,5;318,063;280,02;266;360;292,166;291,515;70;263,644;;4115,26
752;0,3;222;317,773;280,132;266;360;292,202;291,442;70;263,653;;4115,26
753;0,3;233,5;318,294;280,223;266;360;292,195;291,428;70;263,665;;4115,26
754;0,3;239,5;317,499;280,216;266;360;292,202;291,442;70;263,68;;4115,26
755;0,3;244;317,405;280,197;266;360;292,195;291,421;70;263,692;;4114,95
756;0,3;250,5;317,347;280,172;266;360;292,245;291,5;70;263,711;;4114,32
757;0,3;251,5;316,949;280,284;266;360;292,115;291,377;70;263,729;;4113,41
758;0,3;252,5;316,826;280,523;266;360;292,224;291,377;70;263,748;;4111,31
759;0,3;257;316,942;280,519;266;360;292,122;291,377;70;263,77;;4111
760;0,3;261;316,869;280,519;266;360;292,195;291,377;70;263,79;;4111
761;0,3;259,5;316,978;280,519;266;360;292,245;291,442;70;263,814;;4111
762;0,3;249,5;316,999;280,519;266;360;292,238;291,435;70;263,847;;4110,88
763;0,3;244;316,97;280,519;266;360;292,202;291,522;70;263,872;;4110,39
764;0,3;242;316,934;280,519;266;360;292,202;291,406;70;263,897;;4108,73
765;0,3;243;316,927;280,512;266;360;292,202;291,486;70;263,917;;4104,85
766;0,3;231;317,072;280,512;266;360;292,296;291,522;70;263,94;;4100,85
767;0,3;225;317,303;280,512;266;360;292,289;291,522;70;263,967;;4100,12
768;0,3;208,5;317,412;280,512;266;360;292,245;291,522;70;263,993;;4099,68
769;0,3;201,5;317,542;280,668;266;360;292,245;291,616;70;264,016;;4098,3
770;0,3;192;317,484;280,809;266;360;292,289;291,522;70;264,04;;4097,64
771;0,3;184;317,412;280,783;266;360;292,245;291,522;70;264,066;;4097,31
772;0,3;184;317,325;280,805;266;360;292,245;291,565;70;264,09;;4095,58
773;0,3;175;317,31;280,798;266;360;292,245;291,522;70;264,113;;4090,87
774;0,3;163,5;317,433;280,892;266;360;292,245;291,522;70;264,131;;4086,92
775;0,3;158;317,535;280,932;266;360;292,245;291,522;70;264,159;;4086,18
776;0,3;154;317,484;280,932;266;360;292,245;291,522;70;264,19;;4085,72
777;0,3;145,5;317,419;280,91;266;360;292,245;291,609;70;264,213;;4085,72
778;0,3;140;317,339;280,917;266;360;292,245;291,565;70;264,239;;4085,72
779;0,3;138,5;316,602;280,921;266;360;292,289;291,536;70;264,264;;4085,56
780;0,3;124,5;316,63;280,928;266;360;292,39;291,667;70;264,292;;4083,91
781;0,3;125,5;316,746;280,917;266;360;292,39;291,667;70;264,317;;4081,97
782;0,3;130;316,63;280,903;266;360;292,39;291,609;70;264,344;;4080,99
783;0,3;118,5;316,522;280,888;266;360;292,39;291,522;70;264,36;;4079,29
784;0,3;117,5;316,196;280,888;266;360;292,245;291,522;70;264,384;;4079,18
785;0,3;117,5;315,9;280,874;266;360;292,245;291,522;70;264,404;;4079,18
786;0,3;118,5;315,726;280,863;266;360;292,245;291,464;70;264,424;;4079,18
787;0,3;120;315,242;280,845;266;360;292,289;291,522;70;264,452;;4079,18
788;0,3;123;315,046;280,914;266;360;292,245;291,522;70;264,476;;4079,18
789;0,3;123;314,699;281,044;266;360;292,296;291,522;70;264,496;;4079,01
790;0,3;130;314,591;281,047;266;360;292,325;291,522;70;264,516;;4077,67
791;0,3;129,5;314,41;281,047;266;360;292,245;291,471;70;264,545;;4074,39
792;0,3;135;313,527;281,047;266;360;292,282;291,486;70;264,571;;4072,97
793;0,3;131;313,686;281,047;266;360;292,253;291,522;70;264,596;;4072,97
794;0,3;127,5;313,187;281,044;266;360;292,245;291,522;70;264,62;;4072,97
795;0,3;135;312,891;281,044;266;360;292,274;291,522;70;264,649;;4072,97
796;0,3;140,5;312,833;281,047;266;360;292,39;291,667;70;264,668;;4072,97
797;0,3;140;312,717;281,047;266;360;292,39;291,667;70;264,688;;4071,49
798;0,3;147,5;312,355;281,047;266;360;292,39;291,667;70;264,708;;4066,51
799;0,3;148;311,668;281,047;266;360;292,39;291,667;70;264,727;;4062,07
800;0,3;147;311,61;281,044;266;360;292,39;291,667;70;264,749;;4060,46
801;0,3;143;311,176;281,047;266;360;292,39;291,638;70;264,766;;4060,24
802;0,3;154,5;311,234;281,047;266;360;292,433;291,645;70;264,79;;4058,6
803;0,3;163;310,938;281,047;266;360;292,499;291,746;70;264,813;;4058,59
804;0,3;158;310,974;281,047;266;360;292,513;291,674;70;264,836;;4057,99
805;0,3;157;310,33;281,047;266;360;292,477;291,688;70;264,859;;4056,73
806;0,3;165,5;310,236;280,82;266;360;292,39;291,696;70;264,884;;4053,41
807;0,3;165;309,997;280,809;266;360;292,484;291,703;70;264,907;;4051,14
808;0,3;165;309,599;280,834;266;360;292,433;291,667;70;264,923;;4051,14
809;0,3;170,5;309,411;280,892;266;360;292,433;291,717;70;264,945;;4051,14
810;0,3;164;309,187;280,635;266;360;292,527;291,667;70;264,966;;4051,14
811;0,3;161;309,317;280,783;266;360;292,535;291,667;70;264,988;;4051,05
812;0,3;164;309,317;280,787;266;360;292,426;291,667;70;265,008;;4050,22
813;0,3;165;308,659;280,917;266;360;292,39;291,667;70;265,024;;4047,7
814;0,3;169;308,348;280,928;266;360;292,39;291,623;70;265,041;;4046,37
815;0,3;171,5;308,319;280,932;266;360;292,39;291,667;70;265,062;;4044,17
816;0,3;164;308,341;280,932;266;360;292,39;291,667;70;265,081;;4042,19
817;0,3;156,5;308,181;280,932;266;360;292,39;291,667;70;265,097;;4041,27
818;0,3;160;308,297;280,932;266;360;292,39;291,638;70;265,122;;4041,24
819;0,3;163;308,326;280,932;266;360;292,39;291,667;70;265,143;;4041,24
820;0,3;162,5;308,247;280,939;266;360;292,39;291,667;70;265,162;;4041,24
821;0,3;157,5;308,16;280,939;266;360;292,39;291,609;70;265,178;;4041,24
822;0,3;152;307,429;280,928;266;360;292,39;291,667;70;265,193;;4040,05
823;0,3;153;307,415;280,928;266;360;292,347;291,551;70;265,209;;4035,97
824;0,3;156;307,538;280,82;266;360;292,383;291,522;70;265,221;;4031,23
825;0,3;151,5;307,595;280,827;266;360;292,39;291,616;70;265,244;;4030,09
826;0,3;155;307,704;280,906;266;360;292,39;291,565;70;265,267;;4030,09
827;0,3;149,5;307,624;280,53;266;360;292,354;291,522;70;265,291;;4030,09
828;0,3;142;307,255;280,534;266;360;292,245;291,522;70;265,317;;4030,09
829;0,3;144;307,169;280,541;266;360;292,253;291,522;70;265,341;;4030,09
830;0,3;142,5;307,104;280,527;266;360;292,39;291,616;70;265,364;;4028,96
831;0,3;141;307,031;280,534;266;360;292,361;291,652;70;265,389;;4024,24
832;0,3;136,5;307,104;280,541;266;360;292,245;291,522;70;265,414;;4018,05
833;0,3;129,5;306,85;280,537;266;360;292,39;291,522;70;265,436;;4018,03
834;0,3;132;306,532;280,534;266;360;292,282;291,435;70;265,463;;4018,03
835;0,3;121;306,496;280,534;266;360;292,245;291,479;70;265,485;;4018,03
836;0,3;122,5;306,416;280,537;266;360;292,289;291,522;70;265,506;;4018,03
837;0,3;119,5;306,207;280,541;266;360;292,238;291,522;70;265,526;;4018,03
838;0,3;112;305,99;280,425;266;360;292,209;291,399;70;265,545;;4016,09
839;0,3;110;306,019;280,328;266;360;292,245;291,377;70;265,56;;4011,03
840;0,3;115,5;306,149;280,245;266;360;292,245;291,377;70;265,579;;4009,18
841;0,3;115,5;306,134;280,169;267;360;292,195;291,377;70;265,599;;4007,83
842;0,3;110;305,968;280,15;267;360;292,151;291,377;70;265,614;;4007,83
843;0,3;144;305,867;280,136;267;360;292,18;291,377;70;265,626;;4007,83
844;0,3;216;305,751;280,125;267;360;292,101;291,334;70;265,638;;4007,83
845;0,3;301,5;305,006;280,158;267;360;292,101;291,312;70;265,651;;4007,42
846;0,3;397,5;304,999;280,161;267;360;292,101;291,233;70;265,661;;4006,27
847;0,3;460,5;305,129;280,143;267;360;292,036;291,276;70;265,671;;4004,24
848;0,3;474,5;305,245;280,147;267;360;291,956;291,24;70;265,681;;4003,31
849;0,3;470;305,454;280,183;267;360;291,992;291,168;70;265,694;;4001,64
850;0,3;465;305,57;280,226;267;360;291,963;291,204;70;265,704;;4001,59
851;0,3;460,5;306,04;280,292;267;360;291,956;291,233;70;265,717;;4001,59
852;0,3;447;306,749;280,15;267;360;291,956;291,189;70;265,72;;4001,59
853;0,3;427,5;307,096;280,02;267;360;291,956;291,182;70;265,725;;4001,59
854;0,3;420;307,957;280,02;267;360;291,956;291,196;70;265,733;;4001,24
855;0,3;410;308,275;280,02;267;360;291,956;291,196;70;265,742;;3999,74
856;0,3;383,5;309,216;280,024;267;360;291,848;291,088;70;265,749;;3998,03
857;0,3;362;309,816;280,02;267;360;291,898;291,088;70;265,756;;3992,95
858;0,3;337;310,243;280,02;267;360;291,942;291,088;70;265,765;;3991,63
859;0,3;310;311,581;280,02;267;360;291,913;291,139;70;265,775;;3991,48
860;0,3;292,5;312,037;280,02;267;360;291,905;291,088;70;265,781;;3991,48
861;0,3;273,5;312,941;280,024;267;360;291,913;291,088;70;265,782;;3991,48
862;0,3;247;313,361;280,024;267;360;291,905;291,088;70;265,788;;3991,48
863;0,3;223;314,135;280,02;267;360;291,956;291,088;70;265,794;;3989,6
864;0,3;202,5;314,714;280,02;267;360;291,862;291,059;70;265,803;;3986,2
865;0,3;178,5;315,133;280,02;267;360;291,811;290,943;70;265,809;;3984,94
866;0,3;164;315,263;280,02;267;360;291,811;290,987;70;265,816;;3983,12
867;0,3;150,5;315,893;280,024;267;360;291,811;290,943;70;265,827;;3982,68
868;0,3;136;316,291;280,154;267;360;291,811;290,943;70;265,831;;3982,17
869;0,3;118;316,79;280,273;267;360;291,811;290,943;70;265,835;;3982,17
870;0,3;107;317,072;280,234;267;360;291,811;290,943;70;265,842;;3982,17
871;0,3;95,5;317,093;280,205;267;360;291,811;290,943;70;265,853;;3980,69
872;0,3;84;317,412;280,27;267;360;291,725;290,914;70;265,863;;3978,64
873;0,3;75,5;317,347;280,411;267;360;291,667;290,849;70;265,875;;3976,63
874;0,3;72;317,296;280,534;267;360;291,688;290,849;70;265,883;;3976,27
875;0,3;67,5;317,332;280,537;267;360;291,602;290,842;70;265,894;;3975,71
876;0,3;66;317,093;280,523;267;360;291,565;290,799;70;265,907;;3975,71
877;0,3;60,5;316,79;280,733;267;360;291,667;290,799;70;265,916;;3975,71
878;0,3;66,5;316,761;280,932;267;360;291,58;290,799;70;265,926;;3974,21
879;0,3;80;316,421;280,802;267;360;291,696;290,929;70;265,941;;3973,81
880;0,3;77,5;316,37;280,921;267;360;291,688;290,914;70;265,955;;3972,75
881;0,3;81,5;315,611;280,986;267;360;291,717;290,987;70;265,97;;3970,28
882;0,3;83;315,379;281,047;267;360;291,811;291,03;70;265,985;;3964,23
883;0,3;87;315,321;281,047;267;360;291,739;290,943;70;266,008;;3962,2
884;0,3;95,5;314,771;281,047;267;360;291,667;290,893;70;266,027;;3961,94
885;0,3;102;314,46;281,105;267;360;291,667;290,864;70;266,048;;3960,64
886;0,3;121;314,265;281,163;267;360;291,674;290,9;70;266,063;;3960,03
887;0,3;128;313,824;281,424;267;360;291,703;290,856;70;266,077;;3959,3
888;0,3;125,5;313,296;281,413;267;360;291,667;290,799;70;266,096;;3958,91
889;0,3;136,5;312,826;281,286;267;360;291,667;290,799;70;266,116;;3957,03
890;0,3;150;312,543;281,547;267;360;291,667;290,799;70;266,138;;3955,13
891;0,3;155;312,305;281,554;267;360;291,616;290,799;70;266,162;;3954,7
892;0,3;155,5;312,066;281,554;267;360;291,638;290,799;70;266,186;;3954,7
893;0,3;159;311,668;281,561;267;360;291,652;290,799;70;266,203;;3954,52
894;0,3;168;311,256;281,666;267;360;291,63;290,799;70;266,219;;3953,26
895;0,3;173;310,966;281,67;267;360;291,659;290,799;70;266,239;;3952,65
896;0,3;172;310,72;281,673;267;360;291,594;290,799;70;266,256;;3951,61
897;0,3;173,5;310,475;281,677;267;360;291,587;290,697;70;266,274;;3948,88
898;0,3;178;310,308;281,684;267;360;291,522;290,676;70;266,295;;3946,54
899;0,3;178,5;310,323;281,695;267;360;291,558;290,77;70;266,327;;3946
900;0,3;180,5;310,113;282,064;267;360;291,522;290,654;70;266,349;;3945,62
901;0,3;183;309,852;282,064;267;360;291,406;290,567;70;266,368;;3945,62
902;0,3;182,5;309,787;282,067;267;360;291,377;290,611;70;266,391;;3945,62
903;0,3;179;309,693;282,075;267;360;291,377;290,603;70;266,414;;3945,62
904;0,3;176,5;309,679;282,075;267;360;291,377;290,582;70;266,441;;3945,18
905;0,3;172;309,18;282,064;267;360;291,377;290,509;70;266,471;;3943,27
906;0,3;169,5;309,346;282,067;267;360;291,334;290,466;70;266,5;;3940,48
907;0,3;172;309,31;282,067;267;360;291,305;290,509;70;266,526;;3935,96
908;0,3;167,5;309,223;282,075;267;360;291,276;290,509;70;266,553;;3934,07
909;0,3;165;309,18;282,075;267;360;291,233;290,509;70;266,578;;3932,2
910;0,3;154,5;309,078;282,064;267;360;291,233;290,509;70;266,596;;3931,84
911;0,3;147,5;309,144;282,067;267;360;291,233;290,509;70;266,616;;3931,84
912;0,3;140;309,266;282,067;267;360;291,233;290,509;70;266,638;;3931,15
913;0,3;134;309,093;282,075;267;360;291,276;290,589;70;266,663;;3930,47
914;0,3;129;308,521;282,067;267;360;291,377;290,611;70;266,681;;3927,73
915;0,3;134;308,5;282,064;267;360;291,334;290,596;70;266,704;;3925,78
916;0,3;129;308,442;282,067;267;360;291,29;290,574;70;266,723;;3924,49
917;0,3;119;308,398;282,071;267;360;291,334;290,654;70;266,739;;3924,49
918;0,3;107,5;308,398;282,075;267;360;291,356;290,654;70;266,756;;3924,49
919;0,3;101,5;308,109;282,071;267;360;291,276;290,516;70;266,77;;3924,49
920;0,3;102;308,225;282,064;267;360;291,233;290,444;70;266,782;;3924,3
921;0,3;111;308,319;282,067;267;360;291,095;290,365;70;266,799;;3922,97
922;0,3;109;308,297;282,067;267;360;291,131;290,321;70;266,814;;3920,71
923;0,3;110,5;307,646;282,075;267;360;291,088;290,35;70;266,828;;3919,9
924;0,3;105;307,422;282,071;267;360;291,124;290,365;70;266,841;;3918,89
925;0,3;111;307,357;282,064;267;360;291,146;290,249;70;266,854;;3918,07
926;0,3;108;307,292;282,067;267;360;291,131;290,35;70;266,863;;3918,07
927;0,3;103,5;307,118;282,071;267;360;291,211;290,365;70;266,876;;3917,89
928;0,3;108,5;307,248;282,075;267;360;291,045;290,365;70;266,895;;3917,15
929;0,3;113;306,547;282,075;267;360;291,045;290,299;70;266,906;;3917,15
930;0,3;111;306,474;282,06;267;360;291,088;290,343;70;266,915;;3916
931;0,3;114,5;306,337;282,067;267;360;291,088;290,321;70;266,924;;3913,63
932;0,3;122;306,091;282,071;267;360;291,117;290,372;70;266,938;;3912,38
933;0,3;116;306,033;282,075;267;360;291,233;290,401;70;266,951;;3909,82
934;0,3;118;305,541;282,075;267;360;291,139;290,365;70;266,963;;3907,13
935;0,3;118,5;305,324;282,064;267;360;291,124;290,365;70;266,974;;3907,07
936;0,3;131;305,44;282,067;267;360;291,139;290,408;70;266,988;;3907,07
937;0,3;130,5;305,252;282,067;267;360;291,088;290,365;70;267,001;;3907,07
938;0,3;123;305,187;282,071;267;360;291,088;290,365;70;267,015;;3906,95
939;0,3;126;304,724;282,075;267;360;291,088;290,285;70;267,022;;3905,08
940;0,3;134;304,261;282,064;267;360;291,088;290,22;70;267,037;;3903,33
941;0,3;139,5;304,261;282,067;267;360;291,088;290,263;70;267,049;;3902,53
942;0,3;139;304,333;282,067;267;360;291,045;290,314;70;267,06;;3902,53
943;0,3;141;304,239;282,071;267;360;291,037;290,22;70;267,074;;3902,53
944;0,3;149,5;304,174;282,075;267;360;290,994;290,299;70;267,085;;3902,53
945;0,3;151,5;304,225;282,071;267;360;291,008;290,307;70;267,091;;3901,73
946;0,3;148;304,152;281,883;267;360;291,045;290,22;70;267,1;;3900,82
947;0,3;148,5;304,044;281,706;267;360;291,037;290,22;70;267,109;;3899,09
948;0,3;147,5;304,008;281,735;267;360;291,045;290,22;70;267,124;;3896,5
949;0,3;144;304,073;281,756;267;360;290,972;290,22;70;267,14;;3893,6
950;0,3;143;303,66;281,742;267;360;290,943;290,119;70;267,151;;3890,04
951;0,3;141,5;303,675;281,727;267;360;290,943;290,075;70;267,165;;3889,72
952;0,3;146;303,595;281,764;267;360;290,9;290,075;70;267,185;;3889,72
953;0,3;146,5;303,465;281,796;267;360;290,943;290,075;70;267,2;;3888,94
954;0,3;144;303,407;281,814;267;360;290,943;290,082;70;267,216;;3888,67
955;0,3;141,5;303,349;281,843;267;360;290,943;290,119;70;267,232;;3887,89
956;0,3;138;303,414;281,843;267;360;290,893;290,075;70;267,247;;3887,65
957;0,3;128;303,646;281,901;267;360;290,958;290,075;70;267,259;;3885,37
958;0,3;130,5;303,718;281,905;267;360;290,979;290,075;70;267,272;;3882,62
959;0,3;134,5;303,566;281,865;267;360;290,943;290,075;70;267,287;;3882,32
960;0,3;131,5;303,704;281,894;267;360;290,943;290,075;70;267,301;;3881,51
961;0,3;119;303,913;281,706;267;360;290,943;290,075;70;267,316;;3881,41
962;0,3;111;303,791;281,698;267;360;290,907;289,952;70;267,329;;3881,41
963;0,3;106;303,747;281,684;267;360;290,856;289,931;70;267,343;;3880,9
964;0,3;100;303,769;281,771;267;360;290,77;289,931;70;267,359;;3877,27
965;0,3;95,5;303,834;281,615;267;360;290,741;289,931;70;267,376;;3871,71
966;0,3;103,5;303,675;281,568;267;360;290,719;289,851;70;267,395;;3870,65
967;0,3;100;303,617;281,561;267;360;290,777;289,931;70;267,407;;3869,26
968;0,3;96,5;303,494;281,547;267;360;290,777;289,931;70;267,429;;3867,92
969;0,3;90;303,045;281,554;267;360;290,712;289,931;70;267,447;;3867,92
970;0,3;89;302,937;281,568;267;360;290,712;289,887;70;267,461;;3867,92
971;0,3;92;302,93;281,565;267;360;290,741;289,931;70;267,478;;3867,54
972;0,3;87,5;303,089;281,554;267;360;290,777;289,945;70;267,491;;3865,88
973;0,3;84,5;302,807;281,547;267;360;290,799;289,967;70;267,509;;3865,18
974;0,3;84;302,431;281,568;267;360;290,762;289,974;70;267,529;;3861,91
975;0,3;88,5;302,387;281,568;267,5;360;290,799;289,931;70;267,546;;3860,62
976;0,3;89;302,351;281,561;268;360;290,799;289,88;70;267,563;;3860,62
977;0,3;105,5;301,939;281,547;268;360;290,719;289,786;70;267,571;;3860,62
978;0,3;169;301,924;281,557;268;360;290,748;289,786;70;267,582;;3860,62
979;0,3;255;301,736;281,557;268;360;290,654;289,786;70;267,602;;3860,62
980;0,3;345,5;301,7;281,398;268;360;290,654;289,786;70;267,617;;3860,52
981;0,3;423;301,541;281,261;268;360;290,654;289,88;70;267,63;;3856,39
982;0,3;443;301,505;281,286;268;360;290,654;289,844;70;267,648;;3855,01
983;0,3;446;301,403;281,29;268;360;290,654;289,808;70;267,665;;3853,6
984;0,3;434;301,917;281,272;268;360;290,654;289,786;70;267,685;;3852,46
985;0,3;432,5;302,083;281,232;268;360;290,654;289,786;70;267,706;;3851,77
986;0,3;423,5;302,705;281,221;268;360;290,654;289,786;70;267,726;;3851,47
987;0,3;401,5;303,32;281,272;268;360;290,654;289,786;70;267,746;;3851,47
988;0,3;373;303,877;281,279;268;360;290,654;289,786;70;267,769;;3850,74
989;0,3;356;304,376;281,286;268;360;290,654;289,786;70;267,791;;3848,88
990;0,3;335,5;305,353;281,261;268;360;290,654;289,786;70;267,811;;3847,82
991;0,3;323,5;305,751;281,047;268;360;290,603;289,808;70;267,836;;3847,47
992;0,3;289;306,532;281,047;268;360;290,603;289,764;70;267,851;;3844,34
993;0,3;261,5;307,161;281,047;268;360;290,545;289,735;70;267,864;;3844,19
994;0,3;237;307,726;281,047;268;360;290,509;289,728;70;267,879;;3844,19
995;0,3;215,5;308,782;281,044;268;360;290,466;289,641;70;267,887;;3844,01
996;0,3;185,5;309,339;281,047;268;360;290,509;289,641;70;267,891;;3843,28
997;0,3;165,5;310,041;281,047;268;360;290,459;289,641;70;267,895;;3841,55
998;0,3;139,5;310,583;281,047;268;360;290,48;289,641;70;267,897;;3839,26
999;0,3;111;310,901;281,047;268;360;290,495;289,605;70;267,89;;3836,82
1000;0,3;94,5;311,14;281,047;268;360;290,509;289,714;70;267,876;;3835,02
1001;0,3;86;311,863;281,047;268;360;290,567;289,742;70;267,857;;3834,19
1002;0,3;75,5;312,095;281,047;268;360;290,538;289,699;70;267,838;;3833,31
1003;0,3;60,5;312,355;281,047;268;360;290,553;289,685;70;267,821;;3833,28
1004;0,3;48,5;312,37;281,047;268;360;290,509;289,714;70;267,799;;3832,63
1005;0,3;41,5;312,29;281,044;268;360;290,553;289,656;70;267,771;;3831,96
1006;0,3;38;312,211;281,047;268;360;290,567;289,771;70;267,742;;3829,49
1007;0,3;38,5;312,16;281,359;268;360;290,654;289,786;70;267,719;;3827,73
1008;0,3;41;312,225;281,311;268;360;290,697;289,851;70;267,692;;3826,97
1009;0,3;44;312,363;281,301;268;360;290,799;289,931;70;267,66;;3826,73
1010;0,3;48,5;312,406;281,257;268;360;290,755;289,887;70;267,627;;3826,06
1011;0,3;55,5;312,08;281,257;268;360;290,799;289,786;70;267,598;;3825,67
1012;0,3;64;312,044;281,485;268;360;290,799;289,837;70;267,572;;3823,95
1013;0,3;73,5;311,191;281,557;268;360;290,705;289,786;70;267,551;;3822,36
1014;0,3;86,5;311,003;281,557;268;360;290,654;289,786;70;267,531;;3820,54
1015;0,3;113;310,923;281,583;268;360;290,654;289,786;70;267,512;;3820,09
1016;0,3;131,5;310,619;281,572;268;360;290,582;289,685;70;267,492;;3818,17
1017;0,3;144,5;310,323;281,554;268;360;290,509;289,641;70;267,476;;3815,75
1018;0,3;163,5;310,084;281,644;268;360;290,516;289,641;70;267,463;;3814,35
1019;0,3;189;309,635;281,948;268;360;290,545;289,641;70;267,452;;3813,2
1020;0,3;202;309,165;281,934;268;360;290,509;289,735;70;267,44;;3811,63
1021;0,3;209;309,1;281,923;268;360;290,553;289,714;70;267,429;;3811,33
1022;0,3;229;308,608;281,89;268;360;290,509;289,699;70;267,417;;3810,72
1023;0,3;246,5;308,724;281,894;268;360;290,553;289,663;70;267,402;;3809,63
1024;0,3;263,5;308,811;281,981;268;360;290,553;289,735;70;267,39;;3808,59
1025;0,3;270;308,84;282,071;268;360;290,509;289,656;70;267,377;;3806,88
1026;0,3;277,5;308,934;282,075;268;360;290,553;289,735;70;267,368;;3805,63
1027;0,3;279,5;308,883;282,071;268;360;290,509;289,699;70;267,36;;3803,49
1028;0,3;281,5;308,746;282,064;268;360;290,531;289,742;70;267,353;;3803,04
1029;0,3;284,5;308,601;282,071;268;360;290,437;289,677;70;267,345;;3803,04
1030;0,3;290,5;308,688;282,075;268;360;290,509;289,692;70;267,336;;3802,9
1031;0,3;296,5;309,093;282,075;268;360;290,509;289,685;70;267,327;;3801,27
1032;0,3;293,5;309,209;282,067;268;360;290,509;289,685;70;267,319;;3797,31
1033;0,3;289,5;309,549;282,06;268;360;290,538;289,692;70;267,314;;3796,37
1034;0,3;291,5;309,578;282,067;268;360;290,567;289,685;70;267,312;;3794,01
1035;0,3;287;310,294;282,266;268;360;290,589;289,685;70;267,313;;3793,99
1036;0,3;274;310,323;282,483;268;360;290,545;289,641;70;267,313;;3793,99
1037;0,3;267;310,344;282,483;268;360;290,509;289,685;70;267,311;;3792,67
1038;0,3;264;311,133;282,473;268;360;290,545;289,641;70;267,308;;3791,97
1039;0,3;249;311,726;282,216;268;360;290,524;289,685;70;267,306;;3790,63
1040;0,3;240;311,885;282,331;268;360;290,509;289,641;70;267,305;;3790,36
1041;0,3;238,5;312,377;282,208;268;360;290,509;289,677;70;267,306;;3788,54
1042;0,3;229;312,695;282,205;268;360;290,509;289,692;70;267,31;;3787,58
1043;0,3;220,5;313,05;282,19;268;360;290,43;289,641;70;267,317;;3786,3
1044;0,3;213;313,108;282,18;268;360;290,459;289,598;70;267,322;;3785,79
1045;0,3;203;313,187;282,18;268;360;290,495;289,685;70;267,329;;3785,4
1046;0,3;201;313,65;282,183;268;360;290,408;289,641;70;267,333;;3785,12
1047;0,3;190,5;314,062;282,19;268;360;290,459;289,598;70;267,339;;3783,7
1048;0,3;187,5;314,475;282,284;268;360;290,408;289,641;70;267,348;;3781,45
1049;0,3;176;314,468;282,371;268;360;290,459;289,605;70;267,358;;3779,82
1050;0,3;163;314,352;282,382;268;360;290,365;289,533;70;267,366;;3779,55
1051;0,3;159,5;314,417;282,57;268;360;290,365;289,533;70;267,367;;3777,2
1052;0,3;150;314,468;282,581;268;360;290,365;289,497;70;267,366;;3775,55
1053;0,3;145;314,453;282,581;268;360;290,365;289,518;70;267,366;;3775,16
1054;0,3;143;314,482;282,595;268;360;290,365;289,518;70;267,366;;3775,16
1055;0,3;142;314,569;282,592;268;360;290,365;289,533;70;267,364;;3774,37
1056;0,3;133,5;314,909;282,567;268;360;290,365;289,547;70;267,363;;3772,68
1057;0,3;126,5;314,685;282,581;268;360;290,365;289,497;70;267,364;;3770,86
1058;0,3;126,5;314,525;282,577;268;360;290,321;289,497;70;267,366;;3770
1059;0,3;130,5;314,258;282,563;268;360;290,328;289,497;70;267,366;;3768,36
1060;0,3;139,5;314,214;282,559;268;360;290,365;289,497;70;267,368;;3767,4
1061;0,3;145,5;314,294;282,552;268;360;290,365;289,497;70;267,369;;3767,18
1062;0,3;148;314,359;282,726;268;360;290,365;289,497;70;267,372;;3765,59
1063;0,3;148;314,207;282,729;268;360;290,365;289,533;70;267,376;;3765,11
1064;0,3;150,5;314,193;282,729;268;360;290,365;289,547;70;267,38;;3763,76
1065;0,3;164;313,882;282,841;268;360;290,365;289,547;70;267,384;;3761,8
1066;0,3;166;313,274;282,834;268;360;290,365;289,525;70;267,387;;3760,28
1067;0,3;170;313,187;282,957;268;360;290,379;289,511;70;267,39;;3758,29
1068;0,3;171;313,267;282,972;268;360;290,509;289,583;70;267,393;;3757,26
1069;0,3;170,5;313,093;282,968;268;360;290,386;289,511;70;267,398;;3756,54
1070;0,3;175;312,775;282,954;268;360;290,365;289,533;70;267,407;;3756,54
1071;0,3;180,5;312,76;282,954;268;360;290,459;289,569;70;267,417;;3755,75
1072;0,3;188,5;312,724;282,925;268;360;290,444;289,598;70;267,423;;3755,07
1073;0,3;188;312,695;282,91;268;360;290,48;289,641;70;267,427;;3753,93
1074;0,3;189;312,218;282,845;268;360;290,466;289,641;70;267,436;;3753,45
1075;0,3;183;312,268;282,867;268;360;290,509;289,641;70;267,445;;3752,93
1076;0,3;190,5;312,406;282,881;268;360;290,451;289,641;70;267,454;;3752,11
1077;0,3;197;312,42;282,885;268;360;290,408;289,504;70;267,462;;3752,03
1078;0,3;193,5;312,348;282,867;268;360;290,365;289,497;70;267,469;;3752,03
1079;0,3;191,5;312,269;282,863;268;360;290,365;289,497;70;267,483;;3752,03
1080;0,3;192,5;312,203;282,881;268;360;290,365;289,374;70;267,491;;3751,36
1081;0,3;191;312,247;282,932;268;360;290,365;289,352;70;267,504;;3750,16
1082;0,3;187;312,391;282,946;268;360;290,365;289,453;70;267,52;;3748,08
1083;0,3;184,5;312,449;282,907;268;360;290,365;289,41;70;267,526;;3743,63
1084;0,3;186,5;312,384;282,907;268;360;290,321;289,497;70;267,533;;3740,54
1085;0,3;175,5;312,254;282,935;268;360;290,365;289,374;70;267,542;;3739,32
1086;0,3;174;312,174;282,964;268;360;290,249;289,402;70;267,553;;3738,54
1087;0,3;170,5;312,225;282,939;268;360;290,256;289,352;70;267,567;;3737,39
1088;0,3;166;312,384;283,008;268;360;290,22;289,316;70;267,585;;3736,75
1089;0,3;168;312,435;282,946;268;360;290,177;289,222;70;267,601;;3736,61
1090;0,3;170,5;312,363;282,972;268;360;290,22;289,258;70;267,619;;3733,84
1091;0,3;162;312,268;282,718;268;360;290,191;289,207;70;267,637;;3731,72
1092;0,3;155;312,211;282,722;268;360;290,075;289,207;70;267,657;;3731,36
1093;0,3;156,5;312,189;282,841;268;360;290,075;289,207;70;267,681;;3730,72
1094;0,3;150,5;312,305;282,784;268;360;290,075;289,207;70;267,709;;3730,01
1095;0,3;145;312,138;283,095;268;360;290,075;289,2;70;267,737;;3728,97
1096;0,3;137,5;311,878;283,08;268;360;290,075;289,106;70;267,766;;3728,57
1097;0,3;136;311,748;283,087;268;360;290,075;289,128;70;267,798;;3727,37
1098;0,3;135,5;311,675;283,095;268;360;290,075;289,171;70;267,828;;3726,29
1099;0,3;131,5;311,509;283,098;268;360;290,075;289,251;70;267,858;;3725,17
1100;0,3;127,5;311,48;283,098;268;360;290,075;289,207;70;267,892;;3723,38
1101;0,3;123;311,495;283,08;268;360;290,075;289,229;70;267,929;;3720,94
1102;0,3;110;311,458;283,087;268;360;290,075;289,207;70;267,967;;3718,79
1103;0,3;93,5;311,4;283,095;268;360;290,075;289,193;70;268,006;;3718,71
1104;0,3;90;311,314;283,102;268;360;290,075;289,207;70;268,042;;3718,71
1105;0,3;94;311,212;283,098;268;360;290,075;289,207;70;268,078;;3718,53
1106;0,3;88,5;311,032;283,084;268;360;290,075;289,251;70;268,113;;3717,81
1107;0,3;80;310,93;283,087;268;360;290,075;289,243;70;268,152;;3716,96
1108;0,3;74,5;310,959;283,095;268;360;290,075;289,157;70;268,191;;3716,2
1109;0,3;76;310,352;283,102;268;360;290,075;289,149;70;268,226;;3715,93
1110;0,3;70;310,352;283,091;268;360;290,075;289,157;70;268,264;;3715,67
1111;0,3;63;309,838;283,084;268;360;290,075;289,106;70;268,298;;3714,17
1112;0,3;54;309,621;283,087;268;360;290,054;289,2;70;268,327;;3713,16
1113;0,3;51;309,382;283,095;268;360;290,054;289,164;70;268,354;;3711,79
1114;0,3;43,5;309,086;283,098;268;360;289,945;289,091;70;268,381;;3710,22
1115;0,3;45;308,854;283,095;268;360;289,931;289,128;70;268,406;;3708,62
1116;0,3;43,5;308,608;283,08;268;360;289,931;289,113;70;268,429;;3706,89
1117;0,3;43;308,297;283,087;268;360;289,931;289,207;70;268,447;;3705,35
1118;0,3;43;308,167;283,095;268;360;289,967;289,207;70;268,465;;3703,84
1119;0,3;40;307,95;283,098;268;360;290,075;289,207;70;268,481;;3702,6
1120;0,3;42,5;307,038;283,087;268;360;290,075;289,207;70;268,501;;3701,91
1121;0,3;46;306,366;283,084;268;360;290,075;289,207;70;268,519;;3700,81
1122;0,3;47,5;306,431;283,091;268;360;290,075;289,207;70;268,537;;3700,13
1123;0,3;44;306,207;283,095;268;360;290,075;289,243;70;268,554;;3699,34
1124;0,3;52;305,563;283,102;268;360;290,075;289,207;70;268,571;;3698,33
1125;0,3;51,5;305,194;283,095;268;360;290,075;289,149;70;268,585;;3695,64
1126;0,3;52,5;304,941;283,084;268;360;290,075;289,2;70;268,606;;3694,02
1127;0,3;62;304,492;283,087;268;360;289,996;289,077;70;268,626;;3692,96
1128;0,3;71;303,928;283,095;268;360;289,931;289,142;70;268,653;;3692,01
1129;0,3;80;303,631;283,102;268;360;290,003;289,106;70;268,676;;3691,29
1130;0,3;84;303,906;283,091;268;360;289,967;289,062;70;268,701;;3691,29
1131;0,3;82;303,205;283,08;268;360;289,931;289,062;70;268,727;;3690,03
1132;0,3;88;302,966;283,087;268;360;289,974;289,106;70;268,754;;3686,79
1133;0,3;89,5;302,691;283,095;268;360;289,931;289,062;70;268,781;;3685,04
1134;0,3;90,5;301,924;283,102;268;360;289,931;289,113;70;268,806;;3684,2
1135;0,3;91;301,866;283,095;268;360;289,931;289,113;70;268,831;;3681,1
1136;0,3;95,5;301,519;283,084;268;360;289,974;289,062;70;268,852;;3679,58
1137;0,3;102;301,57;283,087;268;360;289,945;289,062;70;268,877;;3678,78
1138;0,3;106;301,114;283,095;268;360;289,967;289,062;70;268,901;;3678,78
1139;0,3;105;301,157;283,102;268;360;289,952;289,062;70;268,923;;3677,99
1140;0,3;105;300,846;283,098;268;360;289,988;289,12;70;268,948;;3676,91
1141;0,3;102;300,557;283,084;268;360;289,931;289,207;70;268,973;;3675,72
1142;0,3;96,5;300,492;283,087;268;360;289,974;289,171;70;268,996;;3674,39
1143;0,3;100;299,841;283,098;268;360;289,931;289,062;70;269,02;;3673,4
1144;0,3;99,5;299,892;282,816;268;360;289,974;289,062;70;269,045;;3672,54
1145;0,3;95;300;282,812;268;360;289,974;289,062;70;269,071;;3671,88
1146;0,3;93;299,819;282,773;268;360;289,938;289,062;70;269,092;;3670,87
1147;0,3;89,5;299,74;282,798;268;360;289,931;289,062;70;269,111;;3670,87
1148;0,3;84;299,689;282,805;268;360;289,931;288,925;70;269,132;;3670,77
1149;0,3;81;299,631;282,798;268;360;289,894;288,918;70;269,152;;3669,42
1150;0,3;79;299,212;282,679;268;360;289,786;288,918;70;269,17;;3668,72
1151;0,3;79;298,835;282,581;268;360;289,786;288,918;70;269,191;;3667,6
1152;0,3;78;298,922;282,588;268;360;289,742;288,918;70;269,21;;3667,3
1153;0,3;75,5;299,009;282,595;268;360;289,786;288,918;70;269,227;;3665,71
1154;0,3;72;298,857;282,585;268;360;289,786;288,918;70;269,246;;3664,13
1155;0,3;70;298,64;282,588;268;360;289,786;288,918;70;269,268;;3663,25
1156;0,3;65;298,257;282,53;268;360;289,764;288,918;70;269,288;;3661,72
1157;0,3;65,5;297,895;282,451;268;360;289,677;288,773;70;269,315;;3660,1
1158;0,3;61;297,815;282,44;268;360;289,685;288,817;70;269,341;;3659,29
1159;0,3;54;297,83;282,422;268;360;289,685;288,773;70;269,376;;3657,84
1160;0,3;59,5;297,946;282,436;268;360;289,641;288,817;70;269,406;;3655,72
1161;0,3;56,5;297,49;282,425;268;360;289,641;288,918;70;269,442;;3655,55
1162;0,3;54;297,569;282,407;268;360;289,641;288,918;70;269,475;;3654,76
1163;0,3;58;297,519;282,06;268;360;289,685;288,874;70;269,519;;3654,52
1164;0,3;47;297,193;282,067;268;360;289,641;288,882;70;269,562;;3653,65
1165;0,3;39;296,839;282,067;268;360;289,641;288,874;70;269,602;;3653,57
1166;0,3;30,5;296,781;282,075;268;360;289,641;288,773;70;269,647;;3652,24
1167;0,3;30;296,477;282,075;268;360;289,641;288,773;70;269,686;;3651,87
1168;0,3;23;296,564;281,941;268;360;289,634;288,773;70;269,723;;3650,95
1169;0,3;17;296,665;281,764;268;360;289,612;288,73;70;269,755;;3647,79
1170;0,3;15,5;296,014;281,764;268;360;289,641;288,686;70;269,785;;3644,84
1171;0,3;5;295,942;281,858;268;360;289,641;288,773;70;269,809;;3642,76
1172;0,3;0;295,32;281,72;268;360;289,634;288,773;70;269,829;;3641,58
1173;0,3;0;294,98;281,966;268;360;289,598;288,773;70;269,849;;3639,15
1174;0,3;0;294,748;281,554;268;360;289,641;288,773;70;269,866;;3638,47
1175;0,3;0;294,459;281,568;268;360;289,598;288,773;70;269,882;;3637,65
1176;0,3;0;294,22;281,557;268;360;289,554;288,665;70;269,896;;3636,91
1177;0,3;0;294,126;281,539;268;360;289,497;288,628;70;269,908;;3635,22
1178;0,3;0;293,974;281,561;268;360;289,497;288,679;70;269,916;;3634,1
1179;0,3;0;293,352;281,576;268;360;289,497;288,628;70;269,925;;3634,04
1180;0,3;0;293,056;281,391;268;360;289,374;288,563;70;269,934;;3632,3
1181;0,3;0;292,708;281,344;268;360;289,395;288,571;70;269,942;;3631,17
1182;0,3;0;292,036;281,351;268;360;289,46;288,614;70;269,948;;3630,85
1183;0,3;0;291,898;281,366;268;360;289,497;288,628;70;269,948;;3629,26
1184;0,3;3,5;291,934;281,384;268;360;289,497;288,628;70;269,941;;3627,1
1185;0,3;10,5;291,175;281,395;268;360;289,497;288,65;70;269,936;;3625,98
1186;0,3;16,5;290,972;281,044;268;360;289,497;288,65;70;269,933;;3625,85
1187;0,3;22,5;290,748;281,047;268;360;289,497;288,73;70;269,934;;3625,04
1188;0,3;23,5;290,357;281,047;268;360;289,468;288,686;70;269,932;;3624,96
1189;0,3;34,5;289,959;281,047;268;360;289,482;288,672;70;269,93;;3624,27
1190;0,3;53,5;289,742;281,044;268;360;289,547;288,751;70;269,926;;3623,19
1191;0,3;67;289,265;280,798;268;360;289,641;288,773;70;269,919;;3622,47
1192;0,3;74;289,236;280,682;268;360;289,641;288,773;70;269,91;;3621,7
1193;0,3;88,5;288,824;280,668;268;360;289,605;288,715;70;269,902;;3618,64
1194;0,3;102,5;288,657;280,653;268;360;289,497;288,628;70;269,896;;3615,7
1195;0,3;106;288,383;280,584;268;360;289,497;288,715;70;269,887;;3614,01
1196;0,3;107;288,368;280,519;268;360;289,497;288,766;70;269,877;;3613,01
1197;0,3;123,5;288,187;280,519;268;360;289,446;288,578;70;269,865;;3610,77
1198;0,3;125,5;287,905;280,519;268;360;289,366;288,628;70;269,859;;3608,33
1199;0,3;132;287,789;280,386;268;360;289,388;288,549;70;269,847;;3607,84
1200;0,3;138,5;287,811;280,389;268;360;289,352;288,556;70;269,841;;3607,24
1201;0,3;147;287,703;280,389;268;360;289,352;288,585;70;269,835;;3607,24
1202;0,3;150,5;287,608;280,375;268;360;289,395;288,578;70;269,827;;3606,9
1203;0,3;151,5;287,992;280,02;268;360;289,402;288,6;70;269,818;;3606,21
1204;0,3;152,5;288,05;280,02;268;360;289,395;288,628;70;269,808;;3605,08
1205;0,3;149,5;288,086;280,02;268;360;289,46;288,628;70;269,796;;3604,59
1206;0,3;147,5;288,426;280,02;268;360;289,497;288,686;70;269,786;;3604,32
1207;0,3;146,5;288,802;280,024;268;360;289,497;288,73;70;269,776;;3602,6
1208;0,3;142,5;288,932;279,796;268;360;289,497;288,694;70;269,765;;3600,51
1209;0,3;141,5;289,185;279,81;268;360;289,605;288,686;70;269,753;;3599,66
1210;0,3;140,5;288,882;279,876;268;360;289,641;288,643;70;269,739;;3597,92
1211;0,3;131;289,62;279,778;268;360;289,641;288,686;70;269,729;;3595,16
1212;0,3;126,5;289,714;279,854;268;360;289,641;288,723;70;269,72;;3594,41
1213;0,3;125,5;290,032;279,507;268;360;289,641;288,773;70;269,713;;3593,98
1214;0,3;120;290,09;279,507;268;360;289,641;288,773;70;269,701;;3592,6
1215;0,3;107;290,705;279,499;268;360;289,641;288,773;70;269,688;;3591,07
1216;0,3;111,5;290,82;279,499;268;360;289,641;288,773;70;269,687;;3590,38
1217;0,3;108,5;291,045;279,507;268;360;289,605;288,773;70;269,682;;3589,1
1218;0,3;101;290,856;279,445;268;360;289,641;288,773;70;269,674;;3587,11
1219;0,3;90;291,298;279,391;268;360;289,641;288,773;70;269,666;;3585,2
1220;0,3;90,5;291,848;279,268;268;360;289,641;288,773;70;269,66;;3585,2
1221;0,3;83,5;291,898;279,384;268;360;289,598;288,773;70;269,648;;3585,2
1222;0,3;79,5;292,245;279,38;268;360;289,641;288,773;70;269,642;;3585,1
1223;0,3;78;292,224;279,369;268;360;289,591;288,773;70;269,637;;3583,43
1224;0,3;71,5;292,122;279,376;268;360;289,685;288,773;70;269,633;;3582,05
1225;0,3;70,5;292,13;279,008;268;360;289,692;288,889;70;269,623;;3579,58
1226;0,3;70,5;292,694;279;268;360;289,692;288,918;70;269,619;;3579,02
1227;0,3;69,5;292,795;279;268;360;289,721;288,824;70;269,616;;3579,02
1228;0,3;68;292,918;278,993;268;360;289,641;288,874;70;269,609;;3577,87
1229;0,3;63,5;292,962;278,997;268;360;289,735;288,896;70;269,603;;3576,5
1230;0,3;63;292,875;279,008;268;360;289,656;288,773;70;269,596;;3575,49
1231;0,3;64,5;292,745;279;268;360;289,728;288,773;70;269,586;;3574,95
1232;0,3;65,5;292,679;278,809;268;360;289,641;288,773;70;269,575;;3573,82
1233;0,3;68;292,745;278,798;268;360;289,641;288,773;70;269,56;;3573,73
1234;0,3;70;292,86;278,78;268;360;289,692;288,773;70;269,544;;3572,57
1235;0,3;69;292,933;278,812;268;360;289,685;288,773;70;269,526;;3570,62
1236;0,3;72;292,954;278,848;268;360;289,663;288,773;70;269,505;;3569,49
1237;0,3;73,5;292,831;278,841;268;360;289,699;288,773;70;269,482;;3568,8
1238;0,3;78;292,593;278,693;268;360;289,648;288,773;70;269,454;;3567,53
1239;0,3;79,5;292,477;278,494;268;360;289,641;288,773;70;269,426;;3566,68
1240;0,3;87;292,542;278,49;268;360;289,677;288,773;70;269,399;;3566,67
1241;0,3;103;292,578;278,49;268;360;289,641;288,773;70;269,369;;3565,06
1242;0,3;108;292,687;278,476;268;360;289,692;288,773;70;269,336;;3563,05
1243;0,3;108,5;292,73;278,483;268;360;289,685;288,773;70;269,295;;3561,71
1244;0,3;125;292,708;278,49;268;360;289,641;288,773;70;269,251;;3559,13
1245;0,3;135;292,665;278,487;268;360;289,641;288,773;70;269,216;;3556
1246;0,3;144,5;292,527;278,487;268;360;289,728;288,773;70;269,184;;3554,19
1247;0,3;144,5;292,462;278,487;268;360;289,648;288,773;70;269,153;;3553,43
1248;0,3;154,5;292,39;278,483;268;360;289,685;288,773;70;269,119;;3553,41
1249;0,3;168,5;292,52;278,1;268;360;289,641;288,773;70;269,084;;3552,58
1250;0,3;182,5;292,846;278,237;268;360;289,67;288,773;70;269,05;;3551,63
1251;0,3;182,5;292,947;278,317;268;360;289,742;288,773;70;269,021;;3549,9
1252;0,3;178;292,94;278,186;268;360;289,692;288,773;70;268,995;;3548,39
1253;0,3;187,5;293,511;278,248;268;360;289,641;288,86;70;268,966;;3548,11
1254;0,3;192;293,482;278,212;268;360;289,67;288,867;70;268,937;;3546,69
1255;0,3;193;293,569;278,194;268;360;289,656;288,817;70;268,91;;3544,37
1256;0,3;192;293,736;278,172;268;360;289,677;288,773;70;268,887;;3543,14
1257;0,3;195,5;294,184;278,15;268;360;289,692;288,773;70;268,866;;3543,14
1258;0,3;196;294,64;278,147;268;360;289,641;288,773;70;268,842;;3542,95
1259;0,3;201,5;294,98;278,139;268;360;289,685;288,773;70;268,818;;3541,39
1260;0,3;200;295,385;278,125;268;360;289,641;288,773;70;268,794;;3539,84
1261;0,3;196,5;295,703;278,114;268;360;289,685;288,817;70;268,77;;3538,95
1262;0,3;199,5;295,841;278,103;268;360;289,641;288,773;70;268,747;;3538,25
1263;0,3;199;295,949;278,183;268;360;289,641;288,773;70;268,722;;3537,55
1264;0,3;192;296,557;278,1;268;360;289,641;288,773;70;268,7;;3536,42
1265;0,3;186;296,918;278,306;268;360;289,641;288,773;70;268,677;;3535,74
1266;0,3;182;297,172;278,364;268;360;289,656;288,903;70;268,653;;3535,21
1267;0,3;175;297,266;278,371;268;360;289,786;288,882;70;268,625;;3533,57
1268;0,3;176;298,011;278,501;268;360;289,786;288,918;70;268,597;;3532,43
1269;0,3;174,5;298,134;278,461;268;360;289,786;288,831;70;268,562;;3528,33
1270;0,3;170,5;298,372;278,472;268;360;289,786;288,889;70;268,526;;3527,8
1271;0,3;159,5;298,85;278,476;268;360;289,786;288,867;70;268,487;;3527,2
1272;0,3;162,5;299,204;278,498;268;360;289,786;288,918;70;268,452;;3526,29
1273;0,3;159;299,609;278,494;268;360;289,786;288,918;70;268,414;;3523,84
1274;0,3;161;300,087;278,494;268;360;289,728;288,918;70;268,376;;3523,42
1275;0,3;157;300,304;278,49;268;360;289,685;288,918;70;268,342;;3523,3
1276;0,3;154,5;300,521;278,49;268;360;289,641;288,867;70;268,31;;3522,36
1277;0,3;163;300,68;278,487;268;360;289,677;288,817;70;268,285;;3521,28
1278;0,3;161,5;300,883;278,479;268;360;289,699;288,773;70;268,255;;3520
1279;0,3;159,5;300,955;278,49;268;360;289,771;288,773;70;268,228;;3518,55
1280;0,3;165;301,454;278,49;268;360;289,692;288,773;70;268,201;;3516,09
1281;0,3;168;301,519;278,621;268;360;289,685;288,817;70;268,179;;3514,27
1282;0,3;168,5;302,134;278,78;268;360;289,685;288,853;70;268,159;;3514,01
1283;0,3;175;302,04;278,628;268;360;289,685;288,773;70;268,143;;3512,87
1284;0,3;172;302,091;278,635;268;360;289,692;288,773;70;268,128;;3511,94
1285;0,3;175;302,199;278,845;268;360;289,641;288,773;70;268,115;;3511,24
1286;0,3;176,5;302,734;278,621;268;360;289,685;288,773;70;268,104;;3510,54
1287;0,3;170,5;303,111;278,606;268;360;289,641;288,773;70;268,1;;3509,78
1288;0,3;171,5;303,205;278,997;268;360;289,692;288,773;70;268,093;;3509,22
1289;0,3;168,5;303,139;278,993;268;360;289,692;288,773;70;268,092;;3508,1
1290;0,3;168,5;303,776;278,993;268;360;289,699;288,838;70;268,095;;3506,02
1291;0,3;173,5;303,696;279;268;360;289,648;288,918;70;268,104;;3504,6
1292;0,3;171,5;303,639;279,004;268;360;289,677;288,918;70;268,111;;3504,22
1293;0,3;168;304,029;278,997;268;360;289,641;288,918;70;268,113;;3503,33
1294;0,3;162;304,123;279,13;268;360;289,641;288,918;70;268,114;;3502,77
1295;0,3;156;304,565;279,123;268;360;289,641;288,918;70;268,112;;3502,77
1296;0,3;148;304,738;279,214;268;360;289,699;288,918;70;268,113;;3502,56
1297;0,3;146,5;304,673;279,232;268;360;289,786;288,918;70;268,113;;3501,48
1298;0,3;141;304,391;279,34;268;360;289,67;288,903;70;268,11;;3500,64
1299;0,3;140,5;304,991;279,329;268;360;289,641;288,773;70;268,099;;3499,52
1300;0,3;134,5;305,078;279,423;268;360;289,685;288,795;70;268,084;;3497,94
1301;0,3;120,5;305,201;279,507;268;360;289,641;288,918;70;268,072;;3496,62
1302;0,3;117;305,252;279,536;268;360;289,67;288,918;70;268,06;;3496,3
1303;0,3;112;305,216;279,528;268;360;289,786;288,918;70;268,048;;3495,17
1304;0,3;111,5;305,129;279,525;268;360;289,837;289,026;70;268,03;;3494,13
1305;0,3;113;305,02;279,507;268;360;289,837;289,062;70;268,013;;3492,43
1306;0,3;117,5;304,999;279,536;268;360;289,931;289,062;70;268;;3490,24
1307;0,3;119;305,085;279,651;268;360;289,902;289,026;70;267,983;;3488,75
1308;0,3;122;305,208;279,738;268;360;289,916;289,062;70;267,967;;3488,75
1309;0,3;125;305,245;279,716;268;360;289,88;288,997;70;267,953;;3488,75
1310;0,3;125;305,136;279,782;268;360;289,894;289,041;70;267,939;;3487,51
1311;0,3;128;305,071;279,684;268;360;289,931;289,062;70;267,928;;3486,12
1312;0,3;137;304,984;279,908;268;360;289,931;289,062;70;267,916;;3484,43
1313;0,3;138,5;305,1;279,912;268;360;289,931;289,062;70;267,905;;3481,6
1314;0,3;138;305,208;280,02;268;360;289,974;289,062;70;267,899;;3479,41
1315;0,3;142,5;305,252;280,02;268;360;289,931;289,062;70;267,896;;3477,67
1316;0,3;147,5;305,165;280,02;268;360;289,974;289,019;70;267,893;;3476,88
1317;0,3;147,5;304,702;280,02;268;360;289,974;289,135;70;267,891;;3474,49
1318;0,3;151;304,326;280,02;268;360;289,938;289,207;70;267,892;;3473,66
1319;0,3;167,5;304,376;280,02;268;360;290,075;289,207;70;267,884;;3473,54
1320;0,3;169;304,391;280,02;268;360;290,054;289,207;70;267,883;;3472,22
1321;0,3;170;304,456;280,02;268;360;289,931;289,207;70;267,886;;3471,28
1322;0,3;170,5;304,579;280,02;268;360;289,974;289,178;70;267,89;;3470,78
1323;0,3;171;304,789;280,302;268;360;289,974;289,185;70;267,891;;3468,31
1324;0,3;169,5;304,615;280,346;268;360;289,931;289,207;70;267,897;;3466,15
1325;0,3;169;304,362;280,367;268;360;289,967;289,207;70;267,909;;3465,03
1326;0,3;167;304,29;280,389;268;360;290,032;289,207;70;267,919;;3464,38
1327;0,3;172;304,21;280,4;268;360;290,075;289,207;70;267,928;;3462,26
1328;0,3;173,5;304,984;280,404;268;360;290,075;289,207;70;267,936;;3461,83
1329;0,3;173,5;305,107;280,425;268;360;290,075;289,207;70;267,943;;3460,7
1330;0,3;163;305,23;280,433;268;360;290,075;289,164;70;267,95;;3459,31
1331;0,3;149,5;305,252;280,433;268;360;290,075;289,258;70;267,96;;3458,34
1332;0,3;148,5;305,165;280,422;268;360;290,133;289,337;70;267,966;;3457,21
1333;0,3;144;305,085;280,414;268;360;290,169;289,352;70;267,973;;3456,54
1334;0,3;141;304,991;280,414;268;360;290,177;289,352;70;267,979;;3454,86
1335;0,3;142;305,027;280,324;268;360;290,205;289,352;70;267,981;;3454,01
1336;0,3;134;305,187;280,226;268;360;290,133;289,352;70;267,98;;3454,01
1337;0,3;126;305,252;280,396;268;360;290,242;289,352;70;267,98;;3453,3
1338;0,3;125,5;305,201;280,386;268;360;290,278;289,395;70;267,978;;3452,63
1339;0,3;124;305,107;280,534;268;360;290,22;289,352;70;267,971;;3451,33
1340;0,3;121;305,02;280,534;268;360;290,22;289,265;70;267,963;;3449,7
1341;0,3;120;304,999;280,534;268;360;290,198;289,308;70;267,958;;3448,8
1342;0,3;119;305,122;280,534;268;360;290,198;289,345;70;267,952;;3448,48
1343;0,3;119;305,245;280,534;268;360;290,256;289,352;70;267,943;;3447
1344;0,3;119;305,15;280,512;268;360;290,227;289,468;70;267,93;;3444,2
1345;0,3;119,5;305,122;280,541;268;360;290,234;289,366;70;267,923;;3443,59
1346;0,3;119;305,02;280,534;268;360;290,227;289,388;70;267,919;;3443,34
1347;0,3;121;304,977;280,541;268;360;290,234;289,475;70;267,914;;3441,43
1348;0,3;121,5;305,114;280,512;268;360;290,227;289,46;70;267,911;;3440,12
1349;0,3;124,5;305,252;280,512;268;360;290,321;289,497;70;267,904;;3440,12
1350;0,3;126;305,201;280,512;268;360;290,365;289,497;70;267,899;;3439,1
1351;0,3;125;305,114;280,512;268;360;290,365;289,54;70;267,888;;3437,28
1352;0,3;125,5;305,02;280,519;268;360;290,451;289,518;70;267,878;;3436,64
1353;0,3;127,5;304,825;280,53;268;360;290,466;289,562;70;267,869;;3434,59
1354;0,3;129;304,767;280,534;268;360;290,466;289,54;70;267,862;;3431,36
1355;0,3;132,5;304,876;280,595;268;360;290,473;289,641;70;267,854;;3430,57
1356;0,3;138;304,651;280,805;268;360;290,509;289,641;70;267,845;;3429,88
1357;0,3;146,5;304,362;280,921;268;360;290,466;289,62;70;267,834;;3428,83
1358;0,3;153,5;304,275;280,91;268;360;290,509;289,497;70;267,829;;3427,97
1359;0,3;159;304,398;280,805;268;360;290,394;289,54;70;267,82;;3427,19
1360;0,3;158;304,268;280,924;268;360;290,365;289,489;70;267,814;;3425,34
1361;0,3;150,5;304,398;280,921;267;360;290,365;289,497;70;267,807;;3424,51
1362;0,3;154;304,499;280,91;266;360;290,365;289,468;70;267,802;;3424,39
1363;0,3;150;304,565;280,896;266;360;290,365;289,482;70;267,792;;3423,27
1364;0,3;97,5;304,615;280,827;266;360;290,365;289,504;70;267,787;;3421,92
1365;0,3;0;304,536;280,646;266;360;290,365;289,525;70;267,766;;3421,64
1366;0,3;0;304,427;280,65;266;360;290,365;289,482;70;267,759;;3420,42
1367;0,3;0;304,065;280,78;266;360;290,365;289,605;70;267,752;;3419,46
1368;0,3;0;304,145;280,791;266;360;290,386;289,547;70;267,746;;3419,26
1369;0,3;0;304,225;280,856;266;360;290,509;289,598;70;267,741;;3418,12
1370;0,3;0;304,246;280,874;266;360;290,509;289,533;70;267,736;;3416,1
1371;0,3;0;303,385;280,859;266;360;290,466;289,497;70;267,732;;3414,27
1372;0,3;0;303,161;280,751;266;360;290,509;289,497;70;267,729;;3413,4
1373;0,3;0;302,959;280,924;266;360;290,466;289,504;70;267,725;;3413,36
1374;0,3;0;302,85;280,794;266;360;290,509;289,641;70;267,723;;3411,76
1375;0,3;0;302,532;280,783;266;360;290,509;289,641;70;267,72;;3409,36
1376;0,3;0;302,199;280,642;266;360;290,509;289,641;70;267,718;;3409,08
1377;0,3;0;301,939;280,657;266;360;290,509;289,554;70;267,716;;3407,84
1378;0,3;0;301,1;280,686;266;360;290,509;289,641;70;267,714;;3407,35
1379;0,3;0;300,832;280,689;266;360;290,509;289,721;70;267,713;;3407,35
1380;0,3;0;300,26;280,664;266;360;290,56;289,757;70;267,711;;3406,08
1381;0,3;0;299,718;280,664;266;360;290,509;289,685;70;267,712;;3404,62
1382;0,3;0;299,212;280,628;266;360;290,509;289,692;70;267,715;;3403,85
1383;0,3;0;298,879;280,53;266;360;290,647;289,685;70;267,721;;3402,64
1384;0,3;0;298,416;280,534;266;360;290,654;289,685;70;267,728;;3400,75
1385;0,3;0;297,924;280,534;266;360;290,654;289,721;70;267,735;;3400,05
1386;0,3;0;297,555;280,534;266;360;290,654;289,786;70;267,741;;3399,73
1387;0,3;0;296,889;280,53;266;360;290,654;289,786;70;267,743;;3398,47
1388;0,3;0;296,354;280,534;266;360;290,654;289,735;70;267,749;;3397,33
1389;0,3;0;295,833;280,53;266;360;290,654;289,692;70;267,751;;3397,02
1390;0,3;0;295,378;280,241;266;360;290,654;289,786;70;267,754;;3395,24
1391;0,3;0;294,944;280,273;266;360;290,654;289,786;70;267,756;;3392,99
1392;0,3;0;294,596;280,234;266;360;290,791;289,808;70;267,756;;3391,29
1393;0,3;0;294,198;280,237;266;360;290,799;289,808;70;267,757;;3391,16
1394;0,3;0;293,721;280,176;266;360;290,734;289,786;70;267,762;;3389,9
1395;0,3;0;293,135;280,154;266;360;290,683;289,786;70;267,766;;3388,13
1396;0,3;0;292,687;280,02;266;360;290,719;289,786;70;267,77;;3386,89
1397;0,3;0;292,506;280,02;266;360;290,791;289,786;70;267,773;;3384,87
1398;0,3;0;291,84;280,02;266;360;290,741;289,873;70;267,776;;3384,27
1399;0,3;0;291,819;280,02;266;360;290,799;289,923;70;267,778;;3384,27
1400;0,3;0;291,327;280,02;266;360;290,799;289,931;70;267,785;;3383,74
1401;0,3;0;290,82;279,637;266;360;290,799;290,01;70;267,798;;3382,62
1402;0,3;0;290,509;279,626;266;360;290,835;289,981;70;267,81;;3381,55
1403;0,3;0;290,039;279,619;266;360;290,799;289,967;70;267,82;;3380,64
1404;0,3;0;289,562;279,615;266;360;290,799;289,931;70;267,831;;3378,24
1405;0,3;0;289,482;279,633;266;360;290,799;289,931;70;267,848;;3376,93
1406;0,3;0;288,788;279,499;266;360;290,791;289,808;70;267,865;;3376,12
1407;0,3;0;288,527;279,492;266;360;290,762;289,822;70;267,881;;3374,16
1408;0,3;0;287,977;279,528;266;360;290,705;289,931;70;267,9;;3373,12
1409;0,3;0;287,746;279,525;266;360;290,799;289,931;70;267,923;;3371,29
1410;0,3;0;287,211;279,228;266;360;290,799;289,931;70;267,942;;3370,07
1411;0,3;0;287,052;279,3;266;360;290,893;289,931;70;267,96;;3368,78
1412;0,3;0;286,603;279,272;266;360;290,799;289,931;70;267,976;;3368,72
1413;0,3;0;286,285;279,243;266;360;290,849;289,931;70;267,995;;3368,03
1414;0,3;0;286,343;278,997;266;360;290,842;289,931;70;268,018;;3365,39
1415;0,3;0;285,749;279,008;266;360;290,813;289,931;70;268,039;;3363,4
1416;0,3;0;285,59;279;266;360;290,878;289,931;70;268,058;;3362,59
1417;0,3;0;285,142;278,895;266;360;290,849;289,931;70;268,074;;3361,47
1418;0,3;0;284,686;278,776;266;360;290,842;289,931;70;268,088;;3360,96
1419;0,3;0;284,599;278,78;266;360;290,799;289,931;70;268,099;;3360,19
1420;0,3;0;283,89;278,885;266;360;290,828;289,931;70;268,1;;3358,26
1421;0,3;0;283,984;278,881;266;360;290,799;289,931;70;268,1;;3357,15
1422;0,3;0;283,695;278,505;266;360;290,799;289,931;70;268,1;;3357,06
1423;0,3;0;283,565;278,501;266;360;290,849;289,952;70;268,1;;3355,57
1424;0,3;0;282,827;278,465;266;360;290,842;289,952;70;268,1;;3355,35
1425;0,3;0;283,037;278,226;266;360;290,799;289,931;70;268,094;;3354,57
1426;0,3;0;282,574;278,111;266;360;290,842;290,025;70;268,083;;3354,24
1427;0,3;0;282,639;278,082;266;360;290,885;290,075;70;268,073;;3352,94
1428;0,3;0;282,4;277,977;266;360;290,943;290,054;70;268,059;;3351,91
1429;0,3;2;282,147;277,973;266;360;290,943;290,017;70;268,043;;3350,85
1430;0,3;4;281,633;277,969;266;360;290,943;290,068;70;268,015;;3350,15
1431;0,3;12,5;281,453;277,629;266;360;290,943;290,075;70;267,975;;3347,82
1432;0,3;23;281,163;277,658;266;360;291,037;290,075;70;267,935;;3346,65
1433;0,3;33,5;280,939;277,677;266;360;291,073;290,075;70;267,902;;3344,59
1434;0,3;45,5;280,968;277,687;266;360;290,943;290,119;70;267,872;;3341,12
1435;0,3;58;280,556;277,463;266;360;290,972;290,082;70;267,846;;3339,12
1436;0,3;70,5;280,599;277,47;266;360;291,088;290,075;70;267,818;;3338,59
1437;0,3;84;280,628;277,488;266;360;291,052;290,075;70;267,792;;3338,08
1438;0,3;92;280,44;277,094;266;360;291,073;290,075;70;267,765;;3337,63
1439;0,3;103;280,223;277,094;266;360;291,052;290,119;70;267,735;;3337,22
1440;0,3;125;279,926;277,221;266;360;291,045;290,119;70;267,702;;3336,52
1441;0,3;129,5;280,107;277,015;266;360;291,045;290,075;70;267,679;;3333,71
1442;0,3;137;280,245;276,968;266;360;290,994;290,155;70;267,653;;3332,02
1443;0,3;148,5;280,302;276,957;266;360;291,088;290,09;70;267,625;;3331,23
1444;0,3;161,5;280,447;276,761;266;360;291,088;290,162;70;267,6;;3331,05
1445;0,3;161;280,65;276,555;266;360;291,088;290,184;70;267,577;;3329,92
1446;0,3;163;280,606;276,548;266;360;291,088;290,22;70;267,557;;3328,39
1447;0,3;170;280,874;276,559;266;360;291,11;290,22;70;267,532;;3326,4
1448;0,3;174;281,178;276,508;266;360;291,11;290,22;70;267,505;;3324,85
1449;0,3;175,5;281,098;276,458;266;360;291,088;290,22;70;267,471;;3323,74
1450;0,3;173,5;281,568;276,45;266;360;291,131;290,22;70;267,439;;3322,25
1451;0,3;173,5;281,995;276,378;266;360;291,088;290,307;70;267,405;;3320,26
1452;0,3;171;282,378;276,277;266;360;291,088;290,314;70;267,368;;3319,98
1453;0,3;163;282,624;276,284;266;360;291,117;290,321;70;267,335;;3319,98
1454;0,3;168;282,899;276,291;266;360;291,131;290,365;70;267,298;;3319,13
1455;0,3;167;283,16;276,11;266;360;291,233;290,444;70;267,26;;3318,28
1456;0,3;161;283,507;275,926;266;360;291,233;290,415;70;267,221;;3318,28
1457;0,3;161;284,035;275,919;266;360;291,262;290,372;70;267,184;;3317,3
1458;0,3;167,5;284,715;275,915;266;360;291,334;290,401;70;267,153;;3316,03
1459;0,3;167;284,932;275,864;266;360;291,327;290,365;70;267,119;;3314,92
1460;0,3;162;285,388;275,749;266;360;291,233;290,365;70;267,088;;3314,22
1461;0,3;161,5;285,554;275,76;266;360;291,233;290,321;70;267,056;;3313,5
1462;0,3;159;285,858;275,756;266;360;291,233;290,365;70;267,025;;3313,15
1463;0,3;156,5;286,27;275,752;266;360;291,233;290,307;70;266,992;;3311,85
1464;0,3;155,5;286,885;275,445;266;360;291,233;290,343;70;266,961;;3310,12
1465;0,3;152,5;287,124;275,43;266;360;291,233;290,365;70;266,928;;3309,37
1466;0,3;143,5;287,826;275,441;266;360;291,233;290,365;70;266,898;;3308,5
1467;0,3;141,5;287,92;275,43;266;360;291,233;290,365;70;266,866;;3307,97
1468;0,3;141,5;287,992;275,423;266;360;291,233;290,314;70;266,836;;3307,18
1469;0,3;141;288,585;275,405;266;360;291,233;290,365;70;266,803;;3307,18
1470;0,3;140,5;289,062;275,232;266;360;291,348;290,372;70;266,768;;3306,42
1471;0,3;141;289,113;275,221;266;360;291,341;290,401;70;266,731;;3303,67
1472;0,3;140,5;289,851;275,228;266;360;291,233;290,343;70;266,694;;3302,18
1473;0,3;145;290,061;275,231;266;360;291,233;290,343;70;266,658;;3301,66
1474;0,3;144;290,198;275,242;266;360;291,233;290,321;70;266,624;;3298,8
1475;0,3;141,5;290,828;275,289;266;360;291,233;290,328;70;266,589;;3296,36
1476;0,3;147,5;290,719;275,311;266;360;291,233;290,242;70;266,559;;3294,39
1477;0,3;148,5;290,878;275,311;266;360;291,182;290,365;70;266,53;;3292,32
1478;0,3;146,5;291,276;275,297;266;360;291,153;290,314;70;266,503;;3291,21
1479;0,3;148,5;291,725;275,304;266;360;291,233;290,365;70;266,476;;3291,04
1480;0,3;148;292,238;275,163;266;360;291,319;290,386;70;266,453;;3289,47
1481;0,3;150;292,383;275,192;266;360;291,327;290,408;70;266,428;;3287,89
1482;0,3;147,5;292,802;275,199;266;360;291,247;290,379;70;266,401;;3286,78
1483;0,3;146;292,81;275,065;266;360;291,327;290,365;70;266,379;;3285,79
1484;0,3;146;293,027;275,08;266;360;291,334;290,386;70;266,358;;3284,72
1485;0,3;146,5;293,316;275,08;266;360;291,327;290,394;70;266,336;;3284,17
1486;0,3;146,5;293,099;275,286;266;360;291,247;290,415;70;266,309;;3283,25
1487;0,3;143;293,945;275,289;266;360;291,377;290,365;70;266,285;;3282,04
1488;0,3;148;293,981;275,275;266;360;291,298;290,365;70;266,261;;3280,88
1489;0,3;149;294,076;275,242;266;360;291,276;290,386;70;266,23;;3280,7
1490;0,3;149;294,198;275,221;266;360;291,319;290,394;70;266,204;;3280,29
1491;0,3;147,5;294,126;275,289;266;360;291,233;290,408;70;266,181;;3278,85
1492;0,3;149;294,777;275,391;266;360;291,327;290,372;70;266,16;;3278,25
1493;0,3;148;294,893;275,412;266;360;291,363;290,509;70;266,139;;3276,44
1494;0,3;147;295,341;275,409;266;360;291,377;290,509;70;266,115;;3274,48
1495;0,3;151,5;295,45;275,398;266;360;291,377;290,509;70;266,089;;3271,29
1496;0,3;155,5;295,544;275,398;266;360;291,377;290,509;70;266,061;;3269,55
1497;0,3;155,5;295,775;275,405;266;360;291,334;290,495;70;266,032;;3267,61
1498;0,3;150,5;295,841;275,43;266;360;291,377;290,408;70;266,002;;3266,3
1499;0,3;152;296,209;275,539;266;360;291,334;290,365;70;265,968;;3266,3
1500;0,3;155;296,318;275,734;266;360;291,305;290,408;70;265,935;;3265,45
1501;0,3;150;296,701;275,76;266;360;291,312;290,365;70;265,897;;3263,46
1502;0,3;157,5;297,005;275,781;266;360;291,377;290,365;70;265,864;;3262,57
1503;0,3;171;296,889;275,785;266;360;291,29;290,365;70;265,828;;3261,27
1504;0,3;166,5;297,02;275,792;266;360;291,327;290,365;70;265,795;;3260,53
1505;0,3;166;297,034;275,937;266;360;291,29;290,365;70;265,758;;3259,2
1506;0,3;162,5;297,519;275,93;266;360;291,334;290,422;70;265,728;;3258,67
1507;0,3;161;298,032;275,919;266;360;291,377;290,509;70;265,696;;3258,67
1508;0,3;163,5;298,098;275,915;266;360;291,334;290,509;70;265,662;;3257,26
1509;0,3;173,5;298,51;275,944;266;360;291,377;290,509;70;265,634;;3256,93
1510;0,3;185;298,228;275,944;266;360;291,464;290,509;70;265,604;;3256,09
1511;0,3;187;298,517;275,933;266;360;291,377;290,509;70;265,578;;3256,06
1512;0,3;187;298,828;275,922;266;360;291,421;290,625;70;265,548;;3256,06
1513;0,3;192,5;298,893;276,197;266;360;291,377;290,654;70;265,523;;3254,6
1514;0,3;195,5;299,58;276,147;266;360;291,377;290,56;70;265,498;;3252,66
1515;0,3;196;299,595;276,175;266;360;291,377;290,639;70;265,476;;3250,94
1516;0,3;194,5;300,152;276,194;266;360;291,377;290,509;70;265,456;;3249,76
1517;0,3;200,5;300,072;276,212;266;360;291,37;290,509;70;265,436;;3248,67
1518;0,3;201;300,326;276,23;266;360;291,348;290,509;70;265,42;;3248,47
1519;0,3;201;300,26;276,226;266;360;291,254;290,509;70;265,406;;3247,88
1520;0,3;192,5;300,911;276,147;266;360;291,37;290,509;70;265,392;;3245,81
1521;0,3;190;300,998;276,447;266;360;291,413;290,459;70;265,381;;3243,52
1522;0,3;190;301,657;276,44;266;360;291,377;290,545;70;265,372;;3242,65
1523;0,3;190,5;301,968;276,45;266;360;291,377;290,56;70;265,364;;3241,7
1524;0,3;185;302,098;276,44;266;360;291,515;290,618;70;265,36;;3241,58
1525;0,3;190;302,04;276,421;266;360;291,522;290,654;70;265,357;;3240,86
1526;0,3;192,5;302,322;276,443;266;360;291,522;290,603;70;265,353;;3238,94
1527;0,3;183;302,713;276,45;266;360;291,522;290,611;70;265,348;;3237,62
1528;0,3;169,5;302,944;276,562;266;360;291,522;290,69;70;265,339;;3237,48
1529;0,3;161;303,168;276,588;266;360;291,522;290,654;70;265,325;;3236,58
1530;0,3;156,5;303,19;276,577;266;360;291,471;290,596;70;265,309;;3234,6
1531;0,3;155;303,798;276,57;266;360;291,421;290,502;70;265,287;;3233,18
1532;0,3;155;303,696;276,609;266;360;291,377;290,495;70;265,266;;3232,03
1533;0,3;150;303,588;276,675;266;360;291,377;290,48;70;265,244;;3230,04
1534;0,3;147;303,776;276,657;266;360;291,377;290,488;70;265,22;;3228,43
1535;0,3;150,5;304,087;276,638;266;360;291,377;290,488;70;265,195;;3228,43
1536;0,3;149,5;304,21;276,78;266;360;291,377;290,509;70;265,172;;3228,34
1537;0,3;147;304,232;276,953;266;360;291,377;290,509;70;265,144;;3226,83
1538;0,3;148,5;304,47;276,964;266;360;291,421;290,509;70;265,116;;3225,44
1539;0,3;157,5;304,745;276,957;266;360;291,377;290,509;70;265,094;;3223,12
1540;0,3;160;304,666;276,946;266;360;291,421;290,509;70;265,072;;3220,24
1541;0,3;160;304,659;276,942;266;360;291,377;290,509;70;265,053;;3218,55
1542;0,3;159,5;304,688;276,957;266;360;291,421;290,488;70;265,035;;3218,01
1543;0,3;168;304,839;277,112;266;360;291,377;290,488;70;265,021;;3217,3
1544;0,3;176,5;304,905;277,112;266;360;291,392;290,473;70;265,015;;3216,57
1545;0,3;181;304,999;277,083;266;360;291,406;290,502;70;265,013;;3214,93
1546;0,3;182;304,984;277,072;266;360;291,428;290,509;70;265,012;;3214,93
1547;0,3;184,5;304,933;277,054;266;360;291,377;290,509;70;265,012;;3214,12
1548;0,3;194;305,093;277,449;266;360;291,377;290,509;70;265,013;;3213,13
1549;0,3;192;304,977;277,47;266;360;291,377;290,509;70;265,017;;3211,48
1550;0,3;183,5;305,056;277,485;266;360;291,377;290,509;70;265,023;;3210,72
1551;0,3;185;305,172;277,478;266;360;291,377;290,509;70;265,032;;3209,93
1552;0,3;183;305,259;277,441;266;360;291,421;290,509;70;265,042;;3208,88
1553;0,3;183,5;305,23;277,637;266;360;291,377;290,509;70;265,054;;3207,55
1554;0,3;180,5;305,122;277,836;266;360;291,377;290,524;70;265,07;;3207,35
1555;0,3;181,5;305,389;277,818;266;360;291,413;290,611;70;265,084;;3207,35
1556;0,3;180;305,353;277,81;266;360;291,515;290,603;70;265,098;;3206,26
1557;0,3;170,5;305,418;277,796;266;360;291,522;290,574;70;265,115;;3205,34
1558;0,3;158,5;305,577;277,781;266;360;291,522;290,509;70;265,134;;3203,6
1559;0,3;153,5;305,693;277,774;266;360;291,522;290,509;70;265,153;;3202,06
1560;0,3;145,5;306,236;277,792;266;360;291,385;290,509;70;265,17;;3201,85
1561;0,3;139;306,156;277,774;266;360;291,377;290,509;70;265,187;;3201,47
1562;0,3;128,5;306,069;277,973;266;360;291,493;290,509;70;265,206;;3200,32
1563;0,3;124;306,033;277,969;266;360;291,522;290,509;70;265,228;;3199,19
1564;0,3;118,5;306,163;277,98;266;360;291,522;290,553;70;265,249;;3197,68
1565;0,3;112,5;306,243;277,98;266;360;291,522;290,538;70;265,268;;3196,16
1566;0,3;110;306,236;277,977;266;360;291,522;290,618;70;265,289;;3195,97
1567;0,3;99;306,105;277,973;266;360;291,522;290,56;70;265,313;;3195,77
1568;0,3;92,5;306,047;277,966;266;360;291,522;290,553;70;265,335;;3194,11
1569;0,3;84,5;305,982;277,969;266;360;291,522;290,509;70;265,353;;3191,93
1570;0,3;79;306,069;278,194;266;360;291,522;290,509;70;265,372;;3190,7
1571;0,3;72,5;306,207;278,389;266;360;291,522;290,509;70;265,391;;3189,24
1572;0,3;70,5;305,881;278,378;266;360;291,522;290,553;70;265,408;;3188,78
1573;0,3;67,5;305,686;278,244;266;360;291,522;290,553;70;265,418;;3188,66
1574;0,3;59,5;305,83;278,096;266;360;291,522;290,509;70;265,427;;3186,89
1575;0,3;53;305,165;278,23;266;360;291,522;290,567;70;265,44;;3184,7
1576;0,3;49,5;305,027;278,114;266;360;291,522;290,654;70;265,451;;3183,67
1577;0,3;49;305,158;278,111;266;360;291,609;290,69;70;265,462;;3182,86
1578;0,3;51,5;304,984;278,092;266;360;291,667;290,69;70;265,477;;3180,47
1579;0,3;52,5;304,615;278,074;266;360;291,652;290,654;70;265,492;;3179,47
1580;0,3;58,5;304,13;278,299;266;360;291,688;290,791;70;265,505;;3179,47
1581;0,3;66;303,885;278,501;266;360;291,703;290,799;70;265,512;;3179,28
1582;0,3;67;303,668;278,494;266;360;291,674;290,799;70;265,521;;3177,66
1583;0,3;68;302,937;278,49;266;360;291,804;290,77;70;265,532;;3176,09
1584;0,3;77;302,879;278,469;266;360;291,623;290,697;70;265,532;;3175,28
1585;0,3;84;302,582;278,483;266;360;291,602;290,705;70;265,531;;3174,99
1586;0,3;92;302,17;278,519;266;360;291,659;290,799;70;265,532;;3172,1
1587;0,3;96;301,83;278,516;266;360;291,703;290,799;70;265,531;;3169,66
1588;0,3;103;301,584;278,49;266;360;291,667;290,799;70;265,532;;3169,12
1589;0,3;103,5;300,919;278,483;266;360;291,667;290,799;70;265,529;;3167,83
1590;0,3;109,5;300,883;278,505;266;360;291,667;290,799;70;265,523;;3167,74
1591;0,3;127;300,6;278,516;266;360;291,717;290,799;70;265,518;;3166,65
1592;0,3;137;300,731;278,508;266;360;291,703;290,799;70;265,516;;3165,19
1593;0,3;146;300,123;278,472;266;360;291,71;290,799;70;265,511;;3164,93
1594;0,3;149;300,101;278,483;266;360;291,667;290,799;70;265,51;;3163,55
1595;0,3;161;299,986;278,498;266;360;291,717;290,799;70;265,514;;3161,15
1596;0,3;163;299,146;278,508;266;360;291,667;290,799;70;265,512;;3160,74
1597;0,3;163;299,125;278,49;266;360;291,753;290,799;70;265,512;;3160,24
1598;0,3;171;299,197;278,483;266;360;291,71;290,799;70;265,511;;3158,81
1599;0,3;177;299,371;278,494;266;360;291,667;290,799;70;265,51;;3158,23
1600;0,3;175;299,472;278,299;266;360;291,667;290,799;70;265,51;;3157,43
1601;0,3;175;299,465;278,328;266;360;291,667;290,799;70;265,513;;3155,65
1602;0,3;178;299,486;278,281;266;360;291,667;290,799;70;265,516;;3153,03
1603;0,3;180,5;299,414;278,306;266;360;291,71;290,799;70;265,518;;3152,5
1604;0,3;176,5;299,291;278,324;266;360;291,674;290,799;70;265,518;;3150,86
1605;0,3;181,5;299,212;278,324;266;360;291,811;290,922;70;265,517;;3148,84
1606;0,3;182;299,139;278,338;266;360;291,811;290,9;70;265,515;;3148,35
1607;0,3;181,5;299,19;278,349;266;360;291,811;290,77;70;265,516;;3147,54
1608;0,3;183;299,928;278,356;266;360;291,811;290,922;70;265,517;;3145,92
1609;0,3;175;300,101;278,364;266;360;291,905;290,972;70;265,52;;3145,38
1610;0,3;174;300,145;278,168;266;360;291,848;290,943;70;265,518;;3145
1611;0,3;170;300,145;277,966;266;360;291,855;290,987;70;265,516;;3144,16
1612;0,3;168;300,203;277,984;266;360;291,811;290,849;70;265,515;;3142,02
1613;0,3;168;300,13;277,98;266;360;291,681;290,864;70;265,516;;3140,2
1614;0,3;163;300,094;277,977;266;360;291,811;290,893;70;265,515;;3138,56
1615;0,3;152,5;300,875;277,973;266;360;291,833;290,893;70;265,511;;3137,65
1616;0,3;152;300,94;277,969;266;360;291,876;290,943;70;265,508;;3137,12
1617;0,3;143;301,071;277,984;266;360;291,949;290,943;70;265,507;;3135,73
1618;0,3;141,5;301,432;277,98;266;360;291,956;290,943;70;265,495;;3134,99
1619;0,3;139,5;301,635;277,973;266;360;291,891;290,943;70;265,478;;3134,99
1620;0,3;130;301,505;277,969;266;360;291,934;290,9;70;265,459;;3134,5
1621;0,3;130;301,396;277,843;266;360;291,833;290,893;70;265,433;;3133,4
1622;0,3;131;301,251;277,763;266;360;291,804;290,864;70;265,408;;3132,36
1623;0,3;135;301,288;277,792;266;360;291,667;290,799;70;265,381;;3128,97
1624;0,3;137;301,714;277,789;266;360;291,732;290,943;70;265,352;;3127,49
1625;0,3;138;302,112;277,799;266;360;291,811;290,943;70;265,323;;3126,56
1626;0,3;137;302,134;277,814;266;360;291,811;290,965;70;265,292;;3125,82
1627;0,3;142;302,062;277,814;266;360;291,826;290,965;70;265,264;;3125,36
1628;0,3;146,5;302,018;277,832;266;360;291,876;290,943;70;265,238;;3124,99
1629;0,3;152,5;301,946;277,843;266;360;291,913;290,987;70;265,217;;3124,58
1630;0,3;162;301,939;277,85;266;360;291,819;290,943;70;265,197;;3122,97
1631;0,3;167;302,127;277,575;266;360;291,811;290,943;70;265,181;;3119,5
1632;0,3;173;302,199;277,568;266;360;291,811;290,943;70;265,166;;3117,86
1633;0,3;184,5;302,12;277,572;266;360;291,811;290,943;70;265,152;;3115,67
1634;0,3;192;301,989;277,593;266;360;291,811;290,951;70;265,142;;3115
1635;0,3;195,5;301,881;277,597;266;360;291,898;291,023;70;265,135;;3114,55
1636;0,3;206;301,975;277,597;266;360;291,956;290,979;70;265,127;;3114,17
1637;0,3;215,5;302,279;277,72;266;360;291,934;290,951;70;265,122;;3114,13
1638;0,3;217;302,879;277,608;266;360;291,811;290,943;70;265,113;;3113,2
1639;0,3;206,5;302,582;277,734;266;360;291,811;290,922;70;265,106;;3112,32
1640;0,3;204;302,242;277,865;266;360;291,819;290,842;70;265,096;;3110,89
1641;0,3;208,5;302,778;277,749;266;360;291,905;290,929;70;265,085;;3107,78
1642;0,3;221,5;302,959;277,832;266;360;291,956;290,929;70;265,074;;3104,52
1643;0,3;220;303,089;277,814;266;360;291,862;290,856;70;265,065;;3103,71
1644;0,3;215,5;303,342;277,796;266;360;291,905;290,871;70;265,053;;3103,37
1645;0,3;219;303,733;277,705;266;360;291,869;290,922;70;265,035;;3103,37
1646;0,3;216;304;277,651;266;360;291,905;290,943;70;265,012;;3102,84
1647;0,3;209;304,116;277,597;266;360;291,876;290,943;70;264,988;;3102,54
1648;0,3;209,5;303,964;277,677;266;360;291,898;290,987;70;264,962;;3102,54
1649;0,3;208,5;304,745;277,568;266;360;291,905;290,987;70;264,933;;3100,8
1650;0,3;206,5;304,659;277,669;266;360;291,927;290,943;70;264,902;;3098,83
1651;0,3;203,5;305,085;277,568;266;360;291,934;290,943;70;264,866;;3098,24
1652;0,3;212;305,252;277,575;266;360;291,92;290,943;70;264,831;;3097,89
1653;0,3;215;305,252;277,839;266;360;291,913;290,943;70;264,8;;3096,75
1654;0,3;211,5;305,613;277,705;266;360;291,855;290,979;70;264,776;;3095,68
1655;0,3;214;305,823;277,561;266;360;291,927;290,951;70;264,745;;3095,18
1656;0,3;210;306,142;277,799;266;360;291,956;291,037;70;264,718;;3094,39
1657;0,3;210,5;306,228;277,857;266;360;292,007;290,943;70;264,702;;3093,34
1658;0,3;211,5;306,568;277,865;266;360;291,956;290,943;70;264,686;;3090,77
1659;0,3;219;306,525;277,832;266;360;291,913;290,943;70;264,674;;3089,16
1660;0,3;215;306,821;277,832;266;360;291,956;290,943;70;264,668;;3086,58
1661;0,3;222,5;307,147;277,857;266;360;291,999;290,943;70;264,663;;3084,92
1662;0,3;223;307,06;277,742;266;360;291,956;290,943;70;264,66;;3083,24
1663;0,3;226,5;307,784;277,633;266;360;291,956;290,943;70;264,663;;3081,91
1664;0,3;229,5;307,841;277,622;266;360;291,956;290,943;70;264,667;;3081,61
1665;0,3;225;308,087;277,655;266;360;291,826;290,943;70;264,671;;3081,48
1666;0,3;228;308,254;277,669;266;360;291,905;290,943;70;264,676;;3080,77
1667;0,3;228,5;308,355;277,731;266;360;291,985;290,943;70;264,682;;3079,68
1668;0,3;219;308,818;277,658;266;360;291,956;291,037;70;264,691;;3078,07
1669;0,3;214;308,673;277,724;266;360;291,956;291,088;70;264,705;;3074,43
1670;0,3;205;309,115;277,774;266;360;291,956;291,088;70;264,715;;3073,85
1671;0,3;202,5;309,086;277,807;266;360;291,956;291,088;70;264,726;;3071,94
1672;0,3;189,5;309,209;277,579;266;360;291,956;291,088;70;264,733;;3071,12
1673;0,3;183;310,149;277,557;266;360;292,072;291,088;70;264,741;;3070,02
1674;0,3;183;310,178;277,561;266;360;292,101;291,175;70;264,748;;3069,15
1675;0,3;180,5;309,614;277,857;266;360;292,101;291,088;70;264,757;;3068,03
1676;0,3;173;310,337;277,922;266;360;292,101;291,088;70;264,766;;3067,55
1677;0,3;165,5;310,236;277,977;266;360;292,101;291,088;70;264,775;;3067,42
1678;0,3;151;310,135;277,969;266;360;292,101;291,088;70;264,78;;3066,14
1679;0,3;146,5;310,149;277,966;266;360;292,101;291,088;70;264,782;;3064,13
1680;0,3;141,5;310,272;277,984;266;360;292,101;291,088;70;264,785;;3063,24
1681;0,3;140,5;310,402;277,98;266;360;292,072;291,088;70;264,786;;3061,36
1682;0,3;142,5;310,38;277,977;266;360;291,956;290,987;70;264,788;;3060,65
1683;0,3;141,5;310,308;277,969;266;360;291,913;290,922;70;264,789;;3060,15
1684;0,3;142,5;310,185;277,966;266;360;291,956;290,842;70;264,796;;3060,15
1685;0,3;140;310,142;277,98;266;360;291,913;290,799;70;264,805;;3059,63
1686;0,3;140;310,185;277,984;266;360;291,898;290,936;70;264,816;;3058,26
1687;0,3;139,5;310,323;277,977;266;360;291,956;290,943;70;264,831;;3055,17
1688;0,3;135;310,388;277,973;266;360;291,956;290,965;70;264,849;;3053,86
1689;0,3;136,5;310,33;278,035;266;360;291,999;291,088;70;264,867;;3052,52
1690;0,3;134,5;310,25;278,114;266;360;292,021;291,088;70;264,888;;3051,77
1691;0,3;126,5;309,918;278,111;266;360;292,101;291,045;70;264,917;;3050,75
1692;0,3;126;309,881;278,103;266;360;292,101;291,045;70;264,949;;3049,43
1693;0,3;127,5;309,918;278,092;266;360;292,101;291,088;70;264,977;;3048,63
1694;0,3;126,5;309,599;278,085;266;360;292,101;291,037;70;265,007;;3047,33
1695;0,3;122;309,295;278,082;266;360;292,101;291,088;70;265,034;;3045,71
1696;0,3;122;309,353;278,082;266;360;292,101;291,088;70;265,069;;3044,94
1697;0,3;125,5;309,295;278,092;266;360;291,963;291,066;70;265,1;;3043,52
1698;0,3;118;308,42;278,414;266;360;291,956;290,943;70;265,131;;3042,1
1699;0,3;110;308,37;278,472;266;360;291,956;291,037;70;265,159;;3040,95
1700;0,3;109;308,623;278,472;266;360;291,956;291,088;70;265,193;;3039,72
1701;0,3;107,5;308,095;278,501;266;360;291,999;291,088;70;265,228;;3039,31
1702;0,3;102;308,225;278,512;266;360;292,014;291,088;70;265,254;;3038,89
1703;0,3;100;308,326;278,472;266;360;292,021;291,088;70;265,279;;3038,72
1704;0,3;97,5;307,726;278,621;266;360;292,028;291,088;70;265,302;;3038
1705;0,3;94,5;307,69;278,754;266;360;292,086;291,088;70;265,318;;3036,39
1706;0,3;85,5;307,335;278,78;266;360;292,101;291,088;70;265,333;;3033,81
1707;0,3;80;307,06;278,769;266;360;292,101;291,088;70;265,341;;3032,45
1708;0,3;82;306,749;278,769;266;360;292,101;291,131;70;265,346;;3031,98
1709;0,3;87;306,72;278,704;266;360;292,101;291,175;70;265,351;;3031,32
1710;0,3;85;306,424;278,747;266;360;292,101;291,124;70;265,359;;3030,78
1711;0,3;90,5;306,236;278,693;266;360;292,101;291,037;70;265,364;;3030,33
1712;0,3;93,5;305,809;278,993;266;360;292,101;291,037;70;265,367;;3029,96
1713;0,3;98;305,548;279;266;360;292,101;291,088;70;265,372;;3028,97
1714;0,3;98;305,187;279;266;360;292,101;291,088;70;265,379;;3027,16
1715;0,3;103;304,984;279;266;360;292,101;291,168;70;265,39;;3026,45
1716;0,3;115;304,333;278,997;266;360;292,101;291,233;70;265,395;;3024,73
1717;0,3;123;304,362;278,993;266;360;292,101;291,095;70;265,404;;3020,41
1718;0,3;131,5;304,159;279;266;360;292,101;291,088;70;265,406;;3018,42
1719;0,3;132,5;304,196;279,004;266;360;292,101;291,139;70;265,404;;3018,02
1720;0,3;139;303,718;279;266;360;292,101;291,131;70;265,405;;3017,41
1721;0,3;141;303,241;278,997;266;360;291,999;291,088;70;265,404;;3017,41
1722;0,3;142;303,183;278,993;266;360;292,101;291,088;70;265,403;;3017,41
1723;0,3;146;302,951;278,993;266;360;292,101;291,066;70;265,403;;3017,05
1724;0,3;151;303,067;279,004;266;360;292,101;291,073;70;265,404;;3016,59
1725;0,3;162;303,197;279;266;360;292,101;291,045;70;265,408;;3015,23
1726;0,3;167;303,024;278,997;266;360;292,101;291,131;70;265,407;;3012,27
1727;0,3;168;302,763;278,993;266;360;292,101;291,131;70;265,406;;3010,85
1728;0,3;173;302,677;278,997;266;360;292,101;291,211;70;265,401;;3010,8
1729;0,3;171,5;302,684;279,008;266;360;292,101;291,196;70;265,4;;3009,49
1730;0,3;174,5;302,734;279;266;360;292,101;291,146;70;265,394;;3007,86
1731;0,3;179;302,481;279;266;360;292,101;291,182;70;265,388;;3006,98
1732;0,3;181,5;302,539;278,993;266;360;292,101;291,168;70;265,383;;3005,55
1733;0,3;182,5;302,611;278,993;266;360;292,101;291,168;70;265,373;;3004,02
1734;0,3;190;302,539;279;266;360;292,101;291,189;70;265,373;;3002,72
1735;0,3;194;302,438;278,932;266;360;292,101;291,146;70;265,371;;3001,09
1736;0,3;195;302,322;278,838;266;360;292,101;291,16;70;265,371;;2998,02
1737;0,3;187,5;302,228;278,841;266;360;292,101;291,139;70;265,371;;2997,91
1738;0,3;196,5;302,214;278,848;266;360;292,101;291,175;70;265,377;;2997,91
1739;0,3;201;303,031;278,859;266;360;292,101;291,182;70;265,38;;2997,91
1740;0,3;201;303,205;278,725;266;360;292,188;291,153;70;265,386;;2997,91
1741;0,3;191,5;303,125;278,707;266;360;292,195;291,153;70;265,394;;2997,45
1742;0,3;188,5;303,016;278,682;266;360;292,245;291,218;70;265,406;;2994,97
1743;0,3;190,5;303,277;278,653;266;360;292,202;291,233;70;265,417;;2991,85
1744;0,3;186,5;303,704;278,602;266;360;292,166;291,175;70;265,428;;2990,41
1745;0,3;174;303,769;278,61;266;360;292,101;291,196;70;265,438;;2989,02
1746;0,3;177;303,508;278,801;266;360;292,202;291,196;70;265,452;;2987,31
1747;0,3;178,5;304,196;278,805;266;360;292,144;291,146;70;265,465;;2986,44
1748;0,3;174,5;304,174;278,776;266;360;292,101;291,139;70;265,471;;2985,25
1749;0,3;161,5;304,087;278,671;266;360;292,101;291,088;70;265,477;;2984,34
1750;0,3;155;303,986;278,501;266;360;292,007;290,972;70;265,484;;2983,16
1751;0,3;149;304,261;278,512;266;360;291,956;290,943;70;265,487;;2981,53
1752;0,3;147;304,42;278,516;266;360;291,956;290,943;70;265,489;;2980,35
1753;0,3;142,5;304,593;278,487;266;360;292,036;291,001;70;265,49;;2979,39
1754;0,3;139,5;304,659;278,487;266;360;292,101;291,11;70;265,491;;2978,24
1755;0,3;131;304,586;278,498;266;360;292,115;291,153;70;265,492;;2975,92
1756;0,3;126;304,499;278,505;266;360;292,216;291,175;70;265,489;;2974,06
1757;0,3;127;304,47;278,483;266;360;292,18;291,283;70;265,49;;2973,55
1758;0,3;125,5;304,398;278,505;266;360;292,245;291,254;70;265,492;;2972,46
1759;0,3;127;304,348;278,483;266;360;292,253;291,334;70;265,493;;2972,42
1760;0,3;124,5;304,434;278,487;266;360;292,347;291,413;70;265,496;;2972,01
1761;0,3;130;304,507;278,49;266;360;292,39;291,413;70;265,5;;2970,18
1762;0,3;132;304,514;278,487;266;360;292,39;291,377;70;265,501;;2968,47
1763;0,3;132;304,384;278,479;266;360;292,296;291,377;70;265,507;;2967,23
1764;0,3;127,5;304,275;278,498;266;360;292,296;291,298;70;265,512;;2966,13
1765;0,3;124;304,731;278,479;266;360;292,289;291,233;70;265,519;;2964,52
1766;0,3;125,5;304,709;278,483;266;360;292,245;291,233;70;265,523;;2963,88
1767;0,3;122,5;304,789;278,49;266;360;292,245;291,247;70;265,524;;2963,57
1768;0,3;128,5;304,825;278,49;266;360;292,245;291,334;70;265,527;;2963,06
1769;0,3;135,5;304,232;278,487;266;360;292,31;291,377;70;265,53;;2963,06
1770;0,3;132,5;304,246;278,483;266;360;292,354;291,377;70;265,53;;2962,08
1771;0,3;134,5;304,094;278,483;266;360;292,376;291,377;70;265,528;;2960,51
1772;0,3;139,5;303,964;278,49;266;360;292,245;291,298;70;265,527;;2958,4
1773;0,3;139;303,906;278,494;266;360;292,245;291,233;70;265,524;;2956,9
1774;0,3;140;304,087;278,487;266;360;292,245;291,233;70;265,522;;2955,04
1775;0,3;141,5;304,203;278,479;266;360;292,166;291,283;70;265,52;;2953,91
1776;0,3;141;303,668;278,483;266;360;292,188;291,233;70;265,518;;2952,47
1777;0,3;140,5;303,559;278,501;266;360;292,245;291,233;70;265,517;;2951,67
1778;0,3;149;303,451;278,498;266;360;292,245;291,233;70;265,516;;2951,27
1779;0,3;158;303,335;278,494;266;360;292,245;291,233;70;265,517;"(( Pi() / ([11:7] * 0.001)) * (Pow(0.5 * [3:10], 2) - Pow(0.5 * 0.48, 2))) / [32:124]";2950,85
1780;0,3;157;303,233;278,476;266;360;292,245;291,233;70;265,515;;2949,93
1781;0,3;155,5;303,762;278,476;266;360;292,245;291,356;70;265,514;;2948,67
1782;0,3;154;303,885;278,487;266;360;292,245;291,377;70;265,512;;2947,22
1783;0,3;163,5;303,979;278,487;266;360;292,245;291,24;70;265,506;;2944,32
1784;0,3;167;303,986;278,483;266;360;292,282;291,298;70;265,505;;2941,98
1785;0,3;159,5;303,906;278,479;266;360;292,289;291,377;70;265,502;;2940,53
1786;0,3;157,5;303,798;278,479;266;360;292,253;291,377;70;265,498;;2939,08
1787;0,3;156,5;303,725;278,49;266;360;292,39;291,377;70;265,495;;2938,17
1788;0,3;163,5;303,646;278,494;266;360;292,39;291,377;70;265,49;;2937,63
1789;0,3;173;303,646;278,487;266;360;292,39;291,377;70;265,481;;2935,65
1790;0,3;171,5;303,718;278,483;266;360;292,39;291,413;70;265,472;;2934,18
1791;0,3;173,5;303,805;278,483;266;360;292,39;291,421;70;265,463;;2932,57
1792;0,3;174;303,805;278,49;266;360;292,419;291,435;70;265,456;;2931,84
1793;0,3;173;303,696;278,479;266;360;292,405;291,522;70;265,451;;2929,6
1794;0,3;173;303,631;278,465;266;360;292,39;291,479;70;265,448;;2929,42
1795;0,3;177;303,624;278,465;266;360;292,448;291,464;70;265,446;;2928,96
1796;0,3;180,5;303,617;278,458;266;360;292,462;291,421;70;265,441;;2928,61
1797;0,3;182;303,733;278,465;266;360;292,39;291,479;70;265,437;;2928,58
1798;0,3;185,5;303,979;278,476;266;360;292,39;291,406;70;265,431;;2927,8
1799;0,3;193,5;304,232;278,476;266;360;292,39;291,377;70;265,426;;2927,46
1800;0,3;192,5;304,196;278,472;266;360;292,39;291,377;70;265,424;;2926,19
1801;0,3;185;304,087;278,476;266;360;292,506;291,515;70;265,423;;2924,75
1802;0,3;181;303,993;278,472;266;360;292,491;291,486;70;265,426;;2922,38
1803;0,3;183;304,181;278,483;266;360;292,477;291,522;70;265,427;;2920,35
1804;0,3;187;304,644;278,483;266;360;292,491;291,471;70;265,434;;2919,64
1805;0,3;185;304,507;278,476;266;360;292,513;291,421;70;265,441;;2919,64
1806;0,3;182;304,485;278,472;266;360;292,47;291,421;70;265,444;;2919,05
1807;0,3;174;304,789;278,472;266;360;292,484;291,471;70;265,446;;2918,59
1808;0,3;171,5;305,085;278,476;266;360;292,477;291,45;70;265,451;;2917,15
1809;0,3;164,5;304,984;278,483;266;360;292,455;291,471;70;265,456;;2914,94
1810;0,3;160;304,991;278,364;266;360;292,412;291,428;70;265,462;;2913,74
1811;0,3;161,5;305,136;278,161;266;360;292,39;291,377;70;265,466;;2912,83
1812;0,3;159;305,259;278,125;266;360;292,39;291,464;70;265,471;;2911,96
1813;0,3;158,5;305,888;278,158;266;360;292,39;291,428;70;265,474;;2910,8
1814;0,3;157,5;305,794;278,165;266;360;292,39;291,421;70;265,478;;2910,07
1815;0,3;154;305,7;278,176;266;360;292,39;291,486;70;265,485;;2909,85
1816;0,3;143,5;305,599;278,208;266;360;292,39;291,479;70;265,488;;2909,85
1817;0,3;140,5;305,592;278,219;266;360;292,39;291,522;70;265,493;;2909,7
1818;0,3;140;305,78;278,186;266;360;292,39;291,37;70;265,494;;2908,02
1819;0,3;138,5;305,7;278,284;266;360;292,39;291,341;70;265,495;;2905,88
1820;0,3;135;305,7;278,302;266;360;292,39;291,377;70;265,499;;2904,26
1821;0,3;140;305,548;278,324;266;360;292,39;291,5;70;265,505;;2901,31
1822;0,3;141,5;305,519;278,313;266;360;292,39;291,522;70;265,507;;2900,03
1823;0,3;137,5;305,396;278,328;266;360;292,39;291,45;70;265,512;;2899,14
1824;0,3;129;305,317;278,472;266;360;292,39;291,421;70;265,517;;2897,79
1825;0,3;129;305,577;278,483;266;360;292,253;291,377;70;265,52;;2897,6
1826;0,3;128;305,382;278,472;266;360;292,245;291,24;70;265,526;;2896,93
1827;0,3;128;305,816;278,476;266;360;292,296;291,233;70;265,532;;2895,92
1828;0,3;135,5;306,026;278,479;266;360;292,245;291,334;70;265,537;;2895,21
1829;0,3;141;305,961;278,479;266;360;292,39;291,377;70;265,544;;2894,49
1830;0,3;136,5;305,823;278,487;266;360;292,339;291,377;70;265,553;;2892,58
1831;0,3;127;305,642;278,479;266;360;292,245;291,377;70;265,564;;2891,07
1832;0,3;126,5;305,707;278,487;266;360;292,245;291,377;70;265,578;;2890,36
1833;0,3;127;305,606;278,469;266;360;292,296;291,334;70;265,592;;2889,48
1834;0,3;129;305,375;278,49;266;360;292,253;291,377;70;265,604;;2887,61
1835;0,3;131,5;305,201;278,49;266;360;292,245;291,29;70;265,618;;2886,92
1836;0,3;134,5;305,245;278,479;266;360;292,267;291,283;70;265,637;;2886,04
1837;0,3;135;305,179;278,487;266;360;292,267;291,312;70;265,656;;2884,85
1838;0,3;133;305,078;278,501;266;360;292,289;291,276;70;265,674;;2883,44
1839;0,3;126,5;304,991;278,494;266;360;292,282;291,233;70;265,693;;2882
1840;0,3;123,5;305,013;278,469;266;360;292,267;291,233;70;265,715;;2879,96
1841;0,3;120;304,832;278,479;266;360;292,13;291,247;70;265,738;;2877,09
1842;0,3;113,5;304,933;278,501;266;360;292,238;291,377;70;265,756;;2876,09
1843;0,3;112,5;304,738;278,498;266;360;292,245;291,377;70;265,773;;2874,52
1844;0,3;111;304,427;278,483;266;360;292,289;291,377;70;265,787;;2874,1
1845;0,3;112,5;304,362;278,465;266;360;292,245;291,377;70;265,806;;2873,39
1846;0,3;112,5;304,036;278,66;266;360;292,245;291,377;70;265,828;;2872,67
1847;0,3;106;303,957;278,83;266;360;292,245;291,377;70;265,845;;2871,57
1848;0,3;110;304,008;278,809;266;360;292,267;291,377;70;265,863;;2870,86
1849;0,3;107;304,159;278,776;266;360;292,39;291,515;70;265,886;;2869,59
1850;0,3;100,5;303,624;278,765;266;360;292,39;291,428;70;265,909;;2868,26
1851;0,3;99;303,682;278,736;266;360;292,39;291,413;70;265,932;;2866,85
1852;0,3;104;303,646;278,729;266;360;292,296;291,377;70;265,952;;2864,58
1853;0,3;102;303,595;278,715;266;360;292,274;291,377;70;265,976;;2863,33
1854;0,3;99;303,009;278,693;266;360;292,39;291,341;70;266;;2863,27
1855;0,3;93;302,93;278,664;266;360;292,39;291,377;70;266,019;;2863,27
1856;0,3;97;302,988;278,993;266;360;292,39;291,327;70;266,037;;2862,08
1857;0,3;96,5;302,894;278,997;266;360;292,39;291,377;70;266,056;;2860,78
1858;0,3;89;302,416;279;266;360;292,39;291,471;70;266,074;;2859,15
1859;0,3;85;302,38;279;266;360;292,477;291,522;70;266,086;;2857,02
1860;0,3;83;302,308;278,997;266;360;292,499;291,522;70;266,099;;2856,85
1861;0,3;82;301,931;278,993;266;360;292,39;291,522;70;266,111;;2854,9
1862;0,3;82,5;301,874;278,997;266;360;292,441;291,522;70;266,12;;2852,84
1863;0,3;85;301,946;279,004;266;360;292,52;291,522;70;266,126;;2852,43
1864;0,3;86;301,295;279;266;360;292,535;291,522;70;266,131;;2851,93
1865;0,3;82;301,367;279;266;360;292,535;291,522;70;266,138;;2851,74
1866;0,3;84;301,403;278,993;266;360;292,535;291,522;70;266,141;;2850,69
1867;0,3;84;301,1;279,257;266;360;292,535;291,522;70;266,146;;2849,76
1868;0,3;82,5;301,034;279,409;266;360;292,491;291,522;70;266,148;;2848,07
1869;0,3;88;300,709;279,156;266;360;292,571;291,551;70;266,148;;2847,36
1870;0,3;89,5;300,065;279,391;266;360;292,535;291,667;70;266,145;;2846,64
1871;0,3;95;300,369;279,25;266;360;292,535;291,667;70;266,142;;2845,49
1872;0,3;99;299,993;279,225;266;360;292,614;291,667;70;266,139;;2844,03
1873;0,3;108,5;300,065;279,348;266;360;292,679;291,782;70;266,139;;2843,73
1874;0,3;113,5;299,761;279,308;266;360;292,679;291,775;70;266,135;;2843,73
1875;0,3;117;299,566;279,279;266;360;292,658;291,804;70;266,131;;2843,28
1876;0,3;124,5;299,4;279,282;266;360;292,694;291,804;70;266,128;;2842,93
1877;0,3;128;299,204;279,337;266;360;292,694;291,775;70;266,125;;2842,15
1878;0,3;134;298,835;279,348;266;360;292,723;291,811;70;266,12;;2839,95
1879;0,3;138;298,958;279,315;266;360;292,679;291,725;70;266,117;;2838,29
1880;0,3;149,5;299,06;279,297;266;360;292,622;291,71;70;266,115;;2835,67
1881;0,3;154;299,11;279,29;266;360;292,759;291,688;70;266,111;;2834,33
1882;0,3;154,5;298,749;279,315;266;360;292,824;291,811;70;266,107;;2833,52
1883;0,3;158;298,38;279,217;266;360;292,773;291,811;70;266,102;;2831,86
1884;0,3;160;298,336;279,199;266;360;292,824;291,905;70;266,092;;2831,44
1885;0,3;161;298,271;279,253;266;360;292,867;291,956;70;266,082;;2830,35
1886;0,3;171;298,474;279,167;266;360;292,824;291,956;70;266,075;;2829,46
1887;0,3;175,5;298,474;279,181;266;360;292,824;291,956;70;266,065;;2828,74
1888;0,3;173,5;298,582;279,156;266;360;292,824;291,956;70;266,052;;2827,5
1889;0,3;179;298,691;279,152;266;360;292,896;291,956;70;266,037;;2825,24
1890;0,3;186,5;298,951;279,116;266;360;292,969;291,956;70;266,022;;2823,99
1891;0,3;194;299,06;279,29;266;360;292,969;291,956;70;266,002;;2823,28
1892;0,3;201,5;298,915;279,409;266;360;292,911;291,956;70;265,977;;2822,15
1893;0,3;191,5;298,843;279;266;360;292,947;291,999;70;265,947;;2821,18
1894;0,3;186,5;298,857;278,997;266;360;292,969;292,101;70;265,918;;2821,18
1895;0,3;192,5;299,219;278,993;266;360;292,969;292,05;70;265,887;;2820,95
1896;0,3;194,5;299,349;278,997;266;360;292,969;292,021;70;265,86;;2819,48
1897;0,3;184,5;299,421;279;266;360;292,969;292,036;70;265,837;;2818,57
1898;0,3;193;300,087;279;266;360;292,925;292,101;70;265,821;;2817
1899;0,3;200,5;299,928;278,997;266;360;292,969;292,05;70;265,805;;2815,7
1900;0,3;200;299,812;278,993;266;360;292,969;291,999;70;265,793;;2813,71
1901;0,3;204;300,224;278,834;266;360;292,969;292,021;70;265,782;;2811,85
1902;0,3;213;300,26;278,863;266;360;292,86;291,956;70;265,773;;2810,26
1903;0,3;214,5;301,063;278,863;266;360;292,824;291,956;70;265,765;;2810,01
1904;0,3;214,5;301,165;278,874;266;360;292,824;291,956;70;265,767;;2809,76
1905;0,3;203,5;301,251;278,881;266;360;292,824;291,956;70;265,768;;2808,99
1906;0,3;203,5;301,295;278,881;266;360;292,824;291,956;70;265,771;;2808,29
1907;0,3;204,5;301,628;278,888;266;360;292,867;291,942;70;265,775;;2806,2
1908;0,3;202,5;301,917;278,751;266;360;292,824;291,92;70;265,777;;2802,65
1909;0,3;188,5;302,467;278,769;266;360;292,824;291,826;70;265,782;;2801,17
1910;0,3;185,5;302,865;278,646;266;360;292,824;291,811;70;265,795;;2800,17
1911;0,3;177;303,197;278,664;266;360;292,86;291,942;70;265,801;;2798,63
1912;0,3;175;303,154;278,649;266;360;292,824;291,876;70;265,809;;2797,34
1913;0,3;164;303,429;278,689;266;360;292,824;291,956;70;265,817;;2797,31
1914;0,3;160,5;303,653;278,704;266;360;292,969;291,956;70;265,819;;2797,26
1915;0,3;150,5;303,79;278,704;266;360;292,969;292,093;70;265,82;;2796,52
1916;0,3;145,5;304,044;278,733;266;360;292,969;292,014;70;265,82;;2796,27
1917;0,3;131,5;304,145;278,733;266;360;292,969;292,021;70;265,815;;2793,94
1918;0,3;130;304,181;278,74;266;360;292,911;292,007;70;265,813;;2790,59
1919;0,3;126;304,68;278,776;266;360;292,824;291,956;70;265,812;;2788,91
1920;0,3;112,5;304,593;278,783;266;360;292,904;291,999;70;265,816;;2786,13
1921;0,3;109,5;304,507;278,783;266;360;292,969;292,072;70;265,815;;2784,55
1922;0,3;109,5;304,42;278,801;266;360;292,969;292,072;70;265,813;;2784,35
1923;0,3;107;304,615;278,686;266;360;292,969;292,043;70;265,812;;2784,35
1924;0,3;106;304,521;278,812;266;360;292,969;292,05;70;265,811;;2784,12
1925;0,3;105,5;304,572;278,83;266;360;292,969;292,101;70;265,81;;2783,56
1926;0,3;115;304,999;278,595;266;360;293,063;292,05;70;265,803;;2783,56
1927;0,3;113;304,97;278,592;266;360;293,063;292,065;70;265,795;;2782,65
1928;0,3;111,5;304,905;278,592;266;360;292,998;292,057;70;265,785;;2781,85
1929;0,3;118;304,839;278,595;266;360;292,998;292,065;70;265,776;;2780,19
1930;0,3;119,5;304,767;278,599;266;360;293,063;292,101;70;265,766;;2778,56
1931;0,3;119;304,34;278,624;266;360;293,07;292,101;70;265,757;;2776,77
1932;0,3;115;304,058;278,635;266;360;293,113;292,101;70;265,748;;2775,4
1933;0,3;118;304,239;278,653;266;360;293,15;292,108;70;265,735;;2774,83
1934;0,3;133,5;304,253;278,653;266;360;293,113;292,137;70;265,728;;2774,36
1935;0,3;139;304,116;278,664;266;360;293,113;292,101;70;265,722;;2773,64
1936;0,3;139,5;303,971;278,678;266;360;293,113;292,101;70;265,72;;2771,86
1937;0,3;140;303,581;278,711;266;360;293,113;292,101;70;265,717;;2770,06
1938;0,3;146;303,559;278,722;266;360;293,07;292,101;70;265,716;;2768,49
1939;0,3;153,5;303,61;278,859;266;360;293,07;292,101;70;265,716;;2766,03
1940;0,3;159;303,725;279;266;360;293,012;292,101;70;265,714;;2765,65
1941;0,3;166;303,798;278,993;266;360;293,077;292,101;70;265,715;;2765,35
1942;0,3;166,5;303,762;278,997;266;360;293,113;292,101;70;265,713;;2764,55
1943;0,3;164;303,66;279,004;266;360;293,113;292,166;70;265,714;;2763,27
1944;0,3;163;303,602;279;266;360;293,113;292,245;70;265,717;;2763,27
1945;0,3;170;303,516;278,997;266;360;293,113;292,245;70;265,721;;2762,55
1946;0,3;174;303,696;278,993;266;360;293,215;292,245;70;265,724;;2761,82
1947;0,3;173,5;303,769;278,993;266;360;293,157;292,245;70;265,725;;2761,18
1948;0,3;173,5;303,783;279;266;360;293,121;292,245;70;265,725;;2759,58
1949;0,3;172,5;303,877;279;266;360;293,113;292,202;70;265,721;;2758,06
1950;0,3;166,5;303,928;279;266;360;293,113;292,245;70;265,717;;2756,66
1951;0,3;166,5;303,66;278,997;266;360;293,113;292,159;70;265,714;;2755,43
1952;0,3;171,5;303,776;278,993;266;360;293,027;292,18;70;265,707;;2754,06
1953;0,3;180;303,711;278,997;266;360;293,027;292,101;70;265,702;;2754,06
1954;0,3;180,5;303,537;279;266;360;293,07;292,101;70;265,7;;2754,06
1955;0,3;175,5;304,174;279;266;360;293,063;292,101;70;265,692;;2752,77
1956;0,3;168,5;304,246;278,997;266;360;293,113;292,101;70;265,69;;2750,3
1957;0,3;163;304,188;278,993;266;360;293,106;292,101;70;265,691;;2748,58
1958;0,3;159;304,094;278,997;266;360;293,019;292,18;70;265,692;;2745,41
1959;0,3;161;304;279,008;266;360;293,142;292,245;70;265,692;;2744,41
1960;0,3;164,5;304,405;279;266;360;293,113;292,245;70;265,696;;2743,53
1961;0,3;164;304,615;279;266;360;293,157;292,224;70;265,703;;2741,99
1962;0,3;160,5;304,991;278,993;266;360;293,012;292,101;70;265,714;;2741,58
1963;0,3;161,5;304,738;278,993;266;360;293,077;292,144;70;265,725;;2739,34
1964;0,3;157,5;304,695;279;266;360;293,113;292,296;70;265,742;;2737,84
1965;0,3;145,5;304,622;279;266;360;293,251;292,39;70;265,755;;2737,19
1966;0,3;145,5;305,056;279;266;360;293,258;292,39;70;265,774;;2735,56
1967;0,3;151,5;304,984;278,993;266;360;293,258;292,318;70;265,795;;2733,77
1968;0,3;148;305,035;278,993;266;360;293,258;292,245;70;265,81;;2732,93
1969;0,3;131,5;305,172;279;266;360;293,258;292,245;70;265,828;;2730,53
1970;0,3;121,5;305,252;279;266;360;293,113;292,245;70;265,848;;2728,34
1971;0,3;118;305,216;279;266;360;293,113;292,166;70;265,866;;2727,89
1972;0,3;114,5;305,035;278,997;266;360;293,142;292,238;70;265,889;;2727,89
1973;0,3;108,5;304,977;278,993;266;360;293,258;292,245;70;265,91;;2727,89
1974;0,3;107;305,071;279,004;266;360;293,258;292,245;70;265,93;;2727,89
1975;0,3;102;304,991;279;266;360;293,309;292,282;70;265,95;;2726,91
1976;0,3;96,5;305,006;279;266;360;293,403;292,376;70;265,975;;2724,88
1977;0,3;94,5;304,977;278,997;266;360;293,345;292,339;70;265,994;;2723,35
1978;0,3;90;304,883;278,61;266;360;293,388;292,31;70;266,019;;2722,1
1979;0,3;81;304,839;278,628;266;360;293,316;292,339;70;266,037;;2720,48
1980;0,3;73,5;304,008;278,66;266;360;293,302;292,354;70;266,056;;2719,78
1981;0,3;75;303,971;278,693;266;360;293,352;292,39;70;266,076;;2719,06
1982;0,3;82;304,065;278,696;266;360;293,345;292,303;70;266,089;;2717,99
1983;0,3;77,5;303,798;278,7;266;360;293,309;292,339;70;266,097;;2716,9
1984;0,3;75,5;303,429;278,856;266;360;293,359;292,347;70;266,097;;2716,84
1985;0,3;78;303,516;278,646;266;360;293,403;292,39;70;266,097;;2716,61
1986;0,3;78;303,096;278,635;266;360;293,403;292,441;70;266,094;;2715,54
1987;0,3;78;302,836;278,602;266;360;293,367;292,339;70;266,085;;2713,24
1988;0,3;78;302,46;278,718;266;360;293,352;292,31;70;266,075;;2709,82
1989;0,3;85,5;302,677;278,602;266;360;293,338;292,303;70;266,066;;2709,43
1990;0,3;95,5;301,931;278,602;266;360;293,352;292,347;70;266,069;;2708,87
1991;0,3;96,5;302,062;278,617;266;360;293,294;292,296;70;266,061;;2708,09
1992;0,3;106,5;301,931;278,599;266;360;293,258;292,39;70;266,06;;2708,09
1993;0,3;115;301,982;278,595;266;360;293,309;292,347;70;266,061;;2708,08
1994;0,3;119;301,085;278,718;266;360;293,258;292,253;70;266,061;;2706,56
1995;0,3;123;300,948;278,783;266;360;293,258;292,245;70;266,063;;2705,73
1996;0,3;133;300,535;278,762;266;360;293,258;292,245;70;266,063;;2704,69
1997;0,3;140;300,275;278,751;266;360;293,207;292,166;70;266,064;;2702,23
1998;0,3;145;300,369;278,733;266;360;293,135;292,144;70;266,064;;2700,43
1999;0,3;153;300,485;278,711;266;360;293,258;292,245;70;266,064;;2699,31
2000;0,3;154;300,123;278,678;266;360;293,294;292,354;70;266,069;;2697,24
2001;0,3;156,5;300,13;278,657;266;360;293,309;292,39;70;266,071;;2696,02
2002;0,3;169,5;299,935;278,881;266;360;293,309;292,31;70;266,074;;2696,02
2003;0,3;173,5;299,863;278,892;266;360;293,338;292,39;70;266,076;;2696,02
2004;0,3;174;299,812;278,892;266;360;293,345;292,245;70;266,079;;2695,41
2005;0,3;174;299,884;278,888;266;360;293,302;292,245;70;266,081;;2693,8
2006;0,3;174;300,014;278,885;266;360;293,403;292,325;70;266,083;;2691,76
2007;0,3;173;300,101;278,877;266;360;293,403;292,39;70;266,086;;2689,58
2008;0,3;172,5;300,109;278,877;266;360;293,453;292,39;70;266,087;;2687,98
2009;0,3;172,5;300,029;278,866;266;360;293,403;292,39;70;266,092;;2686,52
2010;0,3;172;300,094;278,856;266;360;293,403;292,39;70;266,104;;2685,18
2011;0,3;169,5;300,13;278,852;266;360;293,424;292,39;70;266,115;;2685,14
2012;0,3;166;300,101;278,838;266;360;293,432;292,39;70;266,124;;2683,51
2013;0,3;165;300,137;278,827;266;360;293,403;292,448;70;266,132;;2682,92
2014;0,3;155;300,217;278,827;266;360;293,403;292,491;70;266,143;;2682,9
2015;0,3;146;300,687;278,83;266;360;293,403;292,412;70;266,154;;2681,35
2016;0,3;143;301,157;278,838;266;360;293,403;292,39;70;266,171;;2680,01
2017;0,3;138,5;301,085;278,827;266;360;293,359;292,39;70;266,187;;2678,52
2018;0,3;127;300,969;278,465;266;360;293,323;292,296;70;266,205;;2676,42
2019;0,3;125;300,883;278,479;266;360;293,302;292,361;70;266,217;;2675,48
2020;0,3;124,5;301,143;278,49;266;360;293,258;292,245;70;266,235;;2674,67
2021;0,3;123;301,382;278,501;266;360;293,33;292,339;70;266,251;;2672,99
2022;0,3;111,5;301,454;278,49;266;360;293,359;292,282;70;266,262;;2671,51
2023;0,3;97;301,497;278,479;266;360;293,309;292,245;70;266,276;;2671,3
2024;0,3;91;301,49;278,487;266;360;293,446;292,245;70;266,291;;2670,1
2025;0,3;88,5;301,425;278,487;266;360;293,359;292,296;70;266,305;;2669,15
2026;0,3;82,5;301,28;278,494;266;360;293,309;292,296;70;266,318;;2667,85
2027;0,3;80;301,244;278,483;266;360;293,359;292,267;70;266,33;;2665,92
2028;0,3;74;301,143;278,479;266;360;293,396;292,303;70;266,341;;2663,51
2029;0,3;77;301,114;278,494;266;360;293,258;292,376;70;266,352;;2661,96
2030;0,3;73,5;300,933;278,494;266;360;293,309;292,347;70;266,36;;2660,83
2031;0,3;59,5;301,056;278,49;266;360;293,309;292,303;70;266,371;;2659,93
2032;0,3;58;301,136;278,479;266;360;293,309;292,39;70;266,369;;2659,93
2033;0,3;62,5;300,904;278,487;266;360;293,359;292,296;70;266,372;;2659,93
2034;0,3;62,5;300,666;278,487;266;360;293,367;292,347;70;266,376;;2659,47
2035;0,3;66;300,586;278,487;266;360;293,403;292,39;70;266,38;;2658,73
2036;0,3;72,5;300,188;278,49;266;360;293,403;292,39;70;266,38;;2656,76
2037;0,3;70;299,855;278,49;266;360;293,403;292,39;70;266,382;;2654,46
2038;0,3;72,5;299,797;278,49;266;360;293,403;292,39;70;266,379;;2653,61
2039;0,3;78;299,696;278,487;266;360;293,403;292,397;70;266,382;;2651,77
2040;0,3;87;299,313;278,501;266;360;293,453;292,426;70;266,383;;2650,58
2041;0,3;96,5;299,081;278,483;266;360;293,41;292,318;70;266,382;;2650,5
2042;0,3;98,5;298,944;278,479;266;360;293,432;292,245;70;266,39;;2649,8
2043;0,3;104;298,466;278,508;266;360;293,403;292,296;70;266,4;;2649,24
2044;0,3;109,5;298,134;278,508;266;360;293,403;292,405;70;266,411;;2648,95
2045;0,3;118,5;298,329;278,483;266;360;293,446;292,419;70;266,426;;2647,44
2046;0,3;123;298,213;278,494;266;360;293,424;292,39;70;266,445;;2645,24
2047;0,3;120,5;298,047;278,505;266;360;293,439;292,39;70;266,464;;2643,8
2048;0,3;124,5;298,047;278,498;266;360;293,403;292,39;70;266,493;;2641,47
2049;0,3;133,5;297,88;278,49;266;360;293,403;292,39;70;266,518;;2639,03
2050;0,3;132;297,439;278,476;266;360;293,403;292,39;70;266,539;;2638,96
2051;0,3;126,5;297,085;278,49;266;360;293,511;292,39;70;266,558;;2638,69
2052;0,3;129;297,034;278,501;266;360;293,547;292,448;70;266,574;;2637,98
2053;0,3;129;297,063;278,501;266;360;293,547;292,513;70;266,582;;2637,98
2054;0,3;122;297,121;278,483;266;360;293,547;292,39;70;266,588;;2636,89
2055;0,3;117,5;297,172;278,479;266;360;293,547;292,39;70;266,59;;2635,76
2056;0,3;107,5;297,237;278,505;266;360;293,497;292,39;70;266,591;;2634,83
2057;0,3;103,5;297,28;278,443;266;360;293,547;292,491;70;266,586;;2633,13
2058;0,3;104,5;297,266;278,371;266;360;293,547;292,535;70;266,581;;2631,95
2059;0,3;105;297,201;278,328;266;360;293,547;292,535;70;266,574;;2631,72
2060;0,3;99,5;297,345;278,277;266;360;293,62;292,622;70;266,57;;2629,79
2061;0,3;93,5;297,099;278,328;266;360;293,569;292,622;70;266,569;;2628,38
2062;0,3;90,5;297,128;278,248;266;360;293,547;292,535;70;266,563;;2627,89
2063;0,3;88,5;296,904;278,27;266;360;293,547;292,535;70;266,562;;2627,89
2064;0,3;91,5;297,012;278,295;266;360;293,569;292,499;70;266,556;;2627,4
2065;0,3;101,5;297,049;278,313;266;360;293,62;292,52;70;266,554;;2626,85
2066;0,3;109;296,955;278,331;266;360;293,547;292,477;70;266,554;;2625,02
2067;0,3;112,5;296,853;278,139;266;360;293,41;292,39;70;266,551;;2621,87
2068;0,3;112,5;296,781;277,98;266;360;293,403;292,39;70;266,547;;2620,01
2069;0,3;114;296,889;277,984;266;360;293,403;292,39;70;266,543;;2618,26
2070;0,3;113,5;296,643;277,977;266;360;293,403;292,433;70;266,538;;2616,41
2071;0,3;111;296,6;277,969;266;360;293,403;292,39;70;266,533;;2616,34
2072;0,3;110,5;296,578;277,969;266;360;293,403;292,39;70;266,525;;2615,1
2073;0,3;119;296,701;277,98;266;360;293,403;292,39;70;266,517;;2614,53
2074;0,3;133;296,593;277,781;266;360;293,403;292,39;70;266,505;;2614,02
2075;0,3;136;296,564;277,586;266;360;293,403;292,39;70;266,495;;2613,2
2076;0,3;135,5;296,644;277,582;266;360;293,403;292,39;70;266,485;;2611,63
2077;0,3;134,5;296,723;277,582;266;360;293,403;292,433;70;266,475;;2610,82
2078;0,3;132,5;296,788;277,601;266;360;293,519;292,527;70;266,466;;2608
2079;0,3;134;296,817;277,629;266;360;293,547;292,535;70;266,459;;2605,54
2080;0,3;137;296,774;277,637;266;360;293,504;292,535;70;266,453;;2605,08
2081;0,3;148;296,68;277,633;266;360;293,642;292,614;70;266,444;;2603,86
2082;0,3;147,5;296,586;277,648;266;360;293,649;292,593;70;266,439;;2603,54
2083;0,3;147;296,463;277,669;266;360;293,605;292,578;70;266,434;;2603,54
2084;0,3;147;296,419;277,575;266;360;293,605;292,622;70;266,431;;2603,28
2085;0,3;150;296,441;277,481;266;360;293,685;292,535;70;266,427;;2602,04
2086;0,3;151;296,73;277,467;266;360;293,547;292,535;70;266,423;;2600,73
2087;0,3;155;297,063;277,441;266;360;293,656;292,629;70;266,415;;2600,01
2088;0,3;159;296,998;277,438;266;360;293,649;292,549;70;266,406;;2599,57
2089;0,3;155;296,911;277,463;266;360;293,692;292,679;70;266,396;;2598,8
2090;0,3;152,5;296,81;277,463;266;360;293,692;292,679;70;266,386;;2595,74
2091;0,3;148,5;296,795;277,456;266;360;293,757;292,723;70;266,371;;2592,72
2092;0,3;153,5;296,969;277,257;266;360;293,837;292,824;70;266,355;;2592,53
2093;0,3;155;297,758;277,062;266;360;293,837;292,781;70;266,342;;2592,53
2094;0,3;154;297,83;277,058;266;360;293,837;292,824;70;266,326;;2592,53
2095;0,3;149,5;297,808;277,08;266;360;293,837;292,788;70;266,31;;2592,11
2096;0,3;159;297,714;277,098;266;360;293,793;292,679;70;266,297;;2591,31
2097;0,3;161,5;297,772;277,101;266;360;293,837;292,737;70;266,284;;2589,2
2098;0,3;156;297,83;277,242;266;360;293,837;292,824;70;266,273;;2587,43
2099;0,3;154,5;297,924;277,214;266;360;293,837;292,824;70;266,259;;2584,52
2100;0,3;154,5;298,018;277,174;266;360;293,837;292,824;70;266,241;;2582,47
2101;0,3;155;298,126;277,185;266;360;293,837;292,824;70;266,225;;2582,05
2102;0,3;155;298,524;276,96;266;360;293,837;292,795;70;266,209;;2581,55
2103;0,3;160;298,466;276,957;266;360;293,837;292,773;70;266,196;;2581,28
2104;0,3;161,5;298,409;276,95;266;360;293,793;292,687;70;266,184;;2581,25
2105;0,3;162;298,401;276,942;266;360;293,714;292,679;70;266,171;;2580,54
2106;0,3;160,5;298,821;276,953;266;360;293,743;292,679;70;266,161;;2578,91
2107;0,3;162;298,944;276,964;266;360;293,692;292,679;70;266,155;;2578,63
2108;0,3;160;299,052;276,957;266;360;293,692;292,679;70;266,149;;2575,71
2109;0,3;160,5;299,11;276,95;266;360;293,62;292,679;70;266,143;;2573,75
2110;0,3;163;299,501;276,942;266;360;293,67;292,679;70;266,141;;2572,28
2111;0,3;165;299,732;276,942;266;360;293,642;292,679;70;266,137;;2570,79
2112;0,3;161;299,363;276,964;266;360;293,605;292,593;70;266,135;;2569,56
2113;0,3;160,5;299,465;276,957;266;360;293,692;292,679;70;266,136;;2569,49
2114;0,3;162;299,884;276,95;266;360;293,721;292,824;70;266,136;;2569,18
2115;0,3;161,5;300,022;276,942;266;360;293,837;292,824;70;266,133;;2568,72
2116;0,3;155;300,123;276,953;266;360;293,837;292,781;70;266,129;;2567,78
2117;0,3;148;300,369;276,964;266;360;293,837;292,788;70;266,125;;2565,6
2118;0,3;144,5;300,282;276,957;266;360;293,837;292,773;70;266,121;;2562,61
2119;0,3;135,5;300,21;276,95;266;360;293,757;292,781;70;266,117;;2562,48
2120;0,3;131,5;300,521;276,942;266;360;293,83;292,824;70;266,115;;2561,52
2121;0,3;126,5;300,883;276,946;266;360;293,837;292,781;70;266,108;;2560,43
2122;0,3;125;301,027;276,964;266;360;293,837;292,781;70;266,107;;2560,19
2123;0,3;124,5;301,165;276,953;266;360;293,837;292,781;70;266,106;;2559,9
2124;0,3;125;301,1;277,101;266;360;293,887;292,824;70;266,105;;2558,66
2125;0,3;128;300,998;277,12;266;360;293,931;292,846;70;266,102;;2558,43
2126;0,3;129;301,324;277,145;266;360;293,858;292,867;70;266,102;;2557,03
2127;0,3;123;301,411;277,242;266;360;293,902;292,867;70;266,102;;2555,4
2128;0,3;117;301,309;277,34;266;360;293,837;292,781;70;266,1;;2553,94
2129;0,3;116;301,36;277,34;266;360;293,88;292,824;70;266,102;;2551,22
2130;0,3;116,5;301,432;277,337;266;360;293,851;292,824;70;266,102;;2549,41
2131;0,3;119;301,454;277,337;266;360;293,858;292,824;70;266,102;;2549,17
2132;0,3;120;301,374;277,337;266;360;293,837;292,86;70;266,102;;2548,27
2133;0,3;121;301,36;277,347;266;360;293,837;292,824;70;266,102;;2547,03
2134;0,3;120;301,44;277,217;266;360;293,837;292,788;70;266,102;;2546,96
2135;0,3;119;301,36;277,203;266;360;293,837;292,766;70;266,1;;2546,04
2136;0,3;108,5;301,353;277,188;266;360;293,837;292,781;70;266,106;;2543,95
2137;0,3;105,5;301,071;277,297;266;360;293,837;292,788;70;266,109;;2543,2
2138;0,3;110,5;301,056;277,159;266;360;293,837;292,781;70;266,108;;2542,81
2139;0,3;119,5;301,121;277,181;266;360;293,837;292,773;70;266,111;;2541,57
2140;0,3;124,5;301,107;277,101;266;360;293,837;292,824;70;266,106;;2539,82
2141;0,3;126,5;301,013;277,185;266;360;293,931;292,889;70;266,105;;2538,12
2142;0,3;128;300,919;277,3;266;360;293,837;293,012;70;266,105;;2536,29
2143;0,3;126,5;300,875;277,311;266;360;293,945;292,969;70;266,104;;2535,93
2144;0,3;126;301,005;277,235;266;360;293,88;292,969;70;266,099;;2535,41
2145;0,3;124;301,15;277,138;266;360;293,982;293,056;70;266,091;;2535,17
2146;0,3;126;301,157;277,355;266;360;293,982;292,969;70;266,083;;2534,73
2147;0,3;124;301,085;277,224;266;360;293,916;292,969;70;266,077;;2533,99
2148;0,3;127;300,955;277,083;266;360;293,945;292,969;70;266,069;;2532,52
2149;0,3;129;300,477;277,076;266;360;293,982;292,969;70;266,061;;2529,82
2150;0,3;127,5;300,535;277,058;266;360;293,982;292,969;70;266,055;;2528,11
2151;0,3;135;300,673;277,072;266;360;294,083;293,041;70;266,052;;2527,42
2152;0,3;140,5;300,817;277,072;266;360;294,126;293,07;70;266,049;;2526,03
2153;0,3;140;300,637;277,195;266;360;294,126;293,113;70;266,05;;2524,33
2154;0,3;139,5;300,253;277,308;266;360;294,126;293,077;70;266,049;;2522,96
2155;0,3;146;300,21;277,282;266;360;294,126;293,113;70;266,049;;2522,48
2156;0,3;153,5;300,174;277,268;266;360;294,126;293,113;70;266,055;;2522,19
2157;0,3;153,5;300,123;277,271;266;360;294,126;293,113;70;266,065;;2521,79
2158;0,3;153,5;300,166;277,25;266;360;294,126;293,113;70;266,074;;2520,67
2159;0,3;148;300,239;277,228;266;360;294,126;293,113;70;266,084;;2518,91
2160;0,3;146,5;300,376;277,217;266;360;294,126;293,113;70;266,093;;2517,03
2161;0,3;148,5;300,514;277,17;266;360;294,126;293,113;70;266,1;;2514,79
2162;0,3;152;300,492;277,253;266;360;294,126;293,077;70;266,111;;2512,39
2163;0,3;150;300,405;277,351;266;360;294,09;293,034;70;266,125;;2511,78
2164;0,3;147,5;300,282;277,315;266;360;293,982;293,113;70;266,136;;2509,71
2165;0,3;146,5;300,21;277,351;266;360;293,982;292,998;70;266,149;;2509,35
2166;0,3;139,5;300,181;277,351;266;360;293,96;292,969;70;266,164;;2509,35
2167;0,3;133,5;300,239;277,347;266;360;293,96;292,969;70;266,178;;2508,86
2168;0,3;136;300,268;277,34;266;360;293,982;292,969;70;266,194;;2507,45
2169;0,3;135,5;300,347;277,416;266;360;293,989;293,041;70;266,208;;2506,89
2170;0,3;131;301,157;277,463;266;360;294,126;293,113;70;266,223;;2505,63
2171;0,3;118;301,1;277,474;266;360;294,039;293,113;70;266,235;;2503,44
2172;0,3;106;300,991;277,47;266;360;293,982;293,056;70;266,253;;2503,18
2173;0,3;99;300,911;277,441;266;360;293,982;292,99;70;266,276;;2501,8
2174;0,3;91;300,89;277,452;266;360;293,982;292,99;70;266,295;;2500,43
2175;0,3;86,5;301,013;277,47;266;360;293,982;292,969;70;266,31;;2499,72
2176;0,3;84,5;301,143;277,257;266;360;293,945;292,969;70;266,322;;2499,72
2177;0,3;84;300,586;277,246;266;360;293,974;293,012;70;266,334;;2499,3
2178;0,3;76,5;300,738;277,163;266;360;293,982;292,969;70;266,344;;2498
2179;0,3;74,5;300,651;277,188;266;360;293,982;292,969;70;266,356;;2496,48
2180;0,3;73;300,564;277,214;266;360;293,982;292,969;70;266,363;;2493,7
2181;0,3;70,5;300,087;277,25;266;360;293,982;292,969;70;266,367;;2492,4
2182;0,3;68,5;300,181;277,242;266;360;293,982;292,969;70;266,372;;2491,09
2183;0,3;60,5;299,92;277,224;266;360;293,982;292,969;70;266,372;;2488,95
2184;0,3;58;300,007;277,257;266;360;293,931;292,925;70;266,374;;2488,06
2185;0,3;65;299,863;277,25;266;360;294,025;292,969;70;266,375;;2487,29
2186;0,3;62;299,609;277,271;266;360;293,982;293,077;70;266,378;;2487,22
2187;0,3;66,5;299,501;277,271;266;360;294,076;293,07;70;266,378;;2487,22
2188;0,3;74,5;298,944;277,333;266;360;294,104;293,063;70;266,375;;2486,47
2189;0,3;76;298,864;277,329;266;360;294,104;293,106;70;266,376;;2485,72
2190;0,3;80;298,539;277,304;266;360;294,126;293,113;70;266,376;;2484,58
2191;0,3;85,5;298,257;277,329;266;360;294,126;293,063;70;266,37;;2482,97
2192;0,3;95,5;298,155;277,203;266;360;294,018;293,027;70;266,36;;2481
2193;0,3;103,5;298,04;277,098;266;360;294,01;292,969;70;266,352;;2480,03
2194;0,3;107,5;298,04;277,217;266;360;294,126;293,077;70;266,34;;2478,45
2195;0,3;113;297,758;277,08;266;360;294,126;293,113;70;266,324;;2477,75
2196;0,3;117;297,692;277,069;266;360;294,126;293,07;70;266,309;;2477,36
2197;0,3;130,5;297,598;277,12;266;360;294,076;293,027;70;266,299;;2476,99
2198;0,3;143;296,781;277,13;266;360;294,126;293,056;70;266,279;;2476,66
2199;0,3;148;296,861;277,145;266;360;294,126;293,077;70;266,256;;2476,23
2200;0,3;158,5;297,005;277,25;266;360;294,126;293,113;70;266,238;;2474,67
2201;0,3;163;297,049;277,174;266;360;294,126;293,113;70;266,226;;2472,29
2202;0,3;162,5;296,955;277,326;266;360;294,061;293,113;70;266,212;;2470,94
2203;0,3;169,5;296,897;277,087;266;360;294,018;293,113;70;266,204;;2469,3
2204;0,3;177,5;296,781;276,964;266;360;294,126;293,113;70;266,193;;2467,91
2205;0,3;180,5;296,81;276,957;266;360;294,076;293,113;70;266,185;;2467,29
2206;0,3;180;296,933;276,95;266;360;294,126;293,113;70;266,178;;2465,54
2207;0,3;185;297,041;276,942;266;360;294,126;293,113;70;266,17;;2464,48
2208;0,3;188,5;297,041;276,95;266;360;294,076;293,07;70;266,164;;2463,88
2209;0,3;190;296,926;276,964;266;360;294,112;293,157;70;266,158;;2463,29
2210;0,3;191,5;297,179;276,957;266;360;294,126;293,171;70;266,154;;2461,93
2211;0,3;201;297,418;276,95;266;360;294,17;293,251;70;266,142;;2460,93
2212;0,3;195;297,425;276,939;266;360;294,126;293,222;70;266,132;;2457,98
2213;0,3;189;297,837;276,953;266;360;294,177;293,186;70;266,123;;2456,55
2214;0,3;192,5;298,069;276,968;266;360;294,17;293,193;70;266,109;;2454,93
2215;0,3;198,5;298,003;276,953;266;360;294,155;293,164;70;266,097;;2453,93
2216;0,3;190;298,307;276,946;266;360;294,191;293,179;70;266,084;;2453,53
2217;0,3;183;298,192;276,939;266;360;294,22;293,258;70;266,065;;2453,04
2218;0,3;171,5;298,466;276,957;266;360;294,162;293,215;70;266,049;;2452,32
2219;0,3;169,5;298,864;276,964;266;360;294,191;293,258;70;266,033;;2451,91
2220;0,3;165;299,154;276,953;266;360;294,271;293,265;70;266,017;;2450,71
2221;0,3;166;299,421;276,95;266;360;294,321;293,403;70;265,996;;2449,62
2222;0,3;166;299,855;276,939;266;360;294,365;293,374;70;265,977;;2448,61
2223;0,3;161;300,029;276,96;266;360;294,271;293,258;70;265,959;;2446,67
2224;0,3;157;299,964;276,964;266;360;294,271;293,258;70;265,945;;2445,94
2225;0,3;159;299,841;276,953;266;360;294,271;293,323;70;265,926;;2445,81
2226;0,3;162,5;300,203;276,946;266;360;294,271;293,403;70;265,908;;2445,13
2227;0,3;165,5;300,506;276,939;266;360;294,271;293,323;70;265,89;;2444,75
2228;0,3;160;300,564;276,953;266;360;294,271;293,258;70;265,876;;2443,96
2229;0,3;161,5;301,092;276,964;266;360;294,271;293,309;70;265,86;;2443,19
2230;0,3;166;301,165;276,957;266;360;294,271;293,302;70;265,841;;2442,47
2231;0,3;165,5;301,107;276,946;266;360;294,271;293,309;70;265,822;;2440,93
2232;0,3;165,5;301,237;276,939;266;360;294,271;293,258;70;265,802;;2438,7
2233;0,3;167,5;301,49;276,957;266;360;294,271;293,309;70;265,782;;2436,49
2234;0,3;174,5;301,678;276,96;266;360;294,343;293,403;70;265,763;;2435,61
2235;0,3;175,5;301,736;276,953;266;360;294,415;293,374;70;265,746;;2433,65
2236;0,3;177;301,968;276,946;266;360;294,415;293,461;70;265,727;;2432,71
2237;0,3;179;302,12;276,942;266;360;294,394;293,446;70;265,706;;2432,49
2238;0,3;185;302,127;276,953;266;360;294,394;293,446;70;265,69;;2431,96
2239;0,3;182;302,047;277,116;266;360;294,415;293,403;70;265,673;;2431,3
2240;0,3;179,5;302,749;277,134;266;360;294,466;293,526;70;265,657;;2430,52
2241;0,3;182,5;302,677;277,156;266;360;294,466;293,547;70;265,639;;2428,92
2242;0,3;183,5;302,655;277,167;266;360;294,452;293,446;70;265,623;;2426,71
2243;0,3;189,5;302,901;277,148;266;360;294,452;293,446;70;265,602;;2426,2
2244;0,3;186,5;303,197;277,12;266;360;294,415;293,403;70;265,583;;2424,07
2245;0,3;182,5;303,176;277,109;266;360;294,415;293,497;70;265,563;;2422,24
2246;0,3;181,5;303,082;277,091;266;360;294,459;293,497;70;265,542;;2420,92
2247;0,3;185;303,617;277,076;266;360;294,415;293,439;70;265,529;;2419,9
2248;0,3;187,5;303,61;277,441;266;360;294,415;293,403;70;265,517;;2419,65
2249;0,3;187,5;303,595;277,441;266;360;294,415;293,403;70;265,505;;2419,24
2250;0,3;192;304,044;277,463;266;360;294,415;293,439;70;265,49;;2418,38
2251;0,3;191;304,174;277,467;266;360;294,415;293,497;70;265,476;;2417,66
2252;0,3;189,5;304,232;277,452;266;360;294,466;293,446;70;265,462;;2416,41
2253;0,3;193,5;304,319;277,445;266;360;294,51;293,403;70;265,444;;2413,31
2254;0,3;195;304,319;277,438;266;360;294,437;293,482;70;265,431;;2412,5
2255;0,3;194,5;304,521;277,452;266;360;294,437;293,497;70;265,41;;2411,11
2256;0,3;188,5;304,984;277,611;266;360;294,473;293,446;70;265,389;;2410,21
2257;0,3;187,5;305,093;277,749;266;360;294,51;293,453;70;265,372;;2410,07
2258;0,3;187,5;305,259;277,731;266;360;294,459;293,439;70;265,352;;2408,22
2259;0,3;190;305,563;277,698;266;360;294,473;293,504;70;265,331;;2407,91
2260;0,3;194,5;305,548;277,673;266;360;294,488;293,547;70;265,312;;2406,8
2261;0,3;192,5;305,606;277,666;266;360;294,466;293,475;70;265,292;;2406,41
2262;0,3;194,5;306,069;277,814;266;360;294,43;293,446;70;265,273;;2405,75
2263;0,3;193;306,019;277,973;266;360;294,452;293,54;70;265,255;;2404,66
2264;0,3;193,5;306,149;277,966;266;360;294,459;293,547;70;265,239;;2401,94
2265;0,3;195,5;306,706;277,973;266;360;294,459;293,403;70;265,224;;2398,63
2266;0,3;196;306,583;277,984;266;360;294,415;293,475;70;265,211;;2398,41
2267;0,3;195,5;306,901;277,977;266;360;294,415;293,453;70;265,207;;2397,12
2268;0,3;194;307,19;277,973;266;360;294,437;293,403;70;265,201;;2395,58
2269;0,3;189,5;307,082;277,969;266;360;294,43;293,446;70;265,199;;2395,47
2270;0,3;191;307,161;278,172;266;360;294,51;293,446;70;265,197;;2394,32
2271;0,3;196;307,53;278,237;266;360;294,56;293,432;70;265,195;;2393,65
2272;0,3;192,5;307,357;278,353;266;360;294,56;293,461;70;265,196;;2392,88
2273;0,3;188;307,914;278,237;266;360;294,56;293,453;70;265,203;;2390,93
2274;0,3;188;308,304;278,096;266;360;294,56;293,424;70;265,216;;2390,3
2275;0,3;185;308,218;278,092;266;360;294,56;293,424;70;265,229;;2389
2276;0,3;179;308,131;278,096;266;360;294,56;293,533;70;265,244;;2385,88
2277;0,3;172,5;308,753;278,096;266;360;294,582;293,547;70;265,259;;2384,7
2278;0,3;169;308,789;278,089;266;360;294,705;293,547;70;265,269;;2383,41
2279;0,3;159,5;308,912;278,472;266;360;294,705;293,547;70;265,282;;2382,71
2280;0,3;152,5;308,789;278,49;266;360;294,705;293,547;70;265,294;;2382,13
2281;0,3;147,5;308,565;278,505;266;360;294,705;293,547;70;265,306;;2381,35
2282;0,3;147;309,295;278,516;266;360;294,705;293,547;70;265,316;;2380,77
2283;0,3;149,5;309,209;278,465;266;360;294,705;293,547;70;265,328;;2380,51
2284;0,3;134;309,122;278,465;266;360;294,661;293,547;70;265,343;;2378,07
2285;0,3;126;309,086;278,508;266;360;294,705;293,547;70;265,353;;2376,36
2286;0,3;122,5;309,194;278,595;266;360;294,661;293,547;70;265,358;;2375,48
2287;0,3;118;309,332;278,787;266;360;294,567;293,547;70;265,364;;2373,43
2288;0,3;112,5;309,324;278,762;266;360;294,567;293,547;70;265,375;;2371,38
2289;0,3;111;309,245;278,639;266;360;294,705;293,547;70;265,39;;2371,37
2290;0,3;109;309,165;278,617;266;360;294,705;293,685;70;265,403;;2371,08
2291;0,3;109;308,876;278,617;266;360;294,705;293,692;70;265,414;;2370,63
2292;0,3;102,5;308,746;278,61;266;360;294,705;293,576;70;265,429;;2369,97
2293;0,3;101,5;308,847;278,595;266;360;294,661;293,547;70;265,442;;2369,14
2294;0,3;110,5;308,717;279;266;360;294,705;293,555;70;265,456;;2368,92
2295;0,3;115;308,427;279;266;360;294,705;293,591;70;265,471;;2366,78
2296;0,3;111;308,268;278,997;266;360;294,661;293,547;70;265,488;;2363,84
2297;0,3;107,5;308,232;278,993;266;360;294,705;293,547;70;265,504;;2362,93
2298;0,3;111;307,342;279,004;266;360;294,705;293,547;70;265,515;;2362,22
2299;0,3;107,5;307,335;279;266;360;294,705;293,547;70;265,524;;2361,44
2300;0,3;103,5;307,393;279;266;360;294,669;293,547;70;265,53;;2360,98
2301;0,3;105;307,154;278,997;266;360;294,705;293,547;70;265,542;;2360,23
2302;0,3;110;307,255;278,993;266;360;294,705;293,547;70;265,55;;2359,65
2303;0,3;113,5;306,973;279;266;360;294,596;293,547;70;265,558;;2358,67
2304;0,3;111;306,597;279;266;360;294,604;293,547;70;265,57;;2357,53
2305;0,3;112;306,424;279;266;360;294,647;293,547;70;265,577;;2356,46
2306;0,3;115,5;306,033;279;266;360;294,705;293,547;70;265,587;;2354,96
2307;0,3;118;305,975;278,993;266;360;294,683;293,547;70;265,593;;2351,78
2308;0,3;125;305,715;278,997;266;360;294,683;293,598;70;265,601;;2350,7
2309;0,3;126;305,404;279,008;266;360;294,799;293,692;70;265,606;;2350,63
2310;0,3;139,5;305,483;279,192;266;360;294,792;293,728;70;265,607;;2350,11
2311;0,3;144;305,245;279,391;266;360;294,784;293,837;70;265,616;;2349,38
2312;0,3;133,5;305,143;279,384;266;360;294,705;293,699;70;265,62;;2348,81
2313;0,3;139;305,042;279,373;266;360;294,748;293,678;70;265,635;;2347,17
2314;0,3;147,5;304,42;279,279;266;360;294,799;293,591;70;265,639;;2346,52
2315;0,3;141;304,499;279,293;266;360;294,799;293,67;70;265,64;;2344,41
2316;0,3;145;304,825;279,279;266;360;294,741;293,649;70;265,638;;2344,27
2317;0,3;158,5;304,803;279,315;266;360;294,661;293,569;70;265,635;;2344,27
2318;0,3;150,5;304,13;279,304;266;360;294,705;293,692;70;265,635;;2343,5
2319;0,3;146,5;304,022;279,319;266;360;294,712;293,613;70;265,638;;2341,58
2320;0,3;155;303,921;279,369;266;360;294,741;293,634;70;265,646;;2339,95
2321;0,3;164,5;303,957;279,398;266;360;294,734;293,642;70;265,645;;2339,22
2322;0,3;162,5;304,08;279,373;266;360;294,85;293,613;70;265,643;;2338,1
2323;0,3;164,5;304,174;279,366;266;360;294,77;293,598;70;265,641;;2336,69
2324;0,3;162,5;303,885;279,355;266;360;294,799;293,656;70;265,645;;2336,48
2325;0,3;161,5;303,472;279,391;266;360;294,748;293,649;70;265,643;;2334,16
2326;0,3;171;303,393;279,185;266;360;294,705;293,707;70;265,644;;2333,79
2327;0,3;173,5;303,306;279;266;360;294,748;293,772;70;265,648;;2332,36
2328;0,3;170;303,53;279;266;360;294,799;293,772;70;265,652;;2330,52
2329;0,3;179,5;303,877;278,993;266;360;294,784;293,707;70;265,654;;2329,92
2330;0,3;183,5;303,979;278,997;266;360;294,748;293,736;70;265,661;;2328,62
2331;0,3;181,5;303,979;279,008;266;360;294,741;293,692;70;265,661;;2327,04
2332;0,3;179;303,913;279;266;360;294,842;293,714;70;265,662;;2326,73
2333;0,3;179;304,044;279;266;360;294,85;293,707;70;265,661;;2325,99
2334;0,3;182;303,95;278,993;266;360;294,85;293,692;70;265,659;;2324,13
2335;0,3;171;303,979;278,993;266;360;294,85;293,743;70;265,656;;2323,21
2336;0,3;161;304,109;279,004;266;360;294,85;293,743;70;265,65;;2321,41
2337;0,3;159,5;304,196;279;266;360;294,85;293,692;70;265,645;;2319,58
2338;0,3;161;304,152;279;266;360;294,85;293,598;70;265,638;;2319,01
2339;0,3;159,5;304,774;278,997;266;360;294,85;293,692;70;265,636;;2317,06
2340;0,3;157,5;304,434;278,993;266;360;294,755;293,656;70;265,636;;2315,58
2341;0,3;148,5;304,478;279,004;266;360;294,705;293,692;70;265,637;;2315,53
2342;0,3;144,5;304,579;278,823;266;360;294,748;293,692;70;265,637;;2314,42
2343;0,3;147;304,68;278,613;266;360;294,755;293,692;70;265,638;;2313,32
2344;0,3;152;304,745;278,624;266;360;294,705;293,605;70;265,639;;2313,32
2345;0,3;150;304,803;278,617;266;360;294,705;293,67;70;265,641;;2313,32
2346;0,3;153,5;304,883;278,602;266;360;294,705;293,547;70;265,641;;2312,78
2347;0,3;153;304,716;278,7;266;360;294,633;293,547;70;265,639;;2310,77
2348;0,3;153;304,659;278,718;266;360;294,56;293,54;70;265,638;;2307,65
2349;0,3;150,5;304,565;278,715;266;360;294,56;293,403;70;265,638;;2306,63
2350;0,3;154,5;304,832;278,816;266;360;294,56;293,432;70;265,638;;2306,11
2351;0,3;156;305,208;278,819;266;360;294,56;293,446;70;265,641;;2304,47
2352;0,3;145;305,23;278,584;266;360;294,56;293,547;70;265,648;;2304,42
2353;0,3;143;305,208;278,74;266;360;294,56;293,547;70;265,649;;2302,98
2354;0,3;142;305,064;278,87;266;360;294,56;293,547;70;265,651;;2302,31
2355;0,3;143;304,984;278,874;266;360;294,56;293,547;70;265,655;;2301,71
2356;0,3;140,5;305,049;278,863;266;360;294,56;293,504;70;265,658;;2299,35
2357;0,3;141,5;305,158;278,812;266;360;294,56;293,482;70;265,662;;2297,38
2358;0,3;143,5;305,252;278,772;266;360;294,56;293,453;70;265,669;;2296,38
2359;0,3;141,5;305,208;278,751;266;360;294,56;293,439;70;265,677;;2295,43
2360;0,3;139,5;305,1;278,718;266;360;294,452;293,41;70;265,679;;2294,35
2361;0,3;139,5;304,991;278,668;266;360;294,415;293,511;70;265,687;;2293,62
2362;0,3;139,5;305,1;278,664;266;360;294,415;293,439;70;265,695;;2292,99
2363;0,3;136,5;305,208;278,678;266;360;294,423;293,446;70;265,703;;2292,27
2364;0,3;137,5;305,252;278,689;266;360;294,452;293,359;70;265,709;;2291,09
2365;0,3;137;305,15;278,711;266;360;294,415;293,396;70;265,717;;2290,87
2366;0,3;133;305,071;278,602;266;360;294,365;293,345;70;265,723;;2290,82
2367;0,3;135,5;305,02;278,487;266;360;294,415;293,258;70;265,732;;2289,51
2368;0,3;133;304,897;278,487;266;360;294,415;293,287;70;265,742;;2288,19
2369;0,3;130,5;304,832;278,722;266;360;294,415;293,403;70;265,752;;2285,94
2370;0,3;127,5;304,905;278,498;266;360;294,415;293,345;70;265,762;;2284,64
2371;0,3;136,5;304,912;278,494;266;360;294,415;293,367;70;265,772;;2282,57
2372;0,3;133;304,76;278,479;266;360;294,415;293,403;70;265,782;;2281,77
2373;0,3;128,5;304,68;278,465;266;360;294,394;293,403;70;265,788;;2279,95
2374;0,3;130,5;304,565;278,476;266;360;294,387;293,309;70;265,796;;2278,16
2375;0,3;135;304,565;278,49;266;360;294,415;293,258;70;265,801;;2276,39
2376;0,3;137;304,688;278,476;266;360;294,329;293,258;70;265,808;;2275,98
2377;0,3;130;304,832;278,588;266;360;294,415;293,258;70;265,816;;2275,25
2378;0,3;123;304,955;278,584;266;360;294,415;293,258;70;265,825;;2273,93
2379;0,3;116,5;304,991;278,588;266;360;294,336;293,302;70;265,835;;2271,33
2380;0,3;114;304,941;278,602;266;360;294,321;293,258;70;265,843;;2269,3
2381;0,3;119;304,861;278,628;266;360;294,415;293,258;70;265,853;;2268,95
2382;0,3;119;304,789;278,635;266;360;294,415;293,258;70;265,859;;2267,07
2383;0,3;119,5;304,536;278,682;266;360;294,415;293,258;70;265,863;;2266,34
2384;0,3;117;304,073;278,722;266;360;294,415;293,258;70;265,87;;2265,61
2385;0,3;111,5;304,174;278,715;266;360;294,415;293,258;70;265,876;;2264,23
2386;0,3;116;304,253;278,682;266;360;294,394;293,258;70;265,886;;2264,15
2387;0,3;118;304,181;278,675;266;360;294,271;293,258;70;265,896;;2264,15
2388;0,3;117;304,073;278,664;266;360;294,271;293,258;70;265,906;;2263,62
2389;0,3;112;303,979;278,639;266;360;294,271;293,258;70;265,917;;2262,1
2390;0,3;114;303,964;278,624;266;360;294,271;293,258;70;265,929;;2260,69
2391;0,3;109;303,559;278,61;266;360;294,343;293,258;70;265,94;;2259,23
2392;0,3;108,5;303,66;278,606;266;360;294,415;293,258;70;265,953;;2258,75
2393;0,3;108;303,74;278,602;266;360;294,415;293,258;70;265,968;;2257,54
2394;0,3;111,5;303,494;278,87;266;360;294,415;293,258;70;265,984;;2256,36
2395;0,3;112,5;303,241;278,856;266;360;294,415;293,258;70;265,998;;2253,58
2396;0,3;113,5;303,053;278,848;266;360;294,415;293,258;70;266,016;;2252,73
2397;0,3;111;302,937;278,841;266;360;294,336;293,258;70;266,033;;2251,69
2398;0,3;116;302,98;278,819;266;360;294,271;293,236;70;266,05;;2251,1
2399;0,3;112;302,575;278,707;266;360;294,271;293,113;70;266,067;;2248,94
2400;0,3;110;302,64;278,689;266;360;294,271;293,113;70;266,084;;2247,14
2401;0,3;113;302,488;278,74;266;360;294,271;293,113;70;266,099;;2244,82
2402;0,3;118;302,474;278,733;266;360;294,22;293,113;70;266,12;;2244,09
2403;0,3;109,5;302,221;278,7;266;360;294,17;293,2;70;266,14;;2242,52
2404;0,3;101;302,018;278,668;266;360;294,206;293,164;70;266,164;;2239,56
2405;0,3;109;301,91;278,66;266;360;294,249;293,157;70;266,182;;2236,85
2406;0,3;112;301,642;278,649;266;360;294,177;293,135;70;266,201;;2234,61
2407;0,3;108,5;301,44;278,758;266;360;294,213;293,215;70;266,223;;2233,9
2408;0,3;107;301,49;278,863;266;360;294,126;293,222;70;266,247;;2233,74
2409;0,3;105,5;301,49;278,874;266;360;294,206;293,215;70;266,264;;2233,18
2410;0,3;104;301,425;278,874;266;360;294,148;293,2;70;266,282;;2233,18
2411;0,3;98;301,034;278,888;266;360;294,177;293,15;70;266,299;;2233,09
2412;0,3;88,5;300,933;278,877;266;360;294,213;293,113;70;266,316;;2231,01
2413;0,3;89;300,883;278,863;266;360;294,177;293,113;70;266,332;;2230,19
2414;0,3;91,5;300,571;278,859;266;360;294,17;293,207;70;266,35;;2229,16
2415;0,3;88;300,239;278,848;266;360;294,184;293,186;70;266,364;;2227,16
2416;0,3;84;300,304;278,827;266;360;294,213;293,193;70;266,379;;2226,21
2417;0,3;83,5;300,297;278,819;266;360;294,126;293,128;70;266,393;;2223,98
2418;0,3;83,5;300,137;278,805;266;360;294,126;293,113;70;266,406;;2221,79
2419;0,3;85;300,029;278,469;266;360;294,126;293,099;70;266,419;;2220,84
2420;0,3;87;299,494;278,472;266;360;294,126;293,019;70;266,434;;2220,84
2421;0,3;92;299,146;278,458;266;360;294,076;293,056;70;266,449;;2220,84
2422;0,3;97;299,523;278,483;266;360;294,032;293,07;70;266,465;;2220,81
2423;0,3;98;299,269;278,487;266;360;294,126;293,019;70;266,48;;2220,27
2424;0,3;92,5;299,081;278,487;266;360;294,126;292,969;70;266,492;;2219,54
2425;0,3;93;299,103;278,479;266;360;293,982;292,969;70;266,501;;2218,5
2426;0,3;96;298,85;278,476;266;360;293,982;292,969;70;266,512;;2216,34
2427;0,3;91,5;298,481;278,476;266;360;293,982;292,969;70;266,52;;2214,64
2428;0,3;88;298,438;278,487;266;360;293,902;292,947;70;266,536;;2214,19
2429;0,3;98,5;298,351;278,487;266;360;293,938;292,889;70;266,546;;2213,63
2430;0,3;94;297,866;278,483;266;360;293,982;292,882;70;266,556;;2213,57
2431;0,3;85;298,003;278,494;266;360;293,938;292,824;70;266,56;;2213,57
2432;0,3;83;298,083;278,508;266;360;294,018;292,86;70;266,565;;2212,33
2433;0,3;89;297,671;278,519;266;360;293,902;292,824;70;266,568;;2212,12
2434;0,3;92;297,273;278,465;266;360;293,982;292,875;70;266,564;;2211,88
2435;0,3;93,5;297,295;278,472;266;360;293,982;292,824;70;266,56;;2210,91
2436;0,3;103;297,215;278,508;266;360;293,982;292,824;70;266,555;;2209,85
2437;0,3;106;296,839;278,313;266;360;293,982;292,846;70;266,554;;2206,12
2438;0,3;103;296,947;278,118;266;360;293,88;292,802;70;266,551;;2203,59
2439;0,3;100,5;297,049;278,121;266;360;293,837;292,745;70;266,547;;2202,62
2440;0,3;111;296,933;278,129;266;360;293,902;292,824;70;266,543;;2200,89
2441;0,3;117,5;296,738;278,158;266;360;293,858;292,933;70;266,538;;2200,78
2442;0,3;121,5;296,615;278,252;266;360;293,974;292,875;70;266,531;;2200,3
2443;0,3;134;296,282;278,259;266;360;294,003;292,933;70;266,523;;2200,06
2444;0,3;137,5;296,007;278,356;266;360;294,01;292,954;70;266,518;;2199,98
2445;0,3;131;295,898;278,353;266;360;293,982;292,976;70;266,511;;2198,04
2446;0,3;129,5;296;278,342;266;360;293,982;293,005;70;266,504;;2196,19
2447;0,3;143;296;278,324;266;360;293,982;292,969;70;266,496;;2195,03
2448;0,3;152;295,877;278,32;266;360;293,996;292,918;70;266,488;;2192,94
2449;0,3;152,5;295,761;278,262;266;360;293,887;292,831;70;266,479;;2191,12
2450;0,3;156,5;295,754;277,973;266;360;293,931;292,802;70;266,47;;2189,65
2451;0,3;162;295,833;277,984;266;360;293,837;292,679;70;266,463;;2185,99
2452;0,3;161,5;295,949;277,98;266;360;293,837;292,679;70;266,452;;2185,55
2453;0,3;159,5;296,34;277,973;266;360;293,837;292,679;70;266,442;;2185,55
2454;0,3;166;296,376;277,966;266;360;293,837;292,679;70;266,433;;2184,98
2455;0,3;167;296,289;277,973;266;360;293,837;292,679;70;266,424;;2184,46
2456;0,3;163;296,238;277,843;266;360;293,837;292,679;70;266,416;;2183,54
2457;0,3;163;296,166;277,756;266;360;293,837;292,723;70;266,406;;2182,59
2458;0,3;166,5;296,535;277,857;266;360;293,757;292,679;70;266,394;;2181,91
2459;0,3;163,5;296,976;277,857;266;360;293,692;292,679;70;266,382;;2178,84
2460;0,3;158;297,056;277,857;266;360;293,692;292,679;70;266,374;;2176,02
2461;0,3;158,5;297,027;277,861;266;360;293,757;292,716;70;266,366;;2175,47
2462;0,3;162,5;297,179;277,857;266;360;293,837;292,773;70;266,359;;2174,23
2463;0,3;159;297,106;277,843;266;360;293,837;292,824;70;266,352;;2173,31
2464;0,3;149;297,28;277,756;266;360;293,837;292,716;70;266,347;;2172,77
2465;0,3;148,5;297,808;277,456;266;360;293,837;292,679;70;266,342;;2171,44
2466;0,3;148;297,895;277,456;266;360;293,721;292,679;70;266,338;;2171,16
2467;0,3;146,5;297,996;277,463;266;360;293,721;292,679;70;266,333;;2171,08
2468;0,3;148;298,423;277,474;266;360;293,837;292,679;70;266,327;;2169,82
2469;0,3;148;298,72;277,467;266;360;293,837;292,679;70;266,324;;2169,64
2470;0,3;145,5;298,662;277,452;266;360;293,837;292,679;70;266,322;;2168,45
2471;0,3;144,5;298,582;277,456;266;360;293,757;292,672;70;266,32;;2167,08
2472;0,3;143;298,835;277,478;266;360;293,692;292,535;70;266,324;;2166,44
2473;0,3;141,5;298,915;277,474;266;360;293,649;292,535;70;266,332;;2164,85
2474;0,3;137,5;299,038;277,463;266;360;293,649;292,535;70;266,333;;2162,86
2475;0,3;130;299,11;277,456;266;360;293,62;292,491;70;266,344;;2161,55
2476;0,3;128,5;299,747;277,452;266;360;293,627;292,535;70;266,361;;2160,68
2477;0,3;130;299,624;277,478;266;360;293,598;292,535;70;266,369;;2160,68
2478;0,3;118,5;299,508;277,474;266;360;293,634;292,535;70;266,38;;2160,07
2479;0,3;112;299,443;277,459;266;360;293,547;292,535;70;266,39;;2158,45
2480;0,3;110,5;299,465;277,456;266;360;293,584;292,535;70;266,401;;2157,27
2481;0,3;111;299,783;277,467;266;360;293,598;292,535;70;266,402;;2156,79
2482;0,3;105,5;300,101;277,492;266;360;293,692;292,535;70;266,403;;2153,83
2483;0,3;95,5;300,116;277,485;266;360;293,584;292,535;70;266,405;;2152,56
2484;0,3;92;300,014;277,467;266;360;293,547;292,491;70;266,409;;2151,99
2485;0,3;89;299,906;277,46;266;360;293,547;292,491;70;266,412;;2150,05
2486;0,3;84,5;299,841;277,463;266;360;293,547;292,462;70;266,415;;2149,06
2487;0,3;80;299,906;277,474;266;360;293,547;292,52;70;266,415;;2147,55
2488;0,3;80,5;300,022;277,474;266;360;293,591;292,535;70;266,415;;2146,84
2489;0,3;79;300,116;277,463;266;360;293,547;292,542;70;266,417;;2146,64
2490;0,3;78,5;299,848;277,463;266;360;293,642;292,564;70;266,417;;2145,45
2491;0,3;80,5;299,769;277,459;266;360;293,598;292,535;70;266,419;;2144,35
2492;0,3;85,5;299,696;277,467;266;360;293,627;292,535;70;266,425;;2143,45
2493;0,3;84;299,631;277,608;266;360;293,511;292,499;70;266,432;;2142,34
2494;0,3;79;299,58;277,727;266;360;293,54;292,52;70;266,435;;2141,73
2495;0,3;78;298,937;277,72;266;360;293,547;292,433;70;266,432;;2140,19
2496;0,3;88;299,06;277,713;266;360;293,547;292,39;70;266,431;;2137,85
2497;0,3;96,5;299,103;277,568;266;360;293,547;292,39;70;266,431;;2136,09
2498;0,3;96;298,85;277,586;266;360;293,547;292,39;70;266,428;;2136,03
2499;0,3;99,5;298,416;277,713;266;360;293,453;292,39;70;266,423;;2135,57
2500;0,3;108,5;298,069;277,799;266;360;293,533;292,39;70;266,416;;2133,59
2501;0,3;106,5;297,815;277,789;266;360;293,403;292,39;70;266,405;;2132,85
2502;0,3;105,5;297,844;277,745;266;360;293,403;292,39;70;266,394;;2131,8
2503;0,3;114,5;297,917;277,738;266;360;293,533;292,39;70;266,382;;2130,58
2504;0,3;128;297,244;277,767;266;360;293,547;292,39;70;266,37;;2129,39
2505;0,3;132,5;297,316;277,76;266;360;293,547;292,39;70;266,363;;2128,37
2506;0,3;134;297,338;277,724;266;360;293,547;292,39;70;266,359;;2126,8
2507;0,3;148;297,309;277,59;266;360;293,511;292,39;70;266,356;;2125,95
2508;0,3;158,5;297,266;277,46;266;360;293,49;292,39;70;266,354;;2124,77
2509;0,3;157,5;297,063;277,481;266;360;293,424;292,39;70;266,354;;2123,36
2510;0,3;149,5;296,81;277,496;266;360;293,547;292,39;70;266,357;;2121,52
2511;0,3;159;296,788;277,474;266;360;293,547;292,39;70;266,36;;2120,96
2512;0,3;167;296,868;277,467;266;360;293,547;292,499;70;266,364;;2120,96
2513;0,3;169;296,976;277,485;266;360;293,547;292,535;70;266,368;;2120,1
2514;0,3;170;297,526;277,474;266;360;293,547;292,535;70;266,375;;2118,52
2515;0,3;168;297,569;277,467;266;360;293,663;292,535;70;266,382;;2117,37
2516;0,3;160,5;297,541;277,467;266;360;293,649;292,535;70;266,385;;2115,85
2517;0,3;155,5;297,251;277,47;266;360;293,598;292,535;70;266,385;;2114,64
2518;0,3;148,5;297,012;277,474;266;360;293,547;292,535;70;266,381;;2113,41
2519;0,3;148,5;297,034;277,47;266;360;293,576;292,484;70;266,375;;2111,4
2520;0,3;158;297,135;277,47;266;360;293,533;292,405;70;266,367;;2110,71
2521;0,3;149,5;297,996;277,474;266;360;293,547;292,535;70;266,362;;2108,96
2522;0,3;153,5;298,069;277,481;266;360;293,547;292,535;70;266,352;;2107,14
2523;0,3;146,5;298,047;277,384;266;360;293,547;292,527;70;266,342;;2106,35
2524;0,3;143,5;297,924;277,253;266;360;293,468;292,39;70;266,333;;2105,25
2525;0,3;140,5;297,801;277,253;266;360;293,446;292,39;70;266,322;;2104,66
2526;0,3;142,5;298,025;277,253;266;360;293,547;292,39;70;266,317;;2103,23
2527;0,3;141,5;298,749;277,098;266;360;293,439;292,39;70;266,311;;2102,07
2528;0,3;140,5;298,843;277,098;266;360;293,403;292,39;70;266,31;;2101,94
2529;0,3;139,5;298,886;277,098;266;360;293,446;292,39;70;266,306;;2100,23
2530;0,3;139;298,857;277,094;266;360;293,403;292,296;70;266,303;;2099,81
2531;0,3;134;298,879;277,101;266;360;293,417;292,354;70;266,305;;2097,95
2532;0,3;133,5;298,886;277,105;266;360;293,439;292,245;70;266,304;;2095,74
2533;0,3;127;298,835;277,109;266;360;293,374;292,245;70;266,307;;2093,68
2534;0,3;124,5;298,9;277,12;266;360;293,294;292,289;70;266,307;;2092,24
2535;0,3;127,5;299,016;277,13;266;360;293,359;292,368;70;266,306;;2090,7
2536;0,3;125,5;299,11;277,167;266;360;293,359;292,39;70;266,306;;2090,7
2537;0,3;125,5;299,016;277,159;266;360;293,403;292,339;70;266,306;;2090,04
2538;0,3;127;298,915;277,148;266;360;293,273;292,332;70;266,308;;2088,76
2539;0,3;127,5;298,835;277,109;266;360;293,396;292,245;70;266,308;;2087,99
2540;0,3;127,5;298,864;277,094;266;360;293,388;292,202;70;266,314;;2086,76
2541;0,3;124,5;299,429;277,083;266;360;293,28;292,245;70;266,323;;2085,29
2542;0,3;127;299,544;277,069;266;360;293,33;292,296;70;266,33;;2083,11
2543;0,3;119;299,559;277,214;266;360;293,258;292,296;70;266,336;;2080,53
2544;0,3;111,5;299,53;277,21;266;360;293,309;292,325;70;266,344;;2079,8
2545;0,3;109,5;299,269;277,333;266;360;293,33;292,332;70;266,35;;2078,36
2546;0,3;105,5;299,175;277,318;266;360;293,309;292,253;70;266,357;;2077,6
2547;0,3;99,5;299,103;277,304;266;360;293,388;292,231;70;266,362;;2076,4
2548;0,3;104,5;299,031;277,297;266;360;293,316;292,173;70;266,362;;2075,06
2549;0,3;104,5;299,11;277,282;266;360;293,309;292,245;70;266,363;;2074,68
2550;0,3;105;299,175;277,279;266;360;293,258;292,195;70;266,362;;2074,34
2551;0,3;100;299,24;277,257;266;360;293,258;292,101;70;266,352;;2073,24
2552;0,3;100;299,197;277,235;266;360;293,258;292,101;70;266,341;;2072,46
2553;0,3;89;299,11;277,214;266;360;293,258;292,101;70;266,337;;2071,35
2554;0,3;98,5;299,038;277,185;266;360;293,258;292,238;70;266,322;;2069,36
2555;0,3;109;298,937;277,17;266;360;293,222;292,195;70;266,312;;2066,87
2556;0,3;111;298,843;277,163;266;360;293,2;292,202;70;266,295;;2066,13
2557;0,3;112;298,857;277,148;266;360;293,258;292,245;70;266,281;;2065,87
2558;0,3;116,5;299,016;277,329;266;360;293,258;292,245;70;266,268;;2065,64
2559;0,3;118,5;298,495;277,217;266;360;293,164;292,159;70;266,251;;2064,13
2560;0,3;118;298,488;277,333;266;360;293,258;292,101;70;266,24;;2063,06
2561;0,3;129,5;298,365;277,355;266;360;293,258;292,101;70;266,231;;2062,42
2562;0,3;135;298,293;277,347;266;360;293,258;292,101;70;266,216;;2060,94
2563;0,3;135,5;298,213;277,344;266;360;293,258;292,101;70;266,203;;2060,1
2564;0,3;137;298,163;277,333;266;360;293,258;292,101;70;266,187;;2058,64
2565;0,3;142;298,098;277,318;266;360;293,302;292,101;70;266,17;;2057,23
2566;0,3;148;298,315;277,185;266;360;293,359;292,224;70;266,153;;2056,5
2567;0,3;156;298,235;277,329;266;360;293,403;292,245;70;266,128;;2055,24
2568;0,3;166,5;298,307;277,318;266;360;293,222;292,151;70;266,104;;2054,39
2569;0,3;169;298,336;277,3;266;360;293,222;292,101;70;266,075;;2054,14
2570;0,3;174;298,271;277,293;266;360;293,113;292,05;70;266,047;;2052,99
2571;0,3;185;298,228;277,279;266;360;293,258;292,101;70;266,019;;2052,98
2572;0,3;184;298,141;277,264;266;360;293,258;292,144;70;265,991;;2051,94
2573;0,3;181,5;298,098;277,264;266;360;293,258;292,101;70;265,957;;2050,77
2574;0,3;197;298,307;277,46;266;360;293,258;292,021;70;265,93;;2050,17
2575;0,3;209;298,712;277,459;266;360;293,157;291,992;70;265,906;;2048,73
2576;0,3;213;299,009;277,452;266;360;293,157;292,007;70;265,882;;2047,59
2577;0,3;209;299,11;277,445;266;360;293,142;292,05;70;265,861;;2046,42
2578;0,3;212,5;299,32;277,46;266;360;293,121;292,043;70;265,84;;2045,16
2579;0,3;221,5;299,472;277,467;266;360;293,113;291,999;70;265,819;;2043
2580;0,3;223,5;299,414;277,459;266;360;293,113;291,999;70;265,802;;2042,25
2581;0,3;223;299,906;277,452;266;360;293,113;292,057;70;265,79;;2041,57
2582;0,3;227;299,964;277,452;266;360;293,113;292,065;70;265,779;;2040,85
2583;0,3;228;300,571;277,46;266;360;293,113;292,057;70;265,77;;2039,66
2584;0,3;223,5;300,825;277,467;266;360;293,113;291,978;70;265,762;;2039,02
2585;0,3;223;301,157;277,459;266;360;293,113;292,007;70;265,755;;2037,95
2586;0,3;220,5;301,237;277,445;266;360;293,063;292,05;70;265,749;;2034,77
2587;0,3;218;301,367;277,478;266;360;293,113;292,028;70;265,739;;2032,55
2588;0,3;212,5;301,707;277,459;266;360;293,157;291,992;70;265,726;;2031,81
2589;0,3;205;301,917;277,467;266;360;293,092;292,007;70;265,719;;2030,06
2590;0,3;203;302,727;277,47;266;360;293,085;291,956;70;265,716;;2029,37
2591;0,3;201,5;303,002;277,463;266;360;293,07;291,956;70;265,714;;2028,86
2592;0,3;194,5;303,205;277,459;266;360;293,07;291,956;70;265,712;;2028,18
2593;0,3;181;303,964;277,456;266;360;293,034;291,956;70;265,706;;2028,16
2594;0,3;177;303,942;277,474;266;360;293,135;291,956;70;265,701;;2027,55
2595;0,3;172,5;304,073;277,539;266;360;293,222;291,999;70;265,694;;2027,31
2596;0,3;161,5;303,979;277,738;266;360;293,113;292,007;70;265,689;;2027,13
2597;0,3;152;304,521;277,76;266;360;293,113;291,999;70;265,681;;2025,13
2598;0,3;145,5;304,644;277,763;266;360;293,113;291,956;70;265,679;;2024,22
2599;0,3;135,5;304,731;277,76;266;360;293,113;291,956;70;265,671;;2022,28
2600;0,3;140,5;305,216;277,76;266;360;293,113;291,978;70;265,663;;2020,81
2601;0,3;141;305,1;277,836;266;360;293,113;292,021;70;265,652;;2020,26
2602;0,3;137,5;304,991;277,828;266;360;293,15;292,007;70;265,649;;2019,21
2603;0,3;130;304,984;277,76;266;360;292,998;291,949;70;265,648;;2017,55
2604;0,3;130;305,071;277,749;266;360;292,969;291,855;70;265,641;;2016,98
2605;0,3;135,5;305,476;277,785;266;360;292,969;291,811;70;265,636;;2015,05
2606;0,3;132;305,476;277,76;266;360;292,969;291,811;70;265,627;;2013,49
2607;0,3;124;305,44;277,745;266;360;292,969;291,898;70;265,62;;2012,99
2608;0,3;120,5;305,729;277,575;266;360;293,092;291,956;70;265,609;;2011,83
2609;0,3;123,5;305,686;277,771;266;360;293,07;291,956;70;265,592;;2011,23
2610;0,3;126;305,642;277,966;266;360;293,041;291,956;70;265,574;;2010,11
2611;0,3;128,5;305,657;277,977;266;360;293,099;291,905;70;265,561;;2009,99
2612;0,3;137;305,664;277,98;266;360;293,012;291,956;70;265,543;;2009,88
2613;0,3;140,5;305,216;277,977;266;360;293,012;291,891;70;265,516;;2007,63
2614;0,3;143,5;305,259;277,973;266;360;292,969;291,862;70;265,493;;2006,89
2615;0,3;150;305,114;277,966;266;360;292,969;291,811;70;265,468;;2005,41
2616;0,3;159,5;305,049;277,973;266;360;292,969;291,775;70;265,443;;2003,91
2617;0,3;166;305,006;277,984;266;360;292,925;291,811;70;265,416;;2003,14
2618;0,3;170;305,165;277,98;266;360;292,969;291,811;70;265,394;;2001,07
2619;0,3;178;305,252;278,36;266;360;292,976;291,84;70;265,373;;1999,85
2620;0,3;185;305,165;278,346;266;360;293,056;291,956;70;265,352;;1999,71
2621;0,3;194;305,049;278,342;266;360;293,048;291,905;70;265,335;;1997,99
2622;0,3;199,5;304,984;278,342;266;360;293,027;291,92;70;265,317;;1997,76
2623;0,3;205;305,085;278,281;266;360;292,969;291,905;70;265,303;;1997,59
2624;0,3;208;305,201;278,284;266;360;292,969;291,956;70;265,294;;1995,13
2625;0,3;215,5;305,252;278,208;266;360;293,012;291,956;70;265,283;;1993,27
2626;0,3;224;305,15;278,273;266;360;293,048;291,956;70;265,271;;1991,45
2627;0,3;230,5;305,049;278,309;266;360;293,012;291,956;70;265,262;;1989,22
2628;0,3;231;305,273;278,418;266;360;293,019;291,913;70;265,255;;1988,36
2629;0,3;239;305,642;278,498;266;360;292,969;291,956;70;265,251;;1987,02
2630;0,3;239,5;305,707;278,487;266;360;292,969;291,811;70;265,246;;1986,36
2631;0,3;235;305,751;278,487;266;360;292,969;291,92;70;265,247;;1985,14
2632;0,3;237;306,272;278,49;266;360;293,027;291,956;70;265,247;;1982,09
2633;0,3;241;306,199;278,501;266;360;292,969;291,956;70;265,253;;1981,22
2634;0,3;237,5;306,489;278,49;266;360;292,969;291,913;70;265,258;;1980,37
2635;0,3;229;306,821;278,494;266;360;292,969;291,934;70;265,261;;1979,62
2636;0,3;217;306,749;278,487;266;360;292,969;291,826;70;265,267;;1979,42
2637;0,3;206;307,038;278,487;266;360;292,969;291,826;70;265,275;;1978,16
2638;0,3;203,5;307,133;278,494;266;360;292,969;291,811;70;265,28;;1977,41
2639;0,3;198;308,015;278,49;266;360;292,925;291,811;70;265,286;;1976,86
2640;0,3;192,5;308,087;278,487;266;360;292,969;291,811;70;265,294;;1975,85
2641;0,3;182,5;307,892;278,498;266;360;292,969;291,811;70;265,299;;1974,59
2642;0,3;176;308,16;278,508;266;360;292,969;291,811;70;265,305;;1974,13
2643;0,3;169;308,102;278,494;266;360;292,969;291,811;70;265,309;;1973,1
2644;0,3;160,5;308,536;278,512;266;360;292,969;291,811;70;265,315;;1971,98
2645;0,3;154;308,521;278,537;266;360;292,969;291,811;70;265,322;;1971,27
2646;0,3;148;308,63;278,624;266;360;292,969;291,811;70;265,328;;1971,01
2647;0,3;144,5;308,992;278,613;266;360;292,969;291,869;70;265,333;;1970,84
2648;0,3;140,5;309,353;278,602;266;360;292,925;291,811;70;265,341;;1970,27
2649;0,3;135,5;309,324;278,613;266;360;292,969;291,811;70;265,342;;1969,05
2650;0,3;126,5;309,216;278,729;266;360;292,969;291,811;70;265,348;;1968,18
2651;0,3;125;309,151;278,61;266;360;292,969;291,811;70;265,352;;1966,29
2652;0,3;120,5;309,1;278,718;266;360;292,969;291,811;70;265,354;;1965,82
2653;0,3;119,5;309,187;278,819;266;360;292,969;291,811;70;265,359;;1964,28
2654;0,3;119;308,854;278,722;266;360;292,839;291,811;70;265,364;;1963,16
2655;0,3;113;308,536;278,787;266;360;292,969;291,811;70;265,363;;1962,67
2656;0,3;112,5;308,558;278,783;266;360;292,969;291,811;70;265,363;;1961,16
2657;0,3;118,5;308,529;278,718;266;360;292,925;291,811;70;265,362;;1958,04
2658;0,3;131;308,427;278,997;266;360;292,969;291,811;70;265,365;;1956,33
2659;0,3;129,5;308,087;278,997;266;360;292,969;291,811;70;265,367;;1954,55
2660;0,3;116,5;308,066;279,008;266;360;292,969;291,949;70;265,366;;1954,35
2661;0,3;129;308,16;279;266;360;292,969;291,811;70;265,364;;1953,92
2662;0,3;138,5;307,595;279;266;360;292,969;291,811;70;265,363;;1952,78
2663;0,3;139;307,69;278,997;266;360;292,969;291,811;70;265,364;;1951,73
2664;0,3;142;307,69;278,993;266;360;292,918;291,811;70;265,367;;1949,87
2665;0,3;148,5;307,227;279,004;266;360;292,969;291,898;70;265,368;;1947,94
2666;0,3;151;307,125;279,004;266;360;292,969;291,811;70;265,37;;1947,19
2667;0,3;155,5;307,038;279;266;360;292,969;291,811;70;265,372;;1946,46
2668;0,3;162,5;306,706;278,993;266;360;292,925;291,811;70;265,373;;1945,32
2669;0,3;169;306,402;278,997;266;360;292,853;291,725;70;265,376;;1944,01
2670;0,3;170,5;306,532;279,008;266;360;292,824;291,811;70;265,38;;1943,27
2671;0,3;177;306,706;279;266;360;292,824;291,811;70;265,384;;1941,89
2672;0,3;181;306,655;278,997;266;360;292,824;291,775;70;265,394;;1941,23
2673;0,3;177;306,626;278,993;266;360;292,781;291,667;70;265,404;;1941,23
2674;0,3;177;306,134;278,993;266;360;292,773;291,717;70;265,415;;1940,34
2675;0,3;178,5;306,004;279,004;266;360;292,781;291,746;70;265,426;;1937,41
2676;0,3;183,5;306,062;279;266;360;292,737;291,667;70;265,441;;1936,2
2677;0,3;188;306,185;279;266;360;292,759;291,667;70;265,459;;1935,47
2678;0,3;187;306,293;278,993;266;360;292,766;291,667;70;265,477;;1934,75
2679;0,3;183;306,236;278,993;266;360;292,723;291,725;70;265,495;;1934,02
2680;0,3;183;306,098;279,004;266;360;292,817;291,703;70;265,516;;1933,43
2681;0,3;181;306,011;279;266;360;292,773;291,667;70;265,537;;1933,01
2682;0,3;172,5;306,337;279;266;360;292,781;291,667;70;265,562;;1931,07
2683;0,3;167;306,46;278,993;266;360;292,745;291,667;70;265,591;;1928,06
2684;0,3;151,5;306,597;278,993;266;360;292,73;291,573;70;265,615;;1927,37
2685;0,3;143,5;306,619;279,004;266;360;292,817;291,623;70;265,637;;1926,75
2686;0,3;141,5;306,568;279,004;266;360;292,766;291,667;70;265,656;;1925,87
2687;0,3;139;306,684;279;266;360;292,795;291,58;70;265,672;;1924,46
2688;0,3;128;306,481;279;266;360;292,824;291,667;70;265,688;;1921,73
2689;0,3;115;306,467;278,993;266;360;292,694;291,71;70;265,703;;1920,68
2690;0,3;103,5;306,438;279;266;360;292,824;291,71;70;265,712;;1920,14
2691;0,3;101;306,539;279,004;266;360;292,824;291,667;70;265,723;;1918,37
2692;0,3;99;306,67;279;266;360;292,824;291,667;70;265,732;;1917,77
2693;0,3;96,5;306,793;278,997;266;360;292,687;291,71;70;265,74;;1917,45
2694;0,3;92;306,713;278,993;266;360;292,824;291,667;70;265,747;;1916,96
2695;0,3;86;306,236;279;266;360;292,759;291,667;70;265,754;;1916,74
2696;0,3;84;306,12;279,004;266;360;292,679;291,667;70;265,759;;1915,12
2697;0,3;86,5;306,04;279;266;360;292,679;291,558;70;265,764;;1914,05
2698;0,3;86,5;306,076;279;266;360;292,585;291,522;70;265,768;;1913,89
2699;0,3;87;305,425;278,993;266;360;292,535;291,565;70;265,772;;1912,39
2700;0,3;84,5;305,512;278,993;266;360;292,564;291,558;70;265,778;;1911,27
2701;0,3;87;305,454;279,004;266;360;292,643;291,522;70;265,787;;1909,15
2702;0,3;86,5;305,122;279;266;360;292,535;291,522;70;265,791;;1908,2
2703;0,3;88,5;305,013;279;266;360;292,535;291,522;70;265,795;;1907,64
2704;0,3;96,5;304,42;278,993;266;360;292,535;291,522;70;265,797;;1905,72
2705;0,3;101,5;304,673;278,993;266;360;292,535;291,522;70;265,802;;1904,57
2706;0,3;114;304,239;279,004;266;360;292,535;291,522;70;265,807;;1903,68
2707;0,3;118;304,282;279;266;360;292,535;291,479;70;265,81;;1902,09
2708;0,3;118,5;303,928;279;266;360;292,535;291,435;70;265,813;;1901,02
2709;0,3;125,5;303,523;279;266;360;292,412;291,319;70;265,818;;1900,64
2710;0,3;129,5;303,371;278,993;266;360;292,484;291,377;70;265,82;;1898,98
2711;0,3;136,5;302,937;279,004;266;360;292,491;291,377;70;265,824;;1898,53
2712;0,3;140,5;303,045;279;266;360;292,549;291,457;70;265,831;;1896,91
2713;0,3;151;303,168;279;266;360;292,679;291,529;70;265,836;;1894,93
2714;0,3;153;302,488;279;266;360;292,679;291,565;70;265,841;;1893,3
2715;0,3;155;302,431;278,993;266;360;292,679;291,522;70;265,845;;1892,31
2716;0,3;156;302,293;278,993;266;360;292,679;291,522;70;265,851;;1891,48
2717;0,3;156;302,337;279,008;266;360;292,636;291,522;70;265,859;;1888,97
2718;0,3;156;301,953;279;266;360;292,556;291,522;70;265,874;;1887,38
2719;0,3;161,5;302,018;279;266;360;292,535;291,522;70;265,886;;1886,48
2720;0,3;172;302,177;278,997;266;360;292,535;291,522;70;265,901;;1885,34
2721;0,3;175,5;302,141;278,993;266;360;292,535;291,609;70;265,913;;1884,97
2722;0,3;174,5;302,083;279,004;266;360;292,535;291,529;70;265,929;;1883,89
2723;0,3;170;301,997;279,004;266;360;292,571;291,565;70;265,946;;1882,56
2724;0,3;170;301,946;279;266;360;292,535;291,522;70;265,964;;1882,18
2725;0,3;168;301,989;278,993;266;360;292,535;291,522;70;265,979;;1881,7
2726;0,3;161;302,148;278,993;266;360;292,535;291,522;70;265,994;;1880,66
2727;0,3;158,5;302,228;279,004;266;360;292,535;291,522;70;266,013;;1879,43
2728;0,3;156;302,17;279;266;360;292,535;291,522;70;266,029;;1878,02
2729;0,3;151,5;302,083;279;266;360;292,593;291,565;70;266,049;;1877,26
2730;0,3;145,5;301,931;279;266;360;292,535;291,522;70;266,069;;1876,07
2731;0,3;139,5;301,975;278,993;266;360;292,535;291,522;70;266,089;;1874,97
2732;0,3;139,5;302,076;278,997;266;360;292,535;291,5;70;266,112;;1874,25
2733;0,3;133;302,192;279,004;266;360;292,484;291,471;70;266,132;;1872,81
2734;0,3;126,5;302,098;279;266;360;292,441;291,377;70;266,154;;1870,54
2735;0,3;123;302,011;279;266;360;292,412;291,457;70;266,175;;1869,59
2736;0,3;116;301,931;278,997;266;360;292,455;291,413;70;266,2;;1867,41
2737;0,3;105,5;301,975;278,997;266;360;292,484;291,377;70;266,225;;1867,3
2738;0,3;99,5;302,12;279,004;266;360;292,535;291,406;70;266,245;;1863,98
2739;0,3;95;302,185;279;266;360;292,535;291,479;70;266,26;;1863,23
2740;0,3;89;302,083;279;266;360;292,535;291,471;70;266,274;;1863,23
2741;0,3;82,5;302,062;278,993;266;360;292,484;291,45;70;266,287;;1862,07
2742;0,3;78,5;301,91;278,997;266;360;292,527;291,348;70;266,3;;1861,34
2743;0,3;72,5;301,96;278,794;266;360;292,39;291,233;70;266,317;;1860,38
2744;0,3;65,5;302,069;278,805;266;360;292,39;291,233;70;266,329;;1860,08
2745;0,3;63;301,772;278,827;266;360;292,39;291,233;70;266,339;;1859,15
2746;0,3;63;301,353;278,819;266;360;292,39;291,233;70;266,347;;1857,53
2747;0,3;61;301,403;278,722;266;360;292,39;291,262;70;266,353;;1855,85
2748;0,3;54,5;301,454;278,631;266;360;292,39;291,377;70;266,36;;1854,48
2749;0,3;52,5;300,919;278,624;266;360;292,39;291,377;70;266,363;;1852,84
2750;0,3;57,5;300,897;278,617;266;360;292,39;291,377;70;266,364;;1852,26
2751;0,3;60,5;300,846;278,704;266;360;292,39;291,298;70;266,361;;1851,41
2752;0,3;60;300,593;278,61;266;360;292,39;291,233;70;266,359;;1850,23
2753;0,3;65;300,456;278,715;266;360;292,274;291,233;70;266,358;;1850,15
2754;0,3;74,5;300,007;278,841;266;360;292,245;291,233;70;266,357;;1848,9
2755;0,3;76;299,805;278,729;266;360;292,332;291,233;70;266,352;;1848,31
2756;0,3;82;299,421;278,859;266;360;292,39;291,233;70;266,346;;1848,13
2757;0,3;92,5;299,096;278,866;266;360;292,39;291,233;70;266,341;;1847,41
2758;0,3;98,5;298,864;278,87;266;360;292,39;291,233;70;266,336;;1845,6
2759;0,3;106,5;298,676;278,874;266;360;292,39;291,233;70;266,333;;1843,61
2760;0,3;115,5;298,438;278,501;266;360;292,39;291,233;70;266,328;;1841,91
2761;0,3;126,5;298,257;278,501;266;360;292,39;291,233;70;266,327;;1840,17
2762;0,3;134,5;298,025;278,479;266;360;292,39;291,233;70;266,325;;1838,21
2763;0,3;139,5;297,642;278,476;266;360;292,39;291,377;70;266,322;;1838,21
2764;0,3;149,5;297,215;278,483;266;360;292,441;291,377;70;266,32;;1837,74
2765;0,3;165,5;297,107;278,501;266;360;292,535;291,377;70;266,318;;1836,89
2766;0,3;176,5;297,056;278,487;266;360;292,441;291,377;70;266,311;;1836,03
2767;0,3;169,5;296,889;278,476;266;360;292,491;291,479;70;266,307;;1834,07
2768;0,3;166;297,005;278,472;266;360;292,491;291,522;70;266,303;;1832,47
2769;0,3;178,5;297,027;278,494;266;360;292,405;291,442;70;266,298;;1830,93
2770;0,3;182,5;296,947;278,49;266;360;292,47;291,421;70;266,292;;1829,27
2771;0,3;158;296,853;278,494;266;360;292,477;291,377;70;266,29;;1828,77
2772;0,3;144;296,781;278,487;266;360;292,433;291,334;70;266,284;;1828,32
2773;0,3;142;296,846;278,335;266;360;292,491;291,377;70;266,279;;1827,17
2774;0,3;141;297,258;278,32;266;360;292,535;291,334;70;266,271;;1826,45
2775;0,3;142;297,598;278,32;266;360;292,477;291,377;70;266,263;;1824,84
2776;0,3;141;297,591;278,338;266;360;292,47;291,363;70;266,256;;1824,49
2777;0,3;138,5;297,569;278,241;266;360;292,484;291,348;70;266,249;;1823,94
2778;0,3;140;297,475;278,252;266;360;292,455;291,377;70;266,242;;1823,04
2779;0,3;140,5;297,266;278,364;266;360;292,47;291,377;70;266,236;;1821,71
2780;0,3;140;297,526;278,089;266;360;292,513;291,377;70;266,232;;1818,86
2781;0,3;138,5;297,743;278,107;266;360;292,397;291,377;70;266,228;;1816,91
2782;0,3;139;297,982;278,15;266;360;292,39;291,377;70;266,225;;1815,64
2783;0,3;139,5;298,061;278,06;266;360;292,39;291,377;70;266,22;;1815,14
2784;0,3;139;298,04;277,98;266;360;292,39;291,377;70;266,213;;1814,84
2785;0,3;139,5;297,931;277,973;266;360;292,426;291,327;70;266,201;;1813,39
2786;0,3;140,5;297,815;277,966;266;360;292,441;291,377;70;266,19;;1811,56
2787;0,3;139,5;297,801;277,969;266;360;292,39;291,254;70;266,177;;1810,56
2788;0,3;139,5;297,88;277,984;266;360;292,339;291,233;70;266,166;;1808,88
2789;0,3;140;297,975;277,98;266;360;292,39;291,233;70;266,158;;1808,55
2790;0,3;139,5;298,235;277,973;266;360;292,39;291,233;70;266,149;;1807,01
2791;0,3;140;298,452;277,969;266;360;292,39;291,233;70;266,143;;1805,77
2792;0,3;139,5;298,452;277,969;266;360;292,39;291,37;70;266,139;;1805,43
2793;0,3;140;298,394;277,988;266;360;292,513;291,37;70;266,134;;1804,38
2794;0,3;139,5;298,459;277,98;266;360;292,491;291,341;70;266,126;;1803,28
2795;0,3;138,5;298,416;277,977;266;360;292,535;291,406;70;266,116;;1800,95
2796;0,3;139,5;298,307;277,969;266;360;292,556;291,522;70;266,104;;1799,64
2797;0,3;138,5;298,38;277,966;266;360;292,679;291,573;70;266,092;;1799,53
2798;0,3;139;298,958;277,98;266;360;292,679;291,667;70;266,077;;1797,55
2799;0,3;139;299,06;277,98;266;360;292,773;291,667;70;266,058;;1796,16
2800;0,3;139;299,117;277,977;266;360;292,737;291,667;70;266,039;;1795,06
2801;0,3;140,5;298,995;277,969;266;360;292,802;291,667;70;266,019;;1793,63
2802;0,3;140;298,879;277,966;266;360;292,752;291,717;70;266,003;;1793,41
2803;0,3;138,5;298,835;277,984;266;360;292,687;291,703;70;265,989;;1791,28
2804;0,3;139,5;299,052;277,98;266;360;292,73;291,667;70;265,975;;1789,06
2805;0,3;139;299,284;277,977;266;360;292,781;291,667;70;265,966;;1788
2806;0,3;140;299,342;277,969;266;360;292,824;291,667;70;265,958;;1786,96
2807;0,3;139,5;299,306;277,966;266;360;292,824;291,717;70;265,952;;1786
2808;0,3;140;299,233;277,98;266;360;292,824;291,667;70;265,946;;1785,43
2809;0,3;139;299,168;277,98;266;360;292,867;291,717;70;265,941;;1784,96
2810;0,3;139;299,168;277,977;266;360;292,788;291,667;70;265,936;;1784,11
2811;0,3;138,5;299,978;277,966;266;360;292,788;291,667;70;265,932;;1781,37
2812;0,3;139;300,014;277,966;266;360;292,81;291,667;70;265,928;;1779,63
2813;0,3;139;300,087;277,984;266;360;292,766;291,667;70;265,925;;1779,25
2814;0,3;139,5;300,043;277,98;266;360;292,745;291,667;70;265,924;;1778,5
2815;0,3;138,5;300;277,977;266;360;292,788;291,623;70;265,925;;1778,29
2816;0,3;139;299,92;277,973;266;360;292,694;291,565;70;265,922;;1777,26
2817;0,3;140;299,892;277,966;266;360;292,679;291,522;70;265,917;;1776,48
2818;0,3;139;299,957;277,984;266;360;292,679;291,522;70;265,915;;1775,03
2819;0,3;140,5;300,391;277,984;266;360;292,679;291,522;70;265,913;;1773,36
2820;0,3;139;300,383;277,977;266;360;292,643;291,5;70;265,912;;1773,08
2821;0,3;139,5;300,333;277,973;266;360;292,535;291,399;70;265,91;;1772,42
2822;0,3;139,5;300,246;277,966;266;360;292,484;291,399;70;265,909;;1771,33
2823;0,3;139,5;300,174;277,977;266;360;292,47;291,334;70;265,909;;1770,56
2824;0,3;138,5;300,13;277,984;266;360;292,513;291,334;70;265,911;;1769,36
2825;0,3;140;300,579;277,977;266;360;292,491;291,377;70;265,911;;1768,38
2826;0,3;138,5;300,101;277,973;266;360;292,535;291,334;70;265,913;;1766,85
2827;0,3;139;300,145;277,969;266;360;292,491;291,377;70;265,913;;1766,44
2828;0,3;140;300,767;277,977;266;360;292,441;291,385;70;265,919;;1765,55
2829;0,3;139,5;300,817;277,98;266;360;292,484;291,522;70;265,926;;1761,2
2830;0,3;139,5;300,788;277,977;266;360;292,491;291,45;70;265,93;;1760,65
2831;0,3;140;300,687;277,969;266;360;292,484;291,464;70;265,933;;1758,79
2832;0,3;139;301,013;277,969;266;360;292,535;291,464;70;265,94;;1758,26
2833;0,3;139;300,904;277,977;266;360;292,535;291,413;70;265,945;;1757,57
2834;0,3;139,5;300,883;277,984;266;360;292,585;291,377;70;265,949;;1756,61
2835;0,3;139;300,991;277,98;266;360;292,477;291,421;70;265,954;;1756,01
2836;0,3;140;301,121;277,969;266;360;292,484;291,377;70;265,951;;1754,84
2837;0,3;139;301,107;277,966;266;360;292,477;291,319;70;265,948;;1753,54
2838;0,3;139,5;300,998;277,98;266;360;292,52;291,298;70;265,944;;1753,35
2839;0,3;139,5;300,933;277,98;266;360;292,448;291,377;70;265,939;;1752,07
2840;0,3;139,5;300,919;277,98;266;360;292,513;291,377;70;265,935;;1749,38
2841;0,3;139,5;301,034;277,973;266;360;292,39;291,377;70;265,927;;1748,78
2842;0,3;139;301,128;277,966;266;360;292,419;291,392;70;265,912;;1748,71
2843;0,3;139,5;301,143;277,977;266;360;292,484;291,428;70;265,9;;1746,9
2844;0,3;139,5;301,063;277,98;266;360;292,491;291,442;70;265,886;;1746,06
2845;0,3;139,5;300,955;277,98;266;360;292,578;291,471;70;265,866;;1745,4
2846;0,3;139,5;300,883;277,973;266;360;292,614;291,522;70;265,848;;1744,87
2847;0,3;139;300,977;277,966;266;360;292,679;291,565;70;265,831;;1743,95
2848;0,3;139,5;301,107;277,977;266;360;292,679;291,638;70;265,816;;1743,11
2849;0,3;139;301,15;277,984;266;360;292,679;291,667;70;265,801;;1741,71
2850;0,3;139;301,121;277,98;266;360;292,708;291,667;70;265,788;;1739,31
2851;0,3;139,5;301,027;277,973;266;360;292,824;291,667;70;265,778;;1737,86
2852;0,3;140;300,911;277,969;266;360;292,773;291,667;70;265,764;;1737,09
2853;0,3;139,5;300,926;277,977;266;360;292,73;291,696;70;265,745;;1735,72
2854;0,3;139;301,042;277,984;266;360;292,795;291,761;70;265,728;;1733,96
2855;0,3;140;301,143;277,977;266;360;292,745;291,797;70;265,711;;1732,96
2856;0,3;139,5;301,136;277,973;266;360;292,81;291,782;70;265,69;;1731,48
2857;0,3;139;301,042;277,966;266;360;292,824;291,855;70;265,67;;1730,02
2858;0,3;139,5;300,919;278,132;266;360;292,824;291,811;70;265,65;;1728,8
2859;0,3;139,5;300,897;278,273;266;360;292,824;291,811;70;265,632;;1728,14
2860;0,3;139;300,948;278,27;266;360;292,824;291,811;70;265,617;;1725,61
2861;0,3;139,5;301,403;278,335;266;360;292,867;291,811;70;265,606;;1725,11
2862;0,3;139,5;301,758;278,342;266;360;292,969;291,934;70;265,595;;1723,37
2863;0,3;139;301,678;278,346;266;360;292,969;291,956;70;265,586;;1722,56
2864;0,3;139,5;301,628;278,367;266;360;292,969;291,956;70;265,578;;1722,23
2865;0,3;140;301,505;278,371;266;360;292,867;291,891;70;265,57;;1721,31
2866;0,3;139,5;301,411;278,371;266;360;292,824;291,811;70;265,566;;1720,72
2867;0,3;139,5;301,273;278,364;266;360;292,824;291,811;70;265,57;;1720,72
2868;0,3;139,5;301,765;278,114;266;360;292,824;291,811;70;265,574;;1720,23
2869;0,3;139,5;301,866;278,132;266;360;292,781;291,725;70;265,577;;1719,31
2870;0,3;139,5;301,7;278,259;266;360;292,73;291,732;70;265,579;;1718,69
2871;0,3;138,5;301,982;278,172;266;360;292,679;291,667;70;265,587;;1717,34
2872;0,3;140;301,888;278,197;266;360;292,679;291,58;70;265,6;;1714,35
2873;0,3;139;301,816;278,23;266;360;292,679;291,587;70;265,611;;1713,97
2874;0,3;140;301,743;278,244;266;360;292,679;291,602;70;265,622;;1712,3
2875;0,3;139;301,628;278,284;266;360;292,679;291,522;70;265,636;;1709,34
2876;0,3;139,5;301,555;278,313;266;360;292,658;291,522;70;265,655;;1708,07
2877;0,3;139;301,613;278,32;266;360;292,65;291,522;70;265,671;;1707,97
2878;0,3;139,5;301,678;278,331;266;360;292,549;291,5;70;265,686;;1706,4
2879;0,3;139,5;301,722;278,346;266;360;292,441;291,442;70;265,7;;1706,24
2880;0,3;140;301,751;278,346;266;360;292,426;291,471;70;265,716;;1703,88
2881;0,3;139,5;302,127;278,353;266;360;292,433;291,428;70;265,728;;1703,42
2882;0,3;139;302,062;278,367;266;360;292,339;291,377;70;265,741;;1701,49
2883;0,3;139,5;301,953;278,234;266;360;292,39;291,377;70;265,754;;1700,19
2884;0,3;139,5;301,982;278,1;266;360;292,433;291,377;70;265,767;;1699,36
2885;0,3;139,5;302,105;278,1;266;360;292,441;291,464;70;265,781;;1698,19
2886;0,3;139;302,192;278,111;266;360;292,39;291,428;70;265,794;;1697,18
2887;0,3;139,5;302,156;278,121;266;360;292,441;291,392;70;265,807;;1696,72
2888;0,3;140;302,062;278,49;266;360;292,527;291,45;70;265,82;;1695,23
2889;0,3;140,5;301,96;278,49;266;360;292,455;291,428;70;265,832;;1694
2890;0,3;140;301,91;278,483;266;360;292,535;291,377;70;265,846;;1692,71
2891;0,3;139;302,062;278,479;266;360;292,535;291,392;70;265,863;;1692,68
2892;0,3;139,5;302,177;278,483;266;360;292,535;291,522;70;265,883;;1691,17
2893;0,3;159;302,185;278,494;266;360;292,535;291,522;70;265,895;;1689,54
2894;0,3;189,5;302,076;278,49;266;360;292,564;291,479;70;265,914;;1688,29
2895;0,3;192,5;301,975;278,483;266;360;292,52;291,435;70;265,934;;1688,03
2896;0,3;192,5;301,924;278,479;266;360;292,484;291,406;70;265,954;;1686,67
2897;0,3;192,5;302,033;278,498;266;360;292,39;291,377;70;265,973;;1684,56
2898;0,3;185,5;302,156;278,505;266;360;292,39;291,327;70;265,991;;1682,88
2899;0,3;177;302,163;278,476;266;360;292,39;291,233;70;266,012;;1682,88
2900;0,3;174;302,127;278,472;266;360;292,39;291,233;70;266,032;;1681,7
2901;0,3;171;301,982;278,479;266;360;292,383;291,233;70;266,056;;1681,23
2902;0,3;161,5;302,235;278,317;266;360;292,354;291,276;70;266,082;;1678,27
2903;0,3;155;302,286;278,129;266;360;292,39;291,24;70;266,107;;1676,2
2904;0,3;146,5;302,438;278,121;266;360;292,39;291,233;70;266,131;;1676,2
2905;0,3;139;302,532;278,118;266;360;292,253;291,233;70;266,149;;1676,09
2906;0,3;116,5;302,59;278,111;266;360;292,245;291,233;70;266,172;;1674,85
2907;0,3;112,5;302,561;278,1;266;360;292,26;291,233;70;266,191;;1673,67
2908;0,3;113,5;302,481;278,092;266;360;292,202;291,189;70;266,209;;1671,46
2909;0,3;107,5;302,98;278,092;266;360;292,245;291,168;70;266,225;;1670,5
2910;0,3;88,5;302,973;278,212;266;360;292,245;291,211;70;266,236;;1669,89
2911;0,3;77;303,125;278,317;266;360;292,245;291,283;70;266,251;;1669,55
2912;0,3;70,5;302,886;278,089;266;360;292,245;291,233;70;266,262;;1667,42
2913;0,3;61,5;302,756;278,186;266;360;292,245;291,276;70;266,27;;1666,3
2914;0,3;60;302,727;278,328;266;360;292,245;291,356;70;266,271;;1666,3
2915;0,3;65,5;302,597;278,378;266;360;292,245;291,247;70;266,273;;1664,95
2916;0,3;64;302,438;278,375;266;360;292,245;291,283;70;266,271;;1663,49
2917;0,3;60;302,141;278,241;266;360;292,245;291,233;70;266,266;;1662,45
2918;0,3;53;301,96;278,273;266;360;292,289;291,254;70;266,26;;1662,4
2919;0,3;52;302,148;278,056;266;360;292,231;291,247;70;266,252;;1661,77
2920;0,3;60;301,794;277,966;266;360;292,166;291,233;70;266,248;;1658,15
2921;0,3;61,5;301,794;277,984;266;360;292,245;291,233;70;266,236;;1656,88
2922;0,3;74;301,389;277,98;266;360;292,202;291,254;70;266,223;;1655,63
2923;0,3;83;300,89;277,973;266;360;292,144;291,088;70;266,219;;1654,52
2924;0,3;82;300,781;277,966;266;360;292,101;291,037;70;266,219;;1654,49
2925;0,3;91,5;300,716;277,969;266;360;292,101;291,088;70;266,218;;1653,22
2926;0,3;101,5;300,42;277,984;266;360;292,101;291,066;70;266,214;;1651,88
2927;0,3;114,5;300,101;277,98;266;360;292,101;290,987;70;266,221;;1650,42
2928;0,3;121,5;300,065;277,973;266;360;292,101;290,979;70;266,227;;1649,33
2929;0,3;129;299,725;277,973;266;360;292,101;291,037;70;266,236;;1648,32
2930;0,3;136,5;299,624;277,966;266;360;292,101;290,943;70;266,245;;1645,76
2931;0,3;141;299,183;277,984;266;360;291,97;290,943;70;266,258;;1645,14
2932;0,3;145,5;298,872;277,98;266;360;291,956;290,893;70;266,265;;1644,6
2933;0,3;155,5;298,995;277,977;266;360;291,956;290,9;70;266,278;;1643,62
2934;0,3;161;299,11;277,969;266;360;291,956;290,799;70;266,288;;1642,91
2935;0,3;159,5;298,893;277,973;266;360;291,956;290,856;70;266,298;;1641,9
2936;0,3;160,5;298,626;277,984;266;360;292,007;290,943;70;266,311;;1641,9
2937;0,3;163;298,546;277,98;266;360;291,956;290,943;70;266,319;;1641,89
2938;0,3;173;298,51;277,977;266;360;291,978;290,979;70;266,334;;1640,14
2939;0,3;172;298,495;277,973;266;360;292,014;290,943;70;266,353;;1638,61
2940;0,3;168,5;298,618;277,966;266;360;292,014;290,943;70;266,37;;1636,36
2941;0,3;168,5;298,213;277,984;266;360;291,992;290,9;70;266,388;;1635,5
2942;0,3;164;299,045;277,98;266;360;291,956;290,943;70;266,404;;1634,8
2943;0,3;146;299,103;277,973;266;360;291,956;290,885;70;266,421;;1633,81
2944;0,3;134;299,016;277,969;266;360;292,007;290,864;70;266,433;;1633,76
2945;0,3;130;298,9;277,969;266;360;291,956;290,864;70;266,446;;1631,91
2946;0,3;122,5;298,828;277,984;266;360;291,956;290,922;70;266,458;;1629,77
2947;0,3;119;298,922;277,98;266;360;291,956;290,849;70;266,47;;1628,31
2948;0,3;110,5;299,19;277,973;266;360;291,956;290,835;70;266,481;;1626,69
2949;0,3;110;299,443;277,973;266;360;291,913;290,871;70;266,488;;1626,44
2950;0,3;97;299,479;277,969;266;360;291,913;290,943;70;266,501;;1625,94
2951;0,3;89;299,421;277,984;266;360;291,884;290,849;70;266,507;;1625,15
2952;0,3;86,5;299,313;277,98;266;360;291,811;290,748;70;266,509;;1623,21
2953;0,3;83;299,284;277,973;266;360;291,768;290,77;70;266,518;;1620,63
2954;0,3;81,5;299,255;277,966;266;360;291,811;290,748;70;266,523;;1620,53
2955;0,3;74,5;299,306;277,969;266;360;291,811;290,661;70;266,526;;1619,3
2956;0,3;72;299,486;277,731;266;360;291,84;290,741;70;266,531;;1618,94
2957;0,3;73;299,371;277,98;266;360;291,819;290,762;70;266,54;;1618,09
2958;0,3;67;299,089;277,973;266;360;291,811;290,77;70;266,543;;1617,09
2959;0,3;67;298,966;277,966;266;360;291,811;290,69;70;266,548;;1616,36
2960;0,3;69;298,872;277,966;266;360;291,811;290,799;70;266,546;;1612,93
2961;0,3;76,5;298,843;277,984;266;360;291,855;290,799;70;266,537;;1611,76
2962;0,3;73;298,517;277,98;266;360;291,855;290,748;70;266,531;;1611,26
2963;0,3;69;298,199;277,977;266;360;291,898;290,799;70;266,526;;1610,61
2964;0,3;78,5;298,286;277,973;266;360;291,775;290,755;70;266,525;;1609,06
2965;0,3;87,5;298,192;277,966;266;360;291,811;290,654;70;266,519;;1606,34
2966;0,3;94,5;298,003;277,98;266;360;291,811;290,654;70;266,505;;1604,1
2967;0,3;95;297,902;277,98;266;360;291,811;290,705;70;266,495;;1603,18
2968;0,3;99;297,106;277,98;266;360;291,811;290,654;70;266,481;;1601,45
2969;0,3;106;297,215;277,969;266;360;291,739;290,654;70;266,47;;1600,54
2970;0,3;112,5;297,367;277,969;266;360;291,667;290,509;70;266,463;;1600,03
2971;0,3;120;297,172;277,984;266;360;291,753;290,582;70;266,454;;1599,81
2972;0,3;129;297,02;277,98;266;360;291,667;290,567;70;266,446;;1599,39
2973;0,3;139;297,049;277,977;266;360;291,732;290,56;70;266,442;;1599,39
2974;0,3;141,5;296,687;277,969;266;360;291,659;290,553;70;266,437;;1598,12
2975;0,3;148,5;296,282;277,966;266;360;291,536;290,509;70;266,432;;1595,35
2976;0,3;161;296,209;277,984;266;360;291,573;290,509;70;266,432;;1594,42
2977;0,3;167,5;296,231;277,915;266;360;291,522;290,43;70;266,429;;1592,56
2978;0,3;168;296,282;277,865;266;360;291,522;290,451;70;266,428;;1590,52
2979;0,3;168;296,477;277,568;266;360;291,645;290,509;70;266,427;;1589,78
2980;0,3;176,5;296,506;277,561;266;360;291,616;290,437;70;266,425;;1588,84
2981;0,3;175;296,434;277,572;266;360;291,609;290,459;70;266,422;;1587,78
2982;0,3;179;296,332;277,713;266;360;291,638;290,495;70;266,42;;1587,16
2983;0,3;178;296,311;277,575;266;360;291,616;290,509;70;266,418;;1586,61
2984;0,3;183;296,687;277,655;266;360;291,667;290,509;70;266,415;;1585,08
2985;0,3;183;296,81;277,651;266;360;291,558;290,473;70;266,414;;1583,29
2986;0,3;168,5;296,933;277,651;266;360;291,522;290,365;70;266,412;;1582,84
2987;0,3;164,5;296,998;277,742;266;360;291,522;290,365;70;266,404;;1581,65
2988;0,3;168,5;297,512;277,575;266;360;291,522;290,365;70;266,396;;1581,3
2989;0,3;167;297,743;277,478;266;360;291,515;290,365;70;266,386;;1579,51
2990;0,3;155,5;297,642;277,463;266;360;291,377;290,365;70;266,373;;1576,08
2991;0,3;148,5;297,692;277,46;266;360;291,377;290,314;70;266,362;;1575,47
2992;0,3;149;297,786;277,459;266;360;291,377;290,234;70;266,346;;1574,36
2993;0,3;145,5;297,917;277,467;266;360;291,377;290,321;70;266,335;;1574,36
2994;0,3;143;298,054;277,463;266;360;291,377;290,314;70;266,321;;1573,92
2995;0,3;149;298,322;277,445;266;360;291,413;290,365;70;266,309;;1573,28
2996;0,3;153,5;298,828;277,467;266;360;291,377;290,307;70;266,296;;1571,91
2997;0,3;150;298,155;277,431;266;360;291,377;290,22;70;266,283;;1570,34
2998;0,3;144;298,64;277,459;266;360;291,377;290,299;70;266,272;;1569,42
2999;0,3;143,5;298,857;277,46;266;360;291,377;290,234;70;266,257;;1568,13
3000;0,3;141,5;298,922;277,445;266;360;291,341;290,22;70;266,239;;1567,26
3001;0,3;140,5;299,023;277,438;266;360;291,334;290,263;70;266,224;;1567,02
3002;0,3;141,5;299,103;277,431;266;360;291,319;290,22;70;266,207;;1564,32
3003;0,3;147;299,255;277,434;266;360;291,377;290,22;70;266,19;;1563,74
3004;0,3;150;299,255;277,452;266;360;291,327;290,184;70;266,175;;1561,82
3005;0,3;145,5;299,233;277,449;266;360;291,298;290,22;70;266,163;;1559,72
3006;0,3;148,5;299,566;277,467;266;360;291,233;290,22;70;266,144;;1558,62
3007;0,3;150;299,486;277,452;266;360;291,233;290,22;70;266,125;;1557,35
3008;0,3;150,5;299,53;277,452;266;360;291,233;290,177;70;266,103;;1556,3
3009;0,3;154,5;299,826;277,463;266;360;291,196;290,126;70;266,08;;1555,19
3010;0,3;164,5;300,022;277,474;266;360;291,168;290,032;70;266,057;;1554,43
3011;0,3;166;300,181;277,452;266;360;291,001;290,003;70;266,036;;1553,66
3012;0,3;166;300,08;277,445;266;360;291,008;289,931;70;266,014;;1552,04
3013;0,3;166;299,877;277,441;266;360;291,023;289,931;70;265,991;;1551,97
3014;0,3;173,5;299,899;277,459;266;360;291,016;289,931;70;265,966;;1549,81
3015;0,3;181;299,964;277,47;266;360;291,03;289,931;70;265,941;;1548,81
3016;0,3;183;300,166;277,445;266;360;290,943;289,931;70;265,914;;1547,5
3017;0,3;193,5;300,405;277,438;266;360;290,943;289,837;70;265,889;;1545,89
3018;0,3;203,5;300,579;277,445;266;360;290,907;289,786;70;265,865;;1544,42
3019;0,3;203;300,709;277,47;266;360;290,799;289,786;70;265,846;;1542,97
3020;0,3;201,5;300,789;277,463;266;360;290,799;289,822;70;265,825;;1541,34
3021;0,3;204,5;300,883;277,456;266;360;290,849;289,8;70;265,806;;1540,38
3022;0,3;205;300,94;277,449;266;360;290,799;289,829;70;265,792;;1540,38
3023;0,3;207;301,671;277,387;266;360;290,799;289,786;70;265,778;;1539,25
3024;0,3;212;301,758;277,076;266;360;290,799;289,786;70;265,76;;1537,57
3025;0,3;214;301,939;277,214;266;360;290,799;289,786;70;265,744;;1537,23
3026;0,3;218,5;302,098;277,21;266;360;290,799;289,786;70;265,73;;1535,59
3027;0,3;216;301,939;277,21;266;360;290,849;289,786;70;265,717;;1534,07
3028;0,3;206,5;302,626;277,083;266;360;290,842;289,786;70;265,706;;1533,64
3029;0,3;208,5;302,713;277,094;266;360;290,799;289,706;70;265,694;;1532,5
3030;0,3;210,5;303,154;277,123;266;360;290,799;289,735;70;265,677;;1532
3031;0,3;202;303,212;277,13;266;360;290,799;289,677;70;265,661;;1530,76
3032;0,3;196,5;303,95;277,463;266;360;290,748;289,641;70;265,645;;1528,93
3033;0,3;201;303,856;277,456;266;360;290,741;289,714;70;265,629;;1528,54
3034;0,3;200,5;304;277,452;266;360;290,705;289,714;70;265,614;;1526,75
3035;0,3;191;303,979;277,47;266;360;290,748;289,735;70;265,599;;1525,99
3036;0,3;190;304,391;277,47;266;360;290,784;289,75;70;265,588;;1524,99
3037;0,3;192;304,716;277,456;266;360;290,799;289,786;70;265,575;;1523,34
3038;0,3;190;304,608;277,456;266;360;290,755;289,692;70;265,564;;1522,74
3039;0,3;190;305,201;277,467;266;360;290,748;289,648;70;265,557;;1521,34
3040;0,3;190;305,1;277,485;266;360;290,676;289,641;70;265,551;;1520,78
3041;0,3;183;305,281;277,459;266;360;290,654;289,641;70;265,543;;1520,19
3042;0,3;182;305,556;277,456;266;360;290,654;289,641;70;265,538;;1519,04
3043;0,3;180,5;305,606;277,561;266;360;290,762;289,641;70;265,534;;1517,74
3044;0,3;175;306,156;277,568;266;360;290,77;289,641;70;265,533;;1515,68
3045;0,3;170,5;306,264;277,582;266;360;290,791;289,641;70;265,539;;1514,74
3046;0,3;162,5;306,272;277,586;266;360;290,799;289,641;70;265,544;;1512,6
3047;0,3;162;306,46;277,575;266;360;290,734;289,641;70;265,55;;1511,88
3048;0,3;164,5;306,706;277,572;266;360;290,654;289,641;70;265,556;;1510,32
3049;0,3;162;306,691;277,586;266;360;290,574;289,583;70;265,561;;1508,89
3050;0,3;155;306,648;277,59;266;360;290,509;289,497;70;265,57;;1508,03
3051;0,3;149;306,713;277,966;266;360;290,509;289,591;70;265,58;;1506,46
3052;0,3;148;306,633;277,98;266;360;290,553;289,54;70;265,592;;1505,71
3053;0,3;145,5;306,489;277,98;266;360;290,509;289,533;70;265,601;;1504,57
3054;0,3;142,5;306,713;277,973;266;360;290,509;289,497;70;265,61;;1504
3055;0,3;144,5;306,67;277,969;266;360;290,603;289,569;70;265,62;;1502,07
3056;0,3;147;306,604;277,969;266;360;290,654;289,641;70;265,627;;1500,81
3057;0,3;138,5;306,236;278,215;266;360;290,654;289,641;70;265,63;;1500,4
3058;0,3;127,5;306,25;278,194;266;360;290,654;289,641;70;265,631;;1499,45
3059;0,3;128,5;306,387;278,158;266;360;290,654;289,641;70;265,636;;1497,95
3060;0,3;136;307,082;278,201;266;360;290,654;289,641;70;265,64;;1496,85
3061;0,3;135;307,024;278,248;266;360;290,654;289,641;70;265,645;;1495,14
3062;0,3;134;306,93;278,252;266;360;290,654;289,641;70;265,647;;1494,03
3063;0,3;131;306,887;278,244;266;360;290,654;289,641;70;265,647;;1492,84
3064;0,3;126,5;306,793;278,483;266;360;290,553;289,612;70;265,648;;1492,12
3065;0,3;125;306,764;278,483;266;360;290,567;289,54;70;265,652;;1491,38
3066;0,3;116;306,713;278,487;266;360;290,56;289,54;70;265,653;;1489,97
3067;0,3;117,5;306,706;278,49;266;360;290,531;289,605;70;265,65;;1489,19
3068;0,3;121;306,467;278,487;266;360;290,596;289,641;70;265,645;;1487,4
3069;0,3;119,5;306,272;278,501;266;360;290,524;289,641;70;265,64;;1486,36
3070;0,3;122;306,25;278,501;266;360;290,654;289,641;70;265,633;;1483,15
3071;0,3;129,5;306,149;278,519;266;360;290,654;289,641;70;265,625;;1482,65
3072;0,3;136;306,062;278,602;266;360;290,647;289,641;70;265,621;;1482,65
3073;0,3;135;305,78;278,606;266;360;290,603;289,641;70;265,619;;1481,67
3074;0,3;133;305,584;278,613;266;360;290,654;289,641;70;265,614;;1480,37
3075;0,3;134;305,707;278,613;266;360;290,611;289,641;70;265,61;;1478,99
3076;0,3;143;305,852;278,621;266;360;290,654;289,641;70;265,6;;1478,28
3077;0,3;142;305,924;278,617;266;360;290,654;289,641;70;265,589;;1476,31
3078;0,3;144,5;305,23;278,809;266;360;290,748;289,692;70;265,575;;1475,74
3079;0,3;158,5;305,107;279,004;266;360;290,654;289,641;70;265,563;;1475,14
3080;0,3;166;305,035;279;266;360;290,654;289,641;70;265,551;;1472,98
3081;0,3;169,5;305,013;278,997;266;360;290,654;289,641;70;265,543;;1471,84
3082;0,3;173,5;305,006;278,993;266;360;290,603;289,641;70;265,536;;1469,57
3083;0,3;177;304,47;278,997;266;360;290,545;289,547;70;265,526;;1468,89
3084;0,3;185,5;304,47;279,004;266;360;290,473;289,497;70;265,514;;1468,41
3085;0,3;205;304,47;279;266;360;290,466;289,439;70;265,504;;1467,94
3086;0,3;211,5;304,47;279;266;360;290,408;289,439;70;265,501;;1467,35
3087;0,3;210;304,442;278,993;266;360;290,43;289,388;70;265,501;;1465,31
3088;0,3;210;304,427;278,997;266;360;290,509;289,533;70;265,501;;1464,24
3089;0,3;206,5;304,384;279;266;360;290,509;289,46;70;265,501;;1462,68
3090;0,3;208;304,499;279;266;360;290,459;289,417;70;265,5;;1462,48
3091;0,3;217;304,876;279;266;360;290,451;289,424;70;265,499;;1461,77
3092;0,3;215;305,245;278,993;266;360;290,386;289,497;70;265,498;;1459,92
3093;0,3;205;305,165;278,993;266;360;290,466;289,554;70;265,502;;1458,46
3094;0,3;204,5;305,071;279,004;266;360;290,509;289,598;70;265,502;;1457,63
3095;0,3;204;304,984;279;266;360;290,495;289,41;70;265,503;;1456,04
3096;0,3;203;305,266;279;266;360;290,459;289,352;70;265,507;;1455,14
3097;0,3;197,5;305,331;278,997;266;360;290,365;289,352;70;265,514;;1454
3098;0,3;190;305,447;278,993;266;360;290,365;289,395;70;265,522;;1453,93
3099;0,3;184;305,896;279,004;266;360;290,365;289,395;70;265,527;;1453,38
3100;0,3;176,5;306,207;279;266;360;290,365;289,482;70;265,536;;1451,95
3101;0,3;174,5;306,084;279;266;360;290,365;289,497;70;265,544;;1449,12
3102;0,3;173;306,011;278,997;266;360;290,365;289,46;70;265,559;;1448,32
3103;0,3;168,5;306,207;278,993;266;360;290,365;289,497;70;265,575;;1446,87
3104;0,3;163;306,749;279;266;360;290,365;289,497;70;265,59;;1445,07
3105;0,3;150;306,785;279,004;266;360;290,365;289,497;70;265,607;;1444,83
3106;0,3;150,5;306,633;279;266;360;290,365;289,497;70;265,627;;1443,6
3107;0,3;143,5;306,785;279;266;360;290,365;289,475;70;265,654;;1443,07
3108;0,3;136,5;306,727;278,997;266;360;290,365;289,352;70;265,68;;1441,17
3109;0,3;135,5;307,219;278,993;266;360;290,285;289,352;70;265,711;;1439,85
3110;0,3;133,5;307,125;279;266;360;290,249;289,301;70;265,742;;1438,56
3111;0,3;120;307,046;279;266;360;290,256;289,272;70;265,77;;1437,45
3112;0,3;105;307,038;279;266;360;290,365;289,323;70;265,804;;1437,05
3113;0,3;99;307,125;279;266;360;290,365;289,287;70;265,836;;1436,26
3114;0,3;93,5;307,248;278,993;266;360;290,314;289,352;70;265,87;;1435,4
3115;0,3;87,5;306,532;278,997;266;360;290,336;289,251;70;265,903;;1433,91
3116;0,3;77,5;306,467;279,004;266;360;290,22;289,207;70;265,934;;1433,09
3117;0,3;74;306,677;279;266;360;290,22;289,236;70;265,969;;1431,89
3118;0,3;74;306,821;278,997;266;360;290,22;289,222;70;266,007;;1430,1
3119;0,3;67;306,366;278,993;266;360;290,249;289,207;70;266,046;;1428,68
3120;0,3;52;306,018;279,196;266;360;290,314;289,207;70;266,085;;1426,23
3121;0,3;48;305,924;279,405;266;360;290,271;289,258;70;266,117;;1425,35
3122;0,3;44,5;305,78;279,398;266;360;290,22;289,243;70;266,149;;1424,34
3123;0,3;39,5;305,809;279,402;266;360;290,22;289,214;70;266,181;;1423,33
3124;0,3;34,5;305,165;279,264;266;360;290,22;289,207;70;266,211;;1423,07
3125;0,3;31,5;304,81;279,272;266;360;290,256;289,229;70;266,241;;1421,03
3126;0,3;31;304,615;279,29;266;360;290,22;289,272;70;266,269;;1420,26
3127;0,3;29,5;304,145;279,275;266;360;290,22;289,207;70;266,296;;1418,16
3128;0,3;29,5;303,979;279,391;266;360;290,256;289,301;70;266,319;;1417,69
3129;0,3;29,5;303,479;279,395;266;360;290,271;289,352;70;266,339;;1417,54
3130;0,3;25,5;303,197;279,199;266;360;290,365;289,352;70;266,358;;1416,21
3131;0,3;22;302,937;279,214;266;360;290,365;289,316;70;266,379;;1415,19
3132;0,3;23,5;302,394;279,21;266;360;290,336;289,207;70;266,392;;1414,49
3133;0,3;32,5;301,874;279,243;266;360;290,22;289,207;70;266,402;;1413,48
3134;0,3;35,5;301,642;279,253;266;360;290,22;289,207;70;266,413;;1412,28
3135;0,3;36,5;300,977;279,514;266;360;290,278;289,207;70;266,423;;1411,01
3136;0,3;37,5;300,391;279,485;266;360;290,343;289,258;70;266,429;;1410,25
3137;0,3;47;300,174;279,297;266;360;290,22;289,265;70;266,434;;1408,09
3138;0,3;51;299,342;279,282;266;360;290,263;289,243;70;266,439;;1407,47
3139;0,3;65;299,081;279,243;266;360;290,22;289,287;70;266,438;;1405,46
3140;0,3;74;298,575;279,308;266;360;290,22;289,222;70;266,441;;1404,44
3141;0,3;78;298,054;279,21;266;360;290,285;289,207;70;266,441;;1402,85
3142;0,3;88,5;297,823;279,203;266;360;290,271;289,164;70;266,44;;1401,84
3143;0,3;103,5;297,519;279,203;266;360;290,22;289,178;70;266,435;;1401,43
3144;0,3;123;297,302;279,156;266;360;290,271;289,265;70;266,429;;1398,43
3145;0,3;133;297,005;279,12;266;360;290,271;289,251;70;266,424;;1397,03
3146;0,3;133,5;297,056;279,12;266;360;290,22;289,251;70;266,422;;1396,27
3147;0,3;145,5;296,564;279,12;266;360;290,22;289,091;70;266,419;;1395,26
3148;0,3;154,5;296,513;279,123;266;360;290,22;289,142;70;266,41;;1395
3149;0,3;165;296,123;279,246;266;360;290,22;289,207;70;266,405;;1394,39
3150;0,3;170,5;295,761;279,12;266;360;290,22;289,207;70;266,399;;1393,15
3151;0,3;180,5;295,87;279,12;266;360;290,22;289,229;70;266,392;;1391,36
3152;0,3;189,5;296,021;279,062;266;360;290,271;289,323;70;266,386;;1390,11
3153;0,3;188,5;296,036;278,997;266;360;290,256;289,287;70;266,376;;1388,07
3154;0,3;188;295,935;278,997;266;360;290,22;289,308;70;266,368;;1387,38
3155;0,3;196;295,783;278,997;266;360;290,299;289,207;70;266,363;;1386,59
3156;0,3;198;295,804;279,008;266;360;290,271;289,207;70;266,357;;1386,23
3157;0,3;198,5;295,891;279;266;360;290,285;289,207;70;266,35;;1384,78
3158;0,3;198,5;296,202;278,932;266;360;290,249;289,207;70;266,345;;1383,94
3159;0,3;203;296,455;278,877;266;360;290,256;289,207;70;266,34;;1383,19
3160;0,3;198,5;296,463;278,863;266;360;290,234;289,229;70;266,333;;1382,44
3161;0,3;196,5;296,354;278,852;266;360;290,22;289,229;70;266,327;;1382
3162;0,3;199,5;296,911;278,848;266;360;290,365;289,345;70;266,323;;1379,99
3163;0,3;204,5;296,803;278,783;266;360;290,292;289,258;70;266,316;;1377,82
3164;0,3;194;296,955;278,472;266;360;290,22;289,251;70;266,313;;1377,44
3165;0,3;183,5;297,454;278,469;266;360;290,177;289,207;70;266,308;;1374,51
3166;0,3;165,5;297,656;278,472;266;360;290,22;289,251;70;266,3;;1374,31
3167;0,3;168;298,112;278,487;266;360;290,22;289,337;70;266,298;;1372,61
3168;0,3;168;298,003;278,487;266;360;290,184;289,2;70;266,298;;1371,88
3169;0,3;163,5;298,698;278,483;266;360;290,213;289,084;70;266,299;;1371,48
3170;0,3;168;298,611;278,479;266;360;290,177;289,207;70;266,297;;1370,15
3171;0,3;162,5;298,843;278,378;266;360;290,22;289,207;70;266,293;;1369,27
3172;0,3;150,5;298,908;278,317;266;360;290,191;289,106;70;266,287;;1368,08
3173;0,3;143,5;299,371;278,342;266;360;290,205;289,142;70;266,28;;1367,49
3174;0,3;143,5;299,805;278,346;266;360;290,177;289,178;70;266,27;;1366,82
3175;0,3;144;299,769;278,356;266;360;290,22;289,207;70;266,263;;1364,61
3176;0,3;137,5;299,826;278,089;266;360;290,22;289,251;70;266,261;;1363,78
3177;0,3;126;299,913;278,089;266;360;290,22;289,207;70;266,255;;1362,52
3178;0,3;126;299,87;278,107;266;360;290,22;289,207;70;266,248;;1361,33
3179;0,3;125,5;300,26;278,136;266;360;290,22;289,207;70;266,241;;1359,58
3180;0,3;124,5;300,738;278,161;266;360;290,263;289,251;70;266,233;;1358,51
3181;0,3;115;300,839;278,172;266;360;290,22;289,207;70;266,225;;1357,43
3182;0,3;112,5;300,926;278,208;266;360;290,307;289,316;70;266,214;;1356,79
3183;0,3;110;300,94;278,226;266;360;290,365;289,352;70;266,202;;1355,53
3184;0,3;113;300,977;278,36;266;360;290,365;289,301;70;266,193;;1353,13
3185;0,3;109;300,948;278,498;266;360;290,242;289,251;70;266,183;;1352,2
3186;0,3;108,5;300,897;278,501;266;360;290,271;289,258;70;266,174;;1351,13
3187;0,3;107,5;300,998;278,494;266;360;290,22;289,323;70;266,166;;1350,3
3188;0,3;108;301,071;278,479;266;360;290,22;289,352;70;266,158;;1348,7
3189;0,3;109;301,143;278,465;266;360;290,285;289,352;70;266,15;;1347,08
3190;0,3;115,5;301,034;278,552;266;360;290,394;289,352;70;266,137;;1345,53
3191;0,3;117,5;300,962;278,617;266;360;290,379;289,352;70;266,123;;1343,04
3192;0,3;119;300,875;278,613;266;360;290,365;289,352;70;266,108;;1342,77
3193;0,3;121;300,911;278,588;266;360;290,365;289,352;70;266,091;;1341,88
3194;0,3;126,5;301,005;278,592;266;360;290,278;289,301;70;266,07;;1341,16
3195;0,3;129,5;301,121;278,624;266;360;290,263;289,207;70;266,048;;1339,25
3196;0,3;135;301,157;278,635;266;360;290,22;289,28;70;266,023;;1338,15
3197;0,3;140;300,904;278,639;266;360;290,321;289,308;70;265,997;;1337,51
3198;0,3;143;300,398;279;266;360;290,365;289,352;70;265,971;;1336,32
3199;0,3;149;300,051;278,997;266;360;290,365;289,366;70;265,945;;1335,58
3200;0,3;165;300,08;278,993;266;360;290,365;289,475;70;265,916;;1334,59
3201;0,3;183,5;300,152;278,997;266;360;290,365;289,424;70;265,885;;1334,07
3202;0,3;190,5;300,26;279;266;360;290,365;289,497;70;265,857;;1333,1
3203;0,3;188,5;300,347;279;266;360;290,365;289,446;70;265,829;;1331,21
3204;0,3;193,5;300,354;279;266;360;290,365;289,453;70;265,801;;1330,68
3205;0,3;203;301,042;278,997;266;360;290,365;289,424;70;265,776;;1328,95
3206;0,3;219;300,94;278,993;266;360;290,386;289,439;70;265,748;;1327,79
3207;0,3;214;300,911;279,134;266;360;290,509;289,482;70;265,726;;1326,09
3208;0,3;217,5;300,94;279,167;266;360;290,386;289,395;70;265,704;;1324,8
3209;0,3;225,5;301,519;279,25;266;360;290,415;289,446;70;265,683;;1324,31
3210;0,3;232,5;301,461;279,138;266;360;290,408;289,439;70;265,662;;1323,46
3211;0,3;239,5;301,505;279,138;266;360;290,365;289,489;70;265,644;;1322,58
3212;0,3;245;301,758;279,264;266;360;290,365;289,46;70;265,628;;1321,26
3213;0,3;245;302,011;279,127;266;360;290,365;289,475;70;265,613;;1320,48
3214;0,3;239,5;302,083;279,395;266;360;290,365;289,475;70;265,599;;1319,07
3215;0,3;241;302,337;279,246;266;360;290,365;289,366;70;265,587;;1317,86
3216;0,3;241,5;302,771;279,38;266;360;290,365;289,352;70;265,573;;1315,48
3217;0,3;242,5;303,205;279,369;266;360;290,365;289,352;70;265,556;;1314,63
3218;0,3;241;303,443;279,355;266;360;290,365;289,352;70;265,54;;1314,15
3219;0,3;236;303,357;279,348;266;360;290,365;289,352;70;265,522;;1313,59
3220;0,3;227,5;303,979;279,333;266;360;290,278;289,308;70;265,508;;1312,67
3221;0,3;224;304,058;279,319;266;360;290,242;289,207;70;265,495;;1310,61
3222;0,3;222;304,203;279,308;266;360;290,22;289,243;70;265,484;;1310,26
3223;0,3;220;305,216;279,12;266;360;290,278;289,28;70;265,467;;1307,73
3224;0,3;225;305,259;279,112;266;360;290,365;289,352;70;265,447;;1307,62
3225;0,3;208,5;305,881;279,167;266;360;290,365;289,352;70;265,431;;1306,81
3226;0,3;207;305,99;279,185;266;360;290,365;289,417;70;265,414;;1306,46
3227;0,3;204,5;306,069;279,177;266;360;290,321;289,497;70;265,393;;1305,91
3228;0,3;209,5;306,38;279,156;266;360;290,365;289,366;70;265,372;;1304,27
3229;0,3;200,5;306,8;279,181;266;360;290,437;289,439;70;265,345;;1303,14
3230;0,3;198,5;306,749;279,203;266;360;290,509;289,453;70;265,32;;1301,19
3231;0,3;191,5;307,198;279,199;266;360;290,466;289,431;70;265,302;;1300,22
3232;0,3;204,5;307,299;279,178;266;360;290,365;289,395;70;265,275;;1297,69
3233;0,3;195;307,755;279,188;266;360;290,365;289,446;70;265,253;;1296,49
3234;0,3;197,5;307,892;279,395;266;360;290,444;289,352;70;265,232;;1295,63
3235;0,3;204;307,993;279,402;266;360;290,379;289,417;70;265,213;;1293,63
3236;0,3;205;308,08;279,279;266;360;290,365;289,374;70;265,192;;1292,7
3237;0,3;204,5;308,066;279,261;266;360;290,365;289,439;70;265,175;;1291,42
3238;0,3;199,5;308,131;279,257;266;360;290,365;289,41;70;265,162;;1290,81
3239;0,3;204;308,565;279,159;266;360;290,365;289,497;70;265,15;;1289,92
3240;0,3;210,5;308,659;279,127;266;360;290,365;289,395;70;265,143;;1289,19
3241;0,3;204;308,709;279,12;266;360;290,365;289,417;70;265,136;;1288,5
3242;0,3;202;309,274;279,091;266;360;290,365;289,41;70;265,132;;1287,03
3243;0,3;209,5;309,209;279,12;266;360;290,321;289,497;70;265,13;;1285,03
3244;0,3;202,5;309,122;279,127;266;360;290,365;289,497;70;265,136;;1284,31
3245;0,3;202;309,078;279,246;266;360;290,422;289,417;70;265,144;;1283,31
3246;0,3;201,5;309,621;279,235;266;360;290,509;289,431;70;265,16;;1282,09
3247;0,3;204,5;309,729;279,235;266;360;290,466;289,402;70;265,176;;1281,25
3248;0,3;201;309,65;279,362;266;360;290,553;289,497;70;265,194;;1280,76
3249;0,3;196,5;309,968;279,355;266;360;290,524;289,497;70;265,217;;1279
3250;0,3;190,5;310,272;279,348;266;360;290,553;289,547;70;265,241;;1278,04
3251;0,3;180,5;310,2;279,286;266;360;290,509;289,497;70;265,264;;1276,24
3252;0,3;171;310,069;279,315;266;360;290,545;289,518;70;265,286;;1275,75
3253;0,3;165;310,467;279,355;266;360;290,524;289,641;70;265,313;;1275,49
3254;0,3;161;310,561;279,337;266;360;290,654;289,641;70;265,346;;1274,89
3255;0,3;151;310,626;279,304;266;360;290,654;289,641;70;265,375;;1272,48
3256;0,3;137;310,605;279,304;266;360;290,654;289,641;70;265,412;;1271,63
3257;0,3;124,5;310,764;279,528;266;360;290,611;289,685;70;265,447;;1270,33
3258;0,3;125;310,923;279,514;266;360;290,784;289,721;70;265,481;;1269,02
3259;0,3;124;310,605;279,514;266;360;290,719;289,786;70;265,515;;1267,38
3260;0,3;115;310,829;279,507;266;360;290,799;289,786;70;265,55;;1265,66
3261;0,3;105;310,851;279,518;266;360;290,878;289,786;70;265,585;;1264,82
3262;0,3;97;310,858;279,521;266;360;290,849;289,786;70;265,623;;1263,17
3263;0,3;90;310,901;279,521;266;360;290,856;289,822;70;265,657;;1262,49
3264;0,3;79;310,916;279,897;266;360;290,9;289,931;70;265,694;;1261,39
3265;0,3;63;310,59;279,912;266;360;290,943;289,873;70;265,727;;1260,26
3266;0,3;52,5;310,207;279,908;266;360;290,943;289,786;70;265,758;;1259,01
3267;0,3;46;310,156;279,905;266;360;290,943;289,822;70;265,786;;1257,18
3268;0,3;41,5;309,491;279,901;266;360;290,943;289,931;70;265,809;;1256,43
3269;0,3;37;309,527;279,995;266;360;290,943;289,931;70;265,837;;1254,26
3270;0,3;36;309,23;280,02;266;360;290,943;289,931;70;265,868;;1253,93
3271;0,3;30,5;309,339;280,02;266;360;290,943;289,931;70;265,901;;1252,83
3272;0,3;24,5;309,107;280,02;266;360;291,052;289,88;70;265,928;;1251,72
3273;0,3;22,5;308,304;280,02;266;360;291,045;289,894;70;265,953;;1249,53
3274;0,3;22;308,044;280,02;266;360;291,088;290,025;70;265,981;;1248,19
3275;0,3;22;307,849;280,172;266;360;290,994;289,959;70;266,005;;1247,46
3276;0,3;23;307,038;280,353;266;360;291,037;289,988;70;266,026;;1245,8
3277;0,3;27;306,821;280,367;266;360;291,008;290,032;70;266,05;;1245,79
3278;0,3;29;306,142;280,382;266;360;291,052;289,981;70;266,075;;1244,23
3279;0,3;27;305,924;280,411;266;360;291,073;290,01;70;266,097;;1242,78
3280;0,3;25,5;305,563;280,422;266;360;291,088;290,01;70;266,124;;1241,63
3281;0,3;34;304,933;280,288;266;360;291,088;289,996;70;266,15;;1240,54
3282;0,3;44;304,217;280,154;266;360;291,088;289,931;70;266,172;;1239,31
3283;0,3;50;303,769;280,295;266;360;291,131;289,988;70;266,197;;1237,72
3284;0,3;57,5;303,226;280,179;266;360;291,081;290,003;70;266,225;;1236,94
3285;0,3;66;302,937;280,194;266;360;291,045;289,967;70;266,248;;1235,6
3286;0,3;73,5;302,517;280,208;266;360;290,994;290,025;70;266,274;;1235,54
3287;0,3;77,5;302,033;280,208;266;360;291,045;290,032;70;266,299;;1233,84
3288;0,3;84,5;301,808;280,216;266;360;291,001;290,075;70;266,321;;1233,26
3289;0,3;93,5;301,034;280,223;266;360;291,139;290,075;70;266,342;;1232,14
3290;0,3;101,5;300,702;280,245;266;360;291,131;290,075;70;266,366;;1231,46
3291;0,3;110;299,877;280,255;266;360;291,088;290,169;70;266,389;;1230,16
3292;0,3;118;299,819;280,263;266;360;291,218;290,133;70;266,412;;1228,52
3293;0,3;119,5;299,826;280,284;266;360;291,233;290,22;70;266,434;;1227,8
3294;0,3;115;299,103;280,288;266;360;291,233;290,22;70;266,453;;1225,19
3295;0,3;109;298,749;280,187;266;360;291,233;290,22;70;266,471;;1224,74
3296;0,3;114,5;298,438;280,02;266;360;291,233;290,22;70;266,479;;1223,49
3297;0,3;130,5;298,083;280,02;266;360;291,095;290,148;70;266,495;;1222,38
3298;0,3;136;297,815;280,02;266;360;291,131;290,126;70;266,508;;1220,78
3299;0,3;135,5;297,917;280,02;266;360;291,088;290,075;70;266,524;;1220,14
3300;0,3;134,5;298,011;280,02;266;360;291,088;289,996;70;266,542;;1218,8
3301;0,3;128,5;297,497;280,02;266;360;291,139;290,126;70;266,558;;1216,76
3302;0,3;126;297,591;279,955;266;360;291,088;290,075;70;266,574;;1216,39
3303;0,3;126;297,562;279,735;266;360;291,146;290,162;70;266,589;;1214,82
3304;0,3;127;297,331;279,615;266;360;291,233;290,22;70;266,601;;1214,29
3305;0,3;126,5;297,229;279,608;266;360;291,233;290,22;70;266,613;;1213,4
3306;0,3;119,5;297,418;279,745;266;360;291,233;290,22;70;266,624;;1212,73
3307;0,3;110;297,678;279,702;266;360;291,233;290,22;70;266,631;;1211,91
3308;0,3;107;297,389;279,507;266;360;291,233;290,22;70;266,638;;1210,6
3309;0,3;99,5;297,056;279,503;266;360;291,233;290,22;70;266,645;;1209,17
3310;0,3;99,5;296,983;279,499;266;360;291,233;290,22;70;266,655;;1207,94
3311;0,3;104;296,868;279,499;266;360;291,233;290,22;70;266,657;;1206,95
3312;0,3;106;296,788;279,507;266;360;291,168;290,169;70;266,662;;1205,53
3313;0,3;106,5;296,81;279,503;266;360;291,088;290,075;70;266,666;;1204,57
3314;0,3;104,5;296,976;279,257;266;360;291,088;290,14;70;266,67;;1201,91
3315;0,3;101,5;297,063;279,138;266;360;291,139;290,22;70;266,673;;1201,2
3316;0,3;101,5;296,991;279,156;266;360;291,233;290,22;70;266,678;;1200,16
3317;0,3;97,5;296,926;279,358;266;360;291,233;290,177;70;266,683;;1199,07
3318;0,3;93;296,528;279,206;266;360;291,356;290,271;70;266,686;;1198,4
3319;0,3;95,5;296,535;279,116;266;360;291,283;290,314;70;266,692;;1198,26
3320;0,3;102;296,622;278,997;266;360;291,24;290,321;70;266,697;;1197,84
3321;0,3;98;296,716;278,993;266;360;291,319;290,321;70;266,706;;1196,34
3322;0,3;97,5;296,81;278,993;266;360;291,348;290,321;70;266,717;;1195,3
3323;0,3;99,5;296,846;279;266;360;291,377;290,321;70;266,722;;1193,8
3324;0,3;108;296,774;279;266;360;291,377;290,365;70;266,727;;1192,43
3325;0,3;105;296,694;278,885;266;360;291,377;290,401;70;266,735;;1190,41
3326;0,3;96,5;296,224;278,783;266;360;291,377;290,372;70;266,747;;1189,18
3327;0,3;93,5;295,79;278,801;266;360;291,421;290,365;70;266,756;;1187,71
3328;0,3;98;295,87;278,83;266;360;291,508;290,365;70;266,768;;1187,01
3329;0,3;102;296,021;278,733;266;360;291,486;290,365;70;266,78;;1185,98
3330;0,3;104,5;296,014;278,707;266;360;291,413;290,365;70;266,792;;1185,27
3331;0,3;105,5;295,862;278,498;266;360;291,457;290,307;70;266,805;;1184,58
3332;0,3;99,5;295,775;278,49;266;360;291,29;290,278;70;266,824;;1182,34
3333;0,3;98;295,783;278,479;266;360;291,327;290,365;70;266,844;;1181,36
3334;0,3;96,5;295,891;278,483;266;360;291,399;290,408;70;266,861;;1180,34
3335;0,3;91;296,014;278,49;266;360;291,486;290,365;70;266,879;;1179,73
3336;0,3;86;295,855;278,487;266;360;291,522;290,365;70;266,895;;1178,85
3337;0,3;83;295,595;278,309;266;360;291,435;290,43;70;266,908;;1177,49
3338;0,3;80,5;295,566;278,143;266;360;291,377;290,386;70;266,919;;1176,48
3339;0,3;79,5;295,24;278,19;266;360;291,45;290,401;70;266,927;;1175,4
3340;0,3;78,5;295,291;278,194;266;360;291,486;290,372;70;266,933;;1173,75
3341;0,3;77;295,385;278,19;266;360;291,522;290,394;70;266,94;;1172,06
3342;0,3;73;295,24;278,158;266;360;291,471;290,365;70;266,944;;1170,72
3343;0,3;71,5;295,009;278,147;266;360;291,377;290,365;70;266,948;;1169,27
3344;0,3;69;294,944;278,042;266;360;291,45;290,415;70;266,949;;1168,55
3345;0,3;73,5;294,85;277,98;266;360;291,522;290,473;70;266,946;;1166,91
3346;0,3;73;294,755;277,984;266;360;291,522;290,473;70;266,94;;1166,33
3347;0,3;73;294,741;277,977;266;360;291,522;290,495;70;266,932;;1164,88
3348;0,3;74;294,155;277,973;266;360;291,522;290,365;70;266,927;;1163,47
3349;0,3;75,5;294,256;277,969;266;360;291,522;290,379;70;266,925;;1162,97
3350;0,3;83,5;294,358;277,785;266;360;291,471;290,422;70;266,915;;1162,07
3351;0,3;86;294,162;277,597;266;360;291,486;290,386;70;266,903;;1161,11
3352;0,3;87;293,902;277,579;266;360;291,522;290,451;70;266,89;;1159,54
3353;0,3;89;293,699;277,836;266;360;291,522;290,509;70;266,873;;1158,73
3354;0,3;97;293,663;277,814;266;360;291,522;290,509;70;266,858;;1156,27
3355;0,3;100,5;293,034;277,81;266;360;291,515;290,437;70;266,84;;1155,63
3356;0,3;107;293,128;277,828;266;360;291,377;290,365;70;266,826;;1154,46
3357;0,3;125,5;293,2;277,452;266;360;291,377;290,415;70;266,803;;1153,15
3358;0,3;130,5;293,207;277,467;266;360;291,377;290,365;70;266,781;;1151,42
3359;0,3;135,5;293,179;277,485;266;360;291,385;290,415;70;266,759;;1149,92
3360;0,3;141,5;293,048;277,456;266;360;291,522;290,401;70;266,74;;1148,57
3361;0,3;143;293,352;277,467;266;360;291,522;290,473;70;266,716;;1147,24
3362;0,3;145;292,904;277,463;266;360;291,558;290,473;70;266,693;;1147,14
3363;0,3;151;293,511;277,47;266;360;291,667;290,466;70;266,674;;1146,48
3364;0,3;165;293,555;277,358;266;360;291,573;290,509;70;266,653;;1145,87
3365;0,3;166;293,605;277,333;266;360;291,638;290,538;70;266,632;;1143,22
3366;0,3;163;293,584;277,34;266;360;291,667;290,734;70;266,606;;1143,04
3367;0,3;170;293,519;277,373;266;360;291,703;290,726;70;266,588;;1141,69
3368;0,3;183;293,41;277,369;266;360;291,811;290,741;70;266,571;;1141,33
3369;0,3;192;293,504;277,351;266;360;291,811;290,654;70;266,554;;1140,49
3370;0,3;190,5;293,656;277,347;266;360;291,717;290,654;70;266,546;;1139,63
3371;0,3;195,5;293,75;277,34;266;360;291,688;290,654;70;266,533;;1138,82
3372;0,3;196;294,083;277,326;266;360;291,667;290,654;70;266,525;;1136,78
3373;0,3;197;294,329;277,326;266;360;291,667;290,654;70;266,522;;1136,06
3374;0,3;196,5;294,64;277,322;266;360;291,667;290,611;70;266,519;;1134,14
3375;0,3;196;294,878;277,3;266;360;291,667;290,56;70;266,517;;1133,52
3376;0,3;196,5;295,009;277,174;266;360;291,667;290,596;70;266,517;;1130,82
3377;0,3;189;295,168;277,17;266;360;291,659;290,545;70;266,519;;1129,6
3378;0,3;183;295,652;277,098;266;360;291,587;290,509;70;266,522;;1128,01
3379;0,3;179;295,877;277,253;266;360;291,71;290,611;70;266,526;;1127,42
3380;0,3;168;296,383;277,268;266;360;291,797;290,712;70;266,527;;1127,14
3381;0,3;161,5;296,73;277,326;266;360;291,855;290,828;70;266,528;;1126,8
3382;0,3;157,5;296,766;277,322;266;360;291,956;290,878;70;266,524;;1126,13
3383;0,3;148,5;296,832;277,311;266;360;291,905;290,799;70;266,517;;1125,22
3384;0,3;141,5;297,092;277,337;266;360;291,913;290,849;70;266,509;;1124,02
3385;0,3;135,5;297,439;277,373;266;360;291,956;290,914;70;266,499;;1122,79
3386;0,3;133;297,758;277,246;266;360;291,949;290,943;70;266,487;;1122,25
3387;0,3;129,5;298,09;277,101;266;360;291,848;290,856;70;266,474;;1119,98
3388;0,3;119;298,018;277,069;266;360;291,898;290,893;70;266,459;;1118,8
3389;0,3;112,5;298,069;277,214;266;360;291,811;290,799;70;266,441;;1116,96
3390;0,3;113,5;298,148;277,094;266;360;291,768;290,734;70;266,425;;1114,91
3391;0,3;110;298,17;277,076;266;360;291,811;290,654;70;266,411;;1113,97
3392;0,3;101,5;298,365;277,058;266;360;291,811;290,654;70;266,394;;1113,34
3393;0,3;99,5;298,698;277,065;266;360;291,811;290,719;70;266,382;;1113
3394;0,3;110;299,045;277,268;266;360;291,811;290,799;70;266,365;;1111,37
3395;0,3;110,5;299,067;277,322;266;360;291,956;290,828;70;266,353;;1109,43
3396;0,3;108;298,973;277,409;266;360;291,956;290,893;70;266,339;;1108,18
3397;0,3;106,5;298,9;277,46;266;360;291,913;290,799;70;266,323;;1107,7
3398;0,3;111;298,835;277,46;266;360;292,007;290,907;70;266,312;;1106,29
3399;0,3;114;298,922;277,478;266;360;292,05;290,943;70;266,3;;1105,83
3400;0,3;114,5;299,009;277,478;266;360;291,999;290,943;70;266,288;;1105,58
3401;0,3;118,5;299,103;277,474;266;360;291,956;290,943;70;266,271;;1104,41
3402;0,3;125,5;299,074;277,47;266;360;292,036;290,958;70;266,253;;1102,62
3403;0,3;128;298,922;277,456;266;360;292,101;291,03;70;266,23;;1101,84
3404;0,3;133,5;298,828;277,463;266;360;292,043;290,943;70;266,205;;1099,89
3405;0,3;139,5;298,857;277,651;266;360;291,956;290,943;70;266,172;;1098,54
3406;0,3;142,5;298,922;277,727;266;360;291,956;290,893;70;266,141;;1097,74
3407;0,3;148;299,06;277,854;266;360;291,956;290,864;70;266,107;;1096,51
3408;0,3;152,5;299,103;277,865;266;360;291,956;290,864;70;266,074;;1095,65
3409;0,3;163;299,031;277,861;266;360;291,913;290,893;70;266,048;;1093,71
3410;0,3;167;298,944;277,846;266;360;291,956;290,951;70;266,02;;1093,14
3411;0,3;174,5;298,835;277,857;266;360;291,956;290,979;70;265,994;;1091,41
3412;0,3;187,5;298,872;277,854;266;360;291,956;290,943;70;265,972;;1090,47
3413;0,3;196,5;298,973;277,865;266;360;291,956;290,943;70;265,954;;1088,94
3414;0,3;202;299,298;277,854;266;360;291,956;291,037;70;265,937;;1088,41
3415;0,3;210,5;299,674;277,81;266;360;291,956;291,001;70;265,924;;1086,96
3416;0,3;213,5;299,515;277,966;266;360;292,086;291,088;70;265,915;;1086,24
3417;0,3;213,5;299,559;277,977;266;360;292,159;291,088;70;265,91;;1084,83
3418;0,3;211,5;299,92;277,98;266;360;292,188;291,088;70;265,909;;1083,67
3419;0,3;220,5;299,87;277,977;266;360;292,144;291,088;70;265,906;;1081,89
3420;0,3;221;300,289;277,973;266;360;292,188;291,088;70;265,907;;1079,75
3421;0,3;218;300,76;277,966;266;360;292,245;291,045;70;265,906;;1079,01
3422;0,3;217,5;300,817;277,977;266;360;292,231;291,088;70;265,905;;1077,71
3423;0,3;217;301,15;277,98;266;360;292,101;291,088;70;265,905;;1077,28
3424;0,3;219;301,49;277,98;266;360;292,224;291,088;70;265,904;;1076,02
3425;0,3;205,5;301,729;277,973;266;360;292,057;291,088;70;265,905;;1074,93
3426;0,3;183,5;301,801;277,969;266;360;292,101;291,088;70;265,902;;1074,39
3427;0,3;181,5;301,953;277,973;266;360;292,101;291,088;70;265,891;;1073,9
3428;0,3;175;302,271;277,984;266;360;292,216;291,088;70;265,88;;1072,95
3429;0,3;169,5;302,734;277,98;266;360;292,144;291,088;70;265,872;;1071,52
3430;0,3;163;303,125;278,071;266;360;292,195;291,088;70;265,862;;1069,67
3431;0,3;160;303,205;278,183;266;360;292,137;291,088;70;265,849;;1068,54
3432;0,3;153,5;303,118;278,201;266;360;292,101;291,088;70;265,838;;1067,82
3433;0,3;147;303,798;278,241;266;360;292,101;291,088;70;265,825;;1066,5
3434;0,3;144;303,754;278,259;266;360;292,151;291,088;70;265,812;;1065,58
3435;0,3;137,5;303,74;278,273;266;360;292,231;291,088;70;265,799;;1064,22
3436;0,3;135;304,044;278,295;266;360;292,166;291,088;70;265,787;;1063,13
3437;0,3;131,5;304,181;278,306;266;360;292,245;291,088;70;265,777;;1061,39
3438;0,3;134;304,21;278,085;266;360;292,209;291,088;70;265,768;;1059,93
3439;0,3;133;304,109;278,096;266;360;292,195;291,088;70;265,76;;1057,86
3440;0,3;132,5;304,015;278,089;266;360;292,137;291,088;70;265,753;;1057,13
3441;0,3;132,5;303,964;278,089;266;360;292,101;291,037;70;265,747;;1055,35
3442;0,3;135;304,073;278,215;266;360;292,101;291,088;70;265,744;;1054,86
3443;0,3;136;304,384;278,096;266;360;292,101;291,088;70;265,741;;1054,48
3444;0,3;137;304,81;278,483;266;360;292,101;291,045;70;265,744;;1053,78
3445;0,3;137;304,919;278,494;266;360;292,122;291,037;70;265,751;;1052,79
3446;0,3;136;304,897;278,49;266;360;292,122;291,088;70;265,756;;1051,07
3447;0,3;131,5;304,391;278,479;266;360;292,144;291,139;70;265,756;;1050,16
3448;0,3;126;304,008;278,461;266;360;292,151;291,131;70;265,759;;1049,3
3449;0,3;134;303,971;278,469;266;360;292,289;291,088;70;265,758;;1048,58
3450;0,3;144,5;304,116;278,472;266;360;292,245;291,095;70;265,75;;1046,89
3451;0,3;146,5;304,225;278,465;266;360;292,245;291,233;70;265,745;;1046,41
3452;0,3;147,5;304,21;278,487;266;360;292,296;291,276;70;265,739;;1044,3
3453;0,3;147,5;304,138;278,686;266;360;292,245;291,233;70;265,729;;1043,49
3454;0,3;146;304;278,621;266;360;292,31;291,276;70;265,715;;1041,73
3455;0,3;147;304,022;278,678;266;360;292,347;291,233;70;265,702;;1040,82
3456;0,3;150;304,138;278,696;266;360;292,347;291,233;70;265,691;;1039,73
3457;0,3;153;304,239;278,696;266;360;292,289;291,233;70;265,68;;1038,82
3458;0,3;155;303,957;278,743;266;360;292,267;291,233;70;265,671;;1037,92
3459;0,3;157;303,87;278,736;266;360;292,267;291,189;70;265,659;;1037,35
3460;0,3;163,5;303,762;278,776;266;360;292,289;291,233;70;265,65;;1036,09
3461;0,3;177;303,74;278,823;266;360;292,245;291,233;70;265,638;;1034,76
3462;0,3;183;303,841;278,823;266;360;292,245;291,276;70;265,623;;1033,26
3463;0,3;182,5;303,885;278,823;266;360;292,289;291,247;70;265,609;;1031,55
3464;0,3;183;303,805;278,704;266;360;292,332;291,334;70;265,597;;1031,19
3465;0,3;183;303,957;278,74;266;360;292,39;291,334;70;265,587;;1030
3466;0,3;184,5;304,181;278,751;266;360;292,332;291,334;70;265,576;;1028,92
3467;0,3;187,5;304,08;278,736;266;360;292,361;291,37;70;265,57;;1026,97
3468;0,3;183;303,964;278,599;266;360;292,39;291,341;70;265,567;;1025,88
3469;0,3;183,5;304,029;278,646;266;360;292,527;291,377;70;265,562;;1022,16
3470;0,3;183,5;304,145;278,653;266;360;292,52;291,421;70;265,56;;1021,93
3471;0,3;187;304,579;278,653;266;360;292,405;291,421;70;265,562;;1021,16
3472;0,3;193,5;304,644;278,686;266;360;292,535;291,327;70;265,565;;1020,61
3473;0,3;192;304,868;278,675;266;360;292,448;291,377;70;265,569;;1019,4
3474;0,3;186,5;304,499;278,722;266;360;292,484;291,377;70;265,574;;1018,42
3475;0,3;183;304,753;278,747;266;360;292,433;291,319;70;265,579;;1017,02
3476;0,3;180,5;304,991;278,675;266;360;292,477;291,377;70;265,581;;1016,02
3477;0,3;176,5;305,122;278,707;266;360;292,477;291,319;70;265,584;;1015,59
3478;0,3;179,5;305,252;278,649;266;360;292,397;291,319;70;265,589;;1015,06
3479;0,3;171;305,208;278,646;266;360;292,405;291,356;70;265,592;;1014,24
3480;0,3;167;305,259;278,642;266;360;292,491;291,413;70;265,593;;1012,12
3481;0,3;161;305,324;278,631;266;360;292,506;291,377;70;265,596;;1011,44
3482;0,3;156,5;305,845;278,675;266;360;292,433;291,377;70;265,596;;1010,11
3483;0,3;150;305,505;278,711;266;360;292,484;291,377;70;265,598;;1008,47
3484;0,3;150,5;305,577;278,707;266;360;292,455;291,327;70;265,598;;1007,31
3485;0,3;148,5;305,454;278,628;266;360;292,491;291,377;70;265,599;;1006,74
3486;0,3;143,5;306,156;278,693;266;360;292,535;291,421;70;265,602;;1004,56
3487;0,3;141,5;306,228;278,631;266;360;292,441;291,377;70;265,604;;1003,61
3488;0,3;140;306,134;278,639;266;360;292,433;291,508;70;265,602;;1001,45
3489;0,3;130,5;306,055;278,628;266;360;292,462;291,435;70;265,604;;1001,29
3490;0,3;129,5;306,004;278,61;266;360;292,448;291,377;70;265,606;;999,161
3491;0,3;125,5;306,091;278,602;266;360;292,441;291,377;70;265,608;;998,064
3492;0,3;125;306,199;278,613;266;360;292,441;291,45;70;265,614;;996,432
3493;0,3;125,5;305,961;278,725;266;360;292,484;291,471;70;265,623;;995,155
3494;0,3;126,5;305,57;278,848;266;360;292,47;291,508;70;265,632;;993,911
3495;0,3;127,5;305,483;278,834;266;360;292,535;291,464;70;265,641;;993,127
3496;0,3;134,5;305,498;278,715;266;360;292,405;291,471;70;265,653;;992,909
3497;0,3;135,5;305,259;278,809;266;360;292,412;291,377;70;265,665;;992,901
3498;0,3;132,5;305,259;278,776;266;360;292,462;291,37;70;265,678;;992,157
3499;0,3;126;305,36;278,769;266;360;292,39;291,334;70;265,692;;990,315
3500;0,3;121,5;305,346;278,747;266;360;292,39;291,312;70;265,704;;988,264
3501;0,3;124,5;305,252;278,87;266;360;292,39;291,233;70;265,718;;986,986
3502;0,3;132,5;305,15;279;266;360;292,39;291,233;70;265,731;;986,12
3503;0,3;132,5;305,049;279;266;360;292,433;291,24;70;265,739;;984,821
3504;0,3;133;304,984;279;266;360;292,433;291,377;70;265,746;;984,348
3505;0,3;130,5;304,659;278,993;266;360;292,527;291,377;70;265,753;;982,88
3506;0,3;124,5;304,355;278,993;266;360;292,535;291,421;70;265,761;;982,229
3507;0,3;124;304,449;278,997;266;360;292,506;291,413;70;265,767;;979,77
3508;0,3;134,5;304,832;279;266;360;292,477;291,377;70;265,773;;979,683
3509;0,3;138;304,398;279;266;360;292,441;291,457;70;265,779;;978,524
3510;0,3;134,5;304,319;278,997;266;360;292,535;291,442;70;265,783;;978,096
3511;0,3;134;303,935;278,993;266;360;292,535;291,428;70;265,785;;977,176
3512;0,3;134,5;303,942;278,997;266;360;292,535;291,435;70;265,787;;975,583
3513;0,3;133;304,058;279,004;266;360;292,535;291,406;70;265,789;;973,702
3514;0,3;128;304,167;279;266;360;292,535;291,457;70;265,79;;972,343
3515;0,3;130;304,159;278,997;266;360;292,556;291,464;70;265,79;;971,806
3516;0,3;133;303,783;278,993;266;360;292,556;291,421;70;265,792;;971,297
3517;0,3;127;303,422;278,997;266;360;292,535;291,522;70;265,795;;970,2
3518;0,3;129;303,328;279,004;266;360;292,535;291,522;70;265,8;;968,296
3519;0,3;142,5;303,284;279;266;360;292,556;291,522;70;265,798;;966,628
3520;0,3;140,5;303,212;278,997;266;360;292,6;291,428;70;265,8;;965,655
3521;0,3;134,5;303,161;278,993;266;360;292,578;291,377;70;265,801;;964,848
3522;0,3;140;303,197;278,993;266;360;292,535;291,399;70;265,799;;963,898
3523;0,3;150;303,139;279;266;360;292,549;291,435;70;265,801;;963,093
3524;0,3;149,5;303,016;279;266;360;292,571;291,385;70;265,804;;961,417
3525;0,3;148,5;302,546;279;266;360;292,441;291,421;70;265,807;;960,841
3526;0,3;151,5;302,705;278,993;266;360;292,491;291,377;70;265,814;;959,105
3527;0,3;155;302,785;278,993;266;360;292,535;291,421;70;265,822;;958,057
3528;0,3;155,5;302,879;279,004;266;360;292,513;291,464;70;265,829;;956,758
3529;0,3;155,5;302,915;279,004;266;360;292,513;291,377;70;265,835;;956,629
3530;0,3;159,5;302,322;278,997;266;360;292,535;291,377;70;265,842;;954,657
3531;0,3;164,5;302,727;278,997;266;360;292,535;291,471;70;265,842;;953,226
3532;0,3;156,5;302,373;278,993;266;360;292,535;291,377;70;265,847;;951,989
3533;0,3;157;302,206;279,004;266;360;292,419;291,479;70;265,853;;951,357
3534;0,3;158;302,308;279;266;360;292,433;291,522;70;265,859;;950,273
3535;0,3;161;302,402;279;266;360;292,52;291,522;70;265,863;;949,52
3536;0,3;156;302,459;279;266;360;292,535;291,565;70;265,868;;947,724
3537;0,3;155;302,879;278,993;266;360;292,535;291,558;70;265,871;;946,859
3538;0,3;156;302,886;278,993;266;360;292,535;291,522;70;265,874;;944,211
3539;0,3;155;302,619;279,004;266;360;292,571;291,565;70;265,877;;943,193
3540;0,3;153,5;302,662;279;266;360;292,679;291,594;70;265,883;;942,843
3541;0,3;148;302,771;279;266;360;292,679;291,667;70;265,887;;942,113
3542;0,3;147,5;303,009;278,997;266;360;292,723;291,667;70;265,891;;941,187
3543;0,3;150;303,139;278,993;266;360;292,723;291,667;70;265,897;;939,935
3544;0,3;141,5;303,168;279;266;360;292,636;291,558;70;265,911;;938,578
3545;0,3;129,5;303,024;279,163;266;360;292,535;291,522;70;265,923;;936,955
3546;0,3;128;302,937;279,326;266;360;292,535;291,522;70;265,931;;936,173
3547;0,3;126;302,988;279,275;266;360;292,499;291,471;70;265,938;;935,081
3548;0,3;125;303,132;279,297;266;360;292,477;291,479;70;265,945;;934,583
3549;0,3;125;303,205;279,286;266;360;292,578;291,479;70;265,951;;932,903
3550;0,3;121,5;303,154;279,239;266;360;292,535;291,565;70;265,959;;931,009
3551;0,3;115,5;303,038;279,243;266;360;292,65;291,522;70;265,969;;929,899
3552;0,3;112,5;302,951;279,21;266;360;292,643;291,5;70;265,975;;929,031
3553;0,3;112;302,127;279,192;266;360;292,672;291,667;70;265,98;;926,741
3554;0,3;107;302,163;279,192;266;360;292,694;291,63;70;265,983;;926,378
3555;0,3;117,5;302,394;279,138;266;360;292,737;291,609;70;265,99;;924,634
3556;0,3;125,5;302,778;279,264;266;360;292,73;291,609;70;265,998;;924,081
3557;0,3;122;302,785;279,413;266;360;292,824;291,616;70;266,005;;922,609
3558;0,3;116;302,669;279,409;266;360;292,824;291,688;70;266,007;;922,096
3559;0,3;112;302,554;279,391;266;360;292,824;291,667;70;266,007;;921,998
3560;0,3;112,5;302,503;279,398;266;360;292,824;291,681;70;266,009;;921,526
3561;0,3;112;302,481;279,38;266;360;292,81;291,79;70;266,007;;919,399
3562;0,3;111;301,924;279,413;266;360;292,73;291,667;70;266,008;;918,599
3563;0,3;111,5;302,12;279,391;266;360;292,759;291,667;70;266,009;;915,454
3564;0,3;118;302,228;279,398;266;360;292,679;291,667;70;266,008;;914,997
3565;0,3;123,5;302,185;279,391;266;360;292,629;291,558;70;266,005;;913,603
3566;0,3;123;302,047;279,376;266;360;292,679;291,522;70;266,002;;913,017
3567;0,3;123;301,91;279,206;266;360;292,679;291,522;70;265,998;;911,905
3568;0,3;123;301,599;279,3;266;360;292,679;291,522;70;265,99;;911,317
3569;0,3;123;301,57;279,304;266;360;292,679;291,623;70;265,98;;909,431
3570;0,3;125,5;301,852;279,257;266;360;292,766;291,667;70;265,968;;908
3571;0,3;135,5;301,917;279,261;266;360;292,781;291,63;70;265,956;;907,252
3572;0,3;143,5;301,91;279,279;266;360;292,745;291,652;70;265,946;;905,725
3573;0,3;146;301,837;279,29;266;360;292,781;291,623;70;265,928;;905,322
3574;0,3;138;301,743;279,315;266;360;292,745;291,667;70;265,913;;904,718
3575;0,3;142;301,685;279,333;266;360;292,766;291,667;70;265,899;;903,008
3576;0,3;152;301,671;279,344;266;360;292,723;291,739;70;265,889;;901,408
3577;0,3;155;301,367;279,358;266;360;292,795;291,725;70;265,879;;899,687
3578;0,3;155;301,128;279,109;266;360;292,824;291,667;70;265,871;;898,443
3579;0,3;160;301,143;279,112;266;360;292,867;291,782;70;265,867;"(( Pi() / ([11:7] * 0.001)) * (Pow(0.5 * [3:10], 2) - Pow(0.5 * 0.48, 2))) / [32:124]";896,906
3580;0,3;173;301,049;279,127;266;360;292,824;291,811;70;265,864;;896,096
3581;0,3;181;300,977;279,264;266;360;292,824;291,768;70;265,86;;895,592
3582;0,3;181,5;300,875;279,145;266;360;292,867;291,753;70;265,853;;894,578
3583;0,3;185;301,251;279,159;266;360;292,824;291,681;70;265,848;;893,348
3584;0,3;188,5;301,599;279,167;266;360;292,824;291,768;70;265,842;;892,667
3585;0,3;186;301,685;279,087;266;360;292,824;291,732;70;265,838;;891,406
3586;0,3;183;301,859;279;266;360;292,824;291,717;70;265,834;;889,418
3587;0,3;185;301,881;279;266;360;292,788;291,746;70;265,831;;888,496
3588;0,3;190,5;301,859;278,997;266;360;292,81;291,667;70;265,831;;887,479
3589;0,3;190,5;302,018;278,993;266;360;292,643;291,667;70;265,829;;886,816
3590;0,3;185;301,96;278,997;266;360;292,679;291,616;70;265,829;;885,936
3591;0,3;178;301,931;279;266;360;292,679;291,667;70;265,831;;884,685
3592;0,3;176,5;301,968;279;266;360;292,679;291,652;70;265,828;;883,133
3593;0,3;175,5;302,64;278,997;266;360;292,687;291,594;70;265,825;;882,386
3594;0,3;176;302,713;278,993;266;360;292,773;291,667;70;265,823;;881,864
3595;0,3;175;302,742;278,997;266;360;292,867;291,71;70;265,82;;880,103
3596;0,3;173,5;302,785;279,008;266;360;292,824;291,725;70;265,82;;878,082
3597;0,3;163,5;303,045;279;266;360;292,824;291,725;70;265,819;;877,163
3598;0,3;160;302,966;279;266;360;292,867;291,811;70;265,817;;876,948
3599;0,3;157;302,944;278,993;266;360;292,824;291,811;70;265,816;;876,383
3600;0,3;156;303,328;278,993;266;360;292,875;291,811;70;265,814;;873,984
3601;0,3;156;303,646;278,997;266;360;292,824;291,811;70;265,813;;873,207
3602;0,3;153;303,74;279;266;360;292,918;291,811;70;265,811;;871,191
3603;0,3;146,5;303,682;279;266;360;292,969;291,855;70;265,811;;869,924
3604;0,3;142,5;303,537;278,993;266;360;292,925;291,956;70;265,81;;868,557
3605;0,3;141;303,624;278,993;266;360;292,969;291,898;70;265,809;;867,819
3606;0,3;141,5;303,783;278,997;266;360;292,969;291,905;70;265,808;;866,846
3607;0,3;140,5;304,029;279;266;360;292,969;291,848;70;265,81;;865,857
3608;0,3;133;304,159;278,838;266;360;292,969;291,956;70;265,813;;864,141
3609;0,3;127,5;304,246;278,653;266;360;292,969;291,942;70;265,814;;863,232
3610;0,3;131;304,217;278,639;266;360;292,875;291,811;70;265,815;;861,179
3611;0,3;134;304,109;278,628;266;360;292,969;291,811;70;265,814;;860,644
3612;0,3;132;303,993;278,7;266;360;292,969;291,811;70;265,818;;858,841
3613;0,3;128;303,964;278,628;266;360;292,889;291,811;70;265,816;;858,165
3614;0,3;129;304,044;278,664;266;360;292,969;291,811;70;265,815;;857,539
3615;0,3;128;304,181;278,617;266;360;292,969;291,811;70;265,814;;856,862
3616;0,3;126,5;304,188;278,689;266;360;292,969;291,811;70;265,812;;856,049
3617;0,3;129,5;304,065;278,776;266;360;292,969;291,811;70;265,811;;855,371
3618;0,3;135;303,776;278,769;266;360;292,933;291,753;70;265,81;;853,975
3619;0,3;137;303,747;278,747;266;360;292,824;291,739;70;265,804;;852,694
3620;0,3;147,5;303,776;278,819;266;360;292,824;291,811;70;265,798;;851,003
3621;0,3;152;303,805;278,819;266;360;292,867;291,811;70;265,794;;849,457
3622;0,3;148;303,928;278,805;266;360;292,824;291,819;70;265,79;;847,977
3623;0,3;146;303,986;278,805;266;360;292,824;291,833;70;265,785;;847,58
3624;0,3;144;303,711;278,866;266;360;292,824;291,833;70;265,782;;846,014
3625;0,3;151;303,465;278,848;266;360;292,969;291,848;70;265,784;;845,468
3626;0,3;152;303,096;278,834;266;360;292,969;291,905;70;265,786;;843,67
3627;0,3;155;302,973;278,823;266;360;292,969;291,956;70;265,786;;842,735
3628;0,3;163;302,937;278,798;266;360;292,976;291,956;70;265,789;;840,942
3629;0,3;169,5;303,067;278,79;266;360;293,012;291,956;70;265,794;;839,658
3630;0,3;169,5;303,19;278,78;266;360;293,085;291,956;70;265,795;;838,176
3631;0,3;169;303,103;278,642;266;360;293,085;291,956;70;265,801;;837,63
3632;0,3;169;303,002;278,624;266;360;293,005;291,956;70;265,806;;837,167
3633;0,3;170;302,93;278,631;266;360;293,063;291,956;70;265,815;;836,778
3634;0,3;168;302,995;278,678;266;360;293,085;291,956;70;265,825;;834,57
3635;0,3;168,5;303,111;278,707;266;360;293,034;291,956;70;265,833;;833,266
3636;0,3;168,5;303,205;278,7;266;360;293,056;291,956;70;265,841;;831,505
3637;0,3;166,5;303,154;278,678;266;360;292,969;291,956;70;265,848;;830,416
3638;0,3;162;303,002;278,678;266;360;293,012;291,956;70;265,854;;829,744
3639;0,3;161,5;303,762;278,765;266;360;293,041;291,862;70;265,861;;829,641
3640;0,3;157,5;303,733;278,736;266;360;293,019;291,876;70;265,87;;827,268
3641;0,3;149;303,783;278,74;266;360;293,019;291,956;70;265,876;;825,908
3642;0,3;147;303,537;278,758;266;360;293,012;291,956;70;265,88;;823,711
3643;0,3;148,5;303,458;278,639;266;360;293,034;291,913;70;265,883;;823,211
3644;0,3;148,5;303,487;278,621;266;360;293,085;291,956;70;265,889;;822,851
3645;0,3;135,5;303,451;278,599;266;360;292,969;291,956;70;265,894;;822,143
3646;0,3;130;303,422;278,592;266;360;293,019;291,956;70;265,895;;820,859
3647;0,3;135;303,385;278,617;266;360;293,048;291,913;70;265,897;;819,731
3648;0,3;130,5;303,364;278,613;266;360;293,085;291,999;70;265,899;;818,007
3649;0,3;126;303,422;278,602;266;360;293,113;292,007;70;265,899;;817,441
3650;0,3;126,5;303,581;278,599;266;360;293,113;291,985;70;265,9;;815,724
3651;0,3;133,5;303,725;278,602;266;360;293,113;292,021;70;265,902;;814,969
3652;0,3;133;303,819;278,733;266;360;293,063;291,999;70;265,902;;814,224
3653;0,3;128;303,617;278,718;266;360;293,113;291,963;70;265,903;;813,446
3654;0,3;123;303,306;278,743;266;360;293,113;292,05;70;265,904;;811,905
3655;0,3;120;303,241;278,722;266;360;293,07;291,985;70;265,903;;810,738
3656;0,3;124,5;302,93;278,711;266;360;293,07;291,956;70;265,905;;809,038
3657;0,3;125;302,98;278,7;266;360;293,077;291,905;70;265,906;;808,267
3658;0,3;132;303,111;278,689;266;360;293,07;291,956;70;265,908;;806,87
3659;0,3;135,5;303,205;278,675;266;360;293,113;291,999;70;265,909;;806,462
3660;0,3;134,5;303,125;278,646;266;360;293,157;291,999;70;265,911;;803,252
3661;0,3;136,5;302,966;278,877;266;360;293,113;291,956;70;265,91;;802,148
3662;0,3;136,5;302,93;278,639;266;360;293,113;291,956;70;265,909;;801,508
3663;0,3;134,5;303,038;278,751;266;360;293,113;291,985;70;265,908;;800,347
3664;0,3;137;302,937;278,946;266;360;293,113;291,985;70;265,907;;799,391
3665;0,3;136,5;302,59;279;266;360;293,113;292,043;70;265,907;;798,569
3666;0,3;147,5;302,604;278,997;266;360;293,193;292,101;70;265,911;;796,833
3667;0,3;148;302,59;278,993;266;360;293,207;292,086;70;265,91;;796,269
3668;0,3;152;302,431;278,993;266;360;293,113;291,992;70;265,911;;794,305
3669;0,3;152,5;302,308;279;266;360;293,113;292,021;70;265,916;;793,284
3670;0,3;149,5;302,315;279;266;360;293,113;292,05;70;265,922;;793,061
3671;0,3;148;302,365;279;266;360;293,113;292,014;70;265,929;;792,19
3672;0,3;147;302,423;278,997;266;360;293,113;292,101;70;265,937;;791,039
3673;0,3;149;302,459;278,783;266;360;293,113;292,057;70;265,944;;789,744
3674;0,3;148;302,423;278,769;266;360;293,113;292,057;70;265,95;;788,064
3675;0,3;144;302,828;278,812;266;360;293,113;292,014;70;265,955;;787,407
3676;0,3;142;302,778;278,812;266;360;293,113;292,05;70;265,961;;786,074
3677;0,3;147;302,691;278,827;266;360;293,113;292,072;70;265,967;;785,027
3678;0,3;144,5;302,698;278,83;266;360;293,171;292,043;70;265,972;;784,166
3679;0,3;143;302,807;278,834;266;360;293,113;292,05;70;265,977;;782,763
3680;0,3;142,5;302,922;278,852;266;360;293,244;292,101;70;265,982;;781,6
3681;0,3;146,5;302,944;278,87;266;360;293,258;292,101;70;265,989;;780,265
3682;0,3;147,5;302,872;278,877;266;360;293,258;292,101;70;265,996;;778,63
3683;0,3;142,5;302,778;278,881;266;360;293,258;292,101;70;266,003;;777,832
3684;0,3;142;302,669;278,885;266;360;293,258;292,101;70;266,011;;776,991
3685;0,3;141;302,59;278,885;266;360;293,258;292,101;70;266,018;;776,018
3686;0,3;136,5;302,51;278,885;266;360;293,222;292,101;70;266,019;;774,918
3687;0,3;134;302,582;278,772;266;360;293,236;292,101;70;266,017;;773,358
3688;0,3;128;302,691;278,671;266;360;293,229;292,101;70;266,017;;772,233
3689;0,3;125,5;302,901;278,689;266;360;293,164;292,101;70;266,014;;771,025
3690;0,3;121,5;302,886;278,704;266;360;293,113;292,021;70;266,011;;770,572
3691;0,3;118,5;302,771;278,848;266;360;293,113;292,007;70;266,01;;768,999
3692;0,3;120,5;302,727;278,997;266;360;293,113;291,999;70;266,008;;767,902
3693;0,3;118,5;302,72;279,004;266;360;293,113;292,101;70;266,007;;766,525
3694;0,3;118,5;302,72;279;266;360;293,164;292,101;70;266,003;;766,011
3695;0,3;124,5;302,582;278,997;266;360;293,258;292,101;70;265,997;;764,689
3696;0,3;133,5;302,677;278,993;266;360;293,309;292,195;70;265,991;;763,831
3697;0,3;136;302,684;278,997;266;360;293,258;292,137;70;265,982;;761,127
3698;0,3;127,5;302,394;279,004;266;360;293,265;292,202;70;265,972;;760,152
3699;0,3;120,5;302,474;279;266;360;293,403;292,245;70;265,965;;758,18
3700;0,3;120;301,888;278,997;266;360;293,403;292,376;70;265,955;;757,848
3701;0,3;133;301,931;278,993;266;360;293,403;292,383;70;265,94;;757,214
3702;0,3;139,5;302,018;278,993;266;360;293,49;292,26;70;265,928;;756,424
3703;0,3;147;302,141;279,004;266;360;293,497;292,274;70;265,919;;754,8
3704;0,3;148,5;302,17;279,004;266;360;293,403;292,325;70;265,906;;753,643
3705;0,3;149,5;301,801;279;266;360;293,403;292,26;70;265,894;;751,567
3706;0,3;153,5;301,534;278,993;266;360;293,28;292,245;70;265,882;;751,195
3707;0,3;163,5;301,476;278,993;266;360;293,352;292,245;70;265,87;;750,382
3708;0,3;176;301,519;278,997;266;360;293,302;292,245;70;265,864;;749,898
3709;0,3;181,5;301,606;279,004;266;360;293,309;292,245;70;265,857;;749,059
3710;0,3;183;301,722;278,693;266;360;293,338;292,245;70;265,851;;747,502
3711;0,3;187,5;301,78;278,798;266;360;293,302;292,245;70;265,845;;745,821
3712;0,3;188,5;301,845;278,711;266;360;293,352;292,245;70;265,84;;744,51
3713;0,3;186,5;301,606;278,783;266;360;293,359;292,202;70;265,836;;742,741
3714;0,3;191;301,353;278,863;266;360;293,287;292,245;70;265,834;;742,27
3715;0,3;202;301,649;278,859;266;360;293,338;292,231;70;265,832;;741,021
3716;0,3;203,5;302,069;278,845;266;360;293,403;292,216;70;265,828;;740,686
3717;0,3;201;302,091;278,87;266;360;293,403;292,289;70;265,83;;739,816
3718;0,3;190;302,127;278,863;266;360;293,403;292,245;70;265,837;;737,782
3719;0,3;192,5;302,127;278,852;266;360;293,403;292,274;70;265,842;;736,873
3720;0,3;191,5;302,206;278,848;266;360;293,403;292,303;70;265,844;;735,448
3721;0,3;191,5;302,3;278,816;266;360;293,359;292,31;70;265,85;;734,553
3722;0,3;186,5;302,315;278,83;266;360;293,359;292,245;70;265,857;;733,496
3723;0,3;178,5;302,886;278,733;266;360;293,323;292,245;70;265,866;;732,404
3724;0,3;183;302,756;278,693;266;360;293,316;292,202;70;265,87;;731,517
3725;0,3;182,5;303,176;278,765;266;360;293,352;292,245;70;265,873;;730,246
3726;0,3;178,5;303,067;278,79;266;360;293,359;292,245;70;265,877;;728,85
3727;0,3;162,5;302,973;278,805;266;360;293,302;292,238;70;265,879;;727,754
3728;0,3;160,5;303,733;278,809;266;360;293,367;292,202;70;265,881;;725,749
3729;0,3;157;303,791;278,827;266;360;293,309;292,245;70;265,885;;724,837
3730;0,3;144,5;303,863;278,819;266;360;293,359;292,202;70;265,885;;723,998
3731;0,3;135,5;303,971;278,841;266;360;293,294;292,202;70;265,885;;723,031
3732;0,3;141,5;304,203;278,722;266;360;293,381;292,245;70;265,884;;721,546
3733;0,3;144,5;304,109;278,595;266;360;293,359;292,245;70;265,88;;720,329
3734;0,3;129,5;304,008;278,592;266;360;293,302;292,245;70;265,876;;719,401
3735;0,3;126;303,957;278,599;266;360;293,403;292,332;70;265,871;;718,146
3736;0,3;125;304,065;278,61;266;360;293,403;292,339;70;265,864;;716,738
3737;0,3;126;304,196;278,635;266;360;293,403;292,31;70;265,857;;715,586
3738;0,3;125,5;304,217;278,668;266;360;293,446;292,325;70;265,85;;713,727
3739;0,3;125,5;304,109;278,686;266;360;293,403;292,296;70;265,845;;712,44
3740;0,3;130;304,008;278,722;266;360;293,403;292,289;70;265,837;;711,859
3741;0,3;131;303,986;278,682;266;360;293,403;292,39;70;265,833;;710,964
3742;0,3;129;304,08;278,617;266;360;293,403;292,325;70;265,829;;709,257
3743;0,3;129;304,203;278,606;266;360;293,54;292,339;70;265,823;;708,587
3744;0,3;134,5;304,21;278,602;266;360;293,453;292,405;70;265,821;;707,421
3745;0,3;135;304,116;278,595;266;360;293,526;292,433;70;265,819;;706,136
3746;0,3;134;304,015;278,588;266;360;293,547;292,484;70;265,817;;705,386
3747;0,3;137,5;303,964;278,588;266;360;293,49;292,441;70;265,815;;703,616
3748;0,3;139,5;304,065;278,592;266;360;293,504;292,39;70;265,814;;703,135
3749;0,3;140,5;304,196;278,602;266;360;293,519;292,39;70;265,815;;702,181
3750;0,3;139,5;304,196;278,617;266;360;293,526;292,39;70;265,818;;701,654
3751;0,3;142;304,109;278,689;266;360;293,547;292,39;70;265,825;;699,939
3752;0,3;142;304;278,7;266;360;293,49;292,354;70;265,831;;698,684
3753;0,3;143,5;303,986;278,696;266;360;293,417;292,245;70;265,839;;696,92
3754;0,3;143;304,167;278,682;266;360;293,511;292,253;70;265,846;;696,295
3755;0,3;140,5;304,261;278,675;266;360;293,533;292,39;70;265,852;;695,169
3756;0,3;143;304,217;278,671;266;360;293,504;292,441;70;265,857;;693,87
3757;0,3;142;304,109;278,649;266;360;293,547;292,433;70;265,865;;692,33
3758;0,3;142;303,993;278,639;266;360;293,497;292,433;70;265,873;;691,024
3759;0,3;140,5;303,971;278,631;266;360;293,547;292,433;70;265,881;;690,4
3760;0,3;141;304,065;278,613;266;360;293,497;292,426;70;265,892;;689,478
3761;0,3;137,5;304,174;278,606;266;360;293,504;292,39;70;265,899;;688,301
3762;0,3;133,5;304,232;279;266;360;293,547;292,39;70;265,91;;687,361
3763;0,3;133,5;304,203;279;266;360;293,547;292,441;70;265,92;;686,265
3764;0,3;130;304,094;278,997;266;360;293,504;292,405;70;265,929;;684,753
3765;0,3;126,5;304;278,993;266;360;293,547;292,535;70;265,937;;683,246
3766;0,3;123,5;303,964;278,997;266;360;293,547;292,491;70;265,944;;682,126
3767;0,3;124,5;303,631;279;266;360;293,598;292,441;70;265,95;;681,627
3768;0,3;124;303,617;279;266;360;293,634;292,412;70;265,955;;681,238
3769;0,3;126;303,668;279;266;360;293,555;292,506;70;265,96;;679,204
3770;0,3;124,5;303,668;278,993;266;360;293,605;292,52;70;265,964;;676,508
3771;0,3;122,5;303,537;278,997;266;360;293,692;292,622;70;265,971;;675,781
3772;0,3;118;303,494;279;266;360;293,692;292,585;70;265,977;;674,592
3773;0,3;112,5;303,4;279;266;360;293,692;292,679;70;265,98;;674,153
3774;0,3;116,5;303,342;279;266;360;293,743;292,679;70;265,984;;673,303
3775;0,3;119;303,342;278,997;266;360;293,837;292,679;70;265,986;;672,217
3776;0,3;119,5;303,248;278,997;266;360;293,714;292,679;70;265,988;;669,873
3777;0,3;115,5;303,212;279;266;360;293,692;292,629;70;265,991;;668,16
3778;0,3;112;303,183;279,127;266;360;293,692;292,607;70;265,991;;667,228
3779;0,3;123,5;302,995;279,149;266;360;293,692;292,665;70;265,993;;666,566
3780;0,3;125,5;302,713;279,167;266;360;293,692;292,679;70;265,994;;666,255
3781;0,3;125,5;302,582;279,181;266;360;293,692;292,636;70;265,994;;665,322
3782;0,3;123;302,698;279,178;266;360;293,692;292,636;70;265,994;;664,156
3783;0,3;138;302,792;279,199;266;360;293,692;292,6;70;265,991;;662,012
3784;0,3;142;302,857;279,21;266;360;293,642;292,578;70;265,998;;661,008
3785;0,3;143;302,156;279,376;266;360;293,627;292,535;70;266,007;;660,042
3786;0,3;143,5;302,076;279,384;266;360;293,634;292,52;70;266,016;;659,317
3787;0,3;149,5;301,975;279,384;266;360;293,649;292,513;70;266,03;;658,522
3788;0,3;152,5;301,982;279,282;266;360;293,613;292,535;70;266,048;;657,372
3789;0,3;147,5;302,105;279,167;266;360;293,692;292,535;70;266,064;;655,927
3790;0,3;150,5;302,17;279,152;266;360;293,692;292,535;70;266,081;;655,296
3791;0,3;148,5;301,736;279,138;266;360;293,649;292,535;70;266,102;;654,5
3792;0,3;142,5;301,324;279,112;266;360;293,634;292,535;70;266,122;;653,459
3793;0,3;141;301,295;279,105;266;360;293,547;292,491;70;266,143;;652,205
3794;0,3;141,5;301,266;279,109;266;360;293,584;292,491;70;266,161;;650,772
3795;0,3;142,5;301,288;279,235;266;360;293,591;292,593;70;266,177;;649,866
3796;0,3;134,5;301,331;279,228;266;360;293,692;292,679;70;266,195;;647,248
3797;0,3;137;301,418;279,333;266;360;293,692;292,549;70;266,209;;646,548
3798;0,3;132,5;301,483;279,311;266;360;293,692;292,578;70;266,22;;645,032
3799;0,3;127;301,468;279,293;266;360;293,692;292,535;70;266,232;;644,37
3800;0,3;121,5;301,411;279,293;266;360;293,692;292,585;70;266,246;;642,864
3801;0,3;110,5;301,309;279,268;266;360;293,649;292,499;70;266,263;;642,147
3802;0,3;109;301,215;279,261;266;360;293,692;292,672;70;266,276;;640,585
3803;0,3;100,5;301,136;279,239;266;360;293,692;292,665;70;266,292;;639,517
3804;0,3;96;301,114;279,221;266;360;293,692;292,65;70;266,307;;638,589
3805;0,3;94;300,94;279,109;266;360;293,837;292,679;70;266,326;;637,708
3806;0,3;96,5;301,063;279,004;266;360;293,793;292,679;70;266,345;;637,145
3807;0,3;97,5;301,157;279;266;360;293,837;292,679;70;266,367;;635,589
3808;0,3;95,5;301,136;279;266;360;293,837;292,679;70;266,395;;634,134
3809;0,3;92;300,991;278,997;266;360;293,837;292,679;70;266,419;;632,956
3810;0,3;92;300,723;278,993;266;360;293,837;292,643;70;266,444;;632,443
3811;0,3;84,5;300,521;279;266;360;293,837;292,672;70;266,472;;630,373
3812;0,3;82,5;300,188;279,004;266;360;293,801;292,679;70;266,503;;630,112
3813;0,3;82,5;300,586;279;266;360;293,83;292,679;70;266,534;;628,183
3814;0,3;79,5;300,347;278,921;266;360;293,837;292,679;70;266,561;;627,367
3815;0,3;70;300,058;278,841;266;360;293,786;292,679;70;266,591;;625,759
3816;0,3;68;299,971;278,827;266;360;293,786;292,679;70;266,617;;624,238
3817;0,3;64,5;299,863;278,809;266;360;293,837;292,679;70;266,643;;622,847
3818;0,3;59;299,414;278,794;266;360;293,837;292,679;70;266,666;;622,193
3819;0,3;50;299,486;278,809;266;360;293,837;292,679;70;266,689;;621,507
3820;0,3;49;299,544;278,78;266;360;293,837;292,679;70;266,71;;620,359
3821;0,3;48;299,081;278,765;266;360;293,793;292,679;70;266,728;;619,42
3822;0,3;42,5;299,103;278,783;266;360;293,837;292,679;70;266,75;;617,48
3823;0,3;39,5;298,785;278,809;266;360;293,837;292,679;70;266,767;;616,879
3824;0,3;37;298,474;278,787;266;360;293,721;292,643;70;266,78;;615,468
3825;0,3;42,5;297,844;278,819;266;360;293,692;292,593;70;266,795;;614,458
3826;0,3;44,5;297,786;278,83;266;360;293,692;292,629;70;266,806;;613,243
3827;0,3;44,5;297,62;278,834;266;360;293,692;292,636;70;266,817;;612,197
3828;0,3;42;297,316;278,852;266;360;293,692;292,636;70;266,826;;610,302
3829;0,3;43,5;297,027;278,686;266;360;293,692;292,65;70;266,835;;609,57
3830;0,3;46,5;296,767;278,49;266;360;293,692;292,578;70;266,84;;608,601
3831;0,3;47;296,672;278,476;266;360;293,692;292,564;70;266,84;;607,655
3832;0,3;53,5;295,848;278,483;266;360;293,692;292,636;70;266,839;;606,436
3833;0,3;66,5;295,544;278,49;266;360;293,808;292,636;70;266,834;;604,551
3834;0,3;70;295,341;278,494;266;360;293,837;292,716;70;266,831;;603,831
3835;0,3;75;294,784;278,49;266;360;293,837;292,679;70;266,824;;602,771
3836;0,3;84,5;294,907;278,487;266;360;293,837;292,679;70;266,822;;601,599
3837;0,3;93,5;294,654;278,483;266;360;293,837;292,716;70;266,821;;600,638
3838;0,3;96;294,676;278,487;266;360;293,866;292,679;70;266,817;;600,018
3839;0,3;99;293,844;278,501;266;360;293,887;292,679;70;266,811;;598,566
3840;0,3;104,5;293,736;278,476;266;360;293,844;292,716;70;266,808;;597,302
3841;0,3;119;293,396;278,498;266;360;293,916;292,824;70;266,801;;596,422
3842;0,3;121;293,157;278,508;266;360;293,88;292,737;70;266,802;;594,221
3843;0,3;134,5;293,388;278,49;266;360;293,873;292,679;70;266,806;;593,513
3844;0,3;139,5;293,222;278,092;266;360;293,837;292,679;70;266,805;;592,556
3845;0,3;148;292,947;278,118;266;360;293,786;292,679;70;266,803;;591,529
3846;0,3;143;292,86;278,111;266;360;293,692;292,542;70;266,803;;589,801
3847;0,3;154,5;292,752;278,23;266;360;293,62;292,535;70;266,8;;588,536
3848;0,3;161;292,694;278,082;266;360;293,547;292,535;70;266,8;;586,192
3849;0,3;162;292,752;278,226;266;360;293,728;292,622;70;266,802;;586,188
3850;0,3;159,5;292,889;278,125;266;360;293,801;292,665;70;266,803;;585,722
3851;0,3;159,5;292,933;278,064;266;360;293,837;292,773;70;266,803;;584,48
3852;0,3;161;293,171;277,977;266;360;293,837;292,788;70;266,803;;583,841
3853;0,3;158,5;293,388;277,969;266;360;293,887;292,824;70;266,803;;581,972
3854;0,3;154;293,28;277,966;266;360;293,982;292,788;70;266,808;;581,007
3855;0,3;150,5;293,287;277,984;266;360;294,01;292,853;70;266,808;;580,388
3856;0,3;153,5;293,627;277,98;266;360;293,996;292,766;70;266,809;;578,736
3857;0,3;152,5;294,003;277,977;266;360;294,025;292,802;70;266,809;;577,071
3858;0,3;148,5;293,945;277,821;266;360;293,974;292,824;70;266,809;;576,523
3859;0,3;140;294,22;277,691;266;360;293,931;292,824;70;266,806;;575,431
3860;0,3;134;294,524;277,731;266;360;293,909;292,824;70;266,805;;572,671
3861;0,3;126,5;294,488;277,745;266;360;293,851;292,824;70;266,809;;571,957
3862;0,3;120;294,654;277,756;266;360;293,837;292,795;70;266,807;;570,438
3863;0,3;125,5;294,893;277,756;266;360;293,88;292,679;70;266,807;;569,737
3864;0,3;118;295,001;277,76;266;360;293,837;292,679;70;266,808;;568,919
3865;0,3;105;294,987;277,778;266;360;293,837;292,679;70;266,813;;567,914
3866;0,3;105;295,652;277,81;266;360;293,837;292,701;70;266,815;;566,316
3867;0,3;98,5;295,587;277,785;266;360;293,837;292,752;70;266,821;;565,98
3868;0,3;87;295,522;277,792;266;360;293,837;292,679;70;266,819;;565,156
3869;0,3;84,5;295,537;277,807;266;360;293,786;292,679;70;266,819;;564,648
3870;0,3;84;295,732;277,818;266;360;293,793;292,701;70;266,82;;563,352
3871;0,3;89,5;295,985;277,778;266;360;293,83;292,701;70;266,816;;561,461
3872;0,3;86;296,014;277,81;266;360;293,902;292,679;70;266,809;;560,32
3873;0,3;73;295,949;277,828;266;360;293,902;292,679;70;266,801;;559,302
3874;0,3;71;295,877;277,839;266;360;293,837;292,679;70;266,789;;557,869
3875;0,3;70;295,797;277,651;266;360;293,837;292,643;70;266,771;;555,818
3876;0,3;71;295,826;277,445;266;360;293,772;292,549;70;266,751;;555,298
3877;0,3;72,5;295,877;277,463;266;360;293,692;292,585;70;266,724;;554,625
3878;0,3;74;295,399;277,47;266;360;293,692;292,556;70;266,694;;553,149
3879;0,3;74;295,45;277,467;266;360;293,692;292,679;70;266,662;;552,213
3880;0,3;78,5;295,457;277,463;266;360;293,692;292,593;70;266,624;;550,301
3881;0,3;92;295,392;277,459;266;360;293,808;292,73;70;266,588;;549,697
3882;0,3;102,5;295,284;277,459;266;360;293,837;292,737;70;266,553;;547,765
3883;0,3;105,5;294,741;277,478;266;360;293,837;292,716;70;266,525;;547,103
3884;0,3;115;294,857;277,474;266;360;293,895;292,679;70;266,502;;546,158
3885;0,3;139,5;294,987;277,438;266;360;293,967;292,679;70;266,47;;545,403
3886;0,3;150,5;294,958;277,434;266;360;293,909;292,679;70;266,441;;544,09
3887;0,3;157,5;294,821;277,459;266;360;293,895;292,737;70;266,414;;543,231
3888;0,3;167;294,734;277,459;266;360;293,88;292,824;70;266,387;;541,57
3889;0,3;179,5;294,806;277,452;266;360;293,982;292,824;70;266,362;;540,021
3890;0,3;185;294,9;277,452;266;360;293,931;292,781;70;266,342;;539,438
3891;0,3;195,5;295,001;277,445;266;360;293,858;292,679;70;266,32;;538,389
3892;0,3;206,5;294,965;277,445;266;360;293,88;292,679;70;266,299;;537,171
3893;0,3;214;294,821;277,062;266;360;293,837;292,679;70;266,282;;535,705
3894;0,3;220,5;294,734;277,076;266;360;293,88;292,679;70;266,268;;534,803
3895;0,3;227;294,973;277,08;266;360;293,873;292,781;70;266,252;;533,832
3896;0,3;229,5;295,247;277,076;266;360;293,982;292,867;70;266,236;;532,643
3897;0,3;228;295,645;277,072;266;360;294,018;292,824;70;266,223;;532,029
3898;0,3;227,5;296,058;277,25;266;360;293,982;292,824;70;266,21;;529,493
3899;0,3;230,5;296,311;277,257;266;360;293,982;292,824;70;266,197;;529,077
3900;0,3;230;296,231;277,239;266;360;293,982;292,824;70;266,186;;527,717
3901;0,3;225,5;296,788;277,221;266;360;293,982;292,824;70;266,177;;526,562
3902;0,3;221;296,933;277,199;266;360;293,931;292,745;70;266,174;;525,431
3903;0,3;216;297,179;277,167;266;360;293,96;292,679;70;266,172;;524,498
3904;0,3;210;297,989;277,152;266;360;293,837;292,679;70;266,173;;523,363
3905;0,3;199,5;298,228;277,134;266;360;293,837;292,701;70;266,172;;522,325
3906;0,3;197,5;298,278;277,112;266;360;293,801;292,701;70;266,171;;521,398
3907;0,3;190,5;298,958;277,087;266;360;293,815;292,679;70;266,169;;519,538
3908;0,3;175;298,987;277,007;266;360;293,779;292,723;70;266,165;;518,732
3909;0,3;171;299,117;276,942;266;360;293,822;292,629;70;266,162;;518,252
3910;0,3;165,5;299,957;276,95;266;360;293,699;292,578;70;266,159;;516,263
3911;0,3;152;300,354;276,964;266;360;293,743;292,614;70;266,157;;514,307
3912;0,3;143;300,702;276,957;266;360;293,75;292,542;70;266,154;;513,409
3913;0,3;139;300,76;276,95;266;360;293,692;292,542;70;266,147;;512,383
3914;0,3;130;301,034;276,942;266;360;293,692;292,571;70;266,142;;511,415
3915;0,3;125,5;300,948;276,953;266;360;293,692;292,535;70;266,139;;511,02
3916;0,3;116,5;301,288;276,964;266;360;293,728;292,535;70;266,138;;509,625
3917;0,3;114,5;301,266;276,957;266;360;293,772;292,585;70;266,134;;508,538
3918;0,3;107,5;301,425;276,942;266;360;293,837;292,679;70;266,13;;505,919
3919;0,3;96,5;301,613;276,942;266;360;293,88;292,759;70;266,125;;505,349
3920;0,3;96,5;301,7;276,964;266;360;293,931;292,759;70;266,124;;504,935
3921;0,3;98,5;301,714;276,957;266;360;293,887;292,773;70;266,121;;504,1
3922;0,3;107;301,599;276,95;266;360;293,916;292,766;70;266,116;;503,168
3923;0,3;106;301,512;276,946;266;360;293,844;292,745;70;266,114;;501,866
3924;0,3;100,5;301,454;277,083;266;360;293,938;292,773;70;266,11;;499,878
3925;0,3;103,5;301,707;277,3;266;360;293,982;292,824;70;266,108;;498,425
3926;0,3;104,5;301,743;277,318;266;360;293,982;292,969;70;266,103;;497,127
3927;0,3;104,5;301,845;277,322;266;360;293,982;292,954;70;266,103;;496,747
3928;0,3;100,5;301,924;277,329;266;360;293,982;292,918;70;266,101;;495,834
3929;0,3;96,5;301,628;277,224;266;360;294,068;292,904;70;266,1;;494,828
3930;0,3;111,5;301,505;277,329;266;360;294,097;292,831;70;266,096;;493,254
3931;0,3;113;301,027;277,344;266;360;294,126;292,911;70;266,089;;492,153
3932;0,3;103,5;300,933;277,351;266;360;294,126;292,875;70;266,08;;491,135
3933;0,3;115;300,911;277,217;266;360;294,126;292,896;70;266,073;;490,461
3934;0,3;125,5;301,078;277,08;266;360;294,126;292,969;70;266,06;;489,243
3935;0,3;125;300,767;277,065;266;360;294,126;292,962;70;266,049;;486,675
3936;0,3;125,5;300,333;277,441;266;360;294,083;292,933;70;266,037;;485,461
3937;0,3;134,5;300,26;277,459;266;360;294,083;292,925;70;266,029;;484,444
3938;0,3;144,5;300,21;277,481;266;360;294,126;292,882;70;266,02;;482,527
3939;0,3;146;300,152;277,47;266;360;294,003;292,911;70;266,006;;481,628
3940;0,3;146,5;300,152;277,456;266;360;294,018;292,882;70;265,995;;481,093
3941;0,3;150;299,928;277,445;266;360;294,126;292,969;70;265,984;;480,004
3942;0,3;151;300,043;277,47;266;360;294,119;292,925;70;265,975;;478,579
3943;0,3;166,5;300,087;277,481;266;360;294,097;292,969;70;265,967;;477,787
3944;0,3;171;300,072;277,488;266;360;294,047;292,925;70;265,955;;475,829
3945;0,3;177;299,971;277,46;266;360;293,989;292,918;70;265,938;;475,046
3946;0,3;183,5;299,848;277,434;266;360;294,119;292,925;70;265,921;;474,629
3947;0,3;180;299,797;277,496;266;360;294,09;292,969;70;265,896;;473,017
3948;0,3;182,5;299,855;277,499;266;360;294,126;292,969;70;265,875;;472,019
3949;0,3;188;300,116;277,492;266;360;294,076;292,969;70;265,859;;471,161
3950;0,3;191;300,354;277,434;266;360;294,126;292,998;70;265,841;;469,484
3951;0,3;190,5;300,644;277,438;266;360;294,126;292,94;70;265,825;;468,083
3952;0,3;193,5;300,326;277,478;266;360;294,126;292,824;70;265,812;;467,222
3953;0,3;196;300,477;277,488;266;360;294,126;292,969;70;265,801;;466,762
3954;0,3;199,5;300,42;277,467;266;360;294,126;292,969;70;265,789;;465,673
3955;0,3;199,5;300,904;277,456;266;360;294,126;292,969;70;265,779;;465,15
3956;0,3;201;300,883;277,434;266;360;294,076;292,969;70;265,77;;463,463
3957;0,3;200;301,056;277,467;266;360;294,126;292,969;70;265,758;;461,363
3958;0,3;198,5;301,505;277,485;266;360;294,083;292,969;70;265,748;;460,455
3959;0,3;203;301,403;277,452;266;360;294,097;293,019;70;265,74;;459,508
3960;0,3;203,5;301,751;277,456;266;360;294,213;292,969;70;265,732;;458,32
3961;0,3;201,5;301,801;277,46;266;360;294,126;293,019;70;265,722;;457,219
3962;0,3;201,5;301,874;277,467;266;360;294,126;292,925;70;265,719;;456,555
3963;0,3;198,5;301,91;277,463;266;360;294,076;292,969;70;265,716;;454,671
3964;0,3;197;302,662;277,459;266;360;294,126;292,889;70;265,715;;453,293
3965;0,3;192;302,742;277,456;266;360;294,126;292,911;70;265,723;;452,849
3966;0,3;180,5;302,937;277,463;266;360;294,126;292,925;70;265,732;;451,674
3967;0,3;179;303,082;277,459;266;360;294,126;292,969;70;265,739;;451,082
3968;0,3;176;303,32;277,456;266;360;294,184;292,969;70;265,748;;449,451
3969;0,3;164,5;303,653;277,47;266;360;294,271;292,969;70;265,76;;447,881
3970;0,3;153,5;303,754;277,47;266;360;294,155;292,969;70;265,77;;446,384
3971;0,3;149,5;303,957;277,467;266;360;294,177;293,034;70;265,779;;446,017
3972;0,3;147,5;304,203;277,46;266;360;294,213;293,077;70;265,793;;445,166
3973;0,3;137;304,188;277,452;266;360;294,271;293,113;70;265,811;;443,153
3974;0,3;130;304,478;277,474;266;360;294,387;293,207;70;265,823;;441,245
3975;0,3;130,5;304,818;277,478;266;360;294,365;293,258;70;265,837;;440,418
3976;0,3;120;304,76;277,828;266;360;294,415;293,258;70;265,842;;439,382
3977;0,3;100,5;304,745;277,836;266;360;294,358;293,258;70;265,856;;438,682
3978;0,3;95,5;304,818;277,839;266;360;294,271;293,215;70;265,865;;438,189
3979;0,3;98;304,883;277,839;266;360;294,271;293,113;70;265,871;;437,146
3980;0,3;101;304,536;277,597;266;360;294,133;293,113;70;265,875;;435,93
3981;0,3;96,5;304,753;277,731;266;360;294,17;293,113;70;265,88;;434,706
3982;0,3;97;304,724;277,731;266;360;294,126;293,113;70;265,884;;433,437
3983;0,3;96;304,485;277,597;266;360;294,126;293,07;70;265,886;;431,079
3984;0,3;94;304,391;277,785;266;360;294,198;293,113;70;265,884;;430,842
3985;0,3;88;304,391;277,969;266;360;294,271;293,056;70;265,881;;430,153
3986;0,3;81,5;304,015;277,984;266;360;294,271;293,113;70;265,876;;427,942
3987;0,3;85;304,138;277,98;266;360;294,271;293,113;70;265,862;;426,746
3988;0,3;86;304,217;277,973;266;360;294,271;293,113;70;265,847;;425,363
3989;0,3;86,5;303,725;277,969;266;360;294,271;293,113;70;265,831;;424,206
3990;0,3;96,5;303,653;277,969;266;360;294,22;293,07;70;265,819;;423,189
3991;0,3;105;303,255;277,984;266;360;294,126;292,983;70;265,807;;422,549
3992;0,3;107;302,98;277,977;266;360;294,155;293,063;70;265,795;;421,363
3993;0,3;107,5;303,045;277,973;266;360;294,184;293,113;70;265,782;;419,765
3994;0,3;118,5;303,024;278,23;266;360;294,264;293,142;70;265,768;;418,917
3995;0,3;130,5;302,937;278,234;266;360;294,271;293,135;70;265,757;;417,639
3996;0,3;133;302,894;278,248;266;360;294,271;293,113;70;265,747;;416,806
3997;0,3;139;301,989;278,15;266;360;294,271;293,07;70;265,738;;415,979
3998;0,3;149,5;301,968;278,252;266;360;294,271;293,113;70;265,733;;415,117
3999;0,3;167;301,924;278,118;266;360;294,271;293,113;70;265,732;;413,793
4000;0,3;169,5;301,62;278,092;266;360;294,271;293,207;70;265,728;;411,764
4001;0,3;170,5;301,302;278,118;266;360;294,365;293,215;70;265,727;;411,121
4002;0,3;182;301,389;278,114;266;360;294,358;293,171;70;265,726;;410,721
4003;0,3;198,5;301,432;278,103;266;360;294,401;293,179;70;265,726;;408,776
4004;0,3;202,5;301,599;278,212;266;360;294,271;293,2;70;265,727;;407,778
4005;0,3;205,5;301,36;278,107;266;360;294,271;293,251;70;265,724;;405,873
4006;0,3;209;301,671;278,367;266;360;294,271;293,128;70;265,724;;405,005
4007;0,3;200,5;301,657;278,385;266;360;294,271;293,15;70;265,724;;404,065
4008;0,3;197,5;301,657;278,393;266;360;294,249;293,085;70;265,724;;402,765
4009;0,3;202;301,707;278,375;266;360;294,177;293,063;70;265,723;;401,727
4010;0,3;202;301,931;278,309;266;360;294,206;293,106;70;265,726;;400,291
4011;0,3;202,5;302,177;278,223;266;360;294,271;293,034;70;265,725;;399,846
4012;0,3;191,5;302,156;278,186;266;360;294,271;293,077;70;265,725;;398,576
4013;0,3;188;302,04;278,186;266;360;294,271;293,113;70;265,722;;396,879
4014;0,3;189;302,358;278,183;266;360;294,271;293,027;70;265,719;;395,666
4015;0,3;184,5;302,409;278,197;266;360;294,271;293,113;70;265,716;;394,559
4016;0,3;174,5;302,792;278,241;266;360;294,271;293,113;70;265,713;;393,237
4017;0,3;168,5;303,053;278,255;266;360;294,329;293,244;70;265,711;;392,401
4018;0,3;171;303,161;278,266;266;360;294,365;293,258;70;265,708;;391,517
4019;0,3;177;303,031;278,201;266;360;294,372;293,258;70;265,71;;390,097
4020;0,3;165,5;303,32;278,313;266;360;294,415;293,258;70;265,711;;388,192
4021;0,3;165;303,733;278,331;266;360;294,415;293,309;70;265,71;;387,35
4022;0,3;163;303,284;278,085;266;360;294,415;293,258;70;265,707;;386,955
4023;0,3;147;303,639;278,212;266;360;294,387;293,121;70;265,711;;384,99
4024;0,3;142,5;304,225;278,085;266;360;294,271;293,207;70;265,716;;384,306
4025;0,3;142;304,138;278,1;266;360;294,271;293,193;70;265,725;;383,174
4026;0,3;139;304,022;278,092;266;360;294,336;293,15;70;265,732;;382,019
4027;0,3;134;303,957;278,089;266;360;294,415;293,2;70;265,741;;380,684
4028;0,3;136;304,029;278,089;266;360;294,415;293,258;70;265,748;;379,774
4029;0,3;135,5;304,145;278,092;266;360;294,415;293,258;70;265,754;;378,534
4030;0,3;131,5;304,225;278,107;266;360;294,473;293,258;70;265,765;;377,326
4031;0,3;127,5;304,13;278,118;266;360;294,495;293,258;70;265,773;;376,938
4032;0,3;127,5;304,485;278,208;266;360;294,459;293,258;70;265,786;;376,182
4033;0,3;123,5;304,463;278,309;266;360;294,372;293,258;70;265,798;;374,313
4034;0,3;111,5;304,449;278,483;266;360;294,415;293,258;70;265,811;;373,207
4035;0,3;109,5;304,499;278,479;266;360;294,415;293,171;70;265,821;;372,049
4036;0,3;110;304,196;278,479;266;360;294,293;293,113;70;265,829;;370,617
4037;0,3;106;304,225;278,49;266;360;294,358;293,15;70;265,835;;369,56
4038;0,3;107,5;304,188;278,487;266;360;294,415;293,113;70;265,841;;368,194
4039;0,3;106;304,094;278,472;266;360;294,415;293,193;70;265,841;;367,748
4040;0,3;106,5;304,008;278,469;266;360;294,3;293,258;70;265,838;;366,545
4041;0,3;106;303,979;278,472;266;360;294,394;293,258;70;265,834;;364,412
4042;0,3;104;304,13;278,472;266;360;294,415;293,258;70;265,83;;363,986
4043;0,3;104,5;303,436;278,469;266;360;294,423;293,258;70;265,827;;363,125
4044;0,3;100,5;303,451;278,465;266;360;294,538;293,352;70;265,818;;361,789
4045;0,3;110,5;303,414;278,53;266;360;294,488;293,359;70;265,813;;360,404
4046;0,3;116,5;303,385;278,595;266;360;294,43;293,345;70;265,805;;358,923
4047;0,3;113;303,096;278,595;266;360;294,466;293,374;70;265,804;;357,14
4048;0,3;118;302,98;278,718;266;360;294,524;293,359;70;265,801;;356,227
4049;0,3;122;302,959;278,704;266;360;294,488;293,403;70;265,792;;355,488
4050;0,3;130,5;302,778;278,812;266;360;294,466;293,403;70;265,786;;354,258
4051;0,3;137;302,648;278,801;266;360;294,415;293,403;70;265,784;;353,174
4052;0,3;140;302,677;278,794;266;360;294,459;293,403;70;265,777;;351,949
4053;0,3;143;302,575;278,769;266;360;294,415;293,403;70;265,772;;350,297
4054;0,3;148;302,163;278,74;266;360;294,415;293,345;70;265,766;;349,107
4055;0,3;152;301,989;278,733;266;360;294,415;293,294;70;265,757;;348,572
4056;0,3;163;301,953;278,715;266;360;294,415;293,302;70;265,753;;347,433
4057;0,3;169;301,975;278,704;266;360;294,372;293,258;70;265,751;;347,22
4058;0,3;175;302,098;278,686;266;360;294,372;293,309;70;265,745;;345,586
4059;0,3;177;302,199;278,671;266;360;294,372;293,258;70;265,74;;343,785
4060;0,3;174,5;302,185;278,66;266;360;294,401;293,258;70;265,737;;342,466
4061;0,3;177;302,047;278,747;266;360;294,415;293,258;70;265,735;;340,975
4062;0,3;181,5;301,96;278,743;266;360;294,437;293,258;70;265,738;;339,89
4063;0,3;181;301,96;278,877;266;360;294,437;293,258;70;265,743;;339,123
4064;0,3;182;302,033;278,892;266;360;294,415;293,258;70;265,743;;338,305
4065;0,3;183;302,192;278,877;266;360;294,415;293,258;70;265,745;;337,069
4066;0,3;183;302,525;278,932;266;360;294,415;293,302;70;265,748;;335,532
4067;0,3;180;302,749;278,852;266;360;294,387;293,193;70;265,753;;334,573
4068;0,3;175,5;302,655;278,841;266;360;294,365;293,215;70;265,753;;333,805
4069;0,3;170;302,539;278,823;266;360;294,415;293,258;70;265,758;;331,693
4070;0,3;170;302,402;278,798;266;360;294,437;293,302;70;265,762;;331,242
4071;0,3;169;302,72;278,762;266;360;294,488;293,302;70;265,765;;329,604
4072;0,3;168,5;303,103;278,769;266;360;294,452;293,367;70;265,769;;328,319
4073;0,3;168,5;303,212;278,812;266;360;294,466;293,338;70;265,773;;327,295
4074;0,3;160,5;303,139;278,798;266;360;294,423;293,33;70;265,78;;326,391
4075;0,3;152;303,024;278,816;266;360;294,502;293,273;70;265,791;;325,796
4076;0,3;152;303,537;278,78;266;360;294,372;293,258;70;265,802;;325,07
4077;0,3;152;303,733;278,852;266;360;294,415;293,258;70;265,814;;322,875
4078;0,3;141,5;303,819;278,852;266;360;294,423;293,258;70;265,832;;322,033
4079;0,3;132,5;303,921;278,823;266;360;294,473;293,258;70;265,849;;320,216
4080;0,3;133;303,993;278,812;266;360;294,481;293,258;70;265,865;;319,215
4081;0,3;126;304,029;278,834;266;360;294,459;293,367;70;265,877;;318,515
4082;0,3;116;303,957;278,874;266;360;294,415;293,403;70;265,889;;317,744
4083;0,3;117;303,892;278,866;266;360;294,459;293,316;70;265,902;;316,467
4084;0,3;119;303,197;278,682;266;360;294,365;293,258;70;265,913;;315,074
4085;0,3;114;303,161;278,664;266;360;294,365;293,2;70;265,926;;313,261
4086;0,3;102,5;303,458;278,639;266;360;294,365;293,171;70;265,936;;312,633
4087;0,3;103;303,552;278,751;266;360;294,415;293,222;70;265,95;;311,703
4088;0,3;101;303,443;278,617;266;360;294,379;293,157;70;265,96;;310,938
4089;0,3;99;303,602;278,621;266;360;294,387;293,157;70;265,975;;310,063
4090;0,3;96,5;303,805;278,696;266;360;294,394;293,258;70;265,985;;308,982
4091;0,3;92,5;303,74;278,718;266;360;294,415;293,258;70;265,987;;307,063
4092;0,3;87,5;303,385;278,711;266;360;294,415;293,302;70;265,988;;306,024
4093;0,3;84;302,937;278,686;266;360;294,365;293,273;70;265,992;;304,236
4094;0,3;81,5;303,009;278,776;266;360;294,365;293,258;70;265,996;;303,326
4095;0,3;84,5;303,154;278,838;266;360;294,415;293,258;70;265,998;;302,472
4096;0,3;91;302,922;278,83;266;360;294,415;293,258;70;265,999;;300,367
4097;0,3;88;302,568;278,819;266;360;294,466;293,258;70;266,001;;299,649
4098;0,3;91;302,633;278,805;266;360;294,415;293,258;70;265,999;;299,317
4099;0,3;93;302,12;278,801;266;360;294,415;293,258;70;265,997;;297,789
4100;0,3;98;301,874;278,805;266;360;294,473;293,258;70;265,995;;296,828
4101;0,3;102,5;301,982;278,783;266;360;294,452;293,302;70;265,992;;295,622
4102;0,3;106,5;301,787;278,762;266;360;294,495;293,302;70;265,991;;294,359
4103;0,3;110;301,476;278,743;266;360;294,43;293,258;70;265,987;;292,897
4104;0,3;121;301,425;278,715;266;360;294,502;293,258;70;265,985;;291,79
4105;0,3;123;301,353;278,715;266;360;294,459;293,258;70;265,986;;291,064
4106;0,3;121;301,013;278,682;266;360;294,51;293,302;70;265,986;;289,597
4107;0,3;131,5;300,904;278,664;266;360;294,51;293,258;70;265,988;;287,748
4108;0,3;140;300,933;278,881;266;360;294,452;293,258;70;265,994;;286,949
4109;0,3;141,5;300,919;278,885;266;360;294,56;293,381;70;266;;285,573
4110;0,3;142,5;300,825;278,881;266;360;294,56;293,316;70;266,008;;284,003
4111;0,3;146;300,854;278,888;266;360;294,56;293,396;70;266,019;;283,384
4112;0,3;145,5;300,76;278,892;266;360;294,524;293,302;70;266,028;;282,64
4113;0,3;146,5;300,651;278,885;266;360;294,459;293,258;70;266,033;;281,685
4114;0,3;150,5;300,571;278,885;266;360;294,473;293,258;70;266,038;;280,834
4115;0,3;153;300,514;278,874;266;360;294,56;293,258;70;266,045;;279,037
4116;0,3;153;299,899;278,866;266;360;294,437;293,258;70;266,052;;277,837
4117;0,3;159,5;300,022;278,874;266;360;294,415;293,28;70;266,053;;275,973
4118;0,3;163,5;300,094;278,885;266;360;294,473;293,403;70;266,057;;274,735
4119;0,3;162,5;300,036;278,866;266;360;294,56;293,403;70;266,055;;273,536
4120;0,3;159;299,92;278,859;266;360;294,56;293,403;70;266,052;;272,624
4121;0,3;159;299,841;278,78;266;360;294,56;293,388;70;266,046;;272,054
4122;0,3;158;300,477;278,704;266;360;294,473;293,33;70;266,041;;271,311
4123;0,3;156;300,694;278,725;266;360;294,56;293,403;70;266,035;;269,373
4124;0,3;150,5;300,767;278,722;266;360;294,56;293,403;70;266,025;;268,032
4125;0,3;144;300,752;278,747;266;360;294,56;293,417;70;266,014;;267,432
4126;0,3;141;300,781;278,765;266;360;294,698;293,504;70;266,002;;266,529
4127;0,3;140;300,803;278,791;266;360;294,705;293,547;70;265,99;;264,998
4128;0,3;145,5;300,767;278,805;266;360;294,705;293,41;70;265,972;;263,933
4129;0,3;151,5;300,637;278,798;266;360;294,633;293,403;70;265,954;;262,804
4130;0,3;154,5;300,571;278,816;266;360;294,56;293,461;70;265,937;;261,664
4131;0,3;149,5;300,6;278,838;266;360;294,56;293,446;70;265,919;;260,803
4132;0,3;148;300,969;278,834;266;360;294,56;293,49;70;265,906;;258,851
4133;0,3;151,5;301,128;278,595;266;360;294,596;293,453;70;265,893;;258,188
4134;0,3;153;301,143;278,606;266;360;294,69;293,417;70;265,874;;257,381
4135;0,3;154,5;301,056;278,613;266;360;294,705;293,504;70;265,858;;255,86
4136;0,3;159;300,969;278,613;266;360;294,705;293,417;70;265,845;;255,404
4137;0,3;165,5;300,89;278,599;266;360;294,705;293,446;70;265,832;;253,876
4138;0,3;168,5;300,926;278,606;266;360;294,661;293,482;70;265,822;;252,771
4139;0,3;169;301,382;278,621;266;360;294,705;293,475;70;265,814;;251,78
4140;0,3;171,5;301,461;278,613;266;360;294,705;293,504;70;265,807;;250,618
4141;0,3;179;301,714;278,751;266;360;294,705;293,504;70;265,801;;249,363
4142;0,3;175;301,649;278,751;266;360;294,582;293,403;70;265,79;;248,53
4143;0,3;178,5;301,483;278,649;266;360;294,698;293,446;70;265,782;;245,773
4144;0,3;182;301,975;278,686;266;360;294,661;293,439;70;265,772;;245,332
4145;0,3;181;301,931;278,704;266;360;294,705;293,519;70;265,767;;244,573
4146;0,3;174,5;302,004;278,678;266;360;294,705;293,497;70;265,765;;243,465
4147;0,3;174;302,083;278,657;266;360;294,705;293,547;70;265,76;;242,191
4148;0,3;176;302,387;278,613;266;360;294,741;293,547;70;265,757;;240,838
4149;0,3;180;302,351;278,508;266;360;294,712;293,547;70;265,753;;239,522
4150;0,3;179,5;302,337;278,483;266;360;294,799;293,547;70;265,746;;238,282
4151;0,3;175,5;302,633;278,494;266;360;294,727;293,547;70;265,741;;236,806
4152;0,3;176,5;302,937;278,498;266;360;294,748;293,547;70;265,733;;235,971
4153;0,3;163,5;303,103;278,498;266;360;294,755;293,584;70;265,726;;235,058
4154;0,3;158,5;303,139;278,494;266;360;294,85;293,547;70;265,721;;234,856
4155;0,3;161,5;303,566;278,613;266;360;294,821;293,547;70;265,715;;232,562
4156;0,3;164,5;303,566;278,689;266;360;294,828;293,613;70;265,709;;231,761
4157;0,3;160,5;303,487;278,798;266;360;294,85;293,692;70;265,704;;230,963
4158;0,3;160;303,364;278,78;266;360;294,85;293,656;70;265,7;;229,972
4159;0,3;161;303,27;278,74;266;360;294,85;293,685;70;265,691;;228,519
4160;0,3;161,5;303,407;278,693;266;360;294,878;293,692;70;265,683;;227,207
4161;0,3;158,5;304,065;278,722;266;360;294,994;293,692;70;265,682;;225,912
4162;0,3;155;304,253;278,689;266;360;294,85;293,692;70;265,677;;224,475
4163;0,3;154;304,203;278,693;266;360;294,85;293,562;70;265,678;;223,301
4164;0,3;155;304,058;278,715;266;360;294,85;293,642;70;265,67;;222,087
4165;0,3;154,5;303,95;278,74;266;360;294,85;293,692;70;265,662;;221,259
4166;0,3;153,5;303,986;278,7;266;360;294,9;293,692;70;265,655;;220,378
4167;0,3;155;304,116;278,801;266;360;294,85;293,692;70;265,649;;218,726
4168;0,3;156;304,232;278,816;266;360;294,85;293,649;70;265,644;;217,679
4169;0,3;158;304,188;278,838;266;360;294,85;293,692;70;265,638;;216,634
4170;0,3;163,5;304,102;278,87;266;360;294,85;293,605;70;265,632;;215,478
4171;0,3;166;304,094;278,961;266;360;294,85;293,656;70;265,628;;214,687
4172;0,3;166,5;304,008;279;266;360;294,85;293,642;70;265,625;;213,288
4173;0,3;168;303,993;278,997;266;360;294,878;293,692;70;265,62;;211,207
4174;0,3;168;304,196;278,993;266;360;294,994;293,736;70;265,61;;210,679
4175;0,3;168;304,644;278,997;266;360;294,994;293,721;70;265,598;;209,757
4176;0,3;166,5;304,615;279,004;266;360;294,994;293,728;70;265,588;;208,011
4177;0,3;161,5;304,449;279;266;360;294,994;293,757;70;265,582;;207,016
4178;0,3;161;304,398;278,993;266;360;294,994;293,736;70;265,575;;205,645
4179;0,3;163;304,348;278,993;266;360;294,994;293,714;70;265,57;;204,688
4180;0,3;164,5;304,355;278,997;266;360;294,994;293,714;70;265,569;;203,887
4181;0,3;170;304,384;279,004;266;360;294,994;293,822;70;265,568;;203,231
4182;0,3;174;304,514;279;266;360;295,03;293,837;70;265,57;;201,62
4183;0,3;172,5;304,622;278,997;266;360;295,074;293,837;70;265,574;;200,951
4184;0,3;173,5;304,644;279,069;266;360;295,038;293,837;70;265,58;;199,684
4185;0,3;175,5;304,615;279,167;266;360;294,994;293,75;70;265,592;;198,345
4186;0,3;174;304,405;279,239;266;360;294,994;293,75;70;265,603;;197,578
4187;0,3;173;304,261;279,214;266;360;294,951;293,793;70;265,614;;196,639
4188;0,3;173;304,319;279,21;266;360;295,001;293,786;70;265,624;;194,798
4189;0,3;182,5;304,695;279,185;266;360;295,038;293,837;70;265,641;;193,393
4190;0,3;177;305,143;279,159;266;360;295,059;293,793;70;265,657;;192,261
4191;0,3;166;305,23;279,159;266;360;295,052;293,779;70;265,674;;191,799
4192;0,3;155,5;305,237;279,149;266;360;295,045;293,808;70;265,691;;190,561
4193;0,3;155;305,15;279,138;266;360;295,038;293,837;70;265,711;;189,335
4194;0,3;150,5;305,02;279,391;266;360;295,052;293,837;70;265,733;;187,56
4195;0,3;142;304,984;279,12;266;360;295,11;293,793;70;265,752;;186,698
4196;0,3;140,5;305,042;279,112;266;360;295,03;293,837;70;265,772;;185,817
4197;0,3;140,5;305,158;279,109;266;360;295,03;293,837;70;265,786;;184,609
4198;0,3;137;305,396;279,116;266;360;295,095;293,837;70;265,802;;183,582
4199;0,3;127;305,642;279,235;266;360;295,139;293,837;70;265,82;;182,301
4200;0,3;118,5;305,722;279,355;266;360;295,139;293,837;70;265,841;;180,726
4201;0,3;107,5;305,556;279,34;266;360;295,139;293,837;70;265,857;;179,304
4202;0,3;97,5;305,57;279,326;266;360;295,139;293,916;70;265,872;;178,143
4203;0,3;88;305,331;279,311;266;360;295,211;293,982;70;265,889;;176,374
4204;0,3;88;305,136;279,297;266;360;295,284;293,982;70;265,906;;175,734
4205;0,3;85,5;305,23;279,272;266;360;295,19;293,982;70;265,918;;175,235
4206;0,3;84,5;305,252;279,253;266;360;295,139;293,982;70;265,933;;174,519
4207;0,3;81;305,172;279,225;266;360;295,139;293,982;70;265,944;;172,661
4208;0,3;78,5;304,731;279,196;266;360;295,139;293,982;70;265,95;;171,279
4209;0,3;77,5;304,282;279,178;266;360;295,276;293,982;70;265,955;;170,453
4210;0,3;73,5;304,196;279,279;266;360;295,284;293,982;70;265,963;;169,868
4211;0,3;77;304,47;279,268;266;360;295,233;293,982;70;265,97;;168,805
4212;0,3;78;304,174;279,272;266;360;295,211;293,982;70;265,973;;167,458
4213;0,3;79;304,253;279,387;266;360;295,139;293,873;70;265,976;;165,471
4214;0,3;78,5;303,87;279,384;266;360;295,095;293,887;70;265,978;;164,526
4215;0,3;82;303,827;279,387;266;360;295,095;293,873;70;265,982;;163,731
4216;0,3;93,5;302,988;279,387;266;360;295,139;293,844;70;265,983;;162,854
4217;0,3;94,5;302,785;279,387;266;360;295,067;293,837;70;265,984;;161,641
4218;0,3;98;302,655;279,369;266;360;295,038;293,801;70;265,986;;160,277
4219;0,3;99;302,373;279,366;266;360;295,038;293,837;70;265,986;;159,144
4220;0,3;111,5;302,206;279,351;266;360;295,081;293,837;70;265,99;;158,454
4221;0,3;124;301,808;279,351;266;360;294,994;293,837;70;265,992;;157,127
4222;0,3;127;301,7;279,34;266;360;294,994;293,851;70;265,995;;154,965
4223;0,3;136;301,013;279,329;266;360;295,038;293,866;70;266,001;;154,417
4224;0,3;139,5;300,89;279,272;266;360;295,095;293,837;70;266,007;;153,742
4225;0,3;149,5;300,564;278,997;266;360;295,139;293,837;70;266,017;;152,434
4226;0,3;150,5;300,752;278,993;266;360;295,139;293,887;70;266,026;;151,001
4227;0,3;164;300,854;278,997;266;360;295,139;293,945;70;266,031;;149,943
4228;0,3;170;300,13;279;266;360;295,139;293,982;70;266,04;;147,848
4229;0,3;166,5;300,109;279;266;360;295,139;293,982;70;266,053;;147,684
4230;0,3;172,5;300,022;278,917;266;360;295,139;293,931;70;266,065;;146,794
4231;0,3;175,5;299,877;278,758;266;360;295,139;293,837;70;266,078;;145,297
4232;0,3;177,5;299,855;278,794;266;360;295,088;293,837;70;266,09;;143,189
4233;0,3;174,5;299,957;278,881;266;360;295,045;293,873;70;266,102;;142,165
4234;0,3;172,5;300,072;278,668;266;360;295,016;293,837;70;266,113;;141,323
4235;0,3;168,5;300,08;278,508;266;360;295,095;293,801;70;266,123;;140,515
4236;0,3;162,5;300,007;278,501;266;360;295,052;293,837;70;266,132;;139,05
4237;0,3;159;299,957;278,479;266;360;295,001;293,837;70;266,14;;138,15
4238;0,3;159;299,884;278,487;266;360;295,067;293,837;70;266,149;;136,828
4239;0,3;157,5;299,877;278,487;266;360;295,038;293,851;70;266,155;;135,801
4240;0,3;155;299,978;278,494;266;360;294,994;293,873;70;266,16;;134,917
4241;0,3;148;300,333;278,342;266;360;294,994;293,721;70;266,166;;134,002
4242;0,3;144,5;300,752;278,277;266;360;294,994;293,736;70;266,17;;132,316
4243;0,3;145;300,687;278,277;266;360;294,994;293,779;70;266,174;;131,496
4244;0,3;131;300,42;278,291;266;360;295,023;293,837;70;266,177;;130,445
4245;0,3;125;300,34;278,266;266;360;295,095;293,837;70;266,183;;129,133
4246;0,3;131,5;300,217;278,237;266;360;295,052;293,837;70;266,184;;127,787
4247;0,3;124,5;300,159;278,205;266;360;295,139;293,924;70;266,191;;126,538
4248;0,3;116;300,203;278,186;266;360;295,139;293,938;70;266,193;;124,902
4249;0,3;117,5;300,26;278,136;266;360;295,139;293,982;70;266,197;;124,353
4250;0,3;118,5;300,622;278,226;266;360;295,139;293,982;70;266,197;;123,414
4251;0,3;119;300,716;278,234;266;360;295,139;293,895;70;266,198;;122,185
4252;0,3;114;300,629;278,038;266;360;295,139;293,837;70;266,2;;120,29
4253;0,3;111,5;300,47;277,969;266;360;295,139;293,982;70;266,2;;119,189
4254;0,3;112,5;300,383;278,129;266;360;295,139;293,982;70;266,2;;118,45
4255;0,3;110,5;300,333;278,158;266;360;295,139;293,982;70;266,205;;117,919
4256;0,3;112,5;300,333;278,27;266;360;295,139;293,938;70;266,213;;116,876
4257;0,3;111,5;299,92;278,168;266;360;295,139;293,822;70;266,216;;115,513
4258;0,3;112,5;300,036;278,353;266;360;295,139;293,808;70;266,223;;113,972
4259;0,3;120;300,087;278,338;266;360;295,009;293,837;70;266,229;;112,607
4260;0,3;123,5;300;278,353;266;360;295,139;293,837;70;266,237;;111,742
4261;0,3;123;299,884;278,342;266;360;295,139;293,837;70;266,245;;110,783
4262;0,3;123;299,819;278,328;266;360;295,139;293,837;70;266,251;;109,498
4263;0,3;122;299,855;278,328;266;360;295,139;293,924;70;266,258;;108,356
4264;0,3;114,5;299,986;278,302;266;360;295,124;293,902;70;266,265;;106,887
4265;0,3;113,5;300,072;278,284;266;360;295,023;293,837;70;266,269;;105,651
4266;0,3;117,5;300,065;278,295;266;360;295,139;293,938;70;266,275;;104,682
4267;0,3;113;299,834;278,302;266;360;295,276;293,982;70;266,284;;103,709
4268;0,3;109,5;299,602;278,284;266;360;295,284;294,018;70;266,291;;102,217
4269;0,3;111,5;299,588;278,317;266;360;295,284;293,982;70;266,303;;100,893
4270;0,3;113;299,617;278,328;266;360;295,247;293,982;70;266,311;;99,9028
4271;0,3;121,5;299,674;278,349;266;360;295,226;293,982;70;266,316;;99,0061
4272;0,3;124;299,747;278,346;266;360;295,284;293,982;70;266,326;;97,8925
4273;0,3;115,5;299,588;278,215;266;360;295,284;293,938;70;266,336;;96,7331
4274;0,3;111,5;299,356;278,082;266;360;295,284;294,076;70;266,344;;95,4951
4275;0,3;107;299,32;278,1;266;360;295,284;294,018;70;266,352;;94,5443
4276;0,3;101,5;299,515;278,241;266;360;295,284;294,054;70;266,36;;93,4502
4277;0,3;103,5;299,175;278,085;266;360;295,276;294,047;70;266,371;;92,5373
4278;0,3;106;298,995;278,096;266;360;295,139;293,982;70;266,379;;90,7385
4279;0,3;106;298,908;278,111;266;360;295,139;293,982;70;266,383;;89,6175
4280;0,3;106;299,002;278,125;266;360;295,139;293,982;70;266,385;;87,9519
4281;0,3;106;299,089;278,107;266;360;295,139;293,931;70;266,387;;86,9655
4282;0,3;107;299,096;278,096;266;360;295,038;293,895;70;266,388;;86,4314
4283;0,3;107;298,987;278,089;266;360;294,994;293,837;70;266,39;;85,1275
4284;0,3;105,5;298,199;278,121;266;360;294,994;293,837;70;266,389;;83,8415
4285;0,3;106;298,163;278,154;266;360;295,124;293,837;70;266,385;;82,6259
4286;0,3;115;298,17;278,125;266;360;294,994;293,75;70;266,379;;80,9592
4287;0,3;111,5;298,329;278,132;266;360;294,951;293,743;70;266,376;;80,6391
4288;0,3;110,5;298,452;278,161;266;360;294,871;293,642;70;266,371;;79,5848
4289;0,3;113;298,249;278,19;266;360;294,763;293,627;70;266,367;;78,433
4290;0,3;113;298,126;278,212;266;360;294,705;293,547;70;266,36;;76,72
4291;0,3;125,5;298,04;278,197;266;360;294,748;293,598;70;266,352;;75,3833
4292;0,3;130;297,88;278,154;266;360;294,784;293,547;70;266,348;;74,1845
4293;0,3;133,5;297,765;278,139;266;360;294,712;293,656;70;266,345;;73,1522
4294;0,3;137;297,83;278,154;266;360;294,705;293,692;70;266,34;;72,0314
4295;0,3;135,5;298,018;278,056;266;360;294,85;293,613;70;266,336;;71,1386
4296;0,3;137,5;298,105;277,988;266;360;294,806;293,547;70;266,332;;70,0578
4297;0,3;141;298,04;277,98;266;360;294,821;293,547;70;266,329;;69,1305
4298;0,3;141;297,975;277,977;266;360;294,748;293,547;70;266,326;;67,1162
4299;0,3;140;297,866;277,969;266;360;294,755;293,547;70;266,323;;66,4625
4300;0,3;141;297,815;277,969;266;360;294,705;293,417;70;266,321;;65,877
4301;0,3;140,5;297,873;277,988;266;360;294,661;293,446;70;266,319;;64,5893
4302;0,3;142,5;297,96;277,984;266;360;294,575;293,417;70;266,317;;62,9251
4303;0,3;140,5;298,061;277,977;266;360;294,56;293,432;70;266,316;;61,4874
4304;0,3;143,5;298,069;277,969;266;360;294,582;293,403;70;266,317;;60,1889
4305;0,3;147,5;297,96;277,969;266;360;294,589;293,396;70;266,319;;59,1844
4306;0,3;145;297,772;277,984;266;360;294,56;293,302;70;266,322;;58,2962
4307;0,3;146,5;297,765;277,98;266;360;294,56;293,374;70;266,331;;57,5216
4308;0,3;151,5;297,909;277,977;266;360;294,56;293,273;70;266,338;;56,5349
4309;0,3;151,5;298,047;277,973;266;360;294,56;293,396;70;266,346;;54,6321
4310;0,3;147,5;298,38;277,966;266;360;294,56;293,345;70;266,352;;52,8314
4311;0,3;142,5;298,474;277,977;266;360;294,56;293,374;70;266,36;;51,9628
4312;0,3;132,5;298,575;277,85;266;360;294,56;293,432;70;266,369;;51,1846
4313;0,3;128,5;298,532;277,724;266;360;294,56;293,461;70;266,374;;49,8728
4314;0,3;134,5;298,51;277,731;266;360;294,56;293,547;70;266,382;;49,4725
4315;0,3;135,5;298,568;277,846;266;360;294,56;293,439;70;266,387;;48,2729
4316;0,3;131,5;298,626;277,861;266;360;294,56;293,439;70;266,395;;46,7329
4317;0,3;123,5;298,814;277,868;266;360;294,56;293,403;70;266,4;;45,2041
4318;0,3;121;299,074;277,857;266;360;294,56;293,403;70;266,405;;44,3451
4319;0,3;49,5;299,11;277,695;266;360;294,56;293,403;70;266,414;;43,5116
4320;0,3;1;299,023;277,973;266;360;294,56;293,403;70;266,444;;42,4523
4321;0,3;0,5;298,929;277,966;266;360;294,604;293,453;70;266,447;;41,6005
4322;0,3;0;298,843;277,969;266;360;294,56;293,403;70;266,45;;40,0473
4323;0,3;0,5;298,893;277,984;266;360;294,56;293,403;70;266,456;;38,6607
4324;0,3;0;298,329;277,579;266;360;294,56;293,403;70;266,46;;37,3495
4325;0,3;0,5;298,409;277,579;266;360;294,56;293,403;70;266,463;;36,1893
4326;0,3;0;298,495;277,59;266;360;294,452;293,367;70;266,463;;35,3913
4327;0,3;0;298,011;277,597;266;360;294,481;293,396;70;266,456;;34,6384
4328;0,3;0;297,606;277,619;266;360;294,56;293,403;70;266,45;;33,3788
4329;0,3;0;297,266;277,648;266;360;294,466;293,403;70;266,444;;31,9181
4330;0,3;0;297,237;277,669;266;360;294,481;293,403;70;266,437;;30,3349
4331;0,3;0;296,839;277,666;266;360;294,466;293,309;70;266,422;;29,3564
4332;0,3;0,5;296,629;277,46;266;360;294,401;293,251;70;266,409;;28,1433
4333;0,3;0,5;296,369;277,441;266;360;294,401;293,113;70;266,392;;26,9408
4334;0,3;0;295,79;277,445;266;360;294,365;293,113;70;266,37;;25,973
4335;0,3;0;295,681;277,481;266;360;294,394;293,113;70;266,351;;25,6576
4336;0,3;0;294,806;277,488;266;360;294,394;293,2;70;266,332;;23,7411
4337;0,3;0,5;294,061;277,434;266;360;294,415;293,222;70;266,311;;22,704
4338;0,3;0;293,685;277,445;266;360;294,466;293,258;70;266,288;;21,4549
4339;0,3;0;293,302;277,463;266;360;294,452;293,258;70;266,266;;20,2563
4340;0,3;0;292,896;277,452;266;360;294,488;293,258;70;266,248;;19,2218
4341;0,3;0;292,571;277,094;266;360;294,524;293,215;70;266,231;;18,3629
4342;0,3;0;292,108;277,087;266;360;294,459;293,258;70;266,216;;17,0867
4343;0,3;0;291,435;277,069;266;360;294,415;293,135;70;266,204;;15,7967
4344;0,3;0;290,907;277,065;266;360;294,415;293,171;70;266,201;;14,5565
4345;0,3;0;290,647;277,206;266;360;294,415;293,2;70;266,201;;13,2489
4346;0,3;0;289,88;277,072;266;360;294,415;293,15;70;266,197;;12,2043
4347;0,3;0;289,742;277,322;266;360;294,415;293,229;70;266,187;;11,1699
4348;0,3;0;289,453;277,127;266;360;294,415;293,215;70;266,177;;9,85964
4349;0,3;0;289,193;276,939;266;360;294,387;293,164;70;266,168;;8,74282
4350;0,3;0;288,86;276,953;266;360;294,271;293,113;70;266,161;;7,46376
4351;0,3;0;288,375;276,964;266;360;294,271;293,113;70;266,154;;6,8746
4352;0,3;0,5;287,985;276,957;266;360;294,271;293,034;70;266,148;;5,87687
4353;0,3;0;287,464;276,946;266;360;294,198;292,969;70;266,143;;4,56641
4354;0,3;0;287,059;276,823;266;360;294,162;292,969;70;266,138;;3,12862
4355;0,3;0;286,617;276,714;266;360;294,271;293,012;70;266,134;;1,67868
4356;0,3;0;286,408;276,722;266;360;294,271;293,085;70;266,13;;0,331902
4357;0,3;0;286,379;276,743;266;360;294,271;293,113;70;266,127;;-0,233665
4358;0,3;0;285,829;276,696;266;360;294,271;293,106;70;266,124;;-1,54964
4359;0,3;0;285,402;276,675;266;360;294,271;292,99;70;266,122;;-2,49796
4360;0,3;0;284,939;276,53;266;360;294,408;293,142;70;266,119;;-3,43775
4361;0,3;0,5;284,512;276,447;266;360;294,415;293,128;69,9997;266,117;;-5,28337
4362;0,3;0;284,491;276,447;266;360;294,415;293,113;66,9869;266,115;;-9,69008
4363;0,3;0;284,44;276,436;266;360;294,415;293,113;49,2384;266,114;;-10,6008
4364;0,3;0;283,738;276,429;266;360;294,415;293,142;29,4624;266,113;;-10,6008
4365;0,3;0;283,709;276,418;266;360;294,365;293,229;4,3376;266,111;;-10,6008
4366;0,3;0;283,384;276,317;278;360;294,343;293,15;0;266,114;;-10,6008
4367;0,3;0;282,907;276,335;278;360;294,271;293,106;0;266,123;;-10,6008
4368;0,3;0;282,436;276,327;278;360;294,271;293,056;0;266,131;;-10,6008
4369;0,3;0;282,364;276,32;278;360;294,133;292,853;0;266,137;;-10,6008
4370;0,3;0;282,234;276,302;278;360;293,96;292,694;0;266,137;;-10,6008
4371;0,3;0;281,901;275,919;278;360;293,656;292,397;0;266,133;;-10,6008
4372;0,3;0;281,72;275,919;278;360;293,468;292,188;0;266,13;;-10,6008
4373;0,3;0;281,402;275,926;278;360;293,171;291,985;0;266,126;;-10,6008
4374;0,3;0;281,105;275,948;278;360;292,911;291,717;0;266,122;;-10,6008
4375;0,3;0,5;280,396;275,828;278;360;292,687;291,435;0;266,11;;-10,6008
4376;0,3;0;280,418;275,673;278;360;292,506;291,276;0;266,097;;-10,6008
4377;0,3;0;280,136;275,698;278;360;292,347;291,052;0;266,085;;-10,6008
4378;0,3;0;280,223;275,705;278;360;292,188;290,914;0;266,071;;-10,6008
4379;0,3;0;279,933;275,564;278;360;291,985;290,755;0;266,052;;-10,6008
4380;0,3;0,5;279,644;275,405;278;360;291,84;290,683;0;266,035;;-10,6008
4381;0,3;0;279,442;275,427;278;360;291,811;290,509;0;266,019;;-10,6008
4382;0,3;0;279,232;275,427;278;360;291,725;290,509;0;266;;-10,6008
4383;0,3;0;279,159;275,351;278;360;291,667;290,509;0;265,977;;-10,6008
4384;0,3;0;278,364;275,286;278;360;291,667;290,509;0;265,957;;-10,6008
4385;0,3;0;278,451;275,289;278;360;281,568;278,776;0;265,94;;-10,6008
4386;0,3;0;277,836;275,022;278;360;201,374;195,363;0;265,919;;-10,6008
4387;0,3;0;277,879;274,891;278;360;119,792;120,935;0;265,895;;-10,6008
4388;0,3;0;277,72;274,902;278;360;73,3001;73,4592;0;265,873;;-10,6008
4389;0,3;0;277,431;274,928;278;360;44,5602;44,307;0;265,853;;-10,6008
4390;0,3;0;277,322;274,747;278;360;27,3727;27,4161;0;265,835;;-10,6008
4391;0,3;0;276,823;274,591;278;360;17,0067;17,1441;0;265,811;;-10,6008
4392;0,3;0;277,062;274,7;278;360;10,5541;10,7494;0;265,787;;-10,6008
4393;0,3;0;277,228;274,769;278;360;6,59722;6,81424;0;265,766;;-10,6008
4394;0,3;0;276,519;274,743;278;360;4,31134;4,51389;0;265,747;;-10,6008
4395;0,3;0;276,389;274,4;278;360;2,76331;3,06713;0;265,73;;-10,6008
4396;0,3;0;276,302;274,429;278;360;1,83015;2,20631;0;265,714;;-10,6008
4397;0,3;0;275,861;274,421;278;360;1,26591;1,69994;0;265,699;;-10,6008
4398;0,3;0;275,911;274,219;278;360;1,0055;1,34549;0;265,678;;-10,6008
4399;0,3;0;275,926;274,193;278;360;0,831887;1,13571;0;265,66;;-10,6008
4400;0,3;0;275,514;274,19;278;360;0,72338;1,01273;0;265,643;;-10,6008
4401;0,3;0;275,42;274,02;278;360;0,622106;0,925926;0;265,627;;-10,6008
4402;0,3;0;275,282;273,864;278;360;0,578704;0,868056;0;265,613;;-10,6008
4403;0,3;0;274,993;273,882;278;360;0,499132;0,868056;0;265,601;;-10,6008
4404;0,3;0;275,087;273,882;278;360;0,520833;0,868056;0;265,59;;-10,6008
4405;0,3;0;275,159;273,774;278;360;0,434028;0,83912;0;265,58;;-10,6008
4406;0,3;0;274,819;273,777;278;360;0,434028;0,774016;0;265,572;;-10,6008
4407;0,3;0;274,479;273,774;278;360;0,484664;0,737847;0;265,564;;-10,6008
4408;0,3;0;274,443;273,43;278;360;0,520833;0,802951;0;265,557;;-10,6008
4409;0,3;0;274,342;273,369;278;360;0,477431;0,752315;0;265,551;;-10,6008
4410;0,3;0;273,618;273,376;278;360;0,434028;0,824653;0;265,545;;-10,6008
4411;0,3;0;273,785;273,398;278;360;0,434028;0,824653;0;265,54;;-10,6008
4412;0,3;0;273,908;273,159;278;360;0,484664;0,766782;0;265,536;;-10,6008
4413;0,3;0;273,857;273,069;278;360;0,434028;0,72338;0;265,533;;-10,6008
4414;0,3;0;273,452;273,072;278;360;0,448495;0,72338;0;265,529;;-10,6008
4415;0,3;0;273,459;272,953;278;360;0,506366;0,72338;0;265,526;;-10,6008
4416;0,3;0;273,365;272,841;278;360;0,470197;0,745081;0;265,524;;-10,6008
4417;0,3;0;273,257;272,841;278;360;0,448495;0,752315;0;265,521;;-10,6008
4418;0,3;0;272,873;272,873;278;360;0,434028;0,759549;0;265,519;;-10,6008
4419;0,3;0;272,917;272,797;278;360;0,434028;0,72338;0;265,517;;-10,6008
4420;0,3;0;272,982;272,692;278;360;0,434028;0,78125;0;265,516;;-10,6008
4421;0,3;0;273,061;272,689;278;360;0,477431;0,78125;0;265,514;;-10,6008
4422;0,3;0;273,126;272,682;278;360;0,477431;0,745081;0;265,513;;-10,6008
4423;0,3;0;272,446;272,504;278;360;0,484664;0,759549;0;265,512;;-10,6008
4424;0,3;0;272,403;272,323;278;360;0,434028;0,72338;0;265,511;;-10,6008
4425;0,3;0;272,28;272,345;278;360;0,470197;0,72338;0;265,51;;-10,6008
4426;0,3;0;272,208;272,374;278;360;0,491898;0,72338;0;265,51;;-10,6008
4427;0,3;0;272,237;272,385;278;360;0,484664;0,72338;0;265,509;;-10,6008
4428;0,3;0;271,513;271,973;278;360;0,5136;0,72338;0;265,508;;-10,6008
4429;0,3;0;271,853;272,081;278;360;0,470197;0,759549;0;265,506;;-10,6008
4430;0,3154;0;271,672;271,951;278;337,5;0,491898;0,72338;0;265,503;;-10,0907
4431;0,32;0;271,665;271,933;278;330;0,434028;0,72338;0;265,496;;-9,93829
4432;0,32;0,5;271,694;271,9;278;330;0,455729;0,72338;0;265,499;;-9,93829
4433;0,32;4,5;271,564;271,871;278;330;0,506366;0,72338;0;265,528;;-9,93829
4434;0,32;27,5;271,246;271,864;278;330;0,434028;0,766782;0;265,555;;-9,93829
4435;0,32;72,5;271,173;271,647;278;330;0,434028;0,72338;0;265,561;;-9,93829
4436;0,32;71,5;271,195;271,481;278;330;0,434028;0,72338;0;265,552;;-9,93829
4437;0,32;64,5;271,275;271,481;278;330;0,434028;0,766782;0;265,55;;-9,93829
4438;0,32;63;271,39;271,51;278;330;0,434028;0,810185;0;265,547;;-9,93829
4439;0,32;62;271,405;271,452;278;330;0,434028;0,766782;0;265,544;;-9,93829
4440;0,32;62;271,296;271,633;278;330;0,434028;0,72338;0;265,549;;-9,93829
4441;0,32;62;271,217;271,521;278;330;0,434028;0,72338;0;265,554;;-9,93829
4442;0,32;62;271,224;271,365;278;330;0,434028;0,72338;0;265,559;;-9,93829
4443;0,32;62;271,231;271,332;278;330;0,434028;0,78125;0;265,568;;-9,93829
4444;0,32;68;271,419;271,343;278;330;0,434028;0,745081;0;265,588;;-9,93829
4445;0,32;106;271,622;271,329;278;330;0,434028;0,810185;0;265,601;;-9,93829
4446;0,32;128;271,644;271,322;278;330;0,462963;0,78125;0;265,614;;-9,93829
4447;0,32;134;272,056;271,115;278;330;0,542535;0,802951;0;265,612;;-9,93829
4448;0,32;136;272,432;270,978;278;330;0,434028;0,766782;0;265,611;;-9,93829
4449;0,32;135,5;272,302;270,985;278;330;0,484664;0,817419;0;265,621;;-9,93829
4450;0,32;135,5;272,613;271,228;278;330;0,434028;0,72338;0;265,631;;-9,93829
4451;0,32;135;272,721;271,076;278;330;0,462963;0,766782;0;265,645;;-9,93829
4452;0,32;135;273,307;270,924;278;330;0,491898;0,745081;0;265,658;;-9,93829
4453;0,32;135;273,72;271,047;278;330;0,434028;0,788484;0;265,673;;-9,93829
4454;0,32;135;274,074;270,783;278;330;0,434028;0,810185;0;265,688;;-9,93829
4455;0,32;136;274,494;270,801;278;330;0,434028;0,730613;0;265,701;;-9,93829
4456;0,32;135,5;274,689;270,841;278;330;0,520833;0,72338;0;265,713;;-9,93829
4457;0,32;135,5;275,043;270,844;278;330;0,441262;0,72338;0;265,723;;-9,93829
4458;0,32;136;275,231;270,837;278;330;0,477431;0,72338;0;265,732;;-9,93829
4459;0,32;135,5;275,774;270,815;278;330;0,455729;0,72338;0;265,74;;-9,93829
4460;0,32;136;276,483;270,794;278;330;0,462963;0,72338;0;265,748;;-9,93829
4461;0,32;135,5;276,743;270,79;278;330;0,484664;0,72338;0;265,756;;-9,93829
4462;0,32;136;277,199;270,797;278;330;0,491898;0,72338;0;265,762;;-9,93829
4463;0,32;135,5;277,452;270,826;278;330;0,477431;0,72338;0;265,77;;-9,93829
4464;0,32;135;278,016;270,855;278;330;0,506366;0,72338;0;265,778;;-9,93829
4465;0,32;135;278,234;270,844;278;330;0,441262;0,737847;0;265,79;;-9,93829
4466;0,32;135;278,762;270,841;278;330;0,434028;0,83912;0;265,801;;-9,93829
4467;0,32;136;279,225;270,822;278;330;0,535301;0,766782;0;265,808;;-9,93829
4468;0,32;135,5;279,565;270,808;278;330;0,455729;0,730613;0;265,818;;-9,93829
4469;0,32;135,5;280,346;270,794;278;330;0,477431;0,72338;0;265,828;;-9,93829
4470;0,32;136;280,592;270,79;278;330;0,434028;0,83912;0;265,838;;-9,93829
4471;0,32;135,5;280,592;270,819;278;330;0,434028;0,795718;0;265,845;;-9,93829
4472;0,32;135,5;281,047;270,851;278;330;0,434028;0,766782;0;265,853;;-9,93829
4473;0,32;135,5;281,482;270,837;278;330;0,462963;0,72338;0;265,866;;-9,93829
4474;0,32;136;281,843;270,826;278;330;0,448495;0,831887;0;265,879;;-9,93829
4475;0,32;136,5;282,588;270,815;278;330;0,470197;0,868056;0;265,892;;-9,93829
4476;0,32;136,5;282,907;270,801;278;330;0,477431;0,824653;0;265,902;;-9,93829
4477;0,32;136,5;283,131;270,79;278;330;0,434028;0,817419;0;265,913;;-9,93829
4478;0,32;136;283,688;270,927;278;330;0,434028;0,72338;0;265,922;;-9,93829
4479;0,32;136;284,021;271,159;278;330;0,520833;0,72338;0;265,931;;-9,93829
4480;0,32;136;284,158;271,079;278;330;0,434028;0,774016;0;265,938;;-9,93829
4481;0,32;136;284,563;271,061;278;330;0,434028;0,817419;0;265,945;;-9,93829
4482;0,32;136;285,033;271,029;278;330;0,434028;0,78125;0;265,951;;-9,93829
4483;0,32;136,5;285,438;270,985;278;330;0,477431;0,78125;0;265,956;;-9,93829
4484;0,32;136;285,786;271,282;278;330;0,477431;0,745081;0;265,961;;-9,93829
4485;0,32;136;286,205;271,296;278;330;0,434028;0,766782;0;265,965;;-9,93829
4486;0,32;136;286,111;271,329;278;330;0,434028;0,774016;0;265,977;;-9,93829
4487;0,32;136,5;286,552;271,34;278;330;0,477431;0,831887;0;265,989;;-9,93829
4488;0,32;137;286,994;271,524;278;330;0,477431;0,795718;0;266,001;;-9,93829
4489;0,32;136;287,522;271,698;278;330;0,434028;0,810185;0;266,013;;-9,93829
4490;0,32;136,5;287,739;271,419;278;330;0,434028;0,730613;0;266,022;;-9,93829
4491;0,32;136;287,992;271,408;278;330;0,434028;0,766782;0;266,029;;-9,93829
4492;0,32;136;288,079;271,611;278;330;0,520833;0,72338;0;266,038;;-9,93829
4493;0,32;136;288,766;271,857;278;330;0,448495;0,72338;0;266,045;;-9,93829
4494;0,32;136,5;288,99;271,864;278;330;0,5136;0,72338;0;266,052;;-9,93829
4495;0,32;136,5;289,091;271,857;278;330;0,484664;0,72338;0;266,064;;-9,93829
4496;0,32;136;289,236;271,958;278;330;0,477431;0,72338;0;266,074;;-9,93829
4497;0,32;136;289,742;272,078;278;330;0,528067;0,766782;0;266,086;;-9,93829
4498;0,32;137;290,227;272,193;278;330;0,434028;0,72338;0;266,099;;-9,93829
4499;0,32;136,5;290,639;272,309;278;330;0,484664;0,72338;0;266,11;;-9,93829
4500;0,32;136;290,755;272,327;278;330;0,470197;0,766782;0;266,12;;-9,93829
4501;0,32;136,5;290,791;272,363;278;330;0,484664;0,72338;0;266,131;;-9,93829
4502;0,32;137;290,979;272,541;278;330;0,5136;0,802951;0;266,144;;-9,93829
4503;0,32;135,5;291,319;272,692;278;330;0,477431;0,78125;0;266,159;;-9,93829
4504;0,32;135,5;291,363;272,616;278;330;0,434028;0,759549;0;266,176;;-9,93829
4505;0,32;136;291,891;272,743;278;330;0,434028;0,72338;0;266,19;;-9,93829
4506;0,32;136;291,956;272,841;278;330;0,484664;0,759549;0;266,203;;-9,93829
4507;0,32;136;292,433;272,862;278;330;0,434028;0,737847;0;266,214;;-9,93829
4508;0,32;136;292,433;272,888;278;330;0,462963;0,766782;0;266,227;;-9,93829
4509;0,32;136;292,513;273,166;278;330;0,448495;0,766782;0;266,238;;-9,93829
4510;0,32;135,5;292,694;273,137;278;330;0,434028;0,766782;-3,45984;266,246;;-9,93829
4511;0,32;135,5;292,788;273,246;278;330;0,434028;0,759549;-8,00464;266,257;;-9,93829
4512;0,32;135,5;293,244;273,347;278;330;0,434028;0,72338;-4,55968;266,271;;-9,93829
4513;0,32;136;293,707;273,347;278;330;0,470197;0,766782;-1,84109;266,286;;-9,93829
4514;0,32;136;293,75;273,72;278;330;0,477431;0,72338;-2,44656;266,299;;-9,93829
4515;0,32;136,5;293,916;273,781;278;330;0,434028;0,72338;-2,0368;266,314;;-9,93829
4516;0,32;135,5;293,779;273,777;278;330;0,477431;0,72338;-0,79456;266,333;;-9,93829
4517;0,32;136;294,119;273,89;278;330;0,434028;0,766782;-5,96832;266,352;;-9,93829
4518;0,32;136;294,488;273,882;278;330;0,520833;0,774016;-1,384;266,37;;-9,93829
4519;0,32;136;294,546;273,872;278;330;0,434028;0,72338;-0,0704;266,394;;-9,93829
4520;0,32;135,5;294,705;274,255;278;330;0,520833;0,72338;0;266,418;;-9,93829
4521;0,32;136,5;294,958;274,164;278;330;0,434028;0,774016;0;266,44;;-9,93829
4522;0,32;135,5;294,987;274,089;278;330;0,434028;0,72338;0;266,473;;-9,93829
4523;0,32;135,5;295,11;274,41;278;330;0,434028;0,72338;0;266,516;;-9,93829
4524;0,32;135,5;295,32;274,396;278;330;0,484664;0,766782;0;266,555;;-9,93829
4525;0,32;135,5;295,341;274,389;278;330;0,470197;0,72338;0;266,593;;-9,93829
4526;0,32;135,5;295,472;274,519;278;330;0,434028;0,72338;0;266,637;;-9,93829
4527;0,32;135,5;295,927;274,656;278;330;0,477431;0,72338;0;266,666;;-9,93829
4528;0,32;136;296,029;274,707;278;330;0,470197;0,752315;0;266,703;;-9,93829
4529;0,32;137;296,021;274,855;278;330;0,434028;0,737847;-0,61664;266,736;;-9,93829
4530;0,32;136;295,956;274,924;278;330;0,434028;0,72338;-7,8633;266,776;;-9,93829
4531;0,32;135,5;296,622;274,917;278;330;0,470197;0,72338;-10;266,803;;-9,93829
4532;0,32;136;296,557;274,91;278;330;0,491898;0,72338;-10;266,831;;-9,93829
4533;0,32;135,5;296,318;274,899;278;330;0,491898;0,759549;-10;266,86;;-9,93829
4534;0,32;135,5;296,152;275,018;278;330;0,528067;0,810185;-10;266,886;;-9,93829
4535;0,32;135,5;296,658;275,033;278;330;0,462963;0,72338;-9,1232;266,891;;-9,93829
4536;0,32;135,5;297,063;275,072;278;330;0,434028;0,72338;-1,66265;266,896;;-9,93829
4537;0,32;135,5;296,991;275,434;278;330;0,434028;0,72338;0;266,926;;-9,93829
4538;0,32;136,5;296,889;275,427;278;330;0,549769;0,72338;0;266,949;;-9,93829
4539;0,32;135,5;296,795;275,42;278;330;0,542535;0,72338;-0,97696;266,974;;-9,93829
4540;0,32;136,5;296,803;275,416;278;330;0,477431;0,737847;-8,40522;266,988;;-9,93829
4541;0,32;136,5;297,439;275,669;278;330;0,470197;0,745081;-10;267,014;;-9,93829
4542;0,32;136;297,613;275,694;278;330;0,448495;0,72338;-9,1248;267,045;;-9,93829
4543;0,32;135,5;297,548;275,651;278;330;0,462963;0,766782;-1,65078;267,074;;-9,93829
4544;0,32;136,5;297,497;275,85;278;330;0,434028;0,72338;0;267,107;;-9,93829
4545;0,32;136,5;297,15;275,948;278;330;0,477431;0,72338;0;267,142;;-9,93829
4546;0,32;136,5;297,07;275,944;278;330;0,434028;0,72338;0;267,175;;-9,93829
4547;0,32;136,5;297,794;275,937;278;330;0,477431;0,766782;0;267,21;;-9,93829
4548;0,32;135,5;297,844;276,042;278;330;0,484664;0,72338;0;267,243;;-9,93829
4549;0,32;135,5;297,967;276,038;278;330;0,434028;0,766782;0;267,276;;-9,93829
4550;0,32;135,5;298,076;276,317;278;330;0,434028;0,752315;0;267,313;;-9,93829
4551;0,32;136,5;298,04;276,186;278;330;0,434028;0,774016;0;267,346;;-9,93829
4552;0,32;136,5;298,495;276,454;278;330;0,434028;0,730613;0;267,376;;-9,93829
4553;0,32;136,5;298,683;276,447;278;330;0,477431;0,766782;0;267,41;;-9,93829
4554;0,32;135,5;298,597;276,45;278;330;0,470197;0,72338;0;267,442;;-9,93829
4555;0,32;135,5;298,56;276,837;278;330;0,434028;0,72338;0;267,472;;-9,93829
4556;0,32;135,5;298,626;276,83;278;330;0,434028;0,759549;0;267,499;;-9,93829
4557;0,32;135,5;299,038;276,823;278;330;0,434028;0,72338;0;267,53;;-9,93829
4558;0,32;135,5;299,096;276,794;278;330;0,434028;0,774016;0;267,561;;-9,93829
4559;0,32;135,5;299,052;276,964;278;330;0,434028;0,795718;0;267,589;;-9,93829
4560;0,32;134;298,929;276,964;278;330;0,477431;0,78125;0;267,621;;-9,93829
4561;0,32;133;298,908;276,96;278;330;0,434028;0,72338;0;267,652;;-9,93829
4562;0,32;134;299,175;277,235;278;330;0,520833;0,72338;0;267,683;;-9,93829
4563;0,32;125,5;299,617;277,293;278;330;0,491898;0,72338;0;267,707;;-9,93829
4564;0,32;100;299,754;277,315;278;330;0,477431;0,72338;0;267,733;;-9,93829
4565;0,32;86;299,834;277,463;278;330;0,520833;0,72338;0;267,758;;-9,93829
4566;0,32;32,5;299,566;277,467;278;330;0,5136;0,810185;0;267,793;;-9,93829
4567;0,32;0;299,812;277,467;278;330;0,520833;0,72338;0;267,821;;-9,93829
4568;0,32;0;299,74;277,865;278;330;0,477431;0,759549;0;267,842;;-9,93829
4569;0,32;0;299,703;277,865;278;330;0,484664;0,759549;0;267,867;;-9,93829
4570;0,32;0;299,646;277,857;278;330;0,434028;0,72338;0;267,893;;-9,93829
4571;0,32;0;299,602;277,843;278;330;0,434028;0,72338;0;267,916;;-9,93829
4572;0,32;0;299,277;277,977;278;330;0,528067;0,766782;0;267,937;;-9,93829
4573;0,32;0;299,031;277,984;278;330;0,448495;0,72338;0;267,956;;-9,93829
4574;0,32;0;299,11;277,98;278;330;0,506366;0,810185;0;267,972;;-9,93829
4575;0,32;0;298,604;277,98;278;330;0,477431;0,737847;0;267,991;;-9,93829
4576;0,32;0;298,126;278,111;278;330;0,434028;0,759549;0;268,015;;-9,93829
4577;0,32;0;297,888;278,132;278;330;0,477431;0,766782;0;268,036;;-9,93829
4578;0,32;0;297,143;278,15;278;330;0,434028;0,72338;0;268,053;;-9,93829
4579;0,32;0;296,976;278,139;278;330;0,434028;0,72338;0;268,071;;-9,93829
4580;0,32;0;296,861;278,494;278;330;0,434028;0,737847;0;268,086;;-9,93829
4581;0,32;0;296,361;278,487;278;330;0,339988;0,824653;0;268,099;;-9,93829
4582;0,32;0;296,246;278,505;278;330;0,434028;0,810185;0;268,11;;-9,93829
4583;0,32;0;296,036;278,512;278;330;0,390625;0,72338;0;268,12;;-9,93829
4584;0,32;0;295,168;278,646;278;330;0,434028;0,810185;0;268,129;;-9,93829
4585;0,32;0;294,784;278,639;278;330;0,390625;0,72338;0;268,142;;-9,93829
4586;0,32;0;294,329;278,617;278;330;0,434028;0,72338;0;268,155;;-9,93829
4587;0,32;0;293,851;278,624;278;330;0,434028;0,766782;0;268,167;;-9,93829
4588;0,32;0;293,873;278,621;278;330;0,434028;0,831887;0;268,182;;-9,93829
4589;0,32;0;293,142;278,602;278;330;0,434028;0,759549;0;268,195;;-9,93829
4590;0,32;0;293,07;278,599;278;330;0,434028;0,766782;0;268,207;;-9,93829
4591;0,32;0;292,701;278,997;278;330;0,41956;0,72338;0;268,218;;-9,93829
4592;0,32;0;292,405;278,993;278;330;0,412326;0,810185;0;268,232;;-9,93829
4593;0,32;0;291,688;278,997;278;330;0,434028;0,745081;0;268,25;;-9,93829
4594;0,32;0;291,385;279,004;278;330;0,434028;0,752315;0;268,268;;-9,93829
4595;0,32;0;291,081;279,008;278;330;0,390625;0,774016;0;268,283;;-9,93829
4596;0,32;0;290,828;279,004;278;330;0,434028;0,72338;0;268,298;;-9,93829
4597;0,32;0;290,509;279;278;330;0,390625;0,72338;0;268,32;;-9,93829
4598;0,32;0;290,169;279;278;330;0,434028;0,788484;0;268,341;;-9,93829
4599;0,32;0;289,728;278,997;278;330;0,434028;0,752315;0;268,359;;-9,93829
4600;0,32;0;289,164;279;278;330;0,434028;0,759549;0;268,38;;-9,93829
4601;0,32;0;288,845;279;278;330;0,397859;0,766782;0;268,403;;-9,93829
4602;0,32;0;288,607;279,008;278;330;0,434028;0,72338;0;268,425;;-9,93829
4603;0,32;0;288,014;279,008;278;330;0,434028;0,72338;0;268,445;;-9,93829
4604;0,32;0;287,883;279;278;330;0,41956;0,72338;0;268,463;;-9,93829
4605;0,32;0;287,804;279;278;330;0,339988;0,766782;0;268,488;;-9,93829
4606;0,32;0;287,066;279;278;330;0,405093;0,72338;0;268,515;;-9,93829
4607;0,32;1;286,994;279;278;330;0,383391;0,774016;0;268,548;;-9,93829
4608;0,32;10;286,581;279;278;330;0,390625;0,766782;0;268,591;;-9,93829
4609;0,32;17;286,545;279,004;278;330;0,376157;0,766782;0;268,625;;-9,93829
4610;0,32;32,5;286,335;279,008;278;330;0,390625;0,774016;0;268,66;;-9,93829
4611;0,32;44,5;286,053;279,004;278;330;0,434028;0,759549;0;268,676;;-9,93829
4612;0,32;59;285,706;279,004;278;330;0,434028;0,72338;0;268,691;;-9,93829
4613;0,32;66,5;285,742;279;278;330;0,434028;0,72338;0;268,7;;-9,93829
4614;0,32;84,5;285,337;279;278;330;0,405093;0,72338;0;268,708;;-9,93829
4615;0,32;93;285,2;279;278;330;0,41956;0,72338;0;268,725;;-9,93829
4616;0,32;107;285,091;278,993;278;330;0,434028;0,72338;0;268,739;;-9,93829
4617;0,32;117;284,505;279,008;278;330;0,434028;0,72338;0;268,752;;-9,93829
4618;0,32;118;284,585;279,004;278;330;0,339988;0,716146;0;268,76;;-9,93829
4619;0,32;129,5;284,693;279;278;330;0,434028;0,672743;0;268,77;;-9,93829
4620;0,32;134,5;284,758;279;278;330;0,434028;0,72338;0;268,785;;-9,93829
4621;0,32;135,5;284,657;278,997;278;330;0,434028;0,72338;0;268,799;;-9,93829
4622;0,32;135,5;284,556;278,993;278;330;0,434028;0,72338;0;268,832;;-9,93829
4623;0,32;136,5;285,033;278,997;278;330;0,390625;0,72338;0;268,862;;-9,93829
4624;0,32;134,5;285,062;279,004;278;330;0,397859;0,708912;0;268,861;;-9,93829
4625;0,32;129,5;284,918;278,801;278;330;0,397859;0,651042;0;268,868;;-9,93829
4626;0,32;134,5;285,757;278,595;278;330;0,347222;0,636574;0;268,877;;-9,93829
4627;0,32;135;285,778;278,595;278;330;0,412326;0,622106;0;268,888;;-9,93829
4628;0,32;135,5;285,706;278,725;278;330;0,41956;0,72338;0;268,891;;-9,93829
4629;0,32;135,5;286,183;278,747;278;330;0,434028;0,679977;0;268,909;;-9,93829
4630;0,32;136;286,292;278,765;278;330;0,434028;0,679977;0;268,923;;-9,93829
4631;0,32;136;286,581;278,791;278;330;0,434028;0,679977;0;268,934;;-9,93829
4632;0,32;135;286,827;278,791;278;330;0,434028;0,658275;0;268,943;;-9,93829
4633;0,32;137;287,5;278,834;278;330;0,434028;0,72338;0;268,956;;-9,93829
4634;0,32;137;287,659;278,494;278;330;0,376157;0,679977;0;268,972;;-9,93829
4635;0,32;136,5;287,746;278,476;278;330;0,434028;0,636574;0;268,986;;-9,93829
4636;0,32;137;288,043;278,458;278;330;0,405093;0,585938;0;268,998;;-9,93829
4637;0,32;135,5;287,985;278,458;278;330;0,41956;0,62934;0;269,013;;-9,93829
4638;0,32;136;288,643;278,479;278;330;0,434028;0,679977;0;269,035;;-9,93829
4639;0,32;135,5;288,903;278,472;278;330;0,434028;0,679977;0;269,054;;-9,93829
4640;0,32;135,5;289,149;278,472;278;330;0,383391;0,679977;0;269,072;;-9,93829
4641;0,32;135;289,916;278,476;278;330;0,434028;0,72338;0;269,097;;-9,93829
4642;0,32;135,5;289,779;278,472;278;330;0,390625;0,72338;0;269,12;;-9,93829
4643;0,32;136;290,48;278,472;278;330;0,376157;0,687211;0;269,146;;-9,93829
4644;0,32;135,5;290,394;278,483;278;330;0,390625;0,679977;0;269,175;;-9,93829
4645;0,32;137;290,639;278,498;278;330;0,390625;0,585938;0;269,207;;-9,93829
4646;0,32;136;291,117;278,479;278;330;0,434028;0,672743;0;269,24;;-9,93829
4647;0,32;136,5;291,529;278,479;278;330;0,434028;0,72338;0;269,276;;-9,93829
4648;0,32;136;291,898;278,472;278;330;0,383391;0,687211;0;269,312;;-9,93829
4649;0,32;133;292,303;278,469;278;330;0,412326;0,679977;0;269,351;;-9,93829
4650;0,32;132,5;292,6;278,465;278;330;0,36169;0,701678;0;269,397;;-9,93829
4651;0,32;131,5;292,694;278,469;278;330;0,434028;0,687211;0;269,438;;-9,93829
4652;0,32;123,5;292,737;278,479;278;330;0,426794;0,72338;0;269,474;;-9,93829
4653;0,32;111;293,229;278,783;278;330;0,405093;0,679977;0;269,516;;893,16
4654;0,32;102,5;293,338;278,772;278;330;0,397859;0,672743;0;269,559;;1427,89
4655;0,32;41;293,866;278,765;278;330;0,434028;0,679977;0;269,596;;1422,47
4656;0,32;0;293,981;278,794;278;330;0,434028;0,72338;0;269,632;;1422,47
4657;0,32;1,5;294,314;278,791;278;330;0,390625;0,636574;0;269,671;;1422,47
4658;0,32;3,5;294,481;278,787;278;330;0,383391;0,622106;0;269,709;;1422,47
4659;0,32;0;294,538;278,834;278;330;0,434028;0,672743;0;269,752;;1422,47
4660;0,32;0;294,502;279,008;278;330;0,347222;0,651042;0;269,792;;1422,47
4661;0,32;0;294,495;279,004;278;330;0,434028;0,658275;0;269,836;;1422,47
4662;0,32;0;294,524;279;278;330;0,434028;0,716146;0;269,876;;1422,47
4663;0,32;0;294,604;278,997;278;330;0,434028;0,72338;0;269,913;;1422,47
4664;0,32;0;294,43;279;278;330;0,390625;0,658275;0;269,948;;1422,47
4665;0,32;0;294,741;279,384;278;330;0,434028;0,614873;0;269,985;;1422,47
4666;0,32;0;294,524;279,279;278;330;0,434028;0,658275;0;270,021;;1422,47
4667;0,32;0;293,887;279,203;278;330;0,434028;0,679977;0;270,052;;1422,47
4668;0,32;0;293,793;279,206;278;330;0,434028;0,72338;0;270,081;;1422,47
4669;0,32;0;293,453;279,369;278;330;0,397859;0,679977;0;270,106;;1422,47
4670;0,32;1;293,236;279,507;278;330;0,434028;0,687211;0;270,134;;1422,47
4671;0,32;0;293,034;279,507;278;330;0,434028;0,672743;0;270,164;;1422,47
4672;0,32;0;292,86;279,507;278;330;0,434028;0,622106;0;270,191;;1422,47
4673;0,32;0;292,954;279,507;278;330;0,434028;0,643808;0;270,214;;1422,47
4674;0,32;0;292,542;279,514;278;330;0,383391;0,694444;0;270,235;;1422,47
4675;0,32;0;292,513;279,847;278;330;0,434028;0,62934;0;270,254;;1422,47
4676;0,32;0;291,768;279,745;278;330;0,434028;0,72338;0;270,27;;1422,47
4677;0,32;0;291,638;279,619;278;330;0,397859;0,636574;0;270,286;;1422,47
4678;0,32;0;291,146;279,731;278;330;0,390625;0,701678;0;270,309;;1422,47
4679;0,32;0;290,965;279,818;278;330;0,434028;0,658275;0;270,331;;1422,47
4680;0,32;0;290,828;280,02;278;330;0,434028;0,72338;0;270,351;;1422,47
4681;0,32;0;290,9;280,024;278;330;0,397859;0,72338;0;270,368;;1422,47
4682;0,32;0;290,155;280,024;278;330;0,434028;0,679977;0;270,385;;1422,47
4683;0,32;0;290,104;280,02;278;330;0,390625;0,72338;0;270,401;;1422,47
4684;0,32;0;289,706;280,02;278;330;0,412326;0,679977;0;270,423;;1422,47
4685;0,32;0;289,612;280,114;278;330;0,405093;0,643808;0;270,443;;1422,47
4686;0,32;0;289,062;280,223;278;330;0,390625;0,687211;0;270,461;;1422,47
4687;0,32;0;289,149;280,234;278;330;0,332755;0,694444;0;270,477;;1422,47
4688;0,32;0;288,78;280,223;278;330;0,434028;0,679977;0;270,492;;1422,47
4689;0,32;0;288,86;280,234;278;330;0,347222;0,672743;0;270,509;;1422,47
4690;0,32;0;287,992;280,179;278;330;0,434028;0,679977;0;270,527;;1422,47
4691;0,32;0;287,876;280,165;278;330;0,434028;0,679977;0;270,546;;1422,47
4692;0,32;0;287,529;280,154;278;330;0,434028;0,679977;0;270,563;;1422,47
4693;0,32;0;287,58;280,443;278;330;0,412326;0,679977;0;270,579;;1422,47
4694;0,32;0;287,297;280,519;278;330;0,412326;0,679977;0;270,592;;1422,47
4695;0,32;0;286,972;280,519;278;330;0,390625;0,687211;0;270,607;;1422,47
4696;0,32;0,5;286,929;280,534;278;330;0,434028;0,679977;0;270,628;;1422,47
4697;0,32;0;286,755;280,545;278;330;0,376157;0,72338;0;270,648;;1422,47
4698;0,32;0;286,632;280,534;278;330;0,405093;0,679977;0;270,665;;1422,47
4699;0,32;0;285,735;280,527;278;330;0,434028;0,708912;0;270,681;;1422,47
4700;0,32;0;285,742;280,527;278;330;0,434028;0,578704;0;270,695;;1422,47
4701;0,32;0;285,974;280,556;278;330;0,41956;0,651042;0;270,707;;1422,47
4702;0,32;0;285,648;280,534;278;330;0,405093;0,72338;0;270,718;;1422,47
4703;0,32;0;285,735;280,523;278;330;0,434028;0,72338;0;270,727;;1422,47
4704;0,32;0;285,127;280,53;278;330;0,434028;0,72338;0;270,736;;1422,47
4705;0,32;0;285,026;280,534;278;330;0,434028;0,679977;0;270,743;;1422,47
4706;0,32;0;284,715;280,556;278;330;0,383391;0,687211;0;270,75;;1422,47
4707;0,32;0;284,491;280,534;278;330;0,434028;0,622106;0;270,755;;1422,47
4708;0,32;0;284,556;280,516;278;330;0,434028;0,687211;0;270,761;;1422,47
4709;0,32;0;284,288;280,545;278;330;0,426794;0,679977;0;270,761;;1422,47
4710;0,32;0;284,317;280,541;278;330;0,368924;0,600405;0;270,754;;1422,47
4711;0,32;0;284,31;280,541;278;330;0,405093;0,665509;0;270,747;;1422,47
4712;0,32;0;283,912;280,534;278;330;0,434028;0,72338;0;270,742;;1422,47
4713;0,32;0;283,464;280,527;278;330;0,434028;0,72338;0;270,731;;1422,47
4714;0,32;0;283,464;280,541;278;330;0,434028;0,679977;0;270,716;;1422,47
4715;0,32;0;283,536;280,556;278;330;0,434028;0,72338;0;270,703;;1422,47
4716;0,32;0;283,37;280,534;278;330;0,434028;0,72338;0;270,685;;1422,47
4717;0,32;0;283,16;280,534;278;330;0,383391;0,679977;0;270,665;;1422,47
4718;0,32;0;283,03;280,537;278;330;0,434028;0,72338;0;270,646;;1422,47
4719;0,32;0;282,791;280,537;278;330;0,434028;0,72338;0;270,62;;1422,47
4720;0,32;0,5;282,487;280,541;278;330;0,36169;0,672743;0;270,595;;1422,47
4721;0,32;0;282,444;280,537;278;330;0,41956;0,708912;0;270,571;;1422,47
4722;0,32;0;282,516;280,339;278;330;0,390625;0,694444;0;270,541;;1422,47
4723;0,32;0;282,407;280,382;278;330;0,376157;0,72338;0;270,513;;1422,47
4724;0,32;0;282,089;280,281;278;330;0,405093;0,72338;0;270,488;;1422,47
4725;0,32;0;281,872;280,136;278;330;0,434028;0,708912;0;270,459;;1422,47
4726;0,32;0;281,865;280,129;278;330;0,434028;0,665509;0;270,429;;1422,47
4727;0,32;0;281,633;280,15;278;330;0,434028;0,701678;0;270,403;;1422,47
4728;0,32;0;281,416;280,172;278;330;0,390625;0,679977;0;270,378;;1422,47
4729;0,32;0;281,438;280,161;278;330;0,434028;0,72338;0;270,35;;1422,47
4730;0,32;0;281,561;280,237;278;330;0,434028;0,687211;0;270,322;;1422,47
4731;0,32;0;281,633;280,288;278;330;0,434028;0,72338;0;270,297;;1422,47
4732;0,32;0;281,142;280,027;278;330;0,434028;0,679977;0;270,277;;1422,47
4733;0,32;0;281,113;280,027;278;330;0,434028;0,716146;0;270,26;;1422,47
4734;0,32;3;281,062;280,027;278;330;0,383391;0,72338;0;270,244;;1422,47
4735;0,32;18,5;280,975;280,027;278;330;0,434028;0,72338;0;270,199;;1422,47
4736;0,32;39;280,809;280,024;278;330;0,434028;0,672743;0;270,187;;1422,47
4737;0,32;55;280,404;280,02;278;330;0,434028;0,72338;0;270,184;;1422,47
4738;0,32;61,5;280,411;280,02;278;330;0,383391;0,679977;0;270,182;;1422,47
4739;0,32;70;280,505;280,02;278;330;0,434028;0,72338;0;270,185;;1422,47
4740;0,32;75;280,592;280,02;278;330;0,383391;0,672743;0;270,189;;1422,47
4741;0,32;76,5;280,65;280,024;278;330;0,434028;0,679977;0;270,194;;1422,47
4742;0,32;77;280,606;280,027;278;330;0,434028;0,679977;0;270,196;;1422,47
4743;0,32;78,5;280,462;280,024;278;330;0,383391;0,72338;0;270,198;;1422,47
4744;0,32;74;280,425;280,024;278;330;0,434028;0,672743;0;270,203;;1422,47
4745;0,32;72;280,671;279,836;278;330;0,434028;0,672743;0;270,212;;1422,47
4746;0,32;70;281,149;279,803;278;330;0,434028;0,72338;0;270,212;;1422,47
4747;0,32;85;281,149;279,81;278;330;0,383391;0,72338;0;270,2;;1422,47
4748;0,32;104,5;281,264;279,836;278;330;0,434028;0,701678;0;270,203;;1422,47
4749;0,32;99;281,67;279,8;278;330;0,434028;0,694444;0;270,205;;1422,47
4750;0,32;111,5;281,583;279,782;278;330;0,434028;0,72338;0;270,209;;1422,47
4751;0,32;128,5;281,67;279,778;278;330;0,405093;0,72338;0;270,205;;1422,47
4752;0,32;135;281,901;279,771;278;330;0,41956;0,72338;0;270,206;;1422,47
4753;0,32;116,5;281,952;279,727;278;330;0,339988;0,72338;0;270,206;;1422,47
4754;0,32;92,5;282,574;279,713;278;330;0,390625;0,687211;0;270,201;;1422,47
4755;0,32;79,5;282,646;279,702;278;330;0,405093;0,716146;0;270,196;;1422,47
4756;0,32;87;283,297;279,807;278;330;0,41956;0,72338;0;270,195;;1422,47
4757;0,32;108,5;283,579;279,905;278;330;0,434028;0,701678;0;270,188;;1422,47
4758;0,32;106,5;283,536;279,905;278;330;0,434028;0,665509;0;270,181;;1422,47
4759;0,32;81;283,905;279,709;278;330;0,434028;0,708912;0;270,167;;1422,47
4760;0,32;0;284,339;279,528;278;330;0,434028;0,72338;0;270,146;;1422,47
4761;0,32;1;284,65;279,528;278;330;0,434028;0,672743;0;270,133;;1422,47
4762;0,32;8,5;284,744;279,51;278;330;0,434028;0,72338;0;270,077;;1422,47
4763;0,32;43;285,446;279,51;278;330;0,434028;0,687211;0;270,056;;1422,47
4764;0,32;65,5;285,279;279,521;278;330;0,405093;0,672743;0;270,055;;1422,47
4765;0,32;73;285,178;279,499;278;330;0,405093;0,679977;0;270,056;;1422,47
4766;0,32;67,5;285,547;279,521;278;330;0,434028;0,679977;0;270,057;;1422,47
4767;0,32;68,5;285,648;279,51;278;330;0,390625;0,687211;0;270,054;;1422,47
4768;0,32;65,5;285,728;279,521;278;330;0,434028;0,716146;0;270,049;;1422,47
4769;0,32;56,5;285,778;279,521;278;330;0,434028;0,672743;0;270,043;;1422,47
4770;0,32;53;285,72;279,521;278;330;0,434028;0,72338;0;270,038;;1422,47
4771;0,32;52;286,147;279,503;278;330;0,376157;0,72338;0;270,032;;1422,47
4772;0,32;44;286,299;279,521;278;330;0,434028;0,72338;0;270,029;;1422,47
4773;0,32;41;286,35;279,528;278;330;0,390625;0,72338;0;270,019;;1422,47
4774;0,32;37;286,415;279,528;278;330;0,434028;0,72338;0;270,009;;1422,47
4775;0,32;32,5;286,039;279,499;278;330;0,383391;0,72338;0;269,999;;1422,47
4776;0,32;32;286,335;279,507;278;330;0,434028;0,62934;0;269,988;;1422,47
4777;0,32;27;286,162;279,514;278;330;0,434028;0,72338;0;269,978;;1422,47
4778;0,32;21,5;286,104;279,514;278;330;0,434028;0,636574;0;269,964;;1422,47
4779;0,32;16;286,075;279,514;278;330;0,354456;0,72338;0;269,955;;1422,47
4780;0,32;15,5;286,075;279,514;278;330;0,434028;0,72338;0;269,943;;1422,47
4781;0,32;16;286,183;279,518;278;330;0,368924;0,636574;0;269,927;;1422,47
4782;0,32;17;286,285;279,514;278;330;0,397859;0,679977;0;269,912;;1422,47
4783;0,32;17;286,321;279,485;278;330;0,397859;0,679977;0;269,901;;1422,47
4784;0,32;14;286,212;279,485;278;330;0,426794;0,72338;0;269,892;;1422,47
4785;0,32;11;286,104;279,489;278;330;0,383391;0,72338;0;269,881;;1422,47
4786;0,32;9;285,988;279,496;278;330;0,434028;0,72338;0;269,87;;1422,47
4787;0,32;8;285,749;279,51;278;330;0,434028;0,687211;0;269,859;;1422,47
4788;0,32;8;285,518;279,514;278;330;0,390625;0,72338;0;269,848;;1422,47
4789;0,32;7,5;285,648;279,507;278;330;0,434028;0,672743;0;269,835;;1422,47
4790;0,32;7,5;285,742;279,507;278;330;0,434028;0,72338;0;269,82;;1422,47
4791;0,32;9;285,663;279,492;278;330;0,434028;0,716146;0;269,807;;1422,47
4792;0,32;10;285,395;279,492;278;330;0,434028;0,679977;0;269,795;;1422,47
4793;0,32;10,5;285,272;279,409;278;330;0,434028;0,72338;0;269,779;;1422,47
4794;0,32;17;285,214;279,319;278;330;0,390625;0,72338;0;269,767;;1422,47
4795;0,32;26;284,795;279,3;278;330;0,434028;0,72338;0;269,758;;1422,47
4796;0,32;59,5;284,592;279,282;278;330;0,434028;0,708912;0;269,737;;1422,47
4797;0,32;86,5;284,693;279,293;278;330;0,434028;0,651042;0;269,727;;1422,47
4798;0,32;101;284,758;279,34;278;330;0,434028;0,72338;0;269,73;;1422,47
4799;0,32;89;284,701;279,344;278;330;0,41956;0,636574;0;269,723;;1422,47
4800;0,32;88,5;284,23;279,373;278;330;0,412326;0,72338;0;269,717;;1422,47
4801;0,32;104;284,201;279,366;278;330;0,434028;0,701678;0;269,714;;1422,47
4802;0,32;126,5;284,274;279,387;278;330;0,434028;0,658275;0;269,705;;1422,47
4803;0,32;134;284,346;279,395;278;330;0,434028;0,679977;0;269,696;;1422,47
4804;0,32;130,5;284,151;279,264;278;330;0,434028;0,72338;0;269,686;;1422,47
4805;0,32;95,5;284,722;279,387;278;330;0,434028;0,701678;0;269,669;;1422,47
4806;0,32;77;284,751;279,275;278;330;0,434028;0,687211;0;269,65;;1422,47
4807;0,32;94;284,607;279,196;278;330;0,434028;0,687211;0;269,63;;1422,47
4808;0,32;77,5;284,512;279,21;278;330;0,434028;0,708912;0;269,623;;1422,47
4809;0,32;96,5;285,077;279,272;278;330;0,434028;0,716146;0;269,597;;1422,47
4810;0,32;114,5;285,258;279,163;278;330;0,434028;0,687211;0;269,579;;1422,47
4811;0,32;94;285,2;279,008;278;330;0,434028;0,72338;0;269,56;;1422,47
4812;0,32;81,5;285,532;279,004;278;330;0,434028;0,72338;0;269,528;;1422,47
4813;0,32;110;285,786;279;278;330;0,434028;0,716146;0;269,498;;1422,47
4814;0,32;128,5;285,663;279;278;330;0,397859;0,636574;0;269,466;;1422,47
4815;0,32;135;285,865;278,997;278;330;0,434028;0,72338;0;269,436;;1422,47
4816;0,32;136;286,212;278,993;278;330;0,434028;0,62934;0;269,405;;1422,47
4817;0,32;133,5;286,285;278,993;278;330;0,434028;0,622106;0;269,373;;1422,47
4818;0,32;123,5;286,56;279,004;278;330;0,434028;0,622106;0;269,334;;1422,47
4819;0,32;114,5;286,784;279,008;278;330;0,434028;0,62934;0;269,298;;1422,47
4820;0,32;114;287,218;279,004;278;330;0,426794;0,708912;0;269,258;;1422,47
4821;0,32;108;286,972;279;278;330;0,397859;0,679977;0;269,219;;1422,47
4822;0,32;98,5;286,9;279;278;330;0,434028;0,672743;0;269,177;;1422,47
4823;0,32;93;287,565;279;278;330;0,434028;0,62934;0;269,133;;1422,47
4824;0,32;89,5;287,608;278,993;278;330;0,390625;0,614873;0;269,094;;1422,47
4825;0,32;72,5;288,086;278,993;278;330;0,434028;0,614873;0;269,052;;1422,47
4826;0,32;65;288,209;278,997;278;330;0,390625;0,716146;0;269,005;;1422,47
4827;0,32;61;288,571;279,004;278;330;0,434028;0,636574;0;268,956;;1422,47
4828;0,32;53;288,838;279,008;278;330;0,434028;0,672743;0;268,91;;1422,47
4829;0,32;47;288,679;278,809;278;330;0,339988;0,600405;0;268,871;;1422,47
4830;0,32;34,5;288,592;278,617;278;330;0,412326;0,622106;0;268,823;;1422,47
4831;0,32;35;288,831;278,61;278;330;0,412326;0,679977;0;268,771;;1422,47
4832;0,32;66,5;288,903;278,599;278;330;0,434028;0,72338;0;268,732;;1422,47
4833;0,32;109;288,976;278,595;278;330;0,434028;0,679977;0;268,68;;1422,47
4834;0,32;119;289,026;279,008;278;330;0,434028;0,679977;0;268,626;;1422,47
4835;0,32;82;289,084;279,008;278;330;0,434028;0,72338;0;268,583;;1422,47
4836;0,32;42,5;289,077;278,621;278;330;0,390625;0,708912;0;268,533;;1422,47
4837;nan;nan;nan;nan;nan;nan;nan;nan;nan;nan;;nan
4838;nan;nan;nan;nan;nan;nan;nan;nan;nan;nan;;nan
4839;nan;nan;nan;nan;nan;nan;nan;nan;nan;nan;;nan
4840;nan;nan;nan;nan;nan;nan;nan;nan;nan;nan;;nan
4841;nan;nan;nan;nan;nan;nan;nan;nan;nan;nan;;nan
4842;nan;nan;nan;nan;nan;nan;nan;nan;nan;nan;;nan
4843;nan;nan;nan;nan;nan;nan;nan;nan;nan;nan;;nan
4844;nan;nan;nan;nan;nan;nan;nan;nan;nan;nan;;nan
4845;nan;nan;nan;nan;nan;nan;nan;nan;nan;nan;;nan
4846;nan;nan;nan;nan;nan;nan;nan;nan;nan;nan;;nan
4847;nan;nan;nan;nan;nan;nan;nan;nan;nan;nan;;nan
4848;nan;nan;nan;nan;nan;nan;nan;nan;nan;nan;;nan
4849;nan;nan;nan;nan;nan;nan;nan;nan;nan;nan;;nan
4850;nan;nan;nan;nan;nan;nan;nan;nan;nan;nan;;nan
4851;nan;nan;nan;nan;nan;nan;nan;nan;nan;nan;;nan
4852;nan;nan;nan;nan;nan;nan;nan;nan;nan;nan;;nan
4853;nan;nan;nan;nan;nan;nan;nan;nan;nan;nan;;nan
4854;nan;nan;nan;nan;nan;nan;nan;nan;nan;nan;;nan
4855;nan;nan;nan;nan;nan;nan;nan;nan;nan;nan;;nan
4856;nan;nan;nan;nan;nan;nan;nan;nan;nan;nan;;nan
