Time;[11:7];[31:48];[31:110];[31:112];[31:115];[32:1];[32:80];[32:85];[32:124];[33:108];[ChannelInfoFieldText([10:1], "$PDA_expression")]_text;[Bandl‰nge auf Abhaspel]
time;Banddicke;Ofenleistung;Wannentemperatur auﬂen;Wannentemperatur innen;Solltemperatur unter Zinnbadrolle;Bandbreite;Abblasung OS Luftdruck;Abblasung US Luftdruck;Bandgeschwindigkeit;Temperatur unter Zinnbadrolle;ChannelInfoFieldText([10:1], "$PDA_expression");Bandl‰nge auf Abhaspel
sec;mm;kW;∞C;∞C;∞C;mm;mbar;mbar;m/min;∞C;;m
14;nan;nan;nan;nan;nan;nan;nan;nan;nan;nan;"(( Pi() / ([11:7] * 0.001)) * (Pow(0.5 * [3:10], 2) - Pow(0.5 * 0.48, 2))) / [32:124]";nan
15;0,2;2,5;280,396;276,154;276;330;0,578704;0,578704;0;276,426;;6158,35
16;0,2;1;280,418;276,165;276;330;0,578704;0,578704;0;276,459;;6158,35
17;0,2;9,5;280,512;276,175;276;330;0,578704;0,622106;0;276,462;;6158,35
18;0,2;25,5;280,592;276,139;276;330;0,578704;0,578704;0;276,444;;6158,35
19;0,2;34;280,65;276,067;276;330;0,578704;0,578704;0;276,433;;6158,35
20;0,2;38;280,584;276,06;276;330;0,578704;0,578704;0;276,422;;6158,35
21;0,2;48;280,476;276,056;276;330;0,578704;0,578704;0;276,415;;6158,35
22;0,2;55,5;280,389;276,049;276;330;0,557002;0,578704;0;276,403;;6158,35
23;0,2;27,5;280,447;276,042;276;330;0,549769;0,578704;0;276,382;;6158,35
24;0,2;0;280,519;276,034;276;330;0,578704;0,578704;0;276,363;;6158,35
25;0,2;0;280,599;276,027;276;330;0,528067;0,578704;0;276,34;;6158,35
26;0,2;7;280,65;276,02;276;330;0,434028;0,578704;0;276,299;;6158,35
27;0,2;33,5;280,584;276,034;276;330;0,434028;0,578704;0;276,285;;6158,35
28;0,2;39,5;280,44;276,172;276;330;0,434028;0,578704;0;276,294;;6158,35
29;0,2;0,5;280,433;276,291;276;330;0,434028;0,578704;0;276,318;;6158,35
30;0,2;5,5;280,519;276,284;276;330;0,470197;0,578704;0;276,323;;6158,35
31;0,2;0;280,563;276,172;276;330;0,434028;0,578704;0;276,308;;6158,35
32;0,2;2;280,65;276,157;276;330;0,434028;0,578704;0;276,284;;6158,35
33;0,2;1;280,512;276,273;276;330;0,57147;0,578704;0;276,271;;6158,35
34;0,2;0;280,404;276,273;276;330;0,578704;0,578704;0;276,26;;6158,35
35;0,2;1,5;280,411;276,309;276;330;0,578704;0,578704;0;276,249;;6158,35
36;0,2;17,5;280,462;276,32;276;330;0,578704;0,578704;0;276,259;;6158,35
37;0,2;11,5;280,556;276,298;276;330;0,578704;0,578704;0;276,287;;6158,35
38;0,2;1,5;280,621;276,302;276;330;0,578704;0,578704;0;276,316;;6158,35
39;0,2;18,5;280,65;276,107;276;330;0,564236;0,578704;0;276,316;;6158,35
40;0,2;39;280,57;275,911;276;330;0,549769;0,578704;0;276,299;;6158,35
41;0,2;69,5;280,433;275,908;276;330;0,578704;0,578704;0;276,296;;6158,35
42;0,2;97;280,389;276,074;276;330;0,578704;0,578704;0;276,29;;6158,35
43;0,2;106,5;280,433;276,223;276;330;0,578704;0,578704;0;276,281;;6158,35
44;0,2;47;280,556;276,136;276;330;0,578704;0,578704;0;276,283;;6158,35
45;0,2;0;280,621;275,984;276;330;0,535301;0,578704;0;276,27;;6158,35
46;0,2;1,5;280,599;275,984;276;330;0,578704;0,578704;0;276,237;;6158,35
47;0,2;15;280,483;276,034;276;330;0,578704;0,578704;0;276,208;;6158,35
48;0,2;30,5;280,621;276,027;276;330;0,578704;0,578704;0;276,202;;6158,35
49;0,2;17,5;280,859;276,042;276;330;0,578704;0,528067;0;276,224;;6158,35
50;0,2;0;280,939;276,44;276;330;0,578704;0,578704;0;276,253;;6158,35
51;0,2;6,5;280,961;276,255;276;330;0,578704;0,578704;0;276,267;;6158,35
52;0,2;9;281,055;276,063;276;330;0,578704;0,578704;0;276,284;;6158,35
53;0,2;0;281,055;276,067;276;330;0,578704;0,578704;0;276,279;;6158,35
54;0,2;0;280,982;276,06;276;330;0,578704;0,578704;0;276,271;;6158,35
55;0,2;1;280,896;276,053;276;330;0,578704;0,578704;0;276,29;;6158,35
56;0,2;6,5;280,751;276,053;276;330;0,578704;0,578704;0;276,292;;6158,35
57;0,2;14;280,751;276,045;276;330;0,578704;0,578704;0;276,276;;6158,35
58;0,2;9,5;281,019;276,139;276;330;0,578704;0,578704;0;276,257;;6158,35
59;0,2;0,5;281,358;276,226;276;330;0,578704;0,578704;0;276,238;;6158,35
60;0,2;7;280,91;276,15;276;330;0,578704;0,578704;0;276,221;;6158,35
61;0,2;8,5;281,192;276,143;276;330;0,578704;0,578704;0;276,223;;6158,35
62;0,2;0,5;281,207;276,132;276;330;0,578704;0,578704;0;276,234;;6158,35
63;0,2;0;281,373;276,168;276;330;0,578704;0,578704;0;276,236;;6158,35
64;0,2;0;281,286;276,165;276;330;0,578704;0,578704;0;276,226;;6158,35
65;0,2;0;281,199;276,168;276;330;0,578704;0,578704;0;276,22;;6158,35
66;0,2;0;281,207;276,161;276;330;0,578704;0,578704;0;276,212;;6158,35
67;0,2;3;280,462;276,175;276;330;0,578704;0,614873;0;276,219;;6158,35
68;0,2;16,5;280,527;276,194;276;330;0,578704;0,578704;0;276,21;;6158,35
69;0,2;29,5;280,606;275,937;276;330;0,578704;0,578704;0;276,199;;6158,35
70;0,2;0;280,65;276,053;276;330;0,528067;0,578704;0;276,211;;6158,35
71;0,2;2,5;280,584;276,19;276;330;0,578704;0,578704;0;276,225;;6158,35
72;0,2;4;280,454;276,179;276;330;0,578704;0,578704;0;276,231;;6158,35
73;0,2;2;280,382;276,175;276;330;0,578704;0,578704;0;276,229;;6158,35
74;0,2;12;280,447;276,172;276;330;0,578704;0,578704;0;276,227;;6158,35
75;0,2;27,5;280,541;276,19;276;330;0,470197;0,578704;0;276,206;;6158,35
76;0,2;15,5;280,628;276,183;276;330;0,434028;0,578704;0;276,205;;6158,35
77;0,2;0;280,621;276,172;276;330;0,434028;0,578704;0;276,197;;6158,35
78;0,2;0;280,483;276,161;276;330;0,484664;0,578704;0;276,188;;6158,35
79;0,2;0;280,389;276,136;276;330;0,542535;0,578704;0;276,181;;6158,35
80;0,2;2;280,44;276,121;276;330;0,578704;0,578704;0;276,172;;6158,35
81;0,2;2;280,295;276,118;276;330;0,578704;0,578704;0;276,171;;6158,35
82;0,2;4;280,36;276,092;276;330;0,578704;0,578704;0;276,183;;6158,35
83;0,2;21;280,389;276,013;276;330;0,578704;0,578704;0;276,183;;6158,35
84;0,2;41;280,367;275,94;276;330;0,578704;0,578704;0;276,159;;6158,35
85;0,2;77;280,02;275,933;276;330;0,578704;0,578704;0;276,147;;6158,35
86;0,2;109,5;279,76;275,926;276;330;0,484664;0,578704;0;276,136;;6158,35
87;0,2;122;279,803;275,919;276;330;0,578704;0,578704;0;276,128;;6158,35
88;0,2;120;280,071;276,002;276;330;0,578704;0,578704;0;276,123;;6158,35
89;0,2;109;280,085;276,19;276;330;0,578704;0,578704;0;276,116;;6158,35
90;0,2;75;280,266;276,288;276;330;0,578704;0,578704;0;276,104;;6158,35
91;0,2;65;280,657;276,32;276;330;0,578704;0,578704;0;276,104;;6158,35
92;0,2;52,5;280,599;276,345;276;330;0,578704;0,578704;0;276,098;;6158,35
93;0,2;38,5;280,686;276,331;276;330;0,578704;0,578704;0;276,101;;6158,35
94;0,2;38;280,838;276,317;276;330;0,578704;0,578704;0;276,101;;6158,35
95;0,2;39,5;280,83;276,313;276;330;0,535301;0,578704;0;276,094;;6158,35
96;0,2;44,5;281,199;276,331;276;330;0,578704;0,578704;0;276,093;;6158,35
97;0,2;22;281,568;276,327;276;330;0,578704;0,578704;0;276,084;;6158,35
98;0,2;0;281,641;276,013;276;330;0,578704;0,578704;0;276,068;;6158,35
99;0,2;3,5;282,125;275,911;276;330;0,578704;0,593171;0;276,044;;6158,35
100;0,2;10,5;282,075;276,183;276;330;0,520833;0,600405;0;276,026;;6158,35
101;0,2;23;282,067;276,074;276;330;0,520833;0,578704;0;276,007;;6158,35
102;0,2;28;282,038;276,071;276;330;0,578704;0,578704;0;276,018;;6158,35
103;0,2;25;282,089;276,056;276;330;0,578704;0,578704;0;276,027;;6158,35
104;0,2;0,5;282,567;276,121;276;330;0,578704;0,578704;0;276,045;;6158,35
105;0,2;0;282,646;276,168;276;330;0,578704;0,578704;0;276,061;;6158,35
106;0,2;0;282,697;276,183;276;330;0,578704;0,578704;0;276,067;;6158,35
107;0,2;0;282,624;276,215;276;330;0,578704;0,578704;0;276,068;;6158,35
108;0,2;0;282,516;276,136;276;330;0,578704;0,578704;0;276,071;;6158,35
109;0,2;0;282,436;276,186;276;330;0,578704;0,578704;0;276,074;;6158,35
110;0,2;0;282,473;276,201;276;330;0,578704;0,578704;0;276,077;;6158,35
111;0,2;0;282,559;276,194;276;330;0,578704;0,578704;0;276,08;;6158,35
112;0,2;0;282,646;276,186;276;330;0,578704;0,578704;0;276,081;;6158,35
113;0,2;0;282,69;276,183;276;330;0,578704;0,578704;0;276,081;;6158,35
114;0,2;0;282,632;276,219;276;330;0,578704;0,578704;0;276,083;;6158,35
115;0,2;0;282,465;276,241;276;330;0,578704;0,578704;0;276,085;;6158,35
116;0,2;0;282,031;276,15;276;330;0,578704;0,578704;0;276,086;;6158,35
117;0,2;0;281,626;276,147;276;330;0,578704;0,578704;0;276,088;;6158,35
118;0,2;0;281,944;276,233;276;330;0,578704;0,578704;0;276,089;;6158,35
119;0,2;0;282,01;276,244;276;330;0,578704;0,578704;0;276,09;;6158,35
120;0,2;0;281,814;276,226;276;330;0,578704;0,578704;0;276,089;;6158,35
121;0,2;0;282,378;276,266;276;330;0,578704;0,578704;0;276,09;;6158,35
122;0,2;0,5;282,321;276,071;276;330;0,578704;0,578704;0;276,097;;6158,35
123;0,2;2,5;282,263;275,919;276;330;0,578704;0,578704;0;276,094;;6158,35
124;0,2;1;281,829;275,911;276;330;0,578704;0,578704;0;276,081;;6158,35
125;0,2;10,5;281,402;275,908;276;330;0,578704;0,578704;0;276,074;;6158,35
126;0,2;32;281,503;275,922;276;330;0,578704;0,578704;0;276,07;;6158,35
127;0,2;54,5;281,597;275,937;276;330;0,578704;0,578704;0;276,072;;6158,35
128;0,2;61,5;281,684;275,933;276;330;0,578704;0,578704;0;276,072;;6158,35
129;0,2;67;281,619;275,926;276;330;0,578704;0,578704;0;276,073;;6158,35
130;0,2;74;281,474;275,922;276;330;0,578704;0,578704;0;276,074;;6158,35
131;0,2;76;281,402;275,911;276;330;0,578704;0,578704;0;276,077;;6158,35
132;0,2;70;281,46;275,908;276;330;0,578704;0,578704;0;276,079;;6158,35
133;0,2;67,5;281,554;275,911;276;330;0,578704;0,578704;0;276,076;;6158,35
134;0,2;72;281,626;275,933;276;330;0,578704;0,578704;0;276,074;;6158,35
135;0,2;71;281,662;275,94;276;330;0,578704;0,578704;0;276,071;;6158,35
136;0,2;67,5;281,576;275,933;276;330;0,578704;0,578704;0;276,072;;6158,35
137;0,2;72;281,655;275,926;276;330;0,578704;0,578704;0;276,07;;6158,35
138;0,2;71,5;281,821;275,919;276;330;0,578704;0,578704;0;276,072;;6158,35
139;0,2;63,5;281,836;275,911;276;330;0,578704;0,622106;0;276,071;;6158,35
140;0,2;54;281,865;275,908;276;330;0,528067;0,578704;0;276,067;;6158,35
141;0,2;52,5;282,653;275,93;276;330;0,578704;0,578704;0;276,064;;6158,35
142;0,2;52,5;282,697;275,94;276;330;0,578704;0,578704;0;276,059;;6158,35
143;0,2;42,5;282,632;275,933;276;330;0,578704;0,578704;0;276,059;;6158,35
144;0,2;38;282,639;275,926;276;330;0,578704;0,578704;0;276,055;;6158,35
145;0,2;36,5;282,69;275,919;276;330;0,578704;0,578704;0;276,053;;6158,35
146;0,2;28;282,711;275,911;276;330;0,578704;0,578704;0;276,046;;6158,35
147;0,2;23;282,784;275,908;276;330;0,535301;0,578704;0;276,037;;6158,35
148;0,2;24;283,652;275,926;276;330;0,578704;0,578704;0;276,03;;6158,35
149;0,2;23;283,724;275,94;276;330;0,578704;0,578704;0;276,026;;6158,35
150;0,2;10;283,652;275,937;276;330;0,578704;0,578704;0;276,023;;6158,35
151;0,2;0;283,507;275,93;276;330;0,578704;0,578704;0;276,009;;6158,35
152;0,2;0;283,442;275,922;276;330;0,578704;0,578704;0;275,996;;6158,35
153;0,2;0;283,529;275,915;276;330;0,578704;0,578704;0;275,985;;6158,35
154;0,2;0;283,659;275,911;276;330;0,535301;0,578704;0;275,975;;6158,35
155;0,2;0;283,731;275,908;276;330;0,535301;0,578704;0;275,966;;6158,35
156;0,2;0;283,63;275,94;276;330;0,578704;0,578704;0;275,958;;6158,35
157;0,2;0;283,464;275,933;276;330;0,528067;0,557002;0;275,952;;6158,35
158;0,2;0;283,478;275,926;276;330;0,578704;0,557002;0;275,948;;6158,35
159;0,2;0,5;283,608;275,922;276;330;0,578704;0,578704;0;275,942;;6158,35
160;0,2;2;283,709;275,915;276;330;0,578704;0,578704;0;275,937;;6158,35
161;0,2;2;283,688;275,908;276;330;0,578704;0,578704;0;275,933;;6158,35
162;0,2;2;283,637;275,915;276;330;0,578704;0,578704;0;275,929;;6158,35
163;0,2;2;283,608;275,926;276;330;0,578704;0,578704;0;275,925;;6158,35
164;0,2;2;283,297;275,94;276;330;0,578704;0,578704;0;275,922;;6158,35
165;0,2;2;283,087;275,937;276;330;0,578704;0,578704;0;275,908;;6158,35
166;0,2;5;283,131;275,926;276;330;0,578704;0,578704;0;275,893;;6158,35
167;0,2;8,5;283,145;275,922;276;330;0,578704;0,578704;0;275,883;;6158,35
168;0,2;13;283,196;275,915;276;330;0,578704;0,578704;0;275,875;;6158,35
169;0,2;14;283,254;275,911;276;330;0,578704;0,578704;0;275,877;;6158,35
170;0,2;15;282,697;275,911;276;330;0,578704;0,578704;0;275,873;;6158,35
171;0,2;16;282,567;275,937;276;330;0,578704;0,578704;0;275,872;;6158,35
172;0,2;19;282,465;275,937;276;330;0,578704;0,578704;0;275,875;;6158,35
173;0,2;24,5;282,436;275,926;276;330;0,578704;0,578704;0;275,873;;6158,35
174;0,2;27;282,523;275,922;276;330;0,578704;0,578704;0;275,87;;6158,35
175;0,2;29,5;282,595;275,915;276;330;0,578704;0,578704;0;275,868;;6158,35
176;0,2;30;282,661;275,911;276;330;0,578704;0,578704;0;275,863;;6158,35
177;0,2;30;282,357;275,908;276;330;0,578704;0,585938;0;275,856;;6158,35
178;0,2;30;281,988;275,915;276;330;0,578704;0,62934;0;275,85;;6158,35
179;0,2;35;282,06;275,94;276;330;0,578704;0,578704;0;275,848;;6158,35
180;0,2;39,5;281,973;275,937;276;330;0,578704;0,578704;0;275,847;;6158,35
181;0,2;45,5;281,966;275,926;276;330;0,578704;0,578704;0;275,844;;6158,35
182;0,2;45;282,306;275,919;276;330;0,578704;0,578704;0;275,843;;6158,35
183;0,2;44,5;282,364;275,911;276;330;0,578704;0,578704;0;275,839;;6158,35
184;0,2;43;282,4;275,908;276;330;0,578704;0,578704;0;275,835;;6158,35
185;0,2;43;282,465;275,93;276;330;0,578704;0,578704;0;275,831;;6158,35
186;0,2;43;282,429;275,94;276;330;0,578704;0,578704;0;275,827;;6158,35
187;0,2;51,5;282,451;275,933;276;330;0,578704;0,578704;0;275,826;;6158,35
188;0,2;50;282,451;275,922;276;330;0,578704;0,578704;0;275,829;;6158,35
189;0,2;38,5;282,458;275,915;276;330;0,578704;0,578704;0;275,832;;6158,35
190;0,2;29,5;282,559;275,908;276;330;0,578704;0,578704;0;275,835;;6158,35
191;0,2;29,5;282,646;275,915;276;330;0,578704;0,578704;0;275,836;;6158,35
192;0,2;30;282,653;275,93;276;330;0,578704;0,578704;0;275,836;;6158,35
193;0,2;25,5;282,567;275,937;276;330;0,528067;0,578704;0;275,84;;6158,35
194;0,2;27;282,516;275,933;276;330;0,578704;0,578704;0;275,841;;6158,35
195;0,2;29;282,465;275,926;276;330;0,535301;0,578704;0;275,846;;6158,35
196;0,2;30;282,769;275,919;276;330;0,578704;0,578704;0;275,852;;6158,35
197;0,2;30;282,834;275,915;276;330;0,578704;0,578704;0;275,858;;6158,35
198;0,2;30;282,943;275,911;276;330;0,578704;0,578704;0;275,862;;6158,35
199;0,2;24;282,972;275,908;276;330;0,578704;0,578704;0;275,866;;6158,35
200;0,2;21;282,914;275,911;276;330;0,578704;0,578704;0;275,868;;6158,35
201;0,2;15,5;282,755;275,93;276;330;0,578704;0,578704;0;275,872;;6158,35
202;0,2;15;282,653;275,94;276;330;0,578704;0,578704;0;275,876;;6158,35
203;0,2;16;283,008;275,937;276;330;0,578704;0,578704;0;275,878;;6158,35
204;0,2;18;283,362;275,93;276;330;0,578704;0,578704;0;275,883;;6158,35
205;0,2;18;283,131;275,919;276;330;0,578704;0,578704;0;275,889;;6158,35
206;0,2;15;282,878;275,915;276;330;0,578704;0,578704;0;275,896;;6158,35
207;0,2;14;283,189;275,911;276;330;0,578704;0,578704;0;275,899;;6158,35
208;0,2;13;283,21;275,911;276;330;0,578704;0,578704;0;275,904;;6158,35
209;0,2;11;283,254;275,926;276;330;0,578704;0,578704;0;275,91;;6158,35
210;0,2;9;282,863;275,926;276;330;0,578704;0,578704;0;275,915;;6158,35
211;0,2;11;283,21;275,933;276;330;0,578704;0,614873;0;275,918;;6158,35
212;0,2;12,5;283,181;275,93;276;330;0,578704;0,585938;0;275,922;;6158,35
213;0,2;16,5;283,391;275,919;276;330;0,542535;0,578704;0;275,922;;6158,35
214;0,2;16,5;283,42;275,911;276;330;0,434028;0,578704;0;275,926;;6158,35
215;0,2;13,5;283,008;275,911;276;330;0,57147;0,578704;0;275,93;;6158,35
216;0,2;12;282,516;275,922;276;330;0,578704;0,578704;0;275,936;;6158,35
217;0,2;18;282,436;275,94;276;330;0,578704;0,578704;0;275,94;;6158,35
218;0,2;23,5;282,509;275,933;276;330;0,578704;0,578704;0;275,944;;6158,35
219;0,2;25;282,603;275,922;276;330;0,578704;0,578704;0;275,95;;6158,35
220;0,2;27;282,668;275,915;276;330;0,578704;0,578704;0;275,956;;6158,35
221;0,2;29;282,697;275,911;276;330;0,578704;0,578704;0;275,961;;6158,35
222;0,2;30;282,668;275,915;276;330;0,578704;0,578704;0;275,966;;6158,35
223;0,2;29,5;282,538;275,937;276;330;0,578704;0,578704;0;275,97;;6158,35
224;0,2;29;282,436;275,937;276;330;0,578704;0,578704;0;275,973;;6158,35
225;0,2;30;282,509;275,926;276;330;0,578704;0,578704;0;275,976;;6158,35
226;0,2;30;282,603;275,922;276;330;0,578704;0,578704;0;275,979;;6158,35
227;0,2;30;282,661;275,919;276;330;0,578704;0,578704;0;275,982;;6158,35
228;0,2;30;282,675;275,911;276;330;0,578704;0,578704;0;275,984;;6158,35
229;0,2;30;282,595;275,911;276;330;0,578704;0,578704;0;275,986;;6158,35
230;0,2;30;282,451;275,937;276;330;0,578704;0,578704;0;275,987;;6158,35
231;0,2;30;282,451;275,937;276;330;0,578704;0,578704;0;275,989;;6158,35
232;0,2;30;282,538;275,933;276;330;0,578704;0,578704;0;275,99;;6158,35
233;0,2;29,5;282,632;275,922;276;330;0,578704;0,578704;0;275,992;;6158,35
234;0,2;29,5;282,69;275,919;276;330;0,578704;0,578704;0;275,993;;6158,35
235;0,2;30;282,639;275,911;276;330;0,578704;0,578704;0;275,993;;6158,35
236;0,2;29,5;282,538;275,911;276;330;0,578704;0,578704;0;275,994;;6158,35
237;0,2;29;282,436;275,937;276;330;0,578704;0,578704;0;275,995;;6158,35
238;0,2;29,5;282,458;275,94;276;330;0,578704;0,578704;0;275,996;;6158,35
239;0,2;30;282,595;275,93;276;330;0,578704;0,578704;0;275,996;;6158,35
240;0,2;29,5;282,675;275,926;276;330;0,578704;0,578704;0;275,997;;6158,35
241;0,2;29,5;282,697;275,915;276;330;0,578704;0,578704;0;276,001;;6158,35
242;0,2;31;282,595;275,911;276;330;0,578704;0,578704;0;276,004;;6158,35
243;0,2;33,5;282,48;275,908;276;330;0,578704;0,578704;0;276,006;;6158,35
244;0,2;31;282,436;275,915;276;330;0,578704;0,578704;0;276,01;;6158,35
245;0,2;29,5;282,545;275,94;276;330;0,578704;0,578704;0;276,013;;6158,35
246;0,2;30;282,61;275,937;276;330;0,578704;0,578704;0;276,021;;6158,35
247;0,2;29,5;282,812;275,926;276;330;0,578704;0,578704;0;276,027;;6158,35
248;0,2;29;282,957;275,919;276;330;0,578704;0,578704;0;276,034;;6158,35
249;0,2;30;282,856;275,911;276;330;0,578704;0,578704;0;276,039;;6158,35
250;0,2;27,5;282,776;275,911;276;330;0,578704;0,578704;0;276,043;;6158,35
251;0,2;20;282,726;275,915;276;330;0,578704;0,578704;0;276,043;;6158,35
252;0,2;18,5;282,74;275,93;276;330;0,578704;0,578704;0;276,046;;6158,35
253;0,2;16;282,82;275,94;276;330;0,578704;0,578704;0;276,047;;6158,35
254;0,2;16,5;282,914;275,933;276;330;0,578704;0,578704;0;276,053;;6158,35
255;0,2;21;283,008;275,926;276;330;0,578704;0,578704;0;276,05;;6158,35
256;0,2;21;283,087;275,922;276;330;0,578704;0,578704;0;276,048;;6158,35
257;0,2;21;283,116;275,915;276;330;0,578704;0,578704;0;276,049;;6158,35
258;0,2;22;283,022;275,911;276;330;0,578704;0,578704;0;276,053;;6158,35
259;0,2;18,5;282,972;275,908;276;330;0,528067;0,578704;0;276,051;;6158,35
260;0,2;13;282,95;275,915;276;330;0,434028;0,578704;0;276,056;;6158,35
261;0,2;12;282,993;275,933;276;330;0,434028;0,578704;0;276,06;;6158,35
262;0,2;13;283,073;275,937;276;330;0,434028;0,578704;0;276,06;;6158,35
263;0,2;15;283,174;275,93;276;330;0,434028;0,578704;0;276,059;;6158,35
264;0,2;16;283,275;275,922;276;330;0,528067;0,578704;0;276,063;;6158,35
265;0,2;16,5;282,914;275,911;276;330;0,578704;0,578704;0;276,063;;6158,35
266;0,2;18,5;282,784;275,908;276;330;0,578704;0,578704;0;276,063;;6158,35
267;0,2;18,5;282,69;275,919;276;330;0,578704;0,578704;0;276,067;;6158,35
268;0,2;17,5;282,704;275,937;276;330;0,578704;0,578704;0;276,069;;6262,48
269;0,2;14;282,769;275,94;276;330;0,578704;0,578704;0;276,071;;6276,72
270;0,2;17;282,574;275,933;276;330;0,578704;0,578704;0;276,067;;6276,68
271;0,2;22;282,668;275,926;276;330;0,578704;0,578704;0;276,067;;6276,68
272;0,2;25,5;282,697;275,919;276;330;0,578704;0,578704;0;276,068;;6276,68
273;0,2;29,5;282,581;275,911;276;330;0,578704;0,578704;0;276,076;;6276,68
274;0,2;32,5;282,465;275,908;276;330;0,578704;0,578704;0;276,08;;6276,68
275;0,2;29,5;282,494;275,919;276;330;0,542535;0,578704;0;276,082;;6276,68
276;0,2;29,5;282,617;275,937;276;330;0,564236;0,578704;0;276,084;;6276,68
277;0,2;31,5;282,661;275,94;276;330;0,578704;0,578704;0;276,086;;6276,68
278;0,2;34;282,682;275,937;276;330;0,578704;0,578704;0;276,093;;6276,68
279;0,2;31;282,567;275,922;276;330;0,578704;0,578704;0;276,097;;6276,68
280;0,2;31;282,451;275,919;276;330;0,578704;0,578704;0;276,106;;6276,68
281;0,2;34,5;282,451;275,911;276;330;0,578704;0,578704;0;276,108;;6276,68
282;0,2;33;282,53;275,911;276;330;0,578704;0,578704;0;276,109;;6276,68
283;0,2;33;282,61;275,926;276;330;0,578704;0,578704;0;276,112;;6276,68
284;0,2;35,5;282,682;275,94;276;330;0,578704;0,578704;0;276,116;;6276,68
285;0,2;35,5;282,69;275,933;276;330;0,520833;0,578704;0;276,119;;6276,68
286;0,2;32,5;282,588;275,926;276;330;0,434028;0,578704;0;276,125;;6276,68
287;0,2;31,5;282,465;275,922;276;330;0,434028;0,578704;0;276,133;;6276,68
288;0,2;35,5;282,444;275,915;276;330;0,434028;0,578704;0;276,138;;6276,68
289;0,2;35,5;282,545;275,911;276;330;0,434028;0,578704;0;276,145;;6276,68
290;0,2;32;282,603;275,908;276;330;0,434028;0,578704;0;276,149;;6276,68
291;0,2;34,5;282,682;275,915;276;330;0,434028;0,578704;0;276,155;;6276,68
292;0,2;35,5;282,682;275,933;276;330;0,434028;0,578704;0;276,158;;6276,68
293;0,2;35;282,523;275,937;276;330;0,434028;0,578704;0;276,161;;6276,68
294;0,2;35;282,581;275,926;276;330;0,434028;0,578704;0;276,164;;6276,68
295;0,2;35;282,921;275,919;276;330;0,434028;0,578704;0;276,167;;6276,68
296;0,2;35;283,03;275,911;276;330;0,434028;0,62934;0;276,169;;6276,68
297;0,2;28;283,109;275,911;276;330;0,434028;0,622106;0;276,17;;6276,68
298;0,2;23;283,167;275,911;276;330;0,477431;0,578704;0;276,177;;6276,68
299;0,2;22;283,225;275,94;276;330;0,477431;0,578704;0;276,185;;6276,68
300;0,2;23;283,181;275,94;276;330;0,434028;0,578704;0;276,187;;6276,68
301;0,2;21;283,116;275,93;276;330;0,434028;0,578704;0;276,192;;6276,68
302;0,2;20,5;283,08;275,922;276;330;0,470197;0,578704;0;276,195;;6276,68
303;0,2;20;283,066;275,919;276;330;0,441262;0,578704;0;276,197;;6276,68
304;0,2;22;283,239;275,911;276;330;0,434028;0,578704;0;276,197;;6276,68
305;0,2;21;283,297;275,908;276;330;0,434028;0,578704;0;276,2;;6276,68
306;0,2;17,5;282,885;275,94;276;330;0,434028;0,578704;0;276,204;;6276,68
307;0,2;19,5;283,167;275,937;276;330;0,434028;0,578704;0;276,202;;6276,68
308;0,2;21;283,442;275,933;276;330;0,434028;0,578704;0;276,203;;6276,68
309;0,2;16,5;282,856;275,919;276;330;0,434028;0,578704;0;276,204;;6276,68
310;0,2;16;282,769;275,911;276;330;0,477431;0,578704;0;276,206;;6276,68
311;0,2;19,5;282,682;275,908;276;330;0,434028;0,578704;0;276,211;;6276,68
312;0,2;21;282,661;275,926;276;330;0,434028;0,578704;0;276,217;;6276,68
313;0,2;17;282,704;275,94;276;330;0,434028;0,578704;0;276,224;;6276,68
314;0,2;13;283,001;275,937;276;330;0,434028;0,578704;0;276,242;;6276,68
315;0,2;17,5;282,863;275,93;276;330;0,434028;0,578704;0;276,281;;6276,68
316;0,2;17,5;283,131;275,922;276;330;0,434028;0,578704;0;276,327;;6276,68
317;0,2;19,5;283,218;275,919;276;330;0,434028;0,578704;0;276,372;;6276,68
318;0,2;20;283,116;275,911;276;330;0,477431;0,578704;0;276,41;;6276,68
319;0,2;21;282,979;275,911;276;330;0,484664;0,578704;0;276,443;;6276,68
320;0,2;21;282,899;275,926;276;330;0,434028;0,578704;0;276,473;;6276,68
321;0,2;21;282,892;275,94;276;330;0,434028;0,578704;0;276,499;;6276,68
322;0,2;24;282,914;275,937;276;330;0,434028;0,578704;0;276,527;;6276,68
323;0,2;25;282,964;275,93;276;330;0,434028;0,578704;0;276,549;;6276,68
324;0,2;24;283,478;275,919;276;330;0,434028;0,578704;0;276,571;;6276,68
325;0,2;23;283,073;275,911;276;330;0,484664;0,578704;0;276,591;;6276,68
326;0,2;24;282,588;275,911;276;330;0,535301;0,578704;0;276,604;;6276,68
327;0,2;26;282,436;275,926;276;330;0,557002;0,578704;0;276,619;;6276,68
328;0,2;28;282,473;275,937;276;330;0,434028;0,578704;0;276,63;;6276,68
329;0,2;30;282,567;275,933;276;330;0,434028;0,578704;0;276,641;;6276,68
330;0,2;34,5;282,646;275,922;276;330;0,441262;0,578704;0;276,65;;6276,68
331;0,2;34,5;282,697;275,915;276;330;0,470197;0,622106;0;276,657;;6276,68
332;0,2;34;282,617;275,911;276;330;0,434028;0,578704;0;276,662;;6276,68
333;0,2;34,5;282,494;275,911;276;330;0,434028;0,578704;0;276,669;;6276,68
334;0,2;36;282,436;275,911;276;330;0,434028;0,578704;0;276,676;;6276,68
335;0,2;35,5;282,501;275,93;276;330;0,434028;0,578704;0;276,679;;6276,68
336;0,2;35;282,588;275,94;276;330;0,434028;0,578704;0;276,682;;6276,68
337;0,2;34,5;283,247;275,937;276;330;0,434028;0,578704;0;276,684;;6276,68
338;0,2;38,5;283,254;275,93;276;330;0,434028;0,578704;0;276,686;;6276,68
339;0,2;32,5;283,145;275,922;276;330;0,434028;0,578704;0;276,695;;6276,68
340;0,2;26,5;283,21;275,911;276;330;0,434028;0,578704;0;276,696;;6276,68
341;0,2;24;283,138;275,911;276;330;0,434028;0,578704;0;276,695;;6276,68
342;0,2;22;283,189;275,919;276;330;0,434028;0,557002;0;276,697;;6276,68
343;0,2;19,5;283,261;275,94;276;330;0,434028;0,434028;0;276,699;;6276,68
344;0,2;20;283,384;275,937;276;330;0,434028;0,434028;0;276,699;;6276,68
345;0,2;23,5;283,456;275,93;276;330;0,434028;0,434028;0;276,696;;6276,68
346;0,2;23;283,456;275,922;276;330;0,434028;0,448495;0;276,699;;6276,68
347;0,2;23;283,427;275,919;276;330;0,434028;0,470197;0;276,699;;6276,68
348;0,2;22,5;283,326;275,911;276;330;0,484664;0,470197;0;276,7;;6276,68
349;0,2;21;283,275;275,911;276;330;0,434028;0,441262;0;276,7;;6276,68
350;0,2;21;283,232;275,937;276;330;0,434028;0,491898;0;276,7;;6276,68
351;0,2;23,5;283,268;275,94;276;330;0,477431;0,491898;0;276,7;;6276,68
352;0,2;26;283,355;275,93;276;330;0,484664;0,484664;0;276,696;;6276,68
353;0,2;28;283,413;275,922;276;330;0,434028;0,448495;0;276,697;;6276,68
354;0,2;24;283,442;275,915;276;330;0,434028;0,477431;0;276,693;;6276,68
355;0,2;24;283,384;275,911;276;330;0,434028;0,434028;0;276,694;;6276,68
356;0,2;25;283,319;275,911;276;330;0,477431;0,455729;0;276,693;;6276,68
357;0,2;25;283,058;275,94;276;330;0,434028;0,506366;0;276,693;;6276,68
358;0,2;25;283,066;275,937;276;330;0,434028;0,477431;0;276,694;;6276,68
359;0,2;25;283,073;275,926;276;330;0,434028;0,477431;0;276,692;;6276,68
360;0,2;25;283,145;275,926;276;330;0,477431;0,470197;0;276,691;;6276,68
361;0,2;22;283,21;275,919;276;330;0,434028;0,477431;0;276,685;;6276,68
362;0,2;21,5;283,348;275,911;276;330;0,434028;0,434028;0;276,684;;6276,68
363;0,2;21;283,319;275,908;276;330;0,434028;0,477431;0;276,68;;6276,68
364;0,2;21;283,196;275,93;276;330;0,434028;0,578704;0;276,672;;6276,68
365;0,2;22,5;283,102;275,94;276;330;0,434028;0,578704;0;276,663;;6276,68
366;0,2;24;283,08;275,933;276;330;0,434028;0,578704;0;276,656;;6276,68
367;0,2;24;283,181;275,926;276;330;0,477431;0,578704;0;276,647;;6276,68
368;0,2;21;283,275;275,922;276;330;0,434028;0,578704;0;276,637;;6276,68
369;0,2;21,5;283,116;275,915;276;330;0,434028;0,578704;0;276,627;;6276,68
370;0,2;21;282,907;275,908;276;330;0,434028;0,455729;0;276,617;;6276,68
371;0,2;21;282,935;275,919;276;330;0,434028;0,434028;0;276,607;;6276,68
372;0,2;20;282,841;275,94;276;330;0,434028;0,520833;0;276,598;;6276,68
373;0,2;20,5;282,718;275,937;276;330;0,434028;0,477431;0;276,586;;6276,68
374;0,2;22,5;282,718;275,93;276;330;0,441262;0,434028;0;276,583;;6276,68
375;0,2;19;282,798;275,922;276;330;0,470197;0,434028;0;276,578;;6276,68
376;0,2;17,5;282,964;275,919;276;330;0,434028;0,484664;0;276,576;;6276,68
377;0,2;21;283,239;275,911;276;330;0,434028;0,484664;0;276,566;;6276,68
378;0,2;22,5;283,485;275,93;276;330;0,434028;0,462963;0;276,56;;6276,68
379;0,2;25;283,167;275,933;276;330;0,434028;0,484664;0;276,552;;6276,68
380;0,2;25,5;282,545;275,94;276;330;0,477431;0,477431;0;276,544;;6276,68
381;0,2;28;282,458;275,93;276;330;0,5136;0,484664;0;276,538;;6276,68
382;0,2;30;282,538;275,919;276;330;0,441262;0,434028;0;276,534;;6276,68
383;0,2;31;282,61;275,915;276;330;0,441262;0,434028;0;276,532;;6276,68
384;0,2;35,5;282,69;275,911;276;330;0,5136;0,5136;0;276,527;;6276,68
385;0,2;37;282,682;275,911;276;330;0,434028;0,484664;0;276,524;;6276,68
386;0,2;36,5;282,509;275,94;276;330;0,434028;0,542535;0;276,521;;6276,68
387;0,2;35;282,436;275,94;276;330;0,434028;0,462963;0;276,517;;6276,68
388;0,2;38;282,444;275,933;276;330;0,477431;0,434028;0;276,512;;6276,68
389;0,2;38,5;282,559;275,922;276;330;0,434028;0,528067;0;276,51;;6276,68
390;0,2;37,5;282,61;275,915;276;330;0,434028;0,477431;0;276,51;;6276,68
391;0,2;37;282,675;275,908;276;330;0,434028;0,477431;0;276,509;;6276,68
392;0,2;37,5;283,319;276,273;276;330;0,434028;0,557002;0;276,508;;6276,68
393;0,2;38;283,21;276,291;276;330;0,455729;0,506366;0;276,504;;6276,68
394;0,2;1;283,174;276,107;276;330;0,455729;0,434028;0;276,491;;6276,68
395;0,2;0;283,095;275,94;276;330;0,434028;0,477431;0;276,485;;6276,68
396;0,2;1;283,167;275,933;276;330;0,434028;0,434028;0;276,467;;6276,68
397;0,2;13;282,711;276,081;276;330;0,434028;0,434028;0;276,451;;6276,68
398;0,2;19;282,856;276,179;276;330;0,434028;0,477431;0;276,445;;6276,68
399;0,2;20,5;283,095;276,226;276;330;0,434028;0,520833;0;276,444;;6276,68
400;0,2;0;283,37;276,259;276;330;0,434028;0,462963;0;276,444;;6276,68
401;0,2;0;283,326;276,259;276;330;0,434028;0,484664;0;276,451;;6276,68
402;0,2;0;282,856;276,215;276;330;0,434028;0,491898;0;276,456;;6276,68
403;0,2;0;283,247;276,226;276;330;0,462963;0,491898;0;276,461;;6276,68
404;0,2;0;283,196;276,219;276;330;0,441262;0,477431;0;276,466;;6276,68
405;0,2;0;283,174;275,915;276;330;0,434028;0,491898;0;276,47;;6276,68
406;0,2;1;283,225;275,937;276;330;0,434028;0,477431;0;276,464;;6276,68
407;0,2;9;282,574;276,092;276;330;0,477431;0,484664;0;276,454;;6276,68
408;0,2;19,5;282,653;276,223;276;330;0,434028;0,520833;0;276,464;;6276,68
409;0,2;1;282,69;276,19;276;330;0,434028;0,434028;0;276,464;;6276,68
410;0,2;0;282,617;276,194;276;330;0,434028;0,5136;0;276,468;;6276,68
411;0,2;0;282,458;276,288;276;330;0,434028;0,528067;0;276,476;;6276,68
412;0,2;0;282,436;276,208;276;330;0,434028;0,434028;0;276,489;;6276,68
413;0,2;0;282,516;276,313;276;330;0,484664;0,477431;0;276,496;;6276,68
414;0,2;0;282,241;276,309;276;330;0,434028;0,5136;0;276,506;;6276,68
415;0,2;0;281,923;276,327;276;330;0,434028;0,455729;0;276,517;;6276,68
416;0,2;0;281,973;276,327;276;330;0,491898;0,441262;0;276,526;;6276,68
417;0,2;0;281,937;276,324;276;330;0,484664;0,470197;0;276,534;;6276,68
418;0,2;0;281,916;276,317;276;330;0,434028;0,455729;0;276,535;;6276,68
419;0,2;3,5;281,836;276,179;276;330;0,434028;0,455729;0;276,524;;6276,68
420;0,2;9;281,843;276,186;276;330;0,434028;0,441262;-1,37184;276,531;;6276,68
421;0,2;2,5;281,698;276,208;276;330;0,434028;0,491898;-8,85063;276,532;;6276,68
422;0,2;0;281,576;276,284;276;330;0,477431;0,499132;-10;276,54;;6276,68
423;0,2;0;281,633;276,204;276;330;0,434028;0,477431;-8,79136;276,547;;6276,68
424;0,2;0;281,59;276,168;276;330;0,477431;0,470197;-1,30678;276,56;;6276,68
425;0,2;0;281,532;276,237;276;330;0,434028;0,470197;0;276,576;;6276,68
426;0,2;0;281,416;276,241;276;330;0,434028;0,491898;0;276,589;;6276,68
427;0,2;0;281,416;276,19;276;330;0,477431;0,462963;0;276,544;;6276,68
428;0,2;2;281,113;276,215;276;330;0,491898;0,484664;0;276,544;;6276,68
429;0,2;0;280,787;276,266;276;330;0,462963;0,434028;-3,92192;276,57;;6276,68
430;0,2;0;280,852;276,28;276;330;0,434028;0,499132;-9,93498;276,586;;6276,68
431;0,2;0;280,888;276,277;276;330;0,434028;0,506366;-6,22592;276,599;;6276,68
432;0,2;0;280,881;276,306;276;330;0,477431;0,434028;-0,10992;276,505;;6276,68
433;0,2;6,5;280,83;276,302;276;330;0,455729;0,528067;0;276,447;;6276,68
434;0,2;20;280,932;276,053;276;330;0,448495;0,434028;0;276,478;;6276,68
435;0,2;28;280,65;276,078;276;330;0,434028;0,434028;0;276,527;;6276,68
436;0,2;38,5;280,483;276,078;276;330;0,434028;0,528067;-0,09664;276,586;;6276,68
437;0,2;46,5;280,577;276,06;276;330;0,477431;0,484664;-2,34688;276,636;;6276,68
438;0,2;0;280,635;276,103;276;330;0,434028;0,57147;-6,73408;276,711;;6276,68
439;0,2;5,5;280,592;276,107;276;330;0,470197;0,484664;-8,64128;276,799;;6276,68
440;0,2;16,5;280,462;276,06;276;330;0,441262;0,484664;-4,55552;276,811;;6276,68
441;0,2;32,5;280,389;276,056;276;330;0,434028;0,535301;-3,1584;276,831;;6276,68
442;0,2;28,5;280,425;276,081;276;330;0,455729;0,441262;-1,12832;276,832;;6276,68
443;0,2;31,5;280,519;276,11;276;330;0,499132;0,448495;0;276,803;;6276,68
444;0,2;1;280,621;276,244;276;330;0,477431;0,535301;0;276,775;;6276,68
445;0,2;0;280,642;276,219;276;330;0,434028;0,455729;0;276,779;;6276,68
446;0,2;2,5;280,483;276,317;276;330;0,448495;0,477431;0;276,774;;6276,68
447;0,2;0;280,389;276,324;276;330;0,506366;0,434028;0;276,781;;6276,68
448;0,2;0;280,433;276,248;276;330;0,484664;0,484664;0;276,781;;6276,68
449;0,2;1,5;280,512;276,241;276;330;0,477431;0,434028;0;276,788;;6276,68
450;0,2;16;280,606;276,298;276;330;0,434028;0,434028;0;276,818;;6276,68
451;0,2;31;280,642;276,241;276;330;0,484664;0,434028;0;276,846;;6276,68
452;0,2;2,5;280,592;276,179;276;330;0,434028;0,564236;0;276,854;;6276,68
453;0,2;0;280,454;276,175;276;330;0,434028;0,462963;0;276,848;;6276,68
454;0,2;1,5;280,389;276,157;276;330;0,441262;0,499132;0;276,811;;6276,68
455;0,2;6,5;280,462;276,121;276;330;0,5136;0,462963;0;276,832;;6276,68
456;0,2;14;280,519;276,19;276;330;0,434028;0,434028;0;276,856;;6276,68
457;0,2;23;280,635;276,114;276;330;0,434028;0,434028;0;276,871;;6276,68
458;0,2;25,5;280,65;276,194;276;330;0,441262;0,470197;0;276,871;;6276,68
459;0,2;0;280,49;276,06;276;330;0,470197;0,477431;0;276,844;;6276,68
460;0,2;1;280,396;276,071;276;330;0,434028;0,477431;0;276,796;;6276,68
461;0,2;1,5;280,425;276,071;276;330;0,434028;0,470197;0;276,846;;6276,68
462;0,2;0;280,498;276,053;276;330;0,434028;0,434028;0;276,85;;6276,68
463;0,2;0;280,57;276,053;276;330;0,434028;0,434028;0;276,767;;6276,68
464;0,2;4,5;280,642;276,045;276;330;0,434028;0,434028;0;276,686;;6276,68
465;0,2;18,5;280,613;276,089;276;330;0,434028;0,470197;0;276,711;;6276,68
466;0,2;26,5;280,49;276,081;276;330;0,434028;0,434028;0;276,738;;6276,68
467;0,2;13,5;280,404;276,143;276;330;0,434028;0,434028;0;276,777;;6276,68
468;0,2;0;280,44;276,44;276;330;0,434028;0,477431;0;276,792;;6276,68
469;0,2;0;280,541;276,421;276;330;0,434028;0,499132;0;276,81;;6276,68
470;0,2;0;280,592;276,436;276;330;1,70718;2,30758;0;276,826;;6276,68
471;0,2;0;280,635;276,447;276;330;92,3466;92,2454;0;276,839;;6276,68
472;0,2;0;280,512;276,458;276;330;263,361;260,706;0;276,851;;6276,68
473;0,2;0;280,418;276,443;276;330;388,585;386,885;0;276,863;;6276,68
474;0,2;0;279,999;276,443;276;330;466,421;464,236;0;276,874;;6276,68
475;0,2;0;279,876;276,443;276;330;509,737;509,324;0;276,883;;6276,68
476;0,2;0;280,129;276,447;276;330;534,968;534,65;0;276,896;;6276,68
477;0,2;0;280,129;276,425;276;330;548,828;547,888;0;276,906;;6276,68
478;0,2;0;280,172;276,447;276;330;555,476;554,702;0;276,916;;6276,68
479;0,2;0;280,136;276,447;276;330;558,001;557,212;0;276,926;;6276,68
480;0,2;0;280,208;276,454;276;330;558,326;557,444;0;276,934;;6276,68
481;0,2;0;279,905;276,436;276;330;557,111;556,293;0;276,942;;6276,68
482;0,2;0;279,839;276,425;276;330;555,23;554,29;0;276,949;;6276,68
483;0,2;0;279,839;276,421;276;330;552,821;551,845;0;276,955;;6276,68
484;0,2;0;279,514;276,44;276;330;550,101;549,233;0;276,96;;6276,68
485;0,2;0;279,499;276,436;276;330;547,323;546,369;0;276,965;;6276,68
486;0,2;0;279,557;276,443;276;330;544,567;543,736;0;276,969;;6276,68
487;0,2;0;279,601;276,45;276;330;542,137;541,341;0;276,973;;6276,68
488;0,2;0;279,478;276,432;276;330;540,538;539,634;0;276,976;;6276,68
489;0,2;0;279,362;276,425;276;330;539,757;538,947;0;276,979;;6276,68
490;0,2;0;279,348;276,429;276;330;539,945;539,243;0;276,982;;6276,68
491;0,2;0;279,478;276,443;276;330;541,066;540,328;0;276,984;;6276,68
492;0,2;0;279,608;276,432;276;330;542,831;542,18;0;276,986;;6276,68
493;0,2;0;279,015;276,44;276;330;544,965;544,191;0;276,988;;6276,68
494;0,2;0;279,138;276,421;276;330;547,28;546,615;0;276,99;;6276,68
495;0,2;0;279,08;276,414;276;330;549,768;549,06;0;276,991;;6276,68
496;0,2;0;279,123;276,396;276;330;552,199;551,483;0;276,992;;6276,68
497;0,2;0;279,109;276,418;276;330;554,716;554,036;0;276,993;;6276,68
498;0,2;0;279,159;276,425;276;330;557,277;556,576;0;276,994;;6276,68
499;0,2;0;279,217;276,421;276;330;559,881;559,194;0;276,995;;6276,68
500;0,2;0;279,333;276,414;276;330;562,355;561,683;0;276,996;;6276,68
501;0,2;0;279,34;276,407;276;330;564,858;564,2;0;276,996;;6276,68
502;0,2;0;279,333;276,403;276;330;567,31;566,479;0;276,997;;6276,68
503;0,2;0;278,841;276,421;276;330;569,64;568,801;0;276,997;;6276,68
504;0,2;0;278,364;276,414;276;330;571,759;571;0;276,995;;6276,68
505;0,2;0;278,356;276,425;276;330;573,626;572,917;0;276,99;;6276,68
506;0,2;0;278,436;276,418;276;330;575,6;574,834;0;276,96;;6276,68
507;0,2;0;278,516;276,414;276;330;577,279;576,548;0;276,906;;6276,68
508;0,2;0;278,588;276,407;276;330;578,696;578,016;0;276,86;;6276,68
509;0,2;0;278,559;276,403;276;330;579,984;579,34;0;276,819;;6276,68
510;0,2;0;278,393;276,421;276;330;581,018;580,382;0;276,783;;6276,68
511;0,2;0;278,356;276,432;276;330;581,821;581,207;0;276,751;;6276,68
512;0,2;0;278,393;276,44;276;330;582,581;581,944;0;276,722;;6276,68
513;0,2;0;278,451;276,436;276;330;583,131;582,465;0;276,697;;6276,68
514;0,2;0;278,501;276,429;276;330;583,586;582,928;0;276,675;;6276,68
515;0,2;0;278,588;276,414;276;330;583,97;583,283;0;276,655;;6276,68
516;0,2;0;278,545;276,411;276;330;584,252;583,601;0;276,637;;6276,68
517;0,2;0;277,951;276,407;276;330;584,484;583,775;0;276,622;;6276,68
518;0,2;0;277,865;276,418;276;330;584,672;583,97;0;276,608;;6276,68
519;0,2;0;277,908;276,436;276;330;584,961;584,172;0;276,604;;6276,68
520;0,2;1;278,002;276,429;276;330;584,968;584,281;0;276,596;;6276,68
521;0,2;4;278,074;276,418;276;330;584,99;584,303;0;276,574;;6276,68
522;0,2;2,5;278,154;276,411;276;330;585,019;584,346;0;276,561;;6276,68
523;0,2;0;278,226;276,403;276;330;584,932;584,346;0;276,538;;6276,68
524;0,2;0,5;278,248;276,403;276;330;585,019;584,346;0;276,524;;6276,68
525;0,2;4;278,241;276,418;276;330;584,823;584,18;0;276,507;;6276,68
526;0,2;6;278,147;276,425;276;330;584,715;584,006;0;276,493;;6276,68
527;0,2;9;278,096;276,421;276;330;584,433;583,789;0;276,481;;6276,68
528;0,2;12;277,648;276,429;276;330;584,209;583,492;0;276,472;;6276,68
529;0,2;8,5;277,72;276,421;276;330;583,912;583,254;0;276,465;;6276,68
530;0,2;0;277,792;276,414;276;330;583,594;582,964;0;276,456;;6276,68
531;0,2;0;277,85;276,421;276;330;583,283;582,697;0;276,449;;6276,68
532;0,2;0;277,836;276,436;276;330;582,972;582,335;0;276,431;;6276,68
533;0,2;2,5;277,727;276,44;276;330;582,661;582,06;0;276,414;;6276,68
534;0,2;6;277,337;276,432;276;330;582,4;581,829;0;276,402;;6276,68
535;0,2;9;277,351;276,425;276;330;582,205;581,561;0;276,396;;6276,68
536;0,2;14,5;277,431;276,418;276;330;581,966;581,424;0;276,397;;6276,68
537;0,2;16;277,517;276,418;276;330;581,778;581,163;0;276,403;;6276,68
538;0,2;16;277,582;276,421;276;330;581,691;581,105;0;276,414;;6276,68
539;0,2;17,5;277,517;276,443;276;330;581,626;581,018;0;276,419;;6276,68
540;0,2;18;277,423;276,44;276;330;581,568;580,917;0;276,426;;6276,68
541;0,2;18,5;277,329;276,432;276;330;581,366;580,765;0,002688;276,433;;6276,68
542;0,2;19,5;277,387;276,418;274,5;330;581,214;580,657;1,3069;276,436;;6275,33
543;0,2;17;277,445;276,421;273;330;581,098;580,541;4,52426;276,443;;6263,03
544;0,2;0;277,517;276,418;273;330;580,946;580,339;5;276,449;;6278,72
545;0,2;0;277,843;276,414;273;330;580,635;580,027;5;276,455;;6305,55
546;0,2;0;277,828;276,44;273;330;580,302;579,767;5;276,46;;6325,43
547;0,2;0;277,727;276,44;273;330;580,136;579,485;5;276,463;;6354,21
548;0,2;0;278,089;276,436;273;330;579,962;579,333;5;276,462;;6340,23
549;0,2;0;277,604;276,425;273;330;579,883;579,275;5;276,459;;6356,32
550;0,2;0;277,662;276,418;273;330;579,774;579,253;5;276,455;;6368,25
551;0,2;0;277,995;276,403;273;330;579,716;579,159;5;276,452;;6367,14
552;0,2;0;278,335;276,425;273;330;579,716;579,138;5;276,446;;6375,48
553;0,2;0;278,364;276,472;273;330;579,716;579,188;5;276,44;;6375,31
554;0,2;0;278,111;276,45;273;330;579,76;579,203;5;276,435;;6374
555;0,2;0;278,024;276,443;273;330;579,76;579,159;5;276,431;;6377,34
556;0,2;0;278,125;276,403;273;330;579,825;579,232;5;276,427;;6387,69
557;0,2;0;277,973;276,414;273;330;579,861;579,282;5,18506;276,424;;6382,5
558;0,2;0;278,009;276,425;273;330;579,861;579,282;8,1248;276,421;;6352,95
559;0,2;0;277,879;276,443;273;330;579,868;579,391;15,8869;276,418;;6304,26
560;0,2;0;278,053;276,447;273;330;579,904;579,391;24,8223;276,416;;6294,58
561;0,2;0;278,067;276,44;273;330;579,861;579,427;29,3925;276,414;;6312,41
562;0,2;0;278,067;276,44;273;330;579,825;579,311;30;276,412;;6325,51
563;0,2;0;278,118;276,432;273;330;579,622;579,116;30;276,411;;6337,65
564;0,2;0;278,024;276,425;273;330;579,42;578,877;30;276,409;;6342,17
565;0,2;0;277,944;276,418;273;330;579,087;578,573;30;276,408;;6339,49
566;0,2;0;277,792;276,429;273;330;578,689;578,176;30;276,407;;6339,03
567;0,2;0;277,814;276,45;273;330;578,436;577,85;30;276,405;;6337,27
568;0,2;0;277,416;276,454;273;330;578,118;577,503;30;276,399;;6338,12
569;0,2;0;277,496;276,44;273;330;577,908;577,192;30;276,388;;6342,2
570;0,2;0;277,59;276,432;273;330;577,626;577,025;30;276,378;;6335,99
571;0,2;0;277,481;276,436;273;330;577,517;576,845;30;276,37;;6331,25
572;0,2;0;277,358;276,44;273;330;577,358;576,693;30;276,359;;6338,1
573;0,2;0;277,337;276,44;273;330;577,25;576,57;30;276,349;;6336
574;0,2;0;277,423;276,432;273;330;577,112;576,541;30;276,337;;6333,3
575;0,2;0;277,488;276,45;273;330;577,112;576,389;30;276,328;;6330,35
576;0,2;0;277,568;276,458;273;330;577,025;576,309;30;276,314;;6332,46
577;0,2;0;277,481;276,436;273;330;576,874;576,23;30;276,299;;6345,61
578;0,2;0;277,423;276,403;273;330;576,823;576,208;30;276,277;;6345,13
579;0,2;0;277,308;276,421;273;330;576,736;576,244;30;276,257;;6344,79
580;0,2;0;277,365;276,45;273;330;576,866;576,244;30;276,239;;6340,58
581;0,2;0;277,467;276,45;273;330;576,83;576,244;30;276,221;;6343,33
582;0,2;0;277,532;276,44;273;330;576,866;576,244;30;276,197;;6343,36
583;0,2;0;277,496;276,425;273;330;576,801;576,107;30;276,175;;6332,46
584;0,2;0;277,329;276,425;273;330;576,678;576,099;30;276,155;;6338,71
585;0,2;0;277,315;276,429;273;330;576,678;576,034;30;276,136;;6344,52
586;0,2;0;277,394;276,45;273;330;576,534;575,883;30;276,112;;6334,76
587;0,2;0;277,474;276,45;273;330;576,49;575,723;30;276,087;;6333,64
588;0,2;0;277,539;276,44;273;330;576,411;575,76;30;276,066;;6323,3
589;0,2;0;277,467;276,44;273;330;576,302;575,651;30;276,047;;6327,87
590;0,2;0;277,315;276,432;273;330;576,15;575,586;30;276,024;;6335,64
591;0,2;0;277,308;276,425;273;330;576,136;575,448;30;275,998;;6325,93
592;0,2;0;277,38;276,421;273;330;576,078;575,369;30;275,976;;6335,41
593;0,2;0;277,452;276,45;273;330;575,955;575,232;30;275,954;;6339,98
594;0,2;0;277,539;276,465;273;330;575,904;575,232;30;275,925;;6330,08
595;0,2;0;277,322;276,277;273;330;575,904;575,188;30;275,9;;6327,06
596;0,2;0;276,852;276,154;273;330;575,81;575,188;30;275,878;;6324,09
597;0,2;0;277,025;276,053;273;330;575,81;575,232;30;275,858;;6322,39
598;0,2;0;277,033;276,049;273;330;575,81;575,181;30;275,831;;6320,02
599;0,2;0;277,076;276,038;273;330;575,803;575,159;30;275,804;;6321,26
600;0,2;0;277,134;276,056;273;330;575,666;575,087;30;275,78;;6323,48
601;0,2;0;277,199;276,045;273;330;575,666;575,043;30;275,751;;6321,78
602;0,2;0;277,228;276,06;273;330;575,666;574,928;30;275,722;;6298,7
603;0,2;0;277,214;276,063;273;330;575,528;574,848;30;275,697;;6271,26
604;0,2;0;277,098;276,056;273;330;575,47;574,761;30;275,669;;6252,62
605;0,2;0;277,011;276,02;273;330;575,347;574,609;30;275,639;;6241,65
606;0,2;0;276,989;276,034;273;330;575,232;574,602;30;275,611;;6233,49
607;0,2;0;277,033;276,049;273;330;575,232;574,588;30;275,581;;6223,84
608;0,2;2,5;277,083;276,038;273;330;575,094;574,508;30;275,545;;6221,84
609;0,2;9,5;277,076;276,165;273;330;575,087;574,378;30;275,514;;6217,92
610;0,2;19,5;277,127;276,132;273;330;574,971;574,313;30;275,497;;6214,48
611;0,2;27;277,127;276,06;273;330;574,812;574,154;30;275,481;;6214,09
612;0,2;37;277,054;276,081;273;330;574,653;574,031;30;275,464;;6210,6
613;0,2;45,5;276,931;276,056;273;330;574,638;573,995;30;275,45;;6208,02
614;0,2;54;276,837;276,053;273;330;574,508;573,879;30;275,433;;6206,35
615;0,2;59,5;276,917;276,128;273;330;574,421;573,749;30;275,416;;6203,4
616;0,2;62;276,902;276,085;273;330;574,363;573,785;30;275,401;;6200,75
617;0,2;69,5;277,033;276,165;273;330;574,363;573,662;30;275,385;;6199,54
618;0,2;76;277,163;276,237;273;330;574,248;573,604;30;275,366;;6197,26
619;0,2;79;277,17;276,186;273;330;574,219;573,495;30;275,347;;6191,29
620;0,2;79;277,431;276,136;273;330;574,175;573,452;30;275,331;;6191,09
621;0,2;79;277,315;276,262;273;330;574,023;573,372;30;275,312;;6189,26
622;0,2;79;277,322;276,172;273;330;573,915;573,184;30;275,293;;6186,87
623;0,2;79;278,009;276,132;273;330;573,712;573,011;30;275,271;;6186,31
624;0,2;79,5;278,132;276,219;273;330;573,604;572,859;30;275,244;;6185,46
625;0,2;79,5;278,393;276,223;273;330;573,401;572,685;30;275,217;;6184,62
626;0,2;79;278,559;276,197;273;330;573,351;572,692;30;275,191;;6183,94
627;0,2;76;278,436;276,067;273;330;573,3;572,627;30;275,162;;6182,42
628;0,2;75;279,102;275,911;273;330;573,351;572,627;30;275,131;;6181,24
629;0,2;72;278,971;275,911;273;330;573,351;572,519;30;275,096;;6179,92
630;0,2;71;279,304;275,919;273;330;573,351;572,483;30;275,063;;6179,47
631;0,2;72;279,521;275,937;273;330;573,242;572,432;30;275,029;;6177,02
632;0,2;73,5;279,962;275,933;273;330;573,177;572,381;30;274,992;;6177,02
633;0,2;77;280,129;275,93;273;330;573,112;572,302;30;274,957;;6177,02
634;0,2;71,5;280,179;275,919;273;330;573,025;572,28;30;274,92;;6177,02
635;0,2;67,5;280,44;275,911;273;330;573,011;572,215;30;274,883;;6175,73
636;0,2;70;280,556;275,911;273;330;572,888;572,063;30;274,844;;6175,62
637;0,2;74,5;280,773;275,933;273;330;572,772;572,049;30;274,806;;6175,62
638;0,2;77,5;281,221;275,94;273;330;572,772;572,049;30;274,766;;6174,24
639;0,2;80;281,684;275,933;273;330;572,765;572,02;30;274,724;;6171,85
640;0,2;86,5;281,612;275,926;273;330;572,627;571,904;30;274,68;;6171,18
641;0,2;88,5;281,836;275,922;273;330;572,627;571,861;30;274,637;;6170,02
642;0,2;89;281,764;275,919;273;330;572,497;571,803;30;274,593;;6168,89
643;0,2;85;282,458;275,911;273;330;572,425;571,759;30;274,551;;6167,63
644;0,2;90;282,444;275,792;273;330;572,432;571,723;30;274,501;;6167,21
645;0,2;93,5;282,661;275,81;273;330;572,41;571,615;30;274,457;;6165,72
646;0,2;99,5;283,189;275,705;273;330;572,338;571,615;30;274,412;;6163,44
647;0,2;108;283,608;275,564;273;330;572,338;571,593;30;274,364;;6162,99
648;0,2;120;283,688;275,564;273;330;572,331;571,521;30;274,316;;6162,99
649;0,2;120;283,558;275,687;273;330;572,251;571,47;30;274,272;;6162,99
650;0,2;123;284,021;275,684;273;330;572,338;571,615;30;274,231;;6162,99
651;0,2;133;284,397;275,553;273;330;572,425;571,615;30;274,19;;6162,99
652;0,2;141;284,592;275,553;273;330;572,338;571,615;30;274,147;;6162,46
653;0,2;146;285,077;275,568;273;330;572,338;571,578;30;274,107;;6161,59
654;0,2;141;285,511;275,604;273;330;572,266;571,513;30;274,065;;6161,59
655;0,2;140,5;285,757;275,716;273;330;572,157;571,354;30;274,022;;6160,66
656;0,2;141;285,684;275,561;273;330;572,049;571,246;30;273,98;;6160,19
657;0,2;143;286,162;275,416;273;330;571,962;571,202;30;273,943;;6160,19
658;0,2;151;286,314;275,405;273;330;571,969;571,181;30;273,904;;6159,42
659;0,2;152;286,777;275,376;273;330;571,926;571,079;30;273,866;;6158,99
660;0,2;152;287,254;275,394;273;330;571,817;571,036;30;273,829;;6158,29
661;0,2;156;287,818;275,412;273;330;571,759;570,956;30;273,792;;6156,18
662;0,2;160,5;288,166;275,405;273;330;571,759;570,978;30;273,755;;6154,97
663;0,2;156,5;288,592;275,398;273;330;571,716;570,949;30;273,722;;6152
664;0,2;146,5;288,636;275,387;273;330;571,593;570,891;30;273,693;;6149,16
665;0,2;147,5;289,301;275,38;273;330;571,427;570,775;30;273,661;;6149,16
666;0,2;152,5;289,598;275,398;273;330;571,419;570,624;30;273,632;;6149,16
667;0,2;153;290,09;275,387;273;330;571,333;570,558;30;273,605;;6149,16
668;0,2;147,5;290,531;275,405;273;330;571,267;570,457;30;273,577;;6149,16
669;0,2;144,5;290,878;275,409;273;330;571,181;570,457;30;273,546;;6148,38
670;0,2;141,5;291,073;275,344;273;330;571,181;570,457;30;273,517;;6147,71
671;0,2;139;291,421;275,279;273;330;571,123;570,457;30;273,489;;6145,01
672;0,2;128,5;291,768;275,275;273;330;571,036;570,312;30;273,458;;6144,96
673;0,2;124;291,97;275,275;273;330;571,036;570,312;30,1887;273,431;;6143,52
674;0,2;120,5;292,665;275,275;273;330;571,036;570,24;33,1891;273,408;;6135,14
675;0,2;119,5;292,781;275,275;273;330;570,978;570,168;40,8563;273,384;;6132,34
676;0,2;119,5;293,121;275,286;273;330;570,956;570,168;50,6648;273,357;;6132,34
677;0,2;118,5;293,67;275,311;273;330;570,992;570,269;57,7517;273,33;;6132,34
678;0,2;112,5;293,996;275,304;273;330;571,231;570,457;59,9458;273,299;;6131,97
679;0,2;111;294,198;275,304;273;330;571,658;570,841;60;273,268;;6130,93
680;0,2;111;294,437;275,293;273;330;572,389;571,398;60;273,233;;6130,93
681;0,2;111;294,734;275,286;273;330;573,047;572,078;60;273,197;;6130,93
682;0,2;110,5;295,03;275,279;273;330;573,539;572,475;60;273,162;;6130,93
683;0,2;110,5;295,312;275,271;273;330;573,792;572,671;60;273,123;;6130,93
684;0,2;110;295,356;275,26;273;330;573,864;572,663;60;273,085;;6130,93
685;0,2;115;296,007;275,26;273;330;573,749;572,627;60;273,049;;6130,15
686;0,2;116,5;295,906;274,91;273;330;573,64;572,483;60;273,006;;6126,73
687;0,2;113,5;295,898;274,924;273;330;573,524;572,367;60;272,962;;6126,73
688;0,2;119;296,26;274,913;273;330;573,336;572,179;60;272,92;;6126,73
689;0,2;122;296,318;274,906;273;330;573,177;572,049;60;272,876;;6125,58
690;0,2;131,5;296,369;274,895;273;330;573,105;571,904;60;272,835;;6121,72
691;0,2;137;297,049;274,884;273;330;573,069;571,81;60;272,794;;6121,1
692;0,2;139;297,005;274,888;273;330;573,003;571,745;60;272,752;;6117,26
693;0,2;142,5;296,875;274,913;273;330;572,917;571,615;60;272,715;;6116,93
694;0,2;150;296,983;274,924;273;330;572,794;571,477;60;272,676;;6115
695;0,2;162,5;297,049;274,917;273;330;572,649;571,361;60;272,641;;6113,48
696;0,2;170,5;297,128;274,91;273;330;572,483;571,202;60;272,609;;6111,33
697;0,2;172,5;297,627;274,899;273;330;572,439;571,231;60;272,572;;6110,15
698;0,2;174,5;298,098;274,891;273;330;572,439;571,224;60;272,539;;6109,59
699;0,2;181;298,04;274,884;273;330;572,483;571,181;60;272,51;;6108,53
700;0,2;184;298,228;274,888;273;330;572,345;571,166;60;272,484;;6107,33
701;0,2;191;298,148;274,913;273;330;572,28;571,036;60;272,461;;6105,51
702;0,2;188,5;298,459;274,92;273;330;572,157;570,935;60;272,433;;6105,51
703;0,2;194;298,85;274,91;273;330;572,063;570,891;60;272,406;;6105,51
704;0,2;196;299,096;274,902;273;330;572,012;570,87;60;272,383;;6105,25
705;0,2;200,5;299,291;274,895;273;330;571,947;570,747;60;272,362;;6103,49
706;0,2;201;299,747;274,888;273;330;571,904;570,79;60;272,343;;6102,71
707;0,2;201;300,109;274,884;273;330;571,933;570,754;60;272,327;;6102,71
708;0,2;199,5;300,181;274,899;273;330;571,926;570,747;60;272,312;;6102,6
709;0,2;201;300,535;274,92;273;330;571,904;570,71;60;272,299;;6101,31
710;0,2;200,5;300,904;274,917;273;330;571,803;570,624;60;272,288;;6101,31
711;0,2;196,5;301,374;274,899;273;330;571,716;570,515;60;272,278;;6101,31
712;0,2;189,5;301,837;274,891;273;330;571,6;570,356;60;272,266;;6101,31
713;0,2;176;302,199;274,884;273;330;571,434;570,182;60;272,256;;6099,49
714;0,2;171,5;302,148;274,888;273;330;571,13;570,023;60;272,239;;6097,12
715;0,2;171,5;302,792;274,91;273;330;571,036;569,893;60;272,226;;6096,87
716;0,2;167;302,836;274,725;273;330;571,036;569,878;60;272,215;;6095,66
717;0,2;159,5;302,93;274,515;273;330;571,036;569,878;60;272,209;;6094,32
718;0,2;151,5;303,378;274,523;273;330;571,036;569,878;60;272,201;;6094,32
719;0,2;149;303,877;274,519;273;330;571,123;569,878;60;272,19;;6092,96
720;0,2;137,5;303,668;274,62;273;330;571,036;569,871;60;272,182;;6092,13
721;0,2;132,5;304,217;274,483;273;330;570,985;569,777;60;272,174;;6091,57
722;0,2;135,5;304,044;274,729;273;330;570,848;569,734;60;272,166;;6090,73
723;0,2;134;303,957;274,736;273;330;570,848;569,734;60;272,159;;6090,53
724;0,2;128,5;304,181;274,758;273;330;570,826;569,734;60;272,155;;6087,98
725;0,2;128;304,29;274,783;273;330;570,833;569,734;60;272,151;;6086,19
726;0,2;128;304,391;274,794;273;330;570,797;569,734;60;272,146;;6085,52
727;0,2;120;304,449;274,801;273;330;570,696;569,611;60;272,139;;6085,52
728;0,2;113;304,456;274,801;273;330;570,747;569,589;60;272,136;;6085,52
729;0,2;113;304,782;274,797;273;330;570,718;569,589;60;272,134;;6085,52
730;0,2;117,5;305,078;274,797;273;330;570,602;569,546;60;272,133;;6085,52
731;0,2;114,5;305,027;274,667;273;330;570,602;569,466;60;272,134;;6085,52
732;0,2;111,5;305,013;274,685;273;330;570,602;569,444;60;272,138;;6085,52
733;0,2;111;305,136;274,787;273;330;570,486;569,444;60;272,145;;6085,52
734;0,2;110,5;305,245;274,779;273;330;570,501;569,444;60;272,151;;6085,52
735;0,2;107,5;305,194;274,761;273;330;570,544;569,343;60;272,156;;6085,52
736;0,2;106,5;305,107;274,758;273;330;570,558;569,3;60;272,161;;6085,52
737;0,2;105;305,013;274,747;273;330;570,58;569,3;60;272,165;;6085,52
738;0,2;101;304,724;274,599;273;330;570,486;569,3;60;272,169;;6085,52
739;0,2;108;304,767;274,588;273;330;570,515;569,3;60;272,176;;6085,52
740;0,2;117,5;304,89;274,573;273;330;570,595;569,3;60;272,182;;6085,52
741;0,2;111,5;304,774;274,638;273;330;570,544;569,3;60;272,187;;6084,71
742;0,2;102;304,738;274,602;273;330;570,457;569,3;60;272,194;;6084,12
743;0,2;103,5;304,355;274,664;273;330;570,457;569,198;60;272,2;;6083,84
744;0,2;101;303,986;274,656;273;330;570,363;569,09;60;272,209;;6081,92
745;0,2;98;303,921;274,649;273;330;570,284;569,01;60;272,216;;6078,45
746;0,2;102;304;274,66;273;330;569,958;568,873;60;272,226;;6076,78
747;0,2;104,5;304,138;274,656;273;330;569,727;568,569;60;272,235;;6074,91
748;0,2;106;303,841;274,674;273;330;569,502;568,323;60;272,243;;6074,35
749;0,2;102;303,393;274,693;273;330;569,35;568,236;60;272,254;;6069,49
750;0,2;108;303,306;274,711;273;330;569,379;568,164;60;272,259;;6068,77
751;0,2;111;303,212;274,736;273;330;569,3;568,142;60;272,267;;6067,79
752;0,2;106,5;302,93;274,638;273;330;569,3;568,142;60;272,281;;6067,37
753;0,2;110;303,017;274,631;273;330;569,3;568,164;60;272,295;;6066,45
754;0,2;113,5;303,139;274,642;273;330;569,3;568,287;60;272,307;;6065,98
755;0,2;114;303,197;274,501;273;330;569,3;568,287;60;272,317;;6065,98
756;0,2;112,5;302,836;274,497;273;330;569,264;568,287;60;272,33;;6065,98
757;0,2;116,5;302,734;274,486;273;330;569,35;568,309;60;272,341;;6064,84
758;0,2;114;302,698;274,494;273;330;569,444;568,309;60;272,353;;6064,52
759;0,2;112;302,279;274,508;273;330;569,444;568,374;60;272,366;;6063,15
760;0,2;113;301,895;274,523;273;330;569,444;568,475;60;272,377;;6061,73
761;0,2;118;302,018;274,526;273;330;569,444;568,432;60;272,387;;6061,73
762;0,2;114,5;302,12;274,526;273;330;569,444;568,432;60;272,4;;6061,73
763;0,2;113,5;302,127;274,533;273;330;569,401;568,309;60;272,411;;6061,73
764;0,2;112;301,787;274,526;273;330;569,35;568,287;60;272,416;;6061,14
765;0,2;108;301,729;274,504;273;330;569,35;568,287;60;272,422;;6058,75
766;0,2;107;301,649;274,515;273;330;569,358;568,287;60;272,43;;6057,55
767;0,2;110,5;301,613;274,512;273;330;569,444;568,316;60;272,433;;6057,55
768;0,2;110;301,642;274,501;273;330;569,444;568,338;60;272,437;;6057,55
769;0,2;103,5;301,736;274,468;273;330;569,517;568,49;60;272,439;;6057,55
770;0,2;98,5;301,1;274,389;273;330;569,755;568,678;60;272,445;;6056,52
771;0,2;99;301,15;274,425;273;330;569,936;568,721;60;272,448;;6056,15
772;0,2;107,5;301,078;274,418;273;330;569,973;568,764;60;272,448;;6056,15
773;0,2;109;300,977;274,407;273;330;569,994;568,728;60;272,453;;6056,15
774;0,2;108;300,897;274,392;273;330;570,009;568,721;60;272,456;;6056,15
775;0,2;107,5;300,716;274,385;273;330;569,878;568,663;60;272,458;;6056,15
776;0,2;109,5;300,615;274,392;273;330;569,763;568,497;60;272,461;;6054,04
777;0,2;114,5;300,716;274,41;273;330;569,618;568,432;60;272,46;;6048,97
778;0,2;118;300,637;274,41;273;330;569,654;568,287;60;272,46;;6047,3
779;0,2;119;300,6;274,403;273;330;569,502;568,178;60;272,463;;6042,98
780;0,2;117;300,55;274,396;273;330;569,394;568,142;60;272,462;;6039,63
781;0,2;113;300,557;274,407;273;330;569,336;568,005;60;272,46;;6039,49
782;0,2;112,5;300,47;274,396;273;330;569,22;567,853;60;272,46;;6039,49
783;0,2;112;300,514;274,371;273;330;569,155;567,896;60;272,458;;6038,16
784;0,2;113;300,564;274,374;273;330;569,155;567,853;60;272,458;;6038,1
785;0,2;111,5;300,745;274,432;273;330;569,104;567,81;60;272,459;;6038,1
786;0,2;115,5;300,752;274,421;273;330;569,061;567,81;60;272,454;;6038,1
787;0,2;118;300,022;274,389;273;330;569,133;567,839;60;272,448;;6038,1
788;0,2;119;299,92;274,382;273;330;569,068;567,708;60;272,446;;6038,1
789;0,2;122;299,848;274,374;273;330;569,003;567,585;60;272,442;;6036,54
790;0,2;128,5;299,877;274,396;273;330;568,866;567,564;60;272,44;;6033,92
791;0,2;133,5;299,986;274,418;273;330;568,837;567,462;60;272,436;;6030,57
792;0,2;133;300,116;274,4;273;330;568,721;567,419;60;272,432;;6029,02
793;0,2;134;300,08;274,403;273;330;568,866;567,448;60;272,428;;6029,02
794;0,2;134,5;299,993;274,421;273;330;568,887;567,513;60;272,425;;6029,02
795;0,2;132,5;299,877;274,389;273;330;568,895;567,556;60;272,426;;6029,02
796;0,2;133;300,051;274,374;273;330;568,866;567,484;60;272,431;;6029,02
797;0,2;135;300,094;274,371;273;330;568,815;567,499;60;272,436;;6028,38
798;0,2;134,5;300,21;274,389;273;330;568,663;567,39;60;272,443;;6027,63
799;0,2;132,5;300,318;274,421;273;330;568,576;567,274;60;272,449;;6027,63
800;0,2;132,5;300,347;274,41;273;330;568,576;567,274;60;272,455;;6026,24
801;0,2;128,5;300,289;274,392;273;330;568,62;567,318;60;272,461;;6025,52
802;0,2;122;300,239;274,389;273;330;568,547;567,231;60;272,466;;6024,85
803;0,2;122;300,21;274,385;273;330;568,562;567,274;60;272,47;;6024,85
804;0,2;122;300,145;274,378;273;330;568,432;567,144;60;272,473;;6024,85
805;0,2;123;300,058;274,392;273;330;568,432;567,065;60;272,477;;6024,85
806;0,2;123,5;300,072;274,407;274;330;568,432;567,05;60;272,484;;6024,24
807;0,2;119,5;300,159;274,407;275;330;568,432;567,166;60;272,488;;6023,46
808;0,2;162,5;300,246;274,403;275;330;568,504;567,231;60;272,499;;6023,29
809;0,2;238;300,297;274,392;275;330;568,627;567,267;60;272,504;;6021,74
810;0,2;329;300,333;274,378;275;330;568,576;567,238;60;272,509;;6017,09
811;0,2;420,5;301,136;274,371;275;330;568,576;567,274;60;272,518;;6012,77
812;0,2;511,5;301,049;274,382;275;330;568,576;567,274;60;272,528;;6009,05
813;0,2;579,5;301,331;274,385;275;330;568,699;567,282;60;272,538;;6006,69
814;0,2;683,5;301,454;274,403;275;330;568,721;567,332;60;272,545;;6004,41
815;0,2;702,5;301,866;274,382;275;330;568,721;567,332;60;272,555;;6004,12
816;0,2;716,5;303,045;274,371;275;330;568,699;567,274;60;272,564;;6004,12
817;0,2;716,5;303,682;274,367;275;330;568,605;567,166;60;272,569;;6004,12
818;0,2;717,5;305,093;274,36;275;330;568,598;567,216;60;272,574;;6003,14
819;0,2;710,5;306,568;274,356;275;330;568,569;567,101;60;272,577;;5999,28
820;0,2;697;307,624;274,356;275;330;568,417;567,028;60;272,582;;5998,56
821;0,2;627;309,997;274,396;275;330;568,287;566,992;60;272,591;;5998,56
822;0,2;580,5;311,733;274,4;275;330;568,287;566,927;60;272,594;;5998,56
823;0,2;524,5;313,592;274,389;275;330;568,193;566,84;60;272,596;;5998,56
824;0,2;472;314,952;274,382;275;330;568,193;566,717;60;272,596;;5998,56
825;0,2;444;315,856;274,378;275;330;568,142;566,696;60;272,597;;5998,56
826;0,2;394;316,84;274,378;275;330;568,019;566,696;60;272,596;;5998,01
827;0,2;354;318,07;274,378;275;330;567,998;566,681;60;272,602;;5995,73
828;0,2;315,5;319,047;274,371;275;330;567,998;566,667;60;272,611;;5994,4
829;0,2;279,5;320,045;274,414;275;330;567,976;566,573;60;272,617;;5993,46
830;0,2;247,5;321,159;274,396;275;330;567,853;566,421;60;272,625;;5993,01
831;0,2;212,5;322,193;274,374;275;330;567,73;566,348;60;272,632;;5993,01
832;0,2;181,5;322,88;274,367;275;330;567,708;566,262;60;272,639;;5993,01
833;0,2;160;323,589;274,356;275;330;567,708;566,262;60;272,64;;5991,88
834;0,2;134,5;324,342;274,349;275;330;567,665;566,262;60;272,645;;5991,63
835;0,2;106,5;324,87;274,356;275;330;567,708;566,262;60;272,648;;5990,99
836;0,2;88,5;325,34;274,385;275;330;567,708;566,262;60;272,655;;5989,16
837;0,2;71,5;325,644;274,392;275;330;567,745;566,262;60;272,66;;5987,52
838;0,2;51;325,919;274,389;275;330;567,708;566,262;60;272,662;;5986,8
839;0,2;39;325,933;274,309;275;330;567,708;566,262;60;272,663;;5986,08
840;0,2;30;326,664;274,143;275;330;567,708;566,262;60;272,669;;5986,08
841;0,2;27,5;326,251;274,222;275;330;567,708;566,233;60;272,676;;5986,08
842;0,2;10,5;325,854;274,24;275;330;567,65;566,117;60;272,666;;5985,97
843;0,2;0;325,781;274,269;275;330;567,564;566,081;60;272,662;;5983,83
844;0,2;1,5;325,608;274,273;275;330;567,564;566,081;60;272,65;;5981,09
845;0,2;7,5;325,557;274,259;275;330;567,564;566,117;60;272,642;;5980,23
846;0,2;11,5;324,899;274,259;275;330;567,564;566,088;60;272,646;;5977,16
847;0,2;20,5;324,689;274,248;275;330;567,542;566,016;60;272,652;;5974,25
848;0,2;39;323,821;274,244;275;330;567,47;565,929;60;272,664;;5967,11
849;0,2;56;323,206;274,251;275;330;567,332;565,885;60;272,677;;5960,93
850;0,2;73;322,606;274,28;275;330;567,361;565,849;60;272,691;;5959,91
851;0,2;97,5;321,716;274,291;275;330;567,332;565,914;60;272,704;;5959,91
852;0,2;117,5;321,202;274,154;275;330;567,419;565,777;60;272,72;;5959,91
853;0,2;137;320,812;274,013;275;330;567,383;565,784;60;272,737;;5959,91
854;0,2;154;320,03;274,259;275;330;567,368;565,777;60;272,748;;5959,91
855;0,2;176,5;319,213;274,251;275;330;567,383;565,828;60;272,76;;5959,91
856;0,2;191,5;318,859;274,244;275;330;567,419;565,871;60;272,778;;5959,91
857;0,2;205,5;318,229;274,146;275;330;567,368;565,734;60;272,798;;5959,91
858;0,2;221;317,679;274,07;275;330;567,455;565,871;60;272,818;;5959,91
859;0,2;240;317,014;274,179;275;330;567,433;565,828;60;272,832;;5959,91
860;0,2;244,5;316,71;274,168;275;330;567,383;565,828;60;272,848;;5956,75
861;0,2;247;316,341;274,049;275;330;567,303;565,777;60;272,864;;5955,75
862;0,2;259;316,464;274,027;275;330;567,274;565,683;60;272,883;;5955,75
863;0,2;270,5;315,864;274,128;275;330;567,137;565,661;60;272,901;;5955,75
864;0,2;277;316,059;274,031;275;330;567,13;565,538;60;272,916;;5955,75
865;0,2;280,5;315,972;274,063;275;330;566,956;565,401;60;272,933;;5953,85
866;0,2;279;315,958;274,407;275;330;566,761;565,198;60;272,949;;5952,99
867;0,2;268,5;315,857;274,396;275;330;566,609;565,075;60;272,964;;5952,99
868;0,2;263,5;315,784;274,389;275;330;566,348;564,808;60;272,979;;5951,66
869;0,2;263,5;315,82;274,382;275;330;566,102;564,583;60;272,995;;5951,6
870;0,2;259;316,146;274,367;275;330;565,907;564,243;60;273,016;;5951,6
871;0,2;252;316,522;274,382;275;330;565,582;564,034;60;273,037;;5951,6
872;0,2;253;316,493;274,41;275;330;565,393;563,824;60;273,054;;5950,28
873;0,2;239;316,486;274,403;275;330;565,09;563,571;60;273,074;;5947,9
874;0,2;225,5;316,898;274,396;275;330;564,851;563,289;60;273,091;;5946,07
875;0,2;222,5;316,84;274,385;275;330;564,648;563,021;60;273,109;;5944,39
876;0,2;208;317,036;274,374;275;330;564,453;562,869;60;273,123;;5943,31
877;0,2;197;317,31;274,371;275;330;564,287;562,789;60;273,138;;5942,86
878;0,2;188,5;317,477;274,421;275;330;564,251;562,659;60;273,154;;5941,92
879;0,2;177,5;317,527;274,407;275;330;564,258;562,681;60;273,167;;5940,87
880;0,2;173,5;318,273;274,378;275;330;564,236;562,645;60;273,181;;5940,04
881;0,2;163;318,222;274,392;275;330;564,279;562,717;60;273,201;;5939,16
882;0,2;149;318,171;274,403;275;330;564,251;562,71;60;273,218;;5936,81
883;0,2;141,5;318,135;274,4;275;330;564,308;562,739;60;273,237;;5935,48
884;0,2;140;318,106;274,349;275;330;564,316;562,789;60;273,254;;5932,11
885;0,2;139;318,113;274,374;275;330;564,381;562,826;60;273,267;;5929,49
886;0,2;130;318,164;274,552;275;330;564,33;562,789;60;273,289;;5928,11
887;0,2;125;318,302;274,552;275;330;564,214;562,652;60;273,311;;5928,11
888;0,2;126;318,048;274,624;275;330;564,055;562,493;60;273,332;;5928,11
889;0,2;124;317,433;274,711;275;330;564,005;562,355;60;273,35;;5926,76
890;0,2;120,5;317,39;274,627;275;330;563,997;562,406;60;273,37;;5923,97
891;0,2;119,5;317,296;274,74;275;330;563,99;562,478;60;273,393;;5923,97
892;0,2;118;317,339;274,74;275;330;563,911;562,449;60;273,412;;5923,97
893;0,2;112,5;316,616;274,758;275;330;563,867;562,355;60;273,433;;5923,94
894;0,2;111;316,71;274,758;275;330;563,802;562,355;60;273,452;;5922,39
895;0,2;121,5;316,602;274,761;275;330;563,903;562,355;60;273,476;;5921,21
896;0,2;123;316,464;274,696;275;330;563,99;562,442;60;273,495;;5921,12
897;0,2;119,5;316,175;274,801;275;330;564,099;562,609;60;273,518;;5919,14
898;0,2;119,5;315,914;274,913;275;330;564,236;562,753;60;273,54;;5913,76
899;0,2;124;315,56;274,92;275;330;564,337;562,789;60;273,56;;5911,55
900;0,2;124;315,256;274,913;275;330;564,395;562,826;60;273,583;;5911,55
901;0,2;125,5;315,184;274,906;275;330;564,526;562,934;60;273,607;;5911,55
902;0,2;125;315,09;274,899;275;330;564,489;562,934;60;273,628;;5911,55
903;0,2;133,5;314,46;274,891;275;330;564,381;562,818;60;273,653;;5910,17
904;0,2;136;314,374;274,884;275;330;564,323;562,789;60;273,679;;5910,03
905;0,2;136;314,005;274,884;275;330;564,236;562,695;60;273,706;;5908,79
906;0,2;134,5;313,824;274,913;275;330;564,279;562,659;60;273,737;;5908,79
907;0,2;137;313,202;274,92;275;330;564,33;562,811;60;273,765;;5908,79
908;0,2;137,5;313,31;275,13;277;330;564,533;562,934;60;273,792;;5908,79
909;0,2;166,5;313,129;275,134;277;330;564,634;563,071;60;273,823;;5908,79
910;0,2;233,5;312,985;275,087;277;330;564,598;563,071;60;273,853;;5908,79
911;0,2;320,5;312,674;275,141;277;330;564,526;562,999;60;273,88;;5908,79
912;0,2;414;312,37;275,127;277;330;564,54;563,006;60;273,911;;5908,79
913;0,2;501,5;312,124;275,145;277;330;564,569;563,064;60;273,944;;5908,02
914;0,2;592;312,182;275,156;277;330;564,648;563,086;60;273,98;;5907,41
915;0,2;673,5;312,724;275,297;277;330;564,67;563,223;60;274,008;;5907,41
916;0,2;705,5;312,746;275,416;277;330;564,67;563,108;60;274,037;;5907,41
917;0,2;712;313,723;275,43;277;330;564,67;563,079;60;274,067;;5906,17
918;0,2;713;314,157;275,423;277;330;564,627;562,992;60;274,102;;5903,61
919;0,2;713;314,808;275,409;277;330;564,547;562,934;60;274,136;;5901,9
920;0,2;713,5;315,625;275,42;277;330;564,424;562,826;60;274,166;;5901,9
921;0,2;713;316,826;275,452;277;330;564,345;562,789;60;274,193;;5901,02
922;0,2;707;319,025;275,448;277;330;564,33;562,789;60;274,22;;5897,69
923;0,2;696,5;320,992;275,441;277;330;564,33;562,746;60;274,246;;5892,43
924;0,2;631;322,078;275,434;277;330;564,345;562,768;60;274,273;;5892,43
925;0,2;564,5;323,944;275,521;277;330;564,279;562,688;60;274,303;;5892,43
926;0,2;491;325,036;275,557;277;330;564,374;562,681;60;274,332;;5890,72
927;0,2;435;326,924;275,571;277;330;564,308;562,739;60;274,358;;5888,29
928;0,2;375,5;327,604;275,694;277;330;564,33;562,652;60;274,38;;5888,29
929;0,2;314;328,87;275,803;277;330;564,424;562,811;60;274,407;;5888,29
930;0,2;280,5;329,449;275,788;277;330;564,526;563,014;60;274,434;;5886,83
931;0,2;231;330,476;275,647;277;330;564,591;562,985;60;274,458;;5884,85
932;0,2;193;331,474;275,785;277;330;564,67;562,985;60;274,48;;5882,79
933;0,2;167,5;331,952;275,774;277;330;564,67;563,079;60;274,502;;5882,79
934;0,2;144,5;332,907;275,883;277;330;564,67;563,079;60;274,521;;5880,81
935;0,2;113;333,384;275,94;277;330;564,67;563,079;60;274,543;;5876,57
936;0,2;84;333,919;275,937;277;330;564,67;563,079;60;274,562;;5874,62
937;0,2;62,5;334,274;275,933;277;330;564,8;563,079;60;274,586;;5874,53
938;0,2;42,5;334,903;275,93;277;330;564,728;563,079;60;274,609;;5874,53
939;0,2;15;334,874;275,919;277;330;564,67;562,956;60;274,627;;5874,18
940;0,2;0;334,845;275,915;277;330;564,67;563,071;60;274,645;;5871,1
941;0,2;0;334,816;275,911;277;330;564,67;563,079;60;274,666;;5870,41
942;0,2;0;334,78;275,915;277;330;564,858;563,187;60;274,691;;5870,41
943;0,2;0;334,476;276,27;277;330;564,931;563,346;60;274,715;;5870,41
944;0,2;0;334,165;276,288;277;330;565,104;563,498;60;274,739;;5870,41
945;0,2;0;333,818;276,291;277;330;565,177;563,6;60;274,768;;5870,05
946;0,2;0;333,355;276,302;277;330;565,249;563,6;60;274,794;;5869,03
947;0,2;0;332,849;276,284;277;330;565,256;563,636;60;274,819;;5867,96
948;0,2;0;332,017;276,266;277;330;565,328;563,657;60;274,848;;5867,66
949;0,2;0;331,503;276,251;277;330;565,285;563,527;60;274,874;;5867,66
950;0,2;1;330,44;276,251;277;330;565,249;563,607;60;274,89;;5866,81
951;0,2;6;329,89;276,237;277;330;565,249;563,585;60;274,898;;5864,96
952;0,2;21;328,856;276,418;277;330;565,393;563,636;60;274,922;;5863,56
953;0,2;44;328,494;276,454;277;330;565,393;563,701;60;274,954;;5862,16
954;0,2;66;327,525;276,476;277;330;565,35;563,657;60;274,99;;5861,25
955;0,2;87,5;326,722;276,458;277;330;565,357;563,643;60;275,025;;5860,79
956;0,2;112;325,796;276,432;277;330;565,249;563,513;60;275,064;;5860,79
957;0,2;133,5;324,949;276,407;277;330;565,271;563,592;60;275,108;;5860,79
958;0,2;152;324,407;276,432;277;330;565,343;563,665;60;275,147;;5859,91
959;0,2;164;323,119;276,45;277;330;565,43;563,817;60;275,188;;5859,41
960;0,2;178,5;322,548;276,458;277;330;565,538;563,831;60;275,231;;5859,41
961;0,2;196,5;321,615;276,443;277;330;565,451;563,802;60;275,277;;5858,45
962;0,2;211;321,463;276,436;277;330;565,502;563,838;60;275,323;;5858,04
963;0,2;216,5;320,783;276,794;277;330;565,538;563,853;60;275,366;;5858,04
964;0,2;217;320,573;276,78;277;330;565,538;563,845;60;275,414;;5857,85
965;0,2;220,5;319,784;276,765;277;330;565,437;563,751;60;275,455;;5853,19
966;0,2;228;319,604;276,743;277;330;565,437;563,766;60;275,499;;5852,84
967;0,2;227;319,43;276,758;277;330;565,393;563,802;60;275,544;;5852,84
968;0,2;224,5;318,989;276,78;277;330;565,393;563,802;60;275,59;;5852,76
969;0,2;224;318,54;276,812;277;330;565,437;563,802;60;275,633;;5849,19
970;0,2;218;318,576;276,812;277;330;565,43;563,802;60;275,678;;5848,73
971;0,2;209,5;318,996;276,722;277;330;565,393;563,802;60;275,723;;5848,73
972;0,2;202,5;318,562;276,722;277;330;565,444;563,802;60;275,769;;5847,44
973;0,2;200,5;318,461;276,602;277;330;565,393;563,78;60;275,817;;5845,85
974;0,2;190;318,396;276,939;277;330;565,393;563,657;60;275,864;;5845,8
975;0,2;183;318,367;276,939;277;330;565,393;563,751;60;275,913;;5845,74
976;0,2;172;318,33;276,953;277;330;565,43;563,751;60;275,962;;5841,76
977;0,2;162,5;318,359;276,96;277;330;565,408;563,802;60;276,01;;5840,91
978;0,2;148;318,027;276,96;277;330;565,437;563,802;60;276,054;;5840,31
979;0,2;132,5;318,157;276,957;277;330;565,538;563,802;60;276,096;;5840,31
980;0,2;133,5;318,157;276,95;277;330;565,538;563,838;60;276,142;;5840,31
981;0,2;123,5;318,063;277,101;277;330;565,538;563,874;60;276,178;;5838,08
982;0,2;113;318,019;277,094;277;330;565,538;563,802;60;276,22;;5837,56
983;0,2;102;317,81;277,214;277;330;565,582;563,802;60;276,265;;5836,05
984;0,2;89;317,383;277,221;277;330;565,473;563,751;60;276,306;;5834,82
985;0,2;82,5;317,339;277,239;277;330;565,437;563,795;60;276,343;;5832,93
986;0,2;75,5;317,491;277,347;277;330;565,43;563,657;60;276,382;;5831,08
987;0,2;66,5;317,101;277,34;277;330;565,495;563,686;60;276,42;;5830,67
988;0,2;57;316,819;277,387;277;330;565,538;563,845;60;276,454;;5828,91
989;0,2;51;316,775;277,452;277;330;565,567;563,853;60;276,488;;5827,95
990;0,2;43,5;316,356;277,438;277;330;565,683;563,947;60;276,527;;5820,64
991;0,2;43;316,233;277,438;277;330;565,726;563,947;60;276,558;;5819,6
992;0,2;36,5;315,726;277,46;277;330;565,683;564,041;60;276,59;;5819,6
993;0,2;28,5;315,582;277,467;277;330;565,697;564,041;60;276,625;;5819,6
994;0,2;28;315,466;277,615;277;330;565,712;563,932;60;276,663;;5819,6
995;0,2;29;314,923;277,738;277;330;565,632;563,802;60;276,7;;5819,6
996;0,2;29;314,439;277,724;277;330;565,488;563,802;60;276,74;;5819,6
997;0,2;30;313,968;277,778;277;330;565,444;563,759;60;276,781;;5819,6
998;0,2;29,5;313,426;277,781;277;330;565,365;563,65;60;276,819;;5817,33
999;0,2;36;312,826;277,771;277;330;565,249;563,448;60;276,857;;5816,86
1000;0,2;38;312,457;277,767;277;330;565,155;563,325;60;276,894;;5816,86
1001;0,2;40,5;312,392;277,778;277;330;564,996;563,245;60;276,932;;5816,83
1002;0,2;43;311,632;277,843;277;330;564,959;563,267;60;276,968;;5815,49
1003;0,2;43,5;311,364;277,919;277;330;564,988;563,281;60;277,007;;5812,92
1004;0,2;48;310,453;277,977;277;330;565,104;563,368;60;277,039;;5811,16
1005;0,2;50;310,25;277,973;277;330;565,104;563,368;60;277,07;;5809,74
1006;0,2;52;309,708;277,973;277;330;565,191;563,368;60;277,105;;5805,63
1007;0,2;54,5;309,223;277,966;277;330;565,155;563,411;60;277,139;;5803,17
1008;0,2;60,5;308,796;277,966;277;330;565,104;563,346;60;277,169;;5802,62
1009;0,2;64,5;308,717;277,977;277;330;565,054;563,26;60;277,203;;5801,8
1010;0,2;78;308,341;277,98;277;330;564,938;563,223;60;277,232;;5801,8
1011;0,2;80,5;307,501;277,98;277;330;564,858;563,086;60;277,274;;5801,8
1012;0,2;78;307,183;278,223;277;330;564,728;562,977;60;277,317;;5801,8
1013;0,2;78;306,952;278,089;277;330;564,8;563,021;60;277,359;;5801,8
1014;0,2;82;306,698;278,089;277;330;564,721;563,014;60;277,4;;5801,8
1015;0,2;82;306,069;278,226;277;330;564,67;562,898;60;277,444;;5798,46
1016;0,2;83;306,084;278,089;277;330;564,67;562,883;60;277,485;;5797,7
1017;0,2;82;305,961;278,082;277;330;564,54;562,789;60;277,53;;5797,7
1018;0,2;81;305,592;278,096;277;330;564,526;562,789;60;277,574;;5797,7
1019;0,2;79,5;305,129;278,103;277;330;564,417;562,789;60;277,617;;5796,55
1020;0,2;78;304,876;278,111;277;330;564,41;562,703;60;277,661;;5796,33
1021;0,2;77,5;304,637;278,118;277;330;564,366;562,681;60;277,708;;5796,33
1022;0,2;73;304,355;278,487;277;330;564,243;562,572;60;277,754;;5796,33
1023;0,2;67;304,065;278,487;277;330;564,272;562,5;60;277,798;;5796,33
1024;0,2;63,5;304,181;278,483;277;330;564,171;562,449;60;277,84;;5794,77
1025;0,2;59,5;303,812;278,476;277;330;564,055;562,297;60;277,882;;5793,6
1026;0,2;53,5;303,704;278,472;277;330;563,896;562,167;60;277,924;;5793,54
1027;0,2;47;303,335;278,483;277;330;563,802;562,088;60;277,97;;5792,23
1028;0,2;40;302,973;278,487;277;330;563,759;562,066;60;278,012;;5792,23
1029;0,2;36;302,93;278,487;277;330;563,686;561,972;60;278,051;;5792,23
1030;0,2;29;302,517;278,689;277;330;563,694;562,044;60;278,094;;5792,23
1031;0,2;25,5;302,648;278,649;277;330;563,657;561,921;60;278,134;;5792,23
1032;0,2;23;302,409;278,657;277;330;563,657;561,921;60;278,168;;5792,23
1033;0,2;0;302,148;278,693;277;330;563,542;561,827;60;278,197;;5791,85
1034;0,2;0;301,758;278,711;277;330;563,513;561,777;60;278,232;;5790,86
1035;0,2;0;301,526;278,693;277;330;563,469;561,777;60;278,27;;5788,81
1036;0,2;0;301,266;278,693;277;330;563,419;561,777;60;278,306;;5788,13
1037;0,2;0;300,984;278,682;277;330;563,52;561,777;60;278,341;;5788,13
1038;0,2;0;300,984;278,671;277;330;563,556;561,777;60;278,38;;5788,13
1039;0,2;0;300,89;278,834;277;330;563,469;561,748;60;278,416;;5786,79
1040;0,2;0;300,116;279;277;330;563,325;561,654;60;278,449;;5786,76
1041;0,2;0;299,884;279;277;330;563,26;561,574;60;278,486;;5786,76
1042;0,2;0;299,711;278,993;277;330;563,223;561,487;60;278,523;;5786,76
1043;0,2;0;298,828;278,993;277;330;563,31;561,596;60;278,555;;5784,96
1044;0,2;0;298,546;278,993;277;330;563,368;561,748;60;278,585;;5784,49
1045;0,2;0;298,734;278,993;277;330;563,469;561,777;60;278,62;;5782,51
1046;0,2;0;298,076;278,997;277;330;563,628;561,82;60;278,652;;5781,5
1047;0,2;0;297,707;279,369;277;330;563,657;561,784;60;278,68;;5777,62
1048;0,2;0;297,345;279,355;277;330;563,657;561,921;60;278,705;;5776,83
1049;0,2;0;296,861;279,116;277;330;563,6;561,885;60;278,734;;5776,26
1050;0,2;0;296,521;279,232;277;330;563,462;561,726;60;278,764;;5775,41
1051;0,2;0;296,405;279,228;277;330;563,39;561,632;60;278,79;;5773,52
1052;0,2;0;295,956;279,112;277;330;563,332;561,589;60;278,814;;5770,19
1053;0,2;0;295,761;279,326;277;330;563,223;561,509;60;278,84;;5769,43
1054;0,2;0;295,457;279,322;277;330;563,173;561,451;60;278,869;;5769,43
1055;0,2;0;294,85;279,311;277;330;563,202;561,343;60;278,896;;5769,43
1056;0,2;0;294,51;279,304;277;330;563,079;561,415;60;278,921;;5769,43
1057;0,2;0;294,256;279,29;277;330;563,115;561,379;60;278,952;;5766,92
1058;0,2;0;294,068;279,376;277;330;563,079;561,343;60;278,981;;5763,62
1059;0,2;0;293,859;279,536;277;330;563,079;561,343;60;279,005;;5760,53
1060;0,2;0;293,642;279,532;277;330;562,999;561,292;60;279,027;;5758,98
1061;0,2;0;293,692;279,503;277;330;562,891;561,198;60;279,047;;5758,27
1062;0,2;0;292,904;279,478;277;330;562,826;561,169;60;279,065;;5757,15
1063;0,2;0;292,433;279,492;277;330;562,876;561,089;60;279,08;;5754,26
1064;0,2;0;292,484;279,521;277;330;562,789;561,053;60;279,094;;5752,65
1065;0,2;0;291,811;279,518;277;330;562,789;561,053;60;279,105;;5750,85
1066;0,2;0,5;291,732;279,499;277;330;562,753;561,01;60;279,114;;5750,31
1067;0,2;0;291,464;279,51;277;330;562,746;561,053;60;279,127;;5750,31
1068;0,2;0;291,153;279,503;277;330;562,717;561,003;60;279,143;;5748,27
1069;0,2;0;291,139;279,514;277;330;562,645;560,945;60;279,158;;5746,22
1070;0,2;1,5;290,784;279,507;277;330;562,645;561,017;60;279,172;;5745,76
1071;0,2;2;290,668;279,499;277;330;562,645;560,974;60;279,178;;5744,86
1072;0,2;4;289,865;279,499;277;330;562,645;561,003;60;279,179;;5743,74
1073;0,2;7,5;289,916;279,521;277;330;562,645;560,952;60;279,181;;5743,5
1074;0,2;11;290,162;279,525;277;330;562,558;560,909;60;279,186;;5743,31
1075;0,2;12,5;289,822;279,507;277;330;562,536;560,793;60;279,19;;5742,87
1076;0,2;14,5;289,837;279,593;277;330;562,5;560,677;60;279,195;;5739,9
1077;0,2;20,5;289,359;279,763;277;330;562,464;560,713;60;279,202;;5739,14
1078;0,2;24;289,265;279,76;277;330;562,377;560,67;60;279,21;;5737,92
1079;0,2;27;289,359;279,637;277;330;562,355;560,619;60;279,218;;5737,78
1080;0,2;33;288,592;279,622;277;330;562,355;560,619;60;279,222;;5736,12
1081;0,2;39,5;288,694;279,637;277;330;562,377;560,67;60;279,224;;5731,06
1082;0,2;44;288,809;279,742;277;330;562,5;560,713;60;279,234;;5729,61
1083;0,2;44;288,571;279,854;277;330;562,5;560,822;60;279,241;;5729,53
1084;0,2;44;288,39;279,655;277;330;562,5;560,786;60;279,248;;5728,25
1085;0,2;47;288,108;279,825;277;330;562,5;560,764;60;279,258;;5726,54
1086;0,2;49;288,1;279,818;277;330;562,5;560,764;60;279,265;;5725,53
1087;0,2;50;288,194;279,8;277;330;562,406;560,699;60;279,27;;5725,15
1088;0,2;52;288,245;279,792;277;330;562,355;560,619;60;279,273;;5724,17
1089;0,2;50,5;288,238;279,785;277;330;562,312;560,583;60;279,278;;5719,52
1090;0,2;49;288,325;279,771;277;330;562,24;560,474;60;279,283;;5718,73
1091;0,2;50;288,491;279,767;277;330;562,167;560,474;60;279,286;;5718,73
1092;0,2;51,5;288,534;279,753;277;330;562,066;560,366;60;279,289;;5718,24
1093;0,2;49;288,397;279,72;277;330;562,066;560,25;60;279,295;;5713,29
1094;0,2;40,5;288,339;279,734;277;330;562,008;560,185;60;279,296;;5711,58
1095;0,2;39,5;288,332;279,72;277;330;562,044;560,149;60;279,298;;5710,33
1096;0,2;42;288,325;279,709;277;330;562,023;560,33;60;279,299;;5709,22
1097;0,2;43;288,281;279,709;277;330;562,16;560,409;60;279,299;;5708,24
1098;0,2;43;288,064;279,778;277;330;562,211;560,424;60;279,3;;5707,86
1099;0,2;38,5;287,898;279,901;277;330;562,146;560,424;60;279,304;;5707,23
1100;0,2;33,5;288,274;279,782;277;330;562,066;560,33;60;279,304;;5704,79
1101;0,2;38;288,086;279,905;277;330;562,023;560,221;60;279,308;;5703,78
1102;0,2;39;288,028;279,962;277;330;561,921;560,236;60;279,308;;5703,78
1103;0,2;37;287,97;280,02;277;330;561,921;560,185;60;279,307;;5703,78
1104;0,2;36;287,941;280,02;277;330;561,921;560,185;60;279,308;;5703,78
1105;0,2;37,5;288,585;280,02;277;330;561,921;560,185;60;279,308;;5703,78
1106;0,2;33,5;288,657;280,02;277;330;561,921;560,142;60;279,309;;5702,64
1107;0,2;26,5;288,773;280,02;277;330;561,921;560,142;60;279,311;;5702,43
1108;0,2;21,5;288,845;280,02;277;330;561,921;560,135;60;279,309;;5702,43
1109;0,2;21;288,802;280,02;277;330;561,921;560,185;60;279,31;;5701,28
1110;0,2;15,5;288,701;280,02;277;330;561,921;560,221;60;279,312;;5699,74
1111;0,2;13;288,592;280,02;277;330;561,958;560,185;60;279,314;;5699,03
1112;0,2;13;288,607;280,02;277;330;561,921;560,185;60;279,313;;5698,22
1113;0,2;12,5;288,694;280,02;277;330;561,921;560,229;60;279,311;;5697,55
1114;0,2;11;288,773;280,02;277;330;561,921;560,163;60;279,306;;5696,01
1115;0,2;8,5;288,838;280,02;277;330;561,871;560,156;60;279,298;;5695,49
1116;0,2;10;288,477;280,02;277;330;561,82;560,106;60;279,29;;5695,11
1117;0,2;9;287,999;280,02;277;330;561,74;559,99;60;279,288;;5694,08
1118;0,2;13;287,992;280,02;277;330;561,69;559,852;60;279,275;;5690,42
1119;0,2;20;288,028;280,02;277;330;561,581;559,823;60;279,266;;5690,06
1120;0,2;21,5;287,905;280,02;277;330;561,487;559,787;60;279,256;;5690,06
1121;0,2;22;287,992;280,02;277;330;561,56;559,896;60;279,248;;5690,06
1122;0,2;22;288,281;280,02;277;330;561,711;559,961;60;279,238;;5690,06
1123;0,2;24,5;288,281;280,02;277;330;561,777;560,069;60;279,226;;5687,02
1124;0,2;27;288,231;280,017;277;330;561,82;560,149;60;279,215;;5685,72
1125;0,2;28;288,115;280,02;277;330;561,755;560,041;60;279,204;;5684,64
1126;0,2;30;287,999;280,02;277;330;561,675;559,983;60;279,198;;5684,64
1127;0,2;34,5;287,608;280,02;277;330;561,632;559,961;60;279,187;;5684,64
1128;0,2;43;287,536;280,02;277;330;561,639;559,946;60;279,177;;5684,64
1129;0,2;48;287,623;280,02;277;330;561,719;560,041;60;279,164;;5684,39
1130;0,2;49;287,76;280,017;277;330;561,704;560,084;60;279,146;;5683,28
1131;0,2;53,5;287,862;280,017;277;330;561,733;560,041;60;279,133;;5683,28
1132;0,2;56,5;287,76;280,02;277;330;561,719;559,968;60;279,12;;5682,03
1133;0,2;58,5;287,637;280,02;277;330;561,632;559,896;60;279,105;;5681,93
1134;0,2;63;287,522;280,02;277;330;561,567;559,852;60;279,089;;5680,92
1135;0,2;65;287,659;280,02;277;330;561,495;559,751;60;279,078;;5680,57
1136;0,2;66;287,753;280,02;277;330;561,429;559,686;60;279,069;;5680
1137;0,2;70;287,768;280,02;277;330;561,437;559,607;60;279,061;;5679,16
1138;0,2;75,5;287,746;280,02;277;330;561,429;559,65;60;279,052;;5675,23
1139;0,2;78;288,014;280,02;277;330;561,343;559,52;60;279,041;;5675,15
1140;0,2;78;288,361;280,02;277;330;561,343;559,607;60;279,026;;5675,15
1141;0,2;79;288,05;280,02;277;330;561,292;559,484;60;279,011;;5675,15
1142;0,2;78,5;288,05;280,02;277;330;561,198;559,462;60;278,999;;5673,77
1143;0,2;78,5;288,346;280,02;277;330;561,198;559,375;60;278,984;;5671,16
1144;0,2;74;288,578;280,02;277;330;561,155;559,317;60;278,969;;5671,08
1145;0,2;81,5;288,838;280,02;277;330;561,097;559,303;60;278,954;;5671,08
1146;0,2;81;288,817;280,02;277;330;561,053;559,216;60;278,937;;5669,86
1147;0,2;74,5;288,665;280,02;277;330;561,031;559,23;60;278,919;;5669,73
1148;0,2;72;288,838;280,02;277;330;560,909;559,136;60;278,9;;5667,81
1149;0,2;75;288,882;280,02;277;330;560,909;559,064;60;278,879;;5665,77
1150;0,2;71;288,968;280,02;277;330;560,865;559,028;60;278,857;;5665,1
1151;0,2;70;289,8;280,02;277;330;560,887;559,028;60;278,835;;5663,31
1152;0,2;69,5;289,873;280,02;277;330;560,844;559,107;60;278,809;;5662,96
1153;0,2;69;289,865;280,02;277;330;560,865;559,049;60;278,786;;5662,96
1154;0,2;70;289,916;280,02;277;330;560,865;559,172;60;278,763;;5662,96
1155;0,2;68,5;290,119;280,02;277;330;560,836;559,136;60;278,736;;5659,25
1156;0,2;65;290,054;280,02;277;330;560,872;559,042;60;278,708;;5658,9
1157;0,2;69,5;289,916;280,02;277;330;560,786;559,028;60;278,683;;5658,9
1158;0,2;73;290,444;280,02;277;330;560,626;558,919;60;278,658;;5658,9
1159;0,2;75,5;290,842;280,02;277;330;560,532;558,811;60;278,63;;5658,9
1160;0,2;76;290,871;280,02;277;330;560,474;558,695;60;278,603;;5658,9
1161;0,2;78;290,9;280,02;277;330;560,395;558,695;60;278,58;;5658,3
1162;0,2;79;290,936;280,02;277;330;560,33;558,594;60;278,56;;5657,54
1163;0,2;82,5;290,943;280,02;277;330;560,33;558,521;60;278,538;;5651,51
1164;0,2;83;290,907;280,02;277;330;560,33;558,478;60;278,511;;5650,78
1165;0,2;86;290,951;280,02;277;330;560,38;558,543;60;278,488;;5649,86
1166;0,2;90;290,994;280,02;277;330;560,33;558,55;60;278,466;;5648,8
1167;0,2;97;291,811;280,02;277;330;560,33;558,594;60;278,441;;5643,13
1168;0,2;100,5;291,891;280,02;277;330;560,388;558,594;60;278,421;;5641,31
1169;0,2;104,5;291,92;280,02;277;330;560,496;558,688;60;278,397;;5641,31
1170;0,2;105;291,848;280,02;277;330;560,619;558,832;60;278,375;;5641,31
1171;0,2;105,5;292,209;280,02;277;330;560,576;558,883;60;278,355;;5638,96
1172;0,2;111,5;292,296;280,02;277;330;560,619;558,883;60;278,339;;5637,26
1173;0,2;113,5;292,339;280,02;277;330;560,619;558,927;60;278,319;;5637,26
1174;0,2;111;292,614;280,02;277;330;560,619;558,977;60;278,301;;5637,12
1175;0,2;115;292,94;280,02;277;330;560,699;558,883;60;278,281;;5634,77
1176;0,2;117,5;292,882;280,02;277;330;560,626;558,811;60;278,26;;5634,56
1177;0,2;118;293,294;280,02;277;330;560,569;558,695;60;278,243;;5634,56
1178;0,2;118,5;293,186;280,017;277;330;560,453;558,695;60;278,227;;5634,56
1179;0,2;115,5;293,49;280,02;277;330;560,33;558,63;60;278,211;;5634,56
1180;0,2;114;293,808;280,02;277;330;560,33;558,572;60;278,197;;5634,56
1181;0,2;110,5;293,895;280,02;277;330;560,279;558,5;60;278,186;;5634,56
1182;0,2;108;294,387;280,02;277;330;560,286;558,449;60;278,167;;5634,48
1183;0,2;107;294,676;280,02;277;330;560,236;558,449;60;278,149;;5632,15
1184;0,2;101,5;294,842;280,02;277;330;560,294;558,5;60;278,132;;5631,86
1185;0,2;97,5;294,777;280,02;277;330;560,236;558,449;60;278,117;;5631,86
1186;0,2;97;295,103;280,02;277;330;560,33;558,485;60;278,103;;5631,45
1187;0,2;97;295,573;280,02;277;330;560,33;558,681;60;278,09;;5630,51
1188;0,2;91,5;295,674;280,02;277;330;560,402;558,695;60;278,079;;5629,92
1189;0,2;89,5;296,021;280,02;277;330;560,474;558,717;60;278,059;;5629,83
1190;0,2;91;295,992;279,854;277;330;560,301;558,521;60;278,041;;5628,61
1191;0,2;87,5;295,884;279,677;277;330;559,954;558,174;60;278,022;;5627,07
1192;0,2;83,5;296,166;279,673;277;330;559,512;557,704;60;278,008;;5624,48
1193;0,2;87,5;296,484;279,688;277;330;559,187;557,342;60;277,996;;5624,43
1194;0,2;87;296,549;279,847;277;330;558,832;557,002;60;277,985;;5624,43
1195;0,2;86,5;296,658;279,648;277;330;558,507;556,771;60;277,975;;5624,43
1196;0,2;87;297,027;279,648;277;330;558,275;556,467;60;277,967;;5624,43
1197;0,2;83,5;297,049;279,644;277;330;558,08;556,221;60;277,955;;5624,43
1198;0,2;79,5;296,962;279,644;277;330;557,74;556,033;60;277,943;;5623,86
1199;0,2;77,5;296,853;279,63;277;330;557,458;555,635;60;277,931;;5623,02
1200;0,2;78;297,584;279,626;277;330;557,082;555,273;60;277,92;;5618
1201;0,2;73,5;297,598;279,622;277;330;556,749;554,97;60;277,913;;5616,52
1202;0,2;69,5;297,642;279,63;277;330;556,481;554,81;60;277,905;;5614,98
1203;0,2;73,5;297,721;279,63;277;330;556,33;554,651;60;277,895;;5614,28
1204;0,2;74;297,786;279,619;277;330;556,279;554,514;60;277,884;;5609,59
1205;0,2;76;297,823;279,612;277;330;556,156;554,449;60;277,875;;5608,62
1206;0,2;81;297,837;279,619;277;330;556,091;554,297;60;277,862;;5608,05
1207;0,2;79,5;297,504;279,756;277;330;555,903;554,073;60;277,855;;5606,89
1208;0,2;73;297,215;279,876;277;330;555,642;553,805;60;277,847;;5606,89
1209;0,2;73;297,179;279,865;277;330;555,49;553,595;60;277,839;;5605,68
1210;0,2;80,5;297,201;279,857;277;330;555,281;553,422;60;277,835;;5605,54
1211;0,2;86,5;297,88;279,857;277;330;555,172;553,241;60;277,819;;5605,27
1212;0,2;79,5;297,967;279,85;277;330;554,926;553,118;60;277,807;;5604,2
1213;0,2;73,5;298,069;279,843;277;330;554,81;553,053;60;277,794;;5604,2
1214;0,2;74;298,054;279,832;277;330;554,688;552,951;60;277,783;;5604,2
1215;0,2;74;297,454;279,818;277;330;554,688;552,951;60;277,771;;5603,76
1216;0,2;81;297,418;279,81;277;330;554,688;552,951;60;277,761;;5601,96
1217;0,2;91,5;297,389;279,782;277;330;554,745;552,98;60;277,748;;5600,34
1218;0,2;98,5;297,374;279,774;277;330;554,832;553,038;60;277,737;;5600,15
1219;0,2;98;297,439;279,771;277;330;554,955;553,205;60;277,723;;5599,91
1220;0,2;99;297,591;279,745;277;330;555,201;553,436;60;277,709;;5597,57
1221;0,2;98;297,692;279,731;277;330;555,367;553,617;60;277,697;;5597,46
1222;0,2;99,5;297,28;279,803;277;330;555,476;553,718;60;277,686;;5595,87
1223;0,2;100;297,656;279,749;277;330;555,635;553,877;60;277,671;;5593,16
1224;0,2;106;297,367;279,81;278,5;330;555,7;553,964;60;277,654;;5588,6
1225;0,2;114,5;297,099;279,857;280;330;555,7;553,928;60;277,639;;5587,63
1226;0,2;132;297,765;279,857;280;330;555,7;553,921;60;277,617;;5587,25
1227;0,2;194;297,83;279,854;280;330;555,729;553,834;60;277,605;;5586,04
1228;0,2;280;297,953;279,876;280;330;555,809;553,964;60;277,59;;5584,34
1229;0,2;348,5;298,018;279,872;280;330;555,802;553,964;60;277,571;;5580,52
1230;0,2;462,5;298,025;279,876;280;330;555,845;554,051;60;277,554;;5580,52
1231;0,2;552,5;298,192;279,876;280;330;555,78;554,065;60;277,539;;5580,52
1232;0,2;642;298,893;279,868;280;330;555,736;553,964;60;277,525;;5580,52
1233;0,2;696;298,828;279,883;280;330;555,845;554,073;60;277,504;;5580,52
1234;0,2;710,5;299,436;279,886;280;330;555,99;554,109;60;277,484;;5580,52
1235;0,2;715;300;279,894;280;330;556,026;554,174;60;277,466;;5579,51
1236;0,2;715,5;302,206;279,51;280;330;556,105;554,253;60;277,447;;5578,12
1237;0,2;715,5;303,393;279,521;280;330;556,076;554,268;60;277,429;;5575,51
1238;0,2;717;305,165;279,525;280;330;556,178;554,319;60;277,414;;5575,46
1239;0,2;715;307,451;279,528;280;330;556,011;554,253;60;277,394;;5574,6
1240;0,2;715;309,339;279,503;280;330;556,062;554,253;60;277,372;;5573,55
1241;0,2;714,5;311,661;279,521;280;330;556,113;554,253;60;277,352;;5570,59
1242;0,2;709;312,71;279,528;280;330;556,091;554,253;60;277,333;;5569,06
1243;0,2;687;314,865;279,528;280;330;556,091;554,253;60;277,314;;5568,31
1244;0,2;659;316,999;279,51;280;330;556,134;554,29;60;277,297;;5567,39
1245;0,2;633,5;319,025;279,525;280;330;556,134;554,355;60;277,274;;5567,39
1246;0,2;607,5;320,783;279,528;280;330;556,134;554,398;60;277,253;;5567,39
1247;0,2;585;322,519;279,521;280;330;556,134;554,282;60;277,233;;5566,53
1248;0,2;561;324,486;279,521;280;330;556,134;554,333;60;277,213;;5565,08
1249;0,2;531,5;325,998;279,514;280;330;556,214;554,398;60;277,193;;5560,67
1250;0,2;474;327,351;279,514;280;330;556,236;554,485;60;277,172;;5560,67
1251;0,2;424,5;328,906;279,521;280;330;556,322;554,514;60;277,15;;5560,67
1252;0,2;397;330,302;279,521;280;330;556,424;554,579;60;277,129;;5560,67
1253;0,2;361,5;330,896;279,507;280;330;556,568;554,688;60;277,11;;5560,67
1254;0,2;324;332,407;279,507;280;330;556,67;554,883;60;277,088;;5560,67
1255;0,2;301,5;332,899;279,507;280;330;556,8;555,042;60;277,064;;5560,67
1256;0,2;267,5;333,883;279,528;280;330;556,959;555,158;60;277,044;;5560,25
1257;0,2;240,5;334,961;279,528;280;330;557,104;555,266;60;277,03;;5558,16
1258;0,2;207;336,06;279,51;280;330;557,118;555,259;60;277,013;;5558,16
1259;0,2;191;336,617;279,51;280;330;556,966;555,122;60;277,001;;5558,16
1260;0,2;179;337,138;279,528;280;330;556,858;555,049;60;276,989;;5557,35
1261;0,2;166;337,912;279,528;280;330;556,858;554,977;60;276,974;;5555,48
1262;0,2;153;338,1;279,507;280;330;556,778;554,977;60;276,96;;5555,48
1263;0,2;146,5;338,571;279,507;280;330;556,713;554,977;60;276,945;;5555,48
1264;0,2;143,5;338,845;279,51;280;330;556,85;554,977;60;276,931;;5555,48
1265;0,2;134;338,903;279,416;280;330;556,85;554,977;60;276,917;;5555,48
1266;0,2;130;338,99;279,322;280;330;556,713;554,926;60;276,903;;5555,48
1267;0,2;130;338,94;279,311;280;330;556,59;554,731;60;276,892;;5555,48
1268;0,2;133,5;338,968;279,293;280;330;556,568;554,688;60;276,883;;5555,21
1269;0,2;135,5;338,903;279,308;280;330;556,568;554,688;60;276,876;;5554,13
1270;0,2;140;338,802;279,293;280;330;556,583;554,818;60;276,87;;5554,13
1271;0,2;146,5;338,6;279,293;280;330;556,626;554,832;60;276,864;;5554,13
1272;0,2;147;338,375;279,29;280;330;556,648;554,789;60;276,856;;5553
1273;0,2;155,5;338,158;279,308;280;330;556,713;554,926;60;276,85;;5551,45
1274;0,2;166,5;337,934;279,322;280;330;556,655;554,832;60;276,847;;5551,45
1275;0,2;178,5;337,305;279,275;280;330;556,633;554,702;60;276,847;;5551,45
1276;0,2;196;337,023;279,286;280;330;556,626;554,688;60;276,846;;5551,45
1277;0,2;208,5;336,871;279,308;280;330;556,619;554,688;60;276,848;;5550,4
1278;0,2;220,5;336,133;279,322;280;330;556,72;554,847;60;276,851;;5550,1
1279;0,2;236;335,952;279,326;280;330;556,879;555,013;60;276,853;;5550,1
1280;0,2;241;335,829;279,333;280;330;556,952;555,122;60;276,858;;5549,17
1281;0,2;241,5;335,554;279,351;280;330;557,031;555,187;60;276,863;;5547,42
1282;0,2;258;335,192;279,34;280;330;557,147;555,187;60;276,873;;5547,42
1283;0,2;274,5;334,874;279,358;280;330;557,147;555,122;60;276,885;;5547,42
1284;0,2;281;334,802;279,355;280;330;557,031;555,122;60;276,897;;5545,78
1285;0,2;282;334,078;279,362;280;330;556,923;555,085;60;276,909;;5544,74
1286;0,2;285,5;334,028;279,362;280;330;556,952;555,122;60;276,927;;5544,74
1287;0,2;299,5;333,984;279,369;280;330;557,002;555,085;60;276,943;;5544,74
1288;0,2;295;333,731;279,376;280;330;556,937;554,977;60;276,961;;5544,6
1289;0,2;292;333,84;279,239;280;330;556,858;554,977;60;276,978;;5542,05
1290;0,2;301;333,883;279,246;280;330;556,944;555,035;60;277,001;;5542,03
1291;0,2;301,5;333,869;279,112;280;330;557,01;555,122;60;277,023;;5541,03
1292;0,2;301,5;333,832;279,116;280;330;557,147;555,252;60;277,043;;5541,03
1293;0,2;294,5;333,789;279,12;280;330;557,147;555,266;60;277,068;;5540,41
1294;0,2;288;333,753;279,116;280;330;557,147;555,208;60;277,096;;5539,66
1295;0,2;287;333,731;279,127;280;330;557,096;555,122;60;277,125;;5538,35
1296;0,2;281,5;333,709;279,13;280;330;557,002;555,122;60;277,149;;5535,69
1297;0,2;273,5;333,767;279,138;280;330;557,002;555,122;60;277,172;;5533,82
1298;0,2;266;333,876;279,322;280;330;557,002;555,122;60;277,2;;5531,65
1299;0,2;259,5;333,89;279,51;280;330;557,002;555,165;60;277,228;;5531,65
1300;0,2;250;333,847;279,507;280;330;556,988;555,122;60;277,258;;5531,43
1301;0,2;240,5;333,789;279,507;280;330;556,966;555,122;60;277,286;;5530,86
1302;0,2;236;333,782;279,496;280;330;557,038;555,266;60;277,316;;5530,86
1303;0,2;230;333,731;279,481;280;330;557,147;555,266;60;277,348;;5530,86
1304;0,2;223;333,717;279,478;280;330;557,14;555,266;60;277,377;;5529,2
1305;0,2;211,5;333,796;279,485;280;330;557,002;555,187;60;277,404;;5527,16
1306;0,2;202;333,861;279,489;280;330;557,031;555,122;60;277,434;;5522,82
1307;0,2;195,5;333,898;279,489;280;330;557,067;555,158;60;277,468;;5522,82
1308;0,2;187,5;333,623;279,485;280;330;557,002;555,122;60;277,501;;5521,29
1309;0,2;178;333,55;279,568;280;330;557,002;555,122;60;277,535;;5519,63
1310;0,2;175,5;333,521;279,648;280;330;557,002;555,122;60;277,568;;5518,8
1311;0,2;170,5;333,507;279,637;280;330;557,125;555,172;60;277,605;;5518,8
1312;0,2;169,5;333,449;279,626;280;330;557,147;555,266;60;277,644;;5517,22
1313;0,2;167;332,733;279,622;280;330;557,284;555,389;60;277,684;;5514,06
1314;0,2;158;332,812;279,626;280;330;557,255;555,375;60;277,723;;5512,56
1315;0,2;154;332,849;279,622;280;330;557,241;555,353;60;277,765;;5510,77
1316;0,2;147,5;332,639;279,615;280;330;557,263;555,208;60;277,804;;5507,37
1317;0,2;135;332,588;279,615;280;330;557,147;555,122;60;277,843;;5505,66
1318;0,2;128,5;332,169;280,02;280;330;557,147;555,122;60;277,882;;5504,08
1319;0,2;126;331,727;280,02;280;330;557,147;555,122;60;277,929;;5503,12
1320;0,2;118;331,576;280,02;280;330;557,198;555,223;60;277,97;;5502,74
1321;0,2;120;330,91;280,02;280;330;557,183;555,266;60;278,011;;5502,74
1322;0,2;122,5;330,758;280,02;280;330;557,147;555,266;60;278,046;;5502,74
1323;0,2;113,5;330,447;280,02;280;330;557,292;555,396;60;278,085;;5502,74
1324;0,2;115;330,035;280,02;280;330;557,415;555,505;60;278,123;;5502,74
1325;0,2;116;329,753;280,02;280;330;557,653;555,722;60;278,165;;5502,74
1326;0,2;105;328,993;280,201;280;330;557,82;555,968;60;278,203;;5502,74
1327;0,2;107;328,704;280,382;280;330;557,928;555,99;60;278,242;;5501,73
1328;0,2;112,5;328,226;280,382;280;330;557,907;555,982;60;278,282;;5501,41
1329;0,2;116,5;327,865;280,389;280;330;557,791;555,845;60;278,32;;5501,41
1330;0,2;112,5;327,749;280,389;280;330;557,726;555,823;60;278,361;;5501,41
1331;0,2;112;327,322;280,237;280;330;557,624;555,664;60;278,401;;5501,41
1332;0,2;115,5;326,888;280,245;280;330;557,538;555,599;60;278,443;;5500,6
1333;0,2;118;326,317;280,335;280;330;557,538;555,563;60;278,485;;5495,23
1334;0,2;120;326,107;280,324;280;330;557,444;555,679;60;278,527;;5493,39
1335;0,2;125,5;325,376;280,534;280;330;557,436;555,599;60;278,565;;5492,4
1336;0,2;126,5;325,326;280,523;280;330;557,436;555,556;60;278,605;;5492,05
1337;0,2;129;324,653;280,527;280;330;557,436;555,418;60;278,646;;5492,05
1338;0,2;129;324,371;280,534;280;330;557,4;555,476;60;278,685;;5491,22
1339;0,2;130,5;324,038;280,534;280;330;557,378;555,577;60;278,722;;5490,71
1340;0,2;134,5;323,495;280,541;280;330;557,501;555,664;60;278,762;;5490,71
1341;0,2;134;323,134;280,519;280;330;557,473;555,599;60;278,804;;5487,61
1342;0,2;135,5;322,454;280,823;280;330;557,559;555,693;60;278,847;;5486,71
1343;0,2;132;322,208;280,74;280;330;557,53;555,664;60;278,892;;5486,71
1344;0,2;126,5;321,991;280,798;280;330;557,444;555,628;60;278,938;;5486,71
1345;0,2;126;321,506;280,78;280;330;557,436;555,519;60;278,985;;5485,48
1346;0,2;125;321,586;280,754;280;330;557,313;555,404;60;279,033;;5485,01
1347;0,2;124;321,202;280,751;280;330;557,212;555,31;60;279,085;;5484,3
1348;0,2;118;320,898;280,74;280;330;557,19;555,23;60;279,139;;5484,3
1349;0,2;108;320,544;280,736;280;330;557,147;555,266;60;279,194;;5484,3
1350;0,2;100,5;320,349;280,715;280;330;557,19;555,266;60;279,249;;5484,3
1351;0,2;98;320,117;280,707;280;330;557,147;555,266;60;279,305;;5484,3
1352;0,2;102;319,719;280,718;280;330;557,198;555,266;60;279,362;;5484,3
1353;0,2;95,5;319,336;281,047;280;330;557,161;555,266;60;279,418;;5484,3
1354;0,2;87,5;319,104;281,047;280;330;557,183;555,266;60;279,476;;5484,3
1355;0,2;79;319,22;281,047;280;330;557,147;555,266;60;279,535;;5484,3
1356;0,2;73;318,547;281,04;280;330;557,147;555,266;60;279,593;;5484,3
1357;0,2;67,5;318,381;281,04;280;330;557,147;555,266;60;279,65;;5484,3
1358;0,2;62;317,614;281,04;280;330;557,147;555,179;60;279,705;;5484,3
1359;0,2;55;317,347;281,04;280;330;557,147;555,122;60;279,763;;5484,3
1360;0,2;51;316,898;281,04;280;330;557,024;555,136;60;279,825;;5484,3
1361;0,2;45;316,558;281,442;280;330;557,002;555,15;60;279,885;;5484,3
1362;0,2;35;316,457;281,424;280;330;557,002;555,122;60;279,95;;5480,59
1363;0,2;23,5;316,131;281,427;280;330;556,937;554,933;60;280,012;;5478,34
1364;0,2;19;315,726;281,427;280;330;556,858;554,933;60;280,075;;5476,13
1365;0,2;0,5;315,372;281,406;280;330;556,822;554,977;60;280,144;;5474,53
1366;0,2;0;314,909;281,402;280;330;556,908;554,977;60;280,199;;5473,17
1367;0,2;0;314,352;281,409;280;330;556,843;554,977;60;280,255;;5472,39
1368;0,2;0;313,925;281,402;280;330;556,944;555,02;60;280,308;;5470,54
1369;0,2;0;313,52;281,406;280;330;557,002;554,977;60;280,363;;5467,95
1370;0,2;0;313,433;281,402;280;330;557,002;555,049;60;280,412;;5463,42
1371;0,2;0;312,717;281,576;280;330;557,002;555,122;60;280,463;;5459,34
1372;0,2;0;312,305;281,539;280;330;557,053;555,122;60;280,512;;5454,06
1373;0,2;0;311,61;281,539;280;330;557,118;555,179;60;280,557;;5452,11
1374;0,2;0;311,155;281,568;280;330;557,147;555,266;60;280,605;;5451,95
1375;0,2;0;310,475;281,568;280;330;557,198;555,266;60;280,65;;5451,95
1376;0,2;0;310,2;281,554;280;330;557,147;555,266;60;280,689;;5450,62
1377;0,2;0;309,505;281,532;280;330;557,111;555,129;60;280,727;;5450,62
1378;0,2;0;309,324;281,557;280;330;557,002;555,114;60;280,769;;5450,62
1379;0,2;0;308,456;281,861;280;330;557,002;555,049;60;280,804;;5450,62
1380;0,2;0;307,95;281,861;280;330;556,901;555,013;60;280,839;;5450,62
1381;0,2;0;307,328;281,861;280;330;557,002;555,129;60;280,879;;5450,6
1382;0,2;0;306,785;281,814;280;330;557,176;555,324;60;280,914;;5448,79
1383;0,2;0;306,539;281,793;280;330;557,422;555,541;60;280,946;;5447,96
1384;0,2;0;305,765;281,897;280;330;557,538;555,657;60;280,984;;5447,96
1385;0,2;0;305,505;281,905;280;330;557,646;555,751;60;281,012;;5447,96
1386;0,2;0;305,23;281,916;280;330;557,682;555,802;60;281,045;;5447,96
1387;0,2;0;304,485;281,84;280;330;557,726;555,809;60;281,087;;5447,83
1388;0,2;1;304,008;282,046;280;330;557,726;555,845;60;281,142;;5446,12
1389;0,2;4,5;303,205;282,071;280;330;557,704;555,715;60;281,186;;5445,3
1390;0,2;10,5;303,226;282,06;280;330;557,581;555,642;60;281,222;;5444,07
1391;0,2;12;302,836;282,06;280;330;557,545;555,556;60;281,255;;5443,97
1392;0,2;12;302,431;282,064;280;330;557,48;555,556;60;281,289;;5443,97
1393;0,2;12;302,134;282,067;280;330;557,436;555,476;60;281,326;;5443,97
1394;0,2;14;301,49;282,067;280;330;557,407;555,418;60;281,361;;5443,97
1395;0,2;20;300,998;282,067;280;330;557,292;555,396;60;281,399;;5443,97
1396;0,2;23;300,506;282,071;280;330;557,292;555,331;60;281,436;;5443,97
1397;0,2;23;300,666;282,06;280;330;557,292;555,331;60;281,473;;5443,97
1398;0,2;23;299,971;282,06;280;330;557,227;555,317;60;281,508;;5442,45
1399;0,2;25;299,92;282,201;280;330;557,198;555,165;60;281,544;;5440,99
1400;0,2;24,5;299,725;282,248;280;330;557,147;555,165;60;281,583;;5439,97
1401;0,2;26;298,987;282,266;280;330;557,147;555,237;60;281,619;;5438,96
1402;0,2;26;298,879;282,252;280;330;557,161;555,346;60;281,657;;5437,42
1403;0,2;24,5;298,213;282,368;280;330;557,292;555,331;60;281,69;;5436,67
1404;0,2;25,5;298,018;282,436;280;330;557,292;555,411;60;281,726;;5434,92
1405;0,2;25;297,946;282,36;280;330;557,292;555,389;60;281,763;;5429,47
1406;0,2;19;297,729;282,425;280;330;557,183;555,237;60;281,803;;5428,48
1407;0,2;14,5;297,331;282,425;280;330;557,147;555,122;60;281,838;;5426,94
1408;0,2;13,5;297,251;282,44;280;330;557,118;555,114;60;281,869;;5425,61
1409;0,2;0;296,81;282,577;280;330;556,959;554,977;60;281,89;;5424,02
1410;0,2;0;296,81;282,595;280;330;556,85;554,897;60;281,925;;5423,11
1411;0,2;0;296,593;282,603;280;330;556,713;554,753;60;281,956;;5422,69
1412;0,2;0;296,412;282,585;280;330;556,713;554,774;60;281,986;;5422,69
1413;0,2;0;296,398;282,548;280;330;556,619;554,688;60;282,01;;5422,69
1414;0,2;0;296;282,577;280;330;556,626;554,666;60;282,04;;5422,69
1415;0,2;0;295,906;282,603;280;330;556,46;554,543;60;282,069;;5421,52
1416;0,2;0;295,472;282,588;280;330;556,402;554,492;60;282,095;;5421,36
1417;0,2;0;295,211;282,722;280;330;556,359;554,398;60;282,118;;5421,36
1418;0,2;0;295,009;282,87;280;330;556,366;554,398;60;282,139;;5420,03
1419;0,2;0;294,886;282,849;280;330;556,279;554,434;60;282,16;;5414,74
1420;0,2;0;295,009;282,867;280;330;556,38;554,456;60;282,187;;5413,9
1421;0,2;0;294,235;282,896;280;330;556,547;554,543;60;282,211;;5413,39
1422;0,2;0;294,235;282,834;280;330;556,612;554,702;60;282,232;;5413,39
1423;0,2;0;293,866;282,914;280;330;556,648;554,753;60;282,251;;5413,39
1424;0,2;0;293,779;282,932;280;330;556,604;554,688;60;282,268;;5412,33
1425;0,2;0;293,461;282,935;280;330;556,496;554,507;60;282,283;;5408,74
1426;0,2;0;293,171;282,939;280;330;556,395;554,376;60;282,299;;5403,01
1427;0,2;0;293,215;282,935;280;330;556,236;554,253;60;282,318;;5402,77
1428;0,2;0;292,925;282,943;280;330;556,084;554,203;60;282,339;;5402,08
1429;0,2;0;292,795;282,921;280;330;556,069;554,116;60;282,357;;5401,44
1430;0,2;0;292,687;282,907;280;330;555,838;554;60;282,374;;5401,44
1431;0,2;0;292,007;282,892;280;330;555,65;553,798;60;282,388;;5401,44
1432;0,2;0;292,115;282,896;280;330;555,548;553,588;60;282,4;;5401,44
1433;0,2;0;292,043;282,896;280;330;555,389;553,443;60;282,412;;5401,44
1434;0,2;0;291,876;282,805;280;330;555,266;553,248;60;282,422;;5401,44
1435;0,2;0;291,833;282,914;280;330;555,143;553,176;60;282,437;;5401,44
1436;0,2;0;291,63;282,693;280;330;554,984;553,067;60;282,455;;5401,44
1437;0,2;0;291,421;282,69;280;330;554,868;552,951;60;282,472;;5400,81
1438;0,2;0;291,442;283,091;280;330;554,832;552,857;60;282,486;;5399,88
1439;0,2;0;291,124;283,08;280;330;554,832;552,908;60;282,499;;5397,47
1440;0,2;0;290,82;283,08;280;330;554,926;552,951;60;282,51;;5396,99
1441;0,2;0;290,893;283,087;280;330;554,926;553,045;60;282,52;;5395,08
1442;0,2;0;290,842;283,091;280;330;554,955;553,002;60;282,53;;5393,38
1443;0,2;0;290,524;283,095;280;330;554,803;552,901;60;282,537;;5389,51
1444;0,2;0;290,43;283,095;280;330;554,688;552,807;60;282,544;;5389,35
1445;0,2;0;290,386;283,087;280;330;554,601;552,734;60;282,551;;5388,19
1446;0,2;0;290,068;283,08;280;330;554,543;552,662;60;282,556;;5388,19
1447;0,2;0;289,771;283,08;280;330;554,427;552,561;60;282,561;;5388,19
1448;0,2;0;289,829;283,087;280;330;554,398;552,517;60;282,565;;5388,19
1449;0,2;0;289,851;283,087;280;330;554,398;552,517;60;282,569;;5387,84
1450;0,2;0;289,439;283,095;280;330;554,456;552,561;60;282,573;;5387,03
1451;0,2;0;289,019;283,098;280;330;554,543;552,655;60;282,577;;5384,94
1452;0,2;0;289,316;283,098;280;330;554,666;552,814;60;282,582;;5384,94
1453;0,2;0;289,258;283,084;280;330;554,868;553,009;60;282,591;;5384,94
1454;0,2;0;288,636;283,08;280;330;555,071;553,219;60;282,602;;5384,94
1455;0,2;0;288,744;283,087;280;330;555,201;553,328;60;282,608;;5384,94
1456;0,2;0;288,831;283,091;280;330;555,44;553,573;60;282,615;;5384,94
1457;0,2;0;288,831;283,095;280;330;555,729;553,74;60;282,622;;5384,94
1458;0,2;0;288,491;283,098;280;330;555,896;553,964;60;282,625;;5384,94
1459;0,2;0;288,173;283,084;280;330;556,055;554,167;60;282,624;;5384,94
1460;0,2;0;288,166;283,08;280;330;556,373;554,543;60;282,621;;5384,12
1461;0,2;0;288,26;283,087;280;330;556,727;554,702;60;282,619;;5380,32
1462;0,2;0;288,368;283,087;280;330;556,952;554,912;60;282,617;;5378,19
1463;0,2;0;288,469;283,095;280;330;557,104;555,15;60;282,615;;5377,18
1464;0,2;0;288,158;283,098;280;330;557,27;555,302;60;282,613;;5376,04
1465;0,2;0;287,804;283,091;280;330;557,516;555,642;60;282,609;;5372,92
1466;0,2;1,5;287,695;283,084;280;330;557,755;555,896;60;282,598;;5371,57
1467;0,2;4;287,601;283,08;280;330;558,145;556,351;60;282,583;;5371,57
1468;0,2;8;287,572;283,087;280;330;558,464;556,648;60;282,572;;5371,57
1469;0,2;12;287,637;283,091;280;330;558,796;556,944;60;282,565;;5370,49
1470;0,2;12;287,435;283,095;280;330;559,021;557,125;60;282,558;;5370,25
1471;0,2;12;287,529;283,098;280;330;559,172;557,313;60;282,545;;5370,25
1472;0,2;16,5;287,58;283,091;280;330;559,368;557,552;60;282,534;;5370,25
1473;0,2;20;287,319;283,08;280;330;559,527;557,675;60;282,526;;5369,37
1474;0,2;23;287,247;283,084;280;330;559,686;557,928;60;282,522;;5367,04
1475;0,2;31;287,406;283,087;280;330;559,889;558,08;60;282,513;;5366,28
1476;0,2;38,5;287,124;283,095;280;330;560,077;558,268;60;282,503;;5366,28
1477;0,2;41,5;286,871;283,098;280;330;560,359;558,485;60;282,492;;5366,28
1478;0,2;43,5;286,921;283,098;280;330;560,728;558,782;60;282,484;;5364,32
1479;0,2;45,5;286,979;283,427;280;330;560,981;559,086;60;282,476;;5363,63
1480;0,2;52;287,088;283,406;280;330;561,191;559,245;60;282,465;;5362,92
1481;0,2;49;287,109;283,427;280;330;561,198;559,317;60;282,458;;5361,86
1482;0,2;51;287,044;283,424;280;330;561,263;559,353;60;282,445;;5358,53
1483;0,2;54;287,023;283,406;280;330;561,292;559,462;60;282,431;;5357,02
1484;0,2;59,5;286,994;283,395;280;330;561,429;559,484;60;282,419;;5354,83
1485;0,2;58;286,986;283,402;280;330;561,538;559,607;60;282,402;;5353,77
1486;0,2;62;286,972;283,384;280;330;561,632;559,737;60;282,384;;5350,85
1487;0,2;65;287,312;283,366;280;330;561,748;559,852;60;282,365;;5350,08
1488;0,2;65,5;287,71;283,351;280;330;561,856;560,012;60;282,345;;5350,08
1489;0,2;61,5;287,854;283,225;280;330;562,023;560,142;60;282,325;;5350,08
1490;0,2;58,5;287,804;283,279;280;330;562,109;560,221;60;282,303;;5349,84
1491;0,2;57;287,703;283,239;280;330;562,066;560,279;60;282,28;;5348,76
1492;0,2;61;288,274;283,275;280;330;562,066;560,229;60;282,26;;5348,76
1493;0,2;60;288,252;283,239;280;330;562,066;560,185;60;282,244;;5348,76
1494;0,2;56,5;288,31;283,254;280;330;562,015;560,135;60;282,225;;5348,76
1495;0,2;57;288,556;283,25;280;330;561,958;560,135;60;282,204;;5348,76
1496;0,2;61,5;288,809;283,254;280;330;562,044;560,142;60;282,183;;5348,76
1497;0,2;61,5;288,845;283,261;280;330;562,066;560,163;60;282,162;;5348,76
1498;0,2;61;289,099;283,265;280;330;562,066;560,113;60;282,144;;5348,1
1499;0,2;62;289,272;283,297;280;330;562,066;560,265;60;282,125;;5346,11
1500;0,2;65;289,28;283,261;280;330;562,066;560,279;60;282,104;;5344,98
1501;0,2;65;289,157;283,333;280;330;562,16;560,236;60;282,08;;5342,18
1502;0,2;63;289,706;283,319;280;330;562,066;560,113;60;282,06;;5342,15
1503;0,2;68,5;289,764;283,377;280;330;561,972;560,041;60;282,045;;5342,15
1504;0,2;69,5;289,873;283,283;280;330;561,958;559,99;60;282,026;;5342,15
1505;0,2;69,5;290,198;283,268;280;330;561,842;559,896;60;282,001;;5342,15
1506;0,2;72,5;290,415;283,254;280;330;561,914;559,946;60;281,979;;5342,15
1507;0,2;74;290,314;283,261;280;330;561,784;559,896;60;281,958;;5342,15
1508;0,2;74;290,336;283,232;280;330;561,683;559,932;60;281,932;;5342,15
1509;0,2;76;290,69;283,221;280;330;561,661;559,809;60;281,906;;5341,94
1510;0,2;73;290,813;283,351;280;330;561,589;559,751;60;281,883;;5335,08
1511;0,2;72;290,878;283,359;280;330;561,531;559,751;60;281,861;;5333,49
1512;0,2;73;291,088;283,492;280;330;561,487;559,657;60;281,833;;5330,36
1513;0,2;76;291,319;283,348;280;330;561,487;559,664;60;281,804;;5328,99
1514;0,2;77,5;291,327;283,496;280;330;561,531;559,65;60;281,778;;5327,06
1515;0,2;85,5;291,659;283,5;280;330;561,408;559,585;60;281,752;;5326,25
1516;0,2;79,5;291,674;283,294;280;330;561,487;559,549;60;281,717;;5324,38
1517;0,2;77,5;291,876;283,098;280;330;561,487;559,549;60;281,688;;5323,58
1518;0,2;85;292,072;283,084;280;330;561,437;559,57;60;281,659;;5317,97
1519;0,2;89,5;292,166;283,08;280;330;561,4;559,607;60;281,631;;5315,81
1520;0,2;90;292,535;283,084;280;330;561,343;559,491;60;281,602;;5313,96
1521;0,2;86;292,831;283,091;280;330;561,343;559,541;60;281,567;;5313,17
1522;0,2;87;292,701;283,095;280;330;561,343;559,469;60;281,535;;5313,17
1523;0,2;89;292,962;283,098;280;330;561,343;559,447;60;281,504;;5313,17
1524;0,2;96;293,019;283,095;280;330;561,299;559,317;60;281,471;;5313,17
1525;0,2;97;293,092;283,084;280;330;561,198;559,317;60;281,439;;5313,17
1526;0,2;100;293,909;283,08;280;330;561,147;559,223;60;281,406;;5313,17
1527;0,2;108;293,967;283,087;280;330;561,198;559,31;60;281,374;;5313,17
1528;0,2;107;294,039;283,091;280;330;561,234;559,382;60;281,34;;5313,17
1529;0,2;111,5;294,112;283,095;280;330;561,299;559,491;60;281,307;;5312,02
1530;0,2;108,5;294,083;283,102;280;330;561,343;559,563;60;281,279;;5311,83
1531;0,2;111,5;294,741;283,087;280;330;561,343;559,599;60;281,244;;5311,83
1532;0,2;117;294,821;283,08;280;330;561,343;559,541;60;281,212;;5311,83
1533;0,2;120;295,095;283,084;280;330;561,343;559,462;60;281,181;;5311,83
1534;0,2;125;295,341;283,087;280;330;561,357;559,462;60;281,15;;5311,83
1535;0,2;125;295,392;283,091;280;330;561,487;559,556;60;281,121;;5311,83
1536;0,2;124,5;295,87;283,091;280;330;561,437;559,549;60;281,093;;5311,83
1537;0,2;124,5;295,768;283,095;280;330;561,444;559,52;60;281,069;;5310,91
1538;0,2;126,5;296,166;283,091;280;330;561,437;559,491;60;281,043;;5308,14
1539;0,2;132;296,202;283,08;280;330;561,343;559,324;60;281,02;;5307,88
1540;0,2;132;296,976;283,08;280;330;561,27;559,317;60;280,996;;5306,17
1541;0,2;131,5;297,049;283,087;280;330;561,147;559,274;60;280,973;;5304,9
1542;0,2;131;297,258;283,087;280;330;561,14;559,317;60;280,951;;5303,93
1543;0,2;127;297,143;283,095;280;330;561,162;559,288;60;280,932;;5303,93
1544;0,2;131,5;297,772;283,098;280;330;561,198;559,303;60;280,908;;5303,93
1545;0,2;134;297,946;283,098;280;330;561,227;559,303;60;280,885;;5303,93
1546;0,2;128;298,17;283,084;280;330;561,205;559,288;60;280,864;;5303,48
1547;0,2;117,5;298,626;283,08;280;330;561,097;559,288;60;280,841;;5301,3
1548;0,2;118,5;299,089;283,087;280;330;561,118;559,259;60;280,824;;5300,27
1549;0,2;115;299,11;283,087;280;330;561,198;559,31;60;280,808;;5299,98
1550;0,2;114;299,667;283,095;280;330;561,155;559,259;60;280,786;;5299,98
1551;0,2;119;299,732;283,095;280;330;561,198;559,216;60;280,767;;5299,98
1552;0,2;114,5;299,834;283,091;280;330;561,097;559,172;60;280,748;;5298,88
1553;0,2;108,5;300,275;283,08;280;330;561,053;559,172;60;280,731;;5294,98
1554;0,2;106;300,731;283,08;280;330;561,017;559,107;60;280,714;;5292,25
1555;0,2;106;300,781;283,087;280;330;560,945;559,049;60;280,693;;5291,46
1556;0,2;106,5;301,143;283,073;280;330;560,909;558,948;60;280,674;;5290,77
1557;0,2;98,5;301,063;282,758;280;330;560,909;558,984;60;280,654;;5290,77
1558;0,2;97,5;301,295;282,769;280;330;560,988;559,028;60;280,638;;5290,48
1559;0,2;99,5;301,512;282,787;280;330;561,053;559,115;60;280,622;;5289,46
1560;0,2;99,5;301,432;282,816;280;330;561,003;559,071;60;280,608;;5289,46
1561;0,2;94;301,671;282,943;280;330;560,909;559,071;60;280,592;;5289,01
1562;0,2;88;302,127;282,935;280;330;560,872;558,883;60;280,575;;5288,14
1563;0,2;88;302,163;282,892;280;330;560,764;558,818;60;280,564;;5288,14
1564;0,2;89;302,083;282,91;280;330;560,764;558,738;60;280,55;;5288,14
1565;0,2;91;302,228;282,896;280;330;560,764;558,825;60;280,534;;5288,14
1566;0,2;92;302,387;282,899;280;330;560,764;558,876;60;280,519;;5287,77
1567;0,2;90;302,38;282,87;280;330;560,764;558,883;60;280,506;;5286,25
1568;0,2;87,5;302,619;282,708;280;330;560,771;558,883;60;280,494;;5285,43
1569;0,2;85,5;302,691;282,798;280;330;560,959;558,999;60;280,484;;5282,28
1570;0,2;85;302,879;282,729;282;330;560,974;559,028;60;280,473;;5279,78
1571;0,2;93,5;302,944;282,726;282;330;561,053;559,035;60;280,455;;5278,92
1572;0,2;143,5;303,132;282,711;282;330;561,053;559,172;60;280,435;;5274,27
1573;0,2;222,5;303,031;282,69;282;330;561,147;559,172;60;280,414;;5272,38
1574;0,2;317;302,93;282,704;282;330;561,147;559,172;60;280,397;;5272,17
1575;0,2;407,5;303,009;282,838;282;330;561,082;559,115;60;280,378;;5271,06
1576;0,2;496,5;303,154;282,928;282;330;560,923;558,992;60;280,356;;5271,06
1577;0,2;586,5;303,885;282,733;282;330;560,995;559,028;60;280,332;;5268,7
1578;0,2;662,5;304,008;282,729;282;330;560,974;559,071;60;280,304;;5267,12
1579;0,2;699,5;304,81;282,733;282;330;560,981;559,064;60;280,275;;5267,12
1580;0,2;706;305,375;282,726;282;330;561,031;559,115;60;280,245;;5267,12
1581;0,2;707;306,351;282,7;282;330;561,053;559,042;60;280,218;;5267,12
1582;0,2;707,5;307,595;282,7;282;330;561,118;559,172;60;280,193;;5267,12
1583;0,2;707,5;309,809;282,787;282;330;561,155;559,172;60;280,171;;5267,12
1584;0,2;699,5;311,596;282,867;282;330;561,198;559,216;60;280,147;;5267,12
1585;0,2;672,5;313,26;282,867;282;330;561,14;559,266;60;280,125;;5266,26
1586;0,2;625,5;315,025;282,863;282;330;561,198;559,201;60;280,099;;5263,43
1587;0,2;561,5;316,811;282,78;282;330;561,111;559,172;60;280,075;;5263,19
1588;0,2;510;318,54;282,896;282;330;561,198;559,172;60;280,056;;5261,51
1589;0,2;461;319,965;282,907;282;330;561,162;559,172;60;280,035;;5257,81
1590;0,2;426;321,795;282,907;282;330;561,01;559,151;60;280,012;;5252,7
1591;0,2;373;322,823;282,903;282;330;560,952;558,992;60;279,993;;5252,41
1592;0,2;341;324,32;282,896;282;330;560,865;558,883;60;279,976;;5249,49
1593;0,2;312;325,26;282,921;282;330;560,865;558,977;60;279,969;;5248,59
1594;0,2;269;326,179;282,925;282;330;560,909;559,028;60;279,954;;5247,49
1595;0,2;238,5;327,214;282,921;282;330;560,959;559,028;60;279,939;;5245,97
1596;0,2;215;328,335;282,805;282;330;560,909;558,948;60;279,92;;5242,04
1597;0,2;194;329,449;282,816;282;330;560,887;558,883;60;279,902;;5238,17
1598;0,2;177;329,955;282,809;282;330;560,815;558,782;60;279,885;;5238,11
1599;0,2;165;330,729;282,559;282;330;560,764;558,738;60;279,866;;5238,11
1600;0,2;148,5;331,539;282,563;282;330;560,764;558,738;60;279,849;;5238,11
1601;0,2;130;331,72;282,57;282;330;560,764;558,782;60;279,834;;5238,11
1602;0,2;117;332,465;282,577;282;330;560,764;558,738;60;279,82;;5238,11
1603;0,2;104,5;332,675;282,581;282;330;560,815;558,804;60;279,808;;5238,11
1604;0,2;89,5;333,152;282,581;282;330;560,909;558,883;60;279,796;;5238,11
1605;0,2;78,5;333,579;282,574;282;330;560,93;559,021;60;279,784;;5238,11
1606;0,2;77,5;333,543;282,574;282;330;561,053;559,078;60;279,772;;5238,11
1607;0,2;72,5;333,492;282,574;282;330;560,959;558,984;60;279,756;;5237,54
1608;0,2;74;333,427;282,577;282;330;560,909;559,028;60;279,738;;5236,81
1609;0,2;74;333,333;282,559;282;330;560,952;559,071;60;279,723;;5236,28
1610;0,2;73,5;333,254;282,559;282;330;560,952;559,028;60;279,708;;5234,19
1611;0,2;77;332,697;282,559;282;330;560,909;558,984;60;279,688;;5234,13
1612;0,2;86;332,762;282,548;282;330;560,959;559,071;60;279,672;;5228,87
1613;0,2;99;332,501;282,548;282;330;560,909;559,028;60;279,653;;5227,64
1614;0,2;105;332,096;282,556;282;330;560,872;558,999;60;279,634;;5227,64
1615;0,2;122;331,706;282,559;282;330;560,865;558,984;60;279,615;;5226,12
1616;0,2;144;331,387;282,567;282;330;560,822;559,028;60;279,593;;5223,72
1617;0,2;153;330,686;282,567;282;330;560,771;558,955;60;279,58;;5223,72
1618;0,2;169,5;330,36;282,563;282;330;560,829;558,919;60;279,564;;5223,72
1619;0,2;188,5;329,876;282,556;282;330;560,909;558,992;60;279,549;;5223,72
1620;0,2;208,5;329,521;282,559;282;330;560,909;559,028;60;279,532;;5223,43
1621;0,2;226,5;329,514;282,567;282;330;561,003;559,028;60;279,52;;5221,73
1622;0,2;253,5;328,783;282,57;282;330;560,945;559,064;60;279,51;;5221,1
1623;0,2;266,5;328,653;282,574;282;330;560,909;559,035;60;279,502;;5221,1
1624;0,2;279,5;328,219;282,574;282;330;560,88;558,927;60;279,492;;5221,1
1625;0,2;298;327,771;282,574;282;330;560,764;558,818;60;279,484;;5221,1
1626;0,2;309,5;327,597;282,552;282;330;560,67;558,702;60;279,481;;5221,1
1627;0,2;320;327,582;282,552;282;330;560,684;558,724;60;279,48;;5221,1
1628;0,2;323;327,554;282,342;282;330;560,692;558,738;60;279,483;;5221,1
1629;0,2;324,5;327,597;282,331;282;330;560,619;558,637;60;279,484;;5219,88
1630;0,2;325;327,713;282,313;282;330;560,619;558,594;60;279,486;;5219,8
1631;0,2;330;327,756;282,317;282;330;560,641;558,63;60;279,49;;5217,03
1632;0,2;333;327,705;282,299;282;330;560,721;558,738;60;279,5;;5213,65
1633;0,2;330,5;327,901;282,292;282;330;560,8;558,847;60;279,511;;5210,65
1634;0,2;329;328,118;282,277;282;330;560,822;558,927;60;279,522;;5208,52
1635;0,2;325;328,111;282,281;282;330;560,945;559,006;60;279,533;;5208,38
1636;0,2;316,5;328,588;282,31;282;330;561,01;559,086;60;279,547;;5208,38
1637;0,2;311,5;328,602;282,295;282;330;561,053;559,172;60;279,563;;5208,35
1638;0,2;299,5;329,261;282,295;282;330;561,053;559,172;60;279,58;;5207,07
1639;0,2;282;329,565;282,284;282;330;561,053;559,172;60;279,598;;5207,07
1640;0,2;275,5;329,767;282,277;282;330;561,053;559,172;60;279,616;;5207
1641;0,2;259;330,02;282,418;282;330;561,053;559,172;60;279,639;;5206,81
1642;0,2;253,5;330,107;282,342;282;330;561,133;559,071;60;279,658;;5206,81
1643;0,2;241,5;330,65;282,436;282;330;561,068;559,049;60;279,677;;5206,81
1644;0,2;237;330,613;282,335;282;330;561,017;559,049;60;279,698;;5206,81
1645;0,2;213,5;330,809;282,454;282;330;561,031;558,984;60;279,724;;5206,81
1646;0,2;203,5;331,026;282,458;282;330;560,909;558,977;60;279,745;;5206,81
1647;0,2;189,5;331,084;282,451;282;330;560,909;559,006;60;279,768;;5205,72
1648;0,2;173;331,424;282,447;282;330;561,046;559,035;60;279,789;;5204,91
1649;0,2;165;331,814;282,451;282;330;561,053;559,086;60;279,812;;5204,04
1650;0,2;155,5;331,778;282,451;282;330;561,003;559,078;60;279,836;;5202,9
1651;0,2;143;331,72;282,451;282;330;560,923;558,992;60;279,865;;5201,93
1652;0,2;138,5;331,698;282,454;282;330;560,901;558,955;60;279,895;;5200,89
1653;0,2;130,5;331,279;282,458;282;330;560,807;558,825;60;279,926;;5198,98
1654;0,2;124,5;330,888;282,313;282;330;560,699;558,666;60;279,956;;5198,98
1655;0,2;123,5;331,25;282,324;282;330;560,619;558,594;60;279,987;;5198,98
1656;0,2;125,5;331,257;282,335;282;330;560,54;558,507;60;280,018;;5198,98
1657;0,2;123,5;331,098;282,219;282;330;560,474;558,594;60;280,052;;5198,67
1658;0,2;117,5;330,809;282,458;282;330;560,496;558,55;60;280,084;;5197,67
1659;0,2;112,5;330,563;282,223;282;330;560,67;558,644;60;280,116;;5196,34
1660;0,2;106,5;330,331;282,234;282;330;560,706;558,804;60;280,15;;5193,76
1661;0,2;103;329,97;282,219;282;330;560,815;558,883;60;280,18;;5193,76
1662;0,2;106;329,637;282,237;282;330;560,865;558,919;60;280,213;;5193,71
1663;0,2;105,5;329,536;282,234;282;330;560,88;558,883;60;280,246;;5192,21
1664;0,2;100,5;329,348;282,245;282;330;560,764;558,775;60;280,28;;5191,38
1665;0,2;94,5;328,783;282,552;282;330;560,67;558,738;60;280,307;;5190,62
1666;0,2;95,5;328,523;282,556;282;330;560,67;558,709;60;280,34;;5189,08
1667;0,2;99;327,959;282,61;282;330;560,641;558,681;60;280,374;;5188,13
1668;0,2;100,5;327,626;282,61;282;330;560,561;558,594;60;280,407;;5187,65
1669;0,2;98,5;326,975;282,556;282;330;560,518;558,55;60;280,441;;5187,65
1670;0,2;100,5;326,512;282,556;282;330;560,474;558,471;60;280,473;;5187,65
1671;0,2;106,5;326,396;282,574;282;330;560,474;558,449;60;280,508;;5183
1672;0,2;113,5;326,338;282,592;282;330;560,547;558,587;60;280,543;;5181,56
1673;0,2;110;325,716;282,581;282;330;560,619;558,594;60;280,579;;5181,56
1674;0,2;107;325,116;282,574;282;330;560,532;558,594;60;280,614;;5181,56
1675;0,2;113;324,725;282,574;282;330;560,576;558,594;60;280,646;;5181,56
1676;0,2;112,5;324,168;282,581;282;330;560,569;558,594;60;280,683;;5180,73
1677;0,2;117,5;323,734;282,585;282;330;560,583;558,652;60;280,72;;5178,07
1678;0,2;121;323,459;282,773;282;330;560,605;558,717;60;280,757;;5174,58
1679;0,2;119;322,627;282,975;282;330;560,619;558,681;60;280,794;;5173,85
1680;0,2;122;322,598;282,979;282;330;560,728;558,724;60;280,832;;5172,54
1681;0,2;122,5;322,584;282,982;282;330;560,764;558,789;60;280,868;;5172,54
1682;0,2;124;321,853;282,979;282;330;560,851;558,883;60;280,903;;5170,92
1683;0,2;126;321,571;282,964;282;330;560,938;558,999;60;280,941;;5166,18
1684;0,2;131;321,108;282,964;282;330;560,966;559,057;60;280,979;;5165,48
1685;0,2;126;320,652;282,964;282;330;561,075;559,129;60;281,022;;5165,48
1686;0,2;126;320,378;282,972;282;330;561,234;559,317;60;281,063;;5163,6
1687;0,2;120,5;319,958;282,975;282;330;561,343;559,382;60;281,099;;5161,57
1688;0,2;128;319,589;283,051;282;330;561,343;559,462;60;281,134;;5161,57
1689;0,2;122;319,589;283,095;282;330;561,343;559,462;60;281,172;;5161,57
1690;0,2;125,5;319,575;283,098;282;330;561,458;559,556;60;281,212;;5161,57
1691;0,2;125;319,148;283,087;282;330;561,437;559,549;60;281,253;;5161,57
1692;0,2;122,5;318,707;283,08;282;330;561,487;559,534;60;281,288;;5161,57
1693;0,2;119;318,743;283,087;282;330;561,386;559,476;60;281,325;;5161,57
1694;0,2;112,5;318,323;283,091;282;330;561,343;559,462;60;281,36;;5161,57
1695;0,2;111,5;318,135;283,095;282;330;561,343;559,462;60;281,395;;5161,57
1696;0,2;101,5;317,795;283,098;282;330;561,343;559,462;60;281,429;;5159,54
1697;0,2;97,5;317,788;283,21;282;330;561,343;559,462;60;281,465;;5158,97
1698;0,2;91,5;317,535;283,326;282;330;561,343;559,418;60;281,501;;5158,32
1699;0,2;97,5;317,484;283,323;282;330;561,263;559,317;60;281,537;;5157,46
1700;0,2;94;316,992;283,286;282;330;561,198;559,295;60;281,57;;5151,09
1701;0,2;83;316,898;283,304;282;330;561,198;559,339;60;281,6;;5148,57
1702;0,2;82;316,529;283,373;282;330;561,22;559,317;60;281,633;;5147,89
1703;0,2;76;316,233;283,38;282;330;561,227;559,411;60;281,669;;5143,18
1704;0,2;74;316,334;283,341;282;330;561,241;559,375;60;281,704;;5141,65
1705;0,2;69;315,929;283,37;282;330;561,35;559,462;60;281,734;;5141,21
1706;0,2;63;315,907;283,496;282;330;561,444;559,549;60;281,768;;5141,21
1707;0,2;64;315,401;283,615;282;330;561,596;559,65;60;281,801;;5140,24
1708;0,2;62;315,307;283,597;282;330;561,683;559,852;60;281,835;;5139,91
1709;0,2;61,5;314,627;283,59;282;330;561,683;559,845;60;281,865;;5139,91
1710;0,2;58;314,757;283,587;282;330;561,733;559,896;60;281,897;;5139,91
1711;0,2;56,5;314,316;283,605;282;330;561,777;559,896;60;281,927;;5139,15
1712;0,2;58;314,07;283,619;282;330;561,661;559,751;60;281,955;;5136,01
1713;0,2;56;313,947;283,615;282;330;561,632;559,607;60;281,983;;5136,01
1714;0,2;55,5;313,744;283,59;282;330;561,632;559,729;60;282,014;;5136,01
1715;0,2;58;313,267;283,59;282;330;561,697;559,751;60;282,046;;5136,01
1716;0,2;56,5;313,079;283,724;282;330;561,726;559,751;60;282,076;;5133,91
1717;0,2;57;312,941;283,731;282;330;561,683;559,838;60;282,111;;5133,41
1718;0,2;56;312,24;283,746;282;330;561,74;559,867;60;282,146;;5131,21
1719;0,2;54;312,348;283,861;282;330;561,726;559,852;60;282,183;;5129,18
1720;0,2;53;311,842;283,869;282;330;561,777;559,889;60;282,219;;5126,92
1721;0,2;53,5;311,675;283,771;282;330;561,827;559,787;60;282,259;;5126,92
1722;0,2;55;311,234;283,767;282;330;561,733;559,751;60;282,298;;5126,79
1723;0,2;52,5;310,858;283,775;282;330;561,777;559,751;60;282,336;;5125,63
1724;0,2;53;310,337;283,988;282;330;561,733;559,795;60;282,373;;5124,33
1725;0,2;50;310,258;283,984;282;330;561,806;559,852;60;282,412;;5123,08
1726;0,2;49;309,961;283,988;282;330;561,784;559,896;60;282,448;;5123,03
1727;0,2;45;309,534;284,028;282;330;561,777;559,896;60;282,488;;5123,03
1728;0,2;48,5;309,375;284,107;282;330;561,69;559,896;60;282,523;;5123,03
1729;0,2;40,5;309,209;284,115;282;330;561,733;559,845;60;282,556;;5123,03
1730;0,2;39;308,724;284,118;282;330;561,617;559,751;60;282,589;;5123,03
1731;0,2;38,5;308,543;284,125;282;330;561,625;559,751;60;282,623;;5122,64
1732;0,2;37,5;308,268;284,125;282;330;561,726;559,751;60;282,655;;5121,74
1733;0,2;31,5;308,167;284,118;282;330;561,719;559,751;60;282,691;;5121,74
1734;0,2;29;307,878;284,1;282;330;561,784;559,896;60;282,718;;5121,74
1735;0,2;26,5;307,957;284,107;282;330;561,777;559,939;60;282,745;;5121,74
1736;0,2;27;307,241;284,227;282;330;561,921;560,019;60;282,774;;5121,37
1737;0,2;28,5;307,14;284,368;282;330;561,921;560,041;60;282,804;;5117,85
1738;0,2;25,5;306,626;284,379;282;330;561,921;559,997;60;282,83;;5116,94
1739;0,2;21,5;306,359;284,346;282;330;561,834;559,925;60;282,859;;5116,55
1740;0,2;21;306,04;284,35;282;330;561,777;559,816;60;282,886;;5116,55
1741;0,2;22;305,982;284,364;282;330;561,675;559,766;60;282,911;;5113,57
1742;0,2;22;305,881;284,353;282;330;561,516;559,657;60;282,937;;5111,7
1743;0,2;23;305,237;284,335;282;330;561,487;559,751;60;282,963;;5110,69
1744;0,2;25,5;305,216;284,303;282;330;561,531;559,751;60;282,987;;5110,07
1745;0,2;26;304,608;284,321;282;330;561,639;559,874;60;283,014;;5110,07
1746;0,2;24,5;304,55;284,614;282;330;561,733;559,896;60;283,038;;5109,09
1747;0,2;24;304,022;284,625;282;330;561,849;559,997;60;283,067;;5107,37
1748;0,2;25,5;304,138;284,632;282;330;561,921;560,041;60;283,094;;5107,37
1749;0,2;25,5;303,747;284,628;282;330;561,972;560,091;60;283,119;;5107,37
1750;0,2;25,5;303,508;284,639;282;330;562,037;560,171;60;283,143;;5102,19
1751;0,2;27,5;303,096;284,588;282;330;562,232;560,279;60;283,166;;5099,13
1752;0,2;29,5;302,778;284,599;282;330;562,312;560,373;60;283,189;;5098,3
1753;0,2;27,5;302,488;284,596;282;330;562,29;560,33;60;283,211;;5098,3
1754;0,2;25;302,177;284,614;282;330;562,348;560,33;60;283,233;;5098,3
1755;0,2;25;302,076;284,61;282;330;562,189;560,2;60;283,251;;5098,3
1756;0,2;26,5;302,025;284,617;282;330;562,102;560,135;60;283,268;;5098,3
1757;0,2;28;301,787;284,617;282;330;562,023;560,12;60;283,284;;5098,3
1758;0,2;27,5;301,28;284,628;282;330;561,929;560,041;60;283,302;;5098,3
1759;0,2;28,5;300,955;284,599;282;330;561,878;559,954;60;283,323;;5098,3
1760;0,2;30;300,738;284,668;282;330;561,892;559,903;60;283,344;;5097,19
1761;0,2;30;300,644;284,737;282;330;561,9;559,954;60;283,362;;5093,49
1762;0,2;32,5;300,326;284,737;282;330;561,965;560,041;60;283,38;;5090,69
1763;0,2;35;300,051;284,737;282;330;562,03;560,163;60;283,405;;5090,54
1764;0,2;37,5;300,13;284,74;282;330;562,131;560,279;60;283,426;;5090,36
1765;0,2;40,5;299,248;284,993;282;330;562,297;560,38;60;283,455;;5087,67
1766;0,2;40;299,132;284,975;282;330;562,305;560,431;60;283,483;;5086,14
1767;0,2;41,5;299,052;284,95;282;330;562,348;560,474;60;283,508;;5084,46
1768;0,2;40;298,843;284,925;282;330;562,355;560,424;60;283,535;;5084,07
1769;0,2;38;298,929;284,918;282;330;562,399;560,474;60;283,557;;5084,07
1770;0,2;39,5;299,045;284,914;282;330;562,355;560,474;60;283,584;;5083,94
1771;0,2;37,5;298,416;284,91;282;330;562,355;560,474;60;283,614;;5082,78
1772;0,2;34,5;298,474;284,881;282;330;562,355;560,474;60;283,647;;5082,78
1773;0,2;36,5;298,438;284,863;282;330;562,355;560,474;60;283,676;;5082,78
1774;0,2;36;298,278;284,838;282;330;562,355;560,315;60;283,706;;5082,78
1775;0,2;29,5;297,852;284,827;282;330;562,225;560,185;60;283,74;;5081,33
1776;0,2;25,5;297,794;284,809;282;330;562,153;560,135;60;283,773;;5080,73
1777;0,2;20,5;297,873;284,787;282;330;562,117;560,048;60;283,807;;5080,24
1778;0,2;15;298,083;285,012;282;330;561,943;559,939;60;283,842;;5078,14
1779;0,2;1;297,707;285,004;282;330;561,827;559,874;60;283,881;;5078,14
1780;0,2;0;297,28;284,99;282;330;561,726;559,751;60;283,906;;5076,98
1781;0,2;0;297,179;284,99;282;330;561,632;559,751;60;283,935;;5071,92
1782;0,2;0;297,164;285,001;282;330;561,632;559,751;60;283,964;;5067,02
1783;0,2;0;296,969;285,012;282;330;561,632;559,737;60;283,99;;5064,87
1784;0,2;0;296,781;285,008;282;330;561,639;559,715;60;284,014;;5064,87
1785;0,2;0;296,817;285,004;282;330;561,733;559,751;60;284,039;;5064,87
1786;0,2;0;296,535;285,008;282;330;561,733;559,751;60;284,069;;5064,87
1787;0,2;0;296,217;285,019;282;330;561,777;559,896;60;284,095;;5064,87
1788;0,2;0;296,275;285,012;282;330;561,863;559,896;60;284,119;;5064,87
1789;0,2;0;296,188;284,993;282;330;561,921;560,019;60;284,14;;5064,87
1790;0,2;0;295,877;285,044;282;330;561,986;560,084;60;284,159;;5064,87
1791;0,2;0;295,783;285,12;282;330;562,023;560,149;60;284,177;;5064,87
1792;0,2;0;295,226;285,124;282;330;562,283;560,388;60;284,194;;5064,87
1793;0,2;0;295,088;285,135;282;330;562,399;560,569;60;284,214;;5063,29
1794;0,2;0;295,161;285,059;282;330;562,5;560,511;60;284,236;;5059,24
1795;0,2;0,5;294,98;284,986;282;330;562,5;560,525;60;284,254;;5058,41
1796;0,2;0;294,936;284,874;282;330;562,543;560,619;60;284,271;;5058,16
1797;0,2;0;294,473;284,863;282;330;562,5;560,511;60;284,285;;5056,63
1798;0,2;0;294,068;284,95;282;330;562,406;560,438;60;284,298;;5055,83
1799;0,2;0;294,148;284,896;282;330;562,29;560,417;60;284,31;;5055,34
1800;0,2;0;293,895;285,012;282;330;562,29;560,373;60;284,32;;5050,94
1801;0,2;0;293,851;285,127;282;330;562,312;560,33;60;284,329;;5045,91
1802;0,2;0,5;293,96;285,138;282;330;562,211;560,33;60;284,337;;5041,68
1803;0,2;0;293,642;285,149;282;330;562,196;560,2;60;284,344;;5041,66
1804;0,2;0,5;293,33;285,149;282;330;562,066;560,185;60;284,35;;5041,66
1805;0,2;0;293,222;285,138;282;330;561,979;560,185;60;284,355;;5040,47
1806;0,2;0;292,962;285,124;282;330;562,015;560,077;60;284,359;;5039,08
1807;0,2;0;292,679;285,12;282;330;561,965;560,041;60;284,363;;5039,08
1808;0,2;0;292,737;285,127;282;330;561,921;560,041;60;284,366;;5039,08
1809;0,2;0;292,831;285,138;282;330;561,921;559,896;60;284,364;;5039,08
1810;0,2;0;292,209;285,142;282;330;561,921;559,961;60;284,362;;5039,08
1811;0,2;0;292,238;285,149;282;330;561,929;560,041;60;284,355;;5039,08
1812;0,2;0;292,238;285,153;282;330;562,023;559,997;60;284,349;;5038,07
1813;0,2;0;292,159;285,135;282;330;561,907;559,983;60;284,342;;5036,02
1814;0,2;0;291,725;285,12;282;330;561,871;559,881;60;284,333;"(( Pi() / ([11:7] * 0.001)) * (Pow(0.5 * [3:10], 2) - Pow(0.5 * 0.48, 2))) / [32:124]";5033,86
1815;0,2;0;291,71;285,12;282;330;561,784;559,85;60;284,33;;5032,86
1816;0,2;0;291,717;285,124;282;330;561,632;559,751;60;284,323;;5029,96
1817;0,2;0,5;291,638;285,131;282;330;561,632;559,708;60;284,314;;5025,68
1818;0,2;0;291,283;285,135;282;330;561,704;559,758;60;284,307;;5024,52
1819;0,2;0;291,573;285,142;282;330;561,683;559,896;60;284,297;;5024,52
1820;0,2;0;291,522;285,149;282;330;561,733;559,939;60;284,286;;5024,52
1821;0,2;0;290,741;285,153;282;330;561,74;559,896;60;284,278;;5024,52
1822;0,2;0;290,639;285,145;282;330;561,777;559,896;60;284,27;;5024,52
1823;0,2;0,5;290,647;285,127;282;330;561,827;559,932;60;284,263;;5024,52
1824;0,2;0;290,726;285,12;282;330;561,863;559,852;60;284,261;;5023,57
1825;0,2;1;290,415;285,127;282;330;561,777;559,845;60;284,266;;5023,24
1826;0,2;2,5;290,516;285,131;282;330;561,719;559,852;60;284,263;;5023,24
1827;0,2;6;290,09;285,142;282;330;561,733;559,896;60;284,249;;5023,24
1828;0,2;12,5;290,075;285,149;282;330;561,777;559,795;60;284,231;;5023,24
1829;0,2;17;289,996;285,149;282;330;561,777;559,751;60;284,221;;5023,24
1830;0,2;18;289,663;285,153;282;330;561,777;559,751;60;284,208;;5023,06
1831;0,2;21;289,598;285,135;282;330;561,74;559,751;60;284,194;;5021,95
1832;0,2;25;289,663;285,124;282;330;561,777;559,896;60;284,181;;5020,97
1833;0,2;37,5;289,764;285,124;282;330;561,82;559,896;60;284,168;;5020,66
1834;0,2;45,5;289,829;285,131;282;330;561,878;559,896;60;284,16;;5020,66
1835;0,2;49,5;289,779;285,142;282;330;561,921;559,896;60;284,147;;5020,66
1836;0,2;53;289,757;285,142;282;330;561,9;559,946;60;284,133;;5019,82
1837;0,2;56,5;289,569;285,149;282;330;561,777;559,896;60;284,118;;5019,72
1838;0,2;57;289,612;285,138;282;330;561,777;559,852;60;284,101;;5019,7
1839;0,2;61,5;289,692;285,116;282;330;561,827;559,852;60;284,086;;5016,95
1840;0,2;67;289,779;285,124;282;330;561,777;559,896;60;284,072;;5013,91
1841;0,2;73,5;289,822;285,131;282;330;561,733;559,795;60;284,058;;5011,5
1842;0,2;74;289,808;285,135;282;330;561,683;559,751;60;284,046;;5009,57
1843;0,2;76,5;289,648;285,142;282;330;561,74;559,751;60;284,032;;5006,87
1844;0,2;79;289,562;285,149;282;330;561,755;559,795;60;284,017;;5005,64
1845;0,2;79;290,126;285,153;282;330;561,762;559,86;60;284,003;;5005,59
1846;0,2;79;290,155;285,142;282;330;561,914;559,997;60;283,992;;5005,59
1847;0,2;78;290,198;285,124;282;330;562,023;560,041;60;283,977;;5005,59
1848;0,2;83;290,249;285,12;282;330;562,023;560,041;60;283,958;;5005,59
1849;0,2;84;290,893;285,308;282;330;562,015;560,041;60;283,941;;5005,59
1850;0,2;80,5;290,857;285,131;282;330;562,03;560,041;60;283,925;;5005,59
1851;0,2;78,5;290,726;285,297;282;330;562,066;560,041;60;283,905;;5005,2
1852;0,2;79,5;291,211;285,37;282;330;562,023;560,041;60;283,883;;5004,3
1853;0,2;75,5;291,406;285,283;282;330;562,023;559,99;60;283,866;;5003,09
1854;0,2;76;291,753;285,286;282;330;561,943;559,896;60;283,846;;5001,81
1855;0,2;74;291,855;285,189;282;330;561,921;559,918;60;283,827;;5000,45
1856;0,2;71;292,289;285,145;282;330;561,921;559,954;60;283,81;;4997,81
1857;0,2;69;292,65;285,12;282;330;561,921;560,004;60;283,799;;4996,6
1858;0,2;66;292,585;285,124;282;330;561,871;559,954;60;283,782;;4994,62
1859;0,2;65,5;292,759;285,127;282;330;561,921;559,99;60;283,763;;4993,67
1860;0,2;71;292,687;285,135;282;330;562,015;560,041;60;283,743;;4992,75
1861;0,2;65,5;292,73;285,142;282;330;562,023;560,12;60;283,73;;4992,75
1862;0,2;62;293,591;285,149;282;330;562,088;560,135;60;283,716;;4991,98
1863;0,2;63;293,663;285,149;282;330;562,044;560,026;60;283,697;;4991,47
1864;0,2;64,5;293,707;285,127;282;330;561,885;559,896;60;283,682;;4991,47
1865;0,2;66;293,895;285,12;282;330;561,784;559,852;60;283,665;;4991,47
1866;0,2;63;293,808;285,127;282;330;561,834;559,809;60;283,649;;4991,47
1867;0,2;60;293,685;285,135;282;330;561,798;559,896;60;283,635;;4991,08
1868;0,2;61;294,444;285,138;282;330;561,856;559,896;60;283,619;;4990,19
1869;0,2;60;294,538;285,149;282;330;561,921;559,896;60;283,606;;4990,19
1870;0,2;56;294,567;285,153;282;330;561,921;559,896;60;283,589;;4990,19
1871;0,2;52;294,799;285,142;282;330;561,972;559,939;60;283,576;;4989,57
1872;0,2;52;294,973;285,124;282;330;561,791;559,896;60;283,566;;4988,9
1873;0,2;51;294,857;285,124;282;330;561,784;559,852;60;283,557;;4988,19
1874;0,2;50,5;294,755;285,127;282;330;561,82;559,896;60;283,54;;4984,72
1875;0,2;51,5;294,748;285,135;282;330;561,777;559,896;60;283,523;;4982,37
1876;0,2;52,5;295,45;285,138;282;330;561,733;559,867;60;283,504;;4981,21
1877;0,2;56;295,551;285,149;283;330;561,719;559,845;60;283,484;;4980,44
1878;0,2;57;295,616;285,149;283;330;561,711;559,867;60;283,462;;4978,96
1879;0,2;67;295,645;285,149;283;330;561,719;559,881;60;283,435;;4977,5
1880;0,2;121,5;295,595;285,124;283;330;561,777;559,852;60;283,402;;4976,09
1881;0,2;206,5;295,544;285,12;283;330;561,885;559,91;60;283,376;;4976,09
1882;0,2;296,5;295,775;285,124;283;330;561,972;560,041;60;283,348;;4976,09
1883;0,2;383,5;295,739;285,131;283;330;562,052;560,041;60;283,32;;4976,09
1884;0,2;413;295,79;285,138;283;330;562,001;560,178;60;283,294;;4976,09
1885;0,2;426;296,658;285,145;283;330;562,008;560,135;60;283,263;;4976,09
1886;0,2;431;297,005;285,153;283;330;561,929;560,041;60;283,232;;4974,04
1887;0,2;419,5;297,548;285,131;283;330;562,015;560,041;60;283,205;;4973,52
1888;0,2;405;298,372;285,12;283;330;562,044;559,997;60;283,18;;4973,52
1889;0,2;400;298,553;285,127;283;330;561,9;559,896;60;283,157;;4973,52
1890;0,2;386,5;299,79;285,131;283;330;561,777;559,896;60;283,132;;4972,78
1891;0,2;363;300,514;285,142;283;330;561,733;559,823;60;283,11;;4970,14
1892;0,2;343,5;301,085;285,145;283;330;561,668;559,715;60;283,086;;4969,68
1893;0,2;336;302,582;285,156;283;330;561,567;559,607;60;283,067;;4969,68
1894;0,2;325,5;303,834;285,138;283;330;561,487;559,549;60;283,05;;4968,99
1895;0,2;308,5;304,868;285,12;283;330;561,458;559,534;60;283,033;;4967,56
1896;0,2;273;305,773;285,12;283;330;561,487;559,607;60;283,014;;4966,84
1897;0,2;247;306,735;285,127;283;330;561,437;559,563;60;282,997;;4963,64
1898;0,2;224;307,342;285,135;283;330;561,487;559,549;60;282,977;;4957,37
1899;0,2;195,5;308,261;285,142;283;330;561,357;559,433;60;282,965;;4955,61
1900;0,2;166,5;309,52;285,149;283;330;561,335;559,317;60;282,947;;4955,61
1901;0,2;148;310,728;285,149;283;330;561,241;559,274;60;282,926;;4955,61
1902;0,2;131,5;311,003;285,149;283;330;561,183;559,18;60;282,909;;4955,61
1903;0,2;114,5;311,632;285,127;283;330;561,212;559,332;60;282,892;;4954,66
1904;0,2;92;312,449;285,12;283;330;561,35;559,484;60;282,876;;4954,33
1905;0,2;79,5;313,086;285,131;283;330;561,502;559,607;60;282,857;;4954,33
1906;0,2;66;313,346;285,135;283;330;561,516;559,607;60;282,841;;4954,33
1907;0,2;46,5;314,005;285,145;283;330;561,487;559,556;60;282,817;;4954,33
1908;0,2;38;314,468;285,153;283;330;561,357;559,397;60;282,795;;4953,69
1909;0,2;28;315,003;285,142;283;330;561,191;559,295;60;282,773;;4951,69
1910;0,2;22;315,111;284,932;283;330;561,089;559,136;60;282,75;;4946,91
1911;0,2;19;315,177;284,758;283;330;560,93;559,071;60;282,726;;4942,7
1912;0,2;14,5;315,249;284,776;283;330;560,909;559,028;60;282,709;;4941,34
1913;0,2;14;315,249;284,787;283;330;560,807;559,028;60;282,689;;4938,48
1914;0,2;12,5;315,386;284,795;283;330;560,764;558,898;60;282,667;;4935,29
1915;0,2;12;315,488;284,795;283;330;560,88;558,977;60;282,644;;4933,71
1916;0,2;12;315,003;284,813;283;330;560,909;559,028;60;282,621;;4932,02
1917;0,2;14,5;315,075;284,823;283;330;561,046;559,049;60;282,602;;4930,16
1918;0,2;21;315,01;284,834;283;330;561,155;559,172;60;282,58;;4926,26
1919;0,2;36;314,229;284,838;283;330;561,162;559,266;60;282,555;;4926,23
1920;0,2;49;314,062;284,849;283;330;561,198;559,266;60;282,529;;4926,23
1921;0,2;65;313,932;284,834;283;330;561,06;559,151;60;282,509;;4926,23
1922;0,2;80,5;313,39;284,816;283;330;560,872;559,028;60;282,488;;4926,23
1923;0,2;92;313,26;284,831;283;330;560,8;558,941;60;282,471;;4926,23
1924;0,2;113;312,869;284,921;283;330;560,764;558,76;60;282,451;;4926,23
1925;0,2;134,5;312,319;284,899;283;330;560,764;558,832;60;282,427;;4926,23
1926;0,2;148;311,921;285,008;283;330;560,764;558,883;60;282,405;;4926,23
1927;0,2;167,5;311,458;284,914;283;330;560,829;558,97;60;282,384;;4926,23
1928;0,2;184;311,183;284,914;283;330;560,822;558,89;60;282,362;;4925,39
1929;0,2;195,5;311,343;284,791;283;330;560,786;558,789;60;282,341;;4924,57
1930;0,2;209,5;311,169;284,78;283;330;560,764;558,688;60;282,313;;4923,68
1931;0,2;219,5;310,938;284,762;283;330;560,655;558,695;60;282,284;;4923,2
1932;0,2;230,5;310,894;284,74;283;330;560,735;558,738;60;282,262;;4921,56
1933;0,2;241,5;310,829;284,726;283;330;560,8;558,746;60;282,24;;4918,33
1934;0,2;255,5;310,843;284,719;283;330;560,764;558,84;60;282,217;;4917,31
1935;0,2;263,5;310,909;284,863;283;330;560,771;558,883;60;282,188;;4917,31
1936;0,2;260;310,742;284,867;283;330;560,858;558,927;60;282,165;;4916,06
1937;0,2;263,5;311,379;284,993;283;330;560,836;558,927;60;282,141;;4913,92
1938;0,2;271,5;311,321;284,993;283;330;560,851;558,869;60;282,121;;4913,48
1939;0,2;273;311,646;284,737;283;330;560,721;558,738;60;282,097;;4912,9
1940;0,2;276,5;311,683;284,86;283;330;560,663;558,608;60;282,075;;4912,21
1941;0,2;277,5;312,153;284,986;283;330;560,619;558,594;60;282,058;;4912,21
1942;0,2;280;312,384;284,975;283;330;560,54;558,507;60;282,04;;4912,21
1943;0,2;265,5;312,623;284,957;283;330;560,474;558,521;60;282,027;;4912,21
1944;0,2;252,5;313,426;284,946;283;330;560,337;558,406;60;282,019;;4912,21
1945;0,2;251;313,505;284,95;283;330;560,38;558,406;60;282,013;;4912,12
1946;0,2;250,5;313,903;284,968;283;330;560,38;558,449;60;282,004;;4912,01
1947;0,2;234,5;314,294;284,972;283;330;560,453;558,507;60;281,998;;4912,01
1948;0,2;232;314,475;284,979;283;330;560,561;558,594;60;281,993;;4912,01
1949;0,2;230,5;315,343;284,798;283;330;560,619;558,724;60;281,985;;4912,01
1950;0,2;227;315,661;284,614;283;330;560,641;558,738;60;281,98;;4911,78
1951;0,2;214;316,508;284,621;283;330;560,764;558,832;60;281,975;;4911,2
1952;0,2;200,5;316,63;284,606;283;330;560,858;558,883;60;281,972;;4908,68
1953;0,2;189;317,065;284,585;283;330;560,909;558,977;60;281,968;;4907,1
1954;0,2;177;317,347;284,614;283;330;560,8;558,883;60;281,964;;4904,73
1955;0,2;172,5;317,824;284,621;283;330;560,648;558,738;60;281,959;;4903,56
1956;0,2;161,5;318,092;284,628;283;330;560,489;558,717;60;281,955;;4903,56
1957;0,2;148;318,497;284,632;283;330;560,474;558,521;60;281,952;;4903,56
1958;0,2;132,5;318,801;284,628;283;330;560,474;558,449;60;281,944;;4903,5
1959;0,2;129;318,88;284,603;283;330;560,431;558,536;60;281,942;;4903,3
1960;0,2;125;318,873;284,603;283;330;560,395;558,449;60;281,938;;4902,41
1961;0,2;121;319,43;284,61;283;330;560,33;558,398;60;281,931;;4902,02
1962;0,2;115;319,372;284,614;283;330;560,38;558,406;60;281,928;;4900,88
1963;0,2;110,5;319,336;284,621;283;330;560,323;558,449;60;281,921;;4899,48
1964;0,2;107,5;319,444;284,643;283;330;560,279;558,406;60;281,918;;4899,48
1965;0,2;107,5;319,452;284,628;283;330;560,286;558,341;60;281,911;;4899,48
1966;0,2;106,5;319,567;284,603;283;330;560,315;558,304;60;281,909;;4899,48
1967;0,2;106;319,56;284,606;283;330;560,243;558,341;60;281,907;;4899,48
1968;0,2;109;319,538;284,606;283;330;560,352;558,485;60;281,908;;4899,48
1969;0,2;114,5;319,459;284,625;283;330;560,474;558,5;60;281,907;;4899,35
1970;0,2;111;319,155;284,628;283;330;560,33;558,406;60;281,904;;4894,09
1971;0,2;121,5;318,844;284,628;283;330;560,286;558,319;60;281,904;;4890
1972;0,2;133;318,772;284,621;283;330;560,258;558,304;60;281,9;;4889,33
1973;0,2;137,5;319,104;284,606;283;330;560,221;558,355;60;281,9;;4889,33
1974;0,2;130,5;318,562;284,61;283;330;560,33;558,449;60;281,903;;4888,37
1975;0,2;130,5;318,591;284,617;283;330;560,402;558,449;60;281,906;;4886,28
1976;0,2;142,5;318,526;284,625;283;330;560,352;558,507;60;281,908;;4880,93
1977;0,2;146,5;318,07;284,628;283;330;560,395;558,449;60;281,912;;4878,54
1978;0,2;149;317,998;284,635;283;330;560,33;558,435;60;281,913;;4875,26
1979;0,2;159,5;317,962;284,628;283;330;560,33;558,42;60;281,919;;4873,71
1980;0,2;161,5;317,622;284,61;283;330;560,352;558,449;60;281,924;;4873,21
1981;0,2;160;317,354;284,61;283;330;560,474;558,456;60;281,929;;4873,21
1982;0,2;164;317,491;284,614;283;330;560,474;558,536;60;281,931;;4873,21
1983;0,2;169;317,52;284,621;283;330;560,474;558,449;60;281,936;;4873,21
1984;0,2;170,5;317,441;284,628;283;330;560,532;558,529;60;281,94;;4873,21
1985;0,2;169,5;317,332;284,625;283;330;560,648;558,688;60;281,947;;4873,21
1986;0,2;168;317,31;284,65;283;330;560,764;558,847;60;281,953;;4873,21
1987;0,2;168;317,448;284,635;283;330;560,851;558,948;60;281,959;;4873,21
1988;0,2;167,5;317,535;284,617;283;330;560,909;558,905;60;281,962;;4873,21
1989;0,2;162,5;317,499;284,603;283;330;560,8;558,883;60;281,965;;4873,21
1990;0,2;164;317,426;284,628;283;330;560,742;558,738;60;281,969;;4872,54
1991;0,2;161;317,361;284,643;283;330;560,576;558,652;60;281,972;;4868,58
1992;0,2;158;317,303;284,646;283;330;560,576;558,717;60;281,976;;4868,03
1993;0,2;156;317,347;284,61;283;330;560,619;558,594;60;281,979;;4865,11
1994;0,2;157;317,462;284,603;283;330;560,576;558,594;60;281,981;;4862,14
1995;0,2;156;317,527;284,625;283;330;560,619;558,695;60;281,983;;4861,78
1996;0,2;153,5;317,491;284,635;283;330;560,619;558,623;60;281,985;;4861,78
1997;0,2;155;317,419;284,628;283;330;560,583;558,594;60;281,988;;4861,78
1998;0,2;156;317,325;284,625;283;330;560,569;558,637;60;281,992;;4861,78
1999;0,2;150;317,289;284,646;283;330;560,619;558,731;60;281,999;;4861,78
2000;0,2;151;317,433;284,621;283;330;560,706;558,709;60;282,005;;4861,78
2001;0,2;151,5;317,527;284,614;283;330;560,619;558,789;60;282,016;;4861,78
2002;0,2;148;317,491;284,61;283;330;560,677;558,738;60;282,025;;4861,78
2003;0,2;146;317,918;284,614;283;330;560,786;558,738;60;282,033;;4861,78
2004;0,2;146,5;317,875;284,628;283;330;560,648;558,825;60;282,043;;4861,78
2005;0,2;135;317,788;284,635;283;330;560,619;558,832;60;282,056;;4861,78
2006;0,2;127,5;317,752;284,635;283;330;560,67;558,709;60;282,068;;4859,37
2007;0,2;124;317,766;284,635;283;330;560,699;558,738;60;282,083;;4856,1
2008;0,2;124,5;318,012;284,617;283;330;560,619;558,782;60;282,096;;4853,82
2009;0,2;121;318,085;284,621;283;330;560,67;558,782;60;282,109;;4852,5
2010;0,2;115,5;318,077;284,632;283;330;560,569;558,666;60;282,125;;4849,05
2011;0,2;108,5;317,506;284,628;283;330;560,684;558,673;60;282,14;;4844,82
2012;0,2;110,5;317,441;284,639;283;330;560,692;558,695;60;282,155;;4841,9
2013;0,2;117,5;317,368;284,646;283;330;560,569;558,594;60;282,171;;4836,94
2014;0,2;113,5;317,303;284,646;283;330;560,474;558,55;60;282,19;;4835,35
2015;0,2;112;317,318;284,621;283;330;560,33;558,464;60;282,207;;4834,33
2016;0,2;110,5;317,448;284,61;283;330;560,308;558,355;60;282,23;;4834,33
2017;0,2;103;317,412;284,621;283;330;560,142;558,16;60;282,253;;4834,33
2018;0,2;96,5;317,296;284,632;283;330;560,084;558,16;60;282,275;;4834,33
2019;0,2;101;317,267;284,635;283;330;559,997;558,109;60;282,295;;4834,33
2020;0,2;104;317,173;284,635;283;330;559,961;558,16;60;282,318;;4834,33
2021;0,2;99,5;316,725;284,635;283;330;560,041;558,16;60;282,341;;4834,33
2022;0,2;90;316,276;284,621;283;330;560,041;558,16;60;282,36;;4834,33
2023;0,2;88,5;316,233;284,614;283;330;560,041;558,087;60;282,382;;4834,33
2024;0,2;91;316,175;284,614;283;330;560,041;558,015;60;282,401;;4834,33
2025;0,2;86;316,175;284,621;283;330;559,968;558,015;60;282,422;;4834,33
2026;0,2;83,5;316,218;284,628;283;330;560,026;558,015;60;282,447;;4834,33
2027;0,2;83;315,791;284,639;283;330;559,91;557,943;60;282,471;;4834,33
2028;0,2;82,5;315,357;284,643;283;330;559,838;557,87;60;282,494;;4834,28
2029;0,2;86,5;315,271;284,621;283;330;559,751;557,87;60;282,516;;4830,56
2030;0,2;85;315,046;284,596;283;330;559,823;557,87;60;282,538;;4829,27
2031;0,2;84;314,88;284,628;283;330;559,896;557,921;60;282,557;;4828,05
2032;0,2;80;315,017;284,65;283;330;559,983;557,87;60;282,579;;4825,49
2033;0,2;78,5;314,446;284,657;283;330;559,896;557,914;60;282,604;;4823,97
2034;0,2;74,5;314,388;284,643;283;330;559,831;557,863;60;282,626;;4823,19
2035;0,2;77,5;314,142;284,628;283;330;559,592;557,675;60;282,648;;4822,54
2036;0,2;77,5;313,947;284,621;283;330;559,411;557,559;60;282,668;;4821,86
2037;0,2;73,5;313,542;284,628;283;330;559,317;557,386;60;282,69;;4821,86
2038;0,2;78;313,238;284,621;283;330;559,209;557,299;60;282,711;;4821,86
2039;0,2;79;313,361;284,628;283;330;559,136;557,154;60;282,732;;4821,86
2040;0,2;78,5;313,144;284,639;283;330;559,071;557,169;60;282,751;;4821,86
2041;0,2;77,5;313,129;284,65;283;330;559,028;557,169;60;282,768;;4821,86
2042;0,2;84;312,391;284,632;283;330;559,028;557,147;60;282,784;;4821,86
2043;0,2;82;312,189;284,61;283;330;559,028;557,089;60;282,805;;4821,86
2044;0,2;81;312,203;284,639;283;330;559,028;557,038;60;282,823;;4817,99
2045;0,2;79;311,516;284,643;283;330;558,992;557,046;60;282,84;;4814,28
2046;0,2;78,5;311,589;284,635;283;330;559,028;557,133;60;282,859;;4814,28
2047;0,2;79;311,61;284,639;283;330;559,028;557,096;60;282,874;;4814,28
2048;0,2;77;311,306;284,606;283;330;559,028;557,089;60;282,887;;4813,29
2049;0,2;69,5;311,22;284,606;283;330;558,934;557,118;60;282,906;;4811,49
2050;0,2;72,5;311,176;284,625;283;330;558,883;557,067;60;282,918;;4809,61
2051;0,2;79;310,344;284,635;283;330;558,883;556,952;60;282,93;;4806,22
2052;0,2;74,5;310,315;284,621;283;330;558,883;556,952;60;282,94;;4805,54
2053;0,2;77;310,294;284,635;283;330;558,883;557,002;60;282,957;;4804,53
2054;0,2;78;310,258;284,657;283;330;558,912;557,002;60;282,972;;4803,45
2055;0,2;83;310,315;284,632;283;330;558,861;556,959;60;282,985;;4802,01
2056;0,2;82,5;310,352;284,635;283;330;558,912;557,002;60;282,998;;4799,43
2057;0,2;83,5;309,563;284,733;283;330;558,963;557,06;60;283,01;;4798,22
2058;0,2;80;309,729;284,744;283;330;559,028;557,147;60;283,02;;4798,22
2059;0,2;80;309,679;284,838;283;330;559,086;557,147;60;283,029;;4798,22
2060;0,2;79;309,093;284,845;283;330;559,172;557,241;60;283,039;;4798,22
2061;0,2;76;309,086;284,91;283;330;559,172;557,342;60;283,051;;4798,22
2062;0,2;79,5;309,281;284,776;283;330;559,303;557,357;60;283,06;;4798,22
2063;0,2;85,5;309,324;284,787;283;330;559,324;557,509;60;283,071;;4795,77
2064;0,2;85;308,883;284,82;283;330;559,462;557,581;60;283,078;;4795,7
2065;0,2;89;308,992;284,769;283;330;559,462;557,624;60;283,088;;4795,7
2066;0,2;92;308,912;284,776;283;330;559,505;557,733;60;283,096;;4794,31
2067;0,2;92,5;308,854;284,78;283;330;559,505;557,675;60;283,106;;4792,47
2068;0,2;94;308,08;284,784;283;330;559,462;557,682;60;283,113;;4789,95
2069;0,2;93;308,073;284,874;283;330;559,527;557,726;60;283,12;;4788,89
2070;0,2;98;308,152;284,961;283;330;559,389;557,632;60;283,129;;4788,21
2071;0,2;100;308,341;284,983;283;330;559,411;557,661;60;283,141;;4783,4
2072;0,2;97;308,03;284,997;283;330;559,455;557,581;60;283,149;;4783,22
2073;0,2;91,5;307,581;284,936;283;330;559,484;557,624;60;283,157;;4782,47
2074;0,2;99,5;307,545;284,943;283;330;559,512;557,581;60;283,166;;4781,79
2075;0,2;104,5;307,48;285,019;283;330;559,607;557,581;60;283,175;;4780,3
2076;0,2;104,5;307,422;285,015;283;330;559,607;557,61;60;283,187;;4779,44
2077;0,2;98,5;307,501;284,769;283;330;559,715;557,812;60;283,199;;4779,44
2078;0,2;92;307,473;284,881;283;330;559,795;557,928;60;283,21;;4779,44
2079;0,2;93;307,769;284,755;283;330;559,881;557,979;60;283,222;;4779,44
2080;0,2;91,5;307,227;284,881;283;330;559,983;558,08;60;283,233;;4779,44
2081;0,2;92,5;307,277;284,755;283;330;560,041;558,203;60;283,248;;4779,44
2082;0,2;94;307,183;284,762;283;330;560,084;558,21;60;283,265;;4779,32
2083;0,2;94;307,125;284,762;283;330;560,077;558,16;60;283,28;;4778,18
2084;0,2;94,5;307,046;284,766;283;330;560,041;558,138;60;283,298;;4778,18
2085;0,2;88,5;307,053;284,776;283;330;559,99;558,138;60;283,313;;4778,01
2086;0,2;87;307,169;284,776;283;330;560,004;558,16;60;283,327;;4775,19
2087;0,2;85;307,263;284,867;283;330;560,091;558,16;60;283,342;;4770,45
2088;0,2;76,5;307,277;284,737;283;330;560,163;558,174;60;283,358;;4767,26
2089;0,2;73,5;307,212;284,744;283;330;560,185;558,232;60;283,377;;4767,1
2090;0,2;72;307,104;284,878;283;330;560,2;558,283;60;283,394;;4766,37
2091;0,2;70,5;307,038;284,874;283;330;560,33;558,304;60;283,413;;4765,84
2092;0,2;69,5;306,727;284,892;283;330;560,207;558,297;60;283,43;;4765,84
2093;0,2;62,5;306,46;285,022;283;330;560,185;558,247;60;283,449;;4762,47
2094;0,2;64;306,503;285,026;283;330;560,185;558,247;60;283,467;;4760,81
2095;0,2;61;306,525;285,019;283;330;560,185;558,203;60;283,485;;4760,81
2096;0,2;60,5;306,46;285,135;283;330;560,185;558,16;60;283,502;;4760,81
2097;0,2;53,5;306,416;285,12;283;330;560,236;558,174;60;283,516;;4760,81
2098;0,2;55,5;306,366;285,124;283;330;560,185;558,218;60;283,534;;4760,81
2099;0,2;53;306,264;285,131;283;330;560,185;558,181;60;283,553;;4760,81
2100;0,2;48,5;306,026;285,138;283;330;560,084;558,203;60;283,571;;4760,81
2101;0,2;46,5;306,069;285,145;283;330;560,185;558,174;60;283,585;;4760,81
2102;0,2;46;306,228;285,149;283;330;560,33;558,304;60;283,597;;4760,81
2103;0,2;44,5;306,286;285,156;283;330;560,229;558,341;60;283,606;;4760,81
2104;0,2;38,5;305,425;285,135;283;330;560,163;558,225;60;283,618;;4760,81
2105;0,2;35,5;305,31;285,12;283;330;560,041;558,109;60;283,628;;4757,19
2106;0,2;34,5;305,512;285,124;283;330;559,91;557,993;60;283,641;;4753,27
2107;0,2;32;305,483;285,131;283;330;559,751;557,87;60;283,648;;4753,27
2108;0,2;32;305,071;285,135;283;330;559,751;557,827;60;283,656;;4753,27
2109;0,2;34;305,158;285,142;283;330;559,751;557,87;60;283,66;;4751,78
2110;0,2;32;305,237;285,149;283;330;559,751;557,856;60;283,665;;4749,5
2111;0,2;32;304,832;285,156;283;330;559,751;557,841;60;283,665;;4749,5
2112;0,2;34,5;304,543;285,153;283;330;559,737;557,87;60;283,667;;4747,69
2113;0,2;42,5;304,637;285,138;283;330;559,657;557,726;60;283,671;;4745,73
2114;0,2;42,5;303,971;285,12;283;330;559,563;557,581;60;283,677;;4745,73
2115;0,2;39;304,058;285,12;283;330;559,455;557,509;60;283,68;;4745,73
2116;0,2;44;304,181;285,127;283;330;559,317;557,371;60;283,687;;4745,73
2117;0,2;49;303,689;285,135;283;330;559,23;557,335;60;283,688;;4745,73
2118;0,2;50;303,646;285,138;283;330;559,281;557,306;60;283,688;;4745,73
2119;0,2;56,5;303,356;285,145;283;330;559,216;557,335;60;283,688;;4745,73
2120;0,2;61,5;303,002;285,149;283;330;559,172;557,321;60;283,691;;4745,73
2121;0,2;63,5;302,944;285,135;283;330;559,172;557,292;60;283,693;;4745,73
2122;0,2;69,5;302,778;285,308;283;330;559,143;557,248;60;283,694;;4745,68
2123;0,2;74;302,619;285,38;283;330;559,107;557,299;60;283,693;;4741,68
2124;0,2;80;302,734;285,388;283;330;559,266;557,393;60;283,692;;4740,12
2125;0,2;88,5;302,713;285,406;283;330;559,317;557,436;60;283,694;;4739,34
2126;0,2;91,5;302,488;285,286;283;330;559,317;557,487;60;283,695;;4738,18
2127;0,2;93,5;302,011;285,294;283;330;559,317;557,451;60;283,695;;4736,8
2128;0,2;99,5;301,931;285,301;283;330;559,361;557,581;60;283,693;;4734,19
2129;0,2;102,5;301,997;285,294;283;330;559,462;557,581;60;283,692;;4733,1
2130;0,2;105,5;302,112;285,297;283;330;559,462;557,581;60;283,693;;4732,17
2131;0,2;106;302,192;285,29;283;330;559,462;557,632;60;283,694;;4731,84
2132;0,2;105,5;302,127;285,283;283;330;559,592;557,682;60;283,695;;4730,84
2133;0,2;105,5;302,047;285,312;283;330;559,607;557,697;60;283,697;;4730,59
2134;0,2;105;301,968;285,344;283;330;559,751;557,762;60;283,697;;4730,59
2135;0,2;103;301,939;285,352;283;330;559,751;557,82;60;283,697;;4730,59
2136;0,2;100;302,033;285,373;283;330;559,802;557,885;60;283,697;;4730,54
2137;0,2;102;302,105;285,391;283;330;559,751;557,907;60;283,697;;4729,34
2138;0,2;105;302,163;285,319;283;330;559,751;557,907;60;283,696;;4729,34
2139;0,2;102,5;302,698;285,362;283;330;559,795;557,87;60;283,698;;4729,21
2140;0,2;97,5;302,517;285,297;283;330;559,722;557,733;60;283,698;;4728,08
2141;0,2;93,5;302,452;285,276;283;330;559,476;557,632;60;283,698;;4728,08
2142;0,2;92,5;302,467;285,265;283;330;559,368;557,523;60;283,7;;4728,08
2143;0,2;88,5;302,59;285,258;283;330;559,317;557,436;60;283,703;;4727,66
2144;0,2;84;302,705;285,261;283;330;559,317;557,378;60;283,703;;4726,83
2145;0,2;86,5;302,778;285,261;283;330;559,187;557,292;60;283,702;;4725,1
2146;0,2;87;303,125;285,261;283;330;559,115;557,219;60;283,701;;4724,6
2147;0,2;84,5;303,031;285,268;283;330;559,021;557,147;60;283,7;;4720,39
2148;0,2;77;302,937;285,276;283;330;558,927;557,06;60;283,702;;4712,38
2149;0,2;77,5;302,959;285,276;283;330;558,883;557,017;60;283,703;;4712,08
2150;0,2;75,5;303,082;285,283;283;330;558,934;557,089;60;283,708;;4711,93
2151;0,2;72,5;303,183;285,442;283;330;558,832;557,031;60;283,713;;4709,77
2152;0,2;74;303,125;285,305;283;330;558,927;557,053;60;283,721;;4709,57
2153;0,2;73,5;303,024;285,344;283;330;558,955;557,147;60;283,729;;4709,57
2154;0,2;71;302,959;285,348;283;330;559,107;557,306;60;283,737;;4708,92
2155;0,2;72,5;302,988;285,456;283;330;559,209;557,321;60;283,744;;4706,37
2156;0,2;73;303,668;285,456;283;330;559,187;557,35;60;283,75;;4705,82
2157;0,2;67,5;303,733;285,467;283;330;559,266;557,292;60;283,758;;4705,82
2158;0,2;56,5;303,718;285,453;283;330;559,23;557,342;60;283,768;;4704,97
2159;0,2;52,5;303,668;285,496;283;330;559,317;557,4;60;283,78;;4704,57
2160;0,2;51,5;303,537;285,514;283;330;559,252;557,364;60;283,789;;4704,57
2161;0,2;48;302,93;285,286;283;330;559,23;557,292;60;283,795;;4704,57
2162;0,2;48,5;302,995;285,239;283;330;559,172;557,292;60;283,802;;4701,37
2163;0,2;52,5;303,118;285,243;283;330;559,086;557,183;60;283,811;;4700,82
2164;0,2;52;303,176;285,373;283;330;558,934;557,06;60;283,817;;4700,17
2165;0,2;49;303,118;285,254;283;330;558,934;557,024;60;283,826;;4697,74
2166;0,2;48;303,016;285,254;283;330;558,883;556,995;60;283,835;;4694,56
2167;0,2;47,5;302,937;285,254;283;330;558,883;556,908;60;283,842;;4694,56
2168;0,2;45;302,973;285,279;283;330;558,883;556,981;60;283,849;;4694,29
2169;0,2;43,5;303,082;285,294;283;330;558,782;556,858;60;283,854;;4693,31
2170;0,2;43,5;303,183;285,283;283;330;558,738;556,814;60;283,862;;4690,94
2171;0,2;39;302,915;285,276;283;330;558,695;556,756;60;283,869;;4690,81
2172;0,2;37,5;302,669;285,283;283;330;558,608;556,583;60;283,877;;4690,81
2173;0,2;39,5;302,669;285,276;283;330;558,492;556,467;60;283,887;;4690,81
2174;0,2;43;302,677;285,243;283;330;558,427;556,424;60;283,893;;4690,81
2175;0,2;43;302,561;285,25;283;330;558,304;556,33;60;283,902;;4690,81
2176;0,2;37;302,192;285,239;283;330;558,174;556,134;60;283,91;;4690,81
2177;0,2;35;301,982;285,261;283;330;558,109;556,185;60;283,921;;4690,63
2178;0,2;39;302,098;285,25;283;330;557,972;556,178;60;283,93;;4690,44
2179;0,2;39,5;302,156;285,254;283;330;557,899;556,091;60;283,939;;4690,44
2180;0,2;37,5;302,098;285,261;283;330;557,87;555,99;60;283,951;;4690,44
2181;0,2;38;301,751;285,279;283;330;557,87;555,99;60;283,957;;4689,84
2182;0,2;38;301,7;285,258;283;330;557,87;555,99;60;283,964;;4689,19
2183;0,2;41;301,396;285,391;283;330;557,935;555,99;60;283,97;;4689,19
2184;0,2;43,5;301,288;285,37;283;330;558,073;556,134;60;283,977;;4687,27
2185;0,2;39,5;301,027;285,431;283;330;558,095;556,236;60;283,983;;4684,12
2186;0,2;44,5;301,121;285,453;283;330;558,21;556,344;60;283,987;;4681,67
2187;0,2;46;301,136;285,453;283;330;558,304;556,424;60;283,989;;4680,55
2188;0,2;46;300,608;285,355;283;330;558,304;556,424;60;283,99;;4679,73
2189;0,2;46;300,21;285,428;283;330;558,304;556,424;60;283,991;;4679,15
2190;0,2;54,5;300,166;285,464;283;330;558,261;556,424;60;283,996;;4679,15
2191;0,2;57;300,116;285,471;283;330;558,261;556,424;60;284;;4679,15
2192;0,2;51;300,195;285,471;283;330;558,304;556,424;60;284,002;;4677,61
2193;0,2;48;300;285,442;283;330;558,464;556,525;60;284;;4676,66
2194;0,2;46;300,109;285,435;283;330;558,594;556,713;60;284;;4676,66
2195;0,2;50,5;300,08;285,424;283;330;558,594;556,713;60;283,993;;4676,66
2196;0,2;59;299,971;285,413;283;330;558,579;556,597;60;283,987;;4676,66
2197;0,2;61;299,892;285,409;283;330;558,427;556,518;60;283,98;;4676,03
2198;0,2;58;299,523;285,348;283;330;558,348;556,424;60;283,974;;4675,41
2199;0,2;57;299,255;285,373;283;330;558,442;556,453;60;283,968;;4675,41
2200;0,2;66,5;299,371;285,373;283;330;558,333;556,481;60;283,958;;4675,41
2201;0,2;74,5;299,45;285,38;283;330;558,377;556,424;60;283,946;;4675,41
2202;0,2;73;299,523;285,359;283;330;558,413;556,424;60;283,93;;4675,16
2203;0,2;77;299,421;285,467;283;330;558,355;556,424;60;283,915;;4671,04
2204;0,2;78,5;299,392;285,471;283;330;558,449;556,467;60;283,902;;4663,56
2205;0,2;78;299,334;285,399;283;330;558,464;556,51;60;283,883;;4662,94
2206;0,2;78;299,284;285,507;283;330;558,514;556,518;60;283,862;;4662,34
2207;0,2;78;299,248;285,503;283;330;558,449;556,424;60;283,844;;4661,69
2208;0,2;78;299,298;285,518;283;330;558,312;556,424;60;283,825;;4661,22
2209;0,2;86,5;299,371;285,518;283;330;558,348;556,373;60;283,806;;4657,78
2210;0,2;91,5;299,407;285,536;283;330;558,391;556,337;60;283,79;;4655,71
2211;0,2;93,5;299,465;285,54;283;330;558,275;556,279;60;283,774;;4653,27
2212;0,2;102,5;299,385;285,536;283;330;558,16;556,207;60;283,757;;4651,72
2213;0,2;110,5;299,262;285,554;283;330;558,16;556,178;60;283,74;;4651,72
2214;0,2;111,5;299,168;285,554;283;330;558,138;556,134;60;283,722;;4651,72
2215;0,2;113,5;299,146;285,438;283;330;557,943;555,939;60;283,701;;4651,72
2216;0,2;127,5;299,183;285,55;283;330;557,776;555,845;60;283,683;;4651,72
2217;0,2;134,5;299,646;285,399;283;330;557,856;555,816;60;283,662;;4651,72
2218;0,2;136;300,109;285,399;283;330;557,776;555,744;60;283,643;;4651,72
2219;0,2;128,5;300,072;285,258;283;330;557,697;555,65;60;283,623;;4651,45
2220;0,2;133,5;299,993;285,258;283;330;557,581;555,556;60;283,605;;4650,48
2221;0,2;136;300,492;285,261;283;330;557,501;555,556;60;283,59;;4650,38
2222;0,2;128,5;300,499;285,261;283;330;557,436;555,425;60;283,571;;4647,52
2223;0,2;139,5;300,586;285,395;283;330;557,436;555,411;60;283,557;;4645,18
2224;0,2;145,5;301,056;285,395;283;330;557,436;555,411;60;283,542;;4644,25
2225;0,2;138;301,128;285,341;283;330;557,436;555,411;60;283,532;;4644,13
2226;0,2;135,5;301,823;285,428;283;330;557,436;555,411;60;283,523;;4643,01
2227;0,2;126;301,649;285,456;283;330;557,328;555,281;60;283,509;;4639,33
2228;0,2;125,5;301,997;285,42;283;330;557,321;555,404;60;283,5;;4637,46
2229;0,2;122;301,881;285,438;283;330;557,393;555,411;60;283,491;;4636,29
2230;0,2;122,5;302,539;285,431;283;330;557,386;555,339;60;283,481;;4632,04
2231;0,2;115,5;302,358;285,431;283;330;557,277;555,266;60;283,472;;4631,82
2232;0,2;114;303,125;285,438;283;330;557,227;555,266;60;283,463;;4631,78
2233;0,2;112,5;303,19;285,46;283;330;557,147;555,165;60;283,459;;4631,75
2234;0,2;107;303,429;285,471;283;330;557,053;554,977;60;283,452;;4631,75
2235;0,2;106;303,436;285,464;283;330;557,147;555,1;60;283,446;;4631,75
2236;0,2;103;303,595;285,464;283;330;557,147;555,122;60;283,434;;4631,75
2237;0,2;95,5;303,964;285,471;283;330;557,147;555,122;60;283,424;;4631,63
2238;0,2;90;304,094;285,424;283;330;557,147;555,122;60;283,414;;4631,51
2239;0,2;87;304,485;285,431;283;330;557,01;555,122;60;283,401;;4631,51
2240;0,2;87;304,854;285,431;283;330;556,966;554,999;60;283,39;;4631,51
2241;0,2;87,5;304,355;285,428;283;330;557,002;554,991;60;283,38;;4631,21
2242;0,2;85;304,673;285,431;283;330;557,038;555,122;60;283,362;;4630,26
2243;0,2;80,5;304,984;285,428;283;330;557,147;555,237;60;283,345;;4630,26
2244;0,2;77,5;305,085;285,428;283;330;557,248;555,302;60;283,325;;4630,21
2245;0,2;74,5;305,208;285,435;283;330;557,292;555,367;60;283,304;;4625,67
2246;0,2;75,5;305,216;285,449;283;330;557,415;555,418;60;283,281;;4623,48
2247;0,2;78,5;305,107;285,467;283;330;557,436;555,556;60;283,261;;4619,88
2248;0,2;82;305,02;285,464;283;330;557,523;555,592;60;283,238;;4618,52
2249;0,2;88;304,991;285,46;283;330;557,436;555,505;60;283,218;;4615,76
2250;0,2;91,5;305,107;285,442;283;330;557,436;555,512;60;283,195;;4614,79
2251;0,2;93;305,201;285,402;283;330;557,436;555,447;60;283,173;;4614,27
2252;0,2;95,5;305,237;285,409;283;330;557,429;555,411;60;283,151;;4613,55
2253;0,2;106,5;305,107;285,482;283;330;557,292;555,324;60;283,127;;4613,55
2254;0,2;112,5;305,013;285,482;283;330;557,176;555,165;60;283,104;;4613,55
2255;0,2;118;304,991;285,46;283;330;557,111;554,977;60;283,083;;4613,51
2256;0,2;127,5;305,382;285,467;283;330;557,002;554,977;60;283,065;;4610,12
2257;0,2;135,5;305,787;285,489;283;330;556,952;554,854;60;283,047;;4610
2258;0,2;132,5;305,816;285,485;283;330;556,814;554,796;60;283,03;;4610
2259;0,2;131;305,744;285,485;283;330;556,858;554,789;60;283,009;;4610
2260;0,2;136;305,621;285,478;283;330;556,858;554,832;60;282,986;;4610
2261;0,2;141;305,548;285,489;283;330;556,858;554,803;60;282,967;;4610
2262;0,2;150,5;305,527;285,464;283;330;556,858;554,803;60;282,948;;4610
2263;0,2;158,5;306,033;285,475;283;330;556,858;554,839;60;282,934;;4606,5
2264;0,2;160;306,214;285,485;283;330;556,858;554,796;60;282,919;;4601,44
2265;0,2;156;306,257;285,503;283;330;556,858;554,716;60;282,905;;4600,08
2266;0,2;160;306,214;285,258;283;330;556,858;554,724;60;282,891;;4596,36
2267;0,2;163,5;306,887;285,268;283;330;556,742;554,76;60;282,873;;4595,12
2268;0,2;166,5;306,85;285,272;283;330;556,67;554,63;60;282,853;;4595,12
2269;0,2;169,5;306,93;285,286;283;330;556,626;554,557;60;282,836;;4595,12
2270;0,2;170;307,031;285,29;283;330;556,713;554,716;60;282,821;;4592,04
2271;0,2;167,5;307,125;285,294;283;330;556,771;554,789;60;282,81;;4590,53
2272;0,2;161,5;308,044;285,218;283;330;556,858;554,926;60;282,796;;4590,53
2273;0,2;155,5;308,102;285,124;283;330;556,981;555,078;60;282,781;;4590,53
2274;0,2;154;308,203;285,12;283;330;557,198;555,266;60;282,771;;4590,53
2275;0,2;158,5;308,29;285,127;283;330;557,248;555,317;60;282,753;;4590,53
2276;0,2;156;308,594;285,131;283;330;557,292;555,223;60;282,74;;4590,53
2277;0,2;152;308,912;285,138;283;330;557,198;555,266;60;282,729;;4590,53
2278;0,2;146;308,97;285,145;283;330;557,248;555,266;60;282,718;;4590,53
2279;0,2;143;309,078;285,156;283;330;557,292;555,339;60;282,707;;4590,53
2280;0,2;140;309,107;285,153;283;330;557,292;555,367;60;282,699;;4590,53
2281;0,2;137;309,592;285,131;283;330;557,371;555,375;60;282,69;;4590,53
2282;0,2;137,5;310,026;285,124;283;330;557,263;555,302;60;282,68;;4590,53
2283;0,2;136;309,983;285,127;283;330;557,183;555,15;60;282,678;;4587,16
2284;0,2;136;310,344;285,135;283;330;557,089;555,122;60;282,676;;4585,58
2285;0,2;133;310,236;285,145;283;330;556,981;554,984;60;282,677;;4585,58
2286;0,2;124,5;310,475;285,145;283;330;556,944;554,977;60;282,68;;4585,58
2287;0,2;125;310,749;285,153;283;330;556,959;554,977;60;282,68;;4583,57
2288;0,2;120,5;310,872;285,138;283;330;557,075;555,064;60;282,675;;4582,53
2289;0,2;114;310,988;285,12;283;330;557,147;555,071;60;282,675;;4579,73
2290;0,2;114;311,089;285,12;283;330;557,067;555,006;60;282,67;;4573,53
2291;0,2;118;311,335;285,131;283;330;556,959;554,941;60;282,666;;4572,91
2292;0,2;112;311,249;285,138;283;330;556,959;554,905;60;282,663;;4572,43
2293;0,2;102;311,176;285,149;283;330;557,002;554,905;60;282,666;;4572,43
2294;0,2;100;311,133;285,149;283;330;556,959;554,977;60;282,669;;4572,43
2295;0,2;99,5;311,249;285,149;283;330;557,002;554,991;60;282,667;;4572,43
2296;0,2;97;311,35;285,131;283;330;557,14;555,071;60;282,661;;4572,43
2297;0,2;98,5;311,357;285,124;283;330;557,241;555,216;60;282,656;;4572,43
2298;0,2;99,5;311,234;285,127;283;330;557,277;555,36;60;282,651;;4572,43
2299;0,2;97,5;311,155;285,138;283;330;557,473;555,563;60;282,645;;4572,43
2300;0,2;99;311,147;285,142;283;330;557,581;555,7;60;282,64;;4572,43
2301;0,2;100;311,285;285,149;283;330;557,581;555,7;60;282,635;;4572,43
2302;0,2;99,5;311,386;285,153;283;330;557,581;555,7;60;282,631;;4572,43
2303;0,2;99,5;311,328;285,012;283;330;557,581;555,563;60;282,625;;4572,43
2304;0,2;103;311,249;284,871;283;330;557,581;555,613;60;282,614;;4569,02
2305;0,2;105,5;311,169;284,849;283;330;557,581;555,7;60;282,603;;4566,42
2306;0,2;105;311,14;284,863;283;330;557,581;555,657;60;282,593;;4563,75
2307;0,2;105,5;311,263;284,899;283;330;557,552;555,65;60;282,584;;4562,27
2308;0,2;106;311,379;284,896;283;330;557,516;555,7;60;282,575;;4559,42
2309;0,2;106;311,372;284,889;283;330;557,494;555,65;60;282,566;;4556,93
2310;0,2;107;311,234;284,802;283;330;557,624;555,7;60;282,559;;4556,72
2311;0,2;108;311,155;284,809;283;330;557,689;555,83;60;282,55;;4556,72
2312;0,2;116;310,894;284,816;283;330;557,726;555,845;60;282,544;;4555,71
2313;0,2;118;310,677;284,823;283;330;557,675;555,736;60;282,537;;4555,48
2314;0,2;121,5;310,786;284,827;283;330;557,581;555,628;60;282,53;;4555,48
2315;0,2;127,5;311,118;284,813;283;330;557,473;555,556;60;282,526;;4555,19
2316;0,2;134,5;311,118;284,82;283;330;557,487;555,556;60;282,521;;4553,02
2317;0,2;134;310,916;284,82;283;330;557,48;555,65;60;282,518;;4553,02
2318;0,2;137,5;310,88;284,827;283;330;557,444;555,541;60;282,513;;4553,02
2319;0,2;146;310,945;284,842;283;330;557,53;555,57;60;282,505;;4553,02
2320;0,2;147;310,916;284,852;283;330;557,364;555,367;60;282,495;;4553,02
2321;0,2;147,5;310,836;284,874;283;330;557,255;555,302;60;282,487;;4552,66
2322;0,2;146;310,815;284,881;283;330;557,234;555,201;60;282,483;;4551,83
2323;0,2;147,5;310,865;284,889;283;330;557,147;555,122;60;282,478;;4551,58
2324;0,2;153;310,974;284,892;283;330;557,147;555,122;60;282,47;;4549,43
2325;0,2;155,5;310,93;284,852;283;330;557,104;555,122;60;282,461;;4549,36
2326;0,2;155,5;310,894;284,823;283;330;557,147;555,122;60;282,454;;4548,27
2327;0,2;157,5;311,292;284,769;283;330;557,053;555,165;60;282,448;;4545,71
2328;0,2;162;311,212;284,762;283;330;557,002;555,122;60;282,442;;4543,19
2329;0,2;157,5;311,147;284,78;283;330;557,002;555,027;60;282,437;;4542,35
2330;0,2;151;311,169;284,856;283;330;557,002;555,042;60;282,433;;4541,14
2331;0,2;151;311,393;284,874;283;330;557,002;555,085;60;282,429;;4538,16
2332;0,2;154;311,965;284,758;283;330;557,002;555,071;60;282,427;;4536,71
2333;0,2;147;311,617;285,008;283;330;557,096;555,179;60;282,425;;4535,8
2334;0,2;145,5;311,74;284,892;283;330;557,125;555,122;60;282,422;;4535,8
2335;0,2;146;312,037;284,755;283;330;557,234;555,208;60;282,418;;4535,8
2336;0,2;147,5;312,146;284,74;283;330;557,292;555,31;60;282,41;;4535,8
2337;0,2;135;312,232;284,737;283;330;557,393;555,447;60;282,407;;4535,8
2338;0,2;133;312,37;284,729;283;330;557,436;555,556;60;282,406;;4535,62
2339;0,2;135;312,377;284,744;283;330;557,393;555,498;60;282,404;;4534,83
2340;0,2;134;312,76;284,86;283;330;557,429;555,462;60;282,395;;4534,83
2341;0,2;132;312,985;284,928;283;330;557,436;555,411;60;282,388;;4534,83
2342;0,2;122,5;312,956;285,138;283;330;557,415;555,367;60;282,384;;4534,46
2343;0,2;115,5;312,934;285,145;283;330;557,248;555,216;60;282,384;;4533,6
2344;0,2;124;312,71;285,153;283;330;557,248;555,288;60;282,378;;4531,77
2345;0,2;133,5;313,404;285,145;283;330;557,342;555,411;60;282,371;;4527,51
2346;0,2;135,5;313,426;285,124;283;330;557,292;555,411;60;282,371;;4522,91
2347;0,2;121,5;313,332;285,12;283;330;557,292;555,317;60;282,369;;4522,52
2348;0,2;114;313,231;285,127;283;330;557,205;555,208;60;282,366;;4522,52
2349;0,2;118;313,187;285,131;283;330;557,096;555,093;60;282,362;;4522,52
2350;0,2;117;313,288;285,138;283;330;557,038;555,064;60;282,359;;4522,52
2351;0,2;117,5;313,419;285,142;283;330;557,002;555,122;60;282,357;;4522,52
2352;0,2;119;313,404;285,153;283;330;557,089;555,165;60;282,362;;4522,52
2353;0,2;120,5;313,332;285,156;283;330;557,096;555,143;60;282,366;;4522,52
2354;0,2;120;313,245;285,135;283;330;557,096;555,107;60;282,369;;4522,52
2355;0,2;120;313,194;285,12;283;330;556,959;555,064;60;282,373;;4522,52
2356;0,2;120;313,339;285,131;283;330;556,85;554,926;60;282,375;;4522,52
2357;0,2;119,5;313,426;285,135;283;330;556,771;554,81;60;282,378;;4522,44
2358;0,2;120;313,411;285,142;283;330;556,756;554,767;60;282,381;;4521,92
2359;0,2;120;313,332;285,149;283;330;556,713;554,702;60;282,386;;4521,92
2360;0,2;120;313,238;285,153;283;330;556,713;554,688;60;282,397;;4521,01
2361;0,2;119;313,187;285,124;283;330;556,713;554,688;60;282,409;;4520,47
2362;0,2;120;313,288;285,12;283;330;556,662;554,688;60;282,419;;4518,32
2363;0,2;118,5;313,419;285,127;283;330;556,655;554,688;60;282,428;;4515,24
2364;0,2;113,5;313,411;285,135;283;330;556,59;554,688;60;282,437;;4512,91
2365;0,2;114;313,325;285,142;283;330;556,713;554,702;60;282,447;;4510,52
2366;0,2;112;313,238;285,149;283;330;556,749;554,716;60;282,463;;4509,22
2367;0,2;111,5;313,18;285,156;283;330;556,858;554,81;60;282,478;;4507,77
2368;0,2;111;313,267;285,149;283;330;556,901;554,876;60;282,492;;4503,07
2369;0,2;110,5;313,368;285,124;283;330;556,894;555,078;60;282,504;;4497,64
2370;0,2;105,5;313,433;285,12;283;330;556,923;555,013;60;282,518;;4496,32
2371;0,2;100,5;313,339;285,131;283;330;556,995;555,093;60;282,531;;4495,63
2372;0,2;98;313,26;285,138;283;330;557,053;555,158;60;282,546;;4492,1
2373;0,2;92;312,891;285,149;283;330;557,212;555,317;60;282,559;;4492,02
2374;0,2;86,5;312,876;285,153;283;330;557,292;555,281;60;282,567;;4491,26
2375;0,2;87;312,92;285,149;283;330;557,292;555,454;60;282,575;;4490,8
2376;0,2;88;312,999;285,124;283;330;557,393;555,447;60;282,586;;4490,8
2377;0,2;95,5;313,057;285,124;283;330;557,436;555,556;60;282,595;;4490,8
2378;0,2;92,5;313,093;285,131;283;330;557,436;555,556;60;282,606;;4490,8
2379;0,2;87,5;312,666;285,138;283;330;557,386;555,447;60;282,618;;4490,8
2380;0,2;80,5;312,203;285,145;283;330;557,292;555,389;60;282,629;;4490,8
2381;0,2;83;312,16;285,153;283;330;557,292;555,396;60;282,642;;4490,8
2382;0,2;86,5;312,203;285,156;283;330;557,292;555,411;60;282,649;;4490,21
2383;0,2;84;312,182;285,135;283;330;557,292;555,469;60;282,661;;4489,32
2384;0,2;83;311,878;285,12;283;330;557,335;555,556;60;282,672;;4488,34
2385;0,2;87;312,131;285,127;283;330;557,436;555,65;60;282,679;;4488,34
2386;0,2;87;311,697;285,135;283;330;557,501;555,693;60;282,686;;4488,22
2387;0,2;88;311,249;285,145;283;330;557,61;555,845;60;282,693;;4485,57
2388;0,2;93,5;311,155;285,149;283;330;557,726;555,91;60;282,703;;4484,66
2389;0,2;96;310,865;285,156;283;330;557,726;555,917;60;282,713;;4484,66
2390;0,2;99,5;310,916;285,135;283;330;557,726;555,845;60;282,72;;4483,09
2391;0,2;109,5;311,017;285,12;283;330;557,726;555,845;60;282,73;;4480,64
2392;0,2;107,5;310,684;285,127;283;330;557,726;555,794;60;282,743;;4479,76
2393;0,2;102;310,279;285,135;283;330;557,682;555,845;60;282,756;;4479,14
2394;0,2;104,5;310,185;285,026;283;330;557,675;555,845;60;282,77;;4477,65
2395;0,2;107;310,163;285,149;283;330;557,726;555,794;60;282,784;;4477,31
2396;0,2;106;309,411;285,145;283;330;557,603;555,787;60;282,797;;4477,31
2397;0,2;105;309,512;285,124;283;330;557,53;555,7;60;282,808;;4477,31
2398;0,2;109,5;309,628;284,997;283;330;557,342;555,483;60;282,82;;4477,31
2399;0,2;110;309,628;284,856;283;330;557,248;555,411;60;282,83;;4477,31
2400;0,2;103;309,556;284,867;283;330;557,292;555,411;60;282,843;;4477,31
2401;0,2;98,5;309,657;284,903;283;330;557,335;555,476;60;282,857;;4476,2
2402;0,2;99,5;309,172;284,918;283;330;557,436;555,628;60;282,871;;4474,85
2403;0,2;103;309,078;284,871;283;330;557,624;555,613;60;282,885;;4474,85
2404;0,2;104,5;309,115;284,874;283;330;557,581;555,693;60;282,898;;4474,49
2405;0,2;105;309,223;284,881;283;330;557,624;555,744;60;282,91;;4472,21
2406;0,2;105;309,324;285,135;283;330;557,581;555,7;60;282,919;;4467,73
2407;0,2;101;309,332;285,12;283;330;557,53;555,65;60;282,93;;4465,94
2408;0,2;94;309,267;285,127;283;330;557,436;555,527;60;282,94;;4465,33
2409;0,2;91;309,172;285,131;283;330;557,393;555,396;60;282,952;;4464,25
2410;0,2;91;308,362;285,138;283;330;557,306;555,382;60;282,963;;4464,25
2411;0,2;87,5;308,652;285,145;283;330;557,35;555,411;60;282,975;;4463,25
2412;0,2;84,5;308,753;285,149;283;330;557,292;555,324;60;282,986;;4463,03
2413;0,2;88,5;308,818;285,142;283;330;557,219;555,31;60;282,999;;4463,03
2414;0,2;91;308,955;285,12;283;330;557,147;555,165;60;283,01;;4463,03
2415;0,2;86;308,76;285,124;283;330;557,147;555,143;60;283,019;;4463,03
2416;0,2;78;308,724;285,131;283;330;557,046;555,143;60;283,033;;4462,35
2417;0,2;73;308,456;285,142;283;330;557,002;555,027;60;283,04;;4461,81
2418;0,2;71,5;308,16;285,149;283;330;556,879;554,977;60;283,048;;4461,51
2419;0,2;73,5;308,102;285,153;283;330;556,944;555,056;60;283,056;;4460,58
2420;0,2;76;308,152;285,142;283;330;557,002;555,02;60;283,061;;4460,58
2421;0,2;77,5;308,29;285,12;283;330;557,002;555,114;60;283,07;;4460,58
2422;0,2;79;308,37;285,12;283;330;557,002;555,107;60;283,077;;4460,58
2423;0,2;76,5;308,247;285,131;283;330;557,002;554,999;60;283,082;;4459,43
2424;0,2;73;308,095;285,138;283;330;557,053;555,15;60;283,086;;4459,36
2425;0,2;70,5;307,907;285,145;283;330;557,147;555,266;60;283,095;;4459,36
2426;0,2;73;307,841;285,156;283;330;557,147;555,179;60;283,103;;4459,19
2427;0,2;74,5;307,834;285,142;283;330;557,19;555,266;60;283,108;;4456,33
2428;0,2;78,5;307,878;285,12;283;330;557,198;555,266;60;283,115;;4453,24
2429;0,2;78;307,516;285,124;283;330;557,292;555,396;60;283,118;;4452,19
2430;0,2;75,5;307,234;285,131;283;330;557,292;555,411;60;283,12;;4449,01
2431;0,2;75;307,284;285,138;283;330;557,371;555,411;60;283,12;;4444,08
2432;0,2;78;307,219;285,142;283;330;557,436;555,433;60;283,123;;4439,81
2433;0,2;82,5;307,118;285,145;283;330;557,436;555,556;60;283,126;;4439,81
2434;0,2;84;306,944;285,156;283;330;557,581;555,686;60;283,133;;4439,8
2435;0,2;81,5;306,597;285,138;283;330;557,653;555,838;60;283,132;;4439,59
2436;0,2;87,5;306,821;285,124;283;330;557,689;555,78;60;283,137;;4439,59
2437;0,2;98;306,937;285,124;283;330;557,581;555,7;60;283,141;;4439,59
2438;0,2;98,5;306,836;285,135;283;330;557,581;555,664;60;283,144;;4439,59
2439;0,2;95,5;306,691;285,142;283;330;557,617;555,606;60;283,144;;4439,59
2440;0,2;89;306,713;285,149;283;330;557,581;555,657;60;283,144;;4439,59
2441;0,2;88,5;306,503;285,153;283;330;557,718;555,765;60;283,145;;4439,59
2442;0,2;92;306,011;285,145;283;330;557,87;555,968;60;283,148;;4438,58
2443;0,2;96;306,047;285,124;283;330;557,979;556,026;60;283,153;;4437,19
2444;0,2;102;306,156;285,124;283;330;558,087;556,134;60;283,158;;4435,41
2445;0,2;105,5;306,264;285,131;283;330;558,073;556,134;60;283,162;;4435,41
2446;0,2;107,5;306,243;285,138;283;330;558,015;556,113;60;283,171;;4435,11
2447;0,2;105;306,141;285,145;283;330;558,015;555,99;60;283,178;;4432,96
2448;0,2;100;306,055;285,149;283;330;557,943;555,946;60;283,189;;4431,96
2449;0,2;100;306,019;285,156;283;330;557,87;555,888;60;283,197;;4430,16
2450;0,2;98,5;306,091;285,135;283;330;557,776;555,845;60;283,204;;4425,64
2451;0,2;97;306,199;285,12;283;330;557,726;555,845;60;283,214;;4425,64
2452;0,2;97,5;306,279;285,127;283;330;557,769;555,845;60;283,221;;4425,25
2453;0,2;96,5;306,228;285,131;283;330;557,726;555,794;60;283,229;;4423,67
2454;0,2;94;306,134;285,142;283;330;557,646;555,7;60;283,239;;4423,2
2455;0,2;91,5;306,055;285,149;283;330;557,581;555,7;60;283,248;;4422,81
2456;0,2;92;306,033;285,153;283;330;557,689;555,78;60;283,255;;4421,33
2457;0,2;91;306,134;285,135;283;330;557,682;555,845;60;283,259;;4420,77
2458;0,2;88,5;306,228;285,12;283;330;557,726;555,845;60;283,262;;4420,77
2459;0,2;84,5;306,192;285,127;283;330;557,726;555,773;60;283,266;;4420,77
2460;0,2;84;306,12;285,135;283;330;557,726;555,787;60;283,27;;4420,77
2461;0,2;81,5;306,033;285,138;283;330;557,747;555,932;60;283,274;;4420,77
2462;0,2;79;306,026;285,145;283;330;557,993;556,04;60;283,277;;4420,64
2463;0,2;79;306,134;285,149;283;330;558,058;556,243;60;283,28;;4418,33
2464;0,2;76;306,236;285,153;283;330;558,319;556,402;60;283,284;;4418,19
2465;0,2;73;306,25;285,124;283;330;558,449;556,51;60;283,287;;4418,04
2466;0,2;73;306,156;285,12;283;330;558,449;556,619;60;283,291;;4417,44
2467;0,2;72;306,04;285,127;283;330;558,579;556,568;60;283,292;;4415,61
2468;0,2;70,5;306,047;285,337;283;330;558,449;556,568;60;283,293;;4410,4
2469;0,2;69,5;306,156;285,373;283;330;558,435;556,568;60;283,293;;4406,34
2470;0,2;69,5;306,236;285,409;283;330;558,377;556,431;60;283,294;;4404,03
2471;0,2;67,5;305,903;285,395;283;330;558,398;556,525;60;283,298;;4403,3
2472;0,2;65,5;305,896;285,315;283;330;558,449;556,539;60;283,298;;4398,93
2473;0,2;72,5;305,802;285,319;283;330;558,362;556,474;60;283,301;;4397,15
2474;0,2;78,5;305,736;285,37;283;330;558,341;556,518;60;283,301;;4396,17
2475;0,2;78;305,765;285,38;283;330;558,304;556,51;60;283,301;;4395,13
2476;0,2;78,5;305,679;285,42;283;330;558,435;556,489;60;283,301;;4395,13
2477;0,2;79,5;305,548;285,511;283;330;558,558;556,648;60;283,301;;4395,13
2478;0,2;79;305,44;285,391;283;330;558,644;556,756;60;283,301;;4394,52
2479;0,2;79;305,23;285,399;283;330;558,738;556,858;60;283,301;;4393,91
2480;0,2;79;305,143;285,399;283;330;558,861;557,002;60;283,297;;4393,91
2481;0,2;84,5;305,035;285,532;283;330;558,883;556,937;60;283,295;;4393,31
2482;0,2;88;304,991;285,536;283;330;558,84;556,858;60;283,296;;4392,95
2483;0,2;90;305,093;285,547;283;330;558,767;556,764;60;283,292;;4392,95
2484;0,2;92,5;305,201;285,554;283;330;558,666;556,713;60;283,288;;4392,95
2485;0,2;91,5;305,237;285,522;283;330;558,594;556,713;60;283,278;;4392,82
2486;0,2;91;304,767;285,38;283;330;558,608;556,713;60;283,269;;4389,78
2487;0,2;92;304,384;285,511;283;330;558,738;556,8;60;283,259;;4384,26
2488;0,2;100;304,47;285,268;283;330;558,89;557,01;60;283,249;;4384,26
2489;0,2;106;304,55;285,29;283;330;559,028;557,147;60;283,243;;4384,26
2490;0,2;105;304,565;285,272;283;330;559,028;557,219;60;283,232;;4383,02
2491;0,2;112;304,637;285,261;283;330;559,086;557,292;60;283,216;;4381,13
2492;0,2;121,5;304,55;285,406;283;330;559,172;557,292;60;283,202;;4378,19
2493;0,2;123;304,926;285,265;283;330;559,136;557,393;60;283,19;;4375,42
2494;0,2;118,5;304,883;285,236;283;330;559,303;557,436;60;283,178;;4373,41
2495;0,2;126,5;304,774;285,232;283;330;559,274;557,436;60;283,164;;4373,33
2496;0,2;136,5;304,753;285,261;283;330;559,317;557,48;60;283,148;;4373,33
2497;0,2;139;304,738;285,276;283;330;559,39;557,581;60;283,134;;4372,29
2498;0,2;132,5;304,984;285,475;283;330;559,462;557,581;60;283,122;;4372,12
2499;0,2;129;305,085;285,464;283;330;559,505;557,581;60;283,111;;4372,12
2500;0,2;132;305,201;285,438;283;330;559,512;557,661;60;283,098;;4372,12
2501;0,2;135;305,237;285,428;283;330;559,578;557,776;60;283,087;;4372,12
2502;0,2;135,5;305,288;285,446;283;330;559,607;557,784;60;283,078;;4372,12
2503;0,2;139,5;305,339;285,406;283;330;559,751;557,87;60;283,067;;4372,08
2504;0,2;134;305,288;285,355;283;330;559,896;557,907;60;283,059;;4372
2505;0,2;132;305,273;285,359;283;330;560,004;558,015;60;283,054;;4368,73
2506;0,2;134;306,055;285,38;283;330;560,041;558,022;60;283,051;;4367,73
2507;0,2;134;306,228;285,438;283;330;559,997;558,051;60;283,048;;4367,15
2508;0,2;133;306,25;285,344;283;330;559,954;558,015;60;283,045;;4366,91
2509;0,2;133;306,597;285,424;283;330;560,041;558,051;60;283,042;;4363,59
2510;0,2;128,5;306,641;285,525;283;330;560,041;558,16;60;283,042;;4361,06
2511;0,2;125,5;306,518;285,46;283;330;560,127;558,29;60;283,036;;4359,88
2512;0,2;125;307,053;285,558;283;330;560,33;558,449;60;283,035;;4358,54
2513;0,2;122,5;307,038;285,54;283;330;560,344;558,449;60;283,035;;4356,24
2514;0,2;120,5;307,096;285,435;283;330;560,474;558,587;60;283,033;;4356,24
2515;0,2;120;307,393;285,402;283;330;560,395;558,442;60;283,032;;4353,87
2516;0,2;115,5;307,646;285,525;283;330;560,33;558,348;60;283,033;;4351,39
2517;0,2;106,5;307,603;285,522;283;330;560,323;558,304;60;283,037;;4351,18
2518;0,2;102;307,516;285,518;283;330;560,294;558,348;60;283,044;;4350,18
2519;0,2;99,5;307,827;285,522;283;330;560,315;558,362;60;283,047;;4350,18
2520;0,2;96;308,131;285,536;283;330;560,344;558,427;60;283,048;;4350,18
2521;0,2;88;308,015;285,536;283;330;560,373;558,348;60;283,054;;4350,18
2522;0,2;87,5;308,109;285,514;283;330;560,33;558,304;60;283,059;;4350,18
2523;0,2;87,5;308,29;285,529;283;330;560,286;558,304;60;283,064;;4348,97
2524;0,2;87,5;308,348;285,525;283;330;560,33;558,355;60;283,068;;4348,97
2525;0,2;85;308,268;285,532;283;330;560,286;558,304;60;283,071;;4348,97
2526;0,2;86,5;308,124;285,37;283;330;560,323;558,304;60;283,071;;4347,64
2527;0,2;83,5;308,073;285,366;283;330;560,229;558,304;60;283,073;;4344,59
2528;0,2;81;308,102;285,362;283;330;560,221;558,304;60;283,076;;4344,13
2529;0,2;80,5;308,203;285,373;283;330;560,2;558,196;60;283,079;;4344,13
2530;0,2;80,5;308,254;285,38;283;330;560,185;558,16;60;283,081;;4343,21
2531;0,2;80;308,312;285,406;283;330;560,127;558,16;60;283,082;;4342,92
2532;0,2;79;308,275;285,42;283;330;560,069;558,16;60;283,081;;4342,92
2533;0,2;79;308,196;285,453;283;330;560,185;558,174;60;283,079;;4342,9
2534;0,2;79;308,073;285,464;283;330;560,279;558,304;60;283,076;;4340,44
2535;0,2;74,5;308,03;285,482;283;330;560,315;558,304;60;283,075;;4337,75
2536;0,2;74,5;308,124;285,493;283;330;560,301;558,355;60;283,072;;4337,75
2537;0,2;76,5;308,326;285,507;283;330;560,366;558,413;60;283,071;;4337,75
2538;0,2;76,5;308,116;285,507;283;330;560,474;558,449;60;283,07;;4337,75
2539;0,2;74,5;307,812;285,507;283;330;560,33;558,449;60;283,07;;4337,75
2540;0,2;81,5;307,755;285,493;283;330;560,395;558,449;60;283,069;;4336,55
2541;0,2;89;307,661;285,503;283;330;560,474;558,492;60;283,069;;4336,55
2542;0,2;91,5;307,603;285,507;283;330;560,474;558,449;60;283,073;;4336,55
2543;0,2;91;307,53;285,525;283;330;560,525;558,529;60;283,076;;4336,55
2544;0,2;93;307,624;285,391;283;330;560,619;558,63;60;283,078;;4336,55
2545;0,2;93;307,595;285,391;283;330;560,619;558,644;60;283,08;;4335,55
2546;0,2;91;307,241;285,402;283;330;560,489;558,485;60;283,077;;4335,34
2547;0,2;87;307,277;285,276;283;330;560,474;558,492;60;283,077;;4334,21
2548;0,2;96;307,183;285,279;283;330;560,337;558,449;60;283,072;;4333,84
2549;0,2;103;307,118;285,417;283;330;560,366;558,312;60;283,067;;4333,84
2550;0,2;104;307,038;285,272;283;330;560,33;558,312;60;283,064;;4333,84
2551;0,2;104;307,089;285,261;283;330;560,417;558,333;60;283,057;;4332,84
2552;0,2;105,5;307,219;285,254;283;330;560,337;558,42;60;283,051;;4327,79
2553;0,2;106,5;307,292;285,265;283;330;560,33;558,413;60;283,05;;4326,78
2554;0,2;105;307,219;285,268;283;330;560,33;558,449;60;283,045;;4325,37
2555;0,2;106;307,14;285,279;283;330;560,33;558,377;60;283,041;;4323,64
2556;0,2;105;307,067;285,286;283;330;560,33;558,319;60;283,04;;4321,97
2557;0,2;105,5;307,031;285,301;283;330;560,33;558,449;60;283,04;;4321,97
2558;0,2;106;307,147;285,315;283;330;560,352;558,507;60;283,036;;4321,97
2559;0,2;106;307,263;285,431;283;330;560,474;558,55;60;283,035;;4320,81
2560;0,2;106,5;307,284;285,323;283;330;560,474;558,594;60;283,031;;4320,77
2561;0,2;106;307,176;285,435;283;330;560,569;558,63;60;283,028;;4320,77
2562;0,2;107;307,082;285,431;283;330;560,619;558,695;60;283,025;;4320,77
2563;0,2;111,5;307,031;285,413;283;330;560,67;558,782;60;283,023;;4320,38
2564;0,2;112,5;307,147;285,507;283;330;560,706;558,84;60;283,02;;4319,56
2565;0,2;111;307,27;285,514;283;330;560,764;558,955;60;283,018;;4319,27
2566;0,2;113;307,27;285,518;283;330;560,909;558,992;60;283,016;;4318,35
2567;0,2;114,5;307,169;285,522;283;330;560,909;559,028;60;283,015;;4316,56
2568;0,2;116;307,067;285,402;283;330;561,039;559,122;60;283,013;;4315,94
2569;0,2;118;307,038;285,529;283;330;561,053;559,172;60;283,012;;4315,48
2570;0,2;118;307,075;285,536;283;330;561,147;559,172;60;283,013;;4311,56
2571;0,2;119;307,234;285,301;283;330;561,198;559,172;60;283,015;;4308,54
2572;0,2;118,5;307,849;285,42;283;330;561,227;559,31;60;283,024;;4307
2573;0,2;117,5;308,073;285,326;283;330;561,343;559,317;60;283,032;;4306,23
2574;0,2;111;308,022;285,315;283;330;561,343;559,375;60;283,04;;4301,72
2575;0,2;101,5;307,943;285,312;283;330;561,343;559,353;60;283,045;;4301,72
2576;0,2;99,5;307,885;285,319;283;330;561,227;559,31;60;283,049;;4299,98
2577;0,2;105;307,841;285,337;283;330;561,118;559,158;60;283,057;;4297,67
2578;0,2;106,5;307,74;285,337;283;330;561,003;559,049;60;283,062;;4294,85
2579;0,2;104,5;307,827;285,344;283;330;561,017;559,042;60;283,066;;4294,49
2580;0,2;101;307,69;285,315;283;330;560,974;559,035;60;283,072;;4294,49
2581;0,2;103,5;307,834;285,308;283;330;561,089;559,18;60;283,081;;4294,49
2582;0,2;99,5;308,058;285,359;283;330;561,241;559,317;60;283,084;;4294,41
2583;0,2;95,5;308,095;285,29;283;330;561,343;559,44;60;283,089;;4293,53
2584;0,2;86;308,066;285,268;283;330;561,408;559,462;60;283,097;;4293,53
2585;0,2;76;308,16;285,348;283;330;561,487;559,541;60;283,103;;4293,53
2586;0,2;72,5;308,275;285,344;283;330;561,487;559,563;60;283,111;;4293,53
2587;0,2;71;308,312;285,243;283;330;561,581;559,635;60;283,12;;4293,53
2588;0,2;73;308,319;285,489;283;330;561,69;559,838;60;283,129;;4293,27
2589;0,2;70,5;308,16;285,37;283;330;561,755;559,896;60;283,139;;4290,74
2590;0,2;64,5;308,131;285,583;283;330;561,632;559,795;60;283,146;;4288,02
2591;0,2;64;308,066;285,663;283;330;561,495;559,635;60;283,152;;4282,7
2592;0,2;62;308,152;285,655;283;330;561,495;559,607;60;283,158;;4282,7
2593;0,2;60,5;307,921;285,634;283;330;561,516;559,563;60;283,164;;4282,7
2594;0,2;66;308,058;285,63;283;330;561,516;559,664;60;283,172;;4282,7
2595;0,2;64,5;308,037;285,641;283;330;561,495;559,686;60;283,176;;4282,7
2596;0,2;69;307,993;285,645;283;330;561,487;559,52;60;283,18;;4276,52
2597;0,2;67;307,335;285,634;283;330;561,379;559,462;60;283,183;;4274,82
2598;0,2;58;307,169;285,688;283;330;561,343;559,462;60;283,187;;4274,17
2599;0,2;59;307,067;285,688;283;330;561,343;559,462;60;283,191;;4274,17
2600;0,2;65,5;307,19;285,355;283;330;561,386;559,505;60;283,198;;4274,17
2601;0,2;66,5;307,284;285,333;283;330;561,487;559,462;60;283,21;;4274,17
2602;0,2;66,5;307,248;285,323;283;330;561,516;559,549;60;283,219;;4274,17
2603;0,2;66,5;306,489;285,312;283;330;561,596;559,657;60;283,227;;4274,17
2604;0,2;67,5;306,445;285,312;283;330;561,719;559,773;60;283,234;;4274,17
2605;0,2;72;306,395;285,464;283;330;561,827;559,896;60;283,239;;4274,17
2606;0,2;75;306,387;285,46;283;330;561,885;559,932;60;283,243;;4274,17
2607;0,2;77;306,055;285,467;283;330;562,044;560,041;60;283,25;;4272,42
2608;0,2;77,5;306,199;285,301;283;330;562,066;560,098;60;283,256;;4270,64
2609;0,2;78;306,272;285,294;283;330;562,073;560,149;60;283,261;;4269
2610;0,2;78;306,228;285,261;283;330;562,124;560,229;60;283,266;;4268,16
2611;0,2;78;305,65;285,247;283;330;562,232;560,323;60;283,269;;4268,16
2612;0,2;78;305,613;285,239;283;330;562,312;560,395;60;283,273;;4268,16
2613;0,2;78;305,592;285,236;283;330;562,305;560,395;60;283,276;;4267,95
2614;0,2;79;305,519;285,37;283;330;562,341;560,474;60;283,273;;4265,47
2615;0,2;85;305,425;285,5;283;330;562,254;560,337;60;283,274;;4263,11
2616;0,2;86,5;305,505;285,522;283;330;562,211;560,236;60;283,275;;4262,85
2617;0,2;85;305,339;285,525;283;330;562,073;560,294;60;283,273;;4261,91
2618;0,2;81;305,107;285,514;283;330;562,167;560,33;60;283,274;;4261,1
2619;0,2;85;305,02;285,518;283;330;562,153;560,33;60;283,273;;4260,71
2620;0,2;87,5;304,991;285,503;283;330;562,088;560,33;60;283,276;;4260,71
2621;0,2;90;305,107;285,485;283;330;562,124;560,323;60;283,275;;4260,13
2622;0,2;91;305,216;285,471;283;330;562,066;560,156;60;283,268;;4259,91
2623;0,2;91;305,23;285,46;283;330;562,023;560,171;60;283,261;;4259,91
2624;0,2;91,5;305,122;285,464;283;330;562,066;560,106;60;283,258;;4259,91
2625;0,2;91;305,027;285,467;283;330;562,066;560,041;60;283,253;;4259,91
2626;0,2;91;304,572;285,478;283;330;562,066;560,041;60;283,248;;4259,91
2627;0,2;91;304,492;285,377;283;330;562,16;560,156;60;283,242;;4259
2628;0,2;101;304,369;285,388;283;330;562,066;560,2;60;283,24;;4257,81
2629;0,2;113;304,427;285,482;283;330;562,146;560,236;60;283,239;;4255,43
2630;0,2;113,5;304,608;285,388;283;330;562,167;560,221;60;283,236;;4255,09
2631;0,2;108;304,767;285,247;283;330;562,211;560,301;60;283,23;;4254,61
2632;0,2;107;304,651;285,254;283;330;562,355;560,373;60;283,222;;4251,23
2633;0,2;107;304,644;285,362;283;330;562,377;560,431;60;283,219;;4247,73
2634;0,2;112,5;304,622;285,467;283;330;562,457;560,576;60;283,214;;4246,7
2635;0,2;119;304,847;285,46;283;330;562,5;560,619;60;283,211;;4246,7
2636;0,2;116;305,194;285,449;283;330;562,645;560,655;60;283,204;;4246,7
2637;0,2;113;305,216;285,442;283;330;562,601;560,706;60;283,201;;4246,31
2638;0,2;108;305,15;285,475;283;330;562,645;560,858;60;283,196;;4245,45
2639;0,2;107;305,042;285,467;283;330;562,724;560,909;60;283,193;;4241,95
2640;0,2;110;305,006;285,453;283;330;562,789;560,872;60;283,193;;4240,73
2641;0,2;111;305,064;285,417;283;330;562,789;560,909;60;283,193;;4239,5
2642;0,2;112;305,194;285,428;283;330;562,717;560,815;60;283,194;;4239,5
2643;0,2;112;305,404;285,33;283;330;562,645;560,822;60;283,194;;4239,5
2644;0,2;113,5;305,556;285,409;283;330;562,739;560,909;60;283,195;;4239,5
2645;0,2;106,5;305,469;285,424;283;330;562,891;560,988;60;283,202;;4239,05
2646;0,2;103;305,36;285,301;283;330;562,934;561,097;60;283,206;;4238,31
2647;0,2;105;305,346;285,333;283;330;562,97;561,198;60;283,216;;4238,31
2648;0,2;105;305,36;285,337;283;330;563,079;561,198;60;283,225;;4238,31
2649;0,2;101,5;305,404;285,337;283;330;562,934;561,118;60;283,234;;4238,31
2650;0,2;97,5;306,185;285,315;283;330;562,934;561,003;60;283,24;;4236,68
2651;0,2;91;306,257;285,323;283;330;562,905;560,959;60;283,248;;4231,12
2652;0,2;85;306,192;285,431;283;330;562,789;560,909;60;283,254;;4230,26
2653;0,2;80,5;306,098;285,279;283;330;562,789;560,909;60;283,259;;4228,82
2654;0,2;78;306,026;285,261;283;330;562,804;560,945;60;283,264;;4225,59
2655;0,2;78;306,004;285,236;283;330;562,905;561,053;60;283,271;;4223,94
2656;0,2;75,5;306,149;285,388;283;330;562,934;561,111;60;283,278;;4220,25
2657;0,2;71,5;306,199;285,446;283;330;562,977;561,198;60;283,283;;4217,96
2658;0,2;71;306,264;285,511;283;330;563,079;561,198;60;283,287;;4217,96
2659;0,2;71;306,185;285,493;283;330;563,014;561,068;60;283,292;;4217,96
2660;0,2;67;306,149;285,514;283;330;562,963;561,104;60;283,297;;4217,96
2661;0,2;64,5;306,055;285,514;283;330;563,079;561,198;60;283,302;;4217,96
2662;0,2;62;306,011;285,518;283;330;563,021;561,169;60;283,312;;4217,58
2663;0,2;60,5;306,098;285,413;283;330;562,934;561,053;60;283,318;;4216,76
2664;0,2;58;306,228;285,431;283;330;562,862;560,916;60;283,326;;4216,74
2665;0,2;57;306,279;285,427;283;330;562,789;560,909;60;283,334;;4215,57
2666;0,2;58;306,17;285,391;283;330;562,789;560,909;60;283,34;;4215,57
2667;0,2;54,5;306,019;285,384;283;330;562,789;560,909;60;283,345;;4215,57
2668;0,2;51;305,975;285,402;283;330;562,811;560,909;60;283,351;;4215,57
2669;0,2;49;305,324;285,496;283;330;562,92;561,003;60;283,355;;4214,75
2670;0,2;53;305,744;285,366;283;330;563,042;561,162;60;283,359;;4214,37
2671;0,2;52,5;305,505;285,525;283;330;563,129;561,292;60;283,363;;4213,92
2672;0,2;50;305,729;285,46;283;330;563,158;561,285;60;283,369;;4213,18
2673;0,2;55;305,505;285,377;283;330;563,202;561,343;60;283,376;;4213,18
2674;0,2;59;305,013;285,377;283;330;563,303;561,458;60;283,379;;4211,62
2675;0,2;59;304,991;285,355;283;330;563,368;561,487;60;283,381;;4206,93
2676;0,2;59;305,078;285,344;283;330;563,31;561,451;60;283,383;;4205,61
2677;0,2;59;305,071;285,359;283;330;563,194;561,343;60;283,385;;4205,61
2678;0,2;57,5;304,991;285,38;283;330;563,158;561,198;60;283,39;;4204,56
2679;0,2;61;304,948;285,399;283;330;563,166;561,198;60;283,394;;4204,41
2680;0,2;69;304,876;285,42;283;330;563,216;561,155;60;283,398;;4204,41
2681;0,2;69,5;304,391;285,442;283;330;563,187;561,198;60;283,4;;4203,51
2682;0,2;65;303,928;285,446;283;330;563,223;561,285;60;283,398;;4201,56
2683;0,2;69;304,022;285,464;283;330;563,274;561,277;60;283,396;;4200,67
2684;0,2;75,5;304,167;285,456;283;330;563,411;561,4;60;283,398;;4200,33
2685;0,2;77;304,022;285,438;283;330;563,513;561,487;60;283,396;;4200,33
2686;0,2;83,5;303,877;285,442;283;330;563,433;561,487;60;283,397;;4200,33
2687;0,2;93,5;303,783;285,449;283;330;563,397;561,567;60;283,395;;4198,19
2688;0,2;96;303,696;285,467;283;330;563,455;561,56;60;283,388;;4197,95
2689;0,2;93;303,508;285,373;283;330;563,44;561,632;60;283,387;;4197,78
2690;0,2;93;303,573;285,496;283;330;563,542;561,545;60;283,386;;4195,56
2691;0,2;92,5;303,306;285,5;283;330;563,549;561,646;60;283,378;;4195,56
2692;0,2;93;303,118;285,525;283;330;563,513;561,567;60;283,371;;4195,55
2693;0,2;94,5;303,176;285,272;283;330;563,527;561,632;60;283,366;;4192,4
2694;0,2;99,5;303,082;285,272;283;330;563,607;561,589;60;283,359;;4186,3
2695;0,2;106,5;302,988;285,265;283;330;563,534;561,574;60;283,352;;4185,72
2696;0,2;112;302,93;285,265;283;330;563,513;561,487;60;283,346;;4185,15
2697;0,2;111;303,002;285,272;283;330;563,375;561,603;60;283,341;;4184,53
2698;0,2;112,5;303,132;285,297;283;330;563,419;561,538;60;283,337;;4184,53
2699;0,2;115,5;303,197;285,312;283;330;563,448;561,589;60;283,333;;4183,34
2700;0,2;119,5;303,111;285,319;283;330;563,513;561,523;60;283,329;;4180,08
2701;0,2;118,5;303,4;285,333;283;330;563,513;561,596;60;283,326;;4178,41
2702;0,2;120;303,711;285,355;283;330;563,607;561,675;60;283,323;;4177,74
2703;0,2;119,5;303,733;285,362;283;330;563,657;561,632;60;283,321;;4177,74
2704;0,2;118;303,819;285,384;283;330;563,78;561,733;60;283,318;;4176,67
2705;0,2;111;303,913;285,402;283;330;563,766;561,82;60;283,317;;4176,55
2706;0,2;109,5;303,718;285,355;283;330;563,831;561,849;60;283,32;;4176,55
2707;0,2;116;303,769;285,286;283;330;563,737;561,921;60;283,318;;4176,55
2708;0,2;116;304,058;285,279;283;330;563,708;561,784;60;283,316;;4176,55
2709;0,2;113,5;303,971;285,279;283;330;563,614;561,719;60;283,32;;4176,55
2710;0,2;102,5;303,979;285,279;283;330;563,513;561,589;60;283,323;;4176,22
2711;0,2;101;304,08;285,29;283;330;563,513;561,596;60;283,325;;4175,25
2712;0,2;97;304,405;285,286;283;330;563,513;561,502;60;283,331;;4171,34
2713;0,2;96,5;304,586;285,301;283;330;563,39;561,386;60;283,336;;4170,39
2714;0,2;94;304,507;285,308;283;330;563,368;561,364;60;283,336;;4169,18
2715;0,2;82;304,405;285,315;283;330;563,368;561,372;60;283,338;;4167,13
2716;0,2;74,5;304,369;285,308;283;330;563,325;561,386;60;283,341;;4166,78
2717;0,2;72,5;304,355;285,301;283;330;563,368;561,343;60;283,342;;4166,78
2718;0,2;75;304,738;285,135;283;330;563,368;561,451;60;283,345;;4165,64
2719;0,2;77,5;305,187;285,12;283;330;563,368;561,444;60;283,347;;4159,95
2720;0,2;75,5;305,23;285,131;283;330;563,368;561,487;60;283,347;;4158,46
2721;0,2;67,5;305,136;285,135;283;330;563,426;561,495;60;283,346;;4158,46
2722;0,2;63;305,085;285,142;283;330;563,513;561,632;60;283,346;;4158,46
2723;0,2;59,5;305,006;285,153;283;330;563,513;561,632;60;283,346;;4158,46
2724;0,2;57;305,085;285,149;283;330;563,52;561,545;60;283,346;;4158,46
2725;0,2;58,5;305,208;285,127;283;330;563,549;561,574;60;283,343;;4158,46
2726;0,2;56,5;305,237;285,124;283;330;563,513;561,581;60;283,34;;4158,46
2727;0,2;57;305,143;285,127;283;330;563,513;561,632;60;283,336;;4158,46
2728;0,2;58;304,789;285,131;283;330;563,563;561,632;60;283,332;;4158,46
2729;0,2;59;304,753;285,138;283;330;563,657;561,668;60;283,326;;4158,46
2730;0,2;63;304,724;285,149;283;330;563,657;561,596;60;283,322;;4158,46
2731;0,2;65;304,832;285,153;283;330;563,585;561,531;60;283,32;;4157,22
2732;0,2;65;304,933;285,153;283;330;563,513;561,581;60;283,316;;4156,05
2733;0,2;66,5;304,991;285,135;283;330;563,462;561,487;60;283,312;;4154,89
2734;0,2;72,5;304,955;285,12;283;330;563,368;561,393;60;283,306;;4154,89
2735;0,2;76;304,514;285,124;283;330;563,368;561,429;60;283,302;;4154,8
2736;0,2;77,5;304,036;285,135;283;330;563,368;561,451;60;283,293;;4151,16
2737;0,2;79,5;303,993;285,138;283;330;563,419;561,487;60;283,287;;4146,93
2738;0,2;85;304,051;285,153;283;330;563,513;561,523;60;283,28;;4146,58
2739;0,2;91;304,167;285,153;283;330;563,513;561,538;60;283,27;;4146,58
2740;0,2;92,5;304,21;285,131;283;330;563,513;561,538;60;283,262;;4146,58
2741;0,2;95;304,138;285,12;283;330;563,513;561,516;60;283,253;;4145,47
2742;0,2;100,5;304,044;285,127;283;330;563,498;561,487;60;283,249;;4145,07
2743;0,2;104;303,979;285,135;283;330;563,397;561,487;60;283,243;;4144,33
2744;0,2;104;303,971;285,142;283;330;563,469;561,487;60;283,238;;4143,88
2745;0,2;105,5;304,087;285,149;283;330;563,419;561,487;60;283,233;;4143,88
2746;0,2;107;304,203;285,156;283;330;563,368;561,415;60;283,229;;4143,88
2747;0,2;106,5;304,225;285,153;283;330;563,238;561,343;60;283,225;;4143,5
2748;0,2;107;304,102;285,127;283;330;563,115;561,198;60;283,222;;4143,45
2749;0,2;108,5;304,008;285,124;283;330;563,129;561,292;60;283,217;;4143,45
2750;0,2;112;303,964;285,135;283;330;563,173;561,263;60;283,209;;4143,07
2751;0,2;111;304,058;285,138;283;330;563,173;561,263;60;283,206;;4142,26
2752;0,2;111,5;304,196;285,145;283;330;563,151;561,198;60;283,199;;4142,26
2753;0,2;118;304,203;285,149;283;330;563,166;561,198;60;283,191;;4141,69
2754;0,2;119;304,065;285,149;283;330;563,216;561,263;60;283,182;;4138,51
2755;0,2;119,5;303,942;285,124;283;330;563,267;561,343;60;283,176;;4134,55
2756;0,2;121;303,964;285,12;283;330;563,223;561,343;60;283,173;;4133,96
2757;0,2;121;304,188;285,127;283;330;563,223;561,306;60;283,171;;4133,67
2758;0,2;121,5;304,398;285,135;283;330;563,223;561,299;60;283,163;;4132,77
2759;0,2;112,5;304,449;285,142;283;330;563,137;561,227;60;283,16;;4132,57
2760;0,2;108,5;304,716;285,149;283;330;563,223;561,285;60;283,156;;4130,65
2761;0,2;105,5;304,355;285,156;283;330;563,187;561,299;60;283,15;;4125,77
2762;0,2;111,5;304,29;285,138;283;330;563,18;561,198;60;283,147;;4122,85
2763;0,2;117;304,984;285,12;283;330;563,086;561,198;60;283,142;;4122,85
2764;0,2;123;305,027;285,124;283;330;563,021;561,198;60;283,133;;4122,85
2765;0,2;116;305,15;285,131;283;330;563,079;561,198;60;283,129;;4121,83
2766;0,2;107,5;305,245;285,142;283;330;562,992;561,104;60;283,124;;4119,63
2767;0,2;107;305,382;285,145;283;330;562,891;561,053;60;283,118;;4118,19
2768;0,2;107,5;305,577;285,149;283;330;562,883;561,017;60;283,111;;4118,12
2769;0,2;101,5;305,483;285,153;283;330;562,912;561,039;60;283,1;;4118,12
2770;0,2;98,5;305,396;285,124;283;330;562,789;560,952;60;283,089;;4118,12
2771;0,2;99;305,44;285,124;283;330;562,789;560,909;60;283,079;;4118,12
2772;0,2;97,5;305,83;285,127;283;330;562,789;560,793;60;283,072;;4117,07
2773;0,2;101,5;306,185;285,135;283;330;562,789;560,8;60;283,061;;4116,93
2774;0,2;98;306,207;285,142;283;330;562,789;560,909;60;283,047;;4116,87
2775;0,2;96;306,12;285,149;283;330;562,789;560,909;60;283,041;;4115,08
2776;0,2;96;306,04;285,153;283;330;562,789;560,909;60;283,036;;4113,9
2777;0,2;96;305,968;285,153;283;330;562,732;560,872;60;283,032;;4113,9
2778;0,2;99,5;305,997;285,127;283;330;562,659;560,764;60;283,024;;4113,9
2779;0,2;103,5;306,482;285,12;283;330;562,789;560,764;60;283,017;;4113,9
2780;0,2;103,5;306,547;285,131;283;330;562,789;560,829;60;283,01;;4113,84
2781;0,2;97,5;306,568;285,138;283;330;562,789;560,909;60;283,003;;4112,64
2782;0,2;96;306,597;285,145;283;330;562,789;560,778;60;282,997;;4112
2783;0,2;102;306,38;285,149;283;330;562,76;560,858;60;282,987;;4111,29
2784;0,2;103;306,539;285,153;283;330;562,732;560,909;60;282,977;;4109
2785;0,2;104;306,793;285,135;283;330;562,789;560,938;60;282,968;;4107,91
2786;0,2;101;306,872;285,12;283;330;562,789;561,01;60;282,96;;4107,91
2787;0,2;103;306,966;285,131;283;330;562,789;560,909;60;282,95;;4107,91
2788;0,2;105,5;307,017;285,135;283;330;562,753;560,807;60;282,94;;4107,91
2789;0,2;111;307,01;285,142;283;330;562,681;560,764;60;282,929;;4107,91
2790;0,2;117;306,691;285,145;283;330;562,739;560,887;60;282,917;;4106,96
2791;0,2;119,5;306,872;285,153;283;330;562,768;560,872;60;282,906;;4104,41
2792;0,2;119,5;306,8;285,142;283;330;562,645;560,764;60;282,896;;4103,18
2793;0,2;119,5;306,894;285,124;283;330;562,645;560,721;60;282,886;;4103,18
2794;0,2;128;307,089;285,127;283;330;562,601;560,648;60;282,882;;4102,24
2795;0,2;122;307,227;285,131;283;330;562,594;560,699;60;282,876;;4102
2796;0,2;114;307,292;285,138;283;330;562,645;560,713;60;282,872;;4101,46
2797;0,2;117;307,234;285,142;283;330;562,565;560,706;60;282,864;;4098,36
2798;0,2;117,5;307,133;285,149;283;330;562,457;560,554;60;282,857;;4093,92
2799;0,2;118;307,046;285,156;283;330;562,413;560,438;60;282,85;;4093,73
2800;0,2;120,5;307,06;285,135;283;330;562,384;560,467;60;282,845;;4093,21
2801;0,2;124,5;307,176;285,12;283;330;562,391;560,561;60;282,842;;4091,37
2802;0,2;125;307,559;285,124;283;330;562,5;560,619;60;282,838;;4091,37
2803;0,2;124,5;307,87;285,127;283;330;562,5;560,619;60;282,833;;4090,21
2804;0,2;124;307,624;285,142;283;330;562,5;560,54;60;282,83;;4086,03
2805;0,2;121,5;307,386;285,149;283;330;562,5;560,619;60;282,827;;4082,26
2806;0,2;113,5;307,328;285,156;283;330;562,5;560,619;60;282,824;;4080,86
2807;0,2;117;307,299;285,138;283;330;562,5;560,619;60;282,824;;4080,51
2808;0,2;121;307,342;285,12;283;330;562,5;560,619;60;282,819;;4079,57
2809;0,2;129;307,784;285,124;283;330;562,5;560,619;60;282,814;;4079,57
2810;0,2;127,5;308,261;285,135;283;330;562,5;560,605;60;282,811;;4079,57
2811;0,2;115;308,312;285,142;283;330;562,5;560,569;60;282,811;;4079,57
2812;0,2;111;308,254;285,149;283;330;562,355;560,474;60;282,81;;4079,57
2813;0,2;113,5;308,167;285,156;283;330;562,355;560,518;60;282,808;;4079,1
2814;0,2;112,5;308,109;285,149;283;330;562,355;560,431;60;282,805;;4078,39
2815;0,2;109;308,087;285,124;283;330;562,355;560,474;60;282,803;;4077,16
2816;0,2;113,5;308,203;285,015;283;330;562,399;560,431;60;282,799;;4076,03
2817;0,2;114;308,521;285,019;283;330;562,355;560,388;60;282,797;;4076,03
2818;0,2;106,5;308,767;285,026;283;330;562,29;560,424;60;282,796;;4075,61
2819;0,2;99;308,854;284,907;283;330;562,211;560,315;60;282,795;;4073,34
2820;0,2;100,5;308,659;285,033;283;330;562,037;560,163;60;282,795;;4072,49
2821;0,2;100,5;308,594;285,037;283;330;561,972;560,004;60;282,793;;4071,67
2822;0,2;98;308,572;285,037;283;330;561,885;559,896;60;282,793;;4068,86
2823;0,2;102,5;308,514;285,026;283;330;561,878;559,946;60;282,791;;4065,71
2824;0,2;105,5;308,529;285,033;283;330;561,921;559,961;60;282,787;;4065,42
2825;0,2;101;308,615;285,008;283;330;562,023;560,041;60;282,78;;4063,28
2826;0,2;97;308,688;285,004;283;330;562,066;560,171;60;282,773;;4061,89
2827;0,2;98,5;308,731;285,004;283;330;562,109;560,106;60;282,769;;4061,89
2828;0,2;106;308,688;285,012;283;330;562,066;560,185;60;282,763;;4061,89
2829;0,2;111,5;308,775;284,889;283;330;562,16;560,12;60;282,755;;4061
2830;0,2;115;308,55;285,019;283;330;562,066;560,12;60;282,748;;4060,8
2831;0,2;108;308,471;285,019;283;330;562,066;560,098;60;282,746;;4060,8
2832;0,2;102,5;308,413;284,914;283;330;562,066;560,135;60;282,738;;4060,8
2833;0,2;104,5;308,919;284,809;283;330;562,109;560,149;60;282,73;;4060,8
2834;0,2;109,5;308,471;285,022;283;330;562,124;560,221;60;282,723;;4060,77
2835;0,2;118;309,1;284,856;283;330;562,066;560,185;60;282,712;;4060,15
2836;0,2;121;309,1;284,867;283;330;562,109;560,185;60;282,707;;4058,2
2837;0,2;123,5;309,035;284,881;283;330;562,196;560,2;60;282,703;;4056,25
2838;0,2;116,5;308,977;284,881;283;330;562,254;560,214;60;282,697;;4056,06
2839;0,2;114,5;308,912;284,892;283;330;562,211;560,185;60;282,688;;4055,52
2840;0,2;122,5;308,832;284,914;283;330;562,211;560,279;60;282,68;;4053,83
2841;0,2;127,5;308,767;284,928;283;330;562,174;560,229;60;282,676;;4052,53
2842;0,2;133;308,818;284,946;283;330;562,066;560,163;60;282,673;;4052,53
2843;0,2;130,5;308,832;284,842;283;330;562,117;560,12;60;282,668;;4052,53
2844;0,2;133;308,832;284,744;283;330;562,015;560,142;60;282,661;;4052,53
2845;0,2;137;308,847;284,744;283;330;561,986;560,171;60;282,658;;4052,53
2846;0,2;137;308,782;284,744;283;330;561,878;560,041;60;282,654;;4052,18
2847;0,2;133,5;308,688;284,729;283;330;561,914;560,041;60;282,65;;4049,33
2848;0,2;136;308,652;284,719;283;330;561,921;560,041;60;282,645;;4047,83
2849;0,2;140;308,623;284,715;283;330;561,892;559,939;60;282,645;;4047,83
2850;0,2;142;308,652;284,842;283;330;561,82;559,845;60;282,642;;4046,52
2851;0,2;141;309,194;284,852;283;330;561,777;559,831;60;282,64;;4044,58
2852;0,2;139;309,31;284,733;283;330;561,668;559,751;60;282,639;;4043,39
2853;0,2;137;309,324;284,737;283;330;561,632;559,664;60;282,639;;4040,28
2854;0,2;134,5;309,252;284,755;283;330;561,632;559,708;60;282,644;;4038,5
2855;0,2;135;309,165;284,766;283;330;561,711;559,773;60;282,648;;4038,24
2856;0,2;137;309,093;284,776;283;330;561,733;559,852;60;282,651;;4037,54
2857;0,2;135;309,549;284,795;283;330;561,733;559,86;60;282,653;;4037,07
2858;0,2;130;309,975;284,809;283;330;561,69;559,744;60;282,656;;4037,07
2859;0,2;122;310,106;284,82;283;330;561,516;559,614;60;282,662;;4037,07
2860;0,2;117;309,86;284,834;283;330;561,437;559,498;60;282,669;;4036,32
2861;0,2;109,5;310,084;284,845;283;330;561,285;559,303;60;282,674;;4032,28
2862;0,2;115,5;310,12;284,834;283;330;561,198;559,223;60;282,679;;4032,09
2863;0,2;115,5;310,142;284,787;283;330;561,075;559,172;60;282,687;;4032,09
2864;0,2;111;310,113;284,78;283;330;561,053;559,172;60;282,694;;4031,27
2865;0,2;100,5;310,192;284,787;283;330;561,053;559,201;60;282,702;;4029,06
2866;0,2;96,5;310,352;284,766;283;330;561,097;559,317;60;282,712;;4028,57
2867;0,2;97;310,366;284,762;283;330;561,22;559,281;60;282,721;;4028,57
2868;0,2;94;310,301;284,766;283;330;561,198;559,281;60;282,728;;4028,57
2869;0,2;87;310,214;284,766;283;330;561,191;559,245;60;282,736;;4028,34
2870;0,2;87,5;310,135;284,769;283;330;561,053;559,172;60;282,743;;4026,22
2871;0,2;87;310,127;284,766;283;330;561,053;559,172;60;282,75;;4025,22
2872;0,2;84;310,207;284,74;283;330;561,053;559,172;60;282,756;;4025,05
2873;0,2;84;310,344;284,798;283;330;561,198;559,172;60;282,761;;4025,05
2874;0,2;82,5;310,352;284,744;283;330;561,198;559,259;60;282,765;;4025,05
2875;0,2;79,5;310,265;284,751;283;330;561,22;559,317;60;282,771;;4025,05
2876;0,2;74,5;310,178;284,758;283;330;561,249;559,375;60;282,775;;4025,05
2877;0,2;74;310,113;284,762;283;330;561,386;559,462;60;282,778;;4025,05
2878;0,2;74;310,163;284,769;283;330;561,487;559,585;60;282,781;;4025,05
2879;0,2;74;310,286;284,78;283;330;561,509;559,657;60;282,783;;4024,49
2880;0,2;70,5;310,236;284,82;283;330;561,632;559,701;60;282,788;;4024,39
2881;0,2;70;309,621;284,787;283;330;561,632;559,751;60;282,789;;4024,39
2882;0,2;69,5;309,606;284,78;283;330;561,581;559,751;60;282,791;;4024,39
2883;0,2;73;309,708;284,852;283;330;561,538;559,672;60;282,792;;4023,34
2884;0,2;75;309,686;284,834;283;330;561,487;559,563;60;282,795;;4020,73
2885;0,2;78,5;309,288;284,802;283;330;561,4;559,556;60;282,796;;4017,52
2886;0,2;78,5;309,238;284,871;283;330;561,4;559,462;60;282,797;;4014,1
2887;0,2;78,5;309,332;284,943;283;330;561,473;559,462;60;282,796;;4012,67
2888;0,2;83,5;309,317;285,004;283;330;561,343;559,418;60;282,795;;4012,11
2889;0,2;89;309,223;285,008;283;330;561,321;559,361;60;282,791;;4011,68
2890;0,2;86;308,789;284,997;283;330;561,198;559,266;60;282,786;;4011,19
2891;0,2;87;308,456;285,001;283;330;561,162;559,274;60;282,782;;4010,56
2892;0,2;97;308,485;285,008;283;330;561,198;559,266;60;282,777;;4010,56
2893;0,2;103,5;308,673;284,889;283;330;561,155;559,223;60;282,775;;4010,56
2894;0,2;103,5;308,782;284,751;283;330;561,198;559,23;60;282,778;;4009,74
2895;0,2;104;308,268;284,748;283;330;561,147;559,317;60;282,778;;4009,39
2896;0,2;112,5;308,196;284,733;283;330;561,198;559,353;60;282,775;;4007,25
2897;0,2;117,5;308,167;284,863;283;330;561,263;559,375;60;282,769;;4004,86
2898;0,2;118;308,058;284,729;283;330;561,343;559,455;60;282,763;;4003,68
2899;0,2;119,5;308,138;284,737;283;330;561,386;559,484;60;282,759;;4002,39
2900;0,2;119,5;308,268;284,74;283;330;561,393;559,534;60;282,76;;4002,15
2901;0,2;120;308,319;284,751;283;330;561,531;559,541;60;282,758;;4000,12
2902;0,2;120,5;308,239;284,755;283;330;561,487;559,599;60;282,757;;3998,03
2903;0,2;121,5;308,152;284,737;283;330;561,538;559,549;60;282,761;;3996,33
2904;0,2;125,5;308,08;284,74;283;330;561,48;559,44;60;282,764;;3995,37
2905;0,2;124,5;308,08;284,755;283;330;561,343;559,317;60;282,768;;3995,37
2906;0,2;125;308,189;284,773;283;330;561,343;559,317;60;282,772;;3993,99
2907;0,2;128;308,297;284,766;283;330;561,306;559,418;60;282,775;;3990,6
2908;0,2;128;308,304;284,733;283;330;561,249;559,317;60;282,78;;3988,33
2909;0,2;125;308,225;284,762;283;330;561,292;559,397;60;282,786;;3987,18
2910;0,2;127;308,145;284,773;283;330;561,357;559,462;60;282,792;;3983,63
2911;0,2;128,5;308,044;284,899;283;330;561,487;559,607;60;282,802;;3980,2
2912;0,2;125;308,152;284,878;283;330;561,451;559,534;60;282,81;;3980,18
2913;0,2;125;308,456;284,871;283;330;561,48;559,578;60;282,82;;3980,18
2914;0,2;123,5;308,507;284,867;283;330;561,386;559,512;60;282,83;;3979,01
2915;0,2;119;308,536;284,878;283;330;561,429;559,563;60;282,839;;3979,01
2916;0,2;108;308,529;284,863;283;330;561,422;559,563;60;282,849;;3979,01
2917;0,2;99,5;308,442;284,997;283;330;561,48;559,541;60;282,86;;3979,01
2918;0,2;96,5;308,391;285,153;283;330;561,343;559,462;60;282,871;;3979,01
2919;0,2;94;308,348;285,153;283;330;561,343;559,462;60;282,883;;3979,01
2920;0,2;88;308,319;285,131;283;330;561,343;559,418;60;282,895;;3977,73
2921;0,2;89;308,572;285,124;283;330;561,256;559,462;60;282,91;;3974,34
2922;0,2;87;308,666;285,131;283;330;561,198;559,361;60;282,92;;3974,34
2923;0,2;90,5;308,536;285,135;283;330;561,198;559,368;60;282,932;;3974,34
2924;0,2;89;308,84;285,145;283;330;561,27;559,375;60;282,947;;3973,71
2925;0,2;82,5;308,702;285,149;283;330;561,256;559,317;60;282,963;;3972,7
2926;0,2;77,5;308,775;285,153;283;330;561,241;559,317;60;282,977;;3971,23
2927;0,2;73,5;308,572;285,135;283;330;561,343;559,44;60;282,99;;3968,92
2928;0,2;72;308,615;285,12;283;330;561,343;559,462;60;283,004;;3968,01
2929;0,2;73;308,543;285,127;283;330;561,212;559,368;60;283,019;;3966,98
2930;0,2;67,5;308,55;285,135;283;330;561,068;559,209;60;283,032;;3966,98
2931;0,2;67,5;308,138;285,142;283;330;561,039;559,093;60;283,047;;3966,98
2932;0,2;63;308,254;285,149;283;330;560,909;558,984;60;283,064;;3965,93
2933;0,2;62;308,239;285,153;283;330;560,786;558,883;60;283,079;;3964,65
2934;0,2;61;308,145;285,149;283;330;560,764;558,818;60;283,091;;3964,29
2935;0,2;58,5;308,044;285,124;283;330;560,757;558,738;60;283,104;;3962,8
2936;0,2;52,5;307,697;285,127;283;330;560,67;558,789;60;283,116;;3962,17
2937;0,2;50;307,451;285,131;283;330;560,692;558,775;60;283,129;;3961,66
2938;0,2;54,5;307,501;285,142;283;330;560,749;558,883;60;283,143;;3959,28
2939;0,2;53,5;307,559;285,149;283;330;560,721;558,883;60;283,154;;3956,98
2940;0,2;46,5;307,292;285,156;283;330;560,728;558,883;60;283,166;;3956,35
2941;0,2;41,5;307,212;285,135;283;330;560,764;558,883;60;283,17;;3956,35
2942;0,2;48;307,147;285,124;283;330;560,851;558,977;60;283,173;;3956,32
2943;0,2;51;306,308;285,127;283;330;560,836;559,028;60;283,179;;3955,18
2944;0,2;49,5;306,518;285,131;283;330;560,836;559,028;60;283,191;;3955,18
2945;0,2;57,5;306,829;285,145;283;330;560,923;559,028;60;283,2;;3954,27
2946;0,2;59;306,12;285,149;283;330;560,952;559,028;60;283,203;;3954,02
2947;0,2;62,5;306,207;285,156;283;330;560,909;559,115;60;283,207;;3954,02
2948;0,2;63,5;306,105;285,153;283;330;560,909;559,028;60;283,215;;3953,9
2949;0,2;64,5;305,888;285,124;283;330;560,909;559,028;60;283,224;;3950,5
2950;0,2;64,5;305,823;285,12;283;330;560,851;559,028;60;283,227;;3946,1
2951;0,2;67,5;305,382;285,135;283;330;560,764;558,883;60;283,227;;3945,38
2952;0,2;73,5;304,984;285,138;283;330;560,764;558,941;60;283,233;;3943,54
2953;0,2;76,5;305,035;285,145;283;330;560,764;558,912;60;283,235;;3942,87
2954;0,2;83;305,172;285,149;283;330;560,764;558,883;60;283,242;;3942,38
2955;0,2;81;304,89;285,149;283;330;560,887;559,021;60;283,247;;3942,38
2956;0,2;81,5;304,579;285,12;283;330;560,872;559,028;60;283,25;;3940,52
2957;0,2;88;304,304;285,124;283;330;560,764;558,963;60;283,251;;3939,57
2958;0,2;96,5;304,405;285,127;283;330;560,663;558,76;60;283,255;;3938,1
2959;0,2;95;304,232;285,135;283;330;560,619;558,652;60;283,26;;3937,57
2960;0,2;96;303,986;285,142;283;330;560,619;558,688;60;283,262;;3936,57
2961;0,2;98,5;304,065;285,149;283;330;560,619;558,702;60;283,266;;3936,57
2962;0,2;98;304,203;285,156;283;330;560,482;558,615;60;283,27;;3935,68
2963;0,2;96,5;304,188;285,145;283;330;560,489;558,507;60;283,273;;3932,62
2964;0,2;96,5;304,116;285,124;283;330;560,366;558,492;60;283,276;;3930,76
2965;0,2;97;304,029;285,124;283;330;560,366;558,514;60;283,279;;3929,62
2966;0,2;95,5;303,95;285,131;283;330;560,474;558,615;60;283,282;;3929,59
2967;0,2;96;303,964;285,138;283;330;560,54;558,738;60;283,284;;3929,59
2968;0,2;96;304,029;285,142;283;330;560,554;558,789;60;283,286;;3929,56
2969;0,2;95;304,21;285,149;283;330;560,634;558,883;60;283,287;;3927,7
2970;0,2;95,5;304,138;285,153;283;330;560,626;558,811;60;283,289;;3925,78
2971;0,2;92,5;304,036;285,145;283;330;560,569;558,738;60;283,29;;3923,88
2972;0,2;91,5;303,964;285,301;283;330;560,511;558,738;60;283,292;;3923,88
2973;0,2;94;303,957;285,185;283;330;560,474;558,681;60;283,293;;3923,74
2974;0,2;93;304,073;285,124;283;330;560,474;558,594;60;283,293;;3922,72
2975;0,2;91,5;304,174;285,135;283;330;560,474;558,594;60;283,294;;3922,05
2976;0,2;91,5;304,196;285,138;283;330;560,453;558,507;60;283,295;;3921,51
2977;0,2;92;304,109;285,145;283;330;560,373;558,449;60;283,296;;3918,87
2978;0,2;87;304;285,156;283;330;560,33;558,391;60;283,296;;3918,08
2979;0,2;87;303,95;285,145;283;330;560,33;558,304;60;283,297;;3918,08
2980;0,2;90;304,036;285,124;283;330;560,185;558,304;60;283,292;;3918,08
2981;0,2;86,5;304,196;285,127;283;330;560,185;558,442;60;283,292;;3918,03
2982;0,2;86;304,203;285,127;283;330;560,185;558,355;60;283,29;;3917,73
2983;0,2;90;304,073;285,142;283;330;560,185;558,304;60;283,292;;3915,71
2984;0,2;91;303,979;285,149;283;330;560,178;558,304;60;283,292;;3914,8
2985;0,2;90,5;304,261;285,153;283;330;560,098;558,254;60;283,291;;3914,5
2986;0,2;91;304,601;285,138;283;330;560,084;558,21;60;283,292;;3914,5
2987;0,2;89;304,68;285,12;283;330;560,041;558,16;60;283,29;;3914,5
2988;0,2;78;304,716;285,127;283;330;559,99;558,044;60;283,29;;3913,6
2989;0,2;72;304,659;285,135;283;330;559,896;558,015;60;283,29;;3912,72
2990;0,2;73,5;304,716;285,145;283;330;559,896;558,015;60;283,29;;3911,99
2991;0,2;77;304,76;285,149;283;330;559,975;558,015;60;283,292;;3909,7
2992;0,2;77,5;304,565;285,149;283;330;559,997;558,131;60;283,289;;3909,68
2993;0,2;69,5;304,738;285,124;283;330;560,004;558,16;60;283,291;;3909,42
2994;0,2;68;304,854;285,12;283;330;560,062;558,239;60;283,293;;3906,32
2995;0,2;74,5;304,948;285,243;283;330;560,185;558,304;60;283,296;;3903,49
2996;0,2;73;305,013;285,135;283;330;560,185;558,304;60;283,297;;3902,28
2997;0,2;75;304,991;285,402;283;330;560,185;558,304;60;283,299;;3901,17
2998;0,2;82,5;304,507;285,37;283;330;560,185;558,304;60;283,297;;3900,71
2999;0,2;83,5;304,051;285,305;283;330;560,207;558,355;60;283,298;;3899,02
3000;0,2;85,5;303,957;285,149;283;330;560,33;558,449;60;283,298;;3898,3
3001;0,2;87;304,036;285,124;283;330;560,33;558,449;60;283,298;;3895,2
3002;0,2;90;304,138;285,341;283;330;560,33;558,413;60;283,298;;3894,22
3003;0,2;90,5;304,225;285,258;283;330;560,258;558,449;60;283,298;;3894,22
3004;0,2;89,5;304,138;285,362;283;330;560,185;558,449;60;283,298;;3893,62
3005;0,2;92;304,022;285,366;283;330;560,229;558,449;60;283,298;;3891,86
3006;0,2;91,5;303,95;285,258;283;330;560,33;558,529;60;283,297;;3890,75
3007;0,2;86,5;304,044;285,265;283;330;560,373;558,594;60;283,29;;3890,75
3008;0,2;88;304,167;285,272;283;330;560,446;558,601;60;283,29;;3890,75
3009;0,2;91,5;304,217;285,268;283;330;560,474;558,695;60;283,292;;3890,75
3010;0,2;91;304,152;285,268;283;330;560,474;558,738;60;283,29;;3890,75
3011;0,2;90,5;304,058;285,254;283;330;560,474;558,615;60;283,29;;3889,91
3012;0,2;91,5;303,986;285,247;283;330;560,388;558,5;60;283,289;;3887,11
3013;0,2;92,5;303,971;285,258;283;330;560,388;558,594;60;283,285;;3886,05
3014;0,2;91;304,058;285,261;283;330;560,38;558,543;60;283,276;;3885,36
3015;0,2;92;304,203;285,135;283;330;560,337;558,514;60;283,267;;3884,14
3016;0,2;92;304,203;285,142;283;330;560,359;558,449;60;283,26;;3884,14
3017;0,2;91;304,094;285,153;283;330;560,453;558,594;60;283,255;;3884,14
3018;0,2;91;303,971;285,156;283;330;560,474;558,608;60;283,248;;3882,09
3019;0,2;92;304;285,138;283;330;560,474;558,709;60;283,242;;3879,12
3020;0,2;91,5;304,145;285,12;283;330;560,474;558,594;60;283,237;;3875,95
3021;0,2;93;304,225;285,127;283;330;560,474;558,594;60;283,233;;3875,95
3022;0,2;97;304,203;285,135;283;330;560,474;558,594;60;283,229;;3875,95
3023;0,2;100;304,094;285,138;283;330;560,474;558,521;60;283,225;;3875,54
3024;0,2;100;304,008;285,145;283;330;560,424;558,485;60;283,222;;3874,52
3025;0,2;100,5;303,971;285,153;283;330;560,359;558,5;60;283,219;;3872,49
3026;0,2;104;304,058;285,153;283;330;560,352;558,449;60;283,217;;3872,49
3027;0,2;106,5;304,188;285,135;283;330;560,33;558,485;60;283,215;;3872,49
3028;0,2;105;304,203;285,12;283;330;560,373;558,449;60;283,212;;3872,49
3029;0,2;106,5;304,094;285,127;283;330;560,402;558,449;60;283,211;;3872,49
3030;0,2;107;304,145;285,135;283;330;560,402;558,492;60;283,209;;3871,66
3031;0,2;106;304,203;285,142;283;330;560,33;558,449;60;283,208;;3871,17
3032;0,2;105;304,225;285,145;283;330;560,33;558,449;60;283,204;;3870,44
3033;0,2;100,5;304,304;285,153;283;330;560,33;558,449;60;283,203;;3867,56
3034;0,2;100;304,398;285,153;283;330;560,395;558,543;60;283,201;;3867,53
3035;0,2;95;304,478;285,135;283;330;560,431;558,594;60;283,2;;3867,53
3036;0,2;94,5;304,47;285,12;283;330;560,474;558,594;60;283,2;;3865,73
3037;0,2;93,5;304,405;285,127;283;330;560,474;558,594;60;283,2;;3861,77
3038;0,2;97;305,071;285,131;283;330;560,453;558,594;60;283,202;;3861,77
3039;0,2;99,5;304,991;285,138;283;330;560,453;558,594;60;283,197;;3861,35
3040;0,2;91;305,071;285,145;283;330;560,388;558,55;60;283,195;;3859,9
3041;0,2;91;305,15;285,149;283;330;560,424;558,594;60;283,193;;3859,46
3042;0,2;89;305,237;285,153;283;330;560,388;558,594;60;283,19;;3858,17
3043;0,2;86;305,172;285,131;283;330;560,402;558,464;60;283,188;;3856,09
3044;0,2;88;305,078;285,124;283;330;560,33;558,594;60;283,185;;3854,85
3045;0,2;91;304,984;285,127;283;330;560,417;558,572;60;283,186;;3854,85
3046;0,2;90,5;304,999;285,131;283;330;560,33;558,485;60;283,187;;3854,85
3047;0,2;91,5;305,143;285,142;283;330;560,33;558,456;60;283,184;;3853,86
3048;0,2;91,5;305,245;285,149;283;330;560,163;558,341;60;283,184;;3852,55
3049;0,2;91;305,194;285,156;283;330;560,084;558,16;60;283,186;;3852,55
3050;0,2;91;305,071;285,135;283;330;560,033;558,131;60;283,182;;3850,43
3051;0,2;92;305,288;285,12;283;330;559,896;558,015;60;283,179;;3847,94
3052;0,2;92;305,527;285,127;283;330;559,896;558,015;60;283,178;;3847,94
3053;0,2;88;305,592;285,135;283;330;559,86;558,015;60;283,177;;3847,66
3054;0,2;82;305,628;285,142;283;330;559,802;557,899;60;283,178;;3845,8
3055;0,2;81,5;305,729;285,149;283;330;559,751;557,87;60;283,18;;3844,48
3056;0,2;79,5;305,628;285,145;283;330;559,751;557,87;60;283,179;;3843,15
3057;0,2;78,5;305,664;285,142;283;330;559,751;557,87;60;283,181;;3841,28
3058;0,2;78;305,512;285,124;283;330;559,751;557,892;60;283,183;;3839,88
3059;0,2;79;305,375;285,127;283;330;559,751;557,935;60;283,184;;3839,88
3060;0,2;76,5;304,999;285,135;283;330;559,773;557,914;60;283,183;;3839,33
3061;0,2;76;305,122;285,142;283;330;559,896;557,972;60;283,188;;3836,83
3062;0,2;84,5;305,23;285,145;283;330;559,896;558,015;60;283,192;;3835,31
3063;0,2;91;305,23;285,153;283;330;560,033;558,131;60;283,195;;3835,31
3064;0,2;91;305,122;285,153;283;330;560,041;558,16;60;283,195;;3835,31
3065;0,2;91;305,013;285,127;283;330;560,041;558,203;60;283,2;;3835,31
3066;0,2;91,5;304,984;285,12;283;330;560,004;558,16;60;283,206;;3835,31
3067;0,2;89,5;305,114;285,131;283;330;559,946;558,203;60;283,21;;3834,18
3068;0,2;84,5;305,223;285,135;283;330;559,997;558,16;60;283,218;;3831,63
3069;0,2;84;305,201;285,145;283;330;560,041;558,16;60;283,224;;3831,41
3070;0,2;86;305,114;285,149;283;330;560,004;558,102;60;283,231;;3831,14
3071;0,2;85,5;305,013;285,156;283;330;559,896;558,015;60;283,236;;3830,26
3072;0,2;84;304,999;285,153;283;330;559,896;558,015;60;283,243;;3830,26
3073;0,2;82;305,1;285,135;283;330;559,896;557,928;60;283,247;;3828,31
3074;0,2;81;305,223;285,12;283;330;559,715;557,87;60;283,252;;3826,1
3075;0,2;78,5;305,223;285,127;283;330;559,751;557,87;60;283,252;;3823,76
3076;0,2;78;305,107;285,135;283;330;559,751;557,827;60;283,251;;3823,37
3077;0,2;74,5;305,02;285,138;283;330;559,751;557,827;60;283,252;;3822,88
3078;0,2;71;304,861;285,145;283;330;559,751;557,827;60;283,252;;3822,22
3079;0,2;69;304,507;285,149;283;330;559,715;557,914;60;283,253;;3821,94
3080;0,2;71,5;304,622;285,153;283;330;559,744;557,87;60;283,256;;3821,07
3081;0,2;84,5;304,405;285,153;283;330;559,737;557,841;60;283,257;;3820,13
3082;0,2;82;304,702;285,127;283;330;559,607;557,726;60;283,257;;3819,9
3083;0,2;76,5;304,666;285,12;283;330;559,607;557,733;60;283,255;;3818,55
3084;0,2;77;304,536;285,131;283;330;559,693;557,827;60;283,249;;3817,47
3085;0,2;79;304,239;285,135;283;330;559,751;557,834;60;283,248;;3815,43
3086;0,2;75,5;304,398;285,142;283;330;559,686;557,82;60;283,25;;3813,82
3087;0,2;80;304,449;285,145;283;330;559,657;557,733;60;283,249;;3813,02
3088;0,2;84;304,427;285,156;283;330;559,643;557,856;60;283,247;;3811,48
3089;0,2;83,5;304,167;285,145;283;330;559,751;557,841;60;283,244;;3809,58
3090;0,2;83;304,123;285,124;283;330;559,795;557,914;60;283,238;;3809,58
3091;0,2;89;304,029;285,12;283;330;559,787;557,907;60;283,234;;3809,03
3092;0,2;93;303,928;285,131;283;330;559,751;557,921;60;283,229;;3808,36
3093;0,2;92;303,921;285,135;283;330;559,751;557,87;60;283,219;;3807,28
3094;0,2;91;304,044;285,145;283;330;559,751;557,87;60;283,212;;3807,28
3095;0,2;92;304,159;285,153;283;330;559,845;557,957;60;283,209;;3806,3
3096;0,2;92,5;304,138;285,156;283;330;559,802;557,878;60;283,201;;3805,08
3097;0,2;95;304,022;285,127;283;330;559,751;557,907;60;283,193;;3804,51
3098;0,2;101;303,95;285,12;283;330;559,751;557,841;60;283,189;;3803,84
3099;0,2;103;303,921;285,124;283;330;559,751;557,849;60;283,179;;3802,74
3100;0,2;104;304,13;285,135;283;330;559,635;557,87;60;283,17;;3802,08
3101;0,2;105;304,203;285,138;283;330;559,607;557,856;60;283,167;;3801,41
3102;0,2;106;304,174;285,145;283;330;559,563;557,726;60;283,16;;3800,24
3103;0,2;106,5;304,036;285,149;283;330;559,462;557,595;60;283,153;;3798,77
3104;0,2;106;304,362;285,156;283;330;559,462;557,494;60;283,145;;3798,16
3105;0,2;108;304,76;285,145;283;330;559,418;557,574;60;283,139;;3796,25
3106;0,2;108,5;304,796;285,12;283;330;559,462;557,603;60;283,129;;3794,85
3107;0,2;99,5;304,905;285,12;283;330;559,549;557,726;60;283,118;;3792,72
3108;0,2;105;304,97;285,131;283;330;559,462;557,726;60;283,108;;3792,54
3109;0,2;111;305,006;285,138;283;330;559,556;557,726;60;283,099;;3792,17
3110;0,2;113;304,941;285,142;283;330;559,462;557,834;60;283,088;;3792,02
3111;0,2;113,5;304,97;285,149;283;330;559,556;557,87;60;283,078;;3791,38
3112;0,2;113,5;305,02;285,153;283;330;559,607;557,87;60;283,069;;3789,02
3113;0,2;111,5;304,984;285,127;283;330;559,607;557,82;60;283,062;;3788,16
3114;0,2;110;305,093;285,124;283;330;559,607;557,921;60;283,055;;3787,38
3115;0,2;107;305,208;285,131;283;330;559,607;557,95;60;283,049;;3787,33
3116;0,2;107;305,237;285,138;283;330;559,607;557,87;60;283,042;;3782,98
3117;0,2;112;305,859;285,145;283;330;559,607;557,87;60;283,036;;3782
3118;0,2;111;305,758;285,149;283;330;559,607;557,82;60;283,03;;3781,66
3119;0,2;102,5;305,686;285,149;283;330;559,607;557,726;60;283,026;;3781,66
3120;0,2;101;305,664;285,135;283;330;559,52;557,661;60;283,02;;3781,66
3121;0,2;104;305,657;285,124;283;330;559,447;557,624;60;283,014;;3780,74
3122;0,2;100;305,859;285,124;283;330;559,433;557,668;60;283,005;;3780,1
3123;0,2;105;305,953;285,135;283;330;559,541;557,726;60;283;;3779,21
3124;0,2;113;306,185;285,138;283;330;559,512;557,726;60;282,994;;3775,97
3125;0,2;109;306,098;285,149;283;330;559,607;557,805;60;282,991;;3775,19
3126;0,2;101,5;306,026;285,153;283;330;559,607;557,82;60;282,989;;3773,82
3127;0,2;99,5;306,011;285,149;283;330;559,607;557,863;60;282,991;;3773,45
3128;0,2;104,5;306,127;285,124;283;330;559,57;557,726;60;282,992;;3773,45
3129;0,2;105;306,228;284,729;283;330;559,455;557,653;60;282,993;;3769,02
3130;0,2;105,5;306,243;284,737;283;330;559,317;557,545;60;282,994;;3767,13
3131;0,2;105,5;306,409;284,744;283;330;559,317;557,581;60;282,995;;3765,46
3132;0,2;105,5;306,619;284,751;283;330;559,317;557,581;60;282,995;;3765,46
3133;0,2;104;306,51;284,758;283;330;559,455;557,632;60;282,999;;3762,31
3134;0,2;92;306,503;284,751;283;330;559,462;557,581;60;282,997;;3762,03
3135;0,2;91;306,539;284,751;283;330;559,462;557,624;60;282,999;;3761,46
3136;0,2;90,5;306,706;284,766;283;330;559,332;557,61;60;283;;3759,75
3137;0,2;91,5;306,821;284,766;283;330;559,361;557,501;60;283,005;;3759,75
3138;0,2;92;306,829;284,867;283;330;559,455;557,661;60;283,011;;3759,75
3139;0,2;93;306,698;284,849;283;330;559,317;557,552;60;283,021;;3759,16
3140;0,2;92;306,662;284,729;283;330;559,295;557,444;60;283,029;;3758,05
3141;0,2;86,5;306,662;284,744;283;330;559,172;557,378;60;283,035;;3755,93
3142;0,2;83;306,612;284,863;283;330;559,172;557,292;60;283,039;;3755,77
3143;0,2;83;306,489;284,744;283;330;559,172;557,292;60;283,044;;3754,97
3144;0,2;85,5;306,576;284,748;283;330;559,245;557,386;60;283,043;;3754,63
3145;0,2;84;306,764;284,762;283;330;559,281;557,386;60;283,043;;3754,63
3146;0,2;83;306,894;284,776;283;330;559,172;557,357;60;283,043;;3753,01
3147;0,2;82,5;306,662;284,845;283;330;559,172;557,357;60;283,042;;3750,41
3148;0,2;83;306,416;284,914;283;330;559,194;557,429;60;283,039;;3748,93
3149;0,2;75,5;306,38;284,903;283;330;559,281;557,436;60;283,039;;3748,93
3150;0,2;73;306,337;284,885;283;330;559,295;557,436;60;283,035;;3748,93
3151;0,2;74;306,272;284,852;283;330;559,23;557,407;60;283,03;;3748,36
3152;0,2;80,5;306,221;284,813;283;330;559,209;557,292;60;283,028;;3747,5
3153;0,2;82;306,279;284,809;283;330;559,172;557,335;60;283,027;;3743,76
3154;0,2;75,5;306,395;284,827;283;330;559,172;557,386;60;283,022;;3742,1
3155;0,2;72;306,489;284,82;283;330;559,172;557,306;60;283,02;;3742,1
3156;0,2;74;306,496;284,795;283;330;559,172;557,386;60;283,02;;3742,1
3157;0,2;81;306,525;284,787;283;330;559,266;557,386;60;283,012;;3742,1
3158;0,2;82;306,387;284,784;283;330;559,245;557,436;60;283,005;;3741,64
3159;0,2;82;306,141;284,798;283;330;559,274;557,545;60;283;;3741,06
3160;0,2;88,5;305,99;284,903;283;330;559,317;557,581;60;282,997;;3740,47
3161;0,2;91,5;306,055;284,907;283;330;559,418;557,581;60;282,987;;3740,47
3162;0,2;91,5;306,199;284,939;283;330;559,433;557,632;60;282,981;;3740,47
3163;0,2;93;306,293;284,965;283;330;559,447;557,726;60;282,975;;3740,47
3164;0,2;97,5;306,214;284,975;283;330;559,556;557,726;60;282,97;;3739,22
3165;0,2;100;306,127;284,957;283;330;559,592;557,726;60;282,963;;3738,2
3166;0,2;97,5;306,076;284,852;283;330;559,462;557,682;60;282,957;;3737,99
3167;0,2;102,5;306,04;284,852;283;330;559,382;557,581;60;282,953;;3735,49
3168;0,2;107,5;305,469;284,856;283;330;559,23;557,516;60;282,95;;3734,78
3169;0,2;114;305,592;284,871;283;330;559,122;557,357;60;282,948;;3734,78
3170;0,2;119;305,548;284,968;283;330;559,028;557,292;60;282,951;;3734,05
3171;0,2;119,5;305,664;284,744;283;330;559,028;557,263;60;282,957;;3729,74
3172;0,2;120;305,49;284,744;283;330;559,107;557,371;60;282,962;;3727,56
3173;0,2;120,5;305,375;284,733;283;330;559,216;557,335;60;282,966;;3726,94
3174;0,2;125,5;305,671;284,733;283;330;559,194;557,415;60;282,965;;3726,3
3175;0,2;131,5;306,076;284,737;283;330;559,245;557,393;60;282,967;;3726,3
3176;0,2;119,5;306,185;284,885;283;330;559,209;557,436;60;282,967;;3724,71
3177;0,2;113;306,257;284,852;283;330;559,317;557,501;60;282,971;;3723,54
3178;0,2;112,5;306,214;284,809;283;330;559,411;557,523;60;282,974;;3721,78
3179;0,2;109,5;306,142;284,795;283;330;559,462;557,581;60;282,973;;3719,85
3180;0,2;109,5;306,084;284,769;283;330;559,462;557,581;60;282,971;;3719,85
3181;0,2;110;306,019;284,776;283;330;559,505;557,646;60;282,968;;3719,85
3182;0,2;110;306,076;284,776;283;330;559,411;557,53;60;282,962;;3719,85
3183;0,2;110,5;306,525;284,795;283;330;559,303;557,4;60;282,954;;3719,82
3184;0,2;109;306,923;284,769;283;330;559,1;557,284;60;282,948;;3717,94
3185;0,2;98;306,887;284,776;283;330;558,992;557,096;60;282,946;;3716,44
3186;0,2;92,5;306,843;284,766;283;330;558,89;557,002;60;282,943;;3716,44
3187;0,2;94;306,532;284,874;283;330;558,883;557,002;60;282,939;;3716,01
3188;0,2;100,5;306,272;284,885;283;330;558,861;557,046;60;282,936;;3713,56
3189;0,2;101;306,315;284,867;283;330;558,861;557,06;60;282,936;;3713,03
3190;0,2;95;306,402;284,867;283;330;558,746;557,017;60;282,936;;3712,47
3191;0,2;92;306,46;284,878;283;330;558,681;556,858;60;282,938;;3710,17
3192;0,2;96;306,532;284,885;283;330;558,594;556,727;60;282,938;;3708,8
3193;0,2;103;306,503;284,885;283;330;558,594;556,807;60;282,938;;3708,68
3194;0,2;105,5;306,424;284,881;283;330;558,637;556,858;60;282,938;;3708,68
3195;0,2;107;306,38;284,871;283;330;558,688;556,981;60;282,939;;3707,65
3196;0,2;102,5;306,279;284,849;283;330;558,738;557,002;60;282,941;;3706,31
3197;0,2;97,5;306,257;284,838;283;330;558,717;556,952;60;282,945;;3706,24
3198;0,2;100;306,272;284,845;283;330;558,594;556,742;60;282,944;;3703,83
3199;0,2;104;306,366;284,852;283;330;558,507;556,547;60;282,946;;3703,64
3200;0,2;105;306,431;284,852;283;330;558,333;556,51;60;282,945;;3703,64
3201;0,2;106,5;306,503;284,845;283;330;558,16;556,33;60;282,947;;3702,45
3202;0,2;101,5;306,887;284,856;283;330;558,16;556,279;60;282,941;;3701,63
3203;0,2;99;307,212;284,838;283;330;558,16;556,344;60;282,942;;3699,72
3204;0,2;99,5;307,111;284,831;283;330;558,297;556,46;60;282,944;;3699,36
3205;0,2;92,5;307,031;284,99;283;330;558,326;556,568;60;282,942;;3699,36
3206;0,2;88,5;307,067;284,816;283;330;558,406;556,568;60;282,942;;3699,36
3207;0,2;83,5;307,198;284,805;283;330;558,391;556,677;60;282,938;;3697,98
3208;0,2;84;307,277;284,91;283;330;558,449;556,713;60;282,933;;3697,09
3209;0,2;84;307,212;284,975;283;330;558,558;556,713;60;282,929;;3694,89
3210;0,2;82,5;307,169;284,863;283;330;558,594;556,749;60;282,926;;3694,83
3211;0,2;83;307,06;285,012;283;330;558,688;556,858;60;282,922;;3694,83
3212;0,2;85,5;307,053;285,015;283;330;558,724;556,923;60;282,917;;3694,59
3213;0,2;86;307,154;284,993;283;330;558,746;557,002;60;282,912;;3694,1
3214;0,2;84;307,27;284,997;283;330;558,883;557,038;60;282,911;;3694,1
3215;0,2;88,5;307,27;285,026;283;330;558,883;557,089;60;282,909;;3690,77
3216;0,2;88,5;306,872;285,033;283;330;558,883;557,096;60;282,903;;3688,61
3217;0,2;95,5;306,756;285,03;283;330;558,883;557,046;60;282,893;;3686,46
3218;0,2;104,5;306,641;285,004;283;330;558,883;557,046;60;282,889;;3686,42
3219;0,2;105;306,648;284,986;283;330;558,883;557,01;60;282,883;;3684,76
3220;0,2;104;306,67;285,004;283;330;558,963;557,147;60;282,874;;3684,2
3221;0,2;108;306,698;285,012;283;330;559,028;557,147;60;282,87;;3682,11
3222;0,2;115;306,684;284,997;283;330;558,934;557,111;60;282,862;;3678,54
3223;0,2;118;306,72;285,001;283;330;558,861;557,038;60;282,856;;3678,54
3224;0,2;118,5;306,778;285,015;283;330;558,738;557,046;60;282,85;;3678,54
3225;0,2;119;306,706;285,012;283;330;558,782;557,002;60;282,845;;3678,54
3226;0,2;118,5;306,619;285,004;283;330;558,738;557,002;60;282,842;;3678,4
3227;0,2;119,5;306,503;285,004;283;330;558,753;557,125;60;282,837;;3677,41
3228;0,2;118,5;306,518;285,008;283;330;558,854;557,01;60;282,833;;3675,85
3229;0,2;123,5;306,46;285,012;283;330;558,738;557,002;60;282,829;;3674,85
3230;0,2;130;306,489;284,99;283;330;558,738;556,93;60;282,826;;3674,02
3231;0,2;134,5;306,742;284,899;283;330;558,782;556,973;60;282,823;;3674,02
3232;0,2;131,5;306,995;284,813;283;330;558,738;557,002;60;282,82;;3673,5
3233;0,2;125;307,277;284,918;283;330;558,688;556,916;60;282,819;;3669,2
3234;0,2;124;307,219;284,881;283;330;558,738;556,988;60;282,817;;3667,01
3235;0,2;124;307,118;284,827;283;330;558,782;556,973;60;282,815;;3665,07
3236;0,2;124;307,046;284,82;283;330;558,673;556,872;60;282,813;;3664,98
3237;0,2;124;307,053;284,849;283;330;558,666;556,858;60;282,812;;3664,91
3238;0,2;123,5;307,154;284,896;283;330;558,702;556,858;60;282,809;;3662,33
3239;0,2;123;307,661;284,91;283;330;558,644;556,973;60;282,804;;3659,33
3240;0,2;122;308,109;284,867;283;330;558,695;557,002;60;282,799;;3658,27
3241;0,2;115;308,051;284,856;283;330;558,738;557,002;60;282,795;;3657,71
3242;0,2;105;308,008;284,899;283;330;558,738;556,894;60;282,79;;3657,07
3243;0,2;111;307,957;284,943;283;330;558,652;556,742;60;282,787;;3657,07
3244;0,2;118;307,306;284,936;283;330;558,449;556,59;60;282,787;;3656,65
3245;0,2;119;307,943;284,921;283;330;558,406;556,568;60;282,784;;3651,46
3246;0,2;119;308,145;284,899;283;330;558,406;556,568;60;282,78;;3648,98
3247;0,2;114,5;308,239;284,939;283;330;558,37;556,568;60;282,777;;3648,05
3248;0,2;104;308,297;284,867;283;330;558,391;556,568;60;282,775;;3648,05
3249;0,2;100,5;308,239;284,795;283;330;558,304;556,438;60;282,769;;3648,05
3250;0,2;103;308,16;284,737;283;330;558,304;556,467;60;282,769;;3648,05
3251;0,2;104;308,058;284,856;283;330;558,304;556,51;60;282,768;;3648,05
3252;0,2;105;308,066;284,751;283;330;558,304;556,445;60;282,768;;3647,83
3253;0,2;105,5;308,145;284,751;283;330;558,319;556,568;60;282,765;;3646,92
3254;0,2;105;308,275;284,744;283;330;558,427;556,568;60;282,764;;3646,92
3255;0,2;105,5;308,326;284,751;283;330;558,427;556,713;60;282,759;;3646,92
3256;0,2;106;308,304;284,914;283;330;558,449;556,713;60;282,76;;3646,92
3257;0,2;106,5;308,507;284,809;283;330;558,594;556,793;60;282,754;;3645,93
3258;0,2;109,5;308,811;284,787;283;330;558,615;556,807;60;282,752;;3645,8
3259;0,2;110,5;308,775;284,795;283;330;558,709;556,771;60;282,749;;3645,8
3260;0,2;105,5;308,789;284,838;283;330;558,594;556,807;60;282,746;;3645,8
3261;0,2;104,5;308,811;284,856;283;330;558,594;556,742;60;282,741;;3645,8
3262;0,2;105;308,898;284,827;283;330;558,55;556,843;60;282,736;;3645,1
3263;0,2;102;308,818;284,892;283;330;558,615;556,858;60;282,73;;3641,52
3264;0,2;100;308,876;284,896;283;330;558,688;556,858;60;282,727;;3640,16
3265;0,2;102,5;308,688;285,008;283;330;558,608;556,793;60;282,724;;3640,16
3266;0,2;106;308,579;285,004;283;330;558,5;556,684;60;282,722;;3639,04
3267;0,2;106;308,514;285,004;283;330;558,384;556,568;60;282,72;;3639,04
3268;0,2;105;308,442;285,008;283;330;558,355;556,67;60;282,72;;3639,04
3269;0,2;99,5;308,449;285,008;283;330;558,384;556,597;60;282,724;;3633,36
3270;0,2;98,5;308,543;285,008;283;330;558,398;556,568;60;282,721;;3632,28
3271;0,2;107,5;308,587;284,99;283;330;558,348;556,619;60;282,724;;3631,43
3272;0,2;107,5;308,63;284,979;283;330;558,355;556,568;60;282,725;;3630,8
3273;0,2;100,5;308,608;284,961;283;330;558,348;556,568;60;282,732;;3630,03
3274;0,2;101,5;308,529;284,95;283;330;558,341;556,568;60;282,737;;3630,03
3275;0,2;111;308,659;284,907;283;330;558,312;556,568;60;282,74;;3630,03
3276;0,2;116;308,239;284,856;283;330;558,406;556,568;60;282,745;;3628,41
3277;0,2;113;308,051;284,889;283;330;558,406;556,619;60;282,751;;3625,83
3278;0,2;118;308,152;284,907;283;330;558,355;556,568;60;282,757;;3625,53
3279;0,2;119,5;308,254;284,91;283;330;558,355;556,568;60;282,762;;3624,86
3280;0,2;119,5;308,283;284,852;283;330;558,449;556,568;60;282,766;;3623,22
3281;0,2;118,5;308,218;284,925;283;330;558,406;556,626;60;282,77;;3622,16
3282;0,2;118,5;308,131;284,907;283;330;558,449;556,713;60;282,774;;3622,16
3283;0,2;119,5;308,058;284,885;283;330;558,449;556,713;60;282,784;;3619,98
3284;0,2;117,5;308,058;284,889;283;330;558,449;556,633;60;282,792;;3619,26
3285;0,2;113;308,941;284,889;283;330;558,449;556,612;60;282,799;;3618,79
3286;0,2;112,5;309,042;284,867;283;330;558,362;556,568;60;282,803;;3618,49
3287;0,2;100,5;309,1;284,849;283;330;558,398;556,503;60;282,808;;3615,98
3288;0,2;96,5;309,035;284,867;283;330;558,304;556,467;60;282,817;;3613,78
3289;0,2;89;308,948;284,867;283;330;558,21;556,387;60;282,819;;3613,27
3290;0,2;89;308,883;284,867;283;330;558,16;556,279;60;282,822;;3613,27
3291;0,2;95;308,898;284,867;283;330;558,066;556,207;60;282,821;;3613,27
3292;0,2;86;308,456;284,881;283;330;557,964;556,105;60;282,824;;3613,27
3293;0,2;81;308,058;284,871;283;330;557,921;556,134;60;282,823;;3611,49
3294;0,2;91,5;308,174;284,856;283;330;557,914;556,098;60;282,826;;3608,84
3295;0,2;93;308,29;284,871;283;330;557,964;556,134;60;282,828;;3607,65
3296;0,2;93;308,261;284,889;283;330;558,008;556,192;60;282,829;;3607,65
3297;0,2;93,5;308,16;284,907;283;330;558,015;556,279;60;282,829;;3607,65
3298;0,2;97;308,066;284,834;283;330;558,015;556,236;60;282,826;;3606,55
3299;0,2;93;308,044;284,932;283;330;558,095;556,279;60;282,826;;3606,53
3300;0,2;92,5;308,218;284,871;283;330;558,03;556,279;60;282,823;;3606,48
3301;0,2;92;308,312;284,776;283;330;558,058;556,279;60;282,821;;3605,62
3302;0,2;92;308,232;284,776;283;330;558,08;556,279;60;282,822;;3604,16
3303;0,2;93;308,174;284,78;283;330;558,131;556,236;60;282,822;;3603,24
3304;0,2;92,5;308,08;284,758;283;330;557,986;556,17;60;282,817;;3600,46
3305;0,2;92,5;308,08;284,751;283;330;557,921;556,134;60;282,81;;3599,75
3306;0,2;93;307,856;284,758;283;330;557,87;556,091;60;282,802;;3598,34
3307;0,2;94,5;307,653;284,726;283;330;557,87;556,091;60;282,793;;3596,36
3308;0,2;105;307,675;284,928;283;330;557,914;556,134;60;282,787;;3594,66
3309;0,2;106;307,617;285,145;283;330;558,015;556,134;60;282,777;;3594,62
3310;0,2;112,5;307,523;285,153;283;330;558,015;556,214;60;282,767;;3593,99
3311;0,2;115;307,48;284,78;283;330;558,015;556,279;60;282,76;;3593,36
3312;0,2;120,5;307,458;284,729;283;330;558,102;556,279;60;282,752;;3592,37
3313;0,2;123;307,494;284,737;283;330;558,015;556,279;60;282,738;;3591,57
3314;0,2;121,5;307,581;284,737;283;330;558,015;556,199;60;282,722;;3588,42
3315;0,2;121;307,711;284,744;283;330;558,015;556,134;60;282,708;;3588,38
3316;0,2;127,5;307,798;284,744;283;330;558,015;556,134;60;282,698;;3588,38
3317;0,2;134;307,863;284,762;283;330;558,015;556,134;60;282,687;;3587,93
3318;0,2;136,5;307,516;284,961;283;330;558,015;556,156;60;282,674;;3585,65
3319;0,2;141,5;307,436;284,95;283;330;558,015;556,149;60;282,661;;3585,02
3320;0,2;147;307,407;285,051;283;330;558,015;556,134;60;282,655;;3584,01
3321;0,2;142,5;307,567;285,156;283;330;558,051;556,17;60;282,65;;3581,66
3322;0,2;143;308,08;284,918;283;330;558,015;556,199;60;282,644;;3581,66
3323;0,2;142,5;308,102;284,885;283;330;557,972;556,156;60;282,639;;3581,66
3324;0,2;142,5;308,16;284,997;283;330;557,979;556,134;60;282,634;;3580,12
3325;0,2;142;308,247;285,124;283;330;558,015;556,221;60;282,631;;3578,11
3326;0,2;142,5;308,29;285,138;283;330;558,015;556,192;60;282,624;;3576,17
3327;0,2;145;308,239;285,142;283;330;558,015;556,163;60;282,621;;3574,76
3328;0,2;150,5;308,391;285,149;283;330;558,015;556,134;60;282,619;;3573,94
3329;0,2;141;308,275;285,156;283;330;558,015;556,134;60;282,62;;3573,94
3330;0,2;139;308,275;285,145;283;330;557,979;556,033;60;282,624;;3573,94
3331;0,2;142,5;308,319;285,131;283;330;557,87;555,99;60;282,625;;3572,26
3332;0,2;151;308,876;285,124;283;330;557,82;555,99;60;282,632;;3571,7
3333;0,2;150;309,346;285,127;283;330;557,827;556,04;60;282,639;;3571,7
3334;0,2;140,5;309,281;285,138;283;330;557,87;555,852;60;282,645;;3571,7
3335;0,2;136,5;309,18;285,145;283;330;557,74;555,881;60;282,655;;3571,7
3336;0,2;135,5;309,447;285,156;283;330;557,726;555,845;60;282,657;;3571,7
3337;0,2;124,5;309,722;285,153;283;330;557,791;555,874;60;282,666;;3570,14
3338;0,2;117;309,823;285,124;283;330;557,87;556,076;60;282,675;;3568,35
3339;0,2;121;309,722;285,124;283;330;557,907;556,134;60;282,68;;3568,35
3340;0,2;114,5;310,409;285,131;283;330;558,015;556,134;60;282,686;;3567,99
3341;0,2;102;310,352;285,138;283;330;558,015;556,221;60;282,694;;3566,81
3342;0,2;96;310,2;285,145;283;330;558,015;556,236;60;282,699;;3565,08
3343;0,2;94;310,142;285,149;283;330;558,015;556,17;60;282,703;;3563,62
3344;0,2;92,5;310,163;285,153;283;330;558,015;556,228;60;282,71;;3562,21
3345;0,2;89;310,258;285,127;283;330;558,058;556,207;60;282,718;;3561,38
3346;0,2;87,5;310,337;285,12;283;330;558,015;556,322;60;282,727;;3561,38
3347;0,2;88;310,315;285,127;283;330;558,102;556,279;60;282,731;;3560,62
3348;0,2;84,5;310,286;285,135;283;330;558,015;556,214;60;282,738;;3559,29
3349;0,2;84;310,243;285,138;283;330;558,015;556,199;60;282,743;;3559,15
3350;0,2;83;310,171;285,149;283;330;558,015;556,207;60;282,748;;3559,15
3351;0,2;82,5;310,069;285,153;283;330;557,957;556,04;60;282,751;;3555,89
3352;0,2;79;310,171;285,142;283;330;557,827;555,946;60;282,757;;3554,69
3353;0,2;78;310,402;285,12;283;330;557,733;555,874;60;282,762;;3554,11
3354;0,2;77,5;310,388;285,124;283;330;557,581;555,686;60;282,763;;3552,14
3355;0,2;73,5;310,25;285,131;283;330;557,473;555,556;60;282,767;;3549,8
3356;0,2;71;309,418;285,138;283;330;557,342;555,418;60;282,771;;3549,11
3357;0,2;72;309,433;285,145;283;330;557,299;555,411;60;282,768;;3549,11
3358;0,2;75,5;309,484;285,153;283;330;557,205;555,245;60;282,766;;3549,11
3359;0,2;76;309,498;285,142;283;330;557,219;555,266;60;282,767;;3549,11
3360;0,2;76,5;309,556;285,12;283;330;557,306;555,404;60;282,766;;3548,4
3361;0,2;78;309,346;285,131;283;330;557,371;555,505;60;282,767;;3543,94
3362;0,2;79;309,281;285,138;283;330;557,436;555,534;60;282,768;;3542,42
3363;0,2;83,5;309,187;285,145;283;330;557,436;555,664;60;282,767;;3542,07
3364;0,2;90;309,1;285,149;283;330;557,436;555,556;60;282,769;;3541,31
3365;0,2;91;308,529;285,149;283;330;557,436;555,556;60;282,772;;3541,31
3366;0,2;93;308,608;285,145;283;330;557,436;555,556;60;282,773;;3541,31
3367;0,2;98,5;308,702;285,124;283;330;557,487;555,556;60;282,771;;3541,31
3368;0,2;105;308,789;285,124;283;330;557,538;555,642;60;282,775;;3538,68
3369;0,2;109,5;308,702;285,131;283;330;557,581;555,657;60;282,78;;3534,63
3370;0,2;111;308,247;285,142;283;330;557,624;555,621;60;282,786;;3533,85
3371;0,2;112;308,167;285,149;283;330;557,624;555,7;60;282,796;;3533,23
3372;0,2;117;308,109;285,156;283;330;557,581;555,744;60;282,803;;3532,4
3373;0,2;118,5;308,145;285,153;283;330;557,689;555,845;60;282,814;;3530,91
3374;0,2;118;308,21;285,127;283;330;557,726;555,845;60;282,823;;3530,18
3375;0,2;119;308,355;285,124;283;330;557,726;555,903;60;282,832;;3529,6
3376;0,2;118;308,341;285,131;283;330;557,812;555,99;60;282,843;;3529,07
3377;0,2;113,5;308,239;285,138;283;330;557,87;555,99;60;282,855;;3528,84
3378;0,2;111;308,102;285,297;283;330;557,892;556,127;60;282,872;;3527,95
3379;0,2;110,5;308,102;285,305;283;330;558,015;556,149;60;282,887;;3527,95
3380;0,2;110;308,16;285,156;283;330;558,015;556,192;60;282,9;;3527,95
3381;0,2;105,5;308,283;285,153;283;330;558,015;556,279;60;282,911;;3527,18
3382;0,2;105,5;308,355;285,127;283;330;558,015;556,243;60;282,922;;3525,86
3383;0,2;103,5;308,275;285,254;283;330;557,892;556,17;60;282,93;;3525,73
3384;0,2;98;308,232;285,391;283;330;557,776;555,975;60;282,943;;3522,91
3385;0,2;93;308,152;285,395;283;330;557,675;555,809;60;282,954;;3521,13
3386;0,2;91;308,109;285,424;283;330;557,581;555,657;60;282,963;;3520,17
3387;0,2;89;308,181;285,464;283;330;557,501;555,657;60;282,971;;3518,71
3388;0,2;82,5;308,283;285,395;283;330;557,436;555,628;60;282,981;;3517,95
3389;0,2;78;308,333;285,485;283;330;557,487;555,628;60;282,995;;3517,95
3390;0,2;79,5;308,254;285,453;283;330;557,581;555,7;60;283,005;;3517,95
3391;0,2;77;308,189;285,149;283;330;557,581;555,794;60;283,012;;3517,95
3392;0,2;68;308,08;285,127;283;330;557,581;555,787;60;283,017;;3517,95
3393;0,2;65;308,102;285,127;283;330;557,581;555,7;60;283,023;;3517,88
3394;0,2;64,5;308,181;285,402;283;330;557,523;555,657;60;283,028;;3516,45
3395;0,2;60;308,283;285,131;283;330;557,436;555,65;60;283,036;;3514,27
3396;0,2;57;308,29;285,142;283;330;557,516;555,7;60;283,043;;3513,87
3397;0,2;57;308,008;285,149;283;330;557,53;555,7;60;283,047;;3512,49
3398;0,2;58;307,964;285,153;283;330;557,487;555,671;60;283,05;;3509,43
3399;0,2;63;307,878;285,149;283;330;557,48;555,592;60;283,05;;3509,43
3400;0,2;64;307,805;285,124;283;330;557,523;555,606;60;283,054;;3509,37
3401;0,2;61;307,747;285,124;283;330;557,436;555,556;60;283,06;;3509,3
3402;0,2;62;307,133;285,135;283;330;557,292;555,447;60;283,064;;3509,3
3403;0,2;64;307,234;285,525;283;330;557,292;555,447;60;283,072;;3508,85
3404;0,2;69;307,277;285,276;283;330;557,292;555,556;60;283,078;;3507,41
3405;0,2;72,5;306,966;285,286;283;330;557,415;555,57;60;283,083;;3506,03
3406;0,2;70;306,691;285,301;283;330;557,53;555,7;60;283,086;;3505,97
3407;0,2;66;306,691;285,323;283;330;557,581;555,736;60;283,095;;3504,1
3408;0,2;73;306,344;285,315;283;330;557,603;555,845;60;283,108;;3502,64
3409;0,2;78;306,069;285,308;283;330;557,726;555,888;60;283,116;;3502,64
3410;0,2;87,5;306,163;285,315;283;330;557,849;555,953;60;283,124;;3501,75
3411;0,2;88,5;306,279;285,323;283;330;557,827;555,961;60;283,133;;3498,83
3412;0,2;91;306,098;285,341;283;330;557,805;555,888;60;283,14;;3497,11
3413;0,2;91;305,896;285,359;283;330;557,726;555,845;60;283,143;;3497,11
3414;0,2;91;305,83;285,377;283;330;557,697;555,845;60;283,147;;3496,36
3415;0,2;91;305,787;285,388;283;330;557,718;555,845;60;283,15;;3493,99
3416;0,2;92,5;305,823;285,409;283;330;557,682;555,816;60;283,148;;3491,68
3417;0,2;97;305,49;285,42;283;330;557,726;555,845;60;283,151;;3491,57
3418;0,2;98;305,216;285,366;283;330;557,726;555,845;60;283,156;;3490,86
3419;0,2;101;305,223;285,42;283;330;557,726;555,845;60;283,16;;3490,46
3420;0,2;103,5;305,1;285,337;283;330;557,726;555,845;60;283,162;;3490,46
3421;0,2;99,5;305,02;285,341;283;330;557,711;555,881;60;283,164;;3488,98
3422;0,2;97;304,999;285,348;283;330;557,726;555,939;60;283,17;;3488,25
3423;0,2;98,5;305,085;285,279;283;330;557,87;555,953;60;283,173;;3487,05
3424;0,2;100;305,208;285,276;283;330;557,87;555,99;60;283,176;;3485,24
3425;0,2;98;305,223;285,272;283;330;557,87;555,99;60;283,178;;3482,76
3426;0,2;99,5;305,129;285,268;283;330;557,87;555,99;60;283,181;;3482,71
3427;0,2;98;305,049;285,268;283;330;557,87;555,99;60;283,183;;3482,71
3428;0,2;97;304,991;285,261;283;330;557,776;555,99;60;283,186;;3479,11
3429;0,2;96;305,006;285,239;283;330;557,812;555,91;60;283,188;;3477,18
3430;0,2;96,5;305,136;285,236;283;330;557,726;555,903;60;283,189;;3477,18
3431;0,2;96;305,245;285,236;283;330;557,689;555,845;60;283,19;;3476,36
3432;0,2;93;305,194;285,243;283;330;557,581;555,823;60;283,191;;3474,97
3433;0,2;92;305,093;285,247;283;330;557,538;555,7;60;283,191;;3474,97
3434;0,2;91,5;304,991;285,254;283;330;557,581;555,7;60;283,192;;3474,53
3435;0,2;92;304,999;285,258;283;330;557,509;555,708;60;283,193;;3472,52
3436;0,2;91;305,165;285,402;283;330;557,523;555,845;60;283,194;;3471,66
3437;0,2;91;305,237;285,272;283;330;557,632;555,91;60;283,194;;3471,66
3438;0,2;91,5;305,129;285,543;283;330;557,733;555,867;60;283,194;;3470,73
3439;0,2;91;305,035;285,536;283;330;557,82;555,982;60;283,194;;3469,49
3440;0,2;91;304,977;285,514;283;330;557,798;555,982;60;283,194;;3467,85
3441;0,2;92;305,071;285,507;283;330;557,726;555,845;60;283,193;;3466,82
3442;0,2;91;305,107;285,236;283;330;557,726;555,961;60;283,192;;3464,64
3443;0,2;91;305,245;285,529;283;330;557,726;555,896;60;283,193;;3464,51
3444;0,2;91,5;305,165;285,518;283;330;557,726;555,845;60;283,194;;3464,51
3445;0,2;91;305,1;285,395;283;330;557,762;555,953;60;283,194;;3464,51
3446;0,2;91;304,991;285,547;283;330;557,921;555,99;60;283,192;;3464,51
3447;0,2;91,5;305,02;285,55;283;330;557,928;556,113;60;283,191;;3462,52
3448;0,2;91,5;305,158;285,54;283;330;557,964;556,134;60;283,186;;3459,54
3449;0,2;91;305,245;285,529;283;330;558,015;556,134;60;283,186;;3458,24
3450;0,2;91;305,179;285,554;283;330;557,921;556,199;60;283,188;;3458,15
3451;0,2;92;305,078;285,532;283;330;558,16;556,236;60;283,189;;3457,14
3452;0,2;91,5;304,999;285,514;283;330;558,008;556,199;60;283,189;;3456,5
3453;0,2;91;305,006;285,503;283;330;558,015;556,134;60;283,19;;3455,62
3454;0,2;91;305,093;285,5;283;330;558,015;556,199;60;283,191;;3452,36
3455;0,2;92;305,187;285,467;283;330;558,015;556,163;60;283,192;;3450,96
3456;0,2;91,5;305,245;285,467;283;330;558,015;556,134;60;283,192;;3450,58
3457;0,2;91,5;305,187;285,46;283;330;558,015;556,228;60;283,193;;3449,52
3458;0,2;90,5;305,056;285,384;283;330;558,015;556,228;60;283,196;;3447,27
3459;0,2;91,5;304,991;285,301;283;330;558,015;556,178;60;283,196;;3445,33
3460;0,2;90;305,071;285,373;283;330;557,979;556,178;60;283,196;;3443,99
3461;0,2;91,5;305,194;285,362;283;330;558,015;556,134;60;283,196;;3442,78
3462;0,2;91;305,216;285,247;283;330;558,015;556,185;60;283,196;;3441,76
3463;0,2;92;305,114;285,276;283;330;558,015;556,236;60;283,197;;3441,76
3464;0,2;91;305,049;285,503;283;330;558,109;556,315;60;283,2;;3441,72
3465;0,2;93;305,013;285,655;283;330;558,16;556,424;60;283,2;;3440,62
3466;0,2;92;305,093;285,648;283;330;558,16;556,568;60;283,2;;3440,62
3467;0,2;92;305,223;285,359;283;330;558,29;556,568;60;283,2;;3440,62
3468;0,2;92;305,216;285,514;283;330;558,449;556,568;60;283,2;;3440,62
3469;0,2;91;305,136;285,663;283;330;558,355;556,568;60;283,2;;3439,28
3470;0,2;91;305,042;285,67;283;330;558,37;556,568;60;283,2;;3438,42
3471;0,2;91,5;304,977;285,67;283;330;558,449;556,568;60;283,2;;3437,47
3472;0,2;92;305,049;285,634;283;330;558,449;556,677;60;283,2;;3434,95
3473;0,2;91;305,201;285,648;283;330;558,543;556,713;60;283,2;;3434,14
3474;0,2;92;305,208;285,673;283;330;558,507;556,713;60;283,2;;3433,7
3475;0,2;92,5;305,093;285,677;283;330;558,514;556,699;60;283,2;;3433,04
3476;0,2;91;304,999;285,663;283;330;558,449;556,583;60;283,2;;3433,04
3477;0,2;91;305,006;285,692;283;330;558,449;556,655;60;283,2;;3432,53
3478;0,2;91,5;305,129;285,681;283;330;558,449;556,547;60;283,2;;3430,38
3479;0,2;91;305,237;285,652;283;330;558,427;556,518;60;283,2;;3429,74
3480;0,2;91;305,201;285,637;283;330;558,304;556,525;60;283,2;;3429,74
3481;0,2;91;305,093;285,648;283;330;558,442;556,568;60;283,197;;3429,74
3482;0,2;91;305,006;285,666;283;330;558,413;556,525;60;283,195;;3429,61
3483;0,2;91;304,999;285,663;283;330;558,449;556,467;60;283,186;;3428,08
3484;0,2;91,5;305,122;285,681;283;330;558,355;556,561;60;283,179;;3425,9
3485;0,2;92;305,23;285,648;283;330;558,268;556,51;60;283,169;;3424,76
3486;0,2;91;305,216;285,648;283;330;558,297;556,424;60;283,16;;3424,76
3487;0,2;91,5;305,129;285,652;283;330;558,16;556,46;60;283,153;;3424,67
3488;0,2;92;305,035;285,663;283;330;558,16;556,33;60;283,146;;3422,76
3489;0,2;92,5;304,977;285,652;283;330;558,131;556,315;60;283,139;;3420,36
3490;0,2;93;305,049;285,677;283;330;558,109;556,134;60;283,13;;3420,36
3491;0,2;96;305,172;285,684;283;330;557,957;556,134;60;283,121;;3419,15
3492;0,2;102;305,252;285,677;283;330;557,87;555,997;60;283,108;;3417,07
3493;0,2;104,5;305,172;285,652;283;330;557,87;556,084;60;283,096;;3417,07
3494;0,2;105;305,071;285,634;283;330;558,001;556,134;60;283,082;;3415,97
3495;0,2;110;304,984;285,659;283;330;558,015;556,221;60;283,071;;3414,58
3496;0,2;111;305,027;285,67;283;330;558,015;556,178;60;283,061;;3413,31
3497;0,2;113,5;305,172;285,681;283;330;558,015;556,134;60;283,046;;3411,58
3498;0,2;117;305,245;285,663;283;330;558,109;556,134;60;283,032;;3411,58
3499;0,2;119;305,165;285,688;283;330;558,066;556,163;60;283,023;;3411,58
3500;0,2;120;305,056;285,663;283;330;557,993;556,156;60;283,013;;3411,58
3501;0,2;122,5;304,991;285,648;283;330;557,87;556,047;60;283,004;;3411,51
3502;0,2;132;305,035;285,666;283;330;557,907;556,047;60;282,994;;3409,45
3503;0,2;135;305,707;285,659;283;330;558,015;556,134;60;282,984;;3407,8
3504;0,2;133,5;306,04;285,666;283;330;557,928;556,134;60;282,974;;3406,11
3505;0,2;127;305,982;285,67;283;330;558,015;556,047;60;282,965;;3406,09
3506;0,2;125;305,917;285,652;283;330;558,015;556,004;60;282,958;;3406,09
3507;0,2;125,5;305,367;285,645;283;330;558,015;556,113;60;282,951;;3404,34
3508;0,2;129;306,069;285,637;283;330;558,015;556,163;60;282,948;;3403,46
3509;0,2;136;306,04;285,652;283;330;558,124;556,178;60;282,943;;3402,8
3510;0,2;133,5;306,12;285,666;283;330;558,16;556,38;60;282,938;;3401,59
3511;0,2;132;306,214;285,67;283;330;558,29;556,489;60;282,933;;3399,82
3512;0,2;133;306,648;285,655;283;330;558,304;556,539;60;282,929;;3399,51
3513;0,2;135,5;306,981;285,63;283;330;558,37;556,51;60;282,925;;3399,2
3514;0,2;130;306,923;285,641;283;330;558,406;556,568;60;282,923;;3397,36
3515;0,2;122,5;306,85;285,518;283;330;558,362;556,568;60;282,923;;3394,14
3516;0,2;118;307,053;285,511;283;330;558,398;556,525;60;282,921;;3392,94
3517;0,2;118;307,038;285,525;283;330;558,268;556,453;60;282,923;;3392,94
3518;0,2;112;307,111;285,54;283;330;558,218;556,424;60;282,921;;3392,94
3519;0,2;112;307,263;285,547;283;330;558,232;556,373;60;282,918;;3392,94
3520;0,2;114,5;307,993;285,554;283;330;558,16;556,279;60;282,919;;3391,8
3521;0,2;115,5;307,69;285,417;283;330;558,03;556,236;60;282,915;;3390,68
3522;0,2;105,5;307,87;285,547;283;330;558,051;556,149;60;282,915;;3389,93
3523;0,2;103,5;307,567;285,399;283;330;558,08;556,228;60;282,914;;3389,93
3524;0,2;100;307,747;285,525;283;330;558,116;556,228;60;282,909;;3389,93
3525;0,2;102;308,03;285,514;283;330;558,152;556,279;60;282,905;;3389,58
3526;0,2;102;308,116;285,402;283;330;558,066;556,279;60;282,898;;3388,83
3527;0,2;91;308,275;285,409;283;330;558,037;556,279;60;282,896;;3384,71
3528;0,2;91,5;308,312;285,297;283;330;558,116;556,279;60;282,886;;3382,05
3529;0,2;92;308,247;285,305;283;330;558,16;556,387;60;282,879;;3380,92
3530;0,2;91;308,152;285,301;283;330;558,21;556,46;60;282,87;;3380,52
3531;0,2;91;308,102;285,297;283;330;558,304;556,438;60;282,864;;3379,95
3532;0,2;91,5;308,095;285,424;283;330;558,304;556,561;60;282,856;;3379,43
3533;0,2;91,5;308,124;285,276;283;330;558,304;556,568;60;282,849;;3378,74
3534;0,2;93,5;308,247;285,276;283;330;558,312;556,59;60;282,843;;3376,7
3535;0,2;98,5;308,319;285,297;283;330;558,406;556,713;60;282,834;;3376,35
3536;0,2;104;308,275;285,315;283;330;558,449;556,764;60;282,826;;3376,35
3537;0,2;104;308,181;285,326;283;330;558,492;556,771;60;282,816;;3375,85
3538;0,2;105;308,08;285,333;283;330;558,449;556,749;60;282,805;;3373,78
3539;0,2;107,5;308,131;285,431;283;330;558,492;556,713;60;282,793;;3372,41
3540;0,2;111,5;308,29;285,525;283;330;558,384;556,583;60;282,782;;3372,41
3541;0,2;112;308,319;285,449;283;330;558,304;556,46;60;282,773;;3370,55
3542;0,2;115;308,29;285,525;283;330;558,218;556,409;60;282,765;;3370,23
3543;0,2;119;308,268;285,507;283;330;558,116;556,279;60;282,758;;3368,81
3544;0,2;120;308,189;285,453;283;330;558,16;556,279;60;282,752;;3368,02
3545;0,2;119,5;308,116;285,493;283;330;558,16;556,279;60;282,744;;3366,95
3546;0,2;123;308,152;285,489;283;330;558,16;556,279;60;282,741;;3365,16
3547;0,2;132;308,218;285,493;283;330;558,203;556,279;60;282,732;;3362,1
3548;0,2;134;308,333;285,409;283;330;558,16;556,279;60;282,728;;3361,49
3549;0,2;134;308,304;285,417;283;330;558,16;556,279;60;282,72;;3361,49
3550;0,2;137,5;308,225;285,337;283;330;558,16;556,322;60;282,717;;3361,49
3551;0,2;140,5;308,095;285,38;283;330;558,16;556,315;60;282,715;;3361,49
3552;0,2;140,5;308,08;285,384;283;330;558,109;556,279;60;282,712;;3361,34
3553;0,2;143,5;308,16;285,38;283;330;558,058;556,243;60;282,713;;3359,81
3554;0,2;148;308,659;285,402;283;330;558,095;556,272;60;282,712;;3359,81
3555;0,2;148;309,1;285,402;283;330;558,16;556,33;60;282,712;;3359,18
3556;0,2;147;309,078;285,428;283;330;558,167;556,395;60;282,715;;3357,61
3557;0,2;145,5;309,042;285,446;283;330;558,304;556,424;60;282,718;;3354,86
3558;0,2;146;308,984;285,305;283;330;558,326;556,561;60;282,718;;3353,27
3559;0,2;147;309,021;285,145;283;330;558,326;556,51;60;282,722;;3353,27
3560;0,2;141,5;309,086;285,153;283;330;558,304;556,445;60;282,722;;3353,27
3561;0,2;127;309,18;285,142;283;330;558,304;556,474;60;282,728;;3353,27
3562;0,2;126;309,266;285,124;283;330;558,304;556,489;60;282,735;;3353,27
3563;0,2;123,5;309,534;285,127;283;330;558,304;556,518;60;282,744;;3349,34
3564;0,2;120,5;309,686;285,135;283;330;558,304;556,46;60;282,751;;3347,71
3565;0,2;117;309,606;285,142;283;330;558,304;556,474;60;282,755;;3345,79
3566;0,2;110;309,563;285,145;283;330;558,319;556,46;60;282,761;;3344,55
3567;0,2;101;309,556;285,153;283;330;558,406;556,604;60;282,767;;3343,58
3568;0,2;100;309,628;285,156;283;330;558,449;556,568;60;282,772;;3341,89
3569;0,2;100;310,012;285,142;283;330;558,449;556,583;60;282,779;;3339,95
3570;0,2;98,5;310,373;285,124;283;330;558,456;556,713;60;282,79;;3337,64
3571;0,2;86;310,301;285,124;283;330;558,594;556,749;60;282,798;;3336,86
3572;0,2;81,5;310,207;285,127;283;330;558,673;556,858;60;282,805;;3335,64
3573;0,2;81;310,135;285,135;283;330;558,738;556,966;60;282,813;;3334,68
3574;0,2;78,5;310,127;285,142;283;330;558,738;556,952;60;282,823;;3334,68
3575;0,2;73,5;310,25;285,149;283;330;558,702;556,966;60;282,832;;3334,68
3576;0,2;69,5;310,359;285,153;283;330;558,695;557,002;60;282,841;;3334,68
3577;0,2;68;310,366;285,153;283;330;558,738;556,952;60;282,849;;3334
3578;0,2;64;310,286;285,131;283;330;558,738;556,966;60;282,856;;3333,33
3579;0,2;62;310,077;285,12;283;330;558,847;557,038;60;282,865;;3332,56
3580;0,2;61,5;309,852;285,124;283;330;558,883;557,038;60;282,873;;3332,39
3581;0,2;67;309,852;285,135;283;330;558,883;557,104;60;282,877;;3332,04
3582;0,2;64;309,397;285,142;283;330;558,883;557,147;60;282,887;;3330,6
3583;0,2;61,5;309,484;285,153;283;330;558,883;557,147;60;282,896;;3329,23
3584;0,2;63;309,332;285,153;283;330;558,883;557,147;60;282,906;;3327,68
3585;0,2;65;309,324;285,127;283;330;558,883;557,19;60;282,916;;3327,35
3586;0,2;65;309,238;285,124;283;330;558,927;557,147;60;282,923;;3325,92
3587;0,2;66;309,172;285,127;283;330;558,927;557,147;60;282,936;;3324,2
3588;0,2;66,5;308,304;285,135;283;330;558,883;557,147;60;282,948;;3321,94
3589;0,2;75,5;308,283;285,142;283;330;558,883;557,01;60;282,964;;3321,12
3590;0,2;76;308,319;285,149;283;330;558,883;557,06;60;282,977;;3320,18
3591;0,2;68;308,326;285,156;283;330;558,883;557,082;60;282,992;;3318,94
3592;0,2;66;308,304;285,156;283;330;558,883;557,089;60;283,006;;3318,77
3593;0,2;71,5;308,283;285,135;283;330;558,883;557,053;60;283,015;;3316,47
3594;0,2;74;307,82;285,12;283;330;558,883;557,046;60;283,028;;3315,69
3595;0,2;74;307,357;285,127;283;330;558,883;557,038;60;283,045;;3315,69
3596;0,2;74;307,292;285,127;283;330;558,746;557,002;60;283,06;;3315,69
3597;0,2;76;307,277;285,135;283;330;558,847;557,133;60;283,074;;3315,69
3598;0,2;71;307,227;285,142;283;330;558,811;557,053;60;283,087;;3315,69
3599;0,2;68;307,227;285,149;283;330;558,738;556,944;60;283,099;;3315,32
3600;0,2;77;307,299;285,156;283;330;558,695;556,858;60;283,109;;3313,74
3601;0,2;78,5;307,241;285,149;283;330;558,55;556,814;60;283,119;;3313,52
3602;0,2;78;306,38;285,131;283;330;558,594;556,72;60;283,129;;3313,52
3603;0,2;85;306,532;285,124;283;330;558,666;556,72;60;283,144;;3313,52
3604;0,2;83,5;306,742;285,135;283;330;558,695;556,901;60;283,158;;3313,52
3605;0,2;76,5;306,387;285,138;283;330;558,688;556,858;60;283,17;;3313,52
3606;0,2;74;306,098;285,142;283;330;558,724;556,988;60;283,181;;3311,23
3607;0,2;77;306,163;285,145;283;330;558,76;557,002;60;283,187;;3309,65
3608;0,2;78,5;306,264;285,153;283;330;558,775;557,002;60;283,199;;3309,65
3609;0,2;79;306,019;285,145;283;330;558,746;557,002;60;283,211;;3308,61
3610;0,2;78,5;305,816;285,124;283;330;558,753;556,966;60;283,221;;3308,56
3611;0,2;79;305,744;285,12;283;330;558,782;556,995;60;283,232;;3308,56
3612;0,2;83;305,773;285,131;283;330;558,883;557,002;60;283,239;;3308
3613;0,2;78,5;305,896;285,135;283;330;558,883;556,981;60;283,247;;3305,31
3614;0,2;73;305,896;285,145;283;330;558,883;557,024;60;283,255;"(( Pi() / ([11:7] * 0.001)) * (Pow(0.5 * [3:10], 2) - Pow(0.5 * 0.48, 2))) / [32:124]";3305,31
3615;0,2;66,5;305,888;285,149;283;330;558,847;557,089;60;283,26;;3305,04
3616;0,2;68;305,165;285,156;283;330;559,006;557,147;60;283,268;;3304,16
3617;0,2;69;305,071;285,138;283;330;558,984;557,212;60;283,274;;3304,08
3618;0,2;74,5;304,984;285,12;283;330;559,028;557,292;60;283,274;;3302,56
3619;0,2;73,5;305,071;285,124;283;330;559,028;557,328;60;283,275;;3298,73
3620;0,2;69,5;305,187;285,138;283;330;559,028;557,342;60;283,275;;3297
3621;0,2;72,5;305,201;285,145;283;330;559,158;557,48;60;283,274;;3297
3622;0,2;71,5;305,1;285,149;283;330;559,172;557,509;60;283,274;;3296,61
3623;0,2;66;304,326;285,156;283;330;559,274;557,581;60;283,277;;3294,07
3624;0,2;65;304,384;285,149;283;330;559,252;557,487;60;283,279;;3293,75
3625;0,2;71;304,34;285,12;283;330;559,172;557,436;60;283,273;;3292,8
3626;0,2;73,5;304,311;285,127;283;330;559,172;557,415;60;283,264;;3291,02
3627;0,2;74;304,391;285,135;283;330;559,172;557,378;60;283,257;;3290,89
3628;0,2;74;304,572;285,142;283;330;559,107;557,292;60;283,253;;3290,22
3629;0,2;77;304,217;285,145;283;330;559,064;557,248;60;283,246;;3287,28
3630;0,2;85;304,167;285,153;283;330;559,071;557,292;60;283,238;;3284,75
3631;0,2;90,5;304,058;285,153;283;330;559,021;557,169;60;283,233;;3282,71
3632;0,2;97,5;303,964;285,145;283;330;558,992;557,147;60;283,229;;3280,31
3633;0,2;99,5;303,971;285,124;283;330;558,912;557,147;60;283,226;;3280,2
3634;0,2;98,5;304,102;285,12;283;330;558,927;557,161;60;283,219;;3280,2
3635;0,2;99,5;303,957;285,131;283;330;558,97;557,227;60;283,213;;3278,36
3636;0,2;104,5;303,776;285,135;283;330;558,941;557,147;60;283,209;;3278,04
3637;0,2;113,5;303,552;285,145;283;330;558,919;557,089;60;283,204;;3277,28
3638;0,2;116;303,494;285,153;283;330;558,854;557,017;60;283,2;;3274,84
3639;0,2;119;303,624;285,156;283;330;558,912;557,147;60;283,194;;3272,64
3640;0,2;120;303,465;285,135;283;330;559,028;557,147;60;283,194;;3272,64
3641;0,2;120;303,241;285,12;283;330;558,883;557,147;60;283,194;;3272,64
3642;0,2;122;303,537;285,124;283;330;558,883;557,147;60;283,194;;3272,64
3643;0,2;123,5;303,776;285,135;283;330;558,984;557,147;60;283,196;;3272,62
3644;0,2;133;304,21;285,142;283;330;558,97;557,263;60;283,193;;3271,56
3645;0,2;130;304,159;285,145;283;330;559,028;557,292;60;283,192;;3270,24
3646;0,2;122;304,058;285,153;283;330;559,057;557,292;60;283,193;;3269,4
3647;0,2;120,5;303,971;285,153;283;330;559,172;557,35;60;283,194;;3269,4
3648;0,2;121,5;303,964;285,149;283;330;559,303;557,436;60;283,197;;3268,12
3649;0,2;120,5;304,239;285,12;283;330;559,223;557,436;60;283,2;;3264,22
3650;0,2;115;304,47;285,239;283;330;559,252;557,393;60;283,206;;3263,59
3651;0,2;102;304,449;285,373;283;330;559,201;557,299;60;283,213;;3262,21
3652;0,2;99,5;304,369;285,355;283;330;559,172;557,299;60;283,216;;3259,73
3653;0,2;99,5;304,659;285,33;283;330;559,172;557,321;60;283,222;;3259,69
3654;0,2;99;304,991;285,352;283;330;559,172;557,371;60;283,228;;3258,24
3655;0,2;101,5;305,1;285,543;283;330;559,172;557,342;60;283,23;;3257,27
3656;0,2;93,5;305,223;285,55;283;330;559,259;557,436;60;283,235;;3256,45
3657;0,2;86,5;305,245;285,312;283;330;559,266;557,371;60;283,241;;3255,46
3658;0,2;85;305,83;285,55;283;330;559,158;557,292;60;283,245;;3255,37
3659;0,2;85,5;305,751;285,565;283;330;559,028;557,292;60;283,246;;3255,37
3660;0,2;84,5;305,679;285,547;283;330;559,028;557,292;60;283,243;;3255,33
3661;0,2;74,5;305,635;285,532;283;330;558,992;557,183;60;283,245;;3252,88
3662;0,2;71,5;305,613;285,514;283;330;558,883;557,118;60;283,246;;3250,7
3663;0,2;67,5;305,65;285,511;283;330;558,825;556,973;60;283,245;;3249,69
3664;0,2;64;305,715;285,525;283;330;558,724;556,858;60;283,239;;3248,91
3665;0,2;60,5;305,773;285,532;283;330;558,724;556,858;60;283,239;;3248,91
3666;0,2;58;305,809;285,532;283;330;558,644;556,858;60;283,236;;3247,06
3667;0,2;59,5;305,751;285,522;283;330;558,695;556,858;60;283,233;;3244,11
3668;0,2;62;305,664;285,536;283;330;558,738;556,858;60;283,23;;3242,35
3669;0,2;63;305,592;285,543;283;330;558,738;556,901;60;283,224;;3241,38
3670;0,2;62,5;305,534;285,54;283;330;558,818;556,966;60;283,22;;3241,38
3671;0,2;64,5;305,245;285,449;283;330;558,84;557,031;60;283,216;;3240,11
3672;0,2;65;305,035;285,536;283;330;558,869;556,973;60;283,213;;3239,23
3673;0,2;64,5;305,194;285,42;283;330;558,695;556,872;60;283,211;;3238,76
3674;0,2;73;305,245;285,511;283;330;558,615;556,764;60;283,206;;3237,34
3675;0,2;78,5;305,129;285,42;283;330;558,464;556,641;60;283,203;;3237,08
3676;0,2;84;305,027;285,413;283;330;558,406;556,568;60;283,202;;3237,08
3677;0,2;83,5;304,854;285,341;283;330;558,449;556,662;60;283,201;;3237,06
3678;0,2;83,5;304,63;285,442;283;330;558,572;556,713;60;283,2;;3234,99
3679;0,2;86,5;304,832;285,352;283;330;558,594;556,713;60;283,2;;3234,24
3680;0,2;91;304,868;285,352;283;330;558,601;556,713;60;283,2;;3232,84
3681;0,2;93,5;304,789;285,348;283;330;558,717;556,764;60;283,2;;3231,28
3682;0,2;99,5;304,695;285,326;283;330;558,717;556,764;60;283,201;;3230,63
3683;0,2;104;304,615;285,315;283;330;558,738;556,858;60;283,203;;3230,63
3684;0,2;104;304,608;285,525;283;330;558,738;556,858;60;283,203;;3229,28
3685;0,2;104;304,622;285,518;283;330;558,738;556,944;60;283,205;;3228,48
3686;0,2;104;304,651;285,413;283;330;558,738;556,908;60;283,208;;3228,48
3687;0,2;105,5;304,181;285,294;283;330;558,767;557,002;60;283,209;;3227,57
3688;0,2;106,5;304,225;285,294;283;330;558,883;557,002;60;283,209;;3225,74
3689;0,2;112,5;304,478;285,294;283;330;558,832;557,002;60;283,212;;3225,27
3690;0,2;111;304,601;285,301;283;330;558,738;557,053;60;283,216;;3224,07
3691;0,2;105;304,55;285,297;283;330;558,738;557,002;60;283,218;;3222,41
3692;0,2;98,5;304,572;285,431;283;330;558,782;557,067;60;283,225;;3221,19
3693;0,2;96;304,644;285,565;283;330;558,89;557,024;60;283,226;;3220,65
3694;0,2;96,5;304,572;285,413;283;330;559,006;557,031;60;283,226;;3220,12
3695;0,2;98;304,593;285,279;283;330;558,905;557,147;60;283,23;;3220,12
3696;0,2;94;304,644;285,272;283;330;558,984;557,19;60;283,228;;3219,11
3697;0,2;95;304,76;285,286;283;330;558,941;557,147;60;283,224;;3216,43
3698;0,2;100,5;304,789;285,294;283;330;558,948;557,147;60;283,221;;3215,42
3699;0,2;101,5;304,651;285,276;283;330;558,984;557,147;60;283,216;;3214,76
3700;0,2;96;304,608;285,29;283;330;559,028;557,234;60;283,214;;3213,85
3701;0,2;96;304,774;285,301;283;330;559,158;557,255;60;283,211;;3213,68
3702;0,2;97,5;304,991;285,308;283;330;559,274;557,371;60;283,205;;3213,68
3703;0,2;98;305,093;285,323;283;330;559,317;557,436;60;283,199;;3213,32
3704;0,2;87,5;305,223;285,326;283;330;559,317;557,574;60;283,194;;3209,91
3705;0,2;85,5;305,223;285,333;283;330;559,317;557,473;60;283,193;;3209,4
3706;0,2;85,5;305,143;285,337;283;330;559,266;557,465;60;283,191;;3209,12
3707;0,2;84;305,042;285,315;283;330;559,274;557,451;60;283,187;;3207,89
3708;0,2;85;304,984;285,301;283;330;559,201;557,436;60;283,18;;3206,6
3709;0,2;86,5;305,158;285,511;283;330;559,252;557,306;60;283,176;;3206,36
3710;0,2;86;305,237;285,409;283;330;559,23;557,342;60;283,17;;3204,74
3711;0,2;84,5;305,172;285,518;283;330;559,274;557,393;60;283,166;;3203,15
3712;0,2;88,5;305,122;285,641;283;330;559,274;557,436;60;283,159;;3203,15
3713;0,2;91;305,006;285,518;283;330;559,317;557,473;60;283,152;;3203,15
3714;0,2;91,5;305,006;285,525;283;330;559,238;557,342;60;283,144;;3203
3715;0,2;93;305,107;285,525;283;330;559,23;557,393;60;283,138;;3201,8
3716;0,2;93;305,216;285,514;283;330;559,172;557,292;60;283,134;;3200,13
3717;0,2;93;305,302;285,315;283;330;559,172;557,335;60;283,13;;3196,58
3718;0,2;96;305,389;285,294;283;330;559,172;557,292;60;283,124;;3196,29
3719;0,2;98,5;305,295;285,626;283;330;559,216;557,292;60;283,116;;3196,29
3720;0,2;90,5;305,744;285,377;283;330;559,172;557,292;60;283,112;;3196,23
3721;0,2;84,5;305,498;285,337;283;330;559,172;557,292;60;283,106;;3194,38
3722;0,2;86;305,57;285,348;283;330;559,086;557,292;60;283,101;;3193,4
3723;0,2;95,5;305,968;285,435;283;330;559,172;557,371;60;283,098;;3190,36
3724;0,2;96;306,033;285,446;283;330;559,172;557,342;60;283,096;;3189,29
3725;0,2;90;306,011;285,446;283;330;559,172;557,292;60;283,091;;3189,28
3726;0,2;98;305,946;285,453;283;330;559,172;557,321;60;283,087;;3189,18
3727;0,2;104,5;305,613;285,348;283;330;559,136;557,255;60;283,087;;3189,18
3728;0,2;101;305,809;285,428;283;330;559,021;557,219;60;283,086;;3189,08
3729;0,2;94,5;305,787;285,438;283;330;558,927;557,06;60;283,083;;3186,43
3730;0,2;100,5;305,896;285,449;283;330;558,767;556,916;60;283,082;;3184,14
3731;0,2;104,5;306,004;285,467;283;330;558,659;556,793;60;283,083;;3183,67
3732;0,2;110,5;306,062;285,475;283;330;558,608;556,756;60;283,086;;3182,77
3733;0,2;104;306,004;285,485;283;330;558,594;556,749;60;283,088;;3182,67
3734;0,2;104,5;305,968;285,496;283;330;558,594;556,662;60;283,092;;3181,55
3735;0,2;105,5;305,367;285,265;283;330;558,594;556,756;60;283,092;;3178,39
3736;0,2;111;305,838;285,511;283;330;558,688;556,778;60;283,091;;3175,55
3737;0,2;111;305,339;285,265;283;330;558,731;556,858;60;283,088;;3175,1
3738;0,2;107;305,556;285,402;283;330;558,738;556,858;60;283,085;;3175,1
3739;0,2;105,5;305,556;285,258;283;330;558,738;556,858;60;283,08;;3174,2
3740;0,2;107;305,635;285,239;283;330;558,615;556,858;60;283,078;;3174,03
3741;0,2;105;305,982;285,626;283;330;558,724;556,858;60;283,076;;3174,03
3742;0,2;105;306,185;285,637;283;330;558,644;556,8;60;283,07;;3173,14
3743;0,2;100;306,098;285,648;283;330;558,615;556,72;60;283,067;;3171,94
3744;0,2;94,5;306,033;285,659;283;330;558,37;556,532;60;283,06;;3170,87
3745;0,2;91;306,026;285,659;283;330;558,391;556,46;60;283,053;;3169,67
3746;0,2;91;306,17;285,652;283;330;558,355;556,467;60;283,048;;3168,22
3747;0,2;92;306,228;285,652;283;330;558,304;556,424;60;283,04;;3168,15
3748;0,2;92,5;306,142;285,655;283;330;558,304;556,467;60;283,035;;3165,29
3749;0,2;93;306,055;285,641;283;330;558,391;556,424;60;283,031;;3163,83
3750;0,2;92,5;305,982;285,63;283;330;558,398;556,489;60;283,028;;3163,71
3751;0,2;96;306,395;285,641;283;330;558,406;556,532;60;283,021;;3163,56
3752;0,2;98;306,445;285,684;283;330;558,398;556,612;60;283,017;;3160,58
3753;0,2;91,5;306,503;285,688;283;330;558,449;556,713;60;283,004;;3159,83
3754;0,2;87,5;306,626;285,619;283;330;558,449;556,648;60;282,994;;3159,13
3755;0,2;89;306,67;285,619;283;330;558,456;556,691;60;282,984;;3157,52
3756;0,2;92;306,626;285,659;283;330;558,594;556,713;60;282,974;;3157,52
3757;0,2;92;306,576;285,666;283;330;558,594;556,858;60;282,965;;3157,52
3758;0,2;92,5;306,482;285,655;283;330;558,688;556,807;60;282,954;;3156,56
3759;0,2;92;306,431;285,637;283;330;558,594;556,713;60;282,944;;3155,39
3760;0,2;93;306,474;285,677;283;330;558,594;556,713;60;282,935;;3153,59
3761;0,2;93;306,279;285,684;283;330;558,594;556,793;60;282,931;;3152,64
3762;0,2;101,5;306,293;285,655;283;330;558,558;556,713;60;282,92;;3151,66
3763;0,2;105;306,344;285,608;283;330;558,449;556,713;60;282,917;;3151,32
3764;0,2;109,5;306,409;285,616;283;330;558,449;556,713;60;282,913;;3149,54
3765;0,2;114;306,467;285,645;283;330;558,449;556,713;60;282,908;;3147,77
3766;0,2;119;306,489;285,681;283;330;558,536;556,713;60;282,901;;3147,41
3767;0,2;113,5;306,424;285,666;283;330;558,579;556,8;60;282,896;;3146,79
3768;0,2;113;306,395;285,641;283;330;558,594;556,836;60;282,894;;3144,5
3769;0,2;114;306,293;285,616;283;330;558,536;556,727;60;282,89;;3144,22
3770;0,2;116;306,243;285,63;283;330;558,449;556,713;60;282,883;;3142,35
3771;0,2;120,5;306,221;285,663;283;330;558,449;556,713;60;282,882;;3140,54
3772;0,2;130,5;306,272;285,641;283;330;558,587;556,713;60;282,879;;3138,91
3773;0,2;131;306,359;285,626;283;330;558,594;556,749;60;282,871;;3138,91
3774;0,2;138,5;306,467;285,496;283;330;558,594;556,807;60;282,869;;3137,89
3775;0,2;137;306,482;285,362;283;330;558,594;556,858;60;282,865;;3137,84
3776;0,2;133;306,424;285,344;283;330;558,644;556,843;60;282,862;;3137,84
3777;0,2;130;306,359;285,608;283;330;558,594;556,756;60;282,855;;3135,76
3778;0,2;132;306,67;285,605;283;330;558,594;556,713;60;282,856;;3135,35
3779;0,2;133;307,038;285,453;283;330;558,637;556,814;60;282,854;;3135,02
3780;0,2;126;307,14;285,29;283;330;558,637;556,807;60;282,855;;3134,38
3781;0,2;124,5;307,263;285,399;283;330;558,594;556,785;60;282,854;;3132,9
3782;0,2;124;307,241;285,54;283;330;558,594;556,756;60;282,852;;3132,9
3783;0,2;123,5;307,849;285,554;283;330;558,594;556,756;60;282,854;;3132
3784;0,2;123,5;307,762;285,554;283;330;558,594;556,764;60;282,854;;3128,99
3785;0,2;117;307,711;285,547;283;330;558,594;556,648;60;282,852;;3127,4
3786;0,2;112;307,675;285,543;283;330;558,492;556,568;60;282,854;;3127,4
3787;0,2;107;307,697;285,558;283;330;558,449;556,568;60;282,859;;3126,93
3788;0,2;108;307,957;285,55;283;330;558,485;556,568;60;282,863;;3126,34
3789;0,2;107,5;308,247;285,522;283;330;558,413;556,568;60;282,863;;3126,34
3790;0,2;103;308,268;285,511;283;330;558,449;556,568;60;282,861;;3124,03
3791;0,2;97,5;308,181;285,518;283;330;558,362;556,568;60;282,865;;3122,1
3792;0,2;96,5;308,116;285,532;283;330;558,449;556,568;60;282,868;;3122,1
3793;0,2;96;308,073;285,431;283;330;558,449;556,612;60;282,872;;3121,63
3794;0,2;92;308,102;285,431;283;330;558,449;556,568;60;282,875;;3120,51
3795;0,2;93,5;308,254;285,308;283;330;558,471;556,568;60;282,881;;3118,96
3796;0,2;93;308,304;285,449;283;330;558,478;556,568;60;282,893;;3118,18
3797;0,2;93;308,261;285,446;283;330;558,398;556,51;60;282,901;;3116,33
3798;0,2;92,5;308,189;285,315;283;330;558,355;556,467;60;282,912;;3116,33
3799;0,2;92;308,08;285,294;283;330;558,312;556,467;60;282,921;;3116,33
3800;0,2;89;308,066;285,229;283;330;558,384;556,467;60;282,929;;3115,74
3801;0,2;83,5;308,181;285,265;283;330;558,384;556,561;60;282,939;;3114,22
3802;0,2;82,5;308,304;285,286;283;330;558,529;556,612;60;282,946;;3113,98
3803;0,2;83;308,275;285,301;283;330;558,594;556,604;60;282,95;;3111,1
3804;0,2;79,5;308,196;285,261;283;330;558,615;556,699;60;282,956;;3109,98
3805;0,2;77,5;308,138;285,283;283;330;558,738;556,749;60;282,964;;3109,98
3806;0,2;77,5;307,899;285,413;283;330;558,659;556,807;60;282,971;;3109,98
3807;0,2;77,5;307,545;285,428;283;330;558,644;556,713;60;282,974;;3109,98
3808;0,2;80,5;307,603;285,417;283;330;558,695;556,749;60;282,979;;3109,24
3809;0,2;78;307,87;285,518;283;330;558,673;556,72;60;282,983;;3107,71
3810;0,2;80,5;307,885;285,518;283;330;558,514;556,713;60;282,985;;3106,35
3811;0,2;80,5;307,791;285,511;283;330;558,449;556,604;60;282,987;;3106,35
3812;0,2;79;307,711;285,496;283;330;558,449;556,568;60;282,986;;3106,01
3813;0,2;74;307,632;285,453;283;330;558,449;556,568;60;282,987;;3105,1
3814;0,2;71,5;307,299;285,471;283;330;558,449;556,706;60;282,989;;3102,94
3815;0,2;70,5;307,067;285,485;283;330;558,521;556,713;60;282,985;;3101,06
3816;0,2;77;307,212;285,46;283;330;558,55;556,713;60;282,986;;3100,19
3817;0,2;81,5;307,292;285,467;283;330;558,594;556,713;60;282,988;;3100
3818;0,2;80;307,284;285,446;283;330;558,485;556,619;60;282,991;;3100
3819;0,2;85,5;307,198;285,453;283;330;558,449;556,568;60;282,996;;3100
3820;0,2;83,5;306,366;285,431;283;330;558,5;556,568;60;282,997;;3100
3821;0,2;83;306,308;285,413;283;330;558,449;556,568;60;282,995;;3098,71
3822;0,2;88,5;306,272;285,38;283;330;558,471;556,699;60;282,996;;3096,31
3823;0,2;90,5;306,322;285,366;283;330;558,594;556,72;60;282,998;;3093,69
3824;0,2;96;306,286;285,355;283;330;558,637;556,793;60;282,996;;3093,67
3825;0,2;100,5;306,25;285,42;283;330;558,659;556,836;60;282,996;;3092,19
3826;0,2;103,5;306,192;285,431;283;330;558,688;556,858;60;282,998;;3091,58
3827;0,2;106;306,084;285,518;283;330;558,652;556,858;60;283,003;;3091,49
3828;0,2;105;306,069;285,536;283;330;558,659;556,8;60;283,004;;3090,14
3829;0,2;107;306,055;285,442;283;330;558,681;556,756;60;283,006;;3089,34
3830;0,2;107;306,12;285,547;283;330;558,615;556,713;60;283,01;;3089,33
3831;0,2;105;306,228;285,54;283;330;558,529;556,713;60;283,012;;3088,84
3832;0,2;106;306,243;285,55;283;330;558,572;556,662;60;283,017;;3086,25
3833;0,2;106;306,047;285,558;283;330;558,594;556,735;60;283,024;;3085,32
3834;0,2;104;305,794;285,543;283;330;558,644;556,785;60;283,025;;3085
3835;0,2;113,5;305,729;285,529;283;330;558,652;556,749;60;283,031;;3082,68
3836;0,2;119;305,758;285,514;283;330;558,63;556,713;60;283,042;;3081,9
3837;0,2;120;305,852;285,529;283;330;558,594;556,648;60;283,048;;3080,61
3838;0,2;119,5;306,076;285,406;283;330;558,5;556,568;60;283,053;;3079,1
3839;0,2;118,5;306,221;285,417;283;330;558,449;556,532;60;283,062;;3076,8
3840;0,2;111;306,134;285,297;283;330;558,348;556,474;60;283,069;;3076
3841;0,2;99,5;306,105;285,543;283;330;558,449;556,568;60;283,071;;3075,58
3842;0,2;92,5;306,047;285,446;283;330;558,536;556,583;60;283,074;;3074,71
3843;0,2;93;306,076;285,348;283;330;558,594;556,756;60;283,075;;3074,52
3844;0,2;92,5;306,199;285,362;283;330;558,594;556,807;60;283,08;;3073,77
3845;0,2;87;306,257;285,344;283;330;558,594;556,756;60;283,081;;3072,37
3846;0,2;86;306,199;285,344;283;330;558,594;556,756;60;283,083;;3071,36
3847;0,2;88;306,091;285,337;283;330;558,688;556,793;60;283,083;;3069,51
3848;0,2;83,5;305,997;285,348;283;330;558,673;556,814;60;283,085;;3069,26
3849;0,2;84;306,047;285,355;283;330;558,724;556,858;60;283,081;;3068,86
3850;0,2;82;306,192;285,355;283;330;558,804;556,858;60;283,083;;3068,2
3851;0,2;82;306,279;285,359;283;330;558,738;556,858;60;283,083;;3067,83
3852;0,2;82;306,221;285,359;283;330;558,738;556,858;60;283,078;;3066,48
3853;0,2;79;306,113;285,362;283;330;558,847;556,858;60;283,08;;3066,1
3854;0,2;80;306,026;285,323;283;330;558,854;557,002;60;283,074;;3066,1
3855;0,2;78;306,047;285,156;283;330;558,869;556,937;60;283,074;;3066,1
3856;0,2;78;306,185;285,142;283;330;558,738;556,829;60;283,069;;3064,54
3857;0,2;84;306,272;285,12;283;330;558,724;556,764;60;283,065;;3061,82
3858;0,2;83;306,214;285,127;283;330;558,594;556,706;60;283,06;;3061,69
3859;0,2;84;306,141;285,131;283;330;558,471;556,568;60;283,057;;3059,8
3860;0,2;82;306,055;285,145;283;330;558,449;556,568;60;283,054;;3059,15
3861;0,2;86;306,004;285,149;283;330;558,442;556,525;60;283,048;;3058,58
3862;0,2;83,5;306,149;285,156;283;330;558,304;556,431;60;283,043;;3058,37
3863;0,2;84,5;305,852;285,145;283;330;558,304;556,424;60;283,038;;3056,45
3864;0,2;86,5;305,903;285,124;283;330;558,304;556,424;60;283,03;;3055,42
3865;0,2;90;305,845;285,12;283;330;558,304;556,373;60;283,022;;3054,25
3866;0,2;98;305,548;285,127;283;330;558,29;556,424;60;283,015;;3051,22
3867;0,2;108;305,302;285,138;283;330;558,16;556,33;60;283,009;;3051,22
3868;0,2;110;305,266;285,142;283;330;558,16;556,17;60;283,002;;3050,3
3869;0,2;109;305,252;285,145;283;330;558,116;556,134;60;282,987;;3049,08
3870;0,2;105,5;305,331;285,149;283;330;558,16;556,134;60;282,974;;3046,12
3871;0,2;107;305,396;285,153;283;330;558,16;556,178;60;282,968;;3044,79
3872;0,2;115,5;305,519;285,142;283;330;558,16;556,207;60;282,958;;3044,16
3873;0,2;124;305,454;285,12;283;330;558,152;556,069;60;282,948;;3043,74
3874;0,2;125;305,367;285,124;283;330;558,008;555,99;60;282,943;;3043,32
3875;0,2;125;305,273;285,203;283;330;557,87;555,932;60;282,931;;3042,65
3876;0,2;133,5;305,245;285,276;283;330;557,914;555,888;60;282,922;;3038,05
3877;0,2;136;305,237;285,279;283;330;557,784;555,845;60;282,923;;3037,44
3878;0,2;136;305,584;285,355;283;330;557,87;555,845;60;282,919;;3037,44
3879;0,2;134;306,011;285,156;283;330;557,87;555,845;60;282,914;;3037,42
3880;0,2;134,5;306,127;285,142;283;330;557,87;555,939;60;282,907;;3036,39
3881;0,2;140;306,25;285,127;283;330;557,957;555,99;60;282,899;;3035,62
3882;0,2;139,5;306,163;285,124;283;330;558,015;556,011;60;282,899;;3034,32
3883;0,2;130,5;306,113;285,12;283;330;558,015;556,134;60;282,896;;3031,87
3884;0,2;134;306,011;285,135;283;330;558,015;556,134;60;282,894;;3031,7
3885;0,2;135;306,901;285,142;283;330;558,015;556,12;60;282,895;;3030,82
3886;0,2;134;306,597;285,142;283;330;558,015;555,99;60;282,892;;3030,4
3887;0,2;129,5;306,793;285,149;283;330;558,015;556,084;60;282,893;;3029,67
3888;0,2;128;306,793;285,156;283;330;558,015;556,04;60;282,891;;3027,03
3889;0,2;123;307,212;285,149;283;330;558,037;556,033;60;282,888;;3024,84
3890;0,2;114;307,125;285,127;283;330;558,124;556,098;60;282,883;;3024,83
3891;0,2;111;307,06;285,12;283;330;558,102;556,062;60;282,883;;3024,81
3892;0,2;112;307,516;285,124;283;330;558,116;556,12;60;282,884;;3024,81
3893;0,2;112;307,473;285,135;283;330;558,116;556,134;60;282,882;;3024,81
3894;0,2;104,5;307,653;285,294;283;330;558,124;556,134;60;282,882;;3023,32
3895;0,2;98;307,733;285,46;283;330;558,066;556,113;60;282,879;;3020,85
3896;0,2;96,5;308,232;285,373;283;330;557,863;555,917;60;282,875;;3019,61
3897;0,2;96;308,341;285,46;283;330;557,726;555,845;60;282,872;;3019,57
3898;0,2;92;308,181;285,442;283;330;557,726;555,809;60;282,869;;3019,57
3899;0,2;87,5;308,109;285,344;283;330;557,726;555,809;60;282,866;;3019,57
3900;0,2;87;308,124;285,333;283;330;557,812;555,845;60;282,865;;3019,01
3901;0,2;84;308,232;285,272;283;330;557,87;555,939;60;282,861;;3016,79
3902;0,2;86,5;308,312;285,272;283;330;557,87;555,946;60;282,861;;3015,43
3903;0,2;90;308,304;285,283;283;330;557,914;555,975;60;282,859;;3015,39
3904;0,2;91,5;308,247;285,294;283;330;557,87;555,845;60;282,857;;3015,39
3905;0,2;88,5;308,167;285,29;283;330;557,812;555,802;60;282,852;;3015,18
3906;0,2;88,5;308,102;285,279;283;330;557,624;555,65;60;282,846;;3013,71
3907;0,2;91;308,037;285,373;283;330;557,538;555,556;60;282,843;;3013,06
3908;0,2;91;308,095;285,37;283;330;557,494;555,556;60;282,844;;3012,25
3909;0,2;91;308,167;285,352;283;330;557,574;555,556;60;282,842;;3012,25
3910;0,2;91;308,29;285,268;283;330;557,53;555,657;60;282,838;;3012,16
3911;0,2;92,5;308,312;285,268;283;330;557,603;555,65;60;282,837;;3010,76
3912;0,2;93;308,239;285,272;283;330;557,726;555,802;60;282,837;;3010,16
3913;0,2;92,5;308,167;285,283;283;330;557,726;555,845;60;282,834;;3008,38
3914;0,2;96;308,008;285,424;283;330;557,661;555,722;60;282,832;;3006,23
3915;0,2;99;308,044;285,435;283;330;557,653;555,7;60;282,831;;3006,23
3916;0,2;99;308,16;285,42;283;330;557,726;555,809;60;282,831;;3006,23
3917;0,2;97,5;307,595;285,428;283;330;557,769;555,896;60;282,827;;3006,23
3918;0,2;102,5;307,588;285,406;283;330;557,87;555,968;60;282,828;;3006,23
3919;0,2;112;307,538;285,391;283;330;557,935;556,04;60;282,828;;3003,56
3920;0,2;116,5;307,444;285,355;283;330;558,044;556,091;60;282,829;;3000,18
3921;0,2;119;307,378;285,337;283;330;558,109;556,243;60;282,829;;2998,94
3922;0,2;119;307,306;285,33;283;330;558,167;556,359;60;282,829;;2998,94
3923;0,2;117;307,277;285,33;283;330;558,319;556,424;60;282,829;;2998,27
3924;0,2;112;307,313;285,333;283;330;558,449;556,51;60;282,831;;2996,21
3925;0,2;109,5;307,697;285,446;283;330;558,42;556,424;60;282,83;;2994,52
3926;0,2;116,5;308,051;285,532;283;330;558,442;556,481;60;282,827;;2992,68
3927;0,2;121,5;308,044;285,518;283;330;558,348;556,373;60;282,831;;2992,68
3928;0,2;118,5;307,964;285,529;283;330;558,304;556,424;60;282,833;;2992,68
3929;0,2;111;307,878;285,547;283;330;558,304;556,424;60;282,839;;2991,66
3930;0,2;115,5;307,849;285,525;283;330;558,304;556,395;60;282,849;;2989,17
3931;0,2;119;307,784;285,503;283;330;558,304;556,279;60;282,859;;2986,42
3932;0,2;111;307,53;285,402;283;330;558,16;556,322;60;282,866;;2986,42
3933;0,2;107;307,899;285,529;283;330;558,239;556,192;60;282,872;;2986,42
3934;0,2;106,5;307,986;285,543;283;330;558,174;556,192;60;282,878;;2986,37
3935;0,2;107;308,03;285,536;283;330;558,16;556,17;60;282,885;;2986,22
3936;0,2;104;307,986;285,529;283;330;558,16;556,257;60;282,894;;2983,1
3937;0,2;100,5;307,935;285,532;283;330;558,189;556,279;60;282,905;;2982,53
3938;0,2;105;307,841;285,156;283;330;558,232;556,279;60;282,91;;2981,14
3939;0,2;106;307,776;285,55;283;330;558,16;556,279;60;282,918;;2980,12
3940;0,2;99;307,733;285,135;283;330;558,21;556,359;60;282,924;;2978,85
3941;0,2;102,5;307,733;285,12;283;330;558,319;556,467;60;282,931;;2978,85
3942;0,2;103;307,769;285,127;283;330;558,406;556,525;60;282,938;;2978,58
3943;0,2;101;307,849;285,138;283;330;558,485;556,568;60;282,943;;2977,81
3944;0,2;102,5;307,885;285,333;283;330;558,449;556,568;60;282,95;;2977,79
3945;0,2;97;307,892;285,333;283;330;558,464;556,568;60;282,955;;2976,76
3946;0,2;93;308,247;285,149;283;330;558,478;556,568;60;282,958;;2976,14
3947;0,2;91;308,167;285,156;283;330;558,449;556,568;60;282,964;;2975,62
3948;0,2;80;308,087;285,156;283;330;558,449;556,568;60;282,965;;2974,68
3949;0,2;69;308,037;285,153;283;330;558,449;556,568;60;282,969;;2973,93
3950;0,2;68;308,03;285,124;283;330;558,384;556,438;60;282,972;;2973,41
3951;0,2;67,5;308,116;285,301;283;330;558,232;556,279;60;282,974;;2972,18
3952;0,2;67,5;308,225;285,493;283;330;558,16;556,279;60;282,974;;2971,56
3953;0,2;64,5;307,827;285,489;283;330;558,218;556,279;60;282,97;;2971,56
3954;0,2;62,5;307,791;285,493;283;330;558,37;556,315;60;282,97;;2970,17
3955;0,2;70,5;307,69;285,485;283;330;558,398;556,424;60;282,968;;2967,2
3956;0,2;75;307,595;285,489;283;330;558,319;556,409;60;282,967;;2966,84
3957;0,2;72;307,574;285,493;283;330;558,167;556,214;60;282,962;;2964,96
3958;0,2;72,5;307,509;285,493;283;330;558,058;556,069;60;282,957;;2963,58
3959;0,2;73,5;307,538;285,424;283;330;558,015;556,084;60;282,954;;2963,42
3960;0,2;70;307,292;285,446;283;330;558,015;556,134;60;282,951;;2962,83
3961;0,2;69;307,27;285,449;283;330;558,015;556,134;60;282,952;;2958,98
3962;0,2;81;307,169;285,438;283;330;557,964;556,004;60;282,948;;2956,5
3963;0,2;89;307,082;285,435;283;330;557,87;555,99;60;282,942;;2955,84
3964;0,2;89,5;307,031;285,453;283;330;557,87;555,845;60;282,937;;2955,17
3965;0,2;90;306,814;285,518;283;330;557,74;555,7;60;282,933;;2955,16
3966;0,2;93,5;306,742;285,478;283;330;557,588;555,7;60;282,932;;2955,16
3967;0,2;99,5;306,995;285,482;283;330;557,581;555,7;60;282,93;;2952,11
3968;0,2;109;306,756;285,409;283;330;557,581;555,657;60;282,922;;2950,22
3969;0,2;115,5;306,756;285,435;283;330;557,581;555,635;60;282,918;;2948,89
3970;0,2;118,5;306,59;285,446;283;330;557,538;555,599;60;282,913;;2947,66
3971;0,2;114,5;306,098;285,247;283;330;557,581;555,556;60;282,905;;2947,66
3972;0,2;120;306,004;285,236;283;330;557,689;555,65;60;282,902;;2947,66
3973;0,2;126,5;306,055;285,236;283;330;557,726;555,751;60;282,896;;2947,43
3974;0,2;134,5;306,163;285,265;283;330;557,812;555,802;60;282,89;;2946,36
3975;0,2;135;306,257;285,283;283;330;557,87;555,881;60;282,881;;2946,15
3976;0,2;137;306,228;285,261;283;330;557,921;555,888;60;282,872;;2944,9
3977;0,2;141;306,149;285,268;283;330;557,943;555,99;60;282,867;;2943,82
3978;0,2;141,5;306,062;285,283;283;330;558,015;556,055;60;282,861;;2943,3
3979;0,2;141;306,228;285,308;283;330;558,058;556,163;60;282,855;;2941,31
3980;0,2;141;306,518;285,308;283;330;558,066;556,156;60;282,849;;2939,94
3981;0,2;141,5;306,568;285,268;283;330;558,16;556,264;60;282,846;;2939,09
3982;0,2;140;306,641;285,279;283;330;558,16;556,178;60;282,843;;2938,16
3983;0,2;142;306,836;285,442;283;330;558,16;556,091;60;282,839;;2938,16
3984;0,2;142;306,894;285,453;283;330;558,109;556,134;60;282,835;;2938,06
3985;0,2;141;307,169;285,435;283;330;557,993;556,04;60;282,829;;2936,13
3986;0,2;129;307,096;285,424;283;330;557,87;555,99;60;282,828;;2935,06
3987;0,2;127;307,046;285,532;283;330;558,008;555,99;60;282,827;;2934,06
3988;0,2;129;307,147;285,514;283;330;558,022;556,018;60;282,828;;2934,02
3989;0,2;128,5;307,552;285,5;283;330;558,109;556,134;60;282,831;;2933,34
3990;0,2;127;307,856;285,42;283;330;558,138;556,185;60;282,831;;2932,82
3991;0,2;125,5;307,791;285,464;283;330;558,095;556,17;60;282,828;;2931,95
3992;0,2;125;307,769;285,362;283;330;558,16;556,199;60;282,826;;2928,51
3993;0,2;123;307,711;285,391;283;330;558,16;556,279;60;282,828;;2926,78
3994;0,2;120;307,849;285,435;283;330;558,16;556,279;60;282,827;;2926,78
3995;0,2;118;308,044;285,435;283;330;558,16;556,279;60;282,829;;2926,73
3996;0,2;111;308,203;285,384;283;330;558,066;556,134;60;282,829;;2925,74
3997;0,2;107,5;308,326;285,446;283;330;557,964;556,011;60;282,828;;2925,04
3998;0,2;105,5;308,29;285,399;283;330;557,87;555,939;60;282,827;;2922,93
3999;0,2;106,5;308,203;285,456;283;330;557,812;555,946;60;282,83;;2919,16
4000;0,2;104,5;308,131;285,384;283;330;557,856;555,881;60;282,829;;2919,16
4001;0,2;106,5;308,738;285,384;283;330;557,82;555,845;60;282,828;;2919,16
4002;0,2;105;308,521;285,337;283;330;557,762;555,845;60;282,828;;2918,75
4003;0,2;96,5;308,934;285,417;283;330;557,726;555,845;60;282,83;;2918,13
4004;0,2;87;309,006;285,428;283;330;557,726;555,845;60;282,834;;2917,5
4005;0,2;90,5;309,057;285,283;283;330;557,856;555,859;60;282,837;;2913,42
4006;0,2;92;309,006;285,142;283;330;557,914;555,896;60;282,844;;2912,05
4007;0,2;97;308,963;285,149;283;330;557,935;556,033;60;282,845;;2911,85
4008;0,2;93,5;308,869;285,456;283;330;558,015;556,134;60;282,842;;2911,59
4009;0,2;87;308,775;285,424;283;330;558,08;556,228;60;282,846;;2911,56
4010;0,2;85;308,753;285,391;283;330;558,116;556,12;60;282,847;;2908,55
4011;0,2;88,5;308,811;285,402;283;330;558,145;556,192;60;282,845;;2906,96
4012;0,2;95,5;308,948;285,417;283;330;558,066;556,084;60;282,849;;2905,36
4013;0,2;91,5;309,013;285,406;283;330;558,095;556,134;60;282,856;;2905,02
4014;0,2;89;309,006;285,435;283;330;558,109;556,134;60;282,863;;2905,02
4015;0,2;91;308,232;285,283;283;330;558,015;556,018;60;282,865;;2904,42
4016;0,2;96;308,124;285,145;283;330;558,015;556,084;60;282,87;;2902,8
4017;0,2;96,5;308,058;285,149;283;330;558,015;556,134;60;282,878;;2899,24
4018;0,2;99,5;308,116;285,156;283;330;558,015;556,134;60;282,885;;2897,24
4019;0,2;100,5;308,261;285,135;283;330;558,109;556,134;60;282,894;;2896,97
4020;0,2;99;308,341;285,12;283;330;558,145;556,134;60;282,906;;2896,97
4021;0,2;96,5;308,261;285,127;283;330;558,131;556,185;60;282,917;;2896,97
4022;0,2;96,5;308,189;285,135;283;330;558,087;556,221;60;282,926;;2896,34
4023;0,2;94;308,116;285,145;283;330;558,102;556,156;60;282,932;;2893,84
4024;0,2;91,5;307,299;285,149;283;330;558,16;556,192;60;282,937;;2893,16
4025;0,2;91,5;307,306;285,156;283;330;558,16;556,192;60;282,943;;2893,16
4026;0,2;98;307,35;285,138;283;330;558,16;556,236;60;282,947;;2893,16
4027;0,2;98;307,48;285,12;283;330;558,16;556,279;60;282,946;;2893,16
4028;0,2;94;307,53;285,127;283;330;558,297;556,402;60;282,951;;2892,61
4029;0,2;97,5;307,509;285,135;283;330;558,304;556,424;60;282,952;;2889,78
4030;0,2;95,5;307,4;285,196;283;330;558,225;556,33;60;282,955;;2887,53
4031;0,2;88;307,35;285,258;283;330;558,16;556,322;60;282,957;;2887,53
4032;0,2;85,5;307,306;285,149;283;330;558,16;556,279;60;282,956;;2886,67
4033;0,2;88;307,292;285,156;283;330;558,16;556,279;60;282,953;;2886,5
4034;0,2;93,5;307,306;285,145;283;330;558,232;556,322;60;282,947;;2886,5
4035;0,2;91,5;307,407;285,239;283;330;558,304;556,424;60;282,941;;2886,2
4036;0,2;93;307,74;285,359;283;330;558,304;556,373;60;282,937;;2885,48
4037;0,2;89;307,277;285,355;283;330;558,297;556,387;60;282,932;;2885,48
4038;0,2;85;307,205;285,362;283;330;558,16;556,286;60;282,929;;2885,48
4039;0,2;89,5;307,089;285,464;283;330;558,16;556,279;60;282,929;;2885,48
4040;0,2;99,5;307,038;285,453;283;330;558,16;556,279;60;282,925;;2885,48
4041;0,2;100;307,089;285,453;283;330;558,261;556,279;60;282,924;;2883,85
4042;0,2;104;307,205;285,453;283;330;558,16;556,279;60;282,922;;2881,42
4043;0,2;104,5;307,284;285,428;283;330;558,116;556,185;60;282,922;;2880,33
4044;0,2;107;307,255;285,391;283;330;558,109;556,12;60;282,92;;2879,22
4045;0,2;106;307,169;285,384;283;330;557,972;555,975;60;282,919;;2877,72
4046;0,2;107;307,089;285,388;283;330;557,82;555,809;60;282,917;;2877,25
4047;0,2;106,5;307,031;285,391;283;330;557,617;555,606;60;282,916;;2876,45
4048;0,2;105,5;307,089;285,391;283;330;557,581;555,556;60;282,916;;2874,52
4049;0,2;110,5;307,183;285,409;283;330;557,581;555,621;60;282,914;;2873,14
4050;0,2;111,5;307,277;285,402;283;330;557,588;555,78;60;282,912;;2873,14
4051;0,2;109,5;307,284;285,399;283;330;557,791;555,845;60;282,911;;2872,67
4052;0,2;112,5;307,198;285,391;283;330;557,82;555,888;60;282,909;;2871,31
4053;0,2;114;307,111;285,362;283;330;557,921;555,946;60;282,912;;2869,28
4054;0,2;113,5;307,046;285,344;283;330;557,921;556,105;60;282,913;;2866,38
4055;0,2;111;307,046;285,323;283;330;558,015;556,134;60;282,916;;2864,95
4056;0,2;113;307,169;285,319;283;330;558,015;556,17;60;282,918;;2864,93
4057;0,2;114;307,277;285,323;283;330;558,015;556,192;60;282,924;;2864,13
4058;0,2;113;307,27;285,424;283;330;558,015;556,178;60;282,927;;2863,04
4059;0,2;111,5;307,205;285,413;283;330;558,051;556,134;60;282,93;;2862,49
4060;0,2;114,5;307,089;285,525;283;330;558,037;556,134;60;282,93;;2860,95
4061;0,2;114;307,038;285,431;283;330;558,131;556,134;60;282,934;;2859,8
4062;0,2;112;307,089;285,532;283;330;558,015;556,134;60;282,941;;2859,8
4063;0,2;111;307,212;285,511;283;330;557,921;556,011;60;282,944;;2859,33
4064;0,2;113,5;307,292;285,503;283;330;557,964;555,99;60;282,95;;2858,77
4065;0,2;114,5;307,27;285,511;283;330;557,827;555,99;60;282,957;;2858,77
4066;0,2;112;307,198;285,514;283;330;557,784;555,903;60;282,965;;2857,76
4067;0,2;112;307,104;285,518;283;330;557,776;555,874;60;282,973;;2855,68
4068;0,2;107;307,038;285,525;283;330;557,726;555,845;60;282,981;;2854,41
4069;0,2;106,5;307,075;285,525;283;330;557,726;555,845;60;282,987;;2853,59
4070;0,2;104;307,581;285,532;283;330;557,798;555,845;60;282,997;;2853,39
4071;0,2;104;308,015;285,54;283;330;557,82;555,91;60;283,01;;2852,71
4072;0,2;99,5;308,095;285,435;283;330;557,921;556,018;60;283,02;;2850,25
4073;0,2;89,5;307,429;285,323;283;330;558,015;556,134;60;283,033;;2847,24
4074;0,2;87;307,357;285,312;283;330;558,015;556,264;60;283,046;;2847,24
4075;0,2;84,5;307,292;285,279;283;330;558,066;556,243;60;283,059;;2847,22
4076;0,2;76;307,263;285,261;283;330;558,16;556,279;60;283,067;;2845,73
4077;0,2;67,5;307,292;285,25;283;330;558,16;556,279;60;283,076;;2845,05
4078;0,2;65,5;307,378;285,254;283;330;558,16;556,279;60;283,09;;2843,15
4079;0,2;65,5;307,465;285,254;283;330;558,239;556,373;60;283,102;;2841,1
4080;0,2;71,5;307,545;285,25;283;330;558,312;556,481;60;283,112;;2840,08
4081;0,2;62,5;307,545;285,258;283;330;558,406;556,583;60;283,121;;2839,92
4082;0,2;54;307,501;285,254;283;330;558,449;556,612;60;283,131;;2839,06
4083;0,2;51;307,284;285,261;283;330;558,449;556,619;60;283,139;;2838,32
4084;0,2;51,5;307,082;285,261;283;330;558,449;556,568;60;283,148;;2836,79
4085;0,2;56;307,031;285,268;283;330;558,449;556,568;60;283,154;;2834,97
4086;0,2;55;307,067;285,265;283;330;558,355;556,568;60;283,158;;2833,15
4087;0,2;55,5;307,19;285,38;283;330;558,449;556,431;60;283,163;;2832,92
4088;0,2;54;307,292;285,493;283;330;558,326;556,366;60;283,169;;2832,31
4089;0,2;52;306,684;285,362;283;330;558,254;556,279;60;283,173;;2831,9
4090;0,2;51;306,742;285,496;283;330;558,116;556,199;60;283,174;;2831,62
4091;0,2;54;306,684;285,493;283;330;558,138;556,228;60;283,172;;2829,15
4092;0,2;57;306,641;285,503;283;330;558,015;556,228;60;283,17;;2826,88
4093;0,2;58;305,968;285,511;283;330;558,015;556,199;60;283,169;;2826,8
4094;0,2;60;306,069;285,594;283;330;558,102;556,185;60;283,165;;2826,69
4095;0,2;67;306,178;285,511;283;330;558,109;556,279;60;283,166;;2825,78
4096;0,2;65,5;305,997;285,5;283;330;558,109;556,236;60;283,161;;2824,31
4097;0,2;67,5;305,715;285,5;283;330;558,044;556,12;60;283,154;;2823,05
4098;0,2;68;305,613;285,489;283;330;557,972;555,99;60;283,149;;2823,05
4099;0,2;76;305,621;285,449;283;330;557,87;555,888;60;283,146;;2823,05
4100;0,2;82,5;305,006;285,409;283;330;557,784;555,896;60;283,144;;2823,05
4101;0,2;85;305,093;285,391;283;330;557,87;555,896;60;283,142;;2821,77
4102;0,2;94;305,187;285,453;283;330;557,87;555,99;60;283,136;;2821,01
4103;0,2;99;305,252;285,438;283;330;557,87;555,99;60;283,132;;2819,89
4104;0,2;97;304,579;285,424;283;330;557,921;555,99;60;283,128;;2817,95
4105;0,2;102;304,724;285,409;283;330;557,87;555,99;60;283,123;;2817,95
4106;0,2;116;304,659;285,435;283;330;557,87;555,881;60;283,125;;2817,95
4107;0,2;125,5;304,413;285,449;283;330;557,87;555,845;60;283,122;;2817,93
4108;0,2;125;304,355;285,438;283;330;557,87;555,888;60;283,119;;2817,49
4109;0,2;126;304,782;285,431;283;330;557,899;556,033;60;283,119;;2815,37
4110;0,2;128;304,825;285,417;283;330;557,964;556,047;60;283,115;;2814,84
4111;0,2;124,5;304,839;285,431;283;330;558,015;556,105;60;283,113;;2814,33
4112;0,2;121,5;304,905;285,366;283;330;558,116;556,178;60;283,11;;2814,33
4113;0,2;126;304,81;285,388;283;330;558,16;556,178;60;283,108;;2814,33
4114;0,2;127,5;304,651;285,409;283;330;558,16;556,236;60;283,107;;2814,11
4115;0,2;128;304,637;285,413;283;330;558,16;556,279;60;283,107;;2810,79
4116;0,2;126,5;304,782;285,435;283;330;558,16;556,279;60;283,106;;2808,22
4117;0,2;127,5;305,02;285,431;283;330;558,16;556,279;60;283,108;;2808,22
4118;0,2;122;305,15;285,475;283;330;558,181;556,192;60;283,112;;2807,73
4119;0,2;120;305,245;285,464;283;330;558,181;556,214;60;283,115;;2806,74
4120;0,2;117,5;305,187;285,579;283;330;558,073;556,25;60;283,12;;2805,8
4121;0,2;116;305,093;285,67;283;330;558,051;556,156;60;283,123;;2801,79
4122;0,2;118;304,991;285,652;283;330;558,015;556,134;60;283,125;;2799,33
4123;0,2;113;305,794;285,626;283;330;558,015;556,134;60;283,128;;2799,06
4124;0,2;113;305,917;285,634;283;330;558,015;556,134;60;283,135;;2799,06
4125;0,2;109;305,99;285,659;283;330;558,015;556,134;60;283,142;;2798,56
4126;0,2;99;306,018;285,666;283;330;558,015;556,134;60;283,144;;2798,15
4127;0,2;92;305,982;285,666;283;330;558,015;555,997;60;283,15;;2796,97
4128;0,2;93;305,642;285,655;283;330;558,015;555,99;60;283,157;;2794,16
4129;0,2;100,5;305,859;285,641;283;330;558,015;555,99;60;283,165;;2793,82
4130;0,2;93,5;305,932;285,645;283;330;558,015;556,062;60;283,173;;2793,82
4131;0,2;86;306,011;285,652;283;330;558,087;556,134;60;283,175;;2793,21
4132;0,2;80,5;306,127;285,645;283;330;558,16;556,185;60;283,177;;2792,43
4133;0,2;78;306,228;285,666;283;330;558,16;556,185;60;283,18;;2791,89
4134;0,2;72,5;306,272;285,677;283;330;558,16;556,228;60;283,184;;2789,53
4135;0,2;70;306,214;285,666;283;330;558,058;556,221;60;283,193;;2788,33
4136;0,2;70;306,12;285,637;283;330;558,095;556,228;60;283,201;;2788,33
4137;0,2;68,5;306,026;285,634;283;330;558,116;556,221;60;283,209;;2788,33
4138;0,2;64;306,011;285,645;283;330;558,051;556,062;60;283,212;;2788,33
4139;0,2;63,5;306,243;285,67;283;330;557,885;555,859;60;283,221;;2786,3
4140;0,2;64,5;306,236;285,677;283;330;557,747;555,845;60;283,224;;2783,79
4141;0,2;62;306,207;285,652;283;330;557,791;555,845;60;283,226;;2782,37
4142;0,2;60;305,888;285,63;283;330;557,805;555,845;60;283,227;;2782,37
4143;0,2;59,5;305,317;285,659;283;330;557,82;555,845;60;283,229;;2781,48
4144;0,2;69;305,266;285,663;283;330;557,892;555,99;60;283,228;;2780,34
4145;0,2;67,5;305,302;285,67;283;330;557,892;556,091;60;283,226;;2780,18
4146;0,2;64,5;305,411;285,634;283;330;557,957;556,026;60;283,225;;2776,51
4147;0,2;65;305,454;285,663;283;330;558,015;555,99;60;283,222;;2776,28
4148;0,2;65;305,469;285,681;283;330;557,993;555,99;60;283,219;;2776,28
4149;0,2;68;305,143;285,634;283;330;557,87;555,982;60;283,213;;2776,28
4150;0,2;73,5;305,078;285,626;283;330;557,82;555,845;60;283,21;;2776,28
4151;0,2;77;305,006;285,652;283;330;557,827;555,845;60;283,208;;2775,2
4152;0,2;79,5;304,912;285,655;283;330;557,762;555,845;60;283,204;;2774,1
4153;0,2;79,5;304,593;285,666;283;330;557,726;555,845;60;283,195;;2773,47
4154;0,2;79;304,637;285,362;283;330;557,697;555,816;60;283,19;;2772,85
4155;0,2;88;304,666;285,645;283;330;557,711;555,78;60;283,183;;2770,86
4156;0,2;93,5;304,651;285,666;283;330;557,726;555,736;60;283,177;;2770,05
4157;0,2;99;304,63;285,561;283;330;557,726;555,845;60;283,173;;2769,85
4158;0,2;102,5;304,391;285,348;283;330;557,726;555,708;60;283,164;;2766,97
4159;0,2;107;303,964;285,348;283;330;557,682;555,7;60;283,159;;2765,99
4160;0,2;113;303,986;285,239;283;330;557,588;555,7;60;283,16;;2765,99
4161;0,2;117;304,116;285,355;283;330;557,595;555,7;60;283,157;;2765,42
4162;0,2;124;304,225;285,366;283;330;557,61;555,693;60;283,156;;2764,98
4163;0,2;125,5;304,138;285,258;283;330;557,581;555,57;60;283,152;;2764,63
4164;0,2;125;304,022;285,359;283;330;557,624;555,613;60;283,148;;2762,33
4165;0,2;125,5;303,986;285,467;283;330;557,588;555,613;60;283,143;;2760,99
4166;0,2;129;304,102;285,489;283;330;557,726;555,642;60;283,144;;2760,51
4167;0,2;127,5;304,579;285,503;283;330;557,726;555,715;60;283,144;;2759,72
4168;0,2;127;304,999;285,489;283;330;557,733;555,845;60;283,144;;2759,43
4169;0,2;129;304,933;285,489;283;330;557,87;555,968;60;283,148;;2757,51
4170;0,2;128,5;304,861;285,496;283;330;557,935;556,076;60;283,151;;2755,15
4171;0,2;126,5;304,796;285,503;283;330;558,015;556,178;60;283,156;;2753,17
4172;0,2;127;304,796;285,511;283;330;558,051;556,134;60;283,161;;2750,6
4173;0,2;130;305,049;285,518;283;330;558,16;556,134;60;283,164;;2749,77
4174;0,2;121;305,23;285,399;283;330;558,051;556,134;60;283,168;;2749,06
4175;0,2;107;305,194;285,265;283;330;557,986;555,99;60;283,178;;2747,6
4176;0,2;102;305,122;285,268;283;330;557,834;555,845;60;283,184;;2746,85
4177;0,2;100,5;305,281;285,272;283;330;557,82;555,845;60;283,192;;2744,65
4178;0,2;95,5;305,223;285,258;283;330;557,726;555,765;60;283,2;;2744,57
4179;0,2;92;305,252;285,243;283;330;557,661;555,7;60;283,205;;2744,57
4180;0,2;91;305,353;285,243;283;330;557,617;555,708;60;283,215;;2744,57
4181;0,2;89;305,787;285,243;283;330;557,603;555,736;60;283,229;;2744,57
4182;0,2;82,5;306,257;285,247;283;330;557,581;555,7;60;283,244;;2742,72
4183;0,2;75;306,264;285,366;283;330;557,682;555,78;60;283,257;;2741,68
4184;0,2;65;306,149;285,265;283;330;557,726;555,852;60;283,267;;2741,06
4185;0,2;61,5;306,084;285,496;283;330;557,856;555,99;60;283,275;;2741,06
4186;0,2;53;305,997;285,384;283;330;557,957;556,105;60;283,285;;2740,13
4187;0,2;50;306,091;285,272;283;330;558,001;556,134;60;283,293;;2740,05
4188;0,2;47;306,264;285,388;283;330;557,921;556,134;60;283,298;;2737,75
4189;0,2;45;306,286;285,261;283;330;557,87;555,99;60;283,305;;2735
4190;0,2;39,5;306,236;285,243;283;330;557,87;555,874;60;283,309;;2735
4191;0,2;39;306,156;285,366;283;330;557,805;555,881;60;283,314;;2734,42
4192;0,2;36;306,069;285,485;283;330;557,834;555,975;60;283,315;;2733,69
4193;0,2;31,5;306,076;285,482;283;330;557,914;555,99;60;283,315;;2732,99
4194;0,2;30;305,765;285,485;283;330;557,87;555,939;60;283,313;;2732,04
4195;0,2;30;305,802;285,478;283;330;557,834;555,874;60;283,312;;2730,35
4196;0,2;30;305,852;285,471;283;330;557,827;555,888;60;283,31;;2729,97
4197;0,2;31,5;305,469;285,464;283;330;557,87;555,939;60;283,31;;2729,97
4198;0,2;34;305,056;285,471;283;330;557,95;555,99;60;283,31;;2729,97
4199;0,2;37;304,984;285,46;283;330;558,015;555,99;60;283,311;;2727,06
4200;0,2;41,5;304,81;285,442;283;330;558,015;556,018;60;283,314;;2725,55
4201;0,2;48;304,615;285,406;283;330;558,015;556,134;60;283,318;;2723,86
4202;0,2;52,5;304,659;285,38;283;330;558,015;556,091;60;283,316;;2722,92
4203;0,2;58,5;304,478;285,359;283;330;558,095;556,149;60;283,317;;2721,77
4204;0,2;60;304,159;285,362;283;330;558,109;556,156;60;283,312;;2719,96
4205;0,2;71;304,094;285,352;283;330;558,08;556,134;60;283,31;;2718,89
4206;0,2;75,5;303,682;285,359;283;330;558,131;556,134;60;283,306;;2717,77
4207;0,2;80;303,313;285,352;283;330;558,058;556,134;60;283,299;;2715,19
4208;0,2;88,5;303,306;285,333;283;330;558,022;556,134;60;283,291;;2714,87
4209;0,2;96,5;303,422;285,33;283;330;558,16;556,214;60;283,282;;2714,87
4210;0,2;99,5;303,212;285,323;283;330;558,145;556,141;60;283,273;;2714,87
4211;0,2;99;303,176;285,323;283;330;558,138;556,185;60;283,265;;2713,98
4212;0,2;106;303,089;285,323;283;330;558,16;556,279;60;283,259;;2713,3
4213;0,2;112;302,973;285,315;283;330;558,167;556,279;60;283,252;;2711,57
4214;0,2;112,5;302,988;285,5;283;330;558,239;556,279;60;283,245;;2710,85
4215;0,2;114;303,089;285,384;283;330;558,16;556,33;60;283,237;;2710,85
4216;0,2;118,5;303,176;285,406;283;330;558,16;556,424;60;283,232;;2710,85
4217;0,2;120;303,139;285,507;283;330;558,21;556,424;60;283,226;;2710,61
4218;0,2;120;303,038;285,522;283;330;558,16;556,351;60;283,222;;2709,84
4219;0,2;123;302,951;285,529;283;330;558,16;556,315;60;283,217;;2707,35
4220;0,2;125,5;302,98;285,536;283;330;558,203;556,279;60;283,215;;2706,83
4221;0,2;127;303,125;285,543;283;330;558,16;556,279;60;283,21;;2706,83
4222;0,2;128,5;303,588;285,54;283;330;558,109;556,279;60;283,209;;2706,51
4223;0,2;131;303,942;285,518;283;330;558,16;556,279;60;283,204;;2705,58
4224;0,2;132,5;303,848;285,507;283;330;558,08;556,236;60;283,193;;2704,22
4225;0,2;118,5;303,465;285,391;283;330;558,152;556,214;60;283,186;;2702,53
4226;0,2;114;303,407;285,395;283;330;558,022;556,091;60;283,178;;2701,22
4227;0,2;113,5;304,116;285,265;283;330;557,957;556,004;60;283,177;;2700
4228;0,2;113;304,21;285,265;283;330;557,87;555,903;60;283,174;;2698,81
4229;0,2;112;304,174;285,265;283;330;557,87;555,939;60;283,176;;2697,82
4230;0,2;114,5;304,391;285,37;283;330;557,769;555,888;60;283,178;;2696,96
4231;0,2;112,5;304,601;285,384;283;330;557,812;555,881;60;283,178;;2694,85
4232;0,2;109;304,528;285,362;283;330;557,726;555,903;60;283,174;;2692,63
4233;0,2;102;304,557;285,362;283;330;557,726;555,852;60;283,172;;2692,63
4234;0,2;100;304,854;285,377;283;330;557,812;555,896;60;283,173;;2692,53
4235;0,2;101,5;305,179;285,402;283;330;557,863;556,026;60;283,177;;2690,71
4236;0,2;93,5;305,216;285,442;283;330;557,979;556,134;60;283,177;;2688,9
4237;0,2;88,5;305,136;285,446;283;330;558,015;556,091;60;283,177;;2687,52
4238;0,2;90,5;305,056;285,428;283;330;557,972;555,99;60;283,178;;2685,92
4239;0,2;91,5;305,679;285,424;283;330;557,907;555,99;60;283,179;;2685,62
4240;0,2;83,5;305,715;285,431;283;330;557,82;555,946;60;283,182;;2685,62
4241;0,2;76,5;305,744;285,493;283;330;557,704;555,765;60;283,183;;2685,62
4242;0,2;73;305,859;285,464;283;330;557,581;555,599;60;283,189;;2684,54
4243;0,2;71,5;305,838;285,442;283;330;557,444;555,599;60;283,197;;2682,11
4244;0,2;73;305,78;285,431;283;330;557,436;555,621;60;283,201;;2680,7
4245;0,2;74;305,541;285,438;283;330;557,415;555,469;60;283,203;;2680,32
4246;0,2;73,5;305,462;285,428;283;330;557,378;555,367;60;283,206;;2680,32
4247;0,2;71;305,469;285,428;283;330;557,292;555,367;60;283,207;;2680,32
4248;0,2;71,5;305,548;285,406;283;330;557,35;555,44;60;283,211;;2680,32
4249;0,2;66;305,621;285,402;283;330;557,451;555,556;60;283,215;;2678,74
4250;0,2;63;305,946;285,511;283;330;557,581;555,693;60;283,214;;2677,32
4251;0,2;65;305,91;285,493;283;330;557,639;555,7;60;283,212;;2677,32
4252;0,2;69,5;305,693;285,442;283;330;557,494;555,7;60;283,211;;2676,96
4253;0,2;71;305,794;285,518;283;330;557,48;555,577;60;283,207;;2675,64
4254;0,2;66,5;305,751;285,507;283;330;557,436;555,556;60;283,202;;2675,32
4255;0,2;61,5;305,787;285,471;283;330;557,436;555,556;60;283,193;;2673,74
4256;0,2;59,5;305,143;285,478;283;330;557,436;555,556;60;283,183;;2670,36
4257;0,2;66;305,237;285,507;283;330;557,523;555,556;60;283,173;;2668,02
4258;0,2;68,5;305,216;285,529;283;330;557,48;555,599;60;283,162;;2666,68
4259;0,2;73,5;305,158;285,428;283;330;557,559;555,693;60;283,15;;2665,74
4260;0,2;77,5;305,027;285,503;283;330;557,581;555,751;60;283,135;;2665,68
4261;0,2;78;304,702;285,511;283;330;557,581;555,7;60;283,12;;2665,68
4262;0,2;88,5;304,782;285,547;283;330;557,595;555,671;60;283,106;;2663,36
4263;0,2;100;304,941;285,54;283;330;557,61;555,599;60;283,094;;2662,68
4264;0,2;101;305,013;285,489;283;330;557,581;555,599;60;283,089;;2662,06
4265;0,2;104,5;304,948;285,485;283;330;557,53;555,642;60;283,082;;2661,69
4266;0,2;113;304,593;285,373;283;330;557,624;555,635;60;283,076;;2661,39
4267;0,2;117;304,55;285,395;283;330;557,581;555,736;60;283,067;;2659,9
4268;0,2;119,5;304,774;285,518;283;330;557,617;555,845;60;283,057;;2657,58
4269;0,2;115;304,738;285,511;283;330;557,718;555,867;60;283,051;;2656,85
4270;0,2;114;304,376;285,258;283;330;557,733;555,917;60;283,047;;2656,85
4271;0,2;125,5;304,463;285,297;283;330;557,784;555,888;60;283,047;;2655,93
4272;0,2;134,5;304,789;285,435;283;330;557,827;555,982;60;283,046;;2655,85
4273;0,2;135;304,565;285,279;283;330;557,87;555,99;60;283,043;;2654,01
4274;0,2;134;304,449;285,276;283;330;557,87;555,903;60;283,044;;2650,43
4275;0,2;136;304,369;285,279;283;330;557,834;555,99;60;283,041;;2649,87
4276;0,2;131;304,651;285,283;283;330;557,849;555,99;60;283,043;;2649,87
4277;0,2;128,5;305,02;285,286;283;330;557,805;555,99;60;283,048;;2649,87
4278;0,2;125,5;305,129;285,286;283;330;557,87;555,896;60;283,054;;2649,87
4279;0,2;125;305,23;285,308;283;330;557,776;555,99;60;283,059;;2648,67
4280;0,2;121;305,23;285,33;283;330;557,87;555,99;60;283,064;;2646,88
4281;0,2;121;305,592;285,33;283;330;557,87;555,99;60;283,068;;2646,88
4282;0,2;114,5;305,584;285,341;283;330;557,827;555,99;60;283,072;;2645,56
4283;0,2;111,5;305,527;285,388;283;330;557,82;555,99;60;283,079;;2644,89
4284;0,2;102,5;305,765;285,391;283;330;557,726;555,867;60;283,084;;2644,89
4285;0,2;98;306,091;285,247;283;330;557,726;555,758;60;283,087;;2642,92
4286;0,2;93,5;306,199;285,127;283;330;557,726;555,7;60;283,084;;2640,87
4287;0,2;87,5;306,257;285,131;283;330;557,726;555,7;60;283,085;;2639,79
4288;0,2;83;306,149;285,142;283;330;557,726;555,736;60;283,086;;2638,92
4289;0,2;82;306,098;285,153;283;330;557,74;555,845;60;283,087;;2638,92
4290;0,2;82,5;306,264;285,153;283;330;557,834;555,896;60;283,086;;2638,92
4291;0,2;79;306,279;285,135;283;330;557,726;555,924;60;283,084;;2636,69
4292;0,2;69,5;306,308;285,12;283;330;557,726;555,845;60;283,081;;2634,11
4293;0,2;62,5;306,402;285,124;283;330;557,726;555,802;60;283,079;;2633,99
4294;0,2;63,5;306,525;285,131;283;330;557,726;555,845;60;283,074;;2632,54
4295;0,2;68,5;306,51;285,138;283;330;557,841;555,99;60;283,072;;2632,12
4296;0,2;69,5;306,648;285,145;283;330;557,87;556,011;60;283,066;;2631,94
4297;0,2;67,5;306,583;285,153;283;330;558,022;556,134;60;283,064;;2629,16
4298;0,2;64,5;306,807;285,149;283;330;558,16;556,185;60;283,062;;2627,85
4299;0,2;62,5;306,8;285,124;283;330;558,16;556,17;60;283,059;;2626,84
4300;0,2;61;306,807;285,124;283;330;558,16;556,185;60;283,056;;2626,16
4301;0,2;64;306,12;285,131;283;330;558,116;556,178;60;283,057;;2626,16
4302;0,2;65;306,272;285,138;283;330;558,16;556,257;60;283,054;;2626,16
4303;0,2;74,5;306,322;285,142;283;330;558,073;556,178;60;283,052;;2625,39
4304;0,2;78;306,199;285,145;283;330;558,16;556,243;60;283,051;;2622,71
4305;0,2;78;306,062;285,153;283;330;558,16;556,236;60;283,047;;2621,2
4306;0,2;78,5;305,664;285,142;283;330;558,066;556,156;60;283,043;;2620,64
4307;0,2;79;305,462;285,12;283;330;558,015;556,084;60;283,042;;2619,27
4308;0,2;82,5;305,584;285,127;283;330;557,921;555,99;60;283,044;;2618,98
4309;0,2;94,5;305,613;285,138;283;330;557,878;555,99;60;283,042;;2618,22
4310;0,2;99,5;305,628;285,142;283;330;557,87;555,99;60;283,042;;2616,92
4311;0,2;100,5;305,556;285,149;283;330;557,87;555,99;60;283,046;;2615,38
4312;0,2;100;305,519;285,156;283;330;557,943;556,084;60;283,05;;2614,75
4313;0,2;101,5;304,991;285,142;283;330;558,015;556,091;60;283,051;;2614,39
4314;0,2;106;305,056;285,124;283;330;558,152;556,207;60;283,056;;2614,39
4315;0,2;109;305,179;285,124;283;330;558,16;556,279;60;283,061;;2612,94
4316;0,2;114,5;305,252;285,127;283;330;558,16;556,409;60;283,065;;2612,18
4317;0,2;118;305,187;285,138;283;330;558,16;556,424;60;283,069;;2611,31
4318;0,2;116,5;305,078;285,145;283;330;558,16;556,308;60;283,072;;2610,48
4319;0,2;111;305,013;285,149;283;330;558,16;556,279;60;283,076;;2609,22
4320;0,2;112;305,035;285,153;283;330;558,16;556,279;60;283,078;;2608,8
4321;0,2;113,5;305,158;285,127;283;330;558,196;556,366;60;283,081;;2608,23
4322;0,2;111;305,245;285,12;283;330;558,167;556,279;60;283,083;;2608,23
4323;0,2;110;305,15;285,131;283;330;558,16;556,279;60;283,085;;2608,23
4324;0,2;110,5;305,049;285,138;283;330;558,268;556,409;60;283,086;;2607,28
4325;0,2;107;304,999;285,145;283;330;558,304;556,51;60;283,088;;2607,24
4326;0,2;106;305,078;285,153;283;330;558,384;556,481;60;283,089;;2607,24
4327;0,2;106,5;305,237;285,145;283;330;558,406;556,503;60;283,091;;2606,51
4328;0,2;105;305,216;285,124;283;330;558,435;556,467;60;283,089;;2605,08
4329;0,2;100;305,23;285,12;283;330;558,348;556,518;60;283,09;;2603,25
4330;0,2;100;305,353;285,131;283;330;558,304;556,424;60;283,087;;2601,61
4331;0,2;99,5;305,281;285,138;283;330;558,304;556,424;60;283,087;;2600,97
4332;0,2;95;305,245;285,145;283;330;558,304;556,344;60;283,086;;2600,97
4333;0,2;94,5;305,346;285,149;283;330;558,203;556,236;60;283,084;;2599,39
4334;0,2;92,5;305,396;285,153;283;330;558,037;556,17;60;283,079;;2597,75
4335;0,2;87;305,469;285,124;283;330;557,849;555,946;60;283,075;;2597,33
4336;0,2;87;305,462;285,124;283;330;557,718;555,794;60;283,069;;2595
4337;0,2;89,5;305,425;285,127;283;330;557,538;555,577;60;283,061;;2594,88
4338;0,2;90,5;305,599;285,138;283;330;557,559;555,606;60;283,059;;2594,88
4339;0,2;84,5;305,534;285,145;283;330;557,436;555,599;60;283,05;;2594,78
4340;0,2;83,5;305,802;285,153;283;330;557,436;555,599;60;283,047;;2593,42
4341;0,2;91,5;305,577;285,156;283;330;557,444;555,556;60;283,04;;2592,91
4342;0,2;98,5;306,026;285,12;283;330;557,53;555,65;60;283,035;;2590,94
4343;0,2;94,5;306,033;285,062;283;330;557,552;555,556;60;283,033;;2589,4
4344;0,2;86,5;305,968;285,001;283;330;557,436;555,556;60;283,028;;2589,4
4345;0,2;86;305,874;284,993;283;330;557,444;555,679;60;283,02;;2589,4
4346;0,2;89;305,852;284,997;283;330;557,538;555,7;60;283,012;;2588,37
4347;0,2;97,5;305,794;285,019;283;330;557,632;555,7;60;283,005;;2587,05
4348;0,2;98,5;305,744;285,015;283;330;557,581;555,758;60;282,996;;2583,68
4349;0,2;94,5;305,773;285,004;283;330;557,581;555,802;60;282,985;;2582,61
4350;0,2;95;305,845;285,012;283;330;557,624;555,773;60;282,975;;2582,61
4351;0,2;95;305,982;285,015;283;330;557,581;555,7;60;282,967;;2582,61
4352;0,2;97,5;305,99;285,012;283;330;557,538;555,642;60;282,961;;2582,61
4353;0,2;106;305,924;284,997;283;330;557,538;555,664;60;282,959;;2580,6
4354;0,2;117;305,469;284,965;283;330;557,581;555,613;60;282,954;;2578,73
4355;0,2;117,5;305,02;284,939;283;330;557,516;555,563;60;282,952;;2577,06
4356;0,2;117,5;304,991;284,936;283;330;557,321;555,367;60;282,946;;2576,81
4357;0,2;131;305,425;284,939;283;330;557,125;555,143;60;282,945;;2576,24
4358;0,2;136;305,816;284,932;283;330;556,995;554,977;60;282,942;;2574,7
4359;0,2;127,5;305,816;284,928;283;330;556,916;554,977;60;282,941;;2573,18
4360;0,2;124;305,83;284,928;283;330;556,966;554,977;60;282,939;;2571,98
4361;0,2;122,5;305,729;284,925;283;330;556,923;554,977;60;282,935;;2569,88
4362;0,2;125,5;305,693;284,91;283;330;557,002;554,977;60;282,93;;2569,44
4363;0,2;125,5;305,671;284,932;283;330;557,002;555,056;60;282,927;;2568,89
4364;0,2;125;305,758;284,95;283;330;556,988;554,984;60;282,917;;2568,46
4365;0,2;127;306,019;284,965;283;330;556,858;554,977;60;282,909;;2567,96
4366;0,2;128;306,264;284,95;283;330;556,908;554,977;60;282,901;;2564,93
4367;0,2;119,5;306,243;284,903;283;330;556,995;554,999;60;282,9;;2563,39
4368;0,2;119;306,134;284,91;283;330;557,002;555,122;60;282,891;;2562,72
4369;0,2;119,5;306,062;284,932;283;330;557,067;555,122;60;282,881;;2561,68
4370;0,2;120;306,33;284,939;283;330;556,981;555,013;60;282,87;;2561,31
4371;0,2;118;306,641;284,943;283;330;556,865;554,955;60;282,86;;2560,5
4372;0,2;114;306,67;284,932;283;330;556,858;554,832;60;282,851;;2556,96
4373;0,2;112;306,749;284,925;283;330;556,858;554,832;60;282,844;;2556,39
4374;0,2;111;306,706;284,889;283;330;556,858;554,883;60;282,833;;2556,39
4375;0,2;111;307,161;285,004;283;330;556,858;554,977;60;282,819;;2555,47
4376;0,2;113,5;307,277;284,965;283;330;556,858;554,854;60;282,806;;2555,41
4377;0,2;112;307,154;284,899;283;330;556,858;554,876;60;282,794;;2555,41
4378;0,2;111;307,089;284,892;283;330;556,785;554,832;60;282,782;;2552,39
4379;0,2;111;307,053;284,903;283;330;556,713;554,818;60;282,772;;2551,82
4380;0,2;110;307,046;285,008;283;330;556,713;554,789;60;282,757;;2551,82
4381;0,2;116,5;307,176;284,885;283;330;556,67;554,731;60;282,741;;2551,82
4382;0,2;120;307,299;284,769;283;330;556,785;554,724;60;282,732;;2551,51
4383;0,2;121;307,248;284,823;283;330;556,735;554,738;60;282,721;;2550,27
4384;0,2;129,5;307,407;284,838;283;330;556,749;554,767;60;282,713;;2546,06
4385;0,2;136;307,646;284,82;283;330;556,713;554,767;60;282,704;;2545,28
4386;0,2;134,5;307,639;284,823;283;330;556,756;554,774;60;282,694;;2544,58
4387;0,2;127,5;307,624;284,849;283;330;556,713;554,781;60;282,683;;2542,69
4388;0,2;125;307,682;284,928;283;330;556,749;554,796;60;282,674;;2542,69
4389;0,2;130,5;307,747;284,957;283;330;556,713;554,832;60;282,667;;2541,2
4390;0,2;136;307,812;284,954;283;330;556,858;554,832;60;282,66;;2539,23
4391;0,2;137;307,885;284,965;283;330;556,858;554,876;60;282,659;;2536,02
4392;0,2;141;307,834;284,957;283;330;556,858;554,832;60;282,661;;2535,29
4393;0,2;147,5;308,196;284,925;283;330;556,858;554,854;60;282,661;;2535,04
4394;0,2;154;308,102;284,968;283;330;556,858;554,854;60;282,66;;2535,04
4395;0,2;141;308,015;284,961;283;330;556,858;554,832;60;282,659;;2535,04
4396;0,2;138,5;308,051;284,965;283;330;556,735;554,832;60;282,657;;2533,73
4397;0,2;138,5;308,485;284,914;283;330;556,749;554,81;60;282,658;;2533,62
4398;0,2;141,5;308,89;284,896;283;330;556,72;554,803;60;282,658;;2533,5
4399;0,2;137,5;308,854;285,109;283;330;556,67;554,745;60;282,659;;2532,64
4400;0,2;134;308,811;285,131;283;330;556,684;554,781;60;282,657;;2532,64
4401;0,2;134;308,811;285,142;283;330;556,612;554,666;60;282,655;;2530,31
4402;0,2;133;309,115;285,145;283;330;556,568;554,543;60;282,655;;2529,33
4403;0,2;120,5;309,115;285,156;283;330;556,525;554,463;60;282,653;;2528,72
4404;0,2;118;309,238;285,149;283;330;556,46;554,536;60;282,65;;2528,72
4405;0,2;118;309,332;285,124;283;330;556,272;554,442;60;282,645;;2528,21
4406;0,2;113,5;309,303;285,124;283;330;556,134;554,29;60;282,645;;2527,74
4407;0,2;112;309,983;285,127;283;330;556,185;554,253;60;282,644;;2527,11
4408;0,2;113;309,968;285,135;283;330;556,178;554,21;60;282,651;;2524,8
4409;0,2;106;309,628;285,145;283;330;556,207;554,261;60;282,653;;2524,06
4410;0,2;97;309,867;285,149;283;330;556,279;554,398;60;282,657;;2523,6
4411;0,2;99;309,592;285,156;283;330;556,38;554,449;60;282,652;;2522,85
4412;0,2;95,5;309,447;285,131;283;330;556,424;554,478;60;282,655;;2522,79
4413;0,2;101,5;309,541;285,12;283;330;556,547;554,586;60;282,66;;2520,8
4414;0,2;103;309,831;285,124;283;330;556,568;554,586;60;282,662;;2519,94
4415;0,2;106;309,505;285,135;283;330;556,662;554,608;60;282,666;;2518,73
4416;0,2;101,5;309,44;285,142;283;330;556,67;554,688;60;282,668;;2518,1
4417;0,2;94,5;309,375;285,145;283;330;556,713;554,688;60;282,671;;2517,29
4418;0,2;94;309,324;285,153;283;330;556,59;554,594;60;282,675;;2517,29
4419;0,2;98,5;309,332;285,153;283;330;556,568;554,651;60;282,678;;2515,88
4420;0,2;104,5;309,418;285,124;283;330;556,568;554,644;60;282,681;;2514,23
4421;0,2;105;309,491;285,124;283;330;556,568;554,637;60;282,685;;2512,22
4422;0,2;93,5;309,563;285,135;283;330;556,568;554,688;60;282,688;;2509,29
4423;0,2;91,5;309,57;285,142;283;330;556,67;554,688;60;282,69;;2508,37
4424;0,2;88;309,288;285,149;283;330;556,706;554,688;60;282,694;;2508,34
4425;0,2;87;309,187;285,153;283;330;556,699;554,688;60;282,696;;2507,96
4426;0,2;95,5;309,115;285,153;283;330;556,677;554,731;60;282,701;;2507,96
4427;0,2;100;309,093;285,127;283;330;556,713;554,745;60;282,708;;2504,89
4428;0,2;104,5;309,18;285,124;283;330;556,713;554,767;60;282,713;;2501,56
4429;0,2;105,5;309,274;284,74;283;330;556,568;554,651;60;282,722;;2501,13
4430;0,2;102,5;308,536;284,737;283;330;556,438;554,557;60;282,729;;2501,13
4431;0,2;100;308,565;284,748;283;330;556,489;554,543;60;282,734;;2500,7
4432;0,2;105;308,572;284,755;283;330;556,46;554,543;60;282,74;;2499,28
4433;0,2;116;308,485;284,762;283;330;556,438;554,499;60;282,745;;2497,85
4434;0,2;115;308,406;284,762;283;330;556,568;554,579;60;282,749;;2497,27
4435;0,2;112,5;308,341;284,762;283;330;556,568;554,688;60;282,755;;2496,41
4436;0,2;114;308,398;284,776;283;330;556,699;554,688;60;282,76;;2496,3
4437;0,2;113,5;308,384;284,769;283;330;556,662;554,688;60;282,764;;2496,06
4438;0,2;108,5;308,341;284,762;283;330;556,554;554,565;60;282,771;;2495,67
4439;0,2;101;308,413;284,769;283;330;556,445;554,579;60;282,775;;2493,83
4440;0,2;101;308,601;284,78;283;330;556,445;554,543;60;282,78;;2491,52
4441;0,2;95;308,507;284,798;283;330;556,424;554,543;60;282,786;;2490,68
4442;0,2;94,5;308,275;284,798;283;330;556,424;554,543;60;282,791;;2489,96
4443;0,2;96,5;308,189;284,816;283;330;556,409;554,463;60;282,795;;2489,96
4444;0,2;100,5;308,138;284,856;283;330;556,344;554,442;60;282,801;;2489,31
4445;0,2;105,5;308,116;284,885;283;330;556,38;554,507;60;282,812;;2486,43
4446;0,2;105;308,131;284,86;283;330;556,38;554,463;60;282,822;;2483,27
4447;0,2;104;308,254;284,809;283;330;556,438;554,47;60;282,83;;2482,96
4448;0,2;100;308,355;284,784;283;330;556,503;554,456;60;282,838;;2482,24
4449;0,2;101,5;308,283;284,769;283;330;556,467;554,55;60;282,845;;2482,24
4450;0,2;100;308,138;284,791;283;330;556,554;554,688;60;282,853;;2481,99
4451;0,2;98;308,022;284,784;283;330;556,568;554,688;60;282,861;;2480
4452;0,2;96,5;308,116;284,744;283;330;556,568;554,688;60;282,868;;2478,39
4453;0,2;91;308,297;284,827;283;330;556,641;554,724;60;282,877;;2477,9
4454;0,2;86,5;308,341;284,845;283;330;556,713;554,753;60;282,885;;2475,94
4455;0,2;85;308,21;284,932;283;330;556,756;554,905;60;282,892;;2474,7
4456;0,2;83;308,124;284,849;283;330;556,858;554,977;60;282,899;;2474,46
4457;0,2;81,5;308,08;284,997;283;330;556,858;554,977;60;282,91;;2473,1
4458;0,2;79;307,993;285,033;283;330;556,858;554,977;60;282,919;;2471,55
4459;0,2;78;307,907;285,022;283;330;556,858;554,926;60;282,926;;2471,05
4460;0,2;78;307,957;285,001;283;330;556,908;554,977;60;282,933;;2470,58
4461;0,2;80;307,986;284,965;283;330;557,002;555,064;60;282,938;;2470,58
4462;0,2;84;307,921;284,979;283;330;557,002;555,071;60;282,937;;2470,58
4463;0,2;85;307,603;284,856;283;330;557,002;555,122;60;282,94;;2469,88
4464;0,2;81,5;307,53;284,86;283;330;557,002;554,999;60;282,939;;2468,64
4465;0,2;82;307,726;284,972;283;330;556,937;555,1;60;282,94;;2468,64
4466;0,2;82;307,038;284,979;283;330;556,858;555,114;60;282,943;;2466,17
4467;0,2;84,5;307,212;284,744;283;330;557,067;555,085;60;282,944;;2465,73
4468;0,2;88,5;307,299;284,744;283;330;557,089;555,122;60;282,948;;2465,24
4469;0,2;85,5;307,248;284,737;283;330;557,111;555,122;60;282,947;;2462,99
4470;0,2;84;307,154;284,722;283;330;557,082;555,122;60;282,951;;2461,85
4471;0,2;85;307,067;284,722;283;330;557,125;555,122;60;282,952;;2461,23
4472;0,2;83;306,279;284,726;283;330;557,14;555,122;60;282,952;;2460,88
4473;0,2;82,5;306,33;284,733;283;330;557,002;555,093;60;282,951;;2460,88
4474;0,2;85,5;306,431;284,737;283;330;557,002;555,107;60;282,954;;2460,14
4475;0,2;91;306,518;284,751;283;330;557,002;555,071;60;282,959;;2457,1
4476;0,2;92;306,749;284,86;283;330;557,046;555,122;60;282,964;;2456,03
4477;0,2;92,5;306,698;284,925;283;330;557,002;555,056;60;282,968;;2456,03
4478;0,2;95,5;306,59;284,856;283;330;556,836;554,977;60;282,975;;2454,13
4479;0,2;98;306,156;284,842;283;330;556,756;554,796;60;282,978;;2453,61
4480;0,2;98;306,076;284,86;283;330;556,713;554,731;60;282,98;;2453,13
4481;0,2;100;306,091;284,871;283;330;556,67;554,688;60;282,984;;2452,27
4482;0,2;104;306,156;284,867;283;330;556,662;554,608;60;282,988;;2450,22
4483;0,2;106,5;306,214;284,805;283;330;556,67;554,68;60;282,989;;2449,35
4484;0,2;105,5;306,279;284,823;283;330;556,59;554,637;60;282,995;;2449,02
4485;0,2;106;306,207;284,856;283;330;556,568;554,651;60;283,006;;2448,29
4486;0,2;105,5;306,098;284,932;283;330;556,568;554,688;60;283,017;;2448,21
4487;0,2;104,5;306,055;284,925;283;330;556,568;554,688;60;283,026;;2446,1
4488;0,2;104,5;306,134;284,856;283;330;556,641;554,781;60;283,034;;2445,38
4489;0,2;104,5;306,199;284,936;283;330;556,713;554,89;60;283,042;;2444,49
4490;0,2;102;306,315;284,845;283;330;556,807;554,977;60;283,048;;2442,13
4491;0,2;99;306,207;284,852;283;330;556,807;554,977;60;283,054;;2442,13
4492;0,2;97;306,17;284,827;283;330;556,735;554,933;60;283,063;;2442,13
4493;0,2;95,5;306,091;284,813;283;330;556,735;554,89;60;283,074;;2441,87
4494;0,2;91,5;306,069;284,809;283;330;556,749;554,89;60;283,087;;2440,12
4495;0,2;92;306,17;284,813;283;330;556,858;554,948;60;283,096;;2436,78
4496;0,2;89;306,25;284,823;283;330;556,749;554,868;60;283,102;;2436,78
4497;0,2;84,5;306,293;284,823;283;330;556,713;554,876;60;283,113;;2436,78
4498;0,2;84,5;306,207;284,82;283;330;556,8;554,854;60;283,122;;2436,53
4499;0,2;83;306,062;284,827;283;330;556,858;554,977;60;283,131;;2434,85
4500;0,2;80;306,004;284,831;283;330;556,858;554,977;60;283,144;;2431,78
4501;0,2;73,5;306,134;284,903;283;330;556,785;554,926;60;283,154;;2430,29
4502;0,2;71;306,264;285,03;283;330;556,764;554,767;60;283,166;;2429,06
4503;0,2;70,5;306,301;284,91;283;330;556,626;554,688;60;283,178;;2429,06
4504;0,2;65,5;306,236;284,874;283;330;556,568;554,688;60;283,188;;2428,23
4505;0,2;60,5;306,113;284,867;283;330;556,568;554,688;60;283,199;;2427,47
4506;0,2;61;306,04;284,997;283;330;556,568;554,688;60;283,21;;2426,05
4507;0,2;59,5;306,047;285,012;283;330;556,489;554,666;60;283,219;;2421,34
4508;0,2;53,5;305,924;285,004;283;330;556,467;554,543;60;283,227;;2421,34
4509;0,2;51;306,011;285,001;283;330;556,409;554,413;60;283,234;;2420,44
4510;0,2;53;306,055;285,012;283;330;556,373;554,434;60;283,238;;2420,38
4511;0,2;54;306,026;285,022;283;330;556,279;554,442;60;283,241;;2420,38
4512;0,2;49;305,932;285,026;283;330;556,236;554,398;60;283,248;;2418,45
4513;0,2;47,5;305,462;285,012;283;330;556,221;554,362;60;283,253;;2416,87
4514;0,2;52,5;304,991;285,019;283;330;556,134;554,253;60;283,26;;2416,52
4515;0,2;51,5;304,999;285,019;283;330;556,178;554,152;60;283,264;;2416,52
4516;0,2;54;305,136;284,997;283;330;556,134;554,167;60;283,266;;2416,52
4517;0,2;56,5;305,006;284,993;283;330;556,084;554,174;60;283,267;;2416,52
4518;0,2;58;304,984;284,99;283;330;555,99;554,109;60;283,263;;2414,71
4519;0,2;66;304,941;285,004;283;330;555,99;554,058;60;283,26;;2411,15
4520;0,2;71,5;304,058;284,903;283;330;555,99;553,979;60;283,253;;2410,75
4521;0,2;74,5;303,993;285,026;283;330;555,99;554,065;60;283,247;;2410,75
4522;0,2;77;304,044;284,896;283;330;556,076;554,188;60;283,241;;2410,75
4523;0,2;78,5;304,174;284,787;283;330;556,055;554,152;60;283,233;;2410,54
4524;0,2;79;303,986;285,022;283;330;556,047;554,167;60;283,221;;2408,11
4525;0,2;84;303,971;285,019;283;330;556,178;554,253;60;283,207;;2406,9
4526;0,2;94;303,921;284,99;283;330;556,185;554,282;60;283,198;;2406,9
4527;0,2;96;303,769;284,975;283;330;556,279;554,398;60;283,186;;2406,9
4528;0,2;99;303,349;284,885;283;330;556,279;554,442;60;283,173;;2406,9
4529;0,2;101;302,973;284,849;283;330;556,409;554,398;60;283,16;;2406,84
4530;0,2;112,5;303,096;284,871;283;330;556,424;554,434;60;283,144;;2405,52
4531;0,2;119;303,197;284,831;283;330;556,424;554,427;60;283,126;;2404,92
4532;0,2;131;303,154;284,842;283;330;556,424;554,449;60;283,113;;2403,5
4533;0,2;136;303,06;284,874;283;330;556,424;554,543;60;283,101;;2401,48
4534;0,2;137,5;302,959;284,896;283;330;556,424;554,543;60;283,09;;2401,13
4535;0,2;140,5;302,951;284,881;283;330;556,424;554,543;60;283,074;;2400,06
4536;0,2;148;303,082;284,852;283;330;556,424;554,405;60;283,062;;2396,73
4537;0,2;151,5;303,472;284,852;283;330;556,387;554,442;60;283,046;;2396,04
4538;0,2;153,5;303,747;284,896;283;330;556,424;554,492;60;283,035;;2392,95
4539;0,2;155;303,639;284,899;283;330;556,424;554,478;60;283,024;;2392,49
4540;0,2;154,5;303,595;284,871;283;330;556,424;554,543;60;283,016;;2392,49
4541;0,2;153,5;303,762;284,881;283;330;556,467;554,492;60;283,004;;2392,24
4542;0,2;156;304,029;284,928;283;330;556,344;554,398;60;282,992;;2391,53
4543;0,2;153;304,152;284,972;283;330;556,272;554,376;60;282,984;;2391,05
4544;0,2;149,5;304,572;284,968;283;330;556,221;554,253;60;282,973;;2389,04
4545;0,2;152,5;304,651;284,845;283;330;556,091;554,123;60;282,964;;2388,64
4546;0,2;149;304,297;284,722;283;330;556,055;554,109;60;282,958;;2387,7
4547;0,2;153;304,615;284,737;283;330;555,99;554,109;60;282,952;;2387,7
4548;0,2;152,5;304,977;284,74;283;330;556,047;554,109;60;282,943;;2387,01
4549;0,2;144,5;305,172;284,722;283;330;556,026;554,109;60;282,935;;2384,19
4550;0,2;143,5;305,396;284,733;283;330;556,076;554,159;60;282,931;;2382,27
4551;0,2;142,5;305,498;284,751;283;330;556,004;554,145;60;282,927;;2381,94
4552;0,2;138,5;306,236;284,773;283;330;556,04;554,109;60;282,924;;2381,94
4553;0,2;130;306,17;284,762;283;330;556,134;554,109;60;282,918;;2381,94
4554;0,2;126;306,308;284,748;283;330;556,134;554,159;60;282,914;;2381,94
4555;0,2;121;306,243;284,74;283;330;556,134;554,21;60;282,911;;2380,24
4556;0,2;119;306,655;284,758;283;330;556,272;554,326;60;282,907;;2378,52
4557;0,2;114;307,19;284,871;283;330;556,38;554,355;60;282,908;;2378,11
4558;0,2;103;307,255;284,719;283;330;556,409;554,442;60;282,903;;2378,02
4559;0,2;99,5;307,422;284,722;283;330;556,366;554,456;60;282,901;;2377,59
4560;0,2;100,5;307,718;284,878;283;330;556,424;554,442;60;282,899;;2377,14
4561;0,2;101;307,87;285,012;283;330;556,33;554,485;60;282,897;;2374,8
4562;0,2;98;307,87;285,019;283;330;556,264;554,362;60;282,897;;2371,27
4563;0,2;91;307,798;285,03;283;330;556,134;554,348;60;282,892;;2370,82
4564;0,2;95;308,087;285,041;283;330;556,062;554,159;60;282,888;;2370,82
4565;0,2;93;308,21;285,037;283;330;555,982;553,993;60;282,887;;2370,82
4566;0,2;87;308,304;285,026;283;330;555,896;553,964;60;282,885;;2370,34
4567;0,2;83;308,254;285,008;283;330;555,802;553,964;60;282,885;;2367,71
4568;0,2;82,5;308,167;285,004;283;330;555,888;553,964;60;282,887;;2366,48
4569;0,2;82;308,095;285,008;283;330;555,975;554,073;60;282,888;;2365,28
4570;0,2;82,5;308,037;285,015;283;330;556,084;554,188;60;282,889;;2364,78
4571;0,2;82;308,124;285,015;283;330;556,098;554,152;60;282,89;;2364,33
4572;0,2;82;308,261;285,022;283;330;556,214;554,261;60;282,891;;2363,94
4573;0,2;83,5;308,275;284,914;283;330;556,279;554,398;60;282,892;;2362,28
4574;0,2;83;308,21;285,037;283;330;556,416;554,398;60;282,893;;2360,66
4575;0,2;83,5;308,109;285,037;283;330;556,424;554,47;60;282,896;;2359,63
4576;0,2;86;308,037;285,041;283;330;556,373;554,463;60;282,896;;2358,55
4577;0,2;83;308,102;285,026;283;330;556,424;554,485;60;282,896;;2358,11
4578;0,2;84;308,261;284,871;283;330;556,467;554,42;60;282,896;;2357,86
4579;0,2;83;308,189;285,008;283;330;556,38;554,42;60;282,897;;2357,15
4580;0,2;81,5;308,058;285,012;283;330;556,424;554,398;60;282,899;;2356,48
4581;0,2;82,5;307,704;284,885;283;330;556,395;554,398;60;282,902;;2354,67
4582;0,2;87,5;307,371;284,766;283;330;556,33;554,384;60;282,907;;2353,25
4583;0,2;90,5;307,313;284,773;283;330;556,279;554,34;60;282,906;;2352,76
4584;0,2;91;307,335;284,78;283;330;556,221;554,253;60;282,906;;2352,76
4585;0,2;93;307,248;284,795;283;330;556,156;554,253;60;282,905;;2351,48
4586;0,2;96,5;307,212;284,802;283;330;556,236;554,253;60;282,904;;2350,53
4587;0,2;102;307,299;284,805;283;330;556,279;554,348;60;282,902;;2348,74
4588;0,2;105;307,263;284,813;283;330;556,279;554,29;60;282,9;;2347,06
4589;0,2;106,5;307,183;284,816;283;330;556,236;554,253;60;282,9;;2347,04
4590;0,2;107;307,118;284,809;283;330;556,25;554,311;60;282,9;;2347,04
4591;0,2;107;307,053;284,798;283;330;556,264;554,29;60;282,9;;2346,2
4592;0,2;107;307,067;284,834;283;330;556,279;554,333;60;282,9;;2344,94
4593;0,2;105,5;307,219;284,856;283;330;556,279;554,268;60;282,9;;2341,78
4594;0,2;106;307,277;284,838;283;330;556,279;554,391;60;282,9;;2338,7
4595;0,2;106;307,27;284,856;283;330;556,315;554,398;60;282,9;;2338,62
4596;0,2;105,5;307,169;284,878;283;330;556,337;554,398;60;282,9;;2338,07
4597;0,2;106;307,089;284,878;283;330;556,279;554,355;60;282,9;;2337,67
4598;0,2;106;307,031;284,852;283;330;556,192;554,261;60;282,9;;2337,67
4599;0,2;106;307,111;284,842;283;330;556,156;554,181;60;282,9;;2336,46
4600;0,2;106;307,234;284,86;283;330;556,091;554,167;60;282,898;;2335,86
4601;0,2;107;307,292;284,845;283;330;556,047;554,152;60;282,897;;2335,16
4602;0,2;106,5;307,241;284,816;283;330;556,062;554,239;60;282,893;;2334,7
4603;0,2;106;307,161;284,831;283;330;556,105;554,246;60;282,893;;2334,66
4604;0,2;106,5;307,046;284,78;283;330;556,185;554,217;60;282,893;;2332,3
4605;0,2;107;307,053;284,798;283;330;556,236;554,253;60;282,894;;2330,63
4606;0,2;108;307,104;284,787;283;330;556,279;554,253;60;282,895;;2330,18
4607;0,2;106,5;307,227;284,766;283;330;556,279;554,253;60;282,893;;2329,55
4608;0,2;106;307,292;284,762;283;330;556,279;554,253;60;282,893;;2329,23
4609;0,2;108;307,227;284,773;283;330;556,279;554,304;60;282,894;;2328,36
4610;0,2;107;307,118;284,773;283;330;556,279;554,297;60;282,895;;2326,68
4611;0,2;107;307,046;284,766;283;330;556,279;554,29;60;282,892;;2324,14
4612;0,2;113;307,053;284,726;283;330;556,199;554,253;60;282,887;;2323,34
4613;0,2;111;307,234;284,972;283;330;556,134;554,253;60;282,889;;2322,88
4614;0,2;110,5;307,299;284,99;283;330;556,134;554,123;60;282,887;;2322,88
4615;0,2;110,5;307,241;284,983;283;330;556,026;554,036;60;282,885;;2322,88
4616;0,2;111;307,154;284,957;283;330;555,99;554,109;60;282,884;;2317,95
4617;0,2;111;307,053;284,965;283;330;556,113;554,109;60;282,885;;2315,29
4618;0,2;111;307,046;284,983;283;330;556,091;554,152;60;282,886;;2315,29
4619;0,2;114;307,154;284,979;283;330;556,134;554,145;60;282,883;;2314,46
4620;0,2;112;307,284;284,986;283;330;556,134;554,188;60;282,883;;2314,34
4621;0,2;111,5;307,574;284,939;283;330;556,163;554,167;60;282,883;;2313,91
4622;0,2;111;307,834;284,975;283;330;556,149;554,188;60;282,884;;2312,07
4623;0,2;110;307,762;284,939;283;330;556,134;554,225;60;282,886;;2306,24
4624;0,2;100;307,697;284,939;283;330;556,134;554,21;60;282,888;;2306,21
4625;0,2;97;307,603;284,896;283;330;556,178;554,253;60;282,889;;2305,3
4626;0,2;96,5;307,603;284,921;283;330;556,17;554,253;60;282,89;;2305,3
4627;0,2;97;307,632;284,918;283;330;556,279;554,282;60;282,891;;2305,3
4628;0,2;97;307,784;284,946;283;330;556,279;554,398;60;282,891;;2305,3
4629;0,2;97;307,849;284,946;283;330;556,279;554,391;60;282,892;;2304,07
4630;0,2;99,5;307,856;284,907;283;330;556,279;554,319;60;282,893;;2302,46
4631;0,2;99,5;307,834;284,914;283;330;556,279;554,42;60;282,894;;2302,46
4632;0,2;97,5;307,849;284,954;283;330;556,366;554,42;60;282,894;;2302,46
4633;0,2;97;307,718;284,925;283;330;556,279;554,398;60;282,895;;2300,64
4634;0,2;97,5;307,718;284,914;283;330;556,279;554,398;60;282,895;;2298,05
4635;0,2;97;307,653;284,925;283;330;556,409;554,398;60;282,895;;2297,73
4636;0,2;97;307,711;284,939;283;330;556,373;554,442;60;282,895;;2295,13
4637;0,2;97,5;307,812;284,939;283;330;556,38;554,442;60;282,895;;2294,47
4638;0,2;100,5;307,87;284,943;283;330;556,395;554,492;60;282,895;;2294,47
4639;0,2;100;307,95;284,932;283;330;556,279;554,348;60;282,895;;2294,47
4640;0,2;99,5;307,841;284,939;283;330;556,279;554,398;60;282,901;;2294,2
4641;0,2;96;307,791;284,957;283;330;556,279;554,268;60;282,901;;2292,92
4642;0,2;95,5;307,704;284,961;283;330;556,214;554,297;60;282,901;;2291,08
4643;0,2;95;307,733;284,957;283;330;556,134;554,253;60;282,904;;2290,69
4644;0,2;95;307,726;284,961;283;330;556,134;554,253;60;282,906;;2290,69
4645;0,2;95,5;307,856;284,972;283;330;556,185;554,253;60;282,909;;2290,01
4646;0,2;100;307,935;284,975;283;330;556,178;554,253;60;282,911;;2288,8
4647;0,2;99,5;307,697;284,816;283;330;556,134;554,21;60;282,914;;2287,71
4648;0,2;97,5;308,087;284,983;283;330;556,084;554,145;60;282,917;;2285,6
4649;0,2;89;307,559;284,802;283;330;555,99;554,109;60;282,919;;2285,6
4650;0,2;91,5;307,125;284,903;283;330;555,99;554,109;60;282,922;;2285,6
4651;0,2;98;307,046;284,91;283;330;556,055;554,239;60;282,924;;2285,6
4652;0,2;100;307,06;284,899;283;330;556,134;554,253;60;282,925;;2284,89
4653;0,2;101;307,205;284,78;283;330;556,134;554,253;60;282,928;;2281,92
4654;0,2;104,5;307,299;284,758;283;330;556,279;554,253;60;282,933;;2280,43
4655;0,2;104,5;307,255;284,733;283;330;556,279;554,253;60;282,934;;2279,94
4656;0,2;99,5;307,183;284,719;283;330;556,279;554,261;60;282,939;;2278,83
4657;0,2;98,5;307,147;284,842;283;330;556,359;554,348;60;282,946;;2278,54
4658;0,2;99,5;307,067;284,842;283;330;556,424;554,442;60;282,952;;2278,13
4659;0,2;99,5;307,031;284,907;283;330;556,424;554,442;60;282,958;;2276,15
4660;0,2;97,5;307,118;284,838;283;330;556,424;554,398;60;282,963;;2275,34
4661;0,2;98,5;307,248;284,834;283;330;556,424;554,398;60;282,967;;2274,77
4662;0,2;99;307,306;284,845;283;330;556,424;554,398;60;282,971;;2274,77
4663;0,2;96;307,27;284,856;283;330;556,38;554,449;60;282,975;;2274,77
4664;0,2;91;307,183;284,863;283;330;556,424;554,398;60;282,978;;2273,81
4665;0,2;92,5;307,096;284,856;283;330;556,301;554,333;60;282,984;;2270,2
4666;0,2;92,5;307,031;284,856;283;330;556,236;554,253;60;282,993;;2268,92
4667;0,2;92,5;307,183;284,961;283;330;556,185;554,174;60;283,005;;2267,34
4668;0,2;91,5;307,248;284,914;283;330;556,178;554,196;60;283,016;;2266,87
4669;0,2;91,5;307,277;284,968;283;330;556,185;554,21;60;283,025;;2266,62
4670;0,2;88,5;306,887;284,961;283;330;556,221;554,319;60;283,037;;2265,85
4671;0,2;86;306,814;284,975;283;330;556,279;554,398;60;283,045;;2264,57
4672;0,2;87;306,735;284,961;283;330;556,293;554,434;60;283,053;;2263,51
4673;0,2;89,5;306,698;284,936;283;330;556,445;554,536;60;283,06;;2260,92
4674;0,2;93;306,641;284,903;283;330;556,568;554,601;60;283,066;;2260,61
4675;0,2;93;306,749;284,896;283;330;556,568;554,651;60;283,077;;2260,61
4676;0,2;92;306,807;284,874;283;330;556,626;554,688;60;283,088;;2260,61
4677;0,2;92;306,85;284,874;283;330;556,604;554,688;60;283,09;;2260,27
4678;0,2;87,5;306,836;284,896;283;330;556,539;554,688;60;283,096;;2259,02
4679;0,2;79,5;306,778;284,889;283;330;556,554;554,622;60;283,097;;2257,72
4680;0,2;77;306,677;284,932;283;330;556,568;554,543;60;283,1;;2257,72
4681;0,2;78,5;306,619;284,932;283;330;556,467;554,543;60;283,101;;2256,69
4682;0,2;78;306,084;284,881;283;330;556,402;554,405;60;283,103;;2255,84
4683;0,2;76;306,192;284,939;283;330;556,243;554,376;60;283,103;;2255,52
4684;0,2;76;306,272;284,943;283;330;556,134;554,253;60;283,103;;2253,03
4685;0,2;78,5;306,243;284,946;283;330;556,134;554,297;60;283,107;;2252,09
4686;0,2;78,5;306,141;284,899;283;330;556,134;554,167;60;283,108;;2251,77
4687;0,2;79;306,055;284,878;283;330;556,091;554,188;60;283,107;;2251,15
4688;0,2;79,5;306,011;284,885;283;330;556,047;554,109;60;283,11;;2250,25
4689;0,2;79;306,076;284,91;283;330;556,084;554,065;60;283,112;;2249,21
4690;0,2;80;306,199;284,91;283;330;556,033;554,203;60;283,115;;2245,22
4691;0,2;78,5;306,04;284,878;283;330;555,99;554,109;60;283,114;;2243,64
4692;0,2;78,5;305,744;284,86;283;330;555,903;554,109;60;283,113;;2243,64
4693;0,2;79,5;305,65;284,885;283;330;555,888;554,109;60;283,116;;2242,74
4694;0,2;80;305,512;284,878;283;330;555,99;554,065;60;283,116;;2242,7
4695;0,2;80,5;305,476;284,867;283;330;555,99;554,109;60;283,116;;2242,3
4696;0,2;83;305,483;284,831;283;330;556,105;554,174;60;283,12;;2241,47
4697;0,2;85;305,577;284,871;283;330;556,04;554,225;60;283,118;;2239,95
4698;0,2;86;305,736;284,921;283;330;556,134;554,253;60;283,116;;2239,32
4699;0,2;86,5;305,852;284,939;283;330;556,156;554,391;60;283,114;;2238,86
4700;0,2;87;305,194;284,914;283;330;556,308;554,405;60;283,116;;2238,35
4701;0,2;93;305,078;284,943;283;330;556,424;554,507;60;283,117;;2235,88
4702;0,2;98,5;304,984;284,997;283;330;556,424;554,543;60;283,118;;2235,11
4703;0,2;103;305,049;284,885;283;330;556,424;554,543;60;283,118;;2234,12
4704;0,2;104;305,15;284,874;283;330;556,424;554,449;60;283,123;;2233,2
4705;0,2;105;305,245;284,719;283;330;556,387;554,499;60;283,128;;2232,31
4706;0,2;105,5;305,179;284,726;283;330;556,38;554,499;60;283,129;;2232,31
4707;0,2;105,5;305,078;284,74;283;330;556,366;554,42;60;283,127;;2230,91
4708;0,2;102;304,991;284,744;283;330;556,214;554,348;60;283,128;;2228,94
4709;0,2;100;304,999;284,726;283;330;556,134;554,261;60;283,134;;2227,54
4710;0,2;102,5;305,143;284,729;283;330;556,178;554,304;60;283,132;;2225,95
4711;0,2;99,5;305,245;284,748;283;330;556,228;554,398;60;283,128;;2225,67
4712;0,2;98;305,194;284,762;283;330;556,344;554,398;60;283,126;;2225,24
4713;0,2;100,5;305,114;284,758;283;330;556,424;554,499;60;283,125;;2224,64
4714;0,2;100;305,02;284,758;283;330;556,38;554,427;60;283,125;;2223,42
4715;0,2;98;304,991;284,787;283;330;556,416;554,442;60;283,122;;2220,75
4716;0,2;100;305,107;284,805;283;330;556,293;554,442;60;283,119;;2219,86
4717;0,2;101;305,23;284,816;283;330;556,395;554,434;60;283,117;;2219,86
4718;0,2;99,5;305,216;284,766;283;330;556,279;554,384;60;283,115;;2219,19
4719;0,2;99;305,114;284,776;283;330;556,178;554,253;60;283,116;;2218,92
4720;0,2;100;305,013;284,805;283;330;556,185;554,21;60;283,114;;2217,73
4721;0,2;99;304,999;284,845;283;330;556,134;554,123;60;283,111;;2214,85
4722;0,2;100;305,114;284,831;283;330;556,17;554,167;60;283,109;;2212,69
4723;0,2;103,5;305,23;284,823;283;330;556,192;554,232;60;283,108;;2212,19
4724;0,2;105;305,216;284,82;283;330;556,134;554,225;60;283,107;;2212,19
4725;0,2;105;305,107;284,881;283;330;556,199;554,253;60;283,106;;2211,8
4726;0,2;107;304,999;284,867;283;330;556,279;554,253;60;283,106;;2209,9
4727;0,2;107;305,245;284,842;283;330;556,279;554,275;60;283,105;;2209,28
4728;0,2;99,5;305,621;284,845;283;330;556,279;554,398;60;283,099;;2208,48
4729;0,2;91;305,664;284,816;283;330;556,279;554,398;60;283,099;;2207,1
4730;0,2;91;305,65;284,838;283;330;556,257;554,355;60;283,099;;2206,94
4731;0,2;92,5;305,592;284,842;283;330;556,214;554,34;60;283,098;;2206,94
4732;0,2;88;305,556;284,871;283;330;556,192;554,253;60;283,098;;2204,69
4733;0,2;84,5;305,44;284,827;283;330;556,279;554,376;60;283,095;;2202,38
4734;0,2;90;305,476;284,871;283;330;556,279;554,398;60;283,094;;2201,91
4735;0,2;94,5;305,534;284,86;283;330;556,33;554,34;60;283,092;;2201,35
4736;0,2;91,5;305,635;284,849;283;330;556,416;554,398;60;283,089;;2201,35
4737;0,2;91;305,642;284,842;283;330;556,286;554,442;60;283,09;;2201,06
4738;0,2;89,5;305,556;284,834;283;330;556,279;554,442;60;283,09;;2200,42
4739;0,2;90;305,462;284,809;283;330;556,279;554,442;60;283,086;;2199,06
4740;0,2;93,5;305,389;284,798;283;330;556,279;554,398;60;283,086;;2197,05
4741;0,2;98,5;305,346;284,791;283;330;556,279;554,333;60;283,088;;2196,7
4742;0,2;100,5;305,367;284,798;283;330;556,185;554,217;60;283,089;;2196,7
4743;0,2;99,5;305,454;284,798;283;330;556,156;554,188;60;283,089;;2195,8
4744;0,2;98;305,599;284,838;283;330;556,113;554,203;60;283,089;;2194,4
4745;0,2;97,5;305,642;284,849;283;330;556,047;554,253;60;283,091;;2193,55
4746;0,2;97;305,563;284,849;283;330;556,084;554,253;60;283,089;;2191,13
4747;0,2;97,5;305,483;284,885;283;330;556,134;554,319;60;283,09;;2190,23
4748;0,2;98;305,433;284,874;283;330;556,25;554,398;60;283,091;;2190,23
4749;0,2;100;305,425;284,86;283;330;556,366;554,463;60;283,089;;2190,23
4750;0,2;100;305,519;284,867;283;330;556,387;554,499;60;283,087;;2190,16
4751;0,2;98,5;305,613;284,867;283;330;556,416;554,463;60;283,081;;2188,99
4752;0,2;98;305,686;284,867;283;330;556,344;554,398;60;283,075;;2187,04
4753;0,2;97;305,686;284,878;283;330;556,424;554,528;60;283,07;;2186,52
4754;0,2;100,5;305,664;284,899;283;330;556,373;554,507;60;283,066;;2186,01
4755;0,2;100;305,621;284,918;283;330;556,373;554,47;60;283,063;;2185,59
4756;0,2;102;305,454;284,867;283;330;556,402;554,485;60;283,058;;2185,46
4757;0,2;104;305,99;285,041;283;330;556,279;554,492;60;283,058;;2182,73
4758;0,2;100;306,033;285,026;283;330;556,366;554,456;60;283,056;;2180,22
4759;0,2;94,5;306,17;284,997;283;330;556,416;554,543;60;283,055;;2179,81
4760;0,2;92;306,236;284,867;283;330;556,38;554,543;60;283,054;;2179,09
4761;0,2;92;306,098;284,755;283;330;556,424;554,499;60;283,053;;2178,93
4762;0,2;92;306,033;284,74;283;330;556,424;554,492;60;283,055;;2178,06
4763;0,2;92,5;306,033;284,758;283;330;556,293;554,456;60;283,056;;2176,24
4764;0,2;92,5;306,113;284,758;283;330;556,424;554,543;60;283,057;;2174,57
4765;0,2;93;306,214;284,766;283;330;556,424;554,499;60;283,06;;2174,48
4766;0,2;92;306,228;284,889;283;330;556,373;554,456;60;283,062;;2173,81
4767;0,2;92;306,163;284,856;283;330;556,293;554,485;60;283,066;;2173,41
4768;0,2;94;306,076;284,965;283;330;556,279;554,47;60;283,07;;2171,87
4769;0,2;92;306,055;284,965;283;330;556,279;554,463;60;283,073;;2169,85
4770;0,2;92,5;306,069;284,946;283;330;556,279;554,449;60;283,076;;2168,94
4771;0,2;92;306,178;284,903;283;330;556,409;554,442;60;283,079;;2166,86
4772;0,2;92;306,315;284,928;283;330;556,286;554,398;60;283,081;;2165,21
4773;0,2;92;306,243;284,914;283;330;556,279;554,398;60;283,084;;2165,21
4774;0,2;92;306,105;284,914;283;330;556,344;554,398;60;283,092;;2165,21
4775;0,2;90,5;305,975;284,907;283;330;556,395;554,398;60;283,099;;2163,29
4776;0,2;86,5;306,04;284,863;283;330;556,416;554,463;60;283,102;;2161,68
4777;0,2;87;306,199;284,856;283;330;556,424;554,47;60;283,11;;2159,62
4778;0,2;86,5;306,293;284,903;283;330;556,424;554,528;60;283,119;;2159,12
4779;0,2;83;305,975;284,993;283;330;556,445;554,543;60;283,121;;2159,12
4780;0,2;81;305,736;284,892;283;330;556,474;554,543;60;283,131;;2158,75
4781;0,2;87,5;305,816;285,004;283;330;556,568;554,615;60;283,14;;2157,91
4782;0,2;89;305,744;284,997;283;330;556,619;554,688;60;283,147;;2155,34
4783;0,2;91,5;305,729;284,997;283;330;556,648;554,688;60;283,152;;2152,94
4784;0,2;93;305,83;285,012;283;330;556,713;554,745;60;283,157;;2152,75
4785;0,2;92,5;305,968;285,015;283;330;556,706;554,81;60;283,162;;2152,75
4786;0,2;85;306,033;285,022;283;330;556,561;554,688;60;283,164;;2152,75
4787;0,2;77,5;305,99;285,037;283;330;556,402;554,557;60;283,171;;2151,96
4788;0,2;81;305,946;285,041;283;330;556,359;554,492;60;283,176;;2149,91
4789;0,2;78,5;305,903;285,012;283;330;556,337;554,543;60;283,178;;2148,95
4790;0,2;75,5;305,823;285,026;283;330;556,33;554,594;60;283,181;;2147,93
4791;0,2;76,5;305,765;284,997;283;330;556,424;554,572;60;283,182;;2147,21
4792;0,2;69;305,845;285,004;283;330;556,424;554,601;60;283,185;;2147,21
4793;0,2;67;305,939;285,127;283;330;556,424;554,688;60;283,183;;2146,4
4794;0,2;64;306,018;285,135;283;330;556,474;554,644;60;283,181;;2143,23
4795;0,2;62;306,026;285,138;283;330;556,568;554,688;60;283,177;;2141,68
4796;0,2;63,5;305,946;285,145;283;330;556,568;554,637;60;283,173;;2141,68
4797;0,2;72,5;305,888;285,153;283;330;556,532;554,543;60;283,164;;2141,68
4798;0,2;74;305,042;285,149;283;330;556,424;554,543;60;283,157;;2141,68
4799;0,2;77,5;304,977;285,124;283;330;556,373;554,463;60;283,15;;2140,96
4800;0,2;80;305,035;285,124;283;330;556,337;554,442;60;283,14;;2138,91
4801;0,2;83,5;305,143;285,135;283;330;556,337;554,398;60;283,134;;2135,59
4802;0,2;83;305,245;285,138;283;330;556,387;554,398;60;283,13;;2134,85
4803;0,2;85;305,187;285,149;283;330;556,373;554,398;60;283,12;;2134,3
4804;0,2;89;305,085;285,153;283;330;556,359;554,398;60;283,111;;2134,23
4805;0,2;91;304,731;285,149;283;330;556,279;554,398;60;283,102;;2133,12
4806;0,2;91;304,514;285,127;283;330;556,156;554,398;60;283,093;;2132,46
4807;0,2;97;304,63;285,12;283;330;556,221;554,398;60;283,087;;2131,5
4808;0,2;107,5;304,731;285,127;283;330;556,279;554,398;60;283,079;;2128,78
4809;0,2;111;304,745;285,138;283;330;556,221;554,355;60;283,07;;2128,78
4810;0,2;113;304,673;285,142;283;330;556,105;554,246;60;283,06;;2128,7
4811;0,2;121;304,63;285,149;283;330;556,076;554,109;60;283,05;;2127,43
4812;0,2;124,5;304,593;285,156;283;330;556,084;554,152;60;283,044;;2126,9
4813;0,2;125;304,579;285,145;283;330;555,99;554,109;60;283,04;;2124,04
4814;0,2;125,5;304,579;285,127;283;330;555,99;554,109;60;283,036;;2123,85
4815;0,2;126,5;304,637;285,12;283;330;556,018;554,109;60;283,03;;2123,85
4816;0,2;126,5;304,767;285,127;283;330;556,047;554,109;60;283,025;;2123,85
4817;0,2;128,5;305,02;285,138;283;330;556,178;554,188;60;283,023;;2123,85
4818;0,2;132,5;305,187;285,145;283;330;556,192;554,297;60;283,019;;2121,23
4819;0,2;130;305,093;285,153;283;330;556,279;554,398;60;283,016;;2118,96
4820;0,2;125,5;304,984;285,153;283;330;556,279;554,398;60;283,014;;2118,48
4821;0,2;125;305,064;285,229;283;330;556,279;554,398;60;283,013;;2118,19
4822;0,2;127;305,237;285,279;283;330;556,279;554,398;60;283,011;;2118,15
4823;0,2;128,5;305,469;285,239;283;330;556,279;554,398;60;283,01;;2117,49
4824;0,2;127,5;305,476;285,247;283;330;556,279;554,398;60;283,007;;2115,23
4825;0,2;116,5;305,44;285,261;283;330;556,185;554,398;60;283,003;;2112,64
4826;0,2;113;305,563;285,395;283;330;556,141;554,268;60;283,003;;2110,93
4827;0,2;114,5;305,635;285,279;283;330;556,113;554,167;60;283,003;;2109,7
4828;0,2;117,5;306,019;285,286;283;330;556,134;554,159;60;283,003;;2109,69
4829;0,2;114;306,091;285,29;283;330;556,134;554,188;60;283,001;;2109,08
4830;0,2;110;306,228;285,221;283;330;555,99;554,109;60;282,999;;2108,48
4831;0,2;109,5;306,279;285,142;283;330;555,99;554,109;60;282,996;;2107,85
4832;0,2;107,5;306,51;285,127;283;330;556,018;554,109;60;282,991;;2106,29
4833;0,2;106,5;306,793;285,131;283;330;556,134;554,145;60;282,984;;2105,41
4834;0,2;106;306,503;285,135;283;330;556,127;554,145;60;282,977;;2105,41
4835;0,2;101,5;306,778;285,518;283;330;556,091;554,167;60;282,97;;2104,03
4836;0,2;97,5;306,887;285,518;283;330;556,17;554,246;60;282,964;;2103,19
4837;0,2;95;306,937;285,529;283;330;556,105;554,203;60;282,957;;2101,51
4838;0,2;92,5;307,017;285,156;283;330;556,127;554,21;60;282,95;;2099,68
4839;0,2;91,5;306,966;285,145;283;330;556,047;554,167;60;282,944;;2099,22
4840;0,2;98,5;307,039;285,124;283;330;556,134;554,203;60;282,941;;2098,75
4841;0,2;99,5;307,089;285,127;283;330;556,134;554,253;60;282,938;;2098,75
4842;0,2;95;307,031;285,135;283;330;556,178;554,253;60;282,933;;2098,38
4843;0,2;92;307,111;285,145;283;330;556,134;554,304;60;282,929;;2096,13
4844;0,2;91;307,234;285,149;283;330;556,12;554,217;60;282,926;;2094,01
4845;0,2;92,5;307,292;285,156;283;330;555,99;554,109;60;282,923;;2093,92
4846;0,2;92,5;307,234;285,138;283;330;555,953;553,986;60;282,92;;2093,92
4847;0,2;92,5;307,147;285,124;283;330;555,852;553,899;60;282,919;;2093,68
4848;0,2;92;307,046;285,127;283;330;555,83;553,848;60;282,918;;2093,21
4849;0,2;92;307,053;285,135;283;330;555,686;553,776;60;282,917;;2091,65
4850;0,2;92;307,161;285,142;283;330;555,556;553,718;60;282,921;;2090,81
4851;0,2;92;307,241;285,153;283;330;555,556;553,675;60;282,92;;2089,55
4852;0,2;97;307,277;285,153;283;330;555,411;553,675;60;282,924;;2089,24
4853;0,2;98;307,198;285,127;283;330;555,411;553,545;60;282,929;;2088,91
4854;0,2;97;307,133;285,124;283;330;555,288;553,4;60;282,935;;2087,35
4855;0,2;99;307,046;285,127;283;330;555,324;553,385;60;282,938;;2086,4
4856;0,2;100;307,067;285,135;283;330;555,404;553,458;60;282,945;;2085,58
4857;0,2;98;307,19;285,142;283;330;555,469;553,53;60;282,952;;2083,15
4858;0,2;97;307,292;285,149;283;330;555,556;553,631;60;282,957;;2081,93
4859;0,2;99;307,27;285,153;283;330;555,476;553,581;60;282,965;;2081,74
4860;0,2;98;307,176;285,127;283;330;555,411;553,53;60;282,97;;2080,56
4861;0,2;95;307,111;285,12;283;330;555,411;553,53;60;282,978;;2079,9
4862;0,2;93;307,053;285,131;283;330;555,411;553,487;60;282,983;;2077,93
4863;0,2;91,5;307,14;285,135;283;330;555,411;553,385;60;282,993;;2076,49
4864;0,2;88,5;306,872;285,142;283;330;555,331;553,385;60;282,998;;2076,49
4865;0,2;83,5;306,554;285,153;283;330;555,31;553,385;60;283,003;;2076,16
4866;0,2;90,5;306,518;285,153;283;330;555,288;553,422;60;283,008;;2074,85
4867;0,2;94,5;306,438;285,131;283;330;555,295;553,378;60;283,016;;2073,52
4868;0,2;93,5;306,387;285,124;283;330;555,295;553,328;60;283,022;;2072,72
4869;0,2;92,5;306,322;285,131;283;330;555,324;553,414;60;283,029;;2070,63
4870;0,2;96,5;306,243;285,138;283;330;555,281;553,385;60;283,036;;2070,43
4871;0,2;91,5;306,214;285,142;283;330;555,411;553,429;60;283,038;;2070,43
4872;0,2;83;306,279;285,149;283;330;555,367;553,436;60;283,041;;2070,43
4873;0,2;79;306,373;285,156;283;330;555,281;553,385;60;283,042;;2067,52
4874;0,2;78;306,453;285,135;283;330;555,223;553,313;60;283,044;;2065,66
4875;0,2;81;306,482;285,12;283;330;555,165;553,241;60;283,043;;2064,09
4876;0,2;82,5;306,431;285,127;283;330;555,15;553,241;60;283,041;;2062,11
4877;0,2;84;306,366;285,135;283;330;555,266;553,291;60;283,041;;2062,11
4878;0,2;82,5;306,525;284,849;283;330;555,266;553,364;60;283,04;;2062,11
4879;0,2;76;306,004;284,852;283;330;555,324;553,342;60;283,043;;2060,81
4880;0,2;78,5;306,04;284,871;283;330;555,317;553,385;60;283,042;;2058,51
4881;0,2;87,5;306,185;284,968;283;330;555,44;553,53;60;283,039;;2057,95
4882;0,2;91;306,228;284,954;283;330;555,418;553,53;60;283,035;;2056,24
4883;0,2;91,5;306,17;284,928;283;330;555,411;553,53;60;283,034;;2055,83
4884;0,2;91;306,084;284,889;283;330;555,411;553,487;60;283,033;;2055,3
4885;0,2;91,5;305,99;284,918;283;330;555,411;553,53;60;283,03;;2053,1
4886;0,2;91,5;305,99;284,939;283;330;555,411;553,53;60;283,031;;2053,1
4887;0,2;91;306,12;284,928;283;330;555,411;553,53;60;283,028;;2053,1
4888;0,2;91,5;306,221;284,928;283;330;555,411;553,53;60;283,025;;2052,61
4889;0,2;92;306,185;284,932;283;330;555,411;553,53;60;283,023;;2052,19
4890;0,2;93;306,084;284,918;283;330;555,339;553,508;60;283,02;;2052,19
4891;0,2;91,5;305,816;284,921;283;330;555,266;553,436;60;283,018;;2051,52
4892;0,2;92,5;305,621;284,928;283;330;555,266;553,385;60;283,019;;2050,21
4893;0,2;93;305,736;284,932;283;330;555,266;553,429;60;283,022;;2048,56
4894;0,2;94;305,838;284,921;283;330;555,31;553,385;60;283,024;;2048,56
4895;0,2;101,5;305,874;284,899;283;330;555,223;553,32;60;283,026;;2048,56
4896;0,2;113;305,802;284,892;283;330;555,172;553,161;60;283,026;;2048,56
4897;0,2;114,5;305,751;284,899;283;330;555,013;553,096;60;283,03;;2048,56
4898;0,2;113,5;305,671;284,914;283;330;555,1;553,234;60;283,035;;2044,71
4899;0,2;111,5;305,592;284,903;283;330;555,245;553,32;60;283,041;;2043,9
4900;0,2;109,5;305,556;284,896;283;330;555,179;553,241;60;283,048;;2043,9
4901;0,2;104,5;305,556;284,881;283;330;555,064;553,038;60;283,051;;2043,9
4902;0,2;100;305,534;284,82;283;330;554,955;552,951;60;283,055;;2043,9
4903;0,2;106;305,541;284,82;283;330;554,832;552,807;60;283,057;;2042,02
4904;0,2;110;306,236;284,816;283;330;554,832;552,807;60;283,057;;2037,96
4905;0,2;103;306,134;284,809;283;330;554,89;552,966;60;283,061;;2037,17
4906;0,2;90,5;306,047;284,82;283;330;554,977;552,959;60;283,063;;2036,47
4907;0,2;90,5;305,997;284,907;283;330;554,977;552,995;60;283,065;;2034,98
4908;0,2;89,5;306,062;285,004;283;330;554,977;553,053;60;283,066;;2034,98
4909;0,2;85,5;306,17;285,001;283;330;555,02;553,045;60;283,068;;2032,81
4910;0,2;84;306,243;285,008;283;330;554,89;553,096;60;283,071;;2030,69
4911;0,2;85;306,236;285,015;283;330;555,006;553,053;60;283,073;;2030,5
4912;0,2;84;306,141;285,026;283;330;554,999;552,995;60;283,074;;2028,04
4913;0,2;81,5;306,055;285,03;283;330;554,796;552,814;60;283,077;;2028,04
4914;0,2;82;306,062;284,918;283;330;554,63;552,669;60;283,08;;2028,04
4915;0,2;81;306,062;284,939;283;330;554,427;552,467;60;283,082;;2027,7
4916;0,2;80;306,178;284,918;283;330;554,398;552,416;60;283,084;;2025,8
4917;0,2;80;305,642;284,784;283;330;554,261;552,329;60;283,086;;2023,77
4918;0,2;81;305,57;284,784;283;330;554,297;552,373;60;283,085;;2023,52
4919;0,2;87,5;305,498;284,787;283;330;554,253;552,409;60;283,088;;2023,52
4920;0,2;85;305,404;284,802;283;330;554,34;552,467;60;283,09;;2022,8
4921;0,2;88;305,353;284,798;283;330;554,384;552,438;60;283,091;;2022,62
4922;0,2;91,5;305,353;284,766;283;330;554,442;552,59;60;283,092;;2021,52
4923;0,2;92,5;305,606;284,885;283;330;554,543;552,662;60;283,093;;2019,64
4924;0,2;92;305,469;284,776;283;330;554,651;552,662;60;283,093;;2017,78
4925;0,2;94;305,519;284,758;283;330;554,688;552,662;60;283,094;;2017,06
4926;0,2;96;305,744;284,878;283;330;554,644;552,662;60;283,097;;2017,02
4927;0,2;87,5;305,411;284,748;283;330;554,688;552,662;60;283,102;;2016,14
4928;0,2;83;305,367;284,733;283;330;554,579;552,575;60;283,106;;2014,23
4929;0,2;89;305,541;284,86;283;330;554,507;552,525;60;283,112;;2012,55
4930;0,2;92;305,49;284,993;283;330;554,442;552,474;60;283,119;;2011,32
4931;0,2;92;305,78;284,983;283;330;554,55;552,568;60;283,128;;2009,95
4932;0,2;91,5;305,859;284,975;283;330;554,644;552,648;60;283,136;;2009,72
4933;0,2;92;305,932;284,99;283;330;554,753;552,749;60;283,143;;2008,85
4934;0,2;90,5;305,968;284,993;283;330;554,832;552,821;60;283,146;;2006,81
4935;0,2;82;306,004;284,986;283;330;554,832;552,828;60;283,153;;2005,16
4936;0,2;74,5;305,932;284,99;283;330;554,876;552,93;60;283,156;;2003,97
4937;0,2;73;305,881;285,008;283;330;554,926;552,951;60;283,159;;2003,97
4938;0,2;78;305,787;284,993;283;330;554,832;552,951;60;283,161;;2003,97
4939;0,2;79;305,729;284,972;283;330;554,876;552,951;60;283,164;;2002,78
4940;0,2;78,5;305,758;284,946;283;330;554,839;552,951;60;283,167;;2001,17
4941;0,2;79;305,172;284,918;283;330;554,876;552,951;60;283,166;;1999,98
4942;0,2;79;305,252;284,903;283;330;554,897;552,951;60;283,166;;1997,45
4943;0,2;78,5;305,201;284,95;283;330;554,977;552,988;60;283,167;;1996,76
4944;0,2;79;305,114;284,914;283;330;554,977;552,951;60;283,165;;1995,88
4945;0,2;78,5;305,02;285,048;283;330;554,977;552,951;60;283,167;;1994,96
4946;0,2;79;304,991;285,156;283;330;554,977;552,995;60;283,161;;1994,82
4947;0,2;79;305,107;285,142;283;330;554,926;552,951;60;283,154;;1993,07
4948;0,2;79;305,187;285,127;283;330;554,926;552,951;60;283,148;;1992,26
4949;0,2;79,5;305,245;285,127;283;330;554,832;552,828;60;283,142;;1991,78
4950;0,2;78,5;305,15;285,135;283;330;554,818;552,807;60;283,137;;1990,46
4951;0,2;79;305,042;285,142;283;330;554,731;552,756;60;283,133;;1990,46
4952;0,2;79;304,984;285,149;283;330;554,688;552,807;60;283,13;;1989,92
4953;0,2;79;304,709;285,156;283;330;554,688;552,807;60;283,126;;1987,22
4954;0,2;79;304,832;285,142;283;330;554,673;552,771;60;283,124;;1986,34
4955;0,2;88;304,933;285,12;283;330;554,659;552,799;60;283,115;;1986,34
4956;0,2;100;304,955;285,127;283;330;554,688;552,756;60;283,106;;1986,34
4957;0,2;102,5;304,89;285,131;283;330;554,738;552,872;60;283,096;;1986,34
4958;0,2;99,5;304,832;285,142;283;330;554,832;552,951;60;283,089;;1985,53
4959;0,2;100;304,782;285,145;283;330;554,832;552,951;60;283,084;;1984,85
4960;0,2;111,5;304,731;285,149;283;330;554,753;552,908;60;283,078;;1981,76
4961;0,2;112;304,745;285,153;283;330;554,688;552,742;60;283,07;;1980,95
4962;0,2;113,5;304,868;285,138;283;330;554,637;552,582;60;283,062;;1980,95
4963;0,2;117,5;304,709;285,124;283;330;554,543;552,517;60;283,055;;1980,81
4964;0,2;115;304,492;285,127;283;330;554,463;552,51;60;283,049;;1980,05
4965;0,2;111;304,442;285,135;283;330;554,449;552,474;60;283,044;;1977,66
4966;0,2;111;304,348;285,135;283;330;554,536;552,467;60;283,039;;1975,16
4967;0,2;112,5;304,311;285,145;283;330;554,398;552,488;60;283,036;;1973,92
4968;0,2;124,5;304,304;285,149;283;330;554,42;552,467;60;283,032;;1973,2
4969;0,2;130;304,405;285,156;283;330;554,456;552,459;60;283,026;;1972,88
4970;0,2;133,5;304,514;285,149;283;330;554,543;552,481;60;283,023;;1972,13
4971;0,2;128,5;304,579;285,127;283;330;554,456;552,488;60;283,023;;1971,98
4972;0,2;131,5;304,543;285,12;283;330;554,398;552,409;60;283,021;;1969,46
4973;0,2;135;304,442;285,127;283;330;554,449;552,459;60;283,019;;1968,96
4974;0,2;135;305,02;285,131;283;330;554,449;552,438;60;283,017;;1968,54
4975;0,2;140,5;304,999;285,142;283;330;554,442;552,517;60;283,016;;1968,54
4976;0,2;133;305,114;285,149;283;330;554,456;552,481;60;283,018;;1968,54
4977;0,2;123,5;305,23;285,153;283;330;554,499;552,517;60;283,02;;1965,37
4978;0,2;122;305,179;285,145;283;330;554,514;552,467;60;283,018;;1961,29
4979;0,2;122;305,498;285,145;283;330;554,492;552,402;60;283,016;;1960,75
4980;0,2;116,5;305,483;285,124;283;330;554,492;552,488;60;283,015;;1960,39
4981;0,2;112;305,621;285,127;283;330;554,398;552,431;60;283,014;;1960,24
4982;0,2;108,5;305,953;285,138;283;330;554,398;552,365;60;283,015;;1959,22
4983;0,2;111;306,192;285,142;283;330;554,268;552,206;60;283,014;;1958,99
4984;0,2;103,5;306,25;285,149;283;330;554,116;552,177;60;283,015;;1958,99
4985;0,2;98,5;306,293;285,153;283;330;554,044;551,997;60;283,013;;1955,25
4986;0,2;97;306,351;285,153;283;330;553,841;551,888;60;283,012;;1954,52
4987;0,2;93,5;306,467;285,135;283;330;553,819;551,794;60;283,011;;1954,52
4988;0,2;88;306,416;285,12;283;330;553,819;551,794;60;283,01;;1954,52
4989;0,2;87;306,496;285,127;283;330;553,819;551,881;60;283,009;;1954,32
4990;0,2;84;306,503;285,131;283;330;553,885;551,845;60;283,008;;1951,03
4991;0,2;83,5;306,59;285,145;283;330;553,964;551,997;60;283,008;;1949,16
4992;0,2;80,5;306,633;285,149;283;330;553,964;552,047;60;283,007;;1949,16
4993;0,2;80,5;307,248;285,153;283;330;554,058;552,083;60;283,006;;1948,67
4994;0,2;80;307,19;285,145;283;330;553,964;552,083;60;283,01;;1948,44
4995;0,2;72,5;307,067;285,12;283;330;554,08;552,083;60;283,008;;1947,8
4996;0,2;69;306,706;285,127;283;330;554,109;552,083;60;283,007;;1944,1
4997;0,2;68;306,431;285,131;283;330;554,116;552,199;60;283,007;;1942,94
4998;0,2;73;306,568;285,142;283;330;554,268;552,308;60;283,005;;1942,19
4999;0,2;77,5;306,633;285,145;283;330;554,398;552,474;60;283,005;;1942,19
5000;0,2;79,5;306,633;285,156;283;330;554,478;552,517;60;283,005;;1942,19
5001;0,2;79;306,626;285,142;283;330;554,543;552,561;60;283,005;;1942,03
5002;0,2;81;306,547;285,127;283;330;554,543;552,517;60;283,005;;1941,47
5003;0,2;80,5;306,474;285,124;283;330;554,478;552,474;60;283,005;;1939,16
5004;0,2;79,5;306,25;285,131;283;330;554,398;552,365;60;283,005;;1937,32
5005;0,2;84;306,12;285,138;283;330;554,268;552,228;60;283,002;;1936,91
5006;0,2;89;306,199;285,142;283;330;554,159;552,156;60;282,996;;1936,64
5007;0,2;92;306,308;285,149;283;330;554,044;551,997;60;282,989;;1935,46
5008;0,2;93;306,185;285,153;283;330;553,921;551,939;60;282,988;;1933,17
5009;0,2;96,5;306,084;285,131;283;330;553,841;551,881;60;282,987;;1931,68
5010;0,2;98;306,019;285,12;283;330;553,682;551,686;60;282,98;;1930,55
5011;0,2;98;305,707;285,124;283;330;553,624;551,649;60;282,974;;1930,55
5012;0,2;99,5;305,802;285,131;283;330;553,545;551,606;60;282,975;;1930,55
5013;0,2;103,5;305,881;285,142;283;330;553,385;551,505;60;282,976;;1930,55
5014;0,2;106;305,924;285,145;283;330;553,248;551,44;60;282,977;;1929,45
5015;0,2;113,5;305,924;285,149;283;330;553,291;551,396;60;282,976;;1927,89
5016;0,2;114;305,65;285,156;283;330;553,385;551,461;60;282,979;;1926,89
5017;0,2;113,5;305,353;285,135;283;330;553,508;551,512;60;282,98;;1926,23
5018;0,2;112;305,295;285,12;283;330;553,573;551,649;60;282,981;;1925,55
5019;0,2;111;305,237;285,124;283;330;553,718;551,722;60;282,981;;1925,55
5020;0,2;113;305,216;285,127;283;330;553,834;551,837;60;282,984;;1922,98
5021;0,2;123,5;305,237;285,138;283;330;553,921;551,931;60;282,983;;1920,22
5022;0,2;125;305,324;285,145;283;330;554,044;551,997;60;282,984;;1918,57
5023;0,2;126;305,44;285,156;283;330;554,145;552,141;60;282,982;;1916,92
5024;0,2;121,5;305,874;285,145;283;330;554,253;552,148;60;282,982;;1916,92
5025;0,2;116,5;306,207;285,12;283;330;554,239;552,228;60;282,982;;1916,23
5026;0,2;116,5;306,134;285,124;283;330;554,145;552,177;60;282,977;;1915,91
5027;0,2;106,5;306,047;285,135;283;330;554,145;552,148;60;282,974;;1915,69
5028;0,2;99,5;305,961;285,135;283;330;554,159;552,199;60;282,968;;1913,23
5029;0,2;100;306,04;285,145;283;330;554,196;552,214;60;282,96;;1913,03
5030;0,2;100;306,178;285,153;283;330;554,109;552,091;60;282,953;;1912,61
5031;0,2;98;306,214;285,153;283;330;554,109;552,04;60;282,947;;1912,14
5032;0,2;102;306,149;285,135;283;330;554,102;552,083;60;282,941;;1912,14
5033;0,2;105;306,308;285,12;283;330;553,964;551,96;60;282,936;;1909,31
5034;0,2;106;306,489;285,127;283;330;553,964;551,939;60;282,932;;1907,5
5035;0,2;106,5;306,431;285,135;283;330;553,964;551,997;60;282,931;;1906,82
5036;0,2;106;306,438;284,972;283;330;554,051;552,083;60;282,927;;1906,82
5037;0,2;104,5;306,532;285,145;283;330;554,116;552,112;60;282,924;;1906,82
5038;0,2;100,5;306,626;285,149;283;330;554,232;552,228;60;282,921;;1905,81
5039;0,2;98;306,684;285,153;283;330;554,138;552,091;60;282,922;;1903,92
5040;0,2;99,5;306,691;285,124;283;330;554,174;552,214;60;282,924;;1898,32
5041;0,2;104;306,67;284,928;283;330;554,159;552,156;60;282,926;;1897,77
5042;0,2;100,5;306,597;284,827;283;330;554,253;552,228;60;282,929;;1897,44
5043;0,2;100;306,51;284,816;283;330;554,319;552,279;60;282,933;;1895,53
5044;0,2;103,5;306,51;284,838;283;330;554,398;552,228;60;282,94;;1889,48
5045;0,2;104,5;306,561;284,845;283;330;554,398;552,337;60;282,944;;1889,48
5046;0,2;101;306,597;284,831;283;330;554,405;552,452;60;282,95;;1889,48
5047;0,2;100;306,706;284,827;283;330;554,543;552,517;60;282,957;;1889,48
5048;0,2;100;306,698;284,809;283;330;554,543;552,517;60;282,964;;1889,48
5049;0,2;100;306,944;285,041;283;330;554,499;552,452;60;282,974;;1889,48
5050;0,2;98;307,125;285,037;283;330;554,492;552,416;60;282,981;;1889,48
5051;0,2;98,5;307,089;284,889;283;330;554,398;552,373;60;282,987;;1889,04
5052;0,2;92,5;307,038;285,004;283;330;554,282;552,235;60;282,994;;1887,72
5053;0,2;85,5;307,147;285,015;283;330;554,253;552,228;60;283,003;;1887,72
5054;0,2;80,5;306,981;285,019;283;330;554,21;552,156;60;283,013;;1887,72
5055;0,2;78,5;307,01;285,015;283;330;554,109;552,083;60;283,019;;1887,72
5056;0,2;84,5;307,002;285,019;283;330;554,044;552,033;60;283,025;;1887,57
5057;0,2;90,5;306,995;285,026;283;330;553,964;551,939;60;283,033;;1884,91
5058;0,2;82;306,93;285,03;283;330;553,921;551,939;60;283,04;;1882,14
5059;0,2;75,5;306,8;285,041;283;330;553,863;551,939;60;283,046;;1880,07
5060;0,2;79;306,749;285,041;283;330;553,819;551,895;60;283,05;;1879,9
5061;0,2;79;306,785;285,026;283;330;553,819;551,794;60;283,055;;1879,9
5062;0,2;75,5;306,916;285,008;283;330;553,819;551,794;60;283,057;;1879,9
5063;0,2;76;306,988;285,008;283;330;553,819;551,823;60;283,06;;1879,51
5064;0,2;78;307,017;285,015;283;330;553,819;551,939;60;283,064;;1878,54
5065;0,2;71;306,597;284,903;283;330;553,885;551,939;60;283,069;;1876,39
5066;0,2;65,5;306,156;284,903;283;330;553,964;551,982;60;283,075;;1876,37
5067;0,2;71,5;306,076;285,022;283;330;554,008;552,047;60;283,075;;1876,37
5068;0,2;76;305,99;284,762;283;330;554,116;552,134;60;283,077;;1875,61
5069;0,2;77;306,141;284,769;283;330;554,203;552,127;60;283,079;;1875,14
5070;0,2;77,5;306,279;284,766;283;330;554,138;552,127;60;283,079;;1873,39
5071;0,2;78;305,932;284,773;283;330;554,109;552,083;60;283,081;;1870,22
5072;0,2;78;305,447;284,762;283;330;553,964;551,96;60;283,081;;1870,21
5073;0,2;78;305,367;284,733;283;330;553,95;551,902;60;283,077;;1870,21
5074;0,2;78;305,295;284,726;283;330;553,899;551,881;60;283,068;;1870,1
5075;0,2;86;305,367;284,852;283;330;553,928;551,794;60;283,063;;1868,71
5076;0,2;90,5;305,346;284,863;283;330;553,812;551,78;60;283,057;;1865,57
5077;0,2;91;305,042;284,871;283;330;553,725;551,7;60;283,054;;1862,03
5078;0,2;96;305,187;284,874;283;330;553,733;551,736;60;283,052;;1862,03
5079;0,2;103;305,252;284,885;283;330;553,819;551,837;60;283,047;;1862,03
5080;0,2;104;305,165;284,874;283;330;553,856;551,895;60;283,043;;1861,73
5081;0,2;104;305,027;284,939;283;330;553,921;551,939;60;283,04;;1860,66
5082;0,2;105,5;304,984;284,874;283;330;554,073;552,112;60;283,036;;1860,1
5083;0,2;105,5;305,071;284,892;283;330;554,109;552,127;60;283,032;;1859,4
5084;0,2;106;305,208;284,943;283;330;554,109;552,192;60;283,029;;1858,76
5085;0,2;106;305,179;284,975;283;330;554,145;552,257;60;283,026;;1858,52
5086;0,2;106;305,114;284,899;283;330;554,109;552,242;60;283,023;;1858,27
5087;0,2;107,5;304,999;284,946;283;330;554,159;552,228;60;283,021;;1856,99
5088;0,2;107,5;304,716;284,939;283;330;554,036;552,12;60;283,014;;1855,95
5089;0,2;121,5;304,796;284,95;283;330;553,913;551,924;60;283,011;;1855,29
5090;0,2;128;304,854;284,943;283;330;553,769;551,794;60;283,01;;1854,79
5091;0,2;128;304,912;284,928;283;330;553,675;551,657;60;283,006;;1854,3
5092;0,2;133,5;304,955;284,95;283;330;553,602;551,649;60;283,005;;1852,96
5093;0,2;135;305,136;284,979;283;330;553,487;551,505;60;283,005;;1851,86
5094;0,2;128,5;305,049;284,972;283;330;553,378;551,382;60;283,001;;1850,63
5095;0,2;124;304,977;284,878;283;330;553,349;551,36;60;282,999;;1848,24
5096;0,2;120;305,107;284,899;283;330;553,385;551,403;60;282,999;;1847,7
5097;0,2;120;305,194;284,892;283;330;553,335;551,36;60;282,998;;1847,55
5098;0,2;119;305,245;284,918;283;330;553,255;551,288;60;282,997;;1847,55
5099;0,2;119,5;305,245;284,921;283;330;553,096;551,215;60;282,998;;1847,3
5100;0,2;121,5;305,722;284,899;283;330;553,161;551,172;60;283,001;;1844,92
5101;0,2;122,5;305,577;284,939;283;330;553,19;551,266;60;283,004;;1844,27
5102;0,2;113;305,454;284,946;283;330;553,241;551,259;60;283,006;;1843,34
5103;0,2;108,5;305,483;284,954;283;330;553,103;551,143;60;283,007;;1843,16
5104;0,2;108,5;305,628;284,954;283;330;553,074;551,114;60;283,007;;1843,11
5105;0,2;108,5;305,997;284,939;283;330;552,93;550,926;60;283,009;;1842,13
5106;0,2;107;306,279;284,928;283;330;552,807;550,861;60;283,01;;1841,03
5107;0,2;103;306,207;284,946;283;330;552,901;550,832;60;283,01;;1836,16
5108;0,2;98;306,091;284,957;283;330;552,72;550,825;60;283,011;;1835,29
5109;0,2;95,5;306,019;284,968;283;330;552,742;550,781;60;283,014;;1835,29
5110;0,2;92;306,04;284,993;283;330;552,662;550,723;60;283,014;;1835,29
5111;0,2;91;306,149;285,012;283;330;552,662;550,637;60;283,014;;1835,13
5112;0,2;91;306,597;285,019;283;330;552,525;550,6;60;283,013;;1832,44
5113;0,2;91,5;306,503;284,748;283;330;552,517;550,571;60;283,013;;1830,16
5114;0,2;89;306,713;284,881;283;330;552,597;550,723;60;283,016;;1830,04
5115;0,2;86,5;306,373;284,729;283;330;552,662;550,832;60;283,015;;1829,55
5116;0,2;86;306,597;284,871;283;330;552,756;550,81;60;283,017;;1829,17
5117;0,2;80;306,243;284,737;283;330;552,785;550,803;60;283,018;;1828,83
5118;0,2;73;306,525;284,867;283;330;552,64;550,738;60;283,021;;1827,82
5119;0,2;73;306,554;284,751;283;330;552,64;550,781;60;283,024;;1826,6
5120;0,2;80;306,409;284,758;283;330;552,662;550,673;60;283,026;;1824,25
5121;0,2;80,5;306,503;284,784;283;330;552,611;550,637;60;283,027;;1822,27
5122;0,2;79;306,518;284,773;283;330;552,517;550,593;60;283,032;;1822,27
5123;0,2;73;306,46;284,78;283;330;552,517;550,492;60;283,036;;1821,52
5124;0,2;70,5;306,38;284,78;283;330;552,561;550,535;60;283,044;;1816,79
5125;0,2;71;306,301;284,773;283;330;552,568;550,492;60;283,051;;1813,53
5126;0,2;71,5;306,25;284,751;283;330;552,517;550,492;60;283,054;;1810,07
5127;0,2;68;306,214;284,758;283;330;552,532;550,535;60;283,056;;1810,07
5128;0,2;76;306,207;284,773;283;330;552,416;550,506;60;283,062;;1810,07
5129;0,2;77,5;306,279;284,78;283;330;552,503;550,521;60;283,07;;1810,07
5130;0,2;78,5;306,214;284,78;283;330;552,423;550,492;60;283,075;;1809,88
5131;0,2;79;306,141;284,78;283;330;552,481;550,492;60;283,078;;1807,46
5132;0,2;79;306,055;284,802;283;330;552,351;550,391;60;283,08;;1807,46
5133;0,2;78;306,062;284,842;283;330;552,242;550,239;60;283,082;;1807,46
5134;0,2;78;305,975;284,874;283;330;552,141;550,246;60;283,084;;1807,46
5135;0,2;78;305,823;284,871;283;330;552,12;550,203;60;283,086;;1807,46
5136;0,2;81;305,874;284,838;283;330;552,177;550,159;60;283,083;;1803,97
5137;0,2;87;305,852;284,827;283;330;552,083;550,159;60;283,083;;1803,62
5138;0,2;88,5;305,765;284,827;283;330;552,083;550,087;60;283,08;;1803,53
5139;0,2;91,5;305,65;284,834;283;330;551,975;550,022;60;283,079;;1802,2
5140;0,2;90;305,664;284,842;283;330;551,939;549,949;60;283,078;;1802,2
5141;0,2;82,5;305,324;284,852;283;330;551,939;549,964;60;283,075;;1802,2
5142;0,2;79;305,049;284,863;283;330;551,939;550,014;60;283,069;;1801,07
5143;0,2;83,5;305,187;284,896;283;330;551,939;550,058;60;283,065;;1797,86
5144;0,2;93;305,237;284,903;283;330;551,939;550,058;60;283,057;;1794,41
5145;0,2;93;305,143;284,91;283;330;551,91;549,964;60;283,05;;1793,85
5146;0,2;96;305,027;284,849;283;330;551,888;549,964;60;283,041;;1793,85
5147;0,2;102;304,991;284,831;283;330;551,794;549,913;60;283,035;;1793,85
5148;0,2;101,5;305,114;284,798;283;330;551,772;549,913;60;283,03;;1793,85
5149;0,2;103;305,245;284,744;283;330;551,649;549,776;60;283,023;;1793,31
5150;0,2;106;305,194;284,787;283;330;551,613;549,682;60;283,016;;1792,98
5151;0,2;106;305,093;284,798;283;330;551,555;549,653;60;283,015;;1792,98
5152;0,2;105,5;304,999;284,769;283;330;551,461;549,624;60;283,008;;1792,98
5153;0,2;108;305,02;284,784;283;330;551,505;549,58;60;282,998;;1792,98
5154;0,2;112;305,049;284,805;283;330;551,505;549,624;60;282,99;;1790,4
5155;0,2;112,5;305,158;284,805;283;330;551,505;549,674;60;282,983;;1786,61
5156;0,2;115,5;305,252;284,805;283;330;551,505;549,624;60;282,973;;1786,61
5157;0,2;119;305,194;284,805;283;330;551,505;549,624;60;282,964;;1785,2
5158;0,2;120;305,056;284,82;283;330;551,454;549,523;60;282,954;;1784,26
5159;0,2;123;305,02;284,852;283;330;551,374;549,479;60;282,945;;1784,17
5160;0,2;126;305,071;284,831;283;330;551,36;549,363;60;282,937;;1783,39
5161;0,2;128;305,223;284,802;283;330;551,309;549,334;60;282,93;;1783,27
5162;0,2;131;305,447;284,896;283;330;551,309;549,392;60;282,922;;1780,95
5163;0,2;132,5;305,563;284,827;283;330;551,36;549,443;60;282,909;;1779,92
5164;0,2;126,5;305,613;285,044;283;330;551,411;549,479;60;282,896;;1779,8
5165;0,2;126;305,577;284,946;283;330;551,36;549,479;60;282,885;;1779,06
5166;0,2;127,5;305,411;284,849;283;330;551,425;549,479;60;282,876;;1779,06
5167;0,2;128,5;305,722;284,769;283;330;551,425;549,479;60;282,865;;1778,2
5168;0,2;133,5;306,134;285,124;283;330;551,454;549,479;60;282,857;;1775,49
5169;0,2;128,5;306,243;285,12;283;330;551,36;549,479;60;282,847;;1775,02
5170;0,2;125,5;306,221;285,124;283;330;551,36;549,4;60;282,832;;1775,02
5171;0,2;126;306,373;285,138;283;330;551,36;549,378;60;282,822;;1775,02
5172;0,2;131;306,568;285,142;283;330;551,28;549,334;60;282,813;;1775,02
5173;0,2;132,5;306,503;285,153;283;330;551,353;549,378;60;282,806;;1769,88
5174;0,2;128;306,467;285,156;283;330;551,215;549,334;60;282,797;;1767,24
5175;0,2;127,5;306,503;285,135;283;330;551,1;549,197;60;282,793;;1767,24
5176;0,2;133,5;307,198;285,12;283;330;551,034;549,19;60;282,785;;1767,24
5177;0,2;134;307,27;285,127;283;330;551,005;549,161;60;282,773;;1767,24
5178;0,2;124;307,284;285,131;283;330;551,071;549,262;60;282,764;;1766,65
5179;0,2;122,5;307,169;285,142;283;330;551,071;549,19;60;282,757;;1766,15
5180;0,2;127,5;307,082;284,946;283;330;551,143;549,19;60;282,751;;1764,1
5181;0,2;128;307,812;285,022;283;330;551,179;549,19;60;282,746;;1763,27
5182;0,2;128;307,856;285,015;283;330;551,114;549,19;60;282,741;;1763,27
5183;0,2;128;307,95;285,001;283;330;551,121;549,19;60;282,736;;1763,27
5184;0,2;134;308,008;284,986;283;330;551,071;549,19;60;282,733;;1763,27
5185;0,2;132;308,29;284,954;283;330;551,071;549,103;60;282,732;;1761,55
5186;0,2;127;308,254;284,95;283;330;550,94;549,081;60;282,731;;1759,39
5187;0,2;121,5;308,152;284,946;283;330;550,875;549,016;60;282,729;;1757,41
5188;0,2;119;308,087;284,957;283;330;550,781;548,901;60;282,726;;1753,29
5189;0,2;114;308,427;284,979;283;330;550,781;548,944;60;282,723;;1753,21
5190;0,2;113,5;308,869;284,986;283;330;550,817;548,901;60;282,72;;1753,21
5191;0,2;105;308,97;285,004;283;330;550,825;548,901;60;282,715;;1750,75
5192;0,2;99;309,049;285,001;283;330;550,781;548,951;60;282,712;;1747,15
5193;0,2;98;309,064;285,012;283;330;550,781;548,908;60;282,711;;1745,97
5194;0,2;100;309,035;285,008;283;330;550,832;549,045;60;282,71;;1745,97
5195;0,2;111;309,078;285,008;283;330;550,832;548,98;60;282,706;;1745,97
5196;0,2;115;309,107;285,001;283;330;550,825;548,901;60;282,696;;1745,97
5197;0,2;101,5;309,093;285,001;283;330;550,781;548,901;60;282,687;;1745,97
5198;0,2;97;309,201;285,008;283;330;550,781;548,901;60;282,68;;1745,22
5199;0,2;100;309,317;285,022;283;330;550,781;548,966;60;282,676;;1743,5
5200;0,2;97,5;309,339;285,026;283;330;550,781;548,922;60;282,668;;1743,5
5201;0,2;97,5;309,245;285,026;283;330;550,731;548,901;60;282,666;;1743,5
5202;0,2;103;309,151;285,026;283;330;550,673;548,85;60;282,662;;1743,5
5203;0,2;103,5;309,093;285,03;283;330;550,637;548,77;60;282,657;;1743,5
5204;0,2;104;308,999;285,03;283;330;550,644;548,901;60;282,652;;1742,06
5205;0,2;105,5;308,934;285,03;283;330;550,694;548,864;60;282,646;;1741,67
5206;0,2;121,5;309,021;285,015;283;330;550,781;548,843;60;282,649;;1737,64
5207;0,2;123;309,093;284,986;283;330;550,731;548,763;60;282,646;;1736,25
5208;0,2;120;309,1;284,979;283;330;550,731;548,901;60;282,644;;1736,25
5209;0,2;119,5;309,021;284,979;283;330;550,781;548,901;60;282,646;;1735,77
5210;0,2;132,5;308,927;284,975;283;330;550,673;548,857;60;282,647;;1731,39
5211;0,2;128,5;308,854;284,954;283;330;550,752;548,756;60;282,647;;1730,6
5212;0,2;132,5;308,804;284,946;283;330;550,738;548,835;60;282,651;;1730,24
5213;0,2;135;308,688;284,932;283;330;550,644;548,712;60;282,651;;1730,24
5214;0,2;128,5;308,898;284,946;283;330;550,637;548,843;60;282,657;;1730,24
5215;0,2;135;308,825;284,946;283;330;550,637;548,806;60;282,66;;1730,24
5216;0,2;137;308,738;284,932;283;330;550,637;548,814;60;282,664;;1729,76
5217;0,2;134,5;308,709;284,921;283;330;550,637;548,785;60;282,666;;1727,5
5218;0,2;136;308,594;284,918;283;330;550,637;548,756;60;282,671;;1726,81
5219;0,2;133;308,811;284,928;283;330;550,571;548,756;60;282,672;;1726,42
5220;0,2;127;309,093;284,928;283;330;550,492;548,654;60;282,668;;1725,95
5221;0,2;116,5;309,209;284,939;283;330;550,448;548,575;60;282,673;;1725,95
5222;0,2;114,5;309,324;284,939;283;330;550,354;548,495;60;282,677;;1724,98
5223;0,2;112,5;309,332;284,943;283;330;550,347;548,51;60;282,68;;1724,07
5224;0,2;112;309,252;284,954;283;330;550,347;548,51;60;282,682;;1722,51
5225;0,2;112,5;309,194;284,961;283;330;550,347;548,466;60;282,682;;1718,07
5226;0,2;113,5;309,129;284,972;283;330;550,347;548,466;60;282,688;;1718,07
5227;0,2;112;309,107;284,961;283;330;550,362;548,546;60;282,696;;1718,07
5228;0,2;111;309,223;284,936;283;330;550,492;548,568;60;282,707;;1718,07
5229;0,2;111;309,346;284,881;283;330;550,492;548,568;60;282,718;;1716,5
5230;0,2;110;309,295;284,874;283;330;550,405;548,495;60;282,729;;1713,79
5231;0,2;107;309,201;284,856;283;330;550,434;548,553;60;282,739;;1713,79
5232;0,2;105,5;309,115;284,91;283;330;550,456;548,553;60;282,75;;1713,79
5233;0,2;104,5;309,1;284,816;283;330;550,492;548,466;60;282,761;;1713,79
5234;0,2;99,5;309,223;284,805;283;330;550,448;548,481;60;282,773;;1712,79
5235;0,2;97;309,332;284,827;283;330;550,347;548,495;60;282,785;;1710,86
5236;0,2;97;309,288;284,928;283;330;550,282;548,336;60;282,801;;1709,6
5237;0,2;88,5;309,201;284,787;283;330;550,203;548,365;60;282,817;;1707,69
5238;0,2;86;309,1;285,084;283;330;550,282;548,344;60;282,83;;1707,69
5239;0,2;83,5;309,129;285,142;283;330;550,347;548,466;60;282,843;;1707,69
5240;0,2;82,5;309,259;285,055;283;330;550,347;548,466;60;282,855;;1706,48
5241;0,2;75,5;309,339;284,993;283;330;550,347;548,43;60;282,868;;1705,47
5242;0,2;73;309,31;285,001;283;330;550,347;548,416;60;282,881;;1703,22
5243;0,2;72;309,223;285,019;283;330;550,347;548,43;60;282,891;;1703,22
5244;0,2;68;308,731;284,889;283;330;550,297;548,344;60;282,901;;1702,95
5245;0,2;62,5;308,565;284,896;283;330;550,203;548,322;60;282,909;;1702,21
5246;0,2;62,5;308,789;285,012;283;330;550,203;548,322;60;282,915;;1701,75
5247;0,2;69,5;308,644;284,889;283;330;550,152;548,322;60;282,922;;1694,33
5248;0,2;70;308,529;284,751;283;330;550,195;548,307;60;282,928;;1692,06
5249;0,2;64,5;308,681;284,885;283;330;550,101;548,213;60;282,935;;1690,75
5250;0,2;63;308,297;284,74;283;330;550,058;548,184;60;282,942;;1690,75
5251;0,2;64;308,218;284,758;283;330;550,109;548,177;60;282,949;;1690,75
5252;0,2;65;308,124;284,769;283;330;550,145;548,22;60;282,955;;1689,43
5253;0,2;64,5;307,668;284,805;283;330;550,203;548,293;60;282,96;;1689,05
5254;0,2;62,5;307,328;284,975;283;330;550,246;548,322;60;282,966;;1689,05
5255;0,2;63,5;307,415;285,145;283;330;550,203;548,315;60;282,971;;1688,25
5256;0,2;68,5;307,509;285,149;283;330;550,203;548,177;60;282,975;;1688,2
5257;0,2;75;307,357;285,153;283;330;550,065;548,141;60;282,978;;1687,72
5258;0,2;70,5;307,227;285,138;283;330;549,957;548,054;60;282,979;;1687,03
5259;0,2;70,5;307,133;285,12;283;330;549,884;547,982;60;282,978;;1685,56
5260;0,2;74;307,053;285,124;283;330;549,884;548,032;60;282,976;;1684,3
5261;0,2;76;306,366;284,986;283;330;549,913;548,054;60;282,975;;1683,85
5262;0,2;82;306,474;285,135;283;330;550,007;548,177;60;282,979;;1683,85
5263;0,2;87,5;306,576;285,142;283;330;550,101;548,22;60;282,979;;1683,16
5264;0,2;90;306,655;284,892;283;330;550,13;548,322;60;282,979;;1682,83
5265;0,2;91;306,25;284,896;283;330;550,203;548,257;60;282,976;;1678,97
5266;0,2;92;306,17;285,156;283;330;550,109;548,148;60;282,975;;1676,61
5267;0,2;95,5;306,084;285,142;283;330;550,058;548,163;60;282,968;;1676,39
5268;0,2;103;306,055;285,12;283;330;550,058;548,177;60;282,962;;1675,76
5269;0,2;103,5;306,113;285,127;283;330;550,137;548,177;60;282,959;;1675,76
5270;0,2;105;306,019;285,131;283;330;550,166;548,264;60;282,952;;1675,44
5271;0,2;106;305,57;285,138;283;330;550,094;548,22;60;282,946;;1674,77
5272;0,2;111,5;305,447;285,145;283;330;550,058;548,177;60;282,94;;1674,46
5273;0,2;121,5;305,404;285,153;283;330;549,978;548,141;60;282,936;;1670,64
5274;0,2;120;305,288;285,142;283;330;549,913;548,069;60;282,932;;1668,81
5275;0,2;121;305,223;285,12;283;330;549,812;548,032;60;282,927;;1668,81
5276;0,2;125;305,208;285,124;283;330;549,877;548,032;60;282,926;;1668,81
5277;0,2;136,5;305,339;285,131;283;330;549,913;548,032;60;282,922;;1668,81
5278;0,2;139,5;305,433;285,135;283;330;549,834;548,032;60;282,919;;1667,04
5279;0,2;134;305,476;285,142;283;330;549,812;548,032;60;282,919;;1666,14
5280;0,2;129;305,838;285,149;283;330;549,812;548,003;60;282,918;;1666,07
5281;0,2;131,5;306,091;285,156;283;330;549,768;547,837;60;282,918;;1665,29
5282;0,2;131;306,069;285,124;283;330;549,768;547,844;60;282,918;;1665,29
5283;0,2;125,5;306,069;285,124;283;330;549,768;547,844;60;282,923;;1664,07
5284;0,2;125,5;306,178;285,131;283;330;549,768;547,888;60;282,925;;1662,75
5285;0,2;126,5;306,264;285,138;283;330;549,768;547,888;60;282,93;;1661,68
5286;0,2;126,5;306,749;285,145;283;330;549,768;547,888;60;282,938;;1659,37
5287;0,2;122;306,713;285,153;283;330;549,768;547,888;60;282,945;;1658,95
5288;0,2;115,5;306,626;285,149;283;330;549,768;547,888;60;282,954;;1658,22
5289;0,2;110;306,583;285,124;283;330;549,768;547,931;60;282,963;;1657,26
5290;0,2;107,5;306,409;285,127;283;330;549,841;547,946;60;282,972;;1657,26
5291;0,2;107;306,474;285,135;283;330;550,036;548,141;60;282,979;;1654,13
5292;0,2;106;307,176;285,142;283;330;550,203;548,286;60;282,986;;1652,18
5293;0,2;101;307,292;285,149;283;330;550,217;548,322;60;282,994;;1652,18
5294;0,2;89,5;307,234;285,149;283;330;550,217;548,271;60;283,005;;1652,18
5295;0,2;86,5;307,125;285,12;283;330;550,101;548,22;60;283,015;;1650,72
5296;0,2;86;307,053;285,124;283;330;549,92;548,112;60;283,024;;1645,55
5297;0,2;82;307,06;285,131;283;330;549,913;548,076;60;283,033;;1644,59
5298;0,2;79;307,212;285,138;283;330;549,899;548,032;60;283,041;;1644,59
5299;0,2;78;307,248;285,138;283;330;549,841;547,946;60;283,049;;1644,59
5300;0,2;76;307,284;285,145;283;330;549,913;547,996;60;283,057;;1644,59
5301;0,2;71;307,176;285,156;283;330;549,913;548,032;60;283,065;;1644,49
5302;0,2;71,5;307,053;285,124;283;330;549,913;548,083;60;283,074;;1643,75
5303;0,2;68;307,046;285,124;283;330;549,957;547,989;60;283,082;;1643,13
5304;0,2;65;307,154;285,127;283;330;549,913;547,946;60;283,088;;1640,15
5305;0,2;63;307,255;285,138;283;330;549,971;548,032;60;283,094;;1640,15
5306;0,2;62;307,306;285,145;283;330;550,014;548,032;60;283,099;;1640,08
5307;0,2;60,5;307,227;285,153;283;330;550,058;548,17;60;283,104;;1639,61
5308;0,2;55,5;307,147;285,145;283;330;550,109;548,228;60;283,109;;1638,69
5309;0,2;52;306,51;285,12;283;330;550,058;548,278;60;283,114;;1637,16
5310;0,2;56;306,416;285,12;283;330;550,058;548,199;60;283,117;;1637,06
5311;0,2;60,5;306,431;285,131;283;330;550,058;548,264;60;283,126;;1637,06
5312;0,2;59;306,532;285,135;283;330;550,058;548,264;60;283,134;;1637,06
5313;0,2;57;306,351;285,142;283;330;550,145;548,336;60;283,136;;1636,32
5314;0,2;60;306,199;285,149;283;330;550,297;548,416;60;283,139;;1632,73
5315;0,2;65;306,264;285,149;283;330;550,398;548,589;60;283,139;;1632,01
5316;0,2;65;306,192;285,149;283;330;550,405;548,611;60;283,145;;1631,64
5317;0,2;66;305,744;285,12;283;330;550,456;548,56;60;283,151;;1631,17
5318;0,2;70,5;305,367;285,124;283;330;550,441;548,503;60;283,152;;1630,92
5319;0,2;76,5;305,577;285,127;283;330;550,441;548,495;60;283,152;;1630,33
5320;0,2;77,5;305,418;285,138;283;330;550,448;548,517;60;283,153;;1629,69
5321;0,2;78;305,172;285,142;283;330;550,405;548,56;60;283,151;;1627,36
5322;0,2;84;305,252;285,149;283;330;550,492;548,517;60;283,151;;1625,93
5323;0,2;89;305,172;285,156;283;330;550,492;548,611;60;283,147;;1625,93
5324;0,2;90;305,093;285,145;283;330;550,492;548,611;60;283,144;;1624,98
5325;0,2;90;304,608;285,124;283;330;550,492;548,611;60;283,14;;1624,93
5326;0,2;91;304,528;285,124;283;330;550,535;548,611;60;283,135;;1623,95
5327;0,2;93;304,622;285,135;283;330;550,622;548,611;60;283,133;;1620,29
5328;0,2;101,5;304,977;285,145;283;330;550,499;548,611;60;283,132;;1619,89
5329;0,2;114;304,688;285,149;283;330;550,492;548,524;60;283,133;;1619,67
5330;0,2;114;304,897;285,153;283;330;550,521;548,56;60;283,129;;1619,05
5331;0,2;112;304,868;285,124;283;330;550,637;548,72;60;283,128;;1618,65
5332;0,2;112,5;304,796;285,12;283;330;550,687;548,756;60;283,126;;1618,21
5333;0,2;109;304,709;285,127;283;330;550,738;548,843;60;283,128;;1617,45
5334;0,2;115;304,695;285,135;283;330;550,731;548,843;60;283,128;;1614,7
5335;0,2;116;304,789;285,145;283;330;550,738;548,756;60;283,128;;1614,01
5336;0,2;105;304,89;285,149;283;330;550,738;548,821;60;283,127;;1614,01
5337;0,2;106;304,926;285,153;283;330;550,781;548,857;60;283,126;;1613,65
5338;0,2;106;304,825;285,156;283;330;550,752;548,814;60;283,123;;1612,35
5339;0,2;107;304,716;285,138;283;330;550,709;548,843;60;283,125;;1608,81
5340;0,2;107;304,63;285,12;283;330;550,731;548,864;60;283,133;;1606,87
5341;0,2;112;304,601;285,127;283;330;550,781;548,785;60;283,136;;1606,87
5342;0,2;111;304,528;285,131;283;330;550,723;548,756;60;283,142;;1606,87
5343;0,2;111,5;305,114;285,142;283;330;550,709;548,756;60;283,148;;1606,87
5344;0,2;112;305,237;285,149;283;330;550,781;548,857;60;283,152;;1605,47
5345;0,2;103,5;305,216;285,156;283;330;550,875;548,973;60;283,154;;1602,37
5346;0,2;98,5;305,114;285,131;283;330;550,911;548,995;60;283,159;;1600,07
5347;0,2;95,5;305,02;285,124;283;330;550,832;548,958;60;283,163;;1599,87
5348;0,2;94;304,999;285,131;283;330;550,781;548,901;60;283,167;;1599,87
5349;0,2;94,5;305,107;285,135;283;330;550,781;548,901;60;283,17;;1599,71
5350;0,2;91,5;305,201;285,145;283;330;550,788;548,901;60;283,173;;1598,2
5351;0,2;93;305,237;285,153;283;330;550,825;548,901;60;283,176;;1595,42
5352;0,2;91,5;305,483;285,149;283;330;550,781;548,901;60;283,178;;1592,74
5353;0,2;87,5;305,773;285,131;283;330;550,781;548,901;60;283,183;;1589,85
5354;0,2;81;305,7;285,12;283;330;550,781;548,901;60;283,186;;1589,85
5355;0,2;77;305,686;285,131;283;330;550,89;548,901;60;283,192;;1589,85
5356;0,2;73;305,78;285,138;283;330;550,926;548,944;60;283,197;;1589,41
5357;0,2;66;305,867;285,145;283;330;551,013;549,045;60;283,202;;1588,85
5358;0,2;67;305,7;285,153;283;330;551,02;549,089;60;283,207;;1587,34
5359;0,2;70;305,462;285,142;283;330;551,027;549,045;60;283,211;;1587,34
5360;0,2;70;305,389;285,124;283;330;551,071;549,139;60;283,215;;1587,34
5361;0,2;69,5;305,302;285,124;283;330;551,013;549,052;60;283,218;;1587,08
5362;0,2;69,5;305,534;285,127;283;330;551,02;549,081;60;283,218;;1585,68
5363;0,2;69,5;305,23;285,138;283;330;551,02;549,081;60;283,217;;1585,68
5364;0,2;61;305,324;285,142;283;330;551,056;549,096;60;283,22;;1584,34
5365;0,2;55,5;305,201;285,149;283;330;550,998;549,096;60;283,223;;1582,88
5366;0,2;63,5;305,245;285,153;283;330;551,107;549,19;60;283,221;;1582,7
5367;0,2;70,5;305,15;285,153;283;330;551,078;549,19;60;283,222;;1581,91
5368;0,2;69;305,056;285,124;283;330;551,128;549,277;60;283,222;;1581,86
5369;0,2;71;304,977;285,124;283;330;551,215;549,334;60;283,224;;1581,32
5370;0,2;72,5;305,027;285,131;283;330;551,172;549,277;60;283,223;;1579,66
5371;0,2;70,5;304,774;285,138;283;330;551,215;549,291;60;283,224;;1575,94
5372;0,2;70,5;304,528;285,145;283;330;551,215;549,334;60;283,22;;1573,56
5373;0,2;82,5;304,557;285,153;283;330;551,107;549,298;60;283,222;;1573,56
5374;0,2;83;304,709;285,135;283;330;551,071;549,233;60;283,221;;1573,56
5375;0,2;80;304,485;285,127;283;330;551,071;549,19;60;283,222;;1573,11
5376;0,2;79,5;304,485;285,12;283;330;551,027;549,19;60;283,223;;1570,72
5377;0,2;83;304,427;285,131;283;330;551,056;549,103;60;283,223;;1569,83
5378;0,2;86;304,174;285,142;283;330;550,926;549,146;60;283,224;;1569,76
5379;0,2;87;304,044;285,145;283;330;551,02;549,146;60;283,223;;1569,76
5380;0,2;90,5;304,253;285,156;283;330;551,056;549,19;60;283,22;;1568,89
5381;0,2;93,5;304,217;285,153;283;330;551,085;549,226;60;283,218;;1568,32
5382;0,2;97,5;304,051;285,124;283;330;551,1;549,334;60;283,213;;1567
5383;0,2;97,5;303,964;285,12;283;330;551,071;549,233;60;283,211;;1565,77
5384;0,2;96,5;303,993;285,127;283;330;551,071;549,081;60;283,21;;1565,77
5385;0,2;99;304,073;285,135;283;330;551,071;549,117;60;283,208;;1565,77
5386;0,2;100;304,102;285,142;283;330;551,027;549,06;60;283,207;;1565,56
5387;0,2;98;304,167;285,153;283;330;551,027;549,045;60;283,206;;1564,11
5388;0,2;101;304,08;285,145;283;330;551,034;549,045;60;283,205;;1563,33
5389;0,2;104;304,022;285,127;283;330;551,005;549,096;60;283,204;;1559,78
5390;0,2;104,5;303,964;285,124;283;330;550,984;549,132;60;283,204;;1559,13
5391;0,2;104,5;304,044;285,135;283;330;550,955;549,146;60;283,2;;1559,13
5392;0,2;106;304,174;285,138;283;330;551,049;549,146;60;283,199;;1559,04
5393;0,2;104,5;304,21;285,142;283;330;551,165;549,19;60;283,197;;1558,33
5394;0,2;104;304,167;285,149;283;330;551,215;549,19;60;283,197;;1555,99
5395;0,2;104;304,058;285,153;283;330;551,128;549,19;60;283,197;;1554,22
5396;0,2;106;303,964;285,142;283;330;551,215;549,24;60;283,195;;1553,68
5397;0,2;105,5;304,145;285,124;283;330;551,085;549,204;60;283,194;;1553,68
5398;0,2;105;304,774;285,124;283;330;551,208;549,334;60;283,194;;1553,68
5399;0,2;104;304,868;285,135;283;330;551,215;549,378;60;283,194;;1552,36
5400;0,2;103;304,933;285,142;283;330;551,259;549,371;60;283,194;;1550,18
5401;0,2;98,5;304,818;285,145;283;330;551,309;549,378;60;283,194;;1548,48
5402;0,2;97;304,673;285,156;283;330;551,36;549,334;60;283,194;;1547,24
5403;0,2;97,5;304,659;285,153;283;330;551,36;549,334;60;283,194;;1547,18
5404;0,2;99;304,42;285,131;283;330;551,396;549,465;60;283,197;;1546,61
5405;0,2;93;304,246;285,124;283;330;551,36;549,479;60;283,201;;1545,6
5406;0,2;87;304,753;285,131;283;330;551,411;549,479;60;283,203;;1542,61
5407;0,2;85;305,237;285,138;283;330;551,505;549,479;60;283,202;;1541,81
5408;0,2;82;305,216;285,149;283;330;551,505;549,609;60;283,201;;1541,47
5409;0,2;78,5;305,143;285,153;283;330;551,628;549,624;60;283,202;;1541,47
5410;0,2;74;305,027;285,142;283;330;551,649;549,768;60;283,205;;1541,47
5411;0,2;73,5;305,013;285,124;283;330;551,657;549,696;60;283,209;;1537,98
5412;0,2;73;305,078;285,127;283;330;551,678;549,624;60;283,208;;1535,96
5413;0,2;71;305,194;285,135;283;330;551,505;549,624;60;283,209;;1534,86
5414;0,2;71;305,237;285,142;283;330;551,505;549,479;60;283,208;"(( Pi() / ([11:7] * 0.001)) * (Pow(0.5 * [3:10], 2) - Pow(0.5 * 0.48, 2))) / [32:124]";1534,86
5415;0,2;72,5;305,122;285,149;283;330;551,505;549,501;60;283,209;;1534,86
5416;0,2;71;305,013;285,156;283;330;551,505;549,544;60;283,208;;1534,46
5417;0,2;71;305,006;285,142;283;330;551,505;549,523;60;283,207;;1533,84
5418;0,2;73;305,158;285,12;283;330;551,505;549,479;60;283,206;;1532,38
5419;0,2;71;305,23;285,127;283;330;551,505;549,479;60;283,205;;1530,31
5420;0,2;72;304,608;285,138;283;330;551,505;549,508;60;283,205;;1529,41
5421;0,2;75,5;304,536;285,149;283;330;551,541;549,544;60;283,204;;1529,41
5422;0,2;81,5;304,326;285,149;283;330;551,577;549,718;60;283,203;;1529,41
5423;0,2;84;304,434;285,145;283;330;551,649;549,768;60;283,202;;1529,41
5424;0,2;85;304,651;285,127;283;330;551,649;549,653;60;283,201;;1526,52
5425;0,2;87;304,709;285,124;283;330;551,649;549,653;60;283,201;;1523,7
5426;0,2;89,5;304,738;285,131;283;330;551,649;549,768;60;283,206;;1523,1
5427;0,2;85,5;304,651;285,138;283;330;551,649;549,725;60;283,206;;1521,23
5428;0,2;85;304,362;285,145;283;330;551,649;549,66;60;283,205;;1521,23
5429;0,2;86,5;304,058;285,149;283;330;551,649;549,667;60;283,206;;1521,23
5430;0,2;92;304,015;285,156;283;330;551,671;549,66;60;283,203;;1521,23
5431;0,2;98;304,094;285,142;283;330;551,678;549,725;60;283,202;;1518,57
5432;0,2;99,5;304,181;285,12;283;330;551,606;549,725;60;283,202;;1514,2
5433;0,2;98;304,253;285,127;283;330;551,555;549,689;60;283,201;;1514,18
5434;0,2;99,5;304,188;285,131;283;330;551,57;549,667;60;283,195;;1514,18
5435;0,2;99,5;304,087;285,138;283;330;551,7;549,667;60;283,192;;1514,18
5436;0,2;99;303,964;285,145;283;330;551,686;549,768;60;283,189;;1514,18
5437;0,2;97,5;304,036;285,149;283;330;551,794;549,768;60;283,188;;1513,46
5438;0,2;100;304,181;285,149;283;330;551,794;549,768;60;283,189;;1512,66
5439;0,2;99,5;304,253;285,124;283;330;551,794;549,855;60;283,19;;1511,57
5440;0,2;98;304,21;285,124;283;330;551,881;549,863;60;283,186;;1509,26
5441;0,2;101;304,073;285,127;283;330;551,83;549,913;60;283,182;;1508,98
5442;0,2;104,5;303,986;285,138;283;330;551,931;549,913;60;283,179;;1507,14
5443;0,2;104;304,008;285,142;283;330;551,939;549,957;60;283,172;;1505,46
5444;0,2;105;304,159;285,145;283;330;551,939;549,957;60;283,166;;1502,53
5445;0,2;105;304,196;285,156;283;330;551,939;549,913;60;283,159;;1502,53
5446;0,2;106;304,196;285,138;283;330;551,939;549,971;60;283,153;;1502,53
5447;0,2;105;304,868;285,12;283;330;551,982;549,942;60;283,152;;1502,53
5448;0,2;105,5;304,803;285,124;283;330;551,939;549,913;60;283,149;;1502,31
5449;0,2;104,5;304,738;285,131;283;330;551,895;549,964;60;283,145;;1499,66
5450;0,2;103,5;304,724;285,138;283;330;551,895;549,87;60;283,146;;1499,56
5451;0,2;91;304,832;285,145;283;330;551,931;549,942;60;283,142;;1498,82
5452;0,2;91,5;304,905;285,153;283;330;551,953;550,058;60;283,139;;1496,28
5453;0,2;101;305,013;285,153;283;330;552,083;550,058;60;283,134;;1496,28
5454;0,2;104,5;304,919;285,127;283;330;552,12;550,116;60;283,131;;1494,97
5455;0,2;106;304,876;285,12;283;330;552,148;550,203;60;283,127;;1493,53
5456;0,2;107;304,81;285,127;283;330;552,17;550,203;60;283,124;;1493,01
5457;0,2;106;304,738;285,135;283;330;552,199;550,275;60;283,123;;1493,01
5458;0,2;106;305,013;285,142;283;330;552,228;550,217;60;283,121;;1492,57
5459;0,2;105;305,216;285,153;283;330;552,228;550,26;60;283,123;;1492,22
5460;0,2;96,5;305,237;285,149;283;330;552,228;550,347;60;283,129;;1491,62
5461;0,2;95,5;305,143;285,127;283;330;552,228;550,304;60;283,136;;1489,2
5462;0,2;92;305,042;285,124;283;330;552,228;550,203;60;283,143;;1488,6
5463;0,2;91,5;304,977;285,131;283;330;552,228;550,203;60;283,149;;1487,67
5464;0,2;91;305,085;285,138;283;330;552,177;550,203;60;283,16;;1486,75
5465;0,2;87;305,208;285,142;283;330;552,098;550,203;60;283,17;;1486,65
5466;0,2;87;305,237;284,979;283;330;552,141;550,253;60;283,18;;1485,13
5467;0,2;86,5;305,136;284,849;283;330;552,228;550,246;60;283,19;;1485,12
5468;0,2;83;305,027;284,842;283;330;552,228;550,239;60;283,202;;1483,21
5469;0,2;83;304,984;284,899;283;330;552,235;550,246;60;283,213;;1481,03
5470;0,2;82,5;305,071;284,928;283;330;552,373;550,289;60;283,223;;1481,03
5471;0,2;80,5;305,57;284,86;283;330;552,373;550,347;60;283,23;;1481,03
5472;0,2;71,5;305,845;285,048;283;330;552,373;550,347;60;283,237;;1480,88
5473;0,2;60,5;305,823;285,135;283;330;552,517;550,42;60;283,247;;1480,43
5474;0,2;58;305,758;285,142;283;330;552,474;550,492;60;283,257;;1478,88
5475;0,2;52,5;305,693;285,149;283;330;552,517;550,499;60;283,266;;1478,11
5476;0,2;49;305,302;285,153;283;330;552,517;550,535;60;283,275;;1476,71
5477;0,2;45;305,027;285,149;283;330;552,517;550,492;60;283,282;;1475,88
5478;0,2;49,5;305,064;285,145;283;330;552,517;550,492;60;283,292;;1472,95
5479;0,2;52;305,187;285,124;283;330;552,402;550,398;60;283,298;;1471,88
5480;0,2;51;305,252;285,12;283;330;552,416;550,441;60;283,303;;1471,4
5481;0,2;50;305,179;285,127;283;330;552,373;550,506;60;283,307;;1469,85
5482;0,2;48;304,622;285,138;283;330;552,423;550,485;60;283,312;;1469,31
5483;0,2;46;304,463;284,795;283;330;552,488;550,492;60;283,312;;1467,7
5484;0,2;45,5;304,536;284,798;283;330;552,517;550,528;60;283,32;;1467,68
5485;0,2;45,5;304,622;284,784;283;330;552,517;550,6;60;283,322;;1466,25
5486;0,2;45;304,174;284,776;283;330;552,561;550,658;60;283,324;;1461,17
5487;0,2;43,5;304,109;284,766;283;330;552,676;550,781;60;283,331;;1461,17
5488;0,2;48;304,036;284,881;283;330;552,72;550,832;60;283,331;;1461,17
5489;0,2;54;303,798;284,878;283;330;552,807;550,781;60;283,329;;1461,17
5490;0,2;55;303,306;284,729;283;330;552,807;550,825;60;283,326;;1460,83
5491;0,2;56,5;303,545;285,077;283;330;552,807;550,817;60;283,328;;1458,07
5492;0,2;67,5;303,856;285,142;283;330;552,807;550,832;60;283,327;;1457,11
5493;0,2;75,5;303,19;285,149;283;330;552,922;550,926;60;283,326;;1455,06
5494;0,2;77,5;303,168;285,153;283;330;552,951;550,926;60;283,324;;1454,05
5495;0,2;78;303,053;285,149;283;330;552,908;550,926;60;283,319;;1454,05
5496;0,2;78,5;302,857;285,124;283;330;553,009;551,056;60;283,315;;1454,05
5497;0,2;78;302,684;285,12;283;330;553,024;551,071;60;283,314;;1453,76
5498;0,2;81;302,691;285,124;283;330;552,951;551,056;60;283,31;;1451,31
5499;0,2;86;302,532;285,138;283;330;552,995;551,027;60;283,308;;1449,74
5500;0,2;88,5;302,684;285,145;283;330;553,053;551,071;60;283,304;;1448,32
5501;0,2;96,5;302,163;285,149;283;330;553,096;551,157;60;283,299;;1448,32
5502;0,2;103;302,091;285,149;283;330;553,096;551,136;60;283,292;;1448,32
5503;0,2;109,5;301,982;285,127;283;330;553,226;551,172;60;283,29;;1447,88
5504;0,2;112,5;301,902;284,939;283;330;553,27;551,259;60;283,285;;1446,7
5505;0,2;113;301,975;284,91;283;330;553,342;551,345;60;283,285;;1442,86
5506;0,2;113;302,083;284,936;283;330;553,313;551,23;60;283,282;;1442,65
5507;0,2;117,5;302,163;284,943;283;330;553,241;551,215;60;283,279;;1442,65
5508;0,2;118,5;302,105;284,961;283;330;553,241;551,15;60;283,274;;1442,65
5509;0,2;118,5;301,997;284,972;283;330;553,291;551,194;60;283,265;;1442,65
5510;0,2;119;301,91;284,986;283;330;553,357;551,302;60;283,261;;1439,49
5511;0,2;119,5;301,91;284,983;283;330;553,422;551,317;60;283,253;;1437,79
5512;0,2;120;302,25;284,972;283;330;553,4;551,36;60;283,249;;1437,79
5513;0,2;119;302,648;284,968;283;330;553,429;551,411;60;283,246;;1437,79
5514;0,2;112,5;302,691;284,968;283;330;553,443;551,411;60;283,239;;1437,79
5515;0,2;110;302,59;284,968;283;330;553,407;551,447;60;283,229;;1437,06
5516;0,2;109,5;302,488;284,979;283;330;553,422;551,36;60;283,223;;1435,95
5517;0,2;114;302,467;284,983;283;330;553,53;551,36;60;283,218;;1433,75
5518;0,2;118;302,698;284,99;283;330;553,53;551,483;60;283,212;;1432,97
5519;0,2;122,5;302,98;284,99;283;330;553,617;551,505;60;283,207;;1432,64
5520;0,2;114;303,139;284,871;283;330;553,53;551,505;60;283,201;;1432,64
5521;0,2;110,5;303,176;284,751;283;330;553,53;551,526;60;283,199;;1432,64
5522;0,2;109;303,248;284,899;283;330;553,675;551,526;60;283,195;;1429,98
5523;0,2;109;303,27;284,773;283;330;553,631;551,591;60;283,192;;1429,01
5524;0,2;106,5;303,414;284,784;283;330;553,595;551,505;60;283,188;;1428,61
5525;0,2;104;303,168;284,78;283;330;553,53;551,628;60;283,186;;1427,7
5526;0,2;104;303,653;284,766;283;330;553,617;551,541;60;283,182;;1427,69
5527;0,2;105;304,167;284,776;283;330;553,53;551,649;60;283,182;;1425,85
5528;0,2;98;304,196;284,776;283;330;553,646;551,606;60;283,179;;1424,51
5529;0,2;93,5;304,116;284,795;283;330;553,675;551,649;60;283,174;;1423,06
5530;0,2;88;304,051;284,809;283;330;553,769;551,649;60;283,175;;1422,24
5531;0,2;89;304,087;284,809;283;330;553,819;551,772;60;283,168;;1422,18
5532;0,2;83,5;304,239;284,827;283;330;553,935;551,888;60;283,163;;1420,4
5533;0,2;73,5;304,319;284,827;283;330;553,964;551,946;60;283,157;;1418,96
5534;0,2;75,5;304,391;284,827;283;330;553,964;551,953;60;283,157;;1416,14
5535;0,2;77,5;304,427;284,823;283;330;554,102;551,91;60;283,152;;1414,13
5536;0,2;81,5;304,442;284,845;283;330;554,073;551,982;60;283,146;;1414,12
5537;0,2;83;304,362;284,842;283;330;554,109;552,025;60;283,141;;1413,95
5538;0,2;86;304,499;284,899;283;330;554,239;552,083;60;283,134;;1413,95
5539;0,2;90,5;304,174;284,827;283;330;554,253;552,199;60;283,129;;1413,95
5540;0,2;87,5;304,543;284,91;283;330;554,253;552,105;60;283,123;;1413,95
5541;0,2;81,5;304,876;284,907;283;330;554,326;552,214;60;283,117;;1412,92
5542;0,2;85,5;304,818;284,813;283;330;554,398;552,185;60;283,108;;1410,03
5543;0,2;91;304,731;284,766;283;330;554,398;552,264;60;283,102;;1409,33
5544;0,2;91,5;304,644;284,784;283;330;554,398;552,228;60;283,099;;1408,83
5545;0,2;88,5;304,565;284,798;283;330;554,398;552,358;60;283,09;;1408,48
5546;0,2;89,5;304,485;284,795;283;330;554,398;552,373;60;283,085;;1406,83
5547;0,2;91,5;304,463;284,776;283;330;554,485;552,373;60;283,078;;1404,78
5548;0,2;91,5;304,499;284,769;283;330;554,398;552,293;60;283,072;;1404,35
5549;0,2;96,5;304,615;284,784;283;330;554,398;552,228;60;283,065;;1403,83
5550;0,2;99,5;304,702;284,769;283;330;554,398;552,271;60;283,055;;1403,52
5551;0,2;103,5;304,724;284,762;283;330;554,442;552,373;60;283,049;;1402,21
5552;0,2;100,5;304,659;284,758;283;330;554,507;552,459;60;283,044;;1400,54
5553;0,2;99;304,565;284,758;283;330;554,601;552,517;60;283,041;;1399,16
5554;0,2;105,5;304,507;284,766;283;330;554,688;552,517;60;283,032;;1397,94
5555;0,2;112,5;304,449;284,769;283;330;554,608;552,51;60;283,02;;1397,33
5556;0,2;117,5;304,521;284,784;283;330;554,543;552,481;60;283,013;;1397,33
5557;0,2;113,5;304,521;284,834;283;330;554,55;552,467;60;283,006;;1396,58
5558;0,2;113;304,948;284,852;283;330;554,731;552,561;60;282,997;;1395,59
5559;0,2;115,5;305,208;284,903;283;330;554,688;552,568;60;282,989;;1394,77
5560;0,2;116,5;305,158;284,842;283;330;554,688;552,619;60;282,982;;1393,78
5561;0,2;109,5;305,027;284,885;283;330;554,688;552,662;60;282,975;;1391,5
5562;0,2;105;304,991;284,896;283;330;554,789;552,756;60;282,966;;1390,92
5563;0,2;107;305,122;284,932;283;330;554,861;552,857;60;282,958;;1390,16
5564;0,2;108,5;305,23;285,131;283;330;554,977;552,865;60;282,95;;1388,52
5565;0,2;114;305,158;285,142;283;330;554,977;552,886;60;282,943;;1387,34
5566;0,2;118;305,085;285,145;283;330;554,926;552,807;60;282,938;;1386,27
5567;0,2;119;305,172;285,156;283;330;554,897;552,85;60;282,933;;1385,59
5568;0,2;120;305,483;285,156;283;330;554,977;552,951;60;282,927;;1385,59
5569;0,2;124,5;305,505;285,138;283;330;555,064;552,951;60;282,923;;1385,59
5570;0,2;117,5;305,606;285,12;283;330;555,035;552,879;60;282,921;;1382,64
5571;0,2;109;305,584;285,124;283;330;554,977;552,937;60;282,921;;1380,76
5572;0,2;109;305,476;285,131;283;330;555,093;552,988;60;282,919;;1378,81
5573;0,2;112;305,939;285,142;283;330;555,122;553,096;60;282,917;;1378,39
5574;0,2;109,5;306,055;285,145;283;330;555,122;553,045;60;282,917;;1378,39
5575;0,2;107,5;306,156;285,156;283;330;555,122;553,053;60;282,915;;1378,39
5576;0,2;107;306,279;285,138;283;330;555,216;553,096;60;282,913;;1378,19
5577;0,2;106,5;306,286;285,124;283;330;555,237;553,241;60;282,912;;1376
5578;0,2;105,5;306,199;285,127;283;330;555,31;553,241;60;282,91;;1372,3
5579;0,2;105,5;306,843;285,135;283;330;555,404;553,27;60;282,909;;1371,21
5580;0,2;105;306,793;285,142;283;330;555,346;553,241;60;282,907;;1370,96
5581;0,2;97;306,756;285,149;283;330;555,302;553,241;60;282,909;;1370,7
5582;0,2;89;306,742;285,156;283;330;555,302;553,197;60;282,908;;1370,66
5583;0,2;89,5;306,858;285,138;283;330;555,266;553,241;60;282,907;;1368,19
5584;0,2;93,5;306,923;285,12;283;330;555,223;553,161;60;282,909;;1366,61
5585;0,2;97;306,923;285,127;283;330;555,266;553,176;60;282,907;;1365,22
5586;0,2;93;306,829;285,127;283;330;555,266;553,197;60;282,907;;1363,54
5587;0,2;91;306,612;285,131;283;330;555,317;553,349;60;282,906;;1363,54
5588;0,2;91,5;306,655;285,142;283;330;555,411;553,349;60;282,906;;1363,54
5589;0,2;91,5;306,568;285,149;283;330;555,411;553,371;60;282,909;;1363,14
5590;0,2;94;306,539;285,156;283;330;555,44;553,385;60;282,914;;1360,78
5591;0,2;98;306,554;285,153;283;330;555,556;553,385;60;282,913;;1360,47
5592;0,2;98;306,612;285,138;283;330;555,599;553,501;60;282,914;;1359,96
5593;0,2;92;306,72;285,124;283;330;555,556;553,53;60;282,912;;1359,68
5594;0,2;87;306,742;285,124;283;330;555,606;553,53;60;282,909;;1359,68
5595;0,2;89;306,821;285,131;283;330;555,679;553,53;60;282,907;;1358,72
5596;0,2;97,5;306,908;285,142;283;330;555,7;553,573;60;282,903;;1357,38
5597;0,2;99,5;306,858;285,145;283;330;555,7;553,494;60;282,898;;1354,44
5598;0,2;95;306,807;285,149;283;330;555,7;553,581;60;282,892;;1353,71
5599;0,2;88;306,785;285,156;283;330;555,78;553,718;60;282,884;;1352,2
5600;0,2;87;306,821;285,145;283;330;555,845;553,783;60;282,875;;1352,2
5601;0,2;89,5;306,937;285,124;283;330;555,903;553,899;60;282,868;;1351,65
5602;0,2;97;307,038;285,124;283;330;555,99;553,921;60;282,861;;1348,44
5603;0,2;100,5;307,089;285,131;283;330;555,946;553,863;60;282,854;;1348,3
5604;0,2;103;307,002;285,138;283;330;555,917;553,877;60;282,848;;1347,05
5605;0,2;100,5;306,952;285,145;283;330;555,896;553,848;60;282,839;;1346,71
5606;0,2;102,5;306,908;285,153;283;330;555,903;553,819;60;282,831;;1346,61
5607;0,2;98;306,829;285,153;283;330;555,845;553,819;60;282,818;;1346,43
5608;0,2;99;306,764;285,124;283;330;555,802;553,718;60;282,811;;1345,94
5609;0,2;106;306,807;285,124;283;330;555,845;553,675;60;282,805;;1343,23
5610;0,2;116,5;306,887;285,131;283;330;555,896;553,798;60;282,794;;1342,26
5611;0,2;118;306,785;285,138;283;330;555,99;553,906;60;282,784;;1340,88
5612;0,2;118,5;306,8;285,145;283;330;555,99;553,928;60;282,774;;1340,88
5613;0,2;116;306,474;285,149;283;330;556,04;554;60;282,764;;1339,13
5614;0,2;112;306,387;285,156;283;330;556,134;554,051;60;282,756;;1338,65
5615;0,2;111,5;306,633;285,149;283;330;556,098;553,964;60;282,745;;1338,54
5616;0,2;117;306,561;285,131;283;330;556,134;554,094;60;282,73;;1337,27
5617;0,2;122;306,272;285,124;283;330;556,17;554,109;60;282,714;;1337,27
5618;0,2;131,5;306,93;285,131;283;330;556,134;554,123;60;282,699;;1337,27
5619;0,2;133;307,111;285,142;283;330;556,236;554,253;60;282,684;;1337,27
5620;0,2;127;307,248;285,145;283;330;556,279;554,21;60;282,674;;1335,4
5621;0,2;128;307,292;285,153;283;330;556,236;554,152;60;282,658;;1330,38
5622;0,2;129,5;307,205;285,153;283;330;556,279;554,159;60;282,641;;1329,65
5623;0,2;135,5;307,111;285,127;283;330;556,279;554,217;60;282,625;;1329,65
5624;0,2;142;307,06;285,124;283;330;556,279;554,152;60;282,611;;1329,65
5625;0,2;142;307,046;285,131;283;330;556,308;554,217;60;282,598;;1328,9
5626;0,2;143;307,321;285,138;283;330;556,38;554,253;60;282,585;;1327,22
5627;0,2;147;307,588;285,145;283;330;556,424;554,253;60;282,569;;1325,92
5628;0,2;144;307,827;285,149;283;330;556,438;554,376;60;282,551;;1325,19
5629;0,2;142;307,964;285,124;283;330;556,568;554,384;60;282,536;;1324,62
5630;0,2;140;307,726;285,127;283;330;556,568;554,485;60;282,521;;1323,74
5631;0,2;146;308,073;285,127;283;330;556,699;554,507;60;282,508;;1323,5
5632;0,2;159,5;308,03;285,135;283;330;556,713;554,514;60;282,502;;1323,23
5633;0,2;158,5;308,095;285,142;283;330;556,604;554,398;60;282,492;;1320
5634;0,2;155;308,601;285,149;283;330;556,568;554,398;60;282,481;;1318,91
5635;0,2;156;309,028;285,156;283;330;556,568;554,449;60;282,472;;1318,53
5636;0,2;155;308,977;285,142;283;330;556,438;554,398;60;282,463;;1318,29
5637;0,2;154;308,919;285,12;283;330;556,467;554,398;60;282,456;;1317,51
5638;0,2;153,5;309,144;285,127;283;330;556,467;554,398;60;282,453;;1317,51
5639;0,2;154;309,093;285,135;283;330;556,503;554,413;60;282,453;;1316,34
5640;0,2;154;309,136;285,135;283;330;556,568;554,47;60;282,454;;1313,41
5641;0,2;149;309,896;285,142;283;330;556,568;554,449;60;282,459;;1312,78
5642;0,2;148,5;309,91;285,153;283;330;556,568;554,528;60;282,464;;1312,78
5643;0,2;147;309,838;285,149;283;330;556,612;554,492;60;282,468;;1312,28
5644;0,2;142,5;310,055;285,127;283;330;556,655;554,442;60;282,472;;1311,19
5645;0,2;140;310,214;285,12;283;330;556,713;554,514;60;282,477;;1309,38
5646;0,2;131,5;310,12;285,127;283;330;556,713;554,543;60;282,481;;1308,43
5647;0,2;128;310,388;285,131;283;330;556,836;554,688;60;282,483;;1305,42
5648;0,2;126;310,706;285,142;283;330;556,843;554,832;60;282,486;;1305,3
5649;0,2;117;310,836;285,145;283;330;556,908;554,883;60;282,492;;1305,15
5650;0,2;112,5;311,01;285,149;283;330;556,901;554,832;60;282,499;;1304,29
5651;0,2;113;311,372;285,156;283;330;556,966;554,832;60;282,51;;1303,46
5652;0,2;105,5;311,292;285,077;283;330;556,879;554,832;60;282,524;;1301,78
5653;0,2;95,5;311,198;285,008;283;330;556,858;554,767;60;282,539;;1300,89
5654;0,2;88,5;311,133;285,004;283;330;556,858;554,76;60;282,556;;1300,32
5655;0,2;87;311,205;284,899;283;330;556,923;554,745;60;282,573;;1300,32
5656;0,2;84;311,357;284,918;283;330;556,966;554,825;60;282,591;;1299,8
5657;0,2;81;311,364;284,834;283;330;556,952;554,724;60;282,612;;1296,43
5658;0,2;80;311,285;284,842;283;330;557,002;554,832;60;282,632;;1294,1
5659;0,2;79;311,227;284,921;283;330;557,002;554,854;60;282,652;;1292,32
5660;0,2;71,5;311,14;284,834;283;330;557,002;554,883;60;282,674;;1292,32
5661;0,2;64,5;311,183;284,849;283;330;557,125;554,977;60;282,694;;1292,32
5662;0,2;63,5;311,292;284,842;283;330;557,147;554,977;60;282,716;;1292,32
5663;0,2;60,5;311,01;284,831;283;330;557,147;554,948;60;282,738;;1292,31
5664;0,2;51,5;310,605;284,852;283;330;557,147;554,962;60;282,753;;1288
5665;0,2;49,5;310,54;284,863;283;330;557,067;554,977;60;282,769;;1287,2
5666;0,2;48,5;310,438;284,881;283;330;557,046;554,977;60;282,784;;1286,84
5667;0,2;49;310,142;284,896;283;330;557,067;554,977;60;282,797;;1286,76
5668;0,2;41;310,185;284,856;283;330;557,002;554,933;60;282,814;;1285,79
5669;0,2;40,5;309,918;284,946;283;330;557,031;555,078;60;282,825;;1284,96
5670;0,2;43;309,672;284,957;283;330;557,053;554,977;60;282,832;;1282,54
5671;0,2;46;309,701;284,874;283;330;557,111;555,049;60;282,842;;1278,76
5672;0,2;47,5;309,266;284,979;283;330;557,147;555,078;60;282,85;;1278,76
5673;0,2;51,5;309,165;284,975;283;330;557,147;555,078;60;282,857;;1278,76
5674;0,2;52,5;308,543;284,961;283;330;557,147;555,027;60;282,867;;1278,39
5675;0,2;50,5;308,471;284,729;283;330;557,147;555,027;60;282,877;;1277,86
5676;0,2;51;308,152;284,852;283;330;557,248;555,15;60;282,884;;1276,36
5677;0,2;61;308,341;284,748;283;330;557,292;555,266;60;282,893;;1275,32
5678;0,2;65;307,653;284,751;283;330;557,292;555,266;60;282,905;;1274,8
5679;0,2;71,5;307,567;284,758;283;330;557,335;555,266;60;282,914;;1274,8
5680;0,2;76,5;307,125;284,755;283;330;557,436;555,266;60;282,919;;1274,8
5681;0,2;78;307,046;284,766;283;330;557,436;555,266;60;282,927;;1273,96
5682;0,2;78;306,764;284,751;283;330;557,436;555,31;60;282,936;;1269,57
5683;0,2;78;306,518;284,74;283;330;557,436;555,367;60;282,942;;1265,81
5684;0,2;85,5;306,604;284,722;283;330;557,436;555,295;60;282,946;;1265,81
5685;0,2;95;306,315;284,737;283;330;557,436;555,31;60;282,947;;1265,81
5686;0,2;96;306,236;284,74;283;330;557,501;555,353;60;282,953;;1265,36
5687;0,2;99;306,091;284,748;283;330;557,552;555,317;60;282,959;;1264,57
5688;0,2;103;305,628;284,758;283;330;557,516;555,411;60;282,964;;1263,48
5689;0,2;100;305,498;284,892;283;330;557,632;555,49;60;282,968;;1262,47
5690;0,2;102,5;305,534;284,896;283;330;557,581;555,556;60;282,974;;1261,48
5691;0,2;112;305,83;285,037;283;330;557,661;555,556;60;282,978;;1261,48
5692;0,2;117;305,816;285,033;283;330;557,726;555,57;60;282,981;;1261,48
5693;0,2;116,5;305,729;285,012;283;330;557,726;555,664;60;282,988;;1261,01
5694;0,2;110,5;305,078;284,867;283;330;557,726;555,744;60;282,994;;1258,3
5695;0,2;111;305,013;284,871;283;330;557,834;555,787;60;283,004;;1257,75
5696;0,2;116,5;305,085;285,008;283;330;557,87;555,845;60;283,012;;1257,75
5697;0,2;115;305,165;284,881;283;330;557,87;555,802;60;283,018;;1257,75
5698;0,2;112;305,237;285,019;283;330;558,015;555,845;60;283,022;;1256,39
5699;0,2;113;305,179;285,001;283;330;558,109;555,888;60;283,029;;1256,27
5700;0,2;113,5;305,056;285,004;283;330;558,131;555,99;60;283,036;;1254,77
5701;0,2;111;304,984;285,004;283;330;558,073;555,99;60;283,043;;1248,58
5702;0,2;109,5;305,064;284,993;283;330;558,073;556,018;60;283,05;;1248,5
5703;0,2;108;305,519;284,932;283;330;558,16;556,134;60;283,056;;1248,5
5704;0,2;100,5;305,577;284,921;283;330;558,275;556,134;60;283,066;;1248,5
5705;0,2;90,5;305,541;284,932;283;330;558,304;556,091;60;283,07;;1248,12
5706;0,2;90;305,505;284,965;283;330;558,167;556,134;60;283,073;;1243,98
5707;0,2;89;305,505;284,968;283;330;558,261;556,163;60;283,079;;1242,77
5708;0,2;86,5;305,425;284,986;283;330;558,304;556,236;60;283,084;;1241,84
5709;0,2;82;305,404;284,993;283;330;558,304;556,134;60;283,087;;1241,53
5710;0,2;82;305,483;284,993;283;330;558,427;556,134;60;283,096;;1241,53
5711;0,2;80,5;305,599;284,979;283;330;558,406;556,199;60;283,103;;1241,53
5712;0,2;77,5;305,621;284,961;283;330;558,449;556,236;60;283,108;;1239,92
5713;0,2;73,5;305,606;284,961;283;330;558,449;556,279;60;283,116;;1236,93
5714;0,2;74;305,534;284,954;283;330;558,449;556,236;60;283,123;;1236,11
5715;0,2;76;305,498;284,849;283;330;558,362;556,279;60;283,126;;1236,11
5716;0,2;73,5;305,454;284,983;283;330;558,449;556,236;60;283,133;;1236,11
5717;0,2;71;305,599;284,86;283;330;558,449;556,279;60;283,14;;1236,02
5718;0,2;69,5;305,512;284,726;283;330;558,529;556,293;60;283,144;;1235,69
5719;0,2;64,5;305,534;284,729;283;330;558,594;556,38;60;283,145;;1235,67
5720;0,2;61;305,628;284,733;283;330;558,492;556,395;60;283,144;;1234,37
5721;0,2;61;305,606;284,74;283;330;558,449;556,279;60;283,145;;1234,12
5722;0,2;65;305,389;284,751;283;330;558,478;556,416;60;283,149;;1234,12
5723;0,2;63;305,093;284,758;283;330;558,594;556,424;60;283,153;;1234,12
5724;0,2;61,5;304,991;284,748;283;330;558,594;556,38;60;283,152;;1230,23
5725;0,2;66;305,013;284,744;283;330;558,594;556,424;60;283,152;;1225,63
5726;0,2;70,5;305,15;284,751;283;330;558,709;556,467;60;283,153;;1225,04
5727;0,2;69,5;305,237;284,827;283;330;558,695;556,612;60;283,153;;1224,86
5728;0,2;69,5;305,158;284,889;283;330;558,832;556,706;60;283,156;;1224,86
5729;0,2;70,5;304,593;284,838;283;330;559,071;556,858;60;283,16;;1224,38
5730;0,2;71;304,767;284,899;283;330;559,093;556,988;60;283,155;;1222,99
5731;0,2;74;304,745;284,892;283;330;559,172;557,046;60;283,153;;1220,23
5732;0,2;78;304,803;284,871;283;330;559,172;557,002;60;283,156;;1220,23
5733;0,2;87;304,868;284,852;283;330;559,216;557,002;60;283,153;;1220,23
5734;0,2;87;304,941;284,813;283;330;559,259;557,14;60;283,147;;1220,23
5735;0,2;87;304,608;284,791;283;330;559,201;557,147;60;283,142;;1219,98
5736;0,2;90;304,217;284,776;283;330;559,317;557,248;60;283,139;;1216,8
5737;0,2;98;304,073;284,769;283;330;559,317;557,241;60;283,138;;1215,83
5738;0,2;99,5;304,036;284,755;283;330;559,317;557,27;60;283,133;;1215,26
5739;0,2;100;304,015;284,889;283;330;559,274;557,104;60;283,13;;1214,8
5740;0,2;102;304,109;285,026;283;330;559,201;557,053;60;283,126;;1214,8
5741;0,2;104,5;304,21;285,012;283;330;559,23;557,096;60;283,123;;1214,8
5742;0,2;105;304,21;285,004;283;330;559,223;557,147;60;283,121;;1214,12
5743;0,2;106;304,13;284,983;283;330;559,317;557,234;60;283,118;;1211,43
5744;0,2;106,5;304,044;284,957;283;330;559,426;557,198;60;283,116;;1210,15
5745;0,2;105,5;303,979;284,946;283;330;559,462;557,292;60;283,114;;1209,35
5746;0,2;105,5;304,029;284,946;283;330;559,426;557,321;60;283,113;;1209,35
5747;0,2;107;304,159;284,936;283;330;559,462;557,313;60;283,108;;1208,98
5748;0,2;107;304,246;284,936;283;330;559,462;557,299;60;283,1;;1205,65
5749;0,2;107;304,999;284,921;283;330;559,462;557,335;60;283,095;;1202,85
5750;0,2;104,5;304,941;284,928;283;330;559,324;557,292;60;283,087;;1202,46
5751;0,2;99,5;304,832;284,928;283;330;559,317;557,292;60;283,08;;1202,08
5752;0,2;96,5;304,782;284,921;283;330;559,332;557,292;60;283,072;;1201,59
5753;0,2;93;304,767;284,943;283;330;559,462;557,292;60;283,064;;1200,69
5754;0,2;97,5;304,839;284,914;283;330;559,505;557,35;60;283,055;;1199,77
5755;0,2;107;304,941;284,878;283;330;559,607;557,436;60;283,051;;1199,4
5756;0,2;102,5;305,006;284,845;283;330;559,751;557,473;60;283,046;;1197,78
5757;0,2;102;304,977;284,834;283;330;559,751;557,624;60;283,042;;1196,47
5758;0,2;111,5;304,709;284,914;283;330;559,787;557,595;60;283,034;;1196,38
5759;0,2;117,5;304,724;284,965;283;330;559,852;557,61;60;283,027;;1195,71
5760;0,2;115,5;304,984;284,983;283;330;559,852;557,704;60;283,025;;1195,71
5761;0,2;109;305,071;285,015;283;330;559,961;557,812;60;283,021;;1193,27
5762;0,2;109;305,194;285,026;283;330;560,041;557,972;60;283,019;;1190,96
5763;0,2;109;305,245;285,001;283;330;560,041;557,957;60;283,017;;1190,17
5764;0,2;109;305,179;284,968;283;330;560,041;557,87;60;283,015;;1189,43
5765;0,2;109,5;305,064;284,983;283;330;560,041;557,87;60;283,013;;1189,2
5766;0,2;112;304,984;285,012;283;330;560,062;557,812;60;283,01;;1188,8
5767;0,2;113,5;305,563;285,015;283;330;560,142;557,87;60;283,009;;1187,59
5768;0,2;111,5;305,722;284,997;283;330;560,185;557,914;60;283,008;;1183,02
5769;0,2;111;305,802;285,001;283;330;560,185;557,957;60;283,008;;1180,96
5770;0,2;107;305,816;284,928;283;330;560,135;557,921;60;283,002;;1180,96
5771;0,2;100,5;305,802;285,041;283;330;560,113;557,87;60;282,997;;1180,96
5772;0,2;98;305,707;284,889;283;330;560,084;557,87;60;282,995;;1180,96
5773;0,2;103;305,57;284,758;283;330;560,135;557,87;60;282,993;;1180,96
5774;0,2;104;306,084;284,769;283;330;560,185;557,907;60;282,993;;1180,68
5775;0,2;104;306,214;284,773;283;330;560,185;558,008;60;282,991;;1177,9
5776;0,2;99,5;306,207;284,776;283;330;560,185;558,015;60;282,987;;1177,9
5777;0,2;97,5;306,113;284,758;283;330;560,33;558,073;60;282,984;;1177,9
5778;0,2;94;306,033;284,766;283;330;560,33;558,145;60;282,98;;1177,86
5779;0,2;92,5;305,982;284,816;283;330;560,33;558,218;60;282,98;;1177,06
5780;0,2;93;306,033;284,816;283;330;560,38;558,268;60;282,981;;1174,19
5781;0,2;93;306,17;284,816;283;330;560,467;558,304;60;282,981;;1173,94
5782;0,2;93;306,243;284,78;283;330;560,474;558,304;60;282,98;;1173,94
5783;0,2;93;306,178;284,762;283;330;560,583;558,348;60;282,982;;1171,88
5784;0,2;98;306,076;284,809;283;330;560,648;558,449;60;282,982;;1166,39
5785;0,2;98;305,99;285,012;283;330;560,764;558,464;60;282,983;;1163,25
5786;0,2;98;306,076;285,012;283;330;560,764;558,471;60;282,98;;1161,75
5787;0,2;99;306,156;285,138;283;330;560,619;558,449;60;282,982;;1157,71
5788;0,2;98;306,25;285,153;283;330;560,619;558,449;60;282,985;;1157,71
5789;0,2;98;306,163;285,153;283;330;560,706;558,406;60;282,989;;1157,71
5790;0,2;100;306,062;285,051;283;330;560,764;558,478;60;282,992;;1157,71
5791;0,2;100;306,033;284,903;283;330;560,634;558,464;60;282,995;;1157,71
5792;0,2;98;306,04;285,041;283;330;560,764;558,543;60;282,997;;1152,7
5793;0,2;98;306,12;285,124;283;330;560,764;558,579;60;283;;1149,8
5794;0,2;99,5;306,612;285,138;283;330;560,807;558,514;60;283,004;;1148,71
5795;0,2;98;307,031;285,142;283;330;560,764;558,521;60;283,009;;1148,71
5796;0,2;92;306,778;285,145;283;330;560,764;558,492;60;283,02;;1148,71
5797;0,2;80;306,995;285,149;283;330;560,836;558,587;60;283,027;;1146,98
5798;0,2;81;306,937;285,149;283;330;560,909;558,659;60;283,032;;1146,19
5799;0,2;82,5;306,286;285,12;283;330;560,865;558,738;60;283,039;;1145,68
5800;0,2;75,5;306,264;285,124;283;330;560,909;558,738;60;283,041;;1143,06
5801;0,2;70,5;306,612;285,127;283;330;560,909;558,652;60;283,043;;1142,65
5802;0,2;74,5;306,554;285,138;283;330;560,909;558,738;60;283,049;;1142,65
5803;0,2;71;306,771;285,145;283;330;561,003;558,782;60;283,052;;1142,32
5804;0,2;69;306,554;285,156;283;330;561,053;558,861;60;283,055;;1139,63
5805;0,2;69;306,973;285,127;283;330;561,053;558,883;60;283,06;;1137,44
5806;0,2;71;306,532;285,12;283;330;561,097;558,883;60;283,062;;1136,54
5807;0,2;68,5;306,047;285,127;283;330;561,155;558,883;60;283,062;;1136,54
5808;0,2;67;306,011;285,131;283;330;561,053;558,767;60;283,061;;1136,54
5809;0,2;73;306,105;285,138;283;330;561,068;558,869;60;283,061;;1134,88
5810;0,2;77,5;306,243;285,145;283;330;561,198;558,883;60;283,065;;1133,19
5811;0,2;75;306,243;285,149;283;330;561,198;558,883;60;283,068;;1131,62
5812;0,2;73,5;306,163;285,153;283;330;561,249;558,999;60;283,068;;1129,75
5813;0,2;74;306,076;285,135;283;330;561,285;559,028;60;283,067;;1129,75
5814;0,2;72,5;305,469;285,12;283;330;561,27;558,984;60;283,067;;1129,75
5815;0,2;73;305,425;285,127;283;330;561,292;559,071;60;283,063;;1129,22
5816;0,2;79;305,606;285,135;283;330;561,343;559,071;60;283,06;;1127,49
5817;0,2;85;305,729;285,142;283;330;561,343;559,028;60;283,055;;1125,7
5818;0,2;86,5;305,671;285,149;283;330;561,343;559,028;60;283,053;;1124,74
5819;0,2;87;305,476;285,153;283;330;561,386;559,035;60;283,049;;1124,74
5820;0,2;88,5;305,237;285,127;283;330;561,205;559,049;60;283,043;;1124,74
5821;0,2;91;305,02;285,12;283;330;561,198;558,854;60;283,04;;1124,74
5822;0,2;93,5;304,999;285,124;283;330;561,053;558,789;60;283,038;;1123,76
5823;0,2;100,5;305,107;285,131;283;330;561,031;558,738;60;283,036;;1118,54
5824;0,2;105;305,223;285,138;283;330;560,988;558,652;60;283,035;;1116,81
5825;0,2;105,5;305,237;285,145;283;330;560,923;558,767;60;283,031;;1116,81
5826;0,2;104;305,158;285,153;283;330;560,952;558,84;60;283,028;;1116,81
5827;0,2;105;305,056;285,153;283;330;561,017;558,883;60;283,025;;1116,23
5828;0,2;106;304,984;285,138;283;330;561,053;558,883;60;283,022;;1115,3
5829;0,2;106;305,056;285,12;283;330;561,183;558,883;60;283,02;;1114,37
5830;0,2;109;305,179;285,127;283;330;561,191;558,97;60;283,018;;1113,09
5831;0,2;112,5;305,252;285,131;283;330;561,14;558,927;60;283,016;;1112,37
5832;0,2;112;305,187;285,138;283;330;561,053;558,883;60;283,015;;1111,69
5833;0,2;112;305,078;285,145;283;330;561,053;558,869;60;283,013;;1111,69
5834;0,2;113,5;304,991;285,156;283;330;561,046;558,854;60;283,012;;1111,57
5835;0,2;113;305,027;285,149;283;330;561,017;558,883;60;283,011;;1108,93
5836;0,2;113;305,158;285,124;283;330;561,053;558,883;60;283,012;;1107,46
5837;0,2;112;305,57;285,12;283;330;561,024;558,883;60;283,011;;1105,01
5838;0,2;113;305,823;285,131;283;330;560,952;558,767;60;283,005;;1104,76
5839;0,2;103;305,722;285,138;283;330;561,003;558,738;60;283,004;;1104,76
5840;0,2;98,5;305,621;285,145;283;330;560,945;558,782;60;283,004;;1104,19
5841;0,2;104;305,556;285,149;283;330;560,952;558,746;60;283,004;;1099,71
5842;0,2;105,5;305,498;285,156;283;330;560,995;558,782;60;283,004;;1098,15
5843;0,2;106;305,527;285,138;283;330;561,053;558,825;60;283,004;;1097,01
5844;0,2;104,5;305,57;284,921;283;330;561,075;558,738;60;283,004;;1095,9
5845;0,2;100,5;305,635;284,842;283;330;561,089;558,738;60;283,004;;1095,9
5846;0,2;105;306,257;284,954;283;330;561,053;558,775;60;283,005;;1095,55
5847;0,2;105,5;306,228;284,744;283;330;561,053;558,753;60;283,01;;1093,05
5848;0,2;97;306,069;285,142;283;330;560,995;558,76;60;283,009;;1091,47
5849;0,2;93;305,997;285,149;283;330;560,981;558,738;60;283,009;;1090,11
5850;0,2;91,5;306,076;285,153;283;330;560,88;558,738;60;283,008;;1090,11
5851;0,2;91;306,178;285,153;283;330;560,909;558,702;60;283,007;;1090,11
5852;0,2;90;306,199;284,939;283;330;560,909;558,666;60;283,009;;1089,7
5853;0,2;90,5;306,207;284,925;283;330;560,909;558,594;60;283,009;;1087,3
5854;0,2;91;306,134;284,939;283;330;560,909;558,594;60;283,008;;1086,38
5855;0,2;90,5;306,069;284,939;283;330;560,909;558,594;60;283,007;;1085,9
5856;0,2;90,5;306,018;284,95;283;330;560,909;558,594;60;283,007;;1085,15
5857;0,2;90;306,084;284,936;283;330;560,909;558,594;60;283,006;;1085,15
5858;0,2;89;306,163;284,842;283;330;560,909;558,543;60;283,005;;1084,7
5859;0,2;86;306,301;284,936;283;330;560,909;558,608;60;283,006;;1082,17
5860;0,2;86;306,221;284,932;283;330;560,909;558,681;60;283,006;;1080,66
5861;0,2;89,5;306,069;284,914;283;330;560,909;558,709;60;283,005;;1078,95
5862;0,2;90,5;305,99;284,867;283;330;560,909;558,681;60;283,009;;1078,95
5863;0,2;90,5;306,062;284,889;283;330;560,865;558,652;60;283,01;;1078,95
5864;0,2;91;306,207;284,885;283;330;560,952;558,738;60;283,009;;1078,95
5865;0,2;90,5;306,279;284,896;283;330;561,003;558,738;60;283,013;;1078,93
5866;0,2;87;306,199;284,903;283;330;560,952;558,695;60;283,012;;1076,3
5867;0,2;87;306,098;284,849;283;330;561,017;558,695;60;283,011;;1074,79
5868;0,2;90;306,069;284,86;283;330;561,053;558,738;60;283,01;;1074,48
5869;0,2;90,5;306,047;284,849;283;330;561,053;558,738;60;283,009;;1074,48
5870;0,2;91;306,214;284,769;283;330;561,097;558,738;60;283,009;;1074,05
5871;0,2;91;306,279;284,762;283;330;561,104;558,738;60;283,011;;1071,9
5872;0,2;90,5;306,25;284,769;283;330;561,024;558,731;60;283,01;;1069,89
5873;0,2;91;306,149;284,791;283;330;560,909;558,702;60;283,013;;1067,05
5874;0,2;90;306,069;284,798;283;330;560,909;558,738;60;283,014;;1067,05
5875;0,2;91;306,004;284,827;283;330;560,909;558,659;60;283,014;;1067,05
5876;0,2;87;306,113;284,827;283;330;560,909;558,731;60;283,017;;1067,05
5877;0,2;84;306,243;284,838;283;330;560,909;558,681;60;283,02;;1066,83
5878;0,2;86,5;306,286;284,842;283;330;560,865;558,709;60;283,023;;1065,57
5879;0,2;90;306,141;284,834;283;330;560,872;558,623;60;283,031;;1062,26
5880;0,2;86,5;306,084;284,816;283;330;560,894;558,731;60;283,039;;1061,12
5881;0,2;86,5;306,04;284,787;283;330;560,88;558,637;60;283,046;;1061,12
5882;0,2;87;305,744;284,758;283;330;560,858;558,594;60;283,05;;1061,12
5883;0,2;85;305,816;284,766;283;330;560,872;558,594;60;283,054;;1061,12
5884;0,2;89;305,896;284,769;283;330;560,909;558,594;60;283,06;;1058,26
5885;0,2;91;305,903;284,762;283;330;560,909;558,594;60;283,064;;1055,94
5886;0,2;91;305,773;284,899;283;330;560,829;558,449;60;283,068;;1055,94
5887;0,2;90,5;305,693;284,751;283;330;560,807;558,492;60;283,069;;1055,94
5888;0,2;86,5;305,563;284,885;283;330;560,764;558,514;60;283,072;;1055,94
5889;0,2;86;305,621;284,885;283;330;560,764;558,543;60;283,077;;1055,7
5890;0,2;86,5;305,635;284,878;283;330;560,807;558,594;60;283,086;;1054,24
5891;0,2;84;305,83;284,993;283;330;560,764;558,594;60;283,085;;1050,35
5892;0,2;86;305,924;284,983;283;330;560,764;558,594;60;283,086;;1049,68
5893;0,2;82,5;305,982;284,983;283;330;560,865;558,644;60;283,086;;1049,29
5894;0,2;84,5;305,939;284,993;283;330;560,858;558,644;60;283,086;;1049,18
5895;0,2;81,5;305,874;284,997;283;330;560,909;558,63;60;283,086;;1048,55
5896;0,2;80;305,838;284,983;283;330;560,872;558,594;60;283,081;;1048,02
5897;0,2;85;305,773;284,975;283;330;560,807;558,594;60;283,083;;1047,03
5898;0,2;86,5;305,802;284,954;283;330;560,764;558,594;60;283,084;;1046,81
5899;0,2;84;305,888;284,946;283;330;560,764;558,594;60;283,084;;1046,23
5900;0,2;86,5;305,982;284,925;283;330;560,858;558,558;60;283,083;;1046,07
5901;0,2;86,5;306,026;284,889;283;330;560,909;558,594;60;283,078;;1046,07
5902;0,2;81;305,577;284,899;283;330;560,858;558,594;60;283,078;;1043,13
5903;0,2;81,5;305,802;284,903;283;330;560,909;558,695;60;283,076;;1040,93
5904;0,2;82;305,592;284,838;283;330;560,909;558,695;60;283,072;;1040,51
5905;0,2;84,5;305,078;284,914;283;330;560,952;558,738;60;283,07;;1040,2
5906;0,2;88,5;304,991;284,972;283;330;560,909;558,695;60;283,066;;1039,92
5907;0,2;90,5;305,013;285,153;283;330;560,938;558,738;60;283,065;;1039,17
5908;0,2;92;305,129;285,145;283;330;560,974;558,782;60;283,062;;1037,45
5909;0,2;97;305,237;285,124;283;330;561,097;558,738;60;283,06;;1035,03
5910;0,2;98;305,216;285,124;283;330;560,923;558,775;60;283,057;;1033,88
5911;0,2;98;305,107;285,127;283;330;560,959;558,746;60;283,056;;1031,95
5912;0,2;98;305,013;285,138;283;330;560,981;558,695;60;283,058;;1031,93
5913;0,2;99,5;304,999;285,145;283;330;561,003;558,738;60;283,057;;1031,93
5914;0,2;98;305,122;285,149;283;330;560,959;558,659;60;283,054;;1030,48
5915;0,2;100;305,223;285,153;283;330;560,909;558,594;60;283,053;;1027,9
5916;0,2;100;305,245;285,138;283;330;560,793;558,492;60;283,052;;1027,9
5917;0,2;100;305,172;285,12;283;330;560,721;558,449;60;283,055;;1027,9
5918;0,2;99;305,085;285,127;283;330;560,67;558,449;60;283,057;;1027,54
5919;0,2;98,5;305,006;285,135;283;330;560,663;558,406;60;283,06;;1027,1
5920;0,2;102;305,02;285,142;283;330;560,619;558,319;60;283,062;;1023,15
5921;0,2;102;305,158;285,149;283;330;560,619;558,247;60;283,066;;1022,02
5922;0,2;100;305,252;285,153;283;330;560,59;558,16;60;283,069;;1022,02
5923;0,2;102;305,122;285,131;283;330;560,569;558,189;60;283,074;;1022,02
5924;0,2;102;305,042;285,12;283;330;560,54;558,218;60;283,076;;1022,02
5925;0,2;98,5;305,093;285,127;283;330;560,54;558,239;60;283,079;;1021,98
5926;0,2;99;305,273;285,135;283;330;560,474;558,16;60;283,082;;1019,59
5927;0,2;95;305,382;285,142;283;330;560,474;558,203;60;283,088;;1018,05
5928;0,2;89,5;305,469;285,149;283;330;560,474;558,102;60;283,093;;1014,96
5929;0,2;87;305,447;285,153;283;330;560,547;558,16;60;283,094;;1014,7
5930;0,2;86,5;305,36;285,135;283;330;560,619;558,203;60;283,101;;1014,7
5931;0,2;86;305,281;285,12;283;330;560,619;558,189;60;283,104;;1013,95
5932;0,2;79;305,469;285,131;283;330;560,605;558,174;60;283,108;;1012,63
5933;0,2;73,5;305,208;285,135;283;330;560,474;558,203;60;283,11;;1010,96
5934;0,2;72,5;305,584;285,145;283;330;560,446;558,145;60;283,108;;1009,33
5935;0,2;75,5;305,961;285,153;283;330;560,467;558,015;60;283,108;;1008,81
5936;0,2;78;305,483;285,153;283;330;560,424;558,015;60;283,107;;1008,81
5937;0,2;78;305,722;285,135;283;330;560,352;558,015;60;283,106;;1008,66
5938;0,2;78;305,881;285,12;283;330;560,438;558,066;60;283,106;;1007,74
5939;0,2;74,5;305,823;285,127;283;330;560,46;558,16;60;283,106;;1007,35
5940;0,2;66,5;305,765;285,135;283;330;560,525;558,16;60;283,105;;1006,27
5941;0,2;68;305,794;285,142;283;330;560,619;558,247;60;283,104;;1005,85
5942;0,2;74,5;305,903;285,149;283;330;560,619;558,304;60;283,103;;1005,85
5943;0,2;74;305,715;285,156;283;330;560,619;558,304;60;283,1;;1005,85
5944;0,2;71,5;305,736;285,135;283;330;560,619;558,304;60;283,095;;1003,64
5945;0,2;65;305,158;285,124;283;330;560,561;558,268;60;283,093;;1001,38
5946;0,2;67,5;305,02;285,135;283;330;560,474;558,203;60;283,09;;997,529
5947;0,2;71,5;304,977;285,138;283;330;560,474;558,203;60;283,086;;997,092
5948;0,2;79,5;305,122;285,149;283;330;560,518;558,254;60;283,084;;997,092
5949;0,2;87;305,216;285,153;283;330;560,67;558,312;60;283,079;;997,092
5950;0,2;89;305,23;285,142;283;330;560,764;558,449;60;283,075;;997,034
5951;0,2;87,5;305,129;285,12;283;330;560,764;558,413;60;283,071;;993,464
5952;0,2;89,5;304,478;285,124;283;330;560,764;558,529;60;283,067;;993,308
5953;0,2;97;304,427;285,131;283;330;560,764;558,449;60;283,063;;993,205
5954;0,2;101;304,369;285,138;283;330;560,764;558,449;60;283,055;;993,001
5955;0,2;106;304,478;285,149;283;330;560,764;558,449;60;283,048;;992,477
5956;0,2;113,5;304,543;285,153;283;330;560,764;558,492;60;283,042;;991,621
5957;0,2;117,5;304,659;285,142;283;330;560,901;558,492;60;283,037;;990,657
5958;0,2;117;304,463;285,12;283;330;560,909;558,55;60;283,032;;988,358
5959;0,2;113,5;304,514;285,124;283;330;560,909;558,579;60;283,026;;987,515
5960;0,2;111;304,275;285,135;283;330;560,865;558,594;60;283,023;;985,582
5961;0,2;109,5;304,253;285,142;283;330;560,909;558,594;60;283,021;;985,582
5962;0,2;109,5;304,319;285,149;283;330;560,909;558,594;60;283,018;;984,972
5963;0,2;114;304,622;285,153;283;330;560,909;558,594;60;283,011;;983,776
5964;0,2;118;304,478;285,142;283;330;560,909;558,507;60;283,007;;980,578
5965;0,2;123;304,478;285,12;283;330;560,909;558,594;60;283,003;;979,953
5966;0,2;122;304,659;285,124;283;330;560,865;558,521;60;282,999;;978,851
5967;0,2;125;304,579;285,131;283;330;560,764;558,449;60;282,997;;977,778
5968;0,2;128,5;305,013;285,138;283;330;560,786;558,492;60;282,99;;977,778
5969;0,2;119;304,991;285,145;283;330;560,909;558,594;60;282,986;;977,444
5970;0,2;113,5;305,1;285,153;283;330;560,865;558,652;60;282,981;;974,386
5971;0,2;116;305,23;285,153;283;330;560,909;558,659;60;282,979;;973,01
5972;0,2;120;305,252;285,131;283;330;560,909;558,724;60;282,975;;971,982
5973;0,2;119;305,172;285,12;283;330;560,909;558,601;60;282,971;;971,982
5974;0,2;120,5;305,056;285,131;283;330;560,909;558,594;60;282,969;;971,316
5975;0,2;121;305,729;285,138;283;330;560,909;558,594;60;282,97;;969,058
5976;0,2;113;305,787;285,142;283;330;560,909;558,594;60;282,974;;967,163
5977;0,2;105;305,845;285,149;283;330;560,909;558,594;60;282,977;;966,917
5978;0,2;105;305,932;285,153;283;330;560,981;558,594;60;282,98;;966,498
5979;0,2;103,5;305,924;285,135;283;330;560,916;558,608;60;282,983;;966,194
5980;0,2;104;306,163;285,12;283;330;561,01;558,738;60;282,985;;966,194
5981;0,2;101;306,069;285,124;283;330;560,966;558,738;60;282,987;;964,316
5982;0,2;98;306,076;285,127;283;330;561,024;558,644;60;282,988;;960,292
5983;0,2;97;306,076;285,135;283;330;560,995;558,637;60;282,99;;959,043
5984;0,2;95,5;306,149;285,138;283;330;560,952;558,666;60;282,992;;957,874
5985;0,2;92,5;306,257;285,145;283;330;560,995;558,738;60;282,995;;957,874
5986;0,2;92,5;306,496;285,149;283;330;560,938;558,695;60;282,997;;957,874
5987;0,2;87,5;306,713;285,156;283;330;560,974;558,695;60;283,002;;957,474
5988;0,2;82;306,648;285,145;283;330;560,952;558,738;60;283,007;;955,962
5989;0,2;82,5;306,568;285,12;283;330;560,966;558,738;60;283,012;;954,751
5990;0,2;82;306,648;285,124;283;330;561,053;558,695;60;283,021;;953,195
5991;0,2;78,5;306,532;285,127;283;330;561,053;558,695;60;283,024;;953,08
5992;0,2;74,5;306,597;285,135;283;330;561,053;558,738;60;283,026;;953,08
5993;0,2;71,5;306,648;285,142;283;330;561,053;558,644;60;283,031;;952,914
5994;0,2;75;306,836;285,149;283;330;561,053;558,738;60;283,031;;949,411
5995;0,2;76,5;306,604;285,153;283;330;561,053;558,738;60;283,034;;947,655
5996;0,2;73;306,995;285,127;283;330;561,053;558,695;60;283,04;;947,411
5997;0,2;70;306,952;285,12;283;330;561,198;558,738;60;283,043;;947,411
5998;0,2;66;306,069;285,127;283;330;561,241;558,818;60;283,042;;947,411
5999;0,2;64;305,99;285,138;283;330;561,314;558,97;60;283,043;;946,203
6000;0,2;70;306,084;285,145;283;330;561,343;559,028;60;283,043;;945,973
6001;0,2;74;306,228;285,149;283;330;561,343;559,028;60;283,042;;945,973
6002;0,2;77;306,272;285,156;283;330;561,343;559,057;60;283,041;;945,556
6003;0,2;78;306,17;285,138;283;330;561,408;559,049;60;283,038;;944,535
6004;0,2;78;305,946;285,12;283;330;561,487;559,165;60;283,034;;944,535
6005;0,2;80;305,534;285,131;283;330;561,574;559,274;60;283,033;;943,705
6006;0,2;91,5;305,773;285,135;283;330;561,74;559,295;60;283,029;;942,123
6007;0,2;92;305,664;285,145;283;330;561,632;559,295;60;283,026;;937,688
6008;0,2;87;305,736;285,153;283;330;561,61;559,223;60;283,023;;936,052
6009;0,2;88;305,31;285,142;283;330;561,538;559,317;60;283,016;;936,052
6010;0,2;95,5;305,15;285,12;283;330;561,531;559,274;60;283,011;;936,052
6011;0,2;100,5;305,049;285,124;283;330;561,589;559,317;60;283,009;;936,052
6012;0,2;104;304,984;285,127;283;330;561,632;559,317;60;283,009;;934,161
6013;0,2;105;305,035;285,135;283;330;561,632;559,361;60;283,008;;931,315
6014;0,2;106;305,143;285,138;283;330;561,632;559,317;60;283,007;;930,528
6015;0,2;106;305,216;285,145;283;330;561,632;559,361;60;283,006;;930,528
6016;0,2;107,5;305,136;285,149;283;330;561,733;559,397;60;283,006;;930,456
6017;0,2;111,5;305,02;285,145;283;330;561,777;559,462;60;283,005;;929,346
6018;0,2;111,5;304,984;285,135;283;330;561,907;559,52;60;283,005;;926,855
6019;0,2;113;305,064;285,12;283;330;561,921;559,534;60;283,005;;925,292
6020;0,2;112,5;305,187;285,127;283;330;561,979;559,578;60;283,008;;923,041
6021;0,2;112;305,245;285,135;283;330;562,066;559,643;60;283,007;;923,041
6022;0,2;111;305,201;285,142;283;330;562,023;559,664;60;283,007;;923,041
6023;0,2;113;305,107;285,149;283;330;562,03;559,751;60;283,006;;923,041
6024;0,2;113,5;305,013;285,156;283;330;562,095;559,751;60;283,005;;922,969
6025;0,2;112;304,991;285,153;283;330;562,109;559,802;60;283,005;;921,612
6026;0,2;110,5;305,1;285,131;283;330;562,066;559,787;60;283,006;;920,741
6027;0,2;113;305,23;285,124;283;330;562,196;559,751;60;283,007;;920,184
6028;0,2;111,5;305,187;285,131;283;330;562,073;559,751;60;283,006;;920,184
6029;0,2;113;305,433;285,138;283;330;562,203;559,823;60;283,006;;920,184
6030;0,2;113,5;305,534;285,149;283;330;562,066;559,86;60;283,005;;918,771
6031;0,2;112;305,621;285,156;283;330;562,102;559,881;60;283,006;;915,761
6032;0,2;103,5;305,722;285,142;283;330;562,117;559,816;60;283,005;;914,477
6033;0,2;101,5;305,765;285,131;283;330;562,167;559,816;60;283,009;;914,477
6034;0,2;98;305,744;285,124;283;330;562,211;559,838;60;283,009;;914,477
6035;0,2;98;305,809;285,127;283;330;562,334;559,86;60;283,011;;913,522
6036;0,2;100,5;305,729;285,135;283;330;562,355;559,896;60;283,015;;912,599
6037;0,2;103,5;305,924;285,142;283;330;562,363;559,896;60;283,014;;909,975
6038;0,2;103;306,098;285,153;283;330;562,457;559,983;60;283,016;;908,082
6039;0,2;90;306,011;285,156;283;330;562,413;560,033;60;283,019;;907,086
6040;0,2;82;306,156;285,131;283;330;562,406;560,041;60;283,019;;907,086
6041;0,2;82;306,228;285,12;283;330;562,355;560,041;60;283,02;;907,086
6042;0,2;81,5;306,272;285,131;284;330;562,399;559,918;60;283,022;;905,308
6043;0,2;81;306,163;285,138;284;330;562,334;559,852;60;283,029;;901,868
6044;0,2;113;306,091;285,145;284;330;562,29;559,852;60;283,028;;900,051
6045;0,2;186,5;306,033;285,153;284;330;562,312;559,896;60;283,029;;900,051
6046;0,2;277,5;306,084;285,149;284;330;562,297;559,896;60;283,032;;900,051
6047;0,2;368;306,221;285,12;284;330;562,312;559,983;60;283,036;;900,051
6048;0,2;435;306,25;285,124;284;330;562,384;560,041;60;283,036;;900,051
6049;0,2;447,5;306,351;285,131;284;330;562,37;560,041;60;283,039;;900,051
6050;0,2;442,5;306,742;285,142;284;330;562,406;560,041;60;283,044;;898,802
6051;0,2;434;307,046;285,145;284;330;562,406;560,041;60;283,048;;898,305
6052;0,2;416;307,755;285,153;284;330;562,428;560,041;60;283,054;;897,922
6053;0,2;404,5;308,37;285,153;284;330;562,5;559,997;60;283,058;;897,851
6054;0,2;377;309,006;285,124;284;330;562,5;560,041;60;283,062;;896,972
6055;0,2;359;310,214;285,124;284;330;562,645;560,041;60;283,066;;894,82
6056;0,2;341,5;310,561;285,131;284;330;562,543;560,084;60;283,073;;893,752
6057;0,2;313;311,538;285,135;284;330;562,572;560,048;60;283,08;;892,094
6058;0,2;289;312,232;285,142;284;330;562,732;560,286;60;283,087;;892,08
6059;0,2;267;312,963;285,149;284;330;562,789;560,446;60;283,091;;889,304
6060;0,2;245,5;314,07;285,153;284;330;562,891;560,424;60;283,093;;887,493
6061;0,2;212,5;314,699;285,153;284;330;562,847;560,474;60;283,093;;885,554
6062;0,2;181,5;315,473;285,124;284;330;562,963;560,474;60;283,093;;882,854
6063;0,2;158,5;316,037;285,127;284;330;562,992;560,59;60;283,1;;881,484
6064;0,2;145,5;316,587;285,131;284;330;563,079;560,619;60;283,1;;881,484
6065;0,2;130;317,332;285,138;284;330;563,079;560,619;60;283,104;;881,484
6066;0,2;112;317,527;285,145;284;330;562,999;560,605;60;283,108;;881,484
6067;0,2;98,5;318,345;285,149;284;330;562,985;560,518;60;283,112;;880,707
6068;0,2;75,5;318,685;285,153;284;330;562,833;560,438;60;283,118;;879,366
6069;0,2;58,5;319,184;285,153;284;330;562,789;560,294;60;283,116;;879,366
6070;0,2;46,5;319,575;285,131;284;330;562,789;560,33;60;283,12;;879,366
6071;0,2;32;319,553;285,124;284;330;562,92;560,46;60;283,12;;879,366
6072;0,2;23;319,633;285,019;284;330;562,804;560,33;60;283,12;;879,366
6073;0,2;15,5;319,705;284,914;284;330;562,789;560,373;60;283,118;;877,728
6074;0,2;12,5;319,669;285,142;284;330;562,789;560,38;60;283,121;;874,922
6075;0,2;0;319,488;285,145;284;330;562,833;560,38;60;283,121;;873,018
6076;0,2;0;319,35;285,156;284;330;562,789;560,474;60;283,118;;873,018
6077;0,2;0;319,466;285,142;284;330;562,789;560,388;60;283,118;;873,018
6078;0,2;0;319,141;285,127;284;330;562,854;560,424;60;283,133;;872,753
6079;0,2;2,5;318,837;285,12;284;330;562,818;560,431;60;283,143;;871,097
6080;0,2;6,5;318,533;285,131;284;330;562,833;560,474;60;283,143;;868,056
6081;0,2;14,5;318,186;285,138;284;330;562,927;560,424;60;283,14;;867,76
6082;0,2;25;317,788;285,142;284;330;562,985;560,561;60;283,142;;866,874
6083;0,2;38;317,339;285,149;284;330;562,977;560,619;60;283,142;;865,382
6084;0,2;52,5;316,645;285,156;284;330;563,014;560,619;60;283,144;;865,382
6085;0,2;65;316,262;285,145;284;330;563,122;560,735;60;283,141;;865,127
6086;0,2;78,5;315,799;285,127;284;330;563,223;560,764;60;283,14;;862,413
6087;0,2;89,5;315,48;285,12;284;330;563,202;560,764;60;283,143;;860,432
6088;0,2;106;314,815;285,131;284;330;563,202;560,728;60;283,148;;860,418
6089;0,2;122,5;314,547;285,138;284;330;563,223;560,764;60;283,151;;860,418
6090;0,2;135,5;313,918;285,145;284;330;563,274;560,764;60;283,157;;860,292
6091;0,2;147;313,527;285,153;284;330;563,267;560,764;60;283,161;;859,436
6092;0,2;158,5;313,202;285,153;284;330;563,223;560,764;60;283,164;;858,505
6093;0,2;160,5;313,296;284,751;284;330;563,173;560,807;60;283,169;;857,228
6094;0,2;168,5;312,609;284,784;284;330;563,26;560,764;60;283,173;;855,88
6095;0,2;184;312,652;284,802;284;330;563,223;560,764;60;283,18;;855,221
6096;0,2;187,5;312,609;284,965;284;330;563,151;560,67;60;283,182;;855,221
6097;0,2;187;312,29;285,127;284;330;562,999;560,561;60;283,191;;854,898
6098;0,2;194;312,218;285,135;284;330;562,934;560,395;60;283,198;;853,607
6099;0,2;201;312,16;285,012;284;330;562,746;560,33;60;283,203;;850,634
6100;0,2;200;312,189;284,86;284;330;562,616;560,156;60;283,21;;850,634
6101;0,2;200,5;312,334;284,827;284;330;562,471;560,084;60;283,219;;850,634
6102;0,2;200,5;312,732;284,813;284;330;562,355;559,983;60;283,228;;850,634
6103;0,2;197;313,05;284,795;284;330;562,355;559,896;60;283,237;;849,834
6104;0,2;190;312,992;284,791;284;330;562,355;559,896;60;283,244;;847,806
6105;0,2;190;312,934;284,798;284;330;562,355;560,033;60;283,251;;847,09
6106;0,2;182,5;313,035;284,798;284;330;562,391;560,192;60;283,262;;844,44
6107;0,2;168,5;313,231;284,802;284;330;562,543;560,243;60;283,271;;843,685
6108;0,2;159;313,368;284,802;284;330;562,637;560,286;60;283,281;;843,685
6109;0,2;157;313,788;284,798;284;330;562,645;560,417;60;283,293;;843,049
6110;0,2;155;314,048;284,784;284;330;562,768;560,431;60;283,306;;839,208
6111;0,2;147;313,723;284,838;284;330;562,789;560,474;60;283,319;;836,71
6112;0,2;141;313,679;284,834;284;330;562,92;560,474;60;283,331;;834,479
6113;0,2;140,5;314,207;284,91;284;330;562,789;560,431;60;283,338;;834,34
6114;0,2;129;314,33;284,925;284;330;562,789;560,33;60;283,349;;834,34
6115;0,2;115,5;314,374;284,823;284;330;562,826;560,474;60;283,361;;834,312
6116;0,2;111,5;314,431;284,95;284;330;562,934;560,547;60;283,377;;833,434
6117;0,2;109,5;314,511;284,968;284;330;562,934;560,655;60;283,392;;832,946
6118;0,2;103,5;314,518;284,975;284;330;562,934;560,67;60;283,405;;832,083
6119;0,2;93,5;314,475;284,983;284;330;562,934;560,677;60;283,417;;830,857
6120;0,2;83,5;314,562;284,975;284;330;562,977;560,663;60;283,43;;830,857
6121;0,2;76;314,634;284,99;284;330;562,934;560,692;60;283,444;;830,746
6122;0,2;69;314,865;284,86;284;330;562,934;560,699;60;283,456;;828,783
6123;0,2;64,5;314,873;284,849;284;330;563,014;560,619;60;283,468;;826,223
6124;0,2;64;314,417;284,852;284;330;562,977;560,619;60;283,481;;824,69
6125;0,2;65;314,359;284,852;284;330;562,898;560,619;60;283,492;;824,623
6126;0,2;70,5;314,193;284,762;284;330;562,934;560,619;60;283,503;;824,623
6127;0,2;70;314,193;284,748;284;330;562,934;560,619;60;283,514;;824,623
6128;0,2;70;314,149;284,758;284;330;562,854;560,518;60;283,524;;824,623
6129;0,2;69;313,94;284,758;284;330;562,659;560,388;60;283,531;;823,553
6130;0,2;65,5;313,882;284,766;284;330;562,442;560,185;60;283,539;;822,65
6131;0,2;65;313,361;284,766;284;330;562,406;560,185;60;283,553;;821,15
6132;0,2;65;313,288;284,744;284;330;562,399;560,091;60;283,563;;821,15
6133;0,2;73;312,905;284,928;284;330;562,399;560,084;60;283,576;;821,15
6134;0,2;78,5;312,789;285,127;284;330;562,355;560,041;60;283,59;;818,486
6135;0,2;87;312,464;285,131;284;330;562,355;560,041;60;283,598;;815,503
6136;0,2;92;312,37;285,142;284;330;562,377;560,041;60;283,61;;814,214
6137;0,2;92;312,312;285,149;284;330;562,377;560,135;60;283,623;;813,286
6138;0,2;92;311,835;285,153;284;330;562,406;560,127;60;283,634;;812,829
6139;0,2;94,5;311,755;285,149;284;330;562,413;560,185;60;283,641;;812,261
6140;0,2;105;311,502;285,12;284;330;562,42;560,098;60;283,654;;811,444
6141;0,2;107,5;311,14;285,12;284;330;562,377;560,048;60;283,67;;808,33
6142;0,2;107;311,256;285,131;284;330;562,355;560,077;60;283,685;;807,652
6143;0,2;106;310,872;285,135;284;330;562,449;560,041;60;283,701;;807,293
6144;0,2;107,5;310,612;285,142;284;330;562,391;560,127;60;283,712;;807,293
6145;0,2;108,5;310,749;285,149;284;330;562,355;560,004;60;283,72;;807,293
6146;0,2;116;310,576;285,153;284;330;562,355;560,041;60;283,729;;805,883
6147;0,2;115,5;310,163;285,135;284;330;562,305;559,968;60;283,735;;802,733
6148;0,2;110,5;310,135;285,12;284;330;562,211;559,946;60;283,751;;798,316
6149;0,2;115;310,2;285,131;284;330;562,095;559,809;60;283,763;;798,316
6150;0,2;112,5;310,352;285,135;284;330;562,015;559,751;60;283,772;;798,316
6151;0,2;113;310,409;285,142;284;330;561,936;559,751;60;283,786;;798,316
6152;0,2;109;310,337;285,149;284;330;561,921;559,722;60;283,799;;798,198
6153;0,2;106;310,178;285,156;284;330;561,863;559,657;60;283,813;;797,14
6154;0,2;105;310,091;285,131;284;330;561,777;559,512;60;283,823;;797,098
6155;0,2;104;310,142;285,127;284;330;561,777;559,462;60;283,836;;795,897
6156;0,2;102;310,055;285,131;284;330;561,726;559,462;60;283,85;;795,69
6157;0,2;97,5;309,954;285,138;284;330;561,668;559,462;60;283,866;;795,69
6158;0,2;95,5;309,983;285,145;284;330;561,675;559,324;60;283,882;;794,097
6159;0,2;100,5;309,99;285,149;284;330;561,589;559,317;60;283,894;;791,9
6160;0,2;96,5;309,925;285,5;284;330;561,589;559,295;60;283,907;;789,151
6161;0,2;88;309,874;285,525;284;330;561,531;559,259;60;283,924;;788,915
6162;0,2;83,5;309,867;285,493;284;330;561,487;559,172;60;283,94;;788,915
6163;0,2;83;309,867;285,442;284;330;561,335;559,028;60;283,961;;788,915
6164;0,2;81,5;309,816;285,442;284;330;561,198;558,912;60;283,983;;788,489
6165;0,2;81;309,831;285,467;284;330;561,191;558,883;60;284,001;;786,853
6166;0,2;78,5;309,925;285,464;284;330;561,104;558,847;60;284,013;;784,064
6167;0,2;79;309,303;285,471;284;330;560,974;558,789;60;284,029;;783,328
6168;0,2;77;309,339;285,438;284;330;560,988;558,789;60;284,052;;782,548
6169;0,2;73;309,259;285,475;284;330;560,966;558,738;60;284,071;;782,086
6170;0,2;72;309,165;285,503;284;330;560,959;558,869;60;284,087;;781,688
6171;0,2;69;309,107;285,493;284;330;560,966;558,847;60;284,105;;779,877
6172;0,2;63;309,143;285,355;284;330;561,024;558,738;60;284,121;;778,894
6173;0,2;58,5;308,42;285,395;284;330;560,909;558,782;60;284,136;;778,534
6174;0,2;53;308,738;285,449;284;330;560,909;558,644;60;284,151;;778,123
6175;0,2;53,5;308,912;285,37;284;330;560,887;558,601;60;284,161;;778,123
6176;0,2;59;309,093;285,471;284;330;560,764;558,543;60;284,172;;778,123
6177;0,2;53;308,623;285,431;284;330;560,728;558,435;60;284,184;;778,123
6178;0,2;51,5;308,181;285,442;284;330;560,619;558,377;60;284,196;;776,651
6179;0,2;54;308,116;285,464;284;330;560,619;558,449;60;284,203;;773,483
6180;0,2;53;307,928;285,464;284;330;560,619;558,406;60;284,207;;773,483
6181;0,2;50,5;307,422;285,482;284;330;560,59;558,391;60;284,215;;773,483
6182;0,2;50,5;307,48;285,475;284;330;560,612;558,391;60;284,22;;773,483
6183;0,2;57;307,538;285,46;284;330;560,475;558,304;60;284,227;;771,171
6184;0,2;56,5;307,263;285,442;284;330;560,315;558,218;60;284,233;;769,476
6185;0,2;51,5;307,176;285,438;284;330;560,207;558,044;60;284,244;;768,697
6186;0,2;58,5;306,691;285,428;284;330;560,041;557,87;60;284,253;;768,095
6187;0,2;65;306,264;285,442;284;330;560,041;557,827;60;284,255;;767,89
6188;0,2;71,5;306,293;285,46;284;330;560,041;557,776;60;284,259;;767,299
6189;0,2;65,5;306,308;285,46;284;330;559,925;557,82;60;284,264;;767,167
6190;0,2;64;306,308;285,453;284;330;559,896;557,726;60;284,271;;765,347
6191;0,2;67;306,236;285,456;284;330;559,852;557,697;60;284,28;;761,279
6192;0,2;74,5;306,127;285,634;284;330;559,881;557,581;60;284,29;;759,357
6193;0,2;75,5;305,968;285,619;284;330;559,751;557,632;60;284,297;;759,219
6194;0,2;80;305,809;285,608;284;330;559,751;557,581;60;284,301;;759,219
6195;0,2;83,5;305,585;285,626;284;330;559,701;557,581;60;284,308;;757,875
6196;0,2;83;305,367;285,652;284;330;559,787;557,675;60;284,316;;754,169
6197;0,2;84;305,245;285,634;284;330;559,86;557,668;60;284,319;;753,524
6198;0,2;92;305,216;285,645;284;330;559,925;557,733;60;284,321;;753,524
6199;0,2;97,5;305,129;285,626;284;330;560,041;557,878;60;284,325;;753,524
6200;0,2;97;305,042;285,608;284;330;560,214;558,044;60;284,328;;753,524
6201;0,2;99,5;305,006;285,623;284;330;560,366;558,16;60;284,331;;753,524
6202;0,2;100;305,02;285,619;284;330;560,424;558,109;60;284,335;;753,157
6203;0,2;98;305,129;285,637;284;330;560,25;558,015;60;284,336;;751,701
6204;0,2;96,5;305,245;285,637;284;330;560,142;557,87;60;284,337;;750,124
6205;0,2;96,5;305,208;285,641;284;330;560,084;557,841;60;284,337;;749,815
6206;0,2;96,5;305,143;285,637;284;330;559,975;557,733;60;284,334;;749,551
6207;0,2;95,5;305,035;285,608;284;330;559,896;557,675;60;284,332;;748,483
6208;0,2;93;305,035;285,616;284;330;559,852;557,646;60;284,33;;746,509
6209;0,2;93;305,107;285,619;284;330;559,889;557,603;60;284,331;;746,077
6210;0,2;92;305,223;285,626;284;330;559,751;557,581;60;284,332;;745,231
6211;0,2;92;305,23;285,634;284;330;559,635;557,487;60;284,328;;745,231
6212;0,2;92;305,085;285,645;284;330;559,57;557,378;60;284,326;;745,231
6213;0,2;91,5;305,035;285,637;284;330;559,505;557,292;60;284,324;;745,231
6214;0,2;92;304,991;285,605;284;330;559,353;557,212;60;284,324;;745,19
6215;0,2;93,5;305,114;285,612;284;330;559,317;557,147;60;284,323;;740,431
6216;0,2;93;305,208;285,619;284;330;559,317;557,133;60;284,321;;737,084
6217;0,2;93,5;305,23;285,626;284;330;559,274;557,046;60;284,319;;736,082
6218;0,2;93;305,093;285,655;284;330;559,216;557,002;60;284,314;;736,082
6219;0,2;98,5;305,035;285,659;284;330;559,172;557,002;60;284,312;;734,181
6220;0,2;96,5;305,013;285,626;284;330;559,1;556,858;60;284,308;;731,8
6221;0,2;98;305,114;285,623;284;330;559,028;556,858;60;284,308;;731,665
6222;0,2;100;305,23;285,63;284;330;559,064;556,858;60;284,307;;731,665
6223;0,2;99,5;305,23;285,637;284;330;559,086;556,937;60;284,304;;731,576
6224;0,2;97,5;305,143;285,645;284;330;559,1;556,959;60;284,3;;730,47
6225;0,2;101,5;305,027;285,655;284;330;559,028;556,858;60;284,297;;730,47
6226;0,2;103,5;304,999;285,652;284;330;558,905;556,858;60;284,292;;729,322
6227;0,2;103,5;305,476;285,634;284;330;558,984;556,858;60;284,284;;728,454
6228;0,2;102;305,563;285,637;284;330;558,963;556,807;60;284,279;;725,015
6229;0,2;98;305,606;285,645;284;330;558,883;556,756;60;284,272;;723,941
6230;0,2;96;305,541;285,652;284;330;558,883;556,699;60;284,264;;723,941
6231;0,2;96;305,483;285,728;284;330;558,883;556,641;60;284,256;;723,941
6232;0,2;96,5;305,396;285,815;284;330;558,818;556,713;60;284,25;;722,066
6233;0,2;99;305,317;285,8;284;330;558,76;556,619;60;284,244;;721,244
6234;0,2;97;305,31;285,753;284;330;558,76;556,568;60;284,238;;721,121
6235;0,2;98;306,076;285,764;284;330;558,738;556,496;60;284,231;;720,444
6236;0,2;102;306,192;285,818;284;330;558,644;556,467;60;284,227;;720,444
6237;0,2;98;306,221;285,829;284;330;558,55;556,424;60;284,221;;720,444
6238;0,2;96,5;306,127;285,833;284;330;558,565;556,322;60;284,218;;719,582
6239;0,2;98;306,033;285,825;284;330;558,398;556,207;60;284,215;;718,693
6240;0,2;100,5;305,982;285,854;284;330;558,449;556,207;60;284,209;;714,522
6241;0,2;101;306,062;285,919;284;330;558,406;556,33;60;284,202;;713,476
6242;0,2;100;306,236;285,843;284;330;558,572;556,424;60;284,191;;713,051
6243;0,2;102,5;306,228;285,84;284;330;558,804;556,59;60;284,185;;713,024
6244;0,2;104,5;306,17;285,854;284;330;559,028;556,908;60;284,182;;711,667
6245;0,2;105,5;306,047;285,862;284;330;559,295;557,133;60;284,175;;709,545
6246;0,2;108;306,387;285,829;284;330;559,462;557,371;60;284,171;;709,021
6247;0,2;111,5;306,257;285,901;284;330;559,657;557,538;60;284,164;;709,021
6248;0,2;109;306,633;285,847;284;330;559,932;557,762;60;284,159;;709,021
6249;0,2;98,5;306,438;285,923;284;330;560,098;557,986;60;284,152;;708,296
6250;0,2;100,5;306,706;285,898;284;330;560,229;558,066;60;284,145;;706,887
6251;0,2;108,5;306,901;285,829;284;330;560,308;558,16;60;284,139;;705,605
6252;0,2;106,5;306,829;285,789;284;330;560,46;558,225;60;284,132;;701,722
6253;0,2;103,5;306,742;285,764;284;330;560,619;558,304;60;284,131;;701,12
6254;0,2;111;306,662;285,76;284;330;560,677;558,435;60;284,126;;701,12
6255;0,2;117,5;306,807;285,76;284;330;560,764;558,456;60;284,123;;700,972
6256;0,2;115;307,104;285,753;284;330;560,894;558,615;60;284,122;;699,727
6257;0,2;106,5;307,212;285,753;284;330;560,952;558,738;60;284,12;;698,502
6258;0,2;101,5;307,299;285,757;284;330;561,01;558,775;60;284,118;;697,524
6259;0,2;104,5;307,255;285,782;284;330;561,075;558,789;60;284,116;;697,096
6260;0,2;106;307,169;285,786;284;330;561,176;558,89;60;284,115;;697,096
6261;0,2;105,5;307,038;286,042;284;330;561,234;558,984;60;284,116;;697,096
6262;0,2;106;307,031;285,768;284;330;561,299;559,028;60;284,114;;696,681
6263;0,2;106;307,161;285,883;284;330;561,343;559,064;60;284,113;;695,531
6264;0,2;106;307,299;286,01;284;330;561,314;558,977;60;284,114;;693,192
6265;0,2;107;307,798;286,003;284;330;561,205;558,905;60;284,118;;692,418
6266;0,2;105,5;307,964;285,974;284;330;560,959;558,666;60;284,122;;692,418
6267;0,2;100;307,914;285,981;284;330;560,8;558,478;60;284,125;;692,418
6268;0,2;97;307,849;285,984;284;330;560,59;558,254;60;284,13;;692,017
6269;0,2;94;307,798;285,984;284;330;560,438;558,109;60;284,134;;690,358
6270;0,2;93;307,812;285,974;284;330;560,286;558,087;60;284,139;;688,786
6271;0,2;92;307,769;285,876;284;330;560,12;557,892;60;284,14;;688,613
6272;0,2;87,5;307,979;285,952;284;330;559,852;557,69;60;284,144;;686,159
6273;0,2;88;308,037;285,923;284;330;559,78;557,487;60;284,145;;684,786
6274;0,2;91;307,878;285,84;284;330;559,534;557,371;60;284,151;;683,899
6275;0,2;91;307,805;285,775;284;330;559,505;557,292;60;284,156;;683,661
6276;0,2;90;307,523;285,782;284;330;559,382;557,161;60;284,161;;680,4
6277;0,2;85,5;307,704;285,865;284;330;559,172;556,959;60;284,16;;678,337
6278;0,2;83;307,812;285,984;284;330;559,049;556,944;60;284,164;;678,337
6279;0,2;82,5;307,552;285,786;284;330;558,934;556,858;60;284,168;;678,337
6280;0,2;82,5;307,668;285,775;284;330;559,028;556,735;60;284,171;;677,986
6281;0,2;82;307,74;285,768;284;330;558,912;556,619;60;284,174;;675,293
6282;0,2;82,5;307,755;285,757;284;330;558,883;556,713;60;284,177;;674,464
6283;0,2;82;307,878;285,854;284;330;558,883;556,67;60;284,179;;673,184
6284;0,2;82;307,617;285,768;284;330;558,869;556,597;60;284,179;;672,023
6285;0,2;82,5;307,538;285,778;284;330;558,738;556,525;60;284,181;;671,267
6286;0,2;82,5;307,465;285,789;284;330;558,738;556,532;60;284,18;;671,267
6287;0,2;86,5;307,4;285,796;284;330;558,738;556,568;60;284,177;;671,267
6288;0,2;78,5;307,4;285,815;284;330;558,738;556,51;60;284,172;;669,309
6289;0,2;72;307,747;285,89;284;330;558,796;556,568;60;284,168;;668,103
6290;0,2;69,5;307,552;285,84;284;330;558,883;556,706;60;284,161;;668,092
6291;0,2;69;307,299;285,822;284;330;558,883;556,612;60;284,157;;668,092
6292;0,2;74;307,241;285,829;284;330;558,832;556,568;60;284,155;;668,092
6293;0,2;81;307,118;285,901;284;330;558,789;556,489;60;284,154;;666,773
6294;0,2;87,5;307,046;285,891;284;330;558,738;556,46;60;284,15;;664,634
6295;0,2;90,5;307,082;285,901;284;330;558,861;556,568;60;284,146;;663,141
6296;0,2;91;307,176;285,883;284;330;559,013;556,771;60;284,141;;662,692
6297;0,2;91;307,161;285,898;284;330;559,18;556,93;60;284,137;;662,48
6298;0,2;91;307,067;285,898;284;330;559,426;557,176;60;284,133;;662,239
6299;0,2;96;307,024;285,894;284;330;559,549;557,248;60;284,129;;661,81
6300;0,2;100;306,959;285,858;284;330;559,549;557,292;60;284,121;;659,537
6301;0,2;103;306,865;285,804;284;330;559,52;557,335;60;284,118;;656,724
6302;0,2;105,5;306,807;285,818;284;330;559,693;557,422;60;284,116;;654,98
6303;0,2;106,5;306,764;285,818;284;330;559,628;557,48;60;284,114;;654,98
6304;0,2;107;306,764;285,818;284;330;559,867;557,632;60;284,114;;654,98
6305;0,2;118,5;306,764;285,927;284;330;560,026;557,791;60;284,111;;651,725
6306;0,2;119,5;306,814;285,93;284;330;560,192;557,993;60;284,11;;649,31
6307;0,2;118;306,858;285,934;284;330;560,33;558,102;60;284,109;;648,124
6308;0,2;118;306,872;285,919;284;330;560,474;558,21;60;284,108;;647,558
6309;0,2;120;306,8;285,923;284;330;560,619;558,348;60;284,107;;647,268
6310;0,2;124;306,735;286,013;284;330;560,706;558,42;60;284,1;;646,808
6311;0,2;125;306,691;286,01;284;330;560,764;558,449;60;284,091;;646,716
6312;0,2;117;306,691;286,006;284;330;560,836;558,5;60;284,084;;645,215
6313;0,2;114;306,749;286,003;284;330;560,959;558,601;60;284,072;;642,425
6314;0,2;121,5;306,865;285,985;284;330;560,909;558,681;60;284,064;;641,159
6315;0,2;123,5;306,959;286,003;284;330;560,995;558,673;60;284,057;;641,159
6316;0,2;124,5;307,038;285,984;284;330;560,909;558,695;60;284,05;;641,159
6317;0,2;131,5;307,002;285,995;284;330;560,844;558,492;60;284,042;;639,86
6318;0,2;138,5;307,198;285,984;284;330;560,634;558,377;60;284,03;;638,508
6319;0,2;132,5;307,111;285,97;284;330;560,431;558,116;60;284,021;;637,76
6320;0,2;123,5;307,038;285,977;284;330;560,207;557,943;60;284,01;;636,371
6321;0,2;122;307,067;285,93;284;330;559,968;557,784;60;284,001;;636,074
6322;0,2;125,5;307,176;285,912;284;330;559,773;557,668;60;283,989;;635,851
6323;0,2;127,5;307,812;285,927;284;330;559,664;557,465;60;283,979;;635,781
6324;0,2;125,5;307,567;285,97;284;330;559,541;557,407;60;283,973;;635,195
6325;0,2;116,5;307,509;285,981;284;330;559,462;557,248;60;283,97;;634,615
6326;0,2;114,5;307,726;285,952;284;330;559,39;557,19;60;283,966;;633,488
6327;0,2;116;307,74;286,021;284;330;559,317;557,147;60;283,962;;632,675
6328;0,2;122,5;308,073;286,024;284;330;559,411;557,147;60;283,958;;632,623
6329;0,2;121;308,124;286,021;284;330;559,462;557,234;60;283,954;;631,393
6330;0,2;120,5;308,268;286,01;284;330;559,541;557,299;60;283,95;;628,301
6331;0,2;120;308,319;285,995;284;330;559,729;557,451;60;283,947;;625,464
6332;0,2;120;308,283;285,995;284;330;559,845;557,581;60;283,945;;625,216
6333;0,2;119,5;308,189;286,017;284;330;559,903;557,661;60;283,943;;625,181
6334;0,2;120,5;308,355;286,032;284;330;560,041;557,718;60;283,939;;625,158
6335;0,2;120,5;308,456;286,039;284;330;560,135;557,87;60;283,935;;624,776
6336;0,2;113;308,492;286,05;284;330;560,214;557,986;60;283,936;;622,269
6337;0,2;109;308,587;286,039;284;330;560,337;558,08;60;283,932;;619,923
6338;0,2;113;308,666;286,05;284;330;560,431;558,16;60;283,932;;616,74
6339;0,2;114;309,086;285,815;284;330;560,547;558,319;60;283,934;;616,076
6340;0,2;111,5;308,724;286,05;284;330;560,663;558,449;60;283,933;;616,076
6341;0,2;116,5;308,681;285,912;284;330;560,764;558,514;60;283,932;;615,802
6342;0,2;114,5;308,724;285,775;284;330;560,778;558,594;60;283,932;;614,017
6343;0,2;111;308,97;285,775;284;330;560,822;558,594;60;283,934;;613,151
6344;0,2;114;309,122;285,757;284;330;560,923;558,695;60;283,932;;612,433
6345;0,2;108;309,216;285,775;284;330;561,046;558,738;60;283,933;;612,433
6346;0,2;102;309,346;285,771;284;330;561,053;558,652;60;283,936;;612,433
6347;0,2;98,5;309,317;285,782;284;330;561,053;558,738;60;283,939;;612,433
6348;0,2;100;309,209;285,793;284;330;561,053;558,738;60;283,939;;612,264
6349;0,2;100,5;309,122;285,807;284;330;561,053;558,804;60;283,943;;610,212
6350;0,2;98,5;309,086;285,815;284;330;561,053;558,883;60;283,944;;608,416
6351;0,2;100;309,209;285,93;284;330;561,111;558,883;60;283,948;;607,777
6352;0,2;100;309,339;285,93;284;330;561,198;558,89;60;283,951;;606,711
6353;0,2;98,5;309,295;286,003;284;330;561,198;559,028;60;283,955;;606,711
6354;0,2;98;309,201;286,003;284;330;561,198;558,912;60;283,96;;605,503
6355;0,2;100;309,115;286,01;284;330;561,263;558,984;60;283,964;;604,841
6356;0,2;100;309,086;286,017;284;330;561,343;558,963;60;283,97;;604,075
6357;0,2;94,5;309,172;286,017;284;330;561,306;558,984;60;283,973;;603,283
6358;0,2;92;309,295;286,021;284;330;561,299;558,999;60;283,976;;602,816
6359;0,2;92,5;309,346;286,032;284;330;561,191;558,912;60;283,979;;601,856
6360;0,2;91,5;309,266;286,028;284;330;561,082;558,702;60;283,982;;601,518
6361;0,2;91;309,165;286,039;284;330;560,923;558,637;60;283,986;;600,18
6362;0,2;91;309,1;286,013;284;330;560,721;558,5;60;283,99;;598,052
6363;0,2;91,5;309,093;285,995;284;330;560,576;558,268;60;283,994;;596,947
6364;0,2;90;309,209;285,988;284;330;560,431;558,16;60;283,999;;596,532
6365;0,2;85;309,332;285,977;284;330;560,438;558,16;60;284,003;;595,807
6366;0,2;85;309,317;285,966;284;330;560,554;558,21;60;284,01;;593,35
6367;0,2;85,5;309,057;285,966;284;330;560,663;558,42;60;284,018;;589,428
6368;0,2;82;308,869;285,952;284;330;560,858;558,521;60;284,021;;588,885
6369;0,2;87,5;308,847;285,952;284;330;560,909;558,608;60;284,026;;588,885
6370;0,2;99;308,818;285,941;284;330;561,024;558,695;60;284,033;;588,885
6371;0,2;99,5;308,333;285,916;284;330;561,133;558,804;60;284,04;;588,885
6372;0,2;98;308,456;285,934;284;330;561,285;558,927;60;284,048;;588,885
6373;0,2;94,5;308,521;285,934;284;330;561,408;559,013;60;284,062;;587,439
6374;0,2;88,5;308,543;285,956;284;330;561,487;559,172;60;284,067;;586,065
6375;0,2;91;308,514;285,945;284;330;561,437;559,187;60;284,075;;582,449
6376;0,2;88,5;308,449;285,93;284;330;561,531;559,245;60;284,081;;581,431
6377;0,2;86,5;308,377;285,956;284;330;561,668;559,295;60;284,089;;581,431
6378;0,2;85,5;308,218;285,999;284;330;561,748;559,455;60;284,1;;581,431
6379;0,2;79,5;308,066;286,01;284;330;561,806;559,476;60;284,111;;580,426
6380;0,2;71,5;308,131;285,977;284;330;561,921;559,607;60;284,117;;579,306
6381;0,2;76;308,247;285,963;284;330;562,066;559,672;60;284,126;;578,855
6382;0,2;78;308,312;285,981;284;330;562,066;559,751;60;284,134;;578,837
6383;0,2;78;308,239;285,883;284;330;562,102;559,751;60;284,142;;578,755
6384;0,2;78;308,16;285,768;284;330;562,066;559,751;60;284,151;;578,755
6385;0,2;78;308,08;285,847;284;330;562,066;559,722;60;284,156;;577,031
6386;0,2;76;308,015;285,742;284;330;562,109;559,693;60;284,161;;575,614
6387;0,2;70;308,087;285,768;284;330;562,066;559,751;60;284,168;;573,677
6388;0,2;66;307,704;285,775;284;330;562,167;559,751;60;284,173;;572,543
6389;0,2;68,5;307,755;285,76;284;330;562,066;559,751;60;284,18;;571,997
6390;0,2;75;307,733;285,764;284;330;562,225;559,78;60;284,185;;571,06
6391;0,2;77,5;307,675;285,789;284;330;562,305;559,816;60;284,189;;570,652
6392;0,2;75,5;307,559;285,822;284;330;562,355;559,802;60;284,197;;569,702
6393;0,2;72;307,473;285,804;284;330;562,355;559,874;60;284,197;;568,896
6394;0,2;69,5;307,038;285,8;284;330;562,391;559,795;60;284,201;;567,678
6395;0,2;67;307,075;285,768;284;330;562,355;559,881;60;284,209;;567,357
6396;0,2;73;307,212;285,818;284;330;562,435;559,99;60;284,217;;566,562
6397;0,2;77,5;307,299;285,822;284;330;562,406;559,946;60;284,226;;565,865
6398;0,2;76,5;306,894;285,793;284;330;562,5;560,113;60;284,235;;562,934
6399;0,2;72;306,684;285,843;284;330;562,558;560,142;60;284,245;;559,238
6400;0,2;72,5;306,619;285,847;284;330;562,645;560,135;60;284,252;;558,254
6401;0,2;75,5;306,8;285,887;284;330;562,522;560,041;60;284,257;;557,448
6402;0,2;74,5;306,8;285,894;284;330;562,399;559,925;60;284,264;;557,448
6403;0,2;73,5;306,098;285,894;284;330;562,355;559,896;60;284,275;;556,746
6404;0,2;78,5;306,228;285,883;284;330;562,355;559,896;60;284,281;;553,464
6405;0,2;87;306,228;285,912;284;330;562,319;559,852;60;284,287;;552,009
6406;0,2;87;306,127;285,894;284;330;562,355;559,896;60;284,294;;550,428
6407;0,2;84;306,055;285,872;284;330;562,391;559,954;60;284,304;;550,428
6408;0,2;83;305,765;285,869;284;330;562,355;559,932;60;284,31;;550,428
6409;0,2;84,5;305,773;285,872;284;330;562,471;560,041;60;284,318;;549,867
6410;0,2;90;305,867;285,862;284;330;562,572;560,127;60;284,326;;549,135
6411;0,2;90;305,961;285,843;284;330;562,645;560,069;60;284,335;;548,547
6412;0,2;84,5;306,019;285,829;284;330;562,645;560,106;60;284,342;;548,437
6413;0,2;84;305,997;285,836;284;330;562,536;560,084;60;284,348;;548,363
6414;0,2;82,5;305,917;285,829;284;330;562,5;560,041;60;284,353;;548,363
6415;0,2;74,5;305,845;285,825;284;330;562,5;560,026;60;284,359;;548,363
6416;0,2;71;305,02;285,807;284;330;562,42;560,012;60;284,366;;546,147
6417;0,2;73,5;304,999;285,804;284;330;562,399;560,041;60;284,369;;544,547
6418;0,2;81,5;305,114;285,793;284;330;562,428;559,896;60;284,376;;543,643
6419;0,2;82,5;305,223;285,786;284;330;562,406;559,91;60;284,379;;542,308
6420;0,2;81;305,245;285,753;284;330;562,355;559,925;60;284,383;;541,1
6421;0,2;80;305,158;285,749;284;330;562,355;559,932;60;284,386;;540,281
6422;0,2;78,5;305,056;285,76;284;330;562,37;560,041;60;284,388;;539,452
6423;0,2;78;305,006;285,909;284;330;562,384;560,084;60;284,391;;538,089
6424;0,2;78;305,129;286,039;284;330;562,486;560,098;60;284,393;;537,473
6425;0,2;73;305,223;286,032;284;330;562,449;560,156;60;284,393;;536,204
6426;0,2;70;305,237;286,039;284;330;562,449;560,041;60;284,393;;536,204
6427;0,2;72,5;305,136;286,046;284;330;562,5;560,135;60;284,392;;536,204
6428;0,2;70;305,056;285,851;284;330;562,543;560,127;60;284,393;;534,953
6429;0,2;69,5;304,984;285,641;284;330;562,688;560,178;60;284,393;;532,53
6430;0,2;69;305,093;285,63;284;330;562,659;560,33;60;284,394;;529,693
6431;0,2;69;305,216;285,836;284;330;562,789;560,467;60;284,395;;528,465
6432;0,2;69,5;305,006;286,035;284;330;562,789;560,33;60;284,396;;528,465
6433;0,2;70;304,579;286,05;284;330;562,789;560,431;60;284,393;;528,465
6434;0,2;79,5;304,507;285,843;284;330;562,789;560,243;60;284,387;;528,314
6435;0,2;83;304,536;286,053;284;330;562,724;560,33;60;284,385;;527,441
6436;0,2;79;304,543;286,057;284;330;562,717;560,417;60;284,386;;524,9
6437;0,2;80;304,666;285,663;284;330;562,703;560,33;60;284,387;;523,409
6438;0,2;79,5;304,724;285,634;284;330;562,695;560,33;60;284,389;;523,409
6439;0,2;79;304,861;285,655;284;330;562,703;560,33;60;284,39;;523,257
6440;0,2;79;304,81;285,663;284;330;562,674;560,192;60;284,393;;521,679
6441;0,2;84,5;304,774;285,67;284;330;562,681;560,2;60;284,397;;520,884
6442;0,2;87;304,651;285,666;284;330;562,688;560,33;60;284,398;;519,075
6443;0,2;84,5;304,593;285,659;284;330;562,703;560,38;60;284,398;;518,589
6444;0,2;84,5;304,543;285,648;284;330;562,789;560,33;60;284,398;;518,589
6445;0,2;83;304,565;285,641;284;330;562,789;560,33;60;284,398;;518,589
6446;0,2;86;304,63;285,645;284;330;562,789;560,33;60;284,398;;517,858
6447;0,2;84;304,818;285,637;284;330;562,789;560,402;60;284,398;;516,207
6448;0,2;84,5;304,695;285,663;284;330;562,789;560,388;60;284,398;;515,438
6449;0,2;86;304,847;285,684;284;330;562,789;560,474;60;284,398;;515,086
6450;0,2;86,5;304,666;285,67;284;330;562,912;560,474;60;284,398;;514,204
6451;0,2;84,5;304,753;285,63;284;330;562,985;560,503;60;284,4;;513,814
6452;0,2;76;304,716;285,634;284;330;563,014;560,525;60;284,4;;511,499
6453;0,2;84;304,731;285,666;284;330;562,999;560,532;60;284,398;;510,317
6454;0,2;87;304,774;285,681;284;330;562,956;560,518;60;284,397;;508,055
6455;0,2;77,5;304,854;285,938;284;330;562,97;560,474;60;284,396;;507,263
6456;0,2;78;304,955;285,894;284;330;562,934;560,474;60;284,396;;506,673
6457;0,2;73,5;304,767;285,934;284;330;562,934;560,474;60;284,397;;506,635
6458;0,2;73,5;304,225;285,648;284;330;562,934;560,474;60;284,398;;506,097
6459;0,2;81;304,08;285,862;284;330;562,934;560,489;60;284,397;;504,386
6460;0,2;86;303,979;285,923;284;330;562,948;560,619;60;284,397;;503,257
6461;0,2;90,5;304,008;286,017;284;330;563,115;560,619;60;284,397;;502,54
6462;0,2;92;304,13;286,024;284;330;563,079;560,619;60;284,397;;502,035
6463;0,2;91;304,174;285,811;284;330;563,079;560,663;60;284,396;;501,108
6464;0,2;93;304,21;286,053;284;330;563,079;560,619;60;284,395;;501,095
6465;0,2;93;304,102;286,039;284;330;563,014;560,619;60;284,394;;498,874
6466;0,2;93;304,015;286,053;284;330;562,999;560,532;60;284,393;;497,026
6467;0,2;91;303,964;286,068;284;330;562,956;560,474;60;284,388;;496,476
6468;0,2;93;304,022;286,064;284;330;562,891;560,409;60;284,384;;496,476
6469;0,2;92,5;304,145;286,028;284;330;562,789;560,301;60;284,377;;495,962
6470;0,2;92;304,225;286,024;284;330;562,768;560,315;60;284,369;;495,157
6471;0,2;92,5;304,442;286,028;284;330;562,76;560,33;60;284,361;;492,307
6472;0,2;92;304,601;286,035;284;330;562,71;560,272;60;284,353;;491,92
6473;0,2;86,5;304,521;286,039;284;330;562,645;560,214;60;284,345;;490,521
6474;0,2;81;304,492;286,024;284;330;562,746;560,33;60;284,339;;490,148
6475;0,2;80,5;304,521;286,046;284;330;562,753;560,185;60;284,331;;489,756
6476;0,2;87,5;304,644;286,042;284;330;562,637;560,127;60;284,325;;488,521
6477;0,2;88;304,753;286,046;284;330;562,5;560,041;60;284,322;;487,697
6478;0,2;91;304,861;286,032;284;330;562,5;560,004;60;284,31;;485,426
6479;0,2;91;304,659;285,959;284;330;562,399;560,026;60;284,298;;484,712
6480;0,2;91;304,376;285,869;284;330;562,428;560,041;60;284,286;;484,413
6481;0,2;92;304,297;285,865;284;330;562,355;560,041;60;284,276;;483,578
6482;0,2;91;304,188;285,887;284;330;562,355;560,041;60;284,266;;483,466
6483;0,2;93;304,217;285,894;284;330;562,514;560,171;60;284,253;;482,582
6484;0,2;98,5;304,319;285,883;284;330;562,645;560,149;60;284,237;;480,554
6485;0,2;108;304,449;285,883;284;330;562,601;560,185;60;284,223;;478,811
6486;0,2;109,5;304,456;285,909;284;330;562,645;560,185;60;284,208;;477,868
6487;0,2;109;304,442;285,905;284;330;562,688;560,221;60;284,187;;477,607
6488;0,2;109;304,348;285,93;284;330;562,645;560,185;60;284,166;;477,023
6489;0,2;110;305,035;285,919;284;330;562,645;560,221;60;284,146;;476,638
6490;0,2;120,5;304,984;285,905;284;330;562,688;560,185;60;284,128;;474,651
6491;0,2;121;305,035;285,898;284;330;562,645;560,185;60;284,114;;472,529
6492;0,2;122;305,172;285,898;284;330;562,695;560,185;60;284,094;;471,438
6493;0,2;122,5;305,252;285,905;284;330;562,645;560,185;60;284,075;;470,285
6494;0,2;132,5;305,172;285,909;284;330;562,514;560,127;60;284,06;;470,198
6495;0,2;137;305,078;285,916;284;330;562,5;560,041;60;284,047;;469,183
6496;0,2;138;305,071;285,956;284;330;562,457;560,041;60;284,041;;468,246
6497;0,2;146;305,259;285,952;284;330;562,478;560,041;60;284,029;;466,758
6498;0,2;147;305,302;285,963;284;330;562,355;560,041;60;284,023;;464,548
6499;0,2;147,5;305,396;285,981;284;330;562,261;560,041;60;284,021;;464,066
6500;0,2;148;305,888;285,854;284;330;562,305;559,925;60;284,019;;464,066
6501;0,2;147;306,236;285,739;284;330;562,312;559,896;60;284,017;;463,559
6502;0,2;142;306,156;285,862;284;330;562,355;559,925;60;284,016;;461,989
6503;0,2;140,5;306,076;285,749;284;330;562,268;559,751;60;284,014;;461,235
6504;0,2;139,5;306,59;285,753;284;330;562,117;559,635;60;284,013;;460,408
6505;0,2;139;306,698;285,757;284;330;562,052;559,556;60;284,011;;459,741
6506;0,2;134;306,807;285,764;284;330;562,015;559,57;60;284,01;;459,741
6507;0,2;127,5;307,292;285,771;284;330;562,015;559,592;60;284,01;;458,741
6508;0,2;125;307,27;285,771;284;330;561,965;559,505;60;284,009;;457,693
6509;0,2;125;307,183;285,749;284;330;562,066;559,585;60;284,01;;456,04
6510;0,2;123,5;307,704;285,735;284;330;561,958;559,607;60;284,013;;454,302
6511;0,2;117,5;307,653;285,739;284;330;561,95;559,556;60;284,014;;453,523
6512;0,2;112;307,516;285,876;284;330;562,066;559,57;60;284,013;;452,394
6513;0,2;110;307,841;285,988;284;330;562,124;559,679;60;284,013;;451,745
6514;0,2;104;308,304;285,981;284;330;562,225;559,751;60;284,015;;449,112
6515;0,2;95;308,304;286,032;284;330;562,283;559,802;60;284,014;;448,19
6516;0,2;86,5;308,225;286,042;284;330;562,377;559,896;60;284,015;;447,428
6517;0,2;86,5;308,138;286,021;284;330;562,355;559,896;60;284,01;;446,039
6518;0,2;86;308,239;286,032;284;330;562,399;559,896;60;284,003;;446,039
6519;0,2;84;308,391;286,053;284;330;562,355;559,896;60;283,993;;444,042
6520;0,2;83;308,456;286,068;284;330;562,355;559,809;60;283,983;;443,423
6521;0,2;80,5;308,565;286,039;284;330;562,399;559,896;60;283,977;;441,804
6522;0,2;77;308,637;286,01;284;330;562,355;559,896;60;283,967;;441,497
6523;0,2;73;308,76;286,003;284;330;562,355;559,896;60;283,959;;441,334
6524;0,2;72,5;308,789;286,021;284;330;562,24;559,751;60;283,945;;441,206
6525;0,2;73,5;308,746;286,032;284;330;562,211;559,773;60;283,932;;440,629
6526;0,2;74,5;308,702;286,017;284;330;562,211;559,896;60;283,922;;440,629
6527;0,2;76,5;308,377;286,024;284;330;562,211;559,852;60;283,908;;438,975
6528;0,2;80;308,051;285,919;284;330;562,211;559,802;60;283,898;;437,652
6529;0,2;90,5;308,102;285,945;284;330;562,24;559,896;60;283,884;;436,954
6530;0,2;99,5;308,218;286,046;284;330;562,355;559,896;60;283,876;;436,655
6531;0,2;100,5;308,283;285,916;284;330;562,297;559,867;60;283,868;;436,127
6532;0,2;103;308,21;285,786;284;330;562,211;559,838;60;283,865;;434,203
6533;0,2;108,5;308,232;285,912;284;330;562,24;559,838;60;283,858;;433,292
6534;0,2;113,5;308,051;285,811;284;330;562,268;559,809;60;283,852;;432,298
6535;0,2;114;308,03;285,764;284;330;562,355;559,816;60;283,846;;430,891
6536;0,2;117;308,152;285,764;284;330;562,355;559,751;60;283,841;;430,781
6537;0,2;120;308,261;285,8;284;330;562,355;559,889;60;283,837;;430,17
6538;0,2;123;308,268;285,836;284;330;562,355;559,896;60;283,835;;429,04
6539;0,2;127;308,189;285,833;284;330;562,355;559,896;60;283,833;;426,825
6540;0,2;131,5;308,102;285,833;284;330;562,413;560,062;60;283,838;;425,485
6541;0,2;135;308,037;285,854;284;330;562,609;560,135;60;283,841;;424,576
6542;0,2;134;308,051;285,872;284;330;562,645;560,185;60;283,847;;424,387
6543;0,2;134,5;308,152;285,865;284;330;562,601;560,294;60;283,851;;423,547
6544;0,2;135,5;308,254;285,843;284;330;562,645;560,33;60;283,855;;422,492
6545;0,2;133;308,29;285,854;284;330;562,703;560,33;60;283,861;;420,318
6546;0,2;134;308,218;285,891;284;330;562,905;560,33;60;283,865;;418,584
6547;0,2;136;308,102;285,887;284;330;562,934;560,431;60;283,869;;417,342
6548;0,2;133;308,051;285,909;284;330;562,883;560,402;60;283,876;;417,306
6549;0,2;128,5;308,283;285,894;284;330;562,84;560,38;60;283,883;;417,306
6550;0,2;127,5;308,695;285,869;284;330;562,717;560,33;60;283,893;;415,593
6551;0,2;123,5;309,064;285,804;284;330;562,688;560,229;60;283,9;;415,483
6552;0,2;114,5;309,049;285,786;284;330;562,659;560,229;60;283,905;;413,698
6553;0,2;102;308,977;285,775;284;330;562,645;560,185;60;283,914;;412,531
6554;0,2;98,5;309,071;285,771;284;330;562,63;560,185;60;283,923;;412,264
6555;0,2;99,5;309,143;285,786;284;330;562,464;560,069;60;283,929;;411,533
6556;0,2;100;309,093;285,786;284;330;562,355;559,939;60;283,942;;410,29
6557;0,2;88;309,209;285,778;284;330;562,218;559,867;60;283,95;;409,279
6558;0,2;84;309,324;285,771;284;330;562,211;559,881;60;283,956;;406,731
6559;0,2;81,5;309,324;285,782;284;330;562,211;559,802;60;283,964;;406,54
6560;0,2;79;309,259;285,793;284;330;562,247;559,816;60;283,973;;406,511
6561;0,2;78,5;309,143;285,984;284;330;562,355;559,896;60;283,978;;406,511
6562;0,2;76;309,093;285,97;284;330;562,355;560,019;60;283,981;;406,318
6563;0,2;72;309,122;285,956;284;330;562,464;560,041;60;283,985;;403,462
6564;0,2;70,5;309,223;285,956;284;330;562,529;560,185;60;283,99;;401,461
6565;0,2;67,5;309,324;285,952;284;330;562,645;560,236;60;283,993;;400,722
6566;0,2;62,5;309,346;285,952;284;330;562,637;560,185;60;284,001;;400,408
6567;0,2;59;309,107;285,948;284;330;562,565;560,185;60;284,003;;399,816
6568;0,2;60;308,955;285,952;284;330;562,645;560,142;60;284,005;;398,972
6569;0,2;60,5;308,89;285,959;284;330;562,609;560,142;60;284,009;;397,845
6570;0,2;61,5;308,76;285,959;284;330;562,543;560,163;60;284,011;;396,587
6571;0,2;64;308,775;285,938;284;330;562,442;560,091;60;284,015;;396,587
6572;0,2;64,5;308,116;285,916;284;330;562,377;560,041;60;284,02;;396,587
6573;0,2;66;308,232;285,898;284;330;562,42;559,932;60;284,024;;396,057
6574;0,2;72;308,304;285,909;284;330;562,442;560,012;60;284,033;;394,779
6575;0,2;72;308,16;285,919;284;330;562,5;560,113;60;284,041;;392,841
6576;0,2;74;307,979;285,905;284;330;562,609;560,142;60;284,046;;390,361
6577;0,2;77,5;307,899;285,905;284;330;562,681;560,185;60;284,056;;389,195
6578;0,2;84;307,849;285,909;284;330;562,601;560,185;60;284,061;;388,711
6579;0,2;83;307,038;285,909;284;330;562,551;560,098;60;284,063;;388,247
6580;0,2;88,5;307,125;285,887;284;330;562,5;560,055;60;284,066;;388,247
6581;0,2;96;307,241;285,865;284;330;562,457;560,041;60;284,069;;387,045
6582;0,2;94,5;306,923;286,006;284;330;562,37;559,896;60;284,075;;384,818
6583;0,2;92;306,742;285,916;284;330;562,355;559,896;60;284,079;;382,135
6584;0,2;95;306,93;285,811;284;330;562,355;559,896;60;284,083;;381,763
6585;0,2;98;306,85;285,807;284;330;562,355;559,809;60;284,086;;381,763
6586;0,2;97;306,351;286,042;284;330;562,355;559,809;60;284,087;;381,763
6587;0,2;99;306,33;286,039;284;330;562,355;559,896;60;284,089;;379,497
6588;0,2;102;306,134;286,046;284;330;562,355;559,896;60;284,092;;378,265
6589;0,2;100,5;306,264;286,039;284;330;562,355;559,896;60;284,097;;377,146
6590;0,2;105;306,243;286,021;284;330;562,391;559,99;60;284,098;;376,4
6591;0,2;106,5;306,149;286,006;284;330;562,399;559,939;60;284,098;;375,553
6592;0,2;106;306,055;285,995;284;330;562,399;559,896;60;284,098;;374,728
6593;0,2;106;305,997;286,006;284;330;562,399;559,896;60;284,1;;373,533
6594;0,2;106;306,033;286,01;284;330;562,247;559,852;60;284,101;;371,287
6595;0,2;106,5;306,142;286,032;284;330;562,211;559,889;60;284,101;;370,654
6596;0,2;106,5;306,243;286,039;284;330;562,348;559,932;60;284,101;;369,58
6597;0,2;105;306,243;286,05;284;330;562,319;559,896;60;284,101;;368,829
6598;0,2;105;306,17;286,057;284;330;562,326;559,939;60;284,101;;367,779
6599;0,2;107;306,047;285,822;284;330;562,334;559,954;60;284,1;;367,195
6600;0,2;106;306,004;286,053;284;330;562,355;559,983;60;284,097;;367,195
6601;0,2;106;306,12;285,923;284;330;562,312;559,896;60;284,095;;364,179
6602;0,2;105,5;306,272;285,793;284;330;562,247;559,809;60;284,093;;362,532
6603;0,2;107;306,279;285,822;284;330;562,211;559,751;60;284,094;;361,294
6604;0,2;105,5;306,192;285,811;284;330;562,211;559,751;60;284,09;;361,294
6605;0,2;106;306,047;285,811;284;330;562,211;559,867;60;284,087;;361,294
6606;0,2;106,5;305,982;285,804;284;330;562,211;559,896;60;284,089;;359,571
6607;0,2;106,5;306,033;285,793;284;330;562,326;559,896;60;284,085;;358,454
6608;0,2;106,5;306,554;285,811;284;330;562,326;559,896;60;284,086;;357,135
6609;0,2;106,5;306,981;285,793;284;330;562,211;559,845;60;284,085;;356,873
6610;0,2;98;306,684;286,024;284;330;562,305;559,838;60;284,083;;356,042
6611;0,2;94;306,771;285,88;284;330;562,326;559,809;60;284,083;;355,318
6612;0,2;92,5;306,713;285,883;284;330;562,24;559,802;60;284,085;;355,057
6613;0,2;92;306,532;286,039;284;330;562,254;559,809;60;284,087;;354,16
6614;0,2;94;306,503;286,046;284;330;562,355;559,896;60;284,088;;353,663
6615;0,2;91,5;306,532;286,046;284;330;562,247;559,852;60;284,087;;353,414
6616;0,2;87;306,655;286,01;284;330;562,211;559,751;60;284,086;;352,288
6617;0,2;86,5;306,735;286,042;284;330;562,211;559,751;60;284,085;;350,819
6618;0,2;90,5;306,836;285,963;284;330;562,29;559,816;60;284,085;;349,801
6619;0,2;90,5;306,93;286,024;284;330;562,406;559,983;60;284,085;;348,109
6620;0,2;91,5;306,691;285,945;284;330;562,384;559,91;60;284,087;;346,287
6621;0,2;97,5;306,655;285,89;284;330;562,355;559,838;60;284,086;;345,608
6622;0,2;94;306,33;285,894;284;330;562,355;559,845;60;284,089;;345,559
6623;0,2;87,5;306,532;285,938;284;330;562,261;559,78;60;284,089;;345,137
6624;0,2;86,5;306,793;285,909;284;330;562,232;559,802;60;284,09;;343,134
6625;0,2;90,5;306,547;285,901;284;330;562,247;559,758;60;284,09;;340,817
6626;0,2;93,5;306,662;285,941;284;330;562,247;559,896;60;284,092;;340,143
6627;0,2;94;307,01;285,858;284;330;562,312;559,99;60;284,094;;339,617
6628;0,2;88;307,06;285,847;284;330;562,348;560,019;60;284,094;;339,617
6629;0,2;86;306,807;285,941;284;330;562,42;560,048;60;284,095;;338,946
6630;0,2;86,5;306,46;286,039;284;330;562,5;560,135;60;284,096;;337,203
6631;0,2;86;306,923;285,84;284;330;562,5;560,026;60;284,096;;335,889
6632;0,2;85,5;306,38;286,053;284;330;562,5;560,156;60;284,096;;335,227
6633;0,2;88,5;306,358;286,042;284;330;562,609;560,185;60;284,095;;334,686
6634;0,2;89,5;306,38;286,006;284;330;562,645;560,192;60;284,098;;334,14
6635;0,2;86,5;306,424;286,013;284;330;562,724;560,243;60;284,098;;332,314
6636;0,2;87;306,554;286,035;284;330;562,652;560,33;60;284,098;;331,591
6637;0,2;86,5;306,648;286,039;284;330;562,789;560,33;60;284,098;;330,02
6638;0,2;85;306,713;286,028;284;330;562,789;560,337;60;284,098;;329,194
6639;0,2;88;306,641;286,046;284;330;562,789;560,474;60;284,098;;328,43
6640;0,2;91;306,597;285,927;284;330;562,789;560,402;60;284,098;;328,125
6641;0,2;90,5;306,532;285,934;284;330;562,876;560,373;60;284,098;;327,808
6642;0,2;90;306,416;285,836;284;330;562,891;560,46;60;284,099;;326,107
6643;0,2;91;306,481;285,847;284;330;562,876;560,424;60;284,104;;324,501
6644;0,2;89,5;306,481;285,833;284;330;562,934;560,431;60;284,108;;322,761
6645;0,2;85,5;306,496;285,825;284;330;562,985;560,474;60;284,115;;321,778
6646;0,2;85;306,619;285,829;284;330;562,992;560,561;60;284,119;;321,403
6647;0,2;87;306,604;285,843;284;330;563,079;560,619;60;284,126;;321,041
6648;0,2;86;306,236;285,851;284;330;563,108;560,648;60;284,133;;319,286
6649;0,2;86,5;306,185;285,872;284;330;563,129;560,728;60;284,14;;317,965
6650;0,2;91,5;306,076;285,872;284;330;563,238;560,8;60;284,147;;317,34
6651;0,2;91,5;306,04;285,912;284;330;563,252;560,778;60;284,153;;316,262
6652;0,2;92;306,163;285,909;284;330;563,267;560,764;60;284,16;;315,643
6653;0,2;91,5;306,286;285,909;284;330;563,18;560,764;60;284,168;;315,095
6654;0,2;91;306,257;285,84;284;330;563,231;560,764;60;284,173;;314,359
6655;0,2;92;306,134;285,753;284;330;563,26;560,764;60;284,184;;313,313
6656;0,2;88,5;306,105;285,847;284;330;563,187;560,67;60;284,194;;311,112
6657;0,2;83,5;306,047;285,862;284;330;563,166;560,67;60;284,206;;310,757
6658;0,2;82;306,156;285,768;284;330;563,216;560,713;60;284,216;;309,874
6659;0,2;81,5;306,286;285,768;284;330;563,18;560,764;60;284,227;;309,418
6660;0,2;80,5;306,257;285,768;284;330;563,26;560,764;60;284,236;;308,726
6661;0,2;78;306,207;285,771;284;330;563,223;560,764;60;284,243;;306,33
6662;0,2;78;306,12;285,768;284;330;563,223;560,88;60;284,252;;305,603
6663;0,2;75;306,062;285,749;284;330;563,274;560,909;60;284,263;;304,92
6664;0,2;68;306,033;285,735;284;330;563,26;560,865;60;284,276;;304,569
6665;0,2;68,5;306,207;285,735;284;330;563,339;560,909;60;284,284;;303,987
6666;0,2;66;306,315;285,746;284;330;563,411;561,017;60;284,292;;302,465
6667;0,2;62,5;306,279;285,749;284;330;563,563;561,118;60;284,298;;301,687
6668;0,2;59;306,178;285,757;284;330;563,621;561,198;60;284,306;;299,877
6669;0,2;56;306,047;285,76;284;330;563,657;561,292;60;284,317;;297,697
6670;0,2;55,5;305,838;285,768;284;330;563,788;561,343;60;284,326;;297,616
6671;0,2;49,5;305,621;285,775;284;330;563,759;561,364;60;284,332;;297,204
6672;0,2;47,5;305,693;285,778;284;330;563,751;561,487;60;284,335;;296,648
6673;0,2;54;305,715;285,782;284;330;563,802;561,487;60;284,341;;295,501
6674;0,2;54,5;305,664;285,901;284;330;563,802;561,451;60;284,343;;294,274
6675;0,2;52;305,787;285,843;284;330;563,802;561,444;60;284,349;;292,312
6676;0,2;49;305,071;285,905;284;330;563,86;561,487;60;284,354;;291,253
6677;0,2;50,5;305,02;285,796;284;330;563,947;561,581;60;284,355;;290,594
6678;0,2;55;305,035;285,894;284;330;563,947;561,552;60;284,357;;290,594
6679;0,2;55,5;305,027;285,898;284;330;564,077;561,632;60;284,356;;290,139
6680;0,2;59,5;304,962;285,905;284;330;564,142;561,748;60;284,357;;288,853
6681;0,2;63;304,984;285,912;284;330;564,236;561,856;60;284,358;;286,816
6682;0,2;65;304,984;285,872;284;330;564,236;561,834;60;284,353;;285,628
6683;0,2;66;304,579;285,862;284;330;564,236;561,777;60;284,347;;285,628
6684;0,2;64,5;304,08;285,869;284;330;564,236;561,777;60;284,343;;285,271
6685;0,2;67,5;303,942;285,851;284;330;564,099;561,777;60;284,34;;282,92
6686;0,2;74,5;304,008;285,883;284;330;564,236;561,777;60;284,336;;279,984
6687;0,2;78,5;303,993;285,88;284;330;564,236;561,777;60;284,331;;279,294
6688;0,2;83;303,581;285,829;284;330;564,236;561,777;60;284,32;;279,294
6689;0,2;93;303,747;285,84;284;330;564,243;561,777;60;284,318;;279,179
6690;0,2;96;303,436;285,796;284;330;564,323;561,777;60;284,311;;278,294
6691;0,2;99;303,422;285,749;284;330;564,308;561,878;60;284,302;;276,777
6692;0,2;102;303,754;285,883;284;330;564,381;561,921;60;284,294;;276,237
6693;0,2;104,5;303,378;285,804;284;330;564,424;561,994;60;284,286;;274,756
6694;0,2;104;303,414;285,818;284;330;564,583;562,066;60;284,277;;274,086
6695;0,2;108,5;303,132;285,8;284;330;564,67;562,066;60;284,272;;273,579
6696;0,2;113,5;303,205;285,811;284;330;564,547;562,059;60;284,268;;272,742
6697;0,2;119;303,125;285,843;284;330;564,526;562,066;60;284,262;;272,409
6698;0,2;121;303,024;285,894;284;330;564,526;562,066;60;284,258;;270,261
6699;0,2;124,5;302,93;285,858;284;330;564,526;562,066;60;284,251;;268,323
6700;0,2;128,5;303,219;285,851;284;330;564,482;562,015;60;284,245;;268,083
6701;0,2;126;303,877;285,807;284;330;564,402;561,914;60;284,241;;267,248
6702;0,2;117,5;303,653;285,854;284;330;564,323;561,842;60;284,235;;266,939
6703;0,2;113,5;303,696;285,872;284;330;564,236;561,798;60;284,231;;265,9
6704;0,2;113;303,458;285,854;284;330;564,12;561,69;60;284,227;;265,079
6705;0,2;116,5;303,646;285,854;284;330;564,091;561,632;60;284,228;;263,502
6706;0,2;124,5;304,008;285,862;284;330;564,048;561,567;60;284,226;;262,623
6707;0,2;128;303,935;285,872;284;330;563,954;561,531;60;284,221;;260,373
6708;0,2;119;304,015;285,854;284;330;564,055;561,581;60;284,215;;260,252
6709;0,2;113,5;304,138;285,836;284;330;564,091;561,596;60;284,205;;260,156
6710;0,2;114,5;305,027;285,829;284;330;563,961;561,531;60;284,195;;259,855
6711;0,2;114,5;304,97;285,836;284;330;563,947;561,487;60;284,188;;258,296
6712;0,2;104;304,847;285,865;284;330;563,947;561,617;60;284,182;;256,327
6713;0,2;97,5;304,926;285,847;284;330;563,903;561,538;60;284,178;;255,958
6714;0,2;106,5;304,984;285,822;284;330;563,824;561,429;60;284,174;;255,711
6715;0,2;102,5;305,02;285,825;284;330;563,715;561,343;60;284,168;;255,142
6716;0,2;95,5;305,136;285,818;284;330;563,817;561,343;60;284,161;;254,255
6717;0,2;95;305,418;285,941;284;330;563,838;561,343;60;284,154;;251,797
6718;0,2;98;305,982;285,793;284;330;563,831;561,48;60;284,144;;250,045
6719;0,2;92;305,903;285,764;284;330;563,947;561,487;60;284,137;;249,625
6720;0,2;88,5;305,707;285,887;284;330;563,997;561,574;60;284,126;;249,625
6721;0,2;91;305,469;286,024;284;330;564,055;561,531;60;284,121;;249,444
6722;0,2;92,5;306,011;286,013;284;330;564,055;561,581;60;284,115;;248,134
6723;0,2;85,5;306,134;286,021;284;330;563,997;561,632;60;284,105;;246,192
6724;0,2;83;306,199;285,887;284;330;564,091;561,697;60;284,093;;244,809
6725;0,2;82;306,264;286,097;284;330;564,149;561,777;60;284,083;;244,412
6726;0,2;84;306,185;286,176;284;330;564,251;561,871;60;284,074;;244,242
6727;0,2;83;306,091;286,18;284;330;564,381;561,972;60;284,064;;243,945
6728;0,2;86;306,011;286,147;284;330;564,381;562,066;60;284,054;;241,761
6729;0,2;90,5;306,047;286,144;284;330;564,526;562,066;60;284,045;;239,962
6730;0,2;91;306,178;286,158;284;330;564,526;562,066;60;284,035;;239,51
6731;0,2;97,5;306,257;286,165;284;330;564,41;561,972;60;284,026;;239,51
6732;0,2;103;306,192;286,173;284;330;564,381;562,066;60;284,015;;239,51
6733;0,2;102,5;306,062;286,18;284;330;564,424;562,037;60;284,004;;238,454
6734;0,2;106;305,997;286,151;284;330;564,424;561,921;60;283,993;;236,946
6735;0,2;111;306,033;286,14;284;330;564,381;561,965;60;283,98;;235,254
6736;0,2;111;306,185;286,151;284;330;564,381;562,066;60;283,969;;234,024
6737;0,2;113,5;306,25;286,158;284;330;564,381;562,066;60;283,959;;232,682
6738;0,2;118,5;306,315;286,173;284;330;564,518;562,066;60;283,952;;232,333
6739;0,2;120;306,604;286,18;284;330;564,598;562,109;60;283,947;;232,051
6740;0,2;112,5;306,554;286,158;284;330;564,62;562,211;60;283,933;;229,473
6741;0,2;112,5;306,243;286,144;284;330;564,721;562,268;60;283,923;;227,94
6742;0,2;122;306,257;286,151;284;330;564,764;562,312;60;283,918;;226,451
6743;0,2;127,5;306,496;286,162;284;330;564,815;562,399;60;283,916;;225,934
6744;0,2;129;306,561;286,173;284;330;564,815;562,435;60;283,912;;225,934
6745;0,2;128,5;306,453;286,18;284;330;564,938;562,5;60;283,909;;225,845
6746;0,2;126,5;306,908;286,155;284;330;564,909;562,522;60;283,904;;225,048
6747;0,2;126;307,277;286,14;284;330;565,017;562,681;60;283,897;;222,099
6748;0,2;121,5;307,198;286,144;284;330;565,177;562,753;60;283,887;;220,809
6749;0,2;120;307,096;286,162;284;330;565,133;562,645;60;283,877;;219,772
6750;0,2;121;307,038;286,173;284;330;565,061;562,63;60;283,869;;219,772
6751;0,2;121,5;307,234;286,18;284;330;564,959;562,5;60;283,861;;219,772
6752;0,2;121;307,429;286,158;284;330;565,003;562,543;60;283,858;;217,136
6753;0,2;115,5;307,501;286,14;284;330;565,068;562,645;60;283,854;;215,611
6754;0,2;113;307,509;286,151;284;330;565,227;562,688;60;283,848;;214,582
6755;0,2;111;307,646;286,162;284;330;565,205;562,695;60;283,846;;213,995
6756;0,2;116,5;307,762;286,173;284;330;565,249;562,681;60;283,845;;213,959
6757;0,2;124;308,08;286,176;284;330;565,205;562,732;60;283,842;;213,88
6758;0,2;118;308,138;286,155;284;330;565,177;562,688;60;283,841;;212,451
6759;0,2;112,5;308,29;286,14;284;330;565,242;562,739;60;283,837;;210,608
6760;0,2;111;308,326;286,151;284;330;565,249;562,674;60;283,833;;209,592
6761;0,2;111;308,239;286,158;284;330;565,357;562,876;60;283,83;;208,934
6762;0,2;112;308,254;286,173;284;330;565,321;562,876;60;283,829;;208,701
6763;0,2;111;308,861;286,18;284;330;565,292;562,797;60;283,826;;208,344
6764;0,2;110,5;308,869;286,165;284;330;565,162;562,818;60;283,825;;206,917
6765;0,2;103,5;308,731;286,14;284;330;565,213;562,789;60;283,824;;205,184
6766;0,2;99;309,078;286,147;284;330;565,249;562,789;60;283,823;;203,59
6767;0,2;100;309,129;286,151;284;330;565,162;562,782;60;283,821;;202,733
6768;0,2;98,5;309,078;286,165;284;330;565,242;562,695;60;283,819;;202,732
6769;0,2;99;308,738;286,173;284;330;565,249;562,724;60;283,817;;202,703
6770;0,2;98,5;308,572;286,173;284;330;565,249;562,789;60;283,815;;200,636
6771;0,2;96,5;308,666;286,176;284;330;565,249;562,789;60;283,816;;198,736
6772;0,2;102;308,608;286,14;284;330;565,249;562,789;60;283,816;;197,704
6773;0,2;104;308,594;286,144;284;330;565,292;562,789;60;283,82;;197,704
6774;0,2;102,5;308,659;286,155;284;330;565,271;562,789;60;283,826;;197,249
6775;0,2;97,5;308,717;286,162;284;330;565,307;562,84;60;283,829;;196,233
6776;0,2;99,5;308,738;286,173;284;330;565,393;562,84;60;283,831;;194,447
6777;0,2;100,5;308,702;286,18;284;330;565,292;562,818;60;283,838;;192,929
6778;0,2;101;308,608;286,158;284;330;565,249;562,826;60;283,845;;192,32
6779;0,2;99,5;308,558;286,144;284;330;565,249;562,934;60;283,851;;191,139
6780;0,2;100;308,543;286,151;284;330;565,249;562,84;60;283,856;;190,764
6781;0,2;100;308,485;286,158;284;330;565,299;562,76;60;283,864;;190,272
6782;0,2;99;308,702;286,173;284;330;565,249;562,768;60;283,869;;189,123
6783;0,2;99;308,811;286,18;284;330;565,205;562,789;60;283,874;;186,955
6784;0,2;94,5;308,789;286,151;284;330;565,177;562,688;60;283,878;;185,257
6785;0,2;92,5;308,724;286,144;284;330;565,104;562,659;60;283,88;;185,168
6786;0,2;89;308,464;286,155;284;330;565,14;562,71;60;283,886;;183,602
6787;0,2;85;308,406;286,165;284;330;565,162;562,659;60;283,894;;183,323
6788;0,2;83,5;308,362;286,173;284;330;565,249;562,695;60;283,906;;182,888
6789;0,2;83,5;308,312;286,18;284;330;565,249;562,688;60;283,915;;181,412
6790;0,2;80;308,362;286,05;284;330;565,198;562,76;60;283,92;;179,827
6791;0,2;74;308,464;285,934;284;330;565,249;562,789;60;283,926;;178,209
6792;0,2;71;308,753;285,847;284;330;565,198;562,789;60;283,933;;177,637
6793;0,2;73;308,572;285,963;284;330;565,249;562,789;60;283,938;;177,01
6794;0,2;79,5;308,76;285,872;284;330;565,249;562,847;60;283,942;;176,164
6795;0,2;74;308,225;285,753;284;330;565,249;562,891;60;283,949;;174,989
6796;0,2;75;308,124;285,76;284;330;565,314;562,934;60;283,954;;173,66
6797;0,2;80;308,08;285,764;284;330;565,336;562,934;60;283,955;;171,653
6798;0,2;84;308,247;285,764;284;330;565,393;562,977;60;283,959;;171,521
6799;0,2;82;308,348;285,771;284;330;565,393;562,977;60;283,962;;171,104
6800;0,2;80;308,355;285,768;284;330;565,343;562,934;60;283,967;;170,644
6801;0,2;80;308,044;285,753;284;330;565,249;562,891;60;283,969;;168,781
6802;0,2;80,5;307,841;285,731;284;330;565,249;562,789;60;283,973;;167,632
6803;0,2;78;307,784;285,731;284;330;565,249;562,898;60;283,976;;166,483
6804;0,2;78,5;307,733;285,739;284;330;565,35;562,934;60;283,977;;164,417
6805;0,2;81;307,726;285,746;284;330;565,502;563,064;60;283,975;;164,131
6806;0,2;87;307,726;285,749;284;330;565,538;563,035;60;283,978;;163,989
6807;0,2;85;307,849;285,76;284;330;565,538;563,079;60;283,981;;162,872
6808;0,2;83;307,292;285,771;284;330;565,444;563,014;60;283,98;;162,097
6809;0,2;87,5;307,27;285,786;284;330;565,451;562,97;60;283,981;;160,831
6810;0,2;96;307,19;285,804;284;330;565,422;562,934;60;283,975;;160,828
6811;0,2;96;307,096;285,793;284;330;565,524;562,934;60;283,97;;160,504
6812;0,2;96;307,038;285,782;284;330;565,488;562,999;60;283,962;;159,621
6813;0,2;96,5;307,067;285,786;284;330;565,488;563,079;60;283,955;;159,053
6814;0,2;97;307,198;285,796;284;330;565,538;563,079;60;283,949;;155,822
6815;0,2;96;307,284;285,833;284;330;565,538;563,064;60;283,943;;155,095
6816;0,2;97,5;307,219;285,847;284;330;565,408;562,934;60;283,938;;154,496
6817;0,2;99,5;307,096;285,872;284;330;565,393;562,883;60;283,934;;154,496
6818;0,2;98;306,93;285,851;284;330;565,336;562,934;60;283,93;;153,752
6819;0,2;98;306,785;285,862;284;330;565,249;562,782;60;283,927;;152,699
6820;0,2;101,5;306,619;285,869;284;330;565,198;562,739;60;283,926;;150,68
6821;0,2;106;306,944;285,833;284;330;565,249;562,717;60;283,922;;148,814
6822;0,2;111,5;307,01;285,815;284;330;565,205;562,789;60;283,919;;147,603
6823;0,2;125,5;307,067;285,811;284;330;565,263;562,789;60;283,918;;147,441
6824;0,2;131,5;307,038;285,811;284;330;565,271;562,789;60;283,919;;147,441
6825;0,2;123,5;306,973;285,822;284;330;565,249;562,789;60;283,917;;145,788
6826;0,2;116;306,916;285,825;284;330;565,249;562,905;60;283,916;;144,949
6827;0,2;120,5;306,85;285,811;284;330;565,263;562,977;60;283,919;;143,823
6828;0,2;132;307,038;285,811;284;330;565,35;562,941;60;283,922;;142,874
6829;0,2;132;307,104;285,811;284;330;565,393;563,064;60;283,926;;142,336
6830;0,2;117;307,241;285,807;284;330;565,393;562,934;60;283,928;;141,373
6831;0,2;115;307,299;285,789;284;330;565,314;562,898;60;283,932;;140,706
6832;0,2;113,5;307,234;285,757;284;330;565,278;562,883;60;283,936;;137,844
6833;0,2;112;307,053;285,919;284;330;565,249;562,789;60;283,943;;137,844
6834;0,2;111,5;307,046;285,981;284;330;565,249;562,768;60;283,95;;137,327
6835;0,2;111,5;307,183;285,984;284;330;565,104;562,724;60;283,956;;135,687
6836;0,2;110;307,4;285,959;284;330;565,09;562,616;60;283,961;;135,676
6837;0,2;107;307,885;285,901;284;330;564,959;562,5;60;283,967;;134,027
6838;0,2;103;307,704;286,039;284;330;564,959;562,5;60;283,971;;133,22
6839;0,2;91,5;307,653;286,05;284;330;564,959;562,5;60;283,98;;132,956
6840;0,2;92;307,538;286,046;284;330;564,959;562,5;60;283,988;;131,912
6841;0,2;88,5;307,458;286,01;284;330;564,959;562,5;60;283,998;;131,212
6842;0,2;81;307,458;286,006;284;330;565,046;562,5;60;284,004;;130,395
6843;0,2;80;307,538;286,017;284;330;565,104;562,616;60;284,01;;130,032
6844;0,2;77,5;307,617;286,032;284;330;565,104;562,609;60;284,018;;128,789
6845;0,2;75;307,632;286,032;284;330;565,082;562,63;60;284,028;;126,405
6846;0,2;78;307,639;286,032;284;330;564,959;562,522;60;284,036;;124,314
6847;0,2;76,5;307,617;286,039;284;330;564,786;562,355;60;284,046;;123,745
6848;0,2;70,5;307,523;286,064;284;330;564,677;562,283;60;284,056;;123,745
6849;0,2;65;307,639;285,93;284;330;564,728;562,211;60;284,064;;123,177
6850;0,2;66;307,798;285,789;284;330;564,771;562,211;60;284,073;;122,138
6851;0,2;68,5;307,841;285,778;284;330;564,815;562,312;60;284,077;;120,924
6852;0,2;62;307,907;285,76;284;330;564,728;562,283;60;284,083;;119,586
6853;0,2;61,5;308,022;285,764;284;330;564,67;562,261;60;284,092;;118,286
6854;0,2;62;308,03;285,757;284;330;564,714;562,211;60;284,095;;118,286
6855;0,2;62;307,595;285,749;284;330;564,67;562,211;60;284,099;;117,69
6856;0,2;55,5;307,111;285,89;284;330;564,721;562,211;60;284,108;;116,631
6857;0,2;59;307,046;285,771;284;330;564,873;562,254;60;284,114;;115,617
6858;0,2;63;307,089;285,909;284;330;564,887;562,384;60;284,116;;113,803
6859;0,2;62;307,219;285,901;284;330;564,894;562,442;60;284,121;;112,531
6860;0,2;62;307,111;285,898;284;330;564,909;562,399;60;284,124;;111,576
6861;0,2;62,5;306,807;285,916;284;330;564,959;562,42;60;284,129;;111,299
6862;0,2;62;306,691;286,003;284;330;564,974;562,58;60;284,136;;109,542
6863;0,2;64,5;306,59;285,966;284;330;565,126;562,645;60;284,141;;108,559
6864;0,2;66;306,539;285,966;284;330;565,249;562,703;60;284,142;;107,682
6865;0,2;63,5;305,982;285,858;284;330;565,249;562,724;60;284,146;;107,091
6866;0,2;65,5;306,134;285,963;284;330;565,148;562,645;60;284,15;;106,459
6867;0,2;70;306,257;285,963;284;330;565,061;562,551;60;284,155;;105,524
6868;0,2;73;306,236;285,956;284;330;564,981;562,5;60;284,16;;104,791
6869;0,2;74;305,809;285,948;284;330;564,959;562,486;60;284,164;;103,793
6870;0,2;77;305,78;285,934;284;330;564,959;562,399;60;284,168;;103,206
6871;0,2;77,5;305,758;285,909;284;330;564,959;562,442;60;284,171;;101,082
6872;0,2;78;305,751;285,88;284;330;564,959;562,551;60;284,174;;100,755
6873;0,2;78;305,845;285,84;284;330;564,959;562,645;60;284,177;;99,8888
6874;0,2;78;305,237;286,021;284;330;564,916;562,529;60;284,182;;98,5671
6875;0,2;74;305,245;285,807;284;330;564,909;562,551;60;284,188;;97,6511
6876;0,2;83;305,136;285,919;284;330;564,909;562,543;60;284,192;;96,098
6877;0,2;90;305,013;286,042;284;330;564,959;562,5;60;284,197;;95,7173
6878;0,2;90,5;304,977;285,909;284;330;565,01;562,616;60;284,202;;94,9746
6879;0,2;88,5;305,071;286,057;284;330;565,104;562,645;60;284,208;;94,353
6880;0,2;91;305,216;286,06;284;330;565,126;562,732;60;284,214;;92,864
6881;0,2;87,5;305,237;286,068;284;330;565,191;562,789;60;284,218;;91,6298
6882;0,2;84;304,818;286,05;284;330;565,234;562,789;60;284,224;;90,1936
6883;0,2;86,5;304,485;286,032;284;330;565,249;562,818;60;284,227;;87,7405
6884;0,2;90,5;304,456;286,024;284;330;565,249;562,898;60;284,228;;87,4036
6885;0,2;97;304,355;286,024;284;330;565,249;562,92;60;284,234;;87,2141
6886;0,2;96;304,304;286,028;284;330;565,372;562,934;60;284,233;;86,5697
6887;0,2;96;304,398;286,032;284;330;565,48;563,042;60;284,233;;85,7859
6888;0,2;99,5;304,543;286,035;284;330;565,524;563,079;60;284,23;;83,8715
6889;0,2;100;304,615;286,035;284;330;565,393;563,035;60;284,229;;82,884
6890;0,2;95;304,659;286,032;284;330;565,365;563,014;60;284,226;;82,1067
6891;0,2;93,5;304,673;286,028;284;330;565,162;562,724;60;284,223;;82,1067
6892;0,2;92;304,738;285,872;284;330;565,003;562,572;60;284,22;;81,7521
6893;0,2;87;305,035;285,88;284;330;564,829;562,42;60;284,216;;80,6515
6894;0,2;77,5;304,984;285,894;284;330;564,641;562,211;60;284,213;;78,4677
6895;0,2;75,5;305,064;285,919;284;330;564,526;562,059;60;284,211;;77,6329
6896;0,2;78,5;305,201;285,909;284;330;564,374;561,849;60;284,204;;76,8683
6897;0,2;78;305,23;285,956;284;330;564,171;561,748;60;284,193;;76,2925
6898;0,2;79;305,172;285,898;284;330;564,041;561,632;60;284,183;;75,6855
6899;0,2;78,5;305,064;285,966;284;330;563,932;561,531;60;284,173;;73,8758
6900;0,2;78,5;304,984;285,909;284;330;563,715;561,372;60;284,165;;72,9383
6901;0,2;79,5;305,107;285,894;284;330;563,549;561,191;60;284,159;;71,836
6902;0,2;84,5;305,223;285,894;284;330;563,404;561,01;60;284,154;;70,8894
6903;0,2;87;305,223;285,883;284;330;563,296;561,003;60;284,148;;69,8155
6904;0,2;86;305,143;285,887;284;330;563,18;560,851;60;284,142;;68,6052
6905;0,2;90;305,042;285,883;284;330;563,122;560,735;60;284,135;;68,1044
6906;0,2;92,5;304,984;285,894;284;330;563,014;560,619;60;284,129;;67,3939
6907;0,2;93,5;305,049;285,916;284;330;562,883;560,482;60;284,126;;66,3263
6908;0,2;93;305,194;285,927;284;330;562,891;560,474;60;284,12;;65,0561
6909;0,2;98,5;305,252;285,966;284;330;562,804;560,402;60;284,115;;64,671
6910;0,2;100;305,208;285,948;284;330;562,789;560,373;60;284,114;;63,4019
6911;0,2;97,5;305,085;285,952;284;330;562,811;560,417;60;284,112;;62,3483
6912;0,2;103;304,984;285,916;284;330;562,891;560,388;60;284,108;;61,2763
6913;0,2;106;305,035;285,927;284;330;562,985;560,59;60;284,107;;60,2755
6914;0,2;106;305,194;285,901;284;330;563,216;560,692;60;284,106;;59,9982
6915;0,2;106;305,252;285,833;284;330;563,339;560,93;60;284,106;;59,2257
6916;0,2;112;305,194;285,771;284;330;563,542;561,147;60;284,105;;58,8734
6917;0,2;111,5;305,078;285,768;284;330;563,657;561,256;60;284,104;;57,7898
6918;0,2;110,5;304,991;285,771;284;330;563,607;561,256;60;284,105;;55,8532
6919;0,2;111,5;305,027;285,786;284;330;563,513;561,22;60;284,107;;52,924
6920;0,2;112,5;305,15;285,793;284;330;563,628;561,285;60;284,112;;52,5102
6921;0,2;110,5;305,367;285,894;284;330;563,694;561,299;60;284,117;;52,2414
6922;0,2;111,5;305,845;285,771;284;330;563,802;561,415;60;284,122;;51,7141
6923;0,2;100,5;305,585;285,869;284;330;563,86;561,487;60;284,132;;51,001
6924;0,2;98;305,744;285,757;284;330;563,947;561,487;60;284,139;;49,1699
6925;0,2;100;305,642;285,76;284;330;563,874;561,437;60;284,145;;48,2417
6926;0,2;98;305,65;285,753;284;330;563,802;561,429;60;284,151;;47,2855
6927;0,2;93;305,896;285,771;284;330;563,657;561,343;60;284,162;;46,1373
6928;0,2;43,5;306,279;286,032;284;330;563,643;561,256;60;284,184;;45,8913
6929;0,2;0;306,25;286,046;284;330;563,549;561,198;60;284,194;;45,5925
6930;0,2;0;306,178;286,028;284;330;563,513;561,06;60;284,194;;44,9575
6931;0,2;0;306,178;285,789;284;330;563,556;561,169;60;284,195;;43,9563
6932;0,2;0;306,062;285,927;284;330;563,556;561,082;60;284,195;;42,5173
6933;0,2;0;306,04;286,053;284;330;563,513;561,01;60;284,195;;41,8064
6934;0,2;0;306,163;286,032;284;330;563,513;561,068;60;284,195;;40,5961
6935;0,2;0;306,279;286,082;284;330;563,6;561,212;60;284,195;;38,74
6936;0,2;0;305,584;286,032;284;330;563,708;561,372;60;284,195;;36,8418
6937;0,2;0;305,454;286,035;284;330;563,817;561,422;60;284,195;;35,6855
6938;0,2;0;305,324;286,039;284;330;563,947;561,581;60;284,195;;34,3406
6939;0,2;0;305,013;286,039;284;330;564,077;561,632;60;284,195;;34,2511
6940;0,2;0;304,991;286,053;284;330;563,997;561,567;60;284,195;;34,2511
6941;0,2;0;304,774;285,786;284;330;563,896;561,538;60;284,195;;32,991
6942;0,2;0;304,637;285,786;284;330;563,969;561,531;60;284,195;;32,0325
6943;0,2;0;304,188;285,775;284;330;564,041;561,603;60;284,195;;31,3268
6944;0,2;0;303,776;285,909;284;330;564,091;561,777;60;284,195;;29,9066
6945;0,2;0;303,371;286,039;284;330;564,185;561,856;60;284,195;;29,431
6946;0,2;0;303,111;286,024;284;330;564,345;561,921;60;284,195;;29,1792
6947;0,2;0;302,959;285,898;284;330;564,453;562,001;60;284,195;;28,8551
6948;0,2;0;302,293;286,024;284;330;564,612;562,211;60;284,195;;27,4171
6949;0,2;0;302,51;285,764;284;330;564,67;562,355;60;284,195;;26,1319
6950;0,2;0;302,185;286,035;284;330;564,779;562,442;60;284,188;;24,5625
6951;0,2;0;301,657;285,786;284;330;564,815;562,457;60;284,178;;23,4985
6952;0,2;0;301,483;285,807;284;330;564,815;562,413;60;284,169;;22,2717
6953;0,2;0;300,919;285,815;284;330;564,902;562,5;60;284,161;;21,4985
6954;0,2;0;300,629;285,818;284;330;564,916;562,5;60;284,154;;20,2745
6955;0,2;0;300,441;285,8;284;330;564,981;562,587;60;284,148;;18,9434
6956;0,2;0;300,065;285,796;284;330;565,104;562,688;60;284,143;;17,8708
6957;0,2;0;300,174;285,829;284;330;565,061;562,63;60;284,137;;17,5789
6958;0,2;0;299,559;285,815;284;330;564,902;562,42;60;284,125;;17,1121
6959;0,2;0;299,58;285,858;284;330;564,706;562,319;60;284,112;;16,7284
6960;0,2;0;298,886;285,865;284;330;564,67;562,211;60;284,099;;15,7709
6961;0,2;0;298,691;285,894;284;330;564,627;562,124;60;284,088;;12,9308
6962;0,2;0;298,626;285,883;284;330;564,583;562,16;60;284,079;;11,362
6963;0,2;0;298,351;285,869;284;330;564,67;562,211;60;284,07;;10,9472
6964;0,2;0;298,09;285,843;284;330;564,67;562,297;60;284,062;;10,9371
6965;0,2;0;297,815;285,825;284;330;564,634;562,211;60;284,056;;10,0474
6966;0,2;0;297,729;285,836;284;330;564,605;562,146;60;284,05;;8,66295
6967;0,2;0;296,861;285,843;284;330;564,598;562,095;60;284,044;;7,38548
6968;0,2;0;296,788;285,84;284;330;564,685;562,167;60;284,04;;6,38144
6969;0,2;0;296,578;285,843;284;330;564,721;562,218;60;284,035;;5,42314
6970;0,2;0;296,593;285,833;284;330;564,714;562,297;60;284,032;;3,6818
6971;0,2;0;295,949;285,829;284;330;564,677;562,211;60;284,028;;3,47343
6972;0,2;0;296,043;285,822;284;330;564,656;562,211;60;284,026;;2,93802
6973;0,2;0;295,906;285,818;284;330;564,576;562,211;60;284,023;;1,27031
6974;0,2;0;295,66;285,815;284;330;564,612;562,203;60;284,021;;0,862175
6975;0,2;0;295,58;285,804;284;330;564,612;562,131;60;284,019;;-0,505546
6976;0,2;0;294,734;285,782;284;330;564,627;562,211;60;284,017;;-0,917684
6977;0,2;0;294,799;285,778;284;330;564,67;562,341;60;284,016;;-1,46007
6978;0,2;0;294,784;285,782;284;330;564,721;562,355;60;284,014;;-2,43432
6979;0,2;0;294,719;285,778;284;330;564,844;562,334;60;284,013;;-3,89952
6980;0,2;0;294,792;285,789;284;330;564,967;562,5;60;284,012;;-5,13366
6981;0,2;0;293,945;285,796;284;330;565,104;562,674;60;284,011;;-6,32068
6982;0,2;0;293,815;285,804;284;330;565,032;562,688;60;284,01;;-7,35753
6983;0,2;0;293,62;285,796;284;330;564,959;562,486;60;284,009;;-7,98813
6984;0,2;0;293,526;285,811;284;330;564,815;562,355;59,4259;284,008;;-8,73868
6985;0,2;0;293,598;285,807;284;330;564,721;562,355;54,2147;283,998;;-9,92846
6986;0,2;0;293,265;285,796;284;330;564,742;562,355;36,6778;283,987;;-12,3567
6987;0,2;0;292,933;285,782;284;330;564,714;562,355;17,1098;283,978;;-12,3667
6988;0,2;0;292,94;285,775;284;330;564,706;562,37;1,19637;283,969;;-19,8877
6989;0,2;0;292,839;285,771;276;330;565,119;562,688;0;283,961;;-20,8231
6990;0,2;0;292,499;285,764;276;330;565,357;562,956;0;283,954;;-20,8231
6991;0,2;0;292,462;285,778;276;330;565,488;562,977;0;283,948;;-20,8231
6992;0,2;0;292,231;285,901;276;330;565,278;562,862;0;283,942;;-20,8231
6993;0,2;0;291,826;286,032;276;330;564,829;562,08;0;283,937;;-20,8231
6994;0,2;0;291,913;285,919;276;330;497,034;488,824;0;283,933;;-20,8231
6995;0,2;0;291,891;286,064;276;330;317,028;318,743;0;283,929;;-20,8231
6996;0,2;0;291,775;286,039;276;330;195,479;193,721;0;283,926;;-20,8231
6997;0,2;0;291,03;286,01;276;330;116,768;116,413;0;283,923;;-20,8231
6998;0,2;0;291,001;286,01;276;330;71,2746;71,0938;0;283,92;;-20,8231
6999;0,2;0;291,052;286,028;276;330;43,7211;43,9525;0;283,918;;-20,8231
7000;0,2;0;290,943;286,024;276;330;27,1701;26,8736;0;283,915;;-20,8231
7001;0,2;0;290,842;286,017;276;330;16,4641;16,4497;0;283,914;;-20,8231
7002;0,2;0;290,893;286,046;276;330;10,1201;10,2141;0;283,912;;-20,8231
7003;0,2;0;290,828;286,057;276;330;6,30064;6,32234;0;283,911;;-20,8231
7004;0,2;0;290,683;286,06;276;330;3,99306;4,01476;0;283,909;;-20,8231
7005;0,2;0;290,538;285,829;276;330;2,61863;2,71267;0;283,908;;-20,8231
7006;0,2;0;290,227;285,916;276;330;1,83738;1,84462;0;283,907;;-20,8231
7007;0,2;0;290,025;286,017;276;330;1,27315;1,30932;0;283,907;;-20,8231
7008;0,2;0;290,379;285,804;276;330;0,882523;1,0272;0;283,906;;-20,8231
7009;0,2;0;290,625;285,8;276;330;0,687211;0,774016;0;283,905;;-20,8231
7010;0,2;0;289,757;285,789;276;330;0,578704;0,752315;0;283,904;;-20,8231
7011;0,2;0;289,648;285,786;276;330;0,520833;0,607639;0;283,904;;-20,8231
7012;0,2;0;289,612;285,927;276;330;0,491898;0,578704;0;283,903;;-20,8231
7013;0,2;0;289,656;285,923;276;330;0,462963;0,614873;0;283,902;;-20,8231
7014;0,2;0;289,779;286,028;276;330;0,390625;0,477431;0;283,902;;-20,8231
7015;0,2;0;289,865;286,021;276;330;0,376157;0,477431;0;283,904;;-20,8231
7016;0,2;0;289,41;285,865;276;330;0,434028;0,477431;0;283,913;;-20,8231
7017;0,2;0;289,258;285,981;276;330;0,434028;0,484664;0;283,924;;-20,8231
7018;0,2;0;289,214;285,977;276;330;0,434028;0,484664;0;283,933;;-20,8231
7019;0,2;0;289,193;285,963;276;330;0,397859;0,448495;0;283,941;;-20,8231
7020;0,2;0;289,178;285,956;276;330;0,434028;0,455729;0;283,948;;-20,8231
7021;0,2;0;288,932;285,822;276;330;0,434028;0,434028;0;283,956;;-20,8231
7022;0,2;0;288,723;285,663;276;330;0,434028;0,484664;0;283,971;;-20,8231
7023;0,2;0;288,838;285,641;276;330;0,434028;0,477431;0;283,985;;-20,8231
7024;0,2;0;288,838;285,619;276;330;0,339988;0,549769;0;283,999;;-20,8231
7025;0,2;0;288,715;285,655;276;330;0,434028;0,455729;0;284,01;;-20,8231
7026;0,2;0;288,6;285,659;276;330;0,434028;0,477431;0;284,02;;-20,8231
7027;0,2;0;288,607;285,619;276;330;0,390625;0,434028;0;284,032;;-20,8231
7028;0,2;0;288,723;285,626;276;330;0,376157;0,477431;0;284,049;;-20,8231
7029;0,2;0;288,455;285,688;276;330;0,434028;0,470197;0;284,066;;-20,8231
7030;0,2;0;288,556;285,692;276;330;0,434028;0,477431;0;284,081;;-20,8231
7031;0,2;0;288,513;285,637;276;330;0,434028;0,477431;0;284,094;;-20,8231
7032;0,2;0;288,383;285,605;276;330;0,434028;0,455729;0;284,11;;-20,8231
7033;0,2;0;288,317;285,641;276;330;0,434028;0,462963;0;284,132;;-20,8231
7034;0,2;0;287,833;285,659;276;330;0,434028;0,477431;0;284,151;;-20,8231
7035;0,2;0;288,158;285,677;276;330;0,434028;0,528067;0;284,168;;-20,8231
7036;0,2;0;287,826;285,655;276;330;0,390625;0,434028;0;284,183;;-20,8231
7037;0,2;0;287,797;285,641;276;330;0,390625;0,434028;0;284,202;;-20,8231
7038;0,2;0;287,84;285,641;276;330;0,390625;0,470197;0;284,225;;-20,8231
7039;0,2;0;287,753;285,645;276;330;0,434028;0,441262;0;284,245;;-20,8231
7040;0,2;0;287,63;285,648;276;330;0,434028;0,477431;0;284,262;;-20,8231
7041;0,2;0;287,551;285,645;276;330;0,434028;0,462963;0;284,28;;-20,8231
7042;0,2;0;287,608;285,663;276;330;0,434028;0,455729;0;284,302;;-20,8231
7043;0,2;0;287,695;285,677;276;330;0,383391;0,434028;0;284,325;;-20,8231
7044;0,2;0;287,76;285,659;276;330;0,434028;0,528067;0;284,344;;-20,8231
7045;0,2;0;287,804;285,616;276;330;0,383391;0,434028;0;284,362;;-20,8231
7046;0,2;0;287,818;285,637;276;330;0,390625;0,455729;0;284,38;;-20,8231
7047;0,2;0;287,109;285,652;276;330;0,390625;0,499132;0;284,405;;-20,8231
7048;0,2;0;286,994;285,663;276;330;0,434028;0,434028;0;284,427;;-20,8231
7049;0,2;0;286,907;285,663;276;330;0,434028;0,477431;0;284,447;;-20,8231
7050;0,2;0;286,878;285,655;276;330;0,434028;0,434028;0;284,465;;-20,8231
7051;0,2;0;286,95;285,63;276;330;0,434028;0,477431;0;284,485;;-20,8231
7052;0,2;0;287,052;285,637;276;330;0,412326;0,434028;0;284,509;;-20,8231
7053;0,2;0;287,066;285,648;276;330;0,36169;0,528067;0;284,53;;-20,8231
7054;0,2;0;287,117;285,652;276;330;0,434028;0,484664;0;284,549;;-20,8231
7055;0,2;0;287,146;285,659;276;330;0,434028;0,434028;0;284,566;;-20,8231
7056;0,2;0;287,066;285,67;276;330;0,434028;0,434028;0;284,584;;-20,8231
7057;0,2;0;286,965;285,648;276;330;0,434028;0,434028;0;284,608;;-20,8231
7058;0,2;0;286,863;285,63;276;330;0,434028;0,434028;0;284,629;;-20,8231
7059;0,2;0;286,863;285,63;276;330;0,434028;0,462963;0;284,649;;-20,8231
7060;0,2;0;286,929;285,641;276;330;0,434028;0,455729;0;284,666;;-20,8231
7061;0,2;0;287,037;285,655;276;330;0,390625;0,484664;0;284,682;;-20,8231
7062;0,2;0;286,95;285,659;276;330;0,434028;0,434028;0;284,703;;-20,8231
7063;0,2;0;286,777;285,663;276;330;0,434028;0,434028;0;284,726;;-20,8231
7064;0,2;0;286,639;285,655;276;330;0,434028;0,434028;0;284,746;;-20,8231
7065;0,2;0;286,538;285,637;276;330;0,434028;0,520833;0;284,763;;-20,8231
7066;0,2;0;286,61;285,645;276;330;0,405093;0,484664;0;284,779;;-20,8231
7067;0,2;0;286,69;285,637;276;330;0,41956;0,477431;0;284,796;;-20,8231
7068;0,2;0;286,791;285,655;276;330;0,434028;0,434028;0;284,815;;-20,8231
7069;0,2;0;286,719;285,663;276;330;0,434028;0,434028;0;284,836;;-20,8231
7070;0,2;0;286,589;285,677;276;330;0,434028;0,520833;0;284,845;;-20,8231
7071;0,2;0;286,538;285,655;276;330;0,434028;0,441262;0;284,839;;-20,8231
7072;0,2;0;286,625;285,634;276;330;0,390625;0,499132;0;284,827;;-20,8231
7073;0,2;0;286,733;285,637;276;330;0,434028;0,535301;0;284,816;;-20,8231
7074;0,2;0;286,798;285,652;276;330;0,434028;0,448495;0;284,808;;-20,8231
7075;0,2;0;286,74;285,666;276;330;0,434028;0,434028;0;284,804;;-20,8231
7076;0,2;0;286,603;285,67;276;330;0,434028;0,434028;0;284,806;;-20,8231
7077;0,2;0;286,538;285,659;276;330;0,434028;0,506366;0;284,808;;-20,8231
7078;0,2;0;286,617;285,63;276;330;0,434028;0,448495;0;284,815;;-20,8231
7079;0,2;0;286,719;285,637;276;330;0,434028;0,434028;0;284,821;;-20,8231
7080;0,2;0;286,798;285,648;276;330;0,390625;0,5136;0;284,823;;-20,8231
7081;0,2;0;286,646;285,655;276;330;0,434028;0,477431;0;284,828;;-20,8231
7082;0,2;0;286,603;285,655;276;330;0,434028;0,434028;0;284,833;;-20,8231
7083;0,2;0;286,538;285,663;276;330;0,434028;0,434028;0;284,836;;-20,8231
7084;0,2;0;286,596;285,67;276;330;0,347222;0,434028;0;284,836;;-20,8231
7085;0,2;0;286,726;285,652;276;330;0,434028;0,434028;0;284,842;;-20,8231
7086;0,2;0;286,798;285,634;276;330;0,390625;0,462963;0;284,846;;-20,8231
7087;0,2;0;286,719;285,63;276;330;0,434028;0,491898;0;284,849;;-20,8231
7088;0,2;0;286,603;285,67;276;330;0,434028;0,520833;0;284,851;;-20,8231
7089;0,2;0;286,538;285,681;276;330;0,434028;0,434028;0;284,855;;-20,8231
7090;0,2;0;286,596;285,442;276;330;0,390625;0,434028;0;284,859;;-20,8231
7091;0,2;0;286,712;285,348;276;330;0,41956;0,434028;0;284,863;;-20,8231
7092;0,2;0;286,798;285,341;276;330;0,397859;0,477431;0;284,889;;-20,8231
7093;0,2;0;286,726;285,341;276;330;0,434028;0,491898;0;284,934;;-20,8231
7094;0,2;0;286,437;285,305;276;330;0,434028;0,528067;0;284,976;;-20,8231
7095;0,2;0;286,335;285,25;276;330;0,434028;0,455729;0;285,013;;-20,8231
7096;0,2;0;286,314;285,283;276;330;0,434028;0,477431;0;285,048;;-20,8231
7097;0,2;0;286,22;285,337;276;330;0,434028;0,484664;0;285,079;;-20,8231
7098;0,2;0;286,466;285,355;276;330;0,434028;0,470197;0;285,106;;-20,8231
7099;0,2;0;286,147;285,413;276;330;0,434028;0,477431;0;285,129;;-20,8231
7100;0,2;0;286,097;285,438;276;330;0,434028;0,484664;0;285,151;;-20,8231
7101;0,2;0;285,988;285,456;276;330;0,390625;0,434028;0;285,17;;-20,8231
7102;0,2;0;285,851;285,464;276;330;0,434028;0,434028;0;285,186;;-20,8231
7103;0,2;0;286,082;285,352;276;330;0,390625;0,484664;0;285,199;;-20,8231
7104;0,2;0;285,872;285,417;276;330;0,434028;0,434028;0;285,21;;-20,8231
7105;0,2;0;286,205;285,333;276;330;0,383391;0,520833;0;285,221;;-20,8231
7106;0,2;0;286,285;285,344;276;330;0,383391;0,434028;0;285,231;;-20,8231
7107;0,2;0;286,56;285,25;276;330;0,434028;0,448495;0;285,241;;-20,8231
7108;0,2;0;286,531;285,25;276;330;0,383391;0,5136;0;285,248;;-20,8231
