Time;[11:7];[31:48];[31:110];[31:112];[31:115];[32:1];[32:80];[32:85];[32:124];[33:108];[ChannelInfoFieldText([10:1], "$PDA_expression")]_text;[Bandlänge auf Abhaspel]
time;Banddicke;Ofenleistung;Wannentemperatur außen;Wannentemperatur innen;Solltemperatur unter Zinnbadrolle;Bandbreite;Abblasung OS Luftdruck;Abblasung US Luftdruck;Bandgeschwindigkeit;Temperatur unter Zinnbadrolle;ChannelInfoFieldText([10:1], "$PDA_expression");Bandlänge auf Abhaspel
sec;mm;kW;°C;°C;°C;mm;mbar;mbar;m/min;°C;;m
13;nan;nan;nan;nan;nan;nan;nan;nan;nan;nan;"(( Pi() / ([11:7] * 0.001)) * (Pow(0.5 * [3:10], 2) - Pow(0.5 * 0.48, 2))) / [32:124]";nan
14;0,5;0;273,785;270,262;270,1;340;0,289352;0,289352;0;271,041;;1610,91
15;0,5;0;273,698;270,284;270,1;340;0,289352;0,289352;0;271,047;;1610,91
16;0,5;2;273,683;270,327;270,1;340;0,289352;0,289352;0;271,071;;1610,91
17;0,5;3;273,698;270,312;270,1;340;0,289352;0,289352;0;271,082;;1610,91
18;0,5;7;273,799;270,298;270,1;340;0,289352;0,289352;0;271,087;;1610,91
19;0,5;10;273,38;270,276;270,1;340;0,289352;0,289352;0;271,086;;1610,91
20;0,5;13;273,452;270,269;270,1;340;0,289352;0,289352;0;271,087;;1610,91
21;0,5;16;273,481;270,255;270,1;340;0,434028;0,289352;0;271,083;;1610,91
22;0,5;23;273,394;270,276;270,1;340;0,289352;0,289352;0;271,088;;1610,91
23;0,5;30;273,264;270,32;270,1;340;0,289352;0,289352;0;271,095;;1610,91
24;0,5;30;273,249;270,32;270,1;340;0,289352;0,289352;0;271,104;;1610,91
25;0,5;28;273,293;270,312;270,1;340;0,289352;0,289352;0;271,109;;1610,91
26;0,5;26;273,336;270,284;270,1;340;0,434028;0,289352;0;271,113;;1610,91
27;0,5;26;273,423;270,276;270,1;340;0,289352;0,289352;0;271,123;;1610,91
28;0,5;23;273,438;270,269;270,1;340;0,434028;0,289352;0;271,131;;1610,91
29;0,5;23;273,322;270,284;270,1;340;0,289352;0,289352;0;271,138;;1610,91
30;0,5;26;273,206;270,334;270,1;340;0,434028;0,289352;0;271,14;;1610,91
31;0,5;26;273,249;270,327;270,1;340;0,289352;0,289352;0;271,144;;1610,91
32;0,5;25;273,336;270,312;270,1;340;0,289352;0,289352;0;271,15;;1610,91
33;0,5;25;273,394;270,298;270,1;340;0,289352;0,289352;0;271,155;;1610,91
34;0,5;26;273,452;270,566;270,1;340;0,289352;0,289352;0;271,16;;1610,91
35;0,5;0;273,423;270,624;270,1;340;0,289352;0,289352;0;271,185;;1610,91
36;0,5;0;273,293;270,609;270,1;340;0,434028;0,289352;0;271,186;;1610,91
37;0,5;0;273,22;270,573;270,1;340;0,289352;0,289352;0;271,187;;1610,91
38;0,5;0;273,293;270,624;270,1;340;0,434028;0,289352;0;271,189;;1610,91
39;0,5;0;273,336;270,696;270,1;340;0,289352;0,289352;0;271,19;;1610,91
40;0,5;0;273,438;270,58;270,1;340;0,289352;0,289352;0;271,19;;1610,91
41;0,5;0;273,438;270,551;270,1;340;0,289352;0,289352;0;271,191;;1610,91
42;0,5;0;273,351;270,501;270,1;340;0,289352;0,289352;0;271,192;;1610,91
43;0,5;0;273,235;270,464;270,1;340;0,289352;0,289352;0;271,192;;1610,91
44;0,5;0;273,278;270,667;270,1;340;0,289352;0,289352;0;271,193;;1610,91
45;0,5;0;272,714;270,428;270,1;340;0,289352;0,289352;0;271,194;;1610,91
46;0,5;0;272,729;270,71;270,1;340;0,289352;0,289352;0;271,198;;1610,91
47;0,5;0;272,786;270,732;270,1;340;0,289352;0,289352;0;271,198;;1610,91
48;0,5;0;272,815;270,508;270,1;340;0,289352;0,289352;0;271,207;;1610,91
49;0,5;0;272,801;270,522;270,1;340;0,289352;0,289352;0;271,206;;1610,91
50;0,5;0;272,685;270,486;270,1;340;0,289352;0,289352;0;271,228;;1610,91
51;0,5;5;272,541;270,493;270,1;340;0,289352;0,289352;0;271,243;;1610,91
52;0,5;0;272,512;270,479;270,1;340;0,289352;0,289352;0;271,246;;1610,91
53;0,5;0;272,251;270,501;270,1;340;0,289352;0,289352;0;271,241;;1610,91
54;0,5;0;272,295;270,508;270,1;340;0,289352;0,289352;0;271,236;;1610,91
55;0,5;1;272,367;270,472;270,1;340;0,289352;0,289352;0;271,246;;1610,91
56;0,5;2;272,425;270,479;270,1;340;0,289352;0,289352;0;271,243;;1610,91
57;0,5;3;272,338;270,674;270,1;340;0,289352;0,289352;0;271,244;;1610,91
58;0,5;0;272,237;270,681;270,1;340;0,289352;0,289352;0;271,252;;1610,91
59;0,5;0;272,237;270,652;270,1;340;0,289352;0,289352;0;271,246;;1610,91
60;0,5;0;271,918;270,631;270,1;340;0,289352;0,289352;0;271,24;;1610,91
61;0,5;0;272,005;270,609;270,1;340;0,289352;0,289352;0;271,235;;1610,91
62;0,5;0;272,135;270,595;270,1;340;0,289352;0,289352;0;271,231;;1610,91
63;0,5;0;271,658;270,624;270,1;340;0,289352;0,289352;0;271,227;;1610,91
64;0,5;2;271,557;270,609;270,1;340;0,289352;0,289352;0;271,236;;1610,91
65;0,5;11;271,427;270,616;270,1;340;0,289352;0,289352;0;271,225;;1610,91
66;0,5;12;271,918;270,53;270,1;340;0,289352;0,289352;0;271,224;;1610,91
67;0,5;11;271,484;270,616;270,1;340;0,289352;0,289352;0;271,221;;1610,91
68;0,5;2;271,557;270,66;270,1;340;0,289352;0,289352;0;271,224;;1610,91
69;0,5;0;271,325;270,689;270,1;340;0,289352;0,289352;0;271,221;;1610,91
70;0,5;0;271,427;270,674;270,1;340;0,289352;0,289352;0;271,225;;1610,91
71;0,5;3;271,398;270,674;270,1;340;0,289352;0,289352;0;271,228;;1610,91
72;0,5;12;271,267;270,667;270,1;340;0,289352;0,289352;0;271,212;;1610,91
73;0,5;29;271,166;270,645;270,1;340;0,289352;0,289352;0;271,216;;1610,91
74;0,5;12;271,224;270,645;270,1;340;0,289352;0,289352;0;271,51;;1610,91
75;0,5;0;271,311;270,674;270,1;340;0,289352;0,289352;0;271,462;;1610,91
76;0,5;0;271,369;270,725;270,1;340;0,289352;0,289352;0;271,424;;1610,91
77;0,5;3;271,369;270,45;270,1;340;0,289352;0,289352;0;271,374;;1610,91
78;0,5;0;271,253;270,435;270,1;340;0,289352;0,289352;0;271,205;;1610,91
79;0,5;0;271,238;270,414;270,1;340;0,289352;0,289352;0;271,194;;1610,91
80;0,5;0;271,267;270,428;270,1;340;0,289352;0,289352;0;271,183;;1610,91
81;0,5;0;271,325;270,421;270,1;340;0,289352;0,289352;0;271,173;;1610,91
82;0,5;0;271,296;270,428;270,1;340;0,289352;0,289352;0;271,168;;1610,91
83;0,5;3;270,79;270,472;270,1;340;0,289352;0,289352;0;271,165;;1610,91
84;0,5;20;270,775;270,515;270,1;340;0,434028;0,289352;0;271,139;;1610,91
85;0,5;41;270,674;270,522;270,1;340;0,289352;0,289352;0;271,13;;1610,91
86;0,5;57;270,558;270,501;270,1;340;0,289352;0,289352;0;271,123;;1610,91
87;0,5;36;270,486;270,508;270,1;340;0,289352;0,289352;0;271,119;;1610,91
88;0,5;23;270,501;270,515;270,1;340;0,289352;0,289352;0;271,117;;1610,91
89;0,5;19;270,515;270,515;270,1;340;0,289352;0,289352;0;271,114;;1610,91
90;0,5;30;270,558;270,501;270,1;340;0,289352;0,289352;0;271,105;;1610,91
91;0,5;45;270,587;270,522;270,1;340;0,289352;0,289352;0;271,104;;1610,91
92;0,5;48;270,616;270,566;270,1;340;0,289352;0,289352;0;271,102;;1610,91
93;0,5;43;271,166;270,515;270,1;340;0,289352;0,289352;0;271,098;;1610,91
94;0,5;39;271,296;270,493;270,1;340;0,289352;0,289352;0;271,09;;1610,91
95;0,5;30;271,152;270,472;270,1;340;0,289352;0,289352;0;271,089;;1610,91
96;0,5;20;271,181;270,45;270,1;340;0,289352;0,289352;0;271,088;;1610,91
97;0,5;15;271,325;270,435;270,1;340;0,289352;0,289352;0;271,081;;1610,91
98;0,5;0;271,383;270,421;270,1;340;0,289352;0,289352;0;271,086;;1610,91
99;0,5;0;271,441;270,392;270,1;340;0,289352;0,289352;0;271,102;;1610,91
100;0,5;6;271,34;270,399;270,1;340;0,289352;0,289352;0;271,099;;1610,91
101;0,5;0;271,803;270,399;270,1;340;0,289352;0,289352;0;271,09;;1610,91
102;0,5;0;271,701;270,414;270,1;340;0,289352;0,289352;0;271,08;;1610,91
103;0,5;0;271,701;270,464;270,1;340;0,289352;0,289352;0;271,072;;1610,91
104;0,5;1;271,701;270,486;270,1;340;0,289352;0,289352;0;271,08;;1610,91
105;0,5;11;271,687;270,486;270,1;340;0,289352;0,289352;0;271,071;;1610,91
106;0,5;20;271,73;270,486;270,1;340;0,289352;0,289352;0;271,063;;1610,91
107;0,5;30;271,745;270,479;270,1;340;0,289352;0,289352;0;271,056;;1610,91
108;0,5;43;271,774;270,479;270,1;340;0,289352;0,144676;0;271,053;;1610,91
109;0,5;2;272,179;270,53;270,1;340;0,289352;0,289352;0;271,122;;1610,91
110;0,5;0;272,049;270,508;270,1;340;0,289352;0,289352;0;271,103;;1610,91
111;0,5;0;271,991;270,53;270,1;340;0,289352;0,289352;0;271,092;;1610,91
112;0,5;1;271,991;270,407;270,1;340;0,289352;0,289352;0;271,069;;1610,91
113;0,5;8;272,005;270,479;270,1;340;0,289352;0,289352;0;271,035;;1610,91
114;0,5;14;272,049;270,45;270,1;340;0,289352;0,144676;0;271,023;;1610,91
115;0,5;20;272,092;270,464;270,1;340;0,289352;0,434028;0;271,017;;1610,91
116;0,5;7;272,121;270,45;270,1;340;0,289352;0,289352;0;271,006;;1610,91
117;0,5;0;271,672;270,558;270,1;340;0,289352;0,289352;0;271,02;;1610,91
118;0,5;0;272,135;270,385;270,1;340;0,289352;0,289352;0;271,021;;1610,91
119;0,5;3;271,484;270,609;270,1;340;0,289352;0,289352;0;271,033;;1610,91
120;0,5;20;271,687;270,341;270,1;340;0,289352;0,289352;0;271,046;;1610,91
121;0,5;39;271,73;270,718;270,1;340;0,289352;0,289352;0;271,038;;1610,91
122;0,5;56;271,687;270,667;270,1;340;0,289352;0,289352;0;271,023;;1610,91
123;0,5;0;271,296;270,327;270,1;340;0,289352;0,289352;0;271,012;;1610,91
124;0,5;3;271,383;270,312;270,1;340;0,289352;0,289352;0;270,975;;1610,91
125;0,5;30;271,427;270,298;270,1;340;0,289352;0,289352;0;270,941;;1610,91
126;0,5;63;271,369;270,247;270,1;340;0,289352;0,289352;0;270,942;;1610,91
127;0,5;87;271,933;270,32;270,1;340;0,289352;0,289352;0;270,944;;1610,91
128;0,5;92;271,846;270,363;270,1;340;0,289352;0,289352;0;270,942;;1610,91
129;0,5;86;271,889;270,349;270,1;340;0,289352;0,289352;0;270,943;;1610,91
130;0,5;86;271,933;270,327;270,1;340;0,289352;0,289352;0;270,938;;1610,91
131;0,5;88;271,947;270,312;270,1;340;0,289352;0,289352;0;270,937;;1610,91
132;0,5;87;271,976;270,262;270,1;340;0,289352;0,289352;0;270,936;;1610,91
133;0,5;84;272,425;270,291;270,1;340;0,289352;0,289352;0;270,94;;1610,91
134;0,5;82;272,323;270,334;270,1;340;0,289352;0,289352;0;270,936;;1610,91
135;0,5;77;272,786;270,327;270,1;340;0,289352;0,289352;0;270,938;;1610,91
136;0,5;69;272,656;270,312;270,1;340;0,289352;0,289352;0;270,938;;1610,91
137;0,5;65;272,801;270,298;270,1;340;0,289352;0,289352;0;270,935;;1610,91
138;0,5;63;273,394;270,284;270,1;340;0,434028;0,289352;0;270,931;;1610,91
139;0,5;54;273,466;270,269;270,1;340;0,289352;0,289352;0;270,924;;1610,91
140;0,5;44;273,9;270,298;270,1;340;0,289352;0,289352;0;270,925;;1610,91
141;0,5;43;273,814;270,334;270,1;340;0,289352;0,289352;0;270,922;;1610,91
142;0,5;38;274,06;270,291;270,1;340;0,289352;0,289352;0;270,922;;1610,91
143;0,5;1;274,277;270,32;270,1;340;0,289352;0,289352;0;270,905;;1610,91
144;0,5;0;274,291;270,269;270,1;340;0,289352;0,289352;0;270,899;;1610,91
145;0,5;2;274,363;270,247;270,1;340;0,289352;0,289352;0;270,885;;1610,91
146;0,5;5;275,246;270,262;270,1;340;0,289352;0,289352;0;270,867;;1610,91
147;0,5;5;275,289;270,305;270,1;340;0,289352;0,289352;0;270,859;;1610,91
148;0,5;0;275,304;270,312;270,1;340;0,289352;0,289352;0;270,842;;1610,91
149;0,5;0;275,203;270,298;270,1;340;0,289352;0,289352;0;270,837;;1610,91
150;0,5;0;275,116;270,284;270,1;340;0,289352;0,289352;0;270,835;;1610,91
151;0,5;0;275,058;270,269;270,1;340;0,434028;0,289352;0;270,834;;1610,91
152;0,5;0;275,087;270,262;270,1;340;0,289352;0,289352;0;270,831;;1610,91
153;0,5;0;274,363;270,247;270,1;340;0,289352;0,289352;0;270,827;;1610,91
154;0,5;2;274,421;270,269;270,1;340;0,289352;0,289352;0;270,824;;1610,91
155;0,5;0;274,494;270,32;270,1;340;0,289352;0,289352;0;270,819;;1610,91
156;0,5;0;274,45;270,32;270,1;340;0,434028;0,289352;0;270,814;;1610,91
157;0,5;3;274,262;270,298;270,1;340;0,289352;0,289352;0;270,812;;1610,91
158;0,5;0;274,306;270,284;270,1;340;0,289352;0,289352;0;270,773;;1610,91
159;0,5;0;273,814;270,269;270,1;340;0,289352;0,289352;0;270,776;;1610,91
160;0,5;2;273,958;270,255;270,1;340;0,289352;0,289352;0;270,774;;1610,91
161;0,5;5;274,016;270,284;270,1;340;0,289352;0,289352;0;270,774;;1610,91
162;0,5;8;274,031;270,312;270,1;340;0,289352;0,289352;0;270,76;;1610,91
163;0,5;13;274,002;270,312;270,1;340;0,289352;0,289352;0;270,748;;1610,91
164;0,5;19;273,293;270,298;270,1;340;0,289352;0,289352;0;270,743;;1610,91
165;0,5;0;273,235;270,276;270,1;340;0,289352;0,289352;0;270,734;;1610,91
166;0,5;2;273,307;270,255;270,1;340;0,289352;0,289352;0;270,718;;1610,91
167;0,5;11;273,38;270,247;270,1;340;0,289352;0,289352;0;270,7;;1610,91
168;0,5;17;273,452;270,255;270,1;340;0,289352;0,289352;0;270,694;;1610,91
169;0,5;20;273,452;270,334;270,1;340;0,289352;0,289352;0;270,695;;1610,91
170;0,5;24;273,365;270,327;270,1;340;0,289352;0,289352;0;270,693;;1610,91
171;0,5;26;273,235;270,312;270,1;340;0,289352;0,289352;0;270,693;;1610,91
172;0,5;25;272,468;270,291;270,1;340;0,289352;0,289352;0;270,694;;1610,91
173;0,5;27;272,541;270,284;270,1;340;0,289352;0,289352;0;270,694;;1610,91
174;0,5;43;272,598;270,269;270,1;340;0,289352;0,289352;0;270,692;;1610,91
175;0,5;48;272,656;270,269;270,1;340;0,289352;0,289352;0;270,69;;1610,91
176;0,5;47;272,714;270,312;270,1;340;0,289352;0,289352;0;270,694;;1610,91
177;0,5;43;272,772;270,327;270,1;340;0,289352;0,289352;0;270,692;;1610,91
178;0,5;43;272,7;270,312;270,1;340;0,289352;0,289352;0;270,693;;1610,91
179;0,5;41;272,685;270,291;270,1;340;0,289352;0,289352;0;270,694;;1610,91
180;0,5;38;272,627;270,276;270,1;340;0,289352;0,289352;0;270,694;;1610,91
181;0,5;39;272,671;270,269;270,1;340;0,289352;0,289352;0;270,694;;1610,91
182;0,5;44;272,743;270,262;270,1;340;0,289352;0,289352;0;270,697;;1610,91
183;0,5;41;272,815;270,298;270,1;340;0,434028;0,289352;0;270,699;;1610,91
184;0,5;38;273,423;270,327;270,1;340;0,289352;0,289352;0;270,697;;1610,91
185;0,5;38;273,409;270,32;270,1;340;0,289352;0,289352;0;270,697;;1610,91
186;0,5;38;273,394;270,291;270,1;340;0,289352;0,289352;0;270,692;;1610,91
187;0,5;30;273,192;270,284;270,1;340;0,289352;0,289352;0;270,691;;1610,91
188;0,5;28;273,249;270,269;270,1;340;0,289352;0,289352;0;270,691;;1610,91
189;0,5;29;273,336;270,284;270,1;340;0,289352;0,289352;0;270,691;;1610,91
190;0,5;25;273,409;270,327;270,1;340;0,289352;0,289352;0;270,693;;1610,91
191;0,5;20;273,712;270,327;270,1;340;0,289352;0,289352;0;270,693;;1610,91
192;0,5;21;273,958;270,284;270,1;340;0,289352;0,289352;0;270,693;;1610,91
193;0,5;21;273,539;270,291;270,1;340;0,289352;0,289352;0;270,686;;1610,91
194;0,5;0;273,452;270,284;270,1;340;0,289352;0,289352;0;270,692;;1610,91
195;0,5;0;274,002;270,255;270,1;340;0,289352;0,289352;0;270,694;;1610,91
196;0,5;2;274,06;270,312;270,1;340;0,289352;0,289352;0;270,715;;1610,91
197;0,5;5;273,553;270,327;270,1;340;0,289352;0,289352;0;270,719;;1610,91
198;0,5;5;274,06;270,327;270,1;340;0,289352;0,289352;0;270,719;;1610,91
199;0,5;10;274,06;270,32;270,1;340;0,289352;0,289352;0;270,722;;1610,91
200;0,5;16;273,915;270,291;270,1;340;0,289352;0,289352;0;270,721;;1610,91
201;0,5;0;273,77;270,276;270,1;340;0,289352;0,289352;0;270,71;;1610,91
202;0,5;0;273,727;270,276;270,1;340;0,289352;0,289352;0;270,7;;1610,91
203;0,5;2;273,727;270,284;270,1;340;0,289352;0,289352;0;270,698;;1610,91
204;0,5;0;273,785;270,327;270,1;340;0,289352;0,289352;0;270,683;;1610,91
205;0,5;0;273,77;270,327;270,1;340;0,289352;0,289352;0;270,688;;1610,91
206;0,5;0;273,77;270,312;270,1;340;0,289352;0,289352;0;270,689;;1610,91
207;0,5;2;273,423;270,291;270,1;340;0,289352;0,289352;0;270,689;;1610,91
208;0,5;3;273,322;270,284;270,1;340;0,289352;0,289352;0;270,686;;1610,91
209;0,5;7;273,235;270,269;270,1;340;0,289352;0,289352;0;270,682;;1610,91
210;0,5;12;273,249;270,32;270,1;340;0,289352;0,289352;0;270,674;;1610,91
211;0,5;21;273,322;270,349;270,1;340;0,289352;0,289352;0;270,669;;1610,91
212;0,5;21;273,307;270,334;270,1;340;0,289352;0,289352;0;270,674;;1610,91
213;0,5;16;273,438;270,291;270,1;340;0,289352;0,289352;0;270,677;;1610,91
214;0,5;21;273,047;270,269;270,1;340;0,289352;0,289352;0;270,676;;1610,91
215;0,5;21;273,047;270,291;270,1;340;0,289352;0,289352;0;270,676;;1610,91
216;0,5;21;273,148;270,284;270,1;340;0,289352;0,289352;0;270,679;;1610,91
217;0,5;25;273,032;270,32;270,1;340;0,289352;0,289352;0;270,678;;1610,91
218;0,5;34;272,931;270,32;270,1;340;0,289352;0,289352;0;270,674;;1610,91
219;0,5;34;272,917;270,305;270,1;340;0,289352;0,289352;0;270,677;;1610,91
220;0,5;31;272,541;270,305;270,1;340;0,289352;0,289352;0;270,676;;1610,91
221;0,5;37;272,584;270,291;270,1;340;0,289352;0,289352;0;270,679;;1610,91
222;0,5;35;272,627;270,262;270,1;340;0,289352;0,289352;0;270,681;;1610,91
223;0,5;30;272,671;270,269;270,1;340;0,289352;0,289352;0;270,681;;1610,91
224;0,5;31;272,7;270,32;270,1;340;0,289352;0,289352;0;270,679;;1610,91
225;0,5;37;272,627;270,349;270,1;340;0,289352;0,289352;0;270,676;;1610,91
226;0,5;34;272,555;270,334;270,1;340;0,434028;0,289352;0;270,669;;1610,91
227;0,5;26;272,497;270,298;270,1;340;0,289352;0,289352;0;270,671;;1610,91
228;0,5;25;272,859;270,291;270,1;340;0,289352;0,289352;0;270,668;;1610,91
229;0,5;26;272,873;270,284;270,1;340;0,289352;0,289352;0;270,665;;1610,91
230;0,5;25;272,873;270,284;270,1;340;0,289352;0,289352;0;270,668;;1610,91
231;0,5;22;272,946;270,32;270,1;340;0,289352;0,289352;0;270,666;;1610,91
232;0,5;26;272,946;270,334;270,1;340;0,289352;0,289352;0;270,666;;1610,91
233;0,5;35;272,989;270,334;270,1;340;0,289352;0,289352;0;270,664;;1610,91
234;0,5;35;273,466;270,32;270,1;340;0,289352;0,289352;0;270,66;;1610,91
235;0,5;28;273,336;270,305;270,1;340;0,289352;0,289352;0;270,661;;1610,91
236;0,5;22;273,278;270,284;270,1;340;0,289352;0,289352;0;270,66;;1610,91
237;0,5;21;273,206;269,922;270,1;340;0,434028;0,289352;0;270,653;;1610,91
238;0,5;0;273,249;270,255;270,1;340;0,289352;0,289352;0;270,175;;1610,91
239;0,5;0;273,322;270,291;270,1;340;0,289352;0,289352;0;270,253;;1610,91
240;0,5;5;273,466;270,363;270,1;340;0,289352;0,289352;0;270,306;;1610,91
241;0,5;8;273,481;270,298;270,1;340;0,289352;0,289352;0;270,345;;1610,91
242;0,5;10;273,365;270,334;270,1;340;0,289352;0,289352;0;270,382;;1610,91
243;0,5;8;273,249;270,312;270,1;340;0,289352;0,289352;0;270,41;;1610,91
244;0,5;10;273,278;270,305;270,1;340;0,289352;0,289352;0;270,433;;1610,91
245;0,5;1;273,365;270,291;270,1;340;0,289352;0,289352;0;270,448;;1610,91
246;0,5;0;273,394;270,327;270,1;340;0,289352;0,289352;0;270,464;;1610,91
247;0,5;0;273,452;270,023;270,1;340;0,289352;0,289352;0;270,479;;1610,91
248;0,5;3;273,423;270,001;270,1;340;0,289352;0,289352;0;270,471;;1610,91
249;0,5;24;273,409;270,334;270,1;340;0,289352;0,289352;0;270,488;;1610,91
250;0,5;71;272,975;270,276;270,1;340;0,289352;0,289352;0;270,505;;1610,91
251;0,5;61;272,96;270,298;270,1;340;0,289352;0,289352;0;270,516;;1610,91
252;0,5;35;273,018;270,291;270,1;340;0,289352;0,289352;0;270,529;;1610,91
253;0,5;28;273,061;270,298;270,1;340;0,289352;0,289352;0;270,545;;1610,91
254;0,5;26;273,119;270,327;270,1;340;0,289352;0,289352;0;270,551;;1610,91
255;0,5;26;273,119;270,341;270,1;340;0,289352;0,289352;0;270,557;;1610,91
256;0,5;26;273,076;270,327;270,1;340;0,289352;0,289352;0;270,565;;1610,91
257;0,5;25;273,032;270,312;270,1;340;0,289352;0,434028;0;270,575;;1610,91
258;0,5;21;272,844;270,284;270,1;340;0,289352;0,289352;0;270,584;;1610,91
259;0,5;21;272,859;270,247;270,1;340;0,289352;0,434028;0;270,586;;1610,91
260;0,5;21;272,902;270,312;270,1;340;0,289352;0,434028;0;270,59;;1610,91
261;0,5;16;273,061;270,363;270,1;340;0,289352;0,434028;0;270,595;;1610,91
262;0,5;19;273,235;270,349;270,1;340;0,289352;0,289352;0;270,597;;1610,91
263;0,5;28;273,438;270,334;270,1;340;0,289352;0,434028;0;270,604;;1610,91
264;0,5;21;273,452;270,32;270,1;340;0,289352;0,434028;0;270,611;;1610,91
265;0,5;14;273,38;270,305;270,1;340;0,289352;0,289352;0;270,615;;1610,91
266;0,5;12;273,264;270,298;270,1;340;0,289352;0,434028;0;270,621;;1610,91
267;0,5;16;273,264;270,327;270,1;340;0,289352;0,434028;0;270,627;;1610,91
268;0,5;11;273,336;270,32;270,1;340;0,289352;0,434028;0;270,633;;1610,91
269;0,5;0;273,409;270,327;270,1;340;0,289352;0,434028;0;270,633;;1610,91
270;0,5;0;272,873;270,32;270,1;340;0,434028;0,434028;0;270,64;;1610,91
271;0,5;0;272,931;270,305;270,1;340;0,289352;0,434028;0;270,638;;1610,91
272;0,5;0;272,844;270,298;270,1;340;0,289352;0,434028;0;270,641;;1610,91
273;0,5;2;272,772;270,284;270,1;340;0,289352;0,434028;0;270,641;;1610,91
274;0,5;7;272,7;270,305;270,1;340;0,289352;0,434028;0;270,653;;1610,91
275;0,5;8;272,83;270,19;270,1;340;0,289352;0,434028;0;270,654;;1610,91
276;0,5;25;272,902;270,175;270,1;340;0,289352;0,434028;0;270,647;;1610,91
277;0,5;41;273,003;269,907;270,1;340;0,289352;0,289352;0;270,645;;1610,91
278;0,5;78;272,975;269,893;270,1;340;0,289352;0,434028;0;270,643;;1610,91
279;0,5;103;273,076;269,886;270,1;340;0,289352;0,289352;0;270,647;;1610,91
280;0,5;88;273,119;269,9;270,1;340;0,289352;0,434028;0;270,644;;1610,91
281;0,5;75;273,003;269,958;270,1;340;0,289352;0,434028;0;270,645;;1610,91
282;0,5;64;272,917;269,944;270,1;340;0,289352;0,434028;0;270,651;;1610,91
283;0,5;78;272,844;270,11;270,1;340;0,289352;0,434028;0;270,653;;1610,91
284;0,5;69;272,743;269,944;270,1;340;0,289352;0,289352;0;270,652;;1610,91
285;0,5;69;272,772;269,922;270,1;340;0,289352;0,434028;0;270,651;;1610,91
286;0,5;81;273,307;270,067;270,1;340;0,289352;0,434028;0;270,654;;1610,91
287;0,5;80;273,293;269,929;270,1;340;0,289352;0,434028;0;270,656;;1610,91
288;0,5;81;273,438;269,965;270,1;340;0,289352;0,434028;0;270,659;;1610,91
289;0,5;80;273,553;270,153;270,1;340;0,289352;0,434028;0;270,663;;1610,91
290;0,5;69;274,117;270,067;270,1;340;0,289352;0,434028;0;270,664;;1610,91
291;0,5;56;273,669;270,204;270,1;340;0,289352;0,434028;0;270,663;;1610,91
292;0,5;51;274,334;270,204;270,1;340;0,289352;0,434028;0;270,66;;1610,91
293;0,5;57;274,248;270,19;270,1;340;0,289352;0,434028;0;270,666;;1610,91
294;0,5;65;274,334;270,182;270,1;340;0,289352;0,434028;0;270,663;;1610,91
295;0,5;55;274,653;270,146;270,1;340;0,289352;0,434028;0;270,658;;1610,91
296;0,5;53;274,725;270,161;270,1;340;0,289352;0,434028;0;270,662;;1610,91
297;0,5;41;274,783;270,175;270,1;340;0,289352;0,434028;0;270,659;;1610,91
298;0,5;0;275,434;270,327;270,1;340;0,434028;0,434028;0;270,611;;1610,91
299;0,5;0;275,289;270,349;270,1;340;0,289352;0,434028;0;270,622;;1610,91
300;0,5;0;275,362;270,291;270,1;340;0,289352;0,434028;0;270,625;;1610,91
301;0,5;0;275,434;269,98;270,1;340;0,289352;0,289352;0;270,622;;1610,91
302;0,5;0;275,521;269,973;270,1;340;0,289352;0,289352;0;270,621;;1610,91
303;0,5;6;275,506;269,936;270,1;340;0,289352;0,289352;0;270,651;;1610,91
304;0,5;0;276,186;269,915;270,1;340;0,289352;0,289352;0;270,309;;1610,91
305;0,5;0;275,275;270,197;270,1;340;0,289352;0,289352;0;270,341;;1610,91
306;0,5;0;275,318;270,211;270,1;340;0,289352;0,289352;0;270,374;;1610,91
307;0,5;0;275,391;270,197;270,1;340;0,289352;0,289352;0;270,41;;1610,91
308;0,5;5;275,463;269,936;270,1;340;0,289352;0,289352;0;270,436;;1610,91
309;0,5;25;275,521;270,168;270,1;340;0,289352;0,434028;0;270,469;;1610,91
310;0,5;32;275,376;270,146;270,1;340;0,289352;0,434028;0;270,793;;1610,91
311;0,5;0;275,275;270,146;270,1;340;0,289352;0,434028;0;270,766;;1610,91
312;0,5;0;275,333;270,182;270,1;340;0,289352;0,289352;0;270,748;;1610,91
313;0,5;0;275,405;270,197;270,1;340;0,289352;0,289352;0;270,736;;1610,91
314;0,5;0;274,957;270,168;270,1;340;0,289352;0,434028;0;270,724;;1610,91
315;0,5;0;275;270,161;270,1;340;0,289352;0,434028;0;270,708;;1610,91
316;0,5;2;274,971;270,132;270,1;340;0,289352;0,434028;0;270,682;;1610,91
317;0,5;0;274,624;269,98;270,1;340;0,289352;0,434028;0;270,65;;1610,91
318;0,5;0;274,87;270,088;270,1;340;0,289352;0,434028;0;270,647;;1610,91
319;0,5;0;274,291;270,088;270,1;340;0,289352;0,434028;0;270,642;;1610,91
320;0,5;2;274,363;270,059;270,1;340;0,289352;0,434028;0;270,626;;1610,91
321;0,5;10;274,436;270,067;270,1;340;0,289352;0,434028;0;270,61;;1610,91
322;0,5;27;274,494;270,067;270,1;340;0,289352;0,434028;0;270,6;;1610,91
323;0,5;46;274,407;270,045;270,1;340;0,289352;0,289352;0;270,593;;1610,91
324;0,5;50;273,481;270,059;270,1;340;0,289352;0,434028;0;270,593;;1610,91
325;0,5;59;273,438;270,103;270,1;340;0,289352;0,434028;0;270,592;;1610,91
326;0,5;59;273,495;270,161;270,1;340;0,289352;0,434028;0;270,593;;1610,91
327;0,5;59;273,553;270,161;270,1;340;0,289352;0,434028;0;270,592;;1610,91
328;0,5;45;273,611;270,132;270,1;340;0,289352;0,434028;0;270,592;;1610,91
329;0,5;45;273,669;270,132;270,1;340;0,289352;0,434028;0;270,592;;1610,91
330;0,5;65;273,683;270,124;270,1;340;0,289352;0,434028;0;270,581;;1610,91
331;0,5;74;273,64;270,132;270,1;340;0,289352;0,434028;0;270,58;;1610,91
332;0,5;58;273,51;270,182;270,1;340;0,289352;0,434028;0;270,583;;1610,91
333;0,5;39;273,495;270,211;270,1;340;0,289352;0,289352;0;270,579;;1610,91
334;0,5;34;273,553;270,204;270,1;340;0,289352;0,289352;0;270,579;;1610,91
335;0,5;27;274,378;270,19;270,1;340;0,289352;0,289352;0;270,583;;1610,91
336;0,5;47;274,45;270,168;270,1;340;0,289352;0,289352;0;270,569;;1610,91
337;0,5;63;274,494;270,124;270,1;340;0,289352;0,289352;0;270,564;;1610,91
338;0,5;72;274,421;270,11;270,1;340;0,289352;0,434028;0;270,566;;1610,91
339;0,5;52;274,277;270,146;270,1;340;0,289352;0,289352;0;270,562;;1610,91
340;0,5;30;274,277;270,19;270,1;340;0,289352;0,289352;0;270,563;;1610,91
341;0,5;18;274,363;270,182;270,1;340;0,289352;0,289352;0;270,56;;1610,91
342;0,5;0;274,436;270,161;270,1;340;0,289352;0,289352;0;270,554;;1610,91
343;0,5;3;274,74;270,139;270,1;340;0,289352;0,289352;0;270,522;;1610,91
344;0,5;20;274,754;269,871;270,1;340;0,434028;0,289352;0;270,522;;1610,91
345;0,5;37;274,667;270,132;270,1;340;0,289352;0,289352;0;270,528;;1610,91
346;0,5;0;274,537;270,139;270,1;340;0,289352;0,289352;0;270,527;;1610,91
347;0,5;2;274,913;269,944;270,1;340;0,289352;0,434028;0;270,51;;1610,91
348;0,5;12;274,957;269,929;270,1;340;0,289352;0,289352;0;270,483;;1610,91
349;0,5;5;274,986;269,915;270,1;340;0,289352;0,289352;0;270,499;;1610,91
350;0,5;0;275;269,907;270,1;340;0,434028;0,289352;0;270,519;;1610,91
351;0,5;6;274,986;269,9;270,1;340;0,289352;0,289352;0;270,543;;1610,91
352;0,5;20;274,986;269,907;270,1;340;0,289352;0,289352;0;270,527;;1610,91
353;0,5;0;274,436;269,922;270,1;340;0,289352;0,289352;0;270,526;;1610,91
354;0,5;0;274,306;269,98;270,1;340;0,289352;0,434028;0;270,529;;1610,91
355;0,5;0;274,262;269,987;270,1;340;0,289352;0,289352;0;270,531;;1610,91
356;0,5;0;274,349;269,965;270,1;340;0,289352;0,289352;0;270,528;;1610,91
357;0,5;7;274,479;270,161;270,1;340;0,289352;0,289352;0;270,51;;1610,91
358;0,5;32;274,494;270,153;270,1;340;0,289352;0,289352;0;270,503;;1610,91
359;0,5;43;274,349;270,139;270,1;340;0,289352;0,289352;0;270,5;;1610,91
360;0,5;32;273,756;270,175;270,1;340;0,289352;0,289352;0;270,504;;1610,91
361;0,5;32;273,727;270,204;270,1;340;0,289352;0,289352;0;270,509;;1610,91
362;0,5;43;273,973;270,001;270,1;340;0,289352;0,289352;0;270,511;;1610,91
363;0,5;48;274,031;269,994;270,1;340;0,289352;0,289352;0;270,516;;1610,91
364;0,5;52;274,132;269,965;270,1;340;0,289352;0,289352;0;270,525;;1610,91
365;0,5;56;274,19;269,929;270,1;340;0,289352;0,289352;0;270,534;;1610,91
366;0,5;56;274,204;269,907;270,1;340;0,289352;0,289352;0;270,536;;1610,91
367;0,5;53;274,248;269,922;270,1;340;0,289352;0,434028;0;270,54;;1610,91
368;0,5;44;274,117;269,951;270,1;340;0,289352;0,434028;0;270,544;;1610,91
369;0,5;39;274,031;269,944;270,1;340;0,289352;0,289352;0;270,547;;1610,91
370;0,5;34;273,958;269,929;270,1;340;0,289352;0,289352;0;270,554;;1610,91
371;0,5;41;273,524;270,132;270,1;340;0,289352;0,289352;0;270,555;;1610,91
372;0,5;51;274,407;270,088;270,1;340;0,289352;0,289352;0;270,566;;1610,91
373;0,5;2;274,479;270,088;270,1;340;0,289352;0,289352;0;270,576;;1610,91
374;0,5;0;274,494;270,124;270,1;340;0,289352;0,434028;0;270,585;;1610,91
375;0,5;7;274,378;270,197;270,1;340;0,289352;0,434028;0;270,627;;1610,91
376;0,5;0;274,262;269,965;270,1;340;0,289352;0,434028;0;270,62;;1610,91
377;0,5;0;274,349;269,922;270,1;340;0,289352;0,434028;0;270,614;;1610,91
378;0,5;0;274,392;270,175;270,1;340;0,289352;0,434028;0;270,605;;1610,91
379;0,5;2;274,494;269,922;270,1;340;0,289352;0,434028;0;270,586;;1610,91
380;0,5;8;274,45;269,9;270,1;340;0,289352;0,434028;0;270,581;;1610,91
381;0,5;11;274,291;269,878;270,1;340;0,289352;0,434028;0;270,58;;1610,91
382;0,5;0;274,248;270,161;270,1;340;0,289352;0,434028;0;270,574;;1610,91
383;0,5;2;274,32;269,944;270,1;340;0,289352;0,434028;0;270,564;;1610,91
384;0,5;17;274,407;269,951;270,1;340;0,289352;0,434028;0;270,549;;1610,91
385;0,5;38;274,479;269,951;270,1;340;0,289352;0,434028;0;270,554;;1610,91
386;0,5;0;274,465;269,915;270,1;340;0,289352;0,434028;0;270,571;;1610,91
387;0,5;0;274,32;269,893;270,1;340;0,289352;0,434028;0;270,594;;1610,91
388;0,5;7;273,727;269,951;270,1;340;0,289352;0,434028;0;270,621;;1610,91
389;0,5;30;273,872;269,915;270,1;340;0,289352;0,434028;0;270,611;;1610,91
390;0,5;44;273,843;269,907;270,1;340;0,289352;0,434028;0;270,604;;1610,91
391;0,5;34;273,915;269,965;270,1;340;0,434028;0,434028;0;270,603;;1610,91
392;0,5;32;273,944;269,973;270,1;340;0,289352;0,434028;0;270,598;;1610,91
393;0,5;53;273,9;270,016;270,1;340;0,289352;0,434028;0;270,6;;1610,91
394;0,5;55;274,045;270,045;270,1;340;0,289352;0,434028;0;270,6;;1610,91
395;0,5;51;273,973;270,023;270,1;340;0,289352;0,434028;0;270,6;;1610,91
396;0,5;51;274,002;269,951;270,1;340;0,434028;0,434028;0;270,603;;1610,91
397;0,5;39;273,669;269,987;270,1;340;0,289352;0,434028;0;270,603;;1610,91
398;0,5;34;274,117;270,067;270,1;340;0,434028;0,289352;0;270,601;;1610,91
399;0,5;40;274,175;270,045;270,1;340;0,289352;0,289352;0;270,604;;1610,91
400;0,5;64;274,233;270,009;270,1;340;0,289352;0,434028;0;270,605;;1610,91
401;0,5;63;274,248;269,951;270,1;340;0,289352;0,434028;0;270,612;;1610,91
402;0,5;65;274,19;269,944;270,1;340;0,289352;0,434028;0;270,615;;1610,91
403;0,5;65;274,291;269,973;270,1;340;0,289352;0,434028;0;270,613;;1610,91
404;0,5;55;274,262;270,009;270,1;340;0,289352;0,434028;0;270,618;;1610,91
405;0,5;43;274,32;269,958;270,1;340;0,289352;0,434028;0;270,622;;1610,91
406;0,5;37;274,392;269,936;270,1;340;0,289352;0,434028;0;270,625;;1610,91
407;0,5;30;274,465;269,944;270,1;340;0,289352;0,434028;0;270,634;;1610,91
408;0,5;44;275,246;269,907;270,1;340;0,289352;0,434028;0;270,627;;1610,91
409;0,5;0;274,711;269,777;270,1;340;0,289352;0,434028;0;270,618;;1610,91
410;0,5;0;274,653;269,763;270,1;340;0,289352;0,434028;0;270,619;;1610,91
411;0,5;0;274,696;269,813;270,1;340;0,289352;0,434028;0;270,62;;1610,91
412;0,5;8;274,812;269,828;270,1;340;0,289352;0,434028;0;270,609;;1610,91
413;0,5;42;274,899;270,161;270,1;340;0,289352;0,434028;0;270,585;;1610,91
414;0,5;60;274,942;270,124;270,1;340;0,289352;0,434028;0;270,592;;1610,91
415;0,5;46;275,014;270,088;270,1;340;0,434028;0,434028;0;270,775;;1610,91
416;0,5;0;275,058;270,124;270,1;340;0,434028;0,289352;0;270,788;;1610,91
417;0,5;0;274,899;270,103;270,1;340;0,434028;0,434028;0;270,771;;1610,91
418;0,5;7;274,841;270,103;270,1;340;0,289352;0,434028;0;270,746;;1610,91
419;0,5;0;274,826;270,153;270,1;340;0,289352;0,434028;0;270,745;;1610,91
420;0,5;0;274,913;270,088;270,1;340;0,289352;0,434028;0;270,739;;1610,91
421;0,5;0;274,986;270,103;270,1;340;0,289352;0,434028;0;270,742;;1610,91
422;0,5;5;275,043;270,081;270,1;340;0,289352;0,434028;0;270,743;;1610,91
423;0,5;12;275,174;269,987;270,1;340;0,289352;0,289352;0;270,72;;1610,91
424;0,5;21;274,638;270,11;270,1;340;0,289352;0,289352;0;270,709;;1610,91
425;0,5;19;274,653;270,146;270,1;340;0,289352;0,434028;0;270,715;;1610,91
426;0,5;0;274,378;270,197;270,1;340;0,289352;0,434028;0;270,934;;1610,91
427;0,5;0;274,291;270,218;270,1;340;0,289352;0,289352;0;270,903;;1610,91
428;0,5;3;274,363;270,211;270,1;340;0,289352;0,434028;0;270,858;;1610,91
429;0,5;22;274,45;270,197;270,1;340;0,289352;0,289352;0;270,829;;1610,91
430;0,5;33;274,494;270,182;270,1;340;0,289352;0,434028;0;270,815;;1610,91
431;0,5;0;274,392;270,168;270,1;340;0,289352;0,434028;0;270,819;;1610,91
432;0,5;0;274,248;270,124;270,1;340;0,289352;0,434028;0;270,805;;1610,91
433;0,5;0;274,349;269,828;270,1;340;0,289352;0,289352;0;270,801;;1610,91
434;0,5;0;273,756;269,828;270,1;340;0,289352;0,289352;0;270,795;;1610,91
435;0,5;2;273,843;270,197;270,1;340;0,289352;0,289352;0;270,821;;1610,91
436;0,5;21;274,219;269,777;270,1;340;0,289352;0,434028;0;270,845;;1610,91
437;0,5;44;274,117;269,763;270,1;340;0,289352;0,434028;0;270,821;;1610,91
438;0,5;78;273,886;269,763;270,1;340;0,289352;0,434028;0;270,81;;1610,91
439;0,5;113;273,785;269,755;270,1;340;0,289352;0,434028;0;270,804;;1610,91
440;0,5;129;273,683;269,821;270,1;340;0,289352;0,434028;0;270,803;;1610,91
441;0,5;122;274,103;269,828;270,1;340;0,289352;0,434028;0;270,803;;1610,91
442;0,5;120;274,161;269,813;270,1;340;0,289352;0,434028;0;270,8;;1610,91
443;0,5;120;274,19;269,799;270,1;340;0,289352;0,434028;0;270,8;;1610,91
444;0,5;118;274,175;269,784;270,1;340;0,289352;0,434028;0;270,8;;1610,91
445;0,5;113;274,45;269,784;270,1;340;0,289352;0,289352;0;270,8;;1610,91
446;0,5;114;274,306;270,052;270,1;340;0,289352;0,434028;0;270,8;;1610,91
447;0,5;113;274,262;270,038;270,1;340;0,289352;0,434028;0;270,801;;1610,91
448;0,5;74;274,566;270,095;270,1;340;0,289352;0,434028;0;270,795;;1610,91
449;0,5;54;274,624;270,146;270,1;340;0,289352;0,289352;0;270,798;;1610,91
450;0,5;43;275,521;270,088;270,1;340;0,289352;0,434028;0;270,802;;1610,91
451;0,5;37;275,492;270,059;270,1;340;0,289352;0,434028;0;270,807;;1610,91
452;0,5;7;276,056;270,03;270,1;340;0,289352;0,434028;0;270,803;;1610,91
453;0,5;0;275,984;269,763;270,1;340;0,289352;0,434028;0;270,798;;1610,91
454;0,5;3;276,302;269,77;270,1;340;0,289352;0,434028;0;270,788;;1610,91
455;0,5;18;276,345;269,806;270,1;340;0,289352;0,289352;0;270,762;;1610,91
456;0,5;33;276,418;269,828;270,1;340;0,289352;0,434028;0;270,762;;1610,91
457;0,5;39;276,505;269,821;270,1;340;0,289352;0,434028;0;270,768;;1610,91
458;0,5;47;276,548;269,806;270,1;340;0,289352;0,434028;0;270,772;;1610,91
459;0,5;54;276,476;269,792;270,1;340;0,289352;0,289352;0;270,778;;1610,91
460;0,5;49;276,36;269,777;270,1;340;0,289352;0,434028;0;270,781;;1610,91
461;0,5;47;276,331;269,763;270,1;340;0,289352;0,289352;0;270,783;;1610,91
462;0,5;55;277,156;269,755;270,1;340;0,289352;0,434028;0;270,779;;1610,91
463;0,5;50;277,199;269,784;270,1;340;0,289352;0,434028;0;270,789;;1610,91
464;0,5;46;277,228;269,828;270,1;340;0,289352;0,434028;0;270,791;;1610,91
465;0,5;41;276,794;269,806;270,1;340;0,289352;0,434028;0;270,79;;1610,91
466;0,5;39;276,823;269,799;270,1;340;0,289352;0,434028;0;270,793;;1610,91
467;0,5;39;276,736;269,784;270,1;340;0,289352;0,289352;0;270,794;;1610,91
468;0,5;38;276,635;269,77;270,1;340;0,434028;0,434028;0;270,797;;1610,91
469;0,5;40;276,649;269,763;270,1;340;0,289352;0,434028;0;270,798;;1610,91
470;0,5;42;277,373;269,755;270,1;340;0,289352;0,434028;0;270,798;;1610,91
471;0,5;39;277,445;269,784;270,1;340;0,289352;0,434028;0;270,798;;1610,91
472;0,5;31;277,503;269,828;270,1;340;0,289352;0,289352;0;270,8;;1610,91
473;0,5;30;277,532;269,828;270,1;340;0,289352;0,289352;0;270,804;;1610,91
474;0,5;30;277,532;269,813;270,1;340;0,289352;0,289352;0;270,804;;1610,91
475;0,5;33;277,286;269,799;270,1;340;0,289352;0,289352;0;270,804;;1610,91
476;0,5;28;277,3;269,784;270,1;340;0,289352;0,289352;0;270,804;;1610,91
477;0,5;26;277,402;269,77;270,1;340;0,289352;0,289352;0;270,808;;1610,91
478;0,5;28;277,474;269,755;270,1;340;0,289352;0,289352;0;270,81;;1610,91
479;0,5;30;277,561;269,763;270,1;340;0,434028;0,289352;0;270,809;;1610,91
480;0,5;26;277,431;269,828;270,1;340;0,289352;0,289352;0;270,811;;1610,91
481;0,5;25;277,3;269,821;270,1;340;0,289352;0,289352;0;270,81;;1610,91
482;0,5;28;277,315;269,799;270,1;340;0,289352;0,289352;0;270,812;;1610,91
483;0,5;28;277,387;269,784;270,1;340;0,289352;0,289352;0;270,81;;1610,91
484;0,5;28;277,459;270,03;270,1;340;0,289352;0,289352;0;270,81;;1610,91
485;0,5;30;276,823;270,038;270,1;340;0,289352;0,289352;0;270,809;;1610,91
486;0,5;0;276,78;270,052;270,1;340;0,289352;0,434028;0;270,802;;1610,91
487;0,5;0;276,664;270,074;270,1;340;0,289352;0,434028;0;270,802;;1610,91
488;0,5;0;276,562;270,117;270,1;340;0,289352;0,434028;0;270,802;;1610,91
489;0,5;0;276,534;270,146;270,1;340;0,289352;0,289352;0;270,802;;1610,91
490;0,5;0;276,591;270,182;270,1;340;0,289352;0,289352;0;270,802;;1610,91
491;0,5;0;276,635;270,161;270,1;340;0,289352;0,289352;0;270,802;;1610,91
492;0,5;0;276,693;270,124;270,1;340;0,289352;0,289352;0;270,802;;1610,91
493;0,5;0;276,751;270,124;270,1;340;0,289352;0,289352;0;270,802;;1610,91
494;0,5;0;276,562;270,103;270,1;340;0,289352;0,289352;0;270,802;;1610,91
495;0,5;0;276,418;269,886;270,1;340;0,289352;0,434028;0;270,799;;1610,91
496;0,5;0;276,317;269,922;270,1;340;0,289352;0,289352;0;270,799;;1610,91
497;0,5;0;276,331;269,944;270,1;340;0,289352;0,289352;0;270,799;;1610,91
498;0,5;0;276,042;269,936;270,1;340;0,289352;0,289352;0;270,799;;1610,91
499;0,5;0;276,114;269,922;270,1;340;0,289352;0,289352;0;270,798;;1610,91
500;0,5;7;276,143;269,907;270,1;340;0,289352;0,289352;0;270,783;;1610,91
501;0,5;0;276,157;269,886;270,1;340;0,289352;0,289352;0;270,781;;1610,91
502;0,5;0;275,405;269,886;270,1;340;0,289352;0,289352;0;270,783;;1610,91
503;0,5;0;275,275;269,893;270,1;340;0,289352;0,289352;0;270,785;;1610,91
504;0,5;0;275,231;269,958;270,1;340;0,289352;0,289352;0;270,787;;1610,91
505;0,5;0;275,405;270,197;270,1;340;0,289352;0,289352;0;270,788;;1610,91
506;0,5;0;274,87;269,973;270,1;340;0,289352;0,289352;0;270,792;;1610,91
507;0,5;3;275,188;270,009;270,1;340;0,289352;0,289352;0;270,819;;1610,91
508;0,5;19;275,203;270,001;270,1;340;0,289352;0,289352;0;270,804;;1610,91
509;0,5;32;275,159;269,958;270,1;340;0,289352;0,289352;0;270,809;;1610,91
510;0,5;30;274,291;269,973;270,1;340;0,289352;0,289352;0;270,81;;1610,91
511;0,5;26;274,277;270,016;270,1;340;0,289352;0,289352;0;270,812;;1610,91
512;0,5;28;274,349;269,965;270,1;340;0,289352;0,289352;0;270,813;;1610,91
513;0,5;28;274,421;269,951;270,1;340;0,289352;0,289352;0;270,812;;1610,91
514;0,5;26;274,479;269,929;270,1;340;0,289352;0,289352;0;270,817;;1610,91
515;0,5;47;274,465;269,907;270,1;340;0,289352;0,289352;0;270,822;;1610,91
516;0,5;65;273,51;270,124;270,1;340;0,289352;0,289352;0;270,825;;1610,91
517;0,5;77;273,51;270,153;270,1;340;0,289352;0,289352;0;270,822;;1610,91
518;0,5;56;273,539;270,103;270,1;340;0,289352;0,289352;0;270,826;;1610,91
519;0,5;41;273,626;270,081;270,1;340;0,289352;0,289352;0;270,833;;1610,91
520;0,5;33;274,45;270,088;270,1;340;0,289352;0,289352;0;270,835;;1610,91
521;0,5;7;274,494;270,117;270,1;340;0,289352;0,289352;0;270,836;;1610,91
522;0,5;0;274,349;270,117;270,1;340;0,289352;0,289352;0;270,84;;1610,91
523;0,5;3;274,248;270,139;270,1;340;0,289352;0,289352;0;270,867;;1610,91
524;0,5;23;274,306;270,168;270,1;340;0,289352;0,289352;0;270,879;;1610,91
525;0,5;44;274,407;270,218;270,1;340;0,289352;0,289352;0;270,867;;1610,91
526;0,5;35;274,494;269,936;270,1;340;0,434028;0,289352;0;270,871;;1610,91
527;0,5;6;274,407;269,893;270,1;340;0,289352;0,289352;0;270,871;;1610,91
528;0,5;0;274,277;269,893;270,1;340;0,289352;0,289352;0;270,878;;1610,91
529;0,5;0;274,277;269,893;270,1;340;0,289352;0,289352;0;270,88;;1610,91
530;0,5;2;274,334;269,973;270,1;340;0,289352;0,289352;0;270,903;;1610,91
531;0,5;19;274,421;270,023;270,1;340;0,289352;0,289352;0;270,911;;1610,91
532;0,5;31;274,494;269,98;270,1;340;0,289352;0,289352;0;270,913;;1610,91
533;0,5;30;274,45;269,958;270,1;340;0,434028;0,289352;0;270,909;;1610,91
534;0,5;33;274,291;270,001;270,1;340;0,434028;0,289352;0;270,907;;1610,91
535;0,5;36;274,262;269,958;270,1;340;0,289352;0,289352;0;270,904;;1610,91
536;0,5;32;274,349;269,944;270,1;340;0,289352;0,289352;0;270,898;;1610,91
537;0,5;42;274,407;270,001;270,1;340;0,289352;0,289352;0;270,889;;1610,91
538;0,5;60;274,479;270,03;270,1;340;0,434028;0,289352;0;270,884;;1610,91
539;0,5;61;274,465;270,009;270,1;340;0,289352;0,289352;0;270,886;;1610,91
540;0,5;58;274,334;270,059;270,1;340;0,434028;0,289352;0;270,887;;1610,91
541;0,5;47;274,277;269,973;270,1;340;0,289352;0,289352;0;270,887;;1610,91
542;0,5;40;274,32;269,994;270,1;340;0,289352;0,289352;0;270,885;;1610,91
543;0,5;31;274,392;270,009;270,1;340;0,434028;0,289352;0;270,892;;1610,91
544;0,5;40;274,479;270,03;270,1;340;0,289352;0,289352;0;270,882;;1610,91
545;0,5;60;274,479;270,023;270,1;340;0,289352;0,289352;0;270,885;;1610,91
546;0,5;57;274,277;270,023;270,1;340;0,289352;0,289352;0;270,886;;1610,91
547;0,5;1;274,537;270,095;270,1;340;0,289352;0,289352;0;270,883;;1610,91
548;0,5;0;274,552;270,139;270,1;340;0,289352;0,289352;0;270,879;;1610,91
549;0,5;3;275,13;269,958;270,1;340;0,434028;0,289352;0;270,87;;1610,91
550;0,5;17;275,188;269,944;270,1;340;0,289352;0,289352;0;270,832;;1610,91
551;0,5;28;275,246;269,871;270,1;340;0,289352;0,289352;0;270,843;;1610,91
552;0,5;0;275,275;269,907;270,1;340;0,289352;0,289352;0;270,886;;1610,91
553;0,5;7;275,231;269,907;270,1;340;0,289352;0,289352;0;270,922;;1610,91
554;0,5;30;275,072;269,929;270,1;340;0,289352;0,289352;0;270,92;;1610,91
555;0,5;11;275,014;269,922;270,1;340;0,289352;0,289352;0;270,927;;1610,91
556;0,5;0;275,029;269,929;270,1;340;0,289352;0,289352;0;270,939;;1610,91
557;0,5;0;275,087;269,936;270,1;340;0,289352;0,289352;0;270,938;;1610,91
558;0,5;2;274,826;270,153;270,1;340;0,289352;0,289352;0;270,971;;1610,91
559;0,5;17;274,87;270,146;270,1;340;0,289352;0,289352;0;270,992;;1610,91
560;0,5;39;274,942;270,146;270,1;340;0,289352;0,289352;0;270,975;;1610,91
561;0,5;57;274,725;270,197;270,1;340;0,289352;0,289352;0;270,97;;1610,91
562;0,5;51;274,769;270,19;270,1;340;0,289352;0,289352;0;270,974;;1610,91
563;0,5;0;274,783;270,146;270,1;340;0,289352;0,289352;0;271,211;;1610,91
564;0,5;10;274,334;270,117;270,1;340;0,289352;0,289352;0;271,161;;1610,91
565;0,5;26;274,421;270,103;270,1;340;0,289352;0,289352;0;271,105;;1610,91
566;0,5;39;274,508;270,067;270,1;340;0,289352;0,289352;0;271,081;;1610,91
567;0,5;47;274,436;270,052;270,1;340;0,289352;0,289352;0;271,069;;1610,91
568;0,5;54;274,306;270,11;270,1;340;0,434028;0,289352;0;271,064;;1610,91
569;0,5;53;274,262;270,016;270,1;340;0,289352;0,289352;0;271,057;;1610,91
570;0,5;45;274,334;270,038;270,1;340;0,289352;0,289352;0;271,05;;1610,91
571;0,5;44;274,45;270,168;270,1;340;0,289352;0,289352;0;271,042;;1610,91
572;0,5;43;274,494;270,161;270,1;340;0,289352;0,434028;0;271,038;;1610,91
573;0,5;40;274,494;270,153;270,1;340;0,289352;0,434028;0;271,034;;1610,91
574;0,5;36;274,552;270,197;270,1;340;0,289352;0,434028;0;271,029;;1610,91
575;0,5;56;274,494;270,233;270,1;340;0,289352;0,434028;0;271,035;;1610,91
576;0,5;54;274,523;270,218;270,1;340;0,289352;0,289352;0;271,031;;1610,91
577;0,5;0;274,595;270,204;270,1;340;0,289352;0,289352;0;271,058;;1610,91
578;0,5;0;275,275;269,929;270,1;340;0,289352;0,434028;0;271,086;;1610,91
579;0,5;0;274,725;270,182;270,1;340;0,289352;0,289352;0;271,111;;1610,91
580;0,5;7;274,855;270,175;270,1;340;0,289352;0,434028;0;271,174;;1610,91
581;0,5;28;274,826;270,161;270,1;340;0,434028;0,289352;0;271,212;;1610,91
582;0,5;47;274,812;270,153;270,1;340;0,289352;0,434028;0;271,226;;1610,91
583;0,5;61;274,754;270,168;270,1;340;0,289352;0,289352;0;271,232;;1610,91
584;0,5;74;274,696;270,161;270,1;340;0,434028;0,289352;0;271,239;;1610,91
585;0,5;61;274,696;270,168;270,1;340;0,289352;0,289352;0;271,252;;1610,91
586;0,5;52;274,783;270,146;270,1;340;0,289352;0,289352;0;271,257;;1610,91
587;0,5;49;275,014;270,052;270,1;340;0,289352;0,434028;0;271,271;;1610,91
588;0,5;34;275,362;270,074;270,1;340;0,289352;0,289352;0;271,286;;1610,91
589;0,5;34;275,506;270,067;270,1;340;0,289352;0,289352;0;271,287;;1610,91
590;0,5;35;275,448;270,132;270,1;340;0,434028;0,434028;0;271,289;;1610,91
591;0,5;37;275,289;270,175;270,1;340;0,289352;0,289352;0;271,29;;1610,91
592;0,5;35;275,304;270,168;270,1;340;0,289352;0,289352;0;271,295;;1610,91
593;0,5;20;275,347;270,168;270,1;340;0,289352;0,289352;0;271,299;;1610,91
594;0,5;0;275,434;270,168;270,1;340;0,289352;0,289352;0;271,317;;1610,91
595;0,5;0;275,506;270,117;270,1;340;0,289352;0,289352;0;271,316;;1610,91
596;0,5;2;275,55;270,103;270,1;340;0,289352;0,289352;0;271,34;;1610,91
597;0,5;12;275,42;270,103;270,1;340;0,289352;0,434028;0;271,365;;1610,91
598;0,5;22;275,318;270,161;270,1;340;0,289352;0,434028;0;271,367;;1610,91
599;0,5;30;275,376;270,052;270,1;340;0,289352;0,434028;0;271,362;;1610,91
600;0,5;0;275,448;270,023;270,1;340;0,289352;0,434028;0;271,371;;1610,91
601;0,5;0;275,521;269,973;270,1;340;0,434028;0,434028;0;271,366;;1610,91
602;0,5;0;275,521;269,944;270,1;340;0,289352;0,289352;0;271,372;;1610,91
603;0,5;16;275,376;269,915;270,1;340;0,289352;0,289352;0;271,418;;1610,91
604;0,5;37;275,318;269,915;270,1;340;0,434028;0,434028;0;271,405;;1610,91
605;0,5;48;275,362;269,973;270,1;340;0,289352;0,434028;0;271,393;;1610,91
606;0,5;2;275,434;270,197;270,1;340;0,289352;0,434028;0;271,397;;1610,91
607;0,5;0;275,506;270,182;270,1;340;0,289352;0,434028;0;271,411;;1610,91
608;0,5;0;275,579;269,965;270,1;340;0,289352;0,434028;0;271,413;;1610,91
609;0,5;10;275,347;270,168;270,1;340;0,289352;0,434028;0;271,444;;1610,91
610;0,5;26;275,391;269,958;270,1;340;0,289352;0,434028;0;271,448;;1610,91
611;0,5;43;274,624;270,139;270,1;340;0,289352;0,434028;0;271,438;;1610,91
612;0,5;49;274,667;270,175;270,1;340;0,289352;0,434028;0;271,43;;1610,91
613;0,5;63;274,725;270,211;270,1;340;0,289352;0,434028;0;271,42;;1610,91
614;0,5;71;274,783;270,197;270,1;340;0,289352;0,434028;0;271,419;;1610,91
615;0,5;20;274,87;270,175;270,1;340;0,289352;0,434028;0;271,41;;1610,91
616;0,5;2;274,899;270,284;270,1;340;0,289352;0,289352;0;271,38;;1610,91
617;0,5;17;274,797;270,269;270,1;340;0,289352;0,434028;0;271,407;;1610,91
618;0,5;2;274,711;270,117;270,1;340;0,289352;0,434028;0;271,426;;1610,91
619;0,5;1;274,682;269,987;270,1;340;0,289352;0,434028;0;271,434;;1610,91
620;0,5;13;274,754;270,03;270,1;340;0,289352;0,434028;0;271,461;;1610,91
621;0,5;30;274,74;270,081;270,1;340;0,289352;0,434028;0;271,449;;1610,91
622;0,5;36;274,769;270,081;270,1;340;0,289352;0,434028;0;271,439;;1610,91
623;0,5;31;274,783;270,081;270,1;340;0,289352;0,434028;0;271,432;;1610,91
624;0,5;26;274,725;270,081;270,1;340;0,289352;0,434028;0;271,423;;1610,91
625;0,5;40;274,667;270,067;270,1;340;0,289352;0,434028;0;271,42;;1610,91
626;0,5;51;274,566;270,067;270,1;340;0,289352;0,289352;0;271,418;;1610,91
627;0,5;56;274,523;270,117;270,1;340;0,289352;0,434028;0;271,408;;1610,91
628;0,5;47;274,508;270,146;270,1;340;0,289352;0,289352;0;271,404;;1610,91
629;0,5;36;274,566;270,146;270,1;340;0,289352;0,434028;0;271,402;;1610,91
630;0,5;37;274,624;270,161;270,1;340;0,289352;0,434028;0;271,398;;1610,91
631;0,5;0;274,667;270,153;270,1;340;0,289352;0,434028;0;271,393;;1610,91
632;0,5;2;275,492;270,132;270,1;340;0,289352;0,434028;0;271,386;;1610,91
633;0,5;2;275,463;270,139;270,1;340;0,289352;0,434028;0;271,362;;1610,91
634;0,5;0;275,347;270,197;270,1;340;0,289352;0,434028;0;271,352;;1610,91
635;0,5;0;275,275;270,204;270,1;340;0,289352;0,289352;0;271,346;;1610,91
636;0,5;3;275,318;269,929;270,1;340;0,289352;0,434028;0;271,335;;1610,91
637;0,5;17;275;269,922;270,1;340;0,289352;0,434028;0;271,339;;1610,91
638;0,5;0;275,087;269,907;270,1;340;0,289352;0,434028;0;271,342;;1610,91
639;0,5;0;275,087;269,9;270,1;340;0,289352;0,434028;0;271,349;;1610,91
640;0,5;3;275,072;269,893;270,1;340;0,289352;0,434028;0;271,357;;1610,91
641;0,5;8;274,957;269,907;270,1;340;0,289352;0,434028;0;271,361;;1610,91
642;0,5;34;274,884;269,922;270,1;340;0,289352;0,434028;0;271,365;;1610,91
643;0,5;43;274,783;269,958;270,1;340;0,289352;0,434028;0;271,361;;1610,91
644;0,5;28;274,783;269,987;270,1;340;0,289352;0,434028;0;271,363;;1610,91
645;0,5;22;274,826;270,009;270,1;340;0,289352;0,434028;0;271,365;;1610,91
646;0,5;24;274,812;270,03;270,1;340;0,289352;0,434028;0;271,357;;1610,91
647;0,5;36;274,465;269,973;270,1;340;0,289352;0,434028;0;271,364;;1610,91
648;0,5;40;274,494;269,973;270,1;340;0,289352;0,434028;0;271,366;;1610,91
649;0,5;64;274,363;269,965;270,1;340;0,289352;0,434028;0;271,366;;1610,91
650;0,5;77;274,262;269,958;270,1;340;0,289352;0,289352;0;271,358;;1610,91
651;0,5;59;274,291;269,958;270,1;340;0,289352;0,289352;0;271,358;;1610,91
652;0,5;56;274,363;269,98;270,1;340;0,289352;0,289352;-3,9872;271,352;;1610,91
653;0,5;54;274,436;270,059;270,1;340;0,289352;0,289352;-10;271,35;;1610,91
654;0,5;51;274,494;269,994;270,1;340;0,289352;0,289352;-10;271,357;;1610,91
655;0,5;56;275,203;269,965;270,1;340;0,434028;0,289352;-7,7728;271,36;;1610,91
656;0,5;61;275,101;269,936;270,1;340;0,289352;0,289352;-9,616;271,365;;1610,91
657;0,5;59;275,029;269,893;270,1;340;0,289352;0,289352;-4,0928;271,371;;1610,91
658;0,5;55;275,043;269,878;270,1;340;0,144676;0,289352;0;271,392;;1610,91
659;0,5;0;275,116;270,291;270,1;340;0,144676;0,289352;0;271,419;;1610,91
660;0,5;0;275,434;270,327;270,1;340;0,289352;0,289352;0;271,406;;1610,91
661;0,5;0;275,492;270,327;270,1;340;0,144676;0,289352;0;271,402;;1610,91
662;0,5;0;275,42;270,32;270,1;340;0,144676;0,289352;0;271,402;;1610,91
663;0,5;0;275,26;270,146;270,1;340;0,289352;0,289352;0;271,399;;1610,91
664;0,5;0;275,318;270,132;270,1;340;0,289352;0,289352;0;271,397;;1610,91
665;0,5;0;275,405;270,103;270,1;340;0,144676;0,289352;0;271,397;;1610,91
666;0,5;7;275,405;269,886;270,1;340;0,289352;0,289352;0;271,356;;1610,91
667;0,5;0;275,477;269,915;270,1;340;0,289352;0,289352;0;271,351;;1610,91
668;0,5;4;275,405;270,139;270,1;340;0,144676;0,289352;0;271,39;;1610,91
669;0,5;0;275,289;270,117;270,1;340;0,289352;0,289352;0;271,393;;1610,91
670;0,5;0;275,304;270,103;270,1;340;0,289352;0,289352;0;271,402;;1610,91
671;0,5;0;274,942;270,074;270,1;340;0,144676;0,289352;0;271,43;;1610,91
672;0,5;2;275,043;270,038;270,1;340;0,289352;0,289352;0;271,441;;1610,91
673;0,5;2;275,101;270,03;270,1;340;0,289352;0,289352;0;271,411;;1610,91
674;0,5;10;275,145;270,059;270,1;340;0,289352;0,289352;0;271,43;;1610,91
675;0,5;30;275,101;270,045;270,1;340;0,289352;0,289352;0;271,442;;1610,91
676;0,5;44;274,32;270,045;270,1;340;0,289352;0,289352;0;271,448;;1610,91
677;0,5;52;274,262;270,009;270,1;340;0,144676;0,289352;0;271,452;;1610,91
678;0,5;60;274,349;270,327;270,1;340;0,144676;0,289352;0;271,461;;1610,91
679;0,5;49;274,436;270,262;270,1;340;0,144676;0,289352;0;271,469;;1610,91
680;0,5;0;274,494;270,255;270,1;340;0,289352;0,289352;0;271,478;;1610,91
681;0,5;0;274,479;270,291;270,1;340;0,289352;0,434028;0;271,475;;1610,91
682;0,5;0;274,262;270,341;270,1;340;0,289352;0,289352;0;271,466;;1610,91
683;0,5;0;274,277;270,341;270,1;340;0,289352;0,289352;0;271,458;;1610,91
684;0,5;0;274,363;270,305;270,1;340;0,289352;0,289352;0;271,452;;1610,91
685;0,5;0;274,436;270,291;270,1;340;0,289352;0,289352;0;271,452;;1610,91
686;0,5;0;274,494;270,305;270,1;340;0,144676;0,289352;0;271,452;;1610,91
687;0,5;0;274,465;270,291;270,1;340;0,289352;0,289352;0;271,449;;1610,91
688;0,5;0;274,306;270,284;270,1;340;0,289352;0,289352;0;271,452;;1610,91
689;0,5;0;273,568;270,291;270,1;340;56,4236;73,4954;0;271,452;;1610,91
690;0,5;0;273,539;270,327;270,1;340;151,331;164,497;0;271,458;;1610,91
691;0,5;0;273,611;270,341;270,1;340;234,664;226,273;0;271,457;;1610,91
692;0,5;0;273,655;270,32;270,1;340;272,28;266,493;0;271,453;;1610,91
693;0,5;0;273,756;270,284;270,1;340;295,718;298,032;0;271,452;;1610,91
694;0,5;0;274,089;270,262;270,1;340;310,185;311,343;0;271,451;;1610,91
695;0,5;0;273,438;270,291;270,1;340;318,866;319,155;0;271,447;;1610,91
696;0,5;0;273,278;270,327;270,1;340;325,376;324,074;0;271,455;;1610,91
697;0,5;2;273,278;270,349;270,1;340;327,98;327,546;0;271,471;;1610,91
698;0,5;7;273,307;270,312;270,1;340;329,427;328,848;0;271,508;;1610,91
699;0,5;10;273,38;270,298;270,1;340;330,44;329,716;0;271,537;;1610,91
700;0,5;10;273,206;269,922;270,1;340;331,163;330,295;0;271,561;;1610,91
701;0,5;21;273,206;269,907;270,1;340;331,597;330,874;0;271,585;;1610,91
702;0,5;77;273,163;269,857;270,1;340;332,031;331,163;0;271,558;;1610,91
703;0,5;108;273,061;269,907;270,1;340;332,176;331,597;0;271,549;;1610,91
704;0,5;123;272,975;269,944;270,1;340;332,61;331,887;0;271,542;;1610,91
705;0,5;103;272,975;270,327;270,1;340;332,899;332,176;0;271,533;;1610,91
706;0,5;82;273,003;270,312;270,1;340;333,189;332,465;0;271,52;;1610,91
707;0,5;61;272,714;270,305;270,1;340;333,623;332,899;0;271,515;;1610,91
708;0,5;43;273,119;270,276;270,1;340;333,912;333,333;0;271,512;;1610,91
709;0,5;37;273,438;270,284;270,1;340;334,491;333,623;0;271,509;;1610,91
710;0,5;34;273,466;270,312;270,1;340;334,78;333,912;0;271,517;;1610,91
711;0,5;23;273,322;270,334;270,1;340;334,925;334,346;0;271,512;;1610,91
712;0,5;21;273,741;270,334;270,1;340;335,069;334,491;0;271,511;;1610,91
713;0,5;2;273,799;270,32;270,1;340;335,503;334,635;0;271,527;;1610,91
714;0,5;0;273,886;270,312;270,1;340;335,648;334,78;0;271,519;;1610,91
715;0,5;0;273,958;270,298;270,1;340;335,793;334,925;0;271,511;;1610,91
716;0,5;0;274,045;270,298;270,1;340;335,938;335,214;0;271,508;;1610,91
717;0,5;0;274,089;270,341;270,1;340;335,938;335,214;0;271,501;;1610,91
718;0,5;0;274,016;270,363;270,1;340;336,082;335,214;0;271,495;;1610,91
719;0,5;0;274,277;270,349;270,1;340;336,082;335,359;0;271,495;;1610,91
720;0,5;0;273,582;270,298;270,1;340;336,227;335,503;0;271,488;;1610,91
721;0,5;0;273,568;270,298;270,1;340;336,227;335,503;0;271,482;;1610,91
722;0,5;0;273,683;270,284;270,1;340;336,516;335,648;0;271,482;;1610,91
723;0,5;0;273,712;270,284;270,1;340;336,661;335,793;0;271,494;;1610,91
724;0,5;0;273,683;270,334;270,1;340;336,661;335,938;0;271,483;;1610,91
725;0,5;0;273,611;270,341;270,1;340;336,806;336,082;0;271,476;;1610,91
726;0,5;0;273,524;270,32;270,1;340;336,95;336,082;0;271,474;;1610,91
727;0,5;0;273,481;270,312;270,1;340;336,95;336,227;0;271,465;;1610,91
728;0,5;0;273,51;270,298;270,1;340;337,24;336,372;0;271,458;;1610,91
729;0,5;0;273,568;270,262;270,1;340;337,095;336,372;0;271,451;;1610,91
730;0,5;0;273,611;270,291;270,1;340;337,24;336,227;0;271,442;;1610,91
731;0,5;0;273,423;270,341;270,1;340;337,24;336,372;0;271,402;;1610,91
732;0,5;0;273,481;270,349;270,1;340;337,24;336,372;0;271,357;;1610,91
733;0,5;0;273,423;270,327;270,1;340;337,24;336,372;0;271,326;;1610,91
734;0,5;5;273,307;270,312;270,1;340;337,095;336,227;0;271,318;;1610,91
735;0,5;8;273,235;270,305;270,1;340;337,24;336,372;0;271,289;;1610,91
736;0,5;8;273,264;270,291;270,1;340;337,095;336,372;0;271,264;;1610,91
737;0,5;8;272,627;270,298;270,1;340;337,095;336,372;0;271,237;;1610,91
738;0,5;16;272,743;270,312;270,1;340;337,095;336,227;0;271,213;;1610,91
739;0,5;17;272,758;270,334;270,1;340;336,95;336,227;0;271,192;;1610,91
740;0,5;17;272,873;270,32;270,1;340;337,095;336,227;0;271,171;;1610,91
741;0,5;21;272,772;270,305;270,1;340;337,095;336,227;0;271,154;;1610,91
742;0,5;26;272,7;270,291;270,1;340;336,95;336,227;0;271,138;;1610,91
743;0,5;25;272,555;270,276;270,1;340;336,95;336,082;0;271,13;;1610,91
744;0,5;26;272,526;270,291;270,1;340;336,95;336,082;0;271,122;;1610,91
745;0,5;29;272,541;270,341;270,1;340;337,095;336,227;0;271,118;;1610,91
746;0,5;25;272,584;270,334;270,1;340;337,095;336,227;0;271,111;;1610,91
747;0,5;26;272,598;270,305;270,1;340;337,095;336,227;0;271,107;;1610,91
748;0,5;25;272,598;270,298;270,1;340;337,095;336,227;0;271,109;;1610,91
749;0,5;25;272,729;270,284;270,1;340;337,095;336,227;0;271,112;;1610,91
750;0,5;23;272,743;270,276;270,1;340;337,24;336,372;0;271,122;;1610,91
751;0,5;22;272,685;270,341;270,1;340;337,24;336,372;0;271,129;;1610,91
752;0,5;30;272,613;270,341;270,1;340;337,095;336,372;0;271,143;;1610,91
753;0,5;26;272,497;270,327;270,1;340;337,24;336,372;0;271,161;;1610,91
754;0,5;30;272,454;270,312;270,1;340;337,24;336,372;0;271,178;;1610,91
755;0,5;35;273,076;270,276;270,1;340;337,24;336,372;0;271,193;;1610,91
756;0,5;29;273,105;270,262;270,1;340;337,24;336,372;0;271,197;;1610,91
757;0,5;25;273,076;270,276;270,1;340;337,24;336,372;0;271,202;;1610,91
758;0,5;27;273,206;270,334;270,1;340;337,095;336,372;0;271,208;;1610,91
759;0,5;30;273,163;270,327;270,1;340;337,095;336,372;0;271,213;;1610,91
760;0,5;26;273,047;270,32;270,1;340;337,095;336,372;0;271,223;;1610,91
761;0,5;28;272,931;270,305;270,1;340;337,095;336,372;0;271,229;;1610,91
762;0,5;32;272,859;270,291;270,1;340;337,095;336,372;0;271,234;;1610,91
763;0,5;33;272,859;270,276;270,1;340;337,095;336,227;0;271,23;;1610,91
764;0,5;30;272,902;270,276;270,1;340;336,95;336,082;0;271,232;;1610,91
765;0,5;26;272,642;270,327;270,1;340;336,95;336,082;0;271,237;;1610,91
766;0,5;28;273,452;270,32;270,1;340;336,95;335,938;0;271,23;;1610,91
767;0,5;30;273,466;270,305;270,1;340;336,806;335,938;0;271,226;;1610,91
768;0,5;0;273,365;270,291;270,1;340;336,661;335,938;0;271,217;;1610,91
769;0,5;0;273,249;270,276;270,1;340;336,661;335,793;0;271,211;;1610,91
770;0,5;5;273,235;270,262;270,1;340;336,661;335,648;0;271,189;;1610,91
771;0,5;10;273,307;270,262;270,1;340;336,516;335,793;0;271,174;;1610,91
772;0,5;8;273,38;270,305;270,1;340;336,516;335,648;0;271,168;;1610,91
773;0,5;9;273,438;270,32;265;340;336,372;335,648;0,33856;271,158;;1610,91
774;0,5;11;273,466;270,305;265;340;336,516;335,503;3,83374;271,151;;1601,53
775;0,5;12;273,438;270,291;265;340;336,372;335,503;5;271,143;;1613,26
776;0,5;16;273,307;270,269;265;340;336,082;335,359;5;271,125;;1615,14
777;0,5;0;273,249;270,255;265;340;336,082;335,214;5;271,107;;1620,9
778;0,5;0;273,293;270,262;265;340;335,793;334,925;5;271,095;;1633,15
779;0,5;0;273,365;270,298;265;340;335,648;334,78;5,016;271,085;;1638,35
780;0,5;0;273,452;270,32;265;340;335,503;334,635;7,95936;271,075;;1641,18
781;0,5;0;273,249;270,305;265;340;335,359;334,491;16,12;271,068;;1633,36
782;0,5;0;273,249;270,291;265;340;335,214;334,346;24,5767;271,057;;1634,44
783;0,5;0;272,512;270,276;265;340;335,214;334,346;29,5789;271,041;;1643,71
784;0,5;0;272,483;270,262;265;340;334,925;334,201;30;271,028;;1646,22
785;0,5;0;272,555;270,298;265;340;334,925;334,057;30;271,015;;1646,21
786;0,5;0;272,569;270,334;265;340;334,78;334,057;30;271,001;;1648,14
787;0,5;0;272,671;270,32;265;340;334,78;334,057;30;270,99;;1647,13
788;0,5;0;272,7;270,305;265;340;334,635;333,912;30;270,979;;1648,02
789;0,5;0;272,439;270,291;265;340;334,635;333,767;30;270,97;;1647,7
790;0,5;0;272,338;270,276;265;340;334,491;333,767;30;270,962;;1644,39
791;0,5;0;272,208;270,269;265;340;334,491;333,623;30;270,949;;1646,76
792;0,5;0;272,237;270,276;265;340;334,201;333,478;30;270,935;;1642,26
793;0,5;0;272,309;270,32;265;340;334,201;333,478;30;270,92;;1645,22
794;0,5;0;272,41;270,312;265;340;334,201;333,478;30;270,907;;1640,49
795;0,5;0;272,439;270,312;265;340;334,057;333,478;30;270,895;;1637,21
796;0,5;0;272,092;270,305;265;340;334,057;333,333;30;270,884;;1647,55
797;0,5;0;271,962;270,291;265;340;333,912;333,189;30;270,858;;1637,57
798;0,5;10;271,933;270,262;265;340;334,057;333,333;30;270,831;;1642,86
799;0,5;21;271,933;270,262;265;340;334,057;333,189;30;270,809;;1639,03
800;0,5;32;271,933;270,312;265;340;333,912;333,189;30;270,785;;1635,41
801;0,5;39;272,034;270,349;265;340;333,912;333,189;30;270,766;;1639,29
802;0,5;43;271,325;270,334;265;340;333,767;333,189;30;270,738;;1631,95
803;0,5;58;271,369;270,298;265;340;333,767;333,044;30;270,718;;1636,98
804;0,5;72;271,383;270,276;265;340;333,767;332,899;30;270,693;;1638,07
805;0,5;79;271,296;270,284;265;340;333,623;332,755;30;270,66;;1642,41
806;0,5;88;271,152;270,276;265;340;333,623;332,899;30;270,632;;1642,42
807;0,5;94;271,918;270,284;265;340;333,478;332,755;30;270,6;;1635,2
808;0,5;97;271,947;270,32;265;340;333,333;332,755;30;270,567;;1631,96
809;0,5;99;271,976;270,334;265;340;333,333;332,755;30;270,536;;1636,54
810;0,5;106;271,875;270,327;265;340;333,333;332,61;30;270,504;;1634,55
811;0,5;113;272,439;270,312;265;340;333,333;332,61;30;270,47;;1633,62
812;0,5;113;272,338;270,255;265;340;333,189;332,465;30;270,434;;1634,28
813;0,5;116;272,815;270,247;265;340;333,189;332,321;30;270,396;;1627,76
814;0,5;121;272,888;270,305;265;340;333,189;332,321;30;270,361;;1632,65
815;0,5;120;273,278;270,349;265;340;333,189;332,465;30;270,328;;1628,81
816;0,5;120;273,351;270,312;265;340;333,044;332,321;30;270,291;;1624,59
817;0,5;127;274,204;270,298;265;340;332,899;332,321;30;270,257;;1630,25
818;0,5;130;274,161;270,327;265;340;332,899;332,176;30;270,217;;1626,59
819;0,5;126;274,465;270,312;265;340;332,755;332,031;30;270,181;;1634,15
820;0,5;127;275,13;270,298;265;340;332,755;332,031;30;270,144;;1624,86
821;0,5;126;275,275;270,247;265;340;332,61;332,031;30;270,099;;1624,41
822;0,5;124;275,275;270,284;265;340;332,61;331,887;30;270,062;;1627,41
823;0,5;127;276,1;270,356;265;340;332,465;331,887;30;270,022;;1620,27
824;0,5;133;276,447;270,334;265;340;332,465;331,742;30;269,982;;1626,23
825;0,5;134;277,3;270,291;265;340;332,465;331,742;30;269,935;;1625,92
826;0,5;134;277,315;270,276;265;340;332,321;331,597;30;269,895;;1623,02
827;0,5;118;277,488;270,284;265;340;332,321;331,453;30;269,853;;1624,03
828;0,5;126;277,691;270,298;265;340;332,176;331,453;30;269,813;;1622,29
829;0,5;125;278,342;270,341;265;340;332,031;331,308;30;269,774;;1617,47
830;0,5;128;278,834;270,32;265;340;332,031;331,308;30;269,735;;1623,25
831;0,5;122;278,892;270,139;265;340;331,887;331,308;30;269,697;;1616,66
832;0,5;120;279,528;270,11;265;340;332,031;331,163;30;269,654;;1622,36
833;0,5;120;280,093;270,088;265;340;331,887;331,163;30;269,613;;1620,13
834;0,5;120;280,252;270,276;265;340;331,742;331,018;30;269,569;;1608,45
835;0,5;120;280,556;270,262;265;340;331,742;330,874;30;269,524;;1604,23
836;0,5;120;281,033;270,247;265;340;331,597;330,874;30;269,479;;1604,23
837;0,5;120;280,961;270,305;265;340;331,453;330,729;30;269,432;;1601,42
838;0,5;120;281,438;270,334;265;340;331,453;330,729;30;269,386;;1600,95
839;0,5;114;281,843;270,327;265;340;331,308;330,585;30;269,335;;1598,48
840;0,5;118;281,887;270,305;265;340;331,308;330,585;30;269,286;;1598,48
841;0,5;118;282,711;270,298;265;340;331,308;330,44;30;269,234;;1597,54
842;0,5;126;282,624;269,958;265;340;331,163;330,295;30;269,18;;1596,61
843;0,5;129;283,203;269,9;265;340;331,018;330,295;30;269,128;;1596,14
844;0,5;126;283,131;269,929;265;340;331,018;330,295;30;269,075;;1593,8
845;0,5;135;283,449;269,907;265;340;330,874;330,15;30;269,017;;1593,8
846;0,5;148;283,536;269,907;265;340;330,874;330,006;30;268,96;;1593,34
847;0,5;148;284,361;269,9;265;340;330,729;330,006;30;268,901;;1592,87
848;0,5;148;284,462;269,907;265;340;330,729;329,861;30;268,845;;1592,87
849;0,5;154;284,751;269,965;265;340;330,585;329,861;30;268,793;;1591,64
850;0,5;156;284,635;269,958;265;340;330,585;329,716;30;268,741;;1590,7
851;0,5;162;285,272;269,922;265;340;330,44;329,716;30;268,684;;1590,7
852;0,5;175;285,315;269,907;265;340;330,44;329,716;30;268,641;;1590,11
853;0,5;175;285,605;269,907;265;340;330,295;329,572;30;268,587;;1589,17
854;0,5;174;286,502;269,915;265;340;330,295;329,572;30;268,542;;1589,17
855;0,5;183;286,545;269,907;265;340;330,295;329,572;30;268,503;;1589,17
856;0,5;194;286,791;269,871;265;340;330,295;329,572;30;268,466;;1589,17
857;0,5;189;287,442;269,864;265;340;330,295;329,427;30;268,428;;1588,95
858;0,5;192;287,543;270,204;265;340;330,295;329,427;30;268,391;;1587,33
859;0,5;188;287,572;270,204;265;340;330,15;329,427;30;268,358;;1587,33
860;0,5;187;288,035;270,19;265;340;330,15;329,282;30;268,329;;1586,4
861;0,5;187;288,455;269,929;265;340;330,15;329,282;30;268,303;;1586,4
862;0,5;187;288,773;269,915;265;340;330,15;329,282;30;268,279;;1585,93
863;0,5;183;289,149;270,182;265;340;330,006;329,282;30;268,259;;1585
864;0,5;176;289,858;270,161;265;340;330,006;329,138;30;268,236;;1585
865;0,5;174;289,714;270,146;265;340;330,15;329,282;30;268,209;;1584,07
866;0,5;168;289,988;270,11;265;340;330,295;329,572;30;268,177;;1582,67
867;0,5;161;290,639;270,168;265;340;330,585;329,716;30;268,151;;1582,67
868;0,5;157;291,001;269,828;265;340;330,874;329,861;30;268,125;;1582,67
869;0,5;157;291,16;269,821;265;340;330,874;329,861;30;268,094;;1582,67
870;0,5;145;291,898;269,813;265;340;330,874;329,861;30;268,069;;1581,74
871;0,5;150;291,927;269,799;265;340;330,729;329,716;30;268,039;;1581,27
872;0,5;148;292,289;269,784;265;340;330,729;329,716;30;268,006;;1581,27
873;0,5;137;292,144;269,77;265;340;330,585;329,716;30;267,973;;1580,22
874;0,5;141;292,694;269,755;265;340;330,729;329,572;30;267,942;;1580,22
875;0,5;141;292,737;269,777;265;340;330,585;329,572;30;267,91;;1580,22
876;0,5;141;293,171;269,806;265;340;330,585;329,572;30;267,878;;1579,29
877;0,5;140;293,33;269,828;265;340;330,585;329,427;30;267,852;;1578,82
878;0,5;135;293,287;269,821;265;340;330,295;329,282;30;267,821;;1578,14
879;0,5;136;293,953;269,806;265;340;330,295;329,282;30;267,798;;1577,8
880;0,5;137;293,808;269,784;265;340;330,15;329,138;30;267,776;;1577,24
881;0,5;134;293,707;269,777;265;340;330,15;328,993;30;267,762;;1575,38
882;0,5;137;293,851;269,755;265;340;330,006;328,993;30;267,744;;1575,38
883;0,5;137;294,256;269,755;265;340;330,006;328,848;30;267,733;;1574,91
884;0,5;141;294,358;269,77;265;340;329,861;328,848;30;267,724;;1571,66
885;0,5;129;294,43;269,647;265;340;329,861;328,848;30;267,716;;1571,66
886;0,5;128;294,358;269,553;265;340;329,861;328,848;30;267,714;;1569,8
887;0,5;128;294,271;269,546;265;340;329,861;328,704;30;267,713;;1568,41
888;0,5;129;294,17;269,553;265;340;329,861;328,704;30;267,714;;1568,41
889;0,5;135;294,097;269,611;265;340;329,716;328,704;30;267,717;;1568,41
890;0,5;137;294,112;269,567;265;340;329,716;328,704;30;267,723;;1567,48
891;0,5;128;294,141;269,589;265;340;329,572;328,559;30;267,729;;1564,23
892;0,5;122;294,198;269,596;265;340;329,572;328,414;30;267,74;;1564,23
893;0,5;126;294,271;269,575;265;340;329,572;328,414;30,615;267,746;;1564,23
894;0,5;121;295,009;269,582;265;340;329,427;328,27;35,184;267,758;;1563,3
895;0,5;113;294,936;269,596;265;340;329,138;328,27;44,96;267,771;;1563,3
896;0,5;102;294,821;269,611;265;340;329,138;328,125;54,2994;267,784;;1562,38
897;0,5;97;293,981;269,416;265;340;329,282;328,125;59,2542;267,799;;1562,38
898;0,5;104;293,967;269,423;265;340;329,138;328,125;60;267,815;;1562,38
899;0,5;99;294,633;269,408;265;340;329,138;327,98;60;267,839;;1562,38
900;0,5;97;294,141;269,676;265;340;329,138;327,98;60;267,857;;1562,38
901;0,5;95;294,734;269,401;265;340;328,993;327,836;60;267,872;;1561,91
902;0,5;87;294,734;269,387;265;340;328,993;327,691;60;267,886;;1561,91
903;0,5;77;294,575;269,387;265;340;328,848;327,691;60;267,896;;1561,91
904;0,5;65;293,895;269,358;265;340;328,704;327,546;60;267,905;;1560,99
905;0,5;56;293,793;269,358;265;340;328,559;327,402;60;267,913;;1560,99
906;0,5;55;293,736;269,365;265;340;328,414;327,402;60;267,915;;1560,52
907;0,5;55;293,837;269,379;265;340;328,414;327,257;60;267,916;;1559,39
908;0,5;52;293,605;269,401;265;340;328,27;327,257;60;267,915;;1558,46
909;0,5;54;293,634;269,321;265;340;328,27;327,112;60;267,913;;1558
910;0,5;56;292,983;269,307;265;340;328,27;327,112;60;267,909;;1556,61
911;0,5;52;292,867;269,285;265;340;328,125;326,968;60;267,905;;1555,55
912;0,5;51;291,884;269,249;265;340;328,125;326,968;60;267,896;;1553,7
913;0,5;52;292,289;269,256;265;340;328,125;327,112;60;267,891;;1553,7
914;0,5;54;291,739;269,242;265;340;328,125;326,968;60;267,882;;1551,85
915;0,5;55;291,869;269,249;265;340;328,125;326,968;60;267,873;;1550,46
916;0,5;60;291,493;269,3;265;340;327,98;326,968;60;267,864;;1550,46
917;0,5;72;291,479;269,321;265;340;327,98;326,968;60;267,846;;1550,46
918;0,5;78;290,813;269,271;265;340;327,98;326,823;60;267,834;;1550,18
919;0,5;83;290,712;269,256;265;340;327,836;326,678;60;267,817;;1549,26
920;0,5;86;290,292;269,235;265;340;327,836;326,678;60;267,801;;1548,81
921;0,5;93;290,35;269,22;265;340;327,836;326,678;60;267,781;;1545,58
922;0,5;99;289,728;269,227;265;340;327,691;326,534;60;267,761;;1543,4
923;0,5;104;289,815;269,271;265;340;327,691;326,678;60;267,737;;1543,4
924;0,5;114;289,627;269,293;265;340;327,691;326,678;60;267,714;;1542,94
925;0,5;126;289,627;269,271;265;340;327,691;326,678;60;267,686;;1542,02
926;0,5;135;289,019;269,264;265;340;327,836;326,534;60;267,659;;1540,17
927;0,5;137;289,482;268,873;265;340;327,691;326,534;60;267,63;;1540,17
928;0,5;137;288,585;268,859;265;340;327,691;326,534;60;267,598;;1539,25
929;0,5;148;288,715;269,076;265;340;327,691;326,534;60;267,561;;1537,41
930;0,5;154;288,802;269,076;265;340;327,691;326,389;60;267,523;;1537,31
931;0,5;157;288,831;268,887;265;340;327,546;326,389;60;267,487;;1535,93
932;0,5;164;288,773;269,119;265;340;327,691;326,534;60;267,448;;1534,69
933;0,5;174;288,643;269,112;265;340;327,546;326,389;60;267,405;;1533,77
934;0,5;177;288,585;269,097;265;340;327,402;326,244;60;267,359;;1533,31
935;0,5;182;288,657;269,104;265;340;327,257;326,1;60;267,312;;1530,09
936;0,5;192;289,019;269,104;265;340;326,968;325,81;60;267,267;;1529,16
937;0,5;191;289,091;269,097;265;340;326,823;325,521;60;267,222;;1528,7
938;0,5;195;289,135;269,068;265;340;326,678;325,521;60;267,177;;1527,78
939;0,5;203;289,858;268,866;265;340;326,389;325,232;60;267,137;;1525,95
940;0,5;214;289,67;269,054;265;340;326,1;324,942;60;267,096;;1525,95
941;0,5;214;289,569;269,061;265;340;325,955;324,653;60;267,058;;1525,49
942;0,5;214;289,902;269,083;265;340;325,665;324,363;60;267,015;;1524,46
943;0,5;212;290,524;268,924;265;340;325,521;324,219;60;266,978;;1521,39
944;0,5;213;290,885;268,924;265;340;325,376;324,074;60;266,939;;1520,93
945;0,5;214;290,885;268,909;265;340;325,232;323,929;60;266,904;;1520,02
946;0,5;218;291,551;268,895;265;340;325,087;323,785;60;266,87;;1518,46
947;0,5;225;291,696;268,887;265;340;325,087;323,785;60;266,833;;1518
948;0,5;218;291,638;268,873;265;340;325,087;323,785;60;266,807;;1517,09
949;0,5;215;292,477;268,859;265;340;325,087;323,929;60;266,783;;1516,63
950;0,5;219;292,824;268,851;265;340;325,087;323,785;60;266,76;;1514,83
951;0,5;215;292,925;268,736;265;340;325,087;323,929;60;266,738;;1514,83
952;0,5;210;293,736;268,793;265;340;325,232;323,929;60;266,721;;1513,2
953;0,5;210;293,895;268,808;265;340;325,232;323,929;60;266,704;;1510,59
954;0,5;205;293,764;268,786;265;340;325,232;323,929;60;266,691;;1510,59
955;0,5;203;294,068;268,764;265;340;325,087;324,074;60;266,681;;1509,22
956;0,5;191;294,835;268,743;265;340;325,232;324,074;60;266,662;;1508,31
957;0,5;179;294,965;268,728;265;340;325,232;324,074;60;266,651;;1507,85
958;0,5;179;295,385;268,75;265;340;325,376;324,074;60;266,638;;1507,4
959;0,5;170;295,935;268,801;265;340;325,232;324,074;60;266,625;;1506,48
960;0,5;162;295,833;268,808;265;340;325,376;324,074;60;266,61;;1503,07
961;0,5;161;296,108;268,786;265;340;325,376;324,074;60;266,598;;1502,61
962;0,5;161;296,499;268,779;265;340;325,376;324,074;60;266,586;;1501,94
963;0,5;153;296,311;268,75;265;340;325,376;324,074;60;266,574;;1501,49
964;0,5;148;296,991;268,736;265;340;325,376;324,074;60;266,554;;1501,03
965;0,5;145;297,063;268,736;265;340;325,376;324,074;60;266,537;;1500,12
966;0,5;143;297,005;268,757;265;340;325,521;324,219;60;266,517;;1499,21
967;0,5;143;296,875;268,808;265;340;325,521;324,363;60;266,491;;1497,84
968;0,5;141;297,338;268,801;265;340;325,521;324,363;60;266,467;;1497,39
969;0,5;136;297,352;268,779;265;340;325,521;324,219;60;266,439;;1496,47
970;0,5;134;297,381;268,764;265;340;325,521;324,363;60;266,412;;1493,29
971;0,5;136;297,512;268,743;265;340;325,665;324,363;60;266,388;;1492,26
972;0,5;136;297,584;268,736;265;340;325,81;324,508;60;266,362;;1492,26
973;0,5;136;297,714;268,403;265;340;325,81;324,508;60;266,33;;1490,46
974;0,5;136;297,743;268,403;265;340;325,81;324,653;60;266,303;;1489,55
975;0,5;138;297,729;268,403;265;340;325,81;324,653;60;266,268;;1489,28
976;0,5;153;296,947;268,41;265;340;325,81;324,653;60;266,228;;1488,82
977;0,5;163;296,817;268,439;265;340;325,81;324,653;60;266,201;;1487,91
978;0,5;170;296,803;268,439;265;340;325,81;324,653;60;266,166;;1486,1
979;0,5;177;296,904;268,461;265;340;325,81;324,508;60;266,127;;1484,28
980;0,5;185;297,049;268,685;265;340;325,81;324,653;60;266,09;;1482,92
981;0,5;191;297,049;268,67;265;340;325,81;324,508;60;266,049;;1482,46
982;0,5;192;296,976;268,649;265;340;325,81;324,508;60;266,009;;1481,56
983;0,5;198;296,875;268,649;265;340;325,665;324,508;60;265,967;;1481,1
984;0,5;212;296,788;268,641;265;340;325,81;324,363;60;265,931;;1479,59
985;0,5;218;296,803;268,627;265;340;325,665;324,363;60;265,891;;1478,66
986;0,5;220;296,918;268,215;265;340;325,665;324,363;60;265,847;;1477,25
987;0,5;231;297,034;268,236;265;340;325,81;324,508;60;265,811;;1475,58
988;0,5;244;297,049;268,302;265;340;325,81;324,508;60;265,77;;1475,13
989;0,5;247;297,309;268,265;265;340;325,81;324,508;60;265,728;;1475,13
990;0,5;253;297,266;268,236;265;340;325,81;324,363;60;265,691;;1473,32
991;0,5;255;297,193;268,229;265;340;325,665;324,363;60;265,656;;1472,42
992;0,5;259;297,208;268,222;265;340;325,81;324,363;60;265,619;;1472,08
993;0,5;260;297,931;268,287;265;340;325,81;324,508;60;265,583;;1471,62
994;0,5;262;298,018;268,273;265;340;325,665;324,363;60;265,55;;1469,36
995;0,5;274;298,452;268,258;265;340;325,81;324,508;60;265,524;;1468,01
996;0,5;276;299,089;268,273;265;340;325,81;324,508;60;265,499;;1466,63
997;0,5;271;299,002;268,012;265;340;325,81;324,363;60;265,475;;1465,27
998;0,5;266;299,219;268,012;265;340;325,81;324,363;60;265,448;;1463,92
999;0,5;274;299,175;268,012;265;340;325,81;324,363;60;265,424;;1463,01
1000;0,5;261;299,841;268,048;265;340;325,81;324,363;60;265,399;;1462,11
1001;0,5;257;300,318;268,063;265;340;325,665;324,363;60;265,376;;1461,66
1002;0,5;251;301,085;268,07;265;340;325,81;324,363;60;265,358;;1460,84
1003;0,5;253;301,157;268,048;265;340;325,81;324,508;60;265,342;;1458,89
1004;0,5;247;301,403;268,142;265;340;325,81;324,508;60;265,323;;1457,09
1005;0,5;245;301,273;268,157;265;340;325,81;324,508;60;265,308;;1456,19
1006;0,5;244;301,982;268,121;265;340;325,955;324,653;60;265,295;;1455,74
1007;0,5;233;301,953;268,092;265;340;326,1;324,653;60;265,279;;1454,27
1008;0,5;230;302,271;268,121;265;340;326,1;324,797;60;265,27;;1452,92
1009;0,5;224;303,082;267,781;265;340;326,1;324,653;60;265,261;;1452,47
1010;0,5;223;303,212;267,737;265;340;325,955;324,653;60;265,254;;1452,47
1011;0,5;214;303,313;267,708;265;340;326,1;324,653;60;265,245;;1452,02
1012;0,5;214;303,545;267,716;265;340;326,1;324,653;60;265,24;;1450,22
1013;0,5;210;303,284;267,752;265;340;325,955;324,653;60;265,235;;1448,87
1014;0,5;209;303,95;267,773;265;340;325,955;324,653;60;265,231;;1447,52
1015;0,5;201;304,08;267,737;265;340;325,955;324,653;60;265,23;;1445,27
1016;0,5;192;304,196;267,716;265;340;325,955;324,653;60;265,23;;1444,9
1017;0,5;192;304,225;267,708;265;340;325,955;324,653;60;265,227;;1443,29
1018;0,5;190;304,138;267,766;265;340;325,955;324,653;60;265,223;;1442,6
1019;0,5;187;304,051;267,535;265;340;325,955;324,653;60;265,22;;1442,15
1020;0,5;188;303,979;267,535;265;340;325,955;324,653;60;265,218;;1440,99
1021;0,5;190;304,094;267,433;265;340;325,955;324,653;60;265,216;;1439,35
1022;0,5;187;304,688;267,426;265;340;325,955;324,653;60;265,207;;1439,12
1023;0,5;171;304,789;267,477;265;340;325,955;324,653;60;265,197;;1438,67
1024;0,5;174;304,905;267,433;265;340;325,955;324,653;60;265,186;;1438,67
1025;0,5;180;304,962;267,405;265;340;325,955;324,653;60;265,173;;1436,43
1026;0,5;179;304,442;267,571;265;340;325,955;324,508;60;265,156;;1435,98
1027;0,5;172;304,123;267,571;265;340;325,81;324,508;60;265,139;;1434,75
1028;0,5;180;304,036;267,39;265;340;325,81;324,508;60;265,117;;1433,35
1029;0,5;187;303,979;267,354;265;340;325,81;324,508;60;265,1;;1432,46
1030;0,5;187;304,109;267,209;265;340;325,955;324,508;60;265,076;;1429,77
1031;0,5;192;304,094;267,253;265;340;325,955;324,653;60;265,051;;1428,55
1032;0,5;196;304,239;267,26;265;340;325,955;324,653;60;265,023;;1428,1
1033;0,5;196;303,342;267,231;265;340;325,81;324,653;60;265,003;;1427,2
1034;0,5;199;303,255;267,209;265;340;325,955;324,508;60;264,98;;1426,31
1035;0,5;212;303,762;267,188;265;340;325,955;324,653;60;264,962;;1425,86
1036;0,5;221;303,154;267,267;265;340;325,955;324,653;60;264,944;;1425,42
1037;0,5;227;303,241;267,267;265;340;325,955;324,653;60;264,925;;1423,63
1038;0,5;231;303,356;267,122;265;340;325,955;324,653;60;264,911;;1421,85
1039;0,5;231;303,4;267,101;265;340;325,955;324,653;60;264,899;;1421,4
1040;0,5;231;303,4;267,086;265;340;325,955;324,653;60;264,888;;1420,95
1041;0,5;241;303,458;267,079;265;340;325,81;324,653;60;264,876;;1420,61
1042;0,5;239;303,328;267,086;265;340;325,81;324,508;60;264,863;;1418,38
1043;0,5;237;303,241;267,086;265;340;325,81;324,363;60;264,853;;1417,85
1044;0,5;244;303,183;267,086;265;340;325,81;324,508;60;264,841;;1416,75
1045;0,5;244;303,646;266,884;265;340;325,81;324,508;60;264,828;;1414,96
1046;0,5;246;303,689;266,905;265;340;325,955;324,508;60;264,814;;1414,52
1047;0,5;252;304,167;266,927;265;340;325,955;324,653;60;264,801;;1413,18
1048;0,5;248;304,268;266,942;265;340;325,955;324,653;60;264,787;;1411,5
1049;0,5;256;304,225;266,956;265;340;325,955;324,653;60;264,769;;1411,5
1050;0,5;252;304,123;266,985;265;340;325,955;324,653;60;264,752;;1410,17
1051;0,5;249;304,036;266,753;265;340;325,955;324,653;60;264,735;;1408,42
1052;0,5;250;304,543;266,725;265;340;325,955;324,653;60;264,717;;1407,53
1053;0,5;251;304,572;266,696;265;340;325,955;324,653;60;264,702;;1407,08
1054;0,5;246;304,702;266,681;265;340;325,955;324,653;60;264,681;;1405,75
1055;0,5;246;305,237;266,739;265;340;325,955;324,508;60;264,66;;1403,49
1056;0,5;252;305,237;266,761;265;340;325,955;324,508;60;264,642;;1403,49
1057;0,5;247;305,15;266,732;265;340;325,81;324,363;60;264,627;;1402,6
1058;0,5;244;305,396;266,703;265;340;325,81;324,508;60;264,605;;1401,27
1059;0,5;244;305,758;266,681;265;340;325,81;324,363;60;264,584;;1399,94
1060;0,5;245;305,483;266,717;265;340;325,81;324,219;60;264,563;;1398,61
1061;0,5;238;306,178;266,753;265;340;325,665;324,219;60;264,544;;1397,28
1062;0,5;238;306,293;266,732;265;340;325,521;324,219;60;264,523;;1396,49
1063;0,5;239;306,221;266,703;265;340;325,521;324,219;60;264,5;;1396,49
1064;0,5;240;306,149;266,681;265;340;325,521;324,074;60;264,478;;1394,64
1065;0,5;244;306,858;266,739;265;340;325,521;324,074;60;264,457;;1393,75
1066;0,5;240;306,814;266,761;265;340;325,376;324,074;60;264,442;;1393,75
1067;0,5;246;306,8;266,356;265;340;325,376;324,074;60;264,426;;1391,54
1068;0,5;248;306,916;266,356;265;340;325,521;324,074;60;264,412;;1390,32
1069;0,5;254;307,19;266,348;265;340;325,521;324,074;60;264,399;;1389,88
1070;0,5;253;307,292;266,341;265;340;325,521;323,929;60;264,389;;1389,44
1071;0,5;241;307,248;266,327;265;340;325,376;323,929;60;264,383;;1388,11
1072;0,5;244;307,147;266,312;265;340;325,232;323,929;60;264,374;;1386,34
1073;0,5;245;307,885;266,327;265;340;325,232;323,785;60;264,365;;1385,02
1074;0,5;244;307,856;266,312;265;340;325,376;323,785;60;264,36;;1384,58
1075;0,5;238;307,914;266,305;265;340;325,232;323,785;60;264,354;;1382,55
1076;0,5;244;308,232;266,319;265;340;325,232;323,929;60;264,349;;1381,58
1077;0,5;236;308,348;266,291;265;340;325,232;323,785;60;264,346;;1380,69
1078;0,5;232;308,333;266,298;265;340;325,087;323,785;60;264,348;;1380
1079;0,5;232;308,261;266,291;265;340;325,087;323,64;60;264,351;;1379,56
1080;0,5;233;308,912;266,298;265;340;325,087;323,785;60;264,357;;1378,67
1081;0,5;231;308,435;266,471;265;340;325,087;323,785;60;264,362;;1377,79
1082;0,5;221;308,492;266,486;265;340;325,087;323,64;60;264,366;;1376,47
1083;0,5;223;308,608;266,486;265;340;324,942;323,64;60;264,375;;1376,03
1084;0,5;229;308,753;266,479;265;340;324,942;323,495;60;264,387;;1375,15
1085;0,5;220;308,796;266,442;265;340;324,942;323,64;60;264,4;;1373,53
1086;0,5;220;308,811;266,435;265;340;324,942;323,495;60;264,412;;1372,34
1087;0,5;220;308,811;266,435;265;340;324,942;323,495;60;264,422;;1371,46
1088;0,5;218;308,753;266,421;265;340;324,797;323,351;60;264,437;;1370,14
1089;0,5;215;308,652;266,435;265;340;324,797;323,351;60;264,449;;1368,82
1090;0,5;208;308,652;266,442;265;340;324,653;323,351;60;264,461;;1367,5
1091;0,5;203;308,825;266,457;265;340;324,797;323,351;60;264,471;;1365,75
1092;0,5;201;308,854;266,413;265;340;324,797;323,351;60;264,482;;1364,85
1093;0,5;198;308,898;266,435;265;340;324,797;323,351;60;264,494;;1364,85
1094;0,5;191;308,811;266,196;265;340;324,797;323,351;60;264,496;;1363,53
1095;0,5;191;308,767;266,168;265;340;324,797;323,351;60;264,497;;1363,53
1096;0,5;191;308,681;266,182;265;340;324,653;323,206;60;264,497;;1363,05
1097;0,5;189;308,666;266,276;265;340;324,653;323,351;60;264,498;;1361,02
1098;0,5;180;308,637;266,254;265;340;324,653;323,206;60;264,499;;1359,02
1099;0,5;176;308,594;266,211;265;340;324,653;323,206;60;264,499;;1357,89
1100;0,5;177;308,753;266,182;265;340;324,508;323,206;60;264,499;;1357,45
1101;0,5;178;308,782;266,16;265;340;324,653;323,206;60;264,499;;1356,43
1102;0,5;178;308,29;266,211;265;340;324,653;323,206;60;264,508;;1355,14
1103;0,5;180;308,218;266,269;265;340;324,653;323,206;60;264,51;;1353,82
1104;0,5;183;308,131;266,196;265;340;324,653;323,206;60;264,521;;1352,51
1105;0,5;183;307,755;266,168;265;340;324,653;323,206;60;264,53;;1351,65
1106;0,5;187;307,74;266,189;265;340;324,653;323,206;60;264,543;;1351,65
1107;0,5;192;307,841;266,233;265;340;324,508;323,061;60;264,558;;1350,12
1108;0,5;187;307,914;266,276;265;340;324,508;323,206;60;264,577;;1348,8
1109;0,5;189;307,277;266,211;265;340;324,508;323,206;60;264,596;;1348,37
1110;0,5;196;307,292;266,182;265;340;324,508;323,061;60;264,619;;1347,06
1111;0,5;197;307,19;266,196;265;340;324,508;323,061;60;264,64;;1344,87
1112;0,5;196;307,104;266,189;265;340;324,508;323,061;60;264,661;;1344,44
1113;0,5;197;306,785;266,218;265;340;324,363;322,917;60;264,687;;1343,88
1114;0,5;189;306,829;266,233;265;340;324,363;322,917;60;264,711;;1342,57
1115;0,5;187;306,366;266,196;265;340;324,363;323,061;60;264,739;;1341,7
1116;0,5;195;306,467;266,196;265;340;324,363;323,061;60;264,765;;1340,39
1117;0,5;189;306,496;266,182;265;340;324,363;323,061;60;264,8;;1339,96
1118;0,5;183;306,236;266,218;265;340;324,363;322,917;60;264,829;;1338,93
1119;0,5;173;306,134;266,233;265;340;324,363;322,917;60;264,86;;1337,64
1120;0,5;176;306,047;266,233;265;340;324,219;322,917;60;264,895;;1336,76
1121;0,5;174;306,004;266,204;265;340;324,363;322,917;60;264,929;;1336,02
1122;0,5;165;306,134;266,146;265;340;324,219;322,772;60;264,966;;1335,15
1123;0,5;157;306,25;266,24;265;340;324,219;322,772;60;265;;1333,85
1124;0,5;152;305,613;266,587;265;340;324,219;322,772;60;265,033;;1331,9
1125;0,5;139;305,556;266,587;265;340;324,219;322,772;60;265,067;;1331,46
1126;0,5;138;305,584;266,558;265;340;324,219;322,772;60;265,094;;1331,03
1127;0,5;137;305,527;266,551;265;340;324,219;322,772;60;265,12;;1329,86
1128;0,5;130;305,02;266,529;265;340;324,219;322,772;60;265,147;;1329,43
1129;0,5;126;304,991;266,515;265;340;324,074;322,772;60;265,17;;1328,13
1130;0,5;122;304,572;266,493;265;340;324,074;322,627;60;265,187;;1326,48
1131;0,5;120;304,702;266,5;265;340;324,074;322,627;60;265,2;;1324,75
1132;0,5;119;304,21;266,464;265;340;324,074;322,627;60;265,215;;1323,45
1133;0,5;119;304,08;266,573;265;340;324,074;322,627;60;265,225;;1323,45
1134;0,5;120;303,27;266,565;265;340;324,074;322,483;60;265,234;;1322,27
1135;0,5;113;303,168;266,587;265;340;323,929;322,338;60;265,238;;1321,41
1136;0,5;111;302,98;266,58;265;340;323,785;322,483;60;265,237;;1320,54
1137;0,5;111;303,125;266,587;265;340;323,785;322,338;60;265,233;;1319,24
1138;0,5;120;302,373;266,587;265;340;323,929;322,338;60;265,223;;1318,37
1139;0,5;135;302,373;266,587;265;340;323,785;322,338;60;265,215;;1318,37
1140;0,5;136;302,054;266,573;265;340;323,929;322,338;60;265,206;;1317,08
1141;0,5;146;301,186;266,558;265;340;323,785;322,193;60;265,194;;1315,78
1142;0,5;146;301,157;266,551;265;340;323,785;322,193;60;265,18;;1314,48
1143;0,5;157;300,94;266,204;265;340;323,64;322,193;60;265,167;;1313,61
1144;0,5;158;301,071;266,276;265;340;323,64;322,049;60;265,148;;1310,35
1145;0,5;173;300,448;266,218;265;340;323,64;322,049;60;265,129;;1309,92
1146;0,5;190;300,506;266,189;265;340;323,64;322,193;60;265,111;;1309,06
1147;0,5;193;300,362;266,196;265;340;323,64;322,049;60;265,096;;1308,62
1148;0,5;196;299,971;266,204;265;340;323,64;322,049;60;265,084;;1308,19
1149;0,5;211;299,899;266,254;265;340;323,495;322,193;60;265,069;;1306,47
1150;0,5;217;299,855;266,225;265;340;323,495;322,049;60;265,05;;1306,04
1151;0,5;218;299,957;266,204;265;340;323,495;322,049;60;265,033;;1305,17
1152;0,5;227;300,072;266,182;265;340;323,495;321,904;60;265,017;;1304,31
1153;0,5;231;300,188;266,189;265;340;323,351;321,759;60;265,001;;1303,45
1154;0,5;231;300,087;266,247;265;340;323,206;321,904;60;264,984;;1302,59
1155;0,5;239;299,884;266,233;265;340;323,351;321,904;60;264,966;;1300,94
1156;0,5;244;299,812;266,211;265;340;323,351;321,904;60;264,947;;1299,92
1157;0,5;244;300,289;266,182;265;340;323,206;321,759;60;264,931;;1298,01
1158;0,5;244;300,391;266,182;265;340;323,206;321,759;60;264,916;;1297,15
1159;0,5;247;300,448;266,247;265;340;323,206;321,759;60;264,903;;1295,89
1160;0,5;253;301,157;266,233;265;340;323,061;321,759;60;264,888;;1295,46
1161;0,5;256;301,056;266,218;265;340;323,206;321,759;60;264,873;;1295,46
1162;0,5;252;300,911;266,189;265;340;323,206;321,759;60;264,855;;1293,74
1163;0,5;254;301,215;266,16;265;340;323,206;321,759;60;264,841;;1291,16
1164;0,5;242;301,201;266,233;265;340;323,206;321,759;60;264,828;;1291,16
1165;0,5;242;301,273;266,254;265;340;323,206;321,615;60;264,815;;1291,03
1166;0,5;245;302,156;266,225;265;340;323,061;321,615;60;264,801;;1288,88
1167;0,5;245;302,228;266,182;265;340;323,061;321,615;60;264,789;;1287,6
1168;0,5;247;302,445;266,204;265;340;323,206;321,615;60;264,779;;1286,31
1169;0,5;240;302,517;266,276;265;340;323,061;321,615;60;264,769;;1285,45
1170;0,5;245;302,937;266,262;265;340;322,917;321,615;60;264,758;;1284,99
1171;0,5;240;302,995;266,24;265;340;322,917;321,47;60;264,749;;1283,71
1172;0,5;233;303,733;266,16;265;340;322,917;321,47;60;264,743;;1282,92
1173;0,5;233;303,747;266,189;265;340;322,917;321,325;60;264,738;;1281,63
1174;0,5;231;304,022;266,225;265;340;322,917;321,325;60;264,733;;1280,78
1175;0,5;231;304,181;266,262;265;340;322,917;321,325;60;264,729;;1278,8
1176;0,5;222;304,036;266,218;265;340;322,917;321,325;60;264,732;;1278,37
1177;0,5;220;303,95;266,204;265;340;322,917;321,325;60;264,731;;1277,96
1178;0,5;220;304,702;266,182;265;340;322,917;321,325;60;264,736;;1277,84
1179;0,5;216;304,832;266,175;265;340;322,772;321,325;60;264,74;;1275,7
1180;0,5;205;305,237;266,247;265;340;322,772;321,325;60;264,744;;1274,42
1181;0,5;204;305,223;266,247;265;340;322,917;321,325;60;264,75;;1272,71
1182;0,5;209;305,122;266,218;265;340;322,772;321,325;60;264,756;;1271,43
1183;0,5;202;304,977;266,189;265;340;322,772;321,181;60;264,761;;1271,11
1184;0,5;201;304,977;266,168;265;340;322,772;321,325;60;264,766;;1270,26
1185;0,5;201;305,396;266,262;265;340;322,772;321,325;60;264,77;;1269,19
1186;0,5;196;305,483;266,254;265;340;322,772;321,325;60;264,776;;1268,34
1187;0,5;178;305,44;266,225;265;340;322,772;321,181;60;264,779;;1267,06
1188;0,5;176;305,382;266,196;265;340;322,627;321,181;60;264,781;;1265,83
1189;0,5;179;305,324;266,182;265;340;322,627;321,036;60;264,786;;1264,98
1190;0,5;182;305,223;266,204;265;340;322,627;321,181;60;264,788;;1264,55
1191;0,5;183;305,237;266,269;265;340;322,483;321,036;60;264,793;;1263,52
1192;0,5;182;305,411;266,247;265;340;322,627;320,891;60;264,798;;1261,82
1193;0,5;180;305,527;266,095;265;340;322,627;320,891;60;264,807;;1261,31
1194;0,5;174;305,527;266,073;265;340;322,627;320,891;60;264,815;;1260,37
1195;0,5;174;305,527;266,059;265;340;322,483;320,891;60;264,824;;1259,94
1196;0,5;174;305,454;266,059;265;340;322,338;320,891;60;264,833;;1257,82
1197;0,5;176;305,483;266,037;265;340;322,338;320,891;60;264,84;;1256,46
1198;0,5;174;304,977;265,943;265;340;322,338;320,747;60;264,849;;1255,61
1199;0,5;175;305,035;265,936;265;340;322,338;320,747;60;264,861;;1254,34
1200;0,5;177;305,165;265,965;265;340;322,338;320,747;60;264,877;;1254,28
1201;0,5;177;305,194;265,813;265;340;322,338;320,747;60;264,892;;1252,59
1202;0,5;174;305,208;265,972;265;340;322,193;320,747;60;264,913;;1251,31
1203;0,5;174;304,485;265,987;265;340;322,338;320,891;60;264,934;;1250,46
1204;0,5;176;304,442;265,979;265;340;322,338;320,891;60;264,957;;1249,45
1205;0,5;182;304,355;266,001;265;340;322,338;320,747;60;264,985;;1247,33
1206;0,5;180;304,398;266,001;265;340;322,338;320,747;60;265,011;;1246,91
1207;0,5;179;304,499;266,016;265;340;322,338;320,747;60;265,041;;1246,06
1208;0,5;170;304,239;266,023;265;340;322,338;320,747;60;265,068;;1244,37
1209;0,5;161;304,152;266,023;265;340;322,338;320,891;60;265,103;;1243,52
1210;0,5;162;304,152;266,073;265;340;322,338;320,891;60;265,136;;1242,25
1211;0,5;157;304,051;266,095;265;340;322,338;320,747;60;265,166;;1241,4
1212;0,5;152;303,241;266,124;265;340;322,193;320,747;60;265,201;;1240,98
1213;0,5;146;303,299;266,124;265;340;322,338;320,602;60;265,229;;1240,12
1214;0,5;143;303,993;265,842;265;340;322,193;320,602;60;265,26;;1238,24
1215;0,5;139;304,022;265,828;265;340;322,193;320,602;60;265,288;;1237,55
1216;0,5;127;303,139;265,828;265;340;322,049;320,602;60;265,318;;1236,38
1217;0,5;127;303,038;265,82;265;340;322,049;320,457;60;265,343;;1235,54
1218;0,5;132;302,951;265,835;265;340;322,049;320,457;60;265,372;;1233,02
1219;0,5;124;302,691;265,842;265;340;321,904;320,457;60;265,398;;1232,65
1220;0,5;121;302,763;265,849;265;340;321,904;320,457;60;265,425;;1232,09
1221;0,5;122;302,879;265,835;265;340;321,904;320,457;60;265,453;;1231,25
1222;0,5;116;302,214;265,828;265;340;321,904;320,168;60;265,48;;1229,68
1223;0,5;110;302,141;265,806;265;340;321,904;320,312;60;265,505;;1229,26
1224;0,5;109;301,736;265,828;265;340;321,904;320,312;60;265,527;;1228
1225;0,5;113;301,418;265,907;265;340;321,904;320,312;60;265,553;;1227,16
1226;0,5;112;300,911;265,907;265;340;321,759;320,312;60;265,582;;1226,31
1227;0,5;108;300,94;265,871;265;340;321,759;320,312;60;265,607;;1224,65
1228;0,5;109;300,622;265,885;265;340;321,759;320,168;60;265,634;;1224,15
1229;0,5;109;300,709;265,856;265;340;321,759;320,168;60;265,667;;1222,57
1230;0,5;105;300,116;265,864;265;340;321,615;320,168;60;265,696;;1221,31
1231;0,5;102;300,014;265,893;265;340;321,759;320,168;60;265,73;;1220,05
1232;0,5;105;299,595;265,871;265;340;321,759;320,023;60;265,762;;1219,21
1233;0,5;105;299,552;265,893;265;340;321,615;320,168;60;265,8;;1217,53
1234;0,5;103;298,828;266,016;265;340;321,759;320,168;60;265,839;;1217,11
1235;0,5;97;298,958;265,871;265;340;321,615;320,168;60;265,874;;1216,27
1236;0,5;100;298,278;266,059;265;340;321,615;320,312;60;265,916;;1215,24
1237;0,5;103;298,828;265,856;265;340;321,615;320,168;60;265,962;;1214,82
1238;0,5;103;298,105;265,856;265;340;321,615;320,023;60;266,001;;1213,98
1239;0,5;99;297,989;265,864;265;340;321,47;320,023;60;266,036;;1212,72
1240;0,5;92;297,714;265,864;265;340;321,47;319,878;60;266,072;;1211,47
1241;0,5;85;297,598;265,864;265;340;321,47;319,878;60;266,098;;1210,63
1242;0,5;78;296,817;265,864;265;340;321,47;319,878;60;266,121;;1209,79
1243;0,5;73;296,947;266,03;265;340;321,47;320,023;60;266,139;;1208,54
1244;0,5;75;297,034;266,182;265;340;321,615;320,023;60;266,153;;1207,28
1245;0,5;76;296,427;266,153;265;340;321,47;320,023;60;266,164;;1206,44
1246;0,5;74;295,978;266,153;265;340;321,615;320,023;60;266,171;;1205,3
1247;0,5;73;295,862;266,225;265;340;321,47;319,878;60;266,166;;1203,88
1248;0,5;77;295,269;266,225;265;340;321,325;320,023;60;266,171;;1202,21
1249;0,5;78;295,24;266,189;265;340;321,325;319,734;60;266,172;;1200,65
1250;0,5;81;294,821;266,168;265;340;321,181;319,878;60;266,164;;1200,25
1251;0,5;89;294,416;266,146;265;340;321,325;319,878;60;266,151;;1199,84
1252;0,5;94;294,502;266,182;265;340;321,325;319,734;60;266,145;;1199
1253;0,5;103;293,981;266,233;265;340;321,325;319,878;60;266,129;;1197,63
1254;0,5;113;293,866;266,211;265;340;321,325;319,878;60;266,116;;1196,79
1255;0,5;118;292,969;266,189;265;340;321,325;319,878;60;266,103;;1195,96
1256;0,5;122;292,954;266,16;265;340;321,181;319,734;60;266,091;;1194,71
1257;0,5;132;292,766;266,189;265;340;321,181;319,734;60;266,08;;1193,16
1258;0,5;141;292,867;266,247;265;340;321,181;319,589;60;266,071;;1191,97
1259;0,5;151;292,477;266,225;265;340;321,181;319,589;60;266,063;;1191,05
1260;0,5;165;292,173;266,204;265;340;321,036;319,589;60;266,047;;1191,05
1261;0,5;165;292,535;266,168;265;340;321,036;319,589;60;266,039;;1189,21
1262;0,5;174;291,768;266,16;265;340;321,036;319,589;60;266,028;;1187,54
1263;0,5;181;291,681;266,225;265;340;321,036;319,589;60;266,021;;1186,52
1264;0,5;188;291,623;266,24;265;340;321,036;319,444;60;266,014;;1185,27
1265;0,5;192;291,71;266,204;265;340;321,036;319,444;60;266,011;;1184,02
1266;0,5;196;291,84;266,189;265;340;321,036;319,589;60;266,009;;1183,19
1267;0,5;196;291,898;266,16;265;340;321,036;319,589;60;266,006;;1182,78
1268;0,5;196;292,13;266,182;265;340;321,181;319,589;60;265,997;;1181,94
1269;0,5;196;291,985;266,247;265;340;321,036;319,589;60;265,988;;1180,7
1270;0,5;197;291,898;266,247;265;340;321,036;319,589;60;265,977;;1178,21
1271;0,5;196;291,898;266,204;265;340;321,036;319,589;60;265,966;;1177,38
1272;0,5;196;292,81;266,175;265;340;321,036;319,589;60;265,958;;1177,38
1273;0,5;185;292,925;266,16;265;340;321,036;319,589;60;265,947;;1175,94
1274;0,5;189;293,186;266,196;265;340;321,036;319,589;60;265,941;;1174,28
1275;0,5;187;293,113;266,247;265;340;321,036;319,589;60;265,934;;1173,04
1276;0,5;176;293,374;266,233;265;340;321,036;319,589;60;265,925;;1172,63
1277;0,5;186;293,692;266,16;265;340;320,891;319,444;60;265,914;;1172,21
1278;0,5;179;293,793;266,146;265;340;320,891;319,3;60;265,9;;1171,38
1279;0,5;174;294,039;266,168;265;340;320,891;319,3;60;265,89;;1170,14
1280;0,5;174;294,618;266,276;265;340;320,747;319,155;60;265,88;;1169,53
1281;0,5;164;294,734;266,24;265;340;320,602;319,155;60;265,871;;1168,29
1282;0,5;161;294,951;266,175;265;340;320,602;319,01;60;265,863;;1167,46
1283;0,5;167;294,821;266,146;265;340;320,602;319,01;60;265,859;;1165,81
1284;0,5;162;294,734;266,211;265;340;320,457;319,01;60;265,852;;1164,57
1285;0,5;163;294,777;266,269;265;340;320,457;319,01;60;265,845;;1164,41
1286;0,5;161;295,66;266,218;265;340;320,602;318,866;60;265,842;;1162,37
1287;0,5;150;295,732;266,189;265;340;320,457;319,01;60;265,843;;1162,37
1288;0,5;154;295,79;266,189;265;340;320,457;319,01;60;265,841;;1160,72
1289;0,5;155;295,732;266,175;265;340;320,457;319,01;60;265,84;;1160,3
1290;0,5;156;295,645;266,254;265;340;320,457;319,01;60;265,835;;1158,68
1291;0,5;150;295,327;266,254;265;340;320,457;319,01;60;265,834;;1157,85
1292;0,5;153;295,197;266,225;265;340;320,457;319,01;60;265,831;;1156,59
1293;0,5;155;295,747;266,196;265;340;320,312;318,866;60;265,827;;1155,36
1294;0,5;147;295,877;266,175;265;340;320,457;318,866;60;265,824;;1154,94
1295;0,5;145;296,021;266,211;265;340;320,312;318,866;60;265,816;;1153,71
1296;0,5;145;295,906;266,233;265;340;320,312;318,721;60;265,802;;1151,65
1297;0,5;145;295,79;266,254;265;340;320,312;318,866;60;265,79;;1150,83
1298;0,5;145;295,761;266,225;265;340;320,168;318,721;60;265,78;;1150,48
1299;0,5;150;295,877;266,196;265;340;320,168;318,721;60;265,767;;1149,51
1300;0,5;150;295,992;266,16;265;340;320,168;318,721;60;265,748;;1148,28
1301;0,5;150;296,021;266,225;265;340;320,168;318,721;60;265,732;;1147,46
1302;0,5;150;295,949;266,262;265;340;320,168;318,721;60;265,718;;1146,64
1303;0,5;153;295,833;266,233;265;340;320,168;318,721;60;265,702;;1145,41
1304;0,5;154;295,747;266,153;265;340;320,168;318,721;60;265,679;;1144,57
1305;0,5;156;295,833;265,878;265;340;320,168;318,721;60;265,659;;1142,81
1306;0,5;165;295,949;265,878;265;340;320,023;318,721;60;265,64;;1142,12
1307;0,5;170;295,964;266,11;265;340;320,023;318,721;60;265,624;;1141,6
1308;0,5;169;295,949;266,088;265;340;320,168;318,576;60;265,61;;1139,96
1309;0,5;180;295,819;266,117;265;340;320,023;318,721;60;265,594;;1139,14
1310;0,5;183;295,732;266,146;265;340;320,023;318,576;60;265,571;;1137,5
1311;0,5;183;295,848;266,146;265;340;320,168;318,576;60;265,552;;1137,09
1312;0,5;194;296,021;266,11;265;340;320,168;318,576;60;265,529;;1136,27
1313;0,5;196;296,05;266,131;265;340;320,168;318,576;60;265,505;;1134,64
1314;0,5;196;296,209;266,11;265;340;320,023;318,576;60;265,485;;1133,41
1315;0,5;197;296,065;266,117;265;340;319,878;318,432;60;265,463;;1132,19
1316;0,5;196;295,978;266,11;265;340;320,023;318,576;60;265,442;;1132,19
1317;0,5;205;295,978;266,095;265;340;320,023;318,432;60;265,421;;1130,55
1318;0,5;206;296,889;266,088;265;340;319,878;318,576;60;265,397;;1129,33
1319;0,5;201;297,02;266,11;265;340;319,878;318,432;60;265,375;;1128,51
1320;0,5;204;297,049;266,11;265;340;320,023;318,576;60;265,355;;1127,7
1321;0,5;206;297,208;266,081;265;340;320,023;318,576;60;265,337;;1126,47
1322;0,5;212;297,106;266,081;265;340;320,023;318,432;60;265,315;;1125,63
1323;0,5;214;297,512;265,813;265;340;319,878;318,432;60;265,291;;1123,78
1324;0,5;218;297,005;266,073;265;340;319,878;318,432;60;265,269;;1122,59
1325;0,5;210;297,888;265,856;265;340;319,734;318,287;60;265,25;;1122,19
1326;0,5;209;297,989;266,052;265;340;319,878;318,287;60;265,233;;1121,18
1327;0,5;217;298,134;265,82;265;340;319,734;318,142;60;265,218;;1119,56
1328;0,5;220;298,712;265,878;265;340;319,734;318,142;60;265,199;;1119,15
1329;0,5;218;298,582;265,893;265;340;319,589;317,998;60;265,185;;1117,93
1330;0,5;219;298,886;265,914;265;340;319,589;317,998;60;265,169;;1116,78
1331;0,5;219;298,828;265,893;265;340;319,444;317,853;60;265,159;;1115,24
1332;0,5;213;298,886;265,922;265;340;319,3;317,853;60;265,144;;1114,43
1333;0,5;212;299,537;265,994;265;340;319,3;317,708;60;265,132;;1113,21
1334;0,5;209;299,609;266,023;265;340;319,155;317,564;60;265,117;;1112,59
1335;0,5;211;299,624;265,994;265;340;319,155;317,564;60;265,109;;1111,38
1336;0,5;212;300,159;266,008;265;340;319,155;317,564;60;265,104;;1110,97
1337;0,5;208;299,928;266,045;265;340;319,01;317,564;60;265,099;;1110,28
1338;0,5;202;299,855;265,726;265;340;319,01;317,419;60;265,099;;1107,65
1339;0,5;202;299,913;265,697;265;340;319,01;317,419;60;265,099;;1106,84
1340;0,5;205;300,391;265,668;265;340;319,01;317,274;60;265,099;;1106,43
1341;0,5;204;300,434;265,654;265;340;319,01;317,274;60;265,101;;1104,41
1342;0,5;203;300,521;265,69;265;340;319,01;317,419;60;265,104;;1103,19
1343;0,5;201;300,839;265,741;265;340;318,866;317,274;60;265,104;;1102,63
1344;0,5;198;300,767;265,712;265;340;318,866;317,274;60;265,115;;1101,82
1345;0,5;195;300,883;265,69;265;340;318,721;317,274;60;265,127;;1100,61
1346;0,5;194;300,883;265,661;265;340;318,721;317,274;60;265,132;;1099,8
1347;0,5;189;300,94;265,661;265;340;318,721;317,13;60;265,137;;1098,75
1348;0,5;183;301,056;265,719;265;340;318,721;317,13;60;265,141;;1097,54
1349;0,5;182;301,157;265,748;265;340;318,721;317,13;60;265,147;;1097,4
1350;0,5;177;301,114;265,734;265;340;318,721;317,13;60;265,148;;1096,23
1351;0,5;174;301,707;265,712;265;340;318,721;317,274;60;265,153;;1094,62
1352;0,5;169;301,649;265,697;265;340;318,721;317,13;60;265,159;;1094,62
1353;0,5;161;301,577;265,676;265;340;318,721;317,274;60;265,163;;1093,43
1354;0,5;157;301,591;265,654;265;340;318,721;317,274;60;265,17;;1092,62
1355;0,5;156;301,664;265,676;265;340;318,721;317,274;60;265,173;;1091,42
1356;0,5;152;301,751;265,741;265;340;318,721;317,13;60;265,178;;1089,95
1357;0,5;150;301,765;265,734;265;340;318,721;317,13;60;265,192;;1088,74
1358;0,5;145;301,765;265,705;265;340;318,576;317,13;60;265,202;;1088,34
1359;0,5;142;301,707;265,676;265;340;318,576;316,985;60;265,213;;1086,73
1360;0,5;142;301,606;265,654;265;340;318,576;316,985;60;265,223;;1085,52
1361;0,5;142;301,534;265,712;265;340;318,576;316,985;60;265,232;;1084,91
1362;0,5;141;300,911;265,748;265;340;318,576;316,985;60;265,24;;1084,51
1363;0,5;142;301,027;265,712;265;340;318,721;316,985;60;265,25;;1083,57
1364;0,5;142;301,143;265,683;265;340;318,576;317,13;60;265,256;;1082,54
1365;0,5;141;301,143;265,654;265;340;318,576;316,985;60;265,265;;1080,27
1366;0,5;140;300,825;265,683;265;340;318,576;316,985;60;265,277;;1079,46
1367;0,5;141;300,42;265,734;265;340;318,576;316,985;60;265,288;;1078,66
1368;0,5;143;300,579;265,719;265;340;318,576;316,985;60;265,301;;1077,06
1369;0,5;142;300,608;265,683;265;340;318,576;316,84;60;265,312;;1075,61
1370;0,5;141;300,014;265,654;265;340;318,432;316,84;60;265,322;;1074,41
1371;0,5;144;300,145;265,734;265;340;318,432;316,84;60;265,334;;1072,81
1372;0,5;148;300,188;265,741;265;340;318,432;316,84;60;265,341;;1072,01
1373;0,5;144;300,029;265,712;265;340;318,432;316,84;60;265,355;;1070,8
1374;0,5;141;299,378;265,683;265;340;318,432;316,84;60;265,359;;1070
1375;0,5;147;299,248;265,654;265;340;318,432;316,985;60;265,367;;1069,37
1376;0,5;152;299,146;265,676;265;340;318,432;316,985;60;265,371;;1068,97
1377;0,5;150;298,973;265,748;265;340;318,576;316,985;60;265,38;;1066,57
1378;0,5;145;299,031;265,726;265;340;318,576;316,985;60;265,385;;1065,57
1379;0,5;145;299,103;265,697;265;340;318,576;316,985;60;265,386;;1065,57
1380;0,5;147;299,074;265,668;265;340;318,576;316,985;60;265,389;;1064,23
1381;0,5;147;298,669;265,697;265;340;318,576;316,985;60;265,393;;1063,04
1382;0,5;152;298,568;265,748;265;340;318,576;316,985;60;265,396;;1062,24
1383;0,5;161;298,163;265,734;265;340;318,576;317,13;60;265,396;;1061,84
1384;0,5;160;298,119;265,697;265;340;318,576;317,13;60;265,396;;1061,11
1385;0,5;154;298,785;265,654;265;340;318,576;316,985;60;265,4;;1060,71
1386;0,5;148;298,105;265,69;265;340;318,576;316,985;60;265,4;;1058,72
1387;0,5;150;298,105;265,748;265;340;318,432;316,985;60;265,399;;1057,52
1388;0,5;156;298,018;265,726;265;340;318,432;316,84;60;265,396;;1056,62
1389;0,5;159;297,917;265,314;265;340;318,432;316,84;60;265,394;;1055,03
1390;0,5;161;297,844;265,299;265;340;318,432;316,84;60;265,386;;1053,84
1391;0,5;161;297,873;265,408;265;340;318,432;316,84;60;265,377;;1053,44
1392;0,5;167;297,396;265,415;265;340;318,432;316,84;60;265,365;;1052,25
1393;0,5;173;297,483;265,408;265;340;318,287;316,696;60;265,355;;1051,45
1394;0,5;175;297,598;265,415;265;340;318,287;316,696;60;265,339;;1049,95
1395;0,5;175;297,642;265,408;265;340;318,432;316,84;60;265,323;;1048,59
1396;0,5;178;297,627;265,394;265;340;318,287;316,84;60;265,304;;1048,19
1397;0,5;183;297,598;265,372;265;340;318,432;316,985;60;265,29;;1047,59
1398;0,5;182;297,569;265,357;265;340;318,432;316,84;60;265,275;;1046,09
1399;0,5;182;297,483;265,372;265;340;318,432;316,84;60;265,266;;1044,67
1400;0,5;183;297,512;265,336;265;340;318,432;316,84;60;265,252;;1044,32
1401;0,5;188;297,598;265,299;265;340;318,432;316,84;60;265,24;;1043,13
1402;0,5;192;297,642;265,516;265;340;318,432;316,84;60;265,229;;1042,14
1403;0,5;198;297,729;265,263;265;340;318,432;316,84;60;265,213;;1041,11
1404;0,5;203;297,295;265,603;265;340;318,432;316,84;60;265,203;;1039,65
1405;0,5;203;297,844;265,285;265;340;318,576;316,84;60;265,192;;1039,11
1406;0,5;211;298,047;265,321;265;340;318,432;316,985;60;265,181;;1038,32
1407;0,5;218;297,844;265,596;265;340;318,432;316,84;60;265,169;;1036,31
1408;0,5;206;297,815;265,336;265;340;318,432;316,84;60;265,164;;1034,73
1409;0,5;202;297,873;265,314;265;340;318,432;316,84;60;265,157;;1033,84
1410;0,5;205;298,032;265,531;265;340;318,432;316,84;60;265,15;;1032,26
1411;0,5;206;298,322;265,488;265;340;318,432;316,84;60;265,145;;1031,67
1412;0,5;205;298,264;265,516;265;340;318,432;316,84;60;265,14;;1030,88
1413;0,5;205;298,177;265,596;265;340;318,287;316,696;60;265,135;;1029,85
1414;0,5;205;298,105;265,567;265;340;318,432;316,696;60;265,128;;1029,19
1415;0,5;205;298,828;265,553;265;340;318,287;316,696;60;265,128;;1028,52
1416;0,5;198;298,944;265,545;265;340;318,287;316,696;60;265,122;;1027,34
1417;0,5;196;299,074;265,538;265;340;318,287;316,696;60;265,12;;1026,95
1418;0,5;197;299,392;265,524;265;340;318,287;316,696;60;265,118;;1025,65
1419;0,5;196;299,334;265,516;265;340;318,432;316,84;60;265,115;;1023,97
1420;0,5;189;299,233;265,516;265;340;318,287;316,696;60;265,114;;1021,94
1421;0,5;192;299,132;265,509;265;340;318,287;316,696;60;265,113;;1020,77
1422;0,5;192;299,074;265,538;265;340;318,432;316,696;60;265,115;;1020,37
1423;0,5;184;299,074;265,531;265;340;318,432;316,696;60;265,115;;1019,19
1424;0,5;176;299,928;265,567;265;340;318,287;316,84;60;265,122;;1018,41
1425;0,5;173;300,058;265,582;265;340;318,287;316,696;60;265,128;;1017,23
1426;0,5;174;300,13;265,545;265;340;318,142;316,696;60;265,134;;1016,81
1427;0,5;167;300,072;265,524;265;340;318,142;316,551;60;265,142;;1016,42
1428;0,5;168;299,971;265,502;265;340;318,142;316,551;60;265,148;;1014,85
1429;0,5;170;299,884;265,524;265;340;318,142;316,696;60;265,154;;1013,89
1430;0,5;169;299,87;265,582;265;340;318,142;316,696;60;265,159;;1011,89
1431;0,5;161;299,971;265,596;265;340;318,142;316,696;60;265,163;;1011,5
1432;0,5;163;300,087;265,56;265;340;318,142;316,696;60;265,167;;1010,3
1433;0,5;164;300,043;265,263;265;340;318,287;316,696;60;265,171;;1008,34
1434;0,5;161;300,029;265,516;265;340;318,287;316,696;60;265,177;;1007,75
1435;0,5;161;299,855;265,336;265;340;318,287;316,696;60;265,191;;1006,66
1436;0,5;161;299,566;265,365;265;340;318,287;316,696;60;265,204;;1005,88
1437;0,5;156;299,638;265,336;265;340;318,142;316,696;60;265,217;;1005,09
1438;0,5;156;299,696;265,314;265;340;318,142;316,696;60;265,232;;1003,92
1439;0,5;165;299,769;265,285;265;340;318,142;316,696;60;265,246;;1003,53
1440;0,5;169;299,711;265,589;265;340;318,142;316,551;60;265,264;;1001,58
1441;0,5;154;299,624;265,415;265;340;318,142;316,696;60;265,27;;1000,4
1442;0,5;148;299,552;265,379;265;340;318,287;316,696;60;265,287;;998,894
1443;0,5;147;299,45;265,365;265;340;318,287;316,696;60;265,3;;998,16
1444;0,5;141;299,421;265,343;265;340;318,142;316,696;60;265,311;;997,771
1445;0,5;143;298,872;265,336;265;340;318,142;316,551;60;265,327;;996,212
1446;0,5;135;299,002;265,314;265;340;317,998;316,551;60;265,333;;995,433
1447;0,5;145;299,103;265,553;265;340;318,142;316,551;60;265,346;;994,265
1448;0,5;147;299,089;265,314;265;340;317,998;316,551;60;265,352;;993,876
1449;0,5;143;298,9;265,538;265;340;318,142;316,551;60;265,357;;993,098
1450;0,5;140;298,061;265,538;265;340;318,142;316,551;60;265,362;;991,931
1451;0,5;141;298,09;265,545;265;340;317,998;316,551;60;265,366;;990,376
1452;0,5;141;298,119;265,538;265;340;318,142;316,551;60;265,37;;989,987
1453;0,5;141;298,206;265,538;265;340;318,142;316,696;60;265,37;;989,599
1454;0,5;141;298,611;265,191;265;340;318,142;316,696;60;265,365;;987,268
1455;0,5;142;298,076;265,213;265;340;318,142;316,551;60;265,358;;985,716
1456;0,5;149;298,003;265,205;265;340;318,142;316,551;60;265,352;;984,94
1457;0,5;147;297,888;265,184;265;340;318,142;316,406;60;265,348;;983,777
1458;0,5;150;297,786;265,155;265;340;317,998;316,406;60;265,343;;982,686
1459;0,5;152;297,135;265,162;265;340;317,998;316,551;60;265,338;;982,299
1460;0,5;147;297,295;265,213;265;340;317,853;316,406;60;265,334;;981,524
1461;0,5;159;297,338;265,234;265;340;317,853;316,406;60;265,333;;980,362
1462;0,5;159;297,541;265,177;265;340;317,853;316,262;60;265,329;;979,588
1463;0,5;166;297,381;265,177;265;340;317,853;316,262;60;265,326;;977,447
1464;0,5;166;297,396;265,177;265;340;317,853;316,406;60;265,323;;977,06
1465;0,5;167;296,788;265,234;265;340;317,853;316,406;60;265,327;;975,9
1466;0,5;169;296,788;265,227;265;340;317,998;316,406;60;265,332;;973,968
1467;0,5;173;296,875;265,198;265;340;317,998;316,406;60;265,334;;973,582
1468;0,5;175;297,005;265,169;265;340;317,998;316,551;60;265,342;;972,181
1469;0,5;180;297,063;265,133;265;340;318,142;316,551;60;265,348;;971,795
1470;0,5;182;296,976;265,169;265;340;318,142;316,696;60;265,354;;971,409
1471;0,5;182;296,846;265,242;265;340;318,142;316,696;60;265,359;;969,865
1472;0,5;177;296,788;265,22;265;340;318,142;316,696;60;265,363;;968,323
1473;0,5;175;296,846;265,184;265;340;318,287;316,696;60;265,368;;968,323
1474;0,5;174;296,976;265,148;265;340;318,287;316,696;60;265,371;;966,958
1475;0,5;173;297,063;265,451;265;340;318,142;316,696;60;265,37;;965,802
1476;0,5;172;297,483;265,191;265;340;318,142;316,551;60;265,368;;965,802
1477;0,5;167;297,367;265,242;265;340;318,142;316,551;60;265,361;;963,108
1478;0,5;161;297,541;265,191;265;340;317,998;316,551;60;265,354;;962,868
1479;0,5;155;297,193;265,545;265;340;317,998;316,551;60;265,348;;962,483
1480;0,5;158;297,179;265,56;265;340;317,853;316,262;60;265,343;;960,297
1481;0,5;158;297,28;265,545;265;340;317,853;316,262;60;265,341;;959,529
1482;0,5;150;297,323;265,553;265;340;317,853;316,262;60;265,336;;959,019
1483;0,5;149;297,815;265,133;265;340;317,853;316,406;60;265,333;;956,716
1484;0,5;150;297,786;265,162;265;340;317,853;316,262;60;265,329;;955,564
1485;0,5;164;297,714;265,249;265;340;317,853;316,406;60;265,329;;954,891
1486;0,5;164;297,642;265,213;265;340;317,998;316,406;60;265,326;;954,124
1487;0,5;156;297,555;265,177;265;340;317,853;316,406;60;265,329;;953,689
1488;0,5;161;297,627;265,148;265;340;317,853;316,406;60;265,331;;952,166
1489;0,5;160;297,729;265,148;265;340;317,853;316,406;60;265,33;;950,412
1490;0,5;160;297,786;265,234;265;340;317,853;316,406;60;265,33;;950,03
1491;0,5;155;297,844;265,234;265;340;317,853;316,262;60;265,329;;948,612
1492;0,5;155;297,801;265,191;265;340;317,853;316,406;60;265,326;;947,847
1493;0,5;156;297,714;265,169;265;340;317,853;316,262;60;265,323;;947,082
1494;0,5;165;297,671;265,148;265;340;317,708;316,262;60;265,321;;946,317
1495;0,5;165;297,598;265,307;265;340;317,853;316,262;60;265,316;;945,171
1496;0,5;157;297,526;265,336;265;340;317,708;316,117;60;265,309;;944,025
1497;0,5;157;297,526;265,372;265;340;317,708;316,117;60;265,3;;943,149
1498;0,5;157;297,584;265,386;265;340;317,708;316,117;60;265,289;;941,24
1499;0,5;157;297,642;265,372;265;340;317,708;316,262;60;265,279;;940,859
1500;0,5;162;297,7;265,394;265;340;317,708;316,262;60;265,269;;939,334
1501;0,5;168;297,743;265,415;265;340;317,564;316,262;60;265,261;;938,585
1502;0,5;168;297,714;265,227;265;340;317,708;316,117;60;265,254;;937,867
1503;0,5;168;297,613;265,227;265;340;317,853;316,117;60;265,248;;935,666
1504;0,5;167;297,323;265,205;265;340;317,853;316,262;60;265,232;;934,524
1505;0,5;170;297,295;265,126;265;340;317,853;316,262;60;265,218;;934,083
1506;0,5;176;297,237;265,119;265;340;317,853;316,406;60;265,207;;932,182
1507;0,5;178;296,976;265,234;265;340;317,853;316,262;60;265,192;;931,041
1508;0,5;187;297,049;265,249;265;340;317,708;316,262;60;265,178;;931,041
1509;0,5;196;297,034;265,22;265;340;317,708;316,262;60;265,161;;929,522
1510;0,5;196;296,947;265,148;265;340;317,853;316,262;60;265,143;;929,142
1511;0,5;197;296,846;265,169;265;340;317,708;316,262;60;265,127;;927,623
1512;0,5;203;296,788;265,169;265;340;317,708;316,262;60;265,113;;926,485
1513;0,5;211;296,861;265,227;265;340;317,853;316,262;60;265,101;;925,347
1514;0,5;209;297,569;265,213;265;340;317,708;316,262;60;265,092;;924,755
1515;0,5;202;297,685;265,22;265;340;317,708;316,262;60;265,082;;922,918
1516;0,5;204;297,815;265,227;265;340;317,708;316,117;60;265,076;;922,531
1517;0,5;204;297,671;265,205;265;340;317,564;316,117;60;265,078;;921,395
1518;0,5;201;297,396;265,148;265;340;317,564;315,972;60;265,079;;919,792
1519;0,5;203;297,859;265,155;265;340;317,564;315,972;60;265,08;;919,591
1520;0,5;204;297,96;265,22;265;340;317,564;315,972;60;265,082;;917,7
1521;0,5;201;298,076;265,234;265;340;317,419;315,972;60;265,085;;917,7
1522;0,5;201;298,611;265,213;265;340;317,564;315,972;60;265,086;;917,342
1523;0,5;204;298,611;265,177;265;340;317,564;315,828;60;265,088;;915,075
1524;0,5;190;298,438;265,155;265;340;317,419;315,972;60;265,096;;914,698
1525;0,5;187;298,481;265,148;265;340;317,419;315,828;60;265,098;;914,32
1526;0,5;188;298,857;265,177;265;340;317,419;315,828;60;265,105;;912,433
1527;0,5;181;298,843;265,242;265;340;317,419;315,972;60;265,109;;910,749
1528;0,5;181;298,944;265,22;265;340;317,419;315,972;60;265,108;;910,032
1529;0,5;174;299,797;265,169;265;340;317,564;315,972;60;265,11;;909,035
1530;0,5;173;299,334;265,184;265;340;317,564;315,972;60;265,108;;908,425
1531;0,5;168;299,334;265,155;265;340;317,419;315,972;60;265,105;;907,295
1532;0,5;166;299,277;265,148;265;340;317,419;315,828;60;265,101;;906,161
1533;0,5;161;299,638;265,22;265;340;317,419;315,972;60;265,093;;905,785
1534;0,5;161;299,957;265,242;265;340;317,419;315,828;60;265,083;;904,28
1535;0,5;155;299,899;265,169;265;340;317,419;315,828;60;265,071;;902,401
1536;0,5;148;300,014;265,148;265;340;317,564;315,972;60;265,06;;901,649
1537;0,5;147;300,13;265,133;265;340;317,564;315,972;60;265,053;;899,771
1538;0,5;148;300,072;265,213;265;340;317,564;315,972;60;265,044;;899,396
1539;0,5;153;300,043;265,234;265;340;317,419;315,972;60;265,04;;899,021
1540;0,5;153;299,884;265,162;265;340;317,419;315,972;60;265,036;;897,52
1541;0,5;154;299,884;265,133;265;340;317,419;315,972;60;265,032;;896,77
1542;0,5;155;299,986;265,119;265;340;317,419;316,117;60;265,026;;896,109
1543;0,5;156;300,101;265,184;265;340;317,419;315,972;60;265,02;;894,369
1544;0,5;156;300,145;265,205;265;340;317,419;315,972;60;265,012;;892,83
1545;0,5;156;300,058;265,169;265;340;317,419;315,828;60;265,003;;891,707
1546;0,5;162;299,957;265,133;265;340;317,419;315,972;60;264,991;;890,925
1547;0,5;161;299,363;265,119;265;340;317,419;315,828;60;264,989;;889,951
1548;0,5;167;299,392;265,169;265;340;317,419;315,828;60;264,981;;889,203
1549;0,5;180;299,465;265,213;265;340;317,274;315,828;60;264,977;;888,082
1550;0,5;182;299,552;265,177;265;340;317,419;315,828;60;264,968;;887,334
1551;0,5;182;299,653;265,148;265;340;317,419;315,828;60;264,96;;886,424
1552;0,5;183;299,711;265,119;265;340;317,274;315,972;60;264,953;;885,677
1553;0,5;189;299,754;265,148;265;340;317,419;315,828;60;264,947;;884,888
1554;0,5;187;299,754;265,213;265;340;317,274;315,683;60;264,941;;882,65
1555;0,5;187;299,711;265,198;265;340;317,13;315,683;60;264,936;;882,65
1556;0,5;191;298,886;265,162;265;340;317,13;315,683;60;264,929;;881,904
1557;0,5;201;298,828;265,14;265;340;317,274;315,683;60;264,926;;879,669
1558;0,5;203;298,915;265,14;265;340;317,274;315,683;60;264,923;;878,978
1559;0,5;204;299,016;265,191;265;340;317,274;315,828;60;264,926;;877,861
1560;0,5;204;299,32;265,22;265;340;317,274;315,828;60;264,926;;876,745
1561;0,5;196;299,363;265,191;265;340;317,419;315,828;60;264,932;;876,001
1562;0,5;201;299,32;265,169;265;340;317,419;315,828;60;264,94;;874,25
1563;0,5;201;299,291;265,177;265;340;317,419;315,828;60;264,947;;873,135
1564;0,5;192;299,248;265,119;265;340;317,419;315,828;60;264,954;;873,135
1565;0,5;193;299,161;265,155;265;340;317,419;315,828;60;264,962;;872,059
1566;0,5;195;299,175;265,213;265;340;317,274;315,828;60;264,974;;870,575
1567;0,5;189;299,291;265,191;265;340;317,274;315,828;60;264,989;;869,926
1568;0,5;190;299,349;265,162;265;340;317,274;315,683;60;265;;869,184
1569;0,5;191;300,087;264,931;265;340;317,274;315,683;60;265,012;;867,351
1570;0,5;185;300,029;264,952;265;340;317,274;315,683;60;265,022;;866,048
1571;0,5;178;299,913;264,988;265;340;317,13;315,683;60;265,036;;865,63
1572;0,5;173;299,826;265,054;265;340;317,13;315,538;60;265,049;;864,889
1573;0,5;174;299,812;265,046;265;340;317,13;315,538;60;265,058;;864,089
1574;0,5;165;299,913;265,032;265;340;317,274;315,683;60;265,068;;863,096
1575;0,5;159;300,043;264,967;265;340;317,274;315,683;60;265,072;;862,357
1576;0,5;160;300,087;264,967;265;340;317,13;315,683;60;265,075;;860,934
1577;0,5;159;299,986;264,945;265;340;317,13;315,538;60;265,078;;860,195
1578;0,5;152;299,899;264,967;265;340;317,13;315,538;60;265,077;;859,825
1579;0,5;148;299,812;265,017;265;340;316,985;315,538;60;265,072;;857,61
1580;0,5;150;299,855;265,061;265;340;316,985;315,538;60;265,069;;856,443
1581;0,5;148;299,971;265,054;265;340;316,985;315,538;60;265,062;;856,074
1582;0,5;147;300,072;265,032;265;340;317,13;315,538;60;265,055;;854,595
1583;0,5;147;300,072;264,996;265;340;317,13;315,538;60;265,049;;853,121
1584;0,5;147;299,971;264,974;265;340;317,13;315,538;60;265,044;;851,648
1585;0,5;147;299,277;264,988;265;340;317,13;315,538;60;265,04;;850,911
1586;0,5;155;299,175;265,054;265;340;317,13;315,683;60;265,031;;850,175
1587;0,5;165;299,378;264,931;265;340;317,13;315,683;60;265,023;;848,965
1588;0,5;167;299,204;265,082;265;340;317,274;315,683;60;265,011;;847,685
1589;0,5;162;299,552;264,887;265;340;317,274;315,683;60;264,999;;847,685
1590;0,5;161;299,378;265,046;265;340;317,13;315,683;60;264,988;;846,704
1591;0,5;165;299,103;265,025;265;340;317,274;315,683;60;264,975;;845,235
1592;0,5;174;299,016;265,003;265;340;317,274;315,683;60;264,961;;845,187
1593;0,5;182;298,9;265,068;265;340;317,274;315,683;60;264,953;;843,738
1594;0,5;187;298,828;265,097;265;340;317,274;315,683;60;264,943;;843,004
1595;0,5;189;298,958;264,815;265;340;317,274;315,683;60;264,927;;842,637
1596;0,5;189;299,06;264,815;265;340;317,274;315,538;60;264,913;;841,45
1597;0,5;191;298,886;264,779;265;340;317,13;315,683;60;264,9;;839,984
1598;0,5;204;298,843;264,757;265;340;317,13;315,538;60;264,883;;838,488
1599;0,5;211;298,727;264,8;265;340;316,985;315,538;60;264,874;;836,888
1600;0,5;209;298,626;264,865;265;340;317,13;315,538;60;264,866;;836,888
1601;0,5;212;298,597;264,844;265;340;316,985;315,538;60;264,858;;834,734
1602;0,5;216;298,582;264,815;265;340;316,985;315,538;60;264,852;;833,97
1603;0,5;218;298,626;264,786;265;340;316,985;315,538;60;264,846;;833,239
1604;0,5;227;298,973;264,779;265;340;316,985;315,538;60;264,838;;831,778
1605;0,5;222;299,089;264,786;265;340;316,985;315,538;60;264,827;;829,994
1606;0,5;219;299,089;264,837;265;340;316,985;315,393;60;264,813;;829,265
1607;0,5;219;299,016;264,88;265;340;316,84;315,393;60;264,803;;828,171
1608;0,5;219;299,696;264,851;265;340;316,985;315,393;60;264,791;;827,806
1609;0,5;213;299,074;265,039;265;340;316,985;315,393;60;264,783;;826,713
1610;0,5;213;299,117;265,017;265;340;316,84;315,393;60;264,777;;825,256
1611;0,5;210;299,19;265,032;265;340;316,985;315,538;60;264,768;;824,891
1612;0,5;208;300,029;265,111;265;340;316,985;315,538;60;264,759;;824,098
1613;0,5;211;300,145;265,104;265;340;317,13;315,538;60;264,755;;822,643
1614;0,5;216;300,087;265,068;265;340;317,13;315,683;60;264,749;;822,17
1615;0,5;217;300,622;264,909;265;340;317,13;315,683;60;264,741;;820,715
1616;0,5;206;300,188;264,988;265;340;316,985;315,538;60;264,733;;819,651
1617;0,5;204;300,521;264,902;265;340;316,985;315,393;60;264,727;;819,651
1618;0,5;204;300,101;264,959;265;340;316,985;315,393;60;264,724;;818,191
1619;0,5;204;301,027;265,003;265;340;316,84;315,393;60;264,721;;817,465
1620;0,5;201;301,143;265,003;265;340;316,84;315,249;60;264,718;;816,076
1621;0,5;200;301,143;264,967;265;340;316,84;315,393;60;264,713;;815,316
1622;0,5;202;301,128;264,837;265;340;316,84;315,538;60;264,708;;814,447
1623;0,5;201;300,984;264,88;265;340;316,985;315,393;60;264,704;;813,36
1624;0,5;203;301,505;264,88;265;340;316,985;315,393;60;264,704;;812,635
1625;0,5;201;301,476;264,938;265;340;316,985;315,538;60;264,7;;811,97
1626;0,5;196;301,635;264,916;265;340;316,985;315,538;60;264,694;;810,16
1627;0,5;189;301,519;264,887;265;340;316,985;315,538;60;264,694;;810,16
1628;0,5;192;301,751;264,938;265;340;316,985;315,538;60;264,692;;808,986
1629;0,5;200;302,112;264,931;265;340;316,985;315,538;60;264,687;;807,179
1630;0,5;193;301,997;264,902;265;340;316,985;315,683;60;264,685;;806,456
1631;0,5;187;301,895;264,945;265;340;317,13;315,538;60;264,684;;804,763
1632;0,5;186;301,968;264,909;265;340;317,13;315,683;60;264,677;;803,349
1633;0,5;186;302,054;264,974;265;340;316,985;315,538;60;264,67;;802,988
1634;0,5;186;302,575;265,068;265;340;316,985;315,538;60;264,662;;801,906
1635;0,5;186;302,604;265,046;265;340;317,13;315,538;60;264,655;;800,825
1636;0,5;182;302,604;265,003;265;340;316,985;315,538;60;264,649;;799,968
1637;0,5;179;302,836;264,641;265;340;316,985;315,538;60;264,638;;798,527
1638;0,5;174;302,459;264,627;265;340;316,985;315,538;60;264,623;;798,045
1639;0,5;174;302,677;264,67;265;340;316,985;315,393;60;264,609;;797,215
1640;0,5;181;302,648;264,714;265;340;316,985;315,393;60;264,597;;794,591
1641;0,5;188;302,749;264,721;265;340;316,84;315,393;60;264,586;;794,591
1642;0,5;191;302,836;264,699;265;340;316,84;315,393;60;264,577;;794,12
1643;0,5;192;302,937;264,67;265;340;316,985;315,393;60;264,568;;792,324
1644;0,5;195;302,951;264,656;265;340;316,84;315,393;60;264,561;;791,965
1645;0,5;195;302,879;264,627;265;340;316,84;315,249;60;264,555;;790,591
1646;0,5;195;302,85;264,627;265;340;316,84;315,249;60;264,549;;789,515
1647;0,5;198;302,763;264,692;265;340;316,84;315,249;60;264,543;;788,798
1648;0,5;204;302,705;264,728;265;340;316,84;315,104;60;264,539;;786,968
1649;0,5;209;302,72;264,706;265;340;316,84;315,249;60;264,535;;786,361
1650;0,5;203;302,778;264,677;265;340;316,84;315,249;60;264,533;;786,003
1651;0,5;209;302,865;264,663;265;340;316,84;315,249;60;264,53;;784,707
1652;0,5;210;302,937;264,641;265;340;316,84;315,249;60;264,527;;784,349
1653;0,5;216;302,966;264,627;265;340;316,84;315,104;60;264,527;;782,064
1654;0,5;209;302,98;264,67;265;340;316,696;315,104;60;264,526;;781,349
1655;0,5;202;302,908;264,721;265;340;316,696;315,104;60;264,532;;780,992
1656;0,5;205;302,836;264,721;265;340;316,696;315,104;60;264,531;;779,592
1657;0,5;215;302,242;264,685;265;340;316,696;315,104;60;264,533;;779,184
1658;0,5;218;302,257;264,656;265;340;316,696;315,104;60;264,541;;778,113
1659;0,5;218;302,315;264,634;265;340;316,696;315,104;60;264,547;;776,06
1660;0,5;218;302,431;264,634;265;340;316,696;315,249;60;264,553;;776,06
1661;0,5;218;303,212;264,677;265;340;316,84;315,104;60;264,558;;774,634
1662;0,5;209;303,154;264,728;265;340;316,84;315,249;60;264,571;;773,767
1663;0,5;201;303,053;264,714;265;340;316,84;315,249;60;264,582;;772,699
1664;0,5;201;302,951;264,685;265;340;316,84;315,104;60;264,595;;771,987
1665;0,5;200;302,937;264,656;265;340;316,696;315,104;60;264,607;;771,567
1666;0,5;195;303,038;264,634;265;340;316,551;314,96;60;264,618;;770,144
1667;0,5;195;303,183;264,634;265;340;316,551;314,96;60;264,627;;769,112
1668;0,5;193;303,183;264,699;265;340;316,551;314,96;60;264,635;;768,756
1669;0,5;187;303,067;264,721;265;340;316,406;314,815;60;264,648;;766,818
1670;0,5;187;302,98;264,714;265;340;316,551;314,815;60;264,656;;766,463
1671;0,5;186;302,937;264,685;265;340;316,406;314,815;60;264,671;;765,285
1672;0,5;180;303,038;264,67;265;340;316,406;314,96;60;264,686;;764,22
1673;0,5;174;303,168;264,648;265;340;316,551;314,96;60;264,698;;763,874
1674;0,5;174;303,183;264,634;265;340;316,406;314,96;60;264,711;;761,694
1675;0,5;172;303,067;264,634;265;340;316,406;314,815;60;264,723;;760,985
1676;0,5;168;302,98;264,685;265;340;316,406;314,815;60;264,733;;760,889
1677;0,5;167;303,024;264,714;265;340;316,262;314,67;60;264,749;;759,293
1678;0,5;166;303,053;264,714;265;340;316,406;314,67;60;264,762;;757,881
1679;0,5;161;303,168;264,685;265;340;316,262;314,815;60;264,778;;756,485
1680;0,5;159;302,532;264,663;265;340;316,406;314,815;60;264,792;;755,072
1681;0,5;159;302,821;264,627;265;340;316,262;314,815;60;264,804;;754,365
1682;0,5;156;302,749;264,663;265;340;316,406;314,815;60;264,815;;752,953
1683;0,5;156;302,286;264,685;265;340;316,406;314,815;60;264,824;;752,247
1684;0,5;155;302,749;264,721;265;340;316,406;314,67;60;264,833;;752,247
1685;0,5;156;302,271;264,714;265;340;316,406;314,815;60;264,84;;750,047
1686;0,5;152;302,127;264,67;265;340;316,262;314,815;60;264,847;;749,363
1687;0,5;144;302,214;264,641;265;340;316,262;314,815;60;264,853;;748,429
1688;0,5;153;302,083;264,627;265;340;316,262;314,815;60;264,858;;746,704
1689;0,5;154;302,098;264,641;265;340;316,406;314,815;60;264,863;;746,704
1690;0,5;154;301,403;264,714;265;340;316,406;314,67;60;264,867;;745,297
1691;0,5;156;301,302;264,721;265;340;316,262;314,815;60;264,872;;744,594
1692;0,5;162;301,273;264,692;265;340;316,262;314,67;60;264,878;;743,54
1693;0,5;161;300,969;264,663;265;340;316,406;314,67;60;264,889;;742,134
1694;0,5;161;301,1;264,648;265;340;316,262;314,67;60;264,897;;741,612
1695;0,5;165;301,114;264,634;265;340;316,262;314,815;60;264,907;;740,482
1696;0,5;168;300,405;264,648;265;340;316,262;314,815;60;264,918;;739,167
1697;0,5;168;300,203;264,699;265;340;316,406;314,67;60;264,928;;739,167
1698;0,5;170;300,405;264,706;265;340;316,406;314,815;60;264,937;;736,875
1699;0,5;179;300,448;264,685;265;340;316,262;314,815;60;264,949;;735,474
1700;0,5;179;300,043;264,656;265;340;316,406;314,67;60;264,956;;735,124
1701;0,5;179;300,145;264,641;265;340;316,262;314,815;60;264,969;;734,424
1702;0,5;180;300,072;264,627;265;340;316,406;314,815;60;264,985;;734,074
1703;0,5;182;299,957;264,648;265;340;316,406;314,67;60;264,998;;732,325
1704;0,5;175;299,884;264,714;265;340;316,262;314,815;60;265,008;;730,927
1705;0,5;174;299,899;264,728;265;340;316,406;314,67;60;265,019;;730,803
1706;0,5;173;299,638;264,692;265;340;316,406;314,67;60;265,028;;729,209
1707;0,5;172;299,74;264,677;265;340;316,262;314,67;60;265,044;;728,562
1708;0,5;170;299,812;264,656;265;340;316,262;314,67;60;265,054;;727,197
1709;0,5;170;299,306;264,627;265;340;316,262;314,67;60;265,068;;725,661
1710;0,5;174;299,233;264,648;265;340;316,262;314,67;60;265,073;;725,661
1711;0,5;174;299,175;264,699;265;340;316,262;314,67;60;265,088;;724,768
1712;0,5;174;299,117;264,721;265;340;316,262;314,67;60;265,1;;723,264
1713;0,5;162;299,103;264,699;265;340;316,262;314,67;60;265,106;;722,568
1714;0,5;159;299,161;264,67;265;340;316,262;314,67;60;265,116;;721,456
1715;0,5;159;299,248;264,634;265;340;316,262;314,815;60;265,121;;720,412
1716;0,5;159;299,407;264,627;265;340;316,262;314,815;60;265,126;;720,377
1717;0,5;155;299,653;264,721;265;340;316,262;314,67;60;265,127;;718,508
1718;0,5;154;299,523;264,714;265;340;316,262;314,815;60;265,125;;718,508
1719;0,5;150;298,929;264,692;265;340;316,406;314,815;60;265,125;;716,772
1720;0,5;145;298,843;264,67;265;340;316,406;314,815;60;265,124;;714,568
1721;0,5;150;298,828;264,648;265;340;316,262;314,815;60;265,128;;713,875
1722;0,5;159;298,987;264,634;265;340;316,406;314,815;60;265,132;;712,489
1723;0,5;161;299,045;264,677;265;340;316,262;314,815;60;265,137;;712,489
1724;0,5;160;299,089;264,714;265;340;316,406;314,815;60;265,144;;711,796
1725;0,5;160;298,987;264,685;265;340;316,406;314,67;60;265,15;;709,41
1726;0,5;159;298,886;264,656;265;340;316,262;314,815;60;265,156;;709,41
1727;0,5;157;298,351;264,634;265;340;316,262;314,815;60;265,164;;708,719
1728;0,5;155;298,394;264,641;265;340;316,406;314,815;60;265,174;;707,483
1729;0,5;164;298,553;264,714;265;340;316,406;314,815;60;265,188;;706,792
1730;0,5;165;298,626;264,721;265;340;316,406;314,815;60;265,201;;704,851
1731;0,5;166;298,64;264,706;265;340;316,262;314,815;60;265,222;;704,851
1732;0,5;162;298,611;264,677;265;340;316,406;314,67;60;265,242;;703,084
1733;0,5;162;298,539;264,663;265;340;316,262;314,815;60;265,26;;701,36
1734;0,5;161;298,452;264,634;265;340;316,262;314,815;60;265,282;;700,569
1735;0,5;157;298,394;264,627;265;340;316,262;314,815;60;265,304;;698,503
1736;0,5;149;298,307;264,656;265;340;316,262;314,67;60;265,327;;698,503
1737;0,5;150;297,801;264,699;265;340;316,117;314,815;60;265,345;;697,815
1738;0,5;153;297,917;264,728;265;340;316,262;314,815;60;265,363;;696,268
1739;0,5;150;298,018;264,714;265;340;316,262;314,815;60;265,388;;696,227
1740;0,5;143;298,003;264,685;265;340;316,262;314,67;60;265,404;;695,594
1741;0,5;141;297,902;264,663;265;340;316,262;314,815;60;265,417;;694,563
1742;0,5;135;297,772;264,641;265;340;316,262;314,67;60;265,427;;692,08
1743;0,5;129;297,786;264,627;265;340;316,262;314,67;60;265,438;;691,051
1744;0,5;126;297,888;264,656;265;340;316,406;314,67;60;265,449;;691,051
1745;0,5;125;297,989;264,721;265;340;316,406;314,67;60;265,455;;689,679
1746;0,5;121;298,032;264,706;265;340;316,262;314,67;60;265,46;;688,994
1747;0,5;115;297,468;264,685;265;340;316,262;314,67;60;265,459;;687,537
1748;0,5;118;297,381;264,663;265;340;316,262;314,525;60;265,458;;686,51
1749;0,5;121;297,266;264,641;265;340;316,262;314,67;60;265,451;;686,227
1750;0,5;120;297,208;264,627;265;340;316,262;314,67;60;265,445;;684,287
1751;0,5;120;296,788;264,641;265;340;316,262;314,67;60;265,437;;683,857
1752;0,5;130;296,904;264,714;265;340;316,406;314,67;60;265,424;;682,149
1753;0,5;135;297,005;264,721;265;340;316,262;314,67;60;265,411;;681,125
1754;0,5;134;297,063;264,699;265;340;316,262;314,815;60;265,398;;681,125
1755;0,5;136;296,629;264,663;265;340;316,262;314,67;60;265,384;;678,424
1756;0,5;148;296,224;264,648;265;340;316,262;314,815;60;265,36;;678,424
1757;0,5;154;296,571;264,634;265;340;316,406;314,67;60;265,342;;677,742
1758;0,5;157;296,499;264,677;265;340;316,406;314,67;60;265,32;;676,601
1759;0,5;164;295,833;264,721;265;340;316,262;314,67;60;265,301;;675,579
1760;0,5;174;295,935;264,721;265;340;316,262;314,67;60;265,278;;674,139
1761;0,5;175;295,992;264,699;265;340;316,262;314,67;60;265,258;;674,139
1762;0,5;180;296,007;264,67;265;340;316,117;314,67;60;265,24;;673,798
1763;0,5;191;295,906;264,648;265;340;316,117;314,67;60;265,224;;672,438
1764;0,5;195;295,79;264,634;265;340;316,117;314,525;60;265,21;;671,759
1765;0,5;196;295,732;264,648;265;340;316,117;314,525;60;265,198;;669,825
1766;0,5;201;295,833;264,714;265;340;316,262;314,525;60;265,187;;669,146
1767;0,5;209;295,992;264,699;265;340;316,117;314,525;60;265,181;;668,467
1768;0,5;212;296,007;264,67;265;340;316,117;314,525;60;265,175;;666,772
1769;0,5;212;295,877;264,641;265;340;316,117;314,525;60;265,172;;666,772
1770;0,5;214;295,79;264,627;265;340;316,117;314,67;60;265,175;;665,078
1771;0,5;218;295,819;264,706;265;340;316,117;314,67;60;265,177;;664,4
1772;0,5;218;296,094;264,721;265;340;316,117;314,67;60;265,179;;662,708
1773;0,5;218;296,181;264,699;265;340;316,117;314,525;60;265,182;;661,693
1774;0,5;214;296,484;264,677;265;340;316,117;314,525;60;265,183;;661,355
1775;0,5;210;296,513;264,67;265;340;316,117;314,525;60;265,177;;660,461
1776;0,5;207;297,005;264,648;265;340;316,117;314,525;60;265,168;;659,11
1777;0,5;208;296,889;264,627;265;340;316,117;314,67;60;265,161;;658,435
1778;0,5;207;297,295;264,656;265;340;316,262;314,67;60;265,154;;657,531
1779;0,5;207;297,295;264,699;265;340;316,262;314,67;60;265,148;;656,519
1780;0,5;201;297,338;264,728;265;340;316,262;314,67;60;265,142;;656,049
1781;0,5;200;297,888;264,902;265;340;316,262;314,67;60;265,138;;654,252
1782;0,5;196;298,105;264,873;265;340;316,262;314,815;60;265,133;;653,578
1783;0,5;187;298,076;264,851;265;340;316,262;314,67;60;265,127;;651,895
1784;0,5;187;298,712;264,894;265;340;316,262;314,815;60;265,119;;650,549
1785;0,5;189;298,64;264,959;265;340;316,262;314,815;60;265,106;;649,204
1786;0,5;183;298,539;264,959;265;340;316,262;314,67;60;265,094;;647,86
1787;0,5;174;298,828;264,887;265;340;316,406;314,815;60;265,083;;647,86
1788;0,5;174;298,958;264,916;265;340;316,262;314,815;60;265,074;;646,665
1789;0,5;172;299,06;264,923;265;340;316,406;314,815;60;265,063;;645,994
1790;0,5;170;299,103;264,88;265;340;316,262;314,67;60;265,048;;644,988
1791;0,5;172;299,031;264,909;265;340;316,117;314,67;60;265,035;;643,471
1792;0,5;174;299,508;264,938;265;340;316,117;314,525;60;265,019;;643,195
1793;0,5;179;299,407;265,003;265;340;315,972;314,525;60;265,006;;641,855
1794;0,5;172;299,32;265,039;265;340;316,117;314,381;60;264,994;;640,851
1795;0,5;168;299,363;265,039;265;340;315,972;314,381;60;264,976;;640,181
1796;0,5;171;299,378;265,061;265;340;315,972;314,381;60;264,957;;639,382
1797;0,5;180;299,754;264,793;265;340;315,972;314,236;60;264,943;;639,382
1798;0,5;179;299,797;264,808;265;340;315,972;314,381;60;264,925;;636,374
1799;0,5;182;299,841;264,786;265;340;315,972;314,381;60;264,911;;636,139
1800;0,5;185;299,797;264,742;265;340;315,972;314,381;60;264,9;;635,056
1801;0,5;193;299,638;264,8;265;340;315,972;314,525;60;264,886;;632,901
1802;0,5;195;299,552;264,844;265;340;316,117;314,381;60;264,877;;632,568
1803;0,5;196;299,537;264,829;265;340;316,117;314,381;60;264,865;;631,235
1804;0,5;197;299,725;264,8;265;340;316,117;314,525;60;264,858;;630,52
1805;0,5;205;300,072;264,757;265;340;315,972;314,381;60;264,852;;629,522
1806;0,5;209;300,13;264,742;265;340;315,972;314,381;60;264,846;;627,682
1807;0,5;202;300,116;264,771;265;340;315,972;314,381;60;264,841;;627,682
1808;0,5;202;300,014;264,771;265;340;315,972;314,381;60;264,836;;626,684
1809;0,5;204;299,913;265,003;265;340;315,972;314,381;60;264,832;;626,15
1810;0,5;204;299,884;264,742;265;340;315,972;314,381;60;264,829;;625,486
1811;0,5;206;299,855;264,757;265;340;316,117;314,381;60;264,826;;624,124
1812;0,5;213;300,318;264,996;265;340;315,972;314,525;60;264,823;;623,129
1813;0,5;212;300,405;265,01;265;340;315,972;314,381;60;264,821;;622,301
1814;0,5;209;300,448;265,256;265;340;315,972;314,381;60;264,814;;620,784
1815;0,5;206;300,376;265,184;265;340;315,972;314,381;60;264,807;;620,453
1816;0,5;201;300,318;265,205;265;340;315,972;314,236;60;264,799;;618,466
1817;0,5;202;300,289;265,177;265;340;315,972;314,381;60;264,787;;618,028
1818;0,5;202;300,897;265,184;265;340;315,972;314,236;60;264,777;;616,729
1819;0,5;201;300,897;265,256;265;340;315,828;314,381;60;264,768;;615,805
1820;0,5;201;300,998;265,242;265;340;315,972;314,381;60;264,76;;614,551
1821;0,5;201;301,1;265,213;265;340;315,972;314,381;60;264,753;;613,56
1822;0,5;200;301,157;265,184;265;340;315,972;314,381;60;264,743;;613,432
1823;0,5;201;301,056;265,169;265;340;315,972;314,236;60;264,73;;611,843
1824;0,5;203;301,302;265,177;265;340;315,972;314,381;60;264,715;;611,178
1825;0,5;202;301,244;265,256;265;340;315,972;314,236;60;264,702;;608,851
1826;0,5;196;301,288;265,227;265;340;316,117;314,381;60;264,694;;607,864
1827;0,5;196;301,317;265,191;265;340;316,117;314,381;60;264,683;;607,864
1828;0,5;199;301,36;265,169;265;340;315,972;314,381;60;264,674;;605,89
1829;0,5;204;301,403;265,184;265;340;316,117;314,236;60;264,666;;605,89
1830;0,5;206;301,476;265,256;265;340;315,972;314,381;60;264,658;;604,563
1831;0,5;211;302,141;265,242;265;340;315,972;314,236;60;264,643;;602,921
1832;0,5;209;302,112;265,213;265;340;315,972;314,236;60;264,634;;602,592
1833;0,5;201;302,011;265,133;265;340;315,828;314,236;60;264,623;;601,314
1834;0,5;202;301,91;265,169;265;340;315,972;314,381;60;264,61;;600,658
1835;0,5;207;301,924;265,227;265;340;315,972;314,381;60;264,598;;599,617
1836;0,5;210;302,127;265,234;265;340;315,972;314,381;60;264,587;;598,359
1837;0,5;209;302,228;265,213;265;340;315,972;314,525;60;264,577;;597,049
1838;0,5;214;302,59;265,184;265;340;316,117;314,525;60;264,569;;595,766
1839;0,5;215;302,604;265,191;265;340;316,117;314,381;60;264,561;;595,439
1840;0,5;209;302,561;265,177;265;340;316,117;314,381;60;264,554;;594,458
1841;0,5;209;302,416;265,155;265;340;315,972;314,525;60;264,549;;592,907
1842;0,5;211;302,315;265,22;265;340;316,117;314,381;60;264,543;;592,907
1843;0,5;216;302,228;265,234;265;340;315,972;314,525;60;264,539;;591,019
1844;0,5;218;302,373;265,213;265;340;315,972;314,381;60;264,534;;589,714
1845;0,5;218;302,431;265,184;265;340;316,117;314,525;60;264,531;;588,736
1846;0,5;218;303,197;265,169;265;340;316,117;314,525;60;264,524;;588,085
1847;0,5;210;303,183;265,133;265;340;316,117;314,525;60;264,519;;588,085
1848;0,5;209;303,096;265,148;265;340;316,117;314,67;60;264,513;;585,48
1849;0,5;209;302,995;265,227;265;340;316,262;314,67;60;264,51;;585,48
1850;0,5;211;302,937;265,249;265;340;316,262;314,67;60;264,506;;583,855
1851;0,5;212;303,038;265,198;265;340;316,262;314,815;60;264,505;;583,855
1852;0,5;212;303,139;265,177;265;340;316,262;314,67;60;264,505;;582,971
1853;0,5;213;303,212;265,184;265;340;316,262;314,67;60;264,505;;580,791
1854;0,5;217;303,414;265,162;265;340;316,117;314,525;60;264,507;;580,466
1855;0,5;217;303,313;265,177;265;340;316,117;314,525;60;264,507;;578,841
1856;0,5;209;303,241;265,213;265;340;315,972;314,381;60;264,512;;577,696
1857;0,5;211;303,588;265,184;265;340;316,117;314,525;60;264,516;;577,372
1858;0,5;204;303,631;265,148;265;340;315,972;314,381;60;264,52;;575,106
1859;0,5;201;303,689;265,126;265;340;315,972;314,381;60;264,529;;575,106
1860;0,5;202;304,196;265,162;265;340;315,972;314,381;60;264,534;;574,459
1861;0,5;209;304,181;265,22;265;340;315,972;314,236;60;264,538;;572,736
1862;0,5;200;304,123;265,191;265;340;315,972;314,525;60;264,545;;571,948
1863;0,5;189;304,022;265,184;265;340;315,972;314,381;60;264,546;;570,917
1864;0,5;187;303,964;265,155;265;340;315,972;314,381;60;264,549;;570,594
1865;0,5;187;304,08;265,133;265;340;315,972;314,381;60;264,555;;569,231
1866;0,5;183;304,225;265,119;265;340;316,117;314,381;60;264,556;;568,586
1867;0,5;182;304,253;265,198;265;340;315,972;314,381;60;264,56;;566,43
1868;0,5;183;304,181;265,234;265;340;316,117;314,381;60;264,56;;566,43
1869;0,5;183;303,95;265,177;265;340;315,972;314,381;60;264,557;;565,142
1870;0,5;181;303,935;265,169;265;340;316,117;314,381;60;264,556;;563,575
1871;0,5;181;304,008;265,133;265;340;316,117;314,381;60;264,555;;562,955
1872;0,5;183;304,21;265,184;265;340;315,972;314,236;60;264,557;;562,312
1873;0,5;182;304,21;265,213;265;340;315,828;314,381;60;264,551;;561,669
1874;0,5;182;304,152;265,213;265;340;315,972;314,236;60;264,551;;561,027
1875;0,5;183;304,051;265,184;265;340;315,972;314,381;60;264,554;;558,781
1876;0,5;181;303,964;265,148;265;340;315,972;314,381;60;264,559;;558,781
1877;0,5;181;303,979;265,119;265;340;315,972;314,381;60;264,564;;557,681
1878;0,5;181;304,109;265,22;265;340;315,972;314,236;60;264,568;;555,979
1879;0,5;181;304,196;265,22;265;340;315,828;314,236;60;264,571;;554,94
1880;0,5;181;304,138;265,191;265;340;315,828;314,236;60;264,575;;553,66
1881;0,5;181;304,051;265,162;265;340;315,972;314,381;60;264,579;;552,659
1882;0,5;183;303,95;265,133;265;340;315,972;314,381;60;264,593;;552,243
1883;0,5;181;303,935;265,198;265;340;315,972;314,381;60;264,605;;551,284
1884;0,5;179;303,704;265,227;265;340;316,117;314,381;60;264,615;;549,343
1885;0,5;175;303,762;265,191;265;340;315,972;314,381;60;264,625;;547,854
1886;0,5;179;303,848;265,162;265;340;315,972;314,381;60;264,638;;547,854
1887;0,5;186;303,516;265,126;265;340;315,972;314,381;60;264,657;;547,216
1888;0,5;186;303,689;265,184;265;340;315,972;314,381;60;264,673;;546,579
1889;0,5;175;303,4;265,213;265;340;315,972;314,381;60;264,689;;544,772
1890;0,5;173;303,472;265,205;265;340;315,972;314,381;60;264,706;;544,24
1891;0,5;170;303,501;265,177;265;340;315,972;314,236;60;264,722;;542,65
1892;0,5;167;303,487;265,148;265;340;315,972;314,236;60;264,731;;541,917
1893;0,5;167;303,053;265,148;265;340;315,972;314,381;60;264,742;;540,012
1894;0,5;170;303,183;265,227;265;340;315,972;314,236;60;264,754;;539,06
1895;0,5;174;303,197;265,213;265;340;315,828;314,236;60;264,761;;539,06
1896;0,5;171;303,096;265,191;265;340;315,828;314,236;60;264,767;;537,88
1897;0,5;168;302,995;265,148;265;340;315,828;314,236;60;264,776;;537,563
1898;0,5;167;302,445;265,14;265;340;315,683;314,091;60;264,782;;535,979
1899;0,5;168;302,474;265,198;265;340;315,828;314,236;60;264,784;;535,351
1900;0,5;169;302,59;265,227;265;340;315,828;314,091;60;264,792;;534,208
1901;0,5;170;302,691;265,198;265;340;315,828;314,091;60;264,793;;532,589
1902;0,5;169;302,705;265,169;265;340;315,828;314,236;60;264,794;;532,026
1903;0,5;168;302,691;265,14;265;340;315,828;314,091;60;264,794;;531,016
1904;0,5;164;302,734;265,177;265;340;315,828;314,091;60;264,795;;529,313
1905;0,5;161;302,59;265,249;265;340;315,683;314,091;60;264,796;;527,76
1906;0,5;161;301,895;265,22;265;340;315,828;314,091;60;264,797;;526,184
1907;0,5;161;301,982;265,162;265;340;315,828;314,236;60;264,797;;526,184
1908;0,5;167;302,083;265,133;265;340;315,828;314,236;60;264,798;;524,964
1909;0,5;171;302,17;265,14;265;340;315,828;314,091;60;264,795;;524,02
1910;0,5;174;302,098;265,234;265;340;315,683;314,236;60;264,796;;522,762
1911;0,5;174;301,736;265,35;265;340;315,828;314,236;60;264,792;;522,762
1912;0,5;182;301,693;265,343;265;340;315,828;314,236;60;264,787;;522,134
1913;0,5;187;301,606;265,307;265;340;315,828;314,236;60;264,786;;520,902
1914;0,5;187;301,635;265,299;265;340;315,828;314,236;60;264,785;;519,96
1915;0,5;187;301,751;265,184;265;340;315,683;314,091;60;264,784;;517,765
1916;0,5;190;301,085;265,148;265;340;315,828;314,091;60;264,777;;517,138
1917;0,5;198;301,157;265,14;265;340;315,828;314,236;60;264,775;;516,714
1918;0,5;202;301,114;265,227;265;340;315,683;314,091;60;264,768;;515,774
1919;0,5;200;301,027;265,227;265;340;315,683;314,236;60;264,763;;514,522
1920;0,5;201;300,926;265,205;265;340;315,683;314,236;60;264,759;;513,205
1921;0,5;205;300,883;265,169;265;340;315,828;314,236;60;264,755;;512,892
1922;0,5;204;300,984;265,148;265;340;315,828;314,091;60;264,751;;511,07
1923;0,5;207;301,143;265,184;265;340;315,828;314,236;60;264,748;;510,133
1924;0,5;212;301,128;265,249;265;340;315,828;314,236;60;264,742;;508,98
1925;0,5;211;301,042;265,198;265;340;315,828;314,236;60;264,74;;508,668
1926;0,5;210;300,94;265,169;265;340;315,683;314,236;60;264,733;;508,088
1927;0,5;213;300,883;265,191;265;340;315,828;314,236;60;264,727;;505,564
1928;0,5;217;300,984;265,177;265;340;315,683;314,236;60;264,723;;505,514
1929;0,5;216;301,114;265,162;265;340;315,828;314,236;60;264,72;;505,266
1930;0,5;218;301,157;265,133;265;340;315,972;314,236;60;264,717;;503,71
1931;0,5;217;301,085;265,198;265;340;315,828;314,236;60;264,715;;502,423
1932;0,5;218;301,707;265,22;265;340;315,828;314,236;60;264,713;;501,802
1933;0,5;205;301,649;265,205;265;340;315,683;314,236;60;264,709;;500,255
1934;0,5;205;301,317;265,169;265;340;315,828;314,381;60;264,707;;499,099
1935;0,5;215;301,78;265,155;265;340;315,828;314,236;60;264,703;;498,789
1936;0,5;218;301,403;265,133;265;340;315,683;314,236;60;264,703;;496,901
1937;0,5;218;301,534;265,169;265;340;315,683;314,236;60;264,7;;496,591
1938;0,5;218;302,185;265,191;265;340;315,683;314,091;60;264,689;;494,925
1939;0,5;218;302,127;265,177;265;340;315,683;314,091;60;264,68;;493,688
1940;0,5;205;302,025;265,213;265;340;315,683;314,236;60;264,672;;492,725
1941;0,5;204;301,881;264,952;265;340;315,828;314,381;60;264,664;;491,293
1942;0,5;211;302,373;264,844;265;340;315,972;314,381;60;264,652;;491,293
1943;0,5;209;302,619;264,829;265;340;315,828;314,381;60;264,643;;489,133
1944;0,5;202;302,879;264,873;265;340;315,972;314,381;60;264,627;;489,133
1945;0,5;201;302,749;264,945;265;340;315,972;314,381;60;264,613;;487,553
1946;0,5;204;302,59;265,025;265;340;315,972;314,381;60;264,6;;487,245
1947;0,5;204;302,937;265,242;265;340;315,972;314,381;60;264,589;;487,245
1948;0,5;198;302,966;265,097;265;340;315,972;314,381;60;264,575;;485,28
1949;0,5;197;303,111;265,09;265;340;315,972;314,381;60;264,564;;484,973
1950;0,5;204;303,212;265,046;265;340;315,972;314,381;60;264,55;;483,092
1951;0,5;205;303,183;265,017;265;340;315,972;314,381;60;264,54;;482,116
1952;0,5;205;303,096;265,126;265;340;315,828;314,236;60;264,529;;481,138
1953;0,5;210;303,602;265,242;265;340;315,972;314,381;60;264,518;;479,439
1954;0,5;212;303,631;264,858;265;340;315,972;314,381;60;264,516;;478,42
1955;0,5;210;303,183;265,075;265;340;315,972;314,236;60;264,512;;477,935
1956;0,5;212;303,819;264,808;265;340;315,972;314,381;60;264,511;;476,899
1957;0,5;209;303,906;264,764;265;340;315,972;314,381;60;264,51;;475,675
1958;0,5;216;303,877;265,14;265;340;315,972;314,381;60;264,509;;474,757
1959;0,5;210;303,328;265,242;265;340;315,972;314,381;60;264,516;;474,146
1960;0,5;212;303,718;265,249;265;340;316,117;314,381;60;264,525;;472,667
1961;0,5;223;303,675;264,822;265;340;315,972;314,381;60;264,534;;471,116
1962;0,5;213;303,241;265,025;265;340;315,972;314,381;60;264,541;;470,507
1963;0,5;209;304,094;264,779;265;340;316,117;314,381;60;264,55;;470,265
1964;0,5;221;304,239;264,974;265;340;316,117;314,381;60;264,56;;469,128
1965;0,5;212;304,181;264,988;265;340;316,117;314,525;60;264,574;;468,786
1966;0,5;202;304,08;264,981;265;340;316,117;314,525;60;264,587;;466,453
1967;0,5;203;303,979;265,054;265;340;316,117;314,381;60;264,6;;465,606
1968;0,5;200;303,964;265,017;265;340;316,117;314,525;60;264,612;;465,302
1969;0,5;195;304,326;264,988;265;340;316,262;314,67;60;264,633;;464,087
1970;0,5;194;304,427;264,967;265;340;316,262;314,67;60;264,652;;461,45
1971;0,5;183;304,514;264,938;265;340;316,262;314,67;60;264,672;;461,147
1972;0,5;171;304,47;265,003;265;340;316,262;314,67;60;264,693;;461,147
1973;0,5;166;304,369;265,046;265;340;316,262;314,67;60;264,716;;459,328
1974;0,5;174;304,297;265,025;265;340;316,117;314,525;60;264,734;;459,328
1975;0,5;172;304,253;264,938;265;340;316,117;314,525;60;264,753;;457,633
1976;0,5;159;304,253;264,967;265;340;316,117;314,525;60;264,772;;456,988
1977;0,5;148;304,34;264,945;265;340;316,117;314,525;60;264,784;;456,427
1978;0,5;153;304,138;264,952;265;340;316,117;314,381;60;264,798;;454,142
1979;0,5;153;304,239;265,003;265;340;316,117;314,525;60;264,809;;453,199
1980;0,5;153;304,21;265,025;265;340;316,117;314,381;60;264,819;;452,294
1981;0,5;148;304,138;264,996;265;340;315,972;314,525;60;264,828;;452,294
1982;0,5;148;303,4;264,952;265;340;316,117;314,525;60;264,836;;450,752
1983;0,5;147;303,501;265,148;265;340;316,117;314,525;60;264,841;;450,448
1984;0,5;150;303,53;265,133;265;340;316,117;314,381;60;264,847;;449,217
1985;0,5;150;303,53;265,169;265;340;316,117;314,525;60;264,853;;447,622
1986;0,5;149;303,183;265,242;265;340;316,117;314,525;60;264,855;;446,537
1987;0,5;149;303,183;265,22;265;340;316,117;314,525;60;264,86;;445,095
1988;0,5;150;303,067;265,184;265;340;316,117;314,525;60;264,865;;443,667
1989;0,5;154;302,532;265,162;265;340;316,117;314,525;60;264,867;;442,943
1990;0,5;170;302,445;265,148;265;340;316,262;314,67;60;264,869;;442,643
1991;0,5;162;301,939;265,22;265;340;316,262;314,67;60;264,869;;440,546
1992;0,5;159;302,098;265,242;265;340;316,262;314,525;60;264,873;;439,947
1993;0,5;171;302,214;265,191;265;340;316,262;314,525;60;264,87;;439,543
1994;0,5;174;302,127;265,177;265;340;316,262;314,525;60;264,874;;438,346
1995;0,5;175;301,649;265,155;265;340;316,262;314,525;60;264,876;;436,972
1996;0,5;181;301,562;265,155;265;340;316,262;314,525;60;264,878;;435,937
1997;0,5;187;301,461;265,234;265;340;316,262;314,525;60;264,879;;435,34
1998;0,5;186;301,403;265,22;265;340;316,262;314,67;60;264,883;;433,97
1999;0,5;182;301,389;265,205;265;340;316,262;314,67;60;264,895;;433,586
2000;0,5;182;301,013;265,177;265;340;316,262;314,67;60;264,907;;431,798
2001;0,5;192;301,114;265,155;265;340;316,262;314,67;60;264,918;;431,203
2002;0,5;195;301,172;265,133;265;340;316,262;314,67;60;264,927;;430,607
2003;0,5;195;301,1;265,234;265;340;316,262;314,525;60;264,947;;429,12
2004;0,5;195;300,998;265,242;265;340;316,262;314,525;60;264,964;;428,229
2005;0,5;195;300,897;265,213;265;340;316,262;314,525;60;264,98;;427,932
2006;0,5;190;300,911;265,177;265;340;316,262;314,525;60;264,996;;426,586
2007;0,5;186;301,042;265,155;265;340;316,262;314,67;60;265,017;;425,696
2008;0,5;186;301,143;265,198;265;340;316,262;314,67;60;265,04;;424,46
2009;0,5;180;301,143;265,249;265;340;316,262;314,67;60;265,056;;422,666
2010;0,5;173;301,056;265,22;265;340;316,262;314,525;60;265,073;;422,562
2011;0,5;173;300,897;265,155;265;340;316,262;314,525;60;265,087;;421,675
2012;0,5;170;300,926;265,14;265;340;316,262;314,525;60;265,101;;421,083
2013;0,5;162;301,056;265,205;265;340;316,262;314,525;60;265,116;;418,747
2014;0,5;159;301,157;265,234;265;340;316,262;314,525;60;265,132;;418,452
2015;0,5;157;301,1;265,205;265;340;316,262;314,67;60;265,151;;417,567
2016;0,5;153;300,998;265,169;265;340;316,406;314,67;60;265,169;;415,883
2017;0,5;147;300,911;265,148;265;340;316,262;314,67;60;265,184;;415,293
2018;0,5;147;300,969;265,198;265;340;316,406;314,815;60;265,198;;413,599
2019;0,5;143;301,056;265,22;265;340;316,406;314,815;60;265,21;;413,599
2020;0,5;138;301,157;265,184;265;340;316,406;314,815;60;265,226;;412,067
2021;0,5;136;301,085;265,155;265;340;316,406;314,815;60;265,241;;411,08
2022;0,5;132;301,013;265,126;265;340;316,551;314,815;60;265,258;;409,154
2023;0,5;126;300,911;265,148;265;340;316,406;314,815;60;265,27;;408,567
2024;0,5;124;300,911;265,213;265;340;316,406;314,815;60;265,284;;408,567
2025;0,5;124;300,275;265,459;265;340;316,406;314,815;60;265,297;;406,962
2026;0,5;120;300,376;265,451;265;340;316,406;314,815;60;265,309;;405,79
2027;0,5;117;300,796;265,307;265;340;316,406;314,815;60;265,319;;405,251
2028;0,5;120;300,535;265,509;265;340;316,262;314,815;60;265,328;;404,373
2029;0,5;120;300,738;265,292;265;340;316,406;314,67;60;265,337;;402,925
2030;0,5;117;299,913;265,285;265;340;316,406;314,815;60;265,343;;402,925
2031;0,5;117;299,841;265,516;265;340;316,406;314,815;60;265,362;;400,869
2032;0,5;119;299,465;265,48;265;340;316,551;314,96;60;265,376;;400,869
2033;0,5;124;299,595;265,466;265;340;316,551;314,96;60;265,388;;398,978
2034;0,5;126;299,624;265,524;265;340;316,551;314,96;60;265,403;;398,486
2035;0,5;124;299,089;265,488;265;340;316,551;314,96;60;265,42;;396,776
2036;0,5;129;298,973;265,451;265;340;316,551;314,96;60;265,438;;395,617
2037;0,5;135;298,886;265,473;265;340;316,696;314,96;60;265,456;;395,326
2038;0,5;130;298,293;265,488;265;340;316,551;314,815;60;265,473;;393,138
2039;0,5;130;298,452;265,538;265;340;316,551;314,96;60;265,487;;392,5
2040;0,5;136;297,917;265,553;265;340;316,551;314,96;60;265,509;;391,34
2041;0,5;136;298,018;265,545;265;340;316,551;314,96;60;265,529;;391,272
2042;0,5;136;298,018;265,567;265;340;316,551;314,96;60;265,548;;389,66
2043;0,5;136;297,468;265,603;265;340;316,551;314,96;60;265,566;;389,187
2044;0,5;139;297,352;265,603;265;340;316,551;314,96;60;265,585;;387,451
2045;0,5;142;297,28;265,567;265;340;316,551;314,815;60;265,604;;387,104
2046;0,5;138;296,788;265,567;265;340;316,551;314,815;60;265,624;;385,638
2047;0,5;138;296,861;265,574;265;340;316,551;314,815;60;265,643;;385,349
2048;0,5;139;296,962;265,712;265;340;316,406;314,815;60;265,655;;383,5
2049;0,5;136;297,063;265,676;265;340;316,406;314,67;60;265,666;;383,252
2050;0,5;129;296,398;265,654;265;340;316,551;314,67;60;265,679;;382,64
2051;0,5;130;296,311;265,697;265;340;316,551;314,815;60;265,688;;380,335
2052;0,5;129;296,455;265,741;265;340;316,551;314,815;60;265,701;;379,183
2053;0,5;127;296,166;265,719;265;340;316,551;314,96;60;265,71;;377,745
2054;0,5;124;296,137;265,69;265;340;316,551;314,96;60;265,72;;377,745
2055;0,5;122;295,877;265,654;265;340;316,551;314,815;60;265,729;;376,28
2056;0,5;124;295,992;265,697;265;340;316,551;314,815;60;265,738;;375,488
2057;0,5;125;296,021;265,748;265;340;316,406;314,815;60;265,745;;374,162
2058;0,5;124;295,906;265,719;265;340;316,406;314,67;60;265,751;;373,707
2059;0,5;123;295,573;265,69;265;340;316,406;314,815;60;265,758;;372,137
2060;0,5;129;295,501;265,668;265;340;316,406;314,815;60;265,759;;371,278
2061;0,5;128;295,587;265,661;265;340;316,406;314,67;60;265,764;;370,42
2062;0,5;130;295,674;265,726;265;340;316,262;314,67;60;265,763;;370,008
2063;0,5;129;295,747;265,741;265;340;316,406;314,67;60;265,761;;369,151
2064;0,5;127;295,009;265,705;265;340;316,406;314,67;60;265,758;;367,124
2065;0,5;133;294,922;265,683;265;340;316,406;314,67;60;265,754;;365,413
2066;0,5;139;294,792;265,654;265;340;316,551;314,815;60;265,747;;365,165
2067;0,5;140;294,734;265,69;265;340;316,551;314,96;60;265,742;;364,831
2068;0,5;141;294,893;265,741;265;340;316,551;314,96;60;265,737;;363,478
2069;0,5;150;294,227;265,705;265;340;316,551;314,96;60;265,732;;362,876
2070;0,5;155;294,271;265,676;265;340;316,551;315,104;60;265,726;;360,841
2071;0,5;150;294,242;265,654;265;340;316,696;314,96;60;265,723;;360,841
2072;0,5;148;294,112;265,712;265;340;316,551;314,96;60;265,72;;359,565
2073;0,5;157;293,996;265,748;265;340;316,551;314,96;60;265,714;;358,713
2074;0,5;164;294,01;265,712;265;340;316,551;314,96;60;265,713;;356,965
2075;0,5;164;294,083;265,683;265;340;316,551;314,96;60;265,711;;356,156
2076;0,5;164;294,227;265,661;265;340;316,551;314,96;60;265,71;;355,023
2077;0,5;159;294,329;265,676;265;340;316,406;314,96;60;265,708;;354,458
2078;0,5;159;294,314;265,748;265;340;316,696;315,104;60;265,707;;352,792
2079;0,5;162;294,271;265,726;265;340;316,551;314,96;60;265,707;;352,51
2080;0,5;159;294,256;265,697;265;340;316,696;314,96;60;265,706;;351,945
2081;0,5;159;294,227;265,668;265;340;316,696;315,104;60;265,705;;349,969
2082;0,5;162;294,126;265,654;265;340;316,696;315,104;60;265,699;;348,842
2083;0,5;166;294,184;265,719;265;340;316,84;315,104;60;265,693;;348,528
2084;0,5;167;294,227;265,741;265;340;316,84;315,249;60;265,686;;348,246
2085;0,5;166;294,444;265,712;265;340;316,84;315,249;60;265,677;;346,161
2086;0,5;168;294,517;265,683;265;340;316,84;315,104;60;265,667;;345,189
2087;0,5;166;294,517;265,661;265;340;316,696;315,104;60;265,66;;343,637
2088;0,5;166;294,936;265,668;265;340;316,696;315,104;60;265,654;;343,637
2089;0,5;161;294,835;265,741;265;340;316,551;315,104;60;265,647;;341,673
2090;0,5;161;294,734;265,734;265;340;316,696;314,96;60;265,642;;341,113
2091;0,5;159;294,777;265,705;265;340;316,551;314,96;60;265,638;;339,432
2092;0,5;159;294,878;265,661;265;340;316,551;314,815;60;265,633;;338,593
2093;0,5;166;294,98;265,654;265;340;316,406;314,815;60;265,63;;336,915
2094;0,5;165;295,226;265,741;265;340;316,406;314,815;60;265,626;;336,915
2095;0,5;165;295,53;265,741;265;340;316,406;314,96;60;265,623;;336,081
2096;0,5;160;295,443;265,712;265;340;316,551;314,96;60;265,621;;335,067
2097;0,5;159;294,994;265,668;265;340;316,551;314,96;60;265,62;;334,788
2098;0,5;154;295,052;265,654;265;340;316,551;314,96;60;265,622;;333,361
2099;0,5;154;295,139;265,705;265;340;316,551;314,96;60;265,624;;331,943
2100;0,5;155;295,197;265,741;265;340;316,551;314,96;60;265,629;;331,943
2101;0,5;165;296,05;265,719;265;340;316,551;314,96;60;265,628;;330,263
2102;0,5;165;296,036;265,69;265;340;316,551;314,96;60;265,629;;328,774
2103;0,5;151;295,906;265,661;265;340;316,696;314,96;60;265,628;;327,256
2104;0,5;152;295,747;265,661;265;340;316,696;314,96;60;265,63;;326,424
2105;0,5;147;295,848;265,741;265;340;316,696;314,96;60;265,629;;325,315
2106;0,5;147;296,021;265,712;265;340;316,696;314,96;60;265,626;;324,207
2107;0,5;147;296,036;265,676;265;340;316,551;314,96;60;265,623;;323,93
2108;0,5;147;295,877;265,654;265;340;316,551;315,104;60;265,621;;322,054
2109;0,5;147;295,775;265,69;265;340;316,696;315,104;60;265,61;;322,054
2110;0,5;148;295,79;265,748;265;340;316,696;315,249;60;265,598;;320,611
2111;0,5;147;295,891;265,719;265;340;316,696;315,104;60;265,588;;320,059
2112;0,5;146;296,007;265,69;265;340;316,696;314,96;60;265,578;;318,541
2113;0,5;148;296,007;265,654;265;340;316,696;315,104;60;265,564;;318,474
2114;0,5;149;295,891;265,683;265;340;316,696;315,104;60;265,549;;316,572
2115;0,5;150;295,819;265,748;265;340;316,551;315,104;60;265,532;;316,022
2116;0,5;150;295,775;265,719;265;340;316,551;314,96;60;265,517;;314,372
2117;0,5;154;295,79;265,705;265;340;316,551;314,96;60;265,503;;313,687
2118;0,5;154;295,92;265,668;265;340;316,696;315,104;60;265,492;;312,631
2119;0,5;161;296,079;265,69;265;340;316,696;314,96;60;265,481;;311,534
2120;0,5;162;295,226;265,748;265;340;316,696;315,104;60;265,467;;309,935
2121;0,5;167;295,095;265,726;265;340;316,84;315,104;60;265,454;;309,603
2122;0,5;179;295,182;265,712;265;340;316,696;315,104;60;265,437;;309,329
2123;0,5;181;295,211;265,661;265;340;316,84;315,249;60;265,425;;307,703
2124;0,5;192;295,211;265,661;265;340;316,84;315,104;60;265,413;;306,063
2125;0,5;195;295,341;265,726;265;340;316,84;315,104;60;265,4;;305,905
2126;0,5;195;295,414;265,741;265;340;316,696;315,104;60;265,389;;304,583
2127;0,5;194;295,992;265,712;265;340;316,696;315,104;60;265,379;;304,009
2128;0,5;202;295,935;265,683;265;340;316,696;315,104;60;265,371;;302,132
2129;0,5;200;295,848;265,654;265;340;316,551;314,96;60;265,363;;301,86
2130;0,5;195;295,819;265,712;265;340;316,551;314,96;60;265,356;;300,499
2131;0,5;195;295,804;265,748;265;340;316,696;314,96;60;265,35;;299,684
2132;0,5;202;296,021;265,712;265;340;316,551;314,96;60;265,347;;299,032
2133;0,5;201;296,427;265,574;265;340;316,696;314,96;60;265,342;;297,338
2134;0,5;203;296,398;265,56;265;340;316,551;314,96;60;265,343;;295,738
2135;0,5;201;296,325;265,516;265;340;316,696;314,96;60;265,346;;295,738
2136;0,5;195;296,282;265,524;265;340;316,696;314,96;60;265,341;;294,754
2137;0,5;195;296,282;265,357;265;340;316,696;314,96;60;265,34;;293,258
2138;0,5;196;296,817;265,625;265;340;316,696;314,96;60;265,336;;291,196
2139;0,5;188;296,933;265,589;265;340;316,696;314,96;60;265,338;;290,926
2140;0,5;187;297,049;265,589;265;340;316,551;314,96;60;265,334;;290,116
2141;0,5;181;297,063;265,567;265;340;316,551;314,96;60;265,327;;288,761
2142;0,5;182;296,976;265,545;265;340;316,551;314,96;60;265,324;;288,174
2143;0,5;183;297,222;265,538;265;340;316,551;314,96;60;265,322;;287,869
2144;0,5;174;297,135;265,589;265;340;316,696;314,96;60;265,322;;286,393
2145;0,5;173;297,179;265,632;265;340;316,696;315,104;60;265,32;;285,586
2146;0,5;176;297,251;265,625;265;340;316,696;315,104;60;265,318;;284,08
2147;0,5;175;297,295;265,603;265;340;316,84;315,104;60;265,316;;283,164
2148;0,5;170;297,425;265,553;265;340;316,84;315,104;60;265,309;;282,287
2149;0,5;168;298,134;265,531;265;340;316,84;315,249;60;265,305;;280,625
2150;0,5;160;298,061;265,538;265;340;316,84;315,104;60;265,301;;280,357
2151;0,5;159;297,946;265,589;265;340;316,84;315,104;60;265,289;;278,864
2152;0,5;158;297,859;265,618;265;340;316,84;315,104;60;265,279;;278
2153;0,5;158;297,902;265,611;265;340;316,696;315,104;60;265,27;;277,593
2154;0,5;161;298,018;265,582;265;340;316,84;315,104;60;265,261;;276,915
2155;0,5;161;298,105;265,574;265;340;316,84;315,104;60;265,254;;274,78
2156;0,5;162;298,119;265,553;265;340;316,84;315,249;60;265,248;;273,98
2157;0,5;167;298,032;265,516;265;340;316,84;315,104;60;265,242;;272,915
2158;0,5;168;297,815;265,379;265;340;316,84;315,249;60;265,237;;272,648
2159;0,5;168;297,844;265,394;265;340;316,84;315,104;60;265,233;;270,562
2160;0,5;168;297,946;265,394;265;340;316,696;315,104;60;265,229;;269,499
2161;0,5;168;298,047;265,365;265;340;316,696;315,104;60;265,225;;268,603
2162;0,5;168;298,105;265,357;265;340;316,696;314,96;60;265,222;;268,603
2163;0,5;168;298,047;265,343;265;340;316,696;314,96;60;265,219;;266,341
2164;0,5;174;297,931;265,386;265;340;316,696;315,104;60;265,217;;265,714
2165;0,5;175;297,786;265,459;265;340;316,551;315,104;60;265,215;;265,135
2166;0,5;173;297,859;265,451;265;340;316,696;315,104;60;265,213;;264,31
2167;0,5;174;297,917;265,198;265;340;316,696;315,104;60;265,211;;262,964
2168;0,5;179;298,09;265,177;265;340;316,551;314,96;60;265,21;;261,681
2169;0,5;181;298,032;265,394;265;340;316,696;314,96;60;265,209;;261,07
2170;0,5;175;298,741;265,148;265;340;316,551;314,96;60;265,207;;260,015
2171;0,5;166;298,669;265,162;265;340;316,696;314,96;60;265,203;;258,271
2172;0,5;159;298,568;265,227;265;340;316,696;314,96;60;265,206;;257,535
2173;0,5;162;298,539;265,22;265;340;316,551;314,96;60;265,206;;257,272
2174;0,5;166;298,539;265,162;265;340;316,551;314,96;60;265,207;;256,12
2175;0,5;165;298,466;265,133;265;340;316,551;314,96;60;265,206;;255,346
2176;0,5;161;298,539;265,119;265;340;316,696;314,96;60;265,209;;253,335
2177;0,5;159;298,741;265,466;265;340;316,551;314,96;60;265,21;;252,549
2178;0,5;161;298,611;265,162;265;340;316,551;314,96;60;265,209;;251,739
2179;0,5;159;298,582;265,227;265;340;316,551;314,815;60;265,213;;250,693
2180;0,5;163;298,553;265,205;265;340;316,551;314,815;60;265,211;;249,373
2181;0,5;165;298,51;265,169;265;340;316,551;314,815;60;265,21;;248,85
2182;0,5;165;298,495;265,148;265;340;316,551;314,96;60;265,208;;247,66
2183;0,5;162;298,553;265,133;265;340;316,696;314,96;60;265,207;;247,048
2184;0,5;159;298,597;265,198;265;340;316,696;315,104;60;265,209;;245,485
2185;0,5;161;298,712;265,234;265;340;316,696;315,104;60;265,208;;245,199
2186;0,5;160;298,843;265,205;265;340;316,84;315,249;60;265,209;;244,158
2187;0,5;159;298,872;265,177;265;340;316,696;315,104;60;265,208;;242,338
2188;0,5;158;298,814;265,148;265;340;316,696;315,249;60;265,213;;240,78
2189;0,5;163;298,756;265,162;265;340;316,696;314,96;60;265,214;;240,52
2190;0,5;162;298,683;265,234;265;340;316,696;314,96;60;265,218;;239,627
2191;0,5;159;297,844;265,213;265;340;316,696;315,104;60;265,22;;238,385
2192;0,5;166;297,83;265,184;265;340;316,551;314,96;60;265,225;;237,558
2193;0,5;173;297,931;265,155;265;340;316,551;315,104;60;265,235;;236,804
2194;0,5;170;298,018;265,14;265;340;316,696;315,104;60;265,243;;235,142
2195;0,5;168;298,09;265,213;265;340;316,551;314,96;60;265,255;;234,367
2196;0,5;167;298,003;265,22;265;340;316,551;314,96;60;265,263;;232,857
2197;0,5;163;297,772;265,169;265;340;316,551;314,815;60;265,277;;232,342
2198;0,5;159;297,786;265,14;265;340;316,406;314,815;60;265,291;;231,003
2199;0,5;159;297,902;265,133;265;340;316,551;314,96;60;265,304;;230,489
2200;0,5;157;298,003;265,205;265;340;316,551;314,96;60;265,318;;229,322
2201;0,5;154;298,047;265,22;265;340;316,551;314,96;60;265,33;;229,065
2202;0,5;154;297,295;265,184;265;340;316,551;314,96;60;265,346;;227,119
2203;0,5;161;297,179;265,148;265;340;316,551;314,96;60;265,353;;226,606
2204;0,5;162;297,135;265,119;265;340;316,551;314,96;60;265,36;;225,108
2205;0,5;152;297,598;265,213;265;340;316,551;314,96;60;265,365;;225,108
2206;0,5;147;297,671;265,227;265;340;316,551;314,815;60;265,369;;222,802
2207;0,5;147;297,758;265,213;265;340;316,551;314,96;60;265,372;;221,59
2208;0,5;143;297,83;265,191;265;340;316,551;314,815;60;265,375;;221,59
2209;0,5;142;297,844;265,162;265;340;316,551;314,96;60;265,378;;220,498
2210;0,5;141;297,758;265,148;265;340;316,551;314,96;60;265,38;;218,936
2211;0,5;141;297,671;265,148;265;340;316,551;314,96;60;265,371;;217,408
2212;0,5;136;297,598;265,205;265;340;316,696;315,104;60;265,36;;217,408
2213;0,5;138;297,555;265,234;265;340;316,551;314,96;60;265,354;;216,301
2214;0,5;140;296,817;265,213;265;340;316,551;314,96;60;265,347;;215,285
2215;0,5;145;296,933;265,184;265;340;316,551;315,104;60;265,331;;213,945
2216;0,5;147;297,034;265,162;265;340;316,696;315,104;60;265,323;;213,136
2217;0,5;148;297,005;265,169;265;340;316,551;315,104;60;265,31;;212,431
2218;0,5;152;296,904;265,191;265;340;316,696;314,96;60;265,297;;211,345
2219;0,5;154;296,832;265,227;265;340;316,551;315,104;60;265,286;;209,585
2220;0,5;154;296,803;265,22;265;340;316,696;315,104;60;265,276;;209,585
2221;0,5;159;296,904;265,191;265;340;316,551;315,104;60;265,258;;207,313
2222;0,5;161;296,528;265,126;265;340;316,696;315,104;60;265,242;;207,313
2223;0,5;170;296,571;265,148;265;340;316,551;314,96;60;265,226;;205,36
2224;0,5;179;296,455;265,242;265;340;316,551;314,96;60;265,215;;205,108
2225;0,5;186;296,369;265,242;265;340;316,551;314,96;60;265,205;;204,057
2226;0,5;186;296,383;265,184;265;340;316,551;314,96;60;265,196;;202,759
2227;0,5;186;296,311;265,169;265;340;316,696;314,96;60;265,185;;202,231
2228;0,5;188;296,253;265,177;265;340;316,696;315,104;60;265,178;;201,154
2229;0,5;193;296,354;265,155;265;340;316,551;314,96;60;265,178;;200,708
2230;0,5;200;296,499;265,184;265;340;316,696;314,96;60;265,18;;200,014
2231;0,5;201;296,629;265,22;265;340;316,696;315,104;60;265,176;;197,93
2232;0,5;202;296,991;265,22;265;340;316,696;314,96;60;265,179;;196,68
2233;0,5;198;296,875;265,22;265;340;316,551;314,96;60;265,178;;195,932
2234;0,5;190;296,774;265,191;265;340;316,551;314,96;60;265,177;;195,436
2235;0,5;187;296,832;265,14;265;340;316,696;314,815;60;265,174;;194,438
2236;0,5;190;296,933;265,126;265;340;316,551;315,104;60;265,172;;192,758
2237;0,5;189;297,034;265,169;265;340;316,696;315,249;60;265,166;;192,509
2238;0,5;189;297,685;265,242;265;340;316,84;315,249;60;265,159;;190,351
2239;0,5;190;297,642;264,829;265;340;316,84;315,104;60;265,152;;190,103
2240;0,5;182;297,106;265,046;265;340;316,84;315,249;60;265,146;;189,089
2241;0,5;183;297,034;265,025;265;340;316,696;315,104;60;265,142;;187,525
2242;0,5;174;297,483;264,764;265;340;316,696;315,104;60;265,131;;186,782
2243;0,5;180;297,106;264,988;265;340;316,696;315,104;60;265,128;;185,859
2244;0,5;179;298,018;265,046;265;340;316,551;314,96;60;265,113;;184,758
2245;0,5;174;298,047;265,205;265;340;316,551;314,96;60;265,107;;183,248
2246;0,5;174;298,032;265,039;265;340;316,551;314,815;60;265,094;;182,261
2247;0,5;173;297,975;264,996;265;340;316,551;314,815;60;265,084;;181,855
2248;0,5;180;297,859;264,967;265;340;316,406;314,815;60;265,077;;180,862
2249;0,5;180;297,815;264,959;265;340;316,406;314,815;60;265,069;;178,649
2250;0,5;180;297,859;265,032;265;340;316,406;314,815;60;265,061;;178,649
2251;0,5;181;297,975;265,039;265;340;316,406;314,815;60;265,054;;177,666
2252;0,5;182;298,105;265,01;265;340;316,551;314,815;60;265,049;;177,421
2253;0,5;182;298,018;264,974;265;340;316,406;314,815;60;265,038;;175,92
2254;0,5;182;297,873;264,938;265;340;316,406;314,815;60;265,028;;174,133
2255;0,5;189;297,801;264,938;265;340;316,406;314,815;60;265,016;;174,008
2256;0,5;190;298,018;265,01;265;340;316,406;314,67;60;265,003;;173,274
2257;0,5;182;298,669;264,988;265;340;316,406;314,815;60;264,989;;171,664
2258;0,5;181;298,756;264,952;265;340;316,406;314,815;60;264,978;;170,444
2259;0,5;182;298,77;264,988;265;340;316,406;314,815;60;264,966;;170,043
2260;0,5;182;298,322;264,902;265;340;316,406;314,815;60;264,956;;169,113
2261;0,5;193;298,611;264,996;265;340;316,406;314,96;60;264,942;;168,382
2262;0,5;186;298,524;265,046;265;340;316,551;314,815;60;264,928;;166,362
2263;0,5;195;298,438;265,068;265;340;316,406;314,815;60;264,914;;165,391
2264;0,5;196;298,322;265,082;265;340;316,406;314,96;60;264,901;;164,928
2265;0,5;196;298,322;265,046;265;340;316,551;314,815;60;264,89;;164,144
2266;0,5;202;298,365;265,032;265;340;316,406;314,815;60;264,875;;162,267
2267;0,5;214;298,423;265,017;265;340;316,406;314,815;60;264,864;;161,055
2268;0,5;209;299,103;264,837;265;340;316,551;314,815;60;264,844;;160,813
2269;0,5;201;299,089;265,039;265;340;316,551;314,96;60;264,831;;159,629
2270;0,5;204;298,915;264,771;265;340;316,551;314,96;60;264,815;;158,969
2271;0,5;204;298,915;265,017;265;340;316,551;314,96;60;264,804;;156,84
2272;0,5;205;299,19;264,822;265;340;316,551;314,96;60;264,792;;156,84
2273;0,5;211;299,19;265,046;265;340;316,696;315,104;60;264,781;;155,637
2274;0,5;211;299,436;264,851;265;340;316,551;314,96;60;264,767;;154,302
2275;0,5;209;299,378;265,198;265;340;316,551;314,96;60;264,75;;153,342
2276;0,5;209;300,014;265,234;265;340;316,551;314,96;60;264,733;;152,508
2277;0,5;211;299,971;265,205;265;340;316,406;314,815;60;264,718;;151,789
2278;0,5;208;299,899;265,177;265;340;316,406;314,815;60;264,704;;150,316
2279;0,5;208;299,884;265,148;265;340;316,406;314,67;60;264,693;;149,558
2280;0,5;210;299,913;265,169;265;340;316,406;314,815;60;264,682;;147,726
2281;0,5;216;300,781;265,234;265;340;316,406;314,815;60;264,668;;147,702
2282;0,5;217;300,883;265,213;265;340;316,406;314,815;60;264,654;;146,057
2283;0,5;209;300,883;265,184;265;340;316,406;314,815;60;264,646;;145,105
2284;0,5;209;300,825;265,162;265;340;316,406;314,815;60;264,637;;144,391
2285;0,5;213;300,796;265,14;265;340;316,406;314,815;60;264,633;;143,894
2286;0,5;227;300,969;265,205;265;340;316,406;314,67;60;264,631;;142,768
2287;0,5;213;300,883;265,234;265;340;316,406;314,815;60;264,623;;141,023
2288;0,5;209;300,911;265,205;265;340;316,406;314,815;60;264,62;;140,786
2289;0,5;213;301,013;265,162;265;340;316,406;314,67;60;264,618;;138,639
2290;0,5;218;301,852;265,14;265;340;316,551;314,815;60;264,616;;138,402
2291;0,5;201;301,317;265,242;265;340;316,406;314,815;60;264,62;;136,985
2292;0,5;210;301,23;265,249;265;340;316,551;314,815;60;264,62;;135,709
2293;0,5;212;301,157;265,213;265;340;316,406;314,815;60;264,621;;135,473
2294;0,5;203;301,128;265,148;265;340;316,406;314,815;60;264,624;;134,699
2295;0,5;201;301,143;265,162;265;340;316,406;314,815;60;264,627;;133,287
2296;0,5;207;301,23;265,126;265;340;316,406;314,815;60;264,626;;131,477
2297;0,5;217;301,389;265,256;265;340;316,551;314,815;60;264,625;;131,243
2298;0,5;209;301,418;265,227;265;340;316,551;314,815;60;264,628;;129,765
2299;0,5;209;302,199;265,177;265;340;316,406;314,815;60;264,625;;128,594
2300;0,5;196;302,083;265,126;265;340;316,406;314,815;60;264,622;;128,126
2301;0,5;195;302,04;265,162;265;340;316,406;314,815;60;264,62;;126,723
2302;0,5;193;301,953;265,213;265;340;316,406;314,815;60;264,616;;126,322
2303;0,5;187;302,025;265,234;265;340;316,406;314,815;60;264,607;;124,689
2304;0,5;187;302,141;265,191;265;340;316,406;314,815;60;264,594;;124,689
2305;0,5;194;302,228;265,169;265;340;316,406;314,815;60;264,584;;123,23
2306;0,5;196;302,185;265,177;265;340;316,406;314,67;60;264,575;;121,714
2307;0,5;195;302,156;265,155;265;340;316,406;314,815;60;264,566;;121,063
2308;0,5;194;301,968;265,22;265;340;316,406;314,67;60;264,559;;119,973
2309;0,5;196;301,881;265,227;265;340;316,406;314,815;60;264,553;;119,045
2310;0,5;195;302,112;265,191;265;340;316,406;314,815;60;264,547;;117,653
2311;0,5;196;302,865;265,162;265;340;316,406;314,815;60;264,539;;117,306
2312;0,5;202;302,879;265,148;265;340;316,551;314,815;60;264,535;;115,919
2313;0,5;199;302,836;265,213;265;340;316,406;314,67;60;264,524;;114,764
2314;0,5;195;302,792;265,234;265;340;316,406;314,67;60;264,513;;114,253
2315;0,5;196;302,691;265,198;265;340;316,406;314,67;60;264,5;;113,634
2316;0,5;203;302,633;265,177;265;340;316,406;314,67;60;264,488;;112,712
2317;0,5;201;302,561;265,14;265;340;316,406;314,67;60;264,478;;110,788
2318;0,5;201;302,517;265,148;265;340;316,406;314,815;60;264,469;;109,683
2319;0,5;209;302,763;265,227;265;340;316,551;314,815;60;264,461;;108,994
2320;0,5;208;302,778;265,227;265;340;316,406;314,525;60;264,454;;108,536
2321;0,5;208;302,734;264,786;265;340;316,406;314,67;60;264,447;;106,93
2322;0,5;208;302,677;264,757;265;340;316,406;314,525;60;264,442;;105,855
2323;0,5;211;302,633;265,133;265;340;316,262;314,525;60;264,44;;105,355
2324;0,5;211;302,951;265,198;265;340;316,262;314,67;60;264,444;;103,954
2325;0,5;202;303,067;265,234;265;340;316,262;314,67;60;264,45;;103,531
2326;0,5;203;303,183;265,198;265;340;316,262;314,67;60;264,456;;102,096
2327;0,5;204;303,183;265,169;265;340;316,262;314,67;60;264,465;;100,751
2328;0,5;205;303,082;265,148;265;340;316,406;314,67;60;264,469;;100,296
2329;0,5;204;302,98;265,148;265;340;316,262;314,67;60;264,479;;98,9294
2330;0,5;204;302,937;265,22;265;340;316,406;314,525;60;264,493;;98,2536
2331;0,5;203;303,848;265,227;265;340;316,406;314,67;60;264,506;;96,887
2332;0,5;200;303,906;265,198;265;340;316,406;314,815;60;264,51;;95,9819
2333;0,5;194;303,993;265,177;265;340;316,406;314,815;60;264,517;;95,1108
2334;0,5;187;303,993;265,148;265;340;316,406;314,815;60;264,527;;93,5305
2335;0,5;186;303,921;265,155;265;340;316,406;314,815;60;264,538;;93,5305
2336;0,5;175;303,747;265,227;265;340;316,406;314,815;60;264,545;;92,0766
2337;0,5;181;303,776;265,213;265;340;316,406;314,67;60;264,552;;91,5846
2338;0,5;182;303,356;265,148;265;340;316,406;314,815;60;264,557;;89,8096
2339;0,5;182;303,458;265,119;265;340;316,406;314,67;60;264,563;;88,8676
2340;0,5;182;303,892;265,14;265;340;316,406;314,815;60;264,575;;88,4189
2341;0,5;182;303,602;265,213;265;340;316,406;314,815;60;264,588;;87,1199
2342;0,5;174;303,617;265,191;265;340;316,406;314,67;60;264,598;;86,2362
2343;0,5;167;303,588;265,162;265;340;316,406;314,815;60;264,61;;84,8948
2344;0,5;161;303,501;265,126;265;340;316,406;314,815;60;264,62;;83,5553
2345;0,5;163;303,458;265,126;265;340;316,551;314,96;60;264,628;;83,148
2346;0,5;166;303,458;265,198;265;340;316,551;314,96;60;264,633;;81,778
2347;0,5;161;302,951;265,213;265;340;316,551;314,96;60;264,641;;80,4433
2348;0,5;160;303,082;265,184;265;340;316,406;314,96;60;264,647;;79,889
2349;0,5;167;303,197;265,148;265;340;316,696;314,96;60;264,653;;79,0008
2350;0,5;167;303,096;265,155;265;340;316,551;314,96;60;264,658;;78,0632
2351;0,5;165;303,053;265,184;265;340;316,551;314,96;60;264,662;;76,4807
2352;0,5;161;302,937;265,213;265;340;316,551;314,96;60;264,666;;75,1385
2353;0,5;161;302,951;265,191;265;340;316,551;314,96;60;264,67;;74,9176
2354;0,5;160;302,821;265,148;265;340;316,551;314,815;60;264,673;;73,7058
2355;0,5;161;302,879;265,133;265;340;316,551;314,96;60;264,675;;73,2647
2356;0,5;174;302,865;265,213;265;340;316,551;314,96;60;264,676;;71,706
2357;0,5;175;302,778;265,22;265;340;316,696;314,96;60;264,68;;70,5534
2358;0,5;170;302,72;265,502;265;340;316,551;314,96;60;264,693;;70,3337
2359;0,5;170;301,881;265,48;265;340;316,696;314,96;60;264,705;;68,948
2360;0,5;170;301,939;265,415;265;340;316,551;314,96;60;264,717;;68,5039
2361;0,5;179;302,025;265,321;265;340;316,696;314,96;60;264,737;;66,4852
2362;0,5;175;302,156;265,444;265;340;316,551;314,96;60;264,756;;65,1736
2363;0,5;175;302,098;265,422;265;340;316,551;315,104;60;264,776;;64,7369
2364;0,5;173;301,968;265,386;265;340;316,551;314,96;60;264,802;;63,2153
2365;0,5;168;301,91;265,336;265;340;316,551;314,96;60;264,825;;62,5895
2366;0,5;166;301,91;265,357;265;340;316,551;314,815;60;264,856;;61,7348
2367;0,5;159;302,025;265,343;265;340;316,696;314,96;60;264,887;;60,7967
2368;0,5;155;301,36;265,343;265;340;316,551;314,96;60;264,916;;59,5839
2369;0,5;156;301,939;265,394;265;340;316,84;314,96;60;264,948;;58,2596
2370;0,5;161;301,91;265,394;265;340;316,696;314,96;60;264,977;;56,9303
2371;0,5;157;301,837;265,451;265;340;316,696;315,104;60;265,008;;56,7832
2372;0,5;143;301,736;265,466;265;340;316,696;314,96;60;265,038;;55,7209
2373;0,5;130;301,693;265,473;265;340;316,551;315,104;60;265,062;;54,8234
2374;0,5;130;301,649;265,422;265;340;316,551;314,96;60;265,089;;52,8849
2375;0,5;129;300,911;265,459;265;340;316,551;314,96;60;265,114;;52,2375
2376;0,5;125;301,085;265,394;265;340;316,551;314,96;60;265,135;;51,5925
2377;0,5;122;301,157;265,379;265;340;316,551;314,96;60;265,153;;49,8776
2378;0,5;119;300,854;265,451;265;340;316,696;314,96;60;265,171;;49,2344
2379;0,5;113;300,333;265,35;265;340;316,551;314,815;60;265,186;;48,8059
2380;0,5;111;300,289;265,357;265;340;316,551;314,815;60;265,198;;47,76
2381;0,5;111;299,87;265,365;265;340;316,551;314,815;60;265,21;;46,7623
2382;0,5;94;299,884;265,365;265;340;316,696;314,96;60;265,214;;44,7971
2383;0,5;0;300;265,357;265;340;316,696;314,96;60;265,252;;43,5192
2384;0,5;0;299,392;265,35;265;340;316,696;315,104;60;265,257;;43,5192
2385;0,5;0;299,436;265,357;265;340;316,696;315,104;60;265,262;;42,3208
2386;0,5;0;299,06;265,365;265;340;316,84;315,104;60;265,258;;41,1604
2387;0,5;0;298,293;265,343;265;340;316,84;315,249;60;265,251;;40,7213
2388;0,5;0;297,844;265,336;265;340;316,84;315,249;60;265,245;;39,8575
2389;0,5;0;297,121;265,328;265;340;316,84;315,249;60;265,24;;38,5713
2390;0,5;0;296,846;265,299;265;340;316,84;315,104;60;265,235;;37,0921
2391;0,5;0;296,383;265,56;265;340;316,696;315,104;60;265,222;;34,4404
2392;0,5;0;295,978;265,567;265;340;316,696;314,96;60;265,209;;34,4404
2393;0,5;0;295,385;265,611;265;340;316,696;314,96;60;265,196;;34,23
2394;0,5;0;294,878;265,625;265;340;316,696;314,96;60;265,185;;33,5563
2395;0,5;0;294,155;265,632;265;340;316,551;314,96;60;265,175;;32,5137
2396;0,5;0;293,678;265,632;265;340;316,696;315,104;60;265,159;;30,4489
2397;0,5;0;292,766;265,632;265;340;316,696;315,104;60;265,141;;30,0195
2398;0,5;0;292,202;265,625;265;340;316,696;315,104;60;265,126;;29,4424
2399;0,5;1;291,97;265,625;265;340;316,696;315,104;60;265,112;;27,6678
2400;0,5;0;291,319;265,618;265;340;316,696;315,104;60;265,096;;27,4763
2401;0,5;0;290,77;265,611;265;340;316,696;315,104;60;265,075;;25,8953
2402;0,5;0;290,075;265,603;265;340;316,696;315,104;60;265,055;;25,6166
2403;0,5;0;289,005;265,596;265;340;316,696;315,104;60;265,037;;24,4789
2404;0,5;0;288,628;265,596;265;340;316,696;315,104;60;265,022;;22,1814
2405;0,5;0;288,108;265,589;265;340;316,696;315,104;60;265,007;;21,5603
2406;0,5;0;287,731;265,574;265;340;316,696;315,104;60;264,994;;21,1464
2407;0,5;0;287,196;265,56;265;340;316,696;315,104;60;264,976;;19,8499
2408;0,5;0;286,762;265,553;265;340;316,696;315,104;60;264,958;;18,8552
2409;0,5;0;285,952;265,538;265;340;316,696;314,96;60;264,94;;18,636
2410;0,5;0;285,489;265,538;265;340;316,696;314,96;60;264,926;;17,3029
2411;0,5;0;284,838;265,538;265;340;316,696;314,96;60;264,912;;16,6857
2412;0,5;0;284,578;265,538;265;340;316,551;315,104;60;264,899;;14,714
2413;0,5;0;283,955;265,524;265;340;316,696;314,96;60;264,888;;13,6269
2414;0,5;0;283,666;265,524;265;340;316,696;315,104;60;264,878;;13,271
2415;0,5;0;282,986;265,516;265;340;316,696;315,104;60;264,869;;12,2481
2416;0,5;0;282,595;265,516;265;340;316,696;315,104;60;264,857;;10,7199
2417;0,5;0;282,436;265,357;265;340;316,551;315,104;60;264,844;;10,009
2418;0,5;0;282,263;265,365;265;340;316,696;314,96;60;264,833;;9,25489
2419;0,5;0;281,496;265,365;265;340;316,696;314,96;60;264,819;;8,26712
2420;0,5;0;280,83;265,538;265;340;316,551;314,96;60;264,804;;7,25108
2421;0,5;0;280,613;265,574;265;340;316,551;314,815;60;264,792;;5,71187
2422;0,5;0;280,57;265,437;265;340;316,696;314,96;60;264,781;;4,497
2423;0,5;0;280,31;265,444;265;340;316,696;314,96;60;264,774;;4,29472
2424;0,5;0;279,384;265,43;265;340;316,551;314,96;60;264,766;;2,62908
2425;0,5;1;279,123;265,415;265;340;316,551;314,96;60;264,761;;1,44003
2426;0,5;0;278,617;265,603;265;340;316,551;314,96;60;264,754;;0,835887
2427;0,5;0;278,472;265,422;265;340;316,551;314,96;60;264,747;;0,0758192
2428;0,5;0;278,313;265,444;265;340;316,551;314,96;60;264,742;;-0,912083
2429;0,5;0;278,313;265,451;265;340;316,696;315,104;60;264,736;;-1,99177
2430;0,5;0;277,575;265,444;265;340;316,696;315,104;59,385;264,732;;-3,0378
2431;0,5;0;277,17;265,466;265;340;316,696;314,96;54,4646;264,728;;-3,5185
2432;0,5;0;277,069;265,451;265;340;316,551;315,104;44,56;264,725;;-3,59085
2433;0,5;0;276,331;265,444;265;340;316,551;314,96;35,12;264,725;;-4,9895
2434;0,5;0;276,403;265,451;265;340;316,696;315,104;25,04;264,722;;-5,18914
2435;0,5;0;275,796;265,545;265;340;316,551;314,96;15,7006;264,713;;-5,18914
2436;0,5;0;275,55;265,495;265;340;316,551;314,96;10,5058;264,7;;-5,97296
2437;0,5;0;275,42;265,495;265;340;316,551;314,96;10;264,689;;-5,97296
2438;0,5;0;274,566;265,524;265;340;316,551;315,104;10;264,679;;-5,97296
2439;0,5;0;274,523;265,509;265;340;316,696;314,96;4,81856;264,67;;-6,37164
2440;0,5;0;274,334;265,524;275,2;340;316,696;315,104;0;264,658;;-7,76524
2441;0,5;0;274,407;265,538;275,2;340;316,696;315,104;0;264,652;;-7,76524
2442;0,5;8;273,77;265,603;275,2;340;316,696;315,104;0;264,677;;-7,76524
2443;0,5;55;273,785;265,618;275,2;340;316,696;314,96;0;264,688;;-7,76524
2444;0,5;183;273,438;265,596;275,2;340;316,551;314,96;0;264,683;;-7,76524
2445;0,5;332;273,293;265,545;275,2;340;316,406;314,815;0;264,649;;-7,76524
2446;0,5;441;273,22;265,56;275,2;340;291,956;303,675;0;264,625;;-7,76524
2447;0,5;534;273,394;265,336;275,2;340;191,551;206,163;0;264,59;;-7,76524
2448;0,5;616;273,438;265,524;275,2;340;120,804;111,4;0;264,553;;-7,76524
2449;0,5;582;273,756;265,589;275,2;340;75,9549;70,1678;0;264,514;;-7,76524
2450;0,5;498;274,624;265,603;275,2;340;41,088;44,1262;0;264,48;;-7,76524
2451;0,5;411;275,318;265,43;275,2;340;26,0417;28,0671;0;264,449;;-7,76524
2452;0,5;328;277,344;265,574;275,2;340;16,4931;17,6505;0;264,421;;-7,76524
2453;0,5;246;278,414;265,553;275,2;340;10,5613;9,83796;0;264,403;;-7,76524
2454;0,5;174;279,543;265,35;275,2;340;6,65509;6,22107;0;264,37;;-7,76524
2455;0,5;148;280,613;265,35;275,2;340;4,34028;4,05093;0;264,348;;-7,76524
2456;0,5;142;281,698;265,43;275,2;340;2,45949;2,60417;0;264,322;;-7,76524
2457;0,5;141;282,407;265,451;275,2;340;1,59144;1,59144;0;264,306;;-7,76524
2458;0,5;141;283,333;265,43;275,2;340;1,15741;1,01273;0;264,291;;-7,76524
2459;0,5;141;283,478;265,401;275,2;340;0,868056;0,72338;0;264,281;;-7,76524
2460;0,5;141;284,317;265,169;275,2;340;0,578704;0,578704;0;264,272;;-7,76524
2461;0,5;141;285,417;265,155;275,2;340;0,434028;0,434028;0;264,264;;-7,76524
2462;0,5;141;285,489;265,148;275,2;340;0,434028;0,434028;0;264,257;;-7,76524
2463;0,5;141;285,807;265,177;275,2;340;0,434028;0,289352;0;264,254;;-7,76524
2464;0,5;140;286,487;265,242;275,2;340;0,289352;0,289352;0;264,257;;-7,76524
2465;0,5;141;286,646;265,227;275,2;340;0,289352;0,289352;0;264,262;;-7,76524
2466;0,5;141;287,355;265,205;275,2;340;0,289352;0,289352;0;264,266;;-7,76524
2467;0,5;140;287,37;265,191;275,2;340;0,289352;0,289352;0;264,27;;-7,76524
2468;0,5;140;287,688;265,162;275,2;340;0,289352;0,289352;0;264,274;;-7,76524
2469;0,5;141;287,789;265,148;275,2;340;0,289352;0,289352;0;264,278;;-7,76524
2470;0,5;141;288,628;265,155;275,2;340;0,289352;0,289352;0;264,286;;-7,76524
2471;0,5;140;288,571;265,205;275,2;340;0,289352;0,289352;0;264,296;;-7,76524
2472;0,5;141;288,484;265,234;275,2;340;0,289352;0,289352;0;264,307;;-7,76524
2473;0,5;141;288,6;265,227;275,2;340;0,289352;0,289352;0;264,316;;-7,76524
2474;0,5;141;288,643;265,169;275,2;340;0,289352;0,289352;0;264,324;;-7,76524
2475;0,5;140;288,744;265,148;275,2;340;0,289352;0,289352;0;264,33;;-7,76524
2476;0,5;140;289,193;265,126;275,2;340;0,289352;0,289352;0;264,327;;-7,76524
2477;0,5;141;289,28;265,14;275,2;340;0,289352;0,144676;0;264,333;;-7,76524
2478;0,5;140;289,28;265,198;275,2;340;0,289352;0,144676;0;264,338;;-7,76524
2479;0,5;140;289,728;265,256;275,2;340;0,289352;0,289352;0;264,345;;-7,76524
2480;0,5;140;289,627;265,213;275,2;340;0,289352;0,289352;0;264,351;;-7,76524
2481;0,5;139;289,656;265,191;275,2;340;0,289352;0,289352;0;264,356;;-7,76524
2482;0,5;140;289,728;265,169;275,2;340;0,289352;0,289352;0;264,361;;-7,76524
2483;0,5;140;289,829;265,14;275,2;340;0,289352;0,144676;0;264,368;;-7,76524
2484;0,5;140;290,321;265,133;275,2;340;0,289352;0,144676;0;264,381;;-7,76524
2485;0,5;139;290,35;265,198;275,2;340;0,289352;0,289352;0;264,395;;-7,76524
2486;0,5;140;290,263;265,227;275,2;340;0,289352;0,144676;0;264,407;;-7,76524
2487;0,5;139;290,22;265,22;275,2;340;0,289352;0,144676;0;264,415;;-7,76524
2488;0,5;140;290,22;265,205;275,2;340;0,289352;0,144676;0;264,424;;-7,76524
2489;0,5;139;290,639;265,191;275,2;340;0,289352;0,289352;0;264,433;;-7,76524
2490;0,5;139;290,726;265,162;275,2;340;0,289352;0,289352;0;264,444;;-7,76524
2491;0,5;139;290,813;265,148;275,2;340;0,289352;0,289352;0;264,451;;-7,76524
2492;0,5;139;290,914;265,155;275,2;340;0,289352;0,289352;0;264,479;;-7,76524
2493;0,5;140;290,784;265,213;275,2;340;0,289352;0,289352;0;264,516;;-7,76524
2494;0,5;140;290,683;265,213;275,2;340;0,289352;0,289352;0;264,551;;-7,76524
2495;0,5;139;290,871;265,184;275,2;340;0,289352;0,289352;0;264,588;;-7,76524
2496;0,5;139;290,929;265,162;275,2;340;0,289352;0,289352;0;264,622;;-7,76524
2497;0,5;139;291,016;265,14;275,2;340;0,289352;0,289352;0;264,653;;-7,76524
2498;0,5;139;291,102;265,126;275,2;340;0,289352;0,289352;0;264,682;;-7,76524
2499;0,5;139;291,146;265,169;275,2;340;0,289352;0,289352;0;264,707;;-7,76524
2500;0,5;139;291,088;265,22;275,2;340;0,289352;0,289352;0;264,728;;-7,76524
2501;0,5;139;291,768;265,205;275,2;340;0,289352;0,289352;0;264,751;;-7,76524
2502;0,5;140;291,667;265,184;275,2;340;0,289352;0,289352;0;264,771;;-7,76524
2503;0,5;139;291,652;265,155;275,2;340;0,289352;0,289352;0;264,792;;-7,76524
2504;0,5;139;291,768;265,133;275,2;340;0,289352;0,289352;0;264,813;;-7,76524
2505;0,5;140;291,855;265,126;275,2;340;0,289352;0,289352;0;264,945;;-7,76524
2506;0,5;140;291,927;265,126;275,2;340;0,289352;0,289352;0;264,952;;-7,76524
2507;0,5;139;291,782;265,227;275,2;340;0,289352;0,289352;0;264,957;;-7,76524
2508;0,5;139;291,753;265,205;275,2;340;0,289352;0,289352;0;264,963;;-7,76524
2509;0,5;140;292,39;265,22;275,2;340;0,289352;0,289352;0;264,967;;-7,76524
2510;0,5;139;291,942;265,198;275,2;340;0,289352;0,289352;0;264,971;;-7,76524
2511;0,5;140;291,97;265,169;275,2;340;0,289352;0,289352;0;264,98;;-7,76524
2512;0,5;140;292,072;265,148;275,2;340;0,289352;0,289352;0;264,993;;-7,76524
2513;0,5;140;292,679;265,148;275,2;340;0,289352;0,289352;0;265,005;;-7,76524
2514;0,5;139;292,723;265,198;275,2;340;0,289352;0,289352;0;265,016;;-7,76524
2515;0,5;139;292,231;265,191;275,2;340;0,289352;0,289352;0;265,032;;-7,76524
2516;0,5;140;292,506;265,22;275,2;340;0,289352;0,289352;0;265,046;;-7,76524
2517;0,5;140;292,173;265,213;275,2;340;0,289352;0,289352;0;265,064;;-7,76524
2518;0,5;139;292,043;265,191;275,2;340;0,289352;0,289352;0;265,079;;-7,76524
2519;0,5;140;292,723;265,169;275,2;340;0,289352;0,289352;0;265,096;;-7,76524
2520;0,5;139;292,839;265,155;275,2;340;0,289352;0,289352;0;265,115;;-7,76524
2521;0,5;140;292,925;265,14;275,2;340;0,289352;0,289352;0;265,136;;-7,76524
2522;0,5;140;292,954;265,133;275,2;340;0,289352;0,289352;0;265,155;;-7,76524
2523;0,5;140;292,839;265,198;275,2;340;0,289352;0,289352;0;265,172;;-7,76524
2524;0,5;140;292,708;265,227;275,2;340;0,289352;0,289352;0;265,196;;-7,76524
2525;0,5;140;292,708;265,213;275,2;340;0,289352;0,289352;0;265,22;;-7,76524
2526;0,5;139;292,839;265,184;275,2;340;0,289352;0,289352;0;265,243;;-7,76524
2527;0,5;140;292,954;265,169;275,2;340;0,289352;0,289352;0;265,276;;-7,76524
2528;0,5;140;292,954;265,14;275,2;340;0,289352;0,289352;0;265,302;;-7,76524
2529;0,5;140;292,766;265,155;275,2;340;0,289352;0,289352;0;265,33;;-7,76524
2530;0,5;140;292,679;265,242;275,2;340;0,289352;0,289352;0;265,361;;-7,76524
2531;0,5;140;292,694;265,22;275,2;340;0,289352;0,289352;0;265,388;;-7,76524
2532;0,5;140;292,853;265,205;275,2;340;0,289352;0,289352;0;265,421;;-7,76524
2533;0,5;139;292,954;265,299;275,2;340;0,289352;0,289352;0;265,477;;-7,76524
2534;0,5;140;293,519;265,524;275,2;340;0,289352;0,289352;0;265,546;;-7,76524
2535;0,5;139;292,998;265,509;275,2;340;0,289352;0,289352;0;265,585;;-7,76524
2536;0,5;139;292,94;265,495;275,2;340;0,289352;0,289352;0;265,633;;-7,76524
2537;0,5;139;292,969;265,538;275,2;340;0,289352;0,289352;0;265,697;;-7,76524
2538;0,5;139;293,041;265,567;275,2;340;0,289352;0,289352;0;265,76;;-7,76524
2539;0,5;140;293,084;265,553;275,2;340;0,289352;0,289352;0;265,813;;-7,76524
2540;0,5;140;293,157;265,545;275,2;340;0,289352;0,289352;0;265,868;;-7,76524
2541;0,5;139;293,186;265,502;275,2;340;0,289352;0,289352;0;265,93;;-7,76524
2542;0,5;140;293,142;265,488;275,2;340;0,289352;0,289352;0;265,991;;-7,76524
2543;0,5;139;293,027;265,451;275,2;340;0,289352;0,289352;0;266,031;;-7,76524
2544;0,5;139;292,925;265,451;275,2;340;0,289352;0,289352;0;266,081;;-7,76524
2545;0,5;141;293,432;265,524;275,2;340;0,289352;0,289352;0;266,135;;-7,76524
2546;0,5;139;293,504;265,755;275,2;340;0,289352;0,289352;0;266,179;;-7,76524
2547;0,5;140;293,562;265,741;275,2;340;0,289352;0,289352;0;266,228;;-7,76524
2548;0,5;140;293,634;265,719;275,2;340;0,289352;0,289352;0;266,274;;-7,76524
2549;0,5;139;293,2;265,712;275,2;340;0,289352;0,289352;0;266,333;;-7,76524
2550;0,5;139;293,62;265,683;275,2;340;0,289352;0,289352;-0,4608;266,384;;-7,76524
2551;0,5;140;293,49;265,661;275,2;340;0,289352;0,289352;-6,7072;266,431;;-7,76524
2552;0,5;139;293,388;265,676;275,2;340;0,289352;0,289352;-10;266,478;;-7,76524
2553;0,5;140;293,302;265,741;275,2;340;0,289352;0,289352;-10;266,519;;-7,76524
2554;0,5;139;293,764;265,748;275,2;340;0,289352;0,289352;-10;266,545;;-7,76524
2555;0,5;140;293,88;265,726;275,2;340;0,289352;0,289352;-10;266,579;;-7,76524
2556;0,5;140;293,895;266,095;275,2;340;0,289352;0,289352;-7,9328;266,587;;-7,76524
2557;0,5;140;293,938;266,052;275,2;340;0,144676;0,289352;0;266,592;;-7,76524
2558;0,5;140;293,924;266,037;275,2;340;0,289352;0,289352;0;266,619;;-7,76524
2559;0,5;140;293,793;265,835;275,2;340;0,289352;0,289352;0;266,631;;-7,76524
2560;0,5;140;293,663;266,066;275,2;340;0,289352;0,289352;0;266,638;;-7,76524
2561;0,5;139;293,779;266,117;275,2;340;0,289352;0,289352;0;266,648;;-7,76524
2562;0,5;139;294,488;266,124;275,2;340;0,289352;0,289352;0;266,654;;-7,76524
2563;0,5;139;294,488;266,11;275,2;340;0,289352;0,289352;0;266,661;;-7,76524
2564;0,5;139;294,416;266,088;275,2;340;0,289352;0,289352;0;266,674;;-7,76524
2565;0,5;139;294,343;266,088;275,2;340;0,289352;0,289352;0;266,689;;-7,76524
2566;0,5;139;294,198;266,052;275,2;340;0,289352;0,289352;0;266,702;;-7,76524
2567;0,5;139;294,068;266,052;275,2;340;0,289352;0,289352;0;266,714;;-7,76524
2568;0,5;139;294,792;266,211;275,2;340;0,289352;0,289352;0;266,724;;-7,76524
2569;0,5;139;294,907;266,247;275,2;340;0,289352;0,289352;0;266,733;;-7,76524
2570;0,5;139;294,994;266,262;275,2;340;0,289352;0,289352;0;266,741;;-7,76524
2571;0,5;139;294,965;266,24;275,2;340;0,289352;0,289352;0;266,748;;-7,76524
2572;0,5;139;294,85;266,218;275,2;340;0,289352;0,289352;0;266,757;;-7,76524
2573;0,5;139;295,052;266,168;275,2;340;0,289352;0,289352;0;266,769;;-7,76524
2574;0,5;139;295,587;266,196;275,2;340;0,289352;0,289352;0;266,784;;-7,76524
2575;0,5;139;295,718;266,24;275,2;340;0,289352;0,289352;0;266,797;;-7,76524
2576;0,5;139;295,775;266,493;275,2;340;0,289352;0,289352;0;266,809;;-7,76524
2577;0,5;139;295,79;266,493;275,2;340;0,144676;0,289352;0;266,82;;-7,76524
2578;0,5;139;295,703;266,493;275,2;340;0,144676;0,289352;0;266,833;;-7,76524
2579;0,5;139;295,616;266,493;275,2;340;0,289352;0,289352;0;266,849;;-7,76524
2580;0,5;139;295,53;266,464;275,2;340;0,144676;0,289352;0;266,866;;-7,76524
2581;0,5;139;295,501;266,508;275,2;340;0,144676;0,289352;0;266,881;;-7,76524
2582;0,5;139;295,978;266,508;275,2;340;0,289352;0,289352;0;266,9;;-7,76524
2583;0,5;139;296,007;266,565;275,2;340;0,289352;0,289352;0;266,923;;-7,76524
2584;0,5;139;295,992;266,522;275,2;340;0,289352;0,289352;0;266,944;;-7,76524
2585;0,5;138;295,906;266,732;275,2;340;0,289352;0,289352;0;266,966;;-7,76524
2586;0,5;139;295,79;266,71;275,2;340;0,289352;0,289352;0;266,99;;-7,76524
2587;0,5;139;295,775;266,688;275,2;340;0,289352;0,289352;0;267,014;;-7,76524
2588;0,5;139;295,906;266,688;275,2;340;0,289352;0,289352;0;267,04;;-7,76524
2589;0,5;139;295,935;266,71;275,2;340;0,289352;0,289352;0;267,071;;-7,76524
2590;0,5;139;296,513;266,775;275,2;340;0,289352;0,289352;0;267,099;;-7,76524
2591;0,5;139;296,441;266,753;275,2;340;0,289352;0,289352;0;267,135;;-7,76524
2592;0,5;139;296,383;266,739;275,2;340;0,289352;0,289352;0;267,165;;-7,76524
2593;0,5;139;296,369;266,753;275,2;340;0,289352;0,289352;0;267,194;;-7,76524
2594;0,5;139;296,354;266,819;275,2;340;0,144676;0,289352;0;267,229;;-7,76524
2595;0,5;139;296,427;266,797;275,2;340;0,144676;0,289352;0;267,267;;-7,76524
2596;0,5;139;296,513;266,833;275,2;340;0,144676;0,289352;0;267,305;;-7,76524
2597;0,5;139;296,615;266,898;275,2;340;0,144676;0,289352;0;267,339;;-7,76524
2598;0,5;139;297,049;267,151;275,2;340;0,289352;0,289352;0;267,377;;-7,76524
2599;0,5;139;296,976;267,122;275,2;340;0,289352;0,289352;0;267,413;;-7,76524
2600;0,5;140;296,875;267,086;275,2;340;0,144676;0,289352;0;267,447;;-7,76524
2601;0,5;139;296,788;267,209;275,2;340;0,144676;0,289352;0;267,484;;-7,76524
2602;0,5;140;296,817;267,231;275,2;340;0,144676;0,144676;0;267,52;;-7,76524
2603;0,5;138;296,918;267,289;275,2;340;0,144676;0,144676;0;267,552;;-7,76524
2604;0,5;139;297,005;267,296;275,2;340;0,144676;0,144676;0;267,592;;-7,76524
2605;0,5;138;297,063;267,267;275,2;340;0,289352;0,144676;0;267,627;;-7,76524
2606;0,5;139;296,991;267,245;275,2;340;0,289352;0,144676;0;267,661;;-7,76524
2607;0,5;139;296,991;267,238;275,2;340;0,144676;0,144676;0;267,7;;-7,76524
2608;0,5;140;296,803;267,6;275,2;340;0,144676;0,144676;0;267,734;;-7,76524
2609;0,5;139;297,28;267,6;275,2;340;0,289352;0,144676;0;267,773;;-7,76524
2610;0,5;139;297,251;267,658;275,2;340;0,289352;0,144676;0;267,81;;-7,76524
2611;0,5;139;297,468;267,672;275,2;340;0,144676;0,144676;0;267,843;;-7,76524
2612;0,5;139;297,483;267,658;275,2;340;0,144676;0,144676;0;267,877;;-7,76524
2613;0,5;139;297,555;267,636;275,2;340;0,289352;0,144676;0;267,915;;-7,76524
2614;0,5;140;297,468;267,622;275,2;340;0,289352;0,144676;0;267,953;;-7,76524
2615;0,5;140;297,367;267,593;275,2;340;0,289352;0,144676;0;267,99;;-7,76524
2616;0,5;140;297,873;267,73;275,2;340;0,144676;0,144676;0;268,026;;-7,76524
2617;0,5;139;297,873;267,759;275,2;340;0,144676;0,289352;0;268,059;;-7,76524
2618;0,5;140;297,902;267,788;275,2;340;0,144676;0,144676;0;268,098;;-7,76524
2619;0,5;140;297,975;267,773;275,2;340;0,144676;0,144676;0;268,138;;-7,76524
2620;0,5;139;298,105;267,752;275,2;340;0,144676;0,144676;0;268,188;;-7,76524
2621;0,5;139;298,061;267,73;275,2;340;0,289352;0,144676;0;268,237;;-7,76524
2622;0,5;139;297,931;267,716;275,2;340;0,144676;0,144676;0;268,278;;-7,76524
2623;0,5;139;297,83;267,962;275,2;340;0,144676;0,144676;0;268,317;;-7,76524
2624;0,5;139;297,873;268,012;275,2;340;0,144676;0,144676;0;268,365;;-7,76524
2625;0,5;139;298,77;268,019;275,2;340;0,144676;0,144676;0;268,407;;-7,76524
2626;0,5;138;298,843;268,019;275,2;340;0,289352;0,144676;0;268,453;;-7,76524
2627;0,5;139;298,843;267,99;275,2;340;0,144676;0,144676;0;268,497;;-7,76524
2628;0,5;140;298,799;267,998;275,2;340;0,144676;0,144676;0;268,545;;-7,76524
2629;0,5;139;298,785;268,229;275,2;340;0,289352;0,144676;0;268,592;;-7,76524
2630;0,5;139;298,727;268,229;275,2;340;0,289352;0,144676;0;268,638;;-7,76524
2631;0,5;139;298,683;268,273;275,2;340;0,144676;0,144676;0;268,688;;-7,76524
2632;0,5;139;298,828;268,273;275,2;340;0,144676;0,144676;0;268,735;;-7,76524
2633;0,5;139;298,843;268,294;275,2;340;0,144676;0,289352;0;268,78;;-7,76524
2634;0,5;139;298,973;268,28;275,2;340;0,144676;0,144676;0;268,827;;-7,76524
2635;0,5;139;299,117;268,374;275,2;340;0,144676;0,144676;0;268,873;;-7,76524
2636;0,5;138;299,045;268,345;275,2;340;0,289352;0,144676;0;268,921;;-7,76524
2637;0,5;139;298,929;268,33;275,2;340;0,144676;0,144676;0;268,973;;-7,76524
2638;0,5;139;298,857;268,374;275,2;340;0,144676;0,144676;0;269,017;;-7,76524
2639;0,5;139;299,378;268,41;275,2;340;0,144676;0,144676;0;269,068;;-7,76524
2640;0,5;139;299,479;268,396;275,2;340;0,144676;0,144676;0;269,1;;-7,76524
2641;0,5;139;299,624;268,779;275,2;340;0,289352;0,144676;0;269,147;;-7,76524
2642;0,5;139;299,711;268,757;275,2;340;0,144676;0,144676;0;269,191;;-7,76524
2643;0,5;139;299,783;268,743;275,2;340;0,289352;0,289352;0;269,239;;-7,76524
2644;0,5;139;299,306;268,764;275,2;340;0,144676;0,289352;0;269,28;;-7,76524
2645;0,5;138;299,653;268,793;275,2;340;0,289352;0,289352;0;269,319;;-7,76524
2646;0,5;139;299,117;268,801;275,2;340;0,144676;0,289352;0;269,358;;-7,76524
2647;0,5;139;299,074;269,083;275,2;340;0,289352;0,289352;0;269,402;;2651,3
2648;0,5;140;299,089;269,076;270,1;340;0,144676;0,289352;0;269,443;;2607,21
2649;0,5;140;299,132;269,054;270,1;340;0,144676;0,289352;0;269,481;;2607,21
2650;0,5;139;300;269,032;270,1;340;0,144676;0,289352;0;269,523;;2607,21
2651;0,5;137;300,087;269,09;270,1;340;0,289352;0,289352;0;269,563;;2607,21
2652;0,5;138;300,101;269,3;275,2;340;0,144676;0,289352;0;269,601;;2607,21
2653;0,5;135;300,014;269,278;270,1;340;0,289352;0,289352;0;269,647;;2607,21
2654;0,5;122;299,942;269,264;270,1;340;0,144676;0,289352;0;269,692;;2607,21
2655;0,5;122;299,841;269,242;270,1;340;0,289352;0,289352;0;269,735;;2607,21
2656;0,5;122;299,913;269,452;270,1;340;0,144676;0,144676;0;269,776;;2607,21
2657;0,5;121;300,26;269,444;270,1;340;0,144676;0,144676;0;269,822;;2607,21
2658;0,5;115;300,333;269,524;270,1;340;0,289352;0,289352;0;269,869;;2607,21
2659;0,5;95;300,362;269,524;270,1;340;0,144676;0,144676;0;269,915;;2607,21
2660;0,5;83;300,318;269,821;270,1;340;0,289352;0,144676;0;269,964;;2607,21
2661;0,5;71;300,275;269,799;270,1;340;0,144676;0,289352;0;270,013;;2607,21
2662;0,5;0;300,203;269,784;270,1;340;0,144676;0,289352;0;270,085;;2607,21
2663;0,5;0;300,159;269,77;270,1;340;0,289352;0,289352;0;270,149;;2607,21
2664;0,5;0;300,159;269,763;270,1;340;0,144676;0,289352;0;270,2;;2607,21
2665;0,5;0;300,26;269,915;270,1;340;0,144676;0,289352;0;270,246;;2607,21
2666;0,5;0;300,043;270,218;270,1;340;0,144676;0,289352;0;270,297;;2607,21
2667;0,5;0;300,13;269,965;270,1;340;0,144676;0,289352;0;270,357;;2607,21
2668;0,5;0;299,45;270,197;270,1;340;0,144676;0,289352;0;270,41;;2607,21
2669;0,5;0;299,349;270,175;270,1;340;0,144676;0,289352;0;270,466;;2607,21
2670;0,5;0;298,872;270,284;270,1;340;0,144676;0,289352;0;270,529;;2607,21
2671;0,5;0;298,177;270,269;270,1;340;0,144676;0,289352;0;270,592;;2607,21
2672;0,5;0;298,22;270,262;270,1;340;0,144676;0,289352;0;270,656;;2607,21
2673;0,5;0;297,931;270,312;270,1;340;0,144676;0,289352;0;270,727;;2607,21
2674;0,5;0;297,323;270,681;270,1;340;0,144676;0,289352;0;270,795;;2607,21
2675;0,5;0;297,034;270,645;270,1;340;0,144676;0,289352;0;270,867;;2607,21
2676;0,5;0;296,427;270,414;270,1;340;0,289352;0,289352;0;270,942;;2607,21
2677;0,5;0;296,036;270,573;270,1;340;0,144676;0,144676;0;271,017;;2607,21
2678;0,5;0;295,732;270,609;270,1;340;0,144676;0,144676;0;271,089;;2607,21
2679;0,5;0;295,573;270,551;270,1;340;0,144676;0,144676;0;271,164;;2607,21
2680;0,5;0;294,922;270,804;270,1;340;0,144676;0,289352;0;271,239;;2607,21
2681;0,5;0;294,676;270,848;270,1;340;0,289352;0,144676;0;271,317;;2607,21
2682;0,5;0;293,909;270,848;270,1;340;0,144676;0,144676;0;271,394;;2607,21
2683;0,5;0;293,793;270,826;270,1;340;0,289352;0,144676;0;271,471;;2607,21
2684;0,5;0;293,374;270,812;270,1;340;0,144676;0,144676;0;271,545;;2607,21
2685;0,5;0;292,679;270,804;270,1;340;0,144676;0,144676;0;271,616;;2607,21
2686;0,5;0;291,999;271,014;270,1;340;0,144676;0,289352;0;271,685;;2607,21
2687;0,5;0;292,159;271,014;270,1;340;0,144676;0,144676;0;271,757;;2607,21
2688;0,5;0;291,855;271,195;270,1;340;0,144676;0,144676;0;271,828;;2607,21
2689;0,5;0;291,102;271,043;270,1;340;0,144676;0,144676;0;271,901;;2607,21
2690;0,5;0;290,741;271,007;270,1;340;0,144676;0,144676;0;271,973;;2607,21
2691;0,5;0;290,668;271;270,1;340;0,144676;0,144676;0;272,059;;2607,21
2692;0,5;0;289,931;271,289;270,1;340;0,144676;0,144676;0;272,117;;2607,21
2693;0,5;0;289,641;271,275;270,1;340;0,289352;0,144676;0;272,177;;2607,21
2694;0,5;0;289,728;271,289;270,1;340;0,144676;0,144676;0;272,223;;2607,21
2695;0,5;0;289,062;271,383;270,1;340;0,289352;0,144676;0;272,28;;2607,21
2696;0,5;0;288,86;271,354;270,1;340;0,144676;0,144676;0;272,339;;2607,21
2697;0,5;0;288,238;271,492;270,1;340;0,144676;0,144676;0;272,384;;2607,21
2698;0,5;0;288,223;271,723;270,1;340;0,289352;0,144676;0;272,45;;2607,21
2699;0,5;0;287,558;271,709;270,1;340;0,289352;0,144676;0;272,494;;2607,21
2700;0,5;0;286,878;271,455;270,1;340;0,144676;0,289352;0;272,54;;2607,21
2701;0,5;0;287,08;271,709;270,1;340;0,289352;0,289352;0;272,592;;2607,21
2702;0,5;0;286,69;271,752;270,1;340;0,289352;2,60417;0;272,644;;2607,21
2703;0,5;0;286,777;271,752;270,1;340;103,877;87,963;0;272,687;;2607,21
2704;0,5;3;286,256;271,853;270,1;340;184,317;172,888;0;272,77;;2607,21
2705;0,5;0;285,778;271,846;270,1;340;234,664;240,307;0;272,759;;2607,21
2706;0,5;0;285,648;271,832;270,1;340;266,638;269,387;0;272,809;;2607,21
2707;0,5;0;284,896;271,817;270,1;340;286,169;287,471;0;272,855;;2607,21
2708;0,5;0;284,954;271,81;270,1;340;300,926;298,177;0;272,905;;2607,21
2709;0,5;0;284,635;271,817;270,1;340;307,147;306,568;0;272,952;;2607,21
2710;0,5;0;284,722;272,258;270,1;340;310,764;309,751;0;273,003;;2607,21
2711;0,5;0;284,23;272,258;270,1;340;312,066;310,764;0;273,051;;2607,21
2712;0,5;0;284,115;272,258;270,1;340;311,487;310,33;0;273,101;;2607,21
2713;0,5;0;283,492;272,237;270,1;340;310,909;309,896;0;273,146;;2607,21
2714;0,5;0;283,521;272,229;270,1;340;310,04;308,883;0;273,197;;2607,21
2715;0,5;0;283,637;272,222;270,1;340;308,738;307,436;0;273,245;;2607,21
2716;0,5;0;283,044;272,309;270,1;340;306,713;305,99;0;273,293;;2607,21
2717;0,5;0;283,116;272,352;270,1;340;305,266;304,688;0;273,34;;2607,21
2718;0,5;0;282,682;272,396;270,1;340;303,53;302,228;0;273,38;;2607,21
2719;0,5;0;282,538;272,367;270,1;340;301,794;300,347;0;273,427;;2607,21
2720;0,5;0;282,451;272,352;270,1;340;299,479;298,756;0;273,469;;2607,21
2721;0,5;0;281,829;272,367;270,1;340;298,177;297,309;0;273,506;;2607,21
2722;0,5;0;281,901;272,36;270,1;340;297,454;296,441;0;273,547;;2607,21
2723;0,5;0;281,916;272,714;270,1;340;297,598;296,875;0;273,587;;2607,21
2724;0,5;0;281,655;272,692;270,1;340;300,058;299,913;0;273,623;;2607,21
2725;0,5;0;281,655;272,584;270,1;340;304,253;303,241;0;273,626;;2607,21
2726;0,5;0;281,539;272,613;270,1;340;307,581;306,713;0;273,623;;2607,21
2727;0,5;0;281,453;272,62;270,1;340;309,896;309,317;0;273,624;;2607,21
2728;0,5;0;281,207;272,627;270,1;340;309,607;308,594;0;273,625;;2607,21
2729;0,5;0;281,264;272,859;270,1;340;308,449;307,436;0;273,631;;2607,21
2730;0,5;0;281,322;272,844;270,1;340;307,436;306,568;0;273,638;;2607,21
2731;0,5;0;281,38;272,837;270,1;340;307,292;306,279;0;273,645;;2607,21
2732;0,5;0;281,409;272,844;270,1;340;308,594;307,581;0;273,651;;2607,21
2733;0,5;0;281,366;272,888;270,1;340;310,909;309,896;0;273,657;;2607,21
2734;0,5;0;280,541;272,888;270,1;340;312,211;310,764;0;273,662;;2607,21
2735;0,5;0;280,425;273,257;270,1;340;312,5;311,053;0;273,668;;2607,21
2736;0,5;0;280,411;273,213;270,1;340;312,5;311,343;0;273,683;;2607,21
2737;0,5;0;280,483;273,22;270,1;340;312,789;311,632;0;273,696;;2607,21
2738;0,5;0;280,599;272,975;270,1;340;313,368;312,211;0;273,708;;2607,21
2739;0,5;0;280,657;272,996;270,1;340;314,091;312,645;0;273,718;;2607,21
2740;0,5;0;280,223;273,04;270,1;340;314,815;313,802;0;273,727;;2607,21
2741;0,5;0;280,179;273,394;270,1;340;315,538;314,525;0;273,746;;2607,21
2742;0,5;0;280,122;273,372;270,1;340;316,551;315,249;0;273,76;;2607,21
2743;0,5;0;280,064;273,372;270,1;340;317,274;316,117;0;273,777;;2607,21
2744;0,5;0;280,02;273,365;270,1;340;317,853;316,696;0;273,791;;2607,21
2745;0,5;0;280,194;273,358;270,1;340;318,287;317,13;0;273,806;;2607,21
2746;0,5;0;280,266;273,358;270,1;340;318,866;317,708;0;273,825;;2607,21
2747;0,5;0;280,078;273,416;270,1;340;319,155;317,998;0;273,842;;2607,21
2748;0,5;0;280,396;273,589;270,1;340;292,535;275,318;0;273,86;;2607,21
2749;0,5;0;279,572;273,763;270,1;340;191,406;176,939;0;273,876;;2607,21
2750;0,5;0;279,456;273,611;270,1;340;120,37;111,4;0;273,889;;2607,21
2751;0,5;0;279,384;273,56;270,1;340;65,1042;70,0231;0;273,902;;2607,21
2752;0,5;0;279,442;273,589;270,1;340;41,088;44,2708;0;273,913;;2607,21
2753;0,5;0;279,528;273,604;270,1;340;25,897;27,9225;0;273,924;;2607,21
2754;0,5;0;279,615;273,618;270,1;340;16,3484;15,191;0;273,936;;2607,21
2755;0,5;0;279,572;273,893;270,1;340;10,4167;9,69329;0;273,954;;2607,21
2756;0,5;0;279,47;273,886;270,1;340;5,78704;6,07639;0;273,969;;2607,21
2757;0,5;0;278,646;273,879;270,1;340;3,76157;3,90625;0;273,985;;2607,21
2758;0,5;0;278,617;273,872;270,1;340;2,45949;2,31481;0;273,998;;2607,21
2759;0,5;0;279,282;273,864;270,1;340;1,73611;1,59144;0;274,01;;2607,21
2760;0,5;0;278,776;273,864;270,1;340;1,01273;1,01273;0;274,022;;2607,21
2761;0,5;0;279,384;273,9;270,1;340;0,72338;0,72338;0;274,03;;2607,21
2762;0,5;0;278,979;273,908;270,1;340;0,578704;0,578704;0;274,048;;2607,21
2763;0,5;0;278,906;273,9;270,1;340;0,434028;0,434028;0;274,065;;2607,21
2764;0,5;0;278,848;273,893;270,1;340;0,434028;0,289352;0;274,081;;2607,21
2765;0,5;0;278,414;273,879;270,1;340;0,289352;0,289352;0;274,095;;2607,21
2766;0,5;0;278,342;273,872;270,1;340;0,289352;0,289352;0;274,107;;2607,21
2767;0,5;0;278,414;273,864;270,1;340;0,289352;0,289352;0;274,119;;2607,21
2768;0,5;0;278,501;273,886;270,1;340;0,144676;0,289352;0;274,139;;2607,21
2769;0,5;0;278,602;273,9;270,1;340;0,144676;0,289352;0;274,157;;2607,21
2770;0,5;0;278,053;273,9;270,1;340;0,289352;0,144676;0;274,174;;2607,21
2771;0,5;0;277,966;273,886;270,1;340;0,144676;0,144676;0;274,188;;2607,21
2772;0,5;0;278,111;273,879;270,1;340;0,289352;0,144676;0;274,208;;2607,21
2773;0,5;0;278,082;273,864;270,1;340;0,289352;0,144676;0;274,23;;2607,21
2774;0,5;0;278,082;273,879;270,1;340;0,144676;0,144676;0;274,249;;2607,21
2775;0,5;0;278,139;274,284;270,1;340;0,289352;0,144676;0;274,267;;2607,21
2776;0,5;0;278,183;274,284;270,1;340;0,144676;0,144676;0;274,283;;2607,21
2777;0,5;0;277,59;274,284;270,1;340;0,144676;0,289352;0;274,303;;2607,21
2778;0,5;0;277,604;274,255;270,1;340;0,289352;0,144676;0;274,325;;2607,21
2779;0,5;0;277,416;273,987;270,1;340;0,144676;0,144676;0;274,344;;2607,21
2780;0,5;0;277,387;274,255;270,1;340;0,289352;0,289352;0;274,362;;2607,21
2781;0,5;0;277,387;274,002;270,1;340;0,289352;0,289352;0;274,378;;2607,21
2782;0,5;0;277,474;274,031;270,1;340;0,289352;0,289352;0;274,392;;2607,21
2783;0,5;0;277,503;274,023;270,1;340;0,289352;0,289352;0;274,404;;2607,21
2784;0,5;0;277,575;274,023;270,1;340;0,144676;0,289352;0;274,414;;2607,21
2785;0,5;0;277,445;274,009;270,1;340;0,144676;0,144676;0;274,425;;2607,21
2786;0,5;0;277,329;274,009;270,1;340;0,144676;0,144676;0;274,432;;2607,21
2787;0,5;0;277,373;274,175;270,1;340;0,144676;0,144676;0;274,443;;2607,21
2788;0,5;0;277,098;274,045;270,1;340;0,144676;0,144676;0;274,449;;2607,21
2789;0,5;0;276,751;274,204;270,1;340;0,289352;0,289352;0;274,455;;2607,21
2790;0,5;0;276,78;274,175;270,1;340;0,144676;0,144676;0;274,46;;2607,21
2791;0,5;0;276,707;274,168;270,1;340;0,144676;0,144676;0;274,465;;2607,21
2792;0,5;0;276,591;274,139;270,1;340;0,144676;0,289352;0;274,468;;2607,21
2793;0,5;0;276,534;274,117;270,1;340;0,144676;0,144676;0;274,472;;2607,21
2794;0,5;0;276,534;274,117;270,1;340;0,289352;0,144676;0;274,475;;2607,21
2795;0,5;0;276,591;274,125;270,1;340;0,289352;0,144676;0;274,478;;2607,21
2796;0,5;0;276,664;274,125;270,1;340;0,144676;0,144676;0;274,48;;2607,21
2797;0,5;0;276,722;274,103;270,1;340;0,289352;0,144676;0;274,483;;2607,21
2798;0,5;0;276,794;274,074;270,1;340;0,289352;0,144676;0;274,485;;2607,21
2799;0,5;0;276,837;274,045;270,1;340;0,144676;0,144676;0;274,486;;2607,21
2800;0,5;0;276,837;274,023;270,1;340;0,144676;0,144676;0;274,488;;2607,21
2801;0,5;0;276,722;274,356;270,1;340;0,289352;0,289352;0;274,489;;2607,21
2802;0,5;0;276,649;274,385;270,1;340;0,144676;0,289352;0;274,491;;2607,21
2803;0,5;0;276,664;274,4;270,1;340;0,289352;0,144676;0;274,491;;2607,21
2804;0,5;0;276,374;274,385;270,1;340;0,144676;0,144676;0;274,492;;2607,21
2805;0,5;0;276,432;274,378;270,1;340;0,144676;0,289352;0;274,493;;2607,21
2806;0,5;0;276,548;274,371;270,1;340;0,289352;0,289352;0;274,497;;2607,21
2807;0,5;0;276,548;274,363;270,1;340;0,144676;0,289352;0;274,499;;2607,21
2808;0,5;0;276,345;274,385;270,1;340;0,289352;0,289352;0;274,499;;2607,21
2809;0,5;0;276,302;274,407;270,1;340;0,144676;0,289352;0;274,505;;2607,21
2810;0,5;0;276,389;274,4;270,1;340;0,289352;0,289352;0;274,509;;2607,21
2811;0,5;0;276,461;274,392;270,1;340;0,289352;0,144676;0;274,514;;2607,21
2812;0,5;0;276,534;274,378;270,1;340;0,144676;0,144676;0;274,515;;2607,21
2813;0,5;0;276,534;274,371;270,1;340;0,144676;0,289352;0;274,513;;2607,21
2814;0,5;0;276,403;274,363;270,1;340;0,289352;0,289352;0;274,512;;2607,21
2815;0,5;0;276,302;274,378;270,1;340;0,144676;0,289352;0;274,511;;2607,21
2816;0,5;0;276,36;274,4;270,1;340;0,289352;0,289352;0;274,509;;2607,21
2817;0,5;0;276,447;274,392;270,1;340;0,289352;0,289352;0;274,508;;2607,21
2818;0,5;0;276,519;274,385;270,1;340;0,144676;0,289352;0;274,508;;2607,21
2819;0,5;0;276,548;274,378;270,1;340;0,289352;0,289352;0;274,505;;2607,21
2820;0,5;0;275,709;274,363;270,1;340;0,289352;0,289352;0;274,503;;2607,21
2821;0,5;0;275,608;274,363;270,1;340;0,144676;0,289352;0;274,493;;2607,21
2822;0,5;0;275,521;274,363;270,1;340;0,289352;0,289352;0;274,483;;2607,21
2823;0,5;0;275,535;274,392;270,1;340;0,144676;0,289352;0;274,474;;2607,21
2824;0,5;0;276,186;274,407;270,1;340;0,144676;0,144676;0;274,465;;2607,21
2825;0,5;0;276,288;274,392;270,1;340;0,289352;0,289352;0;274,458;;2607,21
2826;0,5;0;276,317;274,385;270,1;340;0,144676;0,289352;0;274,452;;2607,21
2827;0,5;0;276,215;274,378;270,1;340;0,289352;0,289352;0;274,442;;2607,21
2828;0,5;0;276,1;274,371;270,1;340;0,144676;0,289352;0;274,426;;2607,21
2829;0,5;0;276,027;274,385;270,1;340;0,289352;0,289352;0;274,411;;2607,21
2830;0,5;0;276,027;274,407;270,1;340;0,289352;0,289352;0;274,398;;2607,21
2831;0,5;0;276,042;274,414;270,1;340;0,144676;0,289352;0;274,387;;2607,21
2832;0,5;0;276,071;274,407;270,1;340;0,289352;0,289352;0;274,377;;2607,21
2833;0,5;0;275,448;274,392;270,1;340;0,144676;0,289352;0;274,368;;2607,21
2834;0,5;0;275,477;274,385;270,1;340;0,289352;0,289352;0;274,358;;2607,21
2835;0,5;0;275,275;274,349;270,1;340;0,289352;0,289352;0;274,342;;2607,21
2836;0,5;0;275,318;274,414;270,1;340;0,289352;0,289352;0;274,331;;2607,21
2837;0,5;0;275,391;274,436;270,1;340;0,144676;0,289352;0;274,319;;2607,21
2838;0,5;0;275,42;274,392;270,1;340;0,289352;0,289352;0;274,305;;2607,21
2839;0,5;0;275,492;274,385;270,1;340;0,144676;0,289352;0;274,293;;2607,21
2840;0,5;0;275,521;274,414;270,1;340;0,144676;0,289352;0;274,283;;2607,21
2841;0,5;0;275,391;274,4;270,1;340;0,144676;0,289352;0;274,273;;2607,21
2842;0,5;0;275,333;274,385;270,1;340;0,144676;0,289352;0;274,265;;2607,21
2843;0,5;0;275,304;274,371;270,1;340;0,144676;0,289352;0;274,258;;2607,21
2844;0,5;0;275,42;274,812;270,1;340;0,144676;0,289352;0;274,251;;2607,21
2845;0,5;0;275,477;274,588;270,1;340;0,144676;0,289352;0;274,245;;2607,21
2846;0,5;0;275,492;274,797;270,1;340;0,144676;0,289352;0;274,24;;2607,21
2847;0,5;0;275,362;274,776;270,1;340;0,144676;0,289352;0;274,236;;2607,21
2848;0,5;0;274,624;274,754;270,1;340;0,289352;0,289352;0;274,231;;2607,21
2849;0,5;0;274,638;274,74;270,1;340;0,289352;0,289352;0;274,225;;2607,21
2850;0,5;0;275,072;274,646;270,1;340;0,289352;0,289352;0;274,219;;2607,21
2851;0,5;0;274,754;274,776;270,1;340;0,144676;0,289352;0;274,211;;2607,21
2852;0,5;0;275,203;274,703;270,1;340;0,289352;0,289352;0;274,199;;2607,21
2853;0,5;0;274,812;274,747;270,1;340;0,289352;0,434028;0;274,188;;2607,21
2854;0,5;0;275,275;274,4;270,1;340;0,144676;0,289352;0;274,178;;2607,21
2855;0,5;0;274,624;274,407;270,1;340;0,144676;0,289352;0;274,17;;2607,21
2856;0,5;0;274,523;274,356;270,1;340;0,144676;0,289352;0;274,162;;2607,21
2857;0,5;0;274,523;274,682;270,1;340;0,289352;0,289352;0;274,156;;2607,21
2858;0,5;0;274,58;274,703;270,1;340;0,144676;0,289352;0;274,15;;2607,21
2859;0,5;0;275,188;274,718;270,1;340;0,144676;0,289352;0;274,145;;2607,21
2860;0,5;0;275,246;274,711;270,1;340;0,144676;0,289352;0;274,14;;2607,21
2861;0,5;0;275,275;274,689;270,1;340;0,144676;0,289352;0;274,136;;2607,21
2862;0,5;0;275,231;274,696;270,1;340;0,289352;0,289352;0;274,132;;2607,21
2863;0,5;0;275,145;274,667;270,1;340;0,144676;0,289352;0;274,129;;2607,21
2864;0,5;0;274,609;274,761;270,1;340;0,289352;0,289352;0;274,126;;2607,21
2865;0,5;0;274,609;274,769;270,1;340;0,289352;0,289352;0;274,123;;2607,21
2866;0,5;0;274,682;274,761;270,1;340;0,144676;0,289352;0;274,121;;2607,21
2867;0,5;0;275,174;274,595;270,1;340;0,144676;0,289352;0;274,119;;2607,21
2868;0,5;0;275,231;274,58;270,1;340;0,144676;0,289352;0;274,117;;2607,21
2869;0,5;0;275,231;274,595;270,1;340;0,289352;0,289352;0;274,11;;2607,21
2870;0,5;0;274,349;274,609;270,1;340;0,144676;0,289352;0;274,109;;2607,21
2871;0,5;0;274,248;274,609;270,1;340;0,144676;0,289352;0;274,101;;2607,21
2872;0,5;0;274,306;274,609;270,1;340;0,144676;0,289352;0;274,09;;2607,21
2873;0,5;0;274,392;274,617;270,1;340;0,144676;0,289352;0;274,082;;2607,21
2874;0,5;0;274,465;274,609;270,1;340;0,289352;0,289352;0;274,073;;2607,21
2875;0,5;0;274,494;274,617;270,1;340;0,289352;0,289352;0;274,064;;2607,21
2876;0,5;0;274,363;274,609;270,1;340;0,144676;0,289352;0;274,057;;2607,21
2877;0,5;0;274,248;274,617;270,1;340;0,144676;0,289352;0;274,05;;2607,21
2878;0,5;0;274,291;274,631;270,1;340;0,289352;0,289352;0;274,045;;2607,21
2879;0,5;0;274,378;274,624;270,1;340;0,289352;0,289352;0;274,039;;2607,21
2880;0,5;0;274,45;274,617;270,1;340;0,289352;0,289352;0;274,035;;2607,21
2881;0,5;0;274,494;274,638;270,1;340;0,144676;0,289352;0;274,031;;2607,21
2882;0,5;0;274,378;274,689;270,1;340;0,144676;0,289352;0;274,027;;2607,21
2883;0,5;0;274,248;274,703;270,1;340;0,144676;0,289352;0;274,023;;2607,21
2884;0,5;0;274,306;274,696;270,1;340;0,289352;0,289352;0;274,019;;2607,21
2885;0,5;0;274,392;274,703;270,1;340;0,289352;0,289352;0;274,009;;2607,21
2886;0,5;0;274,479;274,718;270,1;340;0,144676;0,289352;0;273,996;;2607,21
2887;0,5;0;274,436;274,523;270,1;340;0,289352;0,289352;0;273,987;;2607,21
2888;0,5;0;274,277;274,486;270,1;340;0,289352;0,289352;0;273,977;;2607,21
2889;0,5;0;274,277;274,508;270,1;340;0,144676;0,289352;0;273,968;;2607,21
2890;0,5;0;274,349;274,53;270,1;340;0,144676;0,289352;0;273,961;;2607,21
2891;0,5;0;274,436;274,544;270,1;340;0,144676;0,289352;0;273,954;;2607,21
2892;0,5;0;274,494;274,537;270,1;340;0,144676;0,289352;0;273,948;;2607,21
2893;0,5;0;274,45;274,523;270,1;340;0,289352;0,289352;0;273,938;;2607,21
2894;0,5;0;274,306;274,537;270,1;340;0,289352;0,289352;0;273,928;;2607,21
2895;0,5;0;274,262;274,537;270,1;340;0,289352;0,289352;0;273,913;;2607,21
2896;0,5;0;274,32;274,537;270,1;340;0,289352;0,289352;0;273,9;;2607,21
2897;0,5;0;274,407;274,523;270,1;340;0,144676;0,289352;0;273,888;;2607,21
2898;0,5;0;274,465;274,552;270,1;340;0,289352;0,289352;0;273,878;;2607,21
2899;0,5;0;274,494;274,573;270,1;340;0,144676;0,289352;0;273,869;;2607,21
2900;0,5;0;274,349;274,617;270,1;340;0,144676;0,289352;0;273,861;;2607,21
2901;0,5;0;274,248;274,617;270,1;340;0,289352;0,289352;0;273,854;;2607,21
2902;0,5;0;274,334;274,638;270,1;340;0,144676;0,289352;0;273,848;;2607,21
2903;0,5;0;274,421;274,617;270,1;340;0,144676;0,289352;0;273,837;;2607,21
2904;0,5;0;274,494;274,588;270,1;340;0,144676;0,289352;0;273,824;;2607,21
2905;0,5;0;274,45;274,566;270,1;340;0,144676;0,289352;0;273,81;;2607,21
2906;0,5;0;274,291;274,523;270,1;340;0,289352;0,289352;0;273,798;;2607,21
2907;0,5;0;274,262;274,552;270,1;340;0,144676;0,289352;0;273,787;;2607,21
2908;0,5;0;274,349;274,552;270,1;340;0,289352;0,289352;0;273,777;;2607,21
2909;0,5;0;274,421;274,566;270,1;340;0,144676;0,289352;0;273,768;;2607,21
2910;0,5;0;274,494;274,559;270,1;340;0,144676;0,289352;0;273,76;;2607,21
2911;0,5;0;274,334;274,689;270,1;340;0,144676;0,289352;0;273,753;;2607,21
2912;0,5;0;274,248;274,725;270,1;340;0,289352;0,289352;0;273,745;;2607,21
2913;0,5;0;274,306;274,74;270,1;340;0,289352;0,289352;0;273,736;;2607,21
2914;0,5;0;274,392;274,725;270,1;340;0,289352;0,289352;0;273,725;;2607,21
2915;0,5;0;274,465;274,725;270,1;340;0,289352;0,289352;0;273,711;;2607,21
2916;0,5;0;274,494;274,689;270,1;340;0,144676;0,289352;0;273,699;;2607,21
2917;0,5;0;274,378;274,703;270,1;340;0,144676;0,289352;0;273,69;;2607,21
2918;0,5;0;274,262;274,718;270,1;340;0,144676;0,289352;0;273,68;;2607,21
2919;0,5;0;274,262;274,769;270,1;340;0,144676;0,289352;0;273,672;;2607,21
2920;0,5;0;274,32;274,783;270,1;340;0,144676;0,289352;0;273,667;;2607,21
2921;0,5;0;274,392;274,783;270,1;340;0,289352;0,289352;0;273,66;;2607,21
2922;0,5;0;274,465;274,776;270,1;340;0,144676;0,289352;0;273,656;;2607,21
2923;0,5;0;274,494;274,769;270,1;340;0,289352;0,289352;0;273,65;;2607,21
2924;0,5;0;274,277;274,501;270,1;340;0,144676;0,289352;0;273,645;;2607,21
2925;0,5;0;274,262;274,501;270,1;340;0,289352;0,289352;0;273,64;;2607,21
2926;0,5;0;274,277;274,718;270,1;340;0,289352;0,289352;0;273,636;;2607,21
2927;0,5;0;274,421;274,508;270,1;340;0,289352;0,289352;0;273,629;;2607,21
2928;0,5;0;274,494;274,667;270,1;340;0,144676;0,289352;0;273,623;;2607,21
2929;0,5;0;274,45;274,638;270,1;340;0,144676;0,289352;0;273,615;;2607,21
2930;0,5;0;274,291;274,66;270,1;340;0,144676;0,144676;0;273,61;;2607,21
2931;0,5;0;274,248;274,602;270,1;340;0,144676;0,289352;0;273,6;;2607,21
2932;0,5;0;274,334;274,602;270,1;340;0,144676;0,289352;0;273,597;;2607,21
2933;0,5;0;274,378;274,602;270,1;340;0,289352;0,289352;0;273,592;;2607,21
2934;0,5;0;274,494;274,58;270,1;340;0,144676;0,289352;0;273,585;;2607,21
2935;0,5;0;274,479;274,566;270,1;340;0,144676;0,289352;0;273,575;;2607,21
2936;0,5;0;274,363;274,559;270,1;340;0,289352;0,289352;0;273,566;;2607,21
2937;0,5;0;274,262;274,544;270,1;340;0,144676;0,289352;0;273,559;;2607,21
2938;0,5;0;274,262;274,617;270,1;340;0,289352;0,289352;0;273,549;;2607,21
2939;0,5;0;274,363;274,552;270,1;340;0,144676;0,289352;0;273,543;;2607,21
2940;0,5;0;274,436;274,559;270,1;340;0,289352;0,289352;0;273,538;;2607,21
2941;0,5;0;274,494;274,573;270,1;340;0,289352;0,289352;0;273,534;;2607,21
2942;0,5;0;274,45;274,566;270,1;340;0,289352;0,289352;0;273,53;;2607,21
2943;0,5;0;274,306;274,552;270,1;340;0,289352;0,289352;0;273,526;;2607,21
2944;0,5;0;274,248;274,544;270,1;340;0,289352;0,289352;0;273,523;;2607,21
2945;0,5;0;274,306;274,552;270,1;340;0,289352;0,289352;0;273,518;;2607,21
2946;0,5;0;274,378;274,523;270,1;340;0,289352;0,289352;0;273,507;;2607,21
2947;0,5;0;274,45;274,501;270,1;340;0,289352;0,289352;0;273,495;;2607,21
2948;0,5;0;274,45;274,783;270,1;340;0,144676;0,289352;0;273,484;;2607,21
2949;0,5;0;274,436;274,515;270,1;340;0,144676;0,289352;0;273,475;;2607,21
2950;0,5;0;274,248;274,79;270,1;340;0,289352;0,289352;0;273,466;;2607,21
2951;0,5;0;274,306;274,783;270,1;340;0,144676;0,289352;0;273,459;;2607,21
2952;0,5;0;274,378;274,761;270,1;340;0,144676;0,289352;0;273,452;;2607,21
2953;0,5;0;274,465;274,747;270,1;340;0,144676;0,289352;0;273,446;;2607,21
2954;0,5;0;274,494;274,74;270,1;340;0,289352;0,434028;0;273,441;;2607,21
2955;0,5;0;274,407;274,725;270,1;340;0,144676;0,289352;0;273,437;;2607,21
2956;0,5;0;274,277;274,725;270,1;340;0,144676;0,289352;0;273,433;;2607,21
2957;0,5;0;274,277;274,711;270,1;340;0,144676;0,289352;0;273,429;;2607,21
2958;0,5;0;274,349;274,711;270,1;340;0,144676;0,289352;0;273,426;;2607,21
2959;0,5;0;274,436;274,725;270,1;340;0,289352;0,289352;0;273,423;;2607,21
2960;0,5;0;274,494;274,725;270,1;340;0,144676;0,289352;0;273,412;;2607,21
2961;0,5;0;273,683;274,725;270,1;340;0,289352;0,289352;0;273,4;;2607,21
2962;0,5;0;273,611;274,385;270,1;340;0,144676;0,289352;0;273,388;;2607,21
2963;0,5;0;273,539;274,378;270,1;340;0,289352;0,289352;0;273,377;;2607,21
2964;0,5;0;273,466;274,371;270,1;340;0,144676;0,289352;0;273,368;;2607,21
2965;0,5;0;274,045;274,371;270,1;340;0,289352;0,289352;0;273,36;;2607,21
2966;0,5;0;273,524;274,349;270,1;340;0,289352;0,289352;0;273,353;;2607,21
2967;0,5;0;273,611;274,356;270,1;340;0,144676;0,289352;0;273,347;;2607,21
2968;0,5;0;273,655;274,385;270,1;340;0,144676;0,289352;0;273,342;;2607,21
2969;0,5;0;274,219;274,407;270,1;340;0,144676;0,144676;0;273,336;;2607,21
2970;0,5;0;274,146;274,4;270,1;340;0,289352;0,289352;0;273,323;;2607,21
2971;0,5;0;274,016;274,392;270,1;340;0,289352;0,289352;0;273,311;;2607,21
2972;0,5;0;273,958;274,378;270,1;340;0,289352;0,289352;0;273,298;;2607,21
2973;0,5;0;273,929;274,371;270,1;340;0,144676;0,289352;0;273,287;;2607,21
2974;0,5;0;273,987;274,378;270,1;340;0,289352;0,289352;0;273,278;;2607,21
2975;0,5;0;274,031;274,407;270,1;340;0,289352;0,289352;0;273,269;;2607,21
2976;0,5;0;274,06;274,407;270,1;340;0,289352;0,289352;0;273,261;;2607,21
2977;0,5;0;274,103;274,392;270,1;340;0,144676;0,289352;0;273,254;;2607,21
2978;0,5;0;274,103;274,385;270,1;340;0,144676;0,289352;0;273,248;;2607,21
2979;0,5;0;274,045;274,371;270,1;340;0,144676;0,289352;0;273,242;;2607,21
2980;0,5;0;273,9;274,363;270,1;340;0,144676;0,289352;0;273,232;;2607,21
2981;0,5;0;273,51;274,392;270,1;340;0,289352;0,289352;0;273,22;;2607,21
2982;0,5;0;273,828;274,414;270,1;340;0,289352;0,289352;0;273,207;;2607,21
2983;0,5;0;273,872;274,4;270,1;340;0,144676;0,289352;0;273,195;;2607,21
2984;0,5;0;274,06;274,392;270,1;340;0,144676;0,289352;0;273,184;;2607,21
2985;0,5;0;274,132;274,385;270,1;340;0,144676;0,289352;0;273,175;;2607,21
2986;0,5;0;274,074;274,378;270,1;340;0,144676;0,289352;0;273,167;;2607,21
2987;0,5;0;274,117;274,378;270,1;340;0,144676;0,289352;0;273,159;;2607,21
2988;0,5;0;274,016;274,407;270,1;340;0,144676;0,289352;0;273,153;;2607,21
2989;0,5;0;274,016;274,407;270,1;340;0,144676;0,289352;0;273,147;;2607,21
2990;0,5;0;274,031;274,4;270,1;340;0,289352;0,289352;0;273,142;;2607,21
2991;0,5;0;274,031;274,392;270,1;340;0,289352;0,289352;0;273,137;;2607,21
2992;0,5;0;274,117;274,385;270,1;340;0,289352;0,289352;0;273,133;;2607,21
2993;0,5;0;274,219;274,378;270,1;340;0,289352;0,289352;0;273,13;;2607,21
2994;0,5;0;274,248;274,371;270,1;340;0,289352;0,289352;0;273,127;;2607,21
2995;0,5;0;273,626;274,436;270,1;340;0,289352;0,289352;0;273,124;;2607,21
2996;0,5;0;273,539;274,436;270,1;340;0,144676;0,289352;0;273,121;;2607,21
2997;0,5;0;273,249;274,414;270,1;340;0,144676;0,289352;0;273,119;;2607,21
2998;nan;nan;nan;nan;nan;nan;nan;nan;nan;nan;;nan
2999;nan;nan;nan;nan;nan;nan;nan;nan;nan;nan;;nan
3000;nan;nan;nan;nan;nan;nan;nan;nan;nan;nan;;nan
3001;nan;nan;nan;nan;nan;nan;nan;nan;nan;nan;;nan
3002;nan;nan;nan;nan;nan;nan;nan;nan;nan;nan;;nan
